ISO-10303-21;
HEADER;
FILE_DESCRIPTION((''),'2;1');
FILE_NAME('10-32_SCREW_HALFINCH','2026-06-15T13:45:14',('Esia'),(''),
'CREO PARAMETRIC BY PTC INC, 2025102','CREO PARAMETRIC BY PTC INC, 2025102','');
FILE_SCHEMA((
'AP242_MANAGED_MODEL_BASED_3D_ENGINEERING_MIM_LF { 1 0 10303 442 1 1 4 }'));
ENDSEC;
DATA;
#16=DIRECTION('',(0.E0,0.E0,1.E0));
#17=VECTOR('',#16,4.04E-2);
#18=CARTESIAN_POINT('',(-6.25E-2,-3.608439182435E-2,2.601E-1));
#19=LINE('',#18,#17);
#20=DRAUGHTING_PRE_DEFINED_CURVE_FONT('continuous');
#21=CURVE_STYLE('',#20,POSITIVE_LENGTH_MEASURE(2.E-2),#3);
#22=PRESENTATION_STYLE_ASSIGNMENT((#21));
#23=STYLED_ITEM('',(#22),#19);
#24=CARTESIAN_POINT('',(0.E0,-7.216878364870E-2,3.005E-1));
#25=CARTESIAN_POINT('',(-2.438570731918E-3,-7.076087418019E-2,
2.990920905315E-1));
#26=CARTESIAN_POINT('',(-7.373251196020E-3,-6.791183508588E-2,
2.964914376629E-1));
#27=CARTESIAN_POINT('',(-1.507134069305E-2,-6.346734104252E-2,
2.933894695572E-1));
#28=CARTESIAN_POINT('',(-2.300895804703E-2,-5.888455552648E-2,
2.913443114163E-1));
#29=CARTESIAN_POINT('',(-3.107694262793E-2,-5.422650245688E-2,
2.905889084246E-1));
#30=CARTESIAN_POINT('',(-3.933671952355E-2,-4.945771804274E-2,
2.912988784893E-1));
#31=CARTESIAN_POINT('',(-4.734527626876E-2,-4.483397565008E-2,
2.933448407735E-1));
#32=CARTESIAN_POINT('',(-5.504077839115E-2,-4.039097542817E-2,
2.964402107467E-1));
#33=CARTESIAN_POINT('',(-6.002856654024E-2,-3.751127459763E-2,
2.990731172267E-1));
#34=CARTESIAN_POINT('',(-6.25E-2,-3.608439182435E-2,3.005E-1));
#36=CURVE_STYLE('',#20,POSITIVE_LENGTH_MEASURE(2.E-2),#3);
#37=PRESENTATION_STYLE_ASSIGNMENT((#36));
#38=STYLED_ITEM('',(#37),#35);
#39=CARTESIAN_POINT('',(0.E0,0.E0,3.005E-1));
#40=DIRECTION('',(0.E0,0.E0,-1.E0));
#41=DIRECTION('',(-8.660254037844E-1,5.E-1,0.E0));
#42=AXIS2_PLACEMENT_3D('',#39,#40,#41);
#44=CURVE_STYLE('',#20,POSITIVE_LENGTH_MEASURE(2.E-2),#3);
#45=PRESENTATION_STYLE_ASSIGNMENT((#44));
#46=STYLED_ITEM('',(#45),#43);
#47=CARTESIAN_POINT('',(0.E0,0.E0,3.005E-1));
#48=DIRECTION('',(0.E0,0.E0,-1.E0));
#49=DIRECTION('',(-1.E0,0.E0,0.E0));
#50=AXIS2_PLACEMENT_3D('',#47,#48,#49);
#52=CURVE_STYLE('',#20,POSITIVE_LENGTH_MEASURE(2.E-2),#3);
#53=PRESENTATION_STYLE_ASSIGNMENT((#52));
#54=STYLED_ITEM('',(#53),#51);
#55=CARTESIAN_POINT('',(0.E0,0.E0,3.005E-1));
#56=DIRECTION('',(0.E0,0.E0,-1.E0));
#57=DIRECTION('',(-8.660254037844E-1,-5.E-1,0.E0));
#58=AXIS2_PLACEMENT_3D('',#55,#56,#57);
#60=CURVE_STYLE('',#20,POSITIVE_LENGTH_MEASURE(2.E-2),#3);
#61=PRESENTATION_STYLE_ASSIGNMENT((#60));
#62=STYLED_ITEM('',(#61),#59);
#63=CARTESIAN_POINT('',(0.E0,0.E0,3.005E-1));
#64=DIRECTION('',(0.E0,0.E0,-1.E0));
#65=DIRECTION('',(0.E0,-1.E0,0.E0));
#66=AXIS2_PLACEMENT_3D('',#63,#64,#65);
#68=CURVE_STYLE('',#20,POSITIVE_LENGTH_MEASURE(2.E-2),#3);
#69=PRESENTATION_STYLE_ASSIGNMENT((#68));
#70=STYLED_ITEM('',(#69),#67);
#71=CARTESIAN_POINT('',(0.E0,0.E0,3.005E-1));
#72=DIRECTION('',(0.E0,0.E0,-1.E0));
#73=DIRECTION('',(8.660254037844E-1,-5.E-1,0.E0));
#74=AXIS2_PLACEMENT_3D('',#71,#72,#73);
#76=CURVE_STYLE('',#20,POSITIVE_LENGTH_MEASURE(2.E-2),#3);
#77=PRESENTATION_STYLE_ASSIGNMENT((#76));
#78=STYLED_ITEM('',(#77),#75);
#79=CARTESIAN_POINT('',(0.E0,0.E0,3.005E-1));
#80=DIRECTION('',(0.E0,0.E0,-1.E0));
#81=DIRECTION('',(1.E0,0.E0,0.E0));
#82=AXIS2_PLACEMENT_3D('',#79,#80,#81);
#84=CURVE_STYLE('',#20,POSITIVE_LENGTH_MEASURE(2.E-2),#3);
#85=PRESENTATION_STYLE_ASSIGNMENT((#84));
#86=STYLED_ITEM('',(#85),#83);
#87=CARTESIAN_POINT('',(0.E0,0.E0,3.005E-1));
#88=DIRECTION('',(0.E0,0.E0,-1.E0));
#89=DIRECTION('',(8.660254037844E-1,5.E-1,0.E0));
#90=AXIS2_PLACEMENT_3D('',#87,#88,#89);
#92=CURVE_STYLE('',#20,POSITIVE_LENGTH_MEASURE(2.E-2),#3);
#93=PRESENTATION_STYLE_ASSIGNMENT((#92));
#94=STYLED_ITEM('',(#93),#91);
#95=CARTESIAN_POINT('',(0.E0,0.E0,3.005E-1));
#96=DIRECTION('',(0.E0,0.E0,-1.E0));
#97=DIRECTION('',(0.E0,1.E0,0.E0));
#98=AXIS2_PLACEMENT_3D('',#95,#96,#97);
#100=CURVE_STYLE('',#20,POSITIVE_LENGTH_MEASURE(2.E-2),#3);
#101=PRESENTATION_STYLE_ASSIGNMENT((#100));
#102=STYLED_ITEM('',(#101),#99);
#103=CARTESIAN_POINT('',(0.E0,0.E0,2.137857142857E-1));
#104=DIRECTION('',(0.E0,0.E0,1.E0));
#105=DIRECTION('',(0.E0,1.E0,0.E0));
#106=AXIS2_PLACEMENT_3D('',#103,#104,#105);
#108=CURVE_STYLE('',#20,POSITIVE_LENGTH_MEASURE(2.E-2),#3);
#109=PRESENTATION_STYLE_ASSIGNMENT((#108));
#110=STYLED_ITEM('',(#109),#107);
#111=CARTESIAN_POINT('',(0.E0,0.E0,1.134295128265E-1));
#112=DIRECTION('',(-1.E0,0.E0,0.E0));
#113=DIRECTION('',(0.E0,4.236822812283E-1,9.058108657845E-1));
#114=AXIS2_PLACEMENT_3D('',#111,#112,#113);
#116=CURVE_STYLE('',#20,POSITIVE_LENGTH_MEASURE(2.E-2),#3);
#117=PRESENTATION_STYLE_ASSIGNMENT((#116));
#118=STYLED_ITEM('',(#117),#115);
#119=CARTESIAN_POINT('',(0.E0,0.E0,3.005E-1));
#120=DIRECTION('',(0.E0,0.E0,-1.E0));
#121=DIRECTION('',(-1.E0,0.E0,0.E0));
#122=AXIS2_PLACEMENT_3D('',#119,#120,#121);
#124=CURVE_STYLE('',#20,POSITIVE_LENGTH_MEASURE(2.E-2),#3);
#125=PRESENTATION_STYLE_ASSIGNMENT((#124));
#126=STYLED_ITEM('',(#125),#123);
#127=CARTESIAN_POINT('',(0.E0,0.E0,3.005E-1));
#128=DIRECTION('',(0.E0,0.E0,-1.E0));
#129=DIRECTION('',(0.E0,-1.E0,0.E0));
#130=AXIS2_PLACEMENT_3D('',#127,#128,#129);
#132=CURVE_STYLE('',#20,POSITIVE_LENGTH_MEASURE(2.E-2),#3);
#133=PRESENTATION_STYLE_ASSIGNMENT((#132));
#134=STYLED_ITEM('',(#133),#131);
#135=CARTESIAN_POINT('',(0.E0,0.E0,2.137857142857E-1));
#136=DIRECTION('',(0.E0,0.E0,1.E0));
#137=DIRECTION('',(-1.E0,0.E0,0.E0));
#138=AXIS2_PLACEMENT_3D('',#135,#136,#137);
#140=CURVE_STYLE('',#20,POSITIVE_LENGTH_MEASURE(2.E-2),#3);
#141=PRESENTATION_STYLE_ASSIGNMENT((#140));
#142=STYLED_ITEM('',(#141),#139);
#143=DIRECTION('',(0.E0,0.E0,-1.E0));
#144=VECTOR('',#143,1.428571428571E-2);
#145=CARTESIAN_POINT('',(1.805E-1,0.E0,2.137857142857E-1));
#146=LINE('',#145,#144);
#147=CURVE_STYLE('',#20,POSITIVE_LENGTH_MEASURE(2.E-2),#3);
#148=PRESENTATION_STYLE_ASSIGNMENT((#147));
#149=STYLED_ITEM('',(#148),#146);
#150=CARTESIAN_POINT('',(0.E0,0.E0,1.995E-1));
#151=DIRECTION('',(0.E0,0.E0,-1.E0));
#152=DIRECTION('',(-1.E0,0.E0,0.E0));
#153=AXIS2_PLACEMENT_3D('',#150,#151,#152);
#155=CURVE_STYLE('',#20,POSITIVE_LENGTH_MEASURE(2.E-2),#3);
#156=PRESENTATION_STYLE_ASSIGNMENT((#155));
#157=STYLED_ITEM('',(#156),#154);
#158=CARTESIAN_POINT('',(0.E0,0.E0,1.995E-1));
#159=DIRECTION('',(0.E0,0.E0,-1.E0));
#160=DIRECTION('',(1.E0,0.E0,0.E0));
#161=AXIS2_PLACEMENT_3D('',#158,#159,#160);
#163=CURVE_STYLE('',#20,POSITIVE_LENGTH_MEASURE(2.E-2),#3);
#164=PRESENTATION_STYLE_ASSIGNMENT((#163));
#165=STYLED_ITEM('',(#164),#162);
#166=CARTESIAN_POINT('',(0.E0,0.E0,1.995E-1));
#167=DIRECTION('',(0.E0,0.E0,1.E0));
#168=DIRECTION('',(1.E0,0.E0,0.E0));
#169=AXIS2_PLACEMENT_3D('',#166,#167,#168);
#171=CURVE_STYLE('',#20,POSITIVE_LENGTH_MEASURE(2.E-2),#3);
#172=PRESENTATION_STYLE_ASSIGNMENT((#171));
#173=STYLED_ITEM('',(#172),#170);
#174=CARTESIAN_POINT('',(0.E0,0.E0,1.995E-1));
#175=DIRECTION('',(0.E0,0.E0,1.E0));
#176=DIRECTION('',(-1.E0,0.E0,0.E0));
#177=AXIS2_PLACEMENT_3D('',#174,#175,#176);
#179=CURVE_STYLE('',#20,POSITIVE_LENGTH_MEASURE(2.E-2),#3);
#180=PRESENTATION_STYLE_ASSIGNMENT((#179));
#181=STYLED_ITEM('',(#180),#178);
#182=DIRECTION('',(0.E0,0.E0,-1.E0));
#183=VECTOR('',#182,1.428571428571E-2);
#184=CARTESIAN_POINT('',(-1.805E-1,0.E0,2.137857142857E-1));
#185=LINE('',#184,#183);
#186=CURVE_STYLE('',#20,POSITIVE_LENGTH_MEASURE(2.E-2),#3);
#187=PRESENTATION_STYLE_ASSIGNMENT((#186));
#188=STYLED_ITEM('',(#187),#185);
#189=CARTESIAN_POINT('',(0.E0,0.E0,1.134295128265E-1));
#190=DIRECTION('',(1.E0,0.E0,0.E0));
#191=DIRECTION('',(0.E0,-4.236822812283E-1,9.058108657845E-1));
#192=AXIS2_PLACEMENT_3D('',#189,#190,#191);
#194=CURVE_STYLE('',#20,POSITIVE_LENGTH_MEASURE(2.E-2),#3);
#195=PRESENTATION_STYLE_ASSIGNMENT((#194));
#196=STYLED_ITEM('',(#195),#193);
#197=CARTESIAN_POINT('',(0.E0,0.E0,3.005E-1));
#198=DIRECTION('',(0.E0,0.E0,-1.E0));
#199=DIRECTION('',(0.E0,1.E0,0.E0));
#200=AXIS2_PLACEMENT_3D('',#197,#198,#199);
#202=CURVE_STYLE('',#20,POSITIVE_LENGTH_MEASURE(2.E-2),#3);
#203=PRESENTATION_STYLE_ASSIGNMENT((#202));
#204=STYLED_ITEM('',(#203),#201);
#205=CARTESIAN_POINT('',(0.E0,0.E0,2.137857142857E-1));
#206=DIRECTION('',(0.E0,0.E0,1.E0));
#207=DIRECTION('',(1.E0,0.E0,0.E0));
#208=AXIS2_PLACEMENT_3D('',#205,#206,#207);
#210=CURVE_STYLE('',#20,POSITIVE_LENGTH_MEASURE(2.E-2),#3);
#211=PRESENTATION_STYLE_ASSIGNMENT((#210));
#212=STYLED_ITEM('',(#211),#209);
#213=CARTESIAN_POINT('',(0.E0,0.E0,2.137857142857E-1));
#214=DIRECTION('',(0.E0,0.E0,1.E0));
#215=DIRECTION('',(0.E0,-1.E0,0.E0));
#216=AXIS2_PLACEMENT_3D('',#213,#214,#215);
#218=CURVE_STYLE('',#20,POSITIVE_LENGTH_MEASURE(2.E-2),#3);
#219=PRESENTATION_STYLE_ASSIGNMENT((#218));
#220=STYLED_ITEM('',(#219),#217);
#221=DIRECTION('',(-5.E-1,2.342853422481E-11,-8.660254037844E-1));
#222=VECTOR('',#221,1.762705866764E-2);
#223=CARTESIAN_POINT('',(8.894667653293E-2,-1.036199215771E-13,
1.881926120668E-1));
#224=LINE('',#223,#222);
#225=CURVE_STYLE('',#20,POSITIVE_LENGTH_MEASURE(2.E-2),#3);
#226=PRESENTATION_STYLE_ASSIGNMENT((#225));
#227=STYLED_ITEM('',(#226),#224);
#228=CARTESIAN_POINT('',(1.600973459777E-2,9.364163687264E-2,
1.986771439449E-1));
#229=CARTESIAN_POINT('',(2.135483053886E-2,9.247882559087E-2,
1.982523878370E-1));
#230=CARTESIAN_POINT('',(3.182534979014E-2,8.920951643536E-2,
1.973744654436E-1));
#231=CARTESIAN_POINT('',(4.631608757611E-2,8.174439988831E-2,
1.960417327146E-1));
#232=CARTESIAN_POINT('',(5.940956822687E-2,7.179890044411E-2,
1.947195063571E-1));
#233=CARTESIAN_POINT('',(7.044487035848E-2,5.991776595758E-2,
1.934896932775E-1));
#234=CARTESIAN_POINT('',(7.923409915343E-2,4.618753592526E-2,
1.921621959756E-1));
#235=CARTESIAN_POINT('',(8.534125503364E-2,3.138022102324E-2,
1.908162568294E-1));
#236=CARTESIAN_POINT('',(8.876073413362E-2,1.577428738037E-2,
1.894694222079E-1));
#237=CARTESIAN_POINT('',(8.919239581560E-2,5.231377866012E-3,
1.886182103488E-1));
#238=CARTESIAN_POINT('',(8.894667653293E-2,-1.036199215771E-13,
1.881926120668E-1));
#240=CURVE_STYLE('',#20,POSITIVE_LENGTH_MEASURE(2.E-2),#3);
#241=PRESENTATION_STYLE_ASSIGNMENT((#240));
#242=STYLED_ITEM('',(#241),#239);
#243=CARTESIAN_POINT('',(0.E0,0.E0,1.986772758664E-1));
#244=DIRECTION('',(0.E0,0.E0,1.E0));
#245=DIRECTION('',(8.161758853013E-1,5.778035343026E-1,0.E0));
#246=AXIS2_PLACEMENT_3D('',#243,#244,#245);
#248=CURVE_STYLE('',#20,POSITIVE_LENGTH_MEASURE(2.E-2),#3);
#249=PRESENTATION_STYLE_ASSIGNMENT((#248));
#250=STYLED_ITEM('',(#249),#247);
#251=CARTESIAN_POINT('',(9.366479413323E-2,0.E0,1.963646314666E-1));
#252=CARTESIAN_POINT('',(9.377266785985E-2,4.836911255433E-3,
1.965514742419E-1));
#253=CARTESIAN_POINT('',(9.323597298151E-2,1.452903580137E-2,
1.969217272831E-1));
#254=CARTESIAN_POINT('',(9.021779850492E-2,2.878450350538E-2,
1.975090469786E-1));
#255=CARTESIAN_POINT('',(8.505344950535E-2,4.240681336198E-2,
1.980973340035E-1));
#256=CARTESIAN_POINT('',(8.023988223827E-2,5.088504254812E-2,
1.984891781873E-1));
#257=CARTESIAN_POINT('',(7.752736164359E-2,5.490513762107E-2,
1.986778526358E-1));
#259=CURVE_STYLE('',#20,POSITIVE_LENGTH_MEASURE(2.E-2),#3);
#260=PRESENTATION_STYLE_ASSIGNMENT((#259));
#261=STYLED_ITEM('',(#260),#258);
#262=DIRECTION('',(-5.E-1,9.816783244216E-14,-8.660254037844E-1));
#263=VECTOR('',#262,3.620411733533E-3);
#264=CARTESIAN_POINT('',(9.5475E-2,0.E0,1.995E-1));
#265=LINE('',#264,#263);
#266=CURVE_STYLE('',#20,POSITIVE_LENGTH_MEASURE(2.E-2),#3);
#267=PRESENTATION_STYLE_ASSIGNMENT((#266));
#268=STYLED_ITEM('',(#267),#265);
#269=CARTESIAN_POINT('',(8.013314719911E-2,3.093562257005E-13,
1.729271314666E-1));
#270=CARTESIAN_POINT('',(8.026418157026E-2,5.026602589785E-3,
1.731540896550E-1));
#271=CARTESIAN_POINT('',(7.957087494113E-2,1.510220568718E-2,
1.736053217396E-1));
#272=CARTESIAN_POINT('',(7.580388777819E-2,2.968324679470E-2,
1.743194152618E-1));
#273=CARTESIAN_POINT('',(6.930964911239E-2,4.347332645260E-2,
1.750344835232E-1));
#274=CARTESIAN_POINT('',(6.049753210450E-2,5.565605507583E-2,
1.757074833858E-1));
#275=CARTESIAN_POINT('',(4.936168988771E-2,6.623438032692E-2,
1.763792824767E-1));
#276=CARTESIAN_POINT('',(3.645456060811E-2,7.457126655014E-2,
1.770791980715E-1));
#277=CARTESIAN_POINT('',(2.218951523047E-2,8.041824002889E-2,
1.778031525450E-1));
#278=CARTESIAN_POINT('',(7.074749837152E-3,8.351784426317E-2,
1.784859374960E-1));
#279=CARTESIAN_POINT('',(-8.408863851927E-3,8.377644556401E-2,
1.791420704616E-1));
#280=CARTESIAN_POINT('',(-2.371886073481E-2,8.120218367018E-2,
1.798333590650E-1));
#281=CARTESIAN_POINT('',(-3.836456035418E-2,7.586402078783E-2,
1.805424375867E-1));
#282=CARTESIAN_POINT('',(-5.194562018898E-2,6.781459255564E-2,
1.812486026887E-1));
#283=CARTESIAN_POINT('',(-6.376831730571E-2,5.739876434038E-2,
1.818985908575E-1));
#284=CARTESIAN_POINT('',(-7.352603519988E-2,4.497127725968E-2,
1.825843566482E-1));
#285=CARTESIAN_POINT('',(-8.086234488458E-2,3.099770220243E-2,
1.832829296313E-1));
#286=CARTESIAN_POINT('',(-8.558538896642E-2,1.567945161125E-2,
1.839932972791E-1));
#287=CARTESIAN_POINT('',(-8.677341704316E-2,5.223011757640E-3,
1.844284162125E-1));
#288=CARTESIAN_POINT('',(-8.689897066617E-2,0.E0,1.846458814666E-1));
#290=CURVE_STYLE('',#20,POSITIVE_LENGTH_MEASURE(2.E-2),#3);
#291=PRESENTATION_STYLE_ASSIGNMENT((#290));
#292=STYLED_ITEM('',(#291),#289);
#293=CARTESIAN_POINT('',(-6.097189495543E-2,-4.316166363106E-2,
1.635204870954E-1));
#294=CARTESIAN_POINT('',(-5.846352922597E-2,-4.692978243831E-2,
1.637455926368E-1));
#295=CARTESIAN_POINT('',(-5.273941837442E-2,-5.401690794994E-2,
1.641777451910E-1));
#296=CARTESIAN_POINT('',(-4.237681718782E-2,-6.293956334655E-2,
1.648396780872E-1));
#297=CARTESIAN_POINT('',(-3.050507719281E-2,-6.991639773816E-2,
1.655303876708E-1));
#298=CARTESIAN_POINT('',(-1.744769397899E-2,-7.467580750344E-2,
1.662323618915E-1));
#299=CARTESIAN_POINT('',(-3.774297560958E-3,-7.697141237252E-2,
1.668914279114E-1));
#300=CARTESIAN_POINT('',(1.012280813799E-2,-7.677647818668E-2,
1.675405715309E-1));
#301=CARTESIAN_POINT('',(2.382190808829E-2,-7.409605323050E-2,
1.682179564389E-1));
#302=CARTESIAN_POINT('',(3.686743619433E-2,-6.900937908094E-2,
1.689145191382E-1));
#303=CARTESIAN_POINT('',(4.891783040544E-2,-6.156017163275E-2,
1.695915618744E-1));
#304=CARTESIAN_POINT('',(5.939338050373E-2,-5.210011883063E-2,
1.702325721726E-1));
#305=CARTESIAN_POINT('',(6.818928410552E-2,-4.067841737248E-2,
1.709030829456E-1));
#306=CARTESIAN_POINT('',(7.475305963298E-2,-2.791956099229E-2,
1.716019696597E-1));
#307=CARTESIAN_POINT('',(7.892006976047E-2,-1.419339056335E-2,
1.722807901445E-1));
#308=CARTESIAN_POINT('',(8.000976485700E-2,-4.733063507454E-3,
1.727134269813E-1));
#309=CARTESIAN_POINT('',(8.013314719911E-2,3.093562257005E-13,
1.729271314666E-1));
#311=CURVE_STYLE('',#20,POSITIVE_LENGTH_MEASURE(2.E-2),#3);
#312=PRESENTATION_STYLE_ASSIGNMENT((#311));
#313=STYLED_ITEM('',(#312),#310);
#314=DIRECTION('',(5.E-1,-4.535860473957E-12,-8.660254037844E-1));
#315=VECTOR('',#314,1.424999999997E-3);
#316=CARTESIAN_POINT('',(-7.541502959880E-2,0.E0,1.647551120668E-1));
#317=LINE('',#316,#315);
#318=CURVE_STYLE('',#20,POSITIVE_LENGTH_MEASURE(2.E-2),#3);
#319=PRESENTATION_STYLE_ASSIGNMENT((#318));
#320=STYLED_ITEM('',(#319),#317);
#321=CARTESIAN_POINT('',(8.894667653293E-2,-1.036199215771E-13,
1.881926120668E-1));
#322=CARTESIAN_POINT('',(8.870124627445E-2,-5.225224524172E-3,
1.877675143894E-1));
#323=CARTESIAN_POINT('',(8.729143746443E-2,-1.568150875988E-2,
1.869137601470E-1));
#324=CARTESIAN_POINT('',(8.225139494014E-2,-3.096555413528E-2,
1.855168185756E-1));
#325=CARTESIAN_POINT('',(7.460723588404E-2,-4.490661674581E-2,
1.841234881947E-1));
#326=CARTESIAN_POINT('',(6.455563716396E-2,-5.726314990035E-2,
1.827530340762E-1));
#327=CARTESIAN_POINT('',(5.250405631110E-2,-6.753092272916E-2,
1.814511156364E-1));
#328=CARTESIAN_POINT('',(3.878966776743E-2,-7.532497037304E-2,
1.800452964366E-1));
#329=CARTESIAN_POINT('',(2.407501763220E-2,-8.036369168050E-2,
1.786246901405E-1));
#330=CARTESIAN_POINT('',(8.938300293123E-3,-8.260897156496E-2,
1.772413123866E-1));
#331=CARTESIAN_POINT('',(-6.308339354888E-3,-8.209093222566E-2,
1.759342222147E-1));
#332=CARTESIAN_POINT('',(-2.101325425159E-2,-7.879109898544E-2,
1.745699644268E-1));
#333=CARTESIAN_POINT('',(-3.485453674986E-2,-7.279876832235E-2,
1.731300915768E-1));
#334=CARTESIAN_POINT('',(-4.721678049223E-2,-6.445945105659E-2,
1.717201320103E-1));
#335=CARTESIAN_POINT('',(-5.784948784100E-2,-5.396255014338E-2,
1.703725849072E-1));
#336=CARTESIAN_POINT('',(-6.608057427607E-2,-4.205927734273E-2,
1.690251943923E-1));
#337=CARTESIAN_POINT('',(-7.203434292451E-2,-2.860105664834E-2,
1.675792711599E-1));
#338=CARTESIAN_POINT('',(-7.528137831638E-2,-1.449808508117E-2,
1.661350018101E-1));
#339=CARTESIAN_POINT('',(-7.568162627194E-2,-4.812378276344E-3,
1.652168710498E-1));
#340=CARTESIAN_POINT('',(-7.541502959880E-2,0.E0,1.647551120668E-1));
#342=CURVE_STYLE('',#20,POSITIVE_LENGTH_MEASURE(2.E-2),#3);
#343=PRESENTATION_STYLE_ASSIGNMENT((#342));
#344=STYLED_ITEM('',(#343),#341);
#345=CARTESIAN_POINT('',(-6.097107662912E-2,-4.316388603524E-2,
1.635201531556E-1));
#346=CARTESIAN_POINT('',(-6.133104360703E-2,-4.265500232195E-2,
1.634789445216E-1));
#347=CARTESIAN_POINT('',(-6.445323733586E-2,-3.812135599650E-2,
1.631138459269E-1));
#348=CARTESIAN_POINT('',(-6.948063314299E-2,-2.877982057010E-2,1.62390625E-1));
#349=CARTESIAN_POINT('',(-7.378134489881E-2,-1.445561298107E-2,
1.613710196116E-1));
#350=CARTESIAN_POINT('',(-7.516312194880E-2,0.E0,1.604375E-1));
#351=CARTESIAN_POINT('',(-7.378134489881E-2,1.445561298107E-2,
1.595039803884E-1));
#352=CARTESIAN_POINT('',(-6.948063314299E-2,2.877982057010E-2,1.58484375E-1));
#353=CARTESIAN_POINT('',(-6.239295126813E-2,4.194962733789E-2,
1.574647696116E-1));
#354=CARTESIAN_POINT('',(-5.314835322515E-2,5.314835322515E-2,1.5653125E-1));
#355=CARTESIAN_POINT('',(-4.194962733789E-2,6.239295126813E-2,
1.555977303884E-1));
#356=CARTESIAN_POINT('',(-2.877982057010E-2,6.948063314299E-2,1.54578125E-1));
#357=CARTESIAN_POINT('',(-1.445561298107E-2,7.378134489881E-2,
1.535585196116E-1));
#358=CARTESIAN_POINT('',(0.E0,7.516312194880E-2,1.52625E-1));
#359=CARTESIAN_POINT('',(1.445561298107E-2,7.378134489881E-2,
1.516914803884E-1));
#360=CARTESIAN_POINT('',(2.877982057010E-2,6.948063314299E-2,1.50671875E-1));
#361=CARTESIAN_POINT('',(4.194962733789E-2,6.239295126813E-2,
1.496522696116E-1));
#362=CARTESIAN_POINT('',(5.314835322515E-2,5.314835322515E-2,1.4871875E-1));
#363=CARTESIAN_POINT('',(6.239295126813E-2,4.194962733789E-2,
1.477852303884E-1));
#364=CARTESIAN_POINT('',(6.948063314299E-2,2.877982057010E-2,1.46765625E-1));
#365=CARTESIAN_POINT('',(7.378134489881E-2,1.445561298107E-2,
1.457460196116E-1));
#366=CARTESIAN_POINT('',(7.516312194880E-2,0.E0,1.448125E-1));
#367=CARTESIAN_POINT('',(7.378134489881E-2,-1.445561298107E-2,
1.438789803884E-1));
#368=CARTESIAN_POINT('',(6.948063314299E-2,-2.877982057010E-2,1.42859375E-1));
#369=CARTESIAN_POINT('',(6.239295126813E-2,-4.194962733789E-2,
1.418397696116E-1));
#370=CARTESIAN_POINT('',(5.314835322515E-2,-5.314835322515E-2,1.4090625E-1));
#371=CARTESIAN_POINT('',(4.194962733789E-2,-6.239295126813E-2,
1.399727303884E-1));
#372=CARTESIAN_POINT('',(2.877982057010E-2,-6.948063314299E-2,1.38953125E-1));
#373=CARTESIAN_POINT('',(1.445561298107E-2,-7.378134489881E-2,
1.379335196116E-1));
#374=CARTESIAN_POINT('',(0.E0,-7.516312194880E-2,1.37E-1));
#375=CARTESIAN_POINT('',(-1.445561298107E-2,-7.378134489881E-2,
1.360664803884E-1));
#376=CARTESIAN_POINT('',(-2.877982057010E-2,-6.948063314299E-2,1.35046875E-1));
#377=CARTESIAN_POINT('',(-4.194962733789E-2,-6.239295126813E-2,
1.340272696116E-1));
#378=CARTESIAN_POINT('',(-5.314835322515E-2,-5.314835322515E-2,1.3309375E-1));
#379=CARTESIAN_POINT('',(-6.239295126813E-2,-4.194962733789E-2,
1.321602303884E-1));
#380=CARTESIAN_POINT('',(-6.948063314299E-2,-2.877982057010E-2,1.31140625E-1));
#381=CARTESIAN_POINT('',(-7.378134489881E-2,-1.445561298107E-2,
1.301210196116E-1));
#382=CARTESIAN_POINT('',(-7.516312194880E-2,0.E0,1.291875E-1));
#383=CARTESIAN_POINT('',(-7.378134489881E-2,1.445561298107E-2,
1.282539803884E-1));
#384=CARTESIAN_POINT('',(-6.948063314299E-2,2.877982057010E-2,1.27234375E-1));
#385=CARTESIAN_POINT('',(-6.239295126813E-2,4.194962733789E-2,
1.262147696116E-1));
#386=CARTESIAN_POINT('',(-5.314835322515E-2,5.314835322515E-2,1.2528125E-1));
#387=CARTESIAN_POINT('',(-4.194962733789E-2,6.239295126813E-2,
1.243477303884E-1));
#388=CARTESIAN_POINT('',(-2.877982057010E-2,6.948063314299E-2,1.23328125E-1));
#389=CARTESIAN_POINT('',(-1.445561298107E-2,7.378134489881E-2,
1.223085196116E-1));
#390=CARTESIAN_POINT('',(0.E0,7.516312194880E-2,1.21375E-1));
#391=CARTESIAN_POINT('',(1.445561298107E-2,7.378134489881E-2,
1.204414803884E-1));
#392=CARTESIAN_POINT('',(2.877982057010E-2,6.948063314299E-2,1.19421875E-1));
#393=CARTESIAN_POINT('',(4.194962733789E-2,6.239295126813E-2,
1.184022696116E-1));
#394=CARTESIAN_POINT('',(5.314835322515E-2,5.314835322515E-2,1.1746875E-1));
#395=CARTESIAN_POINT('',(6.239295126813E-2,4.194962733789E-2,
1.165352303884E-1));
#396=CARTESIAN_POINT('',(6.948063314299E-2,2.877982057010E-2,1.15515625E-1));
#397=CARTESIAN_POINT('',(7.378134489881E-2,1.445561298107E-2,
1.144960196116E-1));
#398=CARTESIAN_POINT('',(7.516312194880E-2,0.E0,1.135625E-1));
#399=CARTESIAN_POINT('',(7.378134489881E-2,-1.445561298107E-2,
1.126289803884E-1));
#400=CARTESIAN_POINT('',(6.948063314299E-2,-2.877982057010E-2,1.11609375E-1));
#401=CARTESIAN_POINT('',(6.239295126813E-2,-4.194962733789E-2,
1.105897696116E-1));
#402=CARTESIAN_POINT('',(5.314835322515E-2,-5.314835322515E-2,1.0965625E-1));
#403=CARTESIAN_POINT('',(4.194962733789E-2,-6.239295126813E-2,
1.087227303884E-1));
#404=CARTESIAN_POINT('',(2.877982057010E-2,-6.948063314299E-2,1.07703125E-1));
#405=CARTESIAN_POINT('',(1.445561298107E-2,-7.378134489881E-2,
1.066835196116E-1));
#406=CARTESIAN_POINT('',(0.E0,-7.516312194880E-2,1.0575E-1));
#407=CARTESIAN_POINT('',(-1.445561298107E-2,-7.378134489881E-2,
1.048164803884E-1));
#408=CARTESIAN_POINT('',(-2.877982057010E-2,-6.948063314299E-2,1.03796875E-1));
#409=CARTESIAN_POINT('',(-4.194962733789E-2,-6.239295126813E-2,
1.027772696116E-1));
#410=CARTESIAN_POINT('',(-5.314835322515E-2,-5.314835322515E-2,1.0184375E-1));
#411=CARTESIAN_POINT('',(-6.239295126813E-2,-4.194962733789E-2,
1.009102303884E-1));
#412=CARTESIAN_POINT('',(-6.948063314299E-2,-2.877982057010E-2,9.9890625E-2));
#413=CARTESIAN_POINT('',(-7.378134489881E-2,-1.445561298107E-2,
9.887101961156E-2));
#414=CARTESIAN_POINT('',(-7.516312194880E-2,0.E0,9.79375E-2));
#415=CARTESIAN_POINT('',(-7.378134489881E-2,1.445561298107E-2,
9.700398038844E-2));
#416=CARTESIAN_POINT('',(-6.948063314299E-2,2.877982057010E-2,9.5984375E-2));
#417=CARTESIAN_POINT('',(-6.239295126813E-2,4.194962733789E-2,
9.496476961156E-2));
#418=CARTESIAN_POINT('',(-5.314835322515E-2,5.314835322515E-2,9.403125E-2));
#419=CARTESIAN_POINT('',(-4.194962733789E-2,6.239295126813E-2,
9.309773038844E-2));
#420=CARTESIAN_POINT('',(-2.877982057010E-2,6.948063314299E-2,9.2078125E-2));
#421=CARTESIAN_POINT('',(-1.445561298107E-2,7.378134489881E-2,
9.105851961156E-2));
#422=CARTESIAN_POINT('',(0.E0,7.516312194880E-2,9.0125E-2));
#423=CARTESIAN_POINT('',(1.445561298107E-2,7.378134489881E-2,
8.919148038844E-2));
#424=CARTESIAN_POINT('',(2.877982057010E-2,6.948063314299E-2,8.8171875E-2));
#425=CARTESIAN_POINT('',(4.194962733789E-2,6.239295126813E-2,
8.715226961156E-2));
#426=CARTESIAN_POINT('',(5.314835322515E-2,5.314835322515E-2,8.621875E-2));
#427=CARTESIAN_POINT('',(6.239295126813E-2,4.194962733789E-2,
8.528523038844E-2));
#428=CARTESIAN_POINT('',(6.948063314299E-2,2.877982057010E-2,8.4265625E-2));
#429=CARTESIAN_POINT('',(7.378134489881E-2,1.445561298107E-2,
8.324601961156E-2));
#430=CARTESIAN_POINT('',(7.516312194880E-2,0.E0,8.23125E-2));
#431=CARTESIAN_POINT('',(7.378134489881E-2,-1.445561298107E-2,
8.137898038844E-2));
#432=CARTESIAN_POINT('',(6.948063314299E-2,-2.877982057010E-2,8.0359375E-2));
#433=CARTESIAN_POINT('',(6.239295126813E-2,-4.194962733789E-2,
7.933976961156E-2));
#434=CARTESIAN_POINT('',(5.314835322515E-2,-5.314835322515E-2,7.840625E-2));
#435=CARTESIAN_POINT('',(4.194962733789E-2,-6.239295126813E-2,
7.747273038844E-2));
#436=CARTESIAN_POINT('',(2.877982057010E-2,-6.948063314299E-2,7.6453125E-2));
#437=CARTESIAN_POINT('',(1.445561298107E-2,-7.378134489881E-2,
7.543351961156E-2));
#438=CARTESIAN_POINT('',(0.E0,-7.516312194880E-2,7.45E-2));
#439=CARTESIAN_POINT('',(-1.445561298107E-2,-7.378134489881E-2,
7.356648038844E-2));
#440=CARTESIAN_POINT('',(-2.877982057010E-2,-6.948063314299E-2,7.2546875E-2));
#441=CARTESIAN_POINT('',(-4.194962733789E-2,-6.239295126813E-2,
7.152726961156E-2));
#442=CARTESIAN_POINT('',(-5.314835322515E-2,-5.314835322515E-2,7.059375E-2));
#443=CARTESIAN_POINT('',(-6.239295126813E-2,-4.194962733789E-2,
6.966023038844E-2));
#444=CARTESIAN_POINT('',(-6.948063314299E-2,-2.877982057010E-2,6.8640625E-2));
#445=CARTESIAN_POINT('',(-7.378134489881E-2,-1.445561298107E-2,
6.762101961156E-2));
#446=CARTESIAN_POINT('',(-7.516312194880E-2,0.E0,6.66875E-2));
#447=CARTESIAN_POINT('',(-7.378134489881E-2,1.445561298107E-2,
6.575398038844E-2));
#448=CARTESIAN_POINT('',(-6.948063314299E-2,2.877982057010E-2,6.4734375E-2));
#449=CARTESIAN_POINT('',(-6.239295126813E-2,4.194962733789E-2,
6.371476961156E-2));
#450=CARTESIAN_POINT('',(-5.314835322515E-2,5.314835322515E-2,6.278125E-2));
#451=CARTESIAN_POINT('',(-4.194962733789E-2,6.239295126813E-2,
6.184773038844E-2));
#452=CARTESIAN_POINT('',(-2.877982057010E-2,6.948063314299E-2,6.0828125E-2));
#453=CARTESIAN_POINT('',(-1.445561298107E-2,7.378134489881E-2,
5.980851961156E-2));
#454=CARTESIAN_POINT('',(0.E0,7.516312194880E-2,5.8875E-2));
#455=CARTESIAN_POINT('',(1.445561298107E-2,7.378134489881E-2,
5.794148038844E-2));
#456=CARTESIAN_POINT('',(2.877982057010E-2,6.948063314299E-2,5.6921875E-2));
#457=CARTESIAN_POINT('',(4.194962733789E-2,6.239295126813E-2,
5.590226961156E-2));
#458=CARTESIAN_POINT('',(5.314835322515E-2,5.314835322515E-2,5.496875E-2));
#459=CARTESIAN_POINT('',(6.239295126813E-2,4.194962733789E-2,
5.403523038844E-2));
#460=CARTESIAN_POINT('',(6.948063314299E-2,2.877982057010E-2,5.3015625E-2));
#461=CARTESIAN_POINT('',(7.378134489881E-2,1.445561298107E-2,
5.199601961156E-2));
#462=CARTESIAN_POINT('',(7.516312194880E-2,0.E0,5.10625E-2));
#463=CARTESIAN_POINT('',(7.378134489881E-2,-1.445561298107E-2,
5.012898038844E-2));
#464=CARTESIAN_POINT('',(6.948063314299E-2,-2.877982057010E-2,4.9109375E-2));
#465=CARTESIAN_POINT('',(6.239295126813E-2,-4.194962733789E-2,
4.808976961156E-2));
#466=CARTESIAN_POINT('',(5.314835322515E-2,-5.314835322515E-2,4.715625E-2));
#467=CARTESIAN_POINT('',(4.194962733789E-2,-6.239295126813E-2,
4.622273038844E-2));
#468=CARTESIAN_POINT('',(2.877982057010E-2,-6.948063314299E-2,4.5203125E-2));
#469=CARTESIAN_POINT('',(1.445561298107E-2,-7.378134489881E-2,
4.418351961156E-2));
#470=CARTESIAN_POINT('',(0.E0,-7.516312194880E-2,4.325E-2));
#471=CARTESIAN_POINT('',(-1.445561298107E-2,-7.378134489881E-2,
4.231648038844E-2));
#472=CARTESIAN_POINT('',(-2.877982057010E-2,-6.948063314299E-2,4.1296875E-2));
#473=CARTESIAN_POINT('',(-4.194962733789E-2,-6.239295126813E-2,
4.027726961156E-2));
#474=CARTESIAN_POINT('',(-5.314835322515E-2,-5.314835322515E-2,3.934375E-2));
#475=CARTESIAN_POINT('',(-6.239295126813E-2,-4.194962733789E-2,
3.841023038844E-2));
#476=CARTESIAN_POINT('',(-6.948063314299E-2,-2.877982057010E-2,3.7390625E-2));
#477=CARTESIAN_POINT('',(-7.378134489881E-2,-1.445561298107E-2,
3.637101961156E-2));
#478=CARTESIAN_POINT('',(-7.516312194880E-2,0.E0,3.54375E-2));
#479=CARTESIAN_POINT('',(-7.378134489881E-2,1.445561298107E-2,
3.450398038844E-2));
#480=CARTESIAN_POINT('',(-6.948063314299E-2,2.877982057010E-2,3.3484375E-2));
#481=CARTESIAN_POINT('',(-6.239295126813E-2,4.194962733789E-2,
3.246476961156E-2));
#482=CARTESIAN_POINT('',(-5.314835322515E-2,5.314835322515E-2,3.153125E-2));
#483=CARTESIAN_POINT('',(-4.194962733789E-2,6.239295126813E-2,
3.059773038844E-2));
#484=CARTESIAN_POINT('',(-2.877982057010E-2,6.948063314299E-2,2.9578125E-2));
#485=CARTESIAN_POINT('',(-1.445561298107E-2,7.378134489881E-2,
2.855851961156E-2));
#486=CARTESIAN_POINT('',(0.E0,7.516312194880E-2,2.7625E-2));
#487=CARTESIAN_POINT('',(1.445561298107E-2,7.378134489881E-2,
2.669148038844E-2));
#488=CARTESIAN_POINT('',(2.877982057010E-2,6.948063314299E-2,2.5671875E-2));
#489=CARTESIAN_POINT('',(4.194962733789E-2,6.239295126813E-2,
2.465226961156E-2));
#490=CARTESIAN_POINT('',(5.314835322515E-2,5.314835322515E-2,2.371875E-2));
#491=CARTESIAN_POINT('',(6.239295126813E-2,4.194962733789E-2,
2.278523038844E-2));
#492=CARTESIAN_POINT('',(6.948063314299E-2,2.877982057010E-2,2.1765625E-2));
#493=CARTESIAN_POINT('',(7.378134489881E-2,1.445561298107E-2,
2.074601961156E-2));
#494=CARTESIAN_POINT('',(7.516312194880E-2,0.E0,1.98125E-2));
#495=CARTESIAN_POINT('',(7.378134489881E-2,-1.445561298107E-2,
1.887898038844E-2));
#496=CARTESIAN_POINT('',(6.948063314299E-2,-2.877982057010E-2,1.7859375E-2));
#497=CARTESIAN_POINT('',(6.239295126813E-2,-4.194962733789E-2,
1.683976961156E-2));
#498=CARTESIAN_POINT('',(5.314835322515E-2,-5.314835322515E-2,1.590625E-2));
#499=CARTESIAN_POINT('',(4.194962733789E-2,-6.239295126813E-2,
1.497273038844E-2));
#500=CARTESIAN_POINT('',(2.877982057010E-2,-6.948063314299E-2,1.3953125E-2));
#501=CARTESIAN_POINT('',(1.445561298107E-2,-7.378134489881E-2,
1.293351961156E-2));
#502=CARTESIAN_POINT('',(0.E0,-7.516312194880E-2,1.2E-2));
#503=CARTESIAN_POINT('',(-1.445561298107E-2,-7.378134489881E-2,
1.106648038844E-2));
#504=CARTESIAN_POINT('',(-2.877982057010E-2,-6.948063314299E-2,1.0046875E-2));
#505=CARTESIAN_POINT('',(-4.194962733789E-2,-6.239295126813E-2,
9.027269611561E-3));
#506=CARTESIAN_POINT('',(-5.314835322515E-2,-5.314835322515E-2,8.09375E-3));
#507=CARTESIAN_POINT('',(-6.239295126813E-2,-4.194962733789E-2,
7.160230388439E-3));
#508=CARTESIAN_POINT('',(-6.948063314299E-2,-2.877982057010E-2,6.140625E-3));
#509=CARTESIAN_POINT('',(-7.378134489881E-2,-1.445561298107E-2,
5.121019611561E-3));
#510=CARTESIAN_POINT('',(-7.516312194880E-2,0.E0,4.1875E-3));
#511=CARTESIAN_POINT('',(-7.378134489881E-2,1.445561298107E-2,
3.253980388439E-3));
#512=CARTESIAN_POINT('',(-6.948063314299E-2,2.877982057010E-2,2.234375E-3));
#513=CARTESIAN_POINT('',(-6.239295126813E-2,4.194962733789E-2,
1.214769611561E-3));
#514=CARTESIAN_POINT('',(-5.314835322515E-2,5.314835322515E-2,2.8125E-4));
#515=CARTESIAN_POINT('',(-4.194962733789E-2,6.239295126813E-2,
-6.522696115608E-4));
#516=CARTESIAN_POINT('',(-2.877982057010E-2,6.948063314299E-2,-1.671875E-3));
#517=CARTESIAN_POINT('',(-1.445561298107E-2,7.378134489881E-2,
-2.691480388439E-3));
#518=CARTESIAN_POINT('',(0.E0,7.516312194880E-2,-3.625E-3));
#519=CARTESIAN_POINT('',(1.445561298107E-2,7.378134489881E-2,
-4.558519611561E-3));
#520=CARTESIAN_POINT('',(2.877982057010E-2,6.948063314299E-2,-5.578125E-3));
#521=CARTESIAN_POINT('',(4.194962733789E-2,6.239295126813E-2,
-6.597730388439E-3));
#522=CARTESIAN_POINT('',(5.314835322515E-2,5.314835322515E-2,-7.53125E-3));
#523=CARTESIAN_POINT('',(6.239295126813E-2,4.194962733789E-2,
-8.464769611561E-3));
#524=CARTESIAN_POINT('',(6.948063314299E-2,2.877982057010E-2,-9.484375E-3));
#525=CARTESIAN_POINT('',(7.378134489881E-2,1.445561298107E-2,
-1.050398038844E-2));
#526=CARTESIAN_POINT('',(7.516312194880E-2,0.E0,-1.14375E-2));
#527=CARTESIAN_POINT('',(7.378134489881E-2,-1.445561298107E-2,
-1.237101961156E-2));
#528=CARTESIAN_POINT('',(6.948063314299E-2,-2.877982057010E-2,-1.3390625E-2));
#529=CARTESIAN_POINT('',(6.239295126813E-2,-4.194962733789E-2,
-1.441023038844E-2));
#530=CARTESIAN_POINT('',(5.314835322515E-2,-5.314835322515E-2,-1.534375E-2));
#531=CARTESIAN_POINT('',(4.194962733789E-2,-6.239295126813E-2,
-1.627726961156E-2));
#532=CARTESIAN_POINT('',(2.877982057010E-2,-6.948063314299E-2,-1.7296875E-2));
#533=CARTESIAN_POINT('',(1.445561298107E-2,-7.378134489881E-2,
-1.831648038844E-2));
#534=CARTESIAN_POINT('',(0.E0,-7.516312194880E-2,-1.925E-2));
#535=CARTESIAN_POINT('',(-1.445561298107E-2,-7.378134489881E-2,
-2.018351961156E-2));
#536=CARTESIAN_POINT('',(-2.877982057010E-2,-6.948063314299E-2,-2.1203125E-2));
#537=CARTESIAN_POINT('',(-4.194962733789E-2,-6.239295126813E-2,
-2.222273038844E-2));
#538=CARTESIAN_POINT('',(-5.314835322515E-2,-5.314835322515E-2,-2.315625E-2));
#539=CARTESIAN_POINT('',(-6.239295126813E-2,-4.194962733789E-2,
-2.408976961156E-2));
#540=CARTESIAN_POINT('',(-6.948063314299E-2,-2.877982057010E-2,-2.5109375E-2));
#541=CARTESIAN_POINT('',(-7.378134489881E-2,-1.445561298107E-2,
-2.612898038844E-2));
#542=CARTESIAN_POINT('',(-7.516312194880E-2,0.E0,-2.70625E-2));
#543=CARTESIAN_POINT('',(-7.378134489881E-2,1.445561298107E-2,
-2.799601961156E-2));
#544=CARTESIAN_POINT('',(-6.948063314299E-2,2.877982057010E-2,-2.9015625E-2));
#545=CARTESIAN_POINT('',(-6.239295126813E-2,4.194962733789E-2,
-3.003523038844E-2));
#546=CARTESIAN_POINT('',(-5.314835322515E-2,5.314835322515E-2,-3.096875E-2));
#547=CARTESIAN_POINT('',(-4.194962733789E-2,6.239295126813E-2,
-3.190226961156E-2));
#548=CARTESIAN_POINT('',(-2.877982057010E-2,6.948063314299E-2,-3.2921875E-2));
#549=CARTESIAN_POINT('',(-1.445561298107E-2,7.378134489881E-2,
-3.394148038844E-2));
#550=CARTESIAN_POINT('',(0.E0,7.516312194880E-2,-3.4875E-2));
#551=CARTESIAN_POINT('',(1.445561298107E-2,7.378134489881E-2,
-3.580851961156E-2));
#552=CARTESIAN_POINT('',(2.877982057010E-2,6.948063314299E-2,-3.6828125E-2));
#553=CARTESIAN_POINT('',(4.194962733789E-2,6.239295126813E-2,
-3.784773038844E-2));
#554=CARTESIAN_POINT('',(5.314835322515E-2,5.314835322515E-2,-3.878125E-2));
#555=CARTESIAN_POINT('',(6.239295126813E-2,4.194962733789E-2,
-3.971476961156E-2));
#556=CARTESIAN_POINT('',(6.948063314299E-2,2.877982057010E-2,-4.0734375E-2));
#557=CARTESIAN_POINT('',(7.378134489881E-2,1.445561298107E-2,
-4.175398038844E-2));
#558=CARTESIAN_POINT('',(7.516312194880E-2,0.E0,-4.26875E-2));
#559=CARTESIAN_POINT('',(7.378134489881E-2,-1.445561298107E-2,
-4.362101961156E-2));
#560=CARTESIAN_POINT('',(6.948063314299E-2,-2.877982057010E-2,-4.4640625E-2));
#561=CARTESIAN_POINT('',(6.239295126813E-2,-4.194962733789E-2,
-4.566023038844E-2));
#562=CARTESIAN_POINT('',(5.314835322515E-2,-5.314835322515E-2,-4.659375E-2));
#563=CARTESIAN_POINT('',(4.194962733789E-2,-6.239295126813E-2,
-4.752726961156E-2));
#564=CARTESIAN_POINT('',(2.877982057010E-2,-6.948063314299E-2,-4.8546875E-2));
#565=CARTESIAN_POINT('',(1.445561298107E-2,-7.378134489881E-2,
-4.956648038844E-2));
#566=CARTESIAN_POINT('',(0.E0,-7.516312194880E-2,-5.05E-2));
#567=CARTESIAN_POINT('',(-1.445561298107E-2,-7.378134489881E-2,
-5.143351961156E-2));
#568=CARTESIAN_POINT('',(-2.877982057010E-2,-6.948063314299E-2,-5.2453125E-2));
#569=CARTESIAN_POINT('',(-4.194962733789E-2,-6.239295126813E-2,
-5.347273038844E-2));
#570=CARTESIAN_POINT('',(-5.314835322515E-2,-5.314835322515E-2,-5.440625E-2));
#571=CARTESIAN_POINT('',(-6.239295126813E-2,-4.194962733789E-2,
-5.533976961156E-2));
#572=CARTESIAN_POINT('',(-6.948063314299E-2,-2.877982057010E-2,-5.6359375E-2));
#573=CARTESIAN_POINT('',(-7.378134489881E-2,-1.445561298107E-2,
-5.737898038844E-2));
#574=CARTESIAN_POINT('',(-7.516312194880E-2,0.E0,-5.83125E-2));
#575=CARTESIAN_POINT('',(-7.378134489881E-2,1.445561298107E-2,
-5.924601961156E-2));
#576=CARTESIAN_POINT('',(-6.948063314299E-2,2.877982057010E-2,-6.0265625E-2));
#577=CARTESIAN_POINT('',(-6.239295126813E-2,4.194962733789E-2,
-6.128523038844E-2));
#578=CARTESIAN_POINT('',(-5.314835322515E-2,5.314835322515E-2,-6.221875E-2));
#579=CARTESIAN_POINT('',(-4.194962733789E-2,6.239295126813E-2,
-6.315226961156E-2));
#580=CARTESIAN_POINT('',(-2.877982057010E-2,6.948063314299E-2,-6.4171875E-2));
#581=CARTESIAN_POINT('',(-1.445561298107E-2,7.378134489881E-2,
-6.519148038844E-2));
#582=CARTESIAN_POINT('',(0.E0,7.516312194880E-2,-6.6125E-2));
#583=CARTESIAN_POINT('',(1.445561298107E-2,7.378134489881E-2,
-6.705851961156E-2));
#584=CARTESIAN_POINT('',(2.877982057010E-2,6.948063314299E-2,-6.8078125E-2));
#585=CARTESIAN_POINT('',(4.194962733789E-2,6.239295126813E-2,
-6.909773038844E-2));
#586=CARTESIAN_POINT('',(5.314835322515E-2,5.314835322515E-2,-7.003125E-2));
#587=CARTESIAN_POINT('',(6.239295126813E-2,4.194962733789E-2,
-7.096476961156E-2));
#588=CARTESIAN_POINT('',(6.948063314299E-2,2.877982057010E-2,-7.1984375E-2));
#589=CARTESIAN_POINT('',(7.378134489881E-2,1.445561298107E-2,
-7.300398038844E-2));
#590=CARTESIAN_POINT('',(7.516312194880E-2,0.E0,-7.39375E-2));
#591=CARTESIAN_POINT('',(7.378134489881E-2,-1.445561298107E-2,
-7.487101961156E-2));
#592=CARTESIAN_POINT('',(6.948063314299E-2,-2.877982057010E-2,-7.5890625E-2));
#593=CARTESIAN_POINT('',(6.239295126813E-2,-4.194962733789E-2,
-7.691023038844E-2));
#594=CARTESIAN_POINT('',(5.314835322515E-2,-5.314835322515E-2,-7.784375E-2));
#595=CARTESIAN_POINT('',(4.194962733789E-2,-6.239295126813E-2,
-7.877726961156E-2));
#596=CARTESIAN_POINT('',(2.877982057010E-2,-6.948063314299E-2,-7.9796875E-2));
#597=CARTESIAN_POINT('',(1.445561298107E-2,-7.378134489881E-2,
-8.081648038844E-2));
#598=CARTESIAN_POINT('',(0.E0,-7.516312194880E-2,-8.175E-2));
#599=CARTESIAN_POINT('',(-1.445561298107E-2,-7.378134489881E-2,
-8.268351961156E-2));
#600=CARTESIAN_POINT('',(-2.877982057010E-2,-6.948063314299E-2,-8.3703125E-2));
#601=CARTESIAN_POINT('',(-4.194962733789E-2,-6.239295126813E-2,
-8.472273038844E-2));
#602=CARTESIAN_POINT('',(-5.314835322515E-2,-5.314835322515E-2,-8.565625E-2));
#603=CARTESIAN_POINT('',(-6.239295126813E-2,-4.194962733789E-2,
-8.658976961156E-2));
#604=CARTESIAN_POINT('',(-6.948063314299E-2,-2.877982057010E-2,-8.7609375E-2));
#605=CARTESIAN_POINT('',(-7.378134489881E-2,-1.445561298107E-2,
-8.862898038844E-2));
#606=CARTESIAN_POINT('',(-7.516312194880E-2,0.E0,-8.95625E-2));
#607=CARTESIAN_POINT('',(-7.378134489881E-2,1.445561298107E-2,
-9.049601961156E-2));
#608=CARTESIAN_POINT('',(-6.948063314299E-2,2.877982057010E-2,-9.1515625E-2));
#609=CARTESIAN_POINT('',(-6.239295126813E-2,4.194962733789E-2,
-9.253523038844E-2));
#610=CARTESIAN_POINT('',(-5.314835322515E-2,5.314835322515E-2,-9.346875E-2));
#611=CARTESIAN_POINT('',(-4.194962733789E-2,6.239295126813E-2,
-9.440226961156E-2));
#612=CARTESIAN_POINT('',(-2.877982057010E-2,6.948063314299E-2,-9.5421875E-2));
#613=CARTESIAN_POINT('',(-1.445561298107E-2,7.378134489881E-2,
-9.644148038844E-2));
#614=CARTESIAN_POINT('',(0.E0,7.516312194880E-2,-9.7375E-2));
#615=CARTESIAN_POINT('',(1.445561298107E-2,7.378134489881E-2,
-9.830851961156E-2));
#616=CARTESIAN_POINT('',(2.877982057010E-2,6.948063314299E-2,-9.9328125E-2));
#617=CARTESIAN_POINT('',(4.194962733789E-2,6.239295126813E-2,
-1.003477303884E-1));
#618=CARTESIAN_POINT('',(5.314835322515E-2,5.314835322515E-2,-1.0128125E-1));
#619=CARTESIAN_POINT('',(6.239295126813E-2,4.194962733789E-2,
-1.022147696116E-1));
#620=CARTESIAN_POINT('',(6.948063314299E-2,2.877982057010E-2,-1.03234375E-1));
#621=CARTESIAN_POINT('',(7.378134489881E-2,1.445561298107E-2,
-1.042539803884E-1));
#622=CARTESIAN_POINT('',(7.516312194880E-2,0.E0,-1.051875E-1));
#623=CARTESIAN_POINT('',(7.378134489881E-2,-1.445561298107E-2,
-1.061210196116E-1));
#624=CARTESIAN_POINT('',(6.948063314299E-2,-2.877982057010E-2,-1.07140625E-1));
#625=CARTESIAN_POINT('',(6.239295126813E-2,-4.194962733789E-2,
-1.081602303884E-1));
#626=CARTESIAN_POINT('',(5.314835322515E-2,-5.314835322515E-2,-1.0909375E-1));
#627=CARTESIAN_POINT('',(4.194962733789E-2,-6.239295126813E-2,
-1.100272696116E-1));
#628=CARTESIAN_POINT('',(2.877982057010E-2,-6.948063314299E-2,-1.11046875E-1));
#629=CARTESIAN_POINT('',(1.445561298107E-2,-7.378134489881E-2,
-1.120664803884E-1));
#630=CARTESIAN_POINT('',(0.E0,-7.516312194880E-2,-1.13E-1));
#631=CARTESIAN_POINT('',(-1.445561298107E-2,-7.378134489881E-2,
-1.139335196116E-1));
#632=CARTESIAN_POINT('',(-2.877982057010E-2,-6.948063314299E-2,-1.14953125E-1));
#633=CARTESIAN_POINT('',(-4.194962733789E-2,-6.239295126813E-2,
-1.159727303884E-1));
#634=CARTESIAN_POINT('',(-5.314835322515E-2,-5.314835322515E-2,-1.1690625E-1));
#635=CARTESIAN_POINT('',(-6.239295126813E-2,-4.194962733789E-2,
-1.178397696116E-1));
#636=CARTESIAN_POINT('',(-6.948063314299E-2,-2.877982057010E-2,-1.18859375E-1));
#637=CARTESIAN_POINT('',(-7.378134489881E-2,-1.445561298107E-2,
-1.198789803884E-1));
#638=CARTESIAN_POINT('',(-7.516312194880E-2,0.E0,-1.208125E-1));
#639=CARTESIAN_POINT('',(-7.378134489881E-2,1.445561298107E-2,
-1.217460196116E-1));
#640=CARTESIAN_POINT('',(-6.948063314299E-2,2.877982057010E-2,-1.22765625E-1));
#641=CARTESIAN_POINT('',(-6.239295126813E-2,4.194962733789E-2,
-1.237852303884E-1));
#642=CARTESIAN_POINT('',(-5.314835322515E-2,5.314835322515E-2,-1.2471875E-1));
#643=CARTESIAN_POINT('',(-4.194962733789E-2,6.239295126813E-2,
-1.256522696116E-1));
#644=CARTESIAN_POINT('',(-2.877982057010E-2,6.948063314299E-2,-1.26671875E-1));
#645=CARTESIAN_POINT('',(-1.445561298107E-2,7.378134489881E-2,
-1.276914803884E-1));
#646=CARTESIAN_POINT('',(0.E0,7.516312194880E-2,-1.28625E-1));
#647=CARTESIAN_POINT('',(1.445561298107E-2,7.378134489881E-2,
-1.295585196116E-1));
#648=CARTESIAN_POINT('',(2.877982057010E-2,6.948063314299E-2,-1.30578125E-1));
#649=CARTESIAN_POINT('',(4.194962733789E-2,6.239295126813E-2,
-1.315977303884E-1));
#650=CARTESIAN_POINT('',(5.314835322515E-2,5.314835322515E-2,-1.3253125E-1));
#651=CARTESIAN_POINT('',(6.239295126813E-2,4.194962733789E-2,
-1.334647696116E-1));
#652=CARTESIAN_POINT('',(6.948063314299E-2,2.877982057010E-2,-1.34484375E-1));
#653=CARTESIAN_POINT('',(7.378134489881E-2,1.445561298107E-2,
-1.355039803884E-1));
#654=CARTESIAN_POINT('',(7.516312194880E-2,0.E0,-1.364375E-1));
#655=CARTESIAN_POINT('',(7.378134489881E-2,-1.445561298106E-2,
-1.373710196116E-1));
#656=CARTESIAN_POINT('',(6.948063314299E-2,-2.877982057010E-2,-1.38390625E-1));
#657=CARTESIAN_POINT('',(6.239295126813E-2,-4.194962733789E-2,
-1.394102303884E-1));
#658=CARTESIAN_POINT('',(5.314835322515E-2,-5.314835322515E-2,-1.4034375E-1));
#659=CARTESIAN_POINT('',(4.194962733789E-2,-6.239295126813E-2,
-1.412772696116E-1));
#660=CARTESIAN_POINT('',(2.877982057010E-2,-6.948063314299E-2,-1.42296875E-1));
#661=CARTESIAN_POINT('',(1.445561298107E-2,-7.378134489881E-2,
-1.433164803884E-1));
#662=CARTESIAN_POINT('',(0.E0,-7.516312194880E-2,-1.4425E-1));
#663=CARTESIAN_POINT('',(-1.445561298107E-2,-7.378134489881E-2,
-1.451835196116E-1));
#664=CARTESIAN_POINT('',(-2.877982057010E-2,-6.948063314299E-2,-1.46203125E-1));
#665=CARTESIAN_POINT('',(-4.194962733789E-2,-6.239295126813E-2,
-1.472227303884E-1));
#666=CARTESIAN_POINT('',(-5.314835322515E-2,-5.314835322515E-2,-1.4815625E-1));
#667=CARTESIAN_POINT('',(-6.239295126813E-2,-4.194962733789E-2,
-1.490897696116E-1));
#668=CARTESIAN_POINT('',(-6.948063314299E-2,-2.877982057010E-2,-1.50109375E-1));
#669=CARTESIAN_POINT('',(-7.378134489881E-2,-1.445561298107E-2,
-1.511289803884E-1));
#670=CARTESIAN_POINT('',(-7.516312194880E-2,0.E0,-1.520625E-1));
#671=CARTESIAN_POINT('',(-7.378134489881E-2,1.445561298107E-2,
-1.529960196116E-1));
#672=CARTESIAN_POINT('',(-6.948063314299E-2,2.877982057010E-2,-1.54015625E-1));
#673=CARTESIAN_POINT('',(-6.239295126813E-2,4.194962733789E-2,
-1.550352303884E-1));
#674=CARTESIAN_POINT('',(-5.314835322515E-2,5.314835322515E-2,-1.5596875E-1));
#675=CARTESIAN_POINT('',(-4.194962733789E-2,6.239295126813E-2,
-1.569022696116E-1));
#676=CARTESIAN_POINT('',(-2.877982057010E-2,6.948063314299E-2,-1.57921875E-1));
#677=CARTESIAN_POINT('',(-1.445561298107E-2,7.378134489881E-2,
-1.589414803884E-1));
#678=CARTESIAN_POINT('',(0.E0,7.516312194880E-2,-1.59875E-1));
#679=CARTESIAN_POINT('',(1.445561298107E-2,7.378134489881E-2,
-1.608085196116E-1));
#680=CARTESIAN_POINT('',(2.877982057010E-2,6.948063314299E-2,-1.61828125E-1));
#681=CARTESIAN_POINT('',(4.194962733789E-2,6.239295126813E-2,
-1.628477303884E-1));
#682=CARTESIAN_POINT('',(5.314835322515E-2,5.314835322515E-2,-1.6378125E-1));
#683=CARTESIAN_POINT('',(6.239295126813E-2,4.194962733789E-2,
-1.647147696116E-1));
#684=CARTESIAN_POINT('',(6.948063314299E-2,2.877982057010E-2,-1.65734375E-1));
#685=CARTESIAN_POINT('',(7.378134489881E-2,1.445561298107E-2,
-1.667539803884E-1));
#686=CARTESIAN_POINT('',(7.516312194880E-2,0.E0,-1.676875E-1));
#687=CARTESIAN_POINT('',(7.378134489881E-2,-1.445561298107E-2,
-1.686210196116E-1));
#688=CARTESIAN_POINT('',(6.948063314299E-2,-2.877982057010E-2,-1.69640625E-1));
#689=CARTESIAN_POINT('',(6.239295126813E-2,-4.194962733789E-2,
-1.706602303884E-1));
#690=CARTESIAN_POINT('',(5.314835322515E-2,-5.314835322515E-2,-1.7159375E-1));
#691=CARTESIAN_POINT('',(4.194962733789E-2,-6.239295126813E-2,
-1.725272696116E-1));
#692=CARTESIAN_POINT('',(2.877982057010E-2,-6.948063314299E-2,-1.73546875E-1));
#693=CARTESIAN_POINT('',(1.445561298107E-2,-7.378134489881E-2,
-1.745664803884E-1));
#694=CARTESIAN_POINT('',(0.E0,-7.516312194880E-2,-1.755E-1));
#695=CARTESIAN_POINT('',(-1.445561298107E-2,-7.378134489881E-2,
-1.764335196116E-1));
#696=CARTESIAN_POINT('',(-2.877982057010E-2,-6.948063314299E-2,-1.77453125E-1));
#697=CARTESIAN_POINT('',(-4.194962733789E-2,-6.239295126813E-2,
-1.784727303884E-1));
#698=CARTESIAN_POINT('',(-5.314835322515E-2,-5.314835322515E-2,-1.7940625E-1));
#699=CARTESIAN_POINT('',(-6.239295126813E-2,-4.194962733789E-2,
-1.803397696116E-1));
#700=CARTESIAN_POINT('',(-6.948063314299E-2,-2.877982057010E-2,-1.81359375E-1));
#701=CARTESIAN_POINT('',(-7.378134489881E-2,-1.445561298107E-2,
-1.823789803884E-1));
#702=CARTESIAN_POINT('',(-7.516312194880E-2,0.E0,-1.833125E-1));
#703=CARTESIAN_POINT('',(-7.378134489881E-2,1.445561298107E-2,
-1.842460196116E-1));
#704=CARTESIAN_POINT('',(-6.948063314299E-2,2.877982057010E-2,-1.85265625E-1));
#705=CARTESIAN_POINT('',(-6.239295126813E-2,4.194962733789E-2,
-1.862852303884E-1));
#706=CARTESIAN_POINT('',(-5.314835322515E-2,5.314835322515E-2,-1.8721875E-1));
#707=CARTESIAN_POINT('',(-4.194962733789E-2,6.239295126813E-2,
-1.881522696116E-1));
#708=CARTESIAN_POINT('',(-2.877982057010E-2,6.948063314299E-2,-1.89171875E-1));
#709=CARTESIAN_POINT('',(-1.445561298106E-2,7.378134489881E-2,
-1.901914803884E-1));
#710=CARTESIAN_POINT('',(0.E0,7.516312194880E-2,-1.91125E-1));
#711=CARTESIAN_POINT('',(1.445561298107E-2,7.378134489881E-2,
-1.920585196116E-1));
#712=CARTESIAN_POINT('',(2.877982057010E-2,6.948063314299E-2,-1.93078125E-1));
#713=CARTESIAN_POINT('',(4.194962733789E-2,6.239295126813E-2,
-1.940977303884E-1));
#714=CARTESIAN_POINT('',(5.314835322515E-2,5.314835322515E-2,-1.9503125E-1));
#715=CARTESIAN_POINT('',(6.239295126813E-2,4.194962733789E-2,
-1.959647696116E-1));
#716=CARTESIAN_POINT('',(6.948063314299E-2,2.877982057010E-2,-1.96984375E-1));
#717=CARTESIAN_POINT('',(7.378134489881E-2,1.445561298107E-2,
-1.980039803884E-1));
#718=CARTESIAN_POINT('',(7.516312194880E-2,0.E0,-1.989375E-1));
#719=CARTESIAN_POINT('',(7.378134489881E-2,-1.445561298107E-2,
-1.998710196116E-1));
#720=CARTESIAN_POINT('',(6.948063314299E-2,-2.877982057010E-2,-2.00890625E-1));
#721=CARTESIAN_POINT('',(6.239295126813E-2,-4.194962733789E-2,
-2.019102303884E-1));
#722=CARTESIAN_POINT('',(5.314835322515E-2,-5.314835322515E-2,-2.0284375E-1));
#723=CARTESIAN_POINT('',(4.194962733789E-2,-6.239295126813E-2,
-2.037772696116E-1));
#724=CARTESIAN_POINT('',(2.877982057010E-2,-6.948063314299E-2,-2.04796875E-1));
#725=CARTESIAN_POINT('',(1.445561298107E-2,-7.378134489881E-2,
-2.058164803884E-1));
#726=CARTESIAN_POINT('',(0.E0,-7.516312194880E-2,-2.0675E-1));
#727=CARTESIAN_POINT('',(-1.445561298107E-2,-7.378134489881E-2,
-2.076835196116E-1));
#728=CARTESIAN_POINT('',(-2.877982057010E-2,-6.948063314299E-2,-2.08703125E-1));
#729=CARTESIAN_POINT('',(-4.194962733789E-2,-6.239295126813E-2,
-2.097227303884E-1));
#730=CARTESIAN_POINT('',(-5.314835322515E-2,-5.314835322515E-2,-2.1065625E-1));
#731=CARTESIAN_POINT('',(-6.239295126813E-2,-4.194962733789E-2,
-2.115897696116E-1));
#732=CARTESIAN_POINT('',(-6.948063314299E-2,-2.877982057010E-2,-2.12609375E-1));
#733=CARTESIAN_POINT('',(-7.378134489881E-2,-1.445561298107E-2,
-2.136289803884E-1));
#734=CARTESIAN_POINT('',(-7.516312194880E-2,0.E0,-2.145625E-1));
#735=CARTESIAN_POINT('',(-7.378134489881E-2,1.445561298107E-2,
-2.154960196116E-1));
#736=CARTESIAN_POINT('',(-6.948063314299E-2,2.877982057010E-2,-2.16515625E-1));
#737=CARTESIAN_POINT('',(-6.239295126813E-2,4.194962733789E-2,
-2.175352303884E-1));
#738=CARTESIAN_POINT('',(-5.314835322515E-2,5.314835322515E-2,-2.1846875E-1));
#739=CARTESIAN_POINT('',(-4.194962733789E-2,6.239295126813E-2,
-2.194022696116E-1));
#740=CARTESIAN_POINT('',(-2.877982057010E-2,6.948063314299E-2,-2.20421875E-1));
#741=CARTESIAN_POINT('',(-1.445561298107E-2,7.378134489881E-2,
-2.214414803884E-1));
#742=CARTESIAN_POINT('',(0.E0,7.516312194880E-2,-2.22375E-1));
#743=CARTESIAN_POINT('',(1.445561298107E-2,7.378134489881E-2,
-2.233085196116E-1));
#744=CARTESIAN_POINT('',(2.877982057010E-2,6.948063314299E-2,-2.24328125E-1));
#745=CARTESIAN_POINT('',(4.194962733789E-2,6.239295126813E-2,
-2.253477303884E-1));
#746=CARTESIAN_POINT('',(5.314835322515E-2,5.314835322515E-2,-2.2628125E-1));
#747=CARTESIAN_POINT('',(6.239295126813E-2,4.194962733789E-2,
-2.272147696116E-1));
#748=CARTESIAN_POINT('',(6.948063314299E-2,2.877982057010E-2,-2.28234375E-1));
#749=CARTESIAN_POINT('',(7.378134489881E-2,1.445561298107E-2,
-2.292539803884E-1));
#750=CARTESIAN_POINT('',(7.516312194880E-2,0.E0,-2.301875E-1));
#751=CARTESIAN_POINT('',(7.378134489881E-2,-1.445561298107E-2,
-2.311210196116E-1));
#752=CARTESIAN_POINT('',(6.948063314299E-2,-2.877982057010E-2,-2.32140625E-1));
#753=CARTESIAN_POINT('',(6.239295126813E-2,-4.194962733789E-2,
-2.331602303884E-1));
#754=CARTESIAN_POINT('',(5.314835322515E-2,-5.314835322515E-2,-2.3409375E-1));
#755=CARTESIAN_POINT('',(4.194962733789E-2,-6.239295126813E-2,
-2.350272696116E-1));
#756=CARTESIAN_POINT('',(2.877982057010E-2,-6.948063314299E-2,-2.36046875E-1));
#757=CARTESIAN_POINT('',(1.445561298107E-2,-7.378134489881E-2,
-2.370664803884E-1));
#758=CARTESIAN_POINT('',(0.E0,-7.516312194880E-2,-2.38E-1));
#759=CARTESIAN_POINT('',(-1.445561298107E-2,-7.378134489881E-2,
-2.389335196116E-1));
#760=CARTESIAN_POINT('',(-2.877982057010E-2,-6.948063314299E-2,-2.39953125E-1));
#761=CARTESIAN_POINT('',(-4.194962733789E-2,-6.239295126813E-2,
-2.409727303884E-1));
#762=CARTESIAN_POINT('',(-5.314835322515E-2,-5.314835322515E-2,-2.4190625E-1));
#763=CARTESIAN_POINT('',(-6.239295126813E-2,-4.194962733789E-2,
-2.428397696116E-1));
#764=CARTESIAN_POINT('',(-6.948063314299E-2,-2.877982057010E-2,-2.43859375E-1));
#765=CARTESIAN_POINT('',(-7.378134489881E-2,-1.445561298107E-2,
-2.448789803884E-1));
#766=CARTESIAN_POINT('',(-7.516312194880E-2,0.E0,-2.458125E-1));
#767=CARTESIAN_POINT('',(-7.378134489881E-2,1.445561298107E-2,
-2.467460196116E-1));
#768=CARTESIAN_POINT('',(-6.948063314299E-2,2.877982057010E-2,-2.47765625E-1));
#769=CARTESIAN_POINT('',(-6.239295126813E-2,4.194962733789E-2,
-2.487852303884E-1));
#770=CARTESIAN_POINT('',(-5.314835322515E-2,5.314835322515E-2,-2.4971875E-1));
#771=CARTESIAN_POINT('',(-4.194962733789E-2,6.239295126813E-2,
-2.506522696116E-1));
#772=CARTESIAN_POINT('',(-2.877982057010E-2,6.948063314299E-2,-2.51671875E-1));
#773=CARTESIAN_POINT('',(-1.445561298107E-2,7.378134489881E-2,
-2.526914803884E-1));
#774=CARTESIAN_POINT('',(0.E0,7.516312194880E-2,-2.53625E-1));
#775=CARTESIAN_POINT('',(1.445561298107E-2,7.378134489881E-2,
-2.545585196116E-1));
#776=CARTESIAN_POINT('',(2.877982057010E-2,6.948063314299E-2,-2.55578125E-1));
#777=CARTESIAN_POINT('',(4.194962733789E-2,6.239295126813E-2,
-2.565977303884E-1));
#778=CARTESIAN_POINT('',(5.314835322515E-2,5.314835322515E-2,-2.5753125E-1));
#779=CARTESIAN_POINT('',(6.239295126813E-2,4.194962733789E-2,
-2.584647696116E-1));
#780=CARTESIAN_POINT('',(6.948063314299E-2,2.877982057010E-2,-2.59484375E-1));
#781=CARTESIAN_POINT('',(7.378134489881E-2,1.445561298107E-2,
-2.605039803884E-1));
#782=CARTESIAN_POINT('',(7.516312194880E-2,0.E0,-2.614375E-1));
#783=CARTESIAN_POINT('',(7.378134489881E-2,-1.445561298107E-2,
-2.623710196116E-1));
#784=CARTESIAN_POINT('',(6.948063314299E-2,-2.877982057010E-2,-2.63390625E-1));
#785=CARTESIAN_POINT('',(6.239295126813E-2,-4.194962733789E-2,
-2.644102303884E-1));
#786=CARTESIAN_POINT('',(5.314835322515E-2,-5.314835322515E-2,-2.6534375E-1));
#787=CARTESIAN_POINT('',(4.194962733789E-2,-6.239295126813E-2,
-2.662772696116E-1));
#788=CARTESIAN_POINT('',(2.877982057010E-2,-6.948063314299E-2,-2.67296875E-1));
#789=CARTESIAN_POINT('',(1.445561298107E-2,-7.378134489881E-2,
-2.683164803884E-1));
#790=CARTESIAN_POINT('',(0.E0,-7.516312194880E-2,-2.6925E-1));
#791=CARTESIAN_POINT('',(-1.445561298107E-2,-7.378134489881E-2,
-2.701835196116E-1));
#792=CARTESIAN_POINT('',(-2.877982057010E-2,-6.948063314299E-2,-2.71203125E-1));
#793=CARTESIAN_POINT('',(-4.194962733789E-2,-6.239295126813E-2,
-2.722227303884E-1));
#794=CARTESIAN_POINT('',(-5.314835322515E-2,-5.314835322515E-2,-2.7315625E-1));
#795=CARTESIAN_POINT('',(-6.239295126813E-2,-4.194962733789E-2,
-2.740897696116E-1));
#796=CARTESIAN_POINT('',(-6.948063314299E-2,-2.877982057010E-2,-2.75109375E-1));
#797=CARTESIAN_POINT('',(-7.378134489881E-2,-1.445561298107E-2,
-2.761289803884E-1));
#798=CARTESIAN_POINT('',(-7.516312194880E-2,0.E0,-2.770625E-1));
#799=CARTESIAN_POINT('',(-7.378134489881E-2,1.445561298107E-2,
-2.779960196116E-1));
#800=CARTESIAN_POINT('',(-6.948063314299E-2,2.877982057010E-2,-2.79015625E-1));
#801=CARTESIAN_POINT('',(-6.239295126813E-2,4.194962733789E-2,
-2.800352303884E-1));
#802=CARTESIAN_POINT('',(-5.314835322515E-2,5.314835322515E-2,-2.8096875E-1));
#803=CARTESIAN_POINT('',(-4.194962733789E-2,6.239295126813E-2,
-2.819022696116E-1));
#804=CARTESIAN_POINT('',(-2.877982057010E-2,6.948063314299E-2,-2.82921875E-1));
#805=CARTESIAN_POINT('',(-1.445561298107E-2,7.378134489881E-2,
-2.839414803884E-1));
#806=CARTESIAN_POINT('',(0.E0,7.516312194880E-2,-2.84875E-1));
#807=CARTESIAN_POINT('',(1.445561298107E-2,7.378134489881E-2,
-2.858085196116E-1));
#808=CARTESIAN_POINT('',(2.877982057010E-2,6.948063314299E-2,-2.86828125E-1));
#809=CARTESIAN_POINT('',(4.194962733789E-2,6.239295126813E-2,
-2.878477303884E-1));
#810=CARTESIAN_POINT('',(5.314835322515E-2,5.314835322515E-2,-2.8878125E-1));
#811=CARTESIAN_POINT('',(6.239295126813E-2,4.194962733789E-2,
-2.897147696116E-1));
#812=CARTESIAN_POINT('',(6.948063314299E-2,2.877982057010E-2,-2.90734375E-1));
#813=CARTESIAN_POINT('',(7.378134489881E-2,1.445561298107E-2,
-2.917539803884E-1));
#814=CARTESIAN_POINT('',(7.516312194880E-2,0.E0,-2.926875E-1));
#815=CARTESIAN_POINT('',(7.378134489881E-2,-1.445561298107E-2,
-2.936210196116E-1));
#816=CARTESIAN_POINT('',(6.948063314299E-2,-2.877982057010E-2,-2.94640625E-1));
#817=CARTESIAN_POINT('',(6.239295126813E-2,-4.194962733789E-2,
-2.956602303884E-1));
#818=CARTESIAN_POINT('',(5.372179679717E-2,-5.245369485872E-2,
-2.965358436618E-1));
#819=CARTESIAN_POINT('',(4.706057424656E-2,-5.815325298983E-2,
-2.971002837314E-1));
#820=CARTESIAN_POINT('',(4.385437785690E-2,-6.047669639419E-2,
-2.973612864589E-1));
#822=CURVE_STYLE('',#20,POSITIVE_LENGTH_MEASURE(2.E-2),#3);
#823=PRESENTATION_STYLE_ASSIGNMENT((#822));
#824=STYLED_ITEM('',(#823),#821);
#825=DIRECTION('',(0.E0,9.474420358871E-14,-1.E0));
#826=VECTOR('',#825,3.90625E-3);
#827=CARTESIAN_POINT('',(9.5E-2,0.E0,1.9559375E-1));
#828=LINE('',#827,#826);
#829=CURVE_STYLE('',#20,POSITIVE_LENGTH_MEASURE(2.E-2),#3);
#830=PRESENTATION_STYLE_ASSIGNMENT((#829));
#831=STYLED_ITEM('',(#830),#828);
#832=CARTESIAN_POINT('',(7.752736164359E-2,5.490513762107E-2,
1.986778526358E-1));
#833=CARTESIAN_POINT('',(7.799508384256E-2,5.424468504083E-2,
1.986357847592E-1));
#834=CARTESIAN_POINT('',(8.188745936986E-2,4.859833800923E-2,
1.982753396532E-1));
#835=CARTESIAN_POINT('',(8.838921170949E-2,3.655531191398E-2,
1.975450307801E-1));
#836=CARTESIAN_POINT('',(9.381996089170E-2,1.839601120393E-2,
1.965277966503E-1));
#837=CARTESIAN_POINT('',(9.500000182365E-2,6.127785500602E-3,
1.959049229267E-1));
#838=CARTESIAN_POINT('',(9.5E-2,0.E0,1.9559375E-1));
#840=CURVE_STYLE('',#20,POSITIVE_LENGTH_MEASURE(2.E-2),#3);
#841=PRESENTATION_STYLE_ASSIGNMENT((#840));
#842=STYLED_ITEM('',(#841),#839);
#843=CARTESIAN_POINT('',(9.5E-2,0.E0,1.916875E-1));
#844=CARTESIAN_POINT('',(9.5E-2,6.127785500601E-3,1.919986732039E-1));
#845=CARTESIAN_POINT('',(9.382850537605E-2,1.838336068182E-2,
1.926210189765E-1));
#846=CARTESIAN_POINT('',(8.835930874973E-2,3.659958874137E-2,
1.936406272227E-1));
#847=CARTESIAN_POINT('',(7.934559315648E-2,5.334784080080E-2,
1.946602221328E-1));
#848=CARTESIAN_POINT('',(6.759001671763E-2,6.758912233616E-2,1.955937808E-1));
#849=CARTESIAN_POINT('',(5.334520524934E-2,7.934653513089E-2,
1.965271546674E-1));
#850=CARTESIAN_POINT('',(3.660923656575E-2,8.835643523354E-2,
1.975473039767E-1));
#851=CARTESIAN_POINT('',(2.365284910486E-2,9.224624099836E-2,
1.982692524677E-1));
#852=CARTESIAN_POINT('',(1.679405310566E-2,9.350728697589E-2,
1.986357779118E-1));
#853=CARTESIAN_POINT('',(1.600973459777E-2,9.364163687264E-2,
1.986771439449E-1));
#855=CURVE_STYLE('',#20,POSITIVE_LENGTH_MEASURE(2.E-2),#3);
#856=PRESENTATION_STYLE_ASSIGNMENT((#855));
#857=STYLED_ITEM('',(#856),#854);
#858=DIRECTION('',(0.E0,9.474420358871E-14,-1.E0));
#859=VECTOR('',#858,3.90625E-3);
#860=CARTESIAN_POINT('',(-9.5E-2,0.E0,1.7996875E-1));
#861=LINE('',#860,#859);
#862=CURVE_STYLE('',#20,POSITIVE_LENGTH_MEASURE(2.E-2),#3);
#863=PRESENTATION_STYLE_ASSIGNMENT((#862));
#864=STYLED_ITEM('',(#863),#861);
#865=CARTESIAN_POINT('',(9.5E-2,0.E0,1.9559375E-1));
#866=CARTESIAN_POINT('',(9.499999817635E-2,-6.127785500601E-3,
1.952825770733E-1));
#867=CARTESIAN_POINT('',(9.382852048325E-2,-1.838335650180E-2,
1.946602302598E-1));
#868=CARTESIAN_POINT('',(8.835925861002E-2,-3.659960337144E-2,
1.936406250345E-1));
#869=CARTESIAN_POINT('',(7.934577860810E-2,-5.334778646055E-2,
1.926210196023E-1));
#870=CARTESIAN_POINT('',(6.758932505083E-2,-6.758932506711E-2,
1.916875000025E-1));
#871=CARTESIAN_POINT('',(5.334778646491E-2,-7.934577854734E-2,
1.907539803878E-1));
#872=CARTESIAN_POINT('',(3.659960337027E-2,-8.835925883680E-2,
1.897343750002E-1));
#873=CARTESIAN_POINT('',(1.838335650212E-2,-9.382851963689E-2,
1.887147696115E-1));
#874=CARTESIAN_POINT('',(-8.383571614701E-14,-9.558574018156E-2,1.8778125E-1));
#875=CARTESIAN_POINT('',(-1.838335650178E-2,-9.382851963689E-2,
1.868477303884E-1));
#876=CARTESIAN_POINT('',(-3.659960337144E-2,-8.835925883680E-2,1.85828125E-1));
#877=CARTESIAN_POINT('',(-5.334778646054E-2,-7.934577854734E-2,
1.848085196116E-1));
#878=CARTESIAN_POINT('',(-6.758932506711E-2,-6.758932506711E-2,1.83875E-1));
#879=CARTESIAN_POINT('',(-7.934577854734E-2,-5.334778646054E-2,
1.829414803884E-1));
#880=CARTESIAN_POINT('',(-8.835925883680E-2,-3.659960337144E-2,1.81921875E-1));
#881=CARTESIAN_POINT('',(-9.382851963689E-2,-1.838335650180E-2,
1.809022696116E-1));
#882=CARTESIAN_POINT('',(-9.5E-2,-6.127785500601E-3,1.802799232039E-1));
#883=CARTESIAN_POINT('',(-9.5E-2,0.E0,1.7996875E-1));
#885=CURVE_STYLE('',#20,POSITIVE_LENGTH_MEASURE(2.E-2),#3);
#886=PRESENTATION_STYLE_ASSIGNMENT((#885));
#887=STYLED_ITEM('',(#886),#884);
#888=CARTESIAN_POINT('',(-9.5E-2,0.E0,1.760625E-1));
#889=CARTESIAN_POINT('',(-9.5E-2,-6.127785500601E-3,1.763736732039E-1));
#890=CARTESIAN_POINT('',(-9.382851963689E-2,-1.838335650180E-2,
1.769960196116E-1));
#891=CARTESIAN_POINT('',(-8.835925883680E-2,-3.659960337144E-2,1.78015625E-1));
#892=CARTESIAN_POINT('',(-7.934577854734E-2,-5.334778646054E-2,
1.790352303884E-1));
#893=CARTESIAN_POINT('',(-6.758932506711E-2,-6.758932506711E-2,1.7996875E-1));
#894=CARTESIAN_POINT('',(-5.334778646055E-2,-7.934577854733E-2,
1.809022696116E-1));
#895=CARTESIAN_POINT('',(-3.659960337144E-2,-8.835925883680E-2,1.81921875E-1));
#896=CARTESIAN_POINT('',(-1.838335650180E-2,-9.382851963689E-2,
1.829414803884E-1));
#897=CARTESIAN_POINT('',(0.E0,-9.558574018155E-2,1.83875E-1));
#898=CARTESIAN_POINT('',(1.838335650180E-2,-9.382851963689E-2,
1.848085196116E-1));
#899=CARTESIAN_POINT('',(3.659960337144E-2,-8.835925883680E-2,1.85828125E-1));
#900=CARTESIAN_POINT('',(5.334778646054E-2,-7.934577854734E-2,
1.868477303884E-1));
#901=CARTESIAN_POINT('',(6.758932506711E-2,-6.758932506711E-2,1.8778125E-1));
#902=CARTESIAN_POINT('',(7.934577854733E-2,-5.334778646055E-2,
1.887147696116E-1));
#903=CARTESIAN_POINT('',(8.835925883680E-2,-3.659960337144E-2,1.89734375E-1));
#904=CARTESIAN_POINT('',(9.382851963689E-2,-1.838335650180E-2,
1.907539803884E-1));
#905=CARTESIAN_POINT('',(9.5E-2,-6.127785500601E-3,1.913763267961E-1));
#906=CARTESIAN_POINT('',(9.5E-2,0.E0,1.916875E-1));
#908=CURVE_STYLE('',#20,POSITIVE_LENGTH_MEASURE(2.E-2),#3);
#909=PRESENTATION_STYLE_ASSIGNMENT((#908));
#910=STYLED_ITEM('',(#909),#907);
#911=CARTESIAN_POINT('',(9.5E-2,0.E0,1.604375E-1));
#912=CARTESIAN_POINT('',(9.5E-2,6.127785500602E-3,1.607486732039E-1));
#913=CARTESIAN_POINT('',(9.382851963689E-2,1.838335650180E-2,
1.613710196116E-1));
#914=CARTESIAN_POINT('',(8.835925883680E-2,3.659960337144E-2,1.62390625E-1));
#915=CARTESIAN_POINT('',(7.934577854733E-2,5.334778646055E-2,
1.634102303884E-1));
#916=CARTESIAN_POINT('',(6.758932506711E-2,6.758932506711E-2,1.6434375E-1));
#917=CARTESIAN_POINT('',(5.334778646054E-2,7.934577854734E-2,
1.652772696116E-1));
#918=CARTESIAN_POINT('',(3.659960337144E-2,8.835925883680E-2,1.66296875E-1));
#919=CARTESIAN_POINT('',(1.838335650180E-2,9.382851963689E-2,
1.673164803884E-1));
#920=CARTESIAN_POINT('',(0.E0,9.558574018155E-2,1.6825E-1));
#921=CARTESIAN_POINT('',(-1.838335650180E-2,9.382851963689E-2,
1.691835196116E-1));
#922=CARTESIAN_POINT('',(-3.659960337144E-2,8.835925883680E-2,1.70203125E-1));
#923=CARTESIAN_POINT('',(-5.334778646054E-2,7.934577854734E-2,
1.712227303884E-1));
#924=CARTESIAN_POINT('',(-6.758932506711E-2,6.758932506711E-2,1.7215625E-1));
#925=CARTESIAN_POINT('',(-7.934577854734E-2,5.334778646055E-2,
1.730897696116E-1));
#926=CARTESIAN_POINT('',(-8.835925883680E-2,3.659960337144E-2,1.74109375E-1));
#927=CARTESIAN_POINT('',(-9.382851963689E-2,1.838335650180E-2,
1.751289803884E-1));
#928=CARTESIAN_POINT('',(-9.5E-2,6.127785500601E-3,1.757513267961E-1));
#929=CARTESIAN_POINT('',(-9.5E-2,0.E0,1.760625E-1));
#931=CURVE_STYLE('',#20,POSITIVE_LENGTH_MEASURE(2.E-2),#3);
#932=PRESENTATION_STYLE_ASSIGNMENT((#931));
#933=STYLED_ITEM('',(#932),#930);
#934=DIRECTION('',(0.E0,0.E0,-1.E0));
#935=VECTOR('',#934,3.90625E-3);
#936=CARTESIAN_POINT('',(9.5E-2,0.E0,1.6434375E-1));
#937=LINE('',#936,#935);
#938=CURVE_STYLE('',#20,POSITIVE_LENGTH_MEASURE(2.E-2),#3);
#939=PRESENTATION_STYLE_ASSIGNMENT((#938));
#940=STYLED_ITEM('',(#939),#937);
#941=CARTESIAN_POINT('',(-9.5E-2,0.E0,1.7996875E-1));
#942=CARTESIAN_POINT('',(-9.5E-2,6.127785500601E-3,1.796575767961E-1));
#943=CARTESIAN_POINT('',(-9.382851963689E-2,1.838335650180E-2,
1.790352303884E-1));
#944=CARTESIAN_POINT('',(-8.835925883680E-2,3.659960337144E-2,1.78015625E-1));
#945=CARTESIAN_POINT('',(-7.934577854734E-2,5.334778646055E-2,
1.769960196116E-1));
#946=CARTESIAN_POINT('',(-6.758932506711E-2,6.758932506711E-2,1.760625E-1));
#947=CARTESIAN_POINT('',(-5.334778646054E-2,7.934577854734E-2,
1.751289803884E-1));
#948=CARTESIAN_POINT('',(-3.659960337144E-2,8.835925883680E-2,1.74109375E-1));
#949=CARTESIAN_POINT('',(-1.838335650180E-2,9.382851963689E-2,
1.730897696116E-1));
#950=CARTESIAN_POINT('',(0.E0,9.558574018155E-2,1.7215625E-1));
#951=CARTESIAN_POINT('',(1.838335650180E-2,9.382851963689E-2,
1.712227303884E-1));
#952=CARTESIAN_POINT('',(3.659960337144E-2,8.835925883680E-2,1.70203125E-1));
#953=CARTESIAN_POINT('',(5.334778646054E-2,7.934577854734E-2,
1.691835196116E-1));
#954=CARTESIAN_POINT('',(6.758932506711E-2,6.758932506711E-2,1.6825E-1));
#955=CARTESIAN_POINT('',(7.934577854734E-2,5.334778646054E-2,
1.673164803884E-1));
#956=CARTESIAN_POINT('',(8.835925883680E-2,3.659960337144E-2,1.66296875E-1));
#957=CARTESIAN_POINT('',(9.382851963689E-2,1.838335650180E-2,
1.652772696116E-1));
#958=CARTESIAN_POINT('',(9.5E-2,6.127785500602E-3,1.646549232039E-1));
#959=CARTESIAN_POINT('',(9.5E-2,0.E0,1.6434375E-1));
#961=CURVE_STYLE('',#20,POSITIVE_LENGTH_MEASURE(2.E-2),#3);
#962=PRESENTATION_STYLE_ASSIGNMENT((#961));
#963=STYLED_ITEM('',(#962),#960);
#964=CARTESIAN_POINT('',(0.E0,0.E0,-2.973599704012E-1));
#965=DIRECTION('',(0.E0,0.E0,1.E0));
#966=DIRECTION('',(-1.573388249196E-1,-9.875446795831E-1,0.E0));
#967=AXIS2_PLACEMENT_3D('',#964,#965,#966);
#969=CURVE_STYLE('',#20,POSITIVE_LENGTH_MEASURE(2.E-2),#3);
#970=PRESENTATION_STYLE_ASSIGNMENT((#969));
#971=STYLED_ITEM('',(#970),#968);
#972=CARTESIAN_POINT('',(-7.363338232216E-2,1.259832763759E-2,
1.635197011407E-1));
#973=CARTESIAN_POINT('',(-7.352840983816E-2,1.321044809777E-2,
1.634786417618E-1));
#974=CARTESIAN_POINT('',(-7.253051955357E-2,1.862168662655E-2,
1.631136870936E-1));
#975=CARTESIAN_POINT('',(-6.948063314299E-2,2.877982057010E-2,
1.623906252389E-1));
#976=CARTESIAN_POINT('',(-6.239295126813E-2,4.194962733789E-2,
1.613710198505E-1));
#977=CARTESIAN_POINT('',(-5.314835322515E-2,5.314835322515E-2,
1.604375002389E-1));
#978=CARTESIAN_POINT('',(-4.194962733789E-2,6.239295126813E-2,
1.595039806274E-1));
#979=CARTESIAN_POINT('',(-2.877982057010E-2,6.948063314299E-2,
1.584843752389E-1));
#980=CARTESIAN_POINT('',(-1.445561298107E-2,7.378134489881E-2,
1.574647698505E-1));
#981=CARTESIAN_POINT('',(0.E0,7.516312194880E-2,1.565312502389E-1));
#982=CARTESIAN_POINT('',(1.445561298107E-2,7.378134489881E-2,
1.555977306274E-1));
#983=CARTESIAN_POINT('',(2.877982057010E-2,6.948063314299E-2,
1.545781252389E-1));
#984=CARTESIAN_POINT('',(4.194962733789E-2,6.239295126813E-2,
1.535585198505E-1));
#985=CARTESIAN_POINT('',(5.314835322515E-2,5.314835322515E-2,
1.526250002389E-1));
#986=CARTESIAN_POINT('',(6.239295126813E-2,4.194962733789E-2,
1.516914806274E-1));
#987=CARTESIAN_POINT('',(6.948063314299E-2,2.877982057010E-2,
1.506718752389E-1));
#988=CARTESIAN_POINT('',(7.378134489881E-2,1.445561298107E-2,
1.496522698505E-1));
#989=CARTESIAN_POINT('',(7.516312194880E-2,0.E0,1.487187502389E-1));
#990=CARTESIAN_POINT('',(7.378134489881E-2,-1.445561298107E-2,
1.477852306274E-1));
#991=CARTESIAN_POINT('',(6.948063314299E-2,-2.877982057010E-2,
1.467656252389E-1));
#992=CARTESIAN_POINT('',(6.239295126813E-2,-4.194962733789E-2,
1.457460198505E-1));
#993=CARTESIAN_POINT('',(5.314835322515E-2,-5.314835322515E-2,
1.448125002389E-1));
#994=CARTESIAN_POINT('',(4.194962733789E-2,-6.239295126813E-2,
1.438789806274E-1));
#995=CARTESIAN_POINT('',(2.877982057010E-2,-6.948063314299E-2,
1.428593752389E-1));
#996=CARTESIAN_POINT('',(1.445561298107E-2,-7.378134489881E-2,
1.418397698505E-1));
#997=CARTESIAN_POINT('',(0.E0,-7.516312194880E-2,1.409062502389E-1));
#998=CARTESIAN_POINT('',(-1.445561298107E-2,-7.378134489881E-2,
1.399727306274E-1));
#999=CARTESIAN_POINT('',(-2.877982057010E-2,-6.948063314299E-2,
1.389531252389E-1));
#1000=CARTESIAN_POINT('',(-4.194962733789E-2,-6.239295126813E-2,
1.379335198505E-1));
#1001=CARTESIAN_POINT('',(-5.314835322515E-2,-5.314835322515E-2,
1.370000002389E-1));
#1002=CARTESIAN_POINT('',(-6.239295126813E-2,-4.194962733789E-2,
1.360664806274E-1));
#1003=CARTESIAN_POINT('',(-6.948063314299E-2,-2.877982057010E-2,
1.350468752389E-1));
#1004=CARTESIAN_POINT('',(-7.378134489881E-2,-1.445561298107E-2,
1.340272698505E-1));
#1005=CARTESIAN_POINT('',(-7.516312194880E-2,0.E0,1.330937502389E-1));
#1006=CARTESIAN_POINT('',(-7.378134489881E-2,1.445561298107E-2,
1.321602306274E-1));
#1007=CARTESIAN_POINT('',(-6.948063314299E-2,2.877982057010E-2,
1.311406252389E-1));
#1008=CARTESIAN_POINT('',(-6.239295126813E-2,4.194962733789E-2,
1.301210198505E-1));
#1009=CARTESIAN_POINT('',(-5.314835322515E-2,5.314835322515E-2,
1.291875002389E-1));
#1010=CARTESIAN_POINT('',(-4.194962733789E-2,6.239295126813E-2,
1.282539806274E-1));
#1011=CARTESIAN_POINT('',(-2.877982057010E-2,6.948063314299E-2,
1.272343752389E-1));
#1012=CARTESIAN_POINT('',(-1.445561298107E-2,7.378134489881E-2,
1.262147698505E-1));
#1013=CARTESIAN_POINT('',(0.E0,7.516312194880E-2,1.252812502389E-1));
#1014=CARTESIAN_POINT('',(1.445561298107E-2,7.378134489881E-2,
1.243477306274E-1));
#1015=CARTESIAN_POINT('',(2.877982057010E-2,6.948063314299E-2,
1.233281252389E-1));
#1016=CARTESIAN_POINT('',(4.194962733789E-2,6.239295126813E-2,
1.223085198505E-1));
#1017=CARTESIAN_POINT('',(5.314835322515E-2,5.314835322515E-2,
1.213750002389E-1));
#1018=CARTESIAN_POINT('',(6.239295126813E-2,4.194962733789E-2,
1.204414806274E-1));
#1019=CARTESIAN_POINT('',(6.948063314299E-2,2.877982057010E-2,
1.194218752389E-1));
#1020=CARTESIAN_POINT('',(7.378134489881E-2,1.445561298107E-2,
1.184022698505E-1));
#1021=CARTESIAN_POINT('',(7.516312194880E-2,0.E0,1.174687502389E-1));
#1022=CARTESIAN_POINT('',(7.378134489881E-2,-1.445561298107E-2,
1.165352306274E-1));
#1023=CARTESIAN_POINT('',(6.948063314299E-2,-2.877982057010E-2,
1.155156252389E-1));
#1024=CARTESIAN_POINT('',(6.239295126813E-2,-4.194962733789E-2,
1.144960198505E-1));
#1025=CARTESIAN_POINT('',(5.314835322515E-2,-5.314835322515E-2,
1.135625002389E-1));
#1026=CARTESIAN_POINT('',(4.194962733789E-2,-6.239295126813E-2,
1.126289806274E-1));
#1027=CARTESIAN_POINT('',(2.877982057010E-2,-6.948063314299E-2,
1.116093752389E-1));
#1028=CARTESIAN_POINT('',(1.445561298107E-2,-7.378134489881E-2,
1.105897698505E-1));
#1029=CARTESIAN_POINT('',(0.E0,-7.516312194880E-2,1.096562502389E-1));
#1030=CARTESIAN_POINT('',(-1.445561298107E-2,-7.378134489881E-2,
1.087227306274E-1));
#1031=CARTESIAN_POINT('',(-2.877982057010E-2,-6.948063314299E-2,
1.077031252389E-1));
#1032=CARTESIAN_POINT('',(-4.194962733789E-2,-6.239295126813E-2,
1.066835198505E-1));
#1033=CARTESIAN_POINT('',(-5.314835322515E-2,-5.314835322515E-2,
1.057500002389E-1));
#1034=CARTESIAN_POINT('',(-6.239295126813E-2,-4.194962733789E-2,
1.048164806274E-1));
#1035=CARTESIAN_POINT('',(-6.948063314299E-2,-2.877982057010E-2,
1.037968752389E-1));
#1036=CARTESIAN_POINT('',(-7.378134489881E-2,-1.445561298107E-2,
1.027772698505E-1));
#1037=CARTESIAN_POINT('',(-7.516312194880E-2,0.E0,1.018437502389E-1));
#1038=CARTESIAN_POINT('',(-7.378134489881E-2,1.445561298107E-2,
1.009102306274E-1));
#1039=CARTESIAN_POINT('',(-6.948063314299E-2,2.877982057010E-2,
9.989062523893E-2));
#1040=CARTESIAN_POINT('',(-6.239295126813E-2,4.194962733789E-2,
9.887101985049E-2));
#1041=CARTESIAN_POINT('',(-5.314835322515E-2,5.314835322515E-2,
9.793750023893E-2));
#1042=CARTESIAN_POINT('',(-4.194962733789E-2,6.239295126813E-2,
9.700398062737E-2));
#1043=CARTESIAN_POINT('',(-2.877982057010E-2,6.948063314299E-2,
9.598437523893E-2));
#1044=CARTESIAN_POINT('',(-1.445561298107E-2,7.378134489881E-2,
9.496476985049E-2));
#1045=CARTESIAN_POINT('',(0.E0,7.516312194880E-2,9.403125023893E-2));
#1046=CARTESIAN_POINT('',(1.445561298107E-2,7.378134489881E-2,
9.309773062737E-2));
#1047=CARTESIAN_POINT('',(2.877982057010E-2,6.948063314299E-2,
9.207812523893E-2));
#1048=CARTESIAN_POINT('',(4.194962733789E-2,6.239295126813E-2,
9.105851985049E-2));
#1049=CARTESIAN_POINT('',(5.314835322515E-2,5.314835322515E-2,
9.012500023893E-2));
#1050=CARTESIAN_POINT('',(6.239295126813E-2,4.194962733789E-2,
8.919148062737E-2));
#1051=CARTESIAN_POINT('',(6.948063314299E-2,2.877982057010E-2,
8.817187523893E-2));
#1052=CARTESIAN_POINT('',(7.378134489881E-2,1.445561298107E-2,
8.715226985049E-2));
#1053=CARTESIAN_POINT('',(7.516312194880E-2,0.E0,8.621875023893E-2));
#1054=CARTESIAN_POINT('',(7.378134489881E-2,-1.445561298107E-2,
8.528523062737E-2));
#1055=CARTESIAN_POINT('',(6.948063314299E-2,-2.877982057010E-2,
8.426562523893E-2));
#1056=CARTESIAN_POINT('',(6.239295126813E-2,-4.194962733789E-2,
8.324601985049E-2));
#1057=CARTESIAN_POINT('',(5.314835322515E-2,-5.314835322515E-2,
8.231250023893E-2));
#1058=CARTESIAN_POINT('',(4.194962733789E-2,-6.239295126813E-2,
8.137898062737E-2));
#1059=CARTESIAN_POINT('',(2.877982057010E-2,-6.948063314299E-2,
8.035937523893E-2));
#1060=CARTESIAN_POINT('',(1.445561298107E-2,-7.378134489881E-2,
7.933976985049E-2));
#1061=CARTESIAN_POINT('',(0.E0,-7.516312194880E-2,7.840625023893E-2));
#1062=CARTESIAN_POINT('',(-1.445561298107E-2,-7.378134489881E-2,
7.747273062737E-2));
#1063=CARTESIAN_POINT('',(-2.877982057010E-2,-6.948063314299E-2,
7.645312523893E-2));
#1064=CARTESIAN_POINT('',(-4.194962733789E-2,-6.239295126813E-2,
7.543351985049E-2));
#1065=CARTESIAN_POINT('',(-5.314835322515E-2,-5.314835322515E-2,
7.450000023893E-2));
#1066=CARTESIAN_POINT('',(-6.239295126813E-2,-4.194962733789E-2,
7.356648062737E-2));
#1067=CARTESIAN_POINT('',(-6.948063314299E-2,-2.877982057010E-2,
7.254687523893E-2));
#1068=CARTESIAN_POINT('',(-7.378134489881E-2,-1.445561298107E-2,
7.152726985049E-2));
#1069=CARTESIAN_POINT('',(-7.516312194880E-2,0.E0,7.059375023893E-2));
#1070=CARTESIAN_POINT('',(-7.378134489881E-2,1.445561298107E-2,
6.966023062737E-2));
#1071=CARTESIAN_POINT('',(-6.948063314299E-2,2.877982057010E-2,
6.864062523893E-2));
#1072=CARTESIAN_POINT('',(-6.239295126813E-2,4.194962733789E-2,
6.762101985049E-2));
#1073=CARTESIAN_POINT('',(-5.314835322515E-2,5.314835322515E-2,
6.668750023893E-2));
#1074=CARTESIAN_POINT('',(-4.194962733789E-2,6.239295126813E-2,
6.575398062737E-2));
#1075=CARTESIAN_POINT('',(-2.877982057010E-2,6.948063314299E-2,
6.473437523893E-2));
#1076=CARTESIAN_POINT('',(-1.445561298107E-2,7.378134489881E-2,
6.371476985049E-2));
#1077=CARTESIAN_POINT('',(0.E0,7.516312194880E-2,6.278125023893E-2));
#1078=CARTESIAN_POINT('',(1.445561298107E-2,7.378134489881E-2,
6.184773062737E-2));
#1079=CARTESIAN_POINT('',(2.877982057010E-2,6.948063314299E-2,
6.082812523893E-2));
#1080=CARTESIAN_POINT('',(4.194962733789E-2,6.239295126813E-2,
5.980851985049E-2));
#1081=CARTESIAN_POINT('',(5.314835322515E-2,5.314835322515E-2,
5.887500023893E-2));
#1082=CARTESIAN_POINT('',(6.239295126813E-2,4.194962733789E-2,
5.794148062737E-2));
#1083=CARTESIAN_POINT('',(6.948063314299E-2,2.877982057010E-2,
5.692187523893E-2));
#1084=CARTESIAN_POINT('',(7.378134489881E-2,1.445561298107E-2,
5.590226985049E-2));
#1085=CARTESIAN_POINT('',(7.516312194880E-2,0.E0,5.496875023893E-2));
#1086=CARTESIAN_POINT('',(7.378134489881E-2,-1.445561298107E-2,
5.403523062737E-2));
#1087=CARTESIAN_POINT('',(6.948063314299E-2,-2.877982057010E-2,
5.301562523893E-2));
#1088=CARTESIAN_POINT('',(6.239295126813E-2,-4.194962733789E-2,
5.199601985049E-2));
#1089=CARTESIAN_POINT('',(5.314835322515E-2,-5.314835322515E-2,
5.106250023893E-2));
#1090=CARTESIAN_POINT('',(4.194962733789E-2,-6.239295126813E-2,
5.012898062737E-2));
#1091=CARTESIAN_POINT('',(2.877982057010E-2,-6.948063314299E-2,
4.910937523893E-2));
#1092=CARTESIAN_POINT('',(1.445561298107E-2,-7.378134489881E-2,
4.808976985049E-2));
#1093=CARTESIAN_POINT('',(0.E0,-7.516312194880E-2,4.715625023893E-2));
#1094=CARTESIAN_POINT('',(-1.445561298107E-2,-7.378134489881E-2,
4.622273062737E-2));
#1095=CARTESIAN_POINT('',(-2.877982057010E-2,-6.948063314299E-2,
4.520312523893E-2));
#1096=CARTESIAN_POINT('',(-4.194962733789E-2,-6.239295126813E-2,
4.418351985049E-2));
#1097=CARTESIAN_POINT('',(-5.314835322515E-2,-5.314835322515E-2,
4.325000023893E-2));
#1098=CARTESIAN_POINT('',(-6.239295126813E-2,-4.194962733789E-2,
4.231648062737E-2));
#1099=CARTESIAN_POINT('',(-6.948063314299E-2,-2.877982057010E-2,
4.129687523893E-2));
#1100=CARTESIAN_POINT('',(-7.378134489881E-2,-1.445561298107E-2,
4.027726985049E-2));
#1101=CARTESIAN_POINT('',(-7.516312194880E-2,0.E0,3.934375023893E-2));
#1102=CARTESIAN_POINT('',(-7.378134489881E-2,1.445561298107E-2,
3.841023062737E-2));
#1103=CARTESIAN_POINT('',(-6.948063314299E-2,2.877982057010E-2,
3.739062523893E-2));
#1104=CARTESIAN_POINT('',(-6.239295126813E-2,4.194962733789E-2,
3.637101985049E-2));
#1105=CARTESIAN_POINT('',(-5.314835322515E-2,5.314835322515E-2,
3.543750023893E-2));
#1106=CARTESIAN_POINT('',(-4.194962733789E-2,6.239295126813E-2,
3.450398062737E-2));
#1107=CARTESIAN_POINT('',(-2.877982057010E-2,6.948063314299E-2,
3.348437523893E-2));
#1108=CARTESIAN_POINT('',(-1.445561298107E-2,7.378134489881E-2,
3.246476985049E-2));
#1109=CARTESIAN_POINT('',(0.E0,7.516312194880E-2,3.153125023893E-2));
#1110=CARTESIAN_POINT('',(1.445561298107E-2,7.378134489881E-2,
3.059773062737E-2));
#1111=CARTESIAN_POINT('',(2.877982057010E-2,6.948063314299E-2,
2.957812523893E-2));
#1112=CARTESIAN_POINT('',(4.194962733789E-2,6.239295126813E-2,
2.855851985049E-2));
#1113=CARTESIAN_POINT('',(5.314835322515E-2,5.314835322515E-2,
2.762500023893E-2));
#1114=CARTESIAN_POINT('',(6.239295126813E-2,4.194962733789E-2,
2.669148062737E-2));
#1115=CARTESIAN_POINT('',(6.948063314299E-2,2.877982057010E-2,
2.567187523893E-2));
#1116=CARTESIAN_POINT('',(7.378134489881E-2,1.445561298107E-2,
2.465226985049E-2));
#1117=CARTESIAN_POINT('',(7.516312194880E-2,0.E0,2.371875023893E-2));
#1118=CARTESIAN_POINT('',(7.378134489881E-2,-1.445561298107E-2,
2.278523062737E-2));
#1119=CARTESIAN_POINT('',(6.948063314299E-2,-2.877982057010E-2,
2.176562523893E-2));
#1120=CARTESIAN_POINT('',(6.239295126813E-2,-4.194962733789E-2,
2.074601985049E-2));
#1121=CARTESIAN_POINT('',(5.314835322515E-2,-5.314835322515E-2,
1.981250023893E-2));
#1122=CARTESIAN_POINT('',(4.194962733789E-2,-6.239295126813E-2,
1.887898062737E-2));
#1123=CARTESIAN_POINT('',(2.877982057010E-2,-6.948063314299E-2,
1.785937523893E-2));
#1124=CARTESIAN_POINT('',(1.445561298107E-2,-7.378134489881E-2,
1.683976985049E-2));
#1125=CARTESIAN_POINT('',(0.E0,-7.516312194880E-2,1.590625023893E-2));
#1126=CARTESIAN_POINT('',(-1.445561298107E-2,-7.378134489881E-2,
1.497273062737E-2));
#1127=CARTESIAN_POINT('',(-2.877982057010E-2,-6.948063314299E-2,
1.395312523893E-2));
#1128=CARTESIAN_POINT('',(-4.194962733789E-2,-6.239295126813E-2,
1.293351985049E-2));
#1129=CARTESIAN_POINT('',(-5.314835322515E-2,-5.314835322515E-2,
1.200000023893E-2));
#1130=CARTESIAN_POINT('',(-6.239295126813E-2,-4.194962733789E-2,
1.106648062737E-2));
#1131=CARTESIAN_POINT('',(-6.948063314299E-2,-2.877982057010E-2,
1.004687523893E-2));
#1132=CARTESIAN_POINT('',(-7.378134489881E-2,-1.445561298107E-2,
9.027269850491E-3));
#1133=CARTESIAN_POINT('',(-7.516312194880E-2,0.E0,8.093750238930E-3));
#1134=CARTESIAN_POINT('',(-7.378134489881E-2,1.445561298107E-2,
7.160230627369E-3));
#1135=CARTESIAN_POINT('',(-6.948063314299E-2,2.877982057010E-2,
6.140625238930E-3));
#1136=CARTESIAN_POINT('',(-6.239295126813E-2,4.194962733789E-2,
5.121019850491E-3));
#1137=CARTESIAN_POINT('',(-5.314835322515E-2,5.314835322515E-2,
4.187500238930E-3));
#1138=CARTESIAN_POINT('',(-4.194962733789E-2,6.239295126813E-2,
3.253980627369E-3));
#1139=CARTESIAN_POINT('',(-2.877982057010E-2,6.948063314299E-2,
2.234375238930E-3));
#1140=CARTESIAN_POINT('',(-1.445561298107E-2,7.378134489881E-2,
1.214769850491E-3));
#1141=CARTESIAN_POINT('',(0.E0,7.516312194880E-2,2.812502389299E-4));
#1142=CARTESIAN_POINT('',(1.445561298107E-2,7.378134489881E-2,
-6.522693726309E-4));
#1143=CARTESIAN_POINT('',(2.877982057010E-2,6.948063314299E-2,
-1.671874761070E-3));
#1144=CARTESIAN_POINT('',(4.194962733789E-2,6.239295126813E-2,
-2.691480149509E-3));
#1145=CARTESIAN_POINT('',(5.314835322515E-2,5.314835322515E-2,
-3.624999761070E-3));
#1146=CARTESIAN_POINT('',(6.239295126813E-2,4.194962733789E-2,
-4.558519372631E-3));
#1147=CARTESIAN_POINT('',(6.948063314299E-2,2.877982057010E-2,
-5.578124761070E-3));
#1148=CARTESIAN_POINT('',(7.378134489881E-2,1.445561298107E-2,
-6.597730149509E-3));
#1149=CARTESIAN_POINT('',(7.516312194880E-2,0.E0,-7.531249761070E-3));
#1150=CARTESIAN_POINT('',(7.378134489881E-2,-1.445561298107E-2,
-8.464769372631E-3));
#1151=CARTESIAN_POINT('',(6.948063314299E-2,-2.877982057010E-2,
-9.484374761070E-3));
#1152=CARTESIAN_POINT('',(6.239295126813E-2,-4.194962733789E-2,
-1.050398014951E-2));
#1153=CARTESIAN_POINT('',(5.314835322515E-2,-5.314835322515E-2,
-1.143749976107E-2));
#1154=CARTESIAN_POINT('',(4.194962733789E-2,-6.239295126813E-2,
-1.237101937263E-2));
#1155=CARTESIAN_POINT('',(2.877982057010E-2,-6.948063314299E-2,
-1.339062476107E-2));
#1156=CARTESIAN_POINT('',(1.445561298107E-2,-7.378134489881E-2,
-1.441023014951E-2));
#1157=CARTESIAN_POINT('',(0.E0,-7.516312194880E-2,-1.534374976107E-2));
#1158=CARTESIAN_POINT('',(-1.445561298107E-2,-7.378134489881E-2,
-1.627726937263E-2));
#1159=CARTESIAN_POINT('',(-2.877982057010E-2,-6.948063314299E-2,
-1.729687476107E-2));
#1160=CARTESIAN_POINT('',(-4.194962733789E-2,-6.239295126813E-2,
-1.831648014951E-2));
#1161=CARTESIAN_POINT('',(-5.314835322515E-2,-5.314835322515E-2,
-1.924999976107E-2));
#1162=CARTESIAN_POINT('',(-6.239295126813E-2,-4.194962733789E-2,
-2.018351937263E-2));
#1163=CARTESIAN_POINT('',(-6.948063314299E-2,-2.877982057010E-2,
-2.120312476107E-2));
#1164=CARTESIAN_POINT('',(-7.378134489881E-2,-1.445561298107E-2,
-2.222273014951E-2));
#1165=CARTESIAN_POINT('',(-7.516312194880E-2,0.E0,-2.315624976107E-2));
#1166=CARTESIAN_POINT('',(-7.378134489881E-2,1.445561298107E-2,
-2.408976937263E-2));
#1167=CARTESIAN_POINT('',(-6.948063314299E-2,2.877982057010E-2,
-2.510937476107E-2));
#1168=CARTESIAN_POINT('',(-6.239295126813E-2,4.194962733789E-2,
-2.612898014951E-2));
#1169=CARTESIAN_POINT('',(-5.314835322515E-2,5.314835322515E-2,
-2.706249976107E-2));
#1170=CARTESIAN_POINT('',(-4.194962733789E-2,6.239295126813E-2,
-2.799601937263E-2));
#1171=CARTESIAN_POINT('',(-2.877982057010E-2,6.948063314299E-2,
-2.901562476107E-2));
#1172=CARTESIAN_POINT('',(-1.445561298107E-2,7.378134489881E-2,
-3.003523014951E-2));
#1173=CARTESIAN_POINT('',(0.E0,7.516312194880E-2,-3.096874976107E-2));
#1174=CARTESIAN_POINT('',(1.445561298107E-2,7.378134489881E-2,
-3.190226937263E-2));
#1175=CARTESIAN_POINT('',(2.877982057010E-2,6.948063314299E-2,
-3.292187476107E-2));
#1176=CARTESIAN_POINT('',(4.194962733789E-2,6.239295126813E-2,
-3.394148014951E-2));
#1177=CARTESIAN_POINT('',(5.314835322515E-2,5.314835322515E-2,
-3.487499976107E-2));
#1178=CARTESIAN_POINT('',(6.239295126813E-2,4.194962733789E-2,
-3.580851937263E-2));
#1179=CARTESIAN_POINT('',(6.948063314299E-2,2.877982057010E-2,
-3.682812476107E-2));
#1180=CARTESIAN_POINT('',(7.378134489881E-2,1.445561298107E-2,
-3.784773014951E-2));
#1181=CARTESIAN_POINT('',(7.516312194880E-2,0.E0,-3.878124976107E-2));
#1182=CARTESIAN_POINT('',(7.378134489881E-2,-1.445561298107E-2,
-3.971476937263E-2));
#1183=CARTESIAN_POINT('',(6.948063314299E-2,-2.877982057010E-2,
-4.073437476107E-2));
#1184=CARTESIAN_POINT('',(6.239295126813E-2,-4.194962733789E-2,
-4.175398014951E-2));
#1185=CARTESIAN_POINT('',(5.314835322515E-2,-5.314835322515E-2,
-4.268749976107E-2));
#1186=CARTESIAN_POINT('',(4.194962733789E-2,-6.239295126813E-2,
-4.362101937263E-2));
#1187=CARTESIAN_POINT('',(2.877982057010E-2,-6.948063314299E-2,
-4.464062476107E-2));
#1188=CARTESIAN_POINT('',(1.445561298107E-2,-7.378134489881E-2,
-4.566023014951E-2));
#1189=CARTESIAN_POINT('',(0.E0,-7.516312194880E-2,-4.659374976107E-2));
#1190=CARTESIAN_POINT('',(-1.445561298107E-2,-7.378134489881E-2,
-4.752726937263E-2));
#1191=CARTESIAN_POINT('',(-2.877982057010E-2,-6.948063314299E-2,
-4.854687476107E-2));
#1192=CARTESIAN_POINT('',(-4.194962733789E-2,-6.239295126813E-2,
-4.956648014951E-2));
#1193=CARTESIAN_POINT('',(-5.314835322515E-2,-5.314835322515E-2,
-5.049999976107E-2));
#1194=CARTESIAN_POINT('',(-6.239295126813E-2,-4.194962733789E-2,
-5.143351937263E-2));
#1195=CARTESIAN_POINT('',(-6.948063314299E-2,-2.877982057010E-2,
-5.245312476107E-2));
#1196=CARTESIAN_POINT('',(-7.378134489881E-2,-1.445561298107E-2,
-5.347273014951E-2));
#1197=CARTESIAN_POINT('',(-7.516312194880E-2,0.E0,-5.440624976107E-2));
#1198=CARTESIAN_POINT('',(-7.378134489881E-2,1.445561298107E-2,
-5.533976937263E-2));
#1199=CARTESIAN_POINT('',(-6.948063314299E-2,2.877982057010E-2,
-5.635937476107E-2));
#1200=CARTESIAN_POINT('',(-6.239295126813E-2,4.194962733789E-2,
-5.737898014951E-2));
#1201=CARTESIAN_POINT('',(-5.314835322515E-2,5.314835322515E-2,
-5.831249976107E-2));
#1202=CARTESIAN_POINT('',(-4.194962733789E-2,6.239295126813E-2,
-5.924601937263E-2));
#1203=CARTESIAN_POINT('',(-2.877982057010E-2,6.948063314299E-2,
-6.026562476107E-2));
#1204=CARTESIAN_POINT('',(-1.445561298107E-2,7.378134489881E-2,
-6.128523014951E-2));
#1205=CARTESIAN_POINT('',(0.E0,7.516312194880E-2,-6.221874976107E-2));
#1206=CARTESIAN_POINT('',(1.445561298107E-2,7.378134489881E-2,
-6.315226937263E-2));
#1207=CARTESIAN_POINT('',(2.877982057010E-2,6.948063314299E-2,
-6.417187476107E-2));
#1208=CARTESIAN_POINT('',(4.194962733789E-2,6.239295126813E-2,
-6.519148014951E-2));
#1209=CARTESIAN_POINT('',(5.314835322515E-2,5.314835322515E-2,
-6.612499976107E-2));
#1210=CARTESIAN_POINT('',(6.239295126813E-2,4.194962733789E-2,
-6.705851937263E-2));
#1211=CARTESIAN_POINT('',(6.948063314299E-2,2.877982057010E-2,
-6.807812476107E-2));
#1212=CARTESIAN_POINT('',(7.378134489881E-2,1.445561298107E-2,
-6.909773014951E-2));
#1213=CARTESIAN_POINT('',(7.516312194880E-2,0.E0,-7.003124976107E-2));
#1214=CARTESIAN_POINT('',(7.378134489881E-2,-1.445561298107E-2,
-7.096476937263E-2));
#1215=CARTESIAN_POINT('',(6.948063314299E-2,-2.877982057010E-2,
-7.198437476107E-2));
#1216=CARTESIAN_POINT('',(6.239295126813E-2,-4.194962733789E-2,
-7.300398014951E-2));
#1217=CARTESIAN_POINT('',(5.314835322515E-2,-5.314835322515E-2,
-7.393749976107E-2));
#1218=CARTESIAN_POINT('',(4.194962733789E-2,-6.239295126813E-2,
-7.487101937263E-2));
#1219=CARTESIAN_POINT('',(2.877982057010E-2,-6.948063314299E-2,
-7.589062476107E-2));
#1220=CARTESIAN_POINT('',(1.445561298107E-2,-7.378134489881E-2,
-7.691023014951E-2));
#1221=CARTESIAN_POINT('',(0.E0,-7.516312194880E-2,-7.784374976107E-2));
#1222=CARTESIAN_POINT('',(-1.445561298107E-2,-7.378134489881E-2,
-7.877726937263E-2));
#1223=CARTESIAN_POINT('',(-2.877982057010E-2,-6.948063314299E-2,
-7.979687476107E-2));
#1224=CARTESIAN_POINT('',(-4.194962733789E-2,-6.239295126813E-2,
-8.081648014951E-2));
#1225=CARTESIAN_POINT('',(-5.314835322515E-2,-5.314835322515E-2,
-8.174999976107E-2));
#1226=CARTESIAN_POINT('',(-6.239295126813E-2,-4.194962733789E-2,
-8.268351937263E-2));
#1227=CARTESIAN_POINT('',(-6.948063314299E-2,-2.877982057010E-2,
-8.370312476107E-2));
#1228=CARTESIAN_POINT('',(-7.378134489881E-2,-1.445561298107E-2,
-8.472273014951E-2));
#1229=CARTESIAN_POINT('',(-7.516312194880E-2,0.E0,-8.565624976107E-2));
#1230=CARTESIAN_POINT('',(-7.378134489881E-2,1.445561298107E-2,
-8.658976937263E-2));
#1231=CARTESIAN_POINT('',(-6.948063314299E-2,2.877982057010E-2,
-8.760937476107E-2));
#1232=CARTESIAN_POINT('',(-6.239295126813E-2,4.194962733789E-2,
-8.862898014951E-2));
#1233=CARTESIAN_POINT('',(-5.314835322515E-2,5.314835322515E-2,
-8.956249976107E-2));
#1234=CARTESIAN_POINT('',(-4.194962733789E-2,6.239295126813E-2,
-9.049601937263E-2));
#1235=CARTESIAN_POINT('',(-2.877982057010E-2,6.948063314299E-2,
-9.151562476107E-2));
#1236=CARTESIAN_POINT('',(-1.445561298107E-2,7.378134489881E-2,
-9.253523014951E-2));
#1237=CARTESIAN_POINT('',(0.E0,7.516312194880E-2,-9.346874976107E-2));
#1238=CARTESIAN_POINT('',(1.445561298107E-2,7.378134489881E-2,
-9.440226937263E-2));
#1239=CARTESIAN_POINT('',(2.877982057010E-2,6.948063314299E-2,
-9.542187476107E-2));
#1240=CARTESIAN_POINT('',(4.194962733789E-2,6.239295126813E-2,
-9.644148014951E-2));
#1241=CARTESIAN_POINT('',(5.314835322515E-2,5.314835322515E-2,
-9.737499976107E-2));
#1242=CARTESIAN_POINT('',(6.239295126813E-2,4.194962733789E-2,
-9.830851937263E-2));
#1243=CARTESIAN_POINT('',(6.948063314299E-2,2.877982057010E-2,
-9.932812476107E-2));
#1244=CARTESIAN_POINT('',(7.378134489881E-2,1.445561298107E-2,
-1.003477301495E-1));
#1245=CARTESIAN_POINT('',(7.516312194880E-2,0.E0,-1.012812497611E-1));
#1246=CARTESIAN_POINT('',(7.378134489881E-2,-1.445561298106E-2,
-1.022147693726E-1));
#1247=CARTESIAN_POINT('',(6.948063314299E-2,-2.877982057010E-2,
-1.032343747611E-1));
#1248=CARTESIAN_POINT('',(6.239295126813E-2,-4.194962733789E-2,
-1.042539801495E-1));
#1249=CARTESIAN_POINT('',(5.314835322515E-2,-5.314835322515E-2,
-1.051874997611E-1));
#1250=CARTESIAN_POINT('',(4.194962733789E-2,-6.239295126813E-2,
-1.061210193726E-1));
#1251=CARTESIAN_POINT('',(2.877982057010E-2,-6.948063314299E-2,
-1.071406247611E-1));
#1252=CARTESIAN_POINT('',(1.445561298107E-2,-7.378134489881E-2,
-1.081602301495E-1));
#1253=CARTESIAN_POINT('',(0.E0,-7.516312194880E-2,-1.090937497611E-1));
#1254=CARTESIAN_POINT('',(-1.445561298107E-2,-7.378134489881E-2,
-1.100272693726E-1));
#1255=CARTESIAN_POINT('',(-2.877982057010E-2,-6.948063314299E-2,
-1.110468747611E-1));
#1256=CARTESIAN_POINT('',(-4.194962733789E-2,-6.239295126813E-2,
-1.120664801495E-1));
#1257=CARTESIAN_POINT('',(-5.314835322515E-2,-5.314835322515E-2,
-1.129999997611E-1));
#1258=CARTESIAN_POINT('',(-6.239295126813E-2,-4.194962733789E-2,
-1.139335193726E-1));
#1259=CARTESIAN_POINT('',(-6.948063314299E-2,-2.877982057010E-2,
-1.149531247611E-1));
#1260=CARTESIAN_POINT('',(-7.378134489881E-2,-1.445561298107E-2,
-1.159727301495E-1));
#1261=CARTESIAN_POINT('',(-7.516312194880E-2,0.E0,-1.169062497611E-1));
#1262=CARTESIAN_POINT('',(-7.378134489881E-2,1.445561298107E-2,
-1.178397693726E-1));
#1263=CARTESIAN_POINT('',(-6.948063314299E-2,2.877982057010E-2,
-1.188593747611E-1));
#1264=CARTESIAN_POINT('',(-6.239295126813E-2,4.194962733789E-2,
-1.198789801495E-1));
#1265=CARTESIAN_POINT('',(-5.314835322515E-2,5.314835322515E-2,
-1.208124997611E-1));
#1266=CARTESIAN_POINT('',(-4.194962733789E-2,6.239295126813E-2,
-1.217460193726E-1));
#1267=CARTESIAN_POINT('',(-2.877982057010E-2,6.948063314299E-2,
-1.227656247611E-1));
#1268=CARTESIAN_POINT('',(-1.445561298107E-2,7.378134489881E-2,
-1.237852301495E-1));
#1269=CARTESIAN_POINT('',(0.E0,7.516312194880E-2,-1.247187497611E-1));
#1270=CARTESIAN_POINT('',(1.445561298107E-2,7.378134489881E-2,
-1.256522693726E-1));
#1271=CARTESIAN_POINT('',(2.877982057010E-2,6.948063314299E-2,
-1.266718747611E-1));
#1272=CARTESIAN_POINT('',(4.194962733789E-2,6.239295126813E-2,
-1.276914801495E-1));
#1273=CARTESIAN_POINT('',(5.314835322515E-2,5.314835322515E-2,
-1.286249997611E-1));
#1274=CARTESIAN_POINT('',(6.239295126813E-2,4.194962733789E-2,
-1.295585193726E-1));
#1275=CARTESIAN_POINT('',(6.948063314299E-2,2.877982057010E-2,
-1.305781247611E-1));
#1276=CARTESIAN_POINT('',(7.378134489881E-2,1.445561298107E-2,
-1.315977301495E-1));
#1277=CARTESIAN_POINT('',(7.516312194880E-2,0.E0,-1.325312497611E-1));
#1278=CARTESIAN_POINT('',(7.378134489881E-2,-1.445561298107E-2,
-1.334647693726E-1));
#1279=CARTESIAN_POINT('',(6.948063314299E-2,-2.877982057010E-2,
-1.344843747611E-1));
#1280=CARTESIAN_POINT('',(6.239295126813E-2,-4.194962733789E-2,
-1.355039801495E-1));
#1281=CARTESIAN_POINT('',(5.314835322515E-2,-5.314835322515E-2,
-1.364374997611E-1));
#1282=CARTESIAN_POINT('',(4.194962733789E-2,-6.239295126813E-2,
-1.373710193726E-1));
#1283=CARTESIAN_POINT('',(2.877982057010E-2,-6.948063314299E-2,
-1.383906247611E-1));
#1284=CARTESIAN_POINT('',(1.445561298107E-2,-7.378134489881E-2,
-1.394102301495E-1));
#1285=CARTESIAN_POINT('',(0.E0,-7.516312194880E-2,-1.403437497611E-1));
#1286=CARTESIAN_POINT('',(-1.445561298107E-2,-7.378134489881E-2,
-1.412772693726E-1));
#1287=CARTESIAN_POINT('',(-2.877982057010E-2,-6.948063314299E-2,
-1.422968747611E-1));
#1288=CARTESIAN_POINT('',(-4.194962733789E-2,-6.239295126813E-2,
-1.433164801495E-1));
#1289=CARTESIAN_POINT('',(-5.314835322515E-2,-5.314835322515E-2,
-1.442499997611E-1));
#1290=CARTESIAN_POINT('',(-6.239295126813E-2,-4.194962733789E-2,
-1.451835193726E-1));
#1291=CARTESIAN_POINT('',(-6.948063314299E-2,-2.877982057010E-2,
-1.462031247611E-1));
#1292=CARTESIAN_POINT('',(-7.378134489881E-2,-1.445561298107E-2,
-1.472227301495E-1));
#1293=CARTESIAN_POINT('',(-7.516312194880E-2,0.E0,-1.481562497611E-1));
#1294=CARTESIAN_POINT('',(-7.378134489881E-2,1.445561298107E-2,
-1.490897693726E-1));
#1295=CARTESIAN_POINT('',(-6.948063314300E-2,2.877982057010E-2,
-1.501093747611E-1));
#1296=CARTESIAN_POINT('',(-6.239295126813E-2,4.194962733789E-2,
-1.511289801495E-1));
#1297=CARTESIAN_POINT('',(-5.314835322515E-2,5.314835322515E-2,
-1.520624997611E-1));
#1298=CARTESIAN_POINT('',(-4.194962733789E-2,6.239295126813E-2,
-1.529960193726E-1));
#1299=CARTESIAN_POINT('',(-2.877982057010E-2,6.948063314299E-2,
-1.540156247611E-1));
#1300=CARTESIAN_POINT('',(-1.445561298107E-2,7.378134489881E-2,
-1.550352301495E-1));
#1301=CARTESIAN_POINT('',(0.E0,7.516312194880E-2,-1.559687497611E-1));
#1302=CARTESIAN_POINT('',(1.445561298107E-2,7.378134489881E-2,
-1.569022693726E-1));
#1303=CARTESIAN_POINT('',(2.877982057010E-2,6.948063314299E-2,
-1.579218747611E-1));
#1304=CARTESIAN_POINT('',(4.194962733789E-2,6.239295126813E-2,
-1.589414801495E-1));
#1305=CARTESIAN_POINT('',(5.314835322515E-2,5.314835322515E-2,
-1.598749997611E-1));
#1306=CARTESIAN_POINT('',(6.239295126813E-2,4.194962733789E-2,
-1.608085193726E-1));
#1307=CARTESIAN_POINT('',(6.948063314299E-2,2.877982057010E-2,
-1.618281247611E-1));
#1308=CARTESIAN_POINT('',(7.378134489881E-2,1.445561298107E-2,
-1.628477301495E-1));
#1309=CARTESIAN_POINT('',(7.516312194880E-2,0.E0,-1.637812497611E-1));
#1310=CARTESIAN_POINT('',(7.378134489881E-2,-1.445561298107E-2,
-1.647147693726E-1));
#1311=CARTESIAN_POINT('',(6.948063314299E-2,-2.877982057010E-2,
-1.657343747611E-1));
#1312=CARTESIAN_POINT('',(6.239295126813E-2,-4.194962733789E-2,
-1.667539801495E-1));
#1313=CARTESIAN_POINT('',(5.314835322515E-2,-5.314835322515E-2,
-1.676874997611E-1));
#1314=CARTESIAN_POINT('',(4.194962733789E-2,-6.239295126813E-2,
-1.686210193726E-1));
#1315=CARTESIAN_POINT('',(2.877982057010E-2,-6.948063314299E-2,
-1.696406247611E-1));
#1316=CARTESIAN_POINT('',(1.445561298107E-2,-7.378134489881E-2,
-1.706602301495E-1));
#1317=CARTESIAN_POINT('',(0.E0,-7.516312194880E-2,-1.715937497611E-1));
#1318=CARTESIAN_POINT('',(-1.445561298107E-2,-7.378134489881E-2,
-1.725272693726E-1));
#1319=CARTESIAN_POINT('',(-2.877982057010E-2,-6.948063314299E-2,
-1.735468747611E-1));
#1320=CARTESIAN_POINT('',(-4.194962733789E-2,-6.239295126813E-2,
-1.745664801495E-1));
#1321=CARTESIAN_POINT('',(-5.314835322515E-2,-5.314835322515E-2,
-1.754999997611E-1));
#1322=CARTESIAN_POINT('',(-6.239295126813E-2,-4.194962733789E-2,
-1.764335193726E-1));
#1323=CARTESIAN_POINT('',(-6.948063314299E-2,-2.877982057010E-2,
-1.774531247611E-1));
#1324=CARTESIAN_POINT('',(-7.378134489881E-2,-1.445561298107E-2,
-1.784727301495E-1));
#1325=CARTESIAN_POINT('',(-7.516312194880E-2,0.E0,-1.794062497611E-1));
#1326=CARTESIAN_POINT('',(-7.378134489881E-2,1.445561298107E-2,
-1.803397693726E-1));
#1327=CARTESIAN_POINT('',(-6.948063314299E-2,2.877982057010E-2,
-1.813593747611E-1));
#1328=CARTESIAN_POINT('',(-6.239295126813E-2,4.194962733789E-2,
-1.823789801495E-1));
#1329=CARTESIAN_POINT('',(-5.314835322515E-2,5.314835322515E-2,
-1.833124997611E-1));
#1330=CARTESIAN_POINT('',(-4.194962733789E-2,6.239295126813E-2,
-1.842460193726E-1));
#1331=CARTESIAN_POINT('',(-2.877982057010E-2,6.948063314299E-2,
-1.852656247611E-1));
#1332=CARTESIAN_POINT('',(-1.445561298107E-2,7.378134489881E-2,
-1.862852301495E-1));
#1333=CARTESIAN_POINT('',(0.E0,7.516312194880E-2,-1.872187497611E-1));
#1334=CARTESIAN_POINT('',(1.445561298107E-2,7.378134489881E-2,
-1.881522693726E-1));
#1335=CARTESIAN_POINT('',(2.877982057010E-2,6.948063314299E-2,
-1.891718747611E-1));
#1336=CARTESIAN_POINT('',(4.194962733789E-2,6.239295126813E-2,
-1.901914801495E-1));
#1337=CARTESIAN_POINT('',(5.314835322515E-2,5.314835322515E-2,
-1.911249997611E-1));
#1338=CARTESIAN_POINT('',(6.239295126813E-2,4.194962733789E-2,
-1.920585193726E-1));
#1339=CARTESIAN_POINT('',(6.948063314299E-2,2.877982057010E-2,
-1.930781247611E-1));
#1340=CARTESIAN_POINT('',(7.378134489881E-2,1.445561298107E-2,
-1.940977301495E-1));
#1341=CARTESIAN_POINT('',(7.516312194880E-2,0.E0,-1.950312497611E-1));
#1342=CARTESIAN_POINT('',(7.378134489881E-2,-1.445561298107E-2,
-1.959647693726E-1));
#1343=CARTESIAN_POINT('',(6.948063314299E-2,-2.877982057010E-2,
-1.969843747611E-1));
#1344=CARTESIAN_POINT('',(6.239295126813E-2,-4.194962733789E-2,
-1.980039801495E-1));
#1345=CARTESIAN_POINT('',(5.314835322515E-2,-5.314835322515E-2,
-1.989374997611E-1));
#1346=CARTESIAN_POINT('',(4.194962733789E-2,-6.239295126813E-2,
-1.998710193726E-1));
#1347=CARTESIAN_POINT('',(2.877982057010E-2,-6.948063314299E-2,
-2.008906247611E-1));
#1348=CARTESIAN_POINT('',(1.445561298107E-2,-7.378134489881E-2,
-2.019102301495E-1));
#1349=CARTESIAN_POINT('',(0.E0,-7.516312194880E-2,-2.028437497611E-1));
#1350=CARTESIAN_POINT('',(-1.445561298107E-2,-7.378134489881E-2,
-2.037772693726E-1));
#1351=CARTESIAN_POINT('',(-2.877982057010E-2,-6.948063314299E-2,
-2.047968747611E-1));
#1352=CARTESIAN_POINT('',(-4.194962733789E-2,-6.239295126813E-2,
-2.058164801495E-1));
#1353=CARTESIAN_POINT('',(-5.314835322515E-2,-5.314835322515E-2,
-2.067499997611E-1));
#1354=CARTESIAN_POINT('',(-6.239295126813E-2,-4.194962733789E-2,
-2.076835193726E-1));
#1355=CARTESIAN_POINT('',(-6.948063314299E-2,-2.877982057010E-2,
-2.087031247611E-1));
#1356=CARTESIAN_POINT('',(-7.378134489881E-2,-1.445561298107E-2,
-2.097227301495E-1));
#1357=CARTESIAN_POINT('',(-7.516312194880E-2,0.E0,-2.106562497611E-1));
#1358=CARTESIAN_POINT('',(-7.378134489881E-2,1.445561298107E-2,
-2.115897693726E-1));
#1359=CARTESIAN_POINT('',(-6.948063314299E-2,2.877982057010E-2,
-2.126093747611E-1));
#1360=CARTESIAN_POINT('',(-6.239295126813E-2,4.194962733789E-2,
-2.136289801495E-1));
#1361=CARTESIAN_POINT('',(-5.314835322515E-2,5.314835322515E-2,
-2.145624997611E-1));
#1362=CARTESIAN_POINT('',(-4.194962733789E-2,6.239295126813E-2,
-2.154960193726E-1));
#1363=CARTESIAN_POINT('',(-2.877982057010E-2,6.948063314299E-2,
-2.165156247611E-1));
#1364=CARTESIAN_POINT('',(-1.445561298107E-2,7.378134489881E-2,
-2.175352301495E-1));
#1365=CARTESIAN_POINT('',(0.E0,7.516312194880E-2,-2.184687497611E-1));
#1366=CARTESIAN_POINT('',(1.445561298107E-2,7.378134489881E-2,
-2.194022693726E-1));
#1367=CARTESIAN_POINT('',(2.877982057010E-2,6.948063314299E-2,
-2.204218747611E-1));
#1368=CARTESIAN_POINT('',(4.194962733789E-2,6.239295126813E-2,
-2.214414801495E-1));
#1369=CARTESIAN_POINT('',(5.314835322515E-2,5.314835322515E-2,
-2.223749997611E-1));
#1370=CARTESIAN_POINT('',(6.239295126813E-2,4.194962733789E-2,
-2.233085193726E-1));
#1371=CARTESIAN_POINT('',(6.948063314299E-2,2.877982057010E-2,
-2.243281247611E-1));
#1372=CARTESIAN_POINT('',(7.378134489881E-2,1.445561298107E-2,
-2.253477301495E-1));
#1373=CARTESIAN_POINT('',(7.516312194880E-2,0.E0,-2.262812497611E-1));
#1374=CARTESIAN_POINT('',(7.378134489881E-2,-1.445561298107E-2,
-2.272147693726E-1));
#1375=CARTESIAN_POINT('',(6.948063314299E-2,-2.877982057010E-2,
-2.282343747611E-1));
#1376=CARTESIAN_POINT('',(6.239295126813E-2,-4.194962733789E-2,
-2.292539801495E-1));
#1377=CARTESIAN_POINT('',(5.314835322515E-2,-5.314835322515E-2,
-2.301874997611E-1));
#1378=CARTESIAN_POINT('',(4.194962733789E-2,-6.239295126813E-2,
-2.311210193726E-1));
#1379=CARTESIAN_POINT('',(2.877982057010E-2,-6.948063314299E-2,
-2.321406247611E-1));
#1380=CARTESIAN_POINT('',(1.445561298107E-2,-7.378134489881E-2,
-2.331602301495E-1));
#1381=CARTESIAN_POINT('',(0.E0,-7.516312194880E-2,-2.340937497611E-1));
#1382=CARTESIAN_POINT('',(-1.445561298107E-2,-7.378134489881E-2,
-2.350272693726E-1));
#1383=CARTESIAN_POINT('',(-2.877982057010E-2,-6.948063314299E-2,
-2.360468747611E-1));
#1384=CARTESIAN_POINT('',(-4.194962733789E-2,-6.239295126813E-2,
-2.370664801495E-1));
#1385=CARTESIAN_POINT('',(-5.314835322515E-2,-5.314835322515E-2,
-2.379999997611E-1));
#1386=CARTESIAN_POINT('',(-6.239295126813E-2,-4.194962733789E-2,
-2.389335193726E-1));
#1387=CARTESIAN_POINT('',(-6.948063314299E-2,-2.877982057010E-2,
-2.399531247611E-1));
#1388=CARTESIAN_POINT('',(-7.378134489881E-2,-1.445561298107E-2,
-2.409727301495E-1));
#1389=CARTESIAN_POINT('',(-7.516312194880E-2,0.E0,-2.419062497611E-1));
#1390=CARTESIAN_POINT('',(-7.378134489881E-2,1.445561298107E-2,
-2.428397693726E-1));
#1391=CARTESIAN_POINT('',(-6.948063314299E-2,2.877982057010E-2,
-2.438593747611E-1));
#1392=CARTESIAN_POINT('',(-6.239295126813E-2,4.194962733789E-2,
-2.448789801495E-1));
#1393=CARTESIAN_POINT('',(-5.314835322515E-2,5.314835322515E-2,
-2.458124997611E-1));
#1394=CARTESIAN_POINT('',(-4.194962733789E-2,6.239295126813E-2,
-2.467460193726E-1));
#1395=CARTESIAN_POINT('',(-2.877982057010E-2,6.948063314299E-2,
-2.477656247611E-1));
#1396=CARTESIAN_POINT('',(-1.445561298107E-2,7.378134489881E-2,
-2.487852301495E-1));
#1397=CARTESIAN_POINT('',(0.E0,7.516312194880E-2,-2.497187497611E-1));
#1398=CARTESIAN_POINT('',(1.445561298107E-2,7.378134489881E-2,
-2.506522693726E-1));
#1399=CARTESIAN_POINT('',(2.877982057010E-2,6.948063314299E-2,
-2.516718747611E-1));
#1400=CARTESIAN_POINT('',(4.194962733789E-2,6.239295126813E-2,
-2.526914801495E-1));
#1401=CARTESIAN_POINT('',(5.314835322515E-2,5.314835322515E-2,
-2.536249997611E-1));
#1402=CARTESIAN_POINT('',(6.239295126813E-2,4.194962733789E-2,
-2.545585193726E-1));
#1403=CARTESIAN_POINT('',(6.948063314299E-2,2.877982057010E-2,
-2.555781247611E-1));
#1404=CARTESIAN_POINT('',(7.378134489881E-2,1.445561298107E-2,
-2.565977301495E-1));
#1405=CARTESIAN_POINT('',(7.516312194880E-2,0.E0,-2.575312497611E-1));
#1406=CARTESIAN_POINT('',(7.378134489881E-2,-1.445561298107E-2,
-2.584647693726E-1));
#1407=CARTESIAN_POINT('',(6.948063314299E-2,-2.877982057010E-2,
-2.594843747611E-1));
#1408=CARTESIAN_POINT('',(6.239295126813E-2,-4.194962733789E-2,
-2.605039801495E-1));
#1409=CARTESIAN_POINT('',(5.314835322515E-2,-5.314835322515E-2,
-2.614374997611E-1));
#1410=CARTESIAN_POINT('',(4.194962733789E-2,-6.239295126813E-2,
-2.623710193726E-1));
#1411=CARTESIAN_POINT('',(2.877982057010E-2,-6.948063314299E-2,
-2.633906247611E-1));
#1412=CARTESIAN_POINT('',(1.445561298107E-2,-7.378134489881E-2,
-2.644102301495E-1));
#1413=CARTESIAN_POINT('',(0.E0,-7.516312194880E-2,-2.653437497611E-1));
#1414=CARTESIAN_POINT('',(-1.445561298107E-2,-7.378134489881E-2,
-2.662772693726E-1));
#1415=CARTESIAN_POINT('',(-2.877982057010E-2,-6.948063314299E-2,
-2.672968747611E-1));
#1416=CARTESIAN_POINT('',(-4.194962733789E-2,-6.239295126813E-2,
-2.683164801495E-1));
#1417=CARTESIAN_POINT('',(-5.314835322515E-2,-5.314835322515E-2,
-2.692499997611E-1));
#1418=CARTESIAN_POINT('',(-6.239295126813E-2,-4.194962733789E-2,
-2.701835193726E-1));
#1419=CARTESIAN_POINT('',(-6.948063314299E-2,-2.877982057010E-2,
-2.712031247611E-1));
#1420=CARTESIAN_POINT('',(-7.378134489881E-2,-1.445561298107E-2,
-2.722227301495E-1));
#1421=CARTESIAN_POINT('',(-7.516312194880E-2,0.E0,-2.731562497611E-1));
#1422=CARTESIAN_POINT('',(-7.378134489881E-2,1.445561298107E-2,
-2.740897693726E-1));
#1423=CARTESIAN_POINT('',(-6.948063314299E-2,2.877982057010E-2,
-2.751093747611E-1));
#1424=CARTESIAN_POINT('',(-6.239295126813E-2,4.194962733789E-2,
-2.761289801495E-1));
#1425=CARTESIAN_POINT('',(-5.314835322515E-2,5.314835322515E-2,
-2.770624997611E-1));
#1426=CARTESIAN_POINT('',(-4.194962733789E-2,6.239295126813E-2,
-2.779960193726E-1));
#1427=CARTESIAN_POINT('',(-2.877982057010E-2,6.948063314299E-2,
-2.790156247611E-1));
#1428=CARTESIAN_POINT('',(-1.445561298107E-2,7.378134489881E-2,
-2.800352301495E-1));
#1429=CARTESIAN_POINT('',(0.E0,7.516312194880E-2,-2.809687497611E-1));
#1430=CARTESIAN_POINT('',(1.445561298107E-2,7.378134489881E-2,
-2.819022693726E-1));
#1431=CARTESIAN_POINT('',(2.877982057010E-2,6.948063314299E-2,
-2.829218747611E-1));
#1432=CARTESIAN_POINT('',(4.194962733789E-2,6.239295126813E-2,
-2.839414801495E-1));
#1433=CARTESIAN_POINT('',(5.314835322515E-2,5.314835322515E-2,
-2.848749997611E-1));
#1434=CARTESIAN_POINT('',(6.239295126813E-2,4.194962733789E-2,
-2.858085193726E-1));
#1435=CARTESIAN_POINT('',(6.948063314299E-2,2.877982057010E-2,
-2.868281247611E-1));
#1436=CARTESIAN_POINT('',(7.378134489881E-2,1.445561298107E-2,
-2.878477301495E-1));
#1437=CARTESIAN_POINT('',(7.516312194880E-2,0.E0,-2.887812497611E-1));
#1438=CARTESIAN_POINT('',(7.378134489881E-2,-1.445561298107E-2,
-2.897147693726E-1));
#1439=CARTESIAN_POINT('',(6.948063314299E-2,-2.877982057010E-2,
-2.907343747611E-1));
#1440=CARTESIAN_POINT('',(6.239295126813E-2,-4.194962733789E-2,
-2.917539801495E-1));
#1441=CARTESIAN_POINT('',(5.314835322515E-2,-5.314835322515E-2,
-2.926874997611E-1));
#1442=CARTESIAN_POINT('',(4.194962733789E-2,-6.239295126813E-2,
-2.936210193726E-1));
#1443=CARTESIAN_POINT('',(2.877982057010E-2,-6.948063314299E-2,
-2.946406247611E-1));
#1444=CARTESIAN_POINT('',(1.445561298105E-2,-7.378134489881E-2,
-2.956602301495E-1));
#1445=CARTESIAN_POINT('',(8.932697283915E-4,-7.507773645794E-2,
-2.965360638773E-1));
#1446=CARTESIAN_POINT('',(-7.850535864156E-3,-7.439687930490E-2,
-2.971007244013E-1));
#1447=CARTESIAN_POINT('',(-1.176396454912E-2,-7.377157937244E-2,
-2.973619678017E-1));
#1449=CURVE_STYLE('',#20,POSITIVE_LENGTH_MEASURE(2.E-2),#3);
#1450=PRESENTATION_STYLE_ASSIGNMENT((#1449));
#1451=STYLED_ITEM('',(#1450),#1448);
#1452=CARTESIAN_POINT('',(0.E0,0.E0,1.635212111294E-1));
#1453=DIRECTION('',(0.E0,0.E0,-1.E0));
#1454=DIRECTION('',(-1.E0,0.E0,0.E0));
#1455=AXIS2_PLACEMENT_3D('',#1452,#1453,#1454);
#1457=CURVE_STYLE('',#20,POSITIVE_LENGTH_MEASURE(2.E-2),#3);
#1458=PRESENTATION_STYLE_ASSIGNMENT((#1457));
#1459=STYLED_ITEM('',(#1458),#1456);
#1460=CARTESIAN_POINT('',(0.E0,0.E0,1.635144425333E-1));
#1461=DIRECTION('',(0.E0,0.E0,-1.E0));
#1462=DIRECTION('',(-8.161758852610E-1,-5.778035343595E-1,0.E0));
#1463=AXIS2_PLACEMENT_3D('',#1460,#1461,#1462);
#1465=CURVE_STYLE('',#20,POSITIVE_LENGTH_MEASURE(2.E-2),#3);
#1466=PRESENTATION_STYLE_ASSIGNMENT((#1465));
#1467=STYLED_ITEM('',(#1466),#1464);
#1468=DIRECTION('',(7.071067811865E-1,-1.158820570852E-11,-7.071067811866E-1));
#1469=VECTOR('',#1468,2.263888655364E-2);
#1470=CARTESIAN_POINT('',(-8.757061020059E-2,2.623534988409E-13,
-2.844918897994E-1));
#1471=LINE('',#1470,#1469);
#1472=CURVE_STYLE('',#20,POSITIVE_LENGTH_MEASURE(2.E-2),#3);
#1473=PRESENTATION_STYLE_ASSIGNMENT((#1472));
#1474=STYLED_ITEM('',(#1473),#1471);
#1475=CARTESIAN_POINT('',(6.717514421272E-2,-6.717514421272E-2,-2.770625E-1));
#1476=CARTESIAN_POINT('',(6.307558194199E-2,-7.101897936550E-2,
-2.772433263792E-1));
#1477=CARTESIAN_POINT('',(5.418503418781E-2,-7.797736031848E-2,
-2.776059656029E-1));
#1478=CARTESIAN_POINT('',(3.926717283998E-2,-8.583007643051E-2,
-2.781834691608E-1));
#1479=CARTESIAN_POINT('',(2.300765945251E-2,-9.094100717370E-2,
-2.787706951445E-1));
#1480=CARTESIAN_POINT('',(6.199840461424E-3,-9.302283512428E-2,
-2.793420596595E-1));
#1481=CARTESIAN_POINT('',(-1.059858245621E-2,-9.208021470529E-2,
-2.798778858797E-1));
#1482=CARTESIAN_POINT('',(-2.679865280969E-2,-8.811434123810E-2,
-2.804641950890E-1));
#1483=CARTESIAN_POINT('',(-4.198348030981E-2,-8.132343467095E-2,
-2.810419422575E-1));
#1484=CARTESIAN_POINT('',(-5.560940191657E-2,-7.194202110072E-2,
-2.816333166001E-1));
#1485=CARTESIAN_POINT('',(-6.729545195520E-2,-6.033674729417E-2,
-2.821723880349E-1));
#1486=CARTESIAN_POINT('',(-7.655373437920E-2,-4.695457825413E-2,
-2.827440493202E-1));
#1487=CARTESIAN_POINT('',(-8.324221790127E-2,-3.213795878053E-2,
-2.833279906395E-1));
#1488=CARTESIAN_POINT('',(-8.713041547030E-2,-1.626153807768E-2,
-2.839289328757E-1));
#1489=CARTESIAN_POINT('',(-8.775954347975E-2,-5.409694504863E-3,
-2.843029565203E-1));
#1490=CARTESIAN_POINT('',(-8.757061020059E-2,2.623534988409E-13,
-2.844918897994E-1));
#1492=CURVE_STYLE('',#20,POSITIVE_LENGTH_MEASURE(2.E-2),#3);
#1493=PRESENTATION_STYLE_ASSIGNMENT((#1492));
#1494=STYLED_ITEM('',(#1493),#1491);
#1495=CARTESIAN_POINT('',(0.E0,0.E0,-2.770625E-1));
#1496=DIRECTION('',(0.E0,0.E0,-1.E0));
#1497=DIRECTION('',(1.E0,0.E0,0.E0));
#1498=AXIS2_PLACEMENT_3D('',#1495,#1496,#1497);
#1500=CURVE_STYLE('',#20,POSITIVE_LENGTH_MEASURE(2.E-2),#3);
#1501=PRESENTATION_STYLE_ASSIGNMENT((#1500));
#1502=STYLED_ITEM('',(#1501),#1499);
#1503=CARTESIAN_POINT('',(-1.175707307331E-2,-7.377220223837E-2,
-2.973611278334E-1));
#1504=CARTESIAN_POINT('',(-7.636447698811E-3,-7.510259536667E-2,
-2.966956395321E-1));
#1505=CARTESIAN_POINT('',(1.006892208805E-3,-7.704907875152E-2,
-2.953898456672E-1));
#1506=CARTESIAN_POINT('',(1.468672412119E-2,-7.769621688100E-2,
-2.933955852268E-1));
#1507=CARTESIAN_POINT('',(2.883971202420E-2,-7.591919475191E-2,
-2.912632321764E-1));
#1508=CARTESIAN_POINT('',(4.264994830782E-2,-7.159092842482E-2,
-2.891584389159E-1));
#1509=CARTESIAN_POINT('',(5.597315735954E-2,-6.453240053976E-2,
-2.870778350257E-1));
#1510=CARTESIAN_POINT('',(6.784408707651E-2,-5.507116243856E-2,
-2.851218467623E-1));
#1511=CARTESIAN_POINT('',(7.816309268613E-2,-4.348825998759E-2,
-2.830580705190E-1));
#1512=CARTESIAN_POINT('',(8.635668938221E-2,-3.026240970490E-2,
-2.809970811815E-1));
#1513=CARTESIAN_POINT('',(9.224940182641E-2,-1.557458270618E-2,
-2.789490297857E-1));
#1514=CARTESIAN_POINT('',(9.437159831164E-2,-5.230212125159E-3,
-2.776909016884E-1));
#1515=CARTESIAN_POINT('',(9.5E-2,0.E0,-2.770625E-1));
#1517=CURVE_STYLE('',#20,POSITIVE_LENGTH_MEASURE(2.E-2),#3);
#1518=PRESENTATION_STYLE_ASSIGNMENT((#1517));
#1519=STYLED_ITEM('',(#1518),#1516);
#1520=CARTESIAN_POINT('',(7.766475713473E-2,-1.249320479929E-13,
-2.943977428653E-1));
#1521=CARTESIAN_POINT('',(7.747370779944E-2,-4.851493140968E-3,
-2.945887922006E-1));
#1522=CARTESIAN_POINT('',(7.618358670759E-2,-1.450399813323E-2,
-2.949696768007E-1));
#1523=CARTESIAN_POINT('',(7.152005335001E-2,-2.834856496234E-2,
-2.955850528072E-1));
#1524=CARTESIAN_POINT('',(6.442386447803E-2,-4.091009147770E-2,
-2.961984407497E-1));
#1525=CARTESIAN_POINT('',(5.515463714420E-2,-5.189624106277E-2,
-2.967815226592E-1));
#1526=CARTESIAN_POINT('',(4.777414650758E-2,-5.787668323221E-2,
-2.971637252588E-1));
#1527=CARTESIAN_POINT('',(4.385107839387E-2,-6.047803604824E-2,
-2.973608017084E-1));
#1529=CURVE_STYLE('',#20,POSITIVE_LENGTH_MEASURE(2.E-2),#3);
#1530=PRESENTATION_STYLE_ASSIGNMENT((#1529));
#1531=STYLED_ITEM('',(#1530),#1528);
#1532=DIRECTION('',(-7.071067811865E-1,1.447586143494E-11,-7.071067811866E-1));
#1533=VECTOR('',#1532,8.629894801017E-3);
#1534=CARTESIAN_POINT('',(7.766475713473E-2,-1.249320479929E-13,
-2.943977428653E-1));
#1535=LINE('',#1534,#1533);
#1536=CURVE_STYLE('',#20,POSITIVE_LENGTH_MEASURE(2.E-2),#3);
#1537=PRESENTATION_STYLE_ASSIGNMENT((#1536));
#1538=STYLED_ITEM('',(#1537),#1535);
#1539=CARTESIAN_POINT('',(-8.757061020059E-2,2.623534988409E-13,
-2.844918897994E-1));
#1540=CARTESIAN_POINT('',(-8.738609626118E-2,5.283156300611E-3,
-2.846764037388E-1));
#1541=CARTESIAN_POINT('',(-8.605144046032E-2,1.580711656244E-2,
-2.850461300236E-1));
#1542=CARTESIAN_POINT('',(-8.125982580075E-2,3.084344541246E-2,
-2.856306634473E-1));
#1543=CARTESIAN_POINT('',(-7.371119217096E-2,4.490464624773E-2,
-2.862308555427E-1));
#1544=CARTESIAN_POINT('',(-6.395221619950E-2,5.711156653162E-2,
-2.868008891343E-1));
#1545=CARTESIAN_POINT('',(-5.195577999132E-2,6.752255778905E-2,
-2.873562480058E-1));
#1546=CARTESIAN_POINT('',(-3.836644445926E-2,7.538280444820E-2,
-2.879539929651E-1));
#1547=CARTESIAN_POINT('',(-2.375614643925E-2,8.056460195104E-2,
-2.885453660906E-1));
#1548=CARTESIAN_POINT('',(-8.453366118683E-3,8.295904709153E-2,
-2.891443001754E-1));
#1549=CARTESIAN_POINT('',(6.764491094622E-3,8.256655973587E-2,
-2.896845103888E-1));
#1550=CARTESIAN_POINT('',(2.166676066777E-2,7.935084168134E-2,
-2.902730472198E-1));
#1551=CARTESIAN_POINT('',(3.555182804448E-2,7.350377681579E-2,
-2.908702137850E-1));
#1552=CARTESIAN_POINT('',(4.809826738728E-2,6.526050388625E-2,
-2.914605100032E-1));
#1553=CARTESIAN_POINT('',(5.896614003887E-2,5.478359059146E-2,
-2.920355013685E-1));
#1554=CARTESIAN_POINT('',(6.751998965679E-2,4.275670776143E-2,
-2.925971799036E-1));
#1555=CARTESIAN_POINT('',(7.373935143333E-2,2.923282509474E-2,
-2.932085252622E-1));
#1556=CARTESIAN_POINT('',(7.731352825629E-2,1.474849517594E-2,
-2.938220114386E-1));
#1557=CARTESIAN_POINT('',(7.785760100015E-2,4.897063310448E-3,
-2.942048989999E-1));
#1558=CARTESIAN_POINT('',(7.766475713473E-2,-1.249320479929E-13,
-2.943977428653E-1));
#1560=CURVE_STYLE('',#20,POSITIVE_LENGTH_MEASURE(2.E-2),#3);
#1561=PRESENTATION_STYLE_ASSIGNMENT((#1560));
#1562=STYLED_ITEM('',(#1561),#1559);
#1563=CARTESIAN_POINT('',(0.E0,0.E0,-3.005E-1));
#1564=DIRECTION('',(0.E0,0.E0,-1.E0));
#1565=DIRECTION('',(-1.E0,0.E0,0.E0));
#1566=AXIS2_PLACEMENT_3D('',#1563,#1564,#1565);
#1568=CURVE_STYLE('',#20,POSITIVE_LENGTH_MEASURE(2.E-2),#3);
#1569=PRESENTATION_STYLE_ASSIGNMENT((#1568));
#1570=STYLED_ITEM('',(#1569),#1567);
#1571=CARTESIAN_POINT('',(0.E0,0.E0,-3.005E-1));
#1572=DIRECTION('',(0.E0,0.E0,-1.E0));
#1573=DIRECTION('',(1.E0,0.E0,0.E0));
#1574=AXIS2_PLACEMENT_3D('',#1571,#1572,#1573);
#1576=CURVE_STYLE('',#20,POSITIVE_LENGTH_MEASURE(2.E-2),#3);
#1577=PRESENTATION_STYLE_ASSIGNMENT((#1576));
#1578=STYLED_ITEM('',(#1577),#1575);
#1579=CARTESIAN_POINT('',(9.5E-2,0.E0,-2.7315625E-1));
#1580=CARTESIAN_POINT('',(9.5E-2,-6.127785500601E-3,-2.734674232039E-1));
#1581=CARTESIAN_POINT('',(9.382851963689E-2,-1.838335650180E-2,
-2.740897696116E-1));
#1582=CARTESIAN_POINT('',(8.835925883680E-2,-3.659960337144E-2,-2.75109375E-1));
#1583=CARTESIAN_POINT('',(7.934577854734E-2,-5.334778646055E-2,
-2.761289803884E-1));
#1584=CARTESIAN_POINT('',(7.150814289385E-2,-6.284214553159E-2,
-2.767513267961E-1));
#1585=CARTESIAN_POINT('',(6.717514421272E-2,-6.717514421272E-2,-2.770625E-1));
#1587=CURVE_STYLE('',#20,POSITIVE_LENGTH_MEASURE(2.E-2),#3);
#1588=PRESENTATION_STYLE_ASSIGNMENT((#1587));
#1589=STYLED_ITEM('',(#1588),#1586);
#1590=CARTESIAN_POINT('',(9.5E-2,0.E0,-2.770625E-1));
#1591=CARTESIAN_POINT('',(9.5E-2,6.127785500601E-3,-2.767513267961E-1));
#1592=CARTESIAN_POINT('',(9.382851963689E-2,1.838335650180E-2,
-2.761289803884E-1));
#1593=CARTESIAN_POINT('',(8.835925883680E-2,3.659960337144E-2,-2.75109375E-1));
#1594=CARTESIAN_POINT('',(7.934577854734E-2,5.334778646054E-2,
-2.740897696116E-1));
#1595=CARTESIAN_POINT('',(6.758932506711E-2,6.758932506711E-2,-2.7315625E-1));
#1596=CARTESIAN_POINT('',(5.334778646054E-2,7.934577854734E-2,
-2.722227303884E-1));
#1597=CARTESIAN_POINT('',(3.659960337144E-2,8.835925883680E-2,-2.71203125E-1));
#1598=CARTESIAN_POINT('',(1.838335650180E-2,9.382851963689E-2,
-2.701835196116E-1));
#1599=CARTESIAN_POINT('',(0.E0,9.558574018155E-2,-2.6925E-1));
#1600=CARTESIAN_POINT('',(-1.838335650180E-2,9.382851963689E-2,
-2.683164803884E-1));
#1601=CARTESIAN_POINT('',(-3.659960337144E-2,8.835925883680E-2,-2.67296875E-1));
#1602=CARTESIAN_POINT('',(-5.334778646054E-2,7.934577854734E-2,
-2.662772696116E-1));
#1603=CARTESIAN_POINT('',(-6.758932506711E-2,6.758932506711E-2,-2.6534375E-1));
#1604=CARTESIAN_POINT('',(-7.934577854734E-2,5.334778646054E-2,
-2.644102303884E-1));
#1605=CARTESIAN_POINT('',(-8.835925883680E-2,3.659960337144E-2,-2.63390625E-1));
#1606=CARTESIAN_POINT('',(-9.382851963689E-2,1.838335650180E-2,
-2.623710196116E-1));
#1607=CARTESIAN_POINT('',(-9.5E-2,6.127785500601E-3,-2.617486732039E-1));
#1608=CARTESIAN_POINT('',(-9.5E-2,0.E0,-2.614375E-1));
#1610=CURVE_STYLE('',#20,POSITIVE_LENGTH_MEASURE(2.E-2),#3);
#1611=PRESENTATION_STYLE_ASSIGNMENT((#1610));
#1612=STYLED_ITEM('',(#1611),#1609);
#1613=DIRECTION('',(0.E0,2.103038684871E-14,-1.E0));
#1614=VECTOR('',#1613,3.90625E-3);
#1615=CARTESIAN_POINT('',(9.5E-2,0.E0,-2.7315625E-1));
#1616=LINE('',#1615,#1614);
#1617=CURVE_STYLE('',#20,POSITIVE_LENGTH_MEASURE(2.E-2),#3);
#1618=PRESENTATION_STYLE_ASSIGNMENT((#1617));
#1619=STYLED_ITEM('',(#1618),#1616);
#1620=CARTESIAN_POINT('',(-9.5E-2,0.E0,-2.5753125E-1));
#1621=CARTESIAN_POINT('',(-9.5E-2,6.127785500601E-3,-2.578424232039E-1));
#1622=CARTESIAN_POINT('',(-9.382851963689E-2,1.838335650180E-2,
-2.584647696116E-1));
#1623=CARTESIAN_POINT('',(-8.835925883680E-2,3.659960337144E-2,-2.59484375E-1));
#1624=CARTESIAN_POINT('',(-7.934577854734E-2,5.334778646054E-2,
-2.605039803884E-1));
#1625=CARTESIAN_POINT('',(-6.758932506711E-2,6.758932506711E-2,-2.614375E-1));
#1626=CARTESIAN_POINT('',(-5.334778646055E-2,7.934577854734E-2,
-2.623710196116E-1));
#1627=CARTESIAN_POINT('',(-3.659960337144E-2,8.835925883680E-2,-2.63390625E-1));
#1628=CARTESIAN_POINT('',(-1.838335650180E-2,9.382851963689E-2,
-2.644102303884E-1));
#1629=CARTESIAN_POINT('',(0.E0,9.558574018155E-2,-2.6534375E-1));
#1630=CARTESIAN_POINT('',(1.838335650180E-2,9.382851963689E-2,
-2.662772696116E-1));
#1631=CARTESIAN_POINT('',(3.659960337144E-2,8.835925883680E-2,-2.67296875E-1));
#1632=CARTESIAN_POINT('',(5.334778646054E-2,7.934577854734E-2,
-2.683164803884E-1));
#1633=CARTESIAN_POINT('',(6.758932506711E-2,6.758932506711E-2,-2.6925E-1));
#1634=CARTESIAN_POINT('',(7.934577854734E-2,5.334778646055E-2,
-2.701835196116E-1));
#1635=CARTESIAN_POINT('',(8.835925883680E-2,3.659960337144E-2,-2.71203125E-1));
#1636=CARTESIAN_POINT('',(9.382851963689E-2,1.838335650180E-2,
-2.722227303884E-1));
#1637=CARTESIAN_POINT('',(9.5E-2,6.127785500601E-3,-2.728450767961E-1));
#1638=CARTESIAN_POINT('',(9.5E-2,0.E0,-2.7315625E-1));
#1640=CURVE_STYLE('',#20,POSITIVE_LENGTH_MEASURE(2.E-2),#3);
#1641=PRESENTATION_STYLE_ASSIGNMENT((#1640));
#1642=STYLED_ITEM('',(#1641),#1639);
#1643=DIRECTION('',(0.E0,1.184302544859E-14,-1.E0));
#1644=VECTOR('',#1643,3.90625E-3);
#1645=CARTESIAN_POINT('',(-9.5E-2,0.E0,-2.5753125E-1));
#1646=LINE('',#1645,#1644);
#1647=CURVE_STYLE('',#20,POSITIVE_LENGTH_MEASURE(2.E-2),#3);
#1648=PRESENTATION_STYLE_ASSIGNMENT((#1647));
#1649=STYLED_ITEM('',(#1648),#1646);
#1650=CARTESIAN_POINT('',(9.5E-2,0.E0,-2.4190625E-1));
#1651=CARTESIAN_POINT('',(9.5E-2,-6.127785500601E-3,-2.422174232039E-1));
#1652=CARTESIAN_POINT('',(9.382851963689E-2,-1.838335650180E-2,
-2.428397696116E-1));
#1653=CARTESIAN_POINT('',(8.835925883680E-2,-3.659960337144E-2,-2.43859375E-1));
#1654=CARTESIAN_POINT('',(7.934577854734E-2,-5.334778646055E-2,
-2.448789803884E-1));
#1655=CARTESIAN_POINT('',(6.758932506711E-2,-6.758932506711E-2,-2.458125E-1));
#1656=CARTESIAN_POINT('',(5.334778646054E-2,-7.934577854734E-2,
-2.467460196116E-1));
#1657=CARTESIAN_POINT('',(3.659960337144E-2,-8.835925883680E-2,-2.47765625E-1));
#1658=CARTESIAN_POINT('',(1.838335650180E-2,-9.382851963689E-2,
-2.487852303884E-1));
#1659=CARTESIAN_POINT('',(0.E0,-9.558574018155E-2,-2.4971875E-1));
#1660=CARTESIAN_POINT('',(-1.838335650180E-2,-9.382851963689E-2,
-2.506522696116E-1));
#1661=CARTESIAN_POINT('',(-3.659960337144E-2,-8.835925883680E-2,
-2.51671875E-1));
#1662=CARTESIAN_POINT('',(-5.334778646055E-2,-7.934577854734E-2,
-2.526914803884E-1));
#1663=CARTESIAN_POINT('',(-6.758932506711E-2,-6.758932506711E-2,-2.53625E-1));
#1664=CARTESIAN_POINT('',(-7.934577854734E-2,-5.334778646054E-2,
-2.545585196116E-1));
#1665=CARTESIAN_POINT('',(-8.835925883680E-2,-3.659960337144E-2,
-2.55578125E-1));
#1666=CARTESIAN_POINT('',(-9.382851963689E-2,-1.838335650180E-2,
-2.565977303884E-1));
#1667=CARTESIAN_POINT('',(-9.5E-2,-6.127785500601E-3,-2.572200767961E-1));
#1668=CARTESIAN_POINT('',(-9.5E-2,0.E0,-2.5753125E-1));
#1670=CURVE_STYLE('',#20,POSITIVE_LENGTH_MEASURE(2.E-2),#3);
#1671=PRESENTATION_STYLE_ASSIGNMENT((#1670));
#1672=STYLED_ITEM('',(#1671),#1669);
#1673=CARTESIAN_POINT('',(-9.5E-2,0.E0,-2.614375E-1));
#1674=CARTESIAN_POINT('',(-9.5E-2,-6.127785500601E-3,-2.611263267961E-1));
#1675=CARTESIAN_POINT('',(-9.382851963689E-2,-1.838335650180E-2,
-2.605039803884E-1));
#1676=CARTESIAN_POINT('',(-8.835925883680E-2,-3.659960337144E-2,
-2.59484375E-1));
#1677=CARTESIAN_POINT('',(-7.934577854734E-2,-5.334778646054E-2,
-2.584647696116E-1));
#1678=CARTESIAN_POINT('',(-6.758932506711E-2,-6.758932506711E-2,-2.5753125E-1));
#1679=CARTESIAN_POINT('',(-5.334778646054E-2,-7.934577854734E-2,
-2.565977303884E-1));
#1680=CARTESIAN_POINT('',(-3.659960337144E-2,-8.835925883680E-2,
-2.55578125E-1));
#1681=CARTESIAN_POINT('',(-1.838335650180E-2,-9.382851963689E-2,
-2.545585196116E-1));
#1682=CARTESIAN_POINT('',(0.E0,-9.558574018155E-2,-2.53625E-1));
#1683=CARTESIAN_POINT('',(1.838335650180E-2,-9.382851963689E-2,
-2.526914803884E-1));
#1684=CARTESIAN_POINT('',(3.659960337144E-2,-8.835925883680E-2,-2.51671875E-1));
#1685=CARTESIAN_POINT('',(5.334778646054E-2,-7.934577854734E-2,
-2.506522696116E-1));
#1686=CARTESIAN_POINT('',(6.758932506711E-2,-6.758932506711E-2,-2.4971875E-1));
#1687=CARTESIAN_POINT('',(7.934577854734E-2,-5.334778646054E-2,
-2.487852303884E-1));
#1688=CARTESIAN_POINT('',(8.835925883680E-2,-3.659960337144E-2,-2.47765625E-1));
#1689=CARTESIAN_POINT('',(9.382851963689E-2,-1.838335650180E-2,
-2.467460196116E-1));
#1690=CARTESIAN_POINT('',(9.5E-2,-6.127785500601E-3,-2.461236732039E-1));
#1691=CARTESIAN_POINT('',(9.5E-2,0.E0,-2.458125E-1));
#1693=CURVE_STYLE('',#20,POSITIVE_LENGTH_MEASURE(2.E-2),#3);
#1694=PRESENTATION_STYLE_ASSIGNMENT((#1693));
#1695=STYLED_ITEM('',(#1694),#1692);
#1696=CARTESIAN_POINT('',(9.5E-2,0.E0,-2.458125E-1));
#1697=CARTESIAN_POINT('',(9.5E-2,6.127785500601E-3,-2.455013267961E-1));
#1698=CARTESIAN_POINT('',(9.382851963689E-2,1.838335650180E-2,
-2.448789803884E-1));
#1699=CARTESIAN_POINT('',(8.835925883680E-2,3.659960337144E-2,-2.43859375E-1));
#1700=CARTESIAN_POINT('',(7.934577854734E-2,5.334778646055E-2,
-2.428397696116E-1));
#1701=CARTESIAN_POINT('',(6.758932506711E-2,6.758932506711E-2,-2.4190625E-1));
#1702=CARTESIAN_POINT('',(5.334778646054E-2,7.934577854734E-2,
-2.409727303884E-1));
#1703=CARTESIAN_POINT('',(3.659960337144E-2,8.835925883680E-2,-2.39953125E-1));
#1704=CARTESIAN_POINT('',(1.838335650180E-2,9.382851963689E-2,
-2.389335196116E-1));
#1705=CARTESIAN_POINT('',(0.E0,9.558574018155E-2,-2.38E-1));
#1706=CARTESIAN_POINT('',(-1.838335650180E-2,9.382851963689E-2,
-2.370664803884E-1));
#1707=CARTESIAN_POINT('',(-3.659960337144E-2,8.835925883680E-2,-2.36046875E-1));
#1708=CARTESIAN_POINT('',(-5.334778646055E-2,7.934577854734E-2,
-2.350272696116E-1));
#1709=CARTESIAN_POINT('',(-6.758932506711E-2,6.758932506711E-2,-2.3409375E-1));
#1710=CARTESIAN_POINT('',(-7.934577854734E-2,5.334778646054E-2,
-2.331602303884E-1));
#1711=CARTESIAN_POINT('',(-8.835925883680E-2,3.659960337144E-2,-2.32140625E-1));
#1712=CARTESIAN_POINT('',(-9.382851963689E-2,1.838335650180E-2,
-2.311210196116E-1));
#1713=CARTESIAN_POINT('',(-9.5E-2,6.127785500601E-3,-2.304986732039E-1));
#1714=CARTESIAN_POINT('',(-9.5E-2,0.E0,-2.301875E-1));
#1716=CURVE_STYLE('',#20,POSITIVE_LENGTH_MEASURE(2.E-2),#3);
#1717=PRESENTATION_STYLE_ASSIGNMENT((#1716));
#1718=STYLED_ITEM('',(#1717),#1715);
#1719=DIRECTION('',(0.E0,-2.368605089719E-14,-1.E0));
#1720=VECTOR('',#1719,3.90625E-3);
#1721=CARTESIAN_POINT('',(9.5E-2,0.E0,-2.4190625E-1));
#1722=LINE('',#1721,#1720);
#1723=CURVE_STYLE('',#20,POSITIVE_LENGTH_MEASURE(2.E-2),#3);
#1724=PRESENTATION_STYLE_ASSIGNMENT((#1723));
#1725=STYLED_ITEM('',(#1724),#1722);
#1726=CARTESIAN_POINT('',(-9.5E-2,0.E0,-2.2628125E-1));
#1727=CARTESIAN_POINT('',(-9.5E-2,6.127785500601E-3,-2.265924232039E-1));
#1728=CARTESIAN_POINT('',(-9.382851963689E-2,1.838335650180E-2,
-2.272147696116E-1));
#1729=CARTESIAN_POINT('',(-8.835925883680E-2,3.659960337144E-2,-2.28234375E-1));
#1730=CARTESIAN_POINT('',(-7.934577854734E-2,5.334778646054E-2,
-2.292539803884E-1));
#1731=CARTESIAN_POINT('',(-6.758932506711E-2,6.758932506711E-2,-2.301875E-1));
#1732=CARTESIAN_POINT('',(-5.334778646055E-2,7.934577854734E-2,
-2.311210196116E-1));
#1733=CARTESIAN_POINT('',(-3.659960337144E-2,8.835925883680E-2,-2.32140625E-1));
#1734=CARTESIAN_POINT('',(-1.838335650180E-2,9.382851963689E-2,
-2.331602303884E-1));
#1735=CARTESIAN_POINT('',(0.E0,9.558574018156E-2,-2.3409375E-1));
#1736=CARTESIAN_POINT('',(1.838335650180E-2,9.382851963689E-2,
-2.350272696116E-1));
#1737=CARTESIAN_POINT('',(3.659960337144E-2,8.835925883680E-2,-2.36046875E-1));
#1738=CARTESIAN_POINT('',(5.334778646054E-2,7.934577854734E-2,
-2.370664803884E-1));
#1739=CARTESIAN_POINT('',(6.758932506711E-2,6.758932506711E-2,-2.38E-1));
#1740=CARTESIAN_POINT('',(7.934577854734E-2,5.334778646055E-2,
-2.389335196116E-1));
#1741=CARTESIAN_POINT('',(8.835925883680E-2,3.659960337144E-2,-2.39953125E-1));
#1742=CARTESIAN_POINT('',(9.382851963689E-2,1.838335650180E-2,
-2.409727303884E-1));
#1743=CARTESIAN_POINT('',(9.5E-2,6.127785500601E-3,-2.415950767961E-1));
#1744=CARTESIAN_POINT('',(9.5E-2,0.E0,-2.4190625E-1));
#1746=CURVE_STYLE('',#20,POSITIVE_LENGTH_MEASURE(2.E-2),#3);
#1747=PRESENTATION_STYLE_ASSIGNMENT((#1746));
#1748=STYLED_ITEM('',(#1747),#1745);
#1749=DIRECTION('',(0.E0,-2.368605089719E-14,-1.E0));
#1750=VECTOR('',#1749,3.90625E-3);
#1751=CARTESIAN_POINT('',(-9.5E-2,0.E0,-2.2628125E-1));
#1752=LINE('',#1751,#1750);
#1753=CURVE_STYLE('',#20,POSITIVE_LENGTH_MEASURE(2.E-2),#3);
#1754=PRESENTATION_STYLE_ASSIGNMENT((#1753));
#1755=STYLED_ITEM('',(#1754),#1752);
#1756=CARTESIAN_POINT('',(9.5E-2,0.E0,-2.1065625E-1));
#1757=CARTESIAN_POINT('',(9.5E-2,-6.127785500601E-3,-2.109674232039E-1));
#1758=CARTESIAN_POINT('',(9.382851963689E-2,-1.838335650180E-2,
-2.115897696116E-1));
#1759=CARTESIAN_POINT('',(8.835925883680E-2,-3.659960337144E-2,-2.12609375E-1));
#1760=CARTESIAN_POINT('',(7.934577854734E-2,-5.334778646054E-2,
-2.136289803884E-1));
#1761=CARTESIAN_POINT('',(6.758932506711E-2,-6.758932506711E-2,-2.145625E-1));
#1762=CARTESIAN_POINT('',(5.334778646054E-2,-7.934577854734E-2,
-2.154960196116E-1));
#1763=CARTESIAN_POINT('',(3.659960337144E-2,-8.835925883680E-2,-2.16515625E-1));
#1764=CARTESIAN_POINT('',(1.838335650180E-2,-9.382851963689E-2,
-2.175352303884E-1));
#1765=CARTESIAN_POINT('',(0.E0,-9.558574018155E-2,-2.1846875E-1));
#1766=CARTESIAN_POINT('',(-1.838335650180E-2,-9.382851963689E-2,
-2.194022696116E-1));
#1767=CARTESIAN_POINT('',(-3.659960337144E-2,-8.835925883680E-2,
-2.20421875E-1));
#1768=CARTESIAN_POINT('',(-5.334778646054E-2,-7.934577854734E-2,
-2.214414803884E-1));
#1769=CARTESIAN_POINT('',(-6.758932506711E-2,-6.758932506711E-2,-2.22375E-1));
#1770=CARTESIAN_POINT('',(-7.934577854734E-2,-5.334778646054E-2,
-2.233085196116E-1));
#1771=CARTESIAN_POINT('',(-8.835925883680E-2,-3.659960337144E-2,
-2.24328125E-1));
#1772=CARTESIAN_POINT('',(-9.382851963689E-2,-1.838335650180E-2,
-2.253477303884E-1));
#1773=CARTESIAN_POINT('',(-9.5E-2,-6.127785500601E-3,-2.259700767961E-1));
#1774=CARTESIAN_POINT('',(-9.5E-2,0.E0,-2.2628125E-1));
#1776=CURVE_STYLE('',#20,POSITIVE_LENGTH_MEASURE(2.E-2),#3);
#1777=PRESENTATION_STYLE_ASSIGNMENT((#1776));
#1778=STYLED_ITEM('',(#1777),#1775);
#1779=CARTESIAN_POINT('',(-9.5E-2,0.E0,-2.301875E-1));
#1780=CARTESIAN_POINT('',(-9.5E-2,-6.127785500601E-3,-2.298763267961E-1));
#1781=CARTESIAN_POINT('',(-9.382851963689E-2,-1.838335650180E-2,
-2.292539803884E-1));
#1782=CARTESIAN_POINT('',(-8.835925883680E-2,-3.659960337144E-2,
-2.28234375E-1));
#1783=CARTESIAN_POINT('',(-7.934577854734E-2,-5.334778646054E-2,
-2.272147696116E-1));
#1784=CARTESIAN_POINT('',(-6.758932506711E-2,-6.758932506711E-2,-2.2628125E-1));
#1785=CARTESIAN_POINT('',(-5.334778646055E-2,-7.934577854734E-2,
-2.253477303884E-1));
#1786=CARTESIAN_POINT('',(-3.659960337144E-2,-8.835925883680E-2,
-2.24328125E-1));
#1787=CARTESIAN_POINT('',(-1.838335650180E-2,-9.382851963689E-2,
-2.233085196116E-1));
#1788=CARTESIAN_POINT('',(0.E0,-9.558574018155E-2,-2.22375E-1));
#1789=CARTESIAN_POINT('',(1.838335650180E-2,-9.382851963689E-2,
-2.214414803884E-1));
#1790=CARTESIAN_POINT('',(3.659960337144E-2,-8.835925883680E-2,-2.20421875E-1));
#1791=CARTESIAN_POINT('',(5.334778646054E-2,-7.934577854734E-2,
-2.194022696116E-1));
#1792=CARTESIAN_POINT('',(6.758932506711E-2,-6.758932506711E-2,-2.1846875E-1));
#1793=CARTESIAN_POINT('',(7.934577854734E-2,-5.334778646055E-2,
-2.175352303884E-1));
#1794=CARTESIAN_POINT('',(8.835925883680E-2,-3.659960337144E-2,-2.16515625E-1));
#1795=CARTESIAN_POINT('',(9.382851963689E-2,-1.838335650180E-2,
-2.154960196116E-1));
#1796=CARTESIAN_POINT('',(9.5E-2,-6.127785500601E-3,-2.148736732039E-1));
#1797=CARTESIAN_POINT('',(9.5E-2,0.E0,-2.145625E-1));
#1799=CURVE_STYLE('',#20,POSITIVE_LENGTH_MEASURE(2.E-2),#3);
#1800=PRESENTATION_STYLE_ASSIGNMENT((#1799));
#1801=STYLED_ITEM('',(#1800),#1798);
#1802=CARTESIAN_POINT('',(9.5E-2,0.E0,-2.145625E-1));
#1803=CARTESIAN_POINT('',(9.5E-2,6.127785500601E-3,-2.142513267961E-1));
#1804=CARTESIAN_POINT('',(9.382851963689E-2,1.838335650180E-2,
-2.136289803884E-1));
#1805=CARTESIAN_POINT('',(8.835925883680E-2,3.659960337144E-2,-2.12609375E-1));
#1806=CARTESIAN_POINT('',(7.934577854734E-2,5.334778646055E-2,
-2.115897696116E-1));
#1807=CARTESIAN_POINT('',(6.758932506711E-2,6.758932506711E-2,-2.1065625E-1));
#1808=CARTESIAN_POINT('',(5.334778646054E-2,7.934577854734E-2,
-2.097227303884E-1));
#1809=CARTESIAN_POINT('',(3.659960337144E-2,8.835925883680E-2,-2.08703125E-1));
#1810=CARTESIAN_POINT('',(1.838335650180E-2,9.382851963689E-2,
-2.076835196116E-1));
#1811=CARTESIAN_POINT('',(0.E0,9.558574018156E-2,-2.0675E-1));
#1812=CARTESIAN_POINT('',(-1.838335650180E-2,9.382851963689E-2,
-2.058164803884E-1));
#1813=CARTESIAN_POINT('',(-3.659960337144E-2,8.835925883680E-2,-2.04796875E-1));
#1814=CARTESIAN_POINT('',(-5.334778646055E-2,7.934577854734E-2,
-2.037772696116E-1));
#1815=CARTESIAN_POINT('',(-6.758932506711E-2,6.758932506711E-2,-2.0284375E-1));
#1816=CARTESIAN_POINT('',(-7.934577854734E-2,5.334778646054E-2,
-2.019102303884E-1));
#1817=CARTESIAN_POINT('',(-8.835925883680E-2,3.659960337144E-2,-2.00890625E-1));
#1818=CARTESIAN_POINT('',(-9.382851963689E-2,1.838335650180E-2,
-1.998710196116E-1));
#1819=CARTESIAN_POINT('',(-9.5E-2,6.127785500601E-3,-1.992486732039E-1));
#1820=CARTESIAN_POINT('',(-9.5E-2,0.E0,-1.989375E-1));
#1822=CURVE_STYLE('',#20,POSITIVE_LENGTH_MEASURE(2.E-2),#3);
#1823=PRESENTATION_STYLE_ASSIGNMENT((#1822));
#1824=STYLED_ITEM('',(#1823),#1821);
#1825=DIRECTION('',(0.E0,2.368605089719E-14,-1.E0));
#1826=VECTOR('',#1825,3.90625E-3);
#1827=CARTESIAN_POINT('',(9.5E-2,0.E0,-2.1065625E-1));
#1828=LINE('',#1827,#1826);
#1829=CURVE_STYLE('',#20,POSITIVE_LENGTH_MEASURE(2.E-2),#3);
#1830=PRESENTATION_STYLE_ASSIGNMENT((#1829));
#1831=STYLED_ITEM('',(#1830),#1828);
#1832=CARTESIAN_POINT('',(-9.5E-2,0.E0,-1.9503125E-1));
#1833=CARTESIAN_POINT('',(-9.5E-2,6.127785500601E-3,-1.953424232039E-1));
#1834=CARTESIAN_POINT('',(-9.382851963689E-2,1.838335650180E-2,
-1.959647696116E-1));
#1835=CARTESIAN_POINT('',(-8.835925883680E-2,3.659960337144E-2,-1.96984375E-1));
#1836=CARTESIAN_POINT('',(-7.934577854734E-2,5.334778646054E-2,
-1.980039803884E-1));
#1837=CARTESIAN_POINT('',(-6.758932506711E-2,6.758932506711E-2,-1.989375E-1));
#1838=CARTESIAN_POINT('',(-5.334778646054E-2,7.934577854734E-2,
-1.998710196116E-1));
#1839=CARTESIAN_POINT('',(-3.659960337144E-2,8.835925883680E-2,-2.00890625E-1));
#1840=CARTESIAN_POINT('',(-1.838335650180E-2,9.382851963689E-2,
-2.019102303884E-1));
#1841=CARTESIAN_POINT('',(0.E0,9.558574018155E-2,-2.0284375E-1));
#1842=CARTESIAN_POINT('',(1.838335650180E-2,9.382851963689E-2,
-2.037772696116E-1));
#1843=CARTESIAN_POINT('',(3.659960337144E-2,8.835925883680E-2,-2.04796875E-1));
#1844=CARTESIAN_POINT('',(5.334778646054E-2,7.934577854734E-2,
-2.058164803884E-1));
#1845=CARTESIAN_POINT('',(6.758932506711E-2,6.758932506711E-2,-2.0675E-1));
#1846=CARTESIAN_POINT('',(7.934577854734E-2,5.334778646054E-2,
-2.076835196116E-1));
#1847=CARTESIAN_POINT('',(8.835925883680E-2,3.659960337144E-2,-2.08703125E-1));
#1848=CARTESIAN_POINT('',(9.382851963689E-2,1.838335650180E-2,
-2.097227303884E-1));
#1849=CARTESIAN_POINT('',(9.5E-2,6.127785500601E-3,-2.103450767961E-1));
#1850=CARTESIAN_POINT('',(9.5E-2,0.E0,-2.1065625E-1));
#1852=CURVE_STYLE('',#20,POSITIVE_LENGTH_MEASURE(2.E-2),#3);
#1853=PRESENTATION_STYLE_ASSIGNMENT((#1852));
#1854=STYLED_ITEM('',(#1853),#1851);
#1855=DIRECTION('',(0.E0,0.E0,-1.E0));
#1856=VECTOR('',#1855,3.90625E-3);
#1857=CARTESIAN_POINT('',(-9.5E-2,0.E0,-1.9503125E-1));
#1858=LINE('',#1857,#1856);
#1859=CURVE_STYLE('',#20,POSITIVE_LENGTH_MEASURE(2.E-2),#3);
#1860=PRESENTATION_STYLE_ASSIGNMENT((#1859));
#1861=STYLED_ITEM('',(#1860),#1858);
#1862=CARTESIAN_POINT('',(9.5E-2,0.E0,-1.7940625E-1));
#1863=CARTESIAN_POINT('',(9.5E-2,-6.127785500601E-3,-1.797174232039E-1));
#1864=CARTESIAN_POINT('',(9.382851963689E-2,-1.838335650180E-2,
-1.803397696116E-1));
#1865=CARTESIAN_POINT('',(8.835925883680E-2,-3.659960337144E-2,-1.81359375E-1));
#1866=CARTESIAN_POINT('',(7.934577854734E-2,-5.334778646054E-2,
-1.823789803884E-1));
#1867=CARTESIAN_POINT('',(6.758932506711E-2,-6.758932506711E-2,-1.833125E-1));
#1868=CARTESIAN_POINT('',(5.334778646054E-2,-7.934577854734E-2,
-1.842460196116E-1));
#1869=CARTESIAN_POINT('',(3.659960337144E-2,-8.835925883680E-2,-1.85265625E-1));
#1870=CARTESIAN_POINT('',(1.838335650180E-2,-9.382851963689E-2,
-1.862852303884E-1));
#1871=CARTESIAN_POINT('',(0.E0,-9.558574018155E-2,-1.8721875E-1));
#1872=CARTESIAN_POINT('',(-1.838335650180E-2,-9.382851963689E-2,
-1.881522696116E-1));
#1873=CARTESIAN_POINT('',(-3.659960337144E-2,-8.835925883680E-2,
-1.89171875E-1));
#1874=CARTESIAN_POINT('',(-5.334778646055E-2,-7.934577854734E-2,
-1.901914803884E-1));
#1875=CARTESIAN_POINT('',(-6.758932506711E-2,-6.758932506711E-2,-1.91125E-1));
#1876=CARTESIAN_POINT('',(-7.934577854734E-2,-5.334778646054E-2,
-1.920585196116E-1));
#1877=CARTESIAN_POINT('',(-8.835925883680E-2,-3.659960337144E-2,
-1.93078125E-1));
#1878=CARTESIAN_POINT('',(-9.382851963689E-2,-1.838335650180E-2,
-1.940977303884E-1));
#1879=CARTESIAN_POINT('',(-9.5E-2,-6.127785500601E-3,-1.947200767961E-1));
#1880=CARTESIAN_POINT('',(-9.5E-2,0.E0,-1.9503125E-1));
#1882=CURVE_STYLE('',#20,POSITIVE_LENGTH_MEASURE(2.E-2),#3);
#1883=PRESENTATION_STYLE_ASSIGNMENT((#1882));
#1884=STYLED_ITEM('',(#1883),#1881);
#1885=CARTESIAN_POINT('',(-9.5E-2,0.E0,-1.989375E-1));
#1886=CARTESIAN_POINT('',(-9.5E-2,-6.127785500601E-3,-1.986263267961E-1));
#1887=CARTESIAN_POINT('',(-9.382851963689E-2,-1.838335650180E-2,
-1.980039803884E-1));
#1888=CARTESIAN_POINT('',(-8.835925883680E-2,-3.659960337144E-2,
-1.96984375E-1));
#1889=CARTESIAN_POINT('',(-7.934577854734E-2,-5.334778646054E-2,
-1.959647696116E-1));
#1890=CARTESIAN_POINT('',(-6.758932506711E-2,-6.758932506711E-2,-1.9503125E-1));
#1891=CARTESIAN_POINT('',(-5.334778646054E-2,-7.934577854734E-2,
-1.940977303884E-1));
#1892=CARTESIAN_POINT('',(-3.659960337144E-2,-8.835925883680E-2,
-1.93078125E-1));
#1893=CARTESIAN_POINT('',(-1.838335650180E-2,-9.382851963689E-2,
-1.920585196116E-1));
#1894=CARTESIAN_POINT('',(0.E0,-9.558574018155E-2,-1.91125E-1));
#1895=CARTESIAN_POINT('',(1.838335650180E-2,-9.382851963689E-2,
-1.901914803884E-1));
#1896=CARTESIAN_POINT('',(3.659960337144E-2,-8.835925883680E-2,-1.89171875E-1));
#1897=CARTESIAN_POINT('',(5.334778646054E-2,-7.934577854734E-2,
-1.881522696116E-1));
#1898=CARTESIAN_POINT('',(6.758932506711E-2,-6.758932506711E-2,-1.8721875E-1));
#1899=CARTESIAN_POINT('',(7.934577854734E-2,-5.334778646054E-2,
-1.862852303884E-1));
#1900=CARTESIAN_POINT('',(8.835925883680E-2,-3.659960337144E-2,-1.85265625E-1));
#1901=CARTESIAN_POINT('',(9.382851963689E-2,-1.838335650180E-2,
-1.842460196116E-1));
#1902=CARTESIAN_POINT('',(9.5E-2,-6.127785500601E-3,-1.836236732039E-1));
#1903=CARTESIAN_POINT('',(9.5E-2,0.E0,-1.833125E-1));
#1905=CURVE_STYLE('',#20,POSITIVE_LENGTH_MEASURE(2.E-2),#3);
#1906=PRESENTATION_STYLE_ASSIGNMENT((#1905));
#1907=STYLED_ITEM('',(#1906),#1904);
#1908=CARTESIAN_POINT('',(9.5E-2,0.E0,-1.833125E-1));
#1909=CARTESIAN_POINT('',(9.5E-2,6.127785500601E-3,-1.830013267961E-1));
#1910=CARTESIAN_POINT('',(9.382851963689E-2,1.838335650180E-2,
-1.823789803884E-1));
#1911=CARTESIAN_POINT('',(8.835925883680E-2,3.659960337144E-2,-1.81359375E-1));
#1912=CARTESIAN_POINT('',(7.934577854734E-2,5.334778646054E-2,
-1.803397696116E-1));
#1913=CARTESIAN_POINT('',(6.758932506711E-2,6.758932506711E-2,-1.7940625E-1));
#1914=CARTESIAN_POINT('',(5.334778646054E-2,7.934577854734E-2,
-1.784727303884E-1));
#1915=CARTESIAN_POINT('',(3.659960337144E-2,8.835925883680E-2,-1.77453125E-1));
#1916=CARTESIAN_POINT('',(1.838335650180E-2,9.382851963689E-2,
-1.764335196116E-1));
#1917=CARTESIAN_POINT('',(0.E0,9.558574018155E-2,-1.755E-1));
#1918=CARTESIAN_POINT('',(-1.838335650180E-2,9.382851963689E-2,
-1.745664803884E-1));
#1919=CARTESIAN_POINT('',(-3.659960337144E-2,8.835925883680E-2,-1.73546875E-1));
#1920=CARTESIAN_POINT('',(-5.334778646054E-2,7.934577854734E-2,
-1.725272696116E-1));
#1921=CARTESIAN_POINT('',(-6.758932506711E-2,6.758932506711E-2,-1.7159375E-1));
#1922=CARTESIAN_POINT('',(-7.934577854734E-2,5.334778646054E-2,
-1.706602303884E-1));
#1923=CARTESIAN_POINT('',(-8.835925883680E-2,3.659960337144E-2,-1.69640625E-1));
#1924=CARTESIAN_POINT('',(-9.382851963689E-2,1.838335650180E-2,
-1.686210196116E-1));
#1925=CARTESIAN_POINT('',(-9.5E-2,6.127785500601E-3,-1.679986732039E-1));
#1926=CARTESIAN_POINT('',(-9.5E-2,0.E0,-1.676875E-1));
#1928=CURVE_STYLE('',#20,POSITIVE_LENGTH_MEASURE(2.E-2),#3);
#1929=PRESENTATION_STYLE_ASSIGNMENT((#1928));
#1930=STYLED_ITEM('',(#1929),#1927);
#1931=DIRECTION('',(0.E0,-2.368605089719E-14,-1.E0));
#1932=VECTOR('',#1931,3.90625E-3);
#1933=CARTESIAN_POINT('',(9.5E-2,0.E0,-1.7940625E-1));
#1934=LINE('',#1933,#1932);
#1935=CURVE_STYLE('',#20,POSITIVE_LENGTH_MEASURE(2.E-2),#3);
#1936=PRESENTATION_STYLE_ASSIGNMENT((#1935));
#1937=STYLED_ITEM('',(#1936),#1934);
#1938=CARTESIAN_POINT('',(-9.5E-2,0.E0,-1.6378125E-1));
#1939=CARTESIAN_POINT('',(-9.5E-2,6.127785500601E-3,-1.640924232039E-1));
#1940=CARTESIAN_POINT('',(-9.382851963689E-2,1.838335650180E-2,
-1.647147696116E-1));
#1941=CARTESIAN_POINT('',(-8.835925883680E-2,3.659960337144E-2,-1.65734375E-1));
#1942=CARTESIAN_POINT('',(-7.934577854734E-2,5.334778646054E-2,
-1.667539803884E-1));
#1943=CARTESIAN_POINT('',(-6.758932506711E-2,6.758932506711E-2,-1.676875E-1));
#1944=CARTESIAN_POINT('',(-5.334778646055E-2,7.934577854734E-2,
-1.686210196116E-1));
#1945=CARTESIAN_POINT('',(-3.659960337144E-2,8.835925883680E-2,-1.69640625E-1));
#1946=CARTESIAN_POINT('',(-1.838335650180E-2,9.382851963689E-2,
-1.706602303884E-1));
#1947=CARTESIAN_POINT('',(0.E0,9.558574018156E-2,-1.7159375E-1));
#1948=CARTESIAN_POINT('',(1.838335650180E-2,9.382851963689E-2,
-1.725272696116E-1));
#1949=CARTESIAN_POINT('',(3.659960337144E-2,8.835925883680E-2,-1.73546875E-1));
#1950=CARTESIAN_POINT('',(5.334778646055E-2,7.934577854734E-2,
-1.745664803884E-1));
#1951=CARTESIAN_POINT('',(6.758932506711E-2,6.758932506711E-2,-1.755E-1));
#1952=CARTESIAN_POINT('',(7.934577854734E-2,5.334778646054E-2,
-1.764335196116E-1));
#1953=CARTESIAN_POINT('',(8.835925883680E-2,3.659960337144E-2,-1.77453125E-1));
#1954=CARTESIAN_POINT('',(9.382851963689E-2,1.838335650180E-2,
-1.784727303884E-1));
#1955=CARTESIAN_POINT('',(9.5E-2,6.127785500601E-3,-1.790950767961E-1));
#1956=CARTESIAN_POINT('',(9.5E-2,0.E0,-1.7940625E-1));
#1958=CURVE_STYLE('',#20,POSITIVE_LENGTH_MEASURE(2.E-2),#3);
#1959=PRESENTATION_STYLE_ASSIGNMENT((#1958));
#1960=STYLED_ITEM('',(#1959),#1957);
#1961=DIRECTION('',(0.E0,7.105815269157E-14,-1.E0));
#1962=VECTOR('',#1961,3.90625E-3);
#1963=CARTESIAN_POINT('',(-9.5E-2,0.E0,-1.6378125E-1));
#1964=LINE('',#1963,#1962);
#1965=CURVE_STYLE('',#20,POSITIVE_LENGTH_MEASURE(2.E-2),#3);
#1966=PRESENTATION_STYLE_ASSIGNMENT((#1965));
#1967=STYLED_ITEM('',(#1966),#1964);
#1968=CARTESIAN_POINT('',(9.5E-2,0.E0,-1.4815625E-1));
#1969=CARTESIAN_POINT('',(9.5E-2,-6.127785500601E-3,-1.484674232039E-1));
#1970=CARTESIAN_POINT('',(9.382851963689E-2,-1.838335650180E-2,
-1.490897696116E-1));
#1971=CARTESIAN_POINT('',(8.835925883680E-2,-3.659960337144E-2,-1.50109375E-1));
#1972=CARTESIAN_POINT('',(7.934577854734E-2,-5.334778646054E-2,
-1.511289803884E-1));
#1973=CARTESIAN_POINT('',(6.758932506711E-2,-6.758932506711E-2,-1.520625E-1));
#1974=CARTESIAN_POINT('',(5.334778646054E-2,-7.934577854734E-2,
-1.529960196116E-1));
#1975=CARTESIAN_POINT('',(3.659960337144E-2,-8.835925883680E-2,-1.54015625E-1));
#1976=CARTESIAN_POINT('',(1.838335650180E-2,-9.382851963689E-2,
-1.550352303884E-1));
#1977=CARTESIAN_POINT('',(0.E0,-9.558574018155E-2,-1.5596875E-1));
#1978=CARTESIAN_POINT('',(-1.838335650180E-2,-9.382851963689E-2,
-1.569022696116E-1));
#1979=CARTESIAN_POINT('',(-3.659960337144E-2,-8.835925883680E-2,
-1.57921875E-1));
#1980=CARTESIAN_POINT('',(-5.334778646055E-2,-7.934577854734E-2,
-1.589414803884E-1));
#1981=CARTESIAN_POINT('',(-6.758932506711E-2,-6.758932506711E-2,-1.59875E-1));
#1982=CARTESIAN_POINT('',(-7.934577854734E-2,-5.334778646054E-2,
-1.608085196116E-1));
#1983=CARTESIAN_POINT('',(-8.835925883680E-2,-3.659960337144E-2,
-1.61828125E-1));
#1984=CARTESIAN_POINT('',(-9.382851963689E-2,-1.838335650180E-2,
-1.628477303884E-1));
#1985=CARTESIAN_POINT('',(-9.5E-2,-6.127785500601E-3,-1.634700767961E-1));
#1986=CARTESIAN_POINT('',(-9.5E-2,0.E0,-1.6378125E-1));
#1988=CURVE_STYLE('',#20,POSITIVE_LENGTH_MEASURE(2.E-2),#3);
#1989=PRESENTATION_STYLE_ASSIGNMENT((#1988));
#1990=STYLED_ITEM('',(#1989),#1987);
#1991=CARTESIAN_POINT('',(-9.5E-2,0.E0,-1.676875E-1));
#1992=CARTESIAN_POINT('',(-9.5E-2,-6.127785500601E-3,-1.673763267961E-1));
#1993=CARTESIAN_POINT('',(-9.382851963689E-2,-1.838335650180E-2,
-1.667539803884E-1));
#1994=CARTESIAN_POINT('',(-8.835925883680E-2,-3.659960337144E-2,
-1.65734375E-1));
#1995=CARTESIAN_POINT('',(-7.934577854734E-2,-5.334778646054E-2,
-1.647147696116E-1));
#1996=CARTESIAN_POINT('',(-6.758932506711E-2,-6.758932506711E-2,-1.6378125E-1));
#1997=CARTESIAN_POINT('',(-5.334778646055E-2,-7.934577854734E-2,
-1.628477303884E-1));
#1998=CARTESIAN_POINT('',(-3.659960337144E-2,-8.835925883680E-2,
-1.61828125E-1));
#1999=CARTESIAN_POINT('',(-1.838335650180E-2,-9.382851963689E-2,
-1.608085196116E-1));
#2000=CARTESIAN_POINT('',(0.E0,-9.558574018155E-2,-1.59875E-1));
#2001=CARTESIAN_POINT('',(1.838335650180E-2,-9.382851963689E-2,
-1.589414803884E-1));
#2002=CARTESIAN_POINT('',(3.659960337144E-2,-8.835925883680E-2,-1.57921875E-1));
#2003=CARTESIAN_POINT('',(5.334778646054E-2,-7.934577854734E-2,
-1.569022696116E-1));
#2004=CARTESIAN_POINT('',(6.758932506711E-2,-6.758932506711E-2,-1.5596875E-1));
#2005=CARTESIAN_POINT('',(7.934577854734E-2,-5.334778646054E-2,
-1.550352303884E-1));
#2006=CARTESIAN_POINT('',(8.835925883680E-2,-3.659960337144E-2,-1.54015625E-1));
#2007=CARTESIAN_POINT('',(9.382851963689E-2,-1.838335650180E-2,
-1.529960196116E-1));
#2008=CARTESIAN_POINT('',(9.5E-2,-6.127785500601E-3,-1.523736732039E-1));
#2009=CARTESIAN_POINT('',(9.5E-2,0.E0,-1.520625E-1));
#2011=CURVE_STYLE('',#20,POSITIVE_LENGTH_MEASURE(2.E-2),#3);
#2012=PRESENTATION_STYLE_ASSIGNMENT((#2011));
#2013=STYLED_ITEM('',(#2012),#2010);
#2014=CARTESIAN_POINT('',(9.5E-2,0.E0,-1.520625E-1));
#2015=CARTESIAN_POINT('',(9.5E-2,6.127785500601E-3,-1.517513267961E-1));
#2016=CARTESIAN_POINT('',(9.382851963689E-2,1.838335650180E-2,
-1.511289803884E-1));
#2017=CARTESIAN_POINT('',(8.835925883680E-2,3.659960337144E-2,-1.50109375E-1));
#2018=CARTESIAN_POINT('',(7.934577854734E-2,5.334778646054E-2,
-1.490897696116E-1));
#2019=CARTESIAN_POINT('',(6.758932506711E-2,6.758932506711E-2,-1.4815625E-1));
#2020=CARTESIAN_POINT('',(5.334778646055E-2,7.934577854734E-2,
-1.472227303884E-1));
#2021=CARTESIAN_POINT('',(3.659960337144E-2,8.835925883680E-2,-1.46203125E-1));
#2022=CARTESIAN_POINT('',(1.838335650180E-2,9.382851963689E-2,
-1.451835196116E-1));
#2023=CARTESIAN_POINT('',(0.E0,9.558574018155E-2,-1.4425E-1));
#2024=CARTESIAN_POINT('',(-1.838335650180E-2,9.382851963689E-2,
-1.433164803884E-1));
#2025=CARTESIAN_POINT('',(-3.659960337144E-2,8.835925883680E-2,-1.42296875E-1));
#2026=CARTESIAN_POINT('',(-5.334778646054E-2,7.934577854734E-2,
-1.412772696116E-1));
#2027=CARTESIAN_POINT('',(-6.758932506711E-2,6.758932506711E-2,-1.4034375E-1));
#2028=CARTESIAN_POINT('',(-7.934577854734E-2,5.334778646054E-2,
-1.394102303884E-1));
#2029=CARTESIAN_POINT('',(-8.835925883680E-2,3.659960337144E-2,-1.38390625E-1));
#2030=CARTESIAN_POINT('',(-9.382851963689E-2,1.838335650180E-2,
-1.373710196116E-1));
#2031=CARTESIAN_POINT('',(-9.5E-2,6.127785500601E-3,-1.367486732039E-1));
#2032=CARTESIAN_POINT('',(-9.5E-2,0.E0,-1.364375E-1));
#2034=CURVE_STYLE('',#20,POSITIVE_LENGTH_MEASURE(2.E-2),#3);
#2035=PRESENTATION_STYLE_ASSIGNMENT((#2034));
#2036=STYLED_ITEM('',(#2035),#2033);
#2037=DIRECTION('',(0.E0,9.474420358874E-14,-1.E0));
#2038=VECTOR('',#2037,3.90625E-3);
#2039=CARTESIAN_POINT('',(9.5E-2,0.E0,-1.4815625E-1));
#2040=LINE('',#2039,#2038);
#2041=CURVE_STYLE('',#20,POSITIVE_LENGTH_MEASURE(2.E-2),#3);
#2042=PRESENTATION_STYLE_ASSIGNMENT((#2041));
#2043=STYLED_ITEM('',(#2042),#2040);
#2044=CARTESIAN_POINT('',(-9.5E-2,0.E0,-1.3253125E-1));
#2045=CARTESIAN_POINT('',(-9.5E-2,6.127785500601E-3,-1.328424232039E-1));
#2046=CARTESIAN_POINT('',(-9.382851963689E-2,1.838335650180E-2,
-1.334647696116E-1));
#2047=CARTESIAN_POINT('',(-8.835925883680E-2,3.659960337144E-2,-1.34484375E-1));
#2048=CARTESIAN_POINT('',(-7.934577854734E-2,5.334778646054E-2,
-1.355039803884E-1));
#2049=CARTESIAN_POINT('',(-6.758932506711E-2,6.758932506711E-2,-1.364375E-1));
#2050=CARTESIAN_POINT('',(-5.334778646055E-2,7.934577854734E-2,
-1.373710196116E-1));
#2051=CARTESIAN_POINT('',(-3.659960337144E-2,8.835925883680E-2,-1.38390625E-1));
#2052=CARTESIAN_POINT('',(-1.838335650180E-2,9.382851963689E-2,
-1.394102303884E-1));
#2053=CARTESIAN_POINT('',(0.E0,9.558574018155E-2,-1.4034375E-1));
#2054=CARTESIAN_POINT('',(1.838335650180E-2,9.382851963689E-2,
-1.412772696116E-1));
#2055=CARTESIAN_POINT('',(3.659960337144E-2,8.835925883680E-2,-1.42296875E-1));
#2056=CARTESIAN_POINT('',(5.334778646055E-2,7.934577854734E-2,
-1.433164803884E-1));
#2057=CARTESIAN_POINT('',(6.758932506711E-2,6.758932506711E-2,-1.4425E-1));
#2058=CARTESIAN_POINT('',(7.934577854734E-2,5.334778646054E-2,
-1.451835196116E-1));
#2059=CARTESIAN_POINT('',(8.835925883680E-2,3.659960337144E-2,-1.46203125E-1));
#2060=CARTESIAN_POINT('',(9.382851963689E-2,1.838335650180E-2,
-1.472227303884E-1));
#2061=CARTESIAN_POINT('',(9.5E-2,6.127785500601E-3,-1.478450767961E-1));
#2062=CARTESIAN_POINT('',(9.5E-2,0.E0,-1.4815625E-1));
#2064=CURVE_STYLE('',#20,POSITIVE_LENGTH_MEASURE(2.E-2),#3);
#2065=PRESENTATION_STYLE_ASSIGNMENT((#2064));
#2066=STYLED_ITEM('',(#2065),#2063);
#2067=DIRECTION('',(0.E0,-9.474420358875E-14,-1.E0));
#2068=VECTOR('',#2067,3.90625E-3);
#2069=CARTESIAN_POINT('',(-9.5E-2,0.E0,-1.3253125E-1));
#2070=LINE('',#2069,#2068);
#2071=CURVE_STYLE('',#20,POSITIVE_LENGTH_MEASURE(2.E-2),#3);
#2072=PRESENTATION_STYLE_ASSIGNMENT((#2071));
#2073=STYLED_ITEM('',(#2072),#2070);
#2074=CARTESIAN_POINT('',(9.5E-2,0.E0,-1.1690625E-1));
#2075=CARTESIAN_POINT('',(9.5E-2,-6.127785500601E-3,-1.172174232039E-1));
#2076=CARTESIAN_POINT('',(9.382851963689E-2,-1.838335650180E-2,
-1.178397696116E-1));
#2077=CARTESIAN_POINT('',(8.835925883680E-2,-3.659960337144E-2,-1.18859375E-1));
#2078=CARTESIAN_POINT('',(7.934577854734E-2,-5.334778646055E-2,
-1.198789803884E-1));
#2079=CARTESIAN_POINT('',(6.758932506711E-2,-6.758932506711E-2,-1.208125E-1));
#2080=CARTESIAN_POINT('',(5.334778646054E-2,-7.934577854734E-2,
-1.217460196116E-1));
#2081=CARTESIAN_POINT('',(3.659960337144E-2,-8.835925883680E-2,-1.22765625E-1));
#2082=CARTESIAN_POINT('',(1.838335650180E-2,-9.382851963689E-2,
-1.237852303884E-1));
#2083=CARTESIAN_POINT('',(0.E0,-9.558574018155E-2,-1.2471875E-1));
#2084=CARTESIAN_POINT('',(-1.838335650180E-2,-9.382851963689E-2,
-1.256522696116E-1));
#2085=CARTESIAN_POINT('',(-3.659960337144E-2,-8.835925883680E-2,
-1.26671875E-1));
#2086=CARTESIAN_POINT('',(-5.334778646054E-2,-7.934577854734E-2,
-1.276914803884E-1));
#2087=CARTESIAN_POINT('',(-6.758932506711E-2,-6.758932506711E-2,-1.28625E-1));
#2088=CARTESIAN_POINT('',(-7.934577854734E-2,-5.334778646055E-2,
-1.295585196116E-1));
#2089=CARTESIAN_POINT('',(-8.835925883680E-2,-3.659960337144E-2,
-1.30578125E-1));
#2090=CARTESIAN_POINT('',(-9.382851963689E-2,-1.838335650180E-2,
-1.315977303884E-1));
#2091=CARTESIAN_POINT('',(-9.5E-2,-6.127785500601E-3,-1.322200767961E-1));
#2092=CARTESIAN_POINT('',(-9.5E-2,0.E0,-1.3253125E-1));
#2094=CURVE_STYLE('',#20,POSITIVE_LENGTH_MEASURE(2.E-2),#3);
#2095=PRESENTATION_STYLE_ASSIGNMENT((#2094));
#2096=STYLED_ITEM('',(#2095),#2093);
#2097=CARTESIAN_POINT('',(-9.5E-2,0.E0,-1.364375E-1));
#2098=CARTESIAN_POINT('',(-9.5E-2,-6.127785500601E-3,-1.361263267961E-1));
#2099=CARTESIAN_POINT('',(-9.382851963689E-2,-1.838335650180E-2,
-1.355039803884E-1));
#2100=CARTESIAN_POINT('',(-8.835925883680E-2,-3.659960337144E-2,
-1.34484375E-1));
#2101=CARTESIAN_POINT('',(-7.934577854734E-2,-5.334778646055E-2,
-1.334647696116E-1));
#2102=CARTESIAN_POINT('',(-6.758932506711E-2,-6.758932506711E-2,-1.3253125E-1));
#2103=CARTESIAN_POINT('',(-5.334778646055E-2,-7.934577854734E-2,
-1.315977303884E-1));
#2104=CARTESIAN_POINT('',(-3.659960337144E-2,-8.835925883680E-2,
-1.30578125E-1));
#2105=CARTESIAN_POINT('',(-1.838335650180E-2,-9.382851963689E-2,
-1.295585196116E-1));
#2106=CARTESIAN_POINT('',(0.E0,-9.558574018155E-2,-1.28625E-1));
#2107=CARTESIAN_POINT('',(1.838335650180E-2,-9.382851963689E-2,
-1.276914803884E-1));
#2108=CARTESIAN_POINT('',(3.659960337144E-2,-8.835925883680E-2,-1.26671875E-1));
#2109=CARTESIAN_POINT('',(5.334778646054E-2,-7.934577854734E-2,
-1.256522696116E-1));
#2110=CARTESIAN_POINT('',(6.758932506711E-2,-6.758932506711E-2,-1.2471875E-1));
#2111=CARTESIAN_POINT('',(7.934577854734E-2,-5.334778646054E-2,
-1.237852303884E-1));
#2112=CARTESIAN_POINT('',(8.835925883680E-2,-3.659960337144E-2,-1.22765625E-1));
#2113=CARTESIAN_POINT('',(9.382851963689E-2,-1.838335650180E-2,
-1.217460196116E-1));
#2114=CARTESIAN_POINT('',(9.5E-2,-6.127785500601E-3,-1.211236732039E-1));
#2115=CARTESIAN_POINT('',(9.5E-2,0.E0,-1.208125E-1));
#2117=CURVE_STYLE('',#20,POSITIVE_LENGTH_MEASURE(2.E-2),#3);
#2118=PRESENTATION_STYLE_ASSIGNMENT((#2117));
#2119=STYLED_ITEM('',(#2118),#2116);
#2120=CARTESIAN_POINT('',(9.5E-2,0.E0,-1.208125E-1));
#2121=CARTESIAN_POINT('',(9.5E-2,6.127785500601E-3,-1.205013267961E-1));
#2122=CARTESIAN_POINT('',(9.382851963689E-2,1.838335650180E-2,
-1.198789803884E-1));
#2123=CARTESIAN_POINT('',(8.835925883680E-2,3.659960337144E-2,-1.18859375E-1));
#2124=CARTESIAN_POINT('',(7.934577854734E-2,5.334778646054E-2,
-1.178397696116E-1));
#2125=CARTESIAN_POINT('',(6.758932506711E-2,6.758932506711E-2,-1.1690625E-1));
#2126=CARTESIAN_POINT('',(5.334778646055E-2,7.934577854734E-2,
-1.159727303884E-1));
#2127=CARTESIAN_POINT('',(3.659960337144E-2,8.835925883680E-2,-1.14953125E-1));
#2128=CARTESIAN_POINT('',(1.838335650180E-2,9.382851963689E-2,
-1.139335196116E-1));
#2129=CARTESIAN_POINT('',(0.E0,9.558574018155E-2,-1.13E-1));
#2130=CARTESIAN_POINT('',(-1.838335650180E-2,9.382851963689E-2,
-1.120664803884E-1));
#2131=CARTESIAN_POINT('',(-3.659960337144E-2,8.835925883680E-2,-1.11046875E-1));
#2132=CARTESIAN_POINT('',(-5.334778646055E-2,7.934577854734E-2,
-1.100272696116E-1));
#2133=CARTESIAN_POINT('',(-6.758932506711E-2,6.758932506711E-2,-1.0909375E-1));
#2134=CARTESIAN_POINT('',(-7.934577854734E-2,5.334778646054E-2,
-1.081602303884E-1));
#2135=CARTESIAN_POINT('',(-8.835925883680E-2,3.659960337144E-2,-1.07140625E-1));
#2136=CARTESIAN_POINT('',(-9.382851963689E-2,1.838335650180E-2,
-1.061210196116E-1));
#2137=CARTESIAN_POINT('',(-9.5E-2,6.127785500601E-3,-1.054986732039E-1));
#2138=CARTESIAN_POINT('',(-9.5E-2,0.E0,-1.051875E-1));
#2140=CURVE_STYLE('',#20,POSITIVE_LENGTH_MEASURE(2.E-2),#3);
#2141=PRESENTATION_STYLE_ASSIGNMENT((#2140));
#2142=STYLED_ITEM('',(#2141),#2139);
#2143=DIRECTION('',(0.E0,1.421163053831E-13,-1.E0));
#2144=VECTOR('',#2143,3.90625E-3);
#2145=CARTESIAN_POINT('',(9.5E-2,0.E0,-1.1690625E-1));
#2146=LINE('',#2145,#2144);
#2147=CURVE_STYLE('',#20,POSITIVE_LENGTH_MEASURE(2.E-2),#3);
#2148=PRESENTATION_STYLE_ASSIGNMENT((#2147));
#2149=STYLED_ITEM('',(#2148),#2146);
#2150=CARTESIAN_POINT('',(-9.5E-2,0.E0,-1.0128125E-1));
#2151=CARTESIAN_POINT('',(-9.5E-2,6.127785500601E-3,-1.015924232039E-1));
#2152=CARTESIAN_POINT('',(-9.382851963689E-2,1.838335650180E-2,
-1.022147696116E-1));
#2153=CARTESIAN_POINT('',(-8.835925883680E-2,3.659960337144E-2,-1.03234375E-1));
#2154=CARTESIAN_POINT('',(-7.934577854734E-2,5.334778646054E-2,
-1.042539803884E-1));
#2155=CARTESIAN_POINT('',(-6.758932506711E-2,6.758932506711E-2,-1.051875E-1));
#2156=CARTESIAN_POINT('',(-5.334778646054E-2,7.934577854734E-2,
-1.061210196116E-1));
#2157=CARTESIAN_POINT('',(-3.659960337144E-2,8.835925883680E-2,-1.07140625E-1));
#2158=CARTESIAN_POINT('',(-1.838335650180E-2,9.382851963689E-2,
-1.081602303884E-1));
#2159=CARTESIAN_POINT('',(0.E0,9.558574018155E-2,-1.0909375E-1));
#2160=CARTESIAN_POINT('',(1.838335650180E-2,9.382851963689E-2,
-1.100272696116E-1));
#2161=CARTESIAN_POINT('',(3.659960337144E-2,8.835925883680E-2,-1.11046875E-1));
#2162=CARTESIAN_POINT('',(5.334778646055E-2,7.934577854734E-2,
-1.120664803884E-1));
#2163=CARTESIAN_POINT('',(6.758932506711E-2,6.758932506711E-2,-1.13E-1));
#2164=CARTESIAN_POINT('',(7.934577854734E-2,5.334778646055E-2,
-1.139335196116E-1));
#2165=CARTESIAN_POINT('',(8.835925883680E-2,3.659960337144E-2,-1.14953125E-1));
#2166=CARTESIAN_POINT('',(9.382851963689E-2,1.838335650180E-2,
-1.159727303884E-1));
#2167=CARTESIAN_POINT('',(9.5E-2,6.127785500602E-3,-1.165950767961E-1));
#2168=CARTESIAN_POINT('',(9.5E-2,0.E0,-1.1690625E-1));
#2170=CURVE_STYLE('',#20,POSITIVE_LENGTH_MEASURE(2.E-2),#3);
#2171=PRESENTATION_STYLE_ASSIGNMENT((#2170));
#2172=STYLED_ITEM('',(#2171),#2169);
#2173=DIRECTION('',(0.E0,-1.421163053831E-13,-1.E0));
#2174=VECTOR('',#2173,3.90625E-3);
#2175=CARTESIAN_POINT('',(-9.5E-2,0.E0,-1.0128125E-1));
#2176=LINE('',#2175,#2174);
#2177=CURVE_STYLE('',#20,POSITIVE_LENGTH_MEASURE(2.E-2),#3);
#2178=PRESENTATION_STYLE_ASSIGNMENT((#2177));
#2179=STYLED_ITEM('',(#2178),#2176);
#2180=CARTESIAN_POINT('',(9.5E-2,0.E0,-8.565625E-2));
#2181=CARTESIAN_POINT('',(9.5E-2,-6.127785500601E-3,-8.596742320385E-2));
#2182=CARTESIAN_POINT('',(9.382851963689E-2,-1.838335650180E-2,
-8.658976961156E-2));
#2183=CARTESIAN_POINT('',(8.835925883680E-2,-3.659960337144E-2,-8.7609375E-2));
#2184=CARTESIAN_POINT('',(7.934577854734E-2,-5.334778646055E-2,
-8.862898038844E-2));
#2185=CARTESIAN_POINT('',(6.758932506711E-2,-6.758932506711E-2,-8.95625E-2));
#2186=CARTESIAN_POINT('',(5.334778646054E-2,-7.934577854734E-2,
-9.049601961156E-2));
#2187=CARTESIAN_POINT('',(3.659960337144E-2,-8.835925883680E-2,-9.1515625E-2));
#2188=CARTESIAN_POINT('',(1.838335650180E-2,-9.382851963689E-2,
-9.253523038844E-2));
#2189=CARTESIAN_POINT('',(0.E0,-9.558574018155E-2,-9.346875E-2));
#2190=CARTESIAN_POINT('',(-1.838335650180E-2,-9.382851963689E-2,
-9.440226961156E-2));
#2191=CARTESIAN_POINT('',(-3.659960337144E-2,-8.835925883680E-2,-9.5421875E-2));
#2192=CARTESIAN_POINT('',(-5.334778646054E-2,-7.934577854734E-2,
-9.644148038844E-2));
#2193=CARTESIAN_POINT('',(-6.758932506711E-2,-6.758932506711E-2,-9.7375E-2));
#2194=CARTESIAN_POINT('',(-7.934577854734E-2,-5.334778646055E-2,
-9.830851961156E-2));
#2195=CARTESIAN_POINT('',(-8.835925883680E-2,-3.659960337144E-2,-9.9328125E-2));
#2196=CARTESIAN_POINT('',(-9.382851963689E-2,-1.838335650180E-2,
-1.003477303884E-1));
#2197=CARTESIAN_POINT('',(-9.5E-2,-6.127785500601E-3,-1.009700767961E-1));
#2198=CARTESIAN_POINT('',(-9.5E-2,0.E0,-1.0128125E-1));
#2200=CURVE_STYLE('',#20,POSITIVE_LENGTH_MEASURE(2.E-2),#3);
#2201=PRESENTATION_STYLE_ASSIGNMENT((#2200));
#2202=STYLED_ITEM('',(#2201),#2199);
#2203=CARTESIAN_POINT('',(-9.5E-2,0.E0,-1.051875E-1));
#2204=CARTESIAN_POINT('',(-9.5E-2,-6.127785500601E-3,-1.048763267961E-1));
#2205=CARTESIAN_POINT('',(-9.382851963689E-2,-1.838335650180E-2,
-1.042539803884E-1));
#2206=CARTESIAN_POINT('',(-8.835925883680E-2,-3.659960337144E-2,
-1.03234375E-1));
#2207=CARTESIAN_POINT('',(-7.934577854734E-2,-5.334778646055E-2,
-1.022147696116E-1));
#2208=CARTESIAN_POINT('',(-6.758932506711E-2,-6.758932506711E-2,-1.0128125E-1));
#2209=CARTESIAN_POINT('',(-5.334778646054E-2,-7.934577854734E-2,
-1.003477303884E-1));
#2210=CARTESIAN_POINT('',(-3.659960337144E-2,-8.835925883680E-2,-9.9328125E-2));
#2211=CARTESIAN_POINT('',(-1.838335650180E-2,-9.382851963689E-2,
-9.830851961156E-2));
#2212=CARTESIAN_POINT('',(0.E0,-9.558574018155E-2,-9.7375E-2));
#2213=CARTESIAN_POINT('',(1.838335650180E-2,-9.382851963689E-2,
-9.644148038844E-2));
#2214=CARTESIAN_POINT('',(3.659960337144E-2,-8.835925883680E-2,-9.5421875E-2));
#2215=CARTESIAN_POINT('',(5.334778646054E-2,-7.934577854734E-2,
-9.440226961156E-2));
#2216=CARTESIAN_POINT('',(6.758932506711E-2,-6.758932506711E-2,-9.346875E-2));
#2217=CARTESIAN_POINT('',(7.934577854734E-2,-5.334778646055E-2,
-9.253523038844E-2));
#2218=CARTESIAN_POINT('',(8.835925883680E-2,-3.659960337144E-2,-9.1515625E-2));
#2219=CARTESIAN_POINT('',(9.382851963689E-2,-1.838335650180E-2,
-9.049601961156E-2));
#2220=CARTESIAN_POINT('',(9.5E-2,-6.127785500601E-3,-8.987367320385E-2));
#2221=CARTESIAN_POINT('',(9.5E-2,0.E0,-8.95625E-2));
#2223=CURVE_STYLE('',#20,POSITIVE_LENGTH_MEASURE(2.E-2),#3);
#2224=PRESENTATION_STYLE_ASSIGNMENT((#2223));
#2225=STYLED_ITEM('',(#2224),#2222);
#2226=CARTESIAN_POINT('',(9.5E-2,0.E0,-8.95625E-2));
#2227=CARTESIAN_POINT('',(9.5E-2,6.127785500602E-3,-8.925132679615E-2));
#2228=CARTESIAN_POINT('',(9.382851963689E-2,1.838335650180E-2,
-8.862898038844E-2));
#2229=CARTESIAN_POINT('',(8.835925883680E-2,3.659960337144E-2,-8.7609375E-2));
#2230=CARTESIAN_POINT('',(7.934577854734E-2,5.334778646054E-2,
-8.658976961156E-2));
#2231=CARTESIAN_POINT('',(6.758932506711E-2,6.758932506711E-2,-8.565625E-2));
#2232=CARTESIAN_POINT('',(5.334778646055E-2,7.934577854734E-2,
-8.472273038844E-2));
#2233=CARTESIAN_POINT('',(3.659960337144E-2,8.835925883680E-2,-8.3703125E-2));
#2234=CARTESIAN_POINT('',(1.838335650180E-2,9.382851963689E-2,
-8.268351961156E-2));
#2235=CARTESIAN_POINT('',(0.E0,9.558574018155E-2,-8.175E-2));
#2236=CARTESIAN_POINT('',(-1.838335650180E-2,9.382851963689E-2,
-8.081648038844E-2));
#2237=CARTESIAN_POINT('',(-3.659960337144E-2,8.835925883680E-2,-7.9796875E-2));
#2238=CARTESIAN_POINT('',(-5.334778646054E-2,7.934577854734E-2,
-7.877726961156E-2));
#2239=CARTESIAN_POINT('',(-6.758932506711E-2,6.758932506711E-2,-7.784375E-2));
#2240=CARTESIAN_POINT('',(-7.934577854734E-2,5.334778646054E-2,
-7.691023038844E-2));
#2241=CARTESIAN_POINT('',(-8.835925883680E-2,3.659960337144E-2,-7.5890625E-2));
#2242=CARTESIAN_POINT('',(-9.382851963689E-2,1.838335650180E-2,
-7.487101961156E-2));
#2243=CARTESIAN_POINT('',(-9.5E-2,6.127785500601E-3,-7.424867320385E-2));
#2244=CARTESIAN_POINT('',(-9.5E-2,0.E0,-7.39375E-2));
#2246=CURVE_STYLE('',#20,POSITIVE_LENGTH_MEASURE(2.E-2),#3);
#2247=PRESENTATION_STYLE_ASSIGNMENT((#2246));
#2248=STYLED_ITEM('',(#2247),#2245);
#2249=DIRECTION('',(0.E0,4.737210179438E-14,-1.E0));
#2250=VECTOR('',#2249,3.90625E-3);
#2251=CARTESIAN_POINT('',(9.5E-2,0.E0,-8.565625E-2));
#2252=LINE('',#2251,#2250);
#2253=CURVE_STYLE('',#20,POSITIVE_LENGTH_MEASURE(2.E-2),#3);
#2254=PRESENTATION_STYLE_ASSIGNMENT((#2253));
#2255=STYLED_ITEM('',(#2254),#2252);
#2256=CARTESIAN_POINT('',(-9.5E-2,0.E0,-7.003125E-2));
#2257=CARTESIAN_POINT('',(-9.5E-2,6.127785500601E-3,-7.034242320385E-2));
#2258=CARTESIAN_POINT('',(-9.382851963689E-2,1.838335650180E-2,
-7.096476961156E-2));
#2259=CARTESIAN_POINT('',(-8.835925883680E-2,3.659960337144E-2,-7.1984375E-2));
#2260=CARTESIAN_POINT('',(-7.934577854734E-2,5.334778646054E-2,
-7.300398038844E-2));
#2261=CARTESIAN_POINT('',(-6.758932506711E-2,6.758932506711E-2,-7.39375E-2));
#2262=CARTESIAN_POINT('',(-5.334778646054E-2,7.934577854734E-2,
-7.487101961156E-2));
#2263=CARTESIAN_POINT('',(-3.659960337144E-2,8.835925883680E-2,-7.5890625E-2));
#2264=CARTESIAN_POINT('',(-1.838335650180E-2,9.382851963689E-2,
-7.691023038844E-2));
#2265=CARTESIAN_POINT('',(0.E0,9.558574018155E-2,-7.784375E-2));
#2266=CARTESIAN_POINT('',(1.838335650180E-2,9.382851963689E-2,
-7.877726961156E-2));
#2267=CARTESIAN_POINT('',(3.659960337144E-2,8.835925883680E-2,-7.9796875E-2));
#2268=CARTESIAN_POINT('',(5.334778646055E-2,7.934577854734E-2,
-8.081648038844E-2));
#2269=CARTESIAN_POINT('',(6.758932506711E-2,6.758932506711E-2,-8.175E-2));
#2270=CARTESIAN_POINT('',(7.934577854734E-2,5.334778646055E-2,
-8.268351961156E-2));
#2271=CARTESIAN_POINT('',(8.835925883680E-2,3.659960337144E-2,-8.3703125E-2));
#2272=CARTESIAN_POINT('',(9.382851963689E-2,1.838335650180E-2,
-8.472273038844E-2));
#2273=CARTESIAN_POINT('',(9.5E-2,6.127785500601E-3,-8.534507679615E-2));
#2274=CARTESIAN_POINT('',(9.5E-2,0.E0,-8.565625E-2));
#2276=CURVE_STYLE('',#20,POSITIVE_LENGTH_MEASURE(2.E-2),#3);
#2277=PRESENTATION_STYLE_ASSIGNMENT((#2276));
#2278=STYLED_ITEM('',(#2277),#2275);
#2279=DIRECTION('',(0.E0,0.E0,-1.E0));
#2280=VECTOR('',#2279,3.90625E-3);
#2281=CARTESIAN_POINT('',(-9.5E-2,0.E0,-7.003125E-2));
#2282=LINE('',#2281,#2280);
#2283=CURVE_STYLE('',#20,POSITIVE_LENGTH_MEASURE(2.E-2),#3);
#2284=PRESENTATION_STYLE_ASSIGNMENT((#2283));
#2285=STYLED_ITEM('',(#2284),#2282);
#2286=CARTESIAN_POINT('',(9.5E-2,0.E0,-5.440625E-2));
#2287=CARTESIAN_POINT('',(9.5E-2,-6.127785500601E-3,-5.471742320385E-2));
#2288=CARTESIAN_POINT('',(9.382851963689E-2,-1.838335650180E-2,
-5.533976961156E-2));
#2289=CARTESIAN_POINT('',(8.835925883680E-2,-3.659960337144E-2,-5.6359375E-2));
#2290=CARTESIAN_POINT('',(7.934577854734E-2,-5.334778646054E-2,
-5.737898038844E-2));
#2291=CARTESIAN_POINT('',(6.758932506711E-2,-6.758932506711E-2,-5.83125E-2));
#2292=CARTESIAN_POINT('',(5.334778646054E-2,-7.934577854734E-2,
-5.924601961156E-2));
#2293=CARTESIAN_POINT('',(3.659960337144E-2,-8.835925883680E-2,-6.0265625E-2));
#2294=CARTESIAN_POINT('',(1.838335650180E-2,-9.382851963689E-2,
-6.128523038844E-2));
#2295=CARTESIAN_POINT('',(0.E0,-9.558574018155E-2,-6.221875E-2));
#2296=CARTESIAN_POINT('',(-1.838335650180E-2,-9.382851963689E-2,
-6.315226961156E-2));
#2297=CARTESIAN_POINT('',(-3.659960337144E-2,-8.835925883680E-2,-6.4171875E-2));
#2298=CARTESIAN_POINT('',(-5.334778646054E-2,-7.934577854734E-2,
-6.519148038844E-2));
#2299=CARTESIAN_POINT('',(-6.758932506711E-2,-6.758932506711E-2,-6.6125E-2));
#2300=CARTESIAN_POINT('',(-7.934577854734E-2,-5.334778646055E-2,
-6.705851961156E-2));
#2301=CARTESIAN_POINT('',(-8.835925883680E-2,-3.659960337144E-2,-6.8078125E-2));
#2302=CARTESIAN_POINT('',(-9.382851963689E-2,-1.838335650180E-2,
-6.909773038844E-2));
#2303=CARTESIAN_POINT('',(-9.5E-2,-6.127785500601E-3,-6.972007679615E-2));
#2304=CARTESIAN_POINT('',(-9.5E-2,0.E0,-7.003125E-2));
#2306=CURVE_STYLE('',#20,POSITIVE_LENGTH_MEASURE(2.E-2),#3);
#2307=PRESENTATION_STYLE_ASSIGNMENT((#2306));
#2308=STYLED_ITEM('',(#2307),#2305);
#2309=CARTESIAN_POINT('',(-9.5E-2,0.E0,-7.39375E-2));
#2310=CARTESIAN_POINT('',(-9.5E-2,-6.127785500601E-3,-7.362632679615E-2));
#2311=CARTESIAN_POINT('',(-9.382851963689E-2,-1.838335650180E-2,
-7.300398038844E-2));
#2312=CARTESIAN_POINT('',(-8.835925883680E-2,-3.659960337144E-2,-7.1984375E-2));
#2313=CARTESIAN_POINT('',(-7.934577854734E-2,-5.334778646055E-2,
-7.096476961156E-2));
#2314=CARTESIAN_POINT('',(-6.758932506711E-2,-6.758932506711E-2,-7.003125E-2));
#2315=CARTESIAN_POINT('',(-5.334778646054E-2,-7.934577854734E-2,
-6.909773038844E-2));
#2316=CARTESIAN_POINT('',(-3.659960337144E-2,-8.835925883680E-2,-6.8078125E-2));
#2317=CARTESIAN_POINT('',(-1.838335650180E-2,-9.382851963689E-2,
-6.705851961156E-2));
#2318=CARTESIAN_POINT('',(0.E0,-9.558574018155E-2,-6.6125E-2));
#2319=CARTESIAN_POINT('',(1.838335650180E-2,-9.382851963689E-2,
-6.519148038844E-2));
#2320=CARTESIAN_POINT('',(3.659960337144E-2,-8.835925883680E-2,-6.4171875E-2));
#2321=CARTESIAN_POINT('',(5.334778646054E-2,-7.934577854734E-2,
-6.315226961156E-2));
#2322=CARTESIAN_POINT('',(6.758932506711E-2,-6.758932506711E-2,-6.221875E-2));
#2323=CARTESIAN_POINT('',(7.934577854734E-2,-5.334778646055E-2,
-6.128523038844E-2));
#2324=CARTESIAN_POINT('',(8.835925883680E-2,-3.659960337144E-2,-6.0265625E-2));
#2325=CARTESIAN_POINT('',(9.382851963689E-2,-1.838335650180E-2,
-5.924601961156E-2));
#2326=CARTESIAN_POINT('',(9.5E-2,-6.127785500601E-3,-5.862367320385E-2));
#2327=CARTESIAN_POINT('',(9.5E-2,0.E0,-5.83125E-2));
#2329=CURVE_STYLE('',#20,POSITIVE_LENGTH_MEASURE(2.E-2),#3);
#2330=PRESENTATION_STYLE_ASSIGNMENT((#2329));
#2331=STYLED_ITEM('',(#2330),#2328);
#2332=CARTESIAN_POINT('',(9.5E-2,0.E0,-5.83125E-2));
#2333=CARTESIAN_POINT('',(9.5E-2,6.127785500601E-3,-5.800132679615E-2));
#2334=CARTESIAN_POINT('',(9.382851963689E-2,1.838335650180E-2,
-5.737898038844E-2));
#2335=CARTESIAN_POINT('',(8.835925883680E-2,3.659960337144E-2,-5.6359375E-2));
#2336=CARTESIAN_POINT('',(7.934577854734E-2,5.334778646055E-2,
-5.533976961156E-2));
#2337=CARTESIAN_POINT('',(6.758932506711E-2,6.758932506711E-2,-5.440625E-2));
#2338=CARTESIAN_POINT('',(5.334778646055E-2,7.934577854734E-2,
-5.347273038844E-2));
#2339=CARTESIAN_POINT('',(3.659960337144E-2,8.835925883680E-2,-5.2453125E-2));
#2340=CARTESIAN_POINT('',(1.838335650180E-2,9.382851963689E-2,
-5.143351961156E-2));
#2341=CARTESIAN_POINT('',(0.E0,9.558574018155E-2,-5.05E-2));
#2342=CARTESIAN_POINT('',(-1.838335650180E-2,9.382851963689E-2,
-4.956648038844E-2));
#2343=CARTESIAN_POINT('',(-3.659960337144E-2,8.835925883680E-2,-4.8546875E-2));
#2344=CARTESIAN_POINT('',(-5.334778646054E-2,7.934577854734E-2,
-4.752726961156E-2));
#2345=CARTESIAN_POINT('',(-6.758932506711E-2,6.758932506711E-2,-4.659375E-2));
#2346=CARTESIAN_POINT('',(-7.934577854734E-2,5.334778646054E-2,
-4.566023038844E-2));
#2347=CARTESIAN_POINT('',(-8.835925883680E-2,3.659960337144E-2,-4.4640625E-2));
#2348=CARTESIAN_POINT('',(-9.382851963689E-2,1.838335650180E-2,
-4.362101961156E-2));
#2349=CARTESIAN_POINT('',(-9.5E-2,6.127785500601E-3,-4.299867320385E-2));
#2350=CARTESIAN_POINT('',(-9.5E-2,0.E0,-4.26875E-2));
#2352=CURVE_STYLE('',#20,POSITIVE_LENGTH_MEASURE(2.E-2),#3);
#2353=PRESENTATION_STYLE_ASSIGNMENT((#2352));
#2354=STYLED_ITEM('',(#2353),#2351);
#2355=DIRECTION('',(0.E0,4.737210179438E-14,-1.E0));
#2356=VECTOR('',#2355,3.90625E-3);
#2357=CARTESIAN_POINT('',(9.5E-2,0.E0,-5.440625E-2));
#2358=LINE('',#2357,#2356);
#2359=CURVE_STYLE('',#20,POSITIVE_LENGTH_MEASURE(2.E-2),#3);
#2360=PRESENTATION_STYLE_ASSIGNMENT((#2359));
#2361=STYLED_ITEM('',(#2360),#2358);
#2362=CARTESIAN_POINT('',(-9.5E-2,0.E0,-3.878125E-2));
#2363=CARTESIAN_POINT('',(-9.5E-2,6.127785500601E-3,-3.909242320385E-2));
#2364=CARTESIAN_POINT('',(-9.382851963689E-2,1.838335650180E-2,
-3.971476961156E-2));
#2365=CARTESIAN_POINT('',(-8.835925883680E-2,3.659960337144E-2,-4.0734375E-2));
#2366=CARTESIAN_POINT('',(-7.934577854734E-2,5.334778646054E-2,
-4.175398038844E-2));
#2367=CARTESIAN_POINT('',(-6.758932506711E-2,6.758932506711E-2,-4.26875E-2));
#2368=CARTESIAN_POINT('',(-5.334778646054E-2,7.934577854734E-2,
-4.362101961156E-2));
#2369=CARTESIAN_POINT('',(-3.659960337144E-2,8.835925883680E-2,-4.4640625E-2));
#2370=CARTESIAN_POINT('',(-1.838335650180E-2,9.382851963689E-2,
-4.566023038844E-2));
#2371=CARTESIAN_POINT('',(0.E0,9.558574018155E-2,-4.659375E-2));
#2372=CARTESIAN_POINT('',(1.838335650180E-2,9.382851963689E-2,
-4.752726961156E-2));
#2373=CARTESIAN_POINT('',(3.659960337144E-2,8.835925883680E-2,-4.8546875E-2));
#2374=CARTESIAN_POINT('',(5.334778646054E-2,7.934577854734E-2,
-4.956648038844E-2));
#2375=CARTESIAN_POINT('',(6.758932506711E-2,6.758932506711E-2,-5.05E-2));
#2376=CARTESIAN_POINT('',(7.934577854733E-2,5.334778646055E-2,
-5.143351961156E-2));
#2377=CARTESIAN_POINT('',(8.835925883680E-2,3.659960337144E-2,-5.2453125E-2));
#2378=CARTESIAN_POINT('',(9.382851963689E-2,1.838335650180E-2,
-5.347273038844E-2));
#2379=CARTESIAN_POINT('',(9.5E-2,6.127785500601E-3,-5.409507679615E-2));
#2380=CARTESIAN_POINT('',(9.5E-2,0.E0,-5.440625E-2));
#2382=CURVE_STYLE('',#20,POSITIVE_LENGTH_MEASURE(2.E-2),#3);
#2383=PRESENTATION_STYLE_ASSIGNMENT((#2382));
#2384=STYLED_ITEM('',(#2383),#2381);
#2385=DIRECTION('',(0.E0,-1.421163053831E-13,-1.E0));
#2386=VECTOR('',#2385,3.90625E-3);
#2387=CARTESIAN_POINT('',(-9.5E-2,0.E0,-3.878125E-2));
#2388=LINE('',#2387,#2386);
#2389=CURVE_STYLE('',#20,POSITIVE_LENGTH_MEASURE(2.E-2),#3);
#2390=PRESENTATION_STYLE_ASSIGNMENT((#2389));
#2391=STYLED_ITEM('',(#2390),#2388);
#2392=CARTESIAN_POINT('',(9.5E-2,0.E0,-2.315625E-2));
#2393=CARTESIAN_POINT('',(9.5E-2,-6.127785500601E-3,-2.346742320385E-2));
#2394=CARTESIAN_POINT('',(9.382851963689E-2,-1.838335650180E-2,
-2.408976961156E-2));
#2395=CARTESIAN_POINT('',(8.835925883680E-2,-3.659960337144E-2,-2.5109375E-2));
#2396=CARTESIAN_POINT('',(7.934577854734E-2,-5.334778646054E-2,
-2.612898038844E-2));
#2397=CARTESIAN_POINT('',(6.758932506711E-2,-6.758932506711E-2,-2.70625E-2));
#2398=CARTESIAN_POINT('',(5.334778646055E-2,-7.934577854734E-2,
-2.799601961156E-2));
#2399=CARTESIAN_POINT('',(3.659960337144E-2,-8.835925883680E-2,-2.9015625E-2));
#2400=CARTESIAN_POINT('',(1.838335650180E-2,-9.382851963689E-2,
-3.003523038844E-2));
#2401=CARTESIAN_POINT('',(0.E0,-9.558574018155E-2,-3.096875E-2));
#2402=CARTESIAN_POINT('',(-1.838335650180E-2,-9.382851963689E-2,
-3.190226961156E-2));
#2403=CARTESIAN_POINT('',(-3.659960337144E-2,-8.835925883680E-2,-3.2921875E-2));
#2404=CARTESIAN_POINT('',(-5.334778646054E-2,-7.934577854734E-2,
-3.394148038844E-2));
#2405=CARTESIAN_POINT('',(-6.758932506711E-2,-6.758932506711E-2,-3.4875E-2));
#2406=CARTESIAN_POINT('',(-7.934577854734E-2,-5.334778646055E-2,
-3.580851961156E-2));
#2407=CARTESIAN_POINT('',(-8.835925883680E-2,-3.659960337144E-2,-3.6828125E-2));
#2408=CARTESIAN_POINT('',(-9.382851963689E-2,-1.838335650180E-2,
-3.784773038844E-2));
#2409=CARTESIAN_POINT('',(-9.5E-2,-6.127785500601E-3,-3.847007679615E-2));
#2410=CARTESIAN_POINT('',(-9.5E-2,0.E0,-3.878125E-2));
#2412=CURVE_STYLE('',#20,POSITIVE_LENGTH_MEASURE(2.E-2),#3);
#2413=PRESENTATION_STYLE_ASSIGNMENT((#2412));
#2414=STYLED_ITEM('',(#2413),#2411);
#2415=CARTESIAN_POINT('',(-9.5E-2,0.E0,-4.26875E-2));
#2416=CARTESIAN_POINT('',(-9.5E-2,-6.127785500601E-3,-4.237632679615E-2));
#2417=CARTESIAN_POINT('',(-9.382851963689E-2,-1.838335650180E-2,
-4.175398038844E-2));
#2418=CARTESIAN_POINT('',(-8.835925883680E-2,-3.659960337144E-2,-4.0734375E-2));
#2419=CARTESIAN_POINT('',(-7.934577854734E-2,-5.334778646055E-2,
-3.971476961156E-2));
#2420=CARTESIAN_POINT('',(-6.758932506711E-2,-6.758932506711E-2,-3.878125E-2));
#2421=CARTESIAN_POINT('',(-5.334778646054E-2,-7.934577854734E-2,
-3.784773038844E-2));
#2422=CARTESIAN_POINT('',(-3.659960337144E-2,-8.835925883680E-2,-3.6828125E-2));
#2423=CARTESIAN_POINT('',(-1.838335650180E-2,-9.382851963689E-2,
-3.580851961156E-2));
#2424=CARTESIAN_POINT('',(0.E0,-9.558574018155E-2,-3.4875E-2));
#2425=CARTESIAN_POINT('',(1.838335650180E-2,-9.382851963689E-2,
-3.394148038844E-2));
#2426=CARTESIAN_POINT('',(3.659960337144E-2,-8.835925883680E-2,-3.2921875E-2));
#2427=CARTESIAN_POINT('',(5.334778646054E-2,-7.934577854734E-2,
-3.190226961156E-2));
#2428=CARTESIAN_POINT('',(6.758932506711E-2,-6.758932506711E-2,-3.096875E-2));
#2429=CARTESIAN_POINT('',(7.934577854734E-2,-5.334778646054E-2,
-3.003523038844E-2));
#2430=CARTESIAN_POINT('',(8.835925883680E-2,-3.659960337144E-2,-2.9015625E-2));
#2431=CARTESIAN_POINT('',(9.382851963689E-2,-1.838335650180E-2,
-2.799601961156E-2));
#2432=CARTESIAN_POINT('',(9.5E-2,-6.127785500601E-3,-2.737367320385E-2));
#2433=CARTESIAN_POINT('',(9.5E-2,0.E0,-2.70625E-2));
#2435=CURVE_STYLE('',#20,POSITIVE_LENGTH_MEASURE(2.E-2),#3);
#2436=PRESENTATION_STYLE_ASSIGNMENT((#2435));
#2437=STYLED_ITEM('',(#2436),#2434);
#2438=CARTESIAN_POINT('',(9.5E-2,0.E0,-2.70625E-2));
#2439=CARTESIAN_POINT('',(9.5E-2,6.127785500601E-3,-2.675132679615E-2));
#2440=CARTESIAN_POINT('',(9.382851963689E-2,1.838335650180E-2,
-2.612898038844E-2));
#2441=CARTESIAN_POINT('',(8.835925883680E-2,3.659960337144E-2,-2.5109375E-2));
#2442=CARTESIAN_POINT('',(7.934577854733E-2,5.334778646055E-2,
-2.408976961156E-2));
#2443=CARTESIAN_POINT('',(6.758932506711E-2,6.758932506711E-2,-2.315625E-2));
#2444=CARTESIAN_POINT('',(5.334778646054E-2,7.934577854734E-2,
-2.222273038844E-2));
#2445=CARTESIAN_POINT('',(3.659960337144E-2,8.835925883680E-2,-2.1203125E-2));
#2446=CARTESIAN_POINT('',(1.838335650180E-2,9.382851963689E-2,
-2.018351961156E-2));
#2447=CARTESIAN_POINT('',(0.E0,9.558574018155E-2,-1.925E-2));
#2448=CARTESIAN_POINT('',(-1.838335650180E-2,9.382851963689E-2,
-1.831648038844E-2));
#2449=CARTESIAN_POINT('',(-3.659960337144E-2,8.835925883680E-2,-1.7296875E-2));
#2450=CARTESIAN_POINT('',(-5.334778646054E-2,7.934577854734E-2,
-1.627726961156E-2));
#2451=CARTESIAN_POINT('',(-6.758932506711E-2,6.758932506711E-2,-1.534375E-2));
#2452=CARTESIAN_POINT('',(-7.934577854734E-2,5.334778646054E-2,
-1.441023038844E-2));
#2453=CARTESIAN_POINT('',(-8.835925883680E-2,3.659960337144E-2,-1.3390625E-2));
#2454=CARTESIAN_POINT('',(-9.382851963689E-2,1.838335650180E-2,
-1.237101961156E-2));
#2455=CARTESIAN_POINT('',(-9.5E-2,6.127785500601E-3,-1.174867320385E-2));
#2456=CARTESIAN_POINT('',(-9.5E-2,0.E0,-1.14375E-2));
#2458=CURVE_STYLE('',#20,POSITIVE_LENGTH_MEASURE(2.E-2),#3);
#2459=PRESENTATION_STYLE_ASSIGNMENT((#2458));
#2460=STYLED_ITEM('',(#2459),#2457);
#2461=DIRECTION('',(0.E0,0.E0,-1.E0));
#2462=VECTOR('',#2461,3.90625E-3);
#2463=CARTESIAN_POINT('',(9.5E-2,0.E0,-2.315625E-2));
#2464=LINE('',#2463,#2462);
#2465=CURVE_STYLE('',#20,POSITIVE_LENGTH_MEASURE(2.E-2),#3);
#2466=PRESENTATION_STYLE_ASSIGNMENT((#2465));
#2467=STYLED_ITEM('',(#2466),#2464);
#2468=CARTESIAN_POINT('',(-9.5E-2,0.E0,-7.53125E-3));
#2469=CARTESIAN_POINT('',(-9.5E-2,6.127785500601E-3,-7.842423203853E-3));
#2470=CARTESIAN_POINT('',(-9.382851963689E-2,1.838335650180E-2,
-8.464769611561E-3));
#2471=CARTESIAN_POINT('',(-8.835925883680E-2,3.659960337144E-2,-9.484375E-3));
#2472=CARTESIAN_POINT('',(-7.934577854734E-2,5.334778646054E-2,
-1.050398038844E-2));
#2473=CARTESIAN_POINT('',(-6.758932506711E-2,6.758932506711E-2,-1.14375E-2));
#2474=CARTESIAN_POINT('',(-5.334778646054E-2,7.934577854734E-2,
-1.237101961156E-2));
#2475=CARTESIAN_POINT('',(-3.659960337144E-2,8.835925883680E-2,-1.3390625E-2));
#2476=CARTESIAN_POINT('',(-1.838335650180E-2,9.382851963689E-2,
-1.441023038844E-2));
#2477=CARTESIAN_POINT('',(0.E0,9.558574018155E-2,-1.534375E-2));
#2478=CARTESIAN_POINT('',(1.838335650180E-2,9.382851963689E-2,
-1.627726961156E-2));
#2479=CARTESIAN_POINT('',(3.659960337144E-2,8.835925883680E-2,-1.7296875E-2));
#2480=CARTESIAN_POINT('',(5.334778646054E-2,7.934577854734E-2,
-1.831648038844E-2));
#2481=CARTESIAN_POINT('',(6.758932506711E-2,6.758932506711E-2,-1.925E-2));
#2482=CARTESIAN_POINT('',(7.934577854733E-2,5.334778646055E-2,
-2.018351961156E-2));
#2483=CARTESIAN_POINT('',(8.835925883680E-2,3.659960337144E-2,-2.1203125E-2));
#2484=CARTESIAN_POINT('',(9.382851963689E-2,1.838335650180E-2,
-2.222273038844E-2));
#2485=CARTESIAN_POINT('',(9.5E-2,6.127785500601E-3,-2.284507679615E-2));
#2486=CARTESIAN_POINT('',(9.5E-2,0.E0,-2.315625E-2));
#2488=CURVE_STYLE('',#20,POSITIVE_LENGTH_MEASURE(2.E-2),#3);
#2489=PRESENTATION_STYLE_ASSIGNMENT((#2488));
#2490=STYLED_ITEM('',(#2489),#2487);
#2491=DIRECTION('',(0.E0,9.474420358874E-14,-1.E0));
#2492=VECTOR('',#2491,3.90625E-3);
#2493=CARTESIAN_POINT('',(-9.5E-2,0.E0,-7.53125E-3));
#2494=LINE('',#2493,#2492);
#2495=CURVE_STYLE('',#20,POSITIVE_LENGTH_MEASURE(2.E-2),#3);
#2496=PRESENTATION_STYLE_ASSIGNMENT((#2495));
#2497=STYLED_ITEM('',(#2496),#2494);
#2498=CARTESIAN_POINT('',(9.5E-2,0.E0,8.09375E-3));
#2499=CARTESIAN_POINT('',(9.5E-2,-6.127785500601E-3,7.782576796147E-3));
#2500=CARTESIAN_POINT('',(9.382851963689E-2,-1.838335650180E-2,
7.160230388439E-3));
#2501=CARTESIAN_POINT('',(8.835925883680E-2,-3.659960337144E-2,6.140625E-3));
#2502=CARTESIAN_POINT('',(7.934577854734E-2,-5.334778646054E-2,
5.121019611561E-3));
#2503=CARTESIAN_POINT('',(6.758932506711E-2,-6.758932506711E-2,4.1875E-3));
#2504=CARTESIAN_POINT('',(5.334778646055E-2,-7.934577854733E-2,
3.253980388439E-3));
#2505=CARTESIAN_POINT('',(3.659960337144E-2,-8.835925883680E-2,2.234375E-3));
#2506=CARTESIAN_POINT('',(1.838335650180E-2,-9.382851963689E-2,
1.214769611561E-3));
#2507=CARTESIAN_POINT('',(0.E0,-9.558574018155E-2,2.812500000001E-4));
#2508=CARTESIAN_POINT('',(-1.838335650180E-2,-9.382851963689E-2,
-6.522696115607E-4));
#2509=CARTESIAN_POINT('',(-3.659960337144E-2,-8.835925883680E-2,-1.671875E-3));
#2510=CARTESIAN_POINT('',(-5.334778646054E-2,-7.934577854734E-2,
-2.691480388439E-3));
#2511=CARTESIAN_POINT('',(-6.758932506711E-2,-6.758932506711E-2,-3.625E-3));
#2512=CARTESIAN_POINT('',(-7.934577854734E-2,-5.334778646055E-2,
-4.558519611561E-3));
#2513=CARTESIAN_POINT('',(-8.835925883680E-2,-3.659960337144E-2,-5.578125E-3));
#2514=CARTESIAN_POINT('',(-9.382851963689E-2,-1.838335650180E-2,
-6.597730388439E-3));
#2515=CARTESIAN_POINT('',(-9.5E-2,-6.127785500601E-3,-7.220076796146E-3));
#2516=CARTESIAN_POINT('',(-9.5E-2,0.E0,-7.53125E-3));
#2518=CURVE_STYLE('',#20,POSITIVE_LENGTH_MEASURE(2.E-2),#3);
#2519=PRESENTATION_STYLE_ASSIGNMENT((#2518));
#2520=STYLED_ITEM('',(#2519),#2517);
#2521=CARTESIAN_POINT('',(-9.5E-2,0.E0,-1.14375E-2));
#2522=CARTESIAN_POINT('',(-9.5E-2,-6.127785500601E-3,-1.112632679615E-2));
#2523=CARTESIAN_POINT('',(-9.382851963689E-2,-1.838335650180E-2,
-1.050398038844E-2));
#2524=CARTESIAN_POINT('',(-8.835925883680E-2,-3.659960337144E-2,-9.484375E-3));
#2525=CARTESIAN_POINT('',(-7.934577854734E-2,-5.334778646055E-2,
-8.464769611561E-3));
#2526=CARTESIAN_POINT('',(-6.758932506711E-2,-6.758932506711E-2,-7.53125E-3));
#2527=CARTESIAN_POINT('',(-5.334778646054E-2,-7.934577854734E-2,
-6.597730388439E-3));
#2528=CARTESIAN_POINT('',(-3.659960337144E-2,-8.835925883680E-2,-5.578125E-3));
#2529=CARTESIAN_POINT('',(-1.838335650180E-2,-9.382851963689E-2,
-4.558519611561E-3));
#2530=CARTESIAN_POINT('',(0.E0,-9.558574018155E-2,-3.625E-3));
#2531=CARTESIAN_POINT('',(1.838335650180E-2,-9.382851963689E-2,
-2.691480388439E-3));
#2532=CARTESIAN_POINT('',(3.659960337144E-2,-8.835925883680E-2,-1.671875E-3));
#2533=CARTESIAN_POINT('',(5.334778646054E-2,-7.934577854734E-2,
-6.522696115607E-4));
#2534=CARTESIAN_POINT('',(6.758932506711E-2,-6.758932506711E-2,
2.812500000001E-4));
#2535=CARTESIAN_POINT('',(7.934577854734E-2,-5.334778646054E-2,
1.214769611561E-3));
#2536=CARTESIAN_POINT('',(8.835925883680E-2,-3.659960337144E-2,2.234375E-3));
#2537=CARTESIAN_POINT('',(9.382851963689E-2,-1.838335650180E-2,
3.253980388439E-3));
#2538=CARTESIAN_POINT('',(9.5E-2,-6.127785500601E-3,3.876326796146E-3));
#2539=CARTESIAN_POINT('',(9.5E-2,0.E0,4.1875E-3));
#2541=CURVE_STYLE('',#20,POSITIVE_LENGTH_MEASURE(2.E-2),#3);
#2542=PRESENTATION_STYLE_ASSIGNMENT((#2541));
#2543=STYLED_ITEM('',(#2542),#2540);
#2544=CARTESIAN_POINT('',(9.5E-2,0.E0,4.1875E-3));
#2545=CARTESIAN_POINT('',(9.5E-2,6.127785500601E-3,4.498673203854E-3));
#2546=CARTESIAN_POINT('',(9.382851963689E-2,1.838335650180E-2,
5.121019611561E-3));
#2547=CARTESIAN_POINT('',(8.835925883680E-2,3.659960337144E-2,6.140625E-3));
#2548=CARTESIAN_POINT('',(7.934577854733E-2,5.334778646055E-2,
7.160230388439E-3));
#2549=CARTESIAN_POINT('',(6.758932506711E-2,6.758932506711E-2,8.09375E-3));
#2550=CARTESIAN_POINT('',(5.334778646054E-2,7.934577854734E-2,
9.027269611561E-3));
#2551=CARTESIAN_POINT('',(3.659960337144E-2,8.835925883680E-2,1.0046875E-2));
#2552=CARTESIAN_POINT('',(1.838335650180E-2,9.382851963689E-2,
1.106648038844E-2));
#2553=CARTESIAN_POINT('',(0.E0,9.558574018155E-2,1.2E-2));
#2554=CARTESIAN_POINT('',(-1.838335650180E-2,9.382851963689E-2,
1.293351961156E-2));
#2555=CARTESIAN_POINT('',(-3.659960337144E-2,8.835925883680E-2,1.3953125E-2));
#2556=CARTESIAN_POINT('',(-5.334778646054E-2,7.934577854734E-2,
1.497273038844E-2));
#2557=CARTESIAN_POINT('',(-6.758932506711E-2,6.758932506711E-2,1.590625E-2));
#2558=CARTESIAN_POINT('',(-7.934577854734E-2,5.334778646054E-2,
1.683976961156E-2));
#2559=CARTESIAN_POINT('',(-8.835925883680E-2,3.659960337144E-2,1.7859375E-2));
#2560=CARTESIAN_POINT('',(-9.382851963689E-2,1.838335650180E-2,
1.887898038844E-2));
#2561=CARTESIAN_POINT('',(-9.5E-2,6.127785500601E-3,1.950132679615E-2));
#2562=CARTESIAN_POINT('',(-9.5E-2,0.E0,1.98125E-2));
#2564=CURVE_STYLE('',#20,POSITIVE_LENGTH_MEASURE(2.E-2),#3);
#2565=PRESENTATION_STYLE_ASSIGNMENT((#2564));
#2566=STYLED_ITEM('',(#2565),#2563);
#2567=DIRECTION('',(0.E0,0.E0,-1.E0));
#2568=VECTOR('',#2567,3.90625E-3);
#2569=CARTESIAN_POINT('',(9.5E-2,0.E0,8.09375E-3));
#2570=LINE('',#2569,#2568);
#2571=CURVE_STYLE('',#20,POSITIVE_LENGTH_MEASURE(2.E-2),#3);
#2572=PRESENTATION_STYLE_ASSIGNMENT((#2571));
#2573=STYLED_ITEM('',(#2572),#2570);
#2574=CARTESIAN_POINT('',(-9.5E-2,0.E0,2.371875E-2));
#2575=CARTESIAN_POINT('',(-9.5E-2,6.127785500602E-3,2.340757679615E-2));
#2576=CARTESIAN_POINT('',(-9.382851963689E-2,1.838335650180E-2,
2.278523038844E-2));
#2577=CARTESIAN_POINT('',(-8.835925883680E-2,3.659960337144E-2,2.1765625E-2));
#2578=CARTESIAN_POINT('',(-7.934577854733E-2,5.334778646055E-2,
2.074601961156E-2));
#2579=CARTESIAN_POINT('',(-6.758932506711E-2,6.758932506711E-2,1.98125E-2));
#2580=CARTESIAN_POINT('',(-5.334778646054E-2,7.934577854734E-2,
1.887898038844E-2));
#2581=CARTESIAN_POINT('',(-3.659960337144E-2,8.835925883680E-2,1.7859375E-2));
#2582=CARTESIAN_POINT('',(-1.838335650180E-2,9.382851963689E-2,
1.683976961156E-2));
#2583=CARTESIAN_POINT('',(0.E0,9.558574018155E-2,1.590625E-2));
#2584=CARTESIAN_POINT('',(1.838335650180E-2,9.382851963689E-2,
1.497273038844E-2));
#2585=CARTESIAN_POINT('',(3.659960337144E-2,8.835925883680E-2,1.3953125E-2));
#2586=CARTESIAN_POINT('',(5.334778646055E-2,7.934577854734E-2,
1.293351961156E-2));
#2587=CARTESIAN_POINT('',(6.758932506711E-2,6.758932506711E-2,1.2E-2));
#2588=CARTESIAN_POINT('',(7.934577854734E-2,5.334778646054E-2,
1.106648038844E-2));
#2589=CARTESIAN_POINT('',(8.835925883680E-2,3.659960337144E-2,1.0046875E-2));
#2590=CARTESIAN_POINT('',(9.382851963689E-2,1.838335650180E-2,
9.027269611561E-3));
#2591=CARTESIAN_POINT('',(9.5E-2,6.127785500601E-3,8.404923203854E-3));
#2592=CARTESIAN_POINT('',(9.5E-2,0.E0,8.09375E-3));
#2594=CURVE_STYLE('',#20,POSITIVE_LENGTH_MEASURE(2.E-2),#3);
#2595=PRESENTATION_STYLE_ASSIGNMENT((#2594));
#2596=STYLED_ITEM('',(#2595),#2593);
#2597=DIRECTION('',(0.E0,-9.474420358876E-14,-1.E0));
#2598=VECTOR('',#2597,3.90625E-3);
#2599=CARTESIAN_POINT('',(-9.5E-2,0.E0,2.371875E-2));
#2600=LINE('',#2599,#2598);
#2601=CURVE_STYLE('',#20,POSITIVE_LENGTH_MEASURE(2.E-2),#3);
#2602=PRESENTATION_STYLE_ASSIGNMENT((#2601));
#2603=STYLED_ITEM('',(#2602),#2600);
#2604=CARTESIAN_POINT('',(9.5E-2,0.E0,3.934375E-2));
#2605=CARTESIAN_POINT('',(9.5E-2,-6.127785500601E-3,3.903257679615E-2));
#2606=CARTESIAN_POINT('',(9.382851963689E-2,-1.838335650180E-2,
3.841023038844E-2));
#2607=CARTESIAN_POINT('',(8.835925883680E-2,-3.659960337144E-2,3.7390625E-2));
#2608=CARTESIAN_POINT('',(7.934577854734E-2,-5.334778646054E-2,
3.637101961156E-2));
#2609=CARTESIAN_POINT('',(6.758932506711E-2,-6.758932506711E-2,3.54375E-2));
#2610=CARTESIAN_POINT('',(5.334778646054E-2,-7.934577854734E-2,
3.450398038844E-2));
#2611=CARTESIAN_POINT('',(3.659960337144E-2,-8.835925883680E-2,3.3484375E-2));
#2612=CARTESIAN_POINT('',(1.838335650180E-2,-9.382851963689E-2,
3.246476961156E-2));
#2613=CARTESIAN_POINT('',(0.E0,-9.558574018155E-2,3.153125E-2));
#2614=CARTESIAN_POINT('',(-1.838335650180E-2,-9.382851963689E-2,
3.059773038844E-2));
#2615=CARTESIAN_POINT('',(-3.659960337144E-2,-8.835925883680E-2,2.9578125E-2));
#2616=CARTESIAN_POINT('',(-5.334778646055E-2,-7.934577854733E-2,
2.855851961156E-2));
#2617=CARTESIAN_POINT('',(-6.758932506711E-2,-6.758932506711E-2,2.7625E-2));
#2618=CARTESIAN_POINT('',(-7.934577854734E-2,-5.334778646054E-2,
2.669148038844E-2));
#2619=CARTESIAN_POINT('',(-8.835925883680E-2,-3.659960337144E-2,2.5671875E-2));
#2620=CARTESIAN_POINT('',(-9.382851963689E-2,-1.838335650180E-2,
2.465226961156E-2));
#2621=CARTESIAN_POINT('',(-9.5E-2,-6.127785500601E-3,2.402992320385E-2));
#2622=CARTESIAN_POINT('',(-9.5E-2,0.E0,2.371875E-2));
#2624=CURVE_STYLE('',#20,POSITIVE_LENGTH_MEASURE(2.E-2),#3);
#2625=PRESENTATION_STYLE_ASSIGNMENT((#2624));
#2626=STYLED_ITEM('',(#2625),#2623);
#2627=CARTESIAN_POINT('',(-9.5E-2,0.E0,1.98125E-2));
#2628=CARTESIAN_POINT('',(-9.5E-2,-6.127785500601E-3,2.012367320385E-2));
#2629=CARTESIAN_POINT('',(-9.382851963689E-2,-1.838335650180E-2,
2.074601961156E-2));
#2630=CARTESIAN_POINT('',(-8.835925883680E-2,-3.659960337144E-2,2.1765625E-2));
#2631=CARTESIAN_POINT('',(-7.934577854734E-2,-5.334778646055E-2,
2.278523038844E-2));
#2632=CARTESIAN_POINT('',(-6.758932506711E-2,-6.758932506711E-2,2.371875E-2));
#2633=CARTESIAN_POINT('',(-5.334778646054E-2,-7.934577854734E-2,
2.465226961156E-2));
#2634=CARTESIAN_POINT('',(-3.659960337144E-2,-8.835925883680E-2,2.5671875E-2));
#2635=CARTESIAN_POINT('',(-1.838335650180E-2,-9.382851963689E-2,
2.669148038844E-2));
#2636=CARTESIAN_POINT('',(0.E0,-9.558574018155E-2,2.7625E-2));
#2637=CARTESIAN_POINT('',(1.838335650180E-2,-9.382851963689E-2,
2.855851961156E-2));
#2638=CARTESIAN_POINT('',(3.659960337144E-2,-8.835925883680E-2,2.9578125E-2));
#2639=CARTESIAN_POINT('',(5.334778646055E-2,-7.934577854733E-2,
3.059773038844E-2));
#2640=CARTESIAN_POINT('',(6.758932506711E-2,-6.758932506711E-2,3.153125E-2));
#2641=CARTESIAN_POINT('',(7.934577854734E-2,-5.334778646054E-2,
3.246476961156E-2));
#2642=CARTESIAN_POINT('',(8.835925883680E-2,-3.659960337144E-2,3.3484375E-2));
#2643=CARTESIAN_POINT('',(9.382851963689E-2,-1.838335650180E-2,
3.450398038844E-2));
#2644=CARTESIAN_POINT('',(9.5E-2,-6.127785500601E-3,3.512632679615E-2));
#2645=CARTESIAN_POINT('',(9.5E-2,0.E0,3.54375E-2));
#2647=CURVE_STYLE('',#20,POSITIVE_LENGTH_MEASURE(2.E-2),#3);
#2648=PRESENTATION_STYLE_ASSIGNMENT((#2647));
#2649=STYLED_ITEM('',(#2648),#2646);
#2650=CARTESIAN_POINT('',(9.5E-2,0.E0,3.54375E-2));
#2651=CARTESIAN_POINT('',(9.5E-2,6.127785500601E-3,3.574867320385E-2));
#2652=CARTESIAN_POINT('',(9.382851963689E-2,1.838335650180E-2,
3.637101961156E-2));
#2653=CARTESIAN_POINT('',(8.835925883680E-2,3.659960337144E-2,3.7390625E-2));
#2654=CARTESIAN_POINT('',(7.934577854734E-2,5.334778646054E-2,
3.841023038844E-2));
#2655=CARTESIAN_POINT('',(6.758932506711E-2,6.758932506711E-2,3.934375E-2));
#2656=CARTESIAN_POINT('',(5.334778646055E-2,7.934577854734E-2,
4.027726961156E-2));
#2657=CARTESIAN_POINT('',(3.659960337144E-2,8.835925883680E-2,4.1296875E-2));
#2658=CARTESIAN_POINT('',(1.838335650180E-2,9.382851963689E-2,
4.231648038844E-2));
#2659=CARTESIAN_POINT('',(0.E0,9.558574018155E-2,4.325E-2));
#2660=CARTESIAN_POINT('',(-1.838335650180E-2,9.382851963689E-2,
4.418351961156E-2));
#2661=CARTESIAN_POINT('',(-3.659960337144E-2,8.835925883680E-2,4.5203125E-2));
#2662=CARTESIAN_POINT('',(-5.334778646054E-2,7.934577854734E-2,
4.622273038844E-2));
#2663=CARTESIAN_POINT('',(-6.758932506711E-2,6.758932506711E-2,4.715625E-2));
#2664=CARTESIAN_POINT('',(-7.934577854733E-2,5.334778646055E-2,
4.808976961156E-2));
#2665=CARTESIAN_POINT('',(-8.835925883680E-2,3.659960337144E-2,4.9109375E-2));
#2666=CARTESIAN_POINT('',(-9.382851963689E-2,1.838335650180E-2,
5.012898038844E-2));
#2667=CARTESIAN_POINT('',(-9.5E-2,6.127785500601E-3,5.075132679615E-2));
#2668=CARTESIAN_POINT('',(-9.5E-2,0.E0,5.10625E-2));
#2670=CURVE_STYLE('',#20,POSITIVE_LENGTH_MEASURE(2.E-2),#3);
#2671=PRESENTATION_STYLE_ASSIGNMENT((#2670));
#2672=STYLED_ITEM('',(#2671),#2669);
#2673=DIRECTION('',(0.E0,0.E0,-1.E0));
#2674=VECTOR('',#2673,3.90625E-3);
#2675=CARTESIAN_POINT('',(9.5E-2,0.E0,3.934375E-2));
#2676=LINE('',#2675,#2674);
#2677=CURVE_STYLE('',#20,POSITIVE_LENGTH_MEASURE(2.E-2),#3);
#2678=PRESENTATION_STYLE_ASSIGNMENT((#2677));
#2679=STYLED_ITEM('',(#2678),#2676);
#2680=CARTESIAN_POINT('',(-9.5E-2,0.E0,5.496875E-2));
#2681=CARTESIAN_POINT('',(-9.5E-2,6.127785500601E-3,5.465757679615E-2));
#2682=CARTESIAN_POINT('',(-9.382851963689E-2,1.838335650181E-2,
5.403523038844E-2));
#2683=CARTESIAN_POINT('',(-8.835925883680E-2,3.659960337144E-2,5.3015625E-2));
#2684=CARTESIAN_POINT('',(-7.934577854734E-2,5.334778646055E-2,
5.199601961156E-2));
#2685=CARTESIAN_POINT('',(-6.758932506711E-2,6.758932506711E-2,5.10625E-2));
#2686=CARTESIAN_POINT('',(-5.334778646054E-2,7.934577854734E-2,
5.012898038844E-2));
#2687=CARTESIAN_POINT('',(-3.659960337144E-2,8.835925883680E-2,4.9109375E-2));
#2688=CARTESIAN_POINT('',(-1.838335650180E-2,9.382851963689E-2,
4.808976961156E-2));
#2689=CARTESIAN_POINT('',(0.E0,9.558574018155E-2,4.715625E-2));
#2690=CARTESIAN_POINT('',(1.838335650180E-2,9.382851963689E-2,
4.622273038844E-2));
#2691=CARTESIAN_POINT('',(3.659960337144E-2,8.835925883680E-2,4.5203125E-2));
#2692=CARTESIAN_POINT('',(5.334778646055E-2,7.934577854734E-2,
4.418351961156E-2));
#2693=CARTESIAN_POINT('',(6.758932506711E-2,6.758932506711E-2,4.325E-2));
#2694=CARTESIAN_POINT('',(7.934577854734E-2,5.334778646054E-2,
4.231648038844E-2));
#2695=CARTESIAN_POINT('',(8.835925883680E-2,3.659960337144E-2,4.1296875E-2));
#2696=CARTESIAN_POINT('',(9.382851963689E-2,1.838335650180E-2,
4.027726961156E-2));
#2697=CARTESIAN_POINT('',(9.5E-2,6.127785500601E-3,3.965492320385E-2));
#2698=CARTESIAN_POINT('',(9.5E-2,0.E0,3.934375E-2));
#2700=CURVE_STYLE('',#20,POSITIVE_LENGTH_MEASURE(2.E-2),#3);
#2701=PRESENTATION_STYLE_ASSIGNMENT((#2700));
#2702=STYLED_ITEM('',(#2701),#2699);
#2703=DIRECTION('',(0.E0,-9.474420358876E-14,-1.E0));
#2704=VECTOR('',#2703,3.90625E-3);
#2705=CARTESIAN_POINT('',(-9.5E-2,0.E0,5.496875E-2));
#2706=LINE('',#2705,#2704);
#2707=CURVE_STYLE('',#20,POSITIVE_LENGTH_MEASURE(2.E-2),#3);
#2708=PRESENTATION_STYLE_ASSIGNMENT((#2707));
#2709=STYLED_ITEM('',(#2708),#2706);
#2710=CARTESIAN_POINT('',(9.5E-2,0.E0,7.059375E-2));
#2711=CARTESIAN_POINT('',(9.5E-2,-6.127785500601E-3,7.028257679615E-2));
#2712=CARTESIAN_POINT('',(9.382851963689E-2,-1.838335650180E-2,
6.966023038844E-2));
#2713=CARTESIAN_POINT('',(8.835925883680E-2,-3.659960337144E-2,6.8640625E-2));
#2714=CARTESIAN_POINT('',(7.934577854734E-2,-5.334778646054E-2,
6.762101961156E-2));
#2715=CARTESIAN_POINT('',(6.758932506711E-2,-6.758932506711E-2,6.66875E-2));
#2716=CARTESIAN_POINT('',(5.334778646054E-2,-7.934577854734E-2,
6.575398038844E-2));
#2717=CARTESIAN_POINT('',(3.659960337144E-2,-8.835925883680E-2,6.4734375E-2));
#2718=CARTESIAN_POINT('',(1.838335650180E-2,-9.382851963689E-2,
6.371476961156E-2));
#2719=CARTESIAN_POINT('',(0.E0,-9.558574018155E-2,6.278125E-2));
#2720=CARTESIAN_POINT('',(-1.838335650180E-2,-9.382851963689E-2,
6.184773038844E-2));
#2721=CARTESIAN_POINT('',(-3.659960337144E-2,-8.835925883680E-2,6.0828125E-2));
#2722=CARTESIAN_POINT('',(-5.334778646055E-2,-7.934577854733E-2,
5.980851961156E-2));
#2723=CARTESIAN_POINT('',(-6.758932506711E-2,-6.758932506711E-2,5.8875E-2));
#2724=CARTESIAN_POINT('',(-7.934577854734E-2,-5.334778646054E-2,
5.794148038844E-2));
#2725=CARTESIAN_POINT('',(-8.835925883680E-2,-3.659960337144E-2,5.6921875E-2));
#2726=CARTESIAN_POINT('',(-9.382851963689E-2,-1.838335650180E-2,
5.590226961156E-2));
#2727=CARTESIAN_POINT('',(-9.5E-2,-6.127785500601E-3,5.527992320385E-2));
#2728=CARTESIAN_POINT('',(-9.5E-2,0.E0,5.496875E-2));
#2730=CURVE_STYLE('',#20,POSITIVE_LENGTH_MEASURE(2.E-2),#3);
#2731=PRESENTATION_STYLE_ASSIGNMENT((#2730));
#2732=STYLED_ITEM('',(#2731),#2729);
#2733=CARTESIAN_POINT('',(-9.5E-2,0.E0,5.10625E-2));
#2734=CARTESIAN_POINT('',(-9.5E-2,-6.127785500601E-3,5.137367320385E-2));
#2735=CARTESIAN_POINT('',(-9.382851963689E-2,-1.838335650180E-2,
5.199601961156E-2));
#2736=CARTESIAN_POINT('',(-8.835925883680E-2,-3.659960337144E-2,5.3015625E-2));
#2737=CARTESIAN_POINT('',(-7.934577854734E-2,-5.334778646054E-2,
5.403523038844E-2));
#2738=CARTESIAN_POINT('',(-6.758932506711E-2,-6.758932506711E-2,5.496875E-2));
#2739=CARTESIAN_POINT('',(-5.334778646055E-2,-7.934577854733E-2,
5.590226961156E-2));
#2740=CARTESIAN_POINT('',(-3.659960337144E-2,-8.835925883680E-2,5.6921875E-2));
#2741=CARTESIAN_POINT('',(-1.838335650180E-2,-9.382851963689E-2,
5.794148038844E-2));
#2742=CARTESIAN_POINT('',(0.E0,-9.558574018155E-2,5.8875E-2));
#2743=CARTESIAN_POINT('',(1.838335650180E-2,-9.382851963689E-2,
5.980851961156E-2));
#2744=CARTESIAN_POINT('',(3.659960337144E-2,-8.835925883680E-2,6.0828125E-2));
#2745=CARTESIAN_POINT('',(5.334778646054E-2,-7.934577854734E-2,
6.184773038844E-2));
#2746=CARTESIAN_POINT('',(6.758932506711E-2,-6.758932506711E-2,6.278125E-2));
#2747=CARTESIAN_POINT('',(7.934577854734E-2,-5.334778646054E-2,
6.371476961156E-2));
#2748=CARTESIAN_POINT('',(8.835925883680E-2,-3.659960337144E-2,6.4734375E-2));
#2749=CARTESIAN_POINT('',(9.382851963689E-2,-1.838335650180E-2,
6.575398038844E-2));
#2750=CARTESIAN_POINT('',(9.5E-2,-6.127785500602E-3,6.637632679615E-2));
#2751=CARTESIAN_POINT('',(9.5E-2,0.E0,6.66875E-2));
#2753=CURVE_STYLE('',#20,POSITIVE_LENGTH_MEASURE(2.E-2),#3);
#2754=PRESENTATION_STYLE_ASSIGNMENT((#2753));
#2755=STYLED_ITEM('',(#2754),#2752);
#2756=CARTESIAN_POINT('',(9.5E-2,0.E0,6.66875E-2));
#2757=CARTESIAN_POINT('',(9.5E-2,6.127785500601E-3,6.699867320385E-2));
#2758=CARTESIAN_POINT('',(9.382851963689E-2,1.838335650180E-2,
6.762101961156E-2));
#2759=CARTESIAN_POINT('',(8.835925883680E-2,3.659960337144E-2,6.8640625E-2));
#2760=CARTESIAN_POINT('',(7.934577854734E-2,5.334778646054E-2,
6.966023038844E-2));
#2761=CARTESIAN_POINT('',(6.758932506711E-2,6.758932506711E-2,7.059375E-2));
#2762=CARTESIAN_POINT('',(5.334778646055E-2,7.934577854734E-2,
7.152726961156E-2));
#2763=CARTESIAN_POINT('',(3.659960337144E-2,8.835925883680E-2,7.2546875E-2));
#2764=CARTESIAN_POINT('',(1.838335650180E-2,9.382851963689E-2,
7.356648038844E-2));
#2765=CARTESIAN_POINT('',(0.E0,9.558574018155E-2,7.45E-2));
#2766=CARTESIAN_POINT('',(-1.838335650180E-2,9.382851963689E-2,
7.543351961156E-2));
#2767=CARTESIAN_POINT('',(-3.659960337144E-2,8.835925883680E-2,7.6453125E-2));
#2768=CARTESIAN_POINT('',(-5.334778646054E-2,7.934577854734E-2,
7.747273038844E-2));
#2769=CARTESIAN_POINT('',(-6.758932506711E-2,6.758932506711E-2,7.840625E-2));
#2770=CARTESIAN_POINT('',(-7.934577854734E-2,5.334778646054E-2,
7.933976961156E-2));
#2771=CARTESIAN_POINT('',(-8.835925883680E-2,3.659960337144E-2,8.0359375E-2));
#2772=CARTESIAN_POINT('',(-9.382851963689E-2,1.838335650180E-2,
8.137898038844E-2));
#2773=CARTESIAN_POINT('',(-9.5E-2,6.127785500602E-3,8.200132679615E-2));
#2774=CARTESIAN_POINT('',(-9.5E-2,0.E0,8.23125E-2));
#2776=CURVE_STYLE('',#20,POSITIVE_LENGTH_MEASURE(2.E-2),#3);
#2777=PRESENTATION_STYLE_ASSIGNMENT((#2776));
#2778=STYLED_ITEM('',(#2777),#2775);
#2779=DIRECTION('',(0.E0,0.E0,-1.E0));
#2780=VECTOR('',#2779,3.90625E-3);
#2781=CARTESIAN_POINT('',(9.5E-2,0.E0,7.059375E-2));
#2782=LINE('',#2781,#2780);
#2783=CURVE_STYLE('',#20,POSITIVE_LENGTH_MEASURE(2.E-2),#3);
#2784=PRESENTATION_STYLE_ASSIGNMENT((#2783));
#2785=STYLED_ITEM('',(#2784),#2782);
#2786=CARTESIAN_POINT('',(-9.5E-2,0.E0,8.621875E-2));
#2787=CARTESIAN_POINT('',(-9.5E-2,6.127785500600E-3,8.590757679615E-2));
#2788=CARTESIAN_POINT('',(-9.382851963689E-2,1.838335650180E-2,
8.528523038844E-2));
#2789=CARTESIAN_POINT('',(-8.835925883680E-2,3.659960337144E-2,8.4265625E-2));
#2790=CARTESIAN_POINT('',(-7.934577854734E-2,5.334778646054E-2,
8.324601961156E-2));
#2791=CARTESIAN_POINT('',(-6.758932506711E-2,6.758932506711E-2,8.23125E-2));
#2792=CARTESIAN_POINT('',(-5.334778646055E-2,7.934577854733E-2,
8.137898038844E-2));
#2793=CARTESIAN_POINT('',(-3.659960337144E-2,8.835925883680E-2,8.0359375E-2));
#2794=CARTESIAN_POINT('',(-1.838335650180E-2,9.382851963689E-2,
7.933976961156E-2));
#2795=CARTESIAN_POINT('',(0.E0,9.558574018155E-2,7.840625E-2));
#2796=CARTESIAN_POINT('',(1.838335650180E-2,9.382851963689E-2,
7.747273038844E-2));
#2797=CARTESIAN_POINT('',(3.659960337144E-2,8.835925883680E-2,7.6453125E-2));
#2798=CARTESIAN_POINT('',(5.334778646054E-2,7.934577854734E-2,
7.543351961156E-2));
#2799=CARTESIAN_POINT('',(6.758932506711E-2,6.758932506711E-2,7.45E-2));
#2800=CARTESIAN_POINT('',(7.934577854734E-2,5.334778646054E-2,
7.356648038844E-2));
#2801=CARTESIAN_POINT('',(8.835925883680E-2,3.659960337144E-2,7.2546875E-2));
#2802=CARTESIAN_POINT('',(9.382851963689E-2,1.838335650180E-2,
7.152726961156E-2));
#2803=CARTESIAN_POINT('',(9.5E-2,6.127785500601E-3,7.090492320385E-2));
#2804=CARTESIAN_POINT('',(9.5E-2,0.E0,7.059375E-2));
#2806=CURVE_STYLE('',#20,POSITIVE_LENGTH_MEASURE(2.E-2),#3);
#2807=PRESENTATION_STYLE_ASSIGNMENT((#2806));
#2808=STYLED_ITEM('',(#2807),#2805);
#2809=DIRECTION('',(0.E0,1.894884071774E-13,-1.E0));
#2810=VECTOR('',#2809,3.90625E-3);
#2811=CARTESIAN_POINT('',(-9.5E-2,0.E0,8.621875E-2));
#2812=LINE('',#2811,#2810);
#2813=CURVE_STYLE('',#20,POSITIVE_LENGTH_MEASURE(2.E-2),#3);
#2814=PRESENTATION_STYLE_ASSIGNMENT((#2813));
#2815=STYLED_ITEM('',(#2814),#2812);
#2816=CARTESIAN_POINT('',(9.5E-2,0.E0,1.0184375E-1));
#2817=CARTESIAN_POINT('',(9.5E-2,-6.127785500601E-3,1.015325767961E-1));
#2818=CARTESIAN_POINT('',(9.382851963689E-2,-1.838335650180E-2,
1.009102303884E-1));
#2819=CARTESIAN_POINT('',(8.835925883680E-2,-3.659960337144E-2,9.9890625E-2));
#2820=CARTESIAN_POINT('',(7.934577854734E-2,-5.334778646054E-2,
9.887101961156E-2));
#2821=CARTESIAN_POINT('',(6.758932506711E-2,-6.758932506711E-2,9.79375E-2));
#2822=CARTESIAN_POINT('',(5.334778646055E-2,-7.934577854734E-2,
9.700398038844E-2));
#2823=CARTESIAN_POINT('',(3.659960337144E-2,-8.835925883680E-2,9.5984375E-2));
#2824=CARTESIAN_POINT('',(1.838335650180E-2,-9.382851963689E-2,
9.496476961156E-2));
#2825=CARTESIAN_POINT('',(0.E0,-9.558574018155E-2,9.403125E-2));
#2826=CARTESIAN_POINT('',(-1.838335650180E-2,-9.382851963689E-2,
9.309773038844E-2));
#2827=CARTESIAN_POINT('',(-3.659960337144E-2,-8.835925883680E-2,9.2078125E-2));
#2828=CARTESIAN_POINT('',(-5.334778646054E-2,-7.934577854734E-2,
9.105851961156E-2));
#2829=CARTESIAN_POINT('',(-6.758932506711E-2,-6.758932506711E-2,9.0125E-2));
#2830=CARTESIAN_POINT('',(-7.934577854734E-2,-5.334778646054E-2,
8.919148038844E-2));
#2831=CARTESIAN_POINT('',(-8.835925883680E-2,-3.659960337144E-2,8.8171875E-2));
#2832=CARTESIAN_POINT('',(-9.382851963689E-2,-1.838335650180E-2,
8.715226961156E-2));
#2833=CARTESIAN_POINT('',(-9.5E-2,-6.127785500602E-3,8.652992320385E-2));
#2834=CARTESIAN_POINT('',(-9.5E-2,0.E0,8.621875E-2));
#2836=CURVE_STYLE('',#20,POSITIVE_LENGTH_MEASURE(2.E-2),#3);
#2837=PRESENTATION_STYLE_ASSIGNMENT((#2836));
#2838=STYLED_ITEM('',(#2837),#2835);
#2839=CARTESIAN_POINT('',(-9.5E-2,0.E0,8.23125E-2));
#2840=CARTESIAN_POINT('',(-9.5E-2,-6.127785500601E-3,8.262367320385E-2));
#2841=CARTESIAN_POINT('',(-9.382851963689E-2,-1.838335650180E-2,
8.324601961156E-2));
#2842=CARTESIAN_POINT('',(-8.835925883680E-2,-3.659960337144E-2,8.4265625E-2));
#2843=CARTESIAN_POINT('',(-7.934577854734E-2,-5.334778646054E-2,
8.528523038844E-2));
#2844=CARTESIAN_POINT('',(-6.758932506711E-2,-6.758932506711E-2,8.621875E-2));
#2845=CARTESIAN_POINT('',(-5.334778646055E-2,-7.934577854733E-2,
8.715226961156E-2));
#2846=CARTESIAN_POINT('',(-3.659960337144E-2,-8.835925883680E-2,8.8171875E-2));
#2847=CARTESIAN_POINT('',(-1.838335650180E-2,-9.382851963689E-2,
8.919148038844E-2));
#2848=CARTESIAN_POINT('',(0.E0,-9.558574018155E-2,9.0125E-2));
#2849=CARTESIAN_POINT('',(1.838335650180E-2,-9.382851963689E-2,
9.105851961156E-2));
#2850=CARTESIAN_POINT('',(3.659960337144E-2,-8.835925883680E-2,9.2078125E-2));
#2851=CARTESIAN_POINT('',(5.334778646054E-2,-7.934577854734E-2,
9.309773038844E-2));
#2852=CARTESIAN_POINT('',(6.758932506711E-2,-6.758932506711E-2,9.403125E-2));
#2853=CARTESIAN_POINT('',(7.934577854734E-2,-5.334778646054E-2,
9.496476961156E-2));
#2854=CARTESIAN_POINT('',(8.835925883680E-2,-3.659960337144E-2,9.5984375E-2));
#2855=CARTESIAN_POINT('',(9.382851963689E-2,-1.838335650180E-2,
9.700398038844E-2));
#2856=CARTESIAN_POINT('',(9.5E-2,-6.127785500601E-3,9.762632679615E-2));
#2857=CARTESIAN_POINT('',(9.5E-2,0.E0,9.79375E-2));
#2859=CURVE_STYLE('',#20,POSITIVE_LENGTH_MEASURE(2.E-2),#3);
#2860=PRESENTATION_STYLE_ASSIGNMENT((#2859));
#2861=STYLED_ITEM('',(#2860),#2858);
#2862=CARTESIAN_POINT('',(9.5E-2,0.E0,9.79375E-2));
#2863=CARTESIAN_POINT('',(9.5E-2,6.127785500601E-3,9.824867320385E-2));
#2864=CARTESIAN_POINT('',(9.382851963689E-2,1.838335650180E-2,
9.887101961156E-2));
#2865=CARTESIAN_POINT('',(8.835925883680E-2,3.659960337144E-2,9.9890625E-2));
#2866=CARTESIAN_POINT('',(7.934577854734E-2,5.334778646054E-2,
1.009102303884E-1));
#2867=CARTESIAN_POINT('',(6.758932506711E-2,6.758932506711E-2,1.0184375E-1));
#2868=CARTESIAN_POINT('',(5.334778646054E-2,7.934577854734E-2,
1.027772696116E-1));
#2869=CARTESIAN_POINT('',(3.659960337144E-2,8.835925883680E-2,1.03796875E-1));
#2870=CARTESIAN_POINT('',(1.838335650180E-2,9.382851963689E-2,
1.048164803884E-1));
#2871=CARTESIAN_POINT('',(0.E0,9.558574018155E-2,1.0575E-1));
#2872=CARTESIAN_POINT('',(-1.838335650180E-2,9.382851963689E-2,
1.066835196116E-1));
#2873=CARTESIAN_POINT('',(-3.659960337144E-2,8.835925883680E-2,1.07703125E-1));
#2874=CARTESIAN_POINT('',(-5.334778646055E-2,7.934577854733E-2,
1.087227303884E-1));
#2875=CARTESIAN_POINT('',(-6.758932506711E-2,6.758932506711E-2,1.0965625E-1));
#2876=CARTESIAN_POINT('',(-7.934577854734E-2,5.334778646054E-2,
1.105897696116E-1));
#2877=CARTESIAN_POINT('',(-8.835925883680E-2,3.659960337144E-2,1.11609375E-1));
#2878=CARTESIAN_POINT('',(-9.382851963689E-2,1.838335650180E-2,
1.126289803884E-1));
#2879=CARTESIAN_POINT('',(-9.5E-2,6.127785500601E-3,1.132513267961E-1));
#2880=CARTESIAN_POINT('',(-9.5E-2,0.E0,1.135625E-1));
#2882=CURVE_STYLE('',#20,POSITIVE_LENGTH_MEASURE(2.E-2),#3);
#2883=PRESENTATION_STYLE_ASSIGNMENT((#2882));
#2884=STYLED_ITEM('',(#2883),#2881);
#2885=DIRECTION('',(0.E0,0.E0,-1.E0));
#2886=VECTOR('',#2885,3.90625E-3);
#2887=CARTESIAN_POINT('',(9.5E-2,0.E0,1.0184375E-1));
#2888=LINE('',#2887,#2886);
#2889=CURVE_STYLE('',#20,POSITIVE_LENGTH_MEASURE(2.E-2),#3);
#2890=PRESENTATION_STYLE_ASSIGNMENT((#2889));
#2891=STYLED_ITEM('',(#2890),#2888);
#2892=CARTESIAN_POINT('',(-9.5E-2,0.E0,1.1746875E-1));
#2893=CARTESIAN_POINT('',(-9.5E-2,6.127785500601E-3,1.171575767961E-1));
#2894=CARTESIAN_POINT('',(-9.382851963689E-2,1.838335650180E-2,
1.165352303884E-1));
#2895=CARTESIAN_POINT('',(-8.835925883680E-2,3.659960337144E-2,1.15515625E-1));
#2896=CARTESIAN_POINT('',(-7.934577854734E-2,5.334778646054E-2,
1.144960196116E-1));
#2897=CARTESIAN_POINT('',(-6.758932506711E-2,6.758932506711E-2,1.135625E-1));
#2898=CARTESIAN_POINT('',(-5.334778646055E-2,7.934577854733E-2,
1.126289803884E-1));
#2899=CARTESIAN_POINT('',(-3.659960337144E-2,8.835925883680E-2,1.11609375E-1));
#2900=CARTESIAN_POINT('',(-1.838335650180E-2,9.382851963689E-2,
1.105897696116E-1));
#2901=CARTESIAN_POINT('',(0.E0,9.558574018155E-2,1.0965625E-1));
#2902=CARTESIAN_POINT('',(1.838335650180E-2,9.382851963689E-2,
1.087227303884E-1));
#2903=CARTESIAN_POINT('',(3.659960337144E-2,8.835925883680E-2,1.07703125E-1));
#2904=CARTESIAN_POINT('',(5.334778646054E-2,7.934577854734E-2,
1.066835196116E-1));
#2905=CARTESIAN_POINT('',(6.758932506711E-2,6.758932506711E-2,1.0575E-1));
#2906=CARTESIAN_POINT('',(7.934577854734E-2,5.334778646055E-2,
1.048164803884E-1));
#2907=CARTESIAN_POINT('',(8.835925883680E-2,3.659960337144E-2,1.03796875E-1));
#2908=CARTESIAN_POINT('',(9.382851963689E-2,1.838335650180E-2,
1.027772696116E-1));
#2909=CARTESIAN_POINT('',(9.5E-2,6.127785500602E-3,1.021549232039E-1));
#2910=CARTESIAN_POINT('',(9.5E-2,0.E0,1.0184375E-1));
#2912=CURVE_STYLE('',#20,POSITIVE_LENGTH_MEASURE(2.E-2),#3);
#2913=PRESENTATION_STYLE_ASSIGNMENT((#2912));
#2914=STYLED_ITEM('',(#2913),#2911);
#2915=DIRECTION('',(0.E0,-9.474420358874E-14,-1.E0));
#2916=VECTOR('',#2915,3.90625E-3);
#2917=CARTESIAN_POINT('',(-9.5E-2,0.E0,1.1746875E-1));
#2918=LINE('',#2917,#2916);
#2919=CURVE_STYLE('',#20,POSITIVE_LENGTH_MEASURE(2.E-2),#3);
#2920=PRESENTATION_STYLE_ASSIGNMENT((#2919));
#2921=STYLED_ITEM('',(#2920),#2918);
#2922=CARTESIAN_POINT('',(9.5E-2,0.E0,1.3309375E-1));
#2923=CARTESIAN_POINT('',(9.5E-2,-6.127785500601E-3,1.327825767961E-1));
#2924=CARTESIAN_POINT('',(9.382851963689E-2,-1.838335650180E-2,
1.321602303884E-1));
#2925=CARTESIAN_POINT('',(8.835925883680E-2,-3.659960337144E-2,1.31140625E-1));
#2926=CARTESIAN_POINT('',(7.934577854734E-2,-5.334778646054E-2,
1.301210196116E-1));
#2927=CARTESIAN_POINT('',(6.758932506711E-2,-6.758932506711E-2,1.291875E-1));
#2928=CARTESIAN_POINT('',(5.334778646055E-2,-7.934577854734E-2,
1.282539803884E-1));
#2929=CARTESIAN_POINT('',(3.659960337144E-2,-8.835925883680E-2,1.27234375E-1));
#2930=CARTESIAN_POINT('',(1.838335650180E-2,-9.382851963689E-2,
1.262147696116E-1));
#2931=CARTESIAN_POINT('',(0.E0,-9.558574018155E-2,1.2528125E-1));
#2932=CARTESIAN_POINT('',(-1.838335650180E-2,-9.382851963689E-2,
1.243477303884E-1));
#2933=CARTESIAN_POINT('',(-3.659960337144E-2,-8.835925883680E-2,1.23328125E-1));
#2934=CARTESIAN_POINT('',(-5.334778646054E-2,-7.934577854734E-2,
1.223085196116E-1));
#2935=CARTESIAN_POINT('',(-6.758932506711E-2,-6.758932506711E-2,1.21375E-1));
#2936=CARTESIAN_POINT('',(-7.934577854734E-2,-5.334778646054E-2,
1.204414803884E-1));
#2937=CARTESIAN_POINT('',(-8.835925883680E-2,-3.659960337144E-2,1.19421875E-1));
#2938=CARTESIAN_POINT('',(-9.382851963689E-2,-1.838335650180E-2,
1.184022696116E-1));
#2939=CARTESIAN_POINT('',(-9.5E-2,-6.127785500601E-3,1.177799232039E-1));
#2940=CARTESIAN_POINT('',(-9.5E-2,0.E0,1.1746875E-1));
#2942=CURVE_STYLE('',#20,POSITIVE_LENGTH_MEASURE(2.E-2),#3);
#2943=PRESENTATION_STYLE_ASSIGNMENT((#2942));
#2944=STYLED_ITEM('',(#2943),#2941);
#2945=CARTESIAN_POINT('',(-9.5E-2,0.E0,1.135625E-1));
#2946=CARTESIAN_POINT('',(-9.5E-2,-6.127785500601E-3,1.138736732039E-1));
#2947=CARTESIAN_POINT('',(-9.382851963689E-2,-1.838335650180E-2,
1.144960196116E-1));
#2948=CARTESIAN_POINT('',(-8.835925883680E-2,-3.659960337144E-2,1.15515625E-1));
#2949=CARTESIAN_POINT('',(-7.934577854734E-2,-5.334778646054E-2,
1.165352303884E-1));
#2950=CARTESIAN_POINT('',(-6.758932506711E-2,-6.758932506711E-2,1.1746875E-1));
#2951=CARTESIAN_POINT('',(-5.334778646054E-2,-7.934577854734E-2,
1.184022696116E-1));
#2952=CARTESIAN_POINT('',(-3.659960337144E-2,-8.835925883680E-2,1.19421875E-1));
#2953=CARTESIAN_POINT('',(-1.838335650180E-2,-9.382851963689E-2,
1.204414803884E-1));
#2954=CARTESIAN_POINT('',(0.E0,-9.558574018155E-2,1.21375E-1));
#2955=CARTESIAN_POINT('',(1.838335650180E-2,-9.382851963689E-2,
1.223085196116E-1));
#2956=CARTESIAN_POINT('',(3.659960337144E-2,-8.835925883680E-2,1.23328125E-1));
#2957=CARTESIAN_POINT('',(5.334778646055E-2,-7.934577854734E-2,
1.243477303884E-1));
#2958=CARTESIAN_POINT('',(6.758932506711E-2,-6.758932506711E-2,1.2528125E-1));
#2959=CARTESIAN_POINT('',(7.934577854734E-2,-5.334778646054E-2,
1.262147696116E-1));
#2960=CARTESIAN_POINT('',(8.835925883680E-2,-3.659960337144E-2,1.27234375E-1));
#2961=CARTESIAN_POINT('',(9.382851963689E-2,-1.838335650180E-2,
1.282539803884E-1));
#2962=CARTESIAN_POINT('',(9.5E-2,-6.127785500601E-3,1.288763267961E-1));
#2963=CARTESIAN_POINT('',(9.5E-2,0.E0,1.291875E-1));
#2965=CURVE_STYLE('',#20,POSITIVE_LENGTH_MEASURE(2.E-2),#3);
#2966=PRESENTATION_STYLE_ASSIGNMENT((#2965));
#2967=STYLED_ITEM('',(#2966),#2964);
#2968=CARTESIAN_POINT('',(9.5E-2,0.E0,1.291875E-1));
#2969=CARTESIAN_POINT('',(9.5E-2,6.127785500601E-3,1.294986732039E-1));
#2970=CARTESIAN_POINT('',(9.382851963689E-2,1.838335650181E-2,
1.301210196116E-1));
#2971=CARTESIAN_POINT('',(8.835925883680E-2,3.659960337144E-2,1.31140625E-1));
#2972=CARTESIAN_POINT('',(7.934577854734E-2,5.334778646055E-2,
1.321602303884E-1));
#2973=CARTESIAN_POINT('',(6.758932506711E-2,6.758932506711E-2,1.3309375E-1));
#2974=CARTESIAN_POINT('',(5.334778646054E-2,7.934577854734E-2,
1.340272696116E-1));
#2975=CARTESIAN_POINT('',(3.659960337144E-2,8.835925883680E-2,1.35046875E-1));
#2976=CARTESIAN_POINT('',(1.838335650180E-2,9.382851963689E-2,
1.360664803884E-1));
#2977=CARTESIAN_POINT('',(0.E0,9.558574018155E-2,1.37E-1));
#2978=CARTESIAN_POINT('',(-1.838335650180E-2,9.382851963689E-2,
1.379335196116E-1));
#2979=CARTESIAN_POINT('',(-3.659960337144E-2,8.835925883680E-2,1.38953125E-1));
#2980=CARTESIAN_POINT('',(-5.334778646055E-2,7.934577854733E-2,
1.399727303884E-1));
#2981=CARTESIAN_POINT('',(-6.758932506711E-2,6.758932506711E-2,1.4090625E-1));
#2982=CARTESIAN_POINT('',(-7.934577854734E-2,5.334778646054E-2,
1.418397696116E-1));
#2983=CARTESIAN_POINT('',(-8.835925883680E-2,3.659960337144E-2,1.42859375E-1));
#2984=CARTESIAN_POINT('',(-9.382851963689E-2,1.838335650180E-2,
1.438789803884E-1));
#2985=CARTESIAN_POINT('',(-9.5E-2,6.127785500601E-3,1.445013267961E-1));
#2986=CARTESIAN_POINT('',(-9.5E-2,0.E0,1.448125E-1));
#2988=CURVE_STYLE('',#20,POSITIVE_LENGTH_MEASURE(2.E-2),#3);
#2989=PRESENTATION_STYLE_ASSIGNMENT((#2988));
#2990=STYLED_ITEM('',(#2989),#2987);
#2991=DIRECTION('',(0.E0,0.E0,-1.E0));
#2992=VECTOR('',#2991,3.90625E-3);
#2993=CARTESIAN_POINT('',(9.5E-2,0.E0,1.3309375E-1));
#2994=LINE('',#2993,#2992);
#2995=CURVE_STYLE('',#20,POSITIVE_LENGTH_MEASURE(2.E-2),#3);
#2996=PRESENTATION_STYLE_ASSIGNMENT((#2995));
#2997=STYLED_ITEM('',(#2996),#2994);
#2998=CARTESIAN_POINT('',(-9.5E-2,0.E0,1.4871875E-1));
#2999=CARTESIAN_POINT('',(-9.5E-2,6.127785500601E-3,1.484075767961E-1));
#3000=CARTESIAN_POINT('',(-9.382851963689E-2,1.838335650180E-2,
1.477852303884E-1));
#3001=CARTESIAN_POINT('',(-8.835925883680E-2,3.659960337144E-2,1.46765625E-1));
#3002=CARTESIAN_POINT('',(-7.934577854734E-2,5.334778646055E-2,
1.457460196116E-1));
#3003=CARTESIAN_POINT('',(-6.758932506711E-2,6.758932506711E-2,1.448125E-1));
#3004=CARTESIAN_POINT('',(-5.334778646054E-2,7.934577854734E-2,
1.438789803884E-1));
#3005=CARTESIAN_POINT('',(-3.659960337144E-2,8.835925883680E-2,1.42859375E-1));
#3006=CARTESIAN_POINT('',(-1.838335650180E-2,9.382851963689E-2,
1.418397696116E-1));
#3007=CARTESIAN_POINT('',(0.E0,9.558574018155E-2,1.4090625E-1));
#3008=CARTESIAN_POINT('',(1.838335650180E-2,9.382851963689E-2,
1.399727303884E-1));
#3009=CARTESIAN_POINT('',(3.659960337144E-2,8.835925883680E-2,1.38953125E-1));
#3010=CARTESIAN_POINT('',(5.334778646054E-2,7.934577854734E-2,
1.379335196116E-1));
#3011=CARTESIAN_POINT('',(6.758932506711E-2,6.758932506711E-2,1.37E-1));
#3012=CARTESIAN_POINT('',(7.934577854733E-2,5.334778646055E-2,
1.360664803884E-1));
#3013=CARTESIAN_POINT('',(8.835925883680E-2,3.659960337144E-2,1.35046875E-1));
#3014=CARTESIAN_POINT('',(9.382851963689E-2,1.838335650180E-2,
1.340272696116E-1));
#3015=CARTESIAN_POINT('',(9.5E-2,6.127785500602E-3,1.334049232039E-1));
#3016=CARTESIAN_POINT('',(9.5E-2,0.E0,1.3309375E-1));
#3018=CURVE_STYLE('',#20,POSITIVE_LENGTH_MEASURE(2.E-2),#3);
#3019=PRESENTATION_STYLE_ASSIGNMENT((#3018));
#3020=STYLED_ITEM('',(#3019),#3017);
#3021=DIRECTION('',(0.E0,-9.474420358875E-14,-1.E0));
#3022=VECTOR('',#3021,3.90625E-3);
#3023=CARTESIAN_POINT('',(-9.5E-2,0.E0,1.4871875E-1));
#3024=LINE('',#3023,#3022);
#3025=CURVE_STYLE('',#20,POSITIVE_LENGTH_MEASURE(2.E-2),#3);
#3026=PRESENTATION_STYLE_ASSIGNMENT((#3025));
#3027=STYLED_ITEM('',(#3026),#3024);
#3028=CARTESIAN_POINT('',(9.5E-2,0.E0,1.6434375E-1));
#3029=CARTESIAN_POINT('',(9.5E-2,-6.127785500601E-3,1.640325767961E-1));
#3030=CARTESIAN_POINT('',(9.382851963689E-2,-1.838335650180E-2,
1.634102303884E-1));
#3031=CARTESIAN_POINT('',(8.835925883680E-2,-3.659960337144E-2,1.62390625E-1));
#3032=CARTESIAN_POINT('',(7.934577854733E-2,-5.334778646055E-2,
1.613710196116E-1));
#3033=CARTESIAN_POINT('',(6.758932506711E-2,-6.758932506711E-2,1.604375E-1));
#3034=CARTESIAN_POINT('',(5.334778646054E-2,-7.934577854734E-2,
1.595039803884E-1));
#3035=CARTESIAN_POINT('',(3.659960337144E-2,-8.835925883680E-2,1.58484375E-1));
#3036=CARTESIAN_POINT('',(1.838335650180E-2,-9.382851963689E-2,
1.574647696116E-1));
#3037=CARTESIAN_POINT('',(0.E0,-9.558574018155E-2,1.5653125E-1));
#3038=CARTESIAN_POINT('',(-1.838335650180E-2,-9.382851963689E-2,
1.555977303884E-1));
#3039=CARTESIAN_POINT('',(-3.659960337144E-2,-8.835925883680E-2,1.54578125E-1));
#3040=CARTESIAN_POINT('',(-5.334778646055E-2,-7.934577854733E-2,
1.535585196116E-1));
#3041=CARTESIAN_POINT('',(-6.758932506711E-2,-6.758932506711E-2,1.52625E-1));
#3042=CARTESIAN_POINT('',(-7.934577854734E-2,-5.334778646054E-2,
1.516914803884E-1));
#3043=CARTESIAN_POINT('',(-8.835925883680E-2,-3.659960337144E-2,1.50671875E-1));
#3044=CARTESIAN_POINT('',(-9.382851963689E-2,-1.838335650180E-2,
1.496522696116E-1));
#3045=CARTESIAN_POINT('',(-9.5E-2,-6.127785500601E-3,1.490299232039E-1));
#3046=CARTESIAN_POINT('',(-9.5E-2,0.E0,1.4871875E-1));
#3048=CURVE_STYLE('',#20,POSITIVE_LENGTH_MEASURE(2.E-2),#3);
#3049=PRESENTATION_STYLE_ASSIGNMENT((#3048));
#3050=STYLED_ITEM('',(#3049),#3047);
#3051=CARTESIAN_POINT('',(-9.5E-2,0.E0,1.448125E-1));
#3052=CARTESIAN_POINT('',(-9.5E-2,-6.127785500601E-3,1.451236732039E-1));
#3053=CARTESIAN_POINT('',(-9.382851963689E-2,-1.838335650180E-2,
1.457460196116E-1));
#3054=CARTESIAN_POINT('',(-8.835925883680E-2,-3.659960337144E-2,1.46765625E-1));
#3055=CARTESIAN_POINT('',(-7.934577854734E-2,-5.334778646054E-2,
1.477852303884E-1));
#3056=CARTESIAN_POINT('',(-6.758932506711E-2,-6.758932506711E-2,1.4871875E-1));
#3057=CARTESIAN_POINT('',(-5.334778646054E-2,-7.934577854734E-2,
1.496522696116E-1));
#3058=CARTESIAN_POINT('',(-3.659960337144E-2,-8.835925883680E-2,1.50671875E-1));
#3059=CARTESIAN_POINT('',(-1.838335650180E-2,-9.382851963689E-2,
1.516914803884E-1));
#3060=CARTESIAN_POINT('',(0.E0,-9.558574018155E-2,1.52625E-1));
#3061=CARTESIAN_POINT('',(1.838335650180E-2,-9.382851963689E-2,
1.535585196116E-1));
#3062=CARTESIAN_POINT('',(3.659960337144E-2,-8.835925883680E-2,1.54578125E-1));
#3063=CARTESIAN_POINT('',(5.334778646055E-2,-7.934577854734E-2,
1.555977303884E-1));
#3064=CARTESIAN_POINT('',(6.758932506711E-2,-6.758932506711E-2,1.5653125E-1));
#3065=CARTESIAN_POINT('',(7.934577854734E-2,-5.334778646054E-2,
1.574647696116E-1));
#3066=CARTESIAN_POINT('',(8.835925883680E-2,-3.659960337144E-2,1.58484375E-1));
#3067=CARTESIAN_POINT('',(9.382851963689E-2,-1.838335650180E-2,
1.595039803884E-1));
#3068=CARTESIAN_POINT('',(9.5E-2,-6.127785500601E-3,1.601263267961E-1));
#3069=CARTESIAN_POINT('',(9.5E-2,0.E0,1.604375E-1));
#3071=CURVE_STYLE('',#20,POSITIVE_LENGTH_MEASURE(2.E-2),#3);
#3072=PRESENTATION_STYLE_ASSIGNMENT((#3071));
#3073=STYLED_ITEM('',(#3072),#3070);
#3074=CARTESIAN_POINT('',(-7.541502959880E-2,0.E0,1.647551120668E-1));
#3075=CARTESIAN_POINT('',(-7.533673735792E-2,1.413265494981E-3,
1.646195059278E-1));
#3076=CARTESIAN_POINT('',(-7.510478858561E-2,4.236445147764E-3,
1.643553637591E-1));
#3077=CARTESIAN_POINT('',(-7.450925464596E-2,8.439053543352E-3,
1.639429068682E-1));
#3078=CARTESIAN_POINT('',(-7.395112724970E-2,1.121592413433E-2,
1.636597623071E-1));
#3079=CARTESIAN_POINT('',(-7.363379597722E-2,1.259376209684E-2,
1.635202457537E-1));
#3081=CURVE_STYLE('',#20,POSITIVE_LENGTH_MEASURE(2.E-2),#3);
#3082=PRESENTATION_STYLE_ASSIGNMENT((#3081));
#3083=STYLED_ITEM('',(#3082),#3080);
#3084=CARTESIAN_POINT('',(-8.689897066617E-2,0.E0,1.846458814666E-1));
#3085=CARTESIAN_POINT('',(-8.702108246862E-2,-5.079832542008E-3,
1.848573853126E-1));
#3086=CARTESIAN_POINT('',(-8.637572782978E-2,-1.529131121010E-2,
1.852819692450E-1));
#3087=CARTESIAN_POINT('',(-8.271237857264E-2,-3.035584812281E-2,
1.859492345591E-1));
#3088=CARTESIAN_POINT('',(-7.648230029277E-2,-4.451563315848E-2,
1.866354969828E-1));
#3089=CARTESIAN_POINT('',(-6.790914015364E-2,-5.731710686186E-2,
1.872688966892E-1));
#3090=CARTESIAN_POINT('',(-5.707539032079E-2,-6.860107998337E-2,
1.879034504895E-1));
#3091=CARTESIAN_POINT('',(-4.439353071423E-2,-7.784789829676E-2,
1.885575538843E-1));
#3092=CARTESIAN_POINT('',(-3.025562206835E-2,-8.477100819585E-2,
1.892353812924E-1));
#3093=CARTESIAN_POINT('',(-1.510812892528E-2,-8.910923562233E-2,
1.898867672667E-1));
#3094=CARTESIAN_POINT('',(5.817815939024E-4,-9.075824655807E-2,
1.905290026937E-1));
#3095=CARTESIAN_POINT('',(1.651346628145E-2,-8.961448858244E-2,
1.911643342589E-1));
#3096=CARTESIAN_POINT('',(3.185349213442E-2,-8.578696856768E-2,
1.918320575733E-1));
#3097=CARTESIAN_POINT('',(4.652361505233E-2,-7.924965981812E-2,
1.924964767912E-1));
#3098=CARTESIAN_POINT('',(5.976070222956E-2,-7.031252242463E-2,
1.931513525470E-1));
#3099=CARTESIAN_POINT('',(7.137634514150E-2,-5.903945324665E-2,
1.937702938724E-1));
#3100=CARTESIAN_POINT('',(8.073218763228E-2,-4.616725987457E-2,
1.944157047382E-1));
#3101=CARTESIAN_POINT('',(8.788125428263E-2,-3.160712387626E-2,
1.950824846654E-1));
#3102=CARTESIAN_POINT('',(9.236433678841E-2,-1.615075447174E-2,
1.957400064599E-1));
#3103=CARTESIAN_POINT('',(9.354445341717E-2,-5.395914114298E-3,
1.961561952322E-1));
#3104=CARTESIAN_POINT('',(9.366479413323E-2,0.E0,1.963646314666E-1));
#3106=CURVE_STYLE('',#20,POSITIVE_LENGTH_MEASURE(2.E-2),#3);
#3107=PRESENTATION_STYLE_ASSIGNMENT((#3106));
#3108=STYLED_ITEM('',(#3107),#3105);
#3109=DIRECTION('',(5.E-1,7.923829527501E-14,-8.660254037844E-1));
#3110=VECTOR('',#3109,1.715205866766E-2);
#3111=CARTESIAN_POINT('',(-9.5475E-2,0.E0,1.995E-1));
#3112=LINE('',#3111,#3110);
#3113=CURVE_STYLE('',#20,POSITIVE_LENGTH_MEASURE(2.E-2),#3);
#3114=PRESENTATION_STYLE_ASSIGNMENT((#3113));
#3115=STYLED_ITEM('',(#3114),#3112);
#3116=CARTESIAN_POINT('',(-6.25E-2,3.608439182435E-2,3.005E-1));
#3117=CARTESIAN_POINT('',(-6.006142926808E-2,3.749230129286E-2,
2.990920905315E-1));
#3118=CARTESIAN_POINT('',(-5.512674880398E-2,4.034134038718E-2,
2.964914376629E-1));
#3119=CARTESIAN_POINT('',(-4.742865930695E-2,4.478583443053E-2,
2.933894695572E-1));
#3120=CARTESIAN_POINT('',(-3.949104195297E-2,4.936861994658E-2,
2.913443114163E-1));
#3121=CARTESIAN_POINT('',(-3.142305737207E-2,5.402667301618E-2,
2.905889084246E-1));
#3122=CARTESIAN_POINT('',(-2.316328047645E-2,5.879545743031E-2,
2.912988784893E-1));
#3123=CARTESIAN_POINT('',(-1.515472373124E-2,6.341919982298E-2,
2.933448407735E-1));
#3124=CARTESIAN_POINT('',(-7.459221608851E-3,6.786220004489E-2,
2.964402107467E-1));
#3125=CARTESIAN_POINT('',(-2.471433459758E-3,7.074190087543E-2,
2.990731172267E-1));
#3126=CARTESIAN_POINT('',(0.E0,7.216878364870E-2,3.005E-1));
#3128=CURVE_STYLE('',#20,POSITIVE_LENGTH_MEASURE(2.E-2),#3);
#3129=PRESENTATION_STYLE_ASSIGNMENT((#3128));
#3130=STYLED_ITEM('',(#3129),#3127);
#3131=DIRECTION('',(0.E0,0.E0,1.E0));
#3132=VECTOR('',#3131,4.04E-2);
#3133=CARTESIAN_POINT('',(0.E0,7.216878364870E-2,2.601E-1));
#3134=LINE('',#3133,#3132);
#3135=CURVE_STYLE('',#20,POSITIVE_LENGTH_MEASURE(2.E-2),#3);
#3136=PRESENTATION_STYLE_ASSIGNMENT((#3135));
#3137=STYLED_ITEM('',(#3136),#3134);
#3138=DIRECTION('',(0.E0,0.E0,1.E0));
#3139=VECTOR('',#3138,4.04E-2);
#3140=CARTESIAN_POINT('',(6.25E-2,3.608439182435E-2,2.601E-1));
#3141=LINE('',#3140,#3139);
#3142=CURVE_STYLE('',#20,POSITIVE_LENGTH_MEASURE(2.E-2),#3);
#3143=PRESENTATION_STYLE_ASSIGNMENT((#3142));
#3144=STYLED_ITEM('',(#3143),#3141);
#3145=CARTESIAN_POINT('',(0.E0,7.216878364870E-2,3.005E-1));
#3146=CARTESIAN_POINT('',(2.438570731918E-3,7.076087418019E-2,
2.990920905315E-1));
#3147=CARTESIAN_POINT('',(7.373251196020E-3,6.791183508588E-2,
2.964914376629E-1));
#3148=CARTESIAN_POINT('',(1.507134069305E-2,6.346734104252E-2,
2.933894695572E-1));
#3149=CARTESIAN_POINT('',(2.300895804703E-2,5.888455552647E-2,
2.913443114163E-1));
#3150=CARTESIAN_POINT('',(3.107694262793E-2,5.422650245688E-2,
2.905889084246E-1));
#3151=CARTESIAN_POINT('',(3.933671952355E-2,4.945771804274E-2,
2.912988784893E-1));
#3152=CARTESIAN_POINT('',(4.734527626876E-2,4.483397565008E-2,
2.933448407735E-1));
#3153=CARTESIAN_POINT('',(5.504077839115E-2,4.039097542817E-2,
2.964402107467E-1));
#3154=CARTESIAN_POINT('',(6.002856654024E-2,3.751127459763E-2,
2.990731172267E-1));
#3155=CARTESIAN_POINT('',(6.25E-2,3.608439182435E-2,3.005E-1));
#3157=CURVE_STYLE('',#20,POSITIVE_LENGTH_MEASURE(2.E-2),#3);
#3158=PRESENTATION_STYLE_ASSIGNMENT((#3157));
#3159=STYLED_ITEM('',(#3158),#3156);
#3160=DIRECTION('',(0.E0,0.E0,1.E0));
#3161=VECTOR('',#3160,4.04E-2);
#3162=CARTESIAN_POINT('',(6.25E-2,-3.608439182435E-2,2.601E-1));
#3163=LINE('',#3162,#3161);
#3164=CURVE_STYLE('',#20,POSITIVE_LENGTH_MEASURE(2.E-2),#3);
#3165=PRESENTATION_STYLE_ASSIGNMENT((#3164));
#3166=STYLED_ITEM('',(#3165),#3163);
#3167=DIRECTION('',(0.E0,-1.E0,0.E0));
#3168=VECTOR('',#3167,3.608439182435E-2);
#3169=CARTESIAN_POINT('',(6.25E-2,0.E0,2.601E-1));
#3170=LINE('',#3169,#3168);
#3171=CURVE_STYLE('',#20,POSITIVE_LENGTH_MEASURE(2.E-2),#3);
#3172=PRESENTATION_STYLE_ASSIGNMENT((#3171));
#3173=STYLED_ITEM('',(#3172),#3170);
#3174=DIRECTION('',(0.E0,-1.E0,0.E0));
#3175=VECTOR('',#3174,3.608439182435E-2);
#3176=CARTESIAN_POINT('',(6.25E-2,3.608439182435E-2,2.601E-1));
#3177=LINE('',#3176,#3175);
#3178=CURVE_STYLE('',#20,POSITIVE_LENGTH_MEASURE(2.E-2),#3);
#3179=PRESENTATION_STYLE_ASSIGNMENT((#3178));
#3180=STYLED_ITEM('',(#3179),#3177);
#3181=DIRECTION('',(-7.071067811865E-1,0.E0,-7.071067811865E-1));
#3182=VECTOR('',#3181,1.367372496765E-2);
#3183=CARTESIAN_POINT('',(7.216878364870E-2,0.E0,3.005E-1));
#3184=LINE('',#3183,#3182);
#3185=CURVE_STYLE('',#20,POSITIVE_LENGTH_MEASURE(2.E-2),#3);
#3186=PRESENTATION_STYLE_ASSIGNMENT((#3185));
#3187=STYLED_ITEM('',(#3186),#3184);
#3188=CARTESIAN_POINT('',(6.25E-2,0.E0,2.908312163513E-1));
#3189=CARTESIAN_POINT('',(6.25E-2,-2.860881266535E-3,2.908312163513E-1));
#3190=CARTESIAN_POINT('',(6.25E-2,-8.666261057990E-3,2.912275618257E-1));
#3191=CARTESIAN_POINT('',(6.25E-2,-1.764497462650E-2,2.930753667069E-1));
#3192=CARTESIAN_POINT('',(6.25E-2,-2.683513082758E-2,2.961736060197E-1));
#3193=CARTESIAN_POINT('',(6.25E-2,-3.298282580747E-2,2.989492169916E-1));
#3194=CARTESIAN_POINT('',(6.25E-2,-3.608439182435E-2,3.005E-1));
#3196=CURVE_STYLE('',#20,POSITIVE_LENGTH_MEASURE(2.E-2),#3);
#3197=PRESENTATION_STYLE_ASSIGNMENT((#3196));
#3198=STYLED_ITEM('',(#3197),#3195);
#3199=CARTESIAN_POINT('',(6.25E-2,3.608439182435E-2,3.005E-1));
#3200=CARTESIAN_POINT('',(6.25E-2,3.298411312214E-2,2.989498606489E-1));
#3201=CARTESIAN_POINT('',(6.25E-2,2.683812038992E-2,2.961746132025E-1));
#3202=CARTESIAN_POINT('',(6.25E-2,1.764160226571E-2,2.930742565995E-1));
#3203=CARTESIAN_POINT('',(6.25E-2,8.663422667204E-3,2.912274493248E-1));
#3204=CARTESIAN_POINT('',(6.25E-2,2.859551800677E-3,2.908312163513E-1));
#3205=CARTESIAN_POINT('',(6.25E-2,0.E0,2.908312163513E-1));
#3207=CURVE_STYLE('',#20,POSITIVE_LENGTH_MEASURE(2.E-2),#3);
#3208=PRESENTATION_STYLE_ASSIGNMENT((#3207));
#3209=STYLED_ITEM('',(#3208),#3206);
#3210=DIRECTION('',(0.E0,0.E0,1.E0));
#3211=VECTOR('',#3210,4.04E-2);
#3212=CARTESIAN_POINT('',(0.E0,-7.216878364870E-2,2.601E-1));
#3213=LINE('',#3212,#3211);
#3214=CURVE_STYLE('',#20,POSITIVE_LENGTH_MEASURE(2.E-2),#3);
#3215=PRESENTATION_STYLE_ASSIGNMENT((#3214));
#3216=STYLED_ITEM('',(#3215),#3213);
#3217=CARTESIAN_POINT('',(6.25E-2,-3.608439182435E-2,3.005E-1));
#3218=CARTESIAN_POINT('',(6.006142926808E-2,-3.749230129286E-2,
2.990920905315E-1));
#3219=CARTESIAN_POINT('',(5.512674880398E-2,-4.034134038718E-2,
2.964914376629E-1));
#3220=CARTESIAN_POINT('',(4.742865930695E-2,-4.478583443053E-2,
2.933894695572E-1));
#3221=CARTESIAN_POINT('',(3.949104195297E-2,-4.936861994658E-2,
2.913443114163E-1));
#3222=CARTESIAN_POINT('',(3.142305737207E-2,-5.402667301618E-2,
2.905889084246E-1));
#3223=CARTESIAN_POINT('',(2.316328047645E-2,-5.879545743031E-2,
2.912988784893E-1));
#3224=CARTESIAN_POINT('',(1.515472373124E-2,-6.341919982298E-2,
2.933448407735E-1));
#3225=CARTESIAN_POINT('',(7.459221608852E-3,-6.786220004489E-2,
2.964402107467E-1));
#3226=CARTESIAN_POINT('',(2.471433459758E-3,-7.074190087543E-2,
2.990731172267E-1));
#3227=CARTESIAN_POINT('',(0.E0,-7.216878364870E-2,3.005E-1));
#3229=CURVE_STYLE('',#20,POSITIVE_LENGTH_MEASURE(2.E-2),#3);
#3230=PRESENTATION_STYLE_ASSIGNMENT((#3229));
#3231=STYLED_ITEM('',(#3230),#3228);
#3232=CARTESIAN_POINT('',(0.E0,0.E0,2.601E-1));
#3233=DIRECTION('',(0.E0,0.E0,-1.E0));
#3234=DIRECTION('',(5.E-1,-8.660254037844E-1,0.E0));
#3235=AXIS2_PLACEMENT_3D('',#3232,#3233,#3234);
#3237=CURVE_STYLE('',#20,POSITIVE_LENGTH_MEASURE(2.E-2),#3);
#3238=PRESENTATION_STYLE_ASSIGNMENT((#3237));
#3239=STYLED_ITEM('',(#3238),#3236);
#3240=DIRECTION('',(8.660254037844E-1,5.E-1,0.E0));
#3241=VECTOR('',#3240,3.608439182435E-2);
#3242=CARTESIAN_POINT('',(0.E0,-7.216878364870E-2,2.601E-1));
#3243=LINE('',#3242,#3241);
#3244=CURVE_STYLE('',#20,POSITIVE_LENGTH_MEASURE(2.E-2),#3);
#3245=PRESENTATION_STYLE_ASSIGNMENT((#3244));
#3246=STYLED_ITEM('',(#3245),#3243);
#3247=DIRECTION('',(8.660254037844E-1,-5.E-1,0.E0));
#3248=VECTOR('',#3247,3.608439182435E-2);
#3249=CARTESIAN_POINT('',(-3.125E-2,-5.412658773653E-2,2.601E-1));
#3250=LINE('',#3249,#3248);
#3251=CURVE_STYLE('',#20,POSITIVE_LENGTH_MEASURE(2.E-2),#3);
#3252=PRESENTATION_STYLE_ASSIGNMENT((#3251));
#3253=STYLED_ITEM('',(#3252),#3250);
#3254=DIRECTION('',(-8.660254037844E-1,0.E0,-5.E-1));
#3255=VECTOR('',#3254,7.216878364870E-2);
#3256=CARTESIAN_POINT('',(6.25E-2,0.E0,2.601E-1));
#3257=LINE('',#3256,#3255);
#3258=CURVE_STYLE('',#20,POSITIVE_LENGTH_MEASURE(2.E-2),#3);
#3259=PRESENTATION_STYLE_ASSIGNMENT((#3258));
#3260=STYLED_ITEM('',(#3259),#3257);
#3261=DIRECTION('',(8.660254037844E-1,0.E0,-5.E-1));
#3262=VECTOR('',#3261,7.216878364870E-2);
#3263=CARTESIAN_POINT('',(-6.25E-2,0.E0,2.601E-1));
#3264=LINE('',#3263,#3262);
#3265=CURVE_STYLE('',#20,POSITIVE_LENGTH_MEASURE(2.E-2),#3);
#3266=PRESENTATION_STYLE_ASSIGNMENT((#3265));
#3267=STYLED_ITEM('',(#3266),#3264);
#3268=CARTESIAN_POINT('',(0.E0,0.E0,2.601E-1));
#3269=DIRECTION('',(0.E0,0.E0,-1.E0));
#3270=DIRECTION('',(-1.E0,0.E0,0.E0));
#3271=AXIS2_PLACEMENT_3D('',#3268,#3269,#3270);
#3273=CURVE_STYLE('',#20,POSITIVE_LENGTH_MEASURE(2.E-2),#3);
#3274=PRESENTATION_STYLE_ASSIGNMENT((#3273));
#3275=STYLED_ITEM('',(#3274),#3272);
#3276=DIRECTION('',(-8.660254037844E-1,-5.E-1,0.E0));
#3277=VECTOR('',#3276,3.608439182435E-2);
#3278=CARTESIAN_POINT('',(-3.125E-2,5.412658773653E-2,2.601E-1));
#3279=LINE('',#3278,#3277);
#3280=CURVE_STYLE('',#20,POSITIVE_LENGTH_MEASURE(2.E-2),#3);
#3281=PRESENTATION_STYLE_ASSIGNMENT((#3280));
#3282=STYLED_ITEM('',(#3281),#3279);
#3283=DIRECTION('',(0.E0,0.E0,1.E0));
#3284=VECTOR('',#3283,4.04E-2);
#3285=CARTESIAN_POINT('',(-6.25E-2,3.608439182435E-2,2.601E-1));
#3286=LINE('',#3285,#3284);
#3287=CURVE_STYLE('',#20,POSITIVE_LENGTH_MEASURE(2.E-2),#3);
#3288=PRESENTATION_STYLE_ASSIGNMENT((#3287));
#3289=STYLED_ITEM('',(#3288),#3286);
#3290=DIRECTION('',(0.E0,1.E0,0.E0));
#3291=VECTOR('',#3290,3.608439182435E-2);
#3292=CARTESIAN_POINT('',(-6.25E-2,0.E0,2.601E-1));
#3293=LINE('',#3292,#3291);
#3294=CURVE_STYLE('',#20,POSITIVE_LENGTH_MEASURE(2.E-2),#3);
#3295=PRESENTATION_STYLE_ASSIGNMENT((#3294));
#3296=STYLED_ITEM('',(#3295),#3293);
#3297=DIRECTION('',(0.E0,1.E0,0.E0));
#3298=VECTOR('',#3297,3.608439182435E-2);
#3299=CARTESIAN_POINT('',(-6.25E-2,-3.608439182435E-2,2.601E-1));
#3300=LINE('',#3299,#3298);
#3301=CURVE_STYLE('',#20,POSITIVE_LENGTH_MEASURE(2.E-2),#3);
#3302=PRESENTATION_STYLE_ASSIGNMENT((#3301));
#3303=STYLED_ITEM('',(#3302),#3300);
#3304=CARTESIAN_POINT('',(-6.250000000001E-2,0.E0,2.908312163513E-1));
#3305=CARTESIAN_POINT('',(-6.250000000001E-2,2.860039508102E-3,
2.908312163513E-1));
#3306=CARTESIAN_POINT('',(-6.25E-2,8.664635086320E-3,2.912275847151E-1));
#3307=CARTESIAN_POINT('',(-6.25E-2,1.764313478934E-2,2.930746797829E-1));
#3308=CARTESIAN_POINT('',(-6.25E-2,2.683924819717E-2,2.961750909441E-1));
#3309=CARTESIAN_POINT('',(-6.25E-2,3.298455269268E-2,2.989500804342E-1));
#3310=CARTESIAN_POINT('',(-6.25E-2,3.608439182435E-2,3.005E-1));
#3312=CURVE_STYLE('',#20,POSITIVE_LENGTH_MEASURE(2.E-2),#3);
#3313=PRESENTATION_STYLE_ASSIGNMENT((#3312));
#3314=STYLED_ITEM('',(#3313),#3311);
#3315=CARTESIAN_POINT('',(-6.25E-2,-3.608439182435E-2,3.005E-1));
#3316=CARTESIAN_POINT('',(-6.25E-2,-3.298228916137E-2,2.989489486685E-1));
#3317=CARTESIAN_POINT('',(-6.25E-2,-2.683375454069E-2,2.961730234897E-1));
#3318=CARTESIAN_POINT('',(-6.25E-2,-1.764310468248E-2,2.930748505695E-1));
#3319=CARTESIAN_POINT('',(-6.25E-2,-8.664792685710E-3,2.912273975001E-1));
#3320=CARTESIAN_POINT('',(-6.250000000001E-2,-2.860290945216E-3,
2.908312163513E-1));
#3321=CARTESIAN_POINT('',(-6.250000000001E-2,0.E0,2.908312163513E-1));
#3323=CURVE_STYLE('',#20,POSITIVE_LENGTH_MEASURE(2.E-2),#3);
#3324=PRESENTATION_STYLE_ASSIGNMENT((#3323));
#3325=STYLED_ITEM('',(#3324),#3322);
#3326=CARTESIAN_POINT('',(0.E0,0.E0,2.601E-1));
#3327=DIRECTION('',(0.E0,0.E0,-1.E0));
#3328=DIRECTION('',(-5.E-1,-8.660254037844E-1,0.E0));
#3329=AXIS2_PLACEMENT_3D('',#3326,#3327,#3328);
#3331=CURVE_STYLE('',#20,POSITIVE_LENGTH_MEASURE(2.E-2),#3);
#3332=PRESENTATION_STYLE_ASSIGNMENT((#3331));
#3333=STYLED_ITEM('',(#3332),#3330);
#3334=DIRECTION('',(8.660254037844E-1,-5.E-1,0.E0));
#3335=VECTOR('',#3334,3.608439182435E-2);
#3336=CARTESIAN_POINT('',(-6.25E-2,-3.608439182435E-2,2.601E-1));
#3337=LINE('',#3336,#3335);
#3338=CURVE_STYLE('',#20,POSITIVE_LENGTH_MEASURE(2.E-2),#3);
#3339=PRESENTATION_STYLE_ASSIGNMENT((#3338));
#3340=STYLED_ITEM('',(#3339),#3337);
#3341=CARTESIAN_POINT('',(0.E0,0.E0,2.601E-1));
#3342=DIRECTION('',(0.E0,0.E0,-1.E0));
#3343=DIRECTION('',(-5.E-1,8.660254037844E-1,0.E0));
#3344=AXIS2_PLACEMENT_3D('',#3341,#3342,#3343);
#3346=CURVE_STYLE('',#20,POSITIVE_LENGTH_MEASURE(2.E-2),#3);
#3347=PRESENTATION_STYLE_ASSIGNMENT((#3346));
#3348=STYLED_ITEM('',(#3347),#3345);
#3349=DIRECTION('',(-8.660254037844E-1,-5.E-1,0.E0));
#3350=VECTOR('',#3349,3.608439182435E-2);
#3351=CARTESIAN_POINT('',(0.E0,7.216878364870E-2,2.601E-1));
#3352=LINE('',#3351,#3350);
#3353=CURVE_STYLE('',#20,POSITIVE_LENGTH_MEASURE(2.E-2),#3);
#3354=PRESENTATION_STYLE_ASSIGNMENT((#3353));
#3355=STYLED_ITEM('',(#3354),#3352);
#3356=DIRECTION('',(-8.660254037844E-1,5.E-1,0.E0));
#3357=VECTOR('',#3356,3.608439182435E-2);
#3358=CARTESIAN_POINT('',(3.125E-2,5.412658773653E-2,2.601E-1));
#3359=LINE('',#3358,#3357);
#3360=CURVE_STYLE('',#20,POSITIVE_LENGTH_MEASURE(2.E-2),#3);
#3361=PRESENTATION_STYLE_ASSIGNMENT((#3360));
#3362=STYLED_ITEM('',(#3361),#3359);
#3363=CARTESIAN_POINT('',(0.E0,0.E0,2.601E-1));
#3364=DIRECTION('',(0.E0,0.E0,-1.E0));
#3365=DIRECTION('',(5.E-1,8.660254037844E-1,0.E0));
#3366=AXIS2_PLACEMENT_3D('',#3363,#3364,#3365);
#3368=CURVE_STYLE('',#20,POSITIVE_LENGTH_MEASURE(2.E-2),#3);
#3369=PRESENTATION_STYLE_ASSIGNMENT((#3368));
#3370=STYLED_ITEM('',(#3369),#3367);
#3371=DIRECTION('',(-8.660254037844E-1,5.E-1,0.E0));
#3372=VECTOR('',#3371,3.608439182435E-2);
#3373=CARTESIAN_POINT('',(6.25E-2,3.608439182435E-2,2.601E-1));
#3374=LINE('',#3373,#3372);
#3375=CURVE_STYLE('',#20,POSITIVE_LENGTH_MEASURE(2.E-2),#3);
#3376=PRESENTATION_STYLE_ASSIGNMENT((#3375));
#3377=STYLED_ITEM('',(#3376),#3374);
#3378=CARTESIAN_POINT('',(0.E0,0.E0,2.601E-1));
#3379=DIRECTION('',(0.E0,0.E0,-1.E0));
#3380=DIRECTION('',(1.E0,0.E0,0.E0));
#3381=AXIS2_PLACEMENT_3D('',#3378,#3379,#3380);
#3383=CURVE_STYLE('',#20,POSITIVE_LENGTH_MEASURE(2.E-2),#3);
#3384=PRESENTATION_STYLE_ASSIGNMENT((#3383));
#3385=STYLED_ITEM('',(#3384),#3382);
#3386=DIRECTION('',(8.660254037844E-1,5.E-1,0.E0));
#3387=VECTOR('',#3386,3.608439182435E-2);
#3388=CARTESIAN_POINT('',(3.125E-2,-5.412658773653E-2,2.601E-1));
#3389=LINE('',#3388,#3387);
#3390=CURVE_STYLE('',#20,POSITIVE_LENGTH_MEASURE(2.E-2),#3);
#3391=PRESENTATION_STYLE_ASSIGNMENT((#3390));
#3392=STYLED_ITEM('',(#3391),#3389);
#3393=CARTESIAN_POINT('',(-9.5E-2,0.E0,-1.6378125E-1));
#3394=CARTESIAN_POINT('',(-9.5E-2,0.E0,-1.676875E-1));
#3395=VERTEX_POINT('',#3393);
#3396=VERTEX_POINT('',#3394);
#3397=CARTESIAN_POINT('',(-9.5E-2,0.E0,-1.9503125E-1));
#3398=CARTESIAN_POINT('',(-9.5E-2,0.E0,-1.989375E-1));
#3399=VERTEX_POINT('',#3397);
#3400=VERTEX_POINT('',#3398);
#3401=VERTEX_POINT('',#2574);
#3402=VERTEX_POINT('',#2592);
#3403=CARTESIAN_POINT('',(9.5E-2,0.E0,-2.1065625E-1));
#3404=CARTESIAN_POINT('',(9.5E-2,0.E0,-2.145625E-1));
#3405=VERTEX_POINT('',#3403);
#3406=VERTEX_POINT('',#3404);
#3407=CARTESIAN_POINT('',(9.5E-2,0.E0,-2.4190625E-1));
#3408=CARTESIAN_POINT('',(9.5E-2,0.E0,-2.458125E-1));
#3409=VERTEX_POINT('',#3407);
#3410=VERTEX_POINT('',#3408);
#3411=CARTESIAN_POINT('',(-6.25E-2,3.608439182435E-2,2.601E-1));
#3412=CARTESIAN_POINT('',(-6.25E-2,3.608439182435E-2,3.005E-1));
#3413=VERTEX_POINT('',#3411);
#3414=VERTEX_POINT('',#3412);
#3415=VERTEX_POINT('',#1903);
#3416=VERTEX_POINT('',#1579);
#3417=VERTEX_POINT('',#1585);
#3418=VERTEX_POINT('',#2362);
#3419=VERTEX_POINT('',#2380);
#3420=CARTESIAN_POINT('',(7.753670910363E-2,5.489133575875E-2,
1.986772758664E-1));
#3421=CARTESIAN_POINT('',(1.601269705466E-2,9.364076854146E-2,
1.986772758664E-1));
#3422=VERTEX_POINT('',#3420);
#3423=VERTEX_POINT('',#3421);
#3424=CARTESIAN_POINT('',(-9.5475E-2,0.E0,1.995E-1));
#3425=CARTESIAN_POINT('',(-8.689897066617E-2,0.E0,1.846458814666E-1));
#3426=VERTEX_POINT('',#3424);
#3427=VERTEX_POINT('',#3425);
#3428=VERTEX_POINT('',#3104);
#3429=VERTEX_POINT('',#2998);
#3430=VERTEX_POINT('',#3016);
#3431=VERTEX_POINT('',#1520);
#3432=VERTEX_POINT('',#1527);
#3433=VERTEX_POINT('',#2892);
#3434=VERTEX_POINT('',#2910);
#3435=VERTEX_POINT('',#293);
#3436=VERTEX_POINT('',#309);
#3437=CARTESIAN_POINT('',(6.25E-2,0.E0,2.601E-1));
#3438=CARTESIAN_POINT('',(0.E0,0.E0,2.240156081756E-1));
#3439=VERTEX_POINT('',#3437);
#3440=VERTEX_POINT('',#3438);
#3441=CARTESIAN_POINT('',(-1.805E-1,0.E0,1.995E-1));
#3442=CARTESIAN_POINT('',(1.805E-1,0.E0,1.995E-1));
#3443=VERTEX_POINT('',#3441);
#3444=VERTEX_POINT('',#3442);
#3445=CARTESIAN_POINT('',(-7.469872870964E-2,0.E0,1.635144425333E-1));
#3446=VERTEX_POINT('',#3445);
#3447=VERTEX_POINT('',#2438);
#3448=VERTEX_POINT('',#2456);
#3449=CARTESIAN_POINT('',(3.125E-2,-5.412658773653E-2,2.601E-1));
#3450=CARTESIAN_POINT('',(6.25E-2,-3.608439182435E-2,2.601E-1));
#3451=VERTEX_POINT('',#3449);
#3452=VERTEX_POINT('',#3450);
#3453=CARTESIAN_POINT('',(0.E0,-7.216878364870E-2,2.601E-1));
#3454=VERTEX_POINT('',#3453);
#3455=CARTESIAN_POINT('',(-6.25E-2,-3.608439182435E-2,2.601E-1));
#3456=CARTESIAN_POINT('',(-3.125E-2,-5.412658773653E-2,2.601E-1));
#3457=VERTEX_POINT('',#3455);
#3458=VERTEX_POINT('',#3456);
#3459=VERTEX_POINT('',#2226);
#3460=VERTEX_POINT('',#2244);
#3461=VERTEX_POINT('',#2327);
#3462=CARTESIAN_POINT('',(7.15625E-2,0.E0,-3.005E-1));
#3463=CARTESIAN_POINT('',(-7.15625E-2,0.E0,-3.005E-1));
#3464=VERTEX_POINT('',#3462);
#3465=VERTEX_POINT('',#3463);
#3466=CARTESIAN_POINT('',(9.5E-2,0.E0,3.934375E-2));
#3467=CARTESIAN_POINT('',(9.5E-2,0.E0,3.54375E-2));
#3468=VERTEX_POINT('',#3466);
#3469=VERTEX_POINT('',#3467);
#3470=CARTESIAN_POINT('',(9.5E-2,0.E0,7.059375E-2));
#3471=CARTESIAN_POINT('',(9.5E-2,0.E0,6.66875E-2));
#3472=VERTEX_POINT('',#3470);
#3473=VERTEX_POINT('',#3471);
#3474=CARTESIAN_POINT('',(-6.25E-2,0.E0,2.601E-1));
#3475=CARTESIAN_POINT('',(-3.125E-2,5.412658773653E-2,2.601E-1));
#3476=VERTEX_POINT('',#3474);
#3477=VERTEX_POINT('',#3475);
#3478=CARTESIAN_POINT('',(9.5E-2,0.E0,-1.1690625E-1));
#3479=CARTESIAN_POINT('',(9.5E-2,0.E0,-1.208125E-1));
#3480=VERTEX_POINT('',#3478);
#3481=VERTEX_POINT('',#3479);
#3482=CARTESIAN_POINT('',(9.5475E-2,0.E0,1.995E-1));
#3483=VERTEX_POINT('',#3482);
#3484=CARTESIAN_POINT('',(6.25E-2,-3.608439182435E-2,3.005E-1));
#3485=CARTESIAN_POINT('',(0.E0,-7.216878364870E-2,3.005E-1));
#3486=VERTEX_POINT('',#3484);
#3487=VERTEX_POINT('',#3485);
#3488=VERTEX_POINT('',#888);
#3489=VERTEX_POINT('',#906);
#3490=VERTEX_POINT('',#2680);
#3491=VERTEX_POINT('',#2092);
#3492=VERTEX_POINT('',#3145);
#3493=VERTEX_POINT('',#3155);
#3494=CARTESIAN_POINT('',(-7.363381368123E-2,1.259148092332E-2,
1.635212111294E-1));
#3495=VERTEX_POINT('',#3494);
#3496=CARTESIAN_POINT('',(9.5E-2,0.E0,1.6434375E-1));
#3497=CARTESIAN_POINT('',(9.5E-2,0.E0,1.604375E-1));
#3498=VERTEX_POINT('',#3496);
#3499=VERTEX_POINT('',#3497);
#3500=VERTEX_POINT('',#1968);
#3501=VERTEX_POINT('',#2138);
#3502=CARTESIAN_POINT('',(9.5E-2,0.E0,1.291875E-1));
#3503=VERTEX_POINT('',#3502);
#3504=CARTESIAN_POINT('',(9.5E-2,0.E0,1.9559375E-1));
#3505=VERTEX_POINT('',#3504);
#3506=CARTESIAN_POINT('',(9.5E-2,0.E0,-1.520625E-1));
#3507=VERTEX_POINT('',#3506);
#3508=CARTESIAN_POINT('',(-9.5E-2,0.E0,-2.2628125E-1));
#3509=CARTESIAN_POINT('',(-9.5E-2,0.E0,-2.301875E-1));
#3510=VERTEX_POINT('',#3508);
#3511=VERTEX_POINT('',#3509);
#3512=CARTESIAN_POINT('',(-1.175360822559E-2,-7.377208565670E-2,
-2.973599704012E-1));
#3513=VERTEX_POINT('',#3512);
#3514=CARTESIAN_POINT('',(-9.5E-2,0.E0,5.10625E-2));
#3515=VERTEX_POINT('',#3514);
#3516=VERTEX_POINT('',#1539);
#3517=VERTEX_POINT('',#2986);
#3518=VERTEX_POINT('',#238);
#3519=CARTESIAN_POINT('',(3.125E-2,5.412658773653E-2,2.601E-1));
#3520=VERTEX_POINT('',#3519);
#3521=CARTESIAN_POINT('',(-9.5E-2,0.E0,-1.0128125E-1));
#3522=VERTEX_POINT('',#3521);
#3523=VERTEX_POINT('',#2256);
#3524=VERTEX_POINT('',#2274);
#3525=CARTESIAN_POINT('',(-9.5E-2,0.E0,1.7996875E-1));
#3526=VERTEX_POINT('',#3525);
#3527=VERTEX_POINT('',#2786);
#3528=CARTESIAN_POINT('',(9.5E-2,0.E0,-2.770625E-1));
#3529=VERTEX_POINT('',#3528);
#3530=VERTEX_POINT('',#2539);
#3531=VERTEX_POINT('',#2562);
#3532=VERTEX_POINT('',#34);
#3533=CARTESIAN_POINT('',(0.E0,8.75E-2,3.005E-1));
#3534=CARTESIAN_POINT('',(0.E0,-8.75E-2,3.005E-1));
#3535=VERTEX_POINT('',#3533);
#3536=VERTEX_POINT('',#3534);
#3537=CARTESIAN_POINT('',(-7.541502959880E-2,0.E0,1.647551120668E-1));
#3538=VERTEX_POINT('',#3537);
#3539=CARTESIAN_POINT('',(1.805E-1,0.E0,2.137857142857E-1));
#3540=CARTESIAN_POINT('',(0.E0,1.805E-1,2.137857142857E-1));
#3541=VERTEX_POINT('',#3539);
#3542=VERTEX_POINT('',#3540);
#3543=CARTESIAN_POINT('',(-9.5E-2,0.E0,8.23125E-2));
#3544=VERTEX_POINT('',#3543);
#3545=VERTEX_POINT('',#3205);
#3546=CARTESIAN_POINT('',(6.25E-2,3.608439182435E-2,2.601E-1));
#3547=VERTEX_POINT('',#3546);
#3548=CARTESIAN_POINT('',(9.5E-2,0.E0,-1.7940625E-1));
#3549=VERTEX_POINT('',#3548);
#3550=CARTESIAN_POINT('',(9.5E-2,0.E0,9.79375E-2));
#3551=VERTEX_POINT('',#3550);
#3552=VERTEX_POINT('',#2880);
#3553=VERTEX_POINT('',#2516);
#3554=VERTEX_POINT('',#2032);
#3555=CARTESIAN_POINT('',(7.216878364870E-2,0.E0,3.005E-1));
#3556=VERTEX_POINT('',#3555);
#3557=VERTEX_POINT('',#2415);
#3558=CARTESIAN_POINT('',(-9.5E-2,0.E0,-2.5753125E-1));
#3559=CARTESIAN_POINT('',(-9.5E-2,0.E0,-2.614375E-1));
#3560=VERTEX_POINT('',#3558);
#3561=VERTEX_POINT('',#3559);
#3562=CARTESIAN_POINT('',(-1.805E-1,0.E0,2.137857142857E-1));
#3563=VERTEX_POINT('',#3562);
#3564=CARTESIAN_POINT('',(0.E0,-1.805E-1,2.137857142857E-1));
#3565=VERTEX_POINT('',#3564);
#3566=CARTESIAN_POINT('',(0.E0,7.216878364870E-2,2.601E-1));
#3567=VERTEX_POINT('',#3566);
#3568=CARTESIAN_POINT('',(-8.75E-2,0.E0,3.005E-1));
#3569=VERTEX_POINT('',#3568);
#3570=VERTEX_POINT('',#2392);
#3571=CARTESIAN_POINT('',(-7.216878364870E-2,0.E0,3.005E-1));
#3572=VERTEX_POINT('',#3571);
#3573=VERTEX_POINT('',#3304);
#3574=CARTESIAN_POINT('',(-6.25E-2,-3.608439182435E-2,3.005E-1));
#3575=DIRECTION('',(5.E-1,8.660254037844E-1,0.E0));
#3576=DIRECTION('',(-8.660254037844E-1,5.E-1,0.E0));
#3577=AXIS2_PLACEMENT_3D('',#3574,#3575,#3576);
#3578=PLANE('',#3577);
#3580=ORIENTED_EDGE('',*,*,#3579,.T.);
#3582=ORIENTED_EDGE('',*,*,#3581,.F.);
#3584=ORIENTED_EDGE('',*,*,#3583,.T.);
#3586=ORIENTED_EDGE('',*,*,#3585,.T.);
#3588=ORIENTED_EDGE('',*,*,#3587,.T.);
#3589=EDGE_LOOP('',(#3580,#3582,#3584,#3586,#3588));
#3590=FACE_OUTER_BOUND('',#3589,.F.);
#3592=CARTESIAN_POINT('',(0.E0,0.E0,2.956664924513E-1));
#3593=DIRECTION('',(0.E0,0.E0,1.E0));
#3594=DIRECTION('',(1.E0,0.E0,0.E0));
#3595=AXIS2_PLACEMENT_3D('',#3592,#3593,#3594);
#3596=CONICAL_SURFACE('',#3595,6.733527610004E-2,4.5E1);
#3598=ORIENTED_EDGE('',*,*,#3597,.T.);
#3599=ORIENTED_EDGE('',*,*,#3579,.F.);
#3600=EDGE_LOOP('',(#3598,#3599));
#3601=FACE_OUTER_BOUND('',#3600,.F.);
#3603=CARTESIAN_POINT('',(0.E0,6.25E-2,3.005E-1));
#3604=DIRECTION('',(0.E0,0.E0,-1.E0));
#3605=DIRECTION('',(-1.E0,0.E0,0.E0));
#3606=AXIS2_PLACEMENT_3D('',#3603,#3604,#3605);
#3607=PLANE('',#3606);
#3609=ORIENTED_EDGE('',*,*,#3608,.T.);
#3611=ORIENTED_EDGE('',*,*,#3610,.T.);
#3613=ORIENTED_EDGE('',*,*,#3612,.T.);
#3614=EDGE_LOOP('',(#3609,#3611,#3613));
#3615=FACE_OUTER_BOUND('',#3614,.F.);
#3617=ORIENTED_EDGE('',*,*,#3616,.F.);
#3619=ORIENTED_EDGE('',*,*,#3618,.F.);
#3621=ORIENTED_EDGE('',*,*,#3620,.F.);
#3622=ORIENTED_EDGE('',*,*,#3597,.F.);
#3624=ORIENTED_EDGE('',*,*,#3623,.F.);
#3626=ORIENTED_EDGE('',*,*,#3625,.F.);
#3628=ORIENTED_EDGE('',*,*,#3627,.F.);
#3630=ORIENTED_EDGE('',*,*,#3629,.F.);
#3631=EDGE_LOOP('',(#3617,#3619,#3621,#3622,#3624,#3626,#3628,#3630));
#3632=FACE_BOUND('',#3631,.F.);
#3634=CARTESIAN_POINT('',(0.E0,0.E0,1.134295128265E-1));
#3635=DIRECTION('',(-1.E0,0.E0,0.E0));
#3636=DIRECTION('',(0.E0,1.E0,0.E0));
#3637=AXIS2_PLACEMENT_3D('',#3634,#3635,#3636);
#3638=SPHERICAL_SURFACE('',#3637,2.065226795568E-1);
#3640=ORIENTED_EDGE('',*,*,#3639,.F.);
#3642=ORIENTED_EDGE('',*,*,#3641,.F.);
#3643=ORIENTED_EDGE('',*,*,#3608,.F.);
#3644=ORIENTED_EDGE('',*,*,#3612,.F.);
#3646=ORIENTED_EDGE('',*,*,#3645,.T.);
#3648=ORIENTED_EDGE('',*,*,#3647,.F.);
#3649=EDGE_LOOP('',(#3640,#3642,#3643,#3644,#3646,#3648));
#3650=FACE_OUTER_BOUND('',#3649,.F.);
#3652=CARTESIAN_POINT('',(0.E0,0.E0,3.005E-1));
#3653=DIRECTION('',(0.E0,0.E0,1.E0));
#3654=DIRECTION('',(1.E0,0.E0,0.E0));
#3655=AXIS2_PLACEMENT_3D('',#3652,#3653,#3654);
#3656=CYLINDRICAL_SURFACE('',#3655,1.805E-1);
#3658=ORIENTED_EDGE('',*,*,#3657,.T.);
#3660=ORIENTED_EDGE('',*,*,#3659,.F.);
#3662=ORIENTED_EDGE('',*,*,#3661,.T.);
#3663=ORIENTED_EDGE('',*,*,#3639,.T.);
#3665=ORIENTED_EDGE('',*,*,#3664,.T.);
#3666=EDGE_LOOP('',(#3658,#3660,#3662,#3663,#3665));
#3667=FACE_OUTER_BOUND('',#3666,.F.);
#3669=CARTESIAN_POINT('',(1.805E-1,0.E0,1.995E-1));
#3670=DIRECTION('',(0.E0,0.E0,-1.E0));
#3671=DIRECTION('',(-1.E0,0.E0,0.E0));
#3672=AXIS2_PLACEMENT_3D('',#3669,#3670,#3671);
#3673=PLANE('',#3672);
#3674=ORIENTED_EDGE('',*,*,#3657,.F.);
#3676=ORIENTED_EDGE('',*,*,#3675,.F.);
#3677=EDGE_LOOP('',(#3674,#3676));
#3678=FACE_OUTER_BOUND('',#3677,.F.);
#3680=ORIENTED_EDGE('',*,*,#3679,.F.);
#3682=ORIENTED_EDGE('',*,*,#3681,.F.);
#3683=EDGE_LOOP('',(#3680,#3682));
#3684=FACE_BOUND('',#3683,.F.);
#3686=CARTESIAN_POINT('',(0.E0,0.E0,3.005E-1));
#3687=DIRECTION('',(0.E0,0.E0,1.E0));
#3688=DIRECTION('',(1.E0,0.E0,0.E0));
#3689=AXIS2_PLACEMENT_3D('',#3686,#3687,#3688);
#3690=CYLINDRICAL_SURFACE('',#3689,1.805E-1);
#3691=ORIENTED_EDGE('',*,*,#3664,.F.);
#3692=ORIENTED_EDGE('',*,*,#3647,.T.);
#3694=ORIENTED_EDGE('',*,*,#3693,.T.);
#3695=ORIENTED_EDGE('',*,*,#3659,.T.);
#3696=ORIENTED_EDGE('',*,*,#3675,.T.);
#3697=EDGE_LOOP('',(#3691,#3692,#3694,#3695,#3696));
#3698=FACE_OUTER_BOUND('',#3697,.F.);
#3700=CARTESIAN_POINT('',(0.E0,0.E0,1.134295128265E-1));
#3701=DIRECTION('',(-1.E0,0.E0,0.E0));
#3702=DIRECTION('',(0.E0,1.E0,0.E0));
#3703=AXIS2_PLACEMENT_3D('',#3700,#3701,#3702);
#3704=SPHERICAL_SURFACE('',#3703,2.065226795568E-1);
#3705=ORIENTED_EDGE('',*,*,#3645,.F.);
#3706=ORIENTED_EDGE('',*,*,#3610,.F.);
#3707=ORIENTED_EDGE('',*,*,#3641,.T.);
#3708=ORIENTED_EDGE('',*,*,#3661,.F.);
#3709=ORIENTED_EDGE('',*,*,#3693,.F.);
#3710=EDGE_LOOP('',(#3705,#3706,#3707,#3708,#3709));
#3711=FACE_OUTER_BOUND('',#3710,.F.);
#3713=CARTESIAN_POINT('',(0.E0,0.E0,1.862135657333E-1));
#3714=DIRECTION('',(0.E0,0.E0,1.E0));
#3715=DIRECTION('',(-1.E0,0.E0,0.E0));
#3716=AXIS2_PLACEMENT_3D('',#3713,#3714,#3715);
#3717=CONICAL_SURFACE('',#3716,8.780407359955E-2,3.E1);
#3719=ORIENTED_EDGE('',*,*,#3718,.F.);
#3721=ORIENTED_EDGE('',*,*,#3720,.F.);
#3723=ORIENTED_EDGE('',*,*,#3722,.F.);
#3725=ORIENTED_EDGE('',*,*,#3724,.F.);
#3727=ORIENTED_EDGE('',*,*,#3726,.F.);
#3728=ORIENTED_EDGE('',*,*,#3679,.T.);
#3730=ORIENTED_EDGE('',*,*,#3729,.T.);
#3732=ORIENTED_EDGE('',*,*,#3731,.F.);
#3733=EDGE_LOOP('',(#3719,#3721,#3723,#3725,#3727,#3728,#3730,#3732));
#3734=FACE_OUTER_BOUND('',#3733,.F.);
#3736=CARTESIAN_POINT('',(0.E0,0.E0,1.758532103247E-1));
#3737=DIRECTION('',(0.E0,0.E0,1.E0));
#3738=DIRECTION('',(-1.E0,0.E0,0.E0));
#3739=AXIS2_PLACEMENT_3D('',#3736,#3737,#3738);
#3740=CONICAL_SURFACE('',#3739,8.182251961551E-2,3.E1);
#3742=ORIENTED_EDGE('',*,*,#3741,.F.);
#3744=ORIENTED_EDGE('',*,*,#3743,.T.);
#3746=ORIENTED_EDGE('',*,*,#3745,.F.);
#3748=ORIENTED_EDGE('',*,*,#3747,.F.);
#3749=ORIENTED_EDGE('',*,*,#3718,.T.);
#3750=EDGE_LOOP('',(#3742,#3744,#3746,#3748,#3749));
#3751=FACE_OUTER_BOUND('',#3750,.F.);
#3753=CARTESIAN_POINT('',(3.430755808279E-2,-6.540194527498E-2,
-2.975993513800E-1));
#3754=CARTESIAN_POINT('',(3.771191646859E-2,-7.189181728240E-2,
-3.018306372661E-1));
#3755=CARTESIAN_POINT('',(4.111627485439E-2,-7.838168928982E-2,
-3.060619231521E-1));
#3756=CARTESIAN_POINT('',(4.452063324019E-2,-8.487156129725E-2,
-3.102932090382E-1));
#3757=CARTESIAN_POINT('',(3.749781308061E-2,-6.372664137984E-2,
-2.973471917061E-1));
#3758=CARTESIAN_POINT('',(4.121874227359E-2,-7.005027203455E-2,
-3.015784775922E-1));
#3759=CARTESIAN_POINT('',(4.493967146657E-2,-7.637390268925E-2,
-3.058097634783E-1));
#3760=CARTESIAN_POINT('',(4.866060065955E-2,-8.269753334395E-2,
-3.100410493644E-1));
#3761=CARTESIAN_POINT('',(4.387669967917E-2,-5.976257706216E-2,
-2.968388984876E-1));
#3762=CARTESIAN_POINT('',(4.823060939591E-2,-6.569285137336E-2,
-3.010701843737E-1));
#3763=CARTESIAN_POINT('',(5.258451911264E-2,-7.162312568456E-2,
-3.053014702598E-1));
#3764=CARTESIAN_POINT('',(5.693842882937E-2,-7.755339999577E-2,
-3.095327561458E-1));
#3765=CARTESIAN_POINT('',(5.311323479299E-2,-5.185949794848E-2,
-2.960472711999E-1));
#3766=CARTESIAN_POINT('',(5.838369111133E-2,-5.700554525089E-2,
-3.002785570860E-1));
#3767=CARTESIAN_POINT('',(6.365414742968E-2,-6.215159255330E-2,
-3.045098429721E-1));
#3768=CARTESIAN_POINT('',(6.892460374803E-2,-6.729763985571E-2,
-3.087411288582E-1));
#3769=CARTESIAN_POINT('',(6.168616218560E-2,-4.147442079587E-2,
-2.951716579265E-1));
#3770=CARTESIAN_POINT('',(6.780731493618E-2,-4.558995102078E-2,
-2.994029438126E-1));
#3771=CARTESIAN_POINT('',(7.392846768677E-2,-4.970548124569E-2,
-3.036342296987E-1));
#3772=CARTESIAN_POINT('',(8.004962043735E-2,-5.382101147060E-2,
-3.078655155848E-1));
#3773=CARTESIAN_POINT('',(6.869355460360E-2,-2.845380196443E-2,
-2.941520525380E-1));
#3774=CARTESIAN_POINT('',(7.551005486575E-2,-3.127728882093E-2,
-2.983833384241E-1));
#3775=CARTESIAN_POINT('',(8.232655512790E-2,-3.410077567743E-2,
-3.026146243102E-1));
#3776=CARTESIAN_POINT('',(8.914305539005E-2,-3.692426253394E-2,
-3.068459101963E-1));
#3777=CARTESIAN_POINT('',(7.294554777735E-2,-1.429185939627E-2,
-2.931324471496E-1));
#3778=CARTESIAN_POINT('',(8.018397572618E-2,-1.571004868467E-2,
-2.973637330357E-1));
#3779=CARTESIAN_POINT('',(8.742240367501E-2,-1.712823797308E-2,
-3.015950189218E-1));
#3780=CARTESIAN_POINT('',(9.466083162384E-2,-1.854642726148E-2,
-3.058263048079E-1));
#3781=CARTESIAN_POINT('',(7.431167201860E-2,0.E0,-2.921989275380E-1));
#3782=CARTESIAN_POINT('',(8.168566124828E-2,0.E0,-2.964302134241E-1));
#3783=CARTESIAN_POINT('',(8.905965047797E-2,0.E0,-3.006614993102E-1));
#3784=CARTESIAN_POINT('',(9.643363970765E-2,0.E0,-3.048927851963E-1));
#3785=CARTESIAN_POINT('',(7.294554777735E-2,1.429185939627E-2,
-2.912654079265E-1));
#3786=CARTESIAN_POINT('',(8.018397572618E-2,1.571004868467E-2,
-2.954966938126E-1));
#3787=CARTESIAN_POINT('',(8.742240367501E-2,1.712823797308E-2,
-2.997279796987E-1));
#3788=CARTESIAN_POINT('',(9.466083162384E-2,1.854642726148E-2,
-3.039592655848E-1));
#3789=CARTESIAN_POINT('',(6.869355460360E-2,2.845380196443E-2,
-2.902458025380E-1));
#3790=CARTESIAN_POINT('',(7.551005486575E-2,3.127728882093E-2,
-2.944770884241E-1));
#3791=CARTESIAN_POINT('',(8.232655512790E-2,3.410077567743E-2,
-2.987083743102E-1));
#3792=CARTESIAN_POINT('',(8.914305539005E-2,3.692426253394E-2,
-3.029396601963E-1));
#3793=CARTESIAN_POINT('',(6.168616218560E-2,4.147442079587E-2,
-2.892261971496E-1));
#3794=CARTESIAN_POINT('',(6.780731493618E-2,4.558995102078E-2,
-2.934574830357E-1));
#3795=CARTESIAN_POINT('',(7.392846768677E-2,4.970548124569E-2,
-2.976887689218E-1));
#3796=CARTESIAN_POINT('',(8.004962043735E-2,5.382101147060E-2,
-3.019200548079E-1));
#3797=CARTESIAN_POINT('',(5.254628720566E-2,5.254628720566E-2,
-2.882926775380E-1));
#3798=CARTESIAN_POINT('',(5.776048499437E-2,5.776048499437E-2,
-2.925239634241E-1));
#3799=CARTESIAN_POINT('',(6.297468278308E-2,6.297468278308E-2,
-2.967552493102E-1));
#3800=CARTESIAN_POINT('',(6.818888057178E-2,6.818888057178E-2,
-3.009865351963E-1));
#3801=CARTESIAN_POINT('',(4.147442079587E-2,6.168616218560E-2,
-2.873591579265E-1));
#3802=CARTESIAN_POINT('',(4.558995102078E-2,6.780731493618E-2,
-2.915904438126E-1));
#3803=CARTESIAN_POINT('',(4.970548124569E-2,7.392846768677E-2,
-2.958217296987E-1));
#3804=CARTESIAN_POINT('',(5.382101147060E-2,8.004962043735E-2,
-3.000530155848E-1));
#3805=CARTESIAN_POINT('',(2.845380196443E-2,6.869355460360E-2,
-2.863395525380E-1));
#3806=CARTESIAN_POINT('',(3.127728882093E-2,7.551005486575E-2,
-2.905708384241E-1));
#3807=CARTESIAN_POINT('',(3.410077567743E-2,8.232655512790E-2,
-2.948021243102E-1));
#3808=CARTESIAN_POINT('',(3.692426253394E-2,8.914305539005E-2,
-2.990334101963E-1));
#3809=CARTESIAN_POINT('',(1.429185939627E-2,7.294554777735E-2,
-2.853199471496E-1));
#3810=CARTESIAN_POINT('',(1.571004868467E-2,8.018397572618E-2,
-2.895512330357E-1));
#3811=CARTESIAN_POINT('',(1.712823797308E-2,8.742240367501E-2,
-2.937825189218E-1));
#3812=CARTESIAN_POINT('',(1.854642726148E-2,9.466083162384E-2,
-2.980138048079E-1));
#3813=CARTESIAN_POINT('',(0.E0,7.431167201860E-2,-2.843864275380E-1));
#3814=CARTESIAN_POINT('',(0.E0,8.168566124828E-2,-2.886177134241E-1));
#3815=CARTESIAN_POINT('',(0.E0,8.905965047797E-2,-2.928489993102E-1));
#3816=CARTESIAN_POINT('',(0.E0,9.643363970765E-2,-2.970802851963E-1));
#3817=CARTESIAN_POINT('',(-1.429185939627E-2,7.294554777735E-2,
-2.834529079265E-1));
#3818=CARTESIAN_POINT('',(-1.571004868467E-2,8.018397572618E-2,
-2.876841938126E-1));
#3819=CARTESIAN_POINT('',(-1.712823797308E-2,8.742240367501E-2,
-2.919154796987E-1));
#3820=CARTESIAN_POINT('',(-1.854642726148E-2,9.466083162384E-2,
-2.961467655848E-1));
#3821=CARTESIAN_POINT('',(-2.845380196443E-2,6.869355460360E-2,
-2.824333025380E-1));
#3822=CARTESIAN_POINT('',(-3.127728882093E-2,7.551005486575E-2,
-2.866645884241E-1));
#3823=CARTESIAN_POINT('',(-3.410077567743E-2,8.232655512790E-2,
-2.908958743102E-1));
#3824=CARTESIAN_POINT('',(-3.692426253394E-2,8.914305539005E-2,
-2.951271601963E-1));
#3825=CARTESIAN_POINT('',(-4.147442079587E-2,6.168616218560E-2,
-2.814136971496E-1));
#3826=CARTESIAN_POINT('',(-4.558995102078E-2,6.780731493618E-2,
-2.856449830357E-1));
#3827=CARTESIAN_POINT('',(-4.970548124569E-2,7.392846768677E-2,
-2.898762689218E-1));
#3828=CARTESIAN_POINT('',(-5.382101147060E-2,8.004962043736E-2,
-2.941075548079E-1));
#3829=CARTESIAN_POINT('',(-5.254628720566E-2,5.254628720566E-2,
-2.804801775380E-1));
#3830=CARTESIAN_POINT('',(-5.776048499437E-2,5.776048499437E-2,
-2.847114634241E-1));
#3831=CARTESIAN_POINT('',(-6.297468278308E-2,6.297468278308E-2,
-2.889427493102E-1));
#3832=CARTESIAN_POINT('',(-6.818888057178E-2,6.818888057178E-2,
-2.931740351963E-1));
#3833=CARTESIAN_POINT('',(-6.168616218560E-2,4.147442079587E-2,
-2.795466579265E-1));
#3834=CARTESIAN_POINT('',(-6.780731493618E-2,4.558995102078E-2,
-2.837779438126E-1));
#3835=CARTESIAN_POINT('',(-7.392846768677E-2,4.970548124569E-2,
-2.880092296987E-1));
#3836=CARTESIAN_POINT('',(-8.004962043735E-2,5.382101147060E-2,
-2.922405155848E-1));
#3837=CARTESIAN_POINT('',(-6.869355460360E-2,2.845380196443E-2,
-2.785270525380E-1));
#3838=CARTESIAN_POINT('',(-7.551005486575E-2,3.127728882093E-2,
-2.827583384241E-1));
#3839=CARTESIAN_POINT('',(-8.232655512790E-2,3.410077567743E-2,
-2.869896243102E-1));
#3840=CARTESIAN_POINT('',(-8.914305539005E-2,3.692426253394E-2,
-2.912209101963E-1));
#3841=CARTESIAN_POINT('',(-7.294554777735E-2,1.429185939627E-2,
-2.775074471496E-1));
#3842=CARTESIAN_POINT('',(-8.018397572618E-2,1.571004868467E-2,
-2.817387330357E-1));
#3843=CARTESIAN_POINT('',(-8.742240367501E-2,1.712823797308E-2,
-2.859700189218E-1));
#3844=CARTESIAN_POINT('',(-9.466083162384E-2,1.854642726148E-2,
-2.902013048079E-1));
#3845=CARTESIAN_POINT('',(-7.431167201860E-2,0.E0,-2.765739275380E-1));
#3846=CARTESIAN_POINT('',(-8.168566124828E-2,0.E0,-2.808052134241E-1));
#3847=CARTESIAN_POINT('',(-8.905965047797E-2,0.E0,-2.850364993102E-1));
#3848=CARTESIAN_POINT('',(-9.643363970765E-2,0.E0,-2.892677851963E-1));
#3849=CARTESIAN_POINT('',(-7.294554777735E-2,-1.429185939627E-2,
-2.756404079265E-1));
#3850=CARTESIAN_POINT('',(-8.018397572618E-2,-1.571004868467E-2,
-2.798716938126E-1));
#3851=CARTESIAN_POINT('',(-8.742240367501E-2,-1.712823797308E-2,
-2.841029796987E-1));
#3852=CARTESIAN_POINT('',(-9.466083162384E-2,-1.854642726148E-2,
-2.883342655848E-1));
#3853=CARTESIAN_POINT('',(-6.869355460360E-2,-2.845380196443E-2,
-2.746208025380E-1));
#3854=CARTESIAN_POINT('',(-7.551005486575E-2,-3.127728882093E-2,
-2.788520884241E-1));
#3855=CARTESIAN_POINT('',(-8.232655512790E-2,-3.410077567743E-2,
-2.830833743102E-1));
#3856=CARTESIAN_POINT('',(-8.914305539005E-2,-3.692426253394E-2,
-2.873146601963E-1));
#3857=CARTESIAN_POINT('',(-6.168616218560E-2,-4.147442079587E-2,
-2.736011971496E-1));
#3858=CARTESIAN_POINT('',(-6.780731493618E-2,-4.558995102078E-2,
-2.778324830357E-1));
#3859=CARTESIAN_POINT('',(-7.392846768677E-2,-4.970548124569E-2,
-2.820637689218E-1));
#3860=CARTESIAN_POINT('',(-8.004962043736E-2,-5.382101147060E-2,
-2.862950548079E-1));
#3861=CARTESIAN_POINT('',(-5.254628720566E-2,-5.254628720566E-2,
-2.726676775380E-1));
#3862=CARTESIAN_POINT('',(-5.776048499437E-2,-5.776048499437E-2,
-2.768989634241E-1));
#3863=CARTESIAN_POINT('',(-6.297468278308E-2,-6.297468278308E-2,
-2.811302493102E-1));
#3864=CARTESIAN_POINT('',(-6.818888057178E-2,-6.818888057178E-2,
-2.853615351963E-1));
#3865=CARTESIAN_POINT('',(-4.147442079587E-2,-6.168616218560E-2,
-2.717341579265E-1));
#3866=CARTESIAN_POINT('',(-4.558995102078E-2,-6.780731493618E-2,
-2.759654438126E-1));
#3867=CARTESIAN_POINT('',(-4.970548124569E-2,-7.392846768677E-2,
-2.801967296987E-1));
#3868=CARTESIAN_POINT('',(-5.382101147060E-2,-8.004962043735E-2,
-2.844280155848E-1));
#3869=CARTESIAN_POINT('',(-2.845380196443E-2,-6.869355460360E-2,
-2.707145525380E-1));
#3870=CARTESIAN_POINT('',(-3.127728882093E-2,-7.551005486575E-2,
-2.749458384241E-1));
#3871=CARTESIAN_POINT('',(-3.410077567743E-2,-8.232655512790E-2,
-2.791771243102E-1));
#3872=CARTESIAN_POINT('',(-3.692426253394E-2,-8.914305539005E-2,
-2.834084101963E-1));
#3873=CARTESIAN_POINT('',(-1.429185939627E-2,-7.294554777735E-2,
-2.696949471496E-1));
#3874=CARTESIAN_POINT('',(-1.571004868467E-2,-8.018397572618E-2,
-2.739262330357E-1));
#3875=CARTESIAN_POINT('',(-1.712823797308E-2,-8.742240367501E-2,
-2.781575189218E-1));
#3876=CARTESIAN_POINT('',(-1.854642726148E-2,-9.466083162384E-2,
-2.823888048079E-1));
#3877=CARTESIAN_POINT('',(0.E0,-7.431167201860E-2,-2.687614275380E-1));
#3878=CARTESIAN_POINT('',(0.E0,-8.168566124828E-2,-2.729927134241E-1));
#3879=CARTESIAN_POINT('',(0.E0,-8.905965047797E-2,-2.772239993102E-1));
#3880=CARTESIAN_POINT('',(0.E0,-9.643363970765E-2,-2.814552851963E-1));
#3881=CARTESIAN_POINT('',(1.429185939627E-2,-7.294554777735E-2,
-2.678279079265E-1));
#3882=CARTESIAN_POINT('',(1.571004868467E-2,-8.018397572618E-2,
-2.720591938126E-1));
#3883=CARTESIAN_POINT('',(1.712823797308E-2,-8.742240367501E-2,
-2.762904796987E-1));
#3884=CARTESIAN_POINT('',(1.854642726148E-2,-9.466083162384E-2,
-2.805217655848E-1));
#3885=CARTESIAN_POINT('',(2.845380196443E-2,-6.869355460360E-2,
-2.668083025380E-1));
#3886=CARTESIAN_POINT('',(3.127728882093E-2,-7.551005486575E-2,
-2.710395884241E-1));
#3887=CARTESIAN_POINT('',(3.410077567743E-2,-8.232655512790E-2,
-2.752708743102E-1));
#3888=CARTESIAN_POINT('',(3.692426253394E-2,-8.914305539005E-2,
-2.795021601963E-1));
#3889=CARTESIAN_POINT('',(4.147442079587E-2,-6.168616218560E-2,
-2.657886971496E-1));
#3890=CARTESIAN_POINT('',(4.558995102078E-2,-6.780731493618E-2,
-2.700199830357E-1));
#3891=CARTESIAN_POINT('',(4.970548124569E-2,-7.392846768677E-2,
-2.742512689218E-1));
#3892=CARTESIAN_POINT('',(5.382101147060E-2,-8.004962043736E-2,
-2.784825548079E-1));
#3893=CARTESIAN_POINT('',(5.254628720566E-2,-5.254628720566E-2,
-2.648551775380E-1));
#3894=CARTESIAN_POINT('',(5.776048499437E-2,-5.776048499437E-2,
-2.690864634241E-1));
#3895=CARTESIAN_POINT('',(6.297468278308E-2,-6.297468278308E-2,
-2.733177493102E-1));
#3896=CARTESIAN_POINT('',(6.818888057178E-2,-6.818888057178E-2,
-2.775490351963E-1));
#3897=CARTESIAN_POINT('',(6.168616218560E-2,-4.147442079587E-2,
-2.639216579265E-1));
#3898=CARTESIAN_POINT('',(6.780731493618E-2,-4.558995102078E-2,
-2.681529438126E-1));
#3899=CARTESIAN_POINT('',(7.392846768677E-2,-4.970548124569E-2,
-2.723842296987E-1));
#3900=CARTESIAN_POINT('',(8.004962043735E-2,-5.382101147060E-2,
-2.766155155848E-1));
#3901=CARTESIAN_POINT('',(6.869355460360E-2,-2.845380196443E-2,
-2.629020525380E-1));
#3902=CARTESIAN_POINT('',(7.551005486575E-2,-3.127728882093E-2,
-2.671333384241E-1));
#3903=CARTESIAN_POINT('',(8.232655512790E-2,-3.410077567743E-2,
-2.713646243102E-1));
#3904=CARTESIAN_POINT('',(8.914305539005E-2,-3.692426253394E-2,
-2.755959101963E-1));
#3905=CARTESIAN_POINT('',(7.294554777735E-2,-1.429185939627E-2,
-2.618824471496E-1));
#3906=CARTESIAN_POINT('',(8.018397572618E-2,-1.571004868467E-2,
-2.661137330357E-1));
#3907=CARTESIAN_POINT('',(8.742240367501E-2,-1.712823797308E-2,
-2.703450189218E-1));
#3908=CARTESIAN_POINT('',(9.466083162384E-2,-1.854642726148E-2,
-2.745763048079E-1));
#3909=CARTESIAN_POINT('',(7.431167201860E-2,0.E0,-2.609489275380E-1));
#3910=CARTESIAN_POINT('',(8.168566124828E-2,0.E0,-2.651802134241E-1));
#3911=CARTESIAN_POINT('',(8.905965047797E-2,0.E0,-2.694114993102E-1));
#3912=CARTESIAN_POINT('',(9.643363970765E-2,0.E0,-2.736427851963E-1));
#3913=CARTESIAN_POINT('',(7.294554777735E-2,1.429185939627E-2,
-2.600154079265E-1));
#3914=CARTESIAN_POINT('',(8.018397572618E-2,1.571004868467E-2,
-2.642466938126E-1));
#3915=CARTESIAN_POINT('',(8.742240367501E-2,1.712823797308E-2,
-2.684779796987E-1));
#3916=CARTESIAN_POINT('',(9.466083162384E-2,1.854642726148E-2,
-2.727092655848E-1));
#3917=CARTESIAN_POINT('',(6.869355460360E-2,2.845380196443E-2,
-2.589958025380E-1));
#3918=CARTESIAN_POINT('',(7.551005486575E-2,3.127728882093E-2,
-2.632270884241E-1));
#3919=CARTESIAN_POINT('',(8.232655512790E-2,3.410077567743E-2,
-2.674583743102E-1));
#3920=CARTESIAN_POINT('',(8.914305539005E-2,3.692426253394E-2,
-2.716896601963E-1));
#3921=CARTESIAN_POINT('',(6.168616218560E-2,4.147442079587E-2,
-2.579761971496E-1));
#3922=CARTESIAN_POINT('',(6.780731493618E-2,4.558995102078E-2,
-2.622074830357E-1));
#3923=CARTESIAN_POINT('',(7.392846768677E-2,4.970548124569E-2,
-2.664387689218E-1));
#3924=CARTESIAN_POINT('',(8.004962043735E-2,5.382101147060E-2,
-2.706700548079E-1));
#3925=CARTESIAN_POINT('',(5.254628720566E-2,5.254628720566E-2,
-2.570426775380E-1));
#3926=CARTESIAN_POINT('',(5.776048499437E-2,5.776048499437E-2,
-2.612739634241E-1));
#3927=CARTESIAN_POINT('',(6.297468278308E-2,6.297468278308E-2,
-2.655052493102E-1));
#3928=CARTESIAN_POINT('',(6.818888057178E-2,6.818888057178E-2,
-2.697365351963E-1));
#3929=CARTESIAN_POINT('',(4.147442079587E-2,6.168616218560E-2,
-2.561091579265E-1));
#3930=CARTESIAN_POINT('',(4.558995102078E-2,6.780731493618E-2,
-2.603404438126E-1));
#3931=CARTESIAN_POINT('',(4.970548124569E-2,7.392846768677E-2,
-2.645717296987E-1));
#3932=CARTESIAN_POINT('',(5.382101147060E-2,8.004962043735E-2,
-2.688030155848E-1));
#3933=CARTESIAN_POINT('',(2.845380196443E-2,6.869355460360E-2,
-2.550895525380E-1));
#3934=CARTESIAN_POINT('',(3.127728882093E-2,7.551005486575E-2,
-2.593208384241E-1));
#3935=CARTESIAN_POINT('',(3.410077567743E-2,8.232655512790E-2,
-2.635521243102E-1));
#3936=CARTESIAN_POINT('',(3.692426253394E-2,8.914305539005E-2,
-2.677834101963E-1));
#3937=CARTESIAN_POINT('',(1.429185939627E-2,7.294554777735E-2,
-2.540699471496E-1));
#3938=CARTESIAN_POINT('',(1.571004868467E-2,8.018397572618E-2,
-2.583012330357E-1));
#3939=CARTESIAN_POINT('',(1.712823797308E-2,8.742240367501E-2,
-2.625325189218E-1));
#3940=CARTESIAN_POINT('',(1.854642726148E-2,9.466083162384E-2,
-2.667638048079E-1));
#3941=CARTESIAN_POINT('',(0.E0,7.431167201860E-2,-2.531364275380E-1));
#3942=CARTESIAN_POINT('',(0.E0,8.168566124828E-2,-2.573677134241E-1));
#3943=CARTESIAN_POINT('',(0.E0,8.905965047797E-2,-2.615989993102E-1));
#3944=CARTESIAN_POINT('',(0.E0,9.643363970765E-2,-2.658302851963E-1));
#3945=CARTESIAN_POINT('',(-1.429185939627E-2,7.294554777735E-2,
-2.522029079265E-1));
#3946=CARTESIAN_POINT('',(-1.571004868467E-2,8.018397572618E-2,
-2.564341938126E-1));
#3947=CARTESIAN_POINT('',(-1.712823797308E-2,8.742240367501E-2,
-2.606654796987E-1));
#3948=CARTESIAN_POINT('',(-1.854642726148E-2,9.466083162384E-2,
-2.648967655848E-1));
#3949=CARTESIAN_POINT('',(-2.845380196443E-2,6.869355460360E-2,
-2.511833025380E-1));
#3950=CARTESIAN_POINT('',(-3.127728882093E-2,7.551005486575E-2,
-2.554145884241E-1));
#3951=CARTESIAN_POINT('',(-3.410077567743E-2,8.232655512790E-2,
-2.596458743102E-1));
#3952=CARTESIAN_POINT('',(-3.692426253394E-2,8.914305539005E-2,
-2.638771601963E-1));
#3953=CARTESIAN_POINT('',(-4.147442079587E-2,6.168616218560E-2,
-2.501636971496E-1));
#3954=CARTESIAN_POINT('',(-4.558995102078E-2,6.780731493618E-2,
-2.543949830357E-1));
#3955=CARTESIAN_POINT('',(-4.970548124569E-2,7.392846768677E-2,
-2.586262689218E-1));
#3956=CARTESIAN_POINT('',(-5.382101147060E-2,8.004962043735E-2,
-2.628575548079E-1));
#3957=CARTESIAN_POINT('',(-5.254628720566E-2,5.254628720566E-2,
-2.492301775380E-1));
#3958=CARTESIAN_POINT('',(-5.776048499437E-2,5.776048499437E-2,
-2.534614634241E-1));
#3959=CARTESIAN_POINT('',(-6.297468278308E-2,6.297468278308E-2,
-2.576927493102E-1));
#3960=CARTESIAN_POINT('',(-6.818888057178E-2,6.818888057178E-2,
-2.619240351963E-1));
#3961=CARTESIAN_POINT('',(-6.168616218560E-2,4.147442079587E-2,
-2.482966579265E-1));
#3962=CARTESIAN_POINT('',(-6.780731493618E-2,4.558995102078E-2,
-2.525279438126E-1));
#3963=CARTESIAN_POINT('',(-7.392846768677E-2,4.970548124569E-2,
-2.567592296987E-1));
#3964=CARTESIAN_POINT('',(-8.004962043735E-2,5.382101147060E-2,
-2.609905155848E-1));
#3965=CARTESIAN_POINT('',(-6.869355460360E-2,2.845380196443E-2,
-2.472770525380E-1));
#3966=CARTESIAN_POINT('',(-7.551005486575E-2,3.127728882093E-2,
-2.515083384241E-1));
#3967=CARTESIAN_POINT('',(-8.232655512790E-2,3.410077567743E-2,
-2.557396243102E-1));
#3968=CARTESIAN_POINT('',(-8.914305539005E-2,3.692426253394E-2,
-2.599709101963E-1));
#3969=CARTESIAN_POINT('',(-7.294554777735E-2,1.429185939627E-2,
-2.462574471496E-1));
#3970=CARTESIAN_POINT('',(-8.018397572618E-2,1.571004868467E-2,
-2.504887330357E-1));
#3971=CARTESIAN_POINT('',(-8.742240367501E-2,1.712823797308E-2,
-2.547200189218E-1));
#3972=CARTESIAN_POINT('',(-9.466083162384E-2,1.854642726148E-2,
-2.589513048079E-1));
#3973=CARTESIAN_POINT('',(-7.431167201860E-2,0.E0,-2.453239275380E-1));
#3974=CARTESIAN_POINT('',(-8.168566124828E-2,0.E0,-2.495552134241E-1));
#3975=CARTESIAN_POINT('',(-8.905965047797E-2,0.E0,-2.537864993102E-1));
#3976=CARTESIAN_POINT('',(-9.643363970765E-2,0.E0,-2.580177851963E-1));
#3977=CARTESIAN_POINT('',(-7.294554777735E-2,-1.429185939627E-2,
-2.443904079265E-1));
#3978=CARTESIAN_POINT('',(-8.018397572618E-2,-1.571004868467E-2,
-2.486216938126E-1));
#3979=CARTESIAN_POINT('',(-8.742240367501E-2,-1.712823797308E-2,
-2.528529796987E-1));
#3980=CARTESIAN_POINT('',(-9.466083162384E-2,-1.854642726148E-2,
-2.570842655848E-1));
#3981=CARTESIAN_POINT('',(-6.869355460360E-2,-2.845380196443E-2,
-2.433708025380E-1));
#3982=CARTESIAN_POINT('',(-7.551005486575E-2,-3.127728882093E-2,
-2.476020884241E-1));
#3983=CARTESIAN_POINT('',(-8.232655512790E-2,-3.410077567743E-2,
-2.518333743102E-1));
#3984=CARTESIAN_POINT('',(-8.914305539005E-2,-3.692426253394E-2,
-2.560646601963E-1));
#3985=CARTESIAN_POINT('',(-6.168616218560E-2,-4.147442079587E-2,
-2.423511971496E-1));
#3986=CARTESIAN_POINT('',(-6.780731493618E-2,-4.558995102078E-2,
-2.465824830357E-1));
#3987=CARTESIAN_POINT('',(-7.392846768677E-2,-4.970548124569E-2,
-2.508137689218E-1));
#3988=CARTESIAN_POINT('',(-8.004962043735E-2,-5.382101147060E-2,
-2.550450548079E-1));
#3989=CARTESIAN_POINT('',(-5.254628720566E-2,-5.254628720566E-2,
-2.414176775380E-1));
#3990=CARTESIAN_POINT('',(-5.776048499437E-2,-5.776048499437E-2,
-2.456489634241E-1));
#3991=CARTESIAN_POINT('',(-6.297468278308E-2,-6.297468278308E-2,
-2.498802493102E-1));
#3992=CARTESIAN_POINT('',(-6.818888057178E-2,-6.818888057178E-2,
-2.541115351963E-1));
#3993=CARTESIAN_POINT('',(-4.147442079587E-2,-6.168616218560E-2,
-2.404841579265E-1));
#3994=CARTESIAN_POINT('',(-4.558995102078E-2,-6.780731493618E-2,
-2.447154438126E-1));
#3995=CARTESIAN_POINT('',(-4.970548124569E-2,-7.392846768677E-2,
-2.489467296987E-1));
#3996=CARTESIAN_POINT('',(-5.382101147060E-2,-8.004962043735E-2,
-2.531780155848E-1));
#3997=CARTESIAN_POINT('',(-2.845380196443E-2,-6.869355460360E-2,
-2.394645525380E-1));
#3998=CARTESIAN_POINT('',(-3.127728882093E-2,-7.551005486575E-2,
-2.436958384241E-1));
#3999=CARTESIAN_POINT('',(-3.410077567743E-2,-8.232655512790E-2,
-2.479271243102E-1));
#4000=CARTESIAN_POINT('',(-3.692426253394E-2,-8.914305539005E-2,
-2.521584101963E-1));
#4001=CARTESIAN_POINT('',(-1.429185939627E-2,-7.294554777735E-2,
-2.384449471496E-1));
#4002=CARTESIAN_POINT('',(-1.571004868467E-2,-8.018397572618E-2,
-2.426762330357E-1));
#4003=CARTESIAN_POINT('',(-1.712823797308E-2,-8.742240367501E-2,
-2.469075189218E-1));
#4004=CARTESIAN_POINT('',(-1.854642726148E-2,-9.466083162384E-2,
-2.511388048079E-1));
#4005=CARTESIAN_POINT('',(0.E0,-7.431167201860E-2,-2.375114275380E-1));
#4006=CARTESIAN_POINT('',(0.E0,-8.168566124828E-2,-2.417427134241E-1));
#4007=CARTESIAN_POINT('',(0.E0,-8.905965047797E-2,-2.459739993102E-1));
#4008=CARTESIAN_POINT('',(0.E0,-9.643363970765E-2,-2.502052851963E-1));
#4009=CARTESIAN_POINT('',(1.429185939627E-2,-7.294554777735E-2,
-2.365779079265E-1));
#4010=CARTESIAN_POINT('',(1.571004868467E-2,-8.018397572618E-2,
-2.408091938126E-1));
#4011=CARTESIAN_POINT('',(1.712823797308E-2,-8.742240367501E-2,
-2.450404796987E-1));
#4012=CARTESIAN_POINT('',(1.854642726148E-2,-9.466083162384E-2,
-2.492717655848E-1));
#4013=CARTESIAN_POINT('',(2.845380196443E-2,-6.869355460360E-2,
-2.355583025380E-1));
#4014=CARTESIAN_POINT('',(3.127728882093E-2,-7.551005486575E-2,
-2.397895884241E-1));
#4015=CARTESIAN_POINT('',(3.410077567743E-2,-8.232655512790E-2,
-2.440208743102E-1));
#4016=CARTESIAN_POINT('',(3.692426253394E-2,-8.914305539005E-2,
-2.482521601963E-1));
#4017=CARTESIAN_POINT('',(4.147442079587E-2,-6.168616218560E-2,
-2.345386971496E-1));
#4018=CARTESIAN_POINT('',(4.558995102078E-2,-6.780731493618E-2,
-2.387699830357E-1));
#4019=CARTESIAN_POINT('',(4.970548124569E-2,-7.392846768677E-2,
-2.430012689218E-1));
#4020=CARTESIAN_POINT('',(5.382101147060E-2,-8.004962043735E-2,
-2.472325548079E-1));
#4021=CARTESIAN_POINT('',(5.254628720566E-2,-5.254628720566E-2,
-2.336051775380E-1));
#4022=CARTESIAN_POINT('',(5.776048499437E-2,-5.776048499437E-2,
-2.378364634241E-1));
#4023=CARTESIAN_POINT('',(6.297468278308E-2,-6.297468278308E-2,
-2.420677493102E-1));
#4024=CARTESIAN_POINT('',(6.818888057178E-2,-6.818888057178E-2,
-2.462990351963E-1));
#4025=CARTESIAN_POINT('',(6.168616218560E-2,-4.147442079587E-2,
-2.326716579265E-1));
#4026=CARTESIAN_POINT('',(6.780731493618E-2,-4.558995102078E-2,
-2.369029438126E-1));
#4027=CARTESIAN_POINT('',(7.392846768677E-2,-4.970548124569E-2,
-2.411342296987E-1));
#4028=CARTESIAN_POINT('',(8.004962043735E-2,-5.382101147060E-2,
-2.453655155848E-1));
#4029=CARTESIAN_POINT('',(6.869355460360E-2,-2.845380196443E-2,
-2.316520525380E-1));
#4030=CARTESIAN_POINT('',(7.551005486575E-2,-3.127728882093E-2,
-2.358833384241E-1));
#4031=CARTESIAN_POINT('',(8.232655512790E-2,-3.410077567743E-2,
-2.401146243102E-1));
#4032=CARTESIAN_POINT('',(8.914305539005E-2,-3.692426253394E-2,
-2.443459101963E-1));
#4033=CARTESIAN_POINT('',(7.294554777735E-2,-1.429185939627E-2,
-2.306324471496E-1));
#4034=CARTESIAN_POINT('',(8.018397572618E-2,-1.571004868467E-2,
-2.348637330357E-1));
#4035=CARTESIAN_POINT('',(8.742240367501E-2,-1.712823797308E-2,
-2.390950189218E-1));
#4036=CARTESIAN_POINT('',(9.466083162384E-2,-1.854642726148E-2,
-2.433263048079E-1));
#4037=CARTESIAN_POINT('',(7.431167201860E-2,0.E0,-2.296989275380E-1));
#4038=CARTESIAN_POINT('',(8.168566124828E-2,0.E0,-2.339302134241E-1));
#4039=CARTESIAN_POINT('',(8.905965047797E-2,0.E0,-2.381614993102E-1));
#4040=CARTESIAN_POINT('',(9.643363970765E-2,0.E0,-2.423927851963E-1));
#4041=CARTESIAN_POINT('',(7.294554777735E-2,1.429185939627E-2,
-2.287654079265E-1));
#4042=CARTESIAN_POINT('',(8.018397572618E-2,1.571004868467E-2,
-2.329966938126E-1));
#4043=CARTESIAN_POINT('',(8.742240367501E-2,1.712823797308E-2,
-2.372279796987E-1));
#4044=CARTESIAN_POINT('',(9.466083162384E-2,1.854642726148E-2,
-2.414592655848E-1));
#4045=CARTESIAN_POINT('',(6.869355460360E-2,2.845380196443E-2,
-2.277458025380E-1));
#4046=CARTESIAN_POINT('',(7.551005486575E-2,3.127728882093E-2,
-2.319770884241E-1));
#4047=CARTESIAN_POINT('',(8.232655512790E-2,3.410077567743E-2,
-2.362083743102E-1));
#4048=CARTESIAN_POINT('',(8.914305539005E-2,3.692426253394E-2,
-2.404396601963E-1));
#4049=CARTESIAN_POINT('',(6.168616218560E-2,4.147442079587E-2,
-2.267261971496E-1));
#4050=CARTESIAN_POINT('',(6.780731493618E-2,4.558995102078E-2,
-2.309574830357E-1));
#4051=CARTESIAN_POINT('',(7.392846768677E-2,4.970548124569E-2,
-2.351887689218E-1));
#4052=CARTESIAN_POINT('',(8.004962043735E-2,5.382101147060E-2,
-2.394200548079E-1));
#4053=CARTESIAN_POINT('',(5.254628720566E-2,5.254628720566E-2,
-2.257926775380E-1));
#4054=CARTESIAN_POINT('',(5.776048499437E-2,5.776048499437E-2,
-2.300239634241E-1));
#4055=CARTESIAN_POINT('',(6.297468278308E-2,6.297468278308E-2,
-2.342552493102E-1));
#4056=CARTESIAN_POINT('',(6.818888057178E-2,6.818888057178E-2,
-2.384865351963E-1));
#4057=CARTESIAN_POINT('',(4.147442079587E-2,6.168616218560E-2,
-2.248591579265E-1));
#4058=CARTESIAN_POINT('',(4.558995102078E-2,6.780731493618E-2,
-2.290904438126E-1));
#4059=CARTESIAN_POINT('',(4.970548124569E-2,7.392846768677E-2,
-2.333217296987E-1));
#4060=CARTESIAN_POINT('',(5.382101147060E-2,8.004962043736E-2,
-2.375530155848E-1));
#4061=CARTESIAN_POINT('',(2.845380196443E-2,6.869355460360E-2,
-2.238395525380E-1));
#4062=CARTESIAN_POINT('',(3.127728882093E-2,7.551005486575E-2,
-2.280708384241E-1));
#4063=CARTESIAN_POINT('',(3.410077567743E-2,8.232655512790E-2,
-2.323021243102E-1));
#4064=CARTESIAN_POINT('',(3.692426253394E-2,8.914305539005E-2,
-2.365334101963E-1));
#4065=CARTESIAN_POINT('',(1.429185939627E-2,7.294554777735E-2,
-2.228199471496E-1));
#4066=CARTESIAN_POINT('',(1.571004868467E-2,8.018397572618E-2,
-2.270512330357E-1));
#4067=CARTESIAN_POINT('',(1.712823797308E-2,8.742240367501E-2,
-2.312825189218E-1));
#4068=CARTESIAN_POINT('',(1.854642726148E-2,9.466083162384E-2,
-2.355138048079E-1));
#4069=CARTESIAN_POINT('',(0.E0,7.431167201860E-2,-2.218864275380E-1));
#4070=CARTESIAN_POINT('',(0.E0,8.168566124828E-2,-2.261177134241E-1));
#4071=CARTESIAN_POINT('',(0.E0,8.905965047797E-2,-2.303489993102E-1));
#4072=CARTESIAN_POINT('',(0.E0,9.643363970765E-2,-2.345802851963E-1));
#4073=CARTESIAN_POINT('',(-1.429185939627E-2,7.294554777735E-2,
-2.209529079265E-1));
#4074=CARTESIAN_POINT('',(-1.571004868467E-2,8.018397572618E-2,
-2.251841938126E-1));
#4075=CARTESIAN_POINT('',(-1.712823797308E-2,8.742240367501E-2,
-2.294154796987E-1));
#4076=CARTESIAN_POINT('',(-1.854642726148E-2,9.466083162384E-2,
-2.336467655848E-1));
#4077=CARTESIAN_POINT('',(-2.845380196443E-2,6.869355460360E-2,
-2.199333025380E-1));
#4078=CARTESIAN_POINT('',(-3.127728882093E-2,7.551005486575E-2,
-2.241645884241E-1));
#4079=CARTESIAN_POINT('',(-3.410077567743E-2,8.232655512790E-2,
-2.283958743102E-1));
#4080=CARTESIAN_POINT('',(-3.692426253394E-2,8.914305539005E-2,
-2.326271601963E-1));
#4081=CARTESIAN_POINT('',(-4.147442079587E-2,6.168616218560E-2,
-2.189136971496E-1));
#4082=CARTESIAN_POINT('',(-4.558995102078E-2,6.780731493618E-2,
-2.231449830357E-1));
#4083=CARTESIAN_POINT('',(-4.970548124569E-2,7.392846768677E-2,
-2.273762689218E-1));
#4084=CARTESIAN_POINT('',(-5.382101147060E-2,8.004962043735E-2,
-2.316075548079E-1));
#4085=CARTESIAN_POINT('',(-5.254628720566E-2,5.254628720566E-2,
-2.179801775380E-1));
#4086=CARTESIAN_POINT('',(-5.776048499437E-2,5.776048499437E-2,
-2.222114634241E-1));
#4087=CARTESIAN_POINT('',(-6.297468278308E-2,6.297468278308E-2,
-2.264427493102E-1));
#4088=CARTESIAN_POINT('',(-6.818888057178E-2,6.818888057178E-2,
-2.306740351963E-1));
#4089=CARTESIAN_POINT('',(-6.168616218560E-2,4.147442079587E-2,
-2.170466579265E-1));
#4090=CARTESIAN_POINT('',(-6.780731493618E-2,4.558995102078E-2,
-2.212779438126E-1));
#4091=CARTESIAN_POINT('',(-7.392846768677E-2,4.970548124569E-2,
-2.255092296987E-1));
#4092=CARTESIAN_POINT('',(-8.004962043736E-2,5.382101147060E-2,
-2.297405155848E-1));
#4093=CARTESIAN_POINT('',(-6.869355460360E-2,2.845380196443E-2,
-2.160270525380E-1));
#4094=CARTESIAN_POINT('',(-7.551005486575E-2,3.127728882093E-2,
-2.202583384241E-1));
#4095=CARTESIAN_POINT('',(-8.232655512790E-2,3.410077567743E-2,
-2.244896243102E-1));
#4096=CARTESIAN_POINT('',(-8.914305539005E-2,3.692426253394E-2,
-2.287209101963E-1));
#4097=CARTESIAN_POINT('',(-7.294554777735E-2,1.429185939627E-2,
-2.150074471496E-1));
#4098=CARTESIAN_POINT('',(-8.018397572618E-2,1.571004868467E-2,
-2.192387330357E-1));
#4099=CARTESIAN_POINT('',(-8.742240367501E-2,1.712823797308E-2,
-2.234700189218E-1));
#4100=CARTESIAN_POINT('',(-9.466083162384E-2,1.854642726148E-2,
-2.277013048079E-1));
#4101=CARTESIAN_POINT('',(-7.431167201860E-2,0.E0,-2.140739275380E-1));
#4102=CARTESIAN_POINT('',(-8.168566124828E-2,0.E0,-2.183052134241E-1));
#4103=CARTESIAN_POINT('',(-8.905965047797E-2,0.E0,-2.225364993102E-1));
#4104=CARTESIAN_POINT('',(-9.643363970765E-2,0.E0,-2.267677851963E-1));
#4105=CARTESIAN_POINT('',(-7.294554777735E-2,-1.429185939627E-2,
-2.131404079265E-1));
#4106=CARTESIAN_POINT('',(-8.018397572618E-2,-1.571004868467E-2,
-2.173716938126E-1));
#4107=CARTESIAN_POINT('',(-8.742240367501E-2,-1.712823797308E-2,
-2.216029796987E-1));
#4108=CARTESIAN_POINT('',(-9.466083162384E-2,-1.854642726148E-2,
-2.258342655848E-1));
#4109=CARTESIAN_POINT('',(-6.869355460360E-2,-2.845380196443E-2,
-2.121208025380E-1));
#4110=CARTESIAN_POINT('',(-7.551005486575E-2,-3.127728882093E-2,
-2.163520884241E-1));
#4111=CARTESIAN_POINT('',(-8.232655512790E-2,-3.410077567743E-2,
-2.205833743102E-1));
#4112=CARTESIAN_POINT('',(-8.914305539005E-2,-3.692426253394E-2,
-2.248146601963E-1));
#4113=CARTESIAN_POINT('',(-6.168616218560E-2,-4.147442079587E-2,
-2.111011971496E-1));
#4114=CARTESIAN_POINT('',(-6.780731493618E-2,-4.558995102078E-2,
-2.153324830357E-1));
#4115=CARTESIAN_POINT('',(-7.392846768677E-2,-4.970548124569E-2,
-2.195637689218E-1));
#4116=CARTESIAN_POINT('',(-8.004962043736E-2,-5.382101147060E-2,
-2.237950548079E-1));
#4117=CARTESIAN_POINT('',(-5.254628720566E-2,-5.254628720566E-2,
-2.101676775380E-1));
#4118=CARTESIAN_POINT('',(-5.776048499437E-2,-5.776048499437E-2,
-2.143989634241E-1));
#4119=CARTESIAN_POINT('',(-6.297468278308E-2,-6.297468278308E-2,
-2.186302493102E-1));
#4120=CARTESIAN_POINT('',(-6.818888057178E-2,-6.818888057178E-2,
-2.228615351963E-1));
#4121=CARTESIAN_POINT('',(-4.147442079587E-2,-6.168616218560E-2,
-2.092341579265E-1));
#4122=CARTESIAN_POINT('',(-4.558995102078E-2,-6.780731493618E-2,
-2.134654438126E-1));
#4123=CARTESIAN_POINT('',(-4.970548124569E-2,-7.392846768677E-2,
-2.176967296987E-1));
#4124=CARTESIAN_POINT('',(-5.382101147060E-2,-8.004962043736E-2,
-2.219280155848E-1));
#4125=CARTESIAN_POINT('',(-2.845380196443E-2,-6.869355460360E-2,
-2.082145525380E-1));
#4126=CARTESIAN_POINT('',(-3.127728882093E-2,-7.551005486575E-2,
-2.124458384241E-1));
#4127=CARTESIAN_POINT('',(-3.410077567743E-2,-8.232655512790E-2,
-2.166771243102E-1));
#4128=CARTESIAN_POINT('',(-3.692426253394E-2,-8.914305539005E-2,
-2.209084101963E-1));
#4129=CARTESIAN_POINT('',(-1.429185939627E-2,-7.294554777735E-2,
-2.071949471496E-1));
#4130=CARTESIAN_POINT('',(-1.571004868467E-2,-8.018397572618E-2,
-2.114262330357E-1));
#4131=CARTESIAN_POINT('',(-1.712823797308E-2,-8.742240367501E-2,
-2.156575189218E-1));
#4132=CARTESIAN_POINT('',(-1.854642726148E-2,-9.466083162384E-2,
-2.198888048079E-1));
#4133=CARTESIAN_POINT('',(0.E0,-7.431167201860E-2,-2.062614275380E-1));
#4134=CARTESIAN_POINT('',(0.E0,-8.168566124828E-2,-2.104927134241E-1));
#4135=CARTESIAN_POINT('',(0.E0,-8.905965047797E-2,-2.147239993102E-1));
#4136=CARTESIAN_POINT('',(0.E0,-9.643363970765E-2,-2.189552851963E-1));
#4137=CARTESIAN_POINT('',(1.429185939627E-2,-7.294554777735E-2,
-2.053279079265E-1));
#4138=CARTESIAN_POINT('',(1.571004868467E-2,-8.018397572618E-2,
-2.095591938126E-1));
#4139=CARTESIAN_POINT('',(1.712823797308E-2,-8.742240367501E-2,
-2.137904796987E-1));
#4140=CARTESIAN_POINT('',(1.854642726148E-2,-9.466083162384E-2,
-2.180217655848E-1));
#4141=CARTESIAN_POINT('',(2.845380196443E-2,-6.869355460360E-2,
-2.043083025380E-1));
#4142=CARTESIAN_POINT('',(3.127728882093E-2,-7.551005486575E-2,
-2.085395884241E-1));
#4143=CARTESIAN_POINT('',(3.410077567743E-2,-8.232655512790E-2,
-2.127708743102E-1));
#4144=CARTESIAN_POINT('',(3.692426253394E-2,-8.914305539005E-2,
-2.170021601963E-1));
#4145=CARTESIAN_POINT('',(4.147442079587E-2,-6.168616218560E-2,
-2.032886971496E-1));
#4146=CARTESIAN_POINT('',(4.558995102078E-2,-6.780731493618E-2,
-2.075199830357E-1));
#4147=CARTESIAN_POINT('',(4.970548124569E-2,-7.392846768677E-2,
-2.117512689218E-1));
#4148=CARTESIAN_POINT('',(5.382101147060E-2,-8.004962043736E-2,
-2.159825548079E-1));
#4149=CARTESIAN_POINT('',(5.254628720566E-2,-5.254628720566E-2,
-2.023551775380E-1));
#4150=CARTESIAN_POINT('',(5.776048499437E-2,-5.776048499437E-2,
-2.065864634241E-1));
#4151=CARTESIAN_POINT('',(6.297468278308E-2,-6.297468278308E-2,
-2.108177493102E-1));
#4152=CARTESIAN_POINT('',(6.818888057178E-2,-6.818888057178E-2,
-2.150490351963E-1));
#4153=CARTESIAN_POINT('',(6.168616218560E-2,-4.147442079587E-2,
-2.014216579265E-1));
#4154=CARTESIAN_POINT('',(6.780731493618E-2,-4.558995102078E-2,
-2.056529438126E-1));
#4155=CARTESIAN_POINT('',(7.392846768677E-2,-4.970548124569E-2,
-2.098842296987E-1));
#4156=CARTESIAN_POINT('',(8.004962043736E-2,-5.382101147060E-2,
-2.141155155848E-1));
#4157=CARTESIAN_POINT('',(6.869355460360E-2,-2.845380196443E-2,
-2.004020525380E-1));
#4158=CARTESIAN_POINT('',(7.551005486575E-2,-3.127728882093E-2,
-2.046333384241E-1));
#4159=CARTESIAN_POINT('',(8.232655512790E-2,-3.410077567743E-2,
-2.088646243102E-1));
#4160=CARTESIAN_POINT('',(8.914305539005E-2,-3.692426253394E-2,
-2.130959101963E-1));
#4161=CARTESIAN_POINT('',(7.294554777735E-2,-1.429185939627E-2,
-1.993824471496E-1));
#4162=CARTESIAN_POINT('',(8.018397572618E-2,-1.571004868467E-2,
-2.036137330357E-1));
#4163=CARTESIAN_POINT('',(8.742240367501E-2,-1.712823797308E-2,
-2.078450189218E-1));
#4164=CARTESIAN_POINT('',(9.466083162384E-2,-1.854642726148E-2,
-2.120763048079E-1));
#4165=CARTESIAN_POINT('',(7.431167201860E-2,0.E0,-1.984489275380E-1));
#4166=CARTESIAN_POINT('',(8.168566124828E-2,0.E0,-2.026802134241E-1));
#4167=CARTESIAN_POINT('',(8.905965047797E-2,0.E0,-2.069114993102E-1));
#4168=CARTESIAN_POINT('',(9.643363970765E-2,0.E0,-2.111427851963E-1));
#4169=CARTESIAN_POINT('',(7.294554777735E-2,1.429185939627E-2,
-1.975154079265E-1));
#4170=CARTESIAN_POINT('',(8.018397572618E-2,1.571004868467E-2,
-2.017466938126E-1));
#4171=CARTESIAN_POINT('',(8.742240367501E-2,1.712823797308E-2,
-2.059779796987E-1));
#4172=CARTESIAN_POINT('',(9.466083162384E-2,1.854642726148E-2,
-2.102092655848E-1));
#4173=CARTESIAN_POINT('',(6.869355460360E-2,2.845380196443E-2,
-1.964958025380E-1));
#4174=CARTESIAN_POINT('',(7.551005486575E-2,3.127728882093E-2,
-2.007270884241E-1));
#4175=CARTESIAN_POINT('',(8.232655512790E-2,3.410077567743E-2,
-2.049583743102E-1));
#4176=CARTESIAN_POINT('',(8.914305539005E-2,3.692426253394E-2,
-2.091896601963E-1));
#4177=CARTESIAN_POINT('',(6.168616218560E-2,4.147442079587E-2,
-1.954761971496E-1));
#4178=CARTESIAN_POINT('',(6.780731493618E-2,4.558995102078E-2,
-1.997074830357E-1));
#4179=CARTESIAN_POINT('',(7.392846768677E-2,4.970548124569E-2,
-2.039387689218E-1));
#4180=CARTESIAN_POINT('',(8.004962043736E-2,5.382101147060E-2,
-2.081700548079E-1));
#4181=CARTESIAN_POINT('',(5.254628720566E-2,5.254628720566E-2,
-1.945426775380E-1));
#4182=CARTESIAN_POINT('',(5.776048499437E-2,5.776048499437E-2,
-1.987739634241E-1));
#4183=CARTESIAN_POINT('',(6.297468278308E-2,6.297468278308E-2,
-2.030052493102E-1));
#4184=CARTESIAN_POINT('',(6.818888057178E-2,6.818888057178E-2,
-2.072365351963E-1));
#4185=CARTESIAN_POINT('',(4.147442079587E-2,6.168616218560E-2,
-1.936091579265E-1));
#4186=CARTESIAN_POINT('',(4.558995102078E-2,6.780731493618E-2,
-1.978404438126E-1));
#4187=CARTESIAN_POINT('',(4.970548124569E-2,7.392846768677E-2,
-2.020717296987E-1));
#4188=CARTESIAN_POINT('',(5.382101147060E-2,8.004962043736E-2,
-2.063030155848E-1));
#4189=CARTESIAN_POINT('',(2.845380196443E-2,6.869355460360E-2,
-1.925895525380E-1));
#4190=CARTESIAN_POINT('',(3.127728882093E-2,7.551005486575E-2,
-1.968208384241E-1));
#4191=CARTESIAN_POINT('',(3.410077567743E-2,8.232655512790E-2,
-2.010521243102E-1));
#4192=CARTESIAN_POINT('',(3.692426253394E-2,8.914305539005E-2,
-2.052834101963E-1));
#4193=CARTESIAN_POINT('',(1.429185939627E-2,7.294554777735E-2,
-1.915699471496E-1));
#4194=CARTESIAN_POINT('',(1.571004868467E-2,8.018397572618E-2,
-1.958012330357E-1));
#4195=CARTESIAN_POINT('',(1.712823797308E-2,8.742240367501E-2,
-2.000325189218E-1));
#4196=CARTESIAN_POINT('',(1.854642726148E-2,9.466083162384E-2,
-2.042638048079E-1));
#4197=CARTESIAN_POINT('',(0.E0,7.431167201860E-2,-1.906364275380E-1));
#4198=CARTESIAN_POINT('',(0.E0,8.168566124828E-2,-1.948677134241E-1));
#4199=CARTESIAN_POINT('',(0.E0,8.905965047797E-2,-1.990989993102E-1));
#4200=CARTESIAN_POINT('',(0.E0,9.643363970765E-2,-2.033302851963E-1));
#4201=CARTESIAN_POINT('',(-1.429185939627E-2,7.294554777735E-2,
-1.897029079265E-1));
#4202=CARTESIAN_POINT('',(-1.571004868467E-2,8.018397572618E-2,
-1.939341938126E-1));
#4203=CARTESIAN_POINT('',(-1.712823797308E-2,8.742240367501E-2,
-1.981654796987E-1));
#4204=CARTESIAN_POINT('',(-1.854642726148E-2,9.466083162384E-2,
-2.023967655848E-1));
#4205=CARTESIAN_POINT('',(-2.845380196443E-2,6.869355460360E-2,
-1.886833025380E-1));
#4206=CARTESIAN_POINT('',(-3.127728882093E-2,7.551005486575E-2,
-1.929145884241E-1));
#4207=CARTESIAN_POINT('',(-3.410077567743E-2,8.232655512790E-2,
-1.971458743102E-1));
#4208=CARTESIAN_POINT('',(-3.692426253394E-2,8.914305539005E-2,
-2.013771601963E-1));
#4209=CARTESIAN_POINT('',(-4.147442079587E-2,6.168616218560E-2,
-1.876636971496E-1));
#4210=CARTESIAN_POINT('',(-4.558995102078E-2,6.780731493618E-2,
-1.918949830357E-1));
#4211=CARTESIAN_POINT('',(-4.970548124569E-2,7.392846768677E-2,
-1.961262689218E-1));
#4212=CARTESIAN_POINT('',(-5.382101147060E-2,8.004962043735E-2,
-2.003575548079E-1));
#4213=CARTESIAN_POINT('',(-5.254628720566E-2,5.254628720566E-2,
-1.867301775380E-1));
#4214=CARTESIAN_POINT('',(-5.776048499437E-2,5.776048499437E-2,
-1.909614634241E-1));
#4215=CARTESIAN_POINT('',(-6.297468278308E-2,6.297468278308E-2,
-1.951927493102E-1));
#4216=CARTESIAN_POINT('',(-6.818888057178E-2,6.818888057178E-2,
-1.994240351963E-1));
#4217=CARTESIAN_POINT('',(-6.168616218560E-2,4.147442079587E-2,
-1.857966579265E-1));
#4218=CARTESIAN_POINT('',(-6.780731493618E-2,4.558995102078E-2,
-1.900279438126E-1));
#4219=CARTESIAN_POINT('',(-7.392846768677E-2,4.970548124569E-2,
-1.942592296987E-1));
#4220=CARTESIAN_POINT('',(-8.004962043736E-2,5.382101147060E-2,
-1.984905155848E-1));
#4221=CARTESIAN_POINT('',(-6.869355460360E-2,2.845380196443E-2,
-1.847770525380E-1));
#4222=CARTESIAN_POINT('',(-7.551005486575E-2,3.127728882093E-2,
-1.890083384241E-1));
#4223=CARTESIAN_POINT('',(-8.232655512790E-2,3.410077567743E-2,
-1.932396243102E-1));
#4224=CARTESIAN_POINT('',(-8.914305539005E-2,3.692426253394E-2,
-1.974709101963E-1));
#4225=CARTESIAN_POINT('',(-7.294554777735E-2,1.429185939627E-2,
-1.837574471496E-1));
#4226=CARTESIAN_POINT('',(-8.018397572618E-2,1.571004868467E-2,
-1.879887330357E-1));
#4227=CARTESIAN_POINT('',(-8.742240367501E-2,1.712823797308E-2,
-1.922200189218E-1));
#4228=CARTESIAN_POINT('',(-9.466083162384E-2,1.854642726148E-2,
-1.964513048079E-1));
#4229=CARTESIAN_POINT('',(-7.431167201860E-2,0.E0,-1.828239275380E-1));
#4230=CARTESIAN_POINT('',(-8.168566124828E-2,0.E0,-1.870552134241E-1));
#4231=CARTESIAN_POINT('',(-8.905965047797E-2,0.E0,-1.912864993102E-1));
#4232=CARTESIAN_POINT('',(-9.643363970765E-2,0.E0,-1.955177851963E-1));
#4233=CARTESIAN_POINT('',(-7.294554777735E-2,-1.429185939627E-2,
-1.818904079265E-1));
#4234=CARTESIAN_POINT('',(-8.018397572618E-2,-1.571004868467E-2,
-1.861216938126E-1));
#4235=CARTESIAN_POINT('',(-8.742240367501E-2,-1.712823797308E-2,
-1.903529796987E-1));
#4236=CARTESIAN_POINT('',(-9.466083162384E-2,-1.854642726148E-2,
-1.945842655848E-1));
#4237=CARTESIAN_POINT('',(-6.869355460360E-2,-2.845380196443E-2,
-1.808708025380E-1));
#4238=CARTESIAN_POINT('',(-7.551005486575E-2,-3.127728882093E-2,
-1.851020884241E-1));
#4239=CARTESIAN_POINT('',(-8.232655512790E-2,-3.410077567743E-2,
-1.893333743102E-1));
#4240=CARTESIAN_POINT('',(-8.914305539005E-2,-3.692426253394E-2,
-1.935646601963E-1));
#4241=CARTESIAN_POINT('',(-6.168616218560E-2,-4.147442079587E-2,
-1.798511971496E-1));
#4242=CARTESIAN_POINT('',(-6.780731493618E-2,-4.558995102078E-2,
-1.840824830357E-1));
#4243=CARTESIAN_POINT('',(-7.392846768677E-2,-4.970548124569E-2,
-1.883137689218E-1));
#4244=CARTESIAN_POINT('',(-8.004962043735E-2,-5.382101147060E-2,
-1.925450548079E-1));
#4245=CARTESIAN_POINT('',(-5.254628720566E-2,-5.254628720566E-2,
-1.789176775380E-1));
#4246=CARTESIAN_POINT('',(-5.776048499437E-2,-5.776048499437E-2,
-1.831489634241E-1));
#4247=CARTESIAN_POINT('',(-6.297468278308E-2,-6.297468278308E-2,
-1.873802493102E-1));
#4248=CARTESIAN_POINT('',(-6.818888057178E-2,-6.818888057178E-2,
-1.916115351963E-1));
#4249=CARTESIAN_POINT('',(-4.147442079587E-2,-6.168616218560E-2,
-1.779841579265E-1));
#4250=CARTESIAN_POINT('',(-4.558995102078E-2,-6.780731493618E-2,
-1.822154438126E-1));
#4251=CARTESIAN_POINT('',(-4.970548124569E-2,-7.392846768677E-2,
-1.864467296987E-1));
#4252=CARTESIAN_POINT('',(-5.382101147060E-2,-8.004962043735E-2,
-1.906780155848E-1));
#4253=CARTESIAN_POINT('',(-2.845380196443E-2,-6.869355460360E-2,
-1.769645525380E-1));
#4254=CARTESIAN_POINT('',(-3.127728882093E-2,-7.551005486575E-2,
-1.811958384241E-1));
#4255=CARTESIAN_POINT('',(-3.410077567743E-2,-8.232655512790E-2,
-1.854271243102E-1));
#4256=CARTESIAN_POINT('',(-3.692426253394E-2,-8.914305539005E-2,
-1.896584101963E-1));
#4257=CARTESIAN_POINT('',(-1.429185939627E-2,-7.294554777735E-2,
-1.759449471496E-1));
#4258=CARTESIAN_POINT('',(-1.571004868467E-2,-8.018397572618E-2,
-1.801762330357E-1));
#4259=CARTESIAN_POINT('',(-1.712823797308E-2,-8.742240367501E-2,
-1.844075189218E-1));
#4260=CARTESIAN_POINT('',(-1.854642726148E-2,-9.466083162384E-2,
-1.886388048079E-1));
#4261=CARTESIAN_POINT('',(0.E0,-7.431167201860E-2,-1.750114275380E-1));
#4262=CARTESIAN_POINT('',(0.E0,-8.168566124828E-2,-1.792427134241E-1));
#4263=CARTESIAN_POINT('',(0.E0,-8.905965047797E-2,-1.834739993102E-1));
#4264=CARTESIAN_POINT('',(0.E0,-9.643363970765E-2,-1.877052851963E-1));
#4265=CARTESIAN_POINT('',(1.429185939627E-2,-7.294554777735E-2,
-1.740779079265E-1));
#4266=CARTESIAN_POINT('',(1.571004868467E-2,-8.018397572618E-2,
-1.783091938126E-1));
#4267=CARTESIAN_POINT('',(1.712823797308E-2,-8.742240367501E-2,
-1.825404796987E-1));
#4268=CARTESIAN_POINT('',(1.854642726148E-2,-9.466083162384E-2,
-1.867717655848E-1));
#4269=CARTESIAN_POINT('',(2.845380196443E-2,-6.869355460360E-2,
-1.730583025380E-1));
#4270=CARTESIAN_POINT('',(3.127728882093E-2,-7.551005486575E-2,
-1.772895884241E-1));
#4271=CARTESIAN_POINT('',(3.410077567743E-2,-8.232655512790E-2,
-1.815208743102E-1));
#4272=CARTESIAN_POINT('',(3.692426253394E-2,-8.914305539005E-2,
-1.857521601963E-1));
#4273=CARTESIAN_POINT('',(4.147442079587E-2,-6.168616218560E-2,
-1.720386971496E-1));
#4274=CARTESIAN_POINT('',(4.558995102078E-2,-6.780731493618E-2,
-1.762699830357E-1));
#4275=CARTESIAN_POINT('',(4.970548124569E-2,-7.392846768677E-2,
-1.805012689218E-1));
#4276=CARTESIAN_POINT('',(5.382101147060E-2,-8.004962043735E-2,
-1.847325548079E-1));
#4277=CARTESIAN_POINT('',(5.254628720566E-2,-5.254628720566E-2,
-1.711051775380E-1));
#4278=CARTESIAN_POINT('',(5.776048499437E-2,-5.776048499437E-2,
-1.753364634241E-1));
#4279=CARTESIAN_POINT('',(6.297468278308E-2,-6.297468278308E-2,
-1.795677493102E-1));
#4280=CARTESIAN_POINT('',(6.818888057178E-2,-6.818888057178E-2,
-1.837990351963E-1));
#4281=CARTESIAN_POINT('',(6.168616218560E-2,-4.147442079587E-2,
-1.701716579265E-1));
#4282=CARTESIAN_POINT('',(6.780731493618E-2,-4.558995102078E-2,
-1.744029438126E-1));
#4283=CARTESIAN_POINT('',(7.392846768677E-2,-4.970548124569E-2,
-1.786342296987E-1));
#4284=CARTESIAN_POINT('',(8.004962043736E-2,-5.382101147060E-2,
-1.828655155848E-1));
#4285=CARTESIAN_POINT('',(6.869355460360E-2,-2.845380196443E-2,
-1.691520525380E-1));
#4286=CARTESIAN_POINT('',(7.551005486575E-2,-3.127728882093E-2,
-1.733833384241E-1));
#4287=CARTESIAN_POINT('',(8.232655512790E-2,-3.410077567743E-2,
-1.776146243102E-1));
#4288=CARTESIAN_POINT('',(8.914305539005E-2,-3.692426253394E-2,
-1.818459101963E-1));
#4289=CARTESIAN_POINT('',(7.294554777735E-2,-1.429185939627E-2,
-1.681324471496E-1));
#4290=CARTESIAN_POINT('',(8.018397572618E-2,-1.571004868467E-2,
-1.723637330357E-1));
#4291=CARTESIAN_POINT('',(8.742240367501E-2,-1.712823797308E-2,
-1.765950189218E-1));
#4292=CARTESIAN_POINT('',(9.466083162384E-2,-1.854642726148E-2,
-1.808263048079E-1));
#4293=CARTESIAN_POINT('',(7.431167201860E-2,0.E0,-1.671989275380E-1));
#4294=CARTESIAN_POINT('',(8.168566124828E-2,0.E0,-1.714302134241E-1));
#4295=CARTESIAN_POINT('',(8.905965047797E-2,0.E0,-1.756614993102E-1));
#4296=CARTESIAN_POINT('',(9.643363970765E-2,0.E0,-1.798927851963E-1));
#4297=CARTESIAN_POINT('',(7.294554777735E-2,1.429185939627E-2,
-1.662654079265E-1));
#4298=CARTESIAN_POINT('',(8.018397572618E-2,1.571004868467E-2,
-1.704966938126E-1));
#4299=CARTESIAN_POINT('',(8.742240367501E-2,1.712823797308E-2,
-1.747279796987E-1));
#4300=CARTESIAN_POINT('',(9.466083162384E-2,1.854642726148E-2,
-1.789592655848E-1));
#4301=CARTESIAN_POINT('',(6.869355460360E-2,2.845380196443E-2,
-1.652458025380E-1));
#4302=CARTESIAN_POINT('',(7.551005486575E-2,3.127728882093E-2,
-1.694770884241E-1));
#4303=CARTESIAN_POINT('',(8.232655512790E-2,3.410077567743E-2,
-1.737083743102E-1));
#4304=CARTESIAN_POINT('',(8.914305539005E-2,3.692426253394E-2,
-1.779396601963E-1));
#4305=CARTESIAN_POINT('',(6.168616218560E-2,4.147442079587E-2,
-1.642261971496E-1));
#4306=CARTESIAN_POINT('',(6.780731493618E-2,4.558995102078E-2,
-1.684574830357E-1));
#4307=CARTESIAN_POINT('',(7.392846768677E-2,4.970548124569E-2,
-1.726887689218E-1));
#4308=CARTESIAN_POINT('',(8.004962043735E-2,5.382101147060E-2,
-1.769200548079E-1));
#4309=CARTESIAN_POINT('',(5.254628720566E-2,5.254628720566E-2,
-1.632926775380E-1));
#4310=CARTESIAN_POINT('',(5.776048499437E-2,5.776048499437E-2,
-1.675239634241E-1));
#4311=CARTESIAN_POINT('',(6.297468278308E-2,6.297468278308E-2,
-1.717552493102E-1));
#4312=CARTESIAN_POINT('',(6.818888057178E-2,6.818888057178E-2,
-1.759865351963E-1));
#4313=CARTESIAN_POINT('',(4.147442079587E-2,6.168616218560E-2,
-1.623591579265E-1));
#4314=CARTESIAN_POINT('',(4.558995102078E-2,6.780731493618E-2,
-1.665904438126E-1));
#4315=CARTESIAN_POINT('',(4.970548124569E-2,7.392846768677E-2,
-1.708217296987E-1));
#4316=CARTESIAN_POINT('',(5.382101147060E-2,8.004962043735E-2,
-1.750530155848E-1));
#4317=CARTESIAN_POINT('',(2.845380196443E-2,6.869355460360E-2,
-1.613395525380E-1));
#4318=CARTESIAN_POINT('',(3.127728882093E-2,7.551005486575E-2,
-1.655708384241E-1));
#4319=CARTESIAN_POINT('',(3.410077567743E-2,8.232655512790E-2,
-1.698021243102E-1));
#4320=CARTESIAN_POINT('',(3.692426253394E-2,8.914305539005E-2,
-1.740334101963E-1));
#4321=CARTESIAN_POINT('',(1.429185939627E-2,7.294554777735E-2,
-1.603199471496E-1));
#4322=CARTESIAN_POINT('',(1.571004868467E-2,8.018397572618E-2,
-1.645512330357E-1));
#4323=CARTESIAN_POINT('',(1.712823797308E-2,8.742240367501E-2,
-1.687825189218E-1));
#4324=CARTESIAN_POINT('',(1.854642726148E-2,9.466083162384E-2,
-1.730138048079E-1));
#4325=CARTESIAN_POINT('',(0.E0,7.431167201860E-2,-1.593864275380E-1));
#4326=CARTESIAN_POINT('',(0.E0,8.168566124828E-2,-1.636177134241E-1));
#4327=CARTESIAN_POINT('',(0.E0,8.905965047797E-2,-1.678489993102E-1));
#4328=CARTESIAN_POINT('',(0.E0,9.643363970765E-2,-1.720802851963E-1));
#4329=CARTESIAN_POINT('',(-1.429185939627E-2,7.294554777735E-2,
-1.584529079265E-1));
#4330=CARTESIAN_POINT('',(-1.571004868467E-2,8.018397572618E-2,
-1.626841938126E-1));
#4331=CARTESIAN_POINT('',(-1.712823797308E-2,8.742240367501E-2,
-1.669154796987E-1));
#4332=CARTESIAN_POINT('',(-1.854642726148E-2,9.466083162384E-2,
-1.711467655848E-1));
#4333=CARTESIAN_POINT('',(-2.845380196443E-2,6.869355460360E-2,
-1.574333025380E-1));
#4334=CARTESIAN_POINT('',(-3.127728882093E-2,7.551005486575E-2,
-1.616645884241E-1));
#4335=CARTESIAN_POINT('',(-3.410077567743E-2,8.232655512790E-2,
-1.658958743102E-1));
#4336=CARTESIAN_POINT('',(-3.692426253394E-2,8.914305539005E-2,
-1.701271601963E-1));
#4337=CARTESIAN_POINT('',(-4.147442079587E-2,6.168616218560E-2,
-1.564136971496E-1));
#4338=CARTESIAN_POINT('',(-4.558995102078E-2,6.780731493618E-2,
-1.606449830357E-1));
#4339=CARTESIAN_POINT('',(-4.970548124569E-2,7.392846768677E-2,
-1.648762689218E-1));
#4340=CARTESIAN_POINT('',(-5.382101147060E-2,8.004962043736E-2,
-1.691075548079E-1));
#4341=CARTESIAN_POINT('',(-5.254628720566E-2,5.254628720566E-2,
-1.554801775380E-1));
#4342=CARTESIAN_POINT('',(-5.776048499437E-2,5.776048499437E-2,
-1.597114634241E-1));
#4343=CARTESIAN_POINT('',(-6.297468278308E-2,6.297468278308E-2,
-1.639427493102E-1));
#4344=CARTESIAN_POINT('',(-6.818888057178E-2,6.818888057178E-2,
-1.681740351963E-1));
#4345=CARTESIAN_POINT('',(-6.168616218560E-2,4.147442079587E-2,
-1.545466579265E-1));
#4346=CARTESIAN_POINT('',(-6.780731493618E-2,4.558995102078E-2,
-1.587779438126E-1));
#4347=CARTESIAN_POINT('',(-7.392846768677E-2,4.970548124569E-2,
-1.630092296987E-1));
#4348=CARTESIAN_POINT('',(-8.004962043736E-2,5.382101147060E-2,
-1.672405155848E-1));
#4349=CARTESIAN_POINT('',(-6.869355460360E-2,2.845380196443E-2,
-1.535270525380E-1));
#4350=CARTESIAN_POINT('',(-7.551005486575E-2,3.127728882093E-2,
-1.577583384241E-1));
#4351=CARTESIAN_POINT('',(-8.232655512790E-2,3.410077567743E-2,
-1.619896243102E-1));
#4352=CARTESIAN_POINT('',(-8.914305539005E-2,3.692426253394E-2,
-1.662209101963E-1));
#4353=CARTESIAN_POINT('',(-7.294554777735E-2,1.429185939627E-2,
-1.525074471496E-1));
#4354=CARTESIAN_POINT('',(-8.018397572618E-2,1.571004868467E-2,
-1.567387330357E-1));
#4355=CARTESIAN_POINT('',(-8.742240367501E-2,1.712823797308E-2,
-1.609700189218E-1));
#4356=CARTESIAN_POINT('',(-9.466083162384E-2,1.854642726148E-2,
-1.652013048079E-1));
#4357=CARTESIAN_POINT('',(-7.431167201860E-2,0.E0,-1.515739275380E-1));
#4358=CARTESIAN_POINT('',(-8.168566124828E-2,0.E0,-1.558052134241E-1));
#4359=CARTESIAN_POINT('',(-8.905965047797E-2,0.E0,-1.600364993102E-1));
#4360=CARTESIAN_POINT('',(-9.643363970765E-2,0.E0,-1.642677851963E-1));
#4361=CARTESIAN_POINT('',(-7.294554777735E-2,-1.429185939627E-2,
-1.506404079265E-1));
#4362=CARTESIAN_POINT('',(-8.018397572618E-2,-1.571004868467E-2,
-1.548716938126E-1));
#4363=CARTESIAN_POINT('',(-8.742240367501E-2,-1.712823797308E-2,
-1.591029796987E-1));
#4364=CARTESIAN_POINT('',(-9.466083162384E-2,-1.854642726148E-2,
-1.633342655848E-1));
#4365=CARTESIAN_POINT('',(-6.869355460360E-2,-2.845380196443E-2,
-1.496208025380E-1));
#4366=CARTESIAN_POINT('',(-7.551005486575E-2,-3.127728882093E-2,
-1.538520884241E-1));
#4367=CARTESIAN_POINT('',(-8.232655512790E-2,-3.410077567743E-2,
-1.580833743102E-1));
#4368=CARTESIAN_POINT('',(-8.914305539005E-2,-3.692426253394E-2,
-1.623146601963E-1));
#4369=CARTESIAN_POINT('',(-6.168616218560E-2,-4.147442079587E-2,
-1.486011971496E-1));
#4370=CARTESIAN_POINT('',(-6.780731493618E-2,-4.558995102078E-2,
-1.528324830357E-1));
#4371=CARTESIAN_POINT('',(-7.392846768677E-2,-4.970548124569E-2,
-1.570637689218E-1));
#4372=CARTESIAN_POINT('',(-8.004962043735E-2,-5.382101147060E-2,
-1.612950548079E-1));
#4373=CARTESIAN_POINT('',(-5.254628720566E-2,-5.254628720566E-2,
-1.476676775380E-1));
#4374=CARTESIAN_POINT('',(-5.776048499437E-2,-5.776048499437E-2,
-1.518989634241E-1));
#4375=CARTESIAN_POINT('',(-6.297468278308E-2,-6.297468278308E-2,
-1.561302493102E-1));
#4376=CARTESIAN_POINT('',(-6.818888057178E-2,-6.818888057178E-2,
-1.603615351963E-1));
#4377=CARTESIAN_POINT('',(-4.147442079587E-2,-6.168616218560E-2,
-1.467341579265E-1));
#4378=CARTESIAN_POINT('',(-4.558995102078E-2,-6.780731493618E-2,
-1.509654438126E-1));
#4379=CARTESIAN_POINT('',(-4.970548124569E-2,-7.392846768677E-2,
-1.551967296987E-1));
#4380=CARTESIAN_POINT('',(-5.382101147060E-2,-8.004962043735E-2,
-1.594280155848E-1));
#4381=CARTESIAN_POINT('',(-2.845380196443E-2,-6.869355460360E-2,
-1.457145525380E-1));
#4382=CARTESIAN_POINT('',(-3.127728882093E-2,-7.551005486575E-2,
-1.499458384241E-1));
#4383=CARTESIAN_POINT('',(-3.410077567743E-2,-8.232655512790E-2,
-1.541771243102E-1));
#4384=CARTESIAN_POINT('',(-3.692426253394E-2,-8.914305539005E-2,
-1.584084101963E-1));
#4385=CARTESIAN_POINT('',(-1.429185939627E-2,-7.294554777735E-2,
-1.446949471496E-1));
#4386=CARTESIAN_POINT('',(-1.571004868467E-2,-8.018397572618E-2,
-1.489262330357E-1));
#4387=CARTESIAN_POINT('',(-1.712823797308E-2,-8.742240367501E-2,
-1.531575189218E-1));
#4388=CARTESIAN_POINT('',(-1.854642726148E-2,-9.466083162384E-2,
-1.573888048079E-1));
#4389=CARTESIAN_POINT('',(0.E0,-7.431167201860E-2,-1.437614275380E-1));
#4390=CARTESIAN_POINT('',(0.E0,-8.168566124828E-2,-1.479927134241E-1));
#4391=CARTESIAN_POINT('',(0.E0,-8.905965047797E-2,-1.522239993102E-1));
#4392=CARTESIAN_POINT('',(0.E0,-9.643363970765E-2,-1.564552851963E-1));
#4393=CARTESIAN_POINT('',(1.429185939627E-2,-7.294554777735E-2,
-1.428279079265E-1));
#4394=CARTESIAN_POINT('',(1.571004868467E-2,-8.018397572618E-2,
-1.470591938126E-1));
#4395=CARTESIAN_POINT('',(1.712823797308E-2,-8.742240367501E-2,
-1.512904796987E-1));
#4396=CARTESIAN_POINT('',(1.854642726148E-2,-9.466083162384E-2,
-1.555217655848E-1));
#4397=CARTESIAN_POINT('',(2.845380196443E-2,-6.869355460360E-2,
-1.418083025380E-1));
#4398=CARTESIAN_POINT('',(3.127728882093E-2,-7.551005486575E-2,
-1.460395884241E-1));
#4399=CARTESIAN_POINT('',(3.410077567743E-2,-8.232655512790E-2,
-1.502708743102E-1));
#4400=CARTESIAN_POINT('',(3.692426253394E-2,-8.914305539005E-2,
-1.545021601963E-1));
#4401=CARTESIAN_POINT('',(4.147442079587E-2,-6.168616218560E-2,
-1.407886971496E-1));
#4402=CARTESIAN_POINT('',(4.558995102078E-2,-6.780731493618E-2,
-1.450199830357E-1));
#4403=CARTESIAN_POINT('',(4.970548124569E-2,-7.392846768677E-2,
-1.492512689218E-1));
#4404=CARTESIAN_POINT('',(5.382101147060E-2,-8.004962043736E-2,
-1.534825548079E-1));
#4405=CARTESIAN_POINT('',(5.254628720566E-2,-5.254628720566E-2,
-1.398551775380E-1));
#4406=CARTESIAN_POINT('',(5.776048499437E-2,-5.776048499437E-2,
-1.440864634241E-1));
#4407=CARTESIAN_POINT('',(6.297468278308E-2,-6.297468278308E-2,
-1.483177493102E-1));
#4408=CARTESIAN_POINT('',(6.818888057178E-2,-6.818888057178E-2,
-1.525490351963E-1));
#4409=CARTESIAN_POINT('',(6.168616218560E-2,-4.147442079587E-2,
-1.389216579265E-1));
#4410=CARTESIAN_POINT('',(6.780731493618E-2,-4.558995102078E-2,
-1.431529438126E-1));
#4411=CARTESIAN_POINT('',(7.392846768677E-2,-4.970548124569E-2,
-1.473842296987E-1));
#4412=CARTESIAN_POINT('',(8.004962043736E-2,-5.382101147060E-2,
-1.516155155848E-1));
#4413=CARTESIAN_POINT('',(6.869355460360E-2,-2.845380196443E-2,
-1.379020525380E-1));
#4414=CARTESIAN_POINT('',(7.551005486575E-2,-3.127728882093E-2,
-1.421333384241E-1));
#4415=CARTESIAN_POINT('',(8.232655512790E-2,-3.410077567743E-2,
-1.463646243102E-1));
#4416=CARTESIAN_POINT('',(8.914305539005E-2,-3.692426253394E-2,
-1.505959101963E-1));
#4417=CARTESIAN_POINT('',(7.294554777735E-2,-1.429185939627E-2,
-1.368824471496E-1));
#4418=CARTESIAN_POINT('',(8.018397572618E-2,-1.571004868467E-2,
-1.411137330357E-1));
#4419=CARTESIAN_POINT('',(8.742240367501E-2,-1.712823797308E-2,
-1.453450189218E-1));
#4420=CARTESIAN_POINT('',(9.466083162384E-2,-1.854642726148E-2,
-1.495763048079E-1));
#4421=CARTESIAN_POINT('',(7.431167201860E-2,0.E0,-1.359489275380E-1));
#4422=CARTESIAN_POINT('',(8.168566124828E-2,0.E0,-1.401802134241E-1));
#4423=CARTESIAN_POINT('',(8.905965047797E-2,0.E0,-1.444114993102E-1));
#4424=CARTESIAN_POINT('',(9.643363970765E-2,0.E0,-1.486427851963E-1));
#4425=CARTESIAN_POINT('',(7.294554777735E-2,1.429185939627E-2,
-1.350154079265E-1));
#4426=CARTESIAN_POINT('',(8.018397572618E-2,1.571004868467E-2,
-1.392466938126E-1));
#4427=CARTESIAN_POINT('',(8.742240367501E-2,1.712823797308E-2,
-1.434779796987E-1));
#4428=CARTESIAN_POINT('',(9.466083162384E-2,1.854642726148E-2,
-1.477092655848E-1));
#4429=CARTESIAN_POINT('',(6.869355460360E-2,2.845380196443E-2,
-1.339958025380E-1));
#4430=CARTESIAN_POINT('',(7.551005486575E-2,3.127728882093E-2,
-1.382270884241E-1));
#4431=CARTESIAN_POINT('',(8.232655512790E-2,3.410077567743E-2,
-1.424583743102E-1));
#4432=CARTESIAN_POINT('',(8.914305539005E-2,3.692426253394E-2,
-1.466896601963E-1));
#4433=CARTESIAN_POINT('',(6.168616218560E-2,4.147442079587E-2,
-1.329761971496E-1));
#4434=CARTESIAN_POINT('',(6.780731493618E-2,4.558995102078E-2,
-1.372074830357E-1));
#4435=CARTESIAN_POINT('',(7.392846768677E-2,4.970548124569E-2,
-1.414387689218E-1));
#4436=CARTESIAN_POINT('',(8.004962043736E-2,5.382101147060E-2,
-1.456700548079E-1));
#4437=CARTESIAN_POINT('',(5.254628720566E-2,5.254628720566E-2,
-1.320426775380E-1));
#4438=CARTESIAN_POINT('',(5.776048499437E-2,5.776048499437E-2,
-1.362739634241E-1));
#4439=CARTESIAN_POINT('',(6.297468278308E-2,6.297468278308E-2,
-1.405052493102E-1));
#4440=CARTESIAN_POINT('',(6.818888057178E-2,6.818888057178E-2,
-1.447365351963E-1));
#4441=CARTESIAN_POINT('',(4.147442079587E-2,6.168616218560E-2,
-1.311091579265E-1));
#4442=CARTESIAN_POINT('',(4.558995102078E-2,6.780731493618E-2,
-1.353404438126E-1));
#4443=CARTESIAN_POINT('',(4.970548124569E-2,7.392846768677E-2,
-1.395717296987E-1));
#4444=CARTESIAN_POINT('',(5.382101147060E-2,8.004962043736E-2,
-1.438030155848E-1));
#4445=CARTESIAN_POINT('',(2.845380196443E-2,6.869355460360E-2,
-1.300895525380E-1));
#4446=CARTESIAN_POINT('',(3.127728882093E-2,7.551005486575E-2,
-1.343208384241E-1));
#4447=CARTESIAN_POINT('',(3.410077567743E-2,8.232655512790E-2,
-1.385521243102E-1));
#4448=CARTESIAN_POINT('',(3.692426253394E-2,8.914305539005E-2,
-1.427834101963E-1));
#4449=CARTESIAN_POINT('',(1.429185939627E-2,7.294554777735E-2,
-1.290699471496E-1));
#4450=CARTESIAN_POINT('',(1.571004868467E-2,8.018397572618E-2,
-1.333012330357E-1));
#4451=CARTESIAN_POINT('',(1.712823797308E-2,8.742240367501E-2,
-1.375325189218E-1));
#4452=CARTESIAN_POINT('',(1.854642726148E-2,9.466083162384E-2,
-1.417638048079E-1));
#4453=CARTESIAN_POINT('',(0.E0,7.431167201860E-2,-1.281364275380E-1));
#4454=CARTESIAN_POINT('',(0.E0,8.168566124828E-2,-1.323677134241E-1));
#4455=CARTESIAN_POINT('',(0.E0,8.905965047797E-2,-1.365989993102E-1));
#4456=CARTESIAN_POINT('',(0.E0,9.643363970765E-2,-1.408302851963E-1));
#4457=CARTESIAN_POINT('',(-1.429185939627E-2,7.294554777735E-2,
-1.272029079265E-1));
#4458=CARTESIAN_POINT('',(-1.571004868467E-2,8.018397572618E-2,
-1.314341938126E-1));
#4459=CARTESIAN_POINT('',(-1.712823797308E-2,8.742240367501E-2,
-1.356654796987E-1));
#4460=CARTESIAN_POINT('',(-1.854642726148E-2,9.466083162384E-2,
-1.398967655848E-1));
#4461=CARTESIAN_POINT('',(-2.845380196443E-2,6.869355460360E-2,
-1.261833025380E-1));
#4462=CARTESIAN_POINT('',(-3.127728882093E-2,7.551005486575E-2,
-1.304145884241E-1));
#4463=CARTESIAN_POINT('',(-3.410077567743E-2,8.232655512790E-2,
-1.346458743102E-1));
#4464=CARTESIAN_POINT('',(-3.692426253394E-2,8.914305539005E-2,
-1.388771601963E-1));
#4465=CARTESIAN_POINT('',(-4.147442079587E-2,6.168616218560E-2,
-1.251636971496E-1));
#4466=CARTESIAN_POINT('',(-4.558995102078E-2,6.780731493618E-2,
-1.293949830357E-1));
#4467=CARTESIAN_POINT('',(-4.970548124569E-2,7.392846768677E-2,
-1.336262689218E-1));
#4468=CARTESIAN_POINT('',(-5.382101147060E-2,8.004962043735E-2,
-1.378575548079E-1));
#4469=CARTESIAN_POINT('',(-5.254628720566E-2,5.254628720566E-2,
-1.242301775380E-1));
#4470=CARTESIAN_POINT('',(-5.776048499437E-2,5.776048499437E-2,
-1.284614634241E-1));
#4471=CARTESIAN_POINT('',(-6.297468278308E-2,6.297468278308E-2,
-1.326927493102E-1));
#4472=CARTESIAN_POINT('',(-6.818888057178E-2,6.818888057178E-2,
-1.369240351963E-1));
#4473=CARTESIAN_POINT('',(-6.168616218560E-2,4.147442079587E-2,
-1.232966579265E-1));
#4474=CARTESIAN_POINT('',(-6.780731493618E-2,4.558995102078E-2,
-1.275279438126E-1));
#4475=CARTESIAN_POINT('',(-7.392846768677E-2,4.970548124569E-2,
-1.317592296987E-1));
#4476=CARTESIAN_POINT('',(-8.004962043736E-2,5.382101147060E-2,
-1.359905155848E-1));
#4477=CARTESIAN_POINT('',(-6.869355460360E-2,2.845380196443E-2,
-1.222770525380E-1));
#4478=CARTESIAN_POINT('',(-7.551005486575E-2,3.127728882093E-2,
-1.265083384241E-1));
#4479=CARTESIAN_POINT('',(-8.232655512790E-2,3.410077567743E-2,
-1.307396243102E-1));
#4480=CARTESIAN_POINT('',(-8.914305539005E-2,3.692426253394E-2,
-1.349709101963E-1));
#4481=CARTESIAN_POINT('',(-7.294554777735E-2,1.429185939627E-2,
-1.212574471496E-1));
#4482=CARTESIAN_POINT('',(-8.018397572618E-2,1.571004868467E-2,
-1.254887330357E-1));
#4483=CARTESIAN_POINT('',(-8.742240367501E-2,1.712823797308E-2,
-1.297200189218E-1));
#4484=CARTESIAN_POINT('',(-9.466083162384E-2,1.854642726148E-2,
-1.339513048079E-1));
#4485=CARTESIAN_POINT('',(-7.431167201860E-2,0.E0,-1.203239275380E-1));
#4486=CARTESIAN_POINT('',(-8.168566124828E-2,0.E0,-1.245552134241E-1));
#4487=CARTESIAN_POINT('',(-8.905965047797E-2,0.E0,-1.287864993102E-1));
#4488=CARTESIAN_POINT('',(-9.643363970765E-2,0.E0,-1.330177851963E-1));
#4489=CARTESIAN_POINT('',(-7.294554777735E-2,-1.429185939627E-2,
-1.193904079265E-1));
#4490=CARTESIAN_POINT('',(-8.018397572618E-2,-1.571004868467E-2,
-1.236216938126E-1));
#4491=CARTESIAN_POINT('',(-8.742240367501E-2,-1.712823797308E-2,
-1.278529796987E-1));
#4492=CARTESIAN_POINT('',(-9.466083162384E-2,-1.854642726148E-2,
-1.320842655848E-1));
#4493=CARTESIAN_POINT('',(-6.869355460360E-2,-2.845380196443E-2,
-1.183708025380E-1));
#4494=CARTESIAN_POINT('',(-7.551005486575E-2,-3.127728882093E-2,
-1.226020884241E-1));
#4495=CARTESIAN_POINT('',(-8.232655512790E-2,-3.410077567743E-2,
-1.268333743102E-1));
#4496=CARTESIAN_POINT('',(-8.914305539005E-2,-3.692426253394E-2,
-1.310646601963E-1));
#4497=CARTESIAN_POINT('',(-6.168616218560E-2,-4.147442079587E-2,
-1.173511971496E-1));
#4498=CARTESIAN_POINT('',(-6.780731493618E-2,-4.558995102078E-2,
-1.215824830357E-1));
#4499=CARTESIAN_POINT('',(-7.392846768677E-2,-4.970548124569E-2,
-1.258137689218E-1));
#4500=CARTESIAN_POINT('',(-8.004962043735E-2,-5.382101147060E-2,
-1.300450548079E-1));
#4501=CARTESIAN_POINT('',(-5.254628720566E-2,-5.254628720566E-2,
-1.164176775380E-1));
#4502=CARTESIAN_POINT('',(-5.776048499437E-2,-5.776048499437E-2,
-1.206489634241E-1));
#4503=CARTESIAN_POINT('',(-6.297468278308E-2,-6.297468278308E-2,
-1.248802493102E-1));
#4504=CARTESIAN_POINT('',(-6.818888057178E-2,-6.818888057178E-2,
-1.291115351963E-1));
#4505=CARTESIAN_POINT('',(-4.147442079587E-2,-6.168616218560E-2,
-1.154841579265E-1));
#4506=CARTESIAN_POINT('',(-4.558995102078E-2,-6.780731493618E-2,
-1.197154438126E-1));
#4507=CARTESIAN_POINT('',(-4.970548124569E-2,-7.392846768677E-2,
-1.239467296987E-1));
#4508=CARTESIAN_POINT('',(-5.382101147060E-2,-8.004962043735E-2,
-1.281780155848E-1));
#4509=CARTESIAN_POINT('',(-2.845380196443E-2,-6.869355460360E-2,
-1.144645525380E-1));
#4510=CARTESIAN_POINT('',(-3.127728882093E-2,-7.551005486575E-2,
-1.186958384241E-1));
#4511=CARTESIAN_POINT('',(-3.410077567743E-2,-8.232655512790E-2,
-1.229271243102E-1));
#4512=CARTESIAN_POINT('',(-3.692426253394E-2,-8.914305539005E-2,
-1.271584101963E-1));
#4513=CARTESIAN_POINT('',(-1.429185939627E-2,-7.294554777735E-2,
-1.134449471496E-1));
#4514=CARTESIAN_POINT('',(-1.571004868467E-2,-8.018397572618E-2,
-1.176762330357E-1));
#4515=CARTESIAN_POINT('',(-1.712823797308E-2,-8.742240367501E-2,
-1.219075189218E-1));
#4516=CARTESIAN_POINT('',(-1.854642726148E-2,-9.466083162384E-2,
-1.261388048079E-1));
#4517=CARTESIAN_POINT('',(0.E0,-7.431167201860E-2,-1.125114275380E-1));
#4518=CARTESIAN_POINT('',(0.E0,-8.168566124828E-2,-1.167427134241E-1));
#4519=CARTESIAN_POINT('',(0.E0,-8.905965047797E-2,-1.209739993102E-1));
#4520=CARTESIAN_POINT('',(0.E0,-9.643363970765E-2,-1.252052851963E-1));
#4521=CARTESIAN_POINT('',(1.429185939627E-2,-7.294554777735E-2,
-1.115779079265E-1));
#4522=CARTESIAN_POINT('',(1.571004868467E-2,-8.018397572618E-2,
-1.158091938126E-1));
#4523=CARTESIAN_POINT('',(1.712823797308E-2,-8.742240367501E-2,
-1.200404796987E-1));
#4524=CARTESIAN_POINT('',(1.854642726148E-2,-9.466083162384E-2,
-1.242717655848E-1));
#4525=CARTESIAN_POINT('',(2.845380196443E-2,-6.869355460360E-2,
-1.105583025380E-1));
#4526=CARTESIAN_POINT('',(3.127728882093E-2,-7.551005486575E-2,
-1.147895884241E-1));
#4527=CARTESIAN_POINT('',(3.410077567743E-2,-8.232655512790E-2,
-1.190208743102E-1));
#4528=CARTESIAN_POINT('',(3.692426253394E-2,-8.914305539005E-2,
-1.232521601963E-1));
#4529=CARTESIAN_POINT('',(4.147442079587E-2,-6.168616218560E-2,
-1.095386971496E-1));
#4530=CARTESIAN_POINT('',(4.558995102078E-2,-6.780731493618E-2,
-1.137699830357E-1));
#4531=CARTESIAN_POINT('',(4.970548124569E-2,-7.392846768677E-2,
-1.180012689218E-1));
#4532=CARTESIAN_POINT('',(5.382101147060E-2,-8.004962043736E-2,
-1.222325548079E-1));
#4533=CARTESIAN_POINT('',(5.254628720566E-2,-5.254628720566E-2,
-1.086051775380E-1));
#4534=CARTESIAN_POINT('',(5.776048499437E-2,-5.776048499437E-2,
-1.128364634241E-1));
#4535=CARTESIAN_POINT('',(6.297468278308E-2,-6.297468278308E-2,
-1.170677493102E-1));
#4536=CARTESIAN_POINT('',(6.818888057178E-2,-6.818888057178E-2,
-1.212990351963E-1));
#4537=CARTESIAN_POINT('',(6.168616218560E-2,-4.147442079587E-2,
-1.076716579265E-1));
#4538=CARTESIAN_POINT('',(6.780731493618E-2,-4.558995102078E-2,
-1.119029438126E-1));
#4539=CARTESIAN_POINT('',(7.392846768677E-2,-4.970548124569E-2,
-1.161342296987E-1));
#4540=CARTESIAN_POINT('',(8.004962043735E-2,-5.382101147060E-2,
-1.203655155848E-1));
#4541=CARTESIAN_POINT('',(6.869355460360E-2,-2.845380196443E-2,
-1.066520525380E-1));
#4542=CARTESIAN_POINT('',(7.551005486575E-2,-3.127728882093E-2,
-1.108833384241E-1));
#4543=CARTESIAN_POINT('',(8.232655512790E-2,-3.410077567743E-2,
-1.151146243102E-1));
#4544=CARTESIAN_POINT('',(8.914305539005E-2,-3.692426253394E-2,
-1.193459101963E-1));
#4545=CARTESIAN_POINT('',(7.294554777735E-2,-1.429185939627E-2,
-1.056324471496E-1));
#4546=CARTESIAN_POINT('',(8.018397572618E-2,-1.571004868467E-2,
-1.098637330357E-1));
#4547=CARTESIAN_POINT('',(8.742240367501E-2,-1.712823797308E-2,
-1.140950189218E-1));
#4548=CARTESIAN_POINT('',(9.466083162384E-2,-1.854642726148E-2,
-1.183263048079E-1));
#4549=CARTESIAN_POINT('',(7.431167201860E-2,0.E0,-1.046989275380E-1));
#4550=CARTESIAN_POINT('',(8.168566124828E-2,0.E0,-1.089302134241E-1));
#4551=CARTESIAN_POINT('',(8.905965047797E-2,0.E0,-1.131614993102E-1));
#4552=CARTESIAN_POINT('',(9.643363970765E-2,0.E0,-1.173927851963E-1));
#4553=CARTESIAN_POINT('',(7.294554777735E-2,1.429185939627E-2,
-1.037654079265E-1));
#4554=CARTESIAN_POINT('',(8.018397572618E-2,1.571004868467E-2,
-1.079966938126E-1));
#4555=CARTESIAN_POINT('',(8.742240367501E-2,1.712823797308E-2,
-1.122279796987E-1));
#4556=CARTESIAN_POINT('',(9.466083162384E-2,1.854642726148E-2,
-1.164592655848E-1));
#4557=CARTESIAN_POINT('',(6.869355460360E-2,2.845380196443E-2,
-1.027458025380E-1));
#4558=CARTESIAN_POINT('',(7.551005486575E-2,3.127728882093E-2,
-1.069770884241E-1));
#4559=CARTESIAN_POINT('',(8.232655512790E-2,3.410077567743E-2,
-1.112083743102E-1));
#4560=CARTESIAN_POINT('',(8.914305539005E-2,3.692426253394E-2,
-1.154396601963E-1));
#4561=CARTESIAN_POINT('',(6.168616218560E-2,4.147442079587E-2,
-1.017261971496E-1));
#4562=CARTESIAN_POINT('',(6.780731493618E-2,4.558995102078E-2,
-1.059574830357E-1));
#4563=CARTESIAN_POINT('',(7.392846768677E-2,4.970548124569E-2,
-1.101887689218E-1));
#4564=CARTESIAN_POINT('',(8.004962043735E-2,5.382101147060E-2,
-1.144200548079E-1));
#4565=CARTESIAN_POINT('',(5.254628720566E-2,5.254628720566E-2,
-1.007926775380E-1));
#4566=CARTESIAN_POINT('',(5.776048499437E-2,5.776048499437E-2,
-1.050239634241E-1));
#4567=CARTESIAN_POINT('',(6.297468278308E-2,6.297468278308E-2,
-1.092552493102E-1));
#4568=CARTESIAN_POINT('',(6.818888057178E-2,6.818888057178E-2,
-1.134865351963E-1));
#4569=CARTESIAN_POINT('',(4.147442079587E-2,6.168616218560E-2,
-9.985915792648E-2));
#4570=CARTESIAN_POINT('',(4.558995102078E-2,6.780731493618E-2,
-1.040904438126E-1));
#4571=CARTESIAN_POINT('',(4.970548124569E-2,7.392846768677E-2,
-1.083217296987E-1));
#4572=CARTESIAN_POINT('',(5.382101147060E-2,8.004962043735E-2,
-1.125530155848E-1));
#4573=CARTESIAN_POINT('',(2.845380196443E-2,6.869355460360E-2,
-9.883955253804E-2));
#4574=CARTESIAN_POINT('',(3.127728882093E-2,7.551005486575E-2,
-1.030708384241E-1));
#4575=CARTESIAN_POINT('',(3.410077567743E-2,8.232655512790E-2,
-1.073021243102E-1));
#4576=CARTESIAN_POINT('',(3.692426253394E-2,8.914305539005E-2,
-1.115334101963E-1));
#4577=CARTESIAN_POINT('',(1.429185939627E-2,7.294554777735E-2,
-9.781994714960E-2));
#4578=CARTESIAN_POINT('',(1.571004868467E-2,8.018397572618E-2,
-1.020512330357E-1));
#4579=CARTESIAN_POINT('',(1.712823797308E-2,8.742240367501E-2,
-1.062825189218E-1));
#4580=CARTESIAN_POINT('',(1.854642726148E-2,9.466083162384E-2,
-1.105138048079E-1));
#4581=CARTESIAN_POINT('',(0.E0,7.431167201860E-2,-9.688642753804E-2));
#4582=CARTESIAN_POINT('',(0.E0,8.168566124828E-2,-1.011177134241E-1));
#4583=CARTESIAN_POINT('',(0.E0,8.905965047797E-2,-1.053489993102E-1));
#4584=CARTESIAN_POINT('',(0.E0,9.643363970765E-2,-1.095802851963E-1));
#4585=CARTESIAN_POINT('',(-1.429185939627E-2,7.294554777735E-2,
-9.595290792648E-2));
#4586=CARTESIAN_POINT('',(-1.571004868467E-2,8.018397572618E-2,
-1.001841938126E-1));
#4587=CARTESIAN_POINT('',(-1.712823797308E-2,8.742240367501E-2,
-1.044154796987E-1));
#4588=CARTESIAN_POINT('',(-1.854642726148E-2,9.466083162384E-2,
-1.086467655848E-1));
#4589=CARTESIAN_POINT('',(-2.845380196443E-2,6.869355460360E-2,
-9.493330253804E-2));
#4590=CARTESIAN_POINT('',(-3.127728882093E-2,7.551005486575E-2,
-9.916458842414E-2));
#4591=CARTESIAN_POINT('',(-3.410077567743E-2,8.232655512790E-2,
-1.033958743102E-1));
#4592=CARTESIAN_POINT('',(-3.692426253394E-2,8.914305539005E-2,
-1.076271601963E-1));
#4593=CARTESIAN_POINT('',(-4.147442079587E-2,6.168616218560E-2,
-9.391369714960E-2));
#4594=CARTESIAN_POINT('',(-4.558995102078E-2,6.780731493618E-2,
-9.814498303570E-2));
#4595=CARTESIAN_POINT('',(-4.970548124569E-2,7.392846768677E-2,
-1.023762689218E-1));
#4596=CARTESIAN_POINT('',(-5.382101147060E-2,8.004962043736E-2,
-1.066075548079E-1));
#4597=CARTESIAN_POINT('',(-5.254628720566E-2,5.254628720566E-2,
-9.298017753804E-2));
#4598=CARTESIAN_POINT('',(-5.776048499437E-2,5.776048499437E-2,
-9.721146342414E-2));
#4599=CARTESIAN_POINT('',(-6.297468278308E-2,6.297468278308E-2,
-1.014427493102E-1));
#4600=CARTESIAN_POINT('',(-6.818888057178E-2,6.818888057178E-2,
-1.056740351963E-1));
#4601=CARTESIAN_POINT('',(-6.168616218560E-2,4.147442079587E-2,
-9.204665792648E-2));
#4602=CARTESIAN_POINT('',(-6.780731493618E-2,4.558995102078E-2,
-9.627794381258E-2));
#4603=CARTESIAN_POINT('',(-7.392846768677E-2,4.970548124569E-2,
-1.005092296987E-1));
#4604=CARTESIAN_POINT('',(-8.004962043736E-2,5.382101147060E-2,
-1.047405155848E-1));
#4605=CARTESIAN_POINT('',(-6.869355460360E-2,2.845380196443E-2,
-9.102705253804E-2));
#4606=CARTESIAN_POINT('',(-7.551005486575E-2,3.127728882093E-2,
-9.525833842414E-2));
#4607=CARTESIAN_POINT('',(-8.232655512790E-2,3.410077567743E-2,
-9.948962431024E-2));
#4608=CARTESIAN_POINT('',(-8.914305539005E-2,3.692426253394E-2,
-1.037209101963E-1));
#4609=CARTESIAN_POINT('',(-7.294554777735E-2,1.429185939627E-2,
-9.000744714960E-2));
#4610=CARTESIAN_POINT('',(-8.018397572618E-2,1.571004868467E-2,
-9.423873303570E-2));
#4611=CARTESIAN_POINT('',(-8.742240367501E-2,1.712823797308E-2,
-9.847001892180E-2));
#4612=CARTESIAN_POINT('',(-9.466083162384E-2,1.854642726148E-2,
-1.027013048079E-1));
#4613=CARTESIAN_POINT('',(-7.431167201860E-2,0.E0,-8.907392753804E-2));
#4614=CARTESIAN_POINT('',(-8.168566124828E-2,0.E0,-9.330521342414E-2));
#4615=CARTESIAN_POINT('',(-8.905965047797E-2,0.E0,-9.753649931024E-2));
#4616=CARTESIAN_POINT('',(-9.643363970765E-2,0.E0,-1.017677851963E-1));
#4617=CARTESIAN_POINT('',(-7.294554777735E-2,-1.429185939627E-2,
-8.814040792648E-2));
#4618=CARTESIAN_POINT('',(-8.018397572618E-2,-1.571004868467E-2,
-9.237169381258E-2));
#4619=CARTESIAN_POINT('',(-8.742240367501E-2,-1.712823797308E-2,
-9.660297969868E-2));
#4620=CARTESIAN_POINT('',(-9.466083162384E-2,-1.854642726148E-2,
-1.008342655848E-1));
#4621=CARTESIAN_POINT('',(-6.869355460360E-2,-2.845380196443E-2,
-8.712080253804E-2));
#4622=CARTESIAN_POINT('',(-7.551005486575E-2,-3.127728882093E-2,
-9.135208842414E-2));
#4623=CARTESIAN_POINT('',(-8.232655512790E-2,-3.410077567743E-2,
-9.558337431024E-2));
#4624=CARTESIAN_POINT('',(-8.914305539005E-2,-3.692426253394E-2,
-9.981466019633E-2));
#4625=CARTESIAN_POINT('',(-6.168616218560E-2,-4.147442079587E-2,
-8.610119714960E-2));
#4626=CARTESIAN_POINT('',(-6.780731493618E-2,-4.558995102078E-2,
-9.033248303570E-2));
#4627=CARTESIAN_POINT('',(-7.392846768677E-2,-4.970548124569E-2,
-9.456376892180E-2));
#4628=CARTESIAN_POINT('',(-8.004962043735E-2,-5.382101147060E-2,
-9.879505480789E-2));
#4629=CARTESIAN_POINT('',(-5.254628720566E-2,-5.254628720566E-2,
-8.516767753804E-2));
#4630=CARTESIAN_POINT('',(-5.776048499437E-2,-5.776048499437E-2,
-8.939896342414E-2));
#4631=CARTESIAN_POINT('',(-6.297468278308E-2,-6.297468278308E-2,
-9.363024931024E-2));
#4632=CARTESIAN_POINT('',(-6.818888057178E-2,-6.818888057178E-2,
-9.786153519633E-2));
#4633=CARTESIAN_POINT('',(-4.147442079587E-2,-6.168616218560E-2,
-8.423415792648E-2));
#4634=CARTESIAN_POINT('',(-4.558995102078E-2,-6.780731493618E-2,
-8.846544381258E-2));
#4635=CARTESIAN_POINT('',(-4.970548124569E-2,-7.392846768677E-2,
-9.269672969868E-2));
#4636=CARTESIAN_POINT('',(-5.382101147060E-2,-8.004962043736E-2,
-9.692801558477E-2));
#4637=CARTESIAN_POINT('',(-2.845380196443E-2,-6.869355460360E-2,
-8.321455253804E-2));
#4638=CARTESIAN_POINT('',(-3.127728882093E-2,-7.551005486575E-2,
-8.744583842414E-2));
#4639=CARTESIAN_POINT('',(-3.410077567743E-2,-8.232655512790E-2,
-9.167712431024E-2));
#4640=CARTESIAN_POINT('',(-3.692426253394E-2,-8.914305539005E-2,
-9.590841019633E-2));
#4641=CARTESIAN_POINT('',(-1.429185939627E-2,-7.294554777735E-2,
-8.219494714960E-2));
#4642=CARTESIAN_POINT('',(-1.571004868467E-2,-8.018397572618E-2,
-8.642623303570E-2));
#4643=CARTESIAN_POINT('',(-1.712823797308E-2,-8.742240367501E-2,
-9.065751892180E-2));
#4644=CARTESIAN_POINT('',(-1.854642726148E-2,-9.466083162384E-2,
-9.488880480789E-2));
#4645=CARTESIAN_POINT('',(0.E0,-7.431167201860E-2,-8.126142753804E-2));
#4646=CARTESIAN_POINT('',(0.E0,-8.168566124828E-2,-8.549271342414E-2));
#4647=CARTESIAN_POINT('',(0.E0,-8.905965047797E-2,-8.972399931024E-2));
#4648=CARTESIAN_POINT('',(0.E0,-9.643363970765E-2,-9.395528519633E-2));
#4649=CARTESIAN_POINT('',(1.429185939627E-2,-7.294554777735E-2,
-8.032790792648E-2));
#4650=CARTESIAN_POINT('',(1.571004868467E-2,-8.018397572618E-2,
-8.455919381258E-2));
#4651=CARTESIAN_POINT('',(1.712823797308E-2,-8.742240367501E-2,
-8.879047969868E-2));
#4652=CARTESIAN_POINT('',(1.854642726148E-2,-9.466083162384E-2,
-9.302176558477E-2));
#4653=CARTESIAN_POINT('',(2.845380196443E-2,-6.869355460360E-2,
-7.930830253804E-2));
#4654=CARTESIAN_POINT('',(3.127728882093E-2,-7.551005486575E-2,
-8.353958842414E-2));
#4655=CARTESIAN_POINT('',(3.410077567743E-2,-8.232655512790E-2,
-8.777087431024E-2));
#4656=CARTESIAN_POINT('',(3.692426253394E-2,-8.914305539005E-2,
-9.200216019633E-2));
#4657=CARTESIAN_POINT('',(4.147442079587E-2,-6.168616218560E-2,
-7.828869714960E-2));
#4658=CARTESIAN_POINT('',(4.558995102078E-2,-6.780731493618E-2,
-8.251998303570E-2));
#4659=CARTESIAN_POINT('',(4.970548124569E-2,-7.392846768677E-2,
-8.675126892180E-2));
#4660=CARTESIAN_POINT('',(5.382101147060E-2,-8.004962043736E-2,
-9.098255480789E-2));
#4661=CARTESIAN_POINT('',(5.254628720566E-2,-5.254628720566E-2,
-7.735517753804E-2));
#4662=CARTESIAN_POINT('',(5.776048499437E-2,-5.776048499437E-2,
-8.158646342414E-2));
#4663=CARTESIAN_POINT('',(6.297468278308E-2,-6.297468278308E-2,
-8.581774931024E-2));
#4664=CARTESIAN_POINT('',(6.818888057178E-2,-6.818888057178E-2,
-9.004903519633E-2));
#4665=CARTESIAN_POINT('',(6.168616218560E-2,-4.147442079587E-2,
-7.642165792648E-2));
#4666=CARTESIAN_POINT('',(6.780731493618E-2,-4.558995102078E-2,
-8.065294381258E-2));
#4667=CARTESIAN_POINT('',(7.392846768677E-2,-4.970548124569E-2,
-8.488422969868E-2));
#4668=CARTESIAN_POINT('',(8.004962043735E-2,-5.382101147060E-2,
-8.911551558477E-2));
#4669=CARTESIAN_POINT('',(6.869355460360E-2,-2.845380196443E-2,
-7.540205253804E-2));
#4670=CARTESIAN_POINT('',(7.551005486575E-2,-3.127728882093E-2,
-7.963333842414E-2));
#4671=CARTESIAN_POINT('',(8.232655512790E-2,-3.410077567743E-2,
-8.386462431024E-2));
#4672=CARTESIAN_POINT('',(8.914305539005E-2,-3.692426253394E-2,
-8.809591019633E-2));
#4673=CARTESIAN_POINT('',(7.294554777735E-2,-1.429185939627E-2,
-7.438244714960E-2));
#4674=CARTESIAN_POINT('',(8.018397572618E-2,-1.571004868467E-2,
-7.861373303570E-2));
#4675=CARTESIAN_POINT('',(8.742240367501E-2,-1.712823797308E-2,
-8.284501892180E-2));
#4676=CARTESIAN_POINT('',(9.466083162384E-2,-1.854642726148E-2,
-8.707630480789E-2));
#4677=CARTESIAN_POINT('',(7.431167201860E-2,0.E0,-7.344892753804E-2));
#4678=CARTESIAN_POINT('',(8.168566124828E-2,0.E0,-7.768021342414E-2));
#4679=CARTESIAN_POINT('',(8.905965047797E-2,0.E0,-8.191149931024E-2));
#4680=CARTESIAN_POINT('',(9.643363970765E-2,0.E0,-8.614278519633E-2));
#4681=CARTESIAN_POINT('',(7.294554777735E-2,1.429185939627E-2,
-7.251540792648E-2));
#4682=CARTESIAN_POINT('',(8.018397572618E-2,1.571004868467E-2,
-7.674669381258E-2));
#4683=CARTESIAN_POINT('',(8.742240367501E-2,1.712823797308E-2,
-8.097797969868E-2));
#4684=CARTESIAN_POINT('',(9.466083162384E-2,1.854642726148E-2,
-8.520926558477E-2));
#4685=CARTESIAN_POINT('',(6.869355460360E-2,2.845380196443E-2,
-7.149580253804E-2));
#4686=CARTESIAN_POINT('',(7.551005486575E-2,3.127728882093E-2,
-7.572708842414E-2));
#4687=CARTESIAN_POINT('',(8.232655512790E-2,3.410077567743E-2,
-7.995837431024E-2));
#4688=CARTESIAN_POINT('',(8.914305539005E-2,3.692426253394E-2,
-8.418966019633E-2));
#4689=CARTESIAN_POINT('',(6.168616218560E-2,4.147442079587E-2,
-7.047619714960E-2));
#4690=CARTESIAN_POINT('',(6.780731493618E-2,4.558995102078E-2,
-7.470748303570E-2));
#4691=CARTESIAN_POINT('',(7.392846768677E-2,4.970548124569E-2,
-7.893876892180E-2));
#4692=CARTESIAN_POINT('',(8.004962043735E-2,5.382101147060E-2,
-8.317005480789E-2));
#4693=CARTESIAN_POINT('',(5.254628720566E-2,5.254628720566E-2,
-6.954267753804E-2));
#4694=CARTESIAN_POINT('',(5.776048499437E-2,5.776048499437E-2,
-7.377396342414E-2));
#4695=CARTESIAN_POINT('',(6.297468278308E-2,6.297468278308E-2,
-7.800524931024E-2));
#4696=CARTESIAN_POINT('',(6.818888057178E-2,6.818888057178E-2,
-8.223653519633E-2));
#4697=CARTESIAN_POINT('',(4.147442079587E-2,6.168616218560E-2,
-6.860915792648E-2));
#4698=CARTESIAN_POINT('',(4.558995102078E-2,6.780731493618E-2,
-7.284044381258E-2));
#4699=CARTESIAN_POINT('',(4.970548124569E-2,7.392846768677E-2,
-7.707172969868E-2));
#4700=CARTESIAN_POINT('',(5.382101147060E-2,8.004962043735E-2,
-8.130301558477E-2));
#4701=CARTESIAN_POINT('',(2.845380196443E-2,6.869355460360E-2,
-6.758955253804E-2));
#4702=CARTESIAN_POINT('',(3.127728882093E-2,7.551005486575E-2,
-7.182083842414E-2));
#4703=CARTESIAN_POINT('',(3.410077567743E-2,8.232655512790E-2,
-7.605212431024E-2));
#4704=CARTESIAN_POINT('',(3.692426253394E-2,8.914305539005E-2,
-8.028341019633E-2));
#4705=CARTESIAN_POINT('',(1.429185939627E-2,7.294554777735E-2,
-6.656994714960E-2));
#4706=CARTESIAN_POINT('',(1.571004868467E-2,8.018397572618E-2,
-7.080123303570E-2));
#4707=CARTESIAN_POINT('',(1.712823797308E-2,8.742240367501E-2,
-7.503251892180E-2));
#4708=CARTESIAN_POINT('',(1.854642726148E-2,9.466083162384E-2,
-7.926380480789E-2));
#4709=CARTESIAN_POINT('',(0.E0,7.431167201860E-2,-6.563642753804E-2));
#4710=CARTESIAN_POINT('',(0.E0,8.168566124828E-2,-6.986771342414E-2));
#4711=CARTESIAN_POINT('',(0.E0,8.905965047797E-2,-7.409899931024E-2));
#4712=CARTESIAN_POINT('',(0.E0,9.643363970765E-2,-7.833028519633E-2));
#4713=CARTESIAN_POINT('',(-1.429185939627E-2,7.294554777735E-2,
-6.470290792648E-2));
#4714=CARTESIAN_POINT('',(-1.571004868467E-2,8.018397572618E-2,
-6.893419381258E-2));
#4715=CARTESIAN_POINT('',(-1.712823797308E-2,8.742240367501E-2,
-7.316547969868E-2));
#4716=CARTESIAN_POINT('',(-1.854642726148E-2,9.466083162384E-2,
-7.739676558477E-2));
#4717=CARTESIAN_POINT('',(-2.845380196443E-2,6.869355460360E-2,
-6.368330253804E-2));
#4718=CARTESIAN_POINT('',(-3.127728882093E-2,7.551005486575E-2,
-6.791458842414E-2));
#4719=CARTESIAN_POINT('',(-3.410077567743E-2,8.232655512790E-2,
-7.214587431024E-2));
#4720=CARTESIAN_POINT('',(-3.692426253394E-2,8.914305539005E-2,
-7.637716019633E-2));
#4721=CARTESIAN_POINT('',(-4.147442079587E-2,6.168616218560E-2,
-6.266369714960E-2));
#4722=CARTESIAN_POINT('',(-4.558995102078E-2,6.780731493618E-2,
-6.689498303570E-2));
#4723=CARTESIAN_POINT('',(-4.970548124569E-2,7.392846768677E-2,
-7.112626892180E-2));
#4724=CARTESIAN_POINT('',(-5.382101147060E-2,8.004962043736E-2,
-7.535755480789E-2));
#4725=CARTESIAN_POINT('',(-5.254628720566E-2,5.254628720566E-2,
-6.173017753804E-2));
#4726=CARTESIAN_POINT('',(-5.776048499437E-2,5.776048499437E-2,
-6.596146342414E-2));
#4727=CARTESIAN_POINT('',(-6.297468278308E-2,6.297468278308E-2,
-7.019274931024E-2));
#4728=CARTESIAN_POINT('',(-6.818888057178E-2,6.818888057178E-2,
-7.442403519633E-2));
#4729=CARTESIAN_POINT('',(-6.168616218560E-2,4.147442079587E-2,
-6.079665792648E-2));
#4730=CARTESIAN_POINT('',(-6.780731493618E-2,4.558995102078E-2,
-6.502794381258E-2));
#4731=CARTESIAN_POINT('',(-7.392846768677E-2,4.970548124569E-2,
-6.925922969868E-2));
#4732=CARTESIAN_POINT('',(-8.004962043735E-2,5.382101147060E-2,
-7.349051558477E-2));
#4733=CARTESIAN_POINT('',(-6.869355460360E-2,2.845380196443E-2,
-5.977705253804E-2));
#4734=CARTESIAN_POINT('',(-7.551005486575E-2,3.127728882093E-2,
-6.400833842414E-2));
#4735=CARTESIAN_POINT('',(-8.232655512790E-2,3.410077567743E-2,
-6.823962431024E-2));
#4736=CARTESIAN_POINT('',(-8.914305539005E-2,3.692426253394E-2,
-7.247091019633E-2));
#4737=CARTESIAN_POINT('',(-7.294554777735E-2,1.429185939627E-2,
-5.875744714960E-2));
#4738=CARTESIAN_POINT('',(-8.018397572618E-2,1.571004868467E-2,
-6.298873303570E-2));
#4739=CARTESIAN_POINT('',(-8.742240367501E-2,1.712823797308E-2,
-6.722001892180E-2));
#4740=CARTESIAN_POINT('',(-9.466083162384E-2,1.854642726148E-2,
-7.145130480789E-2));
#4741=CARTESIAN_POINT('',(-7.431167201860E-2,0.E0,-5.782392753804E-2));
#4742=CARTESIAN_POINT('',(-8.168566124828E-2,0.E0,-6.205521342414E-2));
#4743=CARTESIAN_POINT('',(-8.905965047797E-2,0.E0,-6.628649931024E-2));
#4744=CARTESIAN_POINT('',(-9.643363970765E-2,0.E0,-7.051778519633E-2));
#4745=CARTESIAN_POINT('',(-7.294554777735E-2,-1.429185939627E-2,
-5.689040792648E-2));
#4746=CARTESIAN_POINT('',(-8.018397572618E-2,-1.571004868467E-2,
-6.112169381258E-2));
#4747=CARTESIAN_POINT('',(-8.742240367501E-2,-1.712823797308E-2,
-6.535297969868E-2));
#4748=CARTESIAN_POINT('',(-9.466083162384E-2,-1.854642726148E-2,
-6.958426558477E-2));
#4749=CARTESIAN_POINT('',(-6.869355460360E-2,-2.845380196443E-2,
-5.587080253804E-2));
#4750=CARTESIAN_POINT('',(-7.551005486575E-2,-3.127728882093E-2,
-6.010208842414E-2));
#4751=CARTESIAN_POINT('',(-8.232655512790E-2,-3.410077567743E-2,
-6.433337431024E-2));
#4752=CARTESIAN_POINT('',(-8.914305539005E-2,-3.692426253394E-2,
-6.856466019633E-2));
#4753=CARTESIAN_POINT('',(-6.168616218560E-2,-4.147442079587E-2,
-5.485119714960E-2));
#4754=CARTESIAN_POINT('',(-6.780731493618E-2,-4.558995102078E-2,
-5.908248303570E-2));
#4755=CARTESIAN_POINT('',(-7.392846768677E-2,-4.970548124569E-2,
-6.331376892180E-2));
#4756=CARTESIAN_POINT('',(-8.004962043735E-2,-5.382101147060E-2,
-6.754505480789E-2));
#4757=CARTESIAN_POINT('',(-5.254628720566E-2,-5.254628720566E-2,
-5.391767753804E-2));
#4758=CARTESIAN_POINT('',(-5.776048499437E-2,-5.776048499437E-2,
-5.814896342414E-2));
#4759=CARTESIAN_POINT('',(-6.297468278308E-2,-6.297468278308E-2,
-6.238024931024E-2));
#4760=CARTESIAN_POINT('',(-6.818888057178E-2,-6.818888057178E-2,
-6.661153519633E-2));
#4761=CARTESIAN_POINT('',(-4.147442079587E-2,-6.168616218560E-2,
-5.298415792648E-2));
#4762=CARTESIAN_POINT('',(-4.558995102078E-2,-6.780731493618E-2,
-5.721544381258E-2));
#4763=CARTESIAN_POINT('',(-4.970548124569E-2,-7.392846768677E-2,
-6.144672969868E-2));
#4764=CARTESIAN_POINT('',(-5.382101147060E-2,-8.004962043735E-2,
-6.567801558477E-2));
#4765=CARTESIAN_POINT('',(-2.845380196443E-2,-6.869355460360E-2,
-5.196455253804E-2));
#4766=CARTESIAN_POINT('',(-3.127728882093E-2,-7.551005486575E-2,
-5.619583842414E-2));
#4767=CARTESIAN_POINT('',(-3.410077567743E-2,-8.232655512790E-2,
-6.042712431024E-2));
#4768=CARTESIAN_POINT('',(-3.692426253394E-2,-8.914305539005E-2,
-6.465841019633E-2));
#4769=CARTESIAN_POINT('',(-1.429185939627E-2,-7.294554777735E-2,
-5.094494714960E-2));
#4770=CARTESIAN_POINT('',(-1.571004868467E-2,-8.018397572618E-2,
-5.517623303570E-2));
#4771=CARTESIAN_POINT('',(-1.712823797308E-2,-8.742240367501E-2,
-5.940751892180E-2));
#4772=CARTESIAN_POINT('',(-1.854642726148E-2,-9.466083162384E-2,
-6.363880480789E-2));
#4773=CARTESIAN_POINT('',(0.E0,-7.431167201860E-2,-5.001142753804E-2));
#4774=CARTESIAN_POINT('',(0.E0,-8.168566124828E-2,-5.424271342414E-2));
#4775=CARTESIAN_POINT('',(0.E0,-8.905965047797E-2,-5.847399931024E-2));
#4776=CARTESIAN_POINT('',(0.E0,-9.643363970765E-2,-6.270528519633E-2));
#4777=CARTESIAN_POINT('',(1.429185939627E-2,-7.294554777735E-2,
-4.907790792648E-2));
#4778=CARTESIAN_POINT('',(1.571004868467E-2,-8.018397572618E-2,
-5.330919381258E-2));
#4779=CARTESIAN_POINT('',(1.712823797308E-2,-8.742240367501E-2,
-5.754047969868E-2));
#4780=CARTESIAN_POINT('',(1.854642726148E-2,-9.466083162384E-2,
-6.177176558477E-2));
#4781=CARTESIAN_POINT('',(2.845380196443E-2,-6.869355460360E-2,
-4.805830253804E-2));
#4782=CARTESIAN_POINT('',(3.127728882093E-2,-7.551005486575E-2,
-5.228958842414E-2));
#4783=CARTESIAN_POINT('',(3.410077567743E-2,-8.232655512790E-2,
-5.652087431024E-2));
#4784=CARTESIAN_POINT('',(3.692426253394E-2,-8.914305539005E-2,
-6.075216019633E-2));
#4785=CARTESIAN_POINT('',(4.147442079587E-2,-6.168616218560E-2,
-4.703869714960E-2));
#4786=CARTESIAN_POINT('',(4.558995102078E-2,-6.780731493618E-2,
-5.126998303570E-2));
#4787=CARTESIAN_POINT('',(4.970548124569E-2,-7.392846768677E-2,
-5.550126892180E-2));
#4788=CARTESIAN_POINT('',(5.382101147060E-2,-8.004962043735E-2,
-5.973255480789E-2));
#4789=CARTESIAN_POINT('',(5.254628720566E-2,-5.254628720566E-2,
-4.610517753804E-2));
#4790=CARTESIAN_POINT('',(5.776048499437E-2,-5.776048499437E-2,
-5.033646342414E-2));
#4791=CARTESIAN_POINT('',(6.297468278308E-2,-6.297468278308E-2,
-5.456774931024E-2));
#4792=CARTESIAN_POINT('',(6.818888057178E-2,-6.818888057178E-2,
-5.879903519633E-2));
#4793=CARTESIAN_POINT('',(6.168616218560E-2,-4.147442079587E-2,
-4.517165792648E-2));
#4794=CARTESIAN_POINT('',(6.780731493618E-2,-4.558995102078E-2,
-4.940294381258E-2));
#4795=CARTESIAN_POINT('',(7.392846768677E-2,-4.970548124569E-2,
-5.363422969868E-2));
#4796=CARTESIAN_POINT('',(8.004962043735E-2,-5.382101147060E-2,
-5.786551558477E-2));
#4797=CARTESIAN_POINT('',(6.869355460360E-2,-2.845380196443E-2,
-4.415205253804E-2));
#4798=CARTESIAN_POINT('',(7.551005486575E-2,-3.127728882093E-2,
-4.838333842414E-2));
#4799=CARTESIAN_POINT('',(8.232655512790E-2,-3.410077567743E-2,
-5.261462431024E-2));
#4800=CARTESIAN_POINT('',(8.914305539005E-2,-3.692426253394E-2,
-5.684591019633E-2));
#4801=CARTESIAN_POINT('',(7.294554777735E-2,-1.429185939627E-2,
-4.313244714960E-2));
#4802=CARTESIAN_POINT('',(8.018397572618E-2,-1.571004868467E-2,
-4.736373303570E-2));
#4803=CARTESIAN_POINT('',(8.742240367501E-2,-1.712823797308E-2,
-5.159501892180E-2));
#4804=CARTESIAN_POINT('',(9.466083162384E-2,-1.854642726148E-2,
-5.582630480789E-2));
#4805=CARTESIAN_POINT('',(7.431167201860E-2,0.E0,-4.219892753804E-2));
#4806=CARTESIAN_POINT('',(8.168566124828E-2,0.E0,-4.643021342414E-2));
#4807=CARTESIAN_POINT('',(8.905965047797E-2,0.E0,-5.066149931024E-2));
#4808=CARTESIAN_POINT('',(9.643363970765E-2,0.E0,-5.489278519633E-2));
#4809=CARTESIAN_POINT('',(7.294554777735E-2,1.429185939627E-2,
-4.126540792648E-2));
#4810=CARTESIAN_POINT('',(8.018397572618E-2,1.571004868467E-2,
-4.549669381258E-2));
#4811=CARTESIAN_POINT('',(8.742240367501E-2,1.712823797308E-2,
-4.972797969868E-2));
#4812=CARTESIAN_POINT('',(9.466083162384E-2,1.854642726148E-2,
-5.395926558477E-2));
#4813=CARTESIAN_POINT('',(6.869355460360E-2,2.845380196443E-2,
-4.024580253804E-2));
#4814=CARTESIAN_POINT('',(7.551005486575E-2,3.127728882093E-2,
-4.447708842414E-2));
#4815=CARTESIAN_POINT('',(8.232655512790E-2,3.410077567743E-2,
-4.870837431024E-2));
#4816=CARTESIAN_POINT('',(8.914305539005E-2,3.692426253394E-2,
-5.293966019633E-2));
#4817=CARTESIAN_POINT('',(6.168616218560E-2,4.147442079587E-2,
-3.922619714960E-2));
#4818=CARTESIAN_POINT('',(6.780731493618E-2,4.558995102078E-2,
-4.345748303570E-2));
#4819=CARTESIAN_POINT('',(7.392846768677E-2,4.970548124569E-2,
-4.768876892180E-2));
#4820=CARTESIAN_POINT('',(8.004962043736E-2,5.382101147060E-2,
-5.192005480789E-2));
#4821=CARTESIAN_POINT('',(5.254628720566E-2,5.254628720566E-2,
-3.829267753804E-2));
#4822=CARTESIAN_POINT('',(5.776048499437E-2,5.776048499437E-2,
-4.252396342414E-2));
#4823=CARTESIAN_POINT('',(6.297468278308E-2,6.297468278308E-2,
-4.675524931024E-2));
#4824=CARTESIAN_POINT('',(6.818888057178E-2,6.818888057178E-2,
-5.098653519633E-2));
#4825=CARTESIAN_POINT('',(4.147442079587E-2,6.168616218560E-2,
-3.735915792648E-2));
#4826=CARTESIAN_POINT('',(4.558995102078E-2,6.780731493618E-2,
-4.159044381258E-2));
#4827=CARTESIAN_POINT('',(4.970548124569E-2,7.392846768677E-2,
-4.582172969868E-2));
#4828=CARTESIAN_POINT('',(5.382101147060E-2,8.004962043736E-2,
-5.005301558477E-2));
#4829=CARTESIAN_POINT('',(2.845380196443E-2,6.869355460360E-2,
-3.633955253804E-2));
#4830=CARTESIAN_POINT('',(3.127728882093E-2,7.551005486575E-2,
-4.057083842414E-2));
#4831=CARTESIAN_POINT('',(3.410077567743E-2,8.232655512790E-2,
-4.480212431024E-2));
#4832=CARTESIAN_POINT('',(3.692426253394E-2,8.914305539005E-2,
-4.903341019633E-2));
#4833=CARTESIAN_POINT('',(1.429185939627E-2,7.294554777735E-2,
-3.531994714960E-2));
#4834=CARTESIAN_POINT('',(1.571004868467E-2,8.018397572618E-2,
-3.955123303570E-2));
#4835=CARTESIAN_POINT('',(1.712823797308E-2,8.742240367501E-2,
-4.378251892180E-2));
#4836=CARTESIAN_POINT('',(1.854642726148E-2,9.466083162384E-2,
-4.801380480789E-2));
#4837=CARTESIAN_POINT('',(0.E0,7.431167201860E-2,-3.438642753804E-2));
#4838=CARTESIAN_POINT('',(0.E0,8.168566124828E-2,-3.861771342414E-2));
#4839=CARTESIAN_POINT('',(0.E0,8.905965047797E-2,-4.284899931024E-2));
#4840=CARTESIAN_POINT('',(0.E0,9.643363970765E-2,-4.708028519633E-2));
#4841=CARTESIAN_POINT('',(-1.429185939627E-2,7.294554777735E-2,
-3.345290792648E-2));
#4842=CARTESIAN_POINT('',(-1.571004868467E-2,8.018397572618E-2,
-3.768419381258E-2));
#4843=CARTESIAN_POINT('',(-1.712823797308E-2,8.742240367501E-2,
-4.191547969868E-2));
#4844=CARTESIAN_POINT('',(-1.854642726148E-2,9.466083162384E-2,
-4.614676558477E-2));
#4845=CARTESIAN_POINT('',(-2.845380196443E-2,6.869355460360E-2,
-3.243330253804E-2));
#4846=CARTESIAN_POINT('',(-3.127728882093E-2,7.551005486575E-2,
-3.666458842414E-2));
#4847=CARTESIAN_POINT('',(-3.410077567743E-2,8.232655512790E-2,
-4.089587431024E-2));
#4848=CARTESIAN_POINT('',(-3.692426253394E-2,8.914305539005E-2,
-4.512716019633E-2));
#4849=CARTESIAN_POINT('',(-4.147442079587E-2,6.168616218560E-2,
-3.141369714960E-2));
#4850=CARTESIAN_POINT('',(-4.558995102078E-2,6.780731493618E-2,
-3.564498303570E-2));
#4851=CARTESIAN_POINT('',(-4.970548124569E-2,7.392846768677E-2,
-3.987626892180E-2));
#4852=CARTESIAN_POINT('',(-5.382101147060E-2,8.004962043735E-2,
-4.410755480789E-2));
#4853=CARTESIAN_POINT('',(-5.254628720566E-2,5.254628720566E-2,
-3.048017753804E-2));
#4854=CARTESIAN_POINT('',(-5.776048499437E-2,5.776048499437E-2,
-3.471146342414E-2));
#4855=CARTESIAN_POINT('',(-6.297468278308E-2,6.297468278308E-2,
-3.894274931024E-2));
#4856=CARTESIAN_POINT('',(-6.818888057178E-2,6.818888057178E-2,
-4.317403519633E-2));
#4857=CARTESIAN_POINT('',(-6.168616218560E-2,4.147442079587E-2,
-2.954665792648E-2));
#4858=CARTESIAN_POINT('',(-6.780731493618E-2,4.558995102078E-2,
-3.377794381258E-2));
#4859=CARTESIAN_POINT('',(-7.392846768677E-2,4.970548124569E-2,
-3.800922969868E-2));
#4860=CARTESIAN_POINT('',(-8.004962043735E-2,5.382101147060E-2,
-4.224051558477E-2));
#4861=CARTESIAN_POINT('',(-6.869355460360E-2,2.845380196443E-2,
-2.852705253804E-2));
#4862=CARTESIAN_POINT('',(-7.551005486575E-2,3.127728882093E-2,
-3.275833842414E-2));
#4863=CARTESIAN_POINT('',(-8.232655512790E-2,3.410077567743E-2,
-3.698962431024E-2));
#4864=CARTESIAN_POINT('',(-8.914305539005E-2,3.692426253394E-2,
-4.122091019633E-2));
#4865=CARTESIAN_POINT('',(-7.294554777735E-2,1.429185939627E-2,
-2.750744714960E-2));
#4866=CARTESIAN_POINT('',(-8.018397572618E-2,1.571004868467E-2,
-3.173873303570E-2));
#4867=CARTESIAN_POINT('',(-8.742240367501E-2,1.712823797308E-2,
-3.597001892180E-2));
#4868=CARTESIAN_POINT('',(-9.466083162384E-2,1.854642726149E-2,
-4.020130480789E-2));
#4869=CARTESIAN_POINT('',(-7.431167201860E-2,0.E0,-2.657392753804E-2));
#4870=CARTESIAN_POINT('',(-8.168566124828E-2,0.E0,-3.080521342414E-2));
#4871=CARTESIAN_POINT('',(-8.905965047797E-2,0.E0,-3.503649931024E-2));
#4872=CARTESIAN_POINT('',(-9.643363970765E-2,0.E0,-3.926778519633E-2));
#4873=CARTESIAN_POINT('',(-7.294554777735E-2,-1.429185939627E-2,
-2.564040792648E-2));
#4874=CARTESIAN_POINT('',(-8.018397572618E-2,-1.571004868467E-2,
-2.987169381258E-2));
#4875=CARTESIAN_POINT('',(-8.742240367501E-2,-1.712823797308E-2,
-3.410297969868E-2));
#4876=CARTESIAN_POINT('',(-9.466083162384E-2,-1.854642726148E-2,
-3.833426558477E-2));
#4877=CARTESIAN_POINT('',(-6.869355460360E-2,-2.845380196443E-2,
-2.462080253804E-2));
#4878=CARTESIAN_POINT('',(-7.551005486575E-2,-3.127728882093E-2,
-2.885208842414E-2));
#4879=CARTESIAN_POINT('',(-8.232655512790E-2,-3.410077567743E-2,
-3.308337431024E-2));
#4880=CARTESIAN_POINT('',(-8.914305539005E-2,-3.692426253394E-2,
-3.731466019633E-2));
#4881=CARTESIAN_POINT('',(-6.168616218560E-2,-4.147442079587E-2,
-2.360119714960E-2));
#4882=CARTESIAN_POINT('',(-6.780731493618E-2,-4.558995102078E-2,
-2.783248303570E-2));
#4883=CARTESIAN_POINT('',(-7.392846768677E-2,-4.970548124569E-2,
-3.206376892180E-2));
#4884=CARTESIAN_POINT('',(-8.004962043735E-2,-5.382101147060E-2,
-3.629505480789E-2));
#4885=CARTESIAN_POINT('',(-5.254628720566E-2,-5.254628720566E-2,
-2.266767753804E-2));
#4886=CARTESIAN_POINT('',(-5.776048499437E-2,-5.776048499437E-2,
-2.689896342414E-2));
#4887=CARTESIAN_POINT('',(-6.297468278308E-2,-6.297468278307E-2,
-3.113024931024E-2));
#4888=CARTESIAN_POINT('',(-6.818888057178E-2,-6.818888057178E-2,
-3.536153519633E-2));
#4889=CARTESIAN_POINT('',(-4.147442079587E-2,-6.168616218560E-2,
-2.173415792648E-2));
#4890=CARTESIAN_POINT('',(-4.558995102078E-2,-6.780731493618E-2,
-2.596544381258E-2));
#4891=CARTESIAN_POINT('',(-4.970548124569E-2,-7.392846768677E-2,
-3.019672969868E-2));
#4892=CARTESIAN_POINT('',(-5.382101147060E-2,-8.004962043736E-2,
-3.442801558477E-2));
#4893=CARTESIAN_POINT('',(-2.845380196443E-2,-6.869355460360E-2,
-2.071455253804E-2));
#4894=CARTESIAN_POINT('',(-3.127728882093E-2,-7.551005486575E-2,
-2.494583842414E-2));
#4895=CARTESIAN_POINT('',(-3.410077567743E-2,-8.232655512790E-2,
-2.917712431024E-2));
#4896=CARTESIAN_POINT('',(-3.692426253394E-2,-8.914305539005E-2,
-3.340841019633E-2));
#4897=CARTESIAN_POINT('',(-1.429185939627E-2,-7.294554777735E-2,
-1.969494714960E-2));
#4898=CARTESIAN_POINT('',(-1.571004868467E-2,-8.018397572618E-2,
-2.392623303570E-2));
#4899=CARTESIAN_POINT('',(-1.712823797308E-2,-8.742240367501E-2,
-2.815751892180E-2));
#4900=CARTESIAN_POINT('',(-1.854642726148E-2,-9.466083162384E-2,
-3.238880480789E-2));
#4901=CARTESIAN_POINT('',(0.E0,-7.431167201860E-2,-1.876142753804E-2));
#4902=CARTESIAN_POINT('',(0.E0,-8.168566124828E-2,-2.299271342414E-2));
#4903=CARTESIAN_POINT('',(0.E0,-8.905965047797E-2,-2.722399931024E-2));
#4904=CARTESIAN_POINT('',(0.E0,-9.643363970765E-2,-3.145528519633E-2));
#4905=CARTESIAN_POINT('',(1.429185939627E-2,-7.294554777735E-2,
-1.782790792648E-2));
#4906=CARTESIAN_POINT('',(1.571004868467E-2,-8.018397572618E-2,
-2.205919381258E-2));
#4907=CARTESIAN_POINT('',(1.712823797308E-2,-8.742240367501E-2,
-2.629047969868E-2));
#4908=CARTESIAN_POINT('',(1.854642726149E-2,-9.466083162384E-2,
-3.052176558477E-2));
#4909=CARTESIAN_POINT('',(2.845380196442E-2,-6.869355460360E-2,
-1.680830253804E-2));
#4910=CARTESIAN_POINT('',(3.127728882093E-2,-7.551005486575E-2,
-2.103958842414E-2));
#4911=CARTESIAN_POINT('',(3.410077567743E-2,-8.232655512790E-2,
-2.527087431024E-2));
#4912=CARTESIAN_POINT('',(3.692426253393E-2,-8.914305539005E-2,
-2.950216019633E-2));
#4913=CARTESIAN_POINT('',(4.147442079587E-2,-6.168616218560E-2,
-1.578869714960E-2));
#4914=CARTESIAN_POINT('',(4.558995102078E-2,-6.780731493618E-2,
-2.001998303570E-2));
#4915=CARTESIAN_POINT('',(4.970548124569E-2,-7.392846768677E-2,
-2.425126892180E-2));
#4916=CARTESIAN_POINT('',(5.382101147060E-2,-8.004962043735E-2,
-2.848255480789E-2));
#4917=CARTESIAN_POINT('',(5.254628720566E-2,-5.254628720566E-2,
-1.485517753804E-2));
#4918=CARTESIAN_POINT('',(5.776048499437E-2,-5.776048499437E-2,
-1.908646342414E-2));
#4919=CARTESIAN_POINT('',(6.297468278307E-2,-6.297468278308E-2,
-2.331774931024E-2));
#4920=CARTESIAN_POINT('',(6.818888057178E-2,-6.818888057178E-2,
-2.754903519633E-2));
#4921=CARTESIAN_POINT('',(6.168616218560E-2,-4.147442079587E-2,
-1.392165792648E-2));
#4922=CARTESIAN_POINT('',(6.780731493618E-2,-4.558995102078E-2,
-1.815294381258E-2));
#4923=CARTESIAN_POINT('',(7.392846768677E-2,-4.970548124569E-2,
-2.238422969868E-2));
#4924=CARTESIAN_POINT('',(8.004962043736E-2,-5.382101147060E-2,
-2.661551558477E-2));
#4925=CARTESIAN_POINT('',(6.869355460360E-2,-2.845380196443E-2,
-1.290205253804E-2));
#4926=CARTESIAN_POINT('',(7.551005486575E-2,-3.127728882093E-2,
-1.713333842414E-2));
#4927=CARTESIAN_POINT('',(8.232655512790E-2,-3.410077567743E-2,
-2.136462431024E-2));
#4928=CARTESIAN_POINT('',(8.914305539005E-2,-3.692426253394E-2,
-2.559591019633E-2));
#4929=CARTESIAN_POINT('',(7.294554777735E-2,-1.429185939627E-2,
-1.188244714960E-2));
#4930=CARTESIAN_POINT('',(8.018397572618E-2,-1.571004868467E-2,
-1.611373303570E-2));
#4931=CARTESIAN_POINT('',(8.742240367501E-2,-1.712823797308E-2,
-2.034501892180E-2));
#4932=CARTESIAN_POINT('',(9.466083162384E-2,-1.854642726148E-2,
-2.457630480789E-2));
#4933=CARTESIAN_POINT('',(7.431167201860E-2,0.E0,-1.094892753804E-2));
#4934=CARTESIAN_POINT('',(8.168566124828E-2,0.E0,-1.518021342414E-2));
#4935=CARTESIAN_POINT('',(8.905965047797E-2,0.E0,-1.941149931024E-2));
#4936=CARTESIAN_POINT('',(9.643363970765E-2,0.E0,-2.364278519633E-2));
#4937=CARTESIAN_POINT('',(7.294554777735E-2,1.429185939627E-2,
-1.001540792648E-2));
#4938=CARTESIAN_POINT('',(8.018397572618E-2,1.571004868467E-2,
-1.424669381258E-2));
#4939=CARTESIAN_POINT('',(8.742240367501E-2,1.712823797308E-2,
-1.847797969868E-2));
#4940=CARTESIAN_POINT('',(9.466083162384E-2,1.854642726148E-2,
-2.270926558477E-2));
#4941=CARTESIAN_POINT('',(6.869355460360E-2,2.845380196442E-2,
-8.995802538044E-3));
#4942=CARTESIAN_POINT('',(7.551005486575E-2,3.127728882093E-2,
-1.322708842414E-2));
#4943=CARTESIAN_POINT('',(8.232655512790E-2,3.410077567743E-2,
-1.745837431024E-2));
#4944=CARTESIAN_POINT('',(8.914305539005E-2,3.692426253393E-2,
-2.168966019633E-2));
#4945=CARTESIAN_POINT('',(6.168616218560E-2,4.147442079587E-2,
-7.976197149605E-3));
#4946=CARTESIAN_POINT('',(6.780731493618E-2,4.558995102078E-2,
-1.220748303570E-2));
#4947=CARTESIAN_POINT('',(7.392846768677E-2,4.970548124569E-2,
-1.643876892180E-2));
#4948=CARTESIAN_POINT('',(8.004962043735E-2,5.382101147060E-2,
-2.067005480789E-2));
#4949=CARTESIAN_POINT('',(5.254628720566E-2,5.254628720566E-2,
-7.042677538044E-3));
#4950=CARTESIAN_POINT('',(5.776048499437E-2,5.776048499437E-2,
-1.127396342414E-2));
#4951=CARTESIAN_POINT('',(6.297468278308E-2,6.297468278307E-2,
-1.550524931024E-2));
#4952=CARTESIAN_POINT('',(6.818888057178E-2,6.818888057178E-2,
-1.973653519633E-2));
#4953=CARTESIAN_POINT('',(4.147442079587E-2,6.168616218560E-2,
-6.109157926483E-3));
#4954=CARTESIAN_POINT('',(4.558995102078E-2,6.780731493618E-2,
-1.034044381258E-2));
#4955=CARTESIAN_POINT('',(4.970548124569E-2,7.392846768677E-2,
-1.457172969868E-2));
#4956=CARTESIAN_POINT('',(5.382101147060E-2,8.004962043736E-2,
-1.880301558477E-2));
#4957=CARTESIAN_POINT('',(2.845380196443E-2,6.869355460360E-2,
-5.089552538044E-3));
#4958=CARTESIAN_POINT('',(3.127728882093E-2,7.551005486575E-2,
-9.320838424140E-3));
#4959=CARTESIAN_POINT('',(3.410077567743E-2,8.232655512790E-2,
-1.355212431024E-2));
#4960=CARTESIAN_POINT('',(3.692426253394E-2,8.914305539005E-2,
-1.778341019633E-2));
#4961=CARTESIAN_POINT('',(1.429185939627E-2,7.294554777735E-2,
-4.069947149605E-3));
#4962=CARTESIAN_POINT('',(1.571004868467E-2,8.018397572618E-2,
-8.301233035701E-3));
#4963=CARTESIAN_POINT('',(1.712823797308E-2,8.742240367501E-2,
-1.253251892180E-2));
#4964=CARTESIAN_POINT('',(1.854642726148E-2,9.466083162384E-2,
-1.676380480789E-2));
#4965=CARTESIAN_POINT('',(0.E0,7.431167201860E-2,-3.136427538044E-3));
#4966=CARTESIAN_POINT('',(0.E0,8.168566124828E-2,-7.367713424140E-3));
#4967=CARTESIAN_POINT('',(0.E0,8.905965047797E-2,-1.159899931024E-2));
#4968=CARTESIAN_POINT('',(0.E0,9.643363970765E-2,-1.583028519633E-2));
#4969=CARTESIAN_POINT('',(-1.429185939627E-2,7.294554777735E-2,
-2.202907926483E-3));
#4970=CARTESIAN_POINT('',(-1.571004868467E-2,8.018397572618E-2,
-6.434193812579E-3));
#4971=CARTESIAN_POINT('',(-1.712823797308E-2,8.742240367501E-2,
-1.066547969868E-2));
#4972=CARTESIAN_POINT('',(-1.854642726148E-2,9.466083162384E-2,
-1.489676558477E-2));
#4973=CARTESIAN_POINT('',(-2.845380196443E-2,6.869355460360E-2,
-1.183302538044E-3));
#4974=CARTESIAN_POINT('',(-3.127728882093E-2,7.551005486575E-2,
-5.414588424140E-3));
#4975=CARTESIAN_POINT('',(-3.410077567743E-2,8.232655512790E-2,
-9.645874310236E-3));
#4976=CARTESIAN_POINT('',(-3.692426253394E-2,8.914305539005E-2,
-1.387716019633E-2));
#4977=CARTESIAN_POINT('',(-4.147442079587E-2,6.168616218560E-2,
-1.636971496050E-4));
#4978=CARTESIAN_POINT('',(-4.558995102078E-2,6.780731493618E-2,
-4.394983035701E-3));
#4979=CARTESIAN_POINT('',(-4.970548124569E-2,7.392846768677E-2,
-8.626268921797E-3));
#4980=CARTESIAN_POINT('',(-5.382101147060E-2,8.004962043736E-2,
-1.285755480789E-2));
#4981=CARTESIAN_POINT('',(-5.254628720566E-2,5.254628720566E-2,
7.698224619559E-4));
#4982=CARTESIAN_POINT('',(-5.776048499437E-2,5.776048499437E-2,
-3.461463424140E-3));
#4983=CARTESIAN_POINT('',(-6.297468278308E-2,6.297468278308E-2,
-7.692749310236E-3));
#4984=CARTESIAN_POINT('',(-6.818888057178E-2,6.818888057178E-2,
-1.192403519633E-2));
#4985=CARTESIAN_POINT('',(-6.168616218560E-2,4.147442079587E-2,
1.703342073517E-3));
#4986=CARTESIAN_POINT('',(-6.780731493618E-2,4.558995102078E-2,
-2.527943812579E-3));
#4987=CARTESIAN_POINT('',(-7.392846768677E-2,4.970548124569E-2,
-6.759229698675E-3));
#4988=CARTESIAN_POINT('',(-8.004962043735E-2,5.382101147060E-2,
-1.099051558477E-2));
#4989=CARTESIAN_POINT('',(-6.869355460360E-2,2.845380196443E-2,
2.722947461956E-3));
#4990=CARTESIAN_POINT('',(-7.551005486575E-2,3.127728882093E-2,
-1.508338424140E-3));
#4991=CARTESIAN_POINT('',(-8.232655512790E-2,3.410077567743E-2,
-5.739624310236E-3));
#4992=CARTESIAN_POINT('',(-8.914305539005E-2,3.692426253394E-2,
-9.970910196332E-3));
#4993=CARTESIAN_POINT('',(-7.294554777735E-2,1.429185939627E-2,
3.742552850395E-3));
#4994=CARTESIAN_POINT('',(-8.018397572618E-2,1.571004868467E-2,
-4.887330357009E-4));
#4995=CARTESIAN_POINT('',(-8.742240367501E-2,1.712823797308E-2,
-4.720018921797E-3));
#4996=CARTESIAN_POINT('',(-9.466083162384E-2,1.854642726149E-2,
-8.951304807893E-3));
#4997=CARTESIAN_POINT('',(-7.431167201860E-2,0.E0,4.676072461956E-3));
#4998=CARTESIAN_POINT('',(-8.168566124828E-2,0.E0,4.447865758600E-4));
#4999=CARTESIAN_POINT('',(-8.905965047797E-2,0.E0,-3.786499310236E-3));
#5000=CARTESIAN_POINT('',(-9.643363970765E-2,0.E0,-8.017785196332E-3));
#5001=CARTESIAN_POINT('',(-7.294554777735E-2,-1.429185939627E-2,
5.609592073516E-3));
#5002=CARTESIAN_POINT('',(-8.018397572618E-2,-1.571004868467E-2,
1.378306187421E-3));
#5003=CARTESIAN_POINT('',(-8.742240367501E-2,-1.712823797308E-2,
-2.852979698675E-3));
#5004=CARTESIAN_POINT('',(-9.466083162384E-2,-1.854642726148E-2,
-7.084265584771E-3));
#5005=CARTESIAN_POINT('',(-6.869355460360E-2,-2.845380196443E-2,
6.629197461956E-3));
#5006=CARTESIAN_POINT('',(-7.551005486575E-2,-3.127728882093E-2,
2.397911575860E-3));
#5007=CARTESIAN_POINT('',(-8.232655512790E-2,-3.410077567743E-2,
-1.833374310236E-3));
#5008=CARTESIAN_POINT('',(-8.914305539005E-2,-3.692426253394E-2,
-6.064660196332E-3));
#5009=CARTESIAN_POINT('',(-6.168616218560E-2,-4.147442079587E-2,
7.648802850395E-3));
#5010=CARTESIAN_POINT('',(-6.780731493618E-2,-4.558995102078E-2,
3.417516964299E-3));
#5011=CARTESIAN_POINT('',(-7.392846768677E-2,-4.970548124569E-2,
-8.137689217967E-4));
#5012=CARTESIAN_POINT('',(-8.004962043736E-2,-5.382101147060E-2,
-5.045054807893E-3));
#5013=CARTESIAN_POINT('',(-5.254628720566E-2,-5.254628720566E-2,
8.582322461956E-3));
#5014=CARTESIAN_POINT('',(-5.776048499437E-2,-5.776048499437E-2,
4.351036575860E-3));
#5015=CARTESIAN_POINT('',(-6.297468278308E-2,-6.297468278308E-2,
1.197506897642E-4));
#5016=CARTESIAN_POINT('',(-6.818888057178E-2,-6.818888057178E-2,
-4.111535196332E-3));
#5017=CARTESIAN_POINT('',(-4.147442079587E-2,-6.168616218560E-2,
9.515842073517E-3));
#5018=CARTESIAN_POINT('',(-4.558995102078E-2,-6.780731493618E-2,
5.284556187421E-3));
#5019=CARTESIAN_POINT('',(-4.970548124569E-2,-7.392846768677E-2,
1.053270301325E-3));
#5020=CARTESIAN_POINT('',(-5.382101147060E-2,-8.004962043735E-2,
-3.178015584771E-3));
#5021=CARTESIAN_POINT('',(-2.845380196443E-2,-6.869355460360E-2,
1.053544746196E-2));
#5022=CARTESIAN_POINT('',(-3.127728882093E-2,-7.551005486575E-2,
6.304161575860E-3));
#5023=CARTESIAN_POINT('',(-3.410077567743E-2,-8.232655512790E-2,
2.072875689764E-3));
#5024=CARTESIAN_POINT('',(-3.692426253394E-2,-8.914305539005E-2,
-2.158410196332E-3));
#5025=CARTESIAN_POINT('',(-1.429185939627E-2,-7.294554777735E-2,
1.155505285039E-2));
#5026=CARTESIAN_POINT('',(-1.571004868467E-2,-8.018397572618E-2,
7.323766964299E-3));
#5027=CARTESIAN_POINT('',(-1.712823797308E-2,-8.742240367501E-2,
3.092481078203E-3));
#5028=CARTESIAN_POINT('',(-1.854642726149E-2,-9.466083162384E-2,
-1.138804807893E-3));
#5029=CARTESIAN_POINT('',(0.E0,-7.431167201860E-2,1.248857246196E-2));
#5030=CARTESIAN_POINT('',(0.E0,-8.168566124828E-2,8.257286575860E-3));
#5031=CARTESIAN_POINT('',(0.E0,-8.905965047797E-2,4.026000689764E-3));
#5032=CARTESIAN_POINT('',(0.E0,-9.643363970765E-2,-2.052851963317E-4));
#5033=CARTESIAN_POINT('',(1.429185939627E-2,-7.294554777735E-2,
1.342209207352E-2));
#5034=CARTESIAN_POINT('',(1.571004868467E-2,-8.018397572618E-2,
9.190806187421E-3));
#5035=CARTESIAN_POINT('',(1.712823797308E-2,-8.742240367501E-2,
4.959520301325E-3));
#5036=CARTESIAN_POINT('',(1.854642726148E-2,-9.466083162384E-2,
7.282344152290E-4));
#5037=CARTESIAN_POINT('',(2.845380196443E-2,-6.869355460360E-2,
1.444169746196E-2));
#5038=CARTESIAN_POINT('',(3.127728882093E-2,-7.551005486575E-2,
1.021041157586E-2));
#5039=CARTESIAN_POINT('',(3.410077567743E-2,-8.232655512790E-2,
5.979125689764E-3));
#5040=CARTESIAN_POINT('',(3.692426253394E-2,-8.914305539005E-2,
1.747839803668E-3));
#5041=CARTESIAN_POINT('',(4.147442079587E-2,-6.168616218560E-2,
1.546130285040E-2));
#5042=CARTESIAN_POINT('',(4.558995102078E-2,-6.780731493618E-2,
1.123001696430E-2));
#5043=CARTESIAN_POINT('',(4.970548124569E-2,-7.392846768677E-2,
6.998731078203E-3));
#5044=CARTESIAN_POINT('',(5.382101147060E-2,-8.004962043736E-2,
2.767445192108E-3));
#5045=CARTESIAN_POINT('',(5.254628720566E-2,-5.254628720566E-2,
1.639482246196E-2));
#5046=CARTESIAN_POINT('',(5.776048499437E-2,-5.776048499437E-2,
1.216353657586E-2));
#5047=CARTESIAN_POINT('',(6.297468278308E-2,-6.297468278308E-2,
7.932250689764E-3));
#5048=CARTESIAN_POINT('',(6.818888057178E-2,-6.818888057178E-2,
3.700964803668E-3));
#5049=CARTESIAN_POINT('',(6.168616218560E-2,-4.147442079587E-2,
1.732834207352E-2));
#5050=CARTESIAN_POINT('',(6.780731493618E-2,-4.558995102078E-2,
1.309705618742E-2));
#5051=CARTESIAN_POINT('',(7.392846768677E-2,-4.970548124569E-2,
8.865770301325E-3));
#5052=CARTESIAN_POINT('',(8.004962043735E-2,-5.382101147060E-2,
4.634484415229E-3));
#5053=CARTESIAN_POINT('',(6.869355460360E-2,-2.845380196443E-2,
1.834794746196E-2));
#5054=CARTESIAN_POINT('',(7.551005486575E-2,-3.127728882093E-2,
1.411666157586E-2));
#5055=CARTESIAN_POINT('',(8.232655512790E-2,-3.410077567743E-2,
9.885375689764E-3));
#5056=CARTESIAN_POINT('',(8.914305539005E-2,-3.692426253394E-2,
5.654089803668E-3));
#5057=CARTESIAN_POINT('',(7.294554777735E-2,-1.429185939627E-2,
1.936755285040E-2));
#5058=CARTESIAN_POINT('',(8.018397572618E-2,-1.571004868467E-2,
1.513626696430E-2));
#5059=CARTESIAN_POINT('',(8.742240367501E-2,-1.712823797308E-2,
1.090498107820E-2));
#5060=CARTESIAN_POINT('',(9.466083162384E-2,-1.854642726149E-2,
6.673695192107E-3));
#5061=CARTESIAN_POINT('',(7.431167201860E-2,0.E0,2.030107246196E-2));
#5062=CARTESIAN_POINT('',(8.168566124828E-2,0.E0,1.606978657586E-2));
#5063=CARTESIAN_POINT('',(8.905965047797E-2,0.E0,1.183850068976E-2));
#5064=CARTESIAN_POINT('',(9.643363970765E-2,0.E0,7.607214803668E-3));
#5065=CARTESIAN_POINT('',(7.294554777735E-2,1.429185939627E-2,
2.123459207352E-2));
#5066=CARTESIAN_POINT('',(8.018397572618E-2,1.571004868467E-2,
1.700330618742E-2));
#5067=CARTESIAN_POINT('',(8.742240367501E-2,1.712823797308E-2,
1.277202030132E-2));
#5068=CARTESIAN_POINT('',(9.466083162384E-2,1.854642726148E-2,
8.540734415229E-3));
#5069=CARTESIAN_POINT('',(6.869355460360E-2,2.845380196443E-2,
2.225419746196E-2));
#5070=CARTESIAN_POINT('',(7.551005486575E-2,3.127728882093E-2,
1.802291157586E-2));
#5071=CARTESIAN_POINT('',(8.232655512790E-2,3.410077567743E-2,
1.379162568976E-2));
#5072=CARTESIAN_POINT('',(8.914305539005E-2,3.692426253394E-2,
9.560339803668E-3));
#5073=CARTESIAN_POINT('',(6.168616218560E-2,4.147442079587E-2,
2.327380285040E-2));
#5074=CARTESIAN_POINT('',(6.780731493618E-2,4.558995102078E-2,
1.904251696430E-2));
#5075=CARTESIAN_POINT('',(7.392846768677E-2,4.970548124569E-2,
1.481123107820E-2));
#5076=CARTESIAN_POINT('',(8.004962043735E-2,5.382101147060E-2,
1.057994519211E-2));
#5077=CARTESIAN_POINT('',(5.254628720566E-2,5.254628720566E-2,
2.420732246196E-2));
#5078=CARTESIAN_POINT('',(5.776048499437E-2,5.776048499437E-2,
1.997603657586E-2));
#5079=CARTESIAN_POINT('',(6.297468278308E-2,6.297468278307E-2,
1.574475068976E-2));
#5080=CARTESIAN_POINT('',(6.818888057178E-2,6.818888057178E-2,
1.151346480367E-2));
#5081=CARTESIAN_POINT('',(4.147442079587E-2,6.168616218560E-2,
2.514084207352E-2));
#5082=CARTESIAN_POINT('',(4.558995102078E-2,6.780731493618E-2,
2.090955618742E-2));
#5083=CARTESIAN_POINT('',(4.970548124569E-2,7.392846768677E-2,
1.667827030132E-2));
#5084=CARTESIAN_POINT('',(5.382101147060E-2,8.004962043736E-2,
1.244698441523E-2));
#5085=CARTESIAN_POINT('',(2.845380196443E-2,6.869355460360E-2,
2.616044746196E-2));
#5086=CARTESIAN_POINT('',(3.127728882093E-2,7.551005486575E-2,
2.192916157586E-2));
#5087=CARTESIAN_POINT('',(3.410077567744E-2,8.232655512790E-2,
1.769787568976E-2));
#5088=CARTESIAN_POINT('',(3.692426253394E-2,8.914305539005E-2,
1.346658980367E-2));
#5089=CARTESIAN_POINT('',(1.429185939627E-2,7.294554777735E-2,
2.718005285040E-2));
#5090=CARTESIAN_POINT('',(1.571004868467E-2,8.018397572618E-2,
2.294876696430E-2));
#5091=CARTESIAN_POINT('',(1.712823797308E-2,8.742240367501E-2,
1.871748107820E-2));
#5092=CARTESIAN_POINT('',(1.854642726148E-2,9.466083162384E-2,
1.448619519211E-2));
#5093=CARTESIAN_POINT('',(0.E0,7.431167201860E-2,2.811357246196E-2));
#5094=CARTESIAN_POINT('',(0.E0,8.168566124828E-2,2.388228657586E-2));
#5095=CARTESIAN_POINT('',(0.E0,8.905965047797E-2,1.965100068976E-2));
#5096=CARTESIAN_POINT('',(0.E0,9.643363970765E-2,1.541971480367E-2));
#5097=CARTESIAN_POINT('',(-1.429185939627E-2,7.294554777735E-2,
2.904709207352E-2));
#5098=CARTESIAN_POINT('',(-1.571004868467E-2,8.018397572618E-2,
2.481580618742E-2));
#5099=CARTESIAN_POINT('',(-1.712823797308E-2,8.742240367501E-2,
2.058452030132E-2));
#5100=CARTESIAN_POINT('',(-1.854642726148E-2,9.466083162384E-2,
1.635323441523E-2));
#5101=CARTESIAN_POINT('',(-2.845380196443E-2,6.869355460360E-2,
3.006669746196E-2));
#5102=CARTESIAN_POINT('',(-3.127728882093E-2,7.551005486575E-2,
2.583541157586E-2));
#5103=CARTESIAN_POINT('',(-3.410077567743E-2,8.232655512790E-2,
2.160412568976E-2));
#5104=CARTESIAN_POINT('',(-3.692426253393E-2,8.914305539005E-2,
1.737283980367E-2));
#5105=CARTESIAN_POINT('',(-4.147442079587E-2,6.168616218560E-2,
3.108630285040E-2));
#5106=CARTESIAN_POINT('',(-4.558995102078E-2,6.780731493618E-2,
2.685501696430E-2));
#5107=CARTESIAN_POINT('',(-4.970548124569E-2,7.392846768677E-2,
2.262373107820E-2));
#5108=CARTESIAN_POINT('',(-5.382101147060E-2,8.004962043735E-2,
1.839244519211E-2));
#5109=CARTESIAN_POINT('',(-5.254628720566E-2,5.254628720566E-2,
3.201982246196E-2));
#5110=CARTESIAN_POINT('',(-5.776048499437E-2,5.776048499437E-2,
2.778853657586E-2));
#5111=CARTESIAN_POINT('',(-6.297468278308E-2,6.297468278308E-2,
2.355725068976E-2));
#5112=CARTESIAN_POINT('',(-6.818888057178E-2,6.818888057178E-2,
1.932596480367E-2));
#5113=CARTESIAN_POINT('',(-6.168616218560E-2,4.147442079587E-2,
3.295334207352E-2));
#5114=CARTESIAN_POINT('',(-6.780731493618E-2,4.558995102078E-2,
2.872205618742E-2));
#5115=CARTESIAN_POINT('',(-7.392846768677E-2,4.970548124569E-2,
2.449077030132E-2));
#5116=CARTESIAN_POINT('',(-8.004962043735E-2,5.382101147060E-2,
2.025948441523E-2));
#5117=CARTESIAN_POINT('',(-6.869355460360E-2,2.845380196443E-2,
3.397294746196E-2));
#5118=CARTESIAN_POINT('',(-7.551005486575E-2,3.127728882093E-2,
2.974166157586E-2));
#5119=CARTESIAN_POINT('',(-8.232655512790E-2,3.410077567743E-2,
2.551037568976E-2));
#5120=CARTESIAN_POINT('',(-8.914305539005E-2,3.692426253394E-2,
2.127908980367E-2));
#5121=CARTESIAN_POINT('',(-7.294554777735E-2,1.429185939627E-2,
3.499255285040E-2));
#5122=CARTESIAN_POINT('',(-8.018397572618E-2,1.571004868467E-2,
3.076126696430E-2));
#5123=CARTESIAN_POINT('',(-8.742240367501E-2,1.712823797308E-2,
2.652998107820E-2));
#5124=CARTESIAN_POINT('',(-9.466083162384E-2,1.854642726148E-2,
2.229869519211E-2));
#5125=CARTESIAN_POINT('',(-7.431167201860E-2,0.E0,3.592607246196E-2));
#5126=CARTESIAN_POINT('',(-8.168566124828E-2,0.E0,3.169478657586E-2));
#5127=CARTESIAN_POINT('',(-8.905965047797E-2,0.E0,2.746350068976E-2));
#5128=CARTESIAN_POINT('',(-9.643363970765E-2,0.E0,2.323221480367E-2));
#5129=CARTESIAN_POINT('',(-7.294554777735E-2,-1.429185939627E-2,
3.685959207352E-2));
#5130=CARTESIAN_POINT('',(-8.018397572618E-2,-1.571004868467E-2,
3.262830618742E-2));
#5131=CARTESIAN_POINT('',(-8.742240367501E-2,-1.712823797308E-2,
2.839702030132E-2));
#5132=CARTESIAN_POINT('',(-9.466083162384E-2,-1.854642726148E-2,
2.416573441523E-2));
#5133=CARTESIAN_POINT('',(-6.869355460360E-2,-2.845380196443E-2,
3.787919746196E-2));
#5134=CARTESIAN_POINT('',(-7.551005486575E-2,-3.127728882093E-2,
3.364791157586E-2));
#5135=CARTESIAN_POINT('',(-8.232655512790E-2,-3.410077567743E-2,
2.941662568976E-2));
#5136=CARTESIAN_POINT('',(-8.914305539005E-2,-3.692426253393E-2,
2.518533980367E-2));
#5137=CARTESIAN_POINT('',(-6.168616218560E-2,-4.147442079587E-2,
3.889880285040E-2));
#5138=CARTESIAN_POINT('',(-6.780731493618E-2,-4.558995102078E-2,
3.466751696430E-2));
#5139=CARTESIAN_POINT('',(-7.392846768677E-2,-4.970548124569E-2,
3.043623107820E-2));
#5140=CARTESIAN_POINT('',(-8.004962043735E-2,-5.382101147060E-2,
2.620494519211E-2));
#5141=CARTESIAN_POINT('',(-5.254628720566E-2,-5.254628720566E-2,
3.983232246196E-2));
#5142=CARTESIAN_POINT('',(-5.776048499437E-2,-5.776048499437E-2,
3.560103657586E-2));
#5143=CARTESIAN_POINT('',(-6.297468278308E-2,-6.297468278307E-2,
3.136975068976E-2));
#5144=CARTESIAN_POINT('',(-6.818888057178E-2,-6.818888057178E-2,
2.713846480367E-2));
#5145=CARTESIAN_POINT('',(-4.147442079587E-2,-6.168616218560E-2,
4.076584207352E-2));
#5146=CARTESIAN_POINT('',(-4.558995102078E-2,-6.780731493618E-2,
3.653455618742E-2));
#5147=CARTESIAN_POINT('',(-4.970548124569E-2,-7.392846768677E-2,
3.230327030132E-2));
#5148=CARTESIAN_POINT('',(-5.382101147060E-2,-8.004962043735E-2,
2.807198441523E-2));
#5149=CARTESIAN_POINT('',(-2.845380196443E-2,-6.869355460360E-2,
4.178544746196E-2));
#5150=CARTESIAN_POINT('',(-3.127728882093E-2,-7.551005486575E-2,
3.755416157586E-2));
#5151=CARTESIAN_POINT('',(-3.410077567743E-2,-8.232655512790E-2,
3.332287568976E-2));
#5152=CARTESIAN_POINT('',(-3.692426253394E-2,-8.914305539005E-2,
2.909158980367E-2));
#5153=CARTESIAN_POINT('',(-1.429185939627E-2,-7.294554777735E-2,
4.280505285040E-2));
#5154=CARTESIAN_POINT('',(-1.571004868467E-2,-8.018397572618E-2,
3.857376696430E-2));
#5155=CARTESIAN_POINT('',(-1.712823797308E-2,-8.742240367501E-2,
3.434248107820E-2));
#5156=CARTESIAN_POINT('',(-1.854642726148E-2,-9.466083162384E-2,
3.011119519211E-2));
#5157=CARTESIAN_POINT('',(0.E0,-7.431167201860E-2,4.373857246196E-2));
#5158=CARTESIAN_POINT('',(0.E0,-8.168566124828E-2,3.950728657586E-2));
#5159=CARTESIAN_POINT('',(0.E0,-8.905965047797E-2,3.527600068976E-2));
#5160=CARTESIAN_POINT('',(0.E0,-9.643363970765E-2,3.104471480367E-2));
#5161=CARTESIAN_POINT('',(1.429185939627E-2,-7.294554777735E-2,
4.467209207352E-2));
#5162=CARTESIAN_POINT('',(1.571004868467E-2,-8.018397572618E-2,
4.044080618742E-2));
#5163=CARTESIAN_POINT('',(1.712823797308E-2,-8.742240367501E-2,
3.620952030132E-2));
#5164=CARTESIAN_POINT('',(1.854642726148E-2,-9.466083162384E-2,
3.197823441523E-2));
#5165=CARTESIAN_POINT('',(2.845380196443E-2,-6.869355460360E-2,
4.569169746196E-2));
#5166=CARTESIAN_POINT('',(3.127728882093E-2,-7.551005486575E-2,
4.146041157586E-2));
#5167=CARTESIAN_POINT('',(3.410077567743E-2,-8.232655512790E-2,
3.722912568976E-2));
#5168=CARTESIAN_POINT('',(3.692426253394E-2,-8.914305539005E-2,
3.299783980367E-2));
#5169=CARTESIAN_POINT('',(4.147442079587E-2,-6.168616218560E-2,
4.671130285040E-2));
#5170=CARTESIAN_POINT('',(4.558995102078E-2,-6.780731493618E-2,
4.248001696430E-2));
#5171=CARTESIAN_POINT('',(4.970548124569E-2,-7.392846768677E-2,
3.824873107820E-2));
#5172=CARTESIAN_POINT('',(5.382101147060E-2,-8.004962043736E-2,
3.401744519211E-2));
#5173=CARTESIAN_POINT('',(5.254628720566E-2,-5.254628720566E-2,
4.764482246196E-2));
#5174=CARTESIAN_POINT('',(5.776048499437E-2,-5.776048499437E-2,
4.341353657586E-2));
#5175=CARTESIAN_POINT('',(6.297468278308E-2,-6.297468278308E-2,
3.918225068976E-2));
#5176=CARTESIAN_POINT('',(6.818888057178E-2,-6.818888057178E-2,
3.495096480367E-2));
#5177=CARTESIAN_POINT('',(6.168616218560E-2,-4.147442079587E-2,
4.857834207352E-2));
#5178=CARTESIAN_POINT('',(6.780731493618E-2,-4.558995102078E-2,
4.434705618742E-2));
#5179=CARTESIAN_POINT('',(7.392846768677E-2,-4.970548124569E-2,
4.011577030132E-2));
#5180=CARTESIAN_POINT('',(8.004962043735E-2,-5.382101147060E-2,
3.588448441523E-2));
#5181=CARTESIAN_POINT('',(6.869355460360E-2,-2.845380196443E-2,
4.959794746196E-2));
#5182=CARTESIAN_POINT('',(7.551005486575E-2,-3.127728882093E-2,
4.536666157586E-2));
#5183=CARTESIAN_POINT('',(8.232655512790E-2,-3.410077567743E-2,
4.113537568976E-2));
#5184=CARTESIAN_POINT('',(8.914305539005E-2,-3.692426253394E-2,
3.690408980367E-2));
#5185=CARTESIAN_POINT('',(7.294554777735E-2,-1.429185939627E-2,
5.061755285040E-2));
#5186=CARTESIAN_POINT('',(8.018397572618E-2,-1.571004868467E-2,
4.638626696430E-2));
#5187=CARTESIAN_POINT('',(8.742240367501E-2,-1.712823797308E-2,
4.215498107820E-2));
#5188=CARTESIAN_POINT('',(9.466083162384E-2,-1.854642726149E-2,
3.792369519211E-2));
#5189=CARTESIAN_POINT('',(7.431167201860E-2,0.E0,5.155107246196E-2));
#5190=CARTESIAN_POINT('',(8.168566124828E-2,0.E0,4.731978657586E-2));
#5191=CARTESIAN_POINT('',(8.905965047797E-2,0.E0,4.308850068976E-2));
#5192=CARTESIAN_POINT('',(9.643363970765E-2,0.E0,3.885721480367E-2));
#5193=CARTESIAN_POINT('',(7.294554777735E-2,1.429185939627E-2,
5.248459207352E-2));
#5194=CARTESIAN_POINT('',(8.018397572618E-2,1.571004868467E-2,
4.825330618742E-2));
#5195=CARTESIAN_POINT('',(8.742240367501E-2,1.712823797308E-2,
4.402202030132E-2));
#5196=CARTESIAN_POINT('',(9.466083162384E-2,1.854642726148E-2,
3.979073441523E-2));
#5197=CARTESIAN_POINT('',(6.869355460360E-2,2.845380196443E-2,
5.350419746196E-2));
#5198=CARTESIAN_POINT('',(7.551005486575E-2,3.127728882093E-2,
4.927291157586E-2));
#5199=CARTESIAN_POINT('',(8.232655512790E-2,3.410077567743E-2,
4.504162568976E-2));
#5200=CARTESIAN_POINT('',(8.914305539005E-2,3.692426253394E-2,
4.081033980367E-2));
#5201=CARTESIAN_POINT('',(6.168616218560E-2,4.147442079587E-2,
5.452380285040E-2));
#5202=CARTESIAN_POINT('',(6.780731493618E-2,4.558995102078E-2,
5.029251696430E-2));
#5203=CARTESIAN_POINT('',(7.392846768677E-2,4.970548124569E-2,
4.606123107820E-2));
#5204=CARTESIAN_POINT('',(8.004962043736E-2,5.382101147060E-2,
4.182994519211E-2));
#5205=CARTESIAN_POINT('',(5.254628720566E-2,5.254628720566E-2,
5.545732246196E-2));
#5206=CARTESIAN_POINT('',(5.776048499437E-2,5.776048499437E-2,
5.122603657586E-2));
#5207=CARTESIAN_POINT('',(6.297468278308E-2,6.297468278308E-2,
4.699475068976E-2));
#5208=CARTESIAN_POINT('',(6.818888057178E-2,6.818888057178E-2,
4.276346480367E-2));
#5209=CARTESIAN_POINT('',(4.147442079587E-2,6.168616218560E-2,
5.639084207352E-2));
#5210=CARTESIAN_POINT('',(4.558995102078E-2,6.780731493618E-2,
5.215955618742E-2));
#5211=CARTESIAN_POINT('',(4.970548124569E-2,7.392846768677E-2,
4.792827030132E-2));
#5212=CARTESIAN_POINT('',(5.382101147060E-2,8.004962043735E-2,
4.369698441523E-2));
#5213=CARTESIAN_POINT('',(2.845380196443E-2,6.869355460360E-2,
5.741044746196E-2));
#5214=CARTESIAN_POINT('',(3.127728882093E-2,7.551005486575E-2,
5.317916157586E-2));
#5215=CARTESIAN_POINT('',(3.410077567743E-2,8.232655512790E-2,
4.894787568976E-2));
#5216=CARTESIAN_POINT('',(3.692426253394E-2,8.914305539005E-2,
4.471658980367E-2));
#5217=CARTESIAN_POINT('',(1.429185939627E-2,7.294554777735E-2,
5.843005285040E-2));
#5218=CARTESIAN_POINT('',(1.571004868467E-2,8.018397572618E-2,
5.419876696430E-2));
#5219=CARTESIAN_POINT('',(1.712823797308E-2,8.742240367501E-2,
4.996748107820E-2));
#5220=CARTESIAN_POINT('',(1.854642726148E-2,9.466083162384E-2,
4.573619519211E-2));
#5221=CARTESIAN_POINT('',(0.E0,7.431167201860E-2,5.936357246196E-2));
#5222=CARTESIAN_POINT('',(0.E0,8.168566124828E-2,5.513228657586E-2));
#5223=CARTESIAN_POINT('',(0.E0,8.905965047797E-2,5.090100068976E-2));
#5224=CARTESIAN_POINT('',(0.E0,9.643363970765E-2,4.666971480367E-2));
#5225=CARTESIAN_POINT('',(-1.429185939627E-2,7.294554777735E-2,
6.029709207352E-2));
#5226=CARTESIAN_POINT('',(-1.571004868467E-2,8.018397572618E-2,
5.606580618742E-2));
#5227=CARTESIAN_POINT('',(-1.712823797308E-2,8.742240367501E-2,
5.183452030132E-2));
#5228=CARTESIAN_POINT('',(-1.854642726148E-2,9.466083162384E-2,
4.760323441523E-2));
#5229=CARTESIAN_POINT('',(-2.845380196443E-2,6.869355460360E-2,
6.131669746196E-2));
#5230=CARTESIAN_POINT('',(-3.127728882093E-2,7.551005486575E-2,
5.708541157586E-2));
#5231=CARTESIAN_POINT('',(-3.410077567743E-2,8.232655512790E-2,
5.285412568976E-2));
#5232=CARTESIAN_POINT('',(-3.692426253394E-2,8.914305539005E-2,
4.862283980367E-2));
#5233=CARTESIAN_POINT('',(-4.147442079587E-2,6.168616218560E-2,
6.233630285040E-2));
#5234=CARTESIAN_POINT('',(-4.558995102078E-2,6.780731493618E-2,
5.810501696430E-2));
#5235=CARTESIAN_POINT('',(-4.970548124569E-2,7.392846768677E-2,
5.387373107820E-2));
#5236=CARTESIAN_POINT('',(-5.382101147060E-2,8.004962043736E-2,
4.964244519211E-2));
#5237=CARTESIAN_POINT('',(-5.254628720566E-2,5.254628720566E-2,
6.326982246196E-2));
#5238=CARTESIAN_POINT('',(-5.776048499437E-2,5.776048499437E-2,
5.903853657586E-2));
#5239=CARTESIAN_POINT('',(-6.297468278308E-2,6.297468278308E-2,
5.480725068976E-2));
#5240=CARTESIAN_POINT('',(-6.818888057178E-2,6.818888057178E-2,
5.057596480367E-2));
#5241=CARTESIAN_POINT('',(-6.168616218560E-2,4.147442079587E-2,
6.420334207352E-2));
#5242=CARTESIAN_POINT('',(-6.780731493618E-2,4.558995102078E-2,
5.997205618742E-2));
#5243=CARTESIAN_POINT('',(-7.392846768677E-2,4.970548124569E-2,
5.574077030132E-2));
#5244=CARTESIAN_POINT('',(-8.004962043735E-2,5.382101147060E-2,
5.150948441523E-2));
#5245=CARTESIAN_POINT('',(-6.869355460360E-2,2.845380196443E-2,
6.522294746196E-2));
#5246=CARTESIAN_POINT('',(-7.551005486575E-2,3.127728882093E-2,
6.099166157586E-2));
#5247=CARTESIAN_POINT('',(-8.232655512790E-2,3.410077567743E-2,
5.676037568976E-2));
#5248=CARTESIAN_POINT('',(-8.914305539005E-2,3.692426253393E-2,
5.252908980367E-2));
#5249=CARTESIAN_POINT('',(-7.294554777735E-2,1.429185939627E-2,
6.624255285039E-2));
#5250=CARTESIAN_POINT('',(-8.018397572618E-2,1.571004868468E-2,
6.201126696430E-2));
#5251=CARTESIAN_POINT('',(-8.742240367501E-2,1.712823797308E-2,
5.777998107820E-2));
#5252=CARTESIAN_POINT('',(-9.466083162384E-2,1.854642726149E-2,
5.354869519211E-2));
#5253=CARTESIAN_POINT('',(-7.431167201860E-2,0.E0,6.717607246196E-2));
#5254=CARTESIAN_POINT('',(-8.168566124828E-2,0.E0,6.294478657586E-2));
#5255=CARTESIAN_POINT('',(-8.905965047797E-2,0.E0,5.871350068976E-2));
#5256=CARTESIAN_POINT('',(-9.643363970765E-2,0.E0,5.448221480367E-2));
#5257=CARTESIAN_POINT('',(-7.294554777735E-2,-1.429185939627E-2,
6.810959207352E-2));
#5258=CARTESIAN_POINT('',(-8.018397572618E-2,-1.571004868467E-2,
6.387830618742E-2));
#5259=CARTESIAN_POINT('',(-8.742240367501E-2,-1.712823797308E-2,
5.964702030132E-2));
#5260=CARTESIAN_POINT('',(-9.466083162384E-2,-1.854642726148E-2,
5.541573441523E-2));
#5261=CARTESIAN_POINT('',(-6.869355460360E-2,-2.845380196443E-2,
6.912919746196E-2));
#5262=CARTESIAN_POINT('',(-7.551005486575E-2,-3.127728882093E-2,
6.489791157586E-2));
#5263=CARTESIAN_POINT('',(-8.232655512790E-2,-3.410077567743E-2,
6.066662568976E-2));
#5264=CARTESIAN_POINT('',(-8.914305539005E-2,-3.692426253394E-2,
5.643533980367E-2));
#5265=CARTESIAN_POINT('',(-6.168616218560E-2,-4.147442079587E-2,
7.014880285039E-2));
#5266=CARTESIAN_POINT('',(-6.780731493618E-2,-4.558995102078E-2,
6.591751696430E-2));
#5267=CARTESIAN_POINT('',(-7.392846768677E-2,-4.970548124569E-2,
6.168623107820E-2));
#5268=CARTESIAN_POINT('',(-8.004962043736E-2,-5.382101147060E-2,
5.745494519211E-2));
#5269=CARTESIAN_POINT('',(-5.254628720566E-2,-5.254628720566E-2,
7.108232246196E-2));
#5270=CARTESIAN_POINT('',(-5.776048499437E-2,-5.776048499437E-2,
6.685103657586E-2));
#5271=CARTESIAN_POINT('',(-6.297468278308E-2,-6.297468278308E-2,
6.261975068976E-2));
#5272=CARTESIAN_POINT('',(-6.818888057178E-2,-6.818888057178E-2,
5.838846480367E-2));
#5273=CARTESIAN_POINT('',(-4.147442079587E-2,-6.168616218560E-2,
7.201584207352E-2));
#5274=CARTESIAN_POINT('',(-4.558995102078E-2,-6.780731493618E-2,
6.778455618742E-2));
#5275=CARTESIAN_POINT('',(-4.970548124569E-2,-7.392846768677E-2,
6.355327030132E-2));
#5276=CARTESIAN_POINT('',(-5.382101147060E-2,-8.004962043735E-2,
5.932198441523E-2));
#5277=CARTESIAN_POINT('',(-2.845380196443E-2,-6.869355460360E-2,
7.303544746196E-2));
#5278=CARTESIAN_POINT('',(-3.127728882093E-2,-7.551005486575E-2,
6.880416157586E-2));
#5279=CARTESIAN_POINT('',(-3.410077567743E-2,-8.232655512790E-2,
6.457287568976E-2));
#5280=CARTESIAN_POINT('',(-3.692426253394E-2,-8.914305539005E-2,
6.034158980367E-2));
#5281=CARTESIAN_POINT('',(-1.429185939627E-2,-7.294554777735E-2,
7.405505285040E-2));
#5282=CARTESIAN_POINT('',(-1.571004868467E-2,-8.018397572618E-2,
6.982376696430E-2));
#5283=CARTESIAN_POINT('',(-1.712823797308E-2,-8.742240367501E-2,
6.559248107820E-2));
#5284=CARTESIAN_POINT('',(-1.854642726148E-2,-9.466083162384E-2,
6.136119519211E-2));
#5285=CARTESIAN_POINT('',(0.E0,-7.431167201860E-2,7.498857246196E-2));
#5286=CARTESIAN_POINT('',(0.E0,-8.168566124828E-2,7.075728657586E-2));
#5287=CARTESIAN_POINT('',(0.E0,-8.905965047797E-2,6.652600068976E-2));
#5288=CARTESIAN_POINT('',(0.E0,-9.643363970765E-2,6.229471480367E-2));
#5289=CARTESIAN_POINT('',(1.429185939627E-2,-7.294554777735E-2,
7.592209207352E-2));
#5290=CARTESIAN_POINT('',(1.571004868467E-2,-8.018397572618E-2,
7.169080618742E-2));
#5291=CARTESIAN_POINT('',(1.712823797308E-2,-8.742240367501E-2,
6.745952030132E-2));
#5292=CARTESIAN_POINT('',(1.854642726148E-2,-9.466083162384E-2,
6.322823441523E-2));
#5293=CARTESIAN_POINT('',(2.845380196443E-2,-6.869355460360E-2,
7.694169746196E-2));
#5294=CARTESIAN_POINT('',(3.127728882093E-2,-7.551005486575E-2,
7.271041157586E-2));
#5295=CARTESIAN_POINT('',(3.410077567743E-2,-8.232655512790E-2,
6.847912568976E-2));
#5296=CARTESIAN_POINT('',(3.692426253393E-2,-8.914305539005E-2,
6.424783980367E-2));
#5297=CARTESIAN_POINT('',(4.147442079587E-2,-6.168616218560E-2,
7.796130285040E-2));
#5298=CARTESIAN_POINT('',(4.558995102078E-2,-6.780731493618E-2,
7.373001696430E-2));
#5299=CARTESIAN_POINT('',(4.970548124569E-2,-7.392846768677E-2,
6.949873107820E-2));
#5300=CARTESIAN_POINT('',(5.382101147060E-2,-8.004962043735E-2,
6.526744519211E-2));
#5301=CARTESIAN_POINT('',(5.254628720566E-2,-5.254628720566E-2,
7.889482246196E-2));
#5302=CARTESIAN_POINT('',(5.776048499437E-2,-5.776048499437E-2,
7.466353657586E-2));
#5303=CARTESIAN_POINT('',(6.297468278307E-2,-6.297468278308E-2,
7.043225068976E-2));
#5304=CARTESIAN_POINT('',(6.818888057178E-2,-6.818888057178E-2,
6.620096480367E-2));
#5305=CARTESIAN_POINT('',(6.168616218560E-2,-4.147442079587E-2,
7.982834207352E-2));
#5306=CARTESIAN_POINT('',(6.780731493618E-2,-4.558995102078E-2,
7.559705618742E-2));
#5307=CARTESIAN_POINT('',(7.392846768677E-2,-4.970548124569E-2,
7.136577030132E-2));
#5308=CARTESIAN_POINT('',(8.004962043736E-2,-5.382101147060E-2,
6.713448441523E-2));
#5309=CARTESIAN_POINT('',(6.869355460360E-2,-2.845380196443E-2,
8.084794746196E-2));
#5310=CARTESIAN_POINT('',(7.551005486575E-2,-3.127728882093E-2,
7.661666157586E-2));
#5311=CARTESIAN_POINT('',(8.232655512790E-2,-3.410077567743E-2,
7.238537568976E-2));
#5312=CARTESIAN_POINT('',(8.914305539005E-2,-3.692426253394E-2,
6.815408980367E-2));
#5313=CARTESIAN_POINT('',(7.294554777735E-2,-1.429185939627E-2,
8.186755285040E-2));
#5314=CARTESIAN_POINT('',(8.018397572618E-2,-1.571004868467E-2,
7.763626696430E-2));
#5315=CARTESIAN_POINT('',(8.742240367501E-2,-1.712823797308E-2,
7.340498107820E-2));
#5316=CARTESIAN_POINT('',(9.466083162384E-2,-1.854642726148E-2,
6.917369519211E-2));
#5317=CARTESIAN_POINT('',(7.431167201860E-2,0.E0,8.280107246196E-2));
#5318=CARTESIAN_POINT('',(8.168566124828E-2,0.E0,7.856978657586E-2));
#5319=CARTESIAN_POINT('',(8.905965047797E-2,0.E0,7.433850068976E-2));
#5320=CARTESIAN_POINT('',(9.643363970765E-2,0.E0,7.010721480367E-2));
#5321=CARTESIAN_POINT('',(7.294554777735E-2,1.429185939627E-2,
8.373459207352E-2));
#5322=CARTESIAN_POINT('',(8.018397572618E-2,1.571004868467E-2,
7.950330618742E-2));
#5323=CARTESIAN_POINT('',(8.742240367501E-2,1.712823797308E-2,
7.527202030132E-2));
#5324=CARTESIAN_POINT('',(9.466083162384E-2,1.854642726148E-2,
7.104073441523E-2));
#5325=CARTESIAN_POINT('',(6.869355460360E-2,2.845380196443E-2,
8.475419746196E-2));
#5326=CARTESIAN_POINT('',(7.551005486575E-2,3.127728882093E-2,
8.052291157586E-2));
#5327=CARTESIAN_POINT('',(8.232655512790E-2,3.410077567743E-2,
7.629162568976E-2));
#5328=CARTESIAN_POINT('',(8.914305539005E-2,3.692426253393E-2,
7.206033980367E-2));
#5329=CARTESIAN_POINT('',(6.168616218560E-2,4.147442079587E-2,
8.577380285040E-2));
#5330=CARTESIAN_POINT('',(6.780731493618E-2,4.558995102078E-2,
8.154251696430E-2));
#5331=CARTESIAN_POINT('',(7.392846768677E-2,4.970548124569E-2,
7.731123107820E-2));
#5332=CARTESIAN_POINT('',(8.004962043735E-2,5.382101147060E-2,
7.307994519211E-2));
#5333=CARTESIAN_POINT('',(5.254628720566E-2,5.254628720566E-2,
8.670732246196E-2));
#5334=CARTESIAN_POINT('',(5.776048499437E-2,5.776048499437E-2,
8.247603657586E-2));
#5335=CARTESIAN_POINT('',(6.297468278308E-2,6.297468278307E-2,
7.824475068976E-2));
#5336=CARTESIAN_POINT('',(6.818888057178E-2,6.818888057178E-2,
7.401346480367E-2));
#5337=CARTESIAN_POINT('',(4.147442079587E-2,6.168616218560E-2,
8.764084207352E-2));
#5338=CARTESIAN_POINT('',(4.558995102078E-2,6.780731493618E-2,
8.340955618742E-2));
#5339=CARTESIAN_POINT('',(4.970548124569E-2,7.392846768677E-2,
7.917827030132E-2));
#5340=CARTESIAN_POINT('',(5.382101147060E-2,8.004962043736E-2,
7.494698441523E-2));
#5341=CARTESIAN_POINT('',(2.845380196443E-2,6.869355460360E-2,
8.866044746196E-2));
#5342=CARTESIAN_POINT('',(3.127728882093E-2,7.551005486575E-2,
8.442916157586E-2));
#5343=CARTESIAN_POINT('',(3.410077567743E-2,8.232655512790E-2,
8.019787568976E-2));
#5344=CARTESIAN_POINT('',(3.692426253394E-2,8.914305539005E-2,
7.596658980367E-2));
#5345=CARTESIAN_POINT('',(1.429185939627E-2,7.294554777735E-2,
8.968005285040E-2));
#5346=CARTESIAN_POINT('',(1.571004868467E-2,8.018397572618E-2,
8.544876696430E-2));
#5347=CARTESIAN_POINT('',(1.712823797308E-2,8.742240367501E-2,
8.121748107820E-2));
#5348=CARTESIAN_POINT('',(1.854642726148E-2,9.466083162384E-2,
7.698619519211E-2));
#5349=CARTESIAN_POINT('',(0.E0,7.431167201860E-2,9.061357246196E-2));
#5350=CARTESIAN_POINT('',(0.E0,8.168566124828E-2,8.638228657586E-2));
#5351=CARTESIAN_POINT('',(0.E0,8.905965047797E-2,8.215100068976E-2));
#5352=CARTESIAN_POINT('',(0.E0,9.643363970765E-2,7.791971480367E-2));
#5353=CARTESIAN_POINT('',(-1.429185939627E-2,7.294554777735E-2,
9.154709207352E-2));
#5354=CARTESIAN_POINT('',(-1.571004868467E-2,8.018397572618E-2,
8.731580618742E-2));
#5355=CARTESIAN_POINT('',(-1.712823797308E-2,8.742240367501E-2,
8.308452030132E-2));
#5356=CARTESIAN_POINT('',(-1.854642726148E-2,9.466083162384E-2,
7.885323441523E-2));
#5357=CARTESIAN_POINT('',(-2.845380196442E-2,6.869355460360E-2,
9.256669746196E-2));
#5358=CARTESIAN_POINT('',(-3.127728882093E-2,7.551005486575E-2,
8.833541157586E-2));
#5359=CARTESIAN_POINT('',(-3.410077567743E-2,8.232655512790E-2,
8.410412568976E-2));
#5360=CARTESIAN_POINT('',(-3.692426253393E-2,8.914305539005E-2,
7.987283980367E-2));
#5361=CARTESIAN_POINT('',(-4.147442079587E-2,6.168616218560E-2,
9.358630285040E-2));
#5362=CARTESIAN_POINT('',(-4.558995102078E-2,6.780731493618E-2,
8.935501696430E-2));
#5363=CARTESIAN_POINT('',(-4.970548124569E-2,7.392846768677E-2,
8.512373107820E-2));
#5364=CARTESIAN_POINT('',(-5.382101147060E-2,8.004962043735E-2,
8.089244519211E-2));
#5365=CARTESIAN_POINT('',(-5.254628720566E-2,5.254628720566E-2,
9.451982246196E-2));
#5366=CARTESIAN_POINT('',(-5.776048499437E-2,5.776048499437E-2,
9.028853657586E-2));
#5367=CARTESIAN_POINT('',(-6.297468278307E-2,6.297468278308E-2,
8.605725068976E-2));
#5368=CARTESIAN_POINT('',(-6.818888057178E-2,6.818888057178E-2,
8.182596480367E-2));
#5369=CARTESIAN_POINT('',(-6.168616218560E-2,4.147442079587E-2,
9.545334207352E-2));
#5370=CARTESIAN_POINT('',(-6.780731493618E-2,4.558995102078E-2,
9.122205618742E-2));
#5371=CARTESIAN_POINT('',(-7.392846768677E-2,4.970548124569E-2,
8.699077030132E-2));
#5372=CARTESIAN_POINT('',(-8.004962043735E-2,5.382101147060E-2,
8.275948441523E-2));
#5373=CARTESIAN_POINT('',(-6.869355460360E-2,2.845380196443E-2,
9.647294746196E-2));
#5374=CARTESIAN_POINT('',(-7.551005486575E-2,3.127728882093E-2,
9.224166157586E-2));
#5375=CARTESIAN_POINT('',(-8.232655512790E-2,3.410077567743E-2,
8.801037568976E-2));
#5376=CARTESIAN_POINT('',(-8.914305539005E-2,3.692426253394E-2,
8.377908980367E-2));
#5377=CARTESIAN_POINT('',(-7.294554777735E-2,1.429185939627E-2,
9.749255285039E-2));
#5378=CARTESIAN_POINT('',(-8.018397572618E-2,1.571004868467E-2,
9.326126696430E-2));
#5379=CARTESIAN_POINT('',(-8.742240367501E-2,1.712823797308E-2,
8.902998107820E-2));
#5380=CARTESIAN_POINT('',(-9.466083162384E-2,1.854642726149E-2,
8.479869519211E-2));
#5381=CARTESIAN_POINT('',(-7.431167201860E-2,0.E0,9.842607246196E-2));
#5382=CARTESIAN_POINT('',(-8.168566124828E-2,0.E0,9.419478657586E-2));
#5383=CARTESIAN_POINT('',(-8.905965047797E-2,0.E0,8.996350068976E-2));
#5384=CARTESIAN_POINT('',(-9.643363970765E-2,0.E0,8.573221480367E-2));
#5385=CARTESIAN_POINT('',(-7.294554777735E-2,-1.429185939627E-2,
9.935959207352E-2));
#5386=CARTESIAN_POINT('',(-8.018397572618E-2,-1.571004868467E-2,
9.512830618742E-2));
#5387=CARTESIAN_POINT('',(-8.742240367501E-2,-1.712823797308E-2,
9.089702030132E-2));
#5388=CARTESIAN_POINT('',(-9.466083162384E-2,-1.854642726148E-2,
8.666573441523E-2));
#5389=CARTESIAN_POINT('',(-6.869355460360E-2,-2.845380196443E-2,
1.003791974620E-1));
#5390=CARTESIAN_POINT('',(-7.551005486575E-2,-3.127728882093E-2,
9.614791157586E-2));
#5391=CARTESIAN_POINT('',(-8.232655512790E-2,-3.410077567743E-2,
9.191662568976E-2));
#5392=CARTESIAN_POINT('',(-8.914305539005E-2,-3.692426253394E-2,
8.768533980367E-2));
#5393=CARTESIAN_POINT('',(-6.168616218560E-2,-4.147442079587E-2,
1.013988028504E-1));
#5394=CARTESIAN_POINT('',(-6.780731493618E-2,-4.558995102078E-2,
9.716751696430E-2));
#5395=CARTESIAN_POINT('',(-7.392846768677E-2,-4.970548124569E-2,
9.293623107820E-2));
#5396=CARTESIAN_POINT('',(-8.004962043736E-2,-5.382101147060E-2,
8.870494519211E-2));
#5397=CARTESIAN_POINT('',(-5.254628720566E-2,-5.254628720566E-2,
1.023323224620E-1));
#5398=CARTESIAN_POINT('',(-5.776048499437E-2,-5.776048499437E-2,
9.810103657586E-2));
#5399=CARTESIAN_POINT('',(-6.297468278308E-2,-6.297468278308E-2,
9.386975068976E-2));
#5400=CARTESIAN_POINT('',(-6.818888057178E-2,-6.818888057178E-2,
8.963846480367E-2));
#5401=CARTESIAN_POINT('',(-4.147442079587E-2,-6.168616218560E-2,
1.032658420735E-1));
#5402=CARTESIAN_POINT('',(-4.558995102078E-2,-6.780731493618E-2,
9.903455618742E-2));
#5403=CARTESIAN_POINT('',(-4.970548124569E-2,-7.392846768677E-2,
9.480327030132E-2));
#5404=CARTESIAN_POINT('',(-5.382101147060E-2,-8.004962043735E-2,
9.057198441523E-2));
#5405=CARTESIAN_POINT('',(-2.845380196443E-2,-6.869355460360E-2,
1.042854474620E-1));
#5406=CARTESIAN_POINT('',(-3.127728882093E-2,-7.551005486575E-2,
1.000541615759E-1));
#5407=CARTESIAN_POINT('',(-3.410077567743E-2,-8.232655512790E-2,
9.582287568976E-2));
#5408=CARTESIAN_POINT('',(-3.692426253394E-2,-8.914305539005E-2,
9.159158980367E-2));
#5409=CARTESIAN_POINT('',(-1.429185939627E-2,-7.294554777735E-2,
1.053050528504E-1));
#5410=CARTESIAN_POINT('',(-1.571004868467E-2,-8.018397572618E-2,
1.010737669643E-1));
#5411=CARTESIAN_POINT('',(-1.712823797308E-2,-8.742240367501E-2,
9.684248107820E-2));
#5412=CARTESIAN_POINT('',(-1.854642726149E-2,-9.466083162384E-2,
9.261119519211E-2));
#5413=CARTESIAN_POINT('',(0.E0,-7.431167201860E-2,1.062385724620E-1));
#5414=CARTESIAN_POINT('',(0.E0,-8.168566124828E-2,1.020072865759E-1));
#5415=CARTESIAN_POINT('',(0.E0,-8.905965047797E-2,9.777600068976E-2));
#5416=CARTESIAN_POINT('',(0.E0,-9.643363970765E-2,9.354471480367E-2));
#5417=CARTESIAN_POINT('',(1.429185939627E-2,-7.294554777735E-2,
1.071720920735E-1));
#5418=CARTESIAN_POINT('',(1.571004868467E-2,-8.018397572618E-2,
1.029408061874E-1));
#5419=CARTESIAN_POINT('',(1.712823797308E-2,-8.742240367501E-2,
9.870952030132E-2));
#5420=CARTESIAN_POINT('',(1.854642726148E-2,-9.466083162384E-2,
9.447823441523E-2));
#5421=CARTESIAN_POINT('',(2.845380196443E-2,-6.869355460360E-2,
1.081916974620E-1));
#5422=CARTESIAN_POINT('',(3.127728882093E-2,-7.551005486575E-2,
1.039604115759E-1));
#5423=CARTESIAN_POINT('',(3.410077567743E-2,-8.232655512790E-2,
9.972912568976E-2));
#5424=CARTESIAN_POINT('',(3.692426253394E-2,-8.914305539005E-2,
9.549783980367E-2));
#5425=CARTESIAN_POINT('',(4.147442079587E-2,-6.168616218560E-2,
1.092113028504E-1));
#5426=CARTESIAN_POINT('',(4.558995102078E-2,-6.780731493618E-2,
1.049800169643E-1));
#5427=CARTESIAN_POINT('',(4.970548124569E-2,-7.392846768677E-2,
1.007487310782E-1));
#5428=CARTESIAN_POINT('',(5.382101147060E-2,-8.004962043736E-2,
9.651744519211E-2));
#5429=CARTESIAN_POINT('',(5.254628720566E-2,-5.254628720566E-2,
1.101448224620E-1));
#5430=CARTESIAN_POINT('',(5.776048499437E-2,-5.776048499437E-2,
1.059135365759E-1));
#5431=CARTESIAN_POINT('',(6.297468278308E-2,-6.297468278308E-2,
1.016822506898E-1));
#5432=CARTESIAN_POINT('',(6.818888057178E-2,-6.818888057178E-2,
9.745096480367E-2));
#5433=CARTESIAN_POINT('',(6.168616218560E-2,-4.147442079587E-2,
1.110783420735E-1));
#5434=CARTESIAN_POINT('',(6.780731493618E-2,-4.558995102078E-2,
1.068470561874E-1));
#5435=CARTESIAN_POINT('',(7.392846768677E-2,-4.970548124569E-2,
1.026157703013E-1));
#5436=CARTESIAN_POINT('',(8.004962043735E-2,-5.382101147060E-2,
9.838448441523E-2));
#5437=CARTESIAN_POINT('',(6.869355460360E-2,-2.845380196443E-2,
1.120979474620E-1));
#5438=CARTESIAN_POINT('',(7.551005486575E-2,-3.127728882093E-2,
1.078666615759E-1));
#5439=CARTESIAN_POINT('',(8.232655512790E-2,-3.410077567743E-2,
1.036353756898E-1));
#5440=CARTESIAN_POINT('',(8.914305539005E-2,-3.692426253394E-2,
9.940408980367E-2));
#5441=CARTESIAN_POINT('',(7.294554777735E-2,-1.429185939627E-2,
1.131175528504E-1));
#5442=CARTESIAN_POINT('',(8.018397572618E-2,-1.571004868467E-2,
1.088862669643E-1));
#5443=CARTESIAN_POINT('',(8.742240367501E-2,-1.712823797308E-2,
1.046549810782E-1));
#5444=CARTESIAN_POINT('',(9.466083162384E-2,-1.854642726149E-2,
1.004236951921E-1));
#5445=CARTESIAN_POINT('',(7.431167201860E-2,0.E0,1.140510724620E-1));
#5446=CARTESIAN_POINT('',(8.168566124828E-2,0.E0,1.098197865759E-1));
#5447=CARTESIAN_POINT('',(8.905965047797E-2,0.E0,1.055885006898E-1));
#5448=CARTESIAN_POINT('',(9.643363970765E-2,0.E0,1.013572148037E-1));
#5449=CARTESIAN_POINT('',(7.294554777735E-2,1.429185939627E-2,
1.149845920735E-1));
#5450=CARTESIAN_POINT('',(8.018397572618E-2,1.571004868467E-2,
1.107533061874E-1));
#5451=CARTESIAN_POINT('',(8.742240367501E-2,1.712823797308E-2,
1.065220203013E-1));
#5452=CARTESIAN_POINT('',(9.466083162384E-2,1.854642726148E-2,
1.022907344152E-1));
#5453=CARTESIAN_POINT('',(6.869355460360E-2,2.845380196443E-2,
1.160041974620E-1));
#5454=CARTESIAN_POINT('',(7.551005486575E-2,3.127728882093E-2,
1.117729115759E-1));
#5455=CARTESIAN_POINT('',(8.232655512790E-2,3.410077567743E-2,
1.075416256898E-1));
#5456=CARTESIAN_POINT('',(8.914305539005E-2,3.692426253394E-2,
1.033103398037E-1));
#5457=CARTESIAN_POINT('',(6.168616218560E-2,4.147442079587E-2,
1.170238028504E-1));
#5458=CARTESIAN_POINT('',(6.780731493618E-2,4.558995102078E-2,
1.127925169643E-1));
#5459=CARTESIAN_POINT('',(7.392846768677E-2,4.970548124569E-2,
1.085612310782E-1));
#5460=CARTESIAN_POINT('',(8.004962043736E-2,5.382101147060E-2,
1.043299451921E-1));
#5461=CARTESIAN_POINT('',(5.254628720566E-2,5.254628720566E-2,
1.179573224620E-1));
#5462=CARTESIAN_POINT('',(5.776048499437E-2,5.776048499437E-2,
1.137260365759E-1));
#5463=CARTESIAN_POINT('',(6.297468278308E-2,6.297468278308E-2,
1.094947506898E-1));
#5464=CARTESIAN_POINT('',(6.818888057178E-2,6.818888057178E-2,
1.052634648037E-1));
#5465=CARTESIAN_POINT('',(4.147442079587E-2,6.168616218560E-2,
1.188908420735E-1));
#5466=CARTESIAN_POINT('',(4.558995102078E-2,6.780731493618E-2,
1.146595561874E-1));
#5467=CARTESIAN_POINT('',(4.970548124569E-2,7.392846768677E-2,
1.104282703013E-1));
#5468=CARTESIAN_POINT('',(5.382101147060E-2,8.004962043736E-2,
1.061969844152E-1));
#5469=CARTESIAN_POINT('',(2.845380196443E-2,6.869355460360E-2,
1.199104474620E-1));
#5470=CARTESIAN_POINT('',(3.127728882093E-2,7.551005486575E-2,
1.156791615759E-1));
#5471=CARTESIAN_POINT('',(3.410077567743E-2,8.232655512790E-2,
1.114478756898E-1));
#5472=CARTESIAN_POINT('',(3.692426253394E-2,8.914305539005E-2,
1.072165898037E-1));
#5473=CARTESIAN_POINT('',(1.429185939627E-2,7.294554777735E-2,
1.209300528504E-1));
#5474=CARTESIAN_POINT('',(1.571004868467E-2,8.018397572618E-2,
1.166987669643E-1));
#5475=CARTESIAN_POINT('',(1.712823797308E-2,8.742240367501E-2,
1.124674810782E-1));
#5476=CARTESIAN_POINT('',(1.854642726148E-2,9.466083162384E-2,
1.082361951921E-1));
#5477=CARTESIAN_POINT('',(0.E0,7.431167201860E-2,1.218635724620E-1));
#5478=CARTESIAN_POINT('',(0.E0,8.168566124828E-2,1.176322865759E-1));
#5479=CARTESIAN_POINT('',(0.E0,8.905965047797E-2,1.134010006898E-1));
#5480=CARTESIAN_POINT('',(0.E0,9.643363970765E-2,1.091697148037E-1));
#5481=CARTESIAN_POINT('',(-1.429185939627E-2,7.294554777735E-2,
1.227970920735E-1));
#5482=CARTESIAN_POINT('',(-1.571004868467E-2,8.018397572618E-2,
1.185658061874E-1));
#5483=CARTESIAN_POINT('',(-1.712823797308E-2,8.742240367501E-2,
1.143345203013E-1));
#5484=CARTESIAN_POINT('',(-1.854642726148E-2,9.466083162384E-2,
1.101032344152E-1));
#5485=CARTESIAN_POINT('',(-2.845380196442E-2,6.869355460360E-2,
1.238166974620E-1));
#5486=CARTESIAN_POINT('',(-3.127728882093E-2,7.551005486575E-2,
1.195854115759E-1));
#5487=CARTESIAN_POINT('',(-3.410077567743E-2,8.232655512790E-2,
1.153541256898E-1));
#5488=CARTESIAN_POINT('',(-3.692426253393E-2,8.914305539005E-2,
1.111228398037E-1));
#5489=CARTESIAN_POINT('',(-4.147442079587E-2,6.168616218560E-2,
1.248363028504E-1));
#5490=CARTESIAN_POINT('',(-4.558995102078E-2,6.780731493618E-2,
1.206050169643E-1));
#5491=CARTESIAN_POINT('',(-4.970548124569E-2,7.392846768677E-2,
1.163737310782E-1));
#5492=CARTESIAN_POINT('',(-5.382101147060E-2,8.004962043735E-2,
1.121424451921E-1));
#5493=CARTESIAN_POINT('',(-5.254628720566E-2,5.254628720566E-2,
1.257698224620E-1));
#5494=CARTESIAN_POINT('',(-5.776048499437E-2,5.776048499437E-2,
1.215385365759E-1));
#5495=CARTESIAN_POINT('',(-6.297468278307E-2,6.297468278308E-2,
1.173072506898E-1));
#5496=CARTESIAN_POINT('',(-6.818888057178E-2,6.818888057178E-2,
1.130759648037E-1));
#5497=CARTESIAN_POINT('',(-6.168616218560E-2,4.147442079587E-2,
1.267033420735E-1));
#5498=CARTESIAN_POINT('',(-6.780731493618E-2,4.558995102078E-2,
1.224720561874E-1));
#5499=CARTESIAN_POINT('',(-7.392846768677E-2,4.970548124569E-2,
1.182407703013E-1));
#5500=CARTESIAN_POINT('',(-8.004962043736E-2,5.382101147060E-2,
1.140094844152E-1));
#5501=CARTESIAN_POINT('',(-6.869355460360E-2,2.845380196443E-2,
1.277229474620E-1));
#5502=CARTESIAN_POINT('',(-7.551005486575E-2,3.127728882093E-2,
1.234916615759E-1));
#5503=CARTESIAN_POINT('',(-8.232655512790E-2,3.410077567743E-2,
1.192603756898E-1));
#5504=CARTESIAN_POINT('',(-8.914305539005E-2,3.692426253394E-2,
1.150290898037E-1));
#5505=CARTESIAN_POINT('',(-7.294554777735E-2,1.429185939627E-2,
1.287425528504E-1));
#5506=CARTESIAN_POINT('',(-8.018397572618E-2,1.571004868467E-2,
1.245112669643E-1));
#5507=CARTESIAN_POINT('',(-8.742240367501E-2,1.712823797308E-2,
1.202799810782E-1));
#5508=CARTESIAN_POINT('',(-9.466083162384E-2,1.854642726148E-2,
1.160486951921E-1));
#5509=CARTESIAN_POINT('',(-7.431167201860E-2,0.E0,1.296760724620E-1));
#5510=CARTESIAN_POINT('',(-8.168566124828E-2,0.E0,1.254447865759E-1));
#5511=CARTESIAN_POINT('',(-8.905965047797E-2,0.E0,1.212135006898E-1));
#5512=CARTESIAN_POINT('',(-9.643363970765E-2,0.E0,1.169822148037E-1));
#5513=CARTESIAN_POINT('',(-7.294554777735E-2,-1.429185939627E-2,
1.306095920735E-1));
#5514=CARTESIAN_POINT('',(-8.018397572618E-2,-1.571004868467E-2,
1.263783061874E-1));
#5515=CARTESIAN_POINT('',(-8.742240367501E-2,-1.712823797308E-2,
1.221470203013E-1));
#5516=CARTESIAN_POINT('',(-9.466083162384E-2,-1.854642726148E-2,
1.179157344152E-1));
#5517=CARTESIAN_POINT('',(-6.869355460360E-2,-2.845380196443E-2,
1.316291974620E-1));
#5518=CARTESIAN_POINT('',(-7.551005486575E-2,-3.127728882093E-2,
1.273979115759E-1));
#5519=CARTESIAN_POINT('',(-8.232655512790E-2,-3.410077567743E-2,
1.231666256898E-1));
#5520=CARTESIAN_POINT('',(-8.914305539005E-2,-3.692426253394E-2,
1.189353398037E-1));
#5521=CARTESIAN_POINT('',(-6.168616218560E-2,-4.147442079587E-2,
1.326488028504E-1));
#5522=CARTESIAN_POINT('',(-6.780731493618E-2,-4.558995102078E-2,
1.284175169643E-1));
#5523=CARTESIAN_POINT('',(-7.392846768677E-2,-4.970548124569E-2,
1.241862310782E-1));
#5524=CARTESIAN_POINT('',(-8.004962043736E-2,-5.382101147060E-2,
1.199549451921E-1));
#5525=CARTESIAN_POINT('',(-5.254628720566E-2,-5.254628720566E-2,
1.335823224620E-1));
#5526=CARTESIAN_POINT('',(-5.776048499437E-2,-5.776048499437E-2,
1.293510365759E-1));
#5527=CARTESIAN_POINT('',(-6.297468278308E-2,-6.297468278307E-2,
1.251197506898E-1));
#5528=CARTESIAN_POINT('',(-6.818888057178E-2,-6.818888057178E-2,
1.208884648037E-1));
#5529=CARTESIAN_POINT('',(-4.147442079587E-2,-6.168616218560E-2,
1.345158420735E-1));
#5530=CARTESIAN_POINT('',(-4.558995102078E-2,-6.780731493618E-2,
1.302845561874E-1));
#5531=CARTESIAN_POINT('',(-4.970548124569E-2,-7.392846768677E-2,
1.260532703013E-1));
#5532=CARTESIAN_POINT('',(-5.382101147060E-2,-8.004962043736E-2,
1.218219844152E-1));
#5533=CARTESIAN_POINT('',(-2.845380196443E-2,-6.869355460360E-2,
1.355354474620E-1));
#5534=CARTESIAN_POINT('',(-3.127728882093E-2,-7.551005486575E-2,
1.313041615759E-1));
#5535=CARTESIAN_POINT('',(-3.410077567743E-2,-8.232655512790E-2,
1.270728756898E-1));
#5536=CARTESIAN_POINT('',(-3.692426253394E-2,-8.914305539005E-2,
1.228415898037E-1));
#5537=CARTESIAN_POINT('',(-1.429185939627E-2,-7.294554777735E-2,
1.365550528504E-1));
#5538=CARTESIAN_POINT('',(-1.571004868467E-2,-8.018397572618E-2,
1.323237669643E-1));
#5539=CARTESIAN_POINT('',(-1.712823797308E-2,-8.742240367501E-2,
1.280924810782E-1));
#5540=CARTESIAN_POINT('',(-1.854642726148E-2,-9.466083162384E-2,
1.238611951921E-1));
#5541=CARTESIAN_POINT('',(0.E0,-7.431167201860E-2,1.374885724620E-1));
#5542=CARTESIAN_POINT('',(0.E0,-8.168566124828E-2,1.332572865759E-1));
#5543=CARTESIAN_POINT('',(0.E0,-8.905965047797E-2,1.290260006898E-1));
#5544=CARTESIAN_POINT('',(0.E0,-9.643363970765E-2,1.247947148037E-1));
#5545=CARTESIAN_POINT('',(1.429185939627E-2,-7.294554777735E-2,
1.384220920735E-1));
#5546=CARTESIAN_POINT('',(1.571004868467E-2,-8.018397572618E-2,
1.341908061874E-1));
#5547=CARTESIAN_POINT('',(1.712823797308E-2,-8.742240367501E-2,
1.299595203013E-1));
#5548=CARTESIAN_POINT('',(1.854642726148E-2,-9.466083162384E-2,
1.257282344152E-1));
#5549=CARTESIAN_POINT('',(2.845380196443E-2,-6.869355460360E-2,
1.394416974620E-1));
#5550=CARTESIAN_POINT('',(3.127728882093E-2,-7.551005486575E-2,
1.352104115759E-1));
#5551=CARTESIAN_POINT('',(3.410077567743E-2,-8.232655512790E-2,
1.309791256898E-1));
#5552=CARTESIAN_POINT('',(3.692426253394E-2,-8.914305539005E-2,
1.267478398037E-1));
#5553=CARTESIAN_POINT('',(4.147442079587E-2,-6.168616218560E-2,
1.404613028504E-1));
#5554=CARTESIAN_POINT('',(4.558995102078E-2,-6.780731493618E-2,
1.362300169643E-1));
#5555=CARTESIAN_POINT('',(4.970548124569E-2,-7.392846768677E-2,
1.319987310782E-1));
#5556=CARTESIAN_POINT('',(5.382101147060E-2,-8.004962043736E-2,
1.277674451921E-1));
#5557=CARTESIAN_POINT('',(5.254628720566E-2,-5.254628720566E-2,
1.413948224620E-1));
#5558=CARTESIAN_POINT('',(5.776048499437E-2,-5.776048499437E-2,
1.371635365759E-1));
#5559=CARTESIAN_POINT('',(6.297468278308E-2,-6.297468278308E-2,
1.329322506898E-1));
#5560=CARTESIAN_POINT('',(6.818888057178E-2,-6.818888057178E-2,
1.287009648037E-1));
#5561=CARTESIAN_POINT('',(6.168616218560E-2,-4.147442079587E-2,
1.423283420735E-1));
#5562=CARTESIAN_POINT('',(6.780731493618E-2,-4.558995102078E-2,
1.380970561874E-1));
#5563=CARTESIAN_POINT('',(7.392846768677E-2,-4.970548124569E-2,
1.338657703013E-1));
#5564=CARTESIAN_POINT('',(8.004962043735E-2,-5.382101147060E-2,
1.296344844152E-1));
#5565=CARTESIAN_POINT('',(6.869355460360E-2,-2.845380196443E-2,
1.433479474620E-1));
#5566=CARTESIAN_POINT('',(7.551005486575E-2,-3.127728882093E-2,
1.391166615759E-1));
#5567=CARTESIAN_POINT('',(8.232655512790E-2,-3.410077567743E-2,
1.348853756898E-1));
#5568=CARTESIAN_POINT('',(8.914305539005E-2,-3.692426253394E-2,
1.306540898037E-1));
#5569=CARTESIAN_POINT('',(7.294554777735E-2,-1.429185939627E-2,
1.443675528504E-1));
#5570=CARTESIAN_POINT('',(8.018397572618E-2,-1.571004868467E-2,
1.401362669643E-1));
#5571=CARTESIAN_POINT('',(8.742240367501E-2,-1.712823797308E-2,
1.359049810782E-1));
#5572=CARTESIAN_POINT('',(9.466083162384E-2,-1.854642726149E-2,
1.316736951921E-1));
#5573=CARTESIAN_POINT('',(7.431167201860E-2,0.E0,1.453010724620E-1));
#5574=CARTESIAN_POINT('',(8.168566124828E-2,0.E0,1.410697865759E-1));
#5575=CARTESIAN_POINT('',(8.905965047797E-2,0.E0,1.368385006898E-1));
#5576=CARTESIAN_POINT('',(9.643363970765E-2,0.E0,1.326072148037E-1));
#5577=CARTESIAN_POINT('',(7.294554777735E-2,1.429185939627E-2,
1.462345920735E-1));
#5578=CARTESIAN_POINT('',(8.018397572618E-2,1.571004868467E-2,
1.420033061874E-1));
#5579=CARTESIAN_POINT('',(8.742240367501E-2,1.712823797308E-2,
1.377720203013E-1));
#5580=CARTESIAN_POINT('',(9.466083162384E-2,1.854642726148E-2,
1.335407344152E-1));
#5581=CARTESIAN_POINT('',(6.869355460360E-2,2.845380196443E-2,
1.472541974620E-1));
#5582=CARTESIAN_POINT('',(7.551005486575E-2,3.127728882093E-2,
1.430229115759E-1));
#5583=CARTESIAN_POINT('',(8.232655512790E-2,3.410077567743E-2,
1.387916256898E-1));
#5584=CARTESIAN_POINT('',(8.914305539005E-2,3.692426253394E-2,
1.345603398037E-1));
#5585=CARTESIAN_POINT('',(6.168616218560E-2,4.147442079587E-2,
1.482738028504E-1));
#5586=CARTESIAN_POINT('',(6.780731493618E-2,4.558995102078E-2,
1.440425169643E-1));
#5587=CARTESIAN_POINT('',(7.392846768677E-2,4.970548124569E-2,
1.398112310782E-1));
#5588=CARTESIAN_POINT('',(8.004962043736E-2,5.382101147060E-2,
1.355799451921E-1));
#5589=CARTESIAN_POINT('',(5.254628720566E-2,5.254628720566E-2,
1.492073224620E-1));
#5590=CARTESIAN_POINT('',(5.776048499437E-2,5.776048499437E-2,
1.449760365759E-1));
#5591=CARTESIAN_POINT('',(6.297468278308E-2,6.297468278308E-2,
1.407447506898E-1));
#5592=CARTESIAN_POINT('',(6.818888057178E-2,6.818888057178E-2,
1.365134648037E-1));
#5593=CARTESIAN_POINT('',(4.147442079587E-2,6.168616218560E-2,
1.501408420735E-1));
#5594=CARTESIAN_POINT('',(4.558995102078E-2,6.780731493618E-2,
1.459095561874E-1));
#5595=CARTESIAN_POINT('',(4.970548124569E-2,7.392846768677E-2,
1.416782703013E-1));
#5596=CARTESIAN_POINT('',(5.382101147060E-2,8.004962043735E-2,
1.374469844152E-1));
#5597=CARTESIAN_POINT('',(2.845380196443E-2,6.869355460360E-2,
1.511604474620E-1));
#5598=CARTESIAN_POINT('',(3.127728882093E-2,7.551005486575E-2,
1.469291615759E-1));
#5599=CARTESIAN_POINT('',(3.410077567743E-2,8.232655512790E-2,
1.426978756898E-1));
#5600=CARTESIAN_POINT('',(3.692426253394E-2,8.914305539005E-2,
1.384665898037E-1));
#5601=CARTESIAN_POINT('',(1.429185939627E-2,7.294554777735E-2,
1.521800528504E-1));
#5602=CARTESIAN_POINT('',(1.571004868467E-2,8.018397572618E-2,
1.479487669643E-1));
#5603=CARTESIAN_POINT('',(1.712823797308E-2,8.742240367501E-2,
1.437174810782E-1));
#5604=CARTESIAN_POINT('',(1.854642726149E-2,9.466083162384E-2,
1.394861951921E-1));
#5605=CARTESIAN_POINT('',(0.E0,7.431167201860E-2,1.531135724620E-1));
#5606=CARTESIAN_POINT('',(0.E0,8.168566124828E-2,1.488822865759E-1));
#5607=CARTESIAN_POINT('',(0.E0,8.905965047797E-2,1.446510006898E-1));
#5608=CARTESIAN_POINT('',(0.E0,9.643363970765E-2,1.404197148037E-1));
#5609=CARTESIAN_POINT('',(-1.429185939627E-2,7.294554777735E-2,
1.540470920735E-1));
#5610=CARTESIAN_POINT('',(-1.571004868467E-2,8.018397572618E-2,
1.498158061874E-1));
#5611=CARTESIAN_POINT('',(-1.712823797308E-2,8.742240367501E-2,
1.455845203013E-1));
#5612=CARTESIAN_POINT('',(-1.854642726148E-2,9.466083162384E-2,
1.413532344152E-1));
#5613=CARTESIAN_POINT('',(-2.845380196443E-2,6.869355460360E-2,
1.550666974620E-1));
#5614=CARTESIAN_POINT('',(-3.127728882093E-2,7.551005486575E-2,
1.508354115759E-1));
#5615=CARTESIAN_POINT('',(-3.410077567743E-2,8.232655512790E-2,
1.466041256898E-1));
#5616=CARTESIAN_POINT('',(-3.692426253394E-2,8.914305539005E-2,
1.423728398037E-1));
#5617=CARTESIAN_POINT('',(-4.147442079587E-2,6.168616218560E-2,
1.560863028504E-1));
#5618=CARTESIAN_POINT('',(-4.558995102078E-2,6.780731493618E-2,
1.518550169643E-1));
#5619=CARTESIAN_POINT('',(-4.970548124569E-2,7.392846768677E-2,
1.476237310782E-1));
#5620=CARTESIAN_POINT('',(-5.382101147060E-2,8.004962043736E-2,
1.433924451921E-1));
#5621=CARTESIAN_POINT('',(-5.254628720566E-2,5.254628720566E-2,
1.570198224620E-1));
#5622=CARTESIAN_POINT('',(-5.776048499437E-2,5.776048499437E-2,
1.527885365759E-1));
#5623=CARTESIAN_POINT('',(-6.297468278308E-2,6.297468278308E-2,
1.485572506898E-1));
#5624=CARTESIAN_POINT('',(-6.818888057178E-2,6.818888057178E-2,
1.443259648037E-1));
#5625=CARTESIAN_POINT('',(-6.168616218560E-2,4.147442079587E-2,
1.579533420735E-1));
#5626=CARTESIAN_POINT('',(-6.780731493618E-2,4.558995102078E-2,
1.537220561874E-1));
#5627=CARTESIAN_POINT('',(-7.392846768677E-2,4.970548124569E-2,
1.494907703013E-1));
#5628=CARTESIAN_POINT('',(-8.004962043735E-2,5.382101147060E-2,
1.452594844152E-1));
#5629=CARTESIAN_POINT('',(-6.869355460360E-2,2.845380196443E-2,
1.589729474620E-1));
#5630=CARTESIAN_POINT('',(-7.551005486575E-2,3.127728882093E-2,
1.547416615759E-1));
#5631=CARTESIAN_POINT('',(-8.232655512790E-2,3.410077567743E-2,
1.505103756898E-1));
#5632=CARTESIAN_POINT('',(-8.914305539005E-2,3.692426253394E-2,
1.462790898037E-1));
#5633=CARTESIAN_POINT('',(-7.294554777735E-2,1.429185939627E-2,
1.599925528504E-1));
#5634=CARTESIAN_POINT('',(-8.018397572618E-2,1.571004868467E-2,
1.557612669643E-1));
#5635=CARTESIAN_POINT('',(-8.742240367501E-2,1.712823797308E-2,
1.515299810782E-1));
#5636=CARTESIAN_POINT('',(-9.466083162384E-2,1.854642726148E-2,
1.472986951921E-1));
#5637=CARTESIAN_POINT('',(-7.431167201860E-2,0.E0,1.609260724620E-1));
#5638=CARTESIAN_POINT('',(-8.168566124828E-2,0.E0,1.566947865759E-1));
#5639=CARTESIAN_POINT('',(-8.905965047797E-2,0.E0,1.524635006898E-1));
#5640=CARTESIAN_POINT('',(-9.643363970765E-2,0.E0,1.482322148037E-1));
#5641=CARTESIAN_POINT('',(-7.294554777735E-2,-1.429185939627E-2,
1.618595920735E-1));
#5642=CARTESIAN_POINT('',(-8.018397572618E-2,-1.571004868467E-2,
1.576283061874E-1));
#5643=CARTESIAN_POINT('',(-8.742240367501E-2,-1.712823797308E-2,
1.533970203013E-1));
#5644=CARTESIAN_POINT('',(-9.466083162384E-2,-1.854642726148E-2,
1.491657344152E-1));
#5645=CARTESIAN_POINT('',(-6.869355460360E-2,-2.845380196443E-2,
1.628791974620E-1));
#5646=CARTESIAN_POINT('',(-7.551005486575E-2,-3.127728882093E-2,
1.586479115759E-1));
#5647=CARTESIAN_POINT('',(-8.232655512790E-2,-3.410077567743E-2,
1.544166256898E-1));
#5648=CARTESIAN_POINT('',(-8.914305539005E-2,-3.692426253394E-2,
1.501853398037E-1));
#5649=CARTESIAN_POINT('',(-6.168616218560E-2,-4.147442079587E-2,
1.638988028504E-1));
#5650=CARTESIAN_POINT('',(-6.780731493618E-2,-4.558995102078E-2,
1.596675169643E-1));
#5651=CARTESIAN_POINT('',(-7.392846768677E-2,-4.970548124569E-2,
1.554362310782E-1));
#5652=CARTESIAN_POINT('',(-8.004962043736E-2,-5.382101147060E-2,
1.512049451921E-1));
#5653=CARTESIAN_POINT('',(-5.254628720566E-2,-5.254628720566E-2,
1.648323224620E-1));
#5654=CARTESIAN_POINT('',(-5.776048499437E-2,-5.776048499437E-2,
1.606010365759E-1));
#5655=CARTESIAN_POINT('',(-6.297468278307E-2,-6.297468278308E-2,
1.563697506898E-1));
#5656=CARTESIAN_POINT('',(-6.818888057178E-2,-6.818888057178E-2,
1.521384648037E-1));
#5657=CARTESIAN_POINT('',(-4.147442079587E-2,-6.168616218560E-2,
1.657658420735E-1));
#5658=CARTESIAN_POINT('',(-4.558995102078E-2,-6.780731493618E-2,
1.615345561874E-1));
#5659=CARTESIAN_POINT('',(-4.970548124569E-2,-7.392846768677E-2,
1.573032703013E-1));
#5660=CARTESIAN_POINT('',(-5.382101147060E-2,-8.004962043735E-2,
1.530719844152E-1));
#5661=CARTESIAN_POINT('',(-2.845380196443E-2,-6.869355460360E-2,
1.667854474620E-1));
#5662=CARTESIAN_POINT('',(-3.127728882093E-2,-7.551005486575E-2,
1.625541615759E-1));
#5663=CARTESIAN_POINT('',(-3.410077567743E-2,-8.232655512790E-2,
1.583228756898E-1));
#5664=CARTESIAN_POINT('',(-3.692426253394E-2,-8.914305539005E-2,
1.540915898037E-1));
#5665=CARTESIAN_POINT('',(-1.429185939627E-2,-7.294554777735E-2,
1.678050528504E-1));
#5666=CARTESIAN_POINT('',(-1.571004868467E-2,-8.018397572618E-2,
1.635737669643E-1));
#5667=CARTESIAN_POINT('',(-1.712823797308E-2,-8.742240367501E-2,
1.593424810782E-1));
#5668=CARTESIAN_POINT('',(-1.854642726149E-2,-9.466083162384E-2,
1.551111951921E-1));
#5669=CARTESIAN_POINT('',(0.E0,-7.431167201860E-2,1.687385724620E-1));
#5670=CARTESIAN_POINT('',(0.E0,-8.168566124828E-2,1.645072865759E-1));
#5671=CARTESIAN_POINT('',(0.E0,-8.905965047797E-2,1.602760006898E-1));
#5672=CARTESIAN_POINT('',(0.E0,-9.643363970765E-2,1.560447148037E-1));
#5673=CARTESIAN_POINT('',(1.429185939627E-2,-7.294554777735E-2,
1.696720920735E-1));
#5674=CARTESIAN_POINT('',(1.571004868467E-2,-8.018397572618E-2,
1.654408061874E-1));
#5675=CARTESIAN_POINT('',(1.712823797308E-2,-8.742240367501E-2,
1.612095203013E-1));
#5676=CARTESIAN_POINT('',(1.854642726148E-2,-9.466083162384E-2,
1.569782344152E-1));
#5677=CARTESIAN_POINT('',(2.845380196443E-2,-6.869355460360E-2,
1.706916974620E-1));
#5678=CARTESIAN_POINT('',(3.127728882093E-2,-7.551005486575E-2,
1.664604115759E-1));
#5679=CARTESIAN_POINT('',(3.410077567743E-2,-8.232655512790E-2,
1.622291256898E-1));
#5680=CARTESIAN_POINT('',(3.692426253393E-2,-8.914305539005E-2,
1.579978398037E-1));
#5681=CARTESIAN_POINT('',(4.147442079587E-2,-6.168616218560E-2,
1.717113028504E-1));
#5682=CARTESIAN_POINT('',(4.558995102078E-2,-6.780731493618E-2,
1.674800169643E-1));
#5683=CARTESIAN_POINT('',(4.970548124569E-2,-7.392846768677E-2,
1.632487310782E-1));
#5684=CARTESIAN_POINT('',(5.382101147060E-2,-8.004962043735E-2,
1.590174451921E-1));
#5685=CARTESIAN_POINT('',(5.254628720566E-2,-5.254628720566E-2,
1.726448224620E-1));
#5686=CARTESIAN_POINT('',(5.776048499437E-2,-5.776048499437E-2,
1.684135365759E-1));
#5687=CARTESIAN_POINT('',(6.297468278307E-2,-6.297468278308E-2,
1.641822506898E-1));
#5688=CARTESIAN_POINT('',(6.818888057178E-2,-6.818888057178E-2,
1.599509648037E-1));
#5689=CARTESIAN_POINT('',(6.168616218560E-2,-4.147442079587E-2,
1.735783420735E-1));
#5690=CARTESIAN_POINT('',(6.780731493618E-2,-4.558995102078E-2,
1.693470561874E-1));
#5691=CARTESIAN_POINT('',(7.392846768677E-2,-4.970548124569E-2,
1.651157703013E-1));
#5692=CARTESIAN_POINT('',(8.004962043735E-2,-5.382101147060E-2,
1.608844844152E-1));
#5693=CARTESIAN_POINT('',(6.869355460360E-2,-2.845380196443E-2,
1.745979474620E-1));
#5694=CARTESIAN_POINT('',(7.551005486575E-2,-3.127728882093E-2,
1.703666615759E-1));
#5695=CARTESIAN_POINT('',(8.232655512790E-2,-3.410077567743E-2,
1.661353756898E-1));
#5696=CARTESIAN_POINT('',(8.914305539005E-2,-3.692426253394E-2,
1.619040898037E-1));
#5697=CARTESIAN_POINT('',(7.294554777735E-2,-1.429185939627E-2,
1.756175528504E-1));
#5698=CARTESIAN_POINT('',(8.018397572618E-2,-1.571004868467E-2,
1.713862669643E-1));
#5699=CARTESIAN_POINT('',(8.742240367501E-2,-1.712823797308E-2,
1.671549810782E-1));
#5700=CARTESIAN_POINT('',(9.466083162384E-2,-1.854642726148E-2,
1.629236951921E-1));
#5701=CARTESIAN_POINT('',(7.431167201860E-2,0.E0,1.765510724620E-1));
#5702=CARTESIAN_POINT('',(8.168566124828E-2,0.E0,1.723197865759E-1));
#5703=CARTESIAN_POINT('',(8.905965047797E-2,0.E0,1.680885006898E-1));
#5704=CARTESIAN_POINT('',(9.643363970765E-2,0.E0,1.638572148037E-1));
#5705=CARTESIAN_POINT('',(7.294554777735E-2,1.429185939627E-2,
1.774845920735E-1));
#5706=CARTESIAN_POINT('',(8.018397572618E-2,1.571004868467E-2,
1.732533061874E-1));
#5707=CARTESIAN_POINT('',(8.742240367501E-2,1.712823797308E-2,
1.690220203013E-1));
#5708=CARTESIAN_POINT('',(9.466083162384E-2,1.854642726148E-2,
1.647907344152E-1));
#5709=CARTESIAN_POINT('',(6.869355460360E-2,2.845380196443E-2,
1.785041974620E-1));
#5710=CARTESIAN_POINT('',(7.551005486575E-2,3.127728882093E-2,
1.742729115759E-1));
#5711=CARTESIAN_POINT('',(8.232655512790E-2,3.410077567743E-2,
1.700416256898E-1));
#5712=CARTESIAN_POINT('',(8.914305539005E-2,3.692426253393E-2,
1.658103398037E-1));
#5713=CARTESIAN_POINT('',(6.168616218560E-2,4.147442079587E-2,
1.795238028504E-1));
#5714=CARTESIAN_POINT('',(6.780731493618E-2,4.558995102078E-2,
1.752925169643E-1));
#5715=CARTESIAN_POINT('',(7.392846768677E-2,4.970548124569E-2,
1.710612310782E-1));
#5716=CARTESIAN_POINT('',(8.004962043735E-2,5.382101147060E-2,
1.668299451921E-1));
#5717=CARTESIAN_POINT('',(5.254628720566E-2,5.254628720566E-2,
1.804573224620E-1));
#5718=CARTESIAN_POINT('',(5.776048499437E-2,5.776048499437E-2,
1.762260365759E-1));
#5719=CARTESIAN_POINT('',(6.297468278308E-2,6.297468278307E-2,
1.719947506898E-1));
#5720=CARTESIAN_POINT('',(6.818888057178E-2,6.818888057178E-2,
1.677634648037E-1));
#5721=CARTESIAN_POINT('',(4.147442079587E-2,6.168616218560E-2,
1.813908420735E-1));
#5722=CARTESIAN_POINT('',(4.558995102078E-2,6.780731493618E-2,
1.771595561874E-1));
#5723=CARTESIAN_POINT('',(4.970548124569E-2,7.392846768677E-2,
1.729282703013E-1));
#5724=CARTESIAN_POINT('',(5.382101147060E-2,8.004962043736E-2,
1.686969844152E-1));
#5725=CARTESIAN_POINT('',(2.845380196443E-2,6.869355460360E-2,
1.824104474620E-1));
#5726=CARTESIAN_POINT('',(3.127728882093E-2,7.551005486575E-2,
1.781791615759E-1));
#5727=CARTESIAN_POINT('',(3.410077567743E-2,8.232655512790E-2,
1.739478756898E-1));
#5728=CARTESIAN_POINT('',(3.692426253394E-2,8.914305539005E-2,
1.697165898037E-1));
#5729=CARTESIAN_POINT('',(1.429185939627E-2,7.294554777735E-2,
1.834300528504E-1));
#5730=CARTESIAN_POINT('',(1.571004868467E-2,8.018397572618E-2,
1.791987669643E-1));
#5731=CARTESIAN_POINT('',(1.712823797308E-2,8.742240367501E-2,
1.749674810782E-1));
#5732=CARTESIAN_POINT('',(1.854642726148E-2,9.466083162384E-2,
1.707361951921E-1));
#5733=CARTESIAN_POINT('',(0.E0,7.431167201860E-2,1.843635724620E-1));
#5734=CARTESIAN_POINT('',(0.E0,8.168566124828E-2,1.801322865759E-1));
#5735=CARTESIAN_POINT('',(0.E0,8.905965047797E-2,1.759010006898E-1));
#5736=CARTESIAN_POINT('',(0.E0,9.643363970765E-2,1.716697148037E-1));
#5737=CARTESIAN_POINT('',(-1.429185939627E-2,7.294554777735E-2,
1.852970920735E-1));
#5738=CARTESIAN_POINT('',(-1.571004868467E-2,8.018397572618E-2,
1.810658061874E-1));
#5739=CARTESIAN_POINT('',(-1.712823797308E-2,8.742240367501E-2,
1.768345203013E-1));
#5740=CARTESIAN_POINT('',(-1.854642726148E-2,9.466083162384E-2,
1.726032344152E-1));
#5741=CARTESIAN_POINT('',(-2.845380196443E-2,6.869355460360E-2,
1.863166974620E-1));
#5742=CARTESIAN_POINT('',(-3.127728882093E-2,7.551005486575E-2,
1.820854115759E-1));
#5743=CARTESIAN_POINT('',(-3.410077567743E-2,8.232655512790E-2,
1.778541256898E-1));
#5744=CARTESIAN_POINT('',(-3.692426253393E-2,8.914305539005E-2,
1.736228398037E-1));
#5745=CARTESIAN_POINT('',(-4.147442079587E-2,6.168616218560E-2,
1.873363028504E-1));
#5746=CARTESIAN_POINT('',(-4.558995102078E-2,6.780731493618E-2,
1.831050169643E-1));
#5747=CARTESIAN_POINT('',(-4.970548124569E-2,7.392846768677E-2,
1.788737310782E-1));
#5748=CARTESIAN_POINT('',(-5.382101147060E-2,8.004962043735E-2,
1.746424451921E-1));
#5749=CARTESIAN_POINT('',(-5.254628720566E-2,5.254628720566E-2,
1.882698224620E-1));
#5750=CARTESIAN_POINT('',(-5.776048499437E-2,5.776048499437E-2,
1.840385365759E-1));
#5751=CARTESIAN_POINT('',(-6.297468278307E-2,6.297468278308E-2,
1.798072506898E-1));
#5752=CARTESIAN_POINT('',(-6.818888057178E-2,6.818888057178E-2,
1.755759648037E-1));
#5753=CARTESIAN_POINT('',(-6.168616218560E-2,4.147442079587E-2,
1.892033420735E-1));
#5754=CARTESIAN_POINT('',(-6.780731493618E-2,4.558995102078E-2,
1.849720561874E-1));
#5755=CARTESIAN_POINT('',(-7.392846768677E-2,4.970548124569E-2,
1.807407703013E-1));
#5756=CARTESIAN_POINT('',(-8.004962043736E-2,5.382101147060E-2,
1.765094844152E-1));
#5757=CARTESIAN_POINT('',(-6.869355460360E-2,2.845380196443E-2,
1.902229474620E-1));
#5758=CARTESIAN_POINT('',(-7.551005486575E-2,3.127728882093E-2,
1.859916615759E-1));
#5759=CARTESIAN_POINT('',(-8.232655512790E-2,3.410077567743E-2,
1.817603756898E-1));
#5760=CARTESIAN_POINT('',(-8.914305539005E-2,3.692426253394E-2,
1.775290898037E-1));
#5761=CARTESIAN_POINT('',(-7.294554777735E-2,1.429185939627E-2,
1.912425528504E-1));
#5762=CARTESIAN_POINT('',(-8.018397572618E-2,1.571004868467E-2,
1.870112669643E-1));
#5763=CARTESIAN_POINT('',(-8.742240367501E-2,1.712823797308E-2,
1.827799810782E-1));
#5764=CARTESIAN_POINT('',(-9.466083162384E-2,1.854642726148E-2,
1.785486951921E-1));
#5765=CARTESIAN_POINT('',(-7.431167201860E-2,0.E0,1.921760724620E-1));
#5766=CARTESIAN_POINT('',(-8.168566124828E-2,0.E0,1.879447865759E-1));
#5767=CARTESIAN_POINT('',(-8.905965047797E-2,0.E0,1.837135006898E-1));
#5768=CARTESIAN_POINT('',(-9.643363970765E-2,0.E0,1.794822148037E-1));
#5769=CARTESIAN_POINT('',(-7.294554777735E-2,-1.429185939627E-2,
1.931095920735E-1));
#5770=CARTESIAN_POINT('',(-8.018397572618E-2,-1.571004868467E-2,
1.888783061874E-1));
#5771=CARTESIAN_POINT('',(-8.742240367501E-2,-1.712823797308E-2,
1.846470203013E-1));
#5772=CARTESIAN_POINT('',(-9.466083162384E-2,-1.854642726148E-2,
1.804157344152E-1));
#5773=CARTESIAN_POINT('',(-6.869355460360E-2,-2.845380196443E-2,
1.941291974620E-1));
#5774=CARTESIAN_POINT('',(-7.551005486575E-2,-3.127728882093E-2,
1.898979115759E-1));
#5775=CARTESIAN_POINT('',(-8.232655512790E-2,-3.410077567743E-2,
1.856666256898E-1));
#5776=CARTESIAN_POINT('',(-8.914305539005E-2,-3.692426253394E-2,
1.814353398037E-1));
#5777=CARTESIAN_POINT('',(-6.168616218560E-2,-4.147442079587E-2,
1.951488028504E-1));
#5778=CARTESIAN_POINT('',(-6.780731493618E-2,-4.558995102078E-2,
1.909175169643E-1));
#5779=CARTESIAN_POINT('',(-7.392846768677E-2,-4.970548124569E-2,
1.866862310782E-1));
#5780=CARTESIAN_POINT('',(-8.004962043736E-2,-5.382101147060E-2,
1.824549451921E-1));
#5781=CARTESIAN_POINT('',(-5.254628720566E-2,-5.254628720566E-2,
1.960823224620E-1));
#5782=CARTESIAN_POINT('',(-5.776048499437E-2,-5.776048499437E-2,
1.918510365759E-1));
#5783=CARTESIAN_POINT('',(-6.297468278308E-2,-6.297468278308E-2,
1.876197506898E-1));
#5784=CARTESIAN_POINT('',(-6.818888057178E-2,-6.818888057178E-2,
1.833884648037E-1));
#5785=CARTESIAN_POINT('',(-4.147442079587E-2,-6.168616218560E-2,
1.970158420735E-1));
#5786=CARTESIAN_POINT('',(-4.558995102078E-2,-6.780731493618E-2,
1.927845561874E-1));
#5787=CARTESIAN_POINT('',(-4.970548124569E-2,-7.392846768677E-2,
1.885532703013E-1));
#5788=CARTESIAN_POINT('',(-5.382101147060E-2,-8.004962043735E-2,
1.843219844152E-1));
#5789=CARTESIAN_POINT('',(-2.845380196443E-2,-6.869355460359E-2,
1.980354474620E-1));
#5790=CARTESIAN_POINT('',(-3.127728882093E-2,-7.551005486575E-2,
1.938041615759E-1));
#5791=CARTESIAN_POINT('',(-3.410077567744E-2,-8.232655512790E-2,
1.895728756898E-1));
#5792=CARTESIAN_POINT('',(-3.692426253394E-2,-8.914305539005E-2,
1.853415898037E-1));
#5793=CARTESIAN_POINT('',(-1.429185939625E-2,-7.294554777737E-2,
1.990550528504E-1));
#5794=CARTESIAN_POINT('',(-1.571004868466E-2,-8.018397572619E-2,
1.948237669643E-1));
#5795=CARTESIAN_POINT('',(-1.712823797306E-2,-8.742240367502E-2,
1.905924810782E-1));
#5796=CARTESIAN_POINT('',(-1.854642726146E-2,-9.466083162384E-2,
1.863611951921E-1));
#5797=CARTESIAN_POINT('',(-6.211697822778E-14,-7.431167201852E-2,
1.999885724620E-1));
#5798=CARTESIAN_POINT('',(-6.950082870327E-14,-8.168566124823E-2,
1.957572865759E-1));
#5799=CARTESIAN_POINT('',(-7.687774028486E-14,-8.905965047795E-2,
1.915260006898E-1));
#5800=CARTESIAN_POINT('',(-8.425985603688E-14,-9.643363970766E-2,
1.872947148037E-1));
#5801=CARTESIAN_POINT('',(1.429185939650E-2,-7.294554777764E-2,
2.009220920735E-1));
#5802=CARTESIAN_POINT('',(1.571004868493E-2,-8.018397572637E-2,
1.966908061874E-1));
#5803=CARTESIAN_POINT('',(1.712823797337E-2,-8.742240367510E-2,
1.924595203013E-1));
#5804=CARTESIAN_POINT('',(1.854642726180E-2,-9.466083162383E-2,
1.882282344152E-1));
#5805=CARTESIAN_POINT('',(2.845380196356E-2,-6.869355460251E-2,
2.019416974621E-1));
#5806=CARTESIAN_POINT('',(3.127728881996E-2,-7.551005486504E-2,
1.977104115760E-1));
#5807=CARTESIAN_POINT('',(3.410077567636E-2,-8.232655512757E-2,
1.934791256899E-1));
#5808=CARTESIAN_POINT('',(3.692426253276E-2,-8.914305539010E-2,
1.892478398038E-1));
#5809=CARTESIAN_POINT('',(4.147442079912E-2,-6.168616218964E-2,
2.029613028498E-1));
#5810=CARTESIAN_POINT('',(4.558995102441E-2,-6.780731493883E-2,
1.987300169637E-1));
#5811=CARTESIAN_POINT('',(4.970548124971E-2,-7.392846768801E-2,
1.944987310775E-1));
#5812=CARTESIAN_POINT('',(5.382101147500E-2,-8.004962043719E-2,
1.902674451914E-1));
#5813=CARTESIAN_POINT('',(5.254628719353E-2,-5.254628719058E-2,
2.038948224643E-1));
#5814=CARTESIAN_POINT('',(5.776048498080E-2,-5.776048498451E-2,
1.996635365783E-1));
#5815=CARTESIAN_POINT('',(6.297468276807E-2,-6.297468277845E-2,
1.954322506922E-1));
#5816=CARTESIAN_POINT('',(6.818888055534E-2,-6.818888057238E-2,
1.912009648061E-1));
#5817=CARTESIAN_POINT('',(6.168616223086E-2,-4.147442085216E-2,
2.048283420647E-1));
#5818=CARTESIAN_POINT('',(6.780731498682E-2,-4.558995105756E-2,
2.005970561785E-1));
#5819=CARTESIAN_POINT('',(7.392846774278E-2,-4.970548126296E-2,
1.963657702922E-1));
#5820=CARTESIAN_POINT('',(8.004962049874E-2,-5.382101146836E-2,
1.921344844060E-1));
#5821=CARTESIAN_POINT('',(6.869355443466E-2,-2.845380175433E-2,
2.058479474949E-1));
#5822=CARTESIAN_POINT('',(7.551005467676E-2,-3.127728868365E-2,
2.016166616093E-1));
#5823=CARTESIAN_POINT('',(8.232655491887E-2,-3.410077561298E-2,
1.973853757238E-1));
#5824=CARTESIAN_POINT('',(8.914305516097E-2,-3.692426254231E-2,
1.931540898382E-1));
#5825=CARTESIAN_POINT('',(7.294554840783E-2,-1.429186018037E-2,
2.068675527275E-1));
#5826=CARTESIAN_POINT('',(8.018397643149E-2,-1.571004919699E-2,
2.026362668394E-1));
#5827=CARTESIAN_POINT('',(8.742240445515E-2,-1.712823821361E-2,
1.984049809513E-1));
#5828=CARTESIAN_POINT('',(9.466083247880E-2,-1.854642723023E-2,
1.941736950632E-1));
#5829=CARTESIAN_POINT('',(7.431166966563E-2,2.926297144271E-9,
2.078010729206E-1));
#5830=CARTESIAN_POINT('',(8.168565861605E-2,1.911988013227E-9,
2.035697870419E-1));
#5831=CARTESIAN_POINT('',(8.905964756647E-2,8.976788800144E-10,
1.993385011633E-1));
#5832=CARTESIAN_POINT('',(9.643363651689E-2,-1.166302531982E-10,
1.951072152846E-1));
#5833=CARTESIAN_POINT('',(7.294555655876E-2,1.429184847518E-2,
2.087345903620E-1));
#5834=CARTESIAN_POINT('',(8.018398554981E-2,1.571004154904E-2,
2.045033044481E-1));
#5835=CARTESIAN_POINT('',(8.742241454087E-2,1.712823462290E-2,
2.002720185342E-1));
#5836=CARTESIAN_POINT('',(9.466084353193E-2,1.854642769675E-2,
1.960407326204E-1));
#5837=CARTESIAN_POINT('',(6.869352183095E-2,2.845384272248E-2,
2.097542038495E-1));
#5838=CARTESIAN_POINT('',(7.551001820346E-2,3.127731545148E-2,
2.055229180671E-1));
#5839=CARTESIAN_POINT('',(8.232651457597E-2,3.410078818048E-2,
2.012916322846E-1));
#5840=CARTESIAN_POINT('',(8.914301094848E-2,3.692426090948E-2,
1.970603465022E-1));
#5841=CARTESIAN_POINT('',(6.372319136248E-2,3.768941114525E-2,
2.104774026297E-1));
#5842=CARTESIAN_POINT('',(7.004648117250E-2,4.142939554488E-2,
2.062461164993E-1));
#5843=CARTESIAN_POINT('',(7.636977098252E-2,4.516937994450E-2,
2.020148303689E-1));
#5844=CARTESIAN_POINT('',(8.269306079254E-2,4.890936434413E-2,
1.977835442385E-1));
#5845=CARTESIAN_POINT('',(5.863298811815E-2,4.508071642396E-2,
2.110794660495E-1));
#5846=CARTESIAN_POINT('',(6.445117106083E-2,4.955405526129E-2,
2.068481804267E-1));
#5847=CARTESIAN_POINT('',(7.026935400350E-2,5.402739409861E-2,
2.026168948038E-1));
#5848=CARTESIAN_POINT('',(7.608753694617E-2,5.850073293594E-2,
1.983856091810E-1));
#5849=CARTESIAN_POINT('',(5.601985834708E-2,4.825818552015E-2,
2.113485820631E-1));
#5850=CARTESIAN_POINT('',(6.157873680763E-2,5.304676549210E-2,
2.071172967879E-1));
#5851=CARTESIAN_POINT('',(6.713761526819E-2,5.783534546405E-2,
2.028860115126E-1));
#5852=CARTESIAN_POINT('',(7.269649372874E-2,6.262392543600E-2,
1.986547262374E-1));
#5853=CARTESIAN_POINT('',(5.362067665045E-2,5.078991766570E-2,
2.115765426954E-1));
#5854=CARTESIAN_POINT('',(5.894148504849E-2,5.582978252279E-2,
2.073452570796E-1));
#5855=CARTESIAN_POINT('',(6.426229344653E-2,6.086964737988E-2,
2.031139714639E-1));
#5856=CARTESIAN_POINT('',(6.958310184457E-2,6.590951223697E-2,
1.988826858482E-1));
#5857=B_SPLINE_SURFACE_WITH_KNOTS('',3,3,((#3753,#3754,#3755,#3756),(#3757,
#3758,#3759,#3760),(#3761,#3762,#3763,#3764),(#3765,#3766,#3767,#3768),(#3769,
#3770,#3771,#3772),(#3773,#3774,#3775,#3776),(#3777,#3778,#3779,#3780),(#3781,
#3782,#3783,#3784),(#3785,#3786,#3787,#3788),(#3789,#3790,#3791,#3792),(#3793,
#3794,#3795,#3796),(#3797,#3798,#3799,#3800),(#3801,#3802,#3803,#3804),(#3805,
#3806,#3807,#3808),(#3809,#3810,#3811,#3812),(#3813,#3814,#3815,#3816),(#3817,
#3818,#3819,#3820),(#3821,#3822,#3823,#3824),(#3825,#3826,#3827,#3828),(#3829,
#3830,#3831,#3832),(#3833,#3834,#3835,#3836),(#3837,#3838,#3839,#3840),(#3841,
#3842,#3843,#3844),(#3845,#3846,#3847,#3848),(#3849,#3850,#3851,#3852),(#3853,
#3854,#3855,#3856),(#3857,#3858,#3859,#3860),(#3861,#3862,#3863,#3864),(#3865,
#3866,#3867,#3868),(#3869,#3870,#3871,#3872),(#3873,#3874,#3875,#3876),(#3877,
#3878,#3879,#3880),(#3881,#3882,#3883,#3884),(#3885,#3886,#3887,#3888),(#3889,
#3890,#3891,#3892),(#3893,#3894,#3895,#3896),(#3897,#3898,#3899,#3900),(#3901,
#3902,#3903,#3904),(#3905,#3906,#3907,#3908),(#3909,#3910,#3911,#3912),(#3913,
#3914,#3915,#3916),(#3917,#3918,#3919,#3920),(#3921,#3922,#3923,#3924),(#3925,
#3926,#3927,#3928),(#3929,#3930,#3931,#3932),(#3933,#3934,#3935,#3936),(#3937,
#3938,#3939,#3940),(#3941,#3942,#3943,#3944),(#3945,#3946,#3947,#3948),(#3949,
#3950,#3951,#3952),(#3953,#3954,#3955,#3956),(#3957,#3958,#3959,#3960),(#3961,
#3962,#3963,#3964),(#3965,#3966,#3967,#3968),(#3969,#3970,#3971,#3972),(#3973,
#3974,#3975,#3976),(#3977,#3978,#3979,#3980),(#3981,#3982,#3983,#3984),(#3985,
#3986,#3987,#3988),(#3989,#3990,#3991,#3992),(#3993,#3994,#3995,#3996),(#3997,
#3998,#3999,#4000),(#4001,#4002,#4003,#4004),(#4005,#4006,#4007,#4008),(#4009,
#4010,#4011,#4012),(#4013,#4014,#4015,#4016),(#4017,#4018,#4019,#4020),(#4021,
#4022,#4023,#4024),(#4025,#4026,#4027,#4028),(#4029,#4030,#4031,#4032),(#4033,
#4034,#4035,#4036),(#4037,#4038,#4039,#4040),(#4041,#4042,#4043,#4044),(#4045,
#4046,#4047,#4048),(#4049,#4050,#4051,#4052),(#4053,#4054,#4055,#4056),(#4057,
#4058,#4059,#4060),(#4061,#4062,#4063,#4064),(#4065,#4066,#4067,#4068),(#4069,
#4070,#4071,#4072),(#4073,#4074,#4075,#4076),(#4077,#4078,#4079,#4080),(#4081,
#4082,#4083,#4084),(#4085,#4086,#4087,#4088),(#4089,#4090,#4091,#4092),(#4093,
#4094,#4095,#4096),(#4097,#4098,#4099,#4100),(#4101,#4102,#4103,#4104),(#4105,
#4106,#4107,#4108),(#4109,#4110,#4111,#4112),(#4113,#4114,#4115,#4116),(#4117,
#4118,#4119,#4120),(#4121,#4122,#4123,#4124),(#4125,#4126,#4127,#4128),(#4129,
#4130,#4131,#4132),(#4133,#4134,#4135,#4136),(#4137,#4138,#4139,#4140),(#4141,
#4142,#4143,#4144),(#4145,#4146,#4147,#4148),(#4149,#4150,#4151,#4152),(#4153,
#4154,#4155,#4156),(#4157,#4158,#4159,#4160),(#4161,#4162,#4163,#4164),(#4165,
#4166,#4167,#4168),(#4169,#4170,#4171,#4172),(#4173,#4174,#4175,#4176),(#4177,
#4178,#4179,#4180),(#4181,#4182,#4183,#4184),(#4185,#4186,#4187,#4188),(#4189,
#4190,#4191,#4192),(#4193,#4194,#4195,#4196),(#4197,#4198,#4199,#4200),(#4201,
#4202,#4203,#4204),(#4205,#4206,#4207,#4208),(#4209,#4210,#4211,#4212),(#4213,
#4214,#4215,#4216),(#4217,#4218,#4219,#4220),(#4221,#4222,#4223,#4224),(#4225,
#4226,#4227,#4228),(#4229,#4230,#4231,#4232),(#4233,#4234,#4235,#4236),(#4237,
#4238,#4239,#4240),(#4241,#4242,#4243,#4244),(#4245,#4246,#4247,#4248),(#4249,
#4250,#4251,#4252),(#4253,#4254,#4255,#4256),(#4257,#4258,#4259,#4260),(#4261,
#4262,#4263,#4264),(#4265,#4266,#4267,#4268),(#4269,#4270,#4271,#4272),(#4273,
#4274,#4275,#4276),(#4277,#4278,#4279,#4280),(#4281,#4282,#4283,#4284),(#4285,
#4286,#4287,#4288),(#4289,#4290,#4291,#4292),(#4293,#4294,#4295,#4296),(#4297,
#4298,#4299,#4300),(#4301,#4302,#4303,#4304),(#4305,#4306,#4307,#4308),(#4309,
#4310,#4311,#4312),(#4313,#4314,#4315,#4316),(#4317,#4318,#4319,#4320),(#4321,
#4322,#4323,#4324),(#4325,#4326,#4327,#4328),(#4329,#4330,#4331,#4332),(#4333,
#4334,#4335,#4336),(#4337,#4338,#4339,#4340),(#4341,#4342,#4343,#4344),(#4345,
#4346,#4347,#4348),(#4349,#4350,#4351,#4352),(#4353,#4354,#4355,#4356),(#4357,
#4358,#4359,#4360),(#4361,#4362,#4363,#4364),(#4365,#4366,#4367,#4368),(#4369,
#4370,#4371,#4372),(#4373,#4374,#4375,#4376),(#4377,#4378,#4379,#4380),(#4381,
#4382,#4383,#4384),(#4385,#4386,#4387,#4388),(#4389,#4390,#4391,#4392),(#4393,
#4394,#4395,#4396),(#4397,#4398,#4399,#4400),(#4401,#4402,#4403,#4404),(#4405,
#4406,#4407,#4408),(#4409,#4410,#4411,#4412),(#4413,#4414,#4415,#4416),(#4417,
#4418,#4419,#4420),(#4421,#4422,#4423,#4424),(#4425,#4426,#4427,#4428),(#4429,
#4430,#4431,#4432),(#4433,#4434,#4435,#4436),(#4437,#4438,#4439,#4440),(#4441,
#4442,#4443,#4444),(#4445,#4446,#4447,#4448),(#4449,#4450,#4451,#4452),(#4453,
#4454,#4455,#4456),(#4457,#4458,#4459,#4460),(#4461,#4462,#4463,#4464),(#4465,
#4466,#4467,#4468),(#4469,#4470,#4471,#4472),(#4473,#4474,#4475,#4476),(#4477,
#4478,#4479,#4480),(#4481,#4482,#4483,#4484),(#4485,#4486,#4487,#4488),(#4489,
#4490,#4491,#4492),(#4493,#4494,#4495,#4496),(#4497,#4498,#4499,#4500),(#4501,
#4502,#4503,#4504),(#4505,#4506,#4507,#4508),(#4509,#4510,#4511,#4512),(#4513,
#4514,#4515,#4516),(#4517,#4518,#4519,#4520),(#4521,#4522,#4523,#4524),(#4525,
#4526,#4527,#4528),(#4529,#4530,#4531,#4532),(#4533,#4534,#4535,#4536),(#4537,
#4538,#4539,#4540),(#4541,#4542,#4543,#4544),(#4545,#4546,#4547,#4548),(#4549,
#4550,#4551,#4552),(#4553,#4554,#4555,#4556),(#4557,#4558,#4559,#4560),(#4561,
#4562,#4563,#4564),(#4565,#4566,#4567,#4568),(#4569,#4570,#4571,#4572),(#4573,
#4574,#4575,#4576),(#4577,#4578,#4579,#4580),(#4581,#4582,#4583,#4584),(#4585,
#4586,#4587,#4588),(#4589,#4590,#4591,#4592),(#4593,#4594,#4595,#4596),(#4597,
#4598,#4599,#4600),(#4601,#4602,#4603,#4604),(#4605,#4606,#4607,#4608),(#4609,
#4610,#4611,#4612),(#4613,#4614,#4615,#4616),(#4617,#4618,#4619,#4620),(#4621,
#4622,#4623,#4624),(#4625,#4626,#4627,#4628),(#4629,#4630,#4631,#4632),(#4633,
#4634,#4635,#4636),(#4637,#4638,#4639,#4640),(#4641,#4642,#4643,#4644),(#4645,
#4646,#4647,#4648),(#4649,#4650,#4651,#4652),(#4653,#4654,#4655,#4656),(#4657,
#4658,#4659,#4660),(#4661,#4662,#4663,#4664),(#4665,#4666,#4667,#4668),(#4669,
#4670,#4671,#4672),(#4673,#4674,#4675,#4676),(#4677,#4678,#4679,#4680),(#4681,
#4682,#4683,#4684),(#4685,#4686,#4687,#4688),(#4689,#4690,#4691,#4692),(#4693,
#4694,#4695,#4696),(#4697,#4698,#4699,#4700),(#4701,#4702,#4703,#4704),(#4705,
#4706,#4707,#4708),(#4709,#4710,#4711,#4712),(#4713,#4714,#4715,#4716),(#4717,
#4718,#4719,#4720),(#4721,#4722,#4723,#4724),(#4725,#4726,#4727,#4728),(#4729,
#4730,#4731,#4732),(#4733,#4734,#4735,#4736),(#4737,#4738,#4739,#4740),(#4741,
#4742,#4743,#4744),(#4745,#4746,#4747,#4748),(#4749,#4750,#4751,#4752),(#4753,
#4754,#4755,#4756),(#4757,#4758,#4759,#4760),(#4761,#4762,#4763,#4764),(#4765,
#4766,#4767,#4768),(#4769,#4770,#4771,#4772),(#4773,#4774,#4775,#4776),(#4777,
#4778,#4779,#4780),(#4781,#4782,#4783,#4784),(#4785,#4786,#4787,#4788),(#4789,
#4790,#4791,#4792),(#4793,#4794,#4795,#4796),(#4797,#4798,#4799,#4800),(#4801,
#4802,#4803,#4804),(#4805,#4806,#4807,#4808),(#4809,#4810,#4811,#4812),(#4813,
#4814,#4815,#4816),(#4817,#4818,#4819,#4820),(#4821,#4822,#4823,#4824),(#4825,
#4826,#4827,#4828),(#4829,#4830,#4831,#4832),(#4833,#4834,#4835,#4836),(#4837,
#4838,#4839,#4840),(#4841,#4842,#4843,#4844),(#4845,#4846,#4847,#4848),(#4849,
#4850,#4851,#4852),(#4853,#4854,#4855,#4856),(#4857,#4858,#4859,#4860),(#4861,
#4862,#4863,#4864),(#4865,#4866,#4867,#4868),(#4869,#4870,#4871,#4872),(#4873,
#4874,#4875,#4876),(#4877,#4878,#4879,#4880),(#4881,#4882,#4883,#4884),(#4885,
#4886,#4887,#4888),(#4889,#4890,#4891,#4892),(#4893,#4894,#4895,#4896),(#4897,
#4898,#4899,#4900),(#4901,#4902,#4903,#4904),(#4905,#4906,#4907,#4908),(#4909,
#4910,#4911,#4912),(#4913,#4914,#4915,#4916),(#4917,#4918,#4919,#4920),(#4921,
#4922,#4923,#4924),(#4925,#4926,#4927,#4928),(#4929,#4930,#4931,#4932),(#4933,
#4934,#4935,#4936),(#4937,#4938,#4939,#4940),(#4941,#4942,#4943,#4944),(#4945,
#4946,#4947,#4948),(#4949,#4950,#4951,#4952),(#4953,#4954,#4955,#4956),(#4957,
#4958,#4959,#4960),(#4961,#4962,#4963,#4964),(#4965,#4966,#4967,#4968),(#4969,
#4970,#4971,#4972),(#4973,#4974,#4975,#4976),(#4977,#4978,#4979,#4980),(#4981,
#4982,#4983,#4984),(#4985,#4986,#4987,#4988),(#4989,#4990,#4991,#4992),(#4993,
#4994,#4995,#4996),(#4997,#4998,#4999,#5000),(#5001,#5002,#5003,#5004),(#5005,
#5006,#5007,#5008),(#5009,#5010,#5011,#5012),(#5013,#5014,#5015,#5016),(#5017,
#5018,#5019,#5020),(#5021,#5022,#5023,#5024),(#5025,#5026,#5027,#5028),(#5029,
#5030,#5031,#5032),(#5033,#5034,#5035,#5036),(#5037,#5038,#5039,#5040),(#5041,
#5042,#5043,#5044),(#5045,#5046,#5047,#5048),(#5049,#5050,#5051,#5052),(#5053,
#5054,#5055,#5056),(#5057,#5058,#5059,#5060),(#5061,#5062,#5063,#5064),(#5065,
#5066,#5067,#5068),(#5069,#5070,#5071,#5072),(#5073,#5074,#5075,#5076),(#5077,
#5078,#5079,#5080),(#5081,#5082,#5083,#5084),(#5085,#5086,#5087,#5088),(#5089,
#5090,#5091,#5092),(#5093,#5094,#5095,#5096),(#5097,#5098,#5099,#5100),(#5101,
#5102,#5103,#5104),(#5105,#5106,#5107,#5108),(#5109,#5110,#5111,#5112),(#5113,
#5114,#5115,#5116),(#5117,#5118,#5119,#5120),(#5121,#5122,#5123,#5124),(#5125,
#5126,#5127,#5128),(#5129,#5130,#5131,#5132),(#5133,#5134,#5135,#5136),(#5137,
#5138,#5139,#5140),(#5141,#5142,#5143,#5144),(#5145,#5146,#5147,#5148),(#5149,
#5150,#5151,#5152),(#5153,#5154,#5155,#5156),(#5157,#5158,#5159,#5160),(#5161,
#5162,#5163,#5164),(#5165,#5166,#5167,#5168),(#5169,#5170,#5171,#5172),(#5173,
#5174,#5175,#5176),(#5177,#5178,#5179,#5180),(#5181,#5182,#5183,#5184),(#5185,
#5186,#5187,#5188),(#5189,#5190,#5191,#5192),(#5193,#5194,#5195,#5196),(#5197,
#5198,#5199,#5200),(#5201,#5202,#5203,#5204),(#5205,#5206,#5207,#5208),(#5209,
#5210,#5211,#5212),(#5213,#5214,#5215,#5216),(#5217,#5218,#5219,#5220),(#5221,
#5222,#5223,#5224),(#5225,#5226,#5227,#5228),(#5229,#5230,#5231,#5232),(#5233,
#5234,#5235,#5236),(#5237,#5238,#5239,#5240),(#5241,#5242,#5243,#5244),(#5245,
#5246,#5247,#5248),(#5249,#5250,#5251,#5252),(#5253,#5254,#5255,#5256),(#5257,
#5258,#5259,#5260),(#5261,#5262,#5263,#5264),(#5265,#5266,#5267,#5268),(#5269,
#5270,#5271,#5272),(#5273,#5274,#5275,#5276),(#5277,#5278,#5279,#5280),(#5281,
#5282,#5283,#5284),(#5285,#5286,#5287,#5288),(#5289,#5290,#5291,#5292),(#5293,
#5294,#5295,#5296),(#5297,#5298,#5299,#5300),(#5301,#5302,#5303,#5304),(#5305,
#5306,#5307,#5308),(#5309,#5310,#5311,#5312),(#5313,#5314,#5315,#5316),(#5317,
#5318,#5319,#5320),(#5321,#5322,#5323,#5324),(#5325,#5326,#5327,#5328),(#5329,
#5330,#5331,#5332),(#5333,#5334,#5335,#5336),(#5337,#5338,#5339,#5340),(#5341,
#5342,#5343,#5344),(#5345,#5346,#5347,#5348),(#5349,#5350,#5351,#5352),(#5353,
#5354,#5355,#5356),(#5357,#5358,#5359,#5360),(#5361,#5362,#5363,#5364),(#5365,
#5366,#5367,#5368),(#5369,#5370,#5371,#5372),(#5373,#5374,#5375,#5376),(#5377,
#5378,#5379,#5380),(#5381,#5382,#5383,#5384),(#5385,#5386,#5387,#5388),(#5389,
#5390,#5391,#5392),(#5393,#5394,#5395,#5396),(#5397,#5398,#5399,#5400),(#5401,
#5402,#5403,#5404),(#5405,#5406,#5407,#5408),(#5409,#5410,#5411,#5412),(#5413,
#5414,#5415,#5416),(#5417,#5418,#5419,#5420),(#5421,#5422,#5423,#5424),(#5425,
#5426,#5427,#5428),(#5429,#5430,#5431,#5432),(#5433,#5434,#5435,#5436),(#5437,
#5438,#5439,#5440),(#5441,#5442,#5443,#5444),(#5445,#5446,#5447,#5448),(#5449,
#5450,#5451,#5452),(#5453,#5454,#5455,#5456),(#5457,#5458,#5459,#5460),(#5461,
#5462,#5463,#5464),(#5465,#5466,#5467,#5468),(#5469,#5470,#5471,#5472),(#5473,
#5474,#5475,#5476),(#5477,#5478,#5479,#5480),(#5481,#5482,#5483,#5484),(#5485,
#5486,#5487,#5488),(#5489,#5490,#5491,#5492),(#5493,#5494,#5495,#5496),(#5497,
#5498,#5499,#5500),(#5501,#5502,#5503,#5504),(#5505,#5506,#5507,#5508),(#5509,
#5510,#5511,#5512),(#5513,#5514,#5515,#5516),(#5517,#5518,#5519,#5520),(#5521,
#5522,#5523,#5524),(#5525,#5526,#5527,#5528),(#5529,#5530,#5531,#5532),(#5533,
#5534,#5535,#5536),(#5537,#5538,#5539,#5540),(#5541,#5542,#5543,#5544),(#5545,
#5546,#5547,#5548),(#5549,#5550,#5551,#5552),(#5553,#5554,#5555,#5556),(#5557,
#5558,#5559,#5560),(#5561,#5562,#5563,#5564),(#5565,#5566,#5567,#5568),(#5569,
#5570,#5571,#5572),(#5573,#5574,#5575,#5576),(#5577,#5578,#5579,#5580),(#5581,
#5582,#5583,#5584),(#5585,#5586,#5587,#5588),(#5589,#5590,#5591,#5592),(#5593,
#5594,#5595,#5596),(#5597,#5598,#5599,#5600),(#5601,#5602,#5603,#5604),(#5605,
#5606,#5607,#5608),(#5609,#5610,#5611,#5612),(#5613,#5614,#5615,#5616),(#5617,
#5618,#5619,#5620),(#5621,#5622,#5623,#5624),(#5625,#5626,#5627,#5628),(#5629,
#5630,#5631,#5632),(#5633,#5634,#5635,#5636),(#5637,#5638,#5639,#5640),(#5641,
#5642,#5643,#5644),(#5645,#5646,#5647,#5648),(#5649,#5650,#5651,#5652),(#5653,
#5654,#5655,#5656),(#5657,#5658,#5659,#5660),(#5661,#5662,#5663,#5664),(#5665,
#5666,#5667,#5668),(#5669,#5670,#5671,#5672),(#5673,#5674,#5675,#5676),(#5677,
#5678,#5679,#5680),(#5681,#5682,#5683,#5684),(#5685,#5686,#5687,#5688),(#5689,
#5690,#5691,#5692),(#5693,#5694,#5695,#5696),(#5697,#5698,#5699,#5700),(#5701,
#5702,#5703,#5704),(#5705,#5706,#5707,#5708),(#5709,#5710,#5711,#5712),(#5713,
#5714,#5715,#5716),(#5717,#5718,#5719,#5720),(#5721,#5722,#5723,#5724),(#5725,
#5726,#5727,#5728),(#5729,#5730,#5731,#5732),(#5733,#5734,#5735,#5736),(#5737,
#5738,#5739,#5740),(#5741,#5742,#5743,#5744),(#5745,#5746,#5747,#5748),(#5749,
#5750,#5751,#5752),(#5753,#5754,#5755,#5756),(#5757,#5758,#5759,#5760),(#5761,
#5762,#5763,#5764),(#5765,#5766,#5767,#5768),(#5769,#5770,#5771,#5772),(#5773,
#5774,#5775,#5776),(#5777,#5778,#5779,#5780),(#5781,#5782,#5783,#5784),(#5785,
#5786,#5787,#5788),(#5789,#5790,#5791,#5792),(#5793,#5794,#5795,#5796),(#5797,
#5798,#5799,#5800),(#5801,#5802,#5803,#5804),(#5805,#5806,#5807,#5808),(#5809,
#5810,#5811,#5812),(#5813,#5814,#5815,#5816),(#5817,#5818,#5819,#5820),(#5821,
#5822,#5823,#5824),(#5825,#5826,#5827,#5828),(#5829,#5830,#5831,#5832),(#5833,
#5834,#5835,#5836),(#5837,#5838,#5839,#5840),(#5841,#5842,#5843,#5844),(#5845,
#5846,#5847,#5848),(#5849,#5850,#5851,#5852),(#5853,#5854,#5855,#5856)),
.UNSPECIFIED.,.F.,.F.,.F.,(4,1,1,1,1,1,1,1,1,1,1,1,1,1,1,1,1,1,1,1,1,1,1,1,1,1,
1,1,1,1,1,1,1,1,1,1,1,1,1,1,1,1,1,1,1,1,1,1,1,1,1,1,1,1,1,1,1,1,1,1,1,1,1,1,1,1,
1,1,1,1,1,1,1,1,1,1,1,1,1,1,1,1,1,1,1,1,1,1,1,1,1,1,1,1,1,1,1,1,1,1,1,1,1,1,1,1,
1,1,1,1,1,1,1,1,1,1,1,1,1,1,1,1,1,1,1,1,1,1,1,1,1,1,1,1,1,1,1,1,1,1,1,1,1,1,1,1,
1,1,1,1,1,1,1,1,1,1,1,1,1,1,1,1,1,1,1,1,1,1,1,1,1,1,1,1,1,1,1,1,1,1,1,1,1,1,1,1,
1,1,1,1,1,1,1,1,1,1,1,1,1,1,1,1,1,1,1,1,1,1,1,1,1,1,1,1,1,1,1,1,1,1,1,1,1,1,1,1,
1,1,1,1,1,1,1,1,1,1,1,1,1,1,1,1,1,1,1,1,1,1,1,1,1,1,1,1,1,1,1,1,1,1,1,1,1,1,1,1,
1,1,1,1,1,1,1,1,1,1,1,1,1,1,1,1,1,1,1,1,1,1,1,1,1,1,1,1,1,1,1,1,1,1,1,1,1,1,1,1,
1,1,1,1,1,1,1,1,1,1,1,1,1,1,1,1,1,1,1,1,1,1,1,1,1,1,1,1,1,1,1,1,1,1,1,1,1,1,1,1,
1,1,1,1,1,1,1,1,1,1,1,1,1,1,1,1,1,1,1,1,1,1,1,1,1,1,1,1,1,1,1,1,1,1,1,1,1,1,1,1,
1,1,1,1,1,1,1,1,1,1,1,1,1,1,1,1,1,1,1,1,1,1,1,1,1,1,1,1,1,1,1,1,1,1,1,1,1,1,1,1,
1,1,1,1,1,1,1,1,1,1,1,1,1,1,1,1,1,1,1,1,1,1,1,1,1,1,1,1,1,1,1,1,1,1,1,1,1,1,1,1,
1,1,1,1,1,1,1,1,1,1,1,1,1,1,1,1,1,1,1,1,1,1,1,1,1,1,1,1,1,1,1,1,1,1,1,1,1,1,1,1,
1,1,1,1,1,1,1,1,1,1,1,1,1,1,1,1,1,4),(4,4),(-1.404193396355E-3,0.E0,
1.565385866189E-3,3.488677860785E-3,5.411969855380E-3,7.335261849975E-3,
9.258553844570E-3,1.118184583917E-2,1.310513783376E-2,1.502842982836E-2,
1.695172182295E-2,1.887501381755E-2,2.079830581214E-2,2.272159780674E-2,
2.464488980133E-2,2.656818179593E-2,2.849147379052E-2,3.041476578512E-2,
3.233805777971E-2,3.426134977431E-2,3.618464176890E-2,3.810793376350E-2,
4.003122575809E-2,4.195451775269E-2,4.387780974728E-2,4.580110174188E-2,
4.772439373648E-2,4.964768573107E-2,5.157097772567E-2,5.349426972026E-2,
5.541756171486E-2,5.734085370945E-2,5.926414570405E-2,6.118743769864E-2,
6.311072969324E-2,6.503402168783E-2,6.695731368243E-2,6.888060567702E-2,
7.080389767162E-2,7.272718966621E-2,7.465048166081E-2,7.657377365540E-2,
7.849706565E-2,8.042035764459E-2,8.234364963919E-2,8.426694163378E-2,
8.619023362838E-2,8.811352562298E-2,9.003681761757E-2,9.196010961217E-2,
9.388340160676E-2,9.580669360136E-2,9.772998559595E-2,9.965327759055E-2,
1.015765695851E-1,1.034998615797E-1,1.054231535743E-1,1.073464455689E-1,
1.092697375635E-1,1.111930295581E-1,1.131163215527E-1,1.150396135473E-1,
1.169629055419E-1,1.188861975365E-1,1.208094895311E-1,1.227327815257E-1,
1.246560735203E-1,1.265793655149E-1,1.285026575095E-1,1.304259495041E-1,
1.323492414987E-1,1.342725334933E-1,1.361958254879E-1,1.381191174825E-1,
1.400424094770E-1,1.419657014716E-1,1.438889934662E-1,1.458122854608E-1,
1.477355774554E-1,1.496588694500E-1,1.515821614446E-1,1.535054534392E-1,
1.554287454338E-1,1.573520374284E-1,1.592753294230E-1,1.611986214176E-1,
1.631219134122E-1,1.650452054068E-1,1.669684974014E-1,1.688917893960E-1,
1.708150813906E-1,1.727383733852E-1,1.746616653798E-1,1.765849573744E-1,
1.785082493690E-1,1.804315413635E-1,1.823548333581E-1,1.842781253527E-1,
1.862014173473E-1,1.881247093419E-1,1.900480013365E-1,1.919712933311E-1,
1.938945853257E-1,1.958178773203E-1,1.977411693149E-1,1.996644613095E-1,
2.015877533041E-1,2.035110452987E-1,2.054343372933E-1,2.073576292879E-1,
2.092809212825E-1,2.112042132771E-1,2.131275052717E-1,2.150507972663E-1,
2.169740892609E-1,2.188973812555E-1,2.208206732500E-1,2.227439652446E-1,
2.246672572392E-1,2.265905492338E-1,2.285138412284E-1,2.304371332230E-1,
2.323604252176E-1,2.342837172122E-1,2.362070092068E-1,2.381303012014E-1,
2.400535931960E-1,2.419768851906E-1,2.439001771852E-1,2.458234691798E-1,
2.477467611744E-1,2.496700531690E-1,2.515933451636E-1,2.535166371582E-1,
2.554399291528E-1,2.573632211474E-1,2.592865131420E-1,2.612098051365E-1,
2.631330971311E-1,2.650563891257E-1,2.669796811203E-1,2.689029731149E-1,
2.708262651095E-1,2.727495571041E-1,2.746728490987E-1,2.765961410933E-1,
2.785194330879E-1,2.804427250825E-1,2.823660170771E-1,2.842893090717E-1,
2.862126010663E-1,2.881358930609E-1,2.900591850555E-1,2.919824770501E-1,
2.939057690447E-1,2.958290610393E-1,2.977523530339E-1,2.996756450285E-1,
3.015989370230E-1,3.035222290176E-1,3.054455210122E-1,3.073688130068E-1,
3.092921050014E-1,3.112153969960E-1,3.131386889906E-1,3.150619809852E-1,
3.169852729798E-1,3.189085649744E-1,3.208318569690E-1,3.227551489636E-1,
3.246784409582E-1,3.266017329528E-1,3.285250249474E-1,3.304483169420E-1,
3.323716089366E-1,3.342949009312E-1,3.362181929258E-1,3.381414849204E-1,
3.400647769150E-1,3.419880689095E-1,3.439113609041E-1,3.458346528987E-1,
3.477579448933E-1,3.496812368879E-1,3.516045288825E-1,3.535278208771E-1,
3.554511128717E-1,3.573744048663E-1,3.592976968609E-1,3.612209888555E-1,
3.631442808501E-1,3.650675728447E-1,3.669908648393E-1,3.689141568339E-1,
3.708374488285E-1,3.727607408231E-1,3.746840328177E-1,3.766073248123E-1,
3.785306168069E-1,3.804539088015E-1,3.823772007960E-1,3.843004927906E-1,
3.862237847852E-1,3.881470767798E-1,3.900703687744E-1,3.919936607690E-1,
3.939169527636E-1,3.958402447582E-1,3.977635367528E-1,3.996868287474E-1,
4.016101207420E-1,4.035334127366E-1,4.054567047312E-1,4.073799967258E-1,
4.093032887204E-1,4.112265807150E-1,4.131498727096E-1,4.150731647042E-1,
4.169964566988E-1,4.189197486934E-1,4.208430406880E-1,4.227663326825E-1,
4.246896246771E-1,4.266129166717E-1,4.285362086663E-1,4.304595006609E-1,
4.323827926555E-1,4.343060846501E-1,4.362293766447E-1,4.381526686393E-1,
4.400759606339E-1,4.419992526285E-1,4.439225446231E-1,4.458458366177E-1,
4.477691286123E-1,4.496924206069E-1,4.516157126015E-1,4.535390045961E-1,
4.554622965907E-1,4.573855885853E-1,4.593088805799E-1,4.612321725745E-1,
4.631554645690E-1,4.650787565636E-1,4.670020485582E-1,4.689253405528E-1,
4.708486325474E-1,4.727719245420E-1,4.746952165366E-1,4.766185085312E-1,
4.785418005258E-1,4.804650925204E-1,4.823883845150E-1,4.843116765096E-1,
4.862349685042E-1,4.881582604988E-1,4.900815524934E-1,4.920048444880E-1,
4.939281364826E-1,4.958514284772E-1,4.977747204718E-1,4.996980124664E-1,
5.016213044610E-1,5.035445964555E-1,5.054678884501E-1,5.073911804447E-1,
5.093144724393E-1,5.112377644339E-1,5.131610564285E-1,5.150843484231E-1,
5.170076404177E-1,5.189309324123E-1,5.208542244069E-1,5.227775164015E-1,
5.247008083961E-1,5.266241003907E-1,5.285473923853E-1,5.304706843799E-1,
5.323939763745E-1,5.343172683691E-1,5.362405603637E-1,5.381638523583E-1,
5.400871443529E-1,5.420104363475E-1,5.439337283420E-1,5.458570203366E-1,
5.477803123312E-1,5.497036043258E-1,5.516268963204E-1,5.535501883150E-1,
5.554734803096E-1,5.573967723042E-1,5.593200642988E-1,5.612433562934E-1,
5.631666482880E-1,5.650899402826E-1,5.670132322772E-1,5.689365242718E-1,
5.708598162664E-1,5.727831082610E-1,5.747064002556E-1,5.766296922502E-1,
5.785529842448E-1,5.804762762394E-1,5.823995682340E-1,5.843228602285E-1,
5.862461522231E-1,5.881694442177E-1,5.900927362123E-1,5.920160282069E-1,
5.939393202015E-1,5.958626121961E-1,5.977859041907E-1,5.997091961853E-1,
6.016324881799E-1,6.035557801745E-1,6.054790721691E-1,6.074023641637E-1,
6.093256561583E-1,6.112489481529E-1,6.131722401475E-1,6.150955321421E-1,
6.170188241367E-1,6.189421161313E-1,6.208654081259E-1,6.227887001205E-1,
6.247119921150E-1,6.266352841096E-1,6.285585761042E-1,6.304818680988E-1,
6.324051600934E-1,6.343284520880E-1,6.362517440826E-1,6.381750360772E-1,
6.400983280718E-1,6.420216200664E-1,6.439449120610E-1,6.458682040556E-1,
6.477914960502E-1,6.497147880448E-1,6.516380800394E-1,6.535613720340E-1,
6.554846640286E-1,6.574079560232E-1,6.593312480178E-1,6.612545400124E-1,
6.631778320070E-1,6.651011240015E-1,6.670244159961E-1,6.689477079907E-1,
6.708709999853E-1,6.727942919799E-1,6.747175839745E-1,6.766408759691E-1,
6.785641679637E-1,6.804874599583E-1,6.824107519529E-1,6.843340439475E-1,
6.862573359421E-1,6.881806279367E-1,6.901039199313E-1,6.920272119259E-1,
6.939505039205E-1,6.958737959151E-1,6.977970879097E-1,6.997203799043E-1,
7.016436718989E-1,7.035669638935E-1,7.054902558880E-1,7.074135478826E-1,
7.093368398772E-1,7.112601318718E-1,7.131834238664E-1,7.151067158610E-1,
7.170300078556E-1,7.189532998502E-1,7.208765918448E-1,7.227998838394E-1,
7.247231758340E-1,7.266464678286E-1,7.285697598232E-1,7.304930518178E-1,
7.324163438124E-1,7.343396358070E-1,7.362629278016E-1,7.381862197962E-1,
7.401095117908E-1,7.420328037854E-1,7.439560957800E-1,7.458793877745E-1,
7.478026797691E-1,7.497259717637E-1,7.516492637583E-1,7.535725557529E-1,
7.554958477475E-1,7.574191397421E-1,7.593424317367E-1,7.612657237313E-1,
7.631890157259E-1,7.651123077205E-1,7.670355997151E-1,7.689588917097E-1,
7.708821837043E-1,7.728054756989E-1,7.747287676935E-1,7.766520596881E-1,
7.785753516827E-1,7.804986436773E-1,7.824219356719E-1,7.843452276665E-1,
7.862685196610E-1,7.881918116556E-1,7.901151036502E-1,7.920383956448E-1,
7.939616876394E-1,7.958849796340E-1,7.978082716286E-1,7.997315636232E-1,
8.016548556178E-1,8.035781476124E-1,8.055014396070E-1,8.074247316016E-1,
8.093480235962E-1,8.112713155908E-1,8.131946075854E-1,8.151178995800E-1,
8.170411915746E-1,8.189644835692E-1,8.208877755638E-1,8.228110675584E-1,
8.247343595530E-1,8.266576515475E-1,8.285809435421E-1,8.305042355367E-1,
8.324275275313E-1,8.343508195259E-1,8.362741115205E-1,8.381974035151E-1,
8.401206955097E-1,8.420439875043E-1,8.439672794989E-1,8.458905714935E-1,
8.478138634881E-1,8.497371554827E-1,8.516604474773E-1,8.535837394719E-1,
8.555070314665E-1,8.574303234611E-1,8.593536154557E-1,8.612769074503E-1,
8.632001994449E-1,8.651234914395E-1,8.670467834340E-1,8.689700754286E-1,
8.708933674232E-1,8.728166594178E-1,8.747399514124E-1,8.766632434070E-1,
8.785865354016E-1,8.805098273962E-1,8.824331193908E-1,8.843564113854E-1,
8.862797033800E-1,8.882029953746E-1,8.901262873692E-1,8.920495793638E-1,
8.939728713584E-1,8.958961633530E-1,8.978194553476E-1,8.997427473422E-1,
9.016660393368E-1,9.035893313314E-1,9.055126233260E-1,9.074359153205E-1,
9.093592073151E-1,9.112824993097E-1,9.132057913043E-1,9.151290832989E-1,
9.170523752935E-1,9.189756672881E-1,9.208989592827E-1,9.228222512773E-1,
9.247455432719E-1,9.266688352665E-1,9.285921272611E-1,9.305154192557E-1,
9.324387112503E-1,9.343620032449E-1,9.362852952395E-1,9.382085872341E-1,
9.401318792287E-1,9.420551712233E-1,9.439784632179E-1,9.459017552125E-1,
9.478250472070E-1,9.497483392016E-1,9.516716311962E-1,9.535949231908E-1,
9.555182151854E-1,9.574415071800E-1,9.593647991746E-1,9.612880911692E-1,
9.632113831638E-1,9.651346751584E-1,9.670579671530E-1,9.689812591476E-1,
9.709045511422E-1,9.728278431368E-1,9.747511351314E-1,9.766744271260E-1,
9.785977191206E-1,9.805210111152E-1,9.824443031098E-1,9.843675951044E-1,
9.862908870990E-1,9.882141790935E-1,9.901374710881E-1,9.920607630827E-1,
9.939840550773E-1,9.959073470719E-1,9.978306390665E-1,9.997539310611E-1,1.E0,
1.001407829804E0),(-4.169151675356E-2,1.041517670087E0),.UNSPECIFIED.);
#5859=ORIENTED_EDGE('',*,*,#5858,.T.);
#5861=ORIENTED_EDGE('',*,*,#5860,.T.);
#5863=ORIENTED_EDGE('',*,*,#5862,.T.);
#5865=ORIENTED_EDGE('',*,*,#5864,.T.);
#5867=ORIENTED_EDGE('',*,*,#5866,.T.);
#5869=ORIENTED_EDGE('',*,*,#5868,.T.);
#5871=ORIENTED_EDGE('',*,*,#5870,.T.);
#5873=ORIENTED_EDGE('',*,*,#5872,.T.);
#5875=ORIENTED_EDGE('',*,*,#5874,.T.);
#5877=ORIENTED_EDGE('',*,*,#5876,.T.);
#5879=ORIENTED_EDGE('',*,*,#5878,.T.);
#5881=ORIENTED_EDGE('',*,*,#5880,.T.);
#5883=ORIENTED_EDGE('',*,*,#5882,.T.);
#5885=ORIENTED_EDGE('',*,*,#5884,.T.);
#5887=ORIENTED_EDGE('',*,*,#5886,.T.);
#5889=ORIENTED_EDGE('',*,*,#5888,.T.);
#5891=ORIENTED_EDGE('',*,*,#5890,.T.);
#5893=ORIENTED_EDGE('',*,*,#5892,.T.);
#5895=ORIENTED_EDGE('',*,*,#5894,.T.);
#5897=ORIENTED_EDGE('',*,*,#5896,.T.);
#5899=ORIENTED_EDGE('',*,*,#5898,.T.);
#5901=ORIENTED_EDGE('',*,*,#5900,.T.);
#5903=ORIENTED_EDGE('',*,*,#5902,.T.);
#5905=ORIENTED_EDGE('',*,*,#5904,.T.);
#5907=ORIENTED_EDGE('',*,*,#5906,.T.);
#5909=ORIENTED_EDGE('',*,*,#5908,.T.);
#5911=ORIENTED_EDGE('',*,*,#5910,.T.);
#5913=ORIENTED_EDGE('',*,*,#5912,.T.);
#5915=ORIENTED_EDGE('',*,*,#5914,.T.);
#5917=ORIENTED_EDGE('',*,*,#5916,.T.);
#5919=ORIENTED_EDGE('',*,*,#5918,.T.);
#5921=ORIENTED_EDGE('',*,*,#5920,.T.);
#5923=ORIENTED_EDGE('',*,*,#5922,.T.);
#5925=ORIENTED_EDGE('',*,*,#5924,.T.);
#5927=ORIENTED_EDGE('',*,*,#5926,.T.);
#5929=ORIENTED_EDGE('',*,*,#5928,.F.);
#5930=ORIENTED_EDGE('',*,*,#3741,.T.);
#5931=ORIENTED_EDGE('',*,*,#3731,.T.);
#5933=ORIENTED_EDGE('',*,*,#5932,.T.);
#5934=ORIENTED_EDGE('',*,*,#3724,.T.);
#5935=EDGE_LOOP('',(#5859,#5861,#5863,#5865,#5867,#5869,#5871,#5873,#5875,#5877,
#5879,#5881,#5883,#5885,#5887,#5889,#5891,#5893,#5895,#5897,#5899,#5901,#5903,
#5905,#5907,#5909,#5911,#5913,#5915,#5917,#5919,#5921,#5923,#5925,#5927,#5929,
#5930,#5931,#5933,#5934));
#5936=FACE_OUTER_BOUND('',#5935,.F.);
#5938=CARTESIAN_POINT('',(0.E0,0.E0,3.005E-1));
#5939=DIRECTION('',(0.E0,0.E0,1.E0));
#5940=DIRECTION('',(1.E0,0.E0,0.E0));
#5941=AXIS2_PLACEMENT_3D('',#5938,#5939,#5940);
#5942=CYLINDRICAL_SURFACE('',#5941,9.5E-2);
#5944=ORIENTED_EDGE('',*,*,#5943,.F.);
#5945=ORIENTED_EDGE('',*,*,#5858,.F.);
#5946=ORIENTED_EDGE('',*,*,#3722,.T.);
#5948=ORIENTED_EDGE('',*,*,#5947,.F.);
#5949=EDGE_LOOP('',(#5944,#5945,#5946,#5948));
#5950=FACE_OUTER_BOUND('',#5949,.F.);
#5952=CARTESIAN_POINT('',(0.E0,0.E0,3.005E-1));
#5953=DIRECTION('',(0.E0,0.E0,1.E0));
#5954=DIRECTION('',(1.E0,0.E0,0.E0));
#5955=AXIS2_PLACEMENT_3D('',#5952,#5953,#5954);
#5956=CYLINDRICAL_SURFACE('',#5955,9.5E-2);
#5958=ORIENTED_EDGE('',*,*,#5957,.F.);
#5959=ORIENTED_EDGE('',*,*,#5860,.F.);
#5960=ORIENTED_EDGE('',*,*,#5943,.T.);
#5962=ORIENTED_EDGE('',*,*,#5961,.F.);
#5963=EDGE_LOOP('',(#5958,#5959,#5960,#5962));
#5964=FACE_OUTER_BOUND('',#5963,.F.);
#5966=CARTESIAN_POINT('',(0.E0,0.E0,3.005E-1));
#5967=DIRECTION('',(0.E0,0.E0,1.E0));
#5968=DIRECTION('',(1.E0,0.E0,0.E0));
#5969=AXIS2_PLACEMENT_3D('',#5966,#5967,#5968);
#5970=CYLINDRICAL_SURFACE('',#5969,9.5E-2);
#5972=ORIENTED_EDGE('',*,*,#5971,.F.);
#5974=ORIENTED_EDGE('',*,*,#5973,.F.);
#5975=ORIENTED_EDGE('',*,*,#5862,.F.);
#5976=ORIENTED_EDGE('',*,*,#5957,.T.);
#5977=EDGE_LOOP('',(#5972,#5974,#5975,#5976));
#5978=FACE_OUTER_BOUND('',#5977,.F.);
#5980=CARTESIAN_POINT('',(-2.853227905833E-2,-9.149413955449E-2,
-2.858826314966E-1));
#5981=CARTESIAN_POINT('',(-2.635082416315E-2,-8.449889258493E-2,
-2.901132922327E-1));
#5982=CARTESIAN_POINT('',(-2.416936926798E-2,-7.750364561537E-2,
-2.943439529687E-1));
#5983=CARTESIAN_POINT('',(-2.198791437280E-2,-7.050839864582E-2,
-2.985746137048E-1));
#5984=CARTESIAN_POINT('',(-2.406762799135E-2,-9.288425604201E-2,
-2.856304730955E-1));
#5985=CARTESIAN_POINT('',(-2.222752104477E-2,-8.578272676650E-2,
-2.898611338315E-1));
#5986=CARTESIAN_POINT('',(-2.038741409818E-2,-7.868119749100E-2,
-2.940917945676E-1));
#5987=CARTESIAN_POINT('',(-1.854730715160E-2,-7.157966821549E-2,
-2.983224553037E-1));
#5988=CARTESIAN_POINT('',(-1.457691292989E-2,-9.510009087027E-2,
-2.851221825925E-1));
#5989=CARTESIAN_POINT('',(-1.346242508955E-2,-8.782914842873E-2,
-2.893528433286E-1));
#5990=CARTESIAN_POINT('',(-1.234793724921E-2,-8.055820598719E-2,
-2.935835040647E-1));
#5991=CARTESIAN_POINT('',(-1.123344940888E-2,-7.328726354565E-2,
-2.978141648008E-1));
#5992=CARTESIAN_POINT('',(1.150464359636E-3,-9.632366872307E-2,
-2.843305576038E-1));
#5993=CARTESIAN_POINT('',(1.062504820759E-3,-8.895917680047E-2,
-2.885612183399E-1));
#5994=CARTESIAN_POINT('',(9.745452818815E-4,-8.159468487787E-2,
-2.927918790760E-1));
#5995=CARTESIAN_POINT('',(8.865857430044E-4,-7.423019295527E-2,
-2.970225398121E-1));
#5996=CARTESIAN_POINT('',(1.854642709192E-2,-9.466083075849E-2,
-2.834549456980E-1));
#5997=CARTESIAN_POINT('',(1.712844733345E-2,-8.742347224893E-2,
-2.876856064340E-1));
#5998=CARTESIAN_POINT('',(1.571046757497E-2,-8.018611373938E-2,
-2.919162671701E-1));
#5999=CARTESIAN_POINT('',(1.429248781650E-2,-7.294875522982E-2,
-2.961469279062E-1));
#6000=CARTESIAN_POINT('',(3.692426219640E-2,-8.914305457514E-2,
-2.824353403095E-1));
#6001=CARTESIAN_POINT('',(3.410119249507E-2,-8.232756141468E-2,
-2.866660010456E-1));
#6002=CARTESIAN_POINT('',(3.127812279375E-2,-7.551206825422E-2,
-2.908966617817E-1));
#6003=CARTESIAN_POINT('',(2.845505309242E-2,-6.869657509376E-2,
-2.951273225178E-1));
#6004=CARTESIAN_POINT('',(5.382101097859E-2,-8.004961970557E-2,
-2.814157349211E-1));
#6005=CARTESIAN_POINT('',(4.970608880140E-2,-7.392937132278E-2,
-2.856463956572E-1));
#6006=CARTESIAN_POINT('',(4.559116662421E-2,-6.780912293999E-2,
-2.898770563933E-1));
#6007=CARTESIAN_POINT('',(4.147624444702E-2,-6.168887455720E-2,
-2.941077171293E-1));
#6008=CARTESIAN_POINT('',(6.818887994843E-2,-6.818887994843E-2,
-2.804822153095E-1));
#6009=CARTESIAN_POINT('',(6.297545252974E-2,-6.297545252974E-2,
-2.847128760456E-1));
#6010=CARTESIAN_POINT('',(5.776202511105E-2,-5.776202511105E-2,
-2.889435367817E-1));
#6011=CARTESIAN_POINT('',(5.254859769236E-2,-5.254859769236E-2,
-2.931741975178E-1));
#6012=CARTESIAN_POINT('',(8.004961970557E-2,-5.382101097859E-2,
-2.795486956980E-1));
#6013=CARTESIAN_POINT('',(7.392937132278E-2,-4.970608880140E-2,
-2.837793564340E-1));
#6014=CARTESIAN_POINT('',(6.780912293999E-2,-4.559116662421E-2,
-2.880100171701E-1));
#6015=CARTESIAN_POINT('',(6.168887455720E-2,-4.147624444702E-2,
-2.922406779062E-1));
#6016=CARTESIAN_POINT('',(8.914305457514E-2,-3.692426219639E-2,
-2.785290903095E-1));
#6017=CARTESIAN_POINT('',(8.232756141468E-2,-3.410119249507E-2,
-2.827597510456E-1));
#6018=CARTESIAN_POINT('',(7.551206825422E-2,-3.127812279374E-2,
-2.869904117817E-1));
#6019=CARTESIAN_POINT('',(6.869657509376E-2,-2.845505309242E-2,
-2.912210725178E-1));
#6020=CARTESIAN_POINT('',(9.466083075849E-2,-1.854642709194E-2,
-2.775094849211E-1));
#6021=CARTESIAN_POINT('',(8.742347224893E-2,-1.712844733347E-2,
-2.817401456572E-1));
#6022=CARTESIAN_POINT('',(8.018611373936E-2,-1.571046757499E-2,
-2.859708063933E-1));
#6023=CARTESIAN_POINT('',(7.294875522980E-2,-1.429248781652E-2,
-2.902014671293E-1));
#6024=CARTESIAN_POINT('',(9.643363882610E-2,0.E0,-2.765759653095E-1));
#6025=CARTESIAN_POINT('',(8.906073906414E-2,0.E0,-2.808066260456E-1));
#6026=CARTESIAN_POINT('',(8.168783930218E-2,0.E0,-2.850372867817E-1));
#6027=CARTESIAN_POINT('',(7.431493954022E-2,0.E0,-2.892679475178E-1));
#6028=CARTESIAN_POINT('',(9.466083075849E-2,1.854642709194E-2,
-2.756424456980E-1));
#6029=CARTESIAN_POINT('',(8.742347224893E-2,1.712844733347E-2,
-2.798731064340E-1));
#6030=CARTESIAN_POINT('',(8.018611373936E-2,1.571046757499E-2,
-2.841037671701E-1));
#6031=CARTESIAN_POINT('',(7.294875522980E-2,1.429248781652E-2,
-2.883344279062E-1));
#6032=CARTESIAN_POINT('',(8.914305457514E-2,3.692426219639E-2,
-2.746228403095E-1));
#6033=CARTESIAN_POINT('',(8.232756141468E-2,3.410119249507E-2,
-2.788535010456E-1));
#6034=CARTESIAN_POINT('',(7.551206825422E-2,3.127812279374E-2,
-2.830841617817E-1));
#6035=CARTESIAN_POINT('',(6.869657509376E-2,2.845505309242E-2,
-2.873148225178E-1));
#6036=CARTESIAN_POINT('',(8.004961970557E-2,5.382101097859E-2,
-2.736032349211E-1));
#6037=CARTESIAN_POINT('',(7.392937132278E-2,4.970608880140E-2,
-2.778338956572E-1));
#6038=CARTESIAN_POINT('',(6.780912293999E-2,4.559116662421E-2,
-2.820645563933E-1));
#6039=CARTESIAN_POINT('',(6.168887455720E-2,4.147624444702E-2,
-2.862952171293E-1));
#6040=CARTESIAN_POINT('',(6.818887994843E-2,6.818887994843E-2,
-2.726697153095E-1));
#6041=CARTESIAN_POINT('',(6.297545252974E-2,6.297545252974E-2,
-2.769003760456E-1));
#6042=CARTESIAN_POINT('',(5.776202511105E-2,5.776202511105E-2,
-2.811310367817E-1));
#6043=CARTESIAN_POINT('',(5.254859769236E-2,5.254859769236E-2,
-2.853616975178E-1));
#6044=CARTESIAN_POINT('',(5.382101097859E-2,8.004961970557E-2,
-2.717361956980E-1));
#6045=CARTESIAN_POINT('',(4.970608880140E-2,7.392937132278E-2,
-2.759668564340E-1));
#6046=CARTESIAN_POINT('',(4.559116662421E-2,6.780912293999E-2,
-2.801975171701E-1));
#6047=CARTESIAN_POINT('',(4.147624444702E-2,6.168887455720E-2,
-2.844281779062E-1));
#6048=CARTESIAN_POINT('',(3.692426219639E-2,8.914305457514E-2,
-2.707165903095E-1));
#6049=CARTESIAN_POINT('',(3.410119249507E-2,8.232756141468E-2,
-2.749472510456E-1));
#6050=CARTESIAN_POINT('',(3.127812279374E-2,7.551206825422E-2,
-2.791779117817E-1));
#6051=CARTESIAN_POINT('',(2.845505309242E-2,6.869657509376E-2,
-2.834085725178E-1));
#6052=CARTESIAN_POINT('',(1.854642709194E-2,9.466083075849E-2,
-2.696969849211E-1));
#6053=CARTESIAN_POINT('',(1.712844733347E-2,8.742347224893E-2,
-2.739276456572E-1));
#6054=CARTESIAN_POINT('',(1.571046757499E-2,8.018611373936E-2,
-2.781583063933E-1));
#6055=CARTESIAN_POINT('',(1.429248781652E-2,7.294875522980E-2,
-2.823889671293E-1));
#6056=CARTESIAN_POINT('',(0.E0,9.643363882610E-2,-2.687634653095E-1));
#6057=CARTESIAN_POINT('',(0.E0,8.906073906414E-2,-2.729941260456E-1));
#6058=CARTESIAN_POINT('',(0.E0,8.168783930218E-2,-2.772247867817E-1));
#6059=CARTESIAN_POINT('',(0.E0,7.431493954022E-2,-2.814554475178E-1));
#6060=CARTESIAN_POINT('',(-1.854642709194E-2,9.466083075849E-2,
-2.678299456980E-1));
#6061=CARTESIAN_POINT('',(-1.712844733347E-2,8.742347224893E-2,
-2.720606064340E-1));
#6062=CARTESIAN_POINT('',(-1.571046757499E-2,8.018611373936E-2,
-2.762912671701E-1));
#6063=CARTESIAN_POINT('',(-1.429248781652E-2,7.294875522980E-2,
-2.805219279062E-1));
#6064=CARTESIAN_POINT('',(-3.692426219639E-2,8.914305457514E-2,
-2.668103403095E-1));
#6065=CARTESIAN_POINT('',(-3.410119249507E-2,8.232756141468E-2,
-2.710410010456E-1));
#6066=CARTESIAN_POINT('',(-3.127812279374E-2,7.551206825422E-2,
-2.752716617817E-1));
#6067=CARTESIAN_POINT('',(-2.845505309242E-2,6.869657509376E-2,
-2.795023225178E-1));
#6068=CARTESIAN_POINT('',(-5.382101097859E-2,8.004961970557E-2,
-2.657907349211E-1));
#6069=CARTESIAN_POINT('',(-4.970608880140E-2,7.392937132278E-2,
-2.700213956572E-1));
#6070=CARTESIAN_POINT('',(-4.559116662421E-2,6.780912293999E-2,
-2.742520563933E-1));
#6071=CARTESIAN_POINT('',(-4.147624444702E-2,6.168887455720E-2,
-2.784827171293E-1));
#6072=CARTESIAN_POINT('',(-6.818887994843E-2,6.818887994843E-2,
-2.648572153095E-1));
#6073=CARTESIAN_POINT('',(-6.297545252974E-2,6.297545252974E-2,
-2.690878760456E-1));
#6074=CARTESIAN_POINT('',(-5.776202511105E-2,5.776202511105E-2,
-2.733185367817E-1));
#6075=CARTESIAN_POINT('',(-5.254859769236E-2,5.254859769236E-2,
-2.775491975178E-1));
#6076=CARTESIAN_POINT('',(-8.004961970557E-2,5.382101097859E-2,
-2.639236956980E-1));
#6077=CARTESIAN_POINT('',(-7.392937132278E-2,4.970608880140E-2,
-2.681543564340E-1));
#6078=CARTESIAN_POINT('',(-6.780912293999E-2,4.559116662421E-2,
-2.723850171701E-1));
#6079=CARTESIAN_POINT('',(-6.168887455720E-2,4.147624444702E-2,
-2.766156779062E-1));
#6080=CARTESIAN_POINT('',(-8.914305457514E-2,3.692426219639E-2,
-2.629040903095E-1));
#6081=CARTESIAN_POINT('',(-8.232756141468E-2,3.410119249507E-2,
-2.671347510456E-1));
#6082=CARTESIAN_POINT('',(-7.551206825422E-2,3.127812279374E-2,
-2.713654117817E-1));
#6083=CARTESIAN_POINT('',(-6.869657509376E-2,2.845505309242E-2,
-2.755960725178E-1));
#6084=CARTESIAN_POINT('',(-9.466083075849E-2,1.854642709194E-2,
-2.618844849211E-1));
#6085=CARTESIAN_POINT('',(-8.742347224893E-2,1.712844733347E-2,
-2.661151456572E-1));
#6086=CARTESIAN_POINT('',(-8.018611373936E-2,1.571046757499E-2,
-2.703458063933E-1));
#6087=CARTESIAN_POINT('',(-7.294875522980E-2,1.429248781652E-2,
-2.745764671293E-1));
#6088=CARTESIAN_POINT('',(-9.643363882610E-2,0.E0,-2.609509653095E-1));
#6089=CARTESIAN_POINT('',(-8.906073906414E-2,0.E0,-2.651816260456E-1));
#6090=CARTESIAN_POINT('',(-8.168783930218E-2,0.E0,-2.694122867817E-1));
#6091=CARTESIAN_POINT('',(-7.431493954022E-2,0.E0,-2.736429475178E-1));
#6092=CARTESIAN_POINT('',(-9.466083075849E-2,-1.854642709194E-2,
-2.600174456980E-1));
#6093=CARTESIAN_POINT('',(-8.742347224893E-2,-1.712844733347E-2,
-2.642481064340E-1));
#6094=CARTESIAN_POINT('',(-8.018611373936E-2,-1.571046757499E-2,
-2.684787671701E-1));
#6095=CARTESIAN_POINT('',(-7.294875522980E-2,-1.429248781652E-2,
-2.727094279062E-1));
#6096=CARTESIAN_POINT('',(-8.914305457514E-2,-3.692426219639E-2,
-2.589978403095E-1));
#6097=CARTESIAN_POINT('',(-8.232756141468E-2,-3.410119249507E-2,
-2.632285010456E-1));
#6098=CARTESIAN_POINT('',(-7.551206825422E-2,-3.127812279374E-2,
-2.674591617817E-1));
#6099=CARTESIAN_POINT('',(-6.869657509376E-2,-2.845505309242E-2,
-2.716898225178E-1));
#6100=CARTESIAN_POINT('',(-8.004961970557E-2,-5.382101097859E-2,
-2.579782349211E-1));
#6101=CARTESIAN_POINT('',(-7.392937132278E-2,-4.970608880140E-2,
-2.622088956572E-1));
#6102=CARTESIAN_POINT('',(-6.780912293999E-2,-4.559116662421E-2,
-2.664395563933E-1));
#6103=CARTESIAN_POINT('',(-6.168887455720E-2,-4.147624444702E-2,
-2.706702171293E-1));
#6104=CARTESIAN_POINT('',(-6.818887994843E-2,-6.818887994843E-2,
-2.570447153095E-1));
#6105=CARTESIAN_POINT('',(-6.297545252974E-2,-6.297545252974E-2,
-2.612753760456E-1));
#6106=CARTESIAN_POINT('',(-5.776202511105E-2,-5.776202511105E-2,
-2.655060367817E-1));
#6107=CARTESIAN_POINT('',(-5.254859769236E-2,-5.254859769236E-2,
-2.697366975178E-1));
#6108=CARTESIAN_POINT('',(-5.382101097859E-2,-8.004961970557E-2,
-2.561111956980E-1));
#6109=CARTESIAN_POINT('',(-4.970608880140E-2,-7.392937132278E-2,
-2.603418564340E-1));
#6110=CARTESIAN_POINT('',(-4.559116662421E-2,-6.780912293999E-2,
-2.645725171701E-1));
#6111=CARTESIAN_POINT('',(-4.147624444702E-2,-6.168887455720E-2,
-2.688031779062E-1));
#6112=CARTESIAN_POINT('',(-3.692426219639E-2,-8.914305457514E-2,
-2.550915903095E-1));
#6113=CARTESIAN_POINT('',(-3.410119249507E-2,-8.232756141468E-2,
-2.593222510456E-1));
#6114=CARTESIAN_POINT('',(-3.127812279374E-2,-7.551206825422E-2,
-2.635529117817E-1));
#6115=CARTESIAN_POINT('',(-2.845505309242E-2,-6.869657509376E-2,
-2.677835725178E-1));
#6116=CARTESIAN_POINT('',(-1.854642709194E-2,-9.466083075849E-2,
-2.540719849211E-1));
#6117=CARTESIAN_POINT('',(-1.712844733347E-2,-8.742347224893E-2,
-2.583026456572E-1));
#6118=CARTESIAN_POINT('',(-1.571046757499E-2,-8.018611373936E-2,
-2.625333063933E-1));
#6119=CARTESIAN_POINT('',(-1.429248781652E-2,-7.294875522980E-2,
-2.667639671293E-1));
#6120=CARTESIAN_POINT('',(0.E0,-9.643363882610E-2,-2.531384653095E-1));
#6121=CARTESIAN_POINT('',(0.E0,-8.906073906414E-2,-2.573691260456E-1));
#6122=CARTESIAN_POINT('',(0.E0,-8.168783930218E-2,-2.615997867817E-1));
#6123=CARTESIAN_POINT('',(0.E0,-7.431493954022E-2,-2.658304475178E-1));
#6124=CARTESIAN_POINT('',(1.854642709194E-2,-9.466083075849E-2,
-2.522049456980E-1));
#6125=CARTESIAN_POINT('',(1.712844733347E-2,-8.742347224893E-2,
-2.564356064340E-1));
#6126=CARTESIAN_POINT('',(1.571046757499E-2,-8.018611373936E-2,
-2.606662671701E-1));
#6127=CARTESIAN_POINT('',(1.429248781652E-2,-7.294875522980E-2,
-2.648969279062E-1));
#6128=CARTESIAN_POINT('',(3.692426219639E-2,-8.914305457514E-2,
-2.511853403095E-1));
#6129=CARTESIAN_POINT('',(3.410119249507E-2,-8.232756141468E-2,
-2.554160010456E-1));
#6130=CARTESIAN_POINT('',(3.127812279374E-2,-7.551206825422E-2,
-2.596466617817E-1));
#6131=CARTESIAN_POINT('',(2.845505309242E-2,-6.869657509376E-2,
-2.638773225178E-1));
#6132=CARTESIAN_POINT('',(5.382101097859E-2,-8.004961970557E-2,
-2.501657349211E-1));
#6133=CARTESIAN_POINT('',(4.970608880140E-2,-7.392937132278E-2,
-2.543963956572E-1));
#6134=CARTESIAN_POINT('',(4.559116662421E-2,-6.780912293999E-2,
-2.586270563933E-1));
#6135=CARTESIAN_POINT('',(4.147624444702E-2,-6.168887455720E-2,
-2.628577171293E-1));
#6136=CARTESIAN_POINT('',(6.818887994843E-2,-6.818887994843E-2,
-2.492322153095E-1));
#6137=CARTESIAN_POINT('',(6.297545252974E-2,-6.297545252974E-2,
-2.534628760456E-1));
#6138=CARTESIAN_POINT('',(5.776202511105E-2,-5.776202511105E-2,
-2.576935367817E-1));
#6139=CARTESIAN_POINT('',(5.254859769236E-2,-5.254859769236E-2,
-2.619241975178E-1));
#6140=CARTESIAN_POINT('',(8.004961970557E-2,-5.382101097859E-2,
-2.482986956980E-1));
#6141=CARTESIAN_POINT('',(7.392937132278E-2,-4.970608880140E-2,
-2.525293564340E-1));
#6142=CARTESIAN_POINT('',(6.780912293999E-2,-4.559116662421E-2,
-2.567600171701E-1));
#6143=CARTESIAN_POINT('',(6.168887455720E-2,-4.147624444702E-2,
-2.609906779062E-1));
#6144=CARTESIAN_POINT('',(8.914305457514E-2,-3.692426219639E-2,
-2.472790903095E-1));
#6145=CARTESIAN_POINT('',(8.232756141468E-2,-3.410119249507E-2,
-2.515097510456E-1));
#6146=CARTESIAN_POINT('',(7.551206825422E-2,-3.127812279374E-2,
-2.557404117817E-1));
#6147=CARTESIAN_POINT('',(6.869657509376E-2,-2.845505309242E-2,
-2.599710725178E-1));
#6148=CARTESIAN_POINT('',(9.466083075849E-2,-1.854642709194E-2,
-2.462594849211E-1));
#6149=CARTESIAN_POINT('',(8.742347224893E-2,-1.712844733347E-2,
-2.504901456572E-1));
#6150=CARTESIAN_POINT('',(8.018611373936E-2,-1.571046757499E-2,
-2.547208063933E-1));
#6151=CARTESIAN_POINT('',(7.294875522980E-2,-1.429248781652E-2,
-2.589514671293E-1));
#6152=CARTESIAN_POINT('',(9.643363882610E-2,0.E0,-2.453259653095E-1));
#6153=CARTESIAN_POINT('',(8.906073906414E-2,0.E0,-2.495566260456E-1));
#6154=CARTESIAN_POINT('',(8.168783930218E-2,0.E0,-2.537872867817E-1));
#6155=CARTESIAN_POINT('',(7.431493954022E-2,0.E0,-2.580179475178E-1));
#6156=CARTESIAN_POINT('',(9.466083075849E-2,1.854642709194E-2,
-2.443924456980E-1));
#6157=CARTESIAN_POINT('',(8.742347224893E-2,1.712844733347E-2,
-2.486231064340E-1));
#6158=CARTESIAN_POINT('',(8.018611373936E-2,1.571046757499E-2,
-2.528537671701E-1));
#6159=CARTESIAN_POINT('',(7.294875522980E-2,1.429248781652E-2,
-2.570844279062E-1));
#6160=CARTESIAN_POINT('',(8.914305457514E-2,3.692426219639E-2,
-2.433728403095E-1));
#6161=CARTESIAN_POINT('',(8.232756141468E-2,3.410119249507E-2,
-2.476035010456E-1));
#6162=CARTESIAN_POINT('',(7.551206825422E-2,3.127812279374E-2,
-2.518341617817E-1));
#6163=CARTESIAN_POINT('',(6.869657509376E-2,2.845505309242E-2,
-2.560648225178E-1));
#6164=CARTESIAN_POINT('',(8.004961970557E-2,5.382101097859E-2,
-2.423532349211E-1));
#6165=CARTESIAN_POINT('',(7.392937132278E-2,4.970608880140E-2,
-2.465838956572E-1));
#6166=CARTESIAN_POINT('',(6.780912293999E-2,4.559116662421E-2,
-2.508145563933E-1));
#6167=CARTESIAN_POINT('',(6.168887455720E-2,4.147624444702E-2,
-2.550452171293E-1));
#6168=CARTESIAN_POINT('',(6.818887994843E-2,6.818887994843E-2,
-2.414197153095E-1));
#6169=CARTESIAN_POINT('',(6.297545252974E-2,6.297545252974E-2,
-2.456503760456E-1));
#6170=CARTESIAN_POINT('',(5.776202511105E-2,5.776202511105E-2,
-2.498810367817E-1));
#6171=CARTESIAN_POINT('',(5.254859769236E-2,5.254859769236E-2,
-2.541116975178E-1));
#6172=CARTESIAN_POINT('',(5.382101097859E-2,8.004961970557E-2,
-2.404861956980E-1));
#6173=CARTESIAN_POINT('',(4.970608880140E-2,7.392937132278E-2,
-2.447168564340E-1));
#6174=CARTESIAN_POINT('',(4.559116662421E-2,6.780912293999E-2,
-2.489475171701E-1));
#6175=CARTESIAN_POINT('',(4.147624444702E-2,6.168887455720E-2,
-2.531781779062E-1));
#6176=CARTESIAN_POINT('',(3.692426219639E-2,8.914305457514E-2,
-2.394665903095E-1));
#6177=CARTESIAN_POINT('',(3.410119249507E-2,8.232756141468E-2,
-2.436972510456E-1));
#6178=CARTESIAN_POINT('',(3.127812279374E-2,7.551206825422E-2,
-2.479279117817E-1));
#6179=CARTESIAN_POINT('',(2.845505309242E-2,6.869657509376E-2,
-2.521585725178E-1));
#6180=CARTESIAN_POINT('',(1.854642709194E-2,9.466083075849E-2,
-2.384469849211E-1));
#6181=CARTESIAN_POINT('',(1.712844733347E-2,8.742347224893E-2,
-2.426776456572E-1));
#6182=CARTESIAN_POINT('',(1.571046757499E-2,8.018611373936E-2,
-2.469083063933E-1));
#6183=CARTESIAN_POINT('',(1.429248781652E-2,7.294875522980E-2,
-2.511389671293E-1));
#6184=CARTESIAN_POINT('',(0.E0,9.643363882610E-2,-2.375134653095E-1));
#6185=CARTESIAN_POINT('',(0.E0,8.906073906414E-2,-2.417441260456E-1));
#6186=CARTESIAN_POINT('',(0.E0,8.168783930218E-2,-2.459747867817E-1));
#6187=CARTESIAN_POINT('',(0.E0,7.431493954022E-2,-2.502054475178E-1));
#6188=CARTESIAN_POINT('',(-1.854642709194E-2,9.466083075849E-2,
-2.365799456980E-1));
#6189=CARTESIAN_POINT('',(-1.712844733347E-2,8.742347224893E-2,
-2.408106064340E-1));
#6190=CARTESIAN_POINT('',(-1.571046757499E-2,8.018611373936E-2,
-2.450412671701E-1));
#6191=CARTESIAN_POINT('',(-1.429248781652E-2,7.294875522980E-2,
-2.492719279062E-1));
#6192=CARTESIAN_POINT('',(-3.692426219639E-2,8.914305457514E-2,
-2.355603403095E-1));
#6193=CARTESIAN_POINT('',(-3.410119249507E-2,8.232756141468E-2,
-2.397910010456E-1));
#6194=CARTESIAN_POINT('',(-3.127812279374E-2,7.551206825422E-2,
-2.440216617817E-1));
#6195=CARTESIAN_POINT('',(-2.845505309242E-2,6.869657509376E-2,
-2.482523225178E-1));
#6196=CARTESIAN_POINT('',(-5.382101097859E-2,8.004961970557E-2,
-2.345407349211E-1));
#6197=CARTESIAN_POINT('',(-4.970608880140E-2,7.392937132278E-2,
-2.387713956572E-1));
#6198=CARTESIAN_POINT('',(-4.559116662421E-2,6.780912293999E-2,
-2.430020563933E-1));
#6199=CARTESIAN_POINT('',(-4.147624444702E-2,6.168887455720E-2,
-2.472327171293E-1));
#6200=CARTESIAN_POINT('',(-6.818887994843E-2,6.818887994843E-2,
-2.336072153095E-1));
#6201=CARTESIAN_POINT('',(-6.297545252974E-2,6.297545252974E-2,
-2.378378760456E-1));
#6202=CARTESIAN_POINT('',(-5.776202511105E-2,5.776202511105E-2,
-2.420685367817E-1));
#6203=CARTESIAN_POINT('',(-5.254859769236E-2,5.254859769236E-2,
-2.462991975178E-1));
#6204=CARTESIAN_POINT('',(-8.004961970557E-2,5.382101097859E-2,
-2.326736956980E-1));
#6205=CARTESIAN_POINT('',(-7.392937132278E-2,4.970608880140E-2,
-2.369043564340E-1));
#6206=CARTESIAN_POINT('',(-6.780912293999E-2,4.559116662421E-2,
-2.411350171701E-1));
#6207=CARTESIAN_POINT('',(-6.168887455720E-2,4.147624444702E-2,
-2.453656779062E-1));
#6208=CARTESIAN_POINT('',(-8.914305457514E-2,3.692426219639E-2,
-2.316540903095E-1));
#6209=CARTESIAN_POINT('',(-8.232756141468E-2,3.410119249507E-2,
-2.358847510456E-1));
#6210=CARTESIAN_POINT('',(-7.551206825422E-2,3.127812279374E-2,
-2.401154117817E-1));
#6211=CARTESIAN_POINT('',(-6.869657509376E-2,2.845505309242E-2,
-2.443460725178E-1));
#6212=CARTESIAN_POINT('',(-9.466083075849E-2,1.854642709194E-2,
-2.306344849211E-1));
#6213=CARTESIAN_POINT('',(-8.742347224893E-2,1.712844733347E-2,
-2.348651456572E-1));
#6214=CARTESIAN_POINT('',(-8.018611373936E-2,1.571046757499E-2,
-2.390958063933E-1));
#6215=CARTESIAN_POINT('',(-7.294875522980E-2,1.429248781652E-2,
-2.433264671293E-1));
#6216=CARTESIAN_POINT('',(-9.643363882610E-2,0.E0,-2.297009653095E-1));
#6217=CARTESIAN_POINT('',(-8.906073906414E-2,0.E0,-2.339316260456E-1));
#6218=CARTESIAN_POINT('',(-8.168783930218E-2,0.E0,-2.381622867817E-1));
#6219=CARTESIAN_POINT('',(-7.431493954022E-2,0.E0,-2.423929475178E-1));
#6220=CARTESIAN_POINT('',(-9.466083075849E-2,-1.854642709194E-2,
-2.287674456980E-1));
#6221=CARTESIAN_POINT('',(-8.742347224893E-2,-1.712844733347E-2,
-2.329981064340E-1));
#6222=CARTESIAN_POINT('',(-8.018611373936E-2,-1.571046757499E-2,
-2.372287671701E-1));
#6223=CARTESIAN_POINT('',(-7.294875522980E-2,-1.429248781652E-2,
-2.414594279062E-1));
#6224=CARTESIAN_POINT('',(-8.914305457514E-2,-3.692426219639E-2,
-2.277478403095E-1));
#6225=CARTESIAN_POINT('',(-8.232756141468E-2,-3.410119249507E-2,
-2.319785010456E-1));
#6226=CARTESIAN_POINT('',(-7.551206825422E-2,-3.127812279374E-2,
-2.362091617817E-1));
#6227=CARTESIAN_POINT('',(-6.869657509376E-2,-2.845505309242E-2,
-2.404398225178E-1));
#6228=CARTESIAN_POINT('',(-8.004961970557E-2,-5.382101097859E-2,
-2.267282349211E-1));
#6229=CARTESIAN_POINT('',(-7.392937132278E-2,-4.970608880140E-2,
-2.309588956572E-1));
#6230=CARTESIAN_POINT('',(-6.780912293999E-2,-4.559116662421E-2,
-2.351895563933E-1));
#6231=CARTESIAN_POINT('',(-6.168887455720E-2,-4.147624444702E-2,
-2.394202171293E-1));
#6232=CARTESIAN_POINT('',(-6.818887994843E-2,-6.818887994843E-2,
-2.257947153095E-1));
#6233=CARTESIAN_POINT('',(-6.297545252974E-2,-6.297545252974E-2,
-2.300253760456E-1));
#6234=CARTESIAN_POINT('',(-5.776202511105E-2,-5.776202511105E-2,
-2.342560367817E-1));
#6235=CARTESIAN_POINT('',(-5.254859769236E-2,-5.254859769236E-2,
-2.384866975178E-1));
#6236=CARTESIAN_POINT('',(-5.382101097859E-2,-8.004961970557E-2,
-2.248611956980E-1));
#6237=CARTESIAN_POINT('',(-4.970608880140E-2,-7.392937132278E-2,
-2.290918564340E-1));
#6238=CARTESIAN_POINT('',(-4.559116662421E-2,-6.780912293999E-2,
-2.333225171701E-1));
#6239=CARTESIAN_POINT('',(-4.147624444702E-2,-6.168887455720E-2,
-2.375531779062E-1));
#6240=CARTESIAN_POINT('',(-3.692426219639E-2,-8.914305457514E-2,
-2.238415903095E-1));
#6241=CARTESIAN_POINT('',(-3.410119249507E-2,-8.232756141468E-2,
-2.280722510456E-1));
#6242=CARTESIAN_POINT('',(-3.127812279374E-2,-7.551206825422E-2,
-2.323029117817E-1));
#6243=CARTESIAN_POINT('',(-2.845505309242E-2,-6.869657509376E-2,
-2.365335725178E-1));
#6244=CARTESIAN_POINT('',(-1.854642709194E-2,-9.466083075849E-2,
-2.228219849211E-1));
#6245=CARTESIAN_POINT('',(-1.712844733347E-2,-8.742347224893E-2,
-2.270526456572E-1));
#6246=CARTESIAN_POINT('',(-1.571046757499E-2,-8.018611373936E-2,
-2.312833063933E-1));
#6247=CARTESIAN_POINT('',(-1.429248781652E-2,-7.294875522980E-2,
-2.355139671293E-1));
#6248=CARTESIAN_POINT('',(0.E0,-9.643363882610E-2,-2.218884653095E-1));
#6249=CARTESIAN_POINT('',(0.E0,-8.906073906414E-2,-2.261191260456E-1));
#6250=CARTESIAN_POINT('',(0.E0,-8.168783930218E-2,-2.303497867817E-1));
#6251=CARTESIAN_POINT('',(0.E0,-7.431493954022E-2,-2.345804475178E-1));
#6252=CARTESIAN_POINT('',(1.854642709194E-2,-9.466083075849E-2,
-2.209549456980E-1));
#6253=CARTESIAN_POINT('',(1.712844733347E-2,-8.742347224893E-2,
-2.251856064340E-1));
#6254=CARTESIAN_POINT('',(1.571046757499E-2,-8.018611373936E-2,
-2.294162671701E-1));
#6255=CARTESIAN_POINT('',(1.429248781652E-2,-7.294875522980E-2,
-2.336469279062E-1));
#6256=CARTESIAN_POINT('',(3.692426219639E-2,-8.914305457514E-2,
-2.199353403095E-1));
#6257=CARTESIAN_POINT('',(3.410119249507E-2,-8.232756141468E-2,
-2.241660010456E-1));
#6258=CARTESIAN_POINT('',(3.127812279374E-2,-7.551206825422E-2,
-2.283966617817E-1));
#6259=CARTESIAN_POINT('',(2.845505309242E-2,-6.869657509376E-2,
-2.326273225178E-1));
#6260=CARTESIAN_POINT('',(5.382101097859E-2,-8.004961970557E-2,
-2.189157349211E-1));
#6261=CARTESIAN_POINT('',(4.970608880140E-2,-7.392937132278E-2,
-2.231463956572E-1));
#6262=CARTESIAN_POINT('',(4.559116662421E-2,-6.780912293999E-2,
-2.273770563933E-1));
#6263=CARTESIAN_POINT('',(4.147624444702E-2,-6.168887455720E-2,
-2.316077171293E-1));
#6264=CARTESIAN_POINT('',(6.818887994843E-2,-6.818887994843E-2,
-2.179822153095E-1));
#6265=CARTESIAN_POINT('',(6.297545252974E-2,-6.297545252974E-2,
-2.222128760456E-1));
#6266=CARTESIAN_POINT('',(5.776202511105E-2,-5.776202511105E-2,
-2.264435367817E-1));
#6267=CARTESIAN_POINT('',(5.254859769236E-2,-5.254859769236E-2,
-2.306741975178E-1));
#6268=CARTESIAN_POINT('',(8.004961970557E-2,-5.382101097859E-2,
-2.170486956980E-1));
#6269=CARTESIAN_POINT('',(7.392937132278E-2,-4.970608880140E-2,
-2.212793564340E-1));
#6270=CARTESIAN_POINT('',(6.780912293999E-2,-4.559116662421E-2,
-2.255100171701E-1));
#6271=CARTESIAN_POINT('',(6.168887455720E-2,-4.147624444702E-2,
-2.297406779062E-1));
#6272=CARTESIAN_POINT('',(8.914305457514E-2,-3.692426219639E-2,
-2.160290903095E-1));
#6273=CARTESIAN_POINT('',(8.232756141468E-2,-3.410119249507E-2,
-2.202597510456E-1));
#6274=CARTESIAN_POINT('',(7.551206825422E-2,-3.127812279374E-2,
-2.244904117817E-1));
#6275=CARTESIAN_POINT('',(6.869657509376E-2,-2.845505309242E-2,
-2.287210725178E-1));
#6276=CARTESIAN_POINT('',(9.466083075849E-2,-1.854642709194E-2,
-2.150094849211E-1));
#6277=CARTESIAN_POINT('',(8.742347224893E-2,-1.712844733347E-2,
-2.192401456572E-1));
#6278=CARTESIAN_POINT('',(8.018611373936E-2,-1.571046757499E-2,
-2.234708063933E-1));
#6279=CARTESIAN_POINT('',(7.294875522980E-2,-1.429248781652E-2,
-2.277014671293E-1));
#6280=CARTESIAN_POINT('',(9.643363882610E-2,0.E0,-2.140759653095E-1));
#6281=CARTESIAN_POINT('',(8.906073906414E-2,0.E0,-2.183066260456E-1));
#6282=CARTESIAN_POINT('',(8.168783930218E-2,0.E0,-2.225372867817E-1));
#6283=CARTESIAN_POINT('',(7.431493954022E-2,0.E0,-2.267679475178E-1));
#6284=CARTESIAN_POINT('',(9.466083075849E-2,1.854642709194E-2,
-2.131424456980E-1));
#6285=CARTESIAN_POINT('',(8.742347224893E-2,1.712844733347E-2,
-2.173731064340E-1));
#6286=CARTESIAN_POINT('',(8.018611373936E-2,1.571046757499E-2,
-2.216037671701E-1));
#6287=CARTESIAN_POINT('',(7.294875522980E-2,1.429248781652E-2,
-2.258344279062E-1));
#6288=CARTESIAN_POINT('',(8.914305457514E-2,3.692426219639E-2,
-2.121228403095E-1));
#6289=CARTESIAN_POINT('',(8.232756141468E-2,3.410119249507E-2,
-2.163535010456E-1));
#6290=CARTESIAN_POINT('',(7.551206825422E-2,3.127812279374E-2,
-2.205841617817E-1));
#6291=CARTESIAN_POINT('',(6.869657509376E-2,2.845505309242E-2,
-2.248148225178E-1));
#6292=CARTESIAN_POINT('',(8.004961970557E-2,5.382101097859E-2,
-2.111032349211E-1));
#6293=CARTESIAN_POINT('',(7.392937132278E-2,4.970608880140E-2,
-2.153338956572E-1));
#6294=CARTESIAN_POINT('',(6.780912293999E-2,4.559116662421E-2,
-2.195645563933E-1));
#6295=CARTESIAN_POINT('',(6.168887455720E-2,4.147624444702E-2,
-2.237952171293E-1));
#6296=CARTESIAN_POINT('',(6.818887994843E-2,6.818887994843E-2,
-2.101697153095E-1));
#6297=CARTESIAN_POINT('',(6.297545252974E-2,6.297545252974E-2,
-2.144003760456E-1));
#6298=CARTESIAN_POINT('',(5.776202511105E-2,5.776202511105E-2,
-2.186310367817E-1));
#6299=CARTESIAN_POINT('',(5.254859769236E-2,5.254859769236E-2,
-2.228616975178E-1));
#6300=CARTESIAN_POINT('',(5.382101097859E-2,8.004961970557E-2,
-2.092361956980E-1));
#6301=CARTESIAN_POINT('',(4.970608880140E-2,7.392937132278E-2,
-2.134668564340E-1));
#6302=CARTESIAN_POINT('',(4.559116662421E-2,6.780912293999E-2,
-2.176975171701E-1));
#6303=CARTESIAN_POINT('',(4.147624444702E-2,6.168887455720E-2,
-2.219281779062E-1));
#6304=CARTESIAN_POINT('',(3.692426219639E-2,8.914305457514E-2,
-2.082165903095E-1));
#6305=CARTESIAN_POINT('',(3.410119249507E-2,8.232756141468E-2,
-2.124472510456E-1));
#6306=CARTESIAN_POINT('',(3.127812279374E-2,7.551206825422E-2,
-2.166779117817E-1));
#6307=CARTESIAN_POINT('',(2.845505309242E-2,6.869657509376E-2,
-2.209085725178E-1));
#6308=CARTESIAN_POINT('',(1.854642709194E-2,9.466083075849E-2,
-2.071969849211E-1));
#6309=CARTESIAN_POINT('',(1.712844733347E-2,8.742347224893E-2,
-2.114276456572E-1));
#6310=CARTESIAN_POINT('',(1.571046757499E-2,8.018611373936E-2,
-2.156583063933E-1));
#6311=CARTESIAN_POINT('',(1.429248781652E-2,7.294875522980E-2,
-2.198889671293E-1));
#6312=CARTESIAN_POINT('',(0.E0,9.643363882610E-2,-2.062634653095E-1));
#6313=CARTESIAN_POINT('',(0.E0,8.906073906414E-2,-2.104941260456E-1));
#6314=CARTESIAN_POINT('',(0.E0,8.168783930218E-2,-2.147247867817E-1));
#6315=CARTESIAN_POINT('',(0.E0,7.431493954022E-2,-2.189554475178E-1));
#6316=CARTESIAN_POINT('',(-1.854642709194E-2,9.466083075849E-2,
-2.053299456980E-1));
#6317=CARTESIAN_POINT('',(-1.712844733347E-2,8.742347224893E-2,
-2.095606064340E-1));
#6318=CARTESIAN_POINT('',(-1.571046757499E-2,8.018611373936E-2,
-2.137912671701E-1));
#6319=CARTESIAN_POINT('',(-1.429248781652E-2,7.294875522980E-2,
-2.180219279062E-1));
#6320=CARTESIAN_POINT('',(-3.692426219639E-2,8.914305457514E-2,
-2.043103403095E-1));
#6321=CARTESIAN_POINT('',(-3.410119249507E-2,8.232756141468E-2,
-2.085410010456E-1));
#6322=CARTESIAN_POINT('',(-3.127812279374E-2,7.551206825422E-2,
-2.127716617817E-1));
#6323=CARTESIAN_POINT('',(-2.845505309242E-2,6.869657509377E-2,
-2.170023225178E-1));
#6324=CARTESIAN_POINT('',(-5.382101097859E-2,8.004961970557E-2,
-2.032907349211E-1));
#6325=CARTESIAN_POINT('',(-4.970608880140E-2,7.392937132278E-2,
-2.075213956572E-1));
#6326=CARTESIAN_POINT('',(-4.559116662421E-2,6.780912293999E-2,
-2.117520563933E-1));
#6327=CARTESIAN_POINT('',(-4.147624444702E-2,6.168887455720E-2,
-2.159827171293E-1));
#6328=CARTESIAN_POINT('',(-6.818887994843E-2,6.818887994843E-2,
-2.023572153095E-1));
#6329=CARTESIAN_POINT('',(-6.297545252974E-2,6.297545252974E-2,
-2.065878760456E-1));
#6330=CARTESIAN_POINT('',(-5.776202511105E-2,5.776202511105E-2,
-2.108185367817E-1));
#6331=CARTESIAN_POINT('',(-5.254859769236E-2,5.254859769236E-2,
-2.150491975178E-1));
#6332=CARTESIAN_POINT('',(-8.004961970557E-2,5.382101097859E-2,
-2.014236956980E-1));
#6333=CARTESIAN_POINT('',(-7.392937132278E-2,4.970608880140E-2,
-2.056543564340E-1));
#6334=CARTESIAN_POINT('',(-6.780912293999E-2,4.559116662421E-2,
-2.098850171701E-1));
#6335=CARTESIAN_POINT('',(-6.168887455720E-2,4.147624444702E-2,
-2.141156779062E-1));
#6336=CARTESIAN_POINT('',(-8.914305457514E-2,3.692426219639E-2,
-2.004040903095E-1));
#6337=CARTESIAN_POINT('',(-8.232756141468E-2,3.410119249507E-2,
-2.046347510456E-1));
#6338=CARTESIAN_POINT('',(-7.551206825422E-2,3.127812279374E-2,
-2.088654117817E-1));
#6339=CARTESIAN_POINT('',(-6.869657509376E-2,2.845505309242E-2,
-2.130960725178E-1));
#6340=CARTESIAN_POINT('',(-9.466083075849E-2,1.854642709194E-2,
-1.993844849211E-1));
#6341=CARTESIAN_POINT('',(-8.742347224893E-2,1.712844733347E-2,
-2.036151456572E-1));
#6342=CARTESIAN_POINT('',(-8.018611373936E-2,1.571046757499E-2,
-2.078458063933E-1));
#6343=CARTESIAN_POINT('',(-7.294875522980E-2,1.429248781652E-2,
-2.120764671293E-1));
#6344=CARTESIAN_POINT('',(-9.643363882610E-2,0.E0,-1.984509653095E-1));
#6345=CARTESIAN_POINT('',(-8.906073906414E-2,0.E0,-2.026816260456E-1));
#6346=CARTESIAN_POINT('',(-8.168783930218E-2,0.E0,-2.069122867817E-1));
#6347=CARTESIAN_POINT('',(-7.431493954022E-2,0.E0,-2.111429475178E-1));
#6348=CARTESIAN_POINT('',(-9.466083075849E-2,-1.854642709194E-2,
-1.975174456980E-1));
#6349=CARTESIAN_POINT('',(-8.742347224893E-2,-1.712844733347E-2,
-2.017481064340E-1));
#6350=CARTESIAN_POINT('',(-8.018611373936E-2,-1.571046757499E-2,
-2.059787671701E-1));
#6351=CARTESIAN_POINT('',(-7.294875522980E-2,-1.429248781652E-2,
-2.102094279062E-1));
#6352=CARTESIAN_POINT('',(-8.914305457514E-2,-3.692426219639E-2,
-1.964978403095E-1));
#6353=CARTESIAN_POINT('',(-8.232756141468E-2,-3.410119249507E-2,
-2.007285010456E-1));
#6354=CARTESIAN_POINT('',(-7.551206825422E-2,-3.127812279374E-2,
-2.049591617817E-1));
#6355=CARTESIAN_POINT('',(-6.869657509376E-2,-2.845505309242E-2,
-2.091898225178E-1));
#6356=CARTESIAN_POINT('',(-8.004961970557E-2,-5.382101097859E-2,
-1.954782349211E-1));
#6357=CARTESIAN_POINT('',(-7.392937132278E-2,-4.970608880140E-2,
-1.997088956572E-1));
#6358=CARTESIAN_POINT('',(-6.780912293999E-2,-4.559116662421E-2,
-2.039395563933E-1));
#6359=CARTESIAN_POINT('',(-6.168887455720E-2,-4.147624444702E-2,
-2.081702171293E-1));
#6360=CARTESIAN_POINT('',(-6.818887994843E-2,-6.818887994843E-2,
-1.945447153095E-1));
#6361=CARTESIAN_POINT('',(-6.297545252974E-2,-6.297545252974E-2,
-1.987753760456E-1));
#6362=CARTESIAN_POINT('',(-5.776202511105E-2,-5.776202511105E-2,
-2.030060367817E-1));
#6363=CARTESIAN_POINT('',(-5.254859769236E-2,-5.254859769236E-2,
-2.072366975178E-1));
#6364=CARTESIAN_POINT('',(-5.382101097859E-2,-8.004961970557E-2,
-1.936111956980E-1));
#6365=CARTESIAN_POINT('',(-4.970608880140E-2,-7.392937132278E-2,
-1.978418564340E-1));
#6366=CARTESIAN_POINT('',(-4.559116662421E-2,-6.780912293999E-2,
-2.020725171701E-1));
#6367=CARTESIAN_POINT('',(-4.147624444702E-2,-6.168887455720E-2,
-2.063031779062E-1));
#6368=CARTESIAN_POINT('',(-3.692426219639E-2,-8.914305457514E-2,
-1.925915903095E-1));
#6369=CARTESIAN_POINT('',(-3.410119249507E-2,-8.232756141468E-2,
-1.968222510456E-1));
#6370=CARTESIAN_POINT('',(-3.127812279374E-2,-7.551206825422E-2,
-2.010529117817E-1));
#6371=CARTESIAN_POINT('',(-2.845505309242E-2,-6.869657509377E-2,
-2.052835725178E-1));
#6372=CARTESIAN_POINT('',(-1.854642709194E-2,-9.466083075849E-2,
-1.915719849211E-1));
#6373=CARTESIAN_POINT('',(-1.712844733347E-2,-8.742347224893E-2,
-1.958026456572E-1));
#6374=CARTESIAN_POINT('',(-1.571046757499E-2,-8.018611373936E-2,
-2.000333063933E-1));
#6375=CARTESIAN_POINT('',(-1.429248781652E-2,-7.294875522980E-2,
-2.042639671293E-1));
#6376=CARTESIAN_POINT('',(0.E0,-9.643363882610E-2,-1.906384653095E-1));
#6377=CARTESIAN_POINT('',(0.E0,-8.906073906414E-2,-1.948691260456E-1));
#6378=CARTESIAN_POINT('',(0.E0,-8.168783930218E-2,-1.990997867817E-1));
#6379=CARTESIAN_POINT('',(0.E0,-7.431493954022E-2,-2.033304475178E-1));
#6380=CARTESIAN_POINT('',(1.854642709194E-2,-9.466083075849E-2,
-1.897049456980E-1));
#6381=CARTESIAN_POINT('',(1.712844733347E-2,-8.742347224893E-2,
-1.939356064340E-1));
#6382=CARTESIAN_POINT('',(1.571046757499E-2,-8.018611373936E-2,
-1.981662671701E-1));
#6383=CARTESIAN_POINT('',(1.429248781652E-2,-7.294875522980E-2,
-2.023969279062E-1));
#6384=CARTESIAN_POINT('',(3.692426219639E-2,-8.914305457514E-2,
-1.886853403095E-1));
#6385=CARTESIAN_POINT('',(3.410119249507E-2,-8.232756141468E-2,
-1.929160010456E-1));
#6386=CARTESIAN_POINT('',(3.127812279374E-2,-7.551206825422E-2,
-1.971466617817E-1));
#6387=CARTESIAN_POINT('',(2.845505309242E-2,-6.869657509376E-2,
-2.013773225178E-1));
#6388=CARTESIAN_POINT('',(5.382101097859E-2,-8.004961970557E-2,
-1.876657349211E-1));
#6389=CARTESIAN_POINT('',(4.970608880140E-2,-7.392937132278E-2,
-1.918963956572E-1));
#6390=CARTESIAN_POINT('',(4.559116662421E-2,-6.780912293999E-2,
-1.961270563933E-1));
#6391=CARTESIAN_POINT('',(4.147624444702E-2,-6.168887455720E-2,
-2.003577171293E-1));
#6392=CARTESIAN_POINT('',(6.818887994843E-2,-6.818887994843E-2,
-1.867322153095E-1));
#6393=CARTESIAN_POINT('',(6.297545252974E-2,-6.297545252974E-2,
-1.909628760456E-1));
#6394=CARTESIAN_POINT('',(5.776202511105E-2,-5.776202511105E-2,
-1.951935367817E-1));
#6395=CARTESIAN_POINT('',(5.254859769236E-2,-5.254859769236E-2,
-1.994241975178E-1));
#6396=CARTESIAN_POINT('',(8.004961970557E-2,-5.382101097859E-2,
-1.857986956980E-1));
#6397=CARTESIAN_POINT('',(7.392937132278E-2,-4.970608880140E-2,
-1.900293564340E-1));
#6398=CARTESIAN_POINT('',(6.780912293999E-2,-4.559116662421E-2,
-1.942600171701E-1));
#6399=CARTESIAN_POINT('',(6.168887455720E-2,-4.147624444702E-2,
-1.984906779062E-1));
#6400=CARTESIAN_POINT('',(8.914305457514E-2,-3.692426219639E-2,
-1.847790903095E-1));
#6401=CARTESIAN_POINT('',(8.232756141468E-2,-3.410119249507E-2,
-1.890097510456E-1));
#6402=CARTESIAN_POINT('',(7.551206825422E-2,-3.127812279374E-2,
-1.932404117817E-1));
#6403=CARTESIAN_POINT('',(6.869657509377E-2,-2.845505309242E-2,
-1.974710725178E-1));
#6404=CARTESIAN_POINT('',(9.466083075849E-2,-1.854642709194E-2,
-1.837594849211E-1));
#6405=CARTESIAN_POINT('',(8.742347224893E-2,-1.712844733347E-2,
-1.879901456572E-1));
#6406=CARTESIAN_POINT('',(8.018611373936E-2,-1.571046757499E-2,
-1.922208063933E-1));
#6407=CARTESIAN_POINT('',(7.294875522980E-2,-1.429248781652E-2,
-1.964514671293E-1));
#6408=CARTESIAN_POINT('',(9.643363882610E-2,0.E0,-1.828259653095E-1));
#6409=CARTESIAN_POINT('',(8.906073906414E-2,0.E0,-1.870566260456E-1));
#6410=CARTESIAN_POINT('',(8.168783930218E-2,0.E0,-1.912872867817E-1));
#6411=CARTESIAN_POINT('',(7.431493954022E-2,0.E0,-1.955179475178E-1));
#6412=CARTESIAN_POINT('',(9.466083075849E-2,1.854642709194E-2,
-1.818924456980E-1));
#6413=CARTESIAN_POINT('',(8.742347224893E-2,1.712844733347E-2,
-1.861231064340E-1));
#6414=CARTESIAN_POINT('',(8.018611373936E-2,1.571046757499E-2,
-1.903537671701E-1));
#6415=CARTESIAN_POINT('',(7.294875522980E-2,1.429248781652E-2,
-1.945844279062E-1));
#6416=CARTESIAN_POINT('',(8.914305457514E-2,3.692426219639E-2,
-1.808728403095E-1));
#6417=CARTESIAN_POINT('',(8.232756141468E-2,3.410119249507E-2,
-1.851035010456E-1));
#6418=CARTESIAN_POINT('',(7.551206825422E-2,3.127812279374E-2,
-1.893341617817E-1));
#6419=CARTESIAN_POINT('',(6.869657509376E-2,2.845505309242E-2,
-1.935648225178E-1));
#6420=CARTESIAN_POINT('',(8.004961970557E-2,5.382101097859E-2,
-1.798532349211E-1));
#6421=CARTESIAN_POINT('',(7.392937132278E-2,4.970608880140E-2,
-1.840838956572E-1));
#6422=CARTESIAN_POINT('',(6.780912293999E-2,4.559116662421E-2,
-1.883145563933E-1));
#6423=CARTESIAN_POINT('',(6.168887455720E-2,4.147624444702E-2,
-1.925452171293E-1));
#6424=CARTESIAN_POINT('',(6.818887994843E-2,6.818887994843E-2,
-1.789197153095E-1));
#6425=CARTESIAN_POINT('',(6.297545252974E-2,6.297545252974E-2,
-1.831503760456E-1));
#6426=CARTESIAN_POINT('',(5.776202511105E-2,5.776202511105E-2,
-1.873810367817E-1));
#6427=CARTESIAN_POINT('',(5.254859769236E-2,5.254859769236E-2,
-1.916116975178E-1));
#6428=CARTESIAN_POINT('',(5.382101097859E-2,8.004961970557E-2,
-1.779861956980E-1));
#6429=CARTESIAN_POINT('',(4.970608880140E-2,7.392937132278E-2,
-1.822168564340E-1));
#6430=CARTESIAN_POINT('',(4.559116662421E-2,6.780912293999E-2,
-1.864475171701E-1));
#6431=CARTESIAN_POINT('',(4.147624444702E-2,6.168887455720E-2,
-1.906781779062E-1));
#6432=CARTESIAN_POINT('',(3.692426219639E-2,8.914305457514E-2,
-1.769665903095E-1));
#6433=CARTESIAN_POINT('',(3.410119249507E-2,8.232756141468E-2,
-1.811972510456E-1));
#6434=CARTESIAN_POINT('',(3.127812279374E-2,7.551206825422E-2,
-1.854279117817E-1));
#6435=CARTESIAN_POINT('',(2.845505309242E-2,6.869657509376E-2,
-1.896585725178E-1));
#6436=CARTESIAN_POINT('',(1.854642709194E-2,9.466083075849E-2,
-1.759469849211E-1));
#6437=CARTESIAN_POINT('',(1.712844733347E-2,8.742347224893E-2,
-1.801776456572E-1));
#6438=CARTESIAN_POINT('',(1.571046757499E-2,8.018611373936E-2,
-1.844083063933E-1));
#6439=CARTESIAN_POINT('',(1.429248781652E-2,7.294875522980E-2,
-1.886389671293E-1));
#6440=CARTESIAN_POINT('',(0.E0,9.643363882610E-2,-1.750134653095E-1));
#6441=CARTESIAN_POINT('',(0.E0,8.906073906414E-2,-1.792441260456E-1));
#6442=CARTESIAN_POINT('',(0.E0,8.168783930218E-2,-1.834747867817E-1));
#6443=CARTESIAN_POINT('',(0.E0,7.431493954022E-2,-1.877054475178E-1));
#6444=CARTESIAN_POINT('',(-1.854642709194E-2,9.466083075849E-2,
-1.740799456980E-1));
#6445=CARTESIAN_POINT('',(-1.712844733347E-2,8.742347224893E-2,
-1.783106064340E-1));
#6446=CARTESIAN_POINT('',(-1.571046757499E-2,8.018611373936E-2,
-1.825412671701E-1));
#6447=CARTESIAN_POINT('',(-1.429248781652E-2,7.294875522980E-2,
-1.867719279062E-1));
#6448=CARTESIAN_POINT('',(-3.692426219639E-2,8.914305457514E-2,
-1.730603403095E-1));
#6449=CARTESIAN_POINT('',(-3.410119249507E-2,8.232756141468E-2,
-1.772910010456E-1));
#6450=CARTESIAN_POINT('',(-3.127812279374E-2,7.551206825422E-2,
-1.815216617817E-1));
#6451=CARTESIAN_POINT('',(-2.845505309242E-2,6.869657509376E-2,
-1.857523225178E-1));
#6452=CARTESIAN_POINT('',(-5.382101097859E-2,8.004961970557E-2,
-1.720407349211E-1));
#6453=CARTESIAN_POINT('',(-4.970608880140E-2,7.392937132278E-2,
-1.762713956572E-1));
#6454=CARTESIAN_POINT('',(-4.559116662421E-2,6.780912293999E-2,
-1.805020563933E-1));
#6455=CARTESIAN_POINT('',(-4.147624444702E-2,6.168887455720E-2,
-1.847327171293E-1));
#6456=CARTESIAN_POINT('',(-6.818887994843E-2,6.818887994843E-2,
-1.711072153095E-1));
#6457=CARTESIAN_POINT('',(-6.297545252974E-2,6.297545252974E-2,
-1.753378760456E-1));
#6458=CARTESIAN_POINT('',(-5.776202511105E-2,5.776202511105E-2,
-1.795685367817E-1));
#6459=CARTESIAN_POINT('',(-5.254859769236E-2,5.254859769236E-2,
-1.837991975178E-1));
#6460=CARTESIAN_POINT('',(-8.004961970557E-2,5.382101097859E-2,
-1.701736956980E-1));
#6461=CARTESIAN_POINT('',(-7.392937132278E-2,4.970608880140E-2,
-1.744043564340E-1));
#6462=CARTESIAN_POINT('',(-6.780912293999E-2,4.559116662421E-2,
-1.786350171701E-1));
#6463=CARTESIAN_POINT('',(-6.168887455720E-2,4.147624444702E-2,
-1.828656779062E-1));
#6464=CARTESIAN_POINT('',(-8.914305457514E-2,3.692426219639E-2,
-1.691540903095E-1));
#6465=CARTESIAN_POINT('',(-8.232756141468E-2,3.410119249507E-2,
-1.733847510456E-1));
#6466=CARTESIAN_POINT('',(-7.551206825422E-2,3.127812279374E-2,
-1.776154117817E-1));
#6467=CARTESIAN_POINT('',(-6.869657509376E-2,2.845505309242E-2,
-1.818460725178E-1));
#6468=CARTESIAN_POINT('',(-9.466083075849E-2,1.854642709194E-2,
-1.681344849211E-1));
#6469=CARTESIAN_POINT('',(-8.742347224893E-2,1.712844733347E-2,
-1.723651456572E-1));
#6470=CARTESIAN_POINT('',(-8.018611373936E-2,1.571046757499E-2,
-1.765958063933E-1));
#6471=CARTESIAN_POINT('',(-7.294875522980E-2,1.429248781652E-2,
-1.808264671293E-1));
#6472=CARTESIAN_POINT('',(-9.643363882610E-2,0.E0,-1.672009653095E-1));
#6473=CARTESIAN_POINT('',(-8.906073906414E-2,0.E0,-1.714316260456E-1));
#6474=CARTESIAN_POINT('',(-8.168783930218E-2,0.E0,-1.756622867817E-1));
#6475=CARTESIAN_POINT('',(-7.431493954022E-2,0.E0,-1.798929475178E-1));
#6476=CARTESIAN_POINT('',(-9.466083075849E-2,-1.854642709194E-2,
-1.662674456980E-1));
#6477=CARTESIAN_POINT('',(-8.742347224893E-2,-1.712844733347E-2,
-1.704981064340E-1));
#6478=CARTESIAN_POINT('',(-8.018611373936E-2,-1.571046757499E-2,
-1.747287671701E-1));
#6479=CARTESIAN_POINT('',(-7.294875522980E-2,-1.429248781652E-2,
-1.789594279062E-1));
#6480=CARTESIAN_POINT('',(-8.914305457514E-2,-3.692426219639E-2,
-1.652478403095E-1));
#6481=CARTESIAN_POINT('',(-8.232756141468E-2,-3.410119249507E-2,
-1.694785010456E-1));
#6482=CARTESIAN_POINT('',(-7.551206825422E-2,-3.127812279374E-2,
-1.737091617817E-1));
#6483=CARTESIAN_POINT('',(-6.869657509376E-2,-2.845505309242E-2,
-1.779398225178E-1));
#6484=CARTESIAN_POINT('',(-8.004961970557E-2,-5.382101097859E-2,
-1.642282349211E-1));
#6485=CARTESIAN_POINT('',(-7.392937132278E-2,-4.970608880140E-2,
-1.684588956572E-1));
#6486=CARTESIAN_POINT('',(-6.780912293999E-2,-4.559116662421E-2,
-1.726895563933E-1));
#6487=CARTESIAN_POINT('',(-6.168887455720E-2,-4.147624444702E-2,
-1.769202171293E-1));
#6488=CARTESIAN_POINT('',(-6.818887994843E-2,-6.818887994843E-2,
-1.632947153095E-1));
#6489=CARTESIAN_POINT('',(-6.297545252974E-2,-6.297545252974E-2,
-1.675253760456E-1));
#6490=CARTESIAN_POINT('',(-5.776202511105E-2,-5.776202511105E-2,
-1.717560367817E-1));
#6491=CARTESIAN_POINT('',(-5.254859769236E-2,-5.254859769236E-2,
-1.759866975178E-1));
#6492=CARTESIAN_POINT('',(-5.382101097859E-2,-8.004961970557E-2,
-1.623611956980E-1));
#6493=CARTESIAN_POINT('',(-4.970608880140E-2,-7.392937132278E-2,
-1.665918564340E-1));
#6494=CARTESIAN_POINT('',(-4.559116662421E-2,-6.780912293999E-2,
-1.708225171701E-1));
#6495=CARTESIAN_POINT('',(-4.147624444702E-2,-6.168887455720E-2,
-1.750531779062E-1));
#6496=CARTESIAN_POINT('',(-3.692426219639E-2,-8.914305457514E-2,
-1.613415903095E-1));
#6497=CARTESIAN_POINT('',(-3.410119249507E-2,-8.232756141468E-2,
-1.655722510456E-1));
#6498=CARTESIAN_POINT('',(-3.127812279374E-2,-7.551206825422E-2,
-1.698029117817E-1));
#6499=CARTESIAN_POINT('',(-2.845505309242E-2,-6.869657509376E-2,
-1.740335725178E-1));
#6500=CARTESIAN_POINT('',(-1.854642709194E-2,-9.466083075849E-2,
-1.603219849211E-1));
#6501=CARTESIAN_POINT('',(-1.712844733347E-2,-8.742347224893E-2,
-1.645526456572E-1));
#6502=CARTESIAN_POINT('',(-1.571046757499E-2,-8.018611373936E-2,
-1.687833063933E-1));
#6503=CARTESIAN_POINT('',(-1.429248781652E-2,-7.294875522980E-2,
-1.730139671293E-1));
#6504=CARTESIAN_POINT('',(0.E0,-9.643363882610E-2,-1.593884653095E-1));
#6505=CARTESIAN_POINT('',(0.E0,-8.906073906414E-2,-1.636191260456E-1));
#6506=CARTESIAN_POINT('',(0.E0,-8.168783930218E-2,-1.678497867817E-1));
#6507=CARTESIAN_POINT('',(0.E0,-7.431493954022E-2,-1.720804475178E-1));
#6508=CARTESIAN_POINT('',(1.854642709194E-2,-9.466083075849E-2,
-1.584549456980E-1));
#6509=CARTESIAN_POINT('',(1.712844733347E-2,-8.742347224893E-2,
-1.626856064340E-1));
#6510=CARTESIAN_POINT('',(1.571046757499E-2,-8.018611373936E-2,
-1.669162671701E-1));
#6511=CARTESIAN_POINT('',(1.429248781652E-2,-7.294875522980E-2,
-1.711469279062E-1));
#6512=CARTESIAN_POINT('',(3.692426219639E-2,-8.914305457514E-2,
-1.574353403095E-1));
#6513=CARTESIAN_POINT('',(3.410119249507E-2,-8.232756141468E-2,
-1.616660010456E-1));
#6514=CARTESIAN_POINT('',(3.127812279374E-2,-7.551206825422E-2,
-1.658966617817E-1));
#6515=CARTESIAN_POINT('',(2.845505309242E-2,-6.869657509376E-2,
-1.701273225178E-1));
#6516=CARTESIAN_POINT('',(5.382101097859E-2,-8.004961970557E-2,
-1.564157349211E-1));
#6517=CARTESIAN_POINT('',(4.970608880140E-2,-7.392937132278E-2,
-1.606463956572E-1));
#6518=CARTESIAN_POINT('',(4.559116662421E-2,-6.780912293999E-2,
-1.648770563933E-1));
#6519=CARTESIAN_POINT('',(4.147624444702E-2,-6.168887455720E-2,
-1.691077171293E-1));
#6520=CARTESIAN_POINT('',(6.818887994843E-2,-6.818887994843E-2,
-1.554822153095E-1));
#6521=CARTESIAN_POINT('',(6.297545252974E-2,-6.297545252974E-2,
-1.597128760456E-1));
#6522=CARTESIAN_POINT('',(5.776202511105E-2,-5.776202511105E-2,
-1.639435367817E-1));
#6523=CARTESIAN_POINT('',(5.254859769236E-2,-5.254859769236E-2,
-1.681741975178E-1));
#6524=CARTESIAN_POINT('',(8.004961970557E-2,-5.382101097859E-2,
-1.545486956980E-1));
#6525=CARTESIAN_POINT('',(7.392937132278E-2,-4.970608880140E-2,
-1.587793564340E-1));
#6526=CARTESIAN_POINT('',(6.780912293999E-2,-4.559116662421E-2,
-1.630100171701E-1));
#6527=CARTESIAN_POINT('',(6.168887455720E-2,-4.147624444702E-2,
-1.672406779062E-1));
#6528=CARTESIAN_POINT('',(8.914305457514E-2,-3.692426219639E-2,
-1.535290903095E-1));
#6529=CARTESIAN_POINT('',(8.232756141468E-2,-3.410119249507E-2,
-1.577597510456E-1));
#6530=CARTESIAN_POINT('',(7.551206825422E-2,-3.127812279374E-2,
-1.619904117817E-1));
#6531=CARTESIAN_POINT('',(6.869657509376E-2,-2.845505309242E-2,
-1.662210725178E-1));
#6532=CARTESIAN_POINT('',(9.466083075849E-2,-1.854642709194E-2,
-1.525094849211E-1));
#6533=CARTESIAN_POINT('',(8.742347224893E-2,-1.712844733347E-2,
-1.567401456572E-1));
#6534=CARTESIAN_POINT('',(8.018611373936E-2,-1.571046757499E-2,
-1.609708063933E-1));
#6535=CARTESIAN_POINT('',(7.294875522980E-2,-1.429248781652E-2,
-1.652014671293E-1));
#6536=CARTESIAN_POINT('',(9.643363882610E-2,0.E0,-1.515759653095E-1));
#6537=CARTESIAN_POINT('',(8.906073906414E-2,0.E0,-1.558066260456E-1));
#6538=CARTESIAN_POINT('',(8.168783930218E-2,0.E0,-1.600372867817E-1));
#6539=CARTESIAN_POINT('',(7.431493954022E-2,0.E0,-1.642679475178E-1));
#6540=CARTESIAN_POINT('',(9.466083075849E-2,1.854642709194E-2,
-1.506424456980E-1));
#6541=CARTESIAN_POINT('',(8.742347224893E-2,1.712844733347E-2,
-1.548731064340E-1));
#6542=CARTESIAN_POINT('',(8.018611373936E-2,1.571046757499E-2,
-1.591037671701E-1));
#6543=CARTESIAN_POINT('',(7.294875522980E-2,1.429248781652E-2,
-1.633344279062E-1));
#6544=CARTESIAN_POINT('',(8.914305457514E-2,3.692426219639E-2,
-1.496228403095E-1));
#6545=CARTESIAN_POINT('',(8.232756141468E-2,3.410119249507E-2,
-1.538535010456E-1));
#6546=CARTESIAN_POINT('',(7.551206825422E-2,3.127812279374E-2,
-1.580841617817E-1));
#6547=CARTESIAN_POINT('',(6.869657509376E-2,2.845505309242E-2,
-1.623148225178E-1));
#6548=CARTESIAN_POINT('',(8.004961970557E-2,5.382101097859E-2,
-1.486032349211E-1));
#6549=CARTESIAN_POINT('',(7.392937132278E-2,4.970608880140E-2,
-1.528338956572E-1));
#6550=CARTESIAN_POINT('',(6.780912293999E-2,4.559116662421E-2,
-1.570645563933E-1));
#6551=CARTESIAN_POINT('',(6.168887455720E-2,4.147624444702E-2,
-1.612952171293E-1));
#6552=CARTESIAN_POINT('',(6.818887994843E-2,6.818887994843E-2,
-1.476697153095E-1));
#6553=CARTESIAN_POINT('',(6.297545252974E-2,6.297545252974E-2,
-1.519003760456E-1));
#6554=CARTESIAN_POINT('',(5.776202511105E-2,5.776202511105E-2,
-1.561310367817E-1));
#6555=CARTESIAN_POINT('',(5.254859769236E-2,5.254859769236E-2,
-1.603616975178E-1));
#6556=CARTESIAN_POINT('',(5.382101097859E-2,8.004961970557E-2,
-1.467361956980E-1));
#6557=CARTESIAN_POINT('',(4.970608880140E-2,7.392937132278E-2,
-1.509668564340E-1));
#6558=CARTESIAN_POINT('',(4.559116662421E-2,6.780912293999E-2,
-1.551975171701E-1));
#6559=CARTESIAN_POINT('',(4.147624444702E-2,6.168887455720E-2,
-1.594281779062E-1));
#6560=CARTESIAN_POINT('',(3.692426219639E-2,8.914305457514E-2,
-1.457165903095E-1));
#6561=CARTESIAN_POINT('',(3.410119249507E-2,8.232756141468E-2,
-1.499472510456E-1));
#6562=CARTESIAN_POINT('',(3.127812279374E-2,7.551206825422E-2,
-1.541779117817E-1));
#6563=CARTESIAN_POINT('',(2.845505309242E-2,6.869657509376E-2,
-1.584085725178E-1));
#6564=CARTESIAN_POINT('',(1.854642709194E-2,9.466083075849E-2,
-1.446969849211E-1));
#6565=CARTESIAN_POINT('',(1.712844733347E-2,8.742347224893E-2,
-1.489276456572E-1));
#6566=CARTESIAN_POINT('',(1.571046757499E-2,8.018611373936E-2,
-1.531583063933E-1));
#6567=CARTESIAN_POINT('',(1.429248781652E-2,7.294875522980E-2,
-1.573889671293E-1));
#6568=CARTESIAN_POINT('',(0.E0,9.643363882610E-2,-1.437634653095E-1));
#6569=CARTESIAN_POINT('',(0.E0,8.906073906414E-2,-1.479941260456E-1));
#6570=CARTESIAN_POINT('',(0.E0,8.168783930218E-2,-1.522247867817E-1));
#6571=CARTESIAN_POINT('',(0.E0,7.431493954022E-2,-1.564554475178E-1));
#6572=CARTESIAN_POINT('',(-1.854642709194E-2,9.466083075849E-2,
-1.428299456980E-1));
#6573=CARTESIAN_POINT('',(-1.712844733347E-2,8.742347224893E-2,
-1.470606064340E-1));
#6574=CARTESIAN_POINT('',(-1.571046757499E-2,8.018611373936E-2,
-1.512912671701E-1));
#6575=CARTESIAN_POINT('',(-1.429248781652E-2,7.294875522980E-2,
-1.555219279062E-1));
#6576=CARTESIAN_POINT('',(-3.692426219639E-2,8.914305457514E-2,
-1.418103403095E-1));
#6577=CARTESIAN_POINT('',(-3.410119249507E-2,8.232756141468E-2,
-1.460410010456E-1));
#6578=CARTESIAN_POINT('',(-3.127812279374E-2,7.551206825422E-2,
-1.502716617817E-1));
#6579=CARTESIAN_POINT('',(-2.845505309242E-2,6.869657509376E-2,
-1.545023225178E-1));
#6580=CARTESIAN_POINT('',(-5.382101097859E-2,8.004961970557E-2,
-1.407907349211E-1));
#6581=CARTESIAN_POINT('',(-4.970608880140E-2,7.392937132278E-2,
-1.450213956572E-1));
#6582=CARTESIAN_POINT('',(-4.559116662421E-2,6.780912293999E-2,
-1.492520563933E-1));
#6583=CARTESIAN_POINT('',(-4.147624444702E-2,6.168887455720E-2,
-1.534827171293E-1));
#6584=CARTESIAN_POINT('',(-6.818887994843E-2,6.818887994843E-2,
-1.398572153095E-1));
#6585=CARTESIAN_POINT('',(-6.297545252974E-2,6.297545252974E-2,
-1.440878760456E-1));
#6586=CARTESIAN_POINT('',(-5.776202511105E-2,5.776202511105E-2,
-1.483185367817E-1));
#6587=CARTESIAN_POINT('',(-5.254859769236E-2,5.254859769236E-2,
-1.525491975178E-1));
#6588=CARTESIAN_POINT('',(-8.004961970557E-2,5.382101097859E-2,
-1.389236956980E-1));
#6589=CARTESIAN_POINT('',(-7.392937132278E-2,4.970608880140E-2,
-1.431543564340E-1));
#6590=CARTESIAN_POINT('',(-6.780912293999E-2,4.559116662421E-2,
-1.473850171701E-1));
#6591=CARTESIAN_POINT('',(-6.168887455720E-2,4.147624444702E-2,
-1.516156779062E-1));
#6592=CARTESIAN_POINT('',(-8.914305457514E-2,3.692426219639E-2,
-1.379040903095E-1));
#6593=CARTESIAN_POINT('',(-8.232756141468E-2,3.410119249507E-2,
-1.421347510456E-1));
#6594=CARTESIAN_POINT('',(-7.551206825422E-2,3.127812279374E-2,
-1.463654117817E-1));
#6595=CARTESIAN_POINT('',(-6.869657509376E-2,2.845505309242E-2,
-1.505960725178E-1));
#6596=CARTESIAN_POINT('',(-9.466083075849E-2,1.854642709194E-2,
-1.368844849211E-1));
#6597=CARTESIAN_POINT('',(-8.742347224893E-2,1.712844733347E-2,
-1.411151456572E-1));
#6598=CARTESIAN_POINT('',(-8.018611373936E-2,1.571046757499E-2,
-1.453458063933E-1));
#6599=CARTESIAN_POINT('',(-7.294875522980E-2,1.429248781652E-2,
-1.495764671293E-1));
#6600=CARTESIAN_POINT('',(-9.643363882610E-2,0.E0,-1.359509653095E-1));
#6601=CARTESIAN_POINT('',(-8.906073906414E-2,0.E0,-1.401816260456E-1));
#6602=CARTESIAN_POINT('',(-8.168783930218E-2,0.E0,-1.444122867817E-1));
#6603=CARTESIAN_POINT('',(-7.431493954022E-2,0.E0,-1.486429475178E-1));
#6604=CARTESIAN_POINT('',(-9.466083075849E-2,-1.854642709194E-2,
-1.350174456980E-1));
#6605=CARTESIAN_POINT('',(-8.742347224893E-2,-1.712844733347E-2,
-1.392481064340E-1));
#6606=CARTESIAN_POINT('',(-8.018611373936E-2,-1.571046757499E-2,
-1.434787671701E-1));
#6607=CARTESIAN_POINT('',(-7.294875522980E-2,-1.429248781652E-2,
-1.477094279062E-1));
#6608=CARTESIAN_POINT('',(-8.914305457514E-2,-3.692426219639E-2,
-1.339978403095E-1));
#6609=CARTESIAN_POINT('',(-8.232756141468E-2,-3.410119249507E-2,
-1.382285010456E-1));
#6610=CARTESIAN_POINT('',(-7.551206825422E-2,-3.127812279374E-2,
-1.424591617817E-1));
#6611=CARTESIAN_POINT('',(-6.869657509377E-2,-2.845505309242E-2,
-1.466898225178E-1));
#6612=CARTESIAN_POINT('',(-8.004961970557E-2,-5.382101097859E-2,
-1.329782349211E-1));
#6613=CARTESIAN_POINT('',(-7.392937132278E-2,-4.970608880140E-2,
-1.372088956572E-1));
#6614=CARTESIAN_POINT('',(-6.780912293999E-2,-4.559116662421E-2,
-1.414395563933E-1));
#6615=CARTESIAN_POINT('',(-6.168887455720E-2,-4.147624444702E-2,
-1.456702171293E-1));
#6616=CARTESIAN_POINT('',(-6.818887994843E-2,-6.818887994843E-2,
-1.320447153095E-1));
#6617=CARTESIAN_POINT('',(-6.297545252974E-2,-6.297545252974E-2,
-1.362753760456E-1));
#6618=CARTESIAN_POINT('',(-5.776202511105E-2,-5.776202511105E-2,
-1.405060367817E-1));
#6619=CARTESIAN_POINT('',(-5.254859769236E-2,-5.254859769236E-2,
-1.447366975178E-1));
#6620=CARTESIAN_POINT('',(-5.382101097859E-2,-8.004961970557E-2,
-1.311111956980E-1));
#6621=CARTESIAN_POINT('',(-4.970608880140E-2,-7.392937132278E-2,
-1.353418564340E-1));
#6622=CARTESIAN_POINT('',(-4.559116662421E-2,-6.780912293999E-2,
-1.395725171701E-1));
#6623=CARTESIAN_POINT('',(-4.147624444702E-2,-6.168887455720E-2,
-1.438031779062E-1));
#6624=CARTESIAN_POINT('',(-3.692426219639E-2,-8.914305457514E-2,
-1.300915903095E-1));
#6625=CARTESIAN_POINT('',(-3.410119249507E-2,-8.232756141468E-2,
-1.343222510456E-1));
#6626=CARTESIAN_POINT('',(-3.127812279374E-2,-7.551206825422E-2,
-1.385529117817E-1));
#6627=CARTESIAN_POINT('',(-2.845505309242E-2,-6.869657509376E-2,
-1.427835725178E-1));
#6628=CARTESIAN_POINT('',(-1.854642709194E-2,-9.466083075849E-2,
-1.290719849211E-1));
#6629=CARTESIAN_POINT('',(-1.712844733347E-2,-8.742347224893E-2,
-1.333026456572E-1));
#6630=CARTESIAN_POINT('',(-1.571046757499E-2,-8.018611373936E-2,
-1.375333063933E-1));
#6631=CARTESIAN_POINT('',(-1.429248781652E-2,-7.294875522980E-2,
-1.417639671293E-1));
#6632=CARTESIAN_POINT('',(0.E0,-9.643363882610E-2,-1.281384653095E-1));
#6633=CARTESIAN_POINT('',(0.E0,-8.906073906414E-2,-1.323691260456E-1));
#6634=CARTESIAN_POINT('',(0.E0,-8.168783930218E-2,-1.365997867817E-1));
#6635=CARTESIAN_POINT('',(0.E0,-7.431493954022E-2,-1.408304475178E-1));
#6636=CARTESIAN_POINT('',(1.854642709194E-2,-9.466083075849E-2,
-1.272049456980E-1));
#6637=CARTESIAN_POINT('',(1.712844733347E-2,-8.742347224893E-2,
-1.314356064340E-1));
#6638=CARTESIAN_POINT('',(1.571046757499E-2,-8.018611373936E-2,
-1.356662671701E-1));
#6639=CARTESIAN_POINT('',(1.429248781652E-2,-7.294875522980E-2,
-1.398969279062E-1));
#6640=CARTESIAN_POINT('',(3.692426219639E-2,-8.914305457514E-2,
-1.261853403095E-1));
#6641=CARTESIAN_POINT('',(3.410119249507E-2,-8.232756141468E-2,
-1.304160010456E-1));
#6642=CARTESIAN_POINT('',(3.127812279374E-2,-7.551206825422E-2,
-1.346466617817E-1));
#6643=CARTESIAN_POINT('',(2.845505309242E-2,-6.869657509376E-2,
-1.388773225178E-1));
#6644=CARTESIAN_POINT('',(5.382101097859E-2,-8.004961970557E-2,
-1.251657349211E-1));
#6645=CARTESIAN_POINT('',(4.970608880140E-2,-7.392937132278E-2,
-1.293963956572E-1));
#6646=CARTESIAN_POINT('',(4.559116662421E-2,-6.780912293999E-2,
-1.336270563933E-1));
#6647=CARTESIAN_POINT('',(4.147624444702E-2,-6.168887455720E-2,
-1.378577171293E-1));
#6648=CARTESIAN_POINT('',(6.818887994843E-2,-6.818887994843E-2,
-1.242322153095E-1));
#6649=CARTESIAN_POINT('',(6.297545252974E-2,-6.297545252974E-2,
-1.284628760456E-1));
#6650=CARTESIAN_POINT('',(5.776202511105E-2,-5.776202511105E-2,
-1.326935367817E-1));
#6651=CARTESIAN_POINT('',(5.254859769236E-2,-5.254859769236E-2,
-1.369241975178E-1));
#6652=CARTESIAN_POINT('',(8.004961970557E-2,-5.382101097859E-2,
-1.232986956980E-1));
#6653=CARTESIAN_POINT('',(7.392937132278E-2,-4.970608880140E-2,
-1.275293564340E-1));
#6654=CARTESIAN_POINT('',(6.780912293999E-2,-4.559116662421E-2,
-1.317600171701E-1));
#6655=CARTESIAN_POINT('',(6.168887455720E-2,-4.147624444702E-2,
-1.359906779062E-1));
#6656=CARTESIAN_POINT('',(8.914305457514E-2,-3.692426219639E-2,
-1.222790903095E-1));
#6657=CARTESIAN_POINT('',(8.232756141468E-2,-3.410119249507E-2,
-1.265097510456E-1));
#6658=CARTESIAN_POINT('',(7.551206825422E-2,-3.127812279374E-2,
-1.307404117817E-1));
#6659=CARTESIAN_POINT('',(6.869657509376E-2,-2.845505309242E-2,
-1.349710725178E-1));
#6660=CARTESIAN_POINT('',(9.466083075849E-2,-1.854642709194E-2,
-1.212594849211E-1));
#6661=CARTESIAN_POINT('',(8.742347224893E-2,-1.712844733347E-2,
-1.254901456572E-1));
#6662=CARTESIAN_POINT('',(8.018611373936E-2,-1.571046757499E-2,
-1.297208063933E-1));
#6663=CARTESIAN_POINT('',(7.294875522980E-2,-1.429248781652E-2,
-1.339514671293E-1));
#6664=CARTESIAN_POINT('',(9.643363882610E-2,0.E0,-1.203259653095E-1));
#6665=CARTESIAN_POINT('',(8.906073906414E-2,0.E0,-1.245566260456E-1));
#6666=CARTESIAN_POINT('',(8.168783930218E-2,0.E0,-1.287872867817E-1));
#6667=CARTESIAN_POINT('',(7.431493954022E-2,0.E0,-1.330179475178E-1));
#6668=CARTESIAN_POINT('',(9.466083075849E-2,1.854642709194E-2,
-1.193924456980E-1));
#6669=CARTESIAN_POINT('',(8.742347224893E-2,1.712844733347E-2,
-1.236231064340E-1));
#6670=CARTESIAN_POINT('',(8.018611373936E-2,1.571046757499E-2,
-1.278537671701E-1));
#6671=CARTESIAN_POINT('',(7.294875522980E-2,1.429248781652E-2,
-1.320844279062E-1));
#6672=CARTESIAN_POINT('',(8.914305457514E-2,3.692426219639E-2,
-1.183728403095E-1));
#6673=CARTESIAN_POINT('',(8.232756141468E-2,3.410119249507E-2,
-1.226035010456E-1));
#6674=CARTESIAN_POINT('',(7.551206825422E-2,3.127812279374E-2,
-1.268341617817E-1));
#6675=CARTESIAN_POINT('',(6.869657509376E-2,2.845505309242E-2,
-1.310648225178E-1));
#6676=CARTESIAN_POINT('',(8.004961970557E-2,5.382101097859E-2,
-1.173532349211E-1));
#6677=CARTESIAN_POINT('',(7.392937132278E-2,4.970608880140E-2,
-1.215838956572E-1));
#6678=CARTESIAN_POINT('',(6.780912293999E-2,4.559116662421E-2,
-1.258145563933E-1));
#6679=CARTESIAN_POINT('',(6.168887455720E-2,4.147624444702E-2,
-1.300452171293E-1));
#6680=CARTESIAN_POINT('',(6.818887994843E-2,6.818887994843E-2,
-1.164197153095E-1));
#6681=CARTESIAN_POINT('',(6.297545252974E-2,6.297545252974E-2,
-1.206503760456E-1));
#6682=CARTESIAN_POINT('',(5.776202511105E-2,5.776202511105E-2,
-1.248810367817E-1));
#6683=CARTESIAN_POINT('',(5.254859769236E-2,5.254859769236E-2,
-1.291116975178E-1));
#6684=CARTESIAN_POINT('',(5.382101097859E-2,8.004961970557E-2,
-1.154861956980E-1));
#6685=CARTESIAN_POINT('',(4.970608880140E-2,7.392937132278E-2,
-1.197168564340E-1));
#6686=CARTESIAN_POINT('',(4.559116662421E-2,6.780912293999E-2,
-1.239475171701E-1));
#6687=CARTESIAN_POINT('',(4.147624444702E-2,6.168887455720E-2,
-1.281781779062E-1));
#6688=CARTESIAN_POINT('',(3.692426219639E-2,8.914305457514E-2,
-1.144665903095E-1));
#6689=CARTESIAN_POINT('',(3.410119249507E-2,8.232756141468E-2,
-1.186972510456E-1));
#6690=CARTESIAN_POINT('',(3.127812279374E-2,7.551206825422E-2,
-1.229279117817E-1));
#6691=CARTESIAN_POINT('',(2.845505309242E-2,6.869657509376E-2,
-1.271585725178E-1));
#6692=CARTESIAN_POINT('',(1.854642709194E-2,9.466083075849E-2,
-1.134469849211E-1));
#6693=CARTESIAN_POINT('',(1.712844733347E-2,8.742347224893E-2,
-1.176776456572E-1));
#6694=CARTESIAN_POINT('',(1.571046757499E-2,8.018611373936E-2,
-1.219083063933E-1));
#6695=CARTESIAN_POINT('',(1.429248781652E-2,7.294875522980E-2,
-1.261389671293E-1));
#6696=CARTESIAN_POINT('',(0.E0,9.643363882610E-2,-1.125134653095E-1));
#6697=CARTESIAN_POINT('',(0.E0,8.906073906414E-2,-1.167441260456E-1));
#6698=CARTESIAN_POINT('',(0.E0,8.168783930218E-2,-1.209747867817E-1));
#6699=CARTESIAN_POINT('',(0.E0,7.431493954022E-2,-1.252054475178E-1));
#6700=CARTESIAN_POINT('',(-1.854642709194E-2,9.466083075849E-2,
-1.115799456980E-1));
#6701=CARTESIAN_POINT('',(-1.712844733347E-2,8.742347224893E-2,
-1.158106064340E-1));
#6702=CARTESIAN_POINT('',(-1.571046757499E-2,8.018611373936E-2,
-1.200412671701E-1));
#6703=CARTESIAN_POINT('',(-1.429248781652E-2,7.294875522980E-2,
-1.242719279062E-1));
#6704=CARTESIAN_POINT('',(-3.692426219639E-2,8.914305457514E-2,
-1.105603403095E-1));
#6705=CARTESIAN_POINT('',(-3.410119249507E-2,8.232756141468E-2,
-1.147910010456E-1));
#6706=CARTESIAN_POINT('',(-3.127812279374E-2,7.551206825422E-2,
-1.190216617817E-1));
#6707=CARTESIAN_POINT('',(-2.845505309242E-2,6.869657509376E-2,
-1.232523225178E-1));
#6708=CARTESIAN_POINT('',(-5.382101097859E-2,8.004961970557E-2,
-1.095407349211E-1));
#6709=CARTESIAN_POINT('',(-4.970608880140E-2,7.392937132278E-2,
-1.137713956572E-1));
#6710=CARTESIAN_POINT('',(-4.559116662421E-2,6.780912293999E-2,
-1.180020563933E-1));
#6711=CARTESIAN_POINT('',(-4.147624444702E-2,6.168887455720E-2,
-1.222327171293E-1));
#6712=CARTESIAN_POINT('',(-6.818887994843E-2,6.818887994843E-2,
-1.086072153095E-1));
#6713=CARTESIAN_POINT('',(-6.297545252974E-2,6.297545252974E-2,
-1.128378760456E-1));
#6714=CARTESIAN_POINT('',(-5.776202511105E-2,5.776202511105E-2,
-1.170685367817E-1));
#6715=CARTESIAN_POINT('',(-5.254859769236E-2,5.254859769236E-2,
-1.212991975178E-1));
#6716=CARTESIAN_POINT('',(-8.004961970557E-2,5.382101097859E-2,
-1.076736956980E-1));
#6717=CARTESIAN_POINT('',(-7.392937132278E-2,4.970608880140E-2,
-1.119043564340E-1));
#6718=CARTESIAN_POINT('',(-6.780912293999E-2,4.559116662421E-2,
-1.161350171701E-1));
#6719=CARTESIAN_POINT('',(-6.168887455720E-2,4.147624444702E-2,
-1.203656779062E-1));
#6720=CARTESIAN_POINT('',(-8.914305457514E-2,3.692426219639E-2,
-1.066540903095E-1));
#6721=CARTESIAN_POINT('',(-8.232756141468E-2,3.410119249507E-2,
-1.108847510456E-1));
#6722=CARTESIAN_POINT('',(-7.551206825422E-2,3.127812279374E-2,
-1.151154117817E-1));
#6723=CARTESIAN_POINT('',(-6.869657509376E-2,2.845505309242E-2,
-1.193460725178E-1));
#6724=CARTESIAN_POINT('',(-9.466083075849E-2,1.854642709194E-2,
-1.056344849211E-1));
#6725=CARTESIAN_POINT('',(-8.742347224893E-2,1.712844733347E-2,
-1.098651456572E-1));
#6726=CARTESIAN_POINT('',(-8.018611373936E-2,1.571046757499E-2,
-1.140958063933E-1));
#6727=CARTESIAN_POINT('',(-7.294875522980E-2,1.429248781652E-2,
-1.183264671293E-1));
#6728=CARTESIAN_POINT('',(-9.643363882610E-2,0.E0,-1.047009653095E-1));
#6729=CARTESIAN_POINT('',(-8.906073906414E-2,0.E0,-1.089316260456E-1));
#6730=CARTESIAN_POINT('',(-8.168783930218E-2,0.E0,-1.131622867817E-1));
#6731=CARTESIAN_POINT('',(-7.431493954022E-2,0.E0,-1.173929475178E-1));
#6732=CARTESIAN_POINT('',(-9.466083075849E-2,-1.854642709194E-2,
-1.037674456980E-1));
#6733=CARTESIAN_POINT('',(-8.742347224893E-2,-1.712844733347E-2,
-1.079981064340E-1));
#6734=CARTESIAN_POINT('',(-8.018611373936E-2,-1.571046757499E-2,
-1.122287671701E-1));
#6735=CARTESIAN_POINT('',(-7.294875522980E-2,-1.429248781652E-2,
-1.164594279062E-1));
#6736=CARTESIAN_POINT('',(-8.914305457514E-2,-3.692426219639E-2,
-1.027478403095E-1));
#6737=CARTESIAN_POINT('',(-8.232756141468E-2,-3.410119249507E-2,
-1.069785010456E-1));
#6738=CARTESIAN_POINT('',(-7.551206825422E-2,-3.127812279374E-2,
-1.112091617817E-1));
#6739=CARTESIAN_POINT('',(-6.869657509376E-2,-2.845505309242E-2,
-1.154398225178E-1));
#6740=CARTESIAN_POINT('',(-8.004961970557E-2,-5.382101097859E-2,
-1.017282349211E-1));
#6741=CARTESIAN_POINT('',(-7.392937132278E-2,-4.970608880140E-2,
-1.059588956572E-1));
#6742=CARTESIAN_POINT('',(-6.780912293999E-2,-4.559116662421E-2,
-1.101895563933E-1));
#6743=CARTESIAN_POINT('',(-6.168887455720E-2,-4.147624444702E-2,
-1.144202171293E-1));
#6744=CARTESIAN_POINT('',(-6.818887994843E-2,-6.818887994843E-2,
-1.007947153095E-1));
#6745=CARTESIAN_POINT('',(-6.297545252974E-2,-6.297545252974E-2,
-1.050253760456E-1));
#6746=CARTESIAN_POINT('',(-5.776202511105E-2,-5.776202511105E-2,
-1.092560367817E-1));
#6747=CARTESIAN_POINT('',(-5.254859769236E-2,-5.254859769236E-2,
-1.134866975178E-1));
#6748=CARTESIAN_POINT('',(-5.382101097859E-2,-8.004961970557E-2,
-9.986119569796E-2));
#6749=CARTESIAN_POINT('',(-4.970608880140E-2,-7.392937132278E-2,
-1.040918564340E-1));
#6750=CARTESIAN_POINT('',(-4.559116662421E-2,-6.780912293999E-2,
-1.083225171701E-1));
#6751=CARTESIAN_POINT('',(-4.147624444702E-2,-6.168887455720E-2,
-1.125531779062E-1));
#6752=CARTESIAN_POINT('',(-3.692426219639E-2,-8.914305457514E-2,
-9.884159030952E-2));
#6753=CARTESIAN_POINT('',(-3.410119249507E-2,-8.232756141468E-2,
-1.030722510456E-1));
#6754=CARTESIAN_POINT('',(-3.127812279374E-2,-7.551206825422E-2,
-1.073029117817E-1));
#6755=CARTESIAN_POINT('',(-2.845505309242E-2,-6.869657509376E-2,
-1.115335725178E-1));
#6756=CARTESIAN_POINT('',(-1.854642709194E-2,-9.466083075849E-2,
-9.782198492108E-2));
#6757=CARTESIAN_POINT('',(-1.712844733347E-2,-8.742347224893E-2,
-1.020526456572E-1));
#6758=CARTESIAN_POINT('',(-1.571046757499E-2,-8.018611373936E-2,
-1.062833063933E-1));
#6759=CARTESIAN_POINT('',(-1.429248781652E-2,-7.294875522980E-2,
-1.105139671293E-1));
#6760=CARTESIAN_POINT('',(0.E0,-9.643363882610E-2,-9.688846530952E-2));
#6761=CARTESIAN_POINT('',(0.E0,-8.906073906414E-2,-1.011191260456E-1));
#6762=CARTESIAN_POINT('',(0.E0,-8.168783930218E-2,-1.053497867817E-1));
#6763=CARTESIAN_POINT('',(0.E0,-7.431493954022E-2,-1.095804475178E-1));
#6764=CARTESIAN_POINT('',(1.854642709194E-2,-9.466083075849E-2,
-9.595494569796E-2));
#6765=CARTESIAN_POINT('',(1.712844733347E-2,-8.742347224893E-2,
-1.001856064340E-1));
#6766=CARTESIAN_POINT('',(1.571046757499E-2,-8.018611373936E-2,
-1.044162671701E-1));
#6767=CARTESIAN_POINT('',(1.429248781652E-2,-7.294875522980E-2,
-1.086469279062E-1));
#6768=CARTESIAN_POINT('',(3.692426219639E-2,-8.914305457514E-2,
-9.493534030952E-2));
#6769=CARTESIAN_POINT('',(3.410119249507E-2,-8.232756141468E-2,
-9.916600104561E-2));
#6770=CARTESIAN_POINT('',(3.127812279374E-2,-7.551206825422E-2,
-1.033966617817E-1));
#6771=CARTESIAN_POINT('',(2.845505309242E-2,-6.869657509377E-2,
-1.076273225178E-1));
#6772=CARTESIAN_POINT('',(5.382101097859E-2,-8.004961970557E-2,
-9.391573492108E-2));
#6773=CARTESIAN_POINT('',(4.970608880140E-2,-7.392937132278E-2,
-9.814639565717E-2));
#6774=CARTESIAN_POINT('',(4.559116662421E-2,-6.780912293999E-2,
-1.023770563933E-1));
#6775=CARTESIAN_POINT('',(4.147624444702E-2,-6.168887455720E-2,
-1.066077171293E-1));
#6776=CARTESIAN_POINT('',(6.818887994843E-2,-6.818887994843E-2,
-9.298221530952E-2));
#6777=CARTESIAN_POINT('',(6.297545252974E-2,-6.297545252974E-2,
-9.721287604561E-2));
#6778=CARTESIAN_POINT('',(5.776202511105E-2,-5.776202511105E-2,
-1.014435367817E-1));
#6779=CARTESIAN_POINT('',(5.254859769236E-2,-5.254859769236E-2,
-1.056741975178E-1));
#6780=CARTESIAN_POINT('',(8.004961970557E-2,-5.382101097859E-2,
-9.204869569796E-2));
#6781=CARTESIAN_POINT('',(7.392937132278E-2,-4.970608880140E-2,
-9.627935643405E-2));
#6782=CARTESIAN_POINT('',(6.780912293999E-2,-4.559116662421E-2,
-1.005100171701E-1));
#6783=CARTESIAN_POINT('',(6.168887455720E-2,-4.147624444702E-2,
-1.047406779062E-1));
#6784=CARTESIAN_POINT('',(8.914305457514E-2,-3.692426219639E-2,
-9.102909030952E-2));
#6785=CARTESIAN_POINT('',(8.232756141468E-2,-3.410119249507E-2,
-9.525975104561E-2));
#6786=CARTESIAN_POINT('',(7.551206825422E-2,-3.127812279374E-2,
-9.949041178170E-2));
#6787=CARTESIAN_POINT('',(6.869657509376E-2,-2.845505309242E-2,
-1.037210725178E-1));
#6788=CARTESIAN_POINT('',(9.466083075849E-2,-1.854642709194E-2,
-9.000948492108E-2));
#6789=CARTESIAN_POINT('',(8.742347224893E-2,-1.712844733347E-2,
-9.424014565717E-2));
#6790=CARTESIAN_POINT('',(8.018611373936E-2,-1.571046757499E-2,
-9.847080639326E-2));
#6791=CARTESIAN_POINT('',(7.294875522980E-2,-1.429248781652E-2,
-1.027014671293E-1));
#6792=CARTESIAN_POINT('',(9.643363882610E-2,0.E0,-8.907596530952E-2));
#6793=CARTESIAN_POINT('',(8.906073906414E-2,0.E0,-9.330662604561E-2));
#6794=CARTESIAN_POINT('',(8.168783930218E-2,0.E0,-9.753728678170E-2));
#6795=CARTESIAN_POINT('',(7.431493954022E-2,0.E0,-1.017679475178E-1));
#6796=CARTESIAN_POINT('',(9.466083075849E-2,1.854642709194E-2,
-8.814244569796E-2));
#6797=CARTESIAN_POINT('',(8.742347224893E-2,1.712844733347E-2,
-9.237310643405E-2));
#6798=CARTESIAN_POINT('',(8.018611373936E-2,1.571046757499E-2,
-9.660376717014E-2));
#6799=CARTESIAN_POINT('',(7.294875522980E-2,1.429248781652E-2,
-1.008344279062E-1));
#6800=CARTESIAN_POINT('',(8.914305457514E-2,3.692426219639E-2,
-8.712284030952E-2));
#6801=CARTESIAN_POINT('',(8.232756141468E-2,3.410119249507E-2,
-9.135350104561E-2));
#6802=CARTESIAN_POINT('',(7.551206825422E-2,3.127812279374E-2,
-9.558416178170E-2));
#6803=CARTESIAN_POINT('',(6.869657509376E-2,2.845505309242E-2,
-9.981482251779E-2));
#6804=CARTESIAN_POINT('',(8.004961970557E-2,5.382101097859E-2,
-8.610323492108E-2));
#6805=CARTESIAN_POINT('',(7.392937132278E-2,4.970608880140E-2,
-9.033389565717E-2));
#6806=CARTESIAN_POINT('',(6.780912293999E-2,4.559116662421E-2,
-9.456455639326E-2));
#6807=CARTESIAN_POINT('',(6.168887455720E-2,4.147624444702E-2,
-9.879521712935E-2));
#6808=CARTESIAN_POINT('',(6.818887994843E-2,6.818887994843E-2,
-8.516971530952E-2));
#6809=CARTESIAN_POINT('',(6.297545252974E-2,6.297545252974E-2,
-8.940037604561E-2));
#6810=CARTESIAN_POINT('',(5.776202511105E-2,5.776202511105E-2,
-9.363103678170E-2));
#6811=CARTESIAN_POINT('',(5.254859769236E-2,5.254859769236E-2,
-9.786169751779E-2));
#6812=CARTESIAN_POINT('',(5.382101097859E-2,8.004961970557E-2,
-8.423619569796E-2));
#6813=CARTESIAN_POINT('',(4.970608880140E-2,7.392937132278E-2,
-8.846685643405E-2));
#6814=CARTESIAN_POINT('',(4.559116662421E-2,6.780912293999E-2,
-9.269751717014E-2));
#6815=CARTESIAN_POINT('',(4.147624444702E-2,6.168887455720E-2,
-9.692817790623E-2));
#6816=CARTESIAN_POINT('',(3.692426219639E-2,8.914305457514E-2,
-8.321659030952E-2));
#6817=CARTESIAN_POINT('',(3.410119249507E-2,8.232756141468E-2,
-8.744725104561E-2));
#6818=CARTESIAN_POINT('',(3.127812279374E-2,7.551206825422E-2,
-9.167791178170E-2));
#6819=CARTESIAN_POINT('',(2.845505309242E-2,6.869657509376E-2,
-9.590857251779E-2));
#6820=CARTESIAN_POINT('',(1.854642709194E-2,9.466083075849E-2,
-8.219698492108E-2));
#6821=CARTESIAN_POINT('',(1.712844733347E-2,8.742347224893E-2,
-8.642764565717E-2));
#6822=CARTESIAN_POINT('',(1.571046757499E-2,8.018611373936E-2,
-9.065830639326E-2));
#6823=CARTESIAN_POINT('',(1.429248781652E-2,7.294875522980E-2,
-9.488896712935E-2));
#6824=CARTESIAN_POINT('',(0.E0,9.643363882610E-2,-8.126346530952E-2));
#6825=CARTESIAN_POINT('',(0.E0,8.906073906414E-2,-8.549412604561E-2));
#6826=CARTESIAN_POINT('',(0.E0,8.168783930218E-2,-8.972478678170E-2));
#6827=CARTESIAN_POINT('',(0.E0,7.431493954022E-2,-9.395544751779E-2));
#6828=CARTESIAN_POINT('',(-1.854642709194E-2,9.466083075849E-2,
-8.032994569796E-2));
#6829=CARTESIAN_POINT('',(-1.712844733347E-2,8.742347224893E-2,
-8.456060643405E-2));
#6830=CARTESIAN_POINT('',(-1.571046757499E-2,8.018611373936E-2,
-8.879126717014E-2));
#6831=CARTESIAN_POINT('',(-1.429248781652E-2,7.294875522980E-2,
-9.302192790623E-2));
#6832=CARTESIAN_POINT('',(-3.692426219639E-2,8.914305457514E-2,
-7.931034030952E-2));
#6833=CARTESIAN_POINT('',(-3.410119249507E-2,8.232756141468E-2,
-8.354100104561E-2));
#6834=CARTESIAN_POINT('',(-3.127812279374E-2,7.551206825422E-2,
-8.777166178170E-2));
#6835=CARTESIAN_POINT('',(-2.845505309242E-2,6.869657509376E-2,
-9.200232251779E-2));
#6836=CARTESIAN_POINT('',(-5.382101097859E-2,8.004961970557E-2,
-7.829073492108E-2));
#6837=CARTESIAN_POINT('',(-4.970608880140E-2,7.392937132278E-2,
-8.252139565717E-2));
#6838=CARTESIAN_POINT('',(-4.559116662421E-2,6.780912293999E-2,
-8.675205639326E-2));
#6839=CARTESIAN_POINT('',(-4.147624444702E-2,6.168887455720E-2,
-9.098271712935E-2));
#6840=CARTESIAN_POINT('',(-6.818887994843E-2,6.818887994843E-2,
-7.735721530952E-2));
#6841=CARTESIAN_POINT('',(-6.297545252974E-2,6.297545252974E-2,
-8.158787604561E-2));
#6842=CARTESIAN_POINT('',(-5.776202511105E-2,5.776202511105E-2,
-8.581853678170E-2));
#6843=CARTESIAN_POINT('',(-5.254859769236E-2,5.254859769236E-2,
-9.004919751779E-2));
#6844=CARTESIAN_POINT('',(-8.004961970557E-2,5.382101097859E-2,
-7.642369569796E-2));
#6845=CARTESIAN_POINT('',(-7.392937132278E-2,4.970608880140E-2,
-8.065435643405E-2));
#6846=CARTESIAN_POINT('',(-6.780912293999E-2,4.559116662421E-2,
-8.488501717014E-2));
#6847=CARTESIAN_POINT('',(-6.168887455720E-2,4.147624444702E-2,
-8.911567790623E-2));
#6848=CARTESIAN_POINT('',(-8.914305457514E-2,3.692426219639E-2,
-7.540409030952E-2));
#6849=CARTESIAN_POINT('',(-8.232756141468E-2,3.410119249507E-2,
-7.963475104561E-2));
#6850=CARTESIAN_POINT('',(-7.551206825422E-2,3.127812279374E-2,
-8.386541178170E-2));
#6851=CARTESIAN_POINT('',(-6.869657509376E-2,2.845505309242E-2,
-8.809607251779E-2));
#6852=CARTESIAN_POINT('',(-9.466083075849E-2,1.854642709194E-2,
-7.438448492108E-2));
#6853=CARTESIAN_POINT('',(-8.742347224893E-2,1.712844733347E-2,
-7.861514565717E-2));
#6854=CARTESIAN_POINT('',(-8.018611373936E-2,1.571046757499E-2,
-8.284580639326E-2));
#6855=CARTESIAN_POINT('',(-7.294875522980E-2,1.429248781652E-2,
-8.707646712935E-2));
#6856=CARTESIAN_POINT('',(-9.643363882610E-2,0.E0,-7.345096530952E-2));
#6857=CARTESIAN_POINT('',(-8.906073906414E-2,0.E0,-7.768162604561E-2));
#6858=CARTESIAN_POINT('',(-8.168783930218E-2,0.E0,-8.191228678170E-2));
#6859=CARTESIAN_POINT('',(-7.431493954022E-2,0.E0,-8.614294751779E-2));
#6860=CARTESIAN_POINT('',(-9.466083075849E-2,-1.854642709194E-2,
-7.251744569796E-2));
#6861=CARTESIAN_POINT('',(-8.742347224893E-2,-1.712844733347E-2,
-7.674810643405E-2));
#6862=CARTESIAN_POINT('',(-8.018611373936E-2,-1.571046757499E-2,
-8.097876717014E-2));
#6863=CARTESIAN_POINT('',(-7.294875522980E-2,-1.429248781652E-2,
-8.520942790623E-2));
#6864=CARTESIAN_POINT('',(-8.914305457514E-2,-3.692426219639E-2,
-7.149784030952E-2));
#6865=CARTESIAN_POINT('',(-8.232756141468E-2,-3.410119249507E-2,
-7.572850104561E-2));
#6866=CARTESIAN_POINT('',(-7.551206825422E-2,-3.127812279374E-2,
-7.995916178170E-2));
#6867=CARTESIAN_POINT('',(-6.869657509376E-2,-2.845505309242E-2,
-8.418982251779E-2));
#6868=CARTESIAN_POINT('',(-8.004961970557E-2,-5.382101097859E-2,
-7.047823492108E-2));
#6869=CARTESIAN_POINT('',(-7.392937132278E-2,-4.970608880140E-2,
-7.470889565717E-2));
#6870=CARTESIAN_POINT('',(-6.780912293999E-2,-4.559116662421E-2,
-7.893955639326E-2));
#6871=CARTESIAN_POINT('',(-6.168887455720E-2,-4.147624444702E-2,
-8.317021712935E-2));
#6872=CARTESIAN_POINT('',(-6.818887994843E-2,-6.818887994843E-2,
-6.954471530952E-2));
#6873=CARTESIAN_POINT('',(-6.297545252974E-2,-6.297545252974E-2,
-7.377537604561E-2));
#6874=CARTESIAN_POINT('',(-5.776202511105E-2,-5.776202511105E-2,
-7.800603678170E-2));
#6875=CARTESIAN_POINT('',(-5.254859769236E-2,-5.254859769236E-2,
-8.223669751779E-2));
#6876=CARTESIAN_POINT('',(-5.382101097859E-2,-8.004961970557E-2,
-6.861119569796E-2));
#6877=CARTESIAN_POINT('',(-4.970608880140E-2,-7.392937132278E-2,
-7.284185643405E-2));
#6878=CARTESIAN_POINT('',(-4.559116662421E-2,-6.780912293999E-2,
-7.707251717014E-2));
#6879=CARTESIAN_POINT('',(-4.147624444702E-2,-6.168887455720E-2,
-8.130317790623E-2));
#6880=CARTESIAN_POINT('',(-3.692426219639E-2,-8.914305457514E-2,
-6.759159030952E-2));
#6881=CARTESIAN_POINT('',(-3.410119249507E-2,-8.232756141468E-2,
-7.182225104561E-2));
#6882=CARTESIAN_POINT('',(-3.127812279374E-2,-7.551206825422E-2,
-7.605291178170E-2));
#6883=CARTESIAN_POINT('',(-2.845505309242E-2,-6.869657509376E-2,
-8.028357251779E-2));
#6884=CARTESIAN_POINT('',(-1.854642709194E-2,-9.466083075849E-2,
-6.657198492108E-2));
#6885=CARTESIAN_POINT('',(-1.712844733347E-2,-8.742347224893E-2,
-7.080264565717E-2));
#6886=CARTESIAN_POINT('',(-1.571046757499E-2,-8.018611373936E-2,
-7.503330639326E-2));
#6887=CARTESIAN_POINT('',(-1.429248781652E-2,-7.294875522980E-2,
-7.926396712935E-2));
#6888=CARTESIAN_POINT('',(0.E0,-9.643363882610E-2,-6.563846530952E-2));
#6889=CARTESIAN_POINT('',(0.E0,-8.906073906414E-2,-6.986912604561E-2));
#6890=CARTESIAN_POINT('',(0.E0,-8.168783930218E-2,-7.409978678170E-2));
#6891=CARTESIAN_POINT('',(0.E0,-7.431493954022E-2,-7.833044751779E-2));
#6892=CARTESIAN_POINT('',(1.854642709194E-2,-9.466083075849E-2,
-6.470494569796E-2));
#6893=CARTESIAN_POINT('',(1.712844733347E-2,-8.742347224893E-2,
-6.893560643405E-2));
#6894=CARTESIAN_POINT('',(1.571046757499E-2,-8.018611373936E-2,
-7.316626717014E-2));
#6895=CARTESIAN_POINT('',(1.429248781652E-2,-7.294875522980E-2,
-7.739692790623E-2));
#6896=CARTESIAN_POINT('',(3.692426219639E-2,-8.914305457514E-2,
-6.368534030952E-2));
#6897=CARTESIAN_POINT('',(3.410119249507E-2,-8.232756141468E-2,
-6.791600104561E-2));
#6898=CARTESIAN_POINT('',(3.127812279374E-2,-7.551206825422E-2,
-7.214666178170E-2));
#6899=CARTESIAN_POINT('',(2.845505309242E-2,-6.869657509376E-2,
-7.637732251779E-2));
#6900=CARTESIAN_POINT('',(5.382101097859E-2,-8.004961970557E-2,
-6.266573492108E-2));
#6901=CARTESIAN_POINT('',(4.970608880140E-2,-7.392937132278E-2,
-6.689639565717E-2));
#6902=CARTESIAN_POINT('',(4.559116662421E-2,-6.780912293999E-2,
-7.112705639326E-2));
#6903=CARTESIAN_POINT('',(4.147624444702E-2,-6.168887455720E-2,
-7.535771712935E-2));
#6904=CARTESIAN_POINT('',(6.818887994843E-2,-6.818887994843E-2,
-6.173221530952E-2));
#6905=CARTESIAN_POINT('',(6.297545252974E-2,-6.297545252974E-2,
-6.596287604561E-2));
#6906=CARTESIAN_POINT('',(5.776202511105E-2,-5.776202511105E-2,
-7.019353678170E-2));
#6907=CARTESIAN_POINT('',(5.254859769236E-2,-5.254859769236E-2,
-7.442419751779E-2));
#6908=CARTESIAN_POINT('',(8.004961970557E-2,-5.382101097859E-2,
-6.079869569796E-2));
#6909=CARTESIAN_POINT('',(7.392937132278E-2,-4.970608880140E-2,
-6.502935643405E-2));
#6910=CARTESIAN_POINT('',(6.780912293999E-2,-4.559116662421E-2,
-6.926001717014E-2));
#6911=CARTESIAN_POINT('',(6.168887455720E-2,-4.147624444702E-2,
-7.349067790623E-2));
#6912=CARTESIAN_POINT('',(8.914305457514E-2,-3.692426219639E-2,
-5.977909030952E-2));
#6913=CARTESIAN_POINT('',(8.232756141468E-2,-3.410119249507E-2,
-6.400975104561E-2));
#6914=CARTESIAN_POINT('',(7.551206825422E-2,-3.127812279374E-2,
-6.824041178170E-2));
#6915=CARTESIAN_POINT('',(6.869657509377E-2,-2.845505309242E-2,
-7.247107251779E-2));
#6916=CARTESIAN_POINT('',(9.466083075849E-2,-1.854642709194E-2,
-5.875948492108E-2));
#6917=CARTESIAN_POINT('',(8.742347224893E-2,-1.712844733347E-2,
-6.299014565717E-2));
#6918=CARTESIAN_POINT('',(8.018611373936E-2,-1.571046757499E-2,
-6.722080639326E-2));
#6919=CARTESIAN_POINT('',(7.294875522980E-2,-1.429248781652E-2,
-7.145146712935E-2));
#6920=CARTESIAN_POINT('',(9.643363882610E-2,0.E0,-5.782596530952E-2));
#6921=CARTESIAN_POINT('',(8.906073906414E-2,0.E0,-6.205662604561E-2));
#6922=CARTESIAN_POINT('',(8.168783930218E-2,0.E0,-6.628728678170E-2));
#6923=CARTESIAN_POINT('',(7.431493954022E-2,0.E0,-7.051794751779E-2));
#6924=CARTESIAN_POINT('',(9.466083075849E-2,1.854642709194E-2,
-5.689244569796E-2));
#6925=CARTESIAN_POINT('',(8.742347224893E-2,1.712844733347E-2,
-6.112310643405E-2));
#6926=CARTESIAN_POINT('',(8.018611373936E-2,1.571046757499E-2,
-6.535376717014E-2));
#6927=CARTESIAN_POINT('',(7.294875522980E-2,1.429248781652E-2,
-6.958442790623E-2));
#6928=CARTESIAN_POINT('',(8.914305457514E-2,3.692426219639E-2,
-5.587284030952E-2));
#6929=CARTESIAN_POINT('',(8.232756141468E-2,3.410119249507E-2,
-6.010350104561E-2));
#6930=CARTESIAN_POINT('',(7.551206825422E-2,3.127812279374E-2,
-6.433416178170E-2));
#6931=CARTESIAN_POINT('',(6.869657509376E-2,2.845505309242E-2,
-6.856482251779E-2));
#6932=CARTESIAN_POINT('',(8.004961970557E-2,5.382101097859E-2,
-5.485323492108E-2));
#6933=CARTESIAN_POINT('',(7.392937132278E-2,4.970608880140E-2,
-5.908389565717E-2));
#6934=CARTESIAN_POINT('',(6.780912293999E-2,4.559116662421E-2,
-6.331455639326E-2));
#6935=CARTESIAN_POINT('',(6.168887455720E-2,4.147624444702E-2,
-6.754521712935E-2));
#6936=CARTESIAN_POINT('',(6.818887994843E-2,6.818887994843E-2,
-5.391971530952E-2));
#6937=CARTESIAN_POINT('',(6.297545252974E-2,6.297545252974E-2,
-5.815037604561E-2));
#6938=CARTESIAN_POINT('',(5.776202511105E-2,5.776202511105E-2,
-6.238103678170E-2));
#6939=CARTESIAN_POINT('',(5.254859769236E-2,5.254859769236E-2,
-6.661169751779E-2));
#6940=CARTESIAN_POINT('',(5.382101097859E-2,8.004961970557E-2,
-5.298619569796E-2));
#6941=CARTESIAN_POINT('',(4.970608880140E-2,7.392937132278E-2,
-5.721685643405E-2));
#6942=CARTESIAN_POINT('',(4.559116662421E-2,6.780912293999E-2,
-6.144751717014E-2));
#6943=CARTESIAN_POINT('',(4.147624444702E-2,6.168887455720E-2,
-6.567817790623E-2));
#6944=CARTESIAN_POINT('',(3.692426219639E-2,8.914305457514E-2,
-5.196659030952E-2));
#6945=CARTESIAN_POINT('',(3.410119249507E-2,8.232756141468E-2,
-5.619725104561E-2));
#6946=CARTESIAN_POINT('',(3.127812279374E-2,7.551206825422E-2,
-6.042791178170E-2));
#6947=CARTESIAN_POINT('',(2.845505309242E-2,6.869657509377E-2,
-6.465857251779E-2));
#6948=CARTESIAN_POINT('',(1.854642709194E-2,9.466083075849E-2,
-5.094698492108E-2));
#6949=CARTESIAN_POINT('',(1.712844733347E-2,8.742347224893E-2,
-5.517764565717E-2));
#6950=CARTESIAN_POINT('',(1.571046757499E-2,8.018611373936E-2,
-5.940830639326E-2));
#6951=CARTESIAN_POINT('',(1.429248781652E-2,7.294875522980E-2,
-6.363896712935E-2));
#6952=CARTESIAN_POINT('',(0.E0,9.643363882610E-2,-5.001346530952E-2));
#6953=CARTESIAN_POINT('',(0.E0,8.906073906414E-2,-5.424412604561E-2));
#6954=CARTESIAN_POINT('',(0.E0,8.168783930218E-2,-5.847478678170E-2));
#6955=CARTESIAN_POINT('',(0.E0,7.431493954022E-2,-6.270544751779E-2));
#6956=CARTESIAN_POINT('',(-1.854642709194E-2,9.466083075849E-2,
-4.907994569796E-2));
#6957=CARTESIAN_POINT('',(-1.712844733347E-2,8.742347224893E-2,
-5.331060643405E-2));
#6958=CARTESIAN_POINT('',(-1.571046757499E-2,8.018611373936E-2,
-5.754126717014E-2));
#6959=CARTESIAN_POINT('',(-1.429248781652E-2,7.294875522980E-2,
-6.177192790623E-2));
#6960=CARTESIAN_POINT('',(-3.692426219639E-2,8.914305457514E-2,
-4.806034030952E-2));
#6961=CARTESIAN_POINT('',(-3.410119249507E-2,8.232756141468E-2,
-5.229100104561E-2));
#6962=CARTESIAN_POINT('',(-3.127812279374E-2,7.551206825422E-2,
-5.652166178170E-2));
#6963=CARTESIAN_POINT('',(-2.845505309242E-2,6.869657509376E-2,
-6.075232251779E-2));
#6964=CARTESIAN_POINT('',(-5.382101097859E-2,8.004961970557E-2,
-4.704073492108E-2));
#6965=CARTESIAN_POINT('',(-4.970608880140E-2,7.392937132278E-2,
-5.127139565717E-2));
#6966=CARTESIAN_POINT('',(-4.559116662421E-2,6.780912293999E-2,
-5.550205639326E-2));
#6967=CARTESIAN_POINT('',(-4.147624444702E-2,6.168887455720E-2,
-5.973271712935E-2));
#6968=CARTESIAN_POINT('',(-6.818887994843E-2,6.818887994843E-2,
-4.610721530952E-2));
#6969=CARTESIAN_POINT('',(-6.297545252974E-2,6.297545252974E-2,
-5.033787604561E-2));
#6970=CARTESIAN_POINT('',(-5.776202511105E-2,5.776202511105E-2,
-5.456853678170E-2));
#6971=CARTESIAN_POINT('',(-5.254859769236E-2,5.254859769236E-2,
-5.879919751779E-2));
#6972=CARTESIAN_POINT('',(-8.004961970557E-2,5.382101097859E-2,
-4.517369569796E-2));
#6973=CARTESIAN_POINT('',(-7.392937132278E-2,4.970608880140E-2,
-4.940435643405E-2));
#6974=CARTESIAN_POINT('',(-6.780912293999E-2,4.559116662421E-2,
-5.363501717014E-2));
#6975=CARTESIAN_POINT('',(-6.168887455720E-2,4.147624444702E-2,
-5.786567790623E-2));
#6976=CARTESIAN_POINT('',(-8.914305457514E-2,3.692426219639E-2,
-4.415409030952E-2));
#6977=CARTESIAN_POINT('',(-8.232756141468E-2,3.410119249507E-2,
-4.838475104561E-2));
#6978=CARTESIAN_POINT('',(-7.551206825422E-2,3.127812279374E-2,
-5.261541178170E-2));
#6979=CARTESIAN_POINT('',(-6.869657509376E-2,2.845505309242E-2,
-5.684607251779E-2));
#6980=CARTESIAN_POINT('',(-9.466083075849E-2,1.854642709194E-2,
-4.313448492108E-2));
#6981=CARTESIAN_POINT('',(-8.742347224893E-2,1.712844733347E-2,
-4.736514565717E-2));
#6982=CARTESIAN_POINT('',(-8.018611373936E-2,1.571046757499E-2,
-5.159580639326E-2));
#6983=CARTESIAN_POINT('',(-7.294875522980E-2,1.429248781652E-2,
-5.582646712935E-2));
#6984=CARTESIAN_POINT('',(-9.643363882610E-2,0.E0,-4.220096530952E-2));
#6985=CARTESIAN_POINT('',(-8.906073906414E-2,0.E0,-4.643162604561E-2));
#6986=CARTESIAN_POINT('',(-8.168783930218E-2,0.E0,-5.066228678170E-2));
#6987=CARTESIAN_POINT('',(-7.431493954022E-2,0.E0,-5.489294751779E-2));
#6988=CARTESIAN_POINT('',(-9.466083075849E-2,-1.854642709194E-2,
-4.126744569796E-2));
#6989=CARTESIAN_POINT('',(-8.742347224893E-2,-1.712844733347E-2,
-4.549810643405E-2));
#6990=CARTESIAN_POINT('',(-8.018611373936E-2,-1.571046757499E-2,
-4.972876717014E-2));
#6991=CARTESIAN_POINT('',(-7.294875522980E-2,-1.429248781652E-2,
-5.395942790623E-2));
#6992=CARTESIAN_POINT('',(-8.914305457514E-2,-3.692426219639E-2,
-4.024784030952E-2));
#6993=CARTESIAN_POINT('',(-8.232756141468E-2,-3.410119249507E-2,
-4.447850104561E-2));
#6994=CARTESIAN_POINT('',(-7.551206825422E-2,-3.127812279374E-2,
-4.870916178170E-2));
#6995=CARTESIAN_POINT('',(-6.869657509376E-2,-2.845505309242E-2,
-5.293982251779E-2));
#6996=CARTESIAN_POINT('',(-8.004961970557E-2,-5.382101097859E-2,
-3.922823492108E-2));
#6997=CARTESIAN_POINT('',(-7.392937132278E-2,-4.970608880140E-2,
-4.345889565717E-2));
#6998=CARTESIAN_POINT('',(-6.780912293999E-2,-4.559116662421E-2,
-4.768955639326E-2));
#6999=CARTESIAN_POINT('',(-6.168887455720E-2,-4.147624444702E-2,
-5.192021712935E-2));
#7000=CARTESIAN_POINT('',(-6.818887994843E-2,-6.818887994843E-2,
-3.829471530952E-2));
#7001=CARTESIAN_POINT('',(-6.297545252974E-2,-6.297545252974E-2,
-4.252537604561E-2));
#7002=CARTESIAN_POINT('',(-5.776202511105E-2,-5.776202511105E-2,
-4.675603678170E-2));
#7003=CARTESIAN_POINT('',(-5.254859769236E-2,-5.254859769236E-2,
-5.098669751779E-2));
#7004=CARTESIAN_POINT('',(-5.382101097859E-2,-8.004961970557E-2,
-3.736119569796E-2));
#7005=CARTESIAN_POINT('',(-4.970608880140E-2,-7.392937132278E-2,
-4.159185643405E-2));
#7006=CARTESIAN_POINT('',(-4.559116662421E-2,-6.780912293999E-2,
-4.582251717014E-2));
#7007=CARTESIAN_POINT('',(-4.147624444702E-2,-6.168887455720E-2,
-5.005317790623E-2));
#7008=CARTESIAN_POINT('',(-3.692426219639E-2,-8.914305457514E-2,
-3.634159030952E-2));
#7009=CARTESIAN_POINT('',(-3.410119249507E-2,-8.232756141468E-2,
-4.057225104561E-2));
#7010=CARTESIAN_POINT('',(-3.127812279374E-2,-7.551206825422E-2,
-4.480291178170E-2));
#7011=CARTESIAN_POINT('',(-2.845505309242E-2,-6.869657509376E-2,
-4.903357251779E-2));
#7012=CARTESIAN_POINT('',(-1.854642709194E-2,-9.466083075849E-2,
-3.532198492108E-2));
#7013=CARTESIAN_POINT('',(-1.712844733347E-2,-8.742347224893E-2,
-3.955264565717E-2));
#7014=CARTESIAN_POINT('',(-1.571046757499E-2,-8.018611373936E-2,
-4.378330639326E-2));
#7015=CARTESIAN_POINT('',(-1.429248781652E-2,-7.294875522980E-2,
-4.801396712935E-2));
#7016=CARTESIAN_POINT('',(0.E0,-9.643363882610E-2,-3.438846530952E-2));
#7017=CARTESIAN_POINT('',(0.E0,-8.906073906414E-2,-3.861912604561E-2));
#7018=CARTESIAN_POINT('',(0.E0,-8.168783930218E-2,-4.284978678170E-2));
#7019=CARTESIAN_POINT('',(0.E0,-7.431493954022E-2,-4.708044751779E-2));
#7020=CARTESIAN_POINT('',(1.854642709194E-2,-9.466083075849E-2,
-3.345494569796E-2));
#7021=CARTESIAN_POINT('',(1.712844733347E-2,-8.742347224893E-2,
-3.768560643405E-2));
#7022=CARTESIAN_POINT('',(1.571046757499E-2,-8.018611373936E-2,
-4.191626717014E-2));
#7023=CARTESIAN_POINT('',(1.429248781652E-2,-7.294875522980E-2,
-4.614692790623E-2));
#7024=CARTESIAN_POINT('',(3.692426219639E-2,-8.914305457514E-2,
-3.243534030952E-2));
#7025=CARTESIAN_POINT('',(3.410119249507E-2,-8.232756141468E-2,
-3.666600104561E-2));
#7026=CARTESIAN_POINT('',(3.127812279374E-2,-7.551206825422E-2,
-4.089666178170E-2));
#7027=CARTESIAN_POINT('',(2.845505309242E-2,-6.869657509376E-2,
-4.512732251779E-2));
#7028=CARTESIAN_POINT('',(5.382101097859E-2,-8.004961970557E-2,
-3.141573492108E-2));
#7029=CARTESIAN_POINT('',(4.970608880140E-2,-7.392937132278E-2,
-3.564639565717E-2));
#7030=CARTESIAN_POINT('',(4.559116662421E-2,-6.780912293999E-2,
-3.987705639326E-2));
#7031=CARTESIAN_POINT('',(4.147624444702E-2,-6.168887455720E-2,
-4.410771712935E-2));
#7032=CARTESIAN_POINT('',(6.818887994843E-2,-6.818887994843E-2,
-3.048221530952E-2));
#7033=CARTESIAN_POINT('',(6.297545252974E-2,-6.297545252974E-2,
-3.471287604561E-2));
#7034=CARTESIAN_POINT('',(5.776202511105E-2,-5.776202511105E-2,
-3.894353678170E-2));
#7035=CARTESIAN_POINT('',(5.254859769235E-2,-5.254859769236E-2,
-4.317419751779E-2));
#7036=CARTESIAN_POINT('',(8.004961970557E-2,-5.382101097859E-2,
-2.954869569796E-2));
#7037=CARTESIAN_POINT('',(7.392937132278E-2,-4.970608880140E-2,
-3.377935643405E-2));
#7038=CARTESIAN_POINT('',(6.780912293999E-2,-4.559116662421E-2,
-3.801001717014E-2));
#7039=CARTESIAN_POINT('',(6.168887455720E-2,-4.147624444702E-2,
-4.224067790623E-2));
#7040=CARTESIAN_POINT('',(8.914305457514E-2,-3.692426219639E-2,
-2.852909030952E-2));
#7041=CARTESIAN_POINT('',(8.232756141468E-2,-3.410119249507E-2,
-3.275975104561E-2));
#7042=CARTESIAN_POINT('',(7.551206825422E-2,-3.127812279374E-2,
-3.699041178170E-2));
#7043=CARTESIAN_POINT('',(6.869657509376E-2,-2.845505309242E-2,
-4.122107251779E-2));
#7044=CARTESIAN_POINT('',(9.466083075849E-2,-1.854642709194E-2,
-2.750948492108E-2));
#7045=CARTESIAN_POINT('',(8.742347224893E-2,-1.712844733347E-2,
-3.174014565717E-2));
#7046=CARTESIAN_POINT('',(8.018611373936E-2,-1.571046757499E-2,
-3.597080639326E-2));
#7047=CARTESIAN_POINT('',(7.294875522980E-2,-1.429248781652E-2,
-4.020146712935E-2));
#7048=CARTESIAN_POINT('',(9.643363882610E-2,0.E0,-2.657596530952E-2));
#7049=CARTESIAN_POINT('',(8.906073906414E-2,0.E0,-3.080662604561E-2));
#7050=CARTESIAN_POINT('',(8.168783930218E-2,0.E0,-3.503728678170E-2));
#7051=CARTESIAN_POINT('',(7.431493954022E-2,0.E0,-3.926794751779E-2));
#7052=CARTESIAN_POINT('',(9.466083075849E-2,1.854642709194E-2,
-2.564244569796E-2));
#7053=CARTESIAN_POINT('',(8.742347224893E-2,1.712844733347E-2,
-2.987310643405E-2));
#7054=CARTESIAN_POINT('',(8.018611373936E-2,1.571046757499E-2,
-3.410376717014E-2));
#7055=CARTESIAN_POINT('',(7.294875522980E-2,1.429248781652E-2,
-3.833442790623E-2));
#7056=CARTESIAN_POINT('',(8.914305457514E-2,3.692426219639E-2,
-2.462284030952E-2));
#7057=CARTESIAN_POINT('',(8.232756141468E-2,3.410119249506E-2,
-2.885350104561E-2));
#7058=CARTESIAN_POINT('',(7.551206825422E-2,3.127812279374E-2,
-3.308416178170E-2));
#7059=CARTESIAN_POINT('',(6.869657509377E-2,2.845505309242E-2,
-3.731482251779E-2));
#7060=CARTESIAN_POINT('',(8.004961970557E-2,5.382101097859E-2,
-2.360323492108E-2));
#7061=CARTESIAN_POINT('',(7.392937132278E-2,4.970608880140E-2,
-2.783389565717E-2));
#7062=CARTESIAN_POINT('',(6.780912293999E-2,4.559116662421E-2,
-3.206455639326E-2));
#7063=CARTESIAN_POINT('',(6.168887455720E-2,4.147624444702E-2,
-3.629521712935E-2));
#7064=CARTESIAN_POINT('',(6.818887994843E-2,6.818887994843E-2,
-2.266971530952E-2));
#7065=CARTESIAN_POINT('',(6.297545252974E-2,6.297545252974E-2,
-2.690037604561E-2));
#7066=CARTESIAN_POINT('',(5.776202511105E-2,5.776202511105E-2,
-3.113103678170E-2));
#7067=CARTESIAN_POINT('',(5.254859769236E-2,5.254859769236E-2,
-3.536169751779E-2));
#7068=CARTESIAN_POINT('',(5.382101097859E-2,8.004961970557E-2,
-2.173619569796E-2));
#7069=CARTESIAN_POINT('',(4.970608880140E-2,7.392937132278E-2,
-2.596685643405E-2));
#7070=CARTESIAN_POINT('',(4.559116662421E-2,6.780912293999E-2,
-3.019751717014E-2));
#7071=CARTESIAN_POINT('',(4.147624444702E-2,6.168887455719E-2,
-3.442817790623E-2));
#7072=CARTESIAN_POINT('',(3.692426219639E-2,8.914305457514E-2,
-2.071659030952E-2));
#7073=CARTESIAN_POINT('',(3.410119249507E-2,8.232756141468E-2,
-2.494725104561E-2));
#7074=CARTESIAN_POINT('',(3.127812279374E-2,7.551206825422E-2,
-2.917791178170E-2));
#7075=CARTESIAN_POINT('',(2.845505309242E-2,6.869657509376E-2,
-3.340857251779E-2));
#7076=CARTESIAN_POINT('',(1.854642709194E-2,9.466083075849E-2,
-1.969698492108E-2));
#7077=CARTESIAN_POINT('',(1.712844733347E-2,8.742347224893E-2,
-2.392764565717E-2));
#7078=CARTESIAN_POINT('',(1.571046757499E-2,8.018611373936E-2,
-2.815830639326E-2));
#7079=CARTESIAN_POINT('',(1.429248781652E-2,7.294875522980E-2,
-3.238896712935E-2));
#7080=CARTESIAN_POINT('',(0.E0,9.643363882610E-2,-1.876346530952E-2));
#7081=CARTESIAN_POINT('',(0.E0,8.906073906414E-2,-2.299412604561E-2));
#7082=CARTESIAN_POINT('',(0.E0,8.168783930218E-2,-2.722478678170E-2));
#7083=CARTESIAN_POINT('',(0.E0,7.431493954022E-2,-3.145544751779E-2));
#7084=CARTESIAN_POINT('',(-1.854642709194E-2,9.466083075849E-2,
-1.782994569796E-2));
#7085=CARTESIAN_POINT('',(-1.712844733347E-2,8.742347224893E-2,
-2.206060643405E-2));
#7086=CARTESIAN_POINT('',(-1.571046757499E-2,8.018611373936E-2,
-2.629126717014E-2));
#7087=CARTESIAN_POINT('',(-1.429248781652E-2,7.294875522980E-2,
-3.052192790623E-2));
#7088=CARTESIAN_POINT('',(-3.692426219639E-2,8.914305457514E-2,
-1.681034030952E-2));
#7089=CARTESIAN_POINT('',(-3.410119249507E-2,8.232756141468E-2,
-2.104100104561E-2));
#7090=CARTESIAN_POINT('',(-3.127812279374E-2,7.551206825422E-2,
-2.527166178170E-2));
#7091=CARTESIAN_POINT('',(-2.845505309242E-2,6.869657509376E-2,
-2.950232251779E-2));
#7092=CARTESIAN_POINT('',(-5.382101097859E-2,8.004961970557E-2,
-1.579073492108E-2));
#7093=CARTESIAN_POINT('',(-4.970608880140E-2,7.392937132278E-2,
-2.002139565717E-2));
#7094=CARTESIAN_POINT('',(-4.559116662421E-2,6.780912293999E-2,
-2.425205639326E-2));
#7095=CARTESIAN_POINT('',(-4.147624444702E-2,6.168887455720E-2,
-2.848271712935E-2));
#7096=CARTESIAN_POINT('',(-6.818887994843E-2,6.818887994843E-2,
-1.485721530952E-2));
#7097=CARTESIAN_POINT('',(-6.297545252974E-2,6.297545252974E-2,
-1.908787604561E-2));
#7098=CARTESIAN_POINT('',(-5.776202511105E-2,5.776202511105E-2,
-2.331853678170E-2));
#7099=CARTESIAN_POINT('',(-5.254859769236E-2,5.254859769236E-2,
-2.754919751779E-2));
#7100=CARTESIAN_POINT('',(-8.004961970557E-2,5.382101097859E-2,
-1.392369569796E-2));
#7101=CARTESIAN_POINT('',(-7.392937132278E-2,4.970608880140E-2,
-1.815435643405E-2));
#7102=CARTESIAN_POINT('',(-6.780912293999E-2,4.559116662421E-2,
-2.238501717014E-2));
#7103=CARTESIAN_POINT('',(-6.168887455720E-2,4.147624444702E-2,
-2.661567790623E-2));
#7104=CARTESIAN_POINT('',(-8.914305457514E-2,3.692426219639E-2,
-1.290409030952E-2));
#7105=CARTESIAN_POINT('',(-8.232756141468E-2,3.410119249507E-2,
-1.713475104561E-2));
#7106=CARTESIAN_POINT('',(-7.551206825422E-2,3.127812279374E-2,
-2.136541178170E-2));
#7107=CARTESIAN_POINT('',(-6.869657509377E-2,2.845505309242E-2,
-2.559607251779E-2));
#7108=CARTESIAN_POINT('',(-9.466083075849E-2,1.854642709194E-2,
-1.188448492108E-2));
#7109=CARTESIAN_POINT('',(-8.742347224893E-2,1.712844733347E-2,
-1.611514565717E-2));
#7110=CARTESIAN_POINT('',(-8.018611373936E-2,1.571046757499E-2,
-2.034580639326E-2));
#7111=CARTESIAN_POINT('',(-7.294875522980E-2,1.429248781652E-2,
-2.457646712935E-2));
#7112=CARTESIAN_POINT('',(-9.643363882610E-2,0.E0,-1.095096530952E-2));
#7113=CARTESIAN_POINT('',(-8.906073906414E-2,0.E0,-1.518162604561E-2));
#7114=CARTESIAN_POINT('',(-8.168783930218E-2,0.E0,-1.941228678170E-2));
#7115=CARTESIAN_POINT('',(-7.431493954022E-2,0.E0,-2.364294751779E-2));
#7116=CARTESIAN_POINT('',(-9.466083075849E-2,-1.854642709194E-2,
-1.001744569796E-2));
#7117=CARTESIAN_POINT('',(-8.742347224893E-2,-1.712844733347E-2,
-1.424810643405E-2));
#7118=CARTESIAN_POINT('',(-8.018611373936E-2,-1.571046757499E-2,
-1.847876717014E-2));
#7119=CARTESIAN_POINT('',(-7.294875522980E-2,-1.429248781652E-2,
-2.270942790623E-2));
#7120=CARTESIAN_POINT('',(-8.914305457514E-2,-3.692426219639E-2,
-8.997840309517E-3));
#7121=CARTESIAN_POINT('',(-8.232756141468E-2,-3.410119249507E-2,
-1.322850104561E-2));
#7122=CARTESIAN_POINT('',(-7.551206825422E-2,-3.127812279374E-2,
-1.745916178170E-2));
#7123=CARTESIAN_POINT('',(-6.869657509376E-2,-2.845505309242E-2,
-2.168982251779E-2));
#7124=CARTESIAN_POINT('',(-8.004961970557E-2,-5.382101097859E-2,
-7.978234921078E-3));
#7125=CARTESIAN_POINT('',(-7.392937132278E-2,-4.970608880140E-2,
-1.220889565717E-2));
#7126=CARTESIAN_POINT('',(-6.780912293999E-2,-4.559116662421E-2,
-1.643955639326E-2));
#7127=CARTESIAN_POINT('',(-6.168887455720E-2,-4.147624444702E-2,
-2.067021712935E-2));
#7128=CARTESIAN_POINT('',(-6.818887994843E-2,-6.818887994843E-2,
-7.044715309517E-3));
#7129=CARTESIAN_POINT('',(-6.297545252974E-2,-6.297545252974E-2,
-1.127537604561E-2));
#7130=CARTESIAN_POINT('',(-5.776202511105E-2,-5.776202511105E-2,
-1.550603678170E-2));
#7131=CARTESIAN_POINT('',(-5.254859769236E-2,-5.254859769236E-2,
-1.973669751779E-2));
#7132=CARTESIAN_POINT('',(-5.382101097859E-2,-8.004961970557E-2,
-6.111195697956E-3));
#7133=CARTESIAN_POINT('',(-4.970608880140E-2,-7.392937132278E-2,
-1.034185643405E-2));
#7134=CARTESIAN_POINT('',(-4.559116662421E-2,-6.780912293999E-2,
-1.457251717014E-2));
#7135=CARTESIAN_POINT('',(-4.147624444702E-2,-6.168887455720E-2,
-1.880317790623E-2));
#7136=CARTESIAN_POINT('',(-3.692426219639E-2,-8.914305457514E-2,
-5.091590309517E-3));
#7137=CARTESIAN_POINT('',(-3.410119249507E-2,-8.232756141468E-2,
-9.322251045607E-3));
#7138=CARTESIAN_POINT('',(-3.127812279374E-2,-7.551206825422E-2,
-1.355291178170E-2));
#7139=CARTESIAN_POINT('',(-2.845505309242E-2,-6.869657509377E-2,
-1.778357251779E-2));
#7140=CARTESIAN_POINT('',(-1.854642709194E-2,-9.466083075849E-2,
-4.071984921078E-3));
#7141=CARTESIAN_POINT('',(-1.712844733347E-2,-8.742347224893E-2,
-8.302645657168E-3));
#7142=CARTESIAN_POINT('',(-1.571046757499E-2,-8.018611373936E-2,
-1.253330639326E-2));
#7143=CARTESIAN_POINT('',(-1.429248781652E-2,-7.294875522980E-2,
-1.676396712935E-2));
#7144=CARTESIAN_POINT('',(0.E0,-9.643363882610E-2,-3.138465309517E-3));
#7145=CARTESIAN_POINT('',(0.E0,-8.906073906414E-2,-7.369126045607E-3));
#7146=CARTESIAN_POINT('',(0.E0,-8.168783930218E-2,-1.159978678170E-2));
#7147=CARTESIAN_POINT('',(0.E0,-7.431493954022E-2,-1.583044751779E-2));
#7148=CARTESIAN_POINT('',(1.854642709194E-2,-9.466083075849E-2,
-2.204945697956E-3));
#7149=CARTESIAN_POINT('',(1.712844733347E-2,-8.742347224893E-2,
-6.435606434046E-3));
#7150=CARTESIAN_POINT('',(1.571046757499E-2,-8.018611373936E-2,
-1.066626717014E-2));
#7151=CARTESIAN_POINT('',(1.429248781652E-2,-7.294875522980E-2,
-1.489692790623E-2));
#7152=CARTESIAN_POINT('',(3.692426219639E-2,-8.914305457514E-2,
-1.185340309517E-3));
#7153=CARTESIAN_POINT('',(3.410119249507E-2,-8.232756141468E-2,
-5.416001045607E-3));
#7154=CARTESIAN_POINT('',(3.127812279374E-2,-7.551206825422E-2,
-9.646661781697E-3));
#7155=CARTESIAN_POINT('',(2.845505309242E-2,-6.869657509377E-2,
-1.387732251779E-2));
#7156=CARTESIAN_POINT('',(5.382101097859E-2,-8.004961970557E-2,
-1.657349210777E-4));
#7157=CARTESIAN_POINT('',(4.970608880140E-2,-7.392937132278E-2,
-4.396395657168E-3));
#7158=CARTESIAN_POINT('',(4.559116662421E-2,-6.780912293999E-2,
-8.627056393258E-3));
#7159=CARTESIAN_POINT('',(4.147624444702E-2,-6.168887455720E-2,
-1.285771712935E-2));
#7160=CARTESIAN_POINT('',(6.818887994843E-2,-6.818887994843E-2,
7.677846904830E-4));
#7161=CARTESIAN_POINT('',(6.297545252974E-2,-6.297545252974E-2,
-3.462876045607E-3));
#7162=CARTESIAN_POINT('',(5.776202511105E-2,-5.776202511105E-2,
-7.693536781697E-3));
#7163=CARTESIAN_POINT('',(5.254859769236E-2,-5.254859769236E-2,
-1.192419751779E-2));
#7164=CARTESIAN_POINT('',(8.004961970557E-2,-5.382101097859E-2,
1.701304302044E-3));
#7165=CARTESIAN_POINT('',(7.392937132278E-2,-4.970608880140E-2,
-2.529356434046E-3));
#7166=CARTESIAN_POINT('',(6.780912293999E-2,-4.559116662421E-2,
-6.760017170136E-3));
#7167=CARTESIAN_POINT('',(6.168887455720E-2,-4.147624444702E-2,
-1.099067790623E-2));
#7168=CARTESIAN_POINT('',(8.914305457514E-2,-3.692426219639E-2,
2.720909690483E-3));
#7169=CARTESIAN_POINT('',(8.232756141468E-2,-3.410119249507E-2,
-1.509751045607E-3));
#7170=CARTESIAN_POINT('',(7.551206825422E-2,-3.127812279374E-2,
-5.740411781697E-3));
#7171=CARTESIAN_POINT('',(6.869657509377E-2,-2.845505309242E-2,
-9.971072517787E-3));
#7172=CARTESIAN_POINT('',(9.466083075849E-2,-1.854642709194E-2,
3.740515078922E-3));
#7173=CARTESIAN_POINT('',(8.742347224893E-2,-1.712844733347E-2,
-4.901456571677E-4));
#7174=CARTESIAN_POINT('',(8.018611373936E-2,-1.571046757499E-2,
-4.720806393258E-3));
#7175=CARTESIAN_POINT('',(7.294875522980E-2,-1.429248781652E-2,
-8.951467129348E-3));
#7176=CARTESIAN_POINT('',(9.643363882610E-2,0.E0,4.674034690483E-3));
#7177=CARTESIAN_POINT('',(8.906073906414E-2,0.E0,4.433739543931E-4));
#7178=CARTESIAN_POINT('',(8.168783930218E-2,0.E0,-3.787286781697E-3));
#7179=CARTESIAN_POINT('',(7.431493954022E-2,0.E0,-8.017947517787E-3));
#7180=CARTESIAN_POINT('',(9.466083075849E-2,1.854642709194E-2,
5.607554302044E-3));
#7181=CARTESIAN_POINT('',(8.742347224893E-2,1.712844733347E-2,
1.376893565954E-3));
#7182=CARTESIAN_POINT('',(8.018611373936E-2,1.571046757499E-2,
-2.853767170136E-3));
#7183=CARTESIAN_POINT('',(7.294875522980E-2,1.429248781652E-2,
-7.084427906226E-3));
#7184=CARTESIAN_POINT('',(8.914305457514E-2,3.692426219639E-2,
6.627159690483E-3));
#7185=CARTESIAN_POINT('',(8.232756141468E-2,3.410119249506E-2,
2.396498954393E-3));
#7186=CARTESIAN_POINT('',(7.551206825422E-2,3.127812279374E-2,
-1.834161781697E-3));
#7187=CARTESIAN_POINT('',(6.869657509377E-2,2.845505309242E-2,
-6.064822517787E-3));
#7188=CARTESIAN_POINT('',(8.004961970557E-2,5.382101097859E-2,
7.646765078922E-3));
#7189=CARTESIAN_POINT('',(7.392937132278E-2,4.970608880140E-2,
3.416104342832E-3));
#7190=CARTESIAN_POINT('',(6.780912293999E-2,4.559116662421E-2,
-8.145563932576E-4));
#7191=CARTESIAN_POINT('',(6.168887455720E-2,4.147624444702E-2,
-5.045217129348E-3));
#7192=CARTESIAN_POINT('',(6.818887994843E-2,6.818887994843E-2,
8.580284690483E-3));
#7193=CARTESIAN_POINT('',(6.297545252974E-2,6.297545252974E-2,
4.349623954393E-3));
#7194=CARTESIAN_POINT('',(5.776202511105E-2,5.776202511105E-2,
1.189632183031E-4));
#7195=CARTESIAN_POINT('',(5.254859769236E-2,5.254859769236E-2,
-4.111697517787E-3));
#7196=CARTESIAN_POINT('',(5.382101097859E-2,8.004961970557E-2,
9.513804302044E-3));
#7197=CARTESIAN_POINT('',(4.970608880140E-2,7.392937132278E-2,
5.283143565954E-3));
#7198=CARTESIAN_POINT('',(4.559116662421E-2,6.780912293999E-2,
1.052482829864E-3));
#7199=CARTESIAN_POINT('',(4.147624444702E-2,6.168887455720E-2,
-3.178177906226E-3));
#7200=CARTESIAN_POINT('',(3.692426219639E-2,8.914305457514E-2,
1.053340969048E-2));
#7201=CARTESIAN_POINT('',(3.410119249507E-2,8.232756141468E-2,
6.302748954393E-3));
#7202=CARTESIAN_POINT('',(3.127812279374E-2,7.551206825422E-2,
2.072088218303E-3));
#7203=CARTESIAN_POINT('',(2.845505309242E-2,6.869657509377E-2,
-2.158572517787E-3));
#7204=CARTESIAN_POINT('',(1.854642709194E-2,9.466083075849E-2,
1.155301507892E-2));
#7205=CARTESIAN_POINT('',(1.712844733347E-2,8.742347224893E-2,
7.322354342832E-3));
#7206=CARTESIAN_POINT('',(1.571046757499E-2,8.018611373936E-2,
3.091693606742E-3));
#7207=CARTESIAN_POINT('',(1.429248781652E-2,7.294875522980E-2,
-1.138967129348E-3));
#7208=CARTESIAN_POINT('',(0.E0,9.643363882610E-2,1.248653469048E-2));
#7209=CARTESIAN_POINT('',(0.E0,8.906073906414E-2,8.255873954393E-3));
#7210=CARTESIAN_POINT('',(0.E0,8.168783930218E-2,4.025213218303E-3));
#7211=CARTESIAN_POINT('',(0.E0,7.431493954022E-2,-2.054475177868E-4));
#7212=CARTESIAN_POINT('',(-1.854642709194E-2,9.466083075849E-2,
1.342005430204E-2));
#7213=CARTESIAN_POINT('',(-1.712844733347E-2,8.742347224893E-2,
9.189393565954E-3));
#7214=CARTESIAN_POINT('',(-1.571046757499E-2,8.018611373936E-2,
4.958732829864E-3));
#7215=CARTESIAN_POINT('',(-1.429248781652E-2,7.294875522980E-2,
7.280720937740E-4));
#7216=CARTESIAN_POINT('',(-3.692426219639E-2,8.914305457514E-2,
1.443965969048E-2));
#7217=CARTESIAN_POINT('',(-3.410119249507E-2,8.232756141468E-2,
1.020899895439E-2));
#7218=CARTESIAN_POINT('',(-3.127812279374E-2,7.551206825422E-2,
5.978338218303E-3));
#7219=CARTESIAN_POINT('',(-2.845505309242E-2,6.869657509376E-2,
1.747677482213E-3));
#7220=CARTESIAN_POINT('',(-5.382101097859E-2,8.004961970557E-2,
1.545926507892E-2));
#7221=CARTESIAN_POINT('',(-4.970608880140E-2,7.392937132278E-2,
1.122860434283E-2));
#7222=CARTESIAN_POINT('',(-4.559116662421E-2,6.780912293999E-2,
6.997943606742E-3));
#7223=CARTESIAN_POINT('',(-4.147624444702E-2,6.168887455720E-2,
2.767282870652E-3));
#7224=CARTESIAN_POINT('',(-6.818887994843E-2,6.818887994843E-2,
1.639278469048E-2));
#7225=CARTESIAN_POINT('',(-6.297545252974E-2,6.297545252974E-2,
1.216212395439E-2));
#7226=CARTESIAN_POINT('',(-5.776202511105E-2,5.776202511105E-2,
7.931463218303E-3));
#7227=CARTESIAN_POINT('',(-5.254859769236E-2,5.254859769236E-2,
3.700802482213E-3));
#7228=CARTESIAN_POINT('',(-8.004961970557E-2,5.382101097859E-2,
1.732630430204E-2));
#7229=CARTESIAN_POINT('',(-7.392937132278E-2,4.970608880140E-2,
1.309564356595E-2));
#7230=CARTESIAN_POINT('',(-6.780912293999E-2,4.559116662421E-2,
8.864982829864E-3));
#7231=CARTESIAN_POINT('',(-6.168887455720E-2,4.147624444702E-2,
4.634322093774E-3));
#7232=CARTESIAN_POINT('',(-8.914305457514E-2,3.692426219639E-2,
1.834590969048E-2));
#7233=CARTESIAN_POINT('',(-8.232756141468E-2,3.410119249507E-2,
1.411524895439E-2));
#7234=CARTESIAN_POINT('',(-7.551206825422E-2,3.127812279374E-2,
9.884588218303E-3));
#7235=CARTESIAN_POINT('',(-6.869657509377E-2,2.845505309242E-2,
5.653927482213E-3));
#7236=CARTESIAN_POINT('',(-9.466083075849E-2,1.854642709194E-2,
1.936551507892E-2));
#7237=CARTESIAN_POINT('',(-8.742347224893E-2,1.712844733347E-2,
1.513485434283E-2));
#7238=CARTESIAN_POINT('',(-8.018611373936E-2,1.571046757499E-2,
1.090419360674E-2));
#7239=CARTESIAN_POINT('',(-7.294875522980E-2,1.429248781652E-2,
6.673532870652E-3));
#7240=CARTESIAN_POINT('',(-9.643363882610E-2,0.E0,2.029903469048E-2));
#7241=CARTESIAN_POINT('',(-8.906073906414E-2,0.E0,1.606837395439E-2));
#7242=CARTESIAN_POINT('',(-8.168783930218E-2,0.E0,1.183771321830E-2));
#7243=CARTESIAN_POINT('',(-7.431493954022E-2,0.E0,7.607052482213E-3));
#7244=CARTESIAN_POINT('',(-9.466083075849E-2,-1.854642709194E-2,
2.123255430204E-2));
#7245=CARTESIAN_POINT('',(-8.742347224893E-2,-1.712844733347E-2,
1.700189356595E-2));
#7246=CARTESIAN_POINT('',(-8.018611373936E-2,-1.571046757499E-2,
1.277123282986E-2));
#7247=CARTESIAN_POINT('',(-7.294875522980E-2,-1.429248781652E-2,
8.540572093774E-3));
#7248=CARTESIAN_POINT('',(-8.914305457514E-2,-3.692426219639E-2,
2.225215969048E-2));
#7249=CARTESIAN_POINT('',(-8.232756141468E-2,-3.410119249507E-2,
1.802149895439E-2));
#7250=CARTESIAN_POINT('',(-7.551206825422E-2,-3.127812279374E-2,
1.379083821830E-2));
#7251=CARTESIAN_POINT('',(-6.869657509376E-2,-2.845505309242E-2,
9.560177482213E-3));
#7252=CARTESIAN_POINT('',(-8.004961970557E-2,-5.382101097859E-2,
2.327176507892E-2));
#7253=CARTESIAN_POINT('',(-7.392937132278E-2,-4.970608880140E-2,
1.904110434283E-2));
#7254=CARTESIAN_POINT('',(-6.780912293999E-2,-4.559116662421E-2,
1.481044360674E-2));
#7255=CARTESIAN_POINT('',(-6.168887455720E-2,-4.147624444702E-2,
1.057978287065E-2));
#7256=CARTESIAN_POINT('',(-6.818887994843E-2,-6.818887994843E-2,
2.420528469048E-2));
#7257=CARTESIAN_POINT('',(-6.297545252974E-2,-6.297545252974E-2,
1.997462395439E-2));
#7258=CARTESIAN_POINT('',(-5.776202511105E-2,-5.776202511105E-2,
1.574396321830E-2));
#7259=CARTESIAN_POINT('',(-5.254859769236E-2,-5.254859769236E-2,
1.151330248221E-2));
#7260=CARTESIAN_POINT('',(-5.382101097859E-2,-8.004961970557E-2,
2.513880430204E-2));
#7261=CARTESIAN_POINT('',(-4.970608880140E-2,-7.392937132278E-2,
2.090814356595E-2));
#7262=CARTESIAN_POINT('',(-4.559116662421E-2,-6.780912293999E-2,
1.667748282986E-2));
#7263=CARTESIAN_POINT('',(-4.147624444702E-2,-6.168887455720E-2,
1.244682209377E-2));
#7264=CARTESIAN_POINT('',(-3.692426219639E-2,-8.914305457514E-2,
2.615840969048E-2));
#7265=CARTESIAN_POINT('',(-3.410119249507E-2,-8.232756141468E-2,
2.192774895439E-2));
#7266=CARTESIAN_POINT('',(-3.127812279374E-2,-7.551206825422E-2,
1.769708821830E-2));
#7267=CARTESIAN_POINT('',(-2.845505309242E-2,-6.869657509376E-2,
1.346642748221E-2));
#7268=CARTESIAN_POINT('',(-1.854642709194E-2,-9.466083075849E-2,
2.717801507892E-2));
#7269=CARTESIAN_POINT('',(-1.712844733347E-2,-8.742347224893E-2,
2.294735434283E-2));
#7270=CARTESIAN_POINT('',(-1.571046757499E-2,-8.018611373936E-2,
1.871669360674E-2));
#7271=CARTESIAN_POINT('',(-1.429248781652E-2,-7.294875522980E-2,
1.448603287065E-2));
#7272=CARTESIAN_POINT('',(0.E0,-9.643363882610E-2,2.811153469048E-2));
#7273=CARTESIAN_POINT('',(0.E0,-8.906073906414E-2,2.388087395439E-2));
#7274=CARTESIAN_POINT('',(0.E0,-8.168783930218E-2,1.965021321830E-2));
#7275=CARTESIAN_POINT('',(0.E0,-7.431493954022E-2,1.541955248221E-2));
#7276=CARTESIAN_POINT('',(1.854642709194E-2,-9.466083075849E-2,
2.904505430204E-2));
#7277=CARTESIAN_POINT('',(1.712844733347E-2,-8.742347224893E-2,
2.481439356595E-2));
#7278=CARTESIAN_POINT('',(1.571046757499E-2,-8.018611373936E-2,
2.058373282986E-2));
#7279=CARTESIAN_POINT('',(1.429248781652E-2,-7.294875522980E-2,
1.635307209377E-2));
#7280=CARTESIAN_POINT('',(3.692426219639E-2,-8.914305457514E-2,
3.006465969048E-2));
#7281=CARTESIAN_POINT('',(3.410119249507E-2,-8.232756141468E-2,
2.583399895439E-2));
#7282=CARTESIAN_POINT('',(3.127812279374E-2,-7.551206825422E-2,
2.160333821830E-2));
#7283=CARTESIAN_POINT('',(2.845505309242E-2,-6.869657509376E-2,
1.737267748221E-2));
#7284=CARTESIAN_POINT('',(5.382101097859E-2,-8.004961970557E-2,
3.108426507892E-2));
#7285=CARTESIAN_POINT('',(4.970608880140E-2,-7.392937132278E-2,
2.685360434283E-2));
#7286=CARTESIAN_POINT('',(4.559116662421E-2,-6.780912293999E-2,
2.262294360674E-2));
#7287=CARTESIAN_POINT('',(4.147624444702E-2,-6.168887455720E-2,
1.839228287065E-2));
#7288=CARTESIAN_POINT('',(6.818887994843E-2,-6.818887994843E-2,
3.201778469048E-2));
#7289=CARTESIAN_POINT('',(6.297545252974E-2,-6.297545252974E-2,
2.778712395439E-2));
#7290=CARTESIAN_POINT('',(5.776202511105E-2,-5.776202511105E-2,
2.355646321830E-2));
#7291=CARTESIAN_POINT('',(5.254859769236E-2,-5.254859769236E-2,
1.932580248221E-2));
#7292=CARTESIAN_POINT('',(8.004961970557E-2,-5.382101097859E-2,
3.295130430204E-2));
#7293=CARTESIAN_POINT('',(7.392937132278E-2,-4.970608880140E-2,
2.872064356595E-2));
#7294=CARTESIAN_POINT('',(6.780912293999E-2,-4.559116662421E-2,
2.448998282986E-2));
#7295=CARTESIAN_POINT('',(6.168887455720E-2,-4.147624444702E-2,
2.025932209377E-2));
#7296=CARTESIAN_POINT('',(8.914305457514E-2,-3.692426219639E-2,
3.397090969048E-2));
#7297=CARTESIAN_POINT('',(8.232756141468E-2,-3.410119249507E-2,
2.974024895439E-2));
#7298=CARTESIAN_POINT('',(7.551206825422E-2,-3.127812279374E-2,
2.550958821830E-2));
#7299=CARTESIAN_POINT('',(6.869657509376E-2,-2.845505309242E-2,
2.127892748221E-2));
#7300=CARTESIAN_POINT('',(9.466083075849E-2,-1.854642709194E-2,
3.499051507892E-2));
#7301=CARTESIAN_POINT('',(8.742347224893E-2,-1.712844733347E-2,
3.075985434283E-2));
#7302=CARTESIAN_POINT('',(8.018611373936E-2,-1.571046757499E-2,
2.652919360674E-2));
#7303=CARTESIAN_POINT('',(7.294875522980E-2,-1.429248781652E-2,
2.229853287065E-2));
#7304=CARTESIAN_POINT('',(9.643363882610E-2,0.E0,3.592403469048E-2));
#7305=CARTESIAN_POINT('',(8.906073906414E-2,0.E0,3.169337395439E-2));
#7306=CARTESIAN_POINT('',(8.168783930218E-2,0.E0,2.746271321830E-2));
#7307=CARTESIAN_POINT('',(7.431493954022E-2,0.E0,2.323205248221E-2));
#7308=CARTESIAN_POINT('',(9.466083075849E-2,1.854642709194E-2,
3.685755430204E-2));
#7309=CARTESIAN_POINT('',(8.742347224893E-2,1.712844733347E-2,
3.262689356595E-2));
#7310=CARTESIAN_POINT('',(8.018611373936E-2,1.571046757499E-2,
2.839623282986E-2));
#7311=CARTESIAN_POINT('',(7.294875522980E-2,1.429248781652E-2,
2.416557209377E-2));
#7312=CARTESIAN_POINT('',(8.914305457514E-2,3.692426219639E-2,
3.787715969048E-2));
#7313=CARTESIAN_POINT('',(8.232756141468E-2,3.410119249507E-2,
3.364649895439E-2));
#7314=CARTESIAN_POINT('',(7.551206825422E-2,3.127812279374E-2,
2.941583821830E-2));
#7315=CARTESIAN_POINT('',(6.869657509376E-2,2.845505309242E-2,
2.518517748221E-2));
#7316=CARTESIAN_POINT('',(8.004961970557E-2,5.382101097859E-2,
3.889676507892E-2));
#7317=CARTESIAN_POINT('',(7.392937132278E-2,4.970608880140E-2,
3.466610434283E-2));
#7318=CARTESIAN_POINT('',(6.780912293999E-2,4.559116662421E-2,
3.043544360674E-2));
#7319=CARTESIAN_POINT('',(6.168887455720E-2,4.147624444702E-2,
2.620478287065E-2));
#7320=CARTESIAN_POINT('',(6.818887994843E-2,6.818887994843E-2,
3.983028469048E-2));
#7321=CARTESIAN_POINT('',(6.297545252974E-2,6.297545252974E-2,
3.559962395439E-2));
#7322=CARTESIAN_POINT('',(5.776202511105E-2,5.776202511105E-2,
3.136896321830E-2));
#7323=CARTESIAN_POINT('',(5.254859769236E-2,5.254859769236E-2,
2.713830248221E-2));
#7324=CARTESIAN_POINT('',(5.382101097859E-2,8.004961970557E-2,
4.076380430204E-2));
#7325=CARTESIAN_POINT('',(4.970608880140E-2,7.392937132278E-2,
3.653314356595E-2));
#7326=CARTESIAN_POINT('',(4.559116662421E-2,6.780912293999E-2,
3.230248282986E-2));
#7327=CARTESIAN_POINT('',(4.147624444702E-2,6.168887455720E-2,
2.807182209377E-2));
#7328=CARTESIAN_POINT('',(3.692426219639E-2,8.914305457514E-2,
4.178340969048E-2));
#7329=CARTESIAN_POINT('',(3.410119249507E-2,8.232756141468E-2,
3.755274895439E-2));
#7330=CARTESIAN_POINT('',(3.127812279374E-2,7.551206825422E-2,
3.332208821830E-2));
#7331=CARTESIAN_POINT('',(2.845505309242E-2,6.869657509376E-2,
2.909142748221E-2));
#7332=CARTESIAN_POINT('',(1.854642709194E-2,9.466083075849E-2,
4.280301507892E-2));
#7333=CARTESIAN_POINT('',(1.712844733346E-2,8.742347224893E-2,
3.857235434283E-2));
#7334=CARTESIAN_POINT('',(1.571046757499E-2,8.018611373936E-2,
3.434169360674E-2));
#7335=CARTESIAN_POINT('',(1.429248781652E-2,7.294875522980E-2,
3.011103287065E-2));
#7336=CARTESIAN_POINT('',(0.E0,9.643363882610E-2,4.373653469048E-2));
#7337=CARTESIAN_POINT('',(0.E0,8.906073906414E-2,3.950587395439E-2));
#7338=CARTESIAN_POINT('',(0.E0,8.168783930218E-2,3.527521321830E-2));
#7339=CARTESIAN_POINT('',(0.E0,7.431493954022E-2,3.104455248221E-2));
#7340=CARTESIAN_POINT('',(-1.854642709194E-2,9.466083075849E-2,
4.467005430204E-2));
#7341=CARTESIAN_POINT('',(-1.712844733347E-2,8.742347224893E-2,
4.043939356595E-2));
#7342=CARTESIAN_POINT('',(-1.571046757499E-2,8.018611373936E-2,
3.620873282986E-2));
#7343=CARTESIAN_POINT('',(-1.429248781652E-2,7.294875522980E-2,
3.197807209377E-2));
#7344=CARTESIAN_POINT('',(-3.692426219639E-2,8.914305457514E-2,
4.568965969048E-2));
#7345=CARTESIAN_POINT('',(-3.410119249507E-2,8.232756141468E-2,
4.145899895439E-2));
#7346=CARTESIAN_POINT('',(-3.127812279374E-2,7.551206825422E-2,
3.722833821830E-2));
#7347=CARTESIAN_POINT('',(-2.845505309242E-2,6.869657509376E-2,
3.299767748221E-2));
#7348=CARTESIAN_POINT('',(-5.382101097859E-2,8.004961970557E-2,
4.670926507892E-2));
#7349=CARTESIAN_POINT('',(-4.970608880140E-2,7.392937132278E-2,
4.247860434283E-2));
#7350=CARTESIAN_POINT('',(-4.559116662421E-2,6.780912293999E-2,
3.824794360674E-2));
#7351=CARTESIAN_POINT('',(-4.147624444702E-2,6.168887455720E-2,
3.401728287065E-2));
#7352=CARTESIAN_POINT('',(-6.818887994843E-2,6.818887994843E-2,
4.764278469048E-2));
#7353=CARTESIAN_POINT('',(-6.297545252974E-2,6.297545252974E-2,
4.341212395439E-2));
#7354=CARTESIAN_POINT('',(-5.776202511105E-2,5.776202511105E-2,
3.918146321830E-2));
#7355=CARTESIAN_POINT('',(-5.254859769236E-2,5.254859769236E-2,
3.495080248221E-2));
#7356=CARTESIAN_POINT('',(-8.004961970557E-2,5.382101097859E-2,
4.857630430204E-2));
#7357=CARTESIAN_POINT('',(-7.392937132278E-2,4.970608880140E-2,
4.434564356595E-2));
#7358=CARTESIAN_POINT('',(-6.780912293999E-2,4.559116662421E-2,
4.011498282986E-2));
#7359=CARTESIAN_POINT('',(-6.168887455720E-2,4.147624444702E-2,
3.588432209377E-2));
#7360=CARTESIAN_POINT('',(-8.914305457514E-2,3.692426219639E-2,
4.959590969048E-2));
#7361=CARTESIAN_POINT('',(-8.232756141468E-2,3.410119249507E-2,
4.536524895439E-2));
#7362=CARTESIAN_POINT('',(-7.551206825422E-2,3.127812279374E-2,
4.113458821830E-2));
#7363=CARTESIAN_POINT('',(-6.869657509376E-2,2.845505309242E-2,
3.690392748221E-2));
#7364=CARTESIAN_POINT('',(-9.466083075849E-2,1.854642709194E-2,
5.061551507892E-2));
#7365=CARTESIAN_POINT('',(-8.742347224893E-2,1.712844733347E-2,
4.638485434283E-2));
#7366=CARTESIAN_POINT('',(-8.018611373936E-2,1.571046757499E-2,
4.215419360674E-2));
#7367=CARTESIAN_POINT('',(-7.294875522980E-2,1.429248781652E-2,
3.792353287065E-2));
#7368=CARTESIAN_POINT('',(-9.643363882610E-2,0.E0,5.154903469048E-2));
#7369=CARTESIAN_POINT('',(-8.906073906414E-2,0.E0,4.731837395439E-2));
#7370=CARTESIAN_POINT('',(-8.168783930218E-2,0.E0,4.308771321830E-2));
#7371=CARTESIAN_POINT('',(-7.431493954022E-2,0.E0,3.885705248221E-2));
#7372=CARTESIAN_POINT('',(-9.466083075849E-2,-1.854642709194E-2,
5.248255430204E-2));
#7373=CARTESIAN_POINT('',(-8.742347224893E-2,-1.712844733347E-2,
4.825189356595E-2));
#7374=CARTESIAN_POINT('',(-8.018611373936E-2,-1.571046757499E-2,
4.402123282986E-2));
#7375=CARTESIAN_POINT('',(-7.294875522980E-2,-1.429248781652E-2,
3.979057209377E-2));
#7376=CARTESIAN_POINT('',(-8.914305457514E-2,-3.692426219639E-2,
5.350215969048E-2));
#7377=CARTESIAN_POINT('',(-8.232756141468E-2,-3.410119249507E-2,
4.927149895439E-2));
#7378=CARTESIAN_POINT('',(-7.551206825422E-2,-3.127812279374E-2,
4.504083821830E-2));
#7379=CARTESIAN_POINT('',(-6.869657509376E-2,-2.845505309242E-2,
4.081017748221E-2));
#7380=CARTESIAN_POINT('',(-8.004961970557E-2,-5.382101097859E-2,
5.452176507892E-2));
#7381=CARTESIAN_POINT('',(-7.392937132278E-2,-4.970608880140E-2,
5.029110434283E-2));
#7382=CARTESIAN_POINT('',(-6.780912293999E-2,-4.559116662421E-2,
4.606044360674E-2));
#7383=CARTESIAN_POINT('',(-6.168887455720E-2,-4.147624444702E-2,
4.182978287065E-2));
#7384=CARTESIAN_POINT('',(-6.818887994843E-2,-6.818887994843E-2,
5.545528469048E-2));
#7385=CARTESIAN_POINT('',(-6.297545252974E-2,-6.297545252974E-2,
5.122462395439E-2));
#7386=CARTESIAN_POINT('',(-5.776202511105E-2,-5.776202511105E-2,
4.699396321830E-2));
#7387=CARTESIAN_POINT('',(-5.254859769236E-2,-5.254859769236E-2,
4.276330248221E-2));
#7388=CARTESIAN_POINT('',(-5.382101097859E-2,-8.004961970557E-2,
5.638880430204E-2));
#7389=CARTESIAN_POINT('',(-4.970608880140E-2,-7.392937132278E-2,
5.215814356595E-2));
#7390=CARTESIAN_POINT('',(-4.559116662421E-2,-6.780912293999E-2,
4.792748282986E-2));
#7391=CARTESIAN_POINT('',(-4.147624444702E-2,-6.168887455720E-2,
4.369682209377E-2));
#7392=CARTESIAN_POINT('',(-3.692426219639E-2,-8.914305457514E-2,
5.740840969048E-2));
#7393=CARTESIAN_POINT('',(-3.410119249506E-2,-8.232756141468E-2,
5.317774895439E-2));
#7394=CARTESIAN_POINT('',(-3.127812279374E-2,-7.551206825422E-2,
4.894708821830E-2));
#7395=CARTESIAN_POINT('',(-2.845505309242E-2,-6.869657509377E-2,
4.471642748221E-2));
#7396=CARTESIAN_POINT('',(-1.854642709194E-2,-9.466083075849E-2,
5.842801507892E-2));
#7397=CARTESIAN_POINT('',(-1.712844733347E-2,-8.742347224893E-2,
5.419735434283E-2));
#7398=CARTESIAN_POINT('',(-1.571046757499E-2,-8.018611373936E-2,
4.996669360674E-2));
#7399=CARTESIAN_POINT('',(-1.429248781652E-2,-7.294875522980E-2,
4.573603287065E-2));
#7400=CARTESIAN_POINT('',(0.E0,-9.643363882610E-2,5.936153469048E-2));
#7401=CARTESIAN_POINT('',(0.E0,-8.906073906414E-2,5.513087395439E-2));
#7402=CARTESIAN_POINT('',(0.E0,-8.168783930218E-2,5.090021321830E-2));
#7403=CARTESIAN_POINT('',(0.E0,-7.431493954022E-2,4.666955248221E-2));
#7404=CARTESIAN_POINT('',(1.854642709194E-2,-9.466083075849E-2,
6.029505430204E-2));
#7405=CARTESIAN_POINT('',(1.712844733347E-2,-8.742347224893E-2,
5.606439356595E-2));
#7406=CARTESIAN_POINT('',(1.571046757499E-2,-8.018611373936E-2,
5.183373282986E-2));
#7407=CARTESIAN_POINT('',(1.429248781652E-2,-7.294875522980E-2,
4.760307209377E-2));
#7408=CARTESIAN_POINT('',(3.692426219639E-2,-8.914305457514E-2,
6.131465969048E-2));
#7409=CARTESIAN_POINT('',(3.410119249507E-2,-8.232756141468E-2,
5.708399895439E-2));
#7410=CARTESIAN_POINT('',(3.127812279374E-2,-7.551206825422E-2,
5.285333821830E-2));
#7411=CARTESIAN_POINT('',(2.845505309242E-2,-6.869657509376E-2,
4.862267748221E-2));
#7412=CARTESIAN_POINT('',(5.382101097859E-2,-8.004961970557E-2,
6.233426507892E-2));
#7413=CARTESIAN_POINT('',(4.970608880140E-2,-7.392937132278E-2,
5.810360434283E-2));
#7414=CARTESIAN_POINT('',(4.559116662421E-2,-6.780912293999E-2,
5.387294360674E-2));
#7415=CARTESIAN_POINT('',(4.147624444702E-2,-6.168887455720E-2,
4.964228287065E-2));
#7416=CARTESIAN_POINT('',(6.818887994843E-2,-6.818887994843E-2,
6.326778469048E-2));
#7417=CARTESIAN_POINT('',(6.297545252974E-2,-6.297545252974E-2,
5.903712395439E-2));
#7418=CARTESIAN_POINT('',(5.776202511105E-2,-5.776202511105E-2,
5.480646321830E-2));
#7419=CARTESIAN_POINT('',(5.254859769236E-2,-5.254859769236E-2,
5.057580248221E-2));
#7420=CARTESIAN_POINT('',(8.004961970557E-2,-5.382101097859E-2,
6.420130430204E-2));
#7421=CARTESIAN_POINT('',(7.392937132278E-2,-4.970608880140E-2,
5.997064356595E-2));
#7422=CARTESIAN_POINT('',(6.780912293999E-2,-4.559116662421E-2,
5.573998282986E-2));
#7423=CARTESIAN_POINT('',(6.168887455720E-2,-4.147624444702E-2,
5.150932209377E-2));
#7424=CARTESIAN_POINT('',(8.914305457514E-2,-3.692426219639E-2,
6.522090969048E-2));
#7425=CARTESIAN_POINT('',(8.232756141468E-2,-3.410119249507E-2,
6.099024895439E-2));
#7426=CARTESIAN_POINT('',(7.551206825422E-2,-3.127812279374E-2,
5.675958821830E-2));
#7427=CARTESIAN_POINT('',(6.869657509376E-2,-2.845505309242E-2,
5.252892748221E-2));
#7428=CARTESIAN_POINT('',(9.466083075849E-2,-1.854642709194E-2,
6.624051507892E-2));
#7429=CARTESIAN_POINT('',(8.742347224893E-2,-1.712844733347E-2,
6.200985434283E-2));
#7430=CARTESIAN_POINT('',(8.018611373936E-2,-1.571046757499E-2,
5.777919360674E-2));
#7431=CARTESIAN_POINT('',(7.294875522980E-2,-1.429248781652E-2,
5.354853287065E-2));
#7432=CARTESIAN_POINT('',(9.643363882610E-2,0.E0,6.717403469048E-2));
#7433=CARTESIAN_POINT('',(8.906073906414E-2,0.E0,6.294337395439E-2));
#7434=CARTESIAN_POINT('',(8.168783930218E-2,0.E0,5.871271321830E-2));
#7435=CARTESIAN_POINT('',(7.431493954022E-2,0.E0,5.448205248221E-2));
#7436=CARTESIAN_POINT('',(9.466083075849E-2,1.854642709194E-2,
6.810755430204E-2));
#7437=CARTESIAN_POINT('',(8.742347224893E-2,1.712844733347E-2,
6.387689356595E-2));
#7438=CARTESIAN_POINT('',(8.018611373936E-2,1.571046757499E-2,
5.964623282986E-2));
#7439=CARTESIAN_POINT('',(7.294875522980E-2,1.429248781652E-2,
5.541557209377E-2));
#7440=CARTESIAN_POINT('',(8.914305457514E-2,3.692426219639E-2,
6.912715969048E-2));
#7441=CARTESIAN_POINT('',(8.232756141468E-2,3.410119249507E-2,
6.489649895439E-2));
#7442=CARTESIAN_POINT('',(7.551206825422E-2,3.127812279374E-2,
6.066583821830E-2));
#7443=CARTESIAN_POINT('',(6.869657509376E-2,2.845505309242E-2,
5.643517748221E-2));
#7444=CARTESIAN_POINT('',(8.004961970557E-2,5.382101097859E-2,
7.014676507892E-2));
#7445=CARTESIAN_POINT('',(7.392937132278E-2,4.970608880140E-2,
6.591610434283E-2));
#7446=CARTESIAN_POINT('',(6.780912293999E-2,4.559116662421E-2,
6.168544360674E-2));
#7447=CARTESIAN_POINT('',(6.168887455720E-2,4.147624444702E-2,
5.745478287065E-2));
#7448=CARTESIAN_POINT('',(6.818887994843E-2,6.818887994843E-2,
7.108028469048E-2));
#7449=CARTESIAN_POINT('',(6.297545252974E-2,6.297545252974E-2,
6.684962395439E-2));
#7450=CARTESIAN_POINT('',(5.776202511105E-2,5.776202511105E-2,
6.261896321830E-2));
#7451=CARTESIAN_POINT('',(5.254859769236E-2,5.254859769236E-2,
5.838830248221E-2));
#7452=CARTESIAN_POINT('',(5.382101097859E-2,8.004961970557E-2,
7.201380430204E-2));
#7453=CARTESIAN_POINT('',(4.970608880140E-2,7.392937132278E-2,
6.778314356595E-2));
#7454=CARTESIAN_POINT('',(4.559116662421E-2,6.780912293999E-2,
6.355248282986E-2));
#7455=CARTESIAN_POINT('',(4.147624444702E-2,6.168887455720E-2,
5.932182209377E-2));
#7456=CARTESIAN_POINT('',(3.692426219639E-2,8.914305457514E-2,
7.303340969048E-2));
#7457=CARTESIAN_POINT('',(3.410119249507E-2,8.232756141468E-2,
6.880274895439E-2));
#7458=CARTESIAN_POINT('',(3.127812279374E-2,7.551206825422E-2,
6.457208821830E-2));
#7459=CARTESIAN_POINT('',(2.845505309242E-2,6.869657509376E-2,
6.034142748221E-2));
#7460=CARTESIAN_POINT('',(1.854642709194E-2,9.466083075849E-2,
7.405301507892E-2));
#7461=CARTESIAN_POINT('',(1.712844733347E-2,8.742347224893E-2,
6.982235434283E-2));
#7462=CARTESIAN_POINT('',(1.571046757499E-2,8.018611373936E-2,
6.559169360674E-2));
#7463=CARTESIAN_POINT('',(1.429248781652E-2,7.294875522980E-2,
6.136103287065E-2));
#7464=CARTESIAN_POINT('',(0.E0,9.643363882610E-2,7.498653469048E-2));
#7465=CARTESIAN_POINT('',(0.E0,8.906073906414E-2,7.075587395439E-2));
#7466=CARTESIAN_POINT('',(0.E0,8.168783930218E-2,6.652521321830E-2));
#7467=CARTESIAN_POINT('',(0.E0,7.431493954022E-2,6.229455248221E-2));
#7468=CARTESIAN_POINT('',(-1.854642709194E-2,9.466083075849E-2,
7.592005430204E-2));
#7469=CARTESIAN_POINT('',(-1.712844733347E-2,8.742347224893E-2,
7.168939356595E-2));
#7470=CARTESIAN_POINT('',(-1.571046757499E-2,8.018611373936E-2,
6.745873282986E-2));
#7471=CARTESIAN_POINT('',(-1.429248781652E-2,7.294875522980E-2,
6.322807209377E-2));
#7472=CARTESIAN_POINT('',(-3.692426219639E-2,8.914305457514E-2,
7.693965969048E-2));
#7473=CARTESIAN_POINT('',(-3.410119249507E-2,8.232756141468E-2,
7.270899895439E-2));
#7474=CARTESIAN_POINT('',(-3.127812279374E-2,7.551206825422E-2,
6.847833821830E-2));
#7475=CARTESIAN_POINT('',(-2.845505309242E-2,6.869657509376E-2,
6.424767748221E-2));
#7476=CARTESIAN_POINT('',(-5.382101097859E-2,8.004961970557E-2,
7.795926507892E-2));
#7477=CARTESIAN_POINT('',(-4.970608880140E-2,7.392937132278E-2,
7.372860434283E-2));
#7478=CARTESIAN_POINT('',(-4.559116662421E-2,6.780912293999E-2,
6.949794360674E-2));
#7479=CARTESIAN_POINT('',(-4.147624444702E-2,6.168887455720E-2,
6.526728287065E-2));
#7480=CARTESIAN_POINT('',(-6.818887994843E-2,6.818887994843E-2,
7.889278469048E-2));
#7481=CARTESIAN_POINT('',(-6.297545252974E-2,6.297545252974E-2,
7.466212395439E-2));
#7482=CARTESIAN_POINT('',(-5.776202511105E-2,5.776202511105E-2,
7.043146321830E-2));
#7483=CARTESIAN_POINT('',(-5.254859769236E-2,5.254859769236E-2,
6.620080248221E-2));
#7484=CARTESIAN_POINT('',(-8.004961970557E-2,5.382101097859E-2,
7.982630430204E-2));
#7485=CARTESIAN_POINT('',(-7.392937132278E-2,4.970608880140E-2,
7.559564356595E-2));
#7486=CARTESIAN_POINT('',(-6.780912293999E-2,4.559116662421E-2,
7.136498282986E-2));
#7487=CARTESIAN_POINT('',(-6.168887455720E-2,4.147624444702E-2,
6.713432209377E-2));
#7488=CARTESIAN_POINT('',(-8.914305457514E-2,3.692426219639E-2,
8.084590969048E-2));
#7489=CARTESIAN_POINT('',(-8.232756141468E-2,3.410119249507E-2,
7.661524895439E-2));
#7490=CARTESIAN_POINT('',(-7.551206825422E-2,3.127812279374E-2,
7.238458821830E-2));
#7491=CARTESIAN_POINT('',(-6.869657509377E-2,2.845505309242E-2,
6.815392748221E-2));
#7492=CARTESIAN_POINT('',(-9.466083075849E-2,1.854642709194E-2,
8.186551507892E-2));
#7493=CARTESIAN_POINT('',(-8.742347224893E-2,1.712844733347E-2,
7.763485434283E-2));
#7494=CARTESIAN_POINT('',(-8.018611373936E-2,1.571046757499E-2,
7.340419360674E-2));
#7495=CARTESIAN_POINT('',(-7.294875522980E-2,1.429248781652E-2,
6.917353287065E-2));
#7496=CARTESIAN_POINT('',(-9.643363882610E-2,0.E0,8.279903469048E-2));
#7497=CARTESIAN_POINT('',(-8.906073906414E-2,0.E0,7.856837395439E-2));
#7498=CARTESIAN_POINT('',(-8.168783930218E-2,0.E0,7.433771321830E-2));
#7499=CARTESIAN_POINT('',(-7.431493954022E-2,0.E0,7.010705248221E-2));
#7500=CARTESIAN_POINT('',(-9.466083075849E-2,-1.854642709194E-2,
8.373255430204E-2));
#7501=CARTESIAN_POINT('',(-8.742347224893E-2,-1.712844733347E-2,
7.950189356595E-2));
#7502=CARTESIAN_POINT('',(-8.018611373936E-2,-1.571046757499E-2,
7.527123282986E-2));
#7503=CARTESIAN_POINT('',(-7.294875522980E-2,-1.429248781652E-2,
7.104057209377E-2));
#7504=CARTESIAN_POINT('',(-8.914305457514E-2,-3.692426219639E-2,
8.475215969048E-2));
#7505=CARTESIAN_POINT('',(-8.232756141468E-2,-3.410119249507E-2,
8.052149895439E-2));
#7506=CARTESIAN_POINT('',(-7.551206825422E-2,-3.127812279374E-2,
7.629083821830E-2));
#7507=CARTESIAN_POINT('',(-6.869657509376E-2,-2.845505309242E-2,
7.206017748221E-2));
#7508=CARTESIAN_POINT('',(-8.004961970557E-2,-5.382101097859E-2,
8.577176507892E-2));
#7509=CARTESIAN_POINT('',(-7.392937132278E-2,-4.970608880140E-2,
8.154110434283E-2));
#7510=CARTESIAN_POINT('',(-6.780912293999E-2,-4.559116662421E-2,
7.731044360674E-2));
#7511=CARTESIAN_POINT('',(-6.168887455720E-2,-4.147624444702E-2,
7.307978287065E-2));
#7512=CARTESIAN_POINT('',(-6.818887994843E-2,-6.818887994843E-2,
8.670528469048E-2));
#7513=CARTESIAN_POINT('',(-6.297545252974E-2,-6.297545252974E-2,
8.247462395439E-2));
#7514=CARTESIAN_POINT('',(-5.776202511105E-2,-5.776202511105E-2,
7.824396321830E-2));
#7515=CARTESIAN_POINT('',(-5.254859769236E-2,-5.254859769236E-2,
7.401330248221E-2));
#7516=CARTESIAN_POINT('',(-5.382101097859E-2,-8.004961970557E-2,
8.763880430204E-2));
#7517=CARTESIAN_POINT('',(-4.970608880140E-2,-7.392937132278E-2,
8.340814356595E-2));
#7518=CARTESIAN_POINT('',(-4.559116662421E-2,-6.780912293999E-2,
7.917748282986E-2));
#7519=CARTESIAN_POINT('',(-4.147624444702E-2,-6.168887455720E-2,
7.494682209377E-2));
#7520=CARTESIAN_POINT('',(-3.692426219639E-2,-8.914305457514E-2,
8.865840969048E-2));
#7521=CARTESIAN_POINT('',(-3.410119249506E-2,-8.232756141468E-2,
8.442774895439E-2));
#7522=CARTESIAN_POINT('',(-3.127812279374E-2,-7.551206825422E-2,
8.019708821830E-2));
#7523=CARTESIAN_POINT('',(-2.845505309242E-2,-6.869657509377E-2,
7.596642748221E-2));
#7524=CARTESIAN_POINT('',(-1.854642709194E-2,-9.466083075849E-2,
8.967801507892E-2));
#7525=CARTESIAN_POINT('',(-1.712844733347E-2,-8.742347224893E-2,
8.544735434283E-2));
#7526=CARTESIAN_POINT('',(-1.571046757499E-2,-8.018611373936E-2,
8.121669360674E-2));
#7527=CARTESIAN_POINT('',(-1.429248781652E-2,-7.294875522980E-2,
7.698603287065E-2));
#7528=CARTESIAN_POINT('',(0.E0,-9.643363882610E-2,9.061153469048E-2));
#7529=CARTESIAN_POINT('',(0.E0,-8.906073906414E-2,8.638087395439E-2));
#7530=CARTESIAN_POINT('',(0.E0,-8.168783930218E-2,8.215021321830E-2));
#7531=CARTESIAN_POINT('',(0.E0,-7.431493954022E-2,7.791955248221E-2));
#7532=CARTESIAN_POINT('',(1.854642709194E-2,-9.466083075849E-2,
9.154505430204E-2));
#7533=CARTESIAN_POINT('',(1.712844733347E-2,-8.742347224893E-2,
8.731439356595E-2));
#7534=CARTESIAN_POINT('',(1.571046757499E-2,-8.018611373936E-2,
8.308373282986E-2));
#7535=CARTESIAN_POINT('',(1.429248781652E-2,-7.294875522980E-2,
7.885307209377E-2));
#7536=CARTESIAN_POINT('',(3.692426219639E-2,-8.914305457514E-2,
9.256465969048E-2));
#7537=CARTESIAN_POINT('',(3.410119249507E-2,-8.232756141468E-2,
8.833399895439E-2));
#7538=CARTESIAN_POINT('',(3.127812279374E-2,-7.551206825422E-2,
8.410333821830E-2));
#7539=CARTESIAN_POINT('',(2.845505309242E-2,-6.869657509376E-2,
7.987267748221E-2));
#7540=CARTESIAN_POINT('',(5.382101097859E-2,-8.004961970557E-2,
9.358426507892E-2));
#7541=CARTESIAN_POINT('',(4.970608880140E-2,-7.392937132278E-2,
8.935360434283E-2));
#7542=CARTESIAN_POINT('',(4.559116662421E-2,-6.780912293999E-2,
8.512294360674E-2));
#7543=CARTESIAN_POINT('',(4.147624444702E-2,-6.168887455720E-2,
8.089228287065E-2));
#7544=CARTESIAN_POINT('',(6.818887994843E-2,-6.818887994843E-2,
9.451778469048E-2));
#7545=CARTESIAN_POINT('',(6.297545252974E-2,-6.297545252974E-2,
9.028712395439E-2));
#7546=CARTESIAN_POINT('',(5.776202511105E-2,-5.776202511105E-2,
8.605646321830E-2));
#7547=CARTESIAN_POINT('',(5.254859769236E-2,-5.254859769236E-2,
8.182580248221E-2));
#7548=CARTESIAN_POINT('',(8.004961970557E-2,-5.382101097859E-2,
9.545130430204E-2));
#7549=CARTESIAN_POINT('',(7.392937132278E-2,-4.970608880140E-2,
9.122064356595E-2));
#7550=CARTESIAN_POINT('',(6.780912293999E-2,-4.559116662421E-2,
8.698998282986E-2));
#7551=CARTESIAN_POINT('',(6.168887455720E-2,-4.147624444702E-2,
8.275932209377E-2));
#7552=CARTESIAN_POINT('',(8.914305457514E-2,-3.692426219639E-2,
9.647090969048E-2));
#7553=CARTESIAN_POINT('',(8.232756141468E-2,-3.410119249507E-2,
9.224024895439E-2));
#7554=CARTESIAN_POINT('',(7.551206825422E-2,-3.127812279374E-2,
8.800958821830E-2));
#7555=CARTESIAN_POINT('',(6.869657509376E-2,-2.845505309242E-2,
8.377892748221E-2));
#7556=CARTESIAN_POINT('',(9.466083075849E-2,-1.854642709194E-2,
9.749051507892E-2));
#7557=CARTESIAN_POINT('',(8.742347224893E-2,-1.712844733347E-2,
9.325985434283E-2));
#7558=CARTESIAN_POINT('',(8.018611373936E-2,-1.571046757499E-2,
8.902919360674E-2));
#7559=CARTESIAN_POINT('',(7.294875522980E-2,-1.429248781652E-2,
8.479853287065E-2));
#7560=CARTESIAN_POINT('',(9.643363882610E-2,0.E0,9.842403469048E-2));
#7561=CARTESIAN_POINT('',(8.906073906414E-2,0.E0,9.419337395439E-2));
#7562=CARTESIAN_POINT('',(8.168783930218E-2,0.E0,8.996271321830E-2));
#7563=CARTESIAN_POINT('',(7.431493954022E-2,0.E0,8.573205248221E-2));
#7564=CARTESIAN_POINT('',(9.466083075849E-2,1.854642709194E-2,
9.935755430204E-2));
#7565=CARTESIAN_POINT('',(8.742347224893E-2,1.712844733347E-2,
9.512689356595E-2));
#7566=CARTESIAN_POINT('',(8.018611373936E-2,1.571046757499E-2,
9.089623282986E-2));
#7567=CARTESIAN_POINT('',(7.294875522980E-2,1.429248781652E-2,
8.666557209377E-2));
#7568=CARTESIAN_POINT('',(8.914305457514E-2,3.692426219639E-2,
1.003771596905E-1));
#7569=CARTESIAN_POINT('',(8.232756141468E-2,3.410119249507E-2,
9.614649895439E-2));
#7570=CARTESIAN_POINT('',(7.551206825422E-2,3.127812279374E-2,
9.191583821830E-2));
#7571=CARTESIAN_POINT('',(6.869657509376E-2,2.845505309242E-2,
8.768517748221E-2));
#7572=CARTESIAN_POINT('',(8.004961970557E-2,5.382101097859E-2,
1.013967650789E-1));
#7573=CARTESIAN_POINT('',(7.392937132278E-2,4.970608880140E-2,
9.716610434283E-2));
#7574=CARTESIAN_POINT('',(6.780912293999E-2,4.559116662421E-2,
9.293544360674E-2));
#7575=CARTESIAN_POINT('',(6.168887455720E-2,4.147624444702E-2,
8.870478287065E-2));
#7576=CARTESIAN_POINT('',(6.818887994843E-2,6.818887994843E-2,
1.023302846905E-1));
#7577=CARTESIAN_POINT('',(6.297545252974E-2,6.297545252974E-2,
9.809962395439E-2));
#7578=CARTESIAN_POINT('',(5.776202511105E-2,5.776202511105E-2,
9.386896321830E-2));
#7579=CARTESIAN_POINT('',(5.254859769236E-2,5.254859769236E-2,
8.963830248221E-2));
#7580=CARTESIAN_POINT('',(5.382101097859E-2,8.004961970557E-2,
1.032638043020E-1));
#7581=CARTESIAN_POINT('',(4.970608880140E-2,7.392937132278E-2,
9.903314356595E-2));
#7582=CARTESIAN_POINT('',(4.559116662421E-2,6.780912293999E-2,
9.480248282986E-2));
#7583=CARTESIAN_POINT('',(4.147624444702E-2,6.168887455720E-2,
9.057182209377E-2));
#7584=CARTESIAN_POINT('',(3.692426219639E-2,8.914305457514E-2,
1.042834096905E-1));
#7585=CARTESIAN_POINT('',(3.410119249507E-2,8.232756141468E-2,
1.000527489544E-1));
#7586=CARTESIAN_POINT('',(3.127812279374E-2,7.551206825422E-2,
9.582208821830E-2));
#7587=CARTESIAN_POINT('',(2.845505309242E-2,6.869657509376E-2,
9.159142748221E-2));
#7588=CARTESIAN_POINT('',(1.854642709194E-2,9.466083075849E-2,
1.053030150789E-1));
#7589=CARTESIAN_POINT('',(1.712844733347E-2,8.742347224893E-2,
1.010723543428E-1));
#7590=CARTESIAN_POINT('',(1.571046757499E-2,8.018611373936E-2,
9.684169360674E-2));
#7591=CARTESIAN_POINT('',(1.429248781652E-2,7.294875522980E-2,
9.261103287065E-2));
#7592=CARTESIAN_POINT('',(0.E0,9.643363882610E-2,1.062365346905E-1));
#7593=CARTESIAN_POINT('',(0.E0,8.906073906414E-2,1.020058739544E-1));
#7594=CARTESIAN_POINT('',(0.E0,8.168783930218E-2,9.777521321830E-2));
#7595=CARTESIAN_POINT('',(0.E0,7.431493954022E-2,9.354455248221E-2));
#7596=CARTESIAN_POINT('',(-1.854642709194E-2,9.466083075849E-2,
1.071700543020E-1));
#7597=CARTESIAN_POINT('',(-1.712844733347E-2,8.742347224893E-2,
1.029393935660E-1));
#7598=CARTESIAN_POINT('',(-1.571046757499E-2,8.018611373936E-2,
9.870873282986E-2));
#7599=CARTESIAN_POINT('',(-1.429248781652E-2,7.294875522980E-2,
9.447807209377E-2));
#7600=CARTESIAN_POINT('',(-3.692426219639E-2,8.914305457514E-2,
1.081896596905E-1));
#7601=CARTESIAN_POINT('',(-3.410119249506E-2,8.232756141468E-2,
1.039589989544E-1));
#7602=CARTESIAN_POINT('',(-3.127812279374E-2,7.551206825422E-2,
9.972833821830E-2));
#7603=CARTESIAN_POINT('',(-2.845505309242E-2,6.869657509377E-2,
9.549767748221E-2));
#7604=CARTESIAN_POINT('',(-5.382101097859E-2,8.004961970557E-2,
1.092092650789E-1));
#7605=CARTESIAN_POINT('',(-4.970608880140E-2,7.392937132278E-2,
1.049786043428E-1));
#7606=CARTESIAN_POINT('',(-4.559116662421E-2,6.780912293999E-2,
1.007479436067E-1));
#7607=CARTESIAN_POINT('',(-4.147624444702E-2,6.168887455720E-2,
9.651728287065E-2));
#7608=CARTESIAN_POINT('',(-6.818887994843E-2,6.818887994843E-2,
1.101427846905E-1));
#7609=CARTESIAN_POINT('',(-6.297545252974E-2,6.297545252974E-2,
1.059121239544E-1));
#7610=CARTESIAN_POINT('',(-5.776202511105E-2,5.776202511105E-2,
1.016814632183E-1));
#7611=CARTESIAN_POINT('',(-5.254859769236E-2,5.254859769236E-2,
9.745080248221E-2));
#7612=CARTESIAN_POINT('',(-8.004961970557E-2,5.382101097859E-2,
1.110763043020E-1));
#7613=CARTESIAN_POINT('',(-7.392937132278E-2,4.970608880140E-2,
1.068456435660E-1));
#7614=CARTESIAN_POINT('',(-6.780912293999E-2,4.559116662421E-2,
1.026149828299E-1));
#7615=CARTESIAN_POINT('',(-6.168887455720E-2,4.147624444702E-2,
9.838432209377E-2));
#7616=CARTESIAN_POINT('',(-8.914305457514E-2,3.692426219639E-2,
1.120959096905E-1));
#7617=CARTESIAN_POINT('',(-8.232756141468E-2,3.410119249507E-2,
1.078652489544E-1));
#7618=CARTESIAN_POINT('',(-7.551206825422E-2,3.127812279374E-2,
1.036345882183E-1));
#7619=CARTESIAN_POINT('',(-6.869657509376E-2,2.845505309242E-2,
9.940392748221E-2));
#7620=CARTESIAN_POINT('',(-9.466083075849E-2,1.854642709194E-2,
1.131155150789E-1));
#7621=CARTESIAN_POINT('',(-8.742347224893E-2,1.712844733347E-2,
1.088848543428E-1));
#7622=CARTESIAN_POINT('',(-8.018611373936E-2,1.571046757499E-2,
1.046541936067E-1));
#7623=CARTESIAN_POINT('',(-7.294875522980E-2,1.429248781652E-2,
1.004235328707E-1));
#7624=CARTESIAN_POINT('',(-9.643363882610E-2,0.E0,1.140490346905E-1));
#7625=CARTESIAN_POINT('',(-8.906073906414E-2,0.E0,1.098183739544E-1));
#7626=CARTESIAN_POINT('',(-8.168783930218E-2,0.E0,1.055877132183E-1));
#7627=CARTESIAN_POINT('',(-7.431493954022E-2,0.E0,1.013570524822E-1));
#7628=CARTESIAN_POINT('',(-9.466083075849E-2,-1.854642709194E-2,
1.149825543020E-1));
#7629=CARTESIAN_POINT('',(-8.742347224893E-2,-1.712844733347E-2,
1.107518935660E-1));
#7630=CARTESIAN_POINT('',(-8.018611373936E-2,-1.571046757499E-2,
1.065212328299E-1));
#7631=CARTESIAN_POINT('',(-7.294875522980E-2,-1.429248781652E-2,
1.022905720938E-1));
#7632=CARTESIAN_POINT('',(-8.914305457514E-2,-3.692426219639E-2,
1.160021596905E-1));
#7633=CARTESIAN_POINT('',(-8.232756141468E-2,-3.410119249507E-2,
1.117714989544E-1));
#7634=CARTESIAN_POINT('',(-7.551206825422E-2,-3.127812279374E-2,
1.075408382183E-1));
#7635=CARTESIAN_POINT('',(-6.869657509377E-2,-2.845505309242E-2,
1.033101774822E-1));
#7636=CARTESIAN_POINT('',(-8.004961970557E-2,-5.382101097859E-2,
1.170217650789E-1));
#7637=CARTESIAN_POINT('',(-7.392937132278E-2,-4.970608880140E-2,
1.127911043428E-1));
#7638=CARTESIAN_POINT('',(-6.780912293999E-2,-4.559116662421E-2,
1.085604436067E-1));
#7639=CARTESIAN_POINT('',(-6.168887455720E-2,-4.147624444702E-2,
1.043297828707E-1));
#7640=CARTESIAN_POINT('',(-6.818887994843E-2,-6.818887994843E-2,
1.179552846905E-1));
#7641=CARTESIAN_POINT('',(-6.297545252974E-2,-6.297545252974E-2,
1.137246239544E-1));
#7642=CARTESIAN_POINT('',(-5.776202511105E-2,-5.776202511105E-2,
1.094939632183E-1));
#7643=CARTESIAN_POINT('',(-5.254859769236E-2,-5.254859769236E-2,
1.052633024822E-1));
#7644=CARTESIAN_POINT('',(-5.382101097859E-2,-8.004961970557E-2,
1.188888043020E-1));
#7645=CARTESIAN_POINT('',(-4.970608880140E-2,-7.392937132278E-2,
1.146581435660E-1));
#7646=CARTESIAN_POINT('',(-4.559116662421E-2,-6.780912293999E-2,
1.104274828299E-1));
#7647=CARTESIAN_POINT('',(-4.147624444702E-2,-6.168887455720E-2,
1.061968220938E-1));
#7648=CARTESIAN_POINT('',(-3.692426219639E-2,-8.914305457514E-2,
1.199084096905E-1));
#7649=CARTESIAN_POINT('',(-3.410119249507E-2,-8.232756141468E-2,
1.156777489544E-1));
#7650=CARTESIAN_POINT('',(-3.127812279374E-2,-7.551206825422E-2,
1.114470882183E-1));
#7651=CARTESIAN_POINT('',(-2.845505309242E-2,-6.869657509376E-2,
1.072164274822E-1));
#7652=CARTESIAN_POINT('',(-1.854642709194E-2,-9.466083075849E-2,
1.209280150789E-1));
#7653=CARTESIAN_POINT('',(-1.712844733347E-2,-8.742347224893E-2,
1.166973543428E-1));
#7654=CARTESIAN_POINT('',(-1.571046757499E-2,-8.018611373936E-2,
1.124666936067E-1));
#7655=CARTESIAN_POINT('',(-1.429248781652E-2,-7.294875522980E-2,
1.082360328707E-1));
#7656=CARTESIAN_POINT('',(0.E0,-9.643363882610E-2,1.218615346905E-1));
#7657=CARTESIAN_POINT('',(0.E0,-8.906073906414E-2,1.176308739544E-1));
#7658=CARTESIAN_POINT('',(0.E0,-8.168783930218E-2,1.134002132183E-1));
#7659=CARTESIAN_POINT('',(0.E0,-7.431493954022E-2,1.091695524822E-1));
#7660=CARTESIAN_POINT('',(1.854642709194E-2,-9.466083075849E-2,
1.227950543020E-1));
#7661=CARTESIAN_POINT('',(1.712844733347E-2,-8.742347224893E-2,
1.185643935660E-1));
#7662=CARTESIAN_POINT('',(1.571046757499E-2,-8.018611373936E-2,
1.143337328299E-1));
#7663=CARTESIAN_POINT('',(1.429248781652E-2,-7.294875522980E-2,
1.101030720938E-1));
#7664=CARTESIAN_POINT('',(3.692426219639E-2,-8.914305457514E-2,
1.238146596905E-1));
#7665=CARTESIAN_POINT('',(3.410119249507E-2,-8.232756141468E-2,
1.195839989544E-1));
#7666=CARTESIAN_POINT('',(3.127812279374E-2,-7.551206825422E-2,
1.153533382183E-1));
#7667=CARTESIAN_POINT('',(2.845505309242E-2,-6.869657509376E-2,
1.111226774822E-1));
#7668=CARTESIAN_POINT('',(5.382101097859E-2,-8.004961970557E-2,
1.248342650789E-1));
#7669=CARTESIAN_POINT('',(4.970608880140E-2,-7.392937132278E-2,
1.206036043428E-1));
#7670=CARTESIAN_POINT('',(4.559116662421E-2,-6.780912293999E-2,
1.163729436067E-1));
#7671=CARTESIAN_POINT('',(4.147624444702E-2,-6.168887455720E-2,
1.121422828707E-1));
#7672=CARTESIAN_POINT('',(6.818887994843E-2,-6.818887994843E-2,
1.257677846905E-1));
#7673=CARTESIAN_POINT('',(6.297545252974E-2,-6.297545252974E-2,
1.215371239544E-1));
#7674=CARTESIAN_POINT('',(5.776202511105E-2,-5.776202511105E-2,
1.173064632183E-1));
#7675=CARTESIAN_POINT('',(5.254859769236E-2,-5.254859769236E-2,
1.130758024822E-1));
#7676=CARTESIAN_POINT('',(8.004961970557E-2,-5.382101097859E-2,
1.267013043020E-1));
#7677=CARTESIAN_POINT('',(7.392937132278E-2,-4.970608880140E-2,
1.224706435660E-1));
#7678=CARTESIAN_POINT('',(6.780912293999E-2,-4.559116662421E-2,
1.182399828299E-1));
#7679=CARTESIAN_POINT('',(6.168887455720E-2,-4.147624444702E-2,
1.140093220938E-1));
#7680=CARTESIAN_POINT('',(8.914305457514E-2,-3.692426219639E-2,
1.277209096905E-1));
#7681=CARTESIAN_POINT('',(8.232756141468E-2,-3.410119249507E-2,
1.234902489544E-1));
#7682=CARTESIAN_POINT('',(7.551206825422E-2,-3.127812279374E-2,
1.192595882183E-1));
#7683=CARTESIAN_POINT('',(6.869657509376E-2,-2.845505309242E-2,
1.150289274822E-1));
#7684=CARTESIAN_POINT('',(9.466083075849E-2,-1.854642709194E-2,
1.287405150789E-1));
#7685=CARTESIAN_POINT('',(8.742347224893E-2,-1.712844733347E-2,
1.245098543428E-1));
#7686=CARTESIAN_POINT('',(8.018611373936E-2,-1.571046757499E-2,
1.202791936067E-1));
#7687=CARTESIAN_POINT('',(7.294875522980E-2,-1.429248781652E-2,
1.160485328707E-1));
#7688=CARTESIAN_POINT('',(9.643363882610E-2,0.E0,1.296740346905E-1));
#7689=CARTESIAN_POINT('',(8.906073906414E-2,0.E0,1.254433739544E-1));
#7690=CARTESIAN_POINT('',(8.168783930218E-2,0.E0,1.212127132183E-1));
#7691=CARTESIAN_POINT('',(7.431493954022E-2,0.E0,1.169820524822E-1));
#7692=CARTESIAN_POINT('',(9.466083075849E-2,1.854642709194E-2,
1.306075543020E-1));
#7693=CARTESIAN_POINT('',(8.742347224893E-2,1.712844733347E-2,
1.263768935660E-1));
#7694=CARTESIAN_POINT('',(8.018611373936E-2,1.571046757499E-2,
1.221462328299E-1));
#7695=CARTESIAN_POINT('',(7.294875522980E-2,1.429248781652E-2,
1.179155720938E-1));
#7696=CARTESIAN_POINT('',(8.914305457514E-2,3.692426219639E-2,
1.316271596905E-1));
#7697=CARTESIAN_POINT('',(8.232756141468E-2,3.410119249506E-2,
1.273964989544E-1));
#7698=CARTESIAN_POINT('',(7.551206825422E-2,3.127812279374E-2,
1.231658382183E-1));
#7699=CARTESIAN_POINT('',(6.869657509377E-2,2.845505309242E-2,
1.189351774822E-1));
#7700=CARTESIAN_POINT('',(8.004961970557E-2,5.382101097859E-2,
1.326467650789E-1));
#7701=CARTESIAN_POINT('',(7.392937132278E-2,4.970608880140E-2,
1.284161043428E-1));
#7702=CARTESIAN_POINT('',(6.780912293999E-2,4.559116662421E-2,
1.241854436067E-1));
#7703=CARTESIAN_POINT('',(6.168887455720E-2,4.147624444702E-2,
1.199547828707E-1));
#7704=CARTESIAN_POINT('',(6.818887994843E-2,6.818887994843E-2,
1.335802846905E-1));
#7705=CARTESIAN_POINT('',(6.297545252974E-2,6.297545252974E-2,
1.293496239544E-1));
#7706=CARTESIAN_POINT('',(5.776202511105E-2,5.776202511105E-2,
1.251189632183E-1));
#7707=CARTESIAN_POINT('',(5.254859769236E-2,5.254859769236E-2,
1.208883024822E-1));
#7708=CARTESIAN_POINT('',(5.382101097859E-2,8.004961970557E-2,
1.345138043020E-1));
#7709=CARTESIAN_POINT('',(4.970608880140E-2,7.392937132278E-2,
1.302831435660E-1));
#7710=CARTESIAN_POINT('',(4.559116662421E-2,6.780912293999E-2,
1.260524828299E-1));
#7711=CARTESIAN_POINT('',(4.147624444702E-2,6.168887455720E-2,
1.218218220938E-1));
#7712=CARTESIAN_POINT('',(3.692426219639E-2,8.914305457514E-2,
1.355334096905E-1));
#7713=CARTESIAN_POINT('',(3.410119249507E-2,8.232756141468E-2,
1.313027489544E-1));
#7714=CARTESIAN_POINT('',(3.127812279374E-2,7.551206825422E-2,
1.270720882183E-1));
#7715=CARTESIAN_POINT('',(2.845505309242E-2,6.869657509376E-2,
1.228414274822E-1));
#7716=CARTESIAN_POINT('',(1.854642709194E-2,9.466083075849E-2,
1.365530150789E-1));
#7717=CARTESIAN_POINT('',(1.712844733347E-2,8.742347224893E-2,
1.323223543428E-1));
#7718=CARTESIAN_POINT('',(1.571046757499E-2,8.018611373936E-2,
1.280916936067E-1));
#7719=CARTESIAN_POINT('',(1.429248781652E-2,7.294875522980E-2,
1.238610328707E-1));
#7720=CARTESIAN_POINT('',(0.E0,9.643363882610E-2,1.374865346905E-1));
#7721=CARTESIAN_POINT('',(0.E0,8.906073906414E-2,1.332558739544E-1));
#7722=CARTESIAN_POINT('',(0.E0,8.168783930218E-2,1.290252132183E-1));
#7723=CARTESIAN_POINT('',(0.E0,7.431493954022E-2,1.247945524822E-1));
#7724=CARTESIAN_POINT('',(-1.854642709194E-2,9.466083075849E-2,
1.384200543020E-1));
#7725=CARTESIAN_POINT('',(-1.712844733347E-2,8.742347224893E-2,
1.341893935660E-1));
#7726=CARTESIAN_POINT('',(-1.571046757499E-2,8.018611373936E-2,
1.299587328299E-1));
#7727=CARTESIAN_POINT('',(-1.429248781652E-2,7.294875522980E-2,
1.257280720938E-1));
#7728=CARTESIAN_POINT('',(-3.692426219639E-2,8.914305457514E-2,
1.394396596905E-1));
#7729=CARTESIAN_POINT('',(-3.410119249507E-2,8.232756141468E-2,
1.352089989544E-1));
#7730=CARTESIAN_POINT('',(-3.127812279374E-2,7.551206825422E-2,
1.309783382183E-1));
#7731=CARTESIAN_POINT('',(-2.845505309242E-2,6.869657509376E-2,
1.267476774822E-1));
#7732=CARTESIAN_POINT('',(-5.382101097859E-2,8.004961970557E-2,
1.404592650789E-1));
#7733=CARTESIAN_POINT('',(-4.970608880140E-2,7.392937132278E-2,
1.362286043428E-1));
#7734=CARTESIAN_POINT('',(-4.559116662421E-2,6.780912293999E-2,
1.319979436067E-1));
#7735=CARTESIAN_POINT('',(-4.147624444702E-2,6.168887455720E-2,
1.277672828707E-1));
#7736=CARTESIAN_POINT('',(-6.818887994843E-2,6.818887994843E-2,
1.413927846905E-1));
#7737=CARTESIAN_POINT('',(-6.297545252974E-2,6.297545252974E-2,
1.371621239544E-1));
#7738=CARTESIAN_POINT('',(-5.776202511105E-2,5.776202511105E-2,
1.329314632183E-1));
#7739=CARTESIAN_POINT('',(-5.254859769236E-2,5.254859769236E-2,
1.287008024822E-1));
#7740=CARTESIAN_POINT('',(-8.004961970557E-2,5.382101097859E-2,
1.423263043020E-1));
#7741=CARTESIAN_POINT('',(-7.392937132278E-2,4.970608880140E-2,
1.380956435660E-1));
#7742=CARTESIAN_POINT('',(-6.780912293999E-2,4.559116662421E-2,
1.338649828299E-1));
#7743=CARTESIAN_POINT('',(-6.168887455720E-2,4.147624444702E-2,
1.296343220938E-1));
#7744=CARTESIAN_POINT('',(-8.914305457514E-2,3.692426219639E-2,
1.433459096905E-1));
#7745=CARTESIAN_POINT('',(-8.232756141468E-2,3.410119249507E-2,
1.391152489544E-1));
#7746=CARTESIAN_POINT('',(-7.551206825422E-2,3.127812279374E-2,
1.348845882183E-1));
#7747=CARTESIAN_POINT('',(-6.869657509376E-2,2.845505309242E-2,
1.306539274822E-1));
#7748=CARTESIAN_POINT('',(-9.466083075849E-2,1.854642709194E-2,
1.443655150789E-1));
#7749=CARTESIAN_POINT('',(-8.742347224893E-2,1.712844733347E-2,
1.401348543428E-1));
#7750=CARTESIAN_POINT('',(-8.018611373936E-2,1.571046757499E-2,
1.359041936067E-1));
#7751=CARTESIAN_POINT('',(-7.294875522980E-2,1.429248781652E-2,
1.316735328707E-1));
#7752=CARTESIAN_POINT('',(-9.643363882610E-2,0.E0,1.452990346905E-1));
#7753=CARTESIAN_POINT('',(-8.906073906414E-2,0.E0,1.410683739544E-1));
#7754=CARTESIAN_POINT('',(-8.168783930218E-2,0.E0,1.368377132183E-1));
#7755=CARTESIAN_POINT('',(-7.431493954022E-2,0.E0,1.326070524822E-1));
#7756=CARTESIAN_POINT('',(-9.466083075849E-2,-1.854642709194E-2,
1.462325543020E-1));
#7757=CARTESIAN_POINT('',(-8.742347224893E-2,-1.712844733347E-2,
1.420018935660E-1));
#7758=CARTESIAN_POINT('',(-8.018611373936E-2,-1.571046757499E-2,
1.377712328299E-1));
#7759=CARTESIAN_POINT('',(-7.294875522980E-2,-1.429248781652E-2,
1.335405720938E-1));
#7760=CARTESIAN_POINT('',(-8.914305457514E-2,-3.692426219639E-2,
1.472521596905E-1));
#7761=CARTESIAN_POINT('',(-8.232756141468E-2,-3.410119249507E-2,
1.430214989544E-1));
#7762=CARTESIAN_POINT('',(-7.551206825422E-2,-3.127812279374E-2,
1.387908382183E-1));
#7763=CARTESIAN_POINT('',(-6.869657509376E-2,-2.845505309242E-2,
1.345601774822E-1));
#7764=CARTESIAN_POINT('',(-8.004961970557E-2,-5.382101097859E-2,
1.482717650789E-1));
#7765=CARTESIAN_POINT('',(-7.392937132278E-2,-4.970608880140E-2,
1.440411043428E-1));
#7766=CARTESIAN_POINT('',(-6.780912293999E-2,-4.559116662421E-2,
1.398104436067E-1));
#7767=CARTESIAN_POINT('',(-6.168887455720E-2,-4.147624444702E-2,
1.355797828707E-1));
#7768=CARTESIAN_POINT('',(-6.818887994843E-2,-6.818887994843E-2,
1.492052846905E-1));
#7769=CARTESIAN_POINT('',(-6.297545252974E-2,-6.297545252974E-2,
1.449746239544E-1));
#7770=CARTESIAN_POINT('',(-5.776202511105E-2,-5.776202511105E-2,
1.407439632183E-1));
#7771=CARTESIAN_POINT('',(-5.254859769236E-2,-5.254859769236E-2,
1.365133024822E-1));
#7772=CARTESIAN_POINT('',(-5.382101097859E-2,-8.004961970557E-2,
1.501388043020E-1));
#7773=CARTESIAN_POINT('',(-4.970608880140E-2,-7.392937132278E-2,
1.459081435660E-1));
#7774=CARTESIAN_POINT('',(-4.559116662421E-2,-6.780912293999E-2,
1.416774828299E-1));
#7775=CARTESIAN_POINT('',(-4.147624444702E-2,-6.168887455720E-2,
1.374468220938E-1));
#7776=CARTESIAN_POINT('',(-3.692426219639E-2,-8.914305457514E-2,
1.511584096905E-1));
#7777=CARTESIAN_POINT('',(-3.410119249507E-2,-8.232756141468E-2,
1.469277489544E-1));
#7778=CARTESIAN_POINT('',(-3.127812279374E-2,-7.551206825422E-2,
1.426970882183E-1));
#7779=CARTESIAN_POINT('',(-2.845505309242E-2,-6.869657509376E-2,
1.384664274822E-1));
#7780=CARTESIAN_POINT('',(-1.854642709194E-2,-9.466083075849E-2,
1.521780150789E-1));
#7781=CARTESIAN_POINT('',(-1.712844733347E-2,-8.742347224893E-2,
1.479473543428E-1));
#7782=CARTESIAN_POINT('',(-1.571046757499E-2,-8.018611373936E-2,
1.437166936067E-1));
#7783=CARTESIAN_POINT('',(-1.429248781652E-2,-7.294875522980E-2,
1.394860328707E-1));
#7784=CARTESIAN_POINT('',(0.E0,-9.643363882610E-2,1.531115346905E-1));
#7785=CARTESIAN_POINT('',(0.E0,-8.906073906414E-2,1.488808739544E-1));
#7786=CARTESIAN_POINT('',(0.E0,-8.168783930218E-2,1.446502132183E-1));
#7787=CARTESIAN_POINT('',(0.E0,-7.431493954022E-2,1.404195524822E-1));
#7788=CARTESIAN_POINT('',(1.854642709194E-2,-9.466083075849E-2,
1.540450543020E-1));
#7789=CARTESIAN_POINT('',(1.712844733347E-2,-8.742347224893E-2,
1.498143935660E-1));
#7790=CARTESIAN_POINT('',(1.571046757499E-2,-8.018611373936E-2,
1.455837328299E-1));
#7791=CARTESIAN_POINT('',(1.429248781652E-2,-7.294875522980E-2,
1.413530720938E-1));
#7792=CARTESIAN_POINT('',(3.692426219639E-2,-8.914305457514E-2,
1.550646596905E-1));
#7793=CARTESIAN_POINT('',(3.410119249507E-2,-8.232756141468E-2,
1.508339989544E-1));
#7794=CARTESIAN_POINT('',(3.127812279374E-2,-7.551206825422E-2,
1.466033382183E-1));
#7795=CARTESIAN_POINT('',(2.845505309242E-2,-6.869657509376E-2,
1.423726774822E-1));
#7796=CARTESIAN_POINT('',(5.382101097859E-2,-8.004961970557E-2,
1.560842650789E-1));
#7797=CARTESIAN_POINT('',(4.970608880140E-2,-7.392937132278E-2,
1.518536043428E-1));
#7798=CARTESIAN_POINT('',(4.559116662421E-2,-6.780912293999E-2,
1.476229436067E-1));
#7799=CARTESIAN_POINT('',(4.147624444702E-2,-6.168887455720E-2,
1.433922828707E-1));
#7800=CARTESIAN_POINT('',(6.818887994843E-2,-6.818887994843E-2,
1.570177846905E-1));
#7801=CARTESIAN_POINT('',(6.297545252974E-2,-6.297545252974E-2,
1.527871239544E-1));
#7802=CARTESIAN_POINT('',(5.776202511105E-2,-5.776202511105E-2,
1.485564632183E-1));
#7803=CARTESIAN_POINT('',(5.254859769236E-2,-5.254859769236E-2,
1.443258024822E-1));
#7804=CARTESIAN_POINT('',(8.004961970557E-2,-5.382101097859E-2,
1.579513043020E-1));
#7805=CARTESIAN_POINT('',(7.392937132278E-2,-4.970608880140E-2,
1.537206435660E-1));
#7806=CARTESIAN_POINT('',(6.780912293999E-2,-4.559116662421E-2,
1.494899828299E-1));
#7807=CARTESIAN_POINT('',(6.168887455720E-2,-4.147624444702E-2,
1.452593220938E-1));
#7808=CARTESIAN_POINT('',(8.914305457514E-2,-3.692426219639E-2,
1.589709096905E-1));
#7809=CARTESIAN_POINT('',(8.232756141468E-2,-3.410119249507E-2,
1.547402489544E-1));
#7810=CARTESIAN_POINT('',(7.551206825422E-2,-3.127812279374E-2,
1.505095882183E-1));
#7811=CARTESIAN_POINT('',(6.869657509376E-2,-2.845505309242E-2,
1.462789274822E-1));
#7812=CARTESIAN_POINT('',(9.466083075849E-2,-1.854642709194E-2,
1.599905150789E-1));
#7813=CARTESIAN_POINT('',(8.742347224893E-2,-1.712844733347E-2,
1.557598543428E-1));
#7814=CARTESIAN_POINT('',(8.018611373936E-2,-1.571046757499E-2,
1.515291936067E-1));
#7815=CARTESIAN_POINT('',(7.294875522980E-2,-1.429248781652E-2,
1.472985328707E-1));
#7816=CARTESIAN_POINT('',(9.643363882610E-2,0.E0,1.609240346905E-1));
#7817=CARTESIAN_POINT('',(8.906073906414E-2,0.E0,1.566933739544E-1));
#7818=CARTESIAN_POINT('',(8.168783930218E-2,0.E0,1.524627132183E-1));
#7819=CARTESIAN_POINT('',(7.431493954022E-2,0.E0,1.482320524822E-1));
#7820=CARTESIAN_POINT('',(9.466083075849E-2,1.854642709194E-2,
1.618575543020E-1));
#7821=CARTESIAN_POINT('',(8.742347224893E-2,1.712844733347E-2,
1.576268935660E-1));
#7822=CARTESIAN_POINT('',(8.018611373936E-2,1.571046757499E-2,
1.533962328299E-1));
#7823=CARTESIAN_POINT('',(7.294875522980E-2,1.429248781652E-2,
1.491655720938E-1));
#7824=CARTESIAN_POINT('',(8.914305457514E-2,3.692426219639E-2,
1.628771596905E-1));
#7825=CARTESIAN_POINT('',(8.232756141468E-2,3.410119249507E-2,
1.586464989544E-1));
#7826=CARTESIAN_POINT('',(7.551206825422E-2,3.127812279374E-2,
1.544158382183E-1));
#7827=CARTESIAN_POINT('',(6.869657509376E-2,2.845505309242E-2,
1.501851774822E-1));
#7828=CARTESIAN_POINT('',(8.004961970557E-2,5.382101097859E-2,
1.638967650789E-1));
#7829=CARTESIAN_POINT('',(7.392937132278E-2,4.970608880140E-2,
1.596661043428E-1));
#7830=CARTESIAN_POINT('',(6.780912293999E-2,4.559116662421E-2,
1.554354436067E-1));
#7831=CARTESIAN_POINT('',(6.168887455720E-2,4.147624444702E-2,
1.512047828707E-1));
#7832=CARTESIAN_POINT('',(6.818887994843E-2,6.818887994843E-2,
1.648302846905E-1));
#7833=CARTESIAN_POINT('',(6.297545252974E-2,6.297545252974E-2,
1.605996239544E-1));
#7834=CARTESIAN_POINT('',(5.776202511105E-2,5.776202511105E-2,
1.563689632183E-1));
#7835=CARTESIAN_POINT('',(5.254859769236E-2,5.254859769235E-2,
1.521383024822E-1));
#7836=CARTESIAN_POINT('',(5.382101097859E-2,8.004961970557E-2,
1.657638043020E-1));
#7837=CARTESIAN_POINT('',(4.970608880140E-2,7.392937132278E-2,
1.615331435660E-1));
#7838=CARTESIAN_POINT('',(4.559116662421E-2,6.780912293999E-2,
1.573024828299E-1));
#7839=CARTESIAN_POINT('',(4.147624444702E-2,6.168887455720E-2,
1.530718220938E-1));
#7840=CARTESIAN_POINT('',(3.692426219639E-2,8.914305457514E-2,
1.667834096905E-1));
#7841=CARTESIAN_POINT('',(3.410119249507E-2,8.232756141468E-2,
1.625527489544E-1));
#7842=CARTESIAN_POINT('',(3.127812279374E-2,7.551206825422E-2,
1.583220882183E-1));
#7843=CARTESIAN_POINT('',(2.845505309242E-2,6.869657509376E-2,
1.540914274822E-1));
#7844=CARTESIAN_POINT('',(1.854642709194E-2,9.466083075849E-2,
1.678030150789E-1));
#7845=CARTESIAN_POINT('',(1.712844733347E-2,8.742347224893E-2,
1.635723543428E-1));
#7846=CARTESIAN_POINT('',(1.571046757499E-2,8.018611373936E-2,
1.593416936067E-1));
#7847=CARTESIAN_POINT('',(1.429248781652E-2,7.294875522980E-2,
1.551110328707E-1));
#7848=CARTESIAN_POINT('',(0.E0,9.643363882610E-2,1.687365346905E-1));
#7849=CARTESIAN_POINT('',(0.E0,8.906073906414E-2,1.645058739544E-1));
#7850=CARTESIAN_POINT('',(0.E0,8.168783930218E-2,1.602752132183E-1));
#7851=CARTESIAN_POINT('',(0.E0,7.431493954022E-2,1.560445524822E-1));
#7852=CARTESIAN_POINT('',(-1.854642709194E-2,9.466083075849E-2,
1.696700543020E-1));
#7853=CARTESIAN_POINT('',(-1.712844733347E-2,8.742347224893E-2,
1.654393935660E-1));
#7854=CARTESIAN_POINT('',(-1.571046757499E-2,8.018611373936E-2,
1.612087328299E-1));
#7855=CARTESIAN_POINT('',(-1.429248781652E-2,7.294875522980E-2,
1.569780720938E-1));
#7856=CARTESIAN_POINT('',(-3.692426219639E-2,8.914305457514E-2,
1.706896596905E-1));
#7857=CARTESIAN_POINT('',(-3.410119249507E-2,8.232756141468E-2,
1.664589989544E-1));
#7858=CARTESIAN_POINT('',(-3.127812279374E-2,7.551206825422E-2,
1.622283382183E-1));
#7859=CARTESIAN_POINT('',(-2.845505309242E-2,6.869657509376E-2,
1.579976774822E-1));
#7860=CARTESIAN_POINT('',(-5.382101097859E-2,8.004961970557E-2,
1.717092650789E-1));
#7861=CARTESIAN_POINT('',(-4.970608880140E-2,7.392937132278E-2,
1.674786043428E-1));
#7862=CARTESIAN_POINT('',(-4.559116662421E-2,6.780912293999E-2,
1.632479436067E-1));
#7863=CARTESIAN_POINT('',(-4.147624444702E-2,6.168887455720E-2,
1.590172828707E-1));
#7864=CARTESIAN_POINT('',(-6.818887994843E-2,6.818887994843E-2,
1.726427846905E-1));
#7865=CARTESIAN_POINT('',(-6.297545252974E-2,6.297545252974E-2,
1.684121239544E-1));
#7866=CARTESIAN_POINT('',(-5.776202511105E-2,5.776202511105E-2,
1.641814632183E-1));
#7867=CARTESIAN_POINT('',(-5.254859769236E-2,5.254859769236E-2,
1.599508024822E-1));
#7868=CARTESIAN_POINT('',(-8.004961970557E-2,5.382101097859E-2,
1.735763043020E-1));
#7869=CARTESIAN_POINT('',(-7.392937132278E-2,4.970608880140E-2,
1.693456435660E-1));
#7870=CARTESIAN_POINT('',(-6.780912293999E-2,4.559116662421E-2,
1.651149828299E-1));
#7871=CARTESIAN_POINT('',(-6.168887455720E-2,4.147624444702E-2,
1.608843220938E-1));
#7872=CARTESIAN_POINT('',(-8.914305457514E-2,3.692426219639E-2,
1.745959096905E-1));
#7873=CARTESIAN_POINT('',(-8.232756141468E-2,3.410119249507E-2,
1.703652489544E-1));
#7874=CARTESIAN_POINT('',(-7.551206825422E-2,3.127812279374E-2,
1.661345882183E-1));
#7875=CARTESIAN_POINT('',(-6.869657509376E-2,2.845505309242E-2,
1.619039274822E-1));
#7876=CARTESIAN_POINT('',(-9.466083075849E-2,1.854642709194E-2,
1.756155150789E-1));
#7877=CARTESIAN_POINT('',(-8.742347224893E-2,1.712844733347E-2,
1.713848543428E-1));
#7878=CARTESIAN_POINT('',(-8.018611373936E-2,1.571046757499E-2,
1.671541936067E-1));
#7879=CARTESIAN_POINT('',(-7.294875522980E-2,1.429248781652E-2,
1.629235328707E-1));
#7880=CARTESIAN_POINT('',(-9.643363882610E-2,0.E0,1.765490346905E-1));
#7881=CARTESIAN_POINT('',(-8.906073906414E-2,0.E0,1.723183739544E-1));
#7882=CARTESIAN_POINT('',(-8.168783930218E-2,0.E0,1.680877132183E-1));
#7883=CARTESIAN_POINT('',(-7.431493954022E-2,0.E0,1.638570524822E-1));
#7884=CARTESIAN_POINT('',(-9.466083075849E-2,-1.854642709194E-2,
1.774825543020E-1));
#7885=CARTESIAN_POINT('',(-8.742347224893E-2,-1.712844733347E-2,
1.732518935660E-1));
#7886=CARTESIAN_POINT('',(-8.018611373936E-2,-1.571046757499E-2,
1.690212328299E-1));
#7887=CARTESIAN_POINT('',(-7.294875522980E-2,-1.429248781652E-2,
1.647905720938E-1));
#7888=CARTESIAN_POINT('',(-8.914305457514E-2,-3.692426219639E-2,
1.785021596905E-1));
#7889=CARTESIAN_POINT('',(-8.232756141468E-2,-3.410119249507E-2,
1.742714989544E-1));
#7890=CARTESIAN_POINT('',(-7.551206825422E-2,-3.127812279374E-2,
1.700408382183E-1));
#7891=CARTESIAN_POINT('',(-6.869657509376E-2,-2.845505309242E-2,
1.658101774822E-1));
#7892=CARTESIAN_POINT('',(-8.004961970557E-2,-5.382101097859E-2,
1.795217650789E-1));
#7893=CARTESIAN_POINT('',(-7.392937132278E-2,-4.970608880140E-2,
1.752911043428E-1));
#7894=CARTESIAN_POINT('',(-6.780912293999E-2,-4.559116662421E-2,
1.710604436067E-1));
#7895=CARTESIAN_POINT('',(-6.168887455720E-2,-4.147624444702E-2,
1.668297828707E-1));
#7896=CARTESIAN_POINT('',(-6.818887994843E-2,-6.818887994843E-2,
1.804552846905E-1));
#7897=CARTESIAN_POINT('',(-6.297545252974E-2,-6.297545252974E-2,
1.762246239544E-1));
#7898=CARTESIAN_POINT('',(-5.776202511105E-2,-5.776202511105E-2,
1.719939632183E-1));
#7899=CARTESIAN_POINT('',(-5.254859769236E-2,-5.254859769236E-2,
1.677633024822E-1));
#7900=CARTESIAN_POINT('',(-5.382101097859E-2,-8.004961970557E-2,
1.813888043020E-1));
#7901=CARTESIAN_POINT('',(-4.970608880140E-2,-7.392937132278E-2,
1.771581435660E-1));
#7902=CARTESIAN_POINT('',(-4.559116662421E-2,-6.780912293999E-2,
1.729274828299E-1));
#7903=CARTESIAN_POINT('',(-4.147624444702E-2,-6.168887455720E-2,
1.686968220938E-1));
#7904=CARTESIAN_POINT('',(-3.692426219639E-2,-8.914305457514E-2,
1.824084096905E-1));
#7905=CARTESIAN_POINT('',(-3.410119249507E-2,-8.232756141468E-2,
1.781777489544E-1));
#7906=CARTESIAN_POINT('',(-3.127812279374E-2,-7.551206825422E-2,
1.739470882183E-1));
#7907=CARTESIAN_POINT('',(-2.845505309242E-2,-6.869657509376E-2,
1.697164274822E-1));
#7908=CARTESIAN_POINT('',(-1.854642709194E-2,-9.466083075849E-2,
1.834280150789E-1));
#7909=CARTESIAN_POINT('',(-1.712844733347E-2,-8.742347224893E-2,
1.791973543428E-1));
#7910=CARTESIAN_POINT('',(-1.571046757499E-2,-8.018611373936E-2,
1.749666936067E-1));
#7911=CARTESIAN_POINT('',(-1.429248781652E-2,-7.294875522980E-2,
1.707360328707E-1));
#7912=CARTESIAN_POINT('',(0.E0,-9.643363882610E-2,1.843615346905E-1));
#7913=CARTESIAN_POINT('',(0.E0,-8.906073906414E-2,1.801308739544E-1));
#7914=CARTESIAN_POINT('',(0.E0,-8.168783930218E-2,1.759002132183E-1));
#7915=CARTESIAN_POINT('',(0.E0,-7.431493954022E-2,1.716695524822E-1));
#7916=CARTESIAN_POINT('',(1.854642709194E-2,-9.466083075849E-2,
1.852950543020E-1));
#7917=CARTESIAN_POINT('',(1.712844733347E-2,-8.742347224893E-2,
1.810643935660E-1));
#7918=CARTESIAN_POINT('',(1.571046757499E-2,-8.018611373936E-2,
1.768337328299E-1));
#7919=CARTESIAN_POINT('',(1.429248781652E-2,-7.294875522980E-2,
1.726030720938E-1));
#7920=CARTESIAN_POINT('',(3.692426219639E-2,-8.914305457514E-2,
1.863146596905E-1));
#7921=CARTESIAN_POINT('',(3.410119249507E-2,-8.232756141468E-2,
1.820839989544E-1));
#7922=CARTESIAN_POINT('',(3.127812279374E-2,-7.551206825422E-2,
1.778533382183E-1));
#7923=CARTESIAN_POINT('',(2.845505309242E-2,-6.869657509376E-2,
1.736226774822E-1));
#7924=CARTESIAN_POINT('',(5.382101097859E-2,-8.004961970557E-2,
1.873342650789E-1));
#7925=CARTESIAN_POINT('',(4.970608880140E-2,-7.392937132278E-2,
1.831036043428E-1));
#7926=CARTESIAN_POINT('',(4.559116662421E-2,-6.780912293999E-2,
1.788729436067E-1));
#7927=CARTESIAN_POINT('',(4.147624444702E-2,-6.168887455720E-2,
1.746422828707E-1));
#7928=CARTESIAN_POINT('',(6.818887994843E-2,-6.818887994843E-2,
1.882677846905E-1));
#7929=CARTESIAN_POINT('',(6.297545252974E-2,-6.297545252974E-2,
1.840371239544E-1));
#7930=CARTESIAN_POINT('',(5.776202511105E-2,-5.776202511105E-2,
1.798064632183E-1));
#7931=CARTESIAN_POINT('',(5.254859769236E-2,-5.254859769236E-2,
1.755758024822E-1));
#7932=CARTESIAN_POINT('',(8.004961970557E-2,-5.382101097859E-2,
1.892013043020E-1));
#7933=CARTESIAN_POINT('',(7.392937132278E-2,-4.970608880140E-2,
1.849706435660E-1));
#7934=CARTESIAN_POINT('',(6.780912293999E-2,-4.559116662421E-2,
1.807399828299E-1));
#7935=CARTESIAN_POINT('',(6.168887455720E-2,-4.147624444702E-2,
1.765093220938E-1));
#7936=CARTESIAN_POINT('',(8.914305457514E-2,-3.692426219639E-2,
1.902209096905E-1));
#7937=CARTESIAN_POINT('',(8.232756141468E-2,-3.410119249507E-2,
1.859902489544E-1));
#7938=CARTESIAN_POINT('',(7.551206825422E-2,-3.127812279374E-2,
1.817595882183E-1));
#7939=CARTESIAN_POINT('',(6.869657509377E-2,-2.845505309242E-2,
1.775289274822E-1));
#7940=CARTESIAN_POINT('',(9.466083075849E-2,-1.854642709194E-2,
1.912405150789E-1));
#7941=CARTESIAN_POINT('',(8.742347224893E-2,-1.712844733347E-2,
1.870098543428E-1));
#7942=CARTESIAN_POINT('',(8.018611373936E-2,-1.571046757499E-2,
1.827791936067E-1));
#7943=CARTESIAN_POINT('',(7.294875522980E-2,-1.429248781652E-2,
1.785485328707E-1));
#7944=CARTESIAN_POINT('',(9.643363882610E-2,0.E0,1.921740346905E-1));
#7945=CARTESIAN_POINT('',(8.906073906414E-2,0.E0,1.879433739544E-1));
#7946=CARTESIAN_POINT('',(8.168783930218E-2,0.E0,1.837127132183E-1));
#7947=CARTESIAN_POINT('',(7.431493954022E-2,0.E0,1.794820524822E-1));
#7948=CARTESIAN_POINT('',(9.466083075849E-2,1.854642709194E-2,
1.931075543020E-1));
#7949=CARTESIAN_POINT('',(8.742347224893E-2,1.712844733347E-2,
1.888768935660E-1));
#7950=CARTESIAN_POINT('',(8.018611373936E-2,1.571046757499E-2,
1.846462328299E-1));
#7951=CARTESIAN_POINT('',(7.294875522980E-2,1.429248781652E-2,
1.804155720938E-1));
#7952=CARTESIAN_POINT('',(8.914305457514E-2,3.692426219639E-2,
1.941271596905E-1));
#7953=CARTESIAN_POINT('',(8.232756141468E-2,3.410119249507E-2,
1.898964989544E-1));
#7954=CARTESIAN_POINT('',(7.551206825422E-2,3.127812279374E-2,
1.856658382183E-1));
#7955=CARTESIAN_POINT('',(6.869657509376E-2,2.845505309242E-2,
1.814351774822E-1));
#7956=CARTESIAN_POINT('',(8.004961970557E-2,5.382101097859E-2,
1.951467650789E-1));
#7957=CARTESIAN_POINT('',(7.392937132278E-2,4.970608880140E-2,
1.909161043428E-1));
#7958=CARTESIAN_POINT('',(6.780912293999E-2,4.559116662421E-2,
1.866854436067E-1));
#7959=CARTESIAN_POINT('',(6.168887455720E-2,4.147624444702E-2,
1.824547828707E-1));
#7960=CARTESIAN_POINT('',(6.818887994843E-2,6.818887994843E-2,
1.960802846905E-1));
#7961=CARTESIAN_POINT('',(6.297545252974E-2,6.297545252974E-2,
1.918496239544E-1));
#7962=CARTESIAN_POINT('',(5.776202511105E-2,5.776202511105E-2,
1.876189632183E-1));
#7963=CARTESIAN_POINT('',(5.254859769236E-2,5.254859769235E-2,
1.833883024822E-1));
#7964=CARTESIAN_POINT('',(5.382101097859E-2,8.004961970557E-2,
1.970138043020E-1));
#7965=CARTESIAN_POINT('',(4.970608880140E-2,7.392937132278E-2,
1.927831435660E-1));
#7966=CARTESIAN_POINT('',(4.559116662421E-2,6.780912293999E-2,
1.885524828299E-1));
#7967=CARTESIAN_POINT('',(4.147624444702E-2,6.168887455720E-2,
1.843218220938E-1));
#7968=CARTESIAN_POINT('',(3.692426219639E-2,8.914305457514E-2,
1.980334096905E-1));
#7969=CARTESIAN_POINT('',(3.410119249507E-2,8.232756141468E-2,
1.938027489544E-1));
#7970=CARTESIAN_POINT('',(3.127812279374E-2,7.551206825422E-2,
1.895720882183E-1));
#7971=CARTESIAN_POINT('',(2.845505309242E-2,6.869657509376E-2,
1.853414274822E-1));
#7972=CARTESIAN_POINT('',(2.388858562460E-2,9.305689672863E-2,
1.987566312233E-1));
#7973=CARTESIAN_POINT('',(2.206216748453E-2,8.594216809149E-2,
1.945259704872E-1));
#7974=CARTESIAN_POINT('',(2.023574934445E-2,7.882743945436E-2,
1.902953097511E-1));
#7975=CARTESIAN_POINT('',(1.840933120438E-2,7.171271081722E-2,
1.860646490151E-1));
#7976=CARTESIAN_POINT('',(1.244912862822E-2,9.516590569528E-2,
1.993579626972E-1));
#7977=CARTESIAN_POINT('',(1.149732199085E-2,8.788993133624E-2,
1.951273019611E-1));
#7978=CARTESIAN_POINT('',(1.054551535349E-2,8.061395697720E-2,
1.908966412250E-1));
#7979=CARTESIAN_POINT('',(9.593708716132E-3,7.333798261817E-2,
1.866659804889E-1));
#7980=CARTESIAN_POINT('',(7.149281584095E-3,9.568356822120E-2,
1.996264032346E-1));
#7981=CARTESIAN_POINT('',(6.602678374559E-3,8.836801561996E-2,
1.953957424985E-1));
#7982=CARTESIAN_POINT('',(6.056075165024E-3,8.105246301872E-2,
1.911650817625E-1));
#7983=CARTESIAN_POINT('',(5.509471955488E-3,7.373691041747E-2,
1.869344210264E-1));
#7984=CARTESIAN_POINT('',(2.637836587760E-3,9.580674279756E-2,
1.998537159366E-1));
#7985=CARTESIAN_POINT('',(2.436158988670E-3,8.848177279991E-2,
1.956230552005E-1));
#7986=CARTESIAN_POINT('',(2.234481389580E-3,8.115680280225E-2,
1.913923944644E-1));
#7987=CARTESIAN_POINT('',(2.032803790490E-3,7.383183280459E-2,
1.871617337283E-1));
#7988=B_SPLINE_SURFACE_WITH_KNOTS('',3,3,((#5980,#5981,#5982,#5983),(#5984,
#5985,#5986,#5987),(#5988,#5989,#5990,#5991),(#5992,#5993,#5994,#5995),(#5996,
#5997,#5998,#5999),(#6000,#6001,#6002,#6003),(#6004,#6005,#6006,#6007),(#6008,
#6009,#6010,#6011),(#6012,#6013,#6014,#6015),(#6016,#6017,#6018,#6019),(#6020,
#6021,#6022,#6023),(#6024,#6025,#6026,#6027),(#6028,#6029,#6030,#6031),(#6032,
#6033,#6034,#6035),(#6036,#6037,#6038,#6039),(#6040,#6041,#6042,#6043),(#6044,
#6045,#6046,#6047),(#6048,#6049,#6050,#6051),(#6052,#6053,#6054,#6055),(#6056,
#6057,#6058,#6059),(#6060,#6061,#6062,#6063),(#6064,#6065,#6066,#6067),(#6068,
#6069,#6070,#6071),(#6072,#6073,#6074,#6075),(#6076,#6077,#6078,#6079),(#6080,
#6081,#6082,#6083),(#6084,#6085,#6086,#6087),(#6088,#6089,#6090,#6091),(#6092,
#6093,#6094,#6095),(#6096,#6097,#6098,#6099),(#6100,#6101,#6102,#6103),(#6104,
#6105,#6106,#6107),(#6108,#6109,#6110,#6111),(#6112,#6113,#6114,#6115),(#6116,
#6117,#6118,#6119),(#6120,#6121,#6122,#6123),(#6124,#6125,#6126,#6127),(#6128,
#6129,#6130,#6131),(#6132,#6133,#6134,#6135),(#6136,#6137,#6138,#6139),(#6140,
#6141,#6142,#6143),(#6144,#6145,#6146,#6147),(#6148,#6149,#6150,#6151),(#6152,
#6153,#6154,#6155),(#6156,#6157,#6158,#6159),(#6160,#6161,#6162,#6163),(#6164,
#6165,#6166,#6167),(#6168,#6169,#6170,#6171),(#6172,#6173,#6174,#6175),(#6176,
#6177,#6178,#6179),(#6180,#6181,#6182,#6183),(#6184,#6185,#6186,#6187),(#6188,
#6189,#6190,#6191),(#6192,#6193,#6194,#6195),(#6196,#6197,#6198,#6199),(#6200,
#6201,#6202,#6203),(#6204,#6205,#6206,#6207),(#6208,#6209,#6210,#6211),(#6212,
#6213,#6214,#6215),(#6216,#6217,#6218,#6219),(#6220,#6221,#6222,#6223),(#6224,
#6225,#6226,#6227),(#6228,#6229,#6230,#6231),(#6232,#6233,#6234,#6235),(#6236,
#6237,#6238,#6239),(#6240,#6241,#6242,#6243),(#6244,#6245,#6246,#6247),(#6248,
#6249,#6250,#6251),(#6252,#6253,#6254,#6255),(#6256,#6257,#6258,#6259),(#6260,
#6261,#6262,#6263),(#6264,#6265,#6266,#6267),(#6268,#6269,#6270,#6271),(#6272,
#6273,#6274,#6275),(#6276,#6277,#6278,#6279),(#6280,#6281,#6282,#6283),(#6284,
#6285,#6286,#6287),(#6288,#6289,#6290,#6291),(#6292,#6293,#6294,#6295),(#6296,
#6297,#6298,#6299),(#6300,#6301,#6302,#6303),(#6304,#6305,#6306,#6307),(#6308,
#6309,#6310,#6311),(#6312,#6313,#6314,#6315),(#6316,#6317,#6318,#6319),(#6320,
#6321,#6322,#6323),(#6324,#6325,#6326,#6327),(#6328,#6329,#6330,#6331),(#6332,
#6333,#6334,#6335),(#6336,#6337,#6338,#6339),(#6340,#6341,#6342,#6343),(#6344,
#6345,#6346,#6347),(#6348,#6349,#6350,#6351),(#6352,#6353,#6354,#6355),(#6356,
#6357,#6358,#6359),(#6360,#6361,#6362,#6363),(#6364,#6365,#6366,#6367),(#6368,
#6369,#6370,#6371),(#6372,#6373,#6374,#6375),(#6376,#6377,#6378,#6379),(#6380,
#6381,#6382,#6383),(#6384,#6385,#6386,#6387),(#6388,#6389,#6390,#6391),(#6392,
#6393,#6394,#6395),(#6396,#6397,#6398,#6399),(#6400,#6401,#6402,#6403),(#6404,
#6405,#6406,#6407),(#6408,#6409,#6410,#6411),(#6412,#6413,#6414,#6415),(#6416,
#6417,#6418,#6419),(#6420,#6421,#6422,#6423),(#6424,#6425,#6426,#6427),(#6428,
#6429,#6430,#6431),(#6432,#6433,#6434,#6435),(#6436,#6437,#6438,#6439),(#6440,
#6441,#6442,#6443),(#6444,#6445,#6446,#6447),(#6448,#6449,#6450,#6451),(#6452,
#6453,#6454,#6455),(#6456,#6457,#6458,#6459),(#6460,#6461,#6462,#6463),(#6464,
#6465,#6466,#6467),(#6468,#6469,#6470,#6471),(#6472,#6473,#6474,#6475),(#6476,
#6477,#6478,#6479),(#6480,#6481,#6482,#6483),(#6484,#6485,#6486,#6487),(#6488,
#6489,#6490,#6491),(#6492,#6493,#6494,#6495),(#6496,#6497,#6498,#6499),(#6500,
#6501,#6502,#6503),(#6504,#6505,#6506,#6507),(#6508,#6509,#6510,#6511),(#6512,
#6513,#6514,#6515),(#6516,#6517,#6518,#6519),(#6520,#6521,#6522,#6523),(#6524,
#6525,#6526,#6527),(#6528,#6529,#6530,#6531),(#6532,#6533,#6534,#6535),(#6536,
#6537,#6538,#6539),(#6540,#6541,#6542,#6543),(#6544,#6545,#6546,#6547),(#6548,
#6549,#6550,#6551),(#6552,#6553,#6554,#6555),(#6556,#6557,#6558,#6559),(#6560,
#6561,#6562,#6563),(#6564,#6565,#6566,#6567),(#6568,#6569,#6570,#6571),(#6572,
#6573,#6574,#6575),(#6576,#6577,#6578,#6579),(#6580,#6581,#6582,#6583),(#6584,
#6585,#6586,#6587),(#6588,#6589,#6590,#6591),(#6592,#6593,#6594,#6595),(#6596,
#6597,#6598,#6599),(#6600,#6601,#6602,#6603),(#6604,#6605,#6606,#6607),(#6608,
#6609,#6610,#6611),(#6612,#6613,#6614,#6615),(#6616,#6617,#6618,#6619),(#6620,
#6621,#6622,#6623),(#6624,#6625,#6626,#6627),(#6628,#6629,#6630,#6631),(#6632,
#6633,#6634,#6635),(#6636,#6637,#6638,#6639),(#6640,#6641,#6642,#6643),(#6644,
#6645,#6646,#6647),(#6648,#6649,#6650,#6651),(#6652,#6653,#6654,#6655),(#6656,
#6657,#6658,#6659),(#6660,#6661,#6662,#6663),(#6664,#6665,#6666,#6667),(#6668,
#6669,#6670,#6671),(#6672,#6673,#6674,#6675),(#6676,#6677,#6678,#6679),(#6680,
#6681,#6682,#6683),(#6684,#6685,#6686,#6687),(#6688,#6689,#6690,#6691),(#6692,
#6693,#6694,#6695),(#6696,#6697,#6698,#6699),(#6700,#6701,#6702,#6703),(#6704,
#6705,#6706,#6707),(#6708,#6709,#6710,#6711),(#6712,#6713,#6714,#6715),(#6716,
#6717,#6718,#6719),(#6720,#6721,#6722,#6723),(#6724,#6725,#6726,#6727),(#6728,
#6729,#6730,#6731),(#6732,#6733,#6734,#6735),(#6736,#6737,#6738,#6739),(#6740,
#6741,#6742,#6743),(#6744,#6745,#6746,#6747),(#6748,#6749,#6750,#6751),(#6752,
#6753,#6754,#6755),(#6756,#6757,#6758,#6759),(#6760,#6761,#6762,#6763),(#6764,
#6765,#6766,#6767),(#6768,#6769,#6770,#6771),(#6772,#6773,#6774,#6775),(#6776,
#6777,#6778,#6779),(#6780,#6781,#6782,#6783),(#6784,#6785,#6786,#6787),(#6788,
#6789,#6790,#6791),(#6792,#6793,#6794,#6795),(#6796,#6797,#6798,#6799),(#6800,
#6801,#6802,#6803),(#6804,#6805,#6806,#6807),(#6808,#6809,#6810,#6811),(#6812,
#6813,#6814,#6815),(#6816,#6817,#6818,#6819),(#6820,#6821,#6822,#6823),(#6824,
#6825,#6826,#6827),(#6828,#6829,#6830,#6831),(#6832,#6833,#6834,#6835),(#6836,
#6837,#6838,#6839),(#6840,#6841,#6842,#6843),(#6844,#6845,#6846,#6847),(#6848,
#6849,#6850,#6851),(#6852,#6853,#6854,#6855),(#6856,#6857,#6858,#6859),(#6860,
#6861,#6862,#6863),(#6864,#6865,#6866,#6867),(#6868,#6869,#6870,#6871),(#6872,
#6873,#6874,#6875),(#6876,#6877,#6878,#6879),(#6880,#6881,#6882,#6883),(#6884,
#6885,#6886,#6887),(#6888,#6889,#6890,#6891),(#6892,#6893,#6894,#6895),(#6896,
#6897,#6898,#6899),(#6900,#6901,#6902,#6903),(#6904,#6905,#6906,#6907),(#6908,
#6909,#6910,#6911),(#6912,#6913,#6914,#6915),(#6916,#6917,#6918,#6919),(#6920,
#6921,#6922,#6923),(#6924,#6925,#6926,#6927),(#6928,#6929,#6930,#6931),(#6932,
#6933,#6934,#6935),(#6936,#6937,#6938,#6939),(#6940,#6941,#6942,#6943),(#6944,
#6945,#6946,#6947),(#6948,#6949,#6950,#6951),(#6952,#6953,#6954,#6955),(#6956,
#6957,#6958,#6959),(#6960,#6961,#6962,#6963),(#6964,#6965,#6966,#6967),(#6968,
#6969,#6970,#6971),(#6972,#6973,#6974,#6975),(#6976,#6977,#6978,#6979),(#6980,
#6981,#6982,#6983),(#6984,#6985,#6986,#6987),(#6988,#6989,#6990,#6991),(#6992,
#6993,#6994,#6995),(#6996,#6997,#6998,#6999),(#7000,#7001,#7002,#7003),(#7004,
#7005,#7006,#7007),(#7008,#7009,#7010,#7011),(#7012,#7013,#7014,#7015),(#7016,
#7017,#7018,#7019),(#7020,#7021,#7022,#7023),(#7024,#7025,#7026,#7027),(#7028,
#7029,#7030,#7031),(#7032,#7033,#7034,#7035),(#7036,#7037,#7038,#7039),(#7040,
#7041,#7042,#7043),(#7044,#7045,#7046,#7047),(#7048,#7049,#7050,#7051),(#7052,
#7053,#7054,#7055),(#7056,#7057,#7058,#7059),(#7060,#7061,#7062,#7063),(#7064,
#7065,#7066,#7067),(#7068,#7069,#7070,#7071),(#7072,#7073,#7074,#7075),(#7076,
#7077,#7078,#7079),(#7080,#7081,#7082,#7083),(#7084,#7085,#7086,#7087),(#7088,
#7089,#7090,#7091),(#7092,#7093,#7094,#7095),(#7096,#7097,#7098,#7099),(#7100,
#7101,#7102,#7103),(#7104,#7105,#7106,#7107),(#7108,#7109,#7110,#7111),(#7112,
#7113,#7114,#7115),(#7116,#7117,#7118,#7119),(#7120,#7121,#7122,#7123),(#7124,
#7125,#7126,#7127),(#7128,#7129,#7130,#7131),(#7132,#7133,#7134,#7135),(#7136,
#7137,#7138,#7139),(#7140,#7141,#7142,#7143),(#7144,#7145,#7146,#7147),(#7148,
#7149,#7150,#7151),(#7152,#7153,#7154,#7155),(#7156,#7157,#7158,#7159),(#7160,
#7161,#7162,#7163),(#7164,#7165,#7166,#7167),(#7168,#7169,#7170,#7171),(#7172,
#7173,#7174,#7175),(#7176,#7177,#7178,#7179),(#7180,#7181,#7182,#7183),(#7184,
#7185,#7186,#7187),(#7188,#7189,#7190,#7191),(#7192,#7193,#7194,#7195),(#7196,
#7197,#7198,#7199),(#7200,#7201,#7202,#7203),(#7204,#7205,#7206,#7207),(#7208,
#7209,#7210,#7211),(#7212,#7213,#7214,#7215),(#7216,#7217,#7218,#7219),(#7220,
#7221,#7222,#7223),(#7224,#7225,#7226,#7227),(#7228,#7229,#7230,#7231),(#7232,
#7233,#7234,#7235),(#7236,#7237,#7238,#7239),(#7240,#7241,#7242,#7243),(#7244,
#7245,#7246,#7247),(#7248,#7249,#7250,#7251),(#7252,#7253,#7254,#7255),(#7256,
#7257,#7258,#7259),(#7260,#7261,#7262,#7263),(#7264,#7265,#7266,#7267),(#7268,
#7269,#7270,#7271),(#7272,#7273,#7274,#7275),(#7276,#7277,#7278,#7279),(#7280,
#7281,#7282,#7283),(#7284,#7285,#7286,#7287),(#7288,#7289,#7290,#7291),(#7292,
#7293,#7294,#7295),(#7296,#7297,#7298,#7299),(#7300,#7301,#7302,#7303),(#7304,
#7305,#7306,#7307),(#7308,#7309,#7310,#7311),(#7312,#7313,#7314,#7315),(#7316,
#7317,#7318,#7319),(#7320,#7321,#7322,#7323),(#7324,#7325,#7326,#7327),(#7328,
#7329,#7330,#7331),(#7332,#7333,#7334,#7335),(#7336,#7337,#7338,#7339),(#7340,
#7341,#7342,#7343),(#7344,#7345,#7346,#7347),(#7348,#7349,#7350,#7351),(#7352,
#7353,#7354,#7355),(#7356,#7357,#7358,#7359),(#7360,#7361,#7362,#7363),(#7364,
#7365,#7366,#7367),(#7368,#7369,#7370,#7371),(#7372,#7373,#7374,#7375),(#7376,
#7377,#7378,#7379),(#7380,#7381,#7382,#7383),(#7384,#7385,#7386,#7387),(#7388,
#7389,#7390,#7391),(#7392,#7393,#7394,#7395),(#7396,#7397,#7398,#7399),(#7400,
#7401,#7402,#7403),(#7404,#7405,#7406,#7407),(#7408,#7409,#7410,#7411),(#7412,
#7413,#7414,#7415),(#7416,#7417,#7418,#7419),(#7420,#7421,#7422,#7423),(#7424,
#7425,#7426,#7427),(#7428,#7429,#7430,#7431),(#7432,#7433,#7434,#7435),(#7436,
#7437,#7438,#7439),(#7440,#7441,#7442,#7443),(#7444,#7445,#7446,#7447),(#7448,
#7449,#7450,#7451),(#7452,#7453,#7454,#7455),(#7456,#7457,#7458,#7459),(#7460,
#7461,#7462,#7463),(#7464,#7465,#7466,#7467),(#7468,#7469,#7470,#7471),(#7472,
#7473,#7474,#7475),(#7476,#7477,#7478,#7479),(#7480,#7481,#7482,#7483),(#7484,
#7485,#7486,#7487),(#7488,#7489,#7490,#7491),(#7492,#7493,#7494,#7495),(#7496,
#7497,#7498,#7499),(#7500,#7501,#7502,#7503),(#7504,#7505,#7506,#7507),(#7508,
#7509,#7510,#7511),(#7512,#7513,#7514,#7515),(#7516,#7517,#7518,#7519),(#7520,
#7521,#7522,#7523),(#7524,#7525,#7526,#7527),(#7528,#7529,#7530,#7531),(#7532,
#7533,#7534,#7535),(#7536,#7537,#7538,#7539),(#7540,#7541,#7542,#7543),(#7544,
#7545,#7546,#7547),(#7548,#7549,#7550,#7551),(#7552,#7553,#7554,#7555),(#7556,
#7557,#7558,#7559),(#7560,#7561,#7562,#7563),(#7564,#7565,#7566,#7567),(#7568,
#7569,#7570,#7571),(#7572,#7573,#7574,#7575),(#7576,#7577,#7578,#7579),(#7580,
#7581,#7582,#7583),(#7584,#7585,#7586,#7587),(#7588,#7589,#7590,#7591),(#7592,
#7593,#7594,#7595),(#7596,#7597,#7598,#7599),(#7600,#7601,#7602,#7603),(#7604,
#7605,#7606,#7607),(#7608,#7609,#7610,#7611),(#7612,#7613,#7614,#7615),(#7616,
#7617,#7618,#7619),(#7620,#7621,#7622,#7623),(#7624,#7625,#7626,#7627),(#7628,
#7629,#7630,#7631),(#7632,#7633,#7634,#7635),(#7636,#7637,#7638,#7639),(#7640,
#7641,#7642,#7643),(#7644,#7645,#7646,#7647),(#7648,#7649,#7650,#7651),(#7652,
#7653,#7654,#7655),(#7656,#7657,#7658,#7659),(#7660,#7661,#7662,#7663),(#7664,
#7665,#7666,#7667),(#7668,#7669,#7670,#7671),(#7672,#7673,#7674,#7675),(#7676,
#7677,#7678,#7679),(#7680,#7681,#7682,#7683),(#7684,#7685,#7686,#7687),(#7688,
#7689,#7690,#7691),(#7692,#7693,#7694,#7695),(#7696,#7697,#7698,#7699),(#7700,
#7701,#7702,#7703),(#7704,#7705,#7706,#7707),(#7708,#7709,#7710,#7711),(#7712,
#7713,#7714,#7715),(#7716,#7717,#7718,#7719),(#7720,#7721,#7722,#7723),(#7724,
#7725,#7726,#7727),(#7728,#7729,#7730,#7731),(#7732,#7733,#7734,#7735),(#7736,
#7737,#7738,#7739),(#7740,#7741,#7742,#7743),(#7744,#7745,#7746,#7747),(#7748,
#7749,#7750,#7751),(#7752,#7753,#7754,#7755),(#7756,#7757,#7758,#7759),(#7760,
#7761,#7762,#7763),(#7764,#7765,#7766,#7767),(#7768,#7769,#7770,#7771),(#7772,
#7773,#7774,#7775),(#7776,#7777,#7778,#7779),(#7780,#7781,#7782,#7783),(#7784,
#7785,#7786,#7787),(#7788,#7789,#7790,#7791),(#7792,#7793,#7794,#7795),(#7796,
#7797,#7798,#7799),(#7800,#7801,#7802,#7803),(#7804,#7805,#7806,#7807),(#7808,
#7809,#7810,#7811),(#7812,#7813,#7814,#7815),(#7816,#7817,#7818,#7819),(#7820,
#7821,#7822,#7823),(#7824,#7825,#7826,#7827),(#7828,#7829,#7830,#7831),(#7832,
#7833,#7834,#7835),(#7836,#7837,#7838,#7839),(#7840,#7841,#7842,#7843),(#7844,
#7845,#7846,#7847),(#7848,#7849,#7850,#7851),(#7852,#7853,#7854,#7855),(#7856,
#7857,#7858,#7859),(#7860,#7861,#7862,#7863),(#7864,#7865,#7866,#7867),(#7868,
#7869,#7870,#7871),(#7872,#7873,#7874,#7875),(#7876,#7877,#7878,#7879),(#7880,
#7881,#7882,#7883),(#7884,#7885,#7886,#7887),(#7888,#7889,#7890,#7891),(#7892,
#7893,#7894,#7895),(#7896,#7897,#7898,#7899),(#7900,#7901,#7902,#7903),(#7904,
#7905,#7906,#7907),(#7908,#7909,#7910,#7911),(#7912,#7913,#7914,#7915),(#7916,
#7917,#7918,#7919),(#7920,#7921,#7922,#7923),(#7924,#7925,#7926,#7927),(#7928,
#7929,#7930,#7931),(#7932,#7933,#7934,#7935),(#7936,#7937,#7938,#7939),(#7940,
#7941,#7942,#7943),(#7944,#7945,#7946,#7947),(#7948,#7949,#7950,#7951),(#7952,
#7953,#7954,#7955),(#7956,#7957,#7958,#7959),(#7960,#7961,#7962,#7963),(#7964,
#7965,#7966,#7967),(#7968,#7969,#7970,#7971),(#7972,#7973,#7974,#7975),(#7976,
#7977,#7978,#7979),(#7980,#7981,#7982,#7983),(#7984,#7985,#7986,#7987)),
.UNSPECIFIED.,.F.,.F.,.F.,(4,1,1,1,1,1,1,1,1,1,1,1,1,1,1,1,1,1,1,1,1,1,1,1,1,1,
1,1,1,1,1,1,1,1,1,1,1,1,1,1,1,1,1,1,1,1,1,1,1,1,1,1,1,1,1,1,1,1,1,1,1,1,1,1,1,1,
1,1,1,1,1,1,1,1,1,1,1,1,1,1,1,1,1,1,1,1,1,1,1,1,1,1,1,1,1,1,1,1,1,1,1,1,1,1,1,1,
1,1,1,1,1,1,1,1,1,1,1,1,1,1,1,1,1,1,1,1,1,1,1,1,1,1,1,1,1,1,1,1,1,1,1,1,1,1,1,1,
1,1,1,1,1,1,1,1,1,1,1,1,1,1,1,1,1,1,1,1,1,1,1,1,1,1,1,1,1,1,1,1,1,1,1,1,1,1,1,1,
1,1,1,1,1,1,1,1,1,1,1,1,1,1,1,1,1,1,1,1,1,1,1,1,1,1,1,1,1,1,1,1,1,1,1,1,1,1,1,1,
1,1,1,1,1,1,1,1,1,1,1,1,1,1,1,1,1,1,1,1,1,1,1,1,1,1,1,1,1,1,1,1,1,1,1,1,1,1,1,1,
1,1,1,1,1,1,1,1,1,1,1,1,1,1,1,1,1,1,1,1,1,1,1,1,1,1,1,1,1,1,1,1,1,1,1,1,1,1,1,1,
1,1,1,1,1,1,1,1,1,1,1,1,1,1,1,1,1,1,1,1,1,1,1,1,1,1,1,1,1,1,1,1,1,1,1,1,1,1,1,1,
1,1,1,1,1,1,1,1,1,1,1,1,1,1,1,1,1,1,1,1,1,1,1,1,1,1,1,1,1,1,1,1,1,1,1,1,1,1,1,1,
1,1,1,1,1,1,1,1,1,1,1,1,1,1,1,1,1,1,1,1,1,1,1,1,1,1,1,1,1,1,1,1,1,1,1,1,1,1,1,1,
1,1,1,1,1,1,1,1,1,1,1,1,1,1,1,1,1,1,1,1,1,1,1,1,1,1,1,1,1,1,1,1,1,1,1,1,1,1,1,1,
1,1,1,1,1,1,1,1,1,1,1,1,1,1,1,1,1,1,1,1,1,1,1,1,1,1,1,1,1,1,1,1,1,4),(4,4),(
-1.472140170705E-3,0.E0,1.641130364878E-3,3.657495789019E-3,5.673861213160E-3,
7.690226637300E-3,9.706592061441E-3,1.172295748558E-2,1.373932290972E-2,
1.575568833386E-2,1.777205375800E-2,1.978841918214E-2,2.180478460629E-2,
2.382115003043E-2,2.583751545457E-2,2.785388087871E-2,2.987024630285E-2,
3.188661172699E-2,3.390297715113E-2,3.591934257527E-2,3.793570799941E-2,
3.995207342355E-2,4.196843884769E-2,4.398480427183E-2,4.600116969597E-2,
4.801753512012E-2,5.003390054426E-2,5.205026596840E-2,5.406663139254E-2,
5.608299681668E-2,5.809936224082E-2,6.011572766496E-2,6.213209308910E-2,
6.414845851324E-2,6.616482393738E-2,6.818118936152E-2,7.019755478566E-2,
7.221392020980E-2,7.423028563395E-2,7.624665105809E-2,7.826301648223E-2,
8.027938190637E-2,8.229574733051E-2,8.431211275465E-2,8.632847817879E-2,
8.834484360293E-2,9.036120902707E-2,9.237757445121E-2,9.439393987535E-2,
9.641030529949E-2,9.842667072363E-2,1.004430361478E-1,1.024594015719E-1,
1.044757669961E-1,1.064921324202E-1,1.085084978443E-1,1.105248632685E-1,
1.125412286926E-1,1.145575941168E-1,1.165739595409E-1,1.185903249650E-1,
1.206066903892E-1,1.226230558133E-1,1.246394212375E-1,1.266557866616E-1,
1.286721520857E-1,1.306885175099E-1,1.327048829340E-1,1.347212483582E-1,
1.367376137823E-1,1.387539792064E-1,1.407703446306E-1,1.427867100547E-1,
1.448030754789E-1,1.468194409030E-1,1.488358063272E-1,1.508521717513E-1,
1.528685371754E-1,1.548849025996E-1,1.569012680237E-1,1.589176334479E-1,
1.609339988720E-1,1.629503642961E-1,1.649667297203E-1,1.669830951444E-1,
1.689994605686E-1,1.710158259927E-1,1.730321914168E-1,1.750485568410E-1,
1.770649222651E-1,1.790812876893E-1,1.810976531134E-1,1.831140185375E-1,
1.851303839617E-1,1.871467493858E-1,1.891631148100E-1,1.911794802341E-1,
1.931958456583E-1,1.952122110824E-1,1.972285765065E-1,1.992449419307E-1,
2.012613073548E-1,2.032776727790E-1,2.052940382031E-1,2.073104036272E-1,
2.093267690514E-1,2.113431344755E-1,2.133594998997E-1,2.153758653238E-1,
2.173922307479E-1,2.194085961721E-1,2.214249615962E-1,2.234413270204E-1,
2.254576924445E-1,2.274740578686E-1,2.294904232928E-1,2.315067887169E-1,
2.335231541411E-1,2.355395195652E-1,2.375558849893E-1,2.395722504135E-1,
2.415886158376E-1,2.436049812618E-1,2.456213466859E-1,2.476377121101E-1,
2.496540775342E-1,2.516704429583E-1,2.536868083825E-1,2.557031738066E-1,
2.577195392308E-1,2.597359046549E-1,2.617522700790E-1,2.637686355032E-1,
2.657850009273E-1,2.678013663515E-1,2.698177317756E-1,2.718340971997E-1,
2.738504626239E-1,2.758668280480E-1,2.778831934722E-1,2.798995588963E-1,
2.819159243204E-1,2.839322897446E-1,2.859486551687E-1,2.879650205929E-1,
2.899813860170E-1,2.919977514411E-1,2.940141168653E-1,2.960304822894E-1,
2.980468477136E-1,3.000632131377E-1,3.020795785619E-1,3.040959439860E-1,
3.061123094101E-1,3.081286748343E-1,3.101450402584E-1,3.121614056826E-1,
3.141777711067E-1,3.161941365308E-1,3.182105019550E-1,3.202268673791E-1,
3.222432328033E-1,3.242595982274E-1,3.262759636515E-1,3.282923290757E-1,
3.303086944998E-1,3.323250599240E-1,3.343414253481E-1,3.363577907722E-1,
3.383741561964E-1,3.403905216205E-1,3.424068870447E-1,3.444232524688E-1,
3.464396178929E-1,3.484559833171E-1,3.504723487412E-1,3.524887141654E-1,
3.545050795895E-1,3.565214450137E-1,3.585378104378E-1,3.605541758619E-1,
3.625705412861E-1,3.645869067102E-1,3.666032721344E-1,3.686196375585E-1,
3.706360029826E-1,3.726523684068E-1,3.746687338309E-1,3.766850992551E-1,
3.787014646792E-1,3.807178301033E-1,3.827341955275E-1,3.847505609516E-1,
3.867669263758E-1,3.887832917999E-1,3.907996572240E-1,3.928160226482E-1,
3.948323880723E-1,3.968487534965E-1,3.988651189206E-1,4.008814843447E-1,
4.028978497689E-1,4.049142151930E-1,4.069305806172E-1,4.089469460413E-1,
4.109633114655E-1,4.129796768896E-1,4.149960423137E-1,4.170124077379E-1,
4.190287731620E-1,4.210451385862E-1,4.230615040103E-1,4.250778694344E-1,
4.270942348586E-1,4.291106002827E-1,4.311269657069E-1,4.331433311310E-1,
4.351596965551E-1,4.371760619793E-1,4.391924274034E-1,4.412087928276E-1,
4.432251582517E-1,4.452415236758E-1,4.472578891E-1,4.492742545241E-1,
4.512906199483E-1,4.533069853724E-1,4.553233507965E-1,4.573397162207E-1,
4.593560816448E-1,4.613724470690E-1,4.633888124931E-1,4.654051779173E-1,
4.674215433414E-1,4.694379087655E-1,4.714542741897E-1,4.734706396138E-1,
4.754870050380E-1,4.775033704621E-1,4.795197358862E-1,4.815361013104E-1,
4.835524667345E-1,4.855688321587E-1,4.875851975828E-1,4.896015630069E-1,
4.916179284311E-1,4.936342938552E-1,4.956506592794E-1,4.976670247035E-1,
4.996833901276E-1,5.016997555518E-1,5.037161209759E-1,5.057324864001E-1,
5.077488518242E-1,5.097652172484E-1,5.117815826725E-1,5.137979480966E-1,
5.158143135208E-1,5.178306789449E-1,5.198470443691E-1,5.218634097932E-1,
5.238797752173E-1,5.258961406415E-1,5.279125060656E-1,5.299288714898E-1,
5.319452369139E-1,5.339616023380E-1,5.359779677622E-1,5.379943331863E-1,
5.400106986105E-1,5.420270640346E-1,5.440434294587E-1,5.460597948829E-1,
5.480761603070E-1,5.500925257312E-1,5.521088911553E-1,5.541252565794E-1,
5.561416220036E-1,5.581579874277E-1,5.601743528519E-1,5.621907182760E-1,
5.642070837002E-1,5.662234491243E-1,5.682398145484E-1,5.702561799726E-1,
5.722725453967E-1,5.742889108209E-1,5.763052762450E-1,5.783216416691E-1,
5.803380070933E-1,5.823543725174E-1,5.843707379416E-1,5.863871033657E-1,
5.884034687898E-1,5.904198342140E-1,5.924361996381E-1,5.944525650623E-1,
5.964689304864E-1,5.984852959105E-1,6.005016613347E-1,6.025180267588E-1,
6.045343921830E-1,6.065507576071E-1,6.085671230312E-1,6.105834884554E-1,
6.125998538795E-1,6.146162193037E-1,6.166325847278E-1,6.186489501520E-1,
6.206653155761E-1,6.226816810002E-1,6.246980464244E-1,6.267144118485E-1,
6.287307772727E-1,6.307471426968E-1,6.327635081209E-1,6.347798735451E-1,
6.367962389692E-1,6.388126043934E-1,6.408289698175E-1,6.428453352416E-1,
6.448617006658E-1,6.468780660899E-1,6.488944315141E-1,6.509107969382E-1,
6.529271623623E-1,6.549435277865E-1,6.569598932106E-1,6.589762586348E-1,
6.609926240589E-1,6.630089894830E-1,6.650253549072E-1,6.670417203313E-1,
6.690580857555E-1,6.710744511796E-1,6.730908166038E-1,6.751071820279E-1,
6.771235474520E-1,6.791399128762E-1,6.811562783003E-1,6.831726437245E-1,
6.851890091486E-1,6.872053745727E-1,6.892217399969E-1,6.912381054210E-1,
6.932544708452E-1,6.952708362693E-1,6.972872016934E-1,6.993035671176E-1,
7.013199325417E-1,7.033362979659E-1,7.053526633900E-1,7.073690288141E-1,
7.093853942383E-1,7.114017596624E-1,7.134181250866E-1,7.154344905107E-1,
7.174508559348E-1,7.194672213590E-1,7.214835867831E-1,7.234999522073E-1,
7.255163176314E-1,7.275326830556E-1,7.295490484797E-1,7.315654139038E-1,
7.335817793280E-1,7.355981447521E-1,7.376145101763E-1,7.396308756004E-1,
7.416472410245E-1,7.436636064487E-1,7.456799718728E-1,7.476963372970E-1,
7.497127027211E-1,7.517290681452E-1,7.537454335694E-1,7.557617989935E-1,
7.577781644177E-1,7.597945298418E-1,7.618108952659E-1,7.638272606901E-1,
7.658436261142E-1,7.678599915384E-1,7.698763569625E-1,7.718927223866E-1,
7.739090878108E-1,7.759254532349E-1,7.779418186591E-1,7.799581840832E-1,
7.819745495074E-1,7.839909149315E-1,7.860072803556E-1,7.880236457798E-1,
7.900400112039E-1,7.920563766281E-1,7.940727420522E-1,7.960891074763E-1,
7.981054729005E-1,8.001218383246E-1,8.021382037488E-1,8.041545691729E-1,
8.061709345970E-1,8.081873000212E-1,8.102036654453E-1,8.122200308695E-1,
8.142363962936E-1,8.162527617177E-1,8.182691271419E-1,8.202854925660E-1,
8.223018579902E-1,8.243182234143E-1,8.263345888384E-1,8.283509542626E-1,
8.303673196867E-1,8.323836851109E-1,8.344000505350E-1,8.364164159592E-1,
8.384327813833E-1,8.404491468074E-1,8.424655122316E-1,8.444818776557E-1,
8.464982430799E-1,8.485146085040E-1,8.505309739281E-1,8.525473393523E-1,
8.545637047764E-1,8.565800702006E-1,8.585964356247E-1,8.606128010488E-1,
8.626291664730E-1,8.646455318971E-1,8.666618973213E-1,8.686782627454E-1,
8.706946281695E-1,8.727109935937E-1,8.747273590178E-1,8.767437244420E-1,
8.787600898661E-1,8.807764552903E-1,8.827928207144E-1,8.848091861385E-1,
8.868255515627E-1,8.888419169868E-1,8.908582824110E-1,8.928746478351E-1,
8.948910132592E-1,8.969073786834E-1,8.989237441075E-1,9.009401095317E-1,
9.029564749558E-1,9.049728403799E-1,9.069892058041E-1,9.090055712282E-1,
9.110219366524E-1,9.130383020765E-1,9.150546675006E-1,9.170710329248E-1,
9.190873983489E-1,9.211037637731E-1,9.231201291972E-1,9.251364946213E-1,
9.271528600455E-1,9.291692254696E-1,9.311855908938E-1,9.332019563179E-1,
9.352183217421E-1,9.372346871662E-1,9.392510525903E-1,9.412674180145E-1,
9.432837834386E-1,9.453001488628E-1,9.473165142869E-1,9.493328797110E-1,
9.513492451352E-1,9.533656105593E-1,9.553819759835E-1,9.573983414076E-1,
9.594147068317E-1,9.614310722559E-1,9.634474376800E-1,9.654638031042E-1,
9.674801685283E-1,9.694965339524E-1,9.715128993766E-1,9.735292648007E-1,
9.755456302249E-1,9.775619956490E-1,9.795783610731E-1,9.815947264973E-1,
9.836110919214E-1,9.856274573456E-1,9.876438227697E-1,9.896601881939E-1,
9.916765536180E-1,9.936929190421E-1,9.957092844663E-1,9.977256498904E-1,
9.997420153146E-1,1.E0,1.001471586658E0),(-4.151762692121E-2,1.041531521518E0),
.UNSPECIFIED.);
#7990=ORIENTED_EDGE('',*,*,#7989,.T.);
#7992=ORIENTED_EDGE('',*,*,#7991,.T.);
#7994=ORIENTED_EDGE('',*,*,#7993,.T.);
#7996=ORIENTED_EDGE('',*,*,#7995,.T.);
#7998=ORIENTED_EDGE('',*,*,#7997,.T.);
#8000=ORIENTED_EDGE('',*,*,#7999,.T.);
#8002=ORIENTED_EDGE('',*,*,#8001,.T.);
#8004=ORIENTED_EDGE('',*,*,#8003,.T.);
#8006=ORIENTED_EDGE('',*,*,#8005,.T.);
#8008=ORIENTED_EDGE('',*,*,#8007,.T.);
#8010=ORIENTED_EDGE('',*,*,#8009,.T.);
#8012=ORIENTED_EDGE('',*,*,#8011,.T.);
#8014=ORIENTED_EDGE('',*,*,#8013,.T.);
#8016=ORIENTED_EDGE('',*,*,#8015,.T.);
#8018=ORIENTED_EDGE('',*,*,#8017,.T.);
#8020=ORIENTED_EDGE('',*,*,#8019,.T.);
#8022=ORIENTED_EDGE('',*,*,#8021,.T.);
#8024=ORIENTED_EDGE('',*,*,#8023,.T.);
#8026=ORIENTED_EDGE('',*,*,#8025,.T.);
#8028=ORIENTED_EDGE('',*,*,#8027,.T.);
#8030=ORIENTED_EDGE('',*,*,#8029,.T.);
#8032=ORIENTED_EDGE('',*,*,#8031,.T.);
#8034=ORIENTED_EDGE('',*,*,#8033,.T.);
#8036=ORIENTED_EDGE('',*,*,#8035,.T.);
#8038=ORIENTED_EDGE('',*,*,#8037,.T.);
#8040=ORIENTED_EDGE('',*,*,#8039,.T.);
#8042=ORIENTED_EDGE('',*,*,#8041,.T.);
#8044=ORIENTED_EDGE('',*,*,#8043,.T.);
#8046=ORIENTED_EDGE('',*,*,#8045,.T.);
#8048=ORIENTED_EDGE('',*,*,#8047,.T.);
#8049=ORIENTED_EDGE('',*,*,#5971,.T.);
#8050=ORIENTED_EDGE('',*,*,#5961,.T.);
#8051=ORIENTED_EDGE('',*,*,#5947,.T.);
#8052=ORIENTED_EDGE('',*,*,#3720,.T.);
#8053=ORIENTED_EDGE('',*,*,#3747,.T.);
#8055=ORIENTED_EDGE('',*,*,#8054,.T.);
#8056=EDGE_LOOP('',(#7990,#7992,#7994,#7996,#7998,#8000,#8002,#8004,#8006,#8008,
#8010,#8012,#8014,#8016,#8018,#8020,#8022,#8024,#8026,#8028,#8030,#8032,#8034,
#8036,#8038,#8040,#8042,#8044,#8046,#8048,#8049,#8050,#8051,#8052,#8053,#8055));
#8057=FACE_OUTER_BOUND('',#8056,.F.);
#8059=CARTESIAN_POINT('',(-2.228126922989E-2,-7.130016877244E-2,
-2.971112593296E-1));
#8060=CARTESIAN_POINT('',(-1.969078587392E-2,-7.210910149363E-2,
-2.969263827304E-1));
#8061=CARTESIAN_POINT('',(-1.228092553722E-2,-7.398921800699E-2,
-2.964100624136E-1));
#8062=CARTESIAN_POINT('',(6.599321783485E-14,-7.516312194880E-2,
-2.956169805256E-1));
#8063=CARTESIAN_POINT('',(1.445561298105E-2,-7.378134489881E-2,
-2.946834609140E-1));
#8064=CARTESIAN_POINT('',(2.877982057010E-2,-6.948063314299E-2,
-2.936638555256E-1));
#8065=CARTESIAN_POINT('',(4.194962733789E-2,-6.239295126813E-2,
-2.926442501371E-1));
#8066=CARTESIAN_POINT('',(5.314835322515E-2,-5.314835322515E-2,
-2.917107305255E-1));
#8067=CARTESIAN_POINT('',(6.239295126813E-2,-4.194962733789E-2,
-2.907772109140E-1));
#8068=CARTESIAN_POINT('',(6.948063314299E-2,-2.877982057010E-2,
-2.897576055255E-1));
#8069=CARTESIAN_POINT('',(7.378134489881E-2,-1.445561298107E-2,
-2.887380001371E-1));
#8070=CARTESIAN_POINT('',(7.516312194880E-2,0.E0,-2.878044805255E-1));
#8071=CARTESIAN_POINT('',(7.378134489881E-2,1.445561298107E-2,
-2.868709609140E-1));
#8072=CARTESIAN_POINT('',(6.948063314299E-2,2.877982057010E-2,
-2.858513555255E-1));
#8073=CARTESIAN_POINT('',(6.239295126813E-2,4.194962733789E-2,
-2.848317501371E-1));
#8074=CARTESIAN_POINT('',(5.314835322515E-2,5.314835322515E-2,
-2.838982305255E-1));
#8075=CARTESIAN_POINT('',(4.194962733789E-2,6.239295126813E-2,
-2.829647109140E-1));
#8076=CARTESIAN_POINT('',(2.877982057010E-2,6.948063314299E-2,
-2.819451055255E-1));
#8077=CARTESIAN_POINT('',(1.445561298107E-2,7.378134489881E-2,
-2.809255001371E-1));
#8078=CARTESIAN_POINT('',(0.E0,7.516312194880E-2,-2.799919805255E-1));
#8079=CARTESIAN_POINT('',(-1.445561298107E-2,7.378134489881E-2,
-2.790584609140E-1));
#8080=CARTESIAN_POINT('',(-2.877982057010E-2,6.948063314299E-2,
-2.780388555255E-1));
#8081=CARTESIAN_POINT('',(-4.194962733789E-2,6.239295126813E-2,
-2.770192501371E-1));
#8082=CARTESIAN_POINT('',(-5.314835322515E-2,5.314835322515E-2,
-2.760857305255E-1));
#8083=CARTESIAN_POINT('',(-6.239295126813E-2,4.194962733789E-2,
-2.751522109140E-1));
#8084=CARTESIAN_POINT('',(-6.948063314299E-2,2.877982057010E-2,
-2.741326055255E-1));
#8085=CARTESIAN_POINT('',(-7.378134489881E-2,1.445561298107E-2,
-2.731130001371E-1));
#8086=CARTESIAN_POINT('',(-7.516312194880E-2,0.E0,-2.721794805255E-1));
#8087=CARTESIAN_POINT('',(-7.378134489881E-2,-1.445561298107E-2,
-2.712459609140E-1));
#8088=CARTESIAN_POINT('',(-6.948063314299E-2,-2.877982057010E-2,
-2.702263555255E-1));
#8089=CARTESIAN_POINT('',(-6.239295126813E-2,-4.194962733789E-2,
-2.692067501371E-1));
#8090=CARTESIAN_POINT('',(-5.314835322515E-2,-5.314835322515E-2,
-2.682732305255E-1));
#8091=CARTESIAN_POINT('',(-4.194962733789E-2,-6.239295126813E-2,
-2.673397109140E-1));
#8092=CARTESIAN_POINT('',(-2.877982057010E-2,-6.948063314299E-2,
-2.663201055255E-1));
#8093=CARTESIAN_POINT('',(-1.445561298107E-2,-7.378134489881E-2,
-2.653005001371E-1));
#8094=CARTESIAN_POINT('',(0.E0,-7.516312194880E-2,-2.643669805255E-1));
#8095=CARTESIAN_POINT('',(1.445561298107E-2,-7.378134489881E-2,
-2.634334609140E-1));
#8096=CARTESIAN_POINT('',(2.877982057010E-2,-6.948063314299E-2,
-2.624138555255E-1));
#8097=CARTESIAN_POINT('',(4.194962733789E-2,-6.239295126813E-2,
-2.613942501371E-1));
#8098=CARTESIAN_POINT('',(5.314835322515E-2,-5.314835322515E-2,
-2.604607305255E-1));
#8099=CARTESIAN_POINT('',(6.239295126813E-2,-4.194962733789E-2,
-2.595272109140E-1));
#8100=CARTESIAN_POINT('',(6.948063314299E-2,-2.877982057010E-2,
-2.585076055255E-1));
#8101=CARTESIAN_POINT('',(7.378134489881E-2,-1.445561298107E-2,
-2.574880001371E-1));
#8102=CARTESIAN_POINT('',(7.516312194880E-2,0.E0,-2.565544805255E-1));
#8103=CARTESIAN_POINT('',(7.378134489881E-2,1.445561298107E-2,
-2.556209609140E-1));
#8104=CARTESIAN_POINT('',(6.948063314299E-2,2.877982057010E-2,
-2.546013555255E-1));
#8105=CARTESIAN_POINT('',(6.239295126813E-2,4.194962733789E-2,
-2.535817501371E-1));
#8106=CARTESIAN_POINT('',(5.314835322515E-2,5.314835322515E-2,
-2.526482305255E-1));
#8107=CARTESIAN_POINT('',(4.194962733789E-2,6.239295126813E-2,
-2.517147109140E-1));
#8108=CARTESIAN_POINT('',(2.877982057010E-2,6.948063314299E-2,
-2.506951055255E-1));
#8109=CARTESIAN_POINT('',(1.445561298107E-2,7.378134489881E-2,
-2.496755001371E-1));
#8110=CARTESIAN_POINT('',(0.E0,7.516312194880E-2,-2.487419805255E-1));
#8111=CARTESIAN_POINT('',(-1.445561298107E-2,7.378134489881E-2,
-2.478084609140E-1));
#8112=CARTESIAN_POINT('',(-2.877982057010E-2,6.948063314299E-2,
-2.467888555255E-1));
#8113=CARTESIAN_POINT('',(-4.194962733789E-2,6.239295126813E-2,
-2.457692501371E-1));
#8114=CARTESIAN_POINT('',(-5.314835322515E-2,5.314835322515E-2,
-2.448357305255E-1));
#8115=CARTESIAN_POINT('',(-6.239295126813E-2,4.194962733789E-2,
-2.439022109140E-1));
#8116=CARTESIAN_POINT('',(-6.948063314299E-2,2.877982057010E-2,
-2.428826055255E-1));
#8117=CARTESIAN_POINT('',(-7.378134489881E-2,1.445561298107E-2,
-2.418630001371E-1));
#8118=CARTESIAN_POINT('',(-7.516312194880E-2,0.E0,-2.409294805255E-1));
#8119=CARTESIAN_POINT('',(-7.378134489881E-2,-1.445561298107E-2,
-2.399959609140E-1));
#8120=CARTESIAN_POINT('',(-6.948063314299E-2,-2.877982057010E-2,
-2.389763555255E-1));
#8121=CARTESIAN_POINT('',(-6.239295126813E-2,-4.194962733789E-2,
-2.379567501371E-1));
#8122=CARTESIAN_POINT('',(-5.314835322515E-2,-5.314835322515E-2,
-2.370232305255E-1));
#8123=CARTESIAN_POINT('',(-4.194962733789E-2,-6.239295126813E-2,
-2.360897109140E-1));
#8124=CARTESIAN_POINT('',(-2.877982057010E-2,-6.948063314299E-2,
-2.350701055255E-1));
#8125=CARTESIAN_POINT('',(-1.445561298107E-2,-7.378134489881E-2,
-2.340505001371E-1));
#8126=CARTESIAN_POINT('',(0.E0,-7.516312194880E-2,-2.331169805255E-1));
#8127=CARTESIAN_POINT('',(1.445561298107E-2,-7.378134489881E-2,
-2.321834609140E-1));
#8128=CARTESIAN_POINT('',(2.877982057010E-2,-6.948063314299E-2,
-2.311638555255E-1));
#8129=CARTESIAN_POINT('',(4.194962733789E-2,-6.239295126813E-2,
-2.301442501371E-1));
#8130=CARTESIAN_POINT('',(5.314835322515E-2,-5.314835322515E-2,
-2.292107305255E-1));
#8131=CARTESIAN_POINT('',(6.239295126813E-2,-4.194962733789E-2,
-2.282772109140E-1));
#8132=CARTESIAN_POINT('',(6.948063314299E-2,-2.877982057010E-2,
-2.272576055255E-1));
#8133=CARTESIAN_POINT('',(7.378134489881E-2,-1.445561298107E-2,
-2.262380001371E-1));
#8134=CARTESIAN_POINT('',(7.516312194880E-2,0.E0,-2.253044805255E-1));
#8135=CARTESIAN_POINT('',(7.378134489881E-2,1.445561298107E-2,
-2.243709609140E-1));
#8136=CARTESIAN_POINT('',(6.948063314299E-2,2.877982057010E-2,
-2.233513555255E-1));
#8137=CARTESIAN_POINT('',(6.239295126813E-2,4.194962733789E-2,
-2.223317501371E-1));
#8138=CARTESIAN_POINT('',(5.314835322515E-2,5.314835322515E-2,
-2.213982305255E-1));
#8139=CARTESIAN_POINT('',(4.194962733789E-2,6.239295126813E-2,
-2.204647109140E-1));
#8140=CARTESIAN_POINT('',(2.877982057010E-2,6.948063314299E-2,
-2.194451055255E-1));
#8141=CARTESIAN_POINT('',(1.445561298107E-2,7.378134489881E-2,
-2.184255001371E-1));
#8142=CARTESIAN_POINT('',(0.E0,7.516312194880E-2,-2.174919805255E-1));
#8143=CARTESIAN_POINT('',(-1.445561298107E-2,7.378134489881E-2,
-2.165584609140E-1));
#8144=CARTESIAN_POINT('',(-2.877982057010E-2,6.948063314299E-2,
-2.155388555255E-1));
#8145=CARTESIAN_POINT('',(-4.194962733789E-2,6.239295126813E-2,
-2.145192501371E-1));
#8146=CARTESIAN_POINT('',(-5.314835322515E-2,5.314835322515E-2,
-2.135857305255E-1));
#8147=CARTESIAN_POINT('',(-6.239295126813E-2,4.194962733789E-2,
-2.126522109140E-1));
#8148=CARTESIAN_POINT('',(-6.948063314299E-2,2.877982057010E-2,
-2.116326055255E-1));
#8149=CARTESIAN_POINT('',(-7.378134489881E-2,1.445561298107E-2,
-2.106130001371E-1));
#8150=CARTESIAN_POINT('',(-7.516312194880E-2,0.E0,-2.096794805255E-1));
#8151=CARTESIAN_POINT('',(-7.378134489881E-2,-1.445561298107E-2,
-2.087459609140E-1));
#8152=CARTESIAN_POINT('',(-6.948063314299E-2,-2.877982057010E-2,
-2.077263555255E-1));
#8153=CARTESIAN_POINT('',(-6.239295126813E-2,-4.194962733789E-2,
-2.067067501371E-1));
#8154=CARTESIAN_POINT('',(-5.314835322515E-2,-5.314835322515E-2,
-2.057732305255E-1));
#8155=CARTESIAN_POINT('',(-4.194962733789E-2,-6.239295126813E-2,
-2.048397109140E-1));
#8156=CARTESIAN_POINT('',(-2.877982057010E-2,-6.948063314299E-2,
-2.038201055255E-1));
#8157=CARTESIAN_POINT('',(-1.445561298107E-2,-7.378134489881E-2,
-2.028005001371E-1));
#8158=CARTESIAN_POINT('',(0.E0,-7.516312194880E-2,-2.018669805255E-1));
#8159=CARTESIAN_POINT('',(1.445561298107E-2,-7.378134489881E-2,
-2.009334609140E-1));
#8160=CARTESIAN_POINT('',(2.877982057010E-2,-6.948063314299E-2,
-1.999138555255E-1));
#8161=CARTESIAN_POINT('',(4.194962733789E-2,-6.239295126813E-2,
-1.988942501371E-1));
#8162=CARTESIAN_POINT('',(5.314835322515E-2,-5.314835322515E-2,
-1.979607305255E-1));
#8163=CARTESIAN_POINT('',(6.239295126813E-2,-4.194962733789E-2,
-1.970272109140E-1));
#8164=CARTESIAN_POINT('',(6.948063314299E-2,-2.877982057010E-2,
-1.960076055255E-1));
#8165=CARTESIAN_POINT('',(7.378134489881E-2,-1.445561298107E-2,
-1.949880001371E-1));
#8166=CARTESIAN_POINT('',(7.516312194880E-2,0.E0,-1.940544805255E-1));
#8167=CARTESIAN_POINT('',(7.378134489881E-2,1.445561298107E-2,
-1.931209609140E-1));
#8168=CARTESIAN_POINT('',(6.948063314299E-2,2.877982057010E-2,
-1.921013555255E-1));
#8169=CARTESIAN_POINT('',(6.239295126813E-2,4.194962733789E-2,
-1.910817501371E-1));
#8170=CARTESIAN_POINT('',(5.314835322515E-2,5.314835322515E-2,
-1.901482305255E-1));
#8171=CARTESIAN_POINT('',(4.194962733789E-2,6.239295126813E-2,
-1.892147109140E-1));
#8172=CARTESIAN_POINT('',(2.877982057010E-2,6.948063314299E-2,
-1.881951055255E-1));
#8173=CARTESIAN_POINT('',(1.445561298107E-2,7.378134489881E-2,
-1.871755001371E-1));
#8174=CARTESIAN_POINT('',(0.E0,7.516312194880E-2,-1.862419805255E-1));
#8175=CARTESIAN_POINT('',(-1.445561298107E-2,7.378134489881E-2,
-1.853084609140E-1));
#8176=CARTESIAN_POINT('',(-2.877982057010E-2,6.948063314299E-2,
-1.842888555255E-1));
#8177=CARTESIAN_POINT('',(-4.194962733789E-2,6.239295126813E-2,
-1.832692501371E-1));
#8178=CARTESIAN_POINT('',(-5.314835322515E-2,5.314835322515E-2,
-1.823357305255E-1));
#8179=CARTESIAN_POINT('',(-6.239295126813E-2,4.194962733789E-2,
-1.814022109140E-1));
#8180=CARTESIAN_POINT('',(-6.948063314299E-2,2.877982057010E-2,
-1.803826055255E-1));
#8181=CARTESIAN_POINT('',(-7.378134489881E-2,1.445561298107E-2,
-1.793630001371E-1));
#8182=CARTESIAN_POINT('',(-7.516312194880E-2,0.E0,-1.784294805255E-1));
#8183=CARTESIAN_POINT('',(-7.378134489881E-2,-1.445561298107E-2,
-1.774959609140E-1));
#8184=CARTESIAN_POINT('',(-6.948063314299E-2,-2.877982057010E-2,
-1.764763555255E-1));
#8185=CARTESIAN_POINT('',(-6.239295126813E-2,-4.194962733789E-2,
-1.754567501371E-1));
#8186=CARTESIAN_POINT('',(-5.314835322515E-2,-5.314835322515E-2,
-1.745232305255E-1));
#8187=CARTESIAN_POINT('',(-4.194962733789E-2,-6.239295126813E-2,
-1.735897109140E-1));
#8188=CARTESIAN_POINT('',(-2.877982057010E-2,-6.948063314299E-2,
-1.725701055255E-1));
#8189=CARTESIAN_POINT('',(-1.445561298107E-2,-7.378134489881E-2,
-1.715505001371E-1));
#8190=CARTESIAN_POINT('',(0.E0,-7.516312194880E-2,-1.706169805255E-1));
#8191=CARTESIAN_POINT('',(1.445561298107E-2,-7.378134489881E-2,
-1.696834609140E-1));
#8192=CARTESIAN_POINT('',(2.877982057010E-2,-6.948063314299E-2,
-1.686638555255E-1));
#8193=CARTESIAN_POINT('',(4.194962733789E-2,-6.239295126813E-2,
-1.676442501371E-1));
#8194=CARTESIAN_POINT('',(5.314835322515E-2,-5.314835322515E-2,
-1.667107305255E-1));
#8195=CARTESIAN_POINT('',(6.239295126813E-2,-4.194962733789E-2,
-1.657772109140E-1));
#8196=CARTESIAN_POINT('',(6.948063314299E-2,-2.877982057010E-2,
-1.647576055255E-1));
#8197=CARTESIAN_POINT('',(7.378134489881E-2,-1.445561298107E-2,
-1.637380001371E-1));
#8198=CARTESIAN_POINT('',(7.516312194880E-2,0.E0,-1.628044805255E-1));
#8199=CARTESIAN_POINT('',(7.378134489881E-2,1.445561298107E-2,
-1.618709609140E-1));
#8200=CARTESIAN_POINT('',(6.948063314299E-2,2.877982057010E-2,
-1.608513555255E-1));
#8201=CARTESIAN_POINT('',(6.239295126813E-2,4.194962733789E-2,
-1.598317501371E-1));
#8202=CARTESIAN_POINT('',(5.314835322515E-2,5.314835322515E-2,
-1.588982305255E-1));
#8203=CARTESIAN_POINT('',(4.194962733789E-2,6.239295126813E-2,
-1.579647109140E-1));
#8204=CARTESIAN_POINT('',(2.877982057010E-2,6.948063314299E-2,
-1.569451055255E-1));
#8205=CARTESIAN_POINT('',(1.445561298107E-2,7.378134489881E-2,
-1.559255001371E-1));
#8206=CARTESIAN_POINT('',(0.E0,7.516312194880E-2,-1.549919805255E-1));
#8207=CARTESIAN_POINT('',(-1.445561298107E-2,7.378134489881E-2,
-1.540584609140E-1));
#8208=CARTESIAN_POINT('',(-2.877982057010E-2,6.948063314299E-2,
-1.530388555255E-1));
#8209=CARTESIAN_POINT('',(-4.194962733789E-2,6.239295126813E-2,
-1.520192501371E-1));
#8210=CARTESIAN_POINT('',(-5.314835322515E-2,5.314835322515E-2,
-1.510857305255E-1));
#8211=CARTESIAN_POINT('',(-6.239295126813E-2,4.194962733789E-2,
-1.501522109140E-1));
#8212=CARTESIAN_POINT('',(-6.948063314299E-2,2.877982057010E-2,
-1.491326055255E-1));
#8213=CARTESIAN_POINT('',(-7.378134489881E-2,1.445561298107E-2,
-1.481130001371E-1));
#8214=CARTESIAN_POINT('',(-7.516312194880E-2,0.E0,-1.471794805255E-1));
#8215=CARTESIAN_POINT('',(-7.378134489881E-2,-1.445561298107E-2,
-1.462459609140E-1));
#8216=CARTESIAN_POINT('',(-6.948063314299E-2,-2.877982057010E-2,
-1.452263555255E-1));
#8217=CARTESIAN_POINT('',(-6.239295126813E-2,-4.194962733789E-2,
-1.442067501371E-1));
#8218=CARTESIAN_POINT('',(-5.314835322515E-2,-5.314835322515E-2,
-1.432732305255E-1));
#8219=CARTESIAN_POINT('',(-4.194962733789E-2,-6.239295126813E-2,
-1.423397109140E-1));
#8220=CARTESIAN_POINT('',(-2.877982057010E-2,-6.948063314299E-2,
-1.413201055255E-1));
#8221=CARTESIAN_POINT('',(-1.445561298107E-2,-7.378134489881E-2,
-1.403005001371E-1));
#8222=CARTESIAN_POINT('',(0.E0,-7.516312194880E-2,-1.393669805255E-1));
#8223=CARTESIAN_POINT('',(1.445561298107E-2,-7.378134489881E-2,
-1.384334609140E-1));
#8224=CARTESIAN_POINT('',(2.877982057010E-2,-6.948063314299E-2,
-1.374138555255E-1));
#8225=CARTESIAN_POINT('',(4.194962733789E-2,-6.239295126813E-2,
-1.363942501371E-1));
#8226=CARTESIAN_POINT('',(5.314835322515E-2,-5.314835322515E-2,
-1.354607305255E-1));
#8227=CARTESIAN_POINT('',(6.239295126813E-2,-4.194962733789E-2,
-1.345272109140E-1));
#8228=CARTESIAN_POINT('',(6.948063314299E-2,-2.877982057010E-2,
-1.335076055255E-1));
#8229=CARTESIAN_POINT('',(7.378134489881E-2,-1.445561298107E-2,
-1.324880001371E-1));
#8230=CARTESIAN_POINT('',(7.516312194880E-2,0.E0,-1.315544805255E-1));
#8231=CARTESIAN_POINT('',(7.378134489881E-2,1.445561298107E-2,
-1.306209609140E-1));
#8232=CARTESIAN_POINT('',(6.948063314299E-2,2.877982057010E-2,
-1.296013555255E-1));
#8233=CARTESIAN_POINT('',(6.239295126813E-2,4.194962733789E-2,
-1.285817501371E-1));
#8234=CARTESIAN_POINT('',(5.314835322515E-2,5.314835322515E-2,
-1.276482305255E-1));
#8235=CARTESIAN_POINT('',(4.194962733789E-2,6.239295126813E-2,
-1.267147109140E-1));
#8236=CARTESIAN_POINT('',(2.877982057010E-2,6.948063314299E-2,
-1.256951055255E-1));
#8237=CARTESIAN_POINT('',(1.445561298107E-2,7.378134489881E-2,
-1.246755001371E-1));
#8238=CARTESIAN_POINT('',(0.E0,7.516312194880E-2,-1.237419805255E-1));
#8239=CARTESIAN_POINT('',(-1.445561298107E-2,7.378134489881E-2,
-1.228084609140E-1));
#8240=CARTESIAN_POINT('',(-2.877982057010E-2,6.948063314299E-2,
-1.217888555255E-1));
#8241=CARTESIAN_POINT('',(-4.194962733789E-2,6.239295126813E-2,
-1.207692501371E-1));
#8242=CARTESIAN_POINT('',(-5.314835322515E-2,5.314835322515E-2,
-1.198357305255E-1));
#8243=CARTESIAN_POINT('',(-6.239295126813E-2,4.194962733789E-2,
-1.189022109140E-1));
#8244=CARTESIAN_POINT('',(-6.948063314299E-2,2.877982057010E-2,
-1.178826055255E-1));
#8245=CARTESIAN_POINT('',(-7.378134489881E-2,1.445561298107E-2,
-1.168630001371E-1));
#8246=CARTESIAN_POINT('',(-7.516312194880E-2,0.E0,-1.159294805255E-1));
#8247=CARTESIAN_POINT('',(-7.378134489881E-2,-1.445561298107E-2,
-1.149959609140E-1));
#8248=CARTESIAN_POINT('',(-6.948063314299E-2,-2.877982057010E-2,
-1.139763555255E-1));
#8249=CARTESIAN_POINT('',(-6.239295126813E-2,-4.194962733789E-2,
-1.129567501371E-1));
#8250=CARTESIAN_POINT('',(-5.314835322515E-2,-5.314835322515E-2,
-1.120232305255E-1));
#8251=CARTESIAN_POINT('',(-4.194962733789E-2,-6.239295126813E-2,
-1.110897109140E-1));
#8252=CARTESIAN_POINT('',(-2.877982057010E-2,-6.948063314299E-2,
-1.100701055255E-1));
#8253=CARTESIAN_POINT('',(-1.445561298107E-2,-7.378134489881E-2,
-1.090505001371E-1));
#8254=CARTESIAN_POINT('',(0.E0,-7.516312194880E-2,-1.081169805255E-1));
#8255=CARTESIAN_POINT('',(1.445561298107E-2,-7.378134489881E-2,
-1.071834609140E-1));
#8256=CARTESIAN_POINT('',(2.877982057010E-2,-6.948063314299E-2,
-1.061638555255E-1));
#8257=CARTESIAN_POINT('',(4.194962733789E-2,-6.239295126813E-2,
-1.051442501371E-1));
#8258=CARTESIAN_POINT('',(5.314835322515E-2,-5.314835322515E-2,
-1.042107305255E-1));
#8259=CARTESIAN_POINT('',(6.239295126813E-2,-4.194962733789E-2,
-1.032772109140E-1));
#8260=CARTESIAN_POINT('',(6.948063314299E-2,-2.877982057010E-2,
-1.022576055255E-1));
#8261=CARTESIAN_POINT('',(7.378134489881E-2,-1.445561298107E-2,
-1.012380001371E-1));
#8262=CARTESIAN_POINT('',(7.516312194880E-2,0.E0,-1.003044805255E-1));
#8263=CARTESIAN_POINT('',(7.378134489881E-2,1.445561298107E-2,
-9.937096091399E-2));
#8264=CARTESIAN_POINT('',(6.948063314299E-2,2.877982057010E-2,
-9.835135552555E-2));
#8265=CARTESIAN_POINT('',(6.239295126813E-2,4.194962733789E-2,
-9.733175013711E-2));
#8266=CARTESIAN_POINT('',(5.314835322515E-2,5.314835322515E-2,
-9.639823052555E-2));
#8267=CARTESIAN_POINT('',(4.194962733789E-2,6.239295126813E-2,
-9.546471091399E-2));
#8268=CARTESIAN_POINT('',(2.877982057010E-2,6.948063314299E-2,
-9.444510552555E-2));
#8269=CARTESIAN_POINT('',(1.445561298107E-2,7.378134489881E-2,
-9.342550013711E-2));
#8270=CARTESIAN_POINT('',(0.E0,7.516312194880E-2,-9.249198052555E-2));
#8271=CARTESIAN_POINT('',(-1.445561298107E-2,7.378134489881E-2,
-9.155846091399E-2));
#8272=CARTESIAN_POINT('',(-2.877982057010E-2,6.948063314299E-2,
-9.053885552555E-2));
#8273=CARTESIAN_POINT('',(-4.194962733789E-2,6.239295126813E-2,
-8.951925013711E-2));
#8274=CARTESIAN_POINT('',(-5.314835322515E-2,5.314835322515E-2,
-8.858573052555E-2));
#8275=CARTESIAN_POINT('',(-6.239295126813E-2,4.194962733789E-2,
-8.765221091399E-2));
#8276=CARTESIAN_POINT('',(-6.948063314299E-2,2.877982057010E-2,
-8.663260552555E-2));
#8277=CARTESIAN_POINT('',(-7.378134489881E-2,1.445561298107E-2,
-8.561300013711E-2));
#8278=CARTESIAN_POINT('',(-7.516312194880E-2,0.E0,-8.467948052555E-2));
#8279=CARTESIAN_POINT('',(-7.378134489881E-2,-1.445561298107E-2,
-8.374596091399E-2));
#8280=CARTESIAN_POINT('',(-6.948063314299E-2,-2.877982057010E-2,
-8.272635552555E-2));
#8281=CARTESIAN_POINT('',(-6.239295126813E-2,-4.194962733789E-2,
-8.170675013711E-2));
#8282=CARTESIAN_POINT('',(-5.314835322515E-2,-5.314835322515E-2,
-8.077323052555E-2));
#8283=CARTESIAN_POINT('',(-4.194962733789E-2,-6.239295126813E-2,
-7.983971091399E-2));
#8284=CARTESIAN_POINT('',(-2.877982057010E-2,-6.948063314299E-2,
-7.882010552555E-2));
#8285=CARTESIAN_POINT('',(-1.445561298107E-2,-7.378134489881E-2,
-7.780050013711E-2));
#8286=CARTESIAN_POINT('',(0.E0,-7.516312194880E-2,-7.686698052555E-2));
#8287=CARTESIAN_POINT('',(1.445561298107E-2,-7.378134489881E-2,
-7.593346091399E-2));
#8288=CARTESIAN_POINT('',(2.877982057010E-2,-6.948063314299E-2,
-7.491385552555E-2));
#8289=CARTESIAN_POINT('',(4.194962733789E-2,-6.239295126813E-2,
-7.389425013711E-2));
#8290=CARTESIAN_POINT('',(5.314835322515E-2,-5.314835322515E-2,
-7.296073052555E-2));
#8291=CARTESIAN_POINT('',(6.239295126813E-2,-4.194962733789E-2,
-7.202721091399E-2));
#8292=CARTESIAN_POINT('',(6.948063314299E-2,-2.877982057010E-2,
-7.100760552555E-2));
#8293=CARTESIAN_POINT('',(7.378134489881E-2,-1.445561298107E-2,
-6.998800013711E-2));
#8294=CARTESIAN_POINT('',(7.516312194880E-2,0.E0,-6.905448052555E-2));
#8295=CARTESIAN_POINT('',(7.378134489881E-2,1.445561298107E-2,
-6.812096091399E-2));
#8296=CARTESIAN_POINT('',(6.948063314299E-2,2.877982057010E-2,
-6.710135552555E-2));
#8297=CARTESIAN_POINT('',(6.239295126813E-2,4.194962733789E-2,
-6.608175013711E-2));
#8298=CARTESIAN_POINT('',(5.314835322515E-2,5.314835322515E-2,
-6.514823052555E-2));
#8299=CARTESIAN_POINT('',(4.194962733789E-2,6.239295126813E-2,
-6.421471091399E-2));
#8300=CARTESIAN_POINT('',(2.877982057010E-2,6.948063314299E-2,
-6.319510552555E-2));
#8301=CARTESIAN_POINT('',(1.445561298107E-2,7.378134489881E-2,
-6.217550013711E-2));
#8302=CARTESIAN_POINT('',(0.E0,7.516312194880E-2,-6.124198052555E-2));
#8303=CARTESIAN_POINT('',(-1.445561298107E-2,7.378134489881E-2,
-6.030846091399E-2));
#8304=CARTESIAN_POINT('',(-2.877982057010E-2,6.948063314299E-2,
-5.928885552555E-2));
#8305=CARTESIAN_POINT('',(-4.194962733789E-2,6.239295126813E-2,
-5.826925013711E-2));
#8306=CARTESIAN_POINT('',(-5.314835322515E-2,5.314835322515E-2,
-5.733573052555E-2));
#8307=CARTESIAN_POINT('',(-6.239295126813E-2,4.194962733789E-2,
-5.640221091399E-2));
#8308=CARTESIAN_POINT('',(-6.948063314299E-2,2.877982057010E-2,
-5.538260552555E-2));
#8309=CARTESIAN_POINT('',(-7.378134489881E-2,1.445561298107E-2,
-5.436300013711E-2));
#8310=CARTESIAN_POINT('',(-7.516312194880E-2,0.E0,-5.342948052555E-2));
#8311=CARTESIAN_POINT('',(-7.378134489881E-2,-1.445561298107E-2,
-5.249596091399E-2));
#8312=CARTESIAN_POINT('',(-6.948063314299E-2,-2.877982057010E-2,
-5.147635552555E-2));
#8313=CARTESIAN_POINT('',(-6.239295126813E-2,-4.194962733789E-2,
-5.045675013711E-2));
#8314=CARTESIAN_POINT('',(-5.314835322515E-2,-5.314835322515E-2,
-4.952323052555E-2));
#8315=CARTESIAN_POINT('',(-4.194962733789E-2,-6.239295126813E-2,
-4.858971091399E-2));
#8316=CARTESIAN_POINT('',(-2.877982057010E-2,-6.948063314299E-2,
-4.757010552555E-2));
#8317=CARTESIAN_POINT('',(-1.445561298107E-2,-7.378134489881E-2,
-4.655050013711E-2));
#8318=CARTESIAN_POINT('',(0.E0,-7.516312194880E-2,-4.561698052555E-2));
#8319=CARTESIAN_POINT('',(1.445561298107E-2,-7.378134489881E-2,
-4.468346091399E-2));
#8320=CARTESIAN_POINT('',(2.877982057010E-2,-6.948063314299E-2,
-4.366385552555E-2));
#8321=CARTESIAN_POINT('',(4.194962733789E-2,-6.239295126813E-2,
-4.264425013711E-2));
#8322=CARTESIAN_POINT('',(5.314835322515E-2,-5.314835322515E-2,
-4.171073052555E-2));
#8323=CARTESIAN_POINT('',(6.239295126813E-2,-4.194962733789E-2,
-4.077721091399E-2));
#8324=CARTESIAN_POINT('',(6.948063314299E-2,-2.877982057010E-2,
-3.975760552555E-2));
#8325=CARTESIAN_POINT('',(7.378134489881E-2,-1.445561298107E-2,
-3.873800013711E-2));
#8326=CARTESIAN_POINT('',(7.516312194880E-2,0.E0,-3.780448052555E-2));
#8327=CARTESIAN_POINT('',(7.378134489881E-2,1.445561298107E-2,
-3.687096091399E-2));
#8328=CARTESIAN_POINT('',(6.948063314299E-2,2.877982057010E-2,
-3.585135552555E-2));
#8329=CARTESIAN_POINT('',(6.239295126813E-2,4.194962733789E-2,
-3.483175013711E-2));
#8330=CARTESIAN_POINT('',(5.314835322515E-2,5.314835322515E-2,
-3.389823052555E-2));
#8331=CARTESIAN_POINT('',(4.194962733789E-2,6.239295126813E-2,
-3.296471091399E-2));
#8332=CARTESIAN_POINT('',(2.877982057010E-2,6.948063314299E-2,
-3.194510552555E-2));
#8333=CARTESIAN_POINT('',(1.445561298107E-2,7.378134489881E-2,
-3.092550013711E-2));
#8334=CARTESIAN_POINT('',(0.E0,7.516312194880E-2,-2.999198052555E-2));
#8335=CARTESIAN_POINT('',(-1.445561298107E-2,7.378134489881E-2,
-2.905846091399E-2));
#8336=CARTESIAN_POINT('',(-2.877982057010E-2,6.948063314299E-2,
-2.803885552555E-2));
#8337=CARTESIAN_POINT('',(-4.194962733789E-2,6.239295126813E-2,
-2.701925013711E-2));
#8338=CARTESIAN_POINT('',(-5.314835322515E-2,5.314835322515E-2,
-2.608573052555E-2));
#8339=CARTESIAN_POINT('',(-6.239295126813E-2,4.194962733789E-2,
-2.515221091399E-2));
#8340=CARTESIAN_POINT('',(-6.948063314299E-2,2.877982057010E-2,
-2.413260552555E-2));
#8341=CARTESIAN_POINT('',(-7.378134489881E-2,1.445561298107E-2,
-2.311300013711E-2));
#8342=CARTESIAN_POINT('',(-7.516312194880E-2,0.E0,-2.217948052555E-2));
#8343=CARTESIAN_POINT('',(-7.378134489881E-2,-1.445561298107E-2,
-2.124596091399E-2));
#8344=CARTESIAN_POINT('',(-6.948063314299E-2,-2.877982057010E-2,
-2.022635552555E-2));
#8345=CARTESIAN_POINT('',(-6.239295126813E-2,-4.194962733789E-2,
-1.920675013711E-2));
#8346=CARTESIAN_POINT('',(-5.314835322515E-2,-5.314835322515E-2,
-1.827323052555E-2));
#8347=CARTESIAN_POINT('',(-4.194962733789E-2,-6.239295126813E-2,
-1.733971091399E-2));
#8348=CARTESIAN_POINT('',(-2.877982057010E-2,-6.948063314299E-2,
-1.632010552555E-2));
#8349=CARTESIAN_POINT('',(-1.445561298107E-2,-7.378134489881E-2,
-1.530050013711E-2));
#8350=CARTESIAN_POINT('',(0.E0,-7.516312194880E-2,-1.436698052555E-2));
#8351=CARTESIAN_POINT('',(1.445561298107E-2,-7.378134489881E-2,
-1.343346091399E-2));
#8352=CARTESIAN_POINT('',(2.877982057010E-2,-6.948063314299E-2,
-1.241385552555E-2));
#8353=CARTESIAN_POINT('',(4.194962733789E-2,-6.239295126813E-2,
-1.139425013711E-2));
#8354=CARTESIAN_POINT('',(5.314835322515E-2,-5.314835322515E-2,
-1.046073052555E-2));
#8355=CARTESIAN_POINT('',(6.239295126813E-2,-4.194962733789E-2,
-9.527210913989E-3));
#8356=CARTESIAN_POINT('',(6.948063314299E-2,-2.877982057010E-2,
-8.507605525549E-3));
#8357=CARTESIAN_POINT('',(7.378134489881E-2,-1.445561298107E-2,
-7.488000137110E-3));
#8358=CARTESIAN_POINT('',(7.516312194880E-2,0.E0,-6.554480525549E-3));
#8359=CARTESIAN_POINT('',(7.378134489881E-2,1.445561298107E-2,
-5.620960913989E-3));
#8360=CARTESIAN_POINT('',(6.948063314299E-2,2.877982057010E-2,
-4.601355525550E-3));
#8361=CARTESIAN_POINT('',(6.239295126813E-2,4.194962733789E-2,
-3.581750137110E-3));
#8362=CARTESIAN_POINT('',(5.314835322515E-2,5.314835322515E-2,
-2.648230525550E-3));
#8363=CARTESIAN_POINT('',(4.194962733789E-2,6.239295126813E-2,
-1.714710913989E-3));
#8364=CARTESIAN_POINT('',(2.877982057010E-2,6.948063314299E-2,
-6.951055255495E-4));
#8365=CARTESIAN_POINT('',(1.445561298107E-2,7.378134489881E-2,
3.244998628898E-4));
#8366=CARTESIAN_POINT('',(0.E0,7.516312194880E-2,1.258019474451E-3));
#8367=CARTESIAN_POINT('',(-1.445561298107E-2,7.378134489881E-2,
2.191539086011E-3));
#8368=CARTESIAN_POINT('',(-2.877982057010E-2,6.948063314299E-2,
3.211144474451E-3));
#8369=CARTESIAN_POINT('',(-4.194962733789E-2,6.239295126813E-2,
4.230749862890E-3));
#8370=CARTESIAN_POINT('',(-5.314835322515E-2,5.314835322515E-2,
5.164269474451E-3));
#8371=CARTESIAN_POINT('',(-6.239295126813E-2,4.194962733789E-2,
6.097789086011E-3));
#8372=CARTESIAN_POINT('',(-6.948063314299E-2,2.877982057010E-2,
7.117394474451E-3));
#8373=CARTESIAN_POINT('',(-7.378134489881E-2,1.445561298107E-2,
8.136999862890E-3));
#8374=CARTESIAN_POINT('',(-7.516312194880E-2,0.E0,9.070519474450E-3));
#8375=CARTESIAN_POINT('',(-7.378134489881E-2,-1.445561298107E-2,
1.000403908601E-2));
#8376=CARTESIAN_POINT('',(-6.948063314299E-2,-2.877982057010E-2,
1.102364447445E-2));
#8377=CARTESIAN_POINT('',(-6.239295126813E-2,-4.194962733789E-2,
1.204324986289E-2));
#8378=CARTESIAN_POINT('',(-5.314835322515E-2,-5.314835322515E-2,
1.297676947445E-2));
#8379=CARTESIAN_POINT('',(-4.194962733789E-2,-6.239295126813E-2,
1.391028908601E-2));
#8380=CARTESIAN_POINT('',(-2.877982057010E-2,-6.948063314299E-2,
1.492989447445E-2));
#8381=CARTESIAN_POINT('',(-1.445561298107E-2,-7.378134489881E-2,
1.594949986289E-2));
#8382=CARTESIAN_POINT('',(0.E0,-7.516312194880E-2,1.688301947445E-2));
#8383=CARTESIAN_POINT('',(1.445561298107E-2,-7.378134489881E-2,
1.781653908601E-2));
#8384=CARTESIAN_POINT('',(2.877982057010E-2,-6.948063314299E-2,
1.883614447445E-2));
#8385=CARTESIAN_POINT('',(4.194962733789E-2,-6.239295126813E-2,
1.985574986289E-2));
#8386=CARTESIAN_POINT('',(5.314835322515E-2,-5.314835322515E-2,
2.078926947445E-2));
#8387=CARTESIAN_POINT('',(6.239295126813E-2,-4.194962733789E-2,
2.172278908601E-2));
#8388=CARTESIAN_POINT('',(6.948063314299E-2,-2.877982057010E-2,
2.274239447445E-2));
#8389=CARTESIAN_POINT('',(7.378134489881E-2,-1.445561298107E-2,
2.376199986289E-2));
#8390=CARTESIAN_POINT('',(7.516312194880E-2,0.E0,2.469551947445E-2));
#8391=CARTESIAN_POINT('',(7.378134489881E-2,1.445561298107E-2,
2.562903908601E-2));
#8392=CARTESIAN_POINT('',(6.948063314299E-2,2.877982057010E-2,
2.664864447445E-2));
#8393=CARTESIAN_POINT('',(6.239295126813E-2,4.194962733789E-2,
2.766824986289E-2));
#8394=CARTESIAN_POINT('',(5.314835322515E-2,5.314835322515E-2,
2.860176947445E-2));
#8395=CARTESIAN_POINT('',(4.194962733789E-2,6.239295126813E-2,
2.953528908601E-2));
#8396=CARTESIAN_POINT('',(2.877982057010E-2,6.948063314299E-2,
3.055489447445E-2));
#8397=CARTESIAN_POINT('',(1.445561298107E-2,7.378134489881E-2,
3.157449986289E-2));
#8398=CARTESIAN_POINT('',(0.E0,7.516312194880E-2,3.250801947445E-2));
#8399=CARTESIAN_POINT('',(-1.445561298107E-2,7.378134489881E-2,
3.344153908601E-2));
#8400=CARTESIAN_POINT('',(-2.877982057010E-2,6.948063314299E-2,
3.446114447445E-2));
#8401=CARTESIAN_POINT('',(-4.194962733789E-2,6.239295126813E-2,
3.548074986289E-2));
#8402=CARTESIAN_POINT('',(-5.314835322515E-2,5.314835322515E-2,
3.641426947445E-2));
#8403=CARTESIAN_POINT('',(-6.239295126813E-2,4.194962733789E-2,
3.734778908601E-2));
#8404=CARTESIAN_POINT('',(-6.948063314299E-2,2.877982057010E-2,
3.836739447445E-2));
#8405=CARTESIAN_POINT('',(-7.378134489881E-2,1.445561298107E-2,
3.938699986289E-2));
#8406=CARTESIAN_POINT('',(-7.516312194880E-2,0.E0,4.032051947445E-2));
#8407=CARTESIAN_POINT('',(-7.378134489881E-2,-1.445561298107E-2,
4.125403908601E-2));
#8408=CARTESIAN_POINT('',(-6.948063314299E-2,-2.877982057010E-2,
4.227364447445E-2));
#8409=CARTESIAN_POINT('',(-6.239295126813E-2,-4.194962733789E-2,
4.329324986289E-2));
#8410=CARTESIAN_POINT('',(-5.314835322515E-2,-5.314835322515E-2,
4.422676947445E-2));
#8411=CARTESIAN_POINT('',(-4.194962733789E-2,-6.239295126813E-2,
4.516028908601E-2));
#8412=CARTESIAN_POINT('',(-2.877982057010E-2,-6.948063314299E-2,
4.617989447445E-2));
#8413=CARTESIAN_POINT('',(-1.445561298107E-2,-7.378134489881E-2,
4.719949986289E-2));
#8414=CARTESIAN_POINT('',(0.E0,-7.516312194880E-2,4.813301947445E-2));
#8415=CARTESIAN_POINT('',(1.445561298107E-2,-7.378134489881E-2,
4.906653908601E-2));
#8416=CARTESIAN_POINT('',(2.877982057010E-2,-6.948063314299E-2,
5.008614447445E-2));
#8417=CARTESIAN_POINT('',(4.194962733789E-2,-6.239295126813E-2,
5.110574986289E-2));
#8418=CARTESIAN_POINT('',(5.314835322515E-2,-5.314835322515E-2,
5.203926947445E-2));
#8419=CARTESIAN_POINT('',(6.239295126813E-2,-4.194962733789E-2,
5.297278908601E-2));
#8420=CARTESIAN_POINT('',(6.948063314299E-2,-2.877982057010E-2,
5.399239447445E-2));
#8421=CARTESIAN_POINT('',(7.378134489881E-2,-1.445561298107E-2,
5.501199986289E-2));
#8422=CARTESIAN_POINT('',(7.516312194880E-2,0.E0,5.594551947445E-2));
#8423=CARTESIAN_POINT('',(7.378134489881E-2,1.445561298107E-2,
5.687903908601E-2));
#8424=CARTESIAN_POINT('',(6.948063314299E-2,2.877982057010E-2,
5.789864447445E-2));
#8425=CARTESIAN_POINT('',(6.239295126813E-2,4.194962733789E-2,
5.891824986289E-2));
#8426=CARTESIAN_POINT('',(5.314835322515E-2,5.314835322515E-2,
5.985176947445E-2));
#8427=CARTESIAN_POINT('',(4.194962733789E-2,6.239295126813E-2,
6.078528908601E-2));
#8428=CARTESIAN_POINT('',(2.877982057010E-2,6.948063314299E-2,
6.180489447445E-2));
#8429=CARTESIAN_POINT('',(1.445561298107E-2,7.378134489881E-2,
6.282449986289E-2));
#8430=CARTESIAN_POINT('',(0.E0,7.516312194880E-2,6.375801947445E-2));
#8431=CARTESIAN_POINT('',(-1.445561298107E-2,7.378134489881E-2,
6.469153908601E-2));
#8432=CARTESIAN_POINT('',(-2.877982057010E-2,6.948063314299E-2,
6.571114447445E-2));
#8433=CARTESIAN_POINT('',(-4.194962733789E-2,6.239295126813E-2,
6.673074986289E-2));
#8434=CARTESIAN_POINT('',(-5.314835322515E-2,5.314835322515E-2,
6.766426947445E-2));
#8435=CARTESIAN_POINT('',(-6.239295126813E-2,4.194962733789E-2,
6.859778908601E-2));
#8436=CARTESIAN_POINT('',(-6.948063314299E-2,2.877982057010E-2,
6.961739447445E-2));
#8437=CARTESIAN_POINT('',(-7.378134489881E-2,1.445561298107E-2,
7.063699986289E-2));
#8438=CARTESIAN_POINT('',(-7.516312194880E-2,0.E0,7.157051947445E-2));
#8439=CARTESIAN_POINT('',(-7.378134489881E-2,-1.445561298107E-2,
7.250403908601E-2));
#8440=CARTESIAN_POINT('',(-6.948063314299E-2,-2.877982057010E-2,
7.352364447445E-2));
#8441=CARTESIAN_POINT('',(-6.239295126813E-2,-4.194962733789E-2,
7.454324986289E-2));
#8442=CARTESIAN_POINT('',(-5.314835322515E-2,-5.314835322515E-2,
7.547676947445E-2));
#8443=CARTESIAN_POINT('',(-4.194962733789E-2,-6.239295126813E-2,
7.641028908601E-2));
#8444=CARTESIAN_POINT('',(-2.877982057010E-2,-6.948063314299E-2,
7.742989447445E-2));
#8445=CARTESIAN_POINT('',(-1.445561298107E-2,-7.378134489881E-2,
7.844949986289E-2));
#8446=CARTESIAN_POINT('',(0.E0,-7.516312194880E-2,7.938301947445E-2));
#8447=CARTESIAN_POINT('',(1.445561298107E-2,-7.378134489881E-2,
8.031653908601E-2));
#8448=CARTESIAN_POINT('',(2.877982057010E-2,-6.948063314299E-2,
8.133614447445E-2));
#8449=CARTESIAN_POINT('',(4.194962733789E-2,-6.239295126813E-2,
8.235574986289E-2));
#8450=CARTESIAN_POINT('',(5.314835322515E-2,-5.314835322515E-2,
8.328926947445E-2));
#8451=CARTESIAN_POINT('',(6.239295126813E-2,-4.194962733789E-2,
8.422278908601E-2));
#8452=CARTESIAN_POINT('',(6.948063314299E-2,-2.877982057010E-2,
8.524239447445E-2));
#8453=CARTESIAN_POINT('',(7.378134489881E-2,-1.445561298107E-2,
8.626199986289E-2));
#8454=CARTESIAN_POINT('',(7.516312194880E-2,0.E0,8.719551947445E-2));
#8455=CARTESIAN_POINT('',(7.378134489881E-2,1.445561298107E-2,
8.812903908601E-2));
#8456=CARTESIAN_POINT('',(6.948063314299E-2,2.877982057010E-2,
8.914864447445E-2));
#8457=CARTESIAN_POINT('',(6.239295126813E-2,4.194962733789E-2,
9.016824986289E-2));
#8458=CARTESIAN_POINT('',(5.314835322515E-2,5.314835322515E-2,
9.110176947445E-2));
#8459=CARTESIAN_POINT('',(4.194962733789E-2,6.239295126813E-2,
9.203528908601E-2));
#8460=CARTESIAN_POINT('',(2.877982057010E-2,6.948063314299E-2,
9.305489447445E-2));
#8461=CARTESIAN_POINT('',(1.445561298107E-2,7.378134489881E-2,
9.407449986289E-2));
#8462=CARTESIAN_POINT('',(0.E0,7.516312194880E-2,9.500801947445E-2));
#8463=CARTESIAN_POINT('',(-1.445561298107E-2,7.378134489881E-2,
9.594153908601E-2));
#8464=CARTESIAN_POINT('',(-2.877982057010E-2,6.948063314299E-2,
9.696114447445E-2));
#8465=CARTESIAN_POINT('',(-4.194962733789E-2,6.239295126813E-2,
9.798074986289E-2));
#8466=CARTESIAN_POINT('',(-5.314835322515E-2,5.314835322515E-2,
9.891426947445E-2));
#8467=CARTESIAN_POINT('',(-6.239295126813E-2,4.194962733789E-2,
9.984778908601E-2));
#8468=CARTESIAN_POINT('',(-6.948063314299E-2,2.877982057010E-2,
1.008673944745E-1));
#8469=CARTESIAN_POINT('',(-7.378134489881E-2,1.445561298107E-2,
1.018869998629E-1));
#8470=CARTESIAN_POINT('',(-7.516312194880E-2,0.E0,1.028205194745E-1));
#8471=CARTESIAN_POINT('',(-7.378134489881E-2,-1.445561298107E-2,
1.037540390860E-1));
#8472=CARTESIAN_POINT('',(-6.948063314299E-2,-2.877982057010E-2,
1.047736444745E-1));
#8473=CARTESIAN_POINT('',(-6.239295126813E-2,-4.194962733789E-2,
1.057932498629E-1));
#8474=CARTESIAN_POINT('',(-5.314835322515E-2,-5.314835322515E-2,
1.067267694745E-1));
#8475=CARTESIAN_POINT('',(-4.194962733789E-2,-6.239295126813E-2,
1.076602890860E-1));
#8476=CARTESIAN_POINT('',(-2.877982057010E-2,-6.948063314299E-2,
1.086798944745E-1));
#8477=CARTESIAN_POINT('',(-1.445561298107E-2,-7.378134489881E-2,
1.096994998629E-1));
#8478=CARTESIAN_POINT('',(0.E0,-7.516312194880E-2,1.106330194745E-1));
#8479=CARTESIAN_POINT('',(1.445561298107E-2,-7.378134489881E-2,
1.115665390860E-1));
#8480=CARTESIAN_POINT('',(2.877982057010E-2,-6.948063314299E-2,
1.125861444745E-1));
#8481=CARTESIAN_POINT('',(4.194962733789E-2,-6.239295126813E-2,
1.136057498629E-1));
#8482=CARTESIAN_POINT('',(5.314835322515E-2,-5.314835322515E-2,
1.145392694745E-1));
#8483=CARTESIAN_POINT('',(6.239295126813E-2,-4.194962733789E-2,
1.154727890860E-1));
#8484=CARTESIAN_POINT('',(6.948063314299E-2,-2.877982057010E-2,
1.164923944745E-1));
#8485=CARTESIAN_POINT('',(7.378134489881E-2,-1.445561298107E-2,
1.175119998629E-1));
#8486=CARTESIAN_POINT('',(7.516312194880E-2,0.E0,1.184455194745E-1));
#8487=CARTESIAN_POINT('',(7.378134489881E-2,1.445561298107E-2,
1.193790390860E-1));
#8488=CARTESIAN_POINT('',(6.948063314299E-2,2.877982057010E-2,
1.203986444745E-1));
#8489=CARTESIAN_POINT('',(6.239295126813E-2,4.194962733789E-2,
1.214182498629E-1));
#8490=CARTESIAN_POINT('',(5.314835322515E-2,5.314835322515E-2,
1.223517694745E-1));
#8491=CARTESIAN_POINT('',(4.194962733789E-2,6.239295126813E-2,
1.232852890860E-1));
#8492=CARTESIAN_POINT('',(2.877982057010E-2,6.948063314299E-2,
1.243048944745E-1));
#8493=CARTESIAN_POINT('',(1.445561298107E-2,7.378134489881E-2,
1.253244998629E-1));
#8494=CARTESIAN_POINT('',(0.E0,7.516312194880E-2,1.262580194745E-1));
#8495=CARTESIAN_POINT('',(-1.445561298107E-2,7.378134489881E-2,
1.271915390860E-1));
#8496=CARTESIAN_POINT('',(-2.877982057010E-2,6.948063314299E-2,
1.282111444745E-1));
#8497=CARTESIAN_POINT('',(-4.194962733789E-2,6.239295126813E-2,
1.292307498629E-1));
#8498=CARTESIAN_POINT('',(-5.314835322515E-2,5.314835322515E-2,
1.301642694745E-1));
#8499=CARTESIAN_POINT('',(-6.239295126813E-2,4.194962733789E-2,
1.310977890860E-1));
#8500=CARTESIAN_POINT('',(-6.948063314299E-2,2.877982057010E-2,
1.321173944745E-1));
#8501=CARTESIAN_POINT('',(-7.378134489881E-2,1.445561298107E-2,
1.331369998629E-1));
#8502=CARTESIAN_POINT('',(-7.516312194880E-2,0.E0,1.340705194745E-1));
#8503=CARTESIAN_POINT('',(-7.378134489881E-2,-1.445561298107E-2,
1.350040390860E-1));
#8504=CARTESIAN_POINT('',(-6.948063314299E-2,-2.877982057010E-2,
1.360236444745E-1));
#8505=CARTESIAN_POINT('',(-6.239295126813E-2,-4.194962733789E-2,
1.370432498629E-1));
#8506=CARTESIAN_POINT('',(-5.314835322515E-2,-5.314835322515E-2,
1.379767694745E-1));
#8507=CARTESIAN_POINT('',(-4.194962733789E-2,-6.239295126813E-2,
1.389102890860E-1));
#8508=CARTESIAN_POINT('',(-2.877982057010E-2,-6.948063314299E-2,
1.399298944745E-1));
#8509=CARTESIAN_POINT('',(-1.445561298107E-2,-7.378134489881E-2,
1.409494998629E-1));
#8510=CARTESIAN_POINT('',(0.E0,-7.516312194880E-2,1.418830194745E-1));
#8511=CARTESIAN_POINT('',(1.445561298107E-2,-7.378134489881E-2,
1.428165390860E-1));
#8512=CARTESIAN_POINT('',(2.877982057010E-2,-6.948063314299E-2,
1.438361444745E-1));
#8513=CARTESIAN_POINT('',(4.194962733789E-2,-6.239295126813E-2,
1.448557498629E-1));
#8514=CARTESIAN_POINT('',(5.314835322515E-2,-5.314835322515E-2,
1.457892694745E-1));
#8515=CARTESIAN_POINT('',(6.239295126813E-2,-4.194962733789E-2,
1.467227890860E-1));
#8516=CARTESIAN_POINT('',(6.948063314299E-2,-2.877982057010E-2,
1.477423944745E-1));
#8517=CARTESIAN_POINT('',(7.378134489881E-2,-1.445561298107E-2,
1.487619998629E-1));
#8518=CARTESIAN_POINT('',(7.516312194880E-2,0.E0,1.496955194745E-1));
#8519=CARTESIAN_POINT('',(7.378134489881E-2,1.445561298107E-2,
1.506290390860E-1));
#8520=CARTESIAN_POINT('',(6.948063314299E-2,2.877982057010E-2,
1.516486444745E-1));
#8521=CARTESIAN_POINT('',(6.239295126813E-2,4.194962733789E-2,
1.526682498629E-1));
#8522=CARTESIAN_POINT('',(5.314835322515E-2,5.314835322515E-2,
1.536017694745E-1));
#8523=CARTESIAN_POINT('',(4.194962733789E-2,6.239295126813E-2,
1.545352890860E-1));
#8524=CARTESIAN_POINT('',(2.877982057010E-2,6.948063314299E-2,
1.555548944745E-1));
#8525=CARTESIAN_POINT('',(1.445561298107E-2,7.378134489881E-2,
1.565744998629E-1));
#8526=CARTESIAN_POINT('',(0.E0,7.516312194880E-2,1.575080194745E-1));
#8527=CARTESIAN_POINT('',(-1.445561298107E-2,7.378134489881E-2,
1.584415390860E-1));
#8528=CARTESIAN_POINT('',(-2.877982057010E-2,6.948063314299E-2,
1.594611444745E-1));
#8529=CARTESIAN_POINT('',(-4.194962733789E-2,6.239295126813E-2,
1.604807498629E-1));
#8530=CARTESIAN_POINT('',(-5.314835322515E-2,5.314835322515E-2,
1.614142694745E-1));
#8531=CARTESIAN_POINT('',(-6.239295126813E-2,4.194962733789E-2,
1.623477890860E-1));
#8532=CARTESIAN_POINT('',(-6.948063314299E-2,2.877982057010E-2,
1.633673944745E-1));
#8533=CARTESIAN_POINT('',(-7.378134489881E-2,1.445561298107E-2,
1.643869998629E-1));
#8534=CARTESIAN_POINT('',(-7.516312194880E-2,0.E0,1.653205194745E-1));
#8535=CARTESIAN_POINT('',(-7.378134489881E-2,-1.445561298107E-2,
1.662540390860E-1));
#8536=CARTESIAN_POINT('',(-6.948063314299E-2,-2.877982057010E-2,
1.672736444745E-1));
#8537=CARTESIAN_POINT('',(-6.272006999776E-2,-4.134179948453E-2,
1.682461918790E-1));
#8538=CARTESIAN_POINT('',(-5.707632853751E-2,-4.837543407457E-2,
1.688291515011E-1));
#8539=CARTESIAN_POINT('',(-5.421912943504E-2,-5.138864125712E-2,
1.690974768235E-1));
#8540=CARTESIAN_POINT('',(-2.228126922989E-2,-7.130016877244E-2,
-2.990632916884E-1));
#8541=CARTESIAN_POINT('',(-1.969078587392E-2,-7.210910149363E-2,
-2.988784150892E-1));
#8542=CARTESIAN_POINT('',(-1.228092553722E-2,-7.398921800699E-2,
-2.983620947725E-1));
#8543=CARTESIAN_POINT('',(6.599231612340E-14,-7.516312194880E-2,
-2.975690128844E-1));
#8544=CARTESIAN_POINT('',(1.445561298105E-2,-7.378134489881E-2,
-2.966354932728E-1));
#8545=CARTESIAN_POINT('',(2.877982057010E-2,-6.948063314299E-2,
-2.956158878844E-1));
#8546=CARTESIAN_POINT('',(4.194962733789E-2,-6.239295126813E-2,
-2.945962824960E-1));
#8547=CARTESIAN_POINT('',(5.314835322515E-2,-5.314835322515E-2,
-2.936627628844E-1));
#8548=CARTESIAN_POINT('',(6.239295126813E-2,-4.194962733789E-2,
-2.927292432728E-1));
#8549=CARTESIAN_POINT('',(6.948063314299E-2,-2.877982057010E-2,
-2.917096378844E-1));
#8550=CARTESIAN_POINT('',(7.378134489881E-2,-1.445561298107E-2,
-2.906900324960E-1));
#8551=CARTESIAN_POINT('',(7.516312194880E-2,0.E0,-2.897565128844E-1));
#8552=CARTESIAN_POINT('',(7.378134489881E-2,1.445561298107E-2,
-2.888229932728E-1));
#8553=CARTESIAN_POINT('',(6.948063314299E-2,2.877982057010E-2,
-2.878033878844E-1));
#8554=CARTESIAN_POINT('',(6.239295126813E-2,4.194962733789E-2,
-2.867837824960E-1));
#8555=CARTESIAN_POINT('',(5.314835322515E-2,5.314835322515E-2,
-2.858502628844E-1));
#8556=CARTESIAN_POINT('',(4.194962733789E-2,6.239295126813E-2,
-2.849167432728E-1));
#8557=CARTESIAN_POINT('',(2.877982057010E-2,6.948063314299E-2,
-2.838971378844E-1));
#8558=CARTESIAN_POINT('',(1.445561298107E-2,7.378134489881E-2,
-2.828775324960E-1));
#8559=CARTESIAN_POINT('',(0.E0,7.516312194880E-2,-2.819440128844E-1));
#8560=CARTESIAN_POINT('',(-1.445561298107E-2,7.378134489881E-2,
-2.810104932728E-1));
#8561=CARTESIAN_POINT('',(-2.877982057010E-2,6.948063314299E-2,
-2.799908878844E-1));
#8562=CARTESIAN_POINT('',(-4.194962733789E-2,6.239295126813E-2,
-2.789712824960E-1));
#8563=CARTESIAN_POINT('',(-5.314835322515E-2,5.314835322515E-2,
-2.780377628844E-1));
#8564=CARTESIAN_POINT('',(-6.239295126813E-2,4.194962733789E-2,
-2.771042432728E-1));
#8565=CARTESIAN_POINT('',(-6.948063314299E-2,2.877982057010E-2,
-2.760846378844E-1));
#8566=CARTESIAN_POINT('',(-7.378134489881E-2,1.445561298107E-2,
-2.750650324960E-1));
#8567=CARTESIAN_POINT('',(-7.516312194880E-2,0.E0,-2.741315128844E-1));
#8568=CARTESIAN_POINT('',(-7.378134489881E-2,-1.445561298107E-2,
-2.731979932728E-1));
#8569=CARTESIAN_POINT('',(-6.948063314299E-2,-2.877982057010E-2,
-2.721783878844E-1));
#8570=CARTESIAN_POINT('',(-6.239295126813E-2,-4.194962733789E-2,
-2.711587824960E-1));
#8571=CARTESIAN_POINT('',(-5.314835322515E-2,-5.314835322515E-2,
-2.702252628844E-1));
#8572=CARTESIAN_POINT('',(-4.194962733789E-2,-6.239295126813E-2,
-2.692917432728E-1));
#8573=CARTESIAN_POINT('',(-2.877982057010E-2,-6.948063314299E-2,
-2.682721378844E-1));
#8574=CARTESIAN_POINT('',(-1.445561298107E-2,-7.378134489881E-2,
-2.672525324960E-1));
#8575=CARTESIAN_POINT('',(0.E0,-7.516312194880E-2,-2.663190128844E-1));
#8576=CARTESIAN_POINT('',(1.445561298107E-2,-7.378134489881E-2,
-2.653854932728E-1));
#8577=CARTESIAN_POINT('',(2.877982057010E-2,-6.948063314299E-2,
-2.643658878844E-1));
#8578=CARTESIAN_POINT('',(4.194962733789E-2,-6.239295126813E-2,
-2.633462824960E-1));
#8579=CARTESIAN_POINT('',(5.314835322515E-2,-5.314835322515E-2,
-2.624127628844E-1));
#8580=CARTESIAN_POINT('',(6.239295126813E-2,-4.194962733789E-2,
-2.614792432728E-1));
#8581=CARTESIAN_POINT('',(6.948063314299E-2,-2.877982057010E-2,
-2.604596378844E-1));
#8582=CARTESIAN_POINT('',(7.378134489881E-2,-1.445561298107E-2,
-2.594400324960E-1));
#8583=CARTESIAN_POINT('',(7.516312194880E-2,0.E0,-2.585065128844E-1));
#8584=CARTESIAN_POINT('',(7.378134489881E-2,1.445561298107E-2,
-2.575729932728E-1));
#8585=CARTESIAN_POINT('',(6.948063314299E-2,2.877982057010E-2,
-2.565533878844E-1));
#8586=CARTESIAN_POINT('',(6.239295126813E-2,4.194962733789E-2,
-2.555337824960E-1));
#8587=CARTESIAN_POINT('',(5.314835322515E-2,5.314835322515E-2,
-2.546002628844E-1));
#8588=CARTESIAN_POINT('',(4.194962733789E-2,6.239295126813E-2,
-2.536667432728E-1));
#8589=CARTESIAN_POINT('',(2.877982057010E-2,6.948063314299E-2,
-2.526471378844E-1));
#8590=CARTESIAN_POINT('',(1.445561298107E-2,7.378134489881E-2,
-2.516275324960E-1));
#8591=CARTESIAN_POINT('',(0.E0,7.516312194880E-2,-2.506940128844E-1));
#8592=CARTESIAN_POINT('',(-1.445561298107E-2,7.378134489881E-2,
-2.497604932728E-1));
#8593=CARTESIAN_POINT('',(-2.877982057010E-2,6.948063314299E-2,
-2.487408878844E-1));
#8594=CARTESIAN_POINT('',(-4.194962733789E-2,6.239295126813E-2,
-2.477212824960E-1));
#8595=CARTESIAN_POINT('',(-5.314835322515E-2,5.314835322515E-2,
-2.467877628844E-1));
#8596=CARTESIAN_POINT('',(-6.239295126813E-2,4.194962733789E-2,
-2.458542432728E-1));
#8597=CARTESIAN_POINT('',(-6.948063314299E-2,2.877982057010E-2,
-2.448346378844E-1));
#8598=CARTESIAN_POINT('',(-7.378134489881E-2,1.445561298107E-2,
-2.438150324960E-1));
#8599=CARTESIAN_POINT('',(-7.516312194880E-2,0.E0,-2.428815128844E-1));
#8600=CARTESIAN_POINT('',(-7.378134489881E-2,-1.445561298107E-2,
-2.419479932728E-1));
#8601=CARTESIAN_POINT('',(-6.948063314299E-2,-2.877982057010E-2,
-2.409283878844E-1));
#8602=CARTESIAN_POINT('',(-6.239295126813E-2,-4.194962733789E-2,
-2.399087824960E-1));
#8603=CARTESIAN_POINT('',(-5.314835322515E-2,-5.314835322515E-2,
-2.389752628844E-1));
#8604=CARTESIAN_POINT('',(-4.194962733789E-2,-6.239295126813E-2,
-2.380417432728E-1));
#8605=CARTESIAN_POINT('',(-2.877982057010E-2,-6.948063314299E-2,
-2.370221378844E-1));
#8606=CARTESIAN_POINT('',(-1.445561298107E-2,-7.378134489881E-2,
-2.360025324960E-1));
#8607=CARTESIAN_POINT('',(0.E0,-7.516312194880E-2,-2.350690128844E-1));
#8608=CARTESIAN_POINT('',(1.445561298107E-2,-7.378134489881E-2,
-2.341354932728E-1));
#8609=CARTESIAN_POINT('',(2.877982057010E-2,-6.948063314299E-2,
-2.331158878844E-1));
#8610=CARTESIAN_POINT('',(4.194962733789E-2,-6.239295126813E-2,
-2.320962824960E-1));
#8611=CARTESIAN_POINT('',(5.314835322515E-2,-5.314835322515E-2,
-2.311627628844E-1));
#8612=CARTESIAN_POINT('',(6.239295126813E-2,-4.194962733789E-2,
-2.302292432728E-1));
#8613=CARTESIAN_POINT('',(6.948063314299E-2,-2.877982057010E-2,
-2.292096378844E-1));
#8614=CARTESIAN_POINT('',(7.378134489881E-2,-1.445561298107E-2,
-2.281900324960E-1));
#8615=CARTESIAN_POINT('',(7.516312194880E-2,0.E0,-2.272565128844E-1));
#8616=CARTESIAN_POINT('',(7.378134489881E-2,1.445561298107E-2,
-2.263229932728E-1));
#8617=CARTESIAN_POINT('',(6.948063314299E-2,2.877982057010E-2,
-2.253033878844E-1));
#8618=CARTESIAN_POINT('',(6.239295126813E-2,4.194962733789E-2,
-2.242837824960E-1));
#8619=CARTESIAN_POINT('',(5.314835322515E-2,5.314835322515E-2,
-2.233502628844E-1));
#8620=CARTESIAN_POINT('',(4.194962733789E-2,6.239295126813E-2,
-2.224167432728E-1));
#8621=CARTESIAN_POINT('',(2.877982057010E-2,6.948063314299E-2,
-2.213971378844E-1));
#8622=CARTESIAN_POINT('',(1.445561298107E-2,7.378134489881E-2,
-2.203775324960E-1));
#8623=CARTESIAN_POINT('',(0.E0,7.516312194880E-2,-2.194440128844E-1));
#8624=CARTESIAN_POINT('',(-1.445561298107E-2,7.378134489881E-2,
-2.185104932728E-1));
#8625=CARTESIAN_POINT('',(-2.877982057010E-2,6.948063314299E-2,
-2.174908878844E-1));
#8626=CARTESIAN_POINT('',(-4.194962733789E-2,6.239295126813E-2,
-2.164712824960E-1));
#8627=CARTESIAN_POINT('',(-5.314835322515E-2,5.314835322515E-2,
-2.155377628844E-1));
#8628=CARTESIAN_POINT('',(-6.239295126813E-2,4.194962733789E-2,
-2.146042432728E-1));
#8629=CARTESIAN_POINT('',(-6.948063314299E-2,2.877982057010E-2,
-2.135846378844E-1));
#8630=CARTESIAN_POINT('',(-7.378134489881E-2,1.445561298107E-2,
-2.125650324960E-1));
#8631=CARTESIAN_POINT('',(-7.516312194880E-2,0.E0,-2.116315128844E-1));
#8632=CARTESIAN_POINT('',(-7.378134489881E-2,-1.445561298107E-2,
-2.106979932728E-1));
#8633=CARTESIAN_POINT('',(-6.948063314299E-2,-2.877982057010E-2,
-2.096783878844E-1));
#8634=CARTESIAN_POINT('',(-6.239295126813E-2,-4.194962733789E-2,
-2.086587824960E-1));
#8635=CARTESIAN_POINT('',(-5.314835322515E-2,-5.314835322515E-2,
-2.077252628844E-1));
#8636=CARTESIAN_POINT('',(-4.194962733789E-2,-6.239295126813E-2,
-2.067917432728E-1));
#8637=CARTESIAN_POINT('',(-2.877982057010E-2,-6.948063314299E-2,
-2.057721378844E-1));
#8638=CARTESIAN_POINT('',(-1.445561298107E-2,-7.378134489881E-2,
-2.047525324960E-1));
#8639=CARTESIAN_POINT('',(0.E0,-7.516312194880E-2,-2.038190128844E-1));
#8640=CARTESIAN_POINT('',(1.445561298107E-2,-7.378134489881E-2,
-2.028854932728E-1));
#8641=CARTESIAN_POINT('',(2.877982057010E-2,-6.948063314299E-2,
-2.018658878844E-1));
#8642=CARTESIAN_POINT('',(4.194962733789E-2,-6.239295126813E-2,
-2.008462824960E-1));
#8643=CARTESIAN_POINT('',(5.314835322515E-2,-5.314835322515E-2,
-1.999127628844E-1));
#8644=CARTESIAN_POINT('',(6.239295126813E-2,-4.194962733789E-2,
-1.989792432728E-1));
#8645=CARTESIAN_POINT('',(6.948063314299E-2,-2.877982057010E-2,
-1.979596378844E-1));
#8646=CARTESIAN_POINT('',(7.378134489881E-2,-1.445561298107E-2,
-1.969400324960E-1));
#8647=CARTESIAN_POINT('',(7.516312194880E-2,0.E0,-1.960065128844E-1));
#8648=CARTESIAN_POINT('',(7.378134489881E-2,1.445561298107E-2,
-1.950729932728E-1));
#8649=CARTESIAN_POINT('',(6.948063314299E-2,2.877982057010E-2,
-1.940533878844E-1));
#8650=CARTESIAN_POINT('',(6.239295126813E-2,4.194962733789E-2,
-1.930337824960E-1));
#8651=CARTESIAN_POINT('',(5.314835322515E-2,5.314835322515E-2,
-1.921002628844E-1));
#8652=CARTESIAN_POINT('',(4.194962733789E-2,6.239295126813E-2,
-1.911667432728E-1));
#8653=CARTESIAN_POINT('',(2.877982057010E-2,6.948063314299E-2,
-1.901471378844E-1));
#8654=CARTESIAN_POINT('',(1.445561298107E-2,7.378134489881E-2,
-1.891275324960E-1));
#8655=CARTESIAN_POINT('',(0.E0,7.516312194880E-2,-1.881940128844E-1));
#8656=CARTESIAN_POINT('',(-1.445561298107E-2,7.378134489881E-2,
-1.872604932728E-1));
#8657=CARTESIAN_POINT('',(-2.877982057010E-2,6.948063314299E-2,
-1.862408878844E-1));
#8658=CARTESIAN_POINT('',(-4.194962733789E-2,6.239295126813E-2,
-1.852212824960E-1));
#8659=CARTESIAN_POINT('',(-5.314835322515E-2,5.314835322515E-2,
-1.842877628844E-1));
#8660=CARTESIAN_POINT('',(-6.239295126813E-2,4.194962733789E-2,
-1.833542432728E-1));
#8661=CARTESIAN_POINT('',(-6.948063314299E-2,2.877982057010E-2,
-1.823346378844E-1));
#8662=CARTESIAN_POINT('',(-7.378134489881E-2,1.445561298107E-2,
-1.813150324960E-1));
#8663=CARTESIAN_POINT('',(-7.516312194880E-2,0.E0,-1.803815128844E-1));
#8664=CARTESIAN_POINT('',(-7.378134489881E-2,-1.445561298107E-2,
-1.794479932728E-1));
#8665=CARTESIAN_POINT('',(-6.948063314299E-2,-2.877982057010E-2,
-1.784283878844E-1));
#8666=CARTESIAN_POINT('',(-6.239295126813E-2,-4.194962733789E-2,
-1.774087824960E-1));
#8667=CARTESIAN_POINT('',(-5.314835322515E-2,-5.314835322515E-2,
-1.764752628844E-1));
#8668=CARTESIAN_POINT('',(-4.194962733789E-2,-6.239295126813E-2,
-1.755417432728E-1));
#8669=CARTESIAN_POINT('',(-2.877982057010E-2,-6.948063314299E-2,
-1.745221378844E-1));
#8670=CARTESIAN_POINT('',(-1.445561298107E-2,-7.378134489881E-2,
-1.735025324960E-1));
#8671=CARTESIAN_POINT('',(0.E0,-7.516312194880E-2,-1.725690128844E-1));
#8672=CARTESIAN_POINT('',(1.445561298107E-2,-7.378134489881E-2,
-1.716354932728E-1));
#8673=CARTESIAN_POINT('',(2.877982057010E-2,-6.948063314299E-2,
-1.706158878844E-1));
#8674=CARTESIAN_POINT('',(4.194962733789E-2,-6.239295126813E-2,
-1.695962824960E-1));
#8675=CARTESIAN_POINT('',(5.314835322515E-2,-5.314835322515E-2,
-1.686627628844E-1));
#8676=CARTESIAN_POINT('',(6.239295126813E-2,-4.194962733789E-2,
-1.677292432728E-1));
#8677=CARTESIAN_POINT('',(6.948063314299E-2,-2.877982057010E-2,
-1.667096378844E-1));
#8678=CARTESIAN_POINT('',(7.378134489881E-2,-1.445561298107E-2,
-1.656900324960E-1));
#8679=CARTESIAN_POINT('',(7.516312194880E-2,0.E0,-1.647565128844E-1));
#8680=CARTESIAN_POINT('',(7.378134489881E-2,1.445561298107E-2,
-1.638229932728E-1));
#8681=CARTESIAN_POINT('',(6.948063314299E-2,2.877982057010E-2,
-1.628033878844E-1));
#8682=CARTESIAN_POINT('',(6.239295126813E-2,4.194962733789E-2,
-1.617837824960E-1));
#8683=CARTESIAN_POINT('',(5.314835322515E-2,5.314835322515E-2,
-1.608502628844E-1));
#8684=CARTESIAN_POINT('',(4.194962733789E-2,6.239295126813E-2,
-1.599167432728E-1));
#8685=CARTESIAN_POINT('',(2.877982057010E-2,6.948063314299E-2,
-1.588971378844E-1));
#8686=CARTESIAN_POINT('',(1.445561298107E-2,7.378134489881E-2,
-1.578775324960E-1));
#8687=CARTESIAN_POINT('',(0.E0,7.516312194880E-2,-1.569440128844E-1));
#8688=CARTESIAN_POINT('',(-1.445561298107E-2,7.378134489881E-2,
-1.560104932728E-1));
#8689=CARTESIAN_POINT('',(-2.877982057010E-2,6.948063314299E-2,
-1.549908878844E-1));
#8690=CARTESIAN_POINT('',(-4.194962733789E-2,6.239295126813E-2,
-1.539712824960E-1));
#8691=CARTESIAN_POINT('',(-5.314835322515E-2,5.314835322515E-2,
-1.530377628844E-1));
#8692=CARTESIAN_POINT('',(-6.239295126813E-2,4.194962733789E-2,
-1.521042432728E-1));
#8693=CARTESIAN_POINT('',(-6.948063314299E-2,2.877982057010E-2,
-1.510846378844E-1));
#8694=CARTESIAN_POINT('',(-7.378134489881E-2,1.445561298107E-2,
-1.500650324960E-1));
#8695=CARTESIAN_POINT('',(-7.516312194880E-2,0.E0,-1.491315128844E-1));
#8696=CARTESIAN_POINT('',(-7.378134489881E-2,-1.445561298107E-2,
-1.481979932728E-1));
#8697=CARTESIAN_POINT('',(-6.948063314299E-2,-2.877982057010E-2,
-1.471783878844E-1));
#8698=CARTESIAN_POINT('',(-6.239295126813E-2,-4.194962733789E-2,
-1.461587824960E-1));
#8699=CARTESIAN_POINT('',(-5.314835322515E-2,-5.314835322515E-2,
-1.452252628844E-1));
#8700=CARTESIAN_POINT('',(-4.194962733789E-2,-6.239295126813E-2,
-1.442917432728E-1));
#8701=CARTESIAN_POINT('',(-2.877982057010E-2,-6.948063314299E-2,
-1.432721378844E-1));
#8702=CARTESIAN_POINT('',(-1.445561298107E-2,-7.378134489881E-2,
-1.422525324960E-1));
#8703=CARTESIAN_POINT('',(0.E0,-7.516312194880E-2,-1.413190128844E-1));
#8704=CARTESIAN_POINT('',(1.445561298107E-2,-7.378134489881E-2,
-1.403854932728E-1));
#8705=CARTESIAN_POINT('',(2.877982057010E-2,-6.948063314299E-2,
-1.393658878844E-1));
#8706=CARTESIAN_POINT('',(4.194962733789E-2,-6.239295126813E-2,
-1.383462824960E-1));
#8707=CARTESIAN_POINT('',(5.314835322515E-2,-5.314835322515E-2,
-1.374127628844E-1));
#8708=CARTESIAN_POINT('',(6.239295126813E-2,-4.194962733789E-2,
-1.364792432728E-1));
#8709=CARTESIAN_POINT('',(6.948063314299E-2,-2.877982057010E-2,
-1.354596378844E-1));
#8710=CARTESIAN_POINT('',(7.378134489881E-2,-1.445561298107E-2,
-1.344400324960E-1));
#8711=CARTESIAN_POINT('',(7.516312194880E-2,0.E0,-1.335065128844E-1));
#8712=CARTESIAN_POINT('',(7.378134489881E-2,1.445561298107E-2,
-1.325729932728E-1));
#8713=CARTESIAN_POINT('',(6.948063314299E-2,2.877982057010E-2,
-1.315533878844E-1));
#8714=CARTESIAN_POINT('',(6.239295126813E-2,4.194962733789E-2,
-1.305337824960E-1));
#8715=CARTESIAN_POINT('',(5.314835322515E-2,5.314835322515E-2,
-1.296002628844E-1));
#8716=CARTESIAN_POINT('',(4.194962733789E-2,6.239295126813E-2,
-1.286667432728E-1));
#8717=CARTESIAN_POINT('',(2.877982057010E-2,6.948063314299E-2,
-1.276471378844E-1));
#8718=CARTESIAN_POINT('',(1.445561298107E-2,7.378134489881E-2,
-1.266275324960E-1));
#8719=CARTESIAN_POINT('',(0.E0,7.516312194880E-2,-1.256940128844E-1));
#8720=CARTESIAN_POINT('',(-1.445561298107E-2,7.378134489881E-2,
-1.247604932728E-1));
#8721=CARTESIAN_POINT('',(-2.877982057010E-2,6.948063314299E-2,
-1.237408878844E-1));
#8722=CARTESIAN_POINT('',(-4.194962733789E-2,6.239295126813E-2,
-1.227212824960E-1));
#8723=CARTESIAN_POINT('',(-5.314835322515E-2,5.314835322515E-2,
-1.217877628844E-1));
#8724=CARTESIAN_POINT('',(-6.239295126813E-2,4.194962733789E-2,
-1.208542432728E-1));
#8725=CARTESIAN_POINT('',(-6.948063314299E-2,2.877982057010E-2,
-1.198346378844E-1));
#8726=CARTESIAN_POINT('',(-7.378134489881E-2,1.445561298107E-2,
-1.188150324960E-1));
#8727=CARTESIAN_POINT('',(-7.516312194880E-2,0.E0,-1.178815128844E-1));
#8728=CARTESIAN_POINT('',(-7.378134489881E-2,-1.445561298107E-2,
-1.169479932728E-1));
#8729=CARTESIAN_POINT('',(-6.948063314299E-2,-2.877982057010E-2,
-1.159283878844E-1));
#8730=CARTESIAN_POINT('',(-6.239295126813E-2,-4.194962733789E-2,
-1.149087824960E-1));
#8731=CARTESIAN_POINT('',(-5.314835322515E-2,-5.314835322515E-2,
-1.139752628844E-1));
#8732=CARTESIAN_POINT('',(-4.194962733789E-2,-6.239295126813E-2,
-1.130417432728E-1));
#8733=CARTESIAN_POINT('',(-2.877982057010E-2,-6.948063314299E-2,
-1.120221378844E-1));
#8734=CARTESIAN_POINT('',(-1.445561298107E-2,-7.378134489881E-2,
-1.110025324960E-1));
#8735=CARTESIAN_POINT('',(0.E0,-7.516312194880E-2,-1.100690128844E-1));
#8736=CARTESIAN_POINT('',(1.445561298107E-2,-7.378134489881E-2,
-1.091354932728E-1));
#8737=CARTESIAN_POINT('',(2.877982057010E-2,-6.948063314299E-2,
-1.081158878844E-1));
#8738=CARTESIAN_POINT('',(4.194962733789E-2,-6.239295126813E-2,
-1.070962824960E-1));
#8739=CARTESIAN_POINT('',(5.314835322515E-2,-5.314835322515E-2,
-1.061627628844E-1));
#8740=CARTESIAN_POINT('',(6.239295126813E-2,-4.194962733789E-2,
-1.052292432728E-1));
#8741=CARTESIAN_POINT('',(6.948063314299E-2,-2.877982057010E-2,
-1.042096378844E-1));
#8742=CARTESIAN_POINT('',(7.378134489881E-2,-1.445561298107E-2,
-1.031900324960E-1));
#8743=CARTESIAN_POINT('',(7.516312194880E-2,0.E0,-1.022565128844E-1));
#8744=CARTESIAN_POINT('',(7.378134489881E-2,1.445561298107E-2,
-1.013229932728E-1));
#8745=CARTESIAN_POINT('',(6.948063314299E-2,2.877982057010E-2,
-1.003033878844E-1));
#8746=CARTESIAN_POINT('',(6.239295126813E-2,4.194962733789E-2,
-9.928378249597E-2));
#8747=CARTESIAN_POINT('',(5.314835322515E-2,5.314835322515E-2,
-9.835026288441E-2));
#8748=CARTESIAN_POINT('',(4.194962733789E-2,6.239295126813E-2,
-9.741674327285E-2));
#8749=CARTESIAN_POINT('',(2.877982057010E-2,6.948063314299E-2,
-9.639713788441E-2));
#8750=CARTESIAN_POINT('',(1.445561298107E-2,7.378134489881E-2,
-9.537753249597E-2));
#8751=CARTESIAN_POINT('',(0.E0,7.516312194880E-2,-9.444401288441E-2));
#8752=CARTESIAN_POINT('',(-1.445561298107E-2,7.378134489881E-2,
-9.351049327285E-2));
#8753=CARTESIAN_POINT('',(-2.877982057010E-2,6.948063314299E-2,
-9.249088788441E-2));
#8754=CARTESIAN_POINT('',(-4.194962733789E-2,6.239295126813E-2,
-9.147128249597E-2));
#8755=CARTESIAN_POINT('',(-5.314835322515E-2,5.314835322515E-2,
-9.053776288441E-2));
#8756=CARTESIAN_POINT('',(-6.239295126813E-2,4.194962733789E-2,
-8.960424327285E-2));
#8757=CARTESIAN_POINT('',(-6.948063314299E-2,2.877982057010E-2,
-8.858463788441E-2));
#8758=CARTESIAN_POINT('',(-7.378134489881E-2,1.445561298107E-2,
-8.756503249597E-2));
#8759=CARTESIAN_POINT('',(-7.516312194880E-2,0.E0,-8.663151288441E-2));
#8760=CARTESIAN_POINT('',(-7.378134489881E-2,-1.445561298107E-2,
-8.569799327285E-2));
#8761=CARTESIAN_POINT('',(-6.948063314299E-2,-2.877982057010E-2,
-8.467838788441E-2));
#8762=CARTESIAN_POINT('',(-6.239295126813E-2,-4.194962733789E-2,
-8.365878249597E-2));
#8763=CARTESIAN_POINT('',(-5.314835322515E-2,-5.314835322515E-2,
-8.272526288441E-2));
#8764=CARTESIAN_POINT('',(-4.194962733789E-2,-6.239295126813E-2,
-8.179174327285E-2));
#8765=CARTESIAN_POINT('',(-2.877982057010E-2,-6.948063314299E-2,
-8.077213788441E-2));
#8766=CARTESIAN_POINT('',(-1.445561298107E-2,-7.378134489881E-2,
-7.975253249597E-2));
#8767=CARTESIAN_POINT('',(0.E0,-7.516312194880E-2,-7.881901288441E-2));
#8768=CARTESIAN_POINT('',(1.445561298107E-2,-7.378134489881E-2,
-7.788549327285E-2));
#8769=CARTESIAN_POINT('',(2.877982057010E-2,-6.948063314299E-2,
-7.686588788441E-2));
#8770=CARTESIAN_POINT('',(4.194962733789E-2,-6.239295126813E-2,
-7.584628249597E-2));
#8771=CARTESIAN_POINT('',(5.314835322515E-2,-5.314835322515E-2,
-7.491276288441E-2));
#8772=CARTESIAN_POINT('',(6.239295126813E-2,-4.194962733789E-2,
-7.397924327285E-2));
#8773=CARTESIAN_POINT('',(6.948063314299E-2,-2.877982057010E-2,
-7.295963788441E-2));
#8774=CARTESIAN_POINT('',(7.378134489881E-2,-1.445561298107E-2,
-7.194003249597E-2));
#8775=CARTESIAN_POINT('',(7.516312194880E-2,0.E0,-7.100651288441E-2));
#8776=CARTESIAN_POINT('',(7.378134489881E-2,1.445561298107E-2,
-7.007299327285E-2));
#8777=CARTESIAN_POINT('',(6.948063314299E-2,2.877982057010E-2,
-6.905338788441E-2));
#8778=CARTESIAN_POINT('',(6.239295126813E-2,4.194962733789E-2,
-6.803378249597E-2));
#8779=CARTESIAN_POINT('',(5.314835322515E-2,5.314835322515E-2,
-6.710026288441E-2));
#8780=CARTESIAN_POINT('',(4.194962733789E-2,6.239295126813E-2,
-6.616674327285E-2));
#8781=CARTESIAN_POINT('',(2.877982057010E-2,6.948063314299E-2,
-6.514713788441E-2));
#8782=CARTESIAN_POINT('',(1.445561298107E-2,7.378134489881E-2,
-6.412753249597E-2));
#8783=CARTESIAN_POINT('',(0.E0,7.516312194880E-2,-6.319401288441E-2));
#8784=CARTESIAN_POINT('',(-1.445561298107E-2,7.378134489881E-2,
-6.226049327285E-2));
#8785=CARTESIAN_POINT('',(-2.877982057010E-2,6.948063314299E-2,
-6.124088788441E-2));
#8786=CARTESIAN_POINT('',(-4.194962733789E-2,6.239295126813E-2,
-6.022128249597E-2));
#8787=CARTESIAN_POINT('',(-5.314835322515E-2,5.314835322515E-2,
-5.928776288441E-2));
#8788=CARTESIAN_POINT('',(-6.239295126813E-2,4.194962733789E-2,
-5.835424327285E-2));
#8789=CARTESIAN_POINT('',(-6.948063314299E-2,2.877982057010E-2,
-5.733463788441E-2));
#8790=CARTESIAN_POINT('',(-7.378134489881E-2,1.445561298107E-2,
-5.631503249597E-2));
#8791=CARTESIAN_POINT('',(-7.516312194880E-2,0.E0,-5.538151288441E-2));
#8792=CARTESIAN_POINT('',(-7.378134489881E-2,-1.445561298107E-2,
-5.444799327285E-2));
#8793=CARTESIAN_POINT('',(-6.948063314299E-2,-2.877982057010E-2,
-5.342838788441E-2));
#8794=CARTESIAN_POINT('',(-6.239295126813E-2,-4.194962733789E-2,
-5.240878249597E-2));
#8795=CARTESIAN_POINT('',(-5.314835322515E-2,-5.314835322515E-2,
-5.147526288441E-2));
#8796=CARTESIAN_POINT('',(-4.194962733789E-2,-6.239295126813E-2,
-5.054174327285E-2));
#8797=CARTESIAN_POINT('',(-2.877982057010E-2,-6.948063314299E-2,
-4.952213788441E-2));
#8798=CARTESIAN_POINT('',(-1.445561298107E-2,-7.378134489881E-2,
-4.850253249597E-2));
#8799=CARTESIAN_POINT('',(0.E0,-7.516312194880E-2,-4.756901288441E-2));
#8800=CARTESIAN_POINT('',(1.445561298107E-2,-7.378134489881E-2,
-4.663549327285E-2));
#8801=CARTESIAN_POINT('',(2.877982057010E-2,-6.948063314299E-2,
-4.561588788441E-2));
#8802=CARTESIAN_POINT('',(4.194962733789E-2,-6.239295126813E-2,
-4.459628249597E-2));
#8803=CARTESIAN_POINT('',(5.314835322515E-2,-5.314835322515E-2,
-4.366276288441E-2));
#8804=CARTESIAN_POINT('',(6.239295126813E-2,-4.194962733789E-2,
-4.272924327285E-2));
#8805=CARTESIAN_POINT('',(6.948063314299E-2,-2.877982057010E-2,
-4.170963788441E-2));
#8806=CARTESIAN_POINT('',(7.378134489881E-2,-1.445561298107E-2,
-4.069003249597E-2));
#8807=CARTESIAN_POINT('',(7.516312194880E-2,0.E0,-3.975651288441E-2));
#8808=CARTESIAN_POINT('',(7.378134489881E-2,1.445561298107E-2,
-3.882299327285E-2));
#8809=CARTESIAN_POINT('',(6.948063314299E-2,2.877982057010E-2,
-3.780338788441E-2));
#8810=CARTESIAN_POINT('',(6.239295126813E-2,4.194962733789E-2,
-3.678378249597E-2));
#8811=CARTESIAN_POINT('',(5.314835322515E-2,5.314835322515E-2,
-3.585026288441E-2));
#8812=CARTESIAN_POINT('',(4.194962733789E-2,6.239295126813E-2,
-3.491674327285E-2));
#8813=CARTESIAN_POINT('',(2.877982057010E-2,6.948063314299E-2,
-3.389713788441E-2));
#8814=CARTESIAN_POINT('',(1.445561298107E-2,7.378134489881E-2,
-3.287753249597E-2));
#8815=CARTESIAN_POINT('',(0.E0,7.516312194880E-2,-3.194401288441E-2));
#8816=CARTESIAN_POINT('',(-1.445561298107E-2,7.378134489881E-2,
-3.101049327285E-2));
#8817=CARTESIAN_POINT('',(-2.877982057010E-2,6.948063314299E-2,
-2.999088788441E-2));
#8818=CARTESIAN_POINT('',(-4.194962733789E-2,6.239295126813E-2,
-2.897128249597E-2));
#8819=CARTESIAN_POINT('',(-5.314835322515E-2,5.314835322515E-2,
-2.803776288441E-2));
#8820=CARTESIAN_POINT('',(-6.239295126813E-2,4.194962733789E-2,
-2.710424327285E-2));
#8821=CARTESIAN_POINT('',(-6.948063314299E-2,2.877982057010E-2,
-2.608463788441E-2));
#8822=CARTESIAN_POINT('',(-7.378134489881E-2,1.445561298107E-2,
-2.506503249597E-2));
#8823=CARTESIAN_POINT('',(-7.516312194880E-2,0.E0,-2.413151288441E-2));
#8824=CARTESIAN_POINT('',(-7.378134489881E-2,-1.445561298107E-2,
-2.319799327285E-2));
#8825=CARTESIAN_POINT('',(-6.948063314299E-2,-2.877982057010E-2,
-2.217838788441E-2));
#8826=CARTESIAN_POINT('',(-6.239295126813E-2,-4.194962733789E-2,
-2.115878249597E-2));
#8827=CARTESIAN_POINT('',(-5.314835322515E-2,-5.314835322515E-2,
-2.022526288441E-2));
#8828=CARTESIAN_POINT('',(-4.194962733789E-2,-6.239295126813E-2,
-1.929174327285E-2));
#8829=CARTESIAN_POINT('',(-2.877982057010E-2,-6.948063314299E-2,
-1.827213788441E-2));
#8830=CARTESIAN_POINT('',(-1.445561298107E-2,-7.378134489881E-2,
-1.725253249597E-2));
#8831=CARTESIAN_POINT('',(0.E0,-7.516312194880E-2,-1.631901288441E-2));
#8832=CARTESIAN_POINT('',(1.445561298107E-2,-7.378134489881E-2,
-1.538549327285E-2));
#8833=CARTESIAN_POINT('',(2.877982057010E-2,-6.948063314299E-2,
-1.436588788441E-2));
#8834=CARTESIAN_POINT('',(4.194962733789E-2,-6.239295126813E-2,
-1.334628249597E-2));
#8835=CARTESIAN_POINT('',(5.314835322515E-2,-5.314835322515E-2,
-1.241276288441E-2));
#8836=CARTESIAN_POINT('',(6.239295126813E-2,-4.194962733789E-2,
-1.147924327285E-2));
#8837=CARTESIAN_POINT('',(6.948063314299E-2,-2.877982057010E-2,
-1.045963788441E-2));
#8838=CARTESIAN_POINT('',(7.378134489881E-2,-1.445561298107E-2,
-9.440032495967E-3));
#8839=CARTESIAN_POINT('',(7.516312194880E-2,0.E0,-8.506512884406E-3));
#8840=CARTESIAN_POINT('',(7.378134489881E-2,1.445561298107E-2,
-7.572993272846E-3));
#8841=CARTESIAN_POINT('',(6.948063314299E-2,2.877982057010E-2,
-6.553387884406E-3));
#8842=CARTESIAN_POINT('',(6.239295126813E-2,4.194962733789E-2,
-5.533782495967E-3));
#8843=CARTESIAN_POINT('',(5.314835322515E-2,5.314835322515E-2,
-4.600262884406E-3));
#8844=CARTESIAN_POINT('',(4.194962733789E-2,6.239295126813E-2,
-3.666743272846E-3));
#8845=CARTESIAN_POINT('',(2.877982057010E-2,6.948063314299E-2,
-2.647137884406E-3));
#8846=CARTESIAN_POINT('',(1.445561298107E-2,7.378134489881E-2,
-1.627532495967E-3));
#8847=CARTESIAN_POINT('',(0.E0,7.516312194880E-2,-6.940128844063E-4));
#8848=CARTESIAN_POINT('',(-1.445561298107E-2,7.378134489881E-2,
2.395067271544E-4));
#8849=CARTESIAN_POINT('',(-2.877982057010E-2,6.948063314299E-2,
1.259112115594E-3));
#8850=CARTESIAN_POINT('',(-4.194962733789E-2,6.239295126813E-2,
2.278717504033E-3));
#8851=CARTESIAN_POINT('',(-5.314835322515E-2,5.314835322515E-2,
3.212237115594E-3));
#8852=CARTESIAN_POINT('',(-6.239295126813E-2,4.194962733789E-2,
4.145756727154E-3));
#8853=CARTESIAN_POINT('',(-6.948063314299E-2,2.877982057010E-2,
5.165362115594E-3));
#8854=CARTESIAN_POINT('',(-7.378134489881E-2,1.445561298107E-2,
6.184967504033E-3));
#8855=CARTESIAN_POINT('',(-7.516312194880E-2,0.E0,7.118487115594E-3));
#8856=CARTESIAN_POINT('',(-7.378134489881E-2,-1.445561298107E-2,
8.052006727154E-3));
#8857=CARTESIAN_POINT('',(-6.948063314299E-2,-2.877982057010E-2,
9.071612115594E-3));
#8858=CARTESIAN_POINT('',(-6.239295126813E-2,-4.194962733789E-2,
1.009121750403E-2));
#8859=CARTESIAN_POINT('',(-5.314835322515E-2,-5.314835322515E-2,
1.102473711559E-2));
#8860=CARTESIAN_POINT('',(-4.194962733789E-2,-6.239295126813E-2,
1.195825672715E-2));
#8861=CARTESIAN_POINT('',(-2.877982057010E-2,-6.948063314299E-2,
1.297786211559E-2));
#8862=CARTESIAN_POINT('',(-1.445561298107E-2,-7.378134489881E-2,
1.399746750403E-2));
#8863=CARTESIAN_POINT('',(0.E0,-7.516312194880E-2,1.493098711559E-2));
#8864=CARTESIAN_POINT('',(1.445561298107E-2,-7.378134489881E-2,
1.586450672715E-2));
#8865=CARTESIAN_POINT('',(2.877982057010E-2,-6.948063314299E-2,
1.688411211559E-2));
#8866=CARTESIAN_POINT('',(4.194962733789E-2,-6.239295126813E-2,
1.790371750403E-2));
#8867=CARTESIAN_POINT('',(5.314835322515E-2,-5.314835322515E-2,
1.883723711559E-2));
#8868=CARTESIAN_POINT('',(6.239295126813E-2,-4.194962733789E-2,
1.977075672715E-2));
#8869=CARTESIAN_POINT('',(6.948063314299E-2,-2.877982057010E-2,
2.079036211559E-2));
#8870=CARTESIAN_POINT('',(7.378134489881E-2,-1.445561298107E-2,
2.180996750403E-2));
#8871=CARTESIAN_POINT('',(7.516312194880E-2,0.E0,2.274348711559E-2));
#8872=CARTESIAN_POINT('',(7.378134489881E-2,1.445561298107E-2,
2.367700672715E-2));
#8873=CARTESIAN_POINT('',(6.948063314299E-2,2.877982057010E-2,
2.469661211559E-2));
#8874=CARTESIAN_POINT('',(6.239295126813E-2,4.194962733789E-2,
2.571621750403E-2));
#8875=CARTESIAN_POINT('',(5.314835322515E-2,5.314835322515E-2,
2.664973711559E-2));
#8876=CARTESIAN_POINT('',(4.194962733789E-2,6.239295126813E-2,
2.758325672715E-2));
#8877=CARTESIAN_POINT('',(2.877982057010E-2,6.948063314299E-2,
2.860286211559E-2));
#8878=CARTESIAN_POINT('',(1.445561298107E-2,7.378134489881E-2,
2.962246750403E-2));
#8879=CARTESIAN_POINT('',(0.E0,7.516312194880E-2,3.055598711559E-2));
#8880=CARTESIAN_POINT('',(-1.445561298107E-2,7.378134489881E-2,
3.148950672715E-2));
#8881=CARTESIAN_POINT('',(-2.877982057010E-2,6.948063314299E-2,
3.250911211559E-2));
#8882=CARTESIAN_POINT('',(-4.194962733789E-2,6.239295126813E-2,
3.352871750403E-2));
#8883=CARTESIAN_POINT('',(-5.314835322515E-2,5.314835322515E-2,
3.446223711559E-2));
#8884=CARTESIAN_POINT('',(-6.239295126813E-2,4.194962733789E-2,
3.539575672715E-2));
#8885=CARTESIAN_POINT('',(-6.948063314299E-2,2.877982057010E-2,
3.641536211559E-2));
#8886=CARTESIAN_POINT('',(-7.378134489881E-2,1.445561298107E-2,
3.743496750403E-2));
#8887=CARTESIAN_POINT('',(-7.516312194880E-2,0.E0,3.836848711559E-2));
#8888=CARTESIAN_POINT('',(-7.378134489881E-2,-1.445561298107E-2,
3.930200672715E-2));
#8889=CARTESIAN_POINT('',(-6.948063314299E-2,-2.877982057010E-2,
4.032161211559E-2));
#8890=CARTESIAN_POINT('',(-6.239295126813E-2,-4.194962733789E-2,
4.134121750403E-2));
#8891=CARTESIAN_POINT('',(-5.314835322515E-2,-5.314835322515E-2,
4.227473711559E-2));
#8892=CARTESIAN_POINT('',(-4.194962733789E-2,-6.239295126813E-2,
4.320825672715E-2));
#8893=CARTESIAN_POINT('',(-2.877982057010E-2,-6.948063314299E-2,
4.422786211559E-2));
#8894=CARTESIAN_POINT('',(-1.445561298107E-2,-7.378134489881E-2,
4.524746750403E-2));
#8895=CARTESIAN_POINT('',(0.E0,-7.516312194880E-2,4.618098711559E-2));
#8896=CARTESIAN_POINT('',(1.445561298107E-2,-7.378134489881E-2,
4.711450672715E-2));
#8897=CARTESIAN_POINT('',(2.877982057010E-2,-6.948063314299E-2,
4.813411211559E-2));
#8898=CARTESIAN_POINT('',(4.194962733789E-2,-6.239295126813E-2,
4.915371750403E-2));
#8899=CARTESIAN_POINT('',(5.314835322515E-2,-5.314835322515E-2,
5.008723711559E-2));
#8900=CARTESIAN_POINT('',(6.239295126813E-2,-4.194962733789E-2,
5.102075672715E-2));
#8901=CARTESIAN_POINT('',(6.948063314299E-2,-2.877982057010E-2,
5.204036211559E-2));
#8902=CARTESIAN_POINT('',(7.378134489881E-2,-1.445561298107E-2,
5.305996750403E-2));
#8903=CARTESIAN_POINT('',(7.516312194880E-2,0.E0,5.399348711559E-2));
#8904=CARTESIAN_POINT('',(7.378134489881E-2,1.445561298107E-2,
5.492700672715E-2));
#8905=CARTESIAN_POINT('',(6.948063314299E-2,2.877982057010E-2,
5.594661211559E-2));
#8906=CARTESIAN_POINT('',(6.239295126813E-2,4.194962733789E-2,
5.696621750403E-2));
#8907=CARTESIAN_POINT('',(5.314835322515E-2,5.314835322515E-2,
5.789973711559E-2));
#8908=CARTESIAN_POINT('',(4.194962733789E-2,6.239295126813E-2,
5.883325672715E-2));
#8909=CARTESIAN_POINT('',(2.877982057010E-2,6.948063314299E-2,
5.985286211559E-2));
#8910=CARTESIAN_POINT('',(1.445561298107E-2,7.378134489881E-2,
6.087246750403E-2));
#8911=CARTESIAN_POINT('',(0.E0,7.516312194880E-2,6.180598711559E-2));
#8912=CARTESIAN_POINT('',(-1.445561298107E-2,7.378134489881E-2,
6.273950672715E-2));
#8913=CARTESIAN_POINT('',(-2.877982057010E-2,6.948063314299E-2,
6.375911211559E-2));
#8914=CARTESIAN_POINT('',(-4.194962733789E-2,6.239295126813E-2,
6.477871750403E-2));
#8915=CARTESIAN_POINT('',(-5.314835322515E-2,5.314835322515E-2,
6.571223711559E-2));
#8916=CARTESIAN_POINT('',(-6.239295126813E-2,4.194962733789E-2,
6.664575672715E-2));
#8917=CARTESIAN_POINT('',(-6.948063314299E-2,2.877982057010E-2,
6.766536211559E-2));
#8918=CARTESIAN_POINT('',(-7.378134489881E-2,1.445561298107E-2,
6.868496750403E-2));
#8919=CARTESIAN_POINT('',(-7.516312194880E-2,0.E0,6.961848711559E-2));
#8920=CARTESIAN_POINT('',(-7.378134489881E-2,-1.445561298107E-2,
7.055200672715E-2));
#8921=CARTESIAN_POINT('',(-6.948063314299E-2,-2.877982057010E-2,
7.157161211559E-2));
#8922=CARTESIAN_POINT('',(-6.239295126813E-2,-4.194962733789E-2,
7.259121750403E-2));
#8923=CARTESIAN_POINT('',(-5.314835322515E-2,-5.314835322515E-2,
7.352473711559E-2));
#8924=CARTESIAN_POINT('',(-4.194962733789E-2,-6.239295126813E-2,
7.445825672715E-2));
#8925=CARTESIAN_POINT('',(-2.877982057010E-2,-6.948063314299E-2,
7.547786211559E-2));
#8926=CARTESIAN_POINT('',(-1.445561298107E-2,-7.378134489881E-2,
7.649746750403E-2));
#8927=CARTESIAN_POINT('',(0.E0,-7.516312194880E-2,7.743098711559E-2));
#8928=CARTESIAN_POINT('',(1.445561298107E-2,-7.378134489881E-2,
7.836450672715E-2));
#8929=CARTESIAN_POINT('',(2.877982057010E-2,-6.948063314299E-2,
7.938411211559E-2));
#8930=CARTESIAN_POINT('',(4.194962733789E-2,-6.239295126813E-2,
8.040371750403E-2));
#8931=CARTESIAN_POINT('',(5.314835322515E-2,-5.314835322515E-2,
8.133723711559E-2));
#8932=CARTESIAN_POINT('',(6.239295126813E-2,-4.194962733789E-2,
8.227075672715E-2));
#8933=CARTESIAN_POINT('',(6.948063314299E-2,-2.877982057010E-2,
8.329036211559E-2));
#8934=CARTESIAN_POINT('',(7.378134489881E-2,-1.445561298107E-2,
8.430996750403E-2));
#8935=CARTESIAN_POINT('',(7.516312194880E-2,0.E0,8.524348711559E-2));
#8936=CARTESIAN_POINT('',(7.378134489881E-2,1.445561298107E-2,
8.617700672715E-2));
#8937=CARTESIAN_POINT('',(6.948063314299E-2,2.877982057010E-2,
8.719661211559E-2));
#8938=CARTESIAN_POINT('',(6.239295126813E-2,4.194962733789E-2,
8.821621750403E-2));
#8939=CARTESIAN_POINT('',(5.314835322515E-2,5.314835322515E-2,
8.914973711559E-2));
#8940=CARTESIAN_POINT('',(4.194962733789E-2,6.239295126813E-2,
9.008325672715E-2));
#8941=CARTESIAN_POINT('',(2.877982057010E-2,6.948063314299E-2,
9.110286211559E-2));
#8942=CARTESIAN_POINT('',(1.445561298107E-2,7.378134489881E-2,
9.212246750403E-2));
#8943=CARTESIAN_POINT('',(0.E0,7.516312194880E-2,9.305598711559E-2));
#8944=CARTESIAN_POINT('',(-1.445561298107E-2,7.378134489881E-2,
9.398950672715E-2));
#8945=CARTESIAN_POINT('',(-2.877982057010E-2,6.948063314299E-2,
9.500911211559E-2));
#8946=CARTESIAN_POINT('',(-4.194962733789E-2,6.239295126813E-2,
9.602871750403E-2));
#8947=CARTESIAN_POINT('',(-5.314835322515E-2,5.314835322515E-2,
9.696223711559E-2));
#8948=CARTESIAN_POINT('',(-6.239295126813E-2,4.194962733789E-2,
9.789575672715E-2));
#8949=CARTESIAN_POINT('',(-6.948063314299E-2,2.877982057010E-2,
9.891536211559E-2));
#8950=CARTESIAN_POINT('',(-7.378134489881E-2,1.445561298107E-2,
9.993496750403E-2));
#8951=CARTESIAN_POINT('',(-7.516312194880E-2,0.E0,1.008684871156E-1));
#8952=CARTESIAN_POINT('',(-7.378134489881E-2,-1.445561298107E-2,
1.018020067272E-1));
#8953=CARTESIAN_POINT('',(-6.948063314299E-2,-2.877982057010E-2,
1.028216121156E-1));
#8954=CARTESIAN_POINT('',(-6.239295126813E-2,-4.194962733789E-2,
1.038412175040E-1));
#8955=CARTESIAN_POINT('',(-5.314835322515E-2,-5.314835322515E-2,
1.047747371156E-1));
#8956=CARTESIAN_POINT('',(-4.194962733789E-2,-6.239295126813E-2,
1.057082567272E-1));
#8957=CARTESIAN_POINT('',(-2.877982057010E-2,-6.948063314299E-2,
1.067278621156E-1));
#8958=CARTESIAN_POINT('',(-1.445561298107E-2,-7.378134489881E-2,
1.077474675040E-1));
#8959=CARTESIAN_POINT('',(0.E0,-7.516312194880E-2,1.086809871156E-1));
#8960=CARTESIAN_POINT('',(1.445561298107E-2,-7.378134489881E-2,
1.096145067272E-1));
#8961=CARTESIAN_POINT('',(2.877982057010E-2,-6.948063314299E-2,
1.106341121156E-1));
#8962=CARTESIAN_POINT('',(4.194962733789E-2,-6.239295126813E-2,
1.116537175040E-1));
#8963=CARTESIAN_POINT('',(5.314835322515E-2,-5.314835322515E-2,
1.125872371156E-1));
#8964=CARTESIAN_POINT('',(6.239295126813E-2,-4.194962733789E-2,
1.135207567272E-1));
#8965=CARTESIAN_POINT('',(6.948063314299E-2,-2.877982057010E-2,
1.145403621156E-1));
#8966=CARTESIAN_POINT('',(7.378134489881E-2,-1.445561298107E-2,
1.155599675040E-1));
#8967=CARTESIAN_POINT('',(7.516312194880E-2,0.E0,1.164934871156E-1));
#8968=CARTESIAN_POINT('',(7.378134489881E-2,1.445561298107E-2,
1.174270067272E-1));
#8969=CARTESIAN_POINT('',(6.948063314299E-2,2.877982057010E-2,
1.184466121156E-1));
#8970=CARTESIAN_POINT('',(6.239295126813E-2,4.194962733789E-2,
1.194662175040E-1));
#8971=CARTESIAN_POINT('',(5.314835322515E-2,5.314835322515E-2,
1.203997371156E-1));
#8972=CARTESIAN_POINT('',(4.194962733789E-2,6.239295126813E-2,
1.213332567272E-1));
#8973=CARTESIAN_POINT('',(2.877982057010E-2,6.948063314299E-2,
1.223528621156E-1));
#8974=CARTESIAN_POINT('',(1.445561298107E-2,7.378134489881E-2,
1.233724675040E-1));
#8975=CARTESIAN_POINT('',(0.E0,7.516312194880E-2,1.243059871156E-1));
#8976=CARTESIAN_POINT('',(-1.445561298107E-2,7.378134489881E-2,
1.252395067272E-1));
#8977=CARTESIAN_POINT('',(-2.877982057010E-2,6.948063314299E-2,
1.262591121156E-1));
#8978=CARTESIAN_POINT('',(-4.194962733789E-2,6.239295126813E-2,
1.272787175040E-1));
#8979=CARTESIAN_POINT('',(-5.314835322515E-2,5.314835322515E-2,
1.282122371156E-1));
#8980=CARTESIAN_POINT('',(-6.239295126813E-2,4.194962733789E-2,
1.291457567272E-1));
#8981=CARTESIAN_POINT('',(-6.948063314299E-2,2.877982057010E-2,
1.301653621156E-1));
#8982=CARTESIAN_POINT('',(-7.378134489881E-2,1.445561298107E-2,
1.311849675040E-1));
#8983=CARTESIAN_POINT('',(-7.516312194880E-2,0.E0,1.321184871156E-1));
#8984=CARTESIAN_POINT('',(-7.378134489881E-2,-1.445561298107E-2,
1.330520067272E-1));
#8985=CARTESIAN_POINT('',(-6.948063314299E-2,-2.877982057010E-2,
1.340716121156E-1));
#8986=CARTESIAN_POINT('',(-6.239295126813E-2,-4.194962733789E-2,
1.350912175040E-1));
#8987=CARTESIAN_POINT('',(-5.314835322515E-2,-5.314835322515E-2,
1.360247371156E-1));
#8988=CARTESIAN_POINT('',(-4.194962733789E-2,-6.239295126813E-2,
1.369582567272E-1));
#8989=CARTESIAN_POINT('',(-2.877982057010E-2,-6.948063314299E-2,
1.379778621156E-1));
#8990=CARTESIAN_POINT('',(-1.445561298107E-2,-7.378134489881E-2,
1.389974675040E-1));
#8991=CARTESIAN_POINT('',(0.E0,-7.516312194880E-2,1.399309871156E-1));
#8992=CARTESIAN_POINT('',(1.445561298107E-2,-7.378134489881E-2,
1.408645067272E-1));
#8993=CARTESIAN_POINT('',(2.877982057010E-2,-6.948063314299E-2,
1.418841121156E-1));
#8994=CARTESIAN_POINT('',(4.194962733789E-2,-6.239295126813E-2,
1.429037175040E-1));
#8995=CARTESIAN_POINT('',(5.314835322515E-2,-5.314835322515E-2,
1.438372371156E-1));
#8996=CARTESIAN_POINT('',(6.239295126813E-2,-4.194962733789E-2,
1.447707567272E-1));
#8997=CARTESIAN_POINT('',(6.948063314299E-2,-2.877982057010E-2,
1.457903621156E-1));
#8998=CARTESIAN_POINT('',(7.378134489881E-2,-1.445561298107E-2,
1.468099675040E-1));
#8999=CARTESIAN_POINT('',(7.516312194880E-2,0.E0,1.477434871156E-1));
#9000=CARTESIAN_POINT('',(7.378134489881E-2,1.445561298107E-2,
1.486770067272E-1));
#9001=CARTESIAN_POINT('',(6.948063314299E-2,2.877982057010E-2,
1.496966121156E-1));
#9002=CARTESIAN_POINT('',(6.239295126813E-2,4.194962733789E-2,
1.507162175040E-1));
#9003=CARTESIAN_POINT('',(5.314835322515E-2,5.314835322515E-2,
1.516497371156E-1));
#9004=CARTESIAN_POINT('',(4.194962733789E-2,6.239295126813E-2,
1.525832567272E-1));
#9005=CARTESIAN_POINT('',(2.877982057010E-2,6.948063314299E-2,
1.536028621156E-1));
#9006=CARTESIAN_POINT('',(1.445561298107E-2,7.378134489881E-2,
1.546224675040E-1));
#9007=CARTESIAN_POINT('',(0.E0,7.516312194880E-2,1.555559871156E-1));
#9008=CARTESIAN_POINT('',(-1.445561298107E-2,7.378134489881E-2,
1.564895067272E-1));
#9009=CARTESIAN_POINT('',(-2.877982057010E-2,6.948063314299E-2,
1.575091121156E-1));
#9010=CARTESIAN_POINT('',(-4.194962733789E-2,6.239295126813E-2,
1.585287175040E-1));
#9011=CARTESIAN_POINT('',(-5.314835322515E-2,5.314835322515E-2,
1.594622371156E-1));
#9012=CARTESIAN_POINT('',(-6.239295126813E-2,4.194962733789E-2,
1.603957567272E-1));
#9013=CARTESIAN_POINT('',(-6.948063314299E-2,2.877982057010E-2,
1.614153621156E-1));
#9014=CARTESIAN_POINT('',(-7.378134489881E-2,1.445561298107E-2,
1.624349675040E-1));
#9015=CARTESIAN_POINT('',(-7.516312194880E-2,0.E0,1.633684871156E-1));
#9016=CARTESIAN_POINT('',(-7.378134489881E-2,-1.445561298107E-2,
1.643020067272E-1));
#9017=CARTESIAN_POINT('',(-6.948063314299E-2,-2.877982057010E-2,
1.653216121156E-1));
#9018=CARTESIAN_POINT('',(-6.272006999776E-2,-4.134179948453E-2,
1.662941595202E-1));
#9019=CARTESIAN_POINT('',(-5.707632853751E-2,-4.837543407457E-2,
1.668771191422E-1));
#9020=CARTESIAN_POINT('',(-5.421912943504E-2,-5.138864125712E-2,
1.671454444647E-1));
#9021=CARTESIAN_POINT('',(-2.228126922989E-2,-7.130016877244E-2,
-3.010153240473E-1));
#9022=CARTESIAN_POINT('',(-1.969078587392E-2,-7.210910149363E-2,
-3.008304474481E-1));
#9023=CARTESIAN_POINT('',(-1.228092553722E-2,-7.398921800699E-2,
-3.003141271313E-1));
#9024=CARTESIAN_POINT('',(6.599663080854E-14,-7.516312194880E-2,
-2.995210452433E-1));
#9025=CARTESIAN_POINT('',(1.445561298105E-2,-7.378134489881E-2,
-2.985875256317E-1));
#9026=CARTESIAN_POINT('',(2.877982057010E-2,-6.948063314299E-2,
-2.975679202433E-1));
#9027=CARTESIAN_POINT('',(4.194962733789E-2,-6.239295126813E-2,
-2.965483148548E-1));
#9028=CARTESIAN_POINT('',(5.314835322515E-2,-5.314835322515E-2,
-2.956147952433E-1));
#9029=CARTESIAN_POINT('',(6.239295126813E-2,-4.194962733789E-2,
-2.946812756317E-1));
#9030=CARTESIAN_POINT('',(6.948063314299E-2,-2.877982057010E-2,
-2.936616702433E-1));
#9031=CARTESIAN_POINT('',(7.378134489881E-2,-1.445561298107E-2,
-2.926420648548E-1));
#9032=CARTESIAN_POINT('',(7.516312194880E-2,0.E0,-2.917085452433E-1));
#9033=CARTESIAN_POINT('',(7.378134489881E-2,1.445561298107E-2,
-2.907750256317E-1));
#9034=CARTESIAN_POINT('',(6.948063314299E-2,2.877982057010E-2,
-2.897554202433E-1));
#9035=CARTESIAN_POINT('',(6.239295126813E-2,4.194962733789E-2,
-2.887358148548E-1));
#9036=CARTESIAN_POINT('',(5.314835322515E-2,5.314835322515E-2,
-2.878022952433E-1));
#9037=CARTESIAN_POINT('',(4.194962733789E-2,6.239295126813E-2,
-2.868687756317E-1));
#9038=CARTESIAN_POINT('',(2.877982057010E-2,6.948063314299E-2,
-2.858491702433E-1));
#9039=CARTESIAN_POINT('',(1.445561298107E-2,7.378134489881E-2,
-2.848295648548E-1));
#9040=CARTESIAN_POINT('',(0.E0,7.516312194880E-2,-2.838960452433E-1));
#9041=CARTESIAN_POINT('',(-1.445561298107E-2,7.378134489881E-2,
-2.829625256317E-1));
#9042=CARTESIAN_POINT('',(-2.877982057010E-2,6.948063314299E-2,
-2.819429202433E-1));
#9043=CARTESIAN_POINT('',(-4.194962733789E-2,6.239295126813E-2,
-2.809233148548E-1));
#9044=CARTESIAN_POINT('',(-5.314835322515E-2,5.314835322515E-2,
-2.799897952433E-1));
#9045=CARTESIAN_POINT('',(-6.239295126813E-2,4.194962733789E-2,
-2.790562756317E-1));
#9046=CARTESIAN_POINT('',(-6.948063314299E-2,2.877982057010E-2,
-2.780366702433E-1));
#9047=CARTESIAN_POINT('',(-7.378134489881E-2,1.445561298107E-2,
-2.770170648548E-1));
#9048=CARTESIAN_POINT('',(-7.516312194880E-2,0.E0,-2.760835452433E-1));
#9049=CARTESIAN_POINT('',(-7.378134489881E-2,-1.445561298107E-2,
-2.751500256317E-1));
#9050=CARTESIAN_POINT('',(-6.948063314299E-2,-2.877982057010E-2,
-2.741304202433E-1));
#9051=CARTESIAN_POINT('',(-6.239295126813E-2,-4.194962733789E-2,
-2.731108148548E-1));
#9052=CARTESIAN_POINT('',(-5.314835322515E-2,-5.314835322515E-2,
-2.721772952433E-1));
#9053=CARTESIAN_POINT('',(-4.194962733789E-2,-6.239295126813E-2,
-2.712437756317E-1));
#9054=CARTESIAN_POINT('',(-2.877982057010E-2,-6.948063314299E-2,
-2.702241702433E-1));
#9055=CARTESIAN_POINT('',(-1.445561298107E-2,-7.378134489881E-2,
-2.692045648548E-1));
#9056=CARTESIAN_POINT('',(0.E0,-7.516312194880E-2,-2.682710452433E-1));
#9057=CARTESIAN_POINT('',(1.445561298107E-2,-7.378134489881E-2,
-2.673375256317E-1));
#9058=CARTESIAN_POINT('',(2.877982057010E-2,-6.948063314299E-2,
-2.663179202433E-1));
#9059=CARTESIAN_POINT('',(4.194962733789E-2,-6.239295126813E-2,
-2.652983148548E-1));
#9060=CARTESIAN_POINT('',(5.314835322515E-2,-5.314835322515E-2,
-2.643647952433E-1));
#9061=CARTESIAN_POINT('',(6.239295126813E-2,-4.194962733789E-2,
-2.634312756317E-1));
#9062=CARTESIAN_POINT('',(6.948063314299E-2,-2.877982057010E-2,
-2.624116702433E-1));
#9063=CARTESIAN_POINT('',(7.378134489881E-2,-1.445561298107E-2,
-2.613920648548E-1));
#9064=CARTESIAN_POINT('',(7.516312194880E-2,0.E0,-2.604585452433E-1));
#9065=CARTESIAN_POINT('',(7.378134489881E-2,1.445561298107E-2,
-2.595250256317E-1));
#9066=CARTESIAN_POINT('',(6.948063314299E-2,2.877982057010E-2,
-2.585054202433E-1));
#9067=CARTESIAN_POINT('',(6.239295126813E-2,4.194962733789E-2,
-2.574858148548E-1));
#9068=CARTESIAN_POINT('',(5.314835322515E-2,5.314835322515E-2,
-2.565522952433E-1));
#9069=CARTESIAN_POINT('',(4.194962733789E-2,6.239295126813E-2,
-2.556187756317E-1));
#9070=CARTESIAN_POINT('',(2.877982057010E-2,6.948063314299E-2,
-2.545991702433E-1));
#9071=CARTESIAN_POINT('',(1.445561298107E-2,7.378134489881E-2,
-2.535795648548E-1));
#9072=CARTESIAN_POINT('',(0.E0,7.516312194880E-2,-2.526460452433E-1));
#9073=CARTESIAN_POINT('',(-1.445561298107E-2,7.378134489881E-2,
-2.517125256317E-1));
#9074=CARTESIAN_POINT('',(-2.877982057010E-2,6.948063314299E-2,
-2.506929202433E-1));
#9075=CARTESIAN_POINT('',(-4.194962733789E-2,6.239295126813E-2,
-2.496733148548E-1));
#9076=CARTESIAN_POINT('',(-5.314835322515E-2,5.314835322515E-2,
-2.487397952433E-1));
#9077=CARTESIAN_POINT('',(-6.239295126813E-2,4.194962733789E-2,
-2.478062756317E-1));
#9078=CARTESIAN_POINT('',(-6.948063314299E-2,2.877982057010E-2,
-2.467866702433E-1));
#9079=CARTESIAN_POINT('',(-7.378134489881E-2,1.445561298107E-2,
-2.457670648548E-1));
#9080=CARTESIAN_POINT('',(-7.516312194880E-2,0.E0,-2.448335452433E-1));
#9081=CARTESIAN_POINT('',(-7.378134489881E-2,-1.445561298107E-2,
-2.439000256317E-1));
#9082=CARTESIAN_POINT('',(-6.948063314299E-2,-2.877982057010E-2,
-2.428804202433E-1));
#9083=CARTESIAN_POINT('',(-6.239295126813E-2,-4.194962733789E-2,
-2.418608148548E-1));
#9084=CARTESIAN_POINT('',(-5.314835322515E-2,-5.314835322515E-2,
-2.409272952433E-1));
#9085=CARTESIAN_POINT('',(-4.194962733789E-2,-6.239295126813E-2,
-2.399937756317E-1));
#9086=CARTESIAN_POINT('',(-2.877982057010E-2,-6.948063314299E-2,
-2.389741702433E-1));
#9087=CARTESIAN_POINT('',(-1.445561298107E-2,-7.378134489881E-2,
-2.379545648548E-1));
#9088=CARTESIAN_POINT('',(0.E0,-7.516312194880E-2,-2.370210452433E-1));
#9089=CARTESIAN_POINT('',(1.445561298107E-2,-7.378134489881E-2,
-2.360875256317E-1));
#9090=CARTESIAN_POINT('',(2.877982057010E-2,-6.948063314299E-2,
-2.350679202433E-1));
#9091=CARTESIAN_POINT('',(4.194962733789E-2,-6.239295126813E-2,
-2.340483148548E-1));
#9092=CARTESIAN_POINT('',(5.314835322515E-2,-5.314835322515E-2,
-2.331147952433E-1));
#9093=CARTESIAN_POINT('',(6.239295126813E-2,-4.194962733789E-2,
-2.321812756317E-1));
#9094=CARTESIAN_POINT('',(6.948063314299E-2,-2.877982057010E-2,
-2.311616702433E-1));
#9095=CARTESIAN_POINT('',(7.378134489881E-2,-1.445561298107E-2,
-2.301420648548E-1));
#9096=CARTESIAN_POINT('',(7.516312194880E-2,0.E0,-2.292085452433E-1));
#9097=CARTESIAN_POINT('',(7.378134489881E-2,1.445561298107E-2,
-2.282750256317E-1));
#9098=CARTESIAN_POINT('',(6.948063314299E-2,2.877982057010E-2,
-2.272554202433E-1));
#9099=CARTESIAN_POINT('',(6.239295126813E-2,4.194962733789E-2,
-2.262358148548E-1));
#9100=CARTESIAN_POINT('',(5.314835322515E-2,5.314835322515E-2,
-2.253022952433E-1));
#9101=CARTESIAN_POINT('',(4.194962733789E-2,6.239295126813E-2,
-2.243687756317E-1));
#9102=CARTESIAN_POINT('',(2.877982057010E-2,6.948063314299E-2,
-2.233491702433E-1));
#9103=CARTESIAN_POINT('',(1.445561298107E-2,7.378134489881E-2,
-2.223295648548E-1));
#9104=CARTESIAN_POINT('',(0.E0,7.516312194880E-2,-2.213960452433E-1));
#9105=CARTESIAN_POINT('',(-1.445561298107E-2,7.378134489881E-2,
-2.204625256317E-1));
#9106=CARTESIAN_POINT('',(-2.877982057010E-2,6.948063314299E-2,
-2.194429202433E-1));
#9107=CARTESIAN_POINT('',(-4.194962733789E-2,6.239295126813E-2,
-2.184233148548E-1));
#9108=CARTESIAN_POINT('',(-5.314835322515E-2,5.314835322515E-2,
-2.174897952433E-1));
#9109=CARTESIAN_POINT('',(-6.239295126813E-2,4.194962733789E-2,
-2.165562756317E-1));
#9110=CARTESIAN_POINT('',(-6.948063314299E-2,2.877982057010E-2,
-2.155366702433E-1));
#9111=CARTESIAN_POINT('',(-7.378134489881E-2,1.445561298107E-2,
-2.145170648548E-1));
#9112=CARTESIAN_POINT('',(-7.516312194880E-2,0.E0,-2.135835452433E-1));
#9113=CARTESIAN_POINT('',(-7.378134489881E-2,-1.445561298107E-2,
-2.126500256317E-1));
#9114=CARTESIAN_POINT('',(-6.948063314299E-2,-2.877982057010E-2,
-2.116304202433E-1));
#9115=CARTESIAN_POINT('',(-6.239295126813E-2,-4.194962733789E-2,
-2.106108148548E-1));
#9116=CARTESIAN_POINT('',(-5.314835322515E-2,-5.314835322515E-2,
-2.096772952433E-1));
#9117=CARTESIAN_POINT('',(-4.194962733789E-2,-6.239295126813E-2,
-2.087437756317E-1));
#9118=CARTESIAN_POINT('',(-2.877982057010E-2,-6.948063314299E-2,
-2.077241702433E-1));
#9119=CARTESIAN_POINT('',(-1.445561298107E-2,-7.378134489881E-2,
-2.067045648548E-1));
#9120=CARTESIAN_POINT('',(0.E0,-7.516312194880E-2,-2.057710452433E-1));
#9121=CARTESIAN_POINT('',(1.445561298107E-2,-7.378134489881E-2,
-2.048375256317E-1));
#9122=CARTESIAN_POINT('',(2.877982057010E-2,-6.948063314299E-2,
-2.038179202433E-1));
#9123=CARTESIAN_POINT('',(4.194962733789E-2,-6.239295126813E-2,
-2.027983148548E-1));
#9124=CARTESIAN_POINT('',(5.314835322515E-2,-5.314835322515E-2,
-2.018647952433E-1));
#9125=CARTESIAN_POINT('',(6.239295126813E-2,-4.194962733789E-2,
-2.009312756317E-1));
#9126=CARTESIAN_POINT('',(6.948063314299E-2,-2.877982057010E-2,
-1.999116702433E-1));
#9127=CARTESIAN_POINT('',(7.378134489881E-2,-1.445561298107E-2,
-1.988920648548E-1));
#9128=CARTESIAN_POINT('',(7.516312194880E-2,0.E0,-1.979585452433E-1));
#9129=CARTESIAN_POINT('',(7.378134489881E-2,1.445561298107E-2,
-1.970250256317E-1));
#9130=CARTESIAN_POINT('',(6.948063314299E-2,2.877982057010E-2,
-1.960054202433E-1));
#9131=CARTESIAN_POINT('',(6.239295126813E-2,4.194962733789E-2,
-1.949858148548E-1));
#9132=CARTESIAN_POINT('',(5.314835322515E-2,5.314835322515E-2,
-1.940522952433E-1));
#9133=CARTESIAN_POINT('',(4.194962733789E-2,6.239295126813E-2,
-1.931187756317E-1));
#9134=CARTESIAN_POINT('',(2.877982057010E-2,6.948063314299E-2,
-1.920991702433E-1));
#9135=CARTESIAN_POINT('',(1.445561298107E-2,7.378134489881E-2,
-1.910795648548E-1));
#9136=CARTESIAN_POINT('',(0.E0,7.516312194880E-2,-1.901460452433E-1));
#9137=CARTESIAN_POINT('',(-1.445561298107E-2,7.378134489881E-2,
-1.892125256317E-1));
#9138=CARTESIAN_POINT('',(-2.877982057010E-2,6.948063314299E-2,
-1.881929202433E-1));
#9139=CARTESIAN_POINT('',(-4.194962733789E-2,6.239295126813E-2,
-1.871733148548E-1));
#9140=CARTESIAN_POINT('',(-5.314835322515E-2,5.314835322515E-2,
-1.862397952433E-1));
#9141=CARTESIAN_POINT('',(-6.239295126813E-2,4.194962733789E-2,
-1.853062756317E-1));
#9142=CARTESIAN_POINT('',(-6.948063314299E-2,2.877982057010E-2,
-1.842866702433E-1));
#9143=CARTESIAN_POINT('',(-7.378134489881E-2,1.445561298107E-2,
-1.832670648548E-1));
#9144=CARTESIAN_POINT('',(-7.516312194880E-2,0.E0,-1.823335452433E-1));
#9145=CARTESIAN_POINT('',(-7.378134489881E-2,-1.445561298107E-2,
-1.814000256317E-1));
#9146=CARTESIAN_POINT('',(-6.948063314299E-2,-2.877982057010E-2,
-1.803804202433E-1));
#9147=CARTESIAN_POINT('',(-6.239295126813E-2,-4.194962733789E-2,
-1.793608148548E-1));
#9148=CARTESIAN_POINT('',(-5.314835322515E-2,-5.314835322515E-2,
-1.784272952433E-1));
#9149=CARTESIAN_POINT('',(-4.194962733789E-2,-6.239295126813E-2,
-1.774937756317E-1));
#9150=CARTESIAN_POINT('',(-2.877982057010E-2,-6.948063314299E-2,
-1.764741702433E-1));
#9151=CARTESIAN_POINT('',(-1.445561298107E-2,-7.378134489881E-2,
-1.754545648548E-1));
#9152=CARTESIAN_POINT('',(0.E0,-7.516312194880E-2,-1.745210452433E-1));
#9153=CARTESIAN_POINT('',(1.445561298107E-2,-7.378134489881E-2,
-1.735875256317E-1));
#9154=CARTESIAN_POINT('',(2.877982057010E-2,-6.948063314299E-2,
-1.725679202433E-1));
#9155=CARTESIAN_POINT('',(4.194962733789E-2,-6.239295126813E-2,
-1.715483148548E-1));
#9156=CARTESIAN_POINT('',(5.314835322515E-2,-5.314835322515E-2,
-1.706147952433E-1));
#9157=CARTESIAN_POINT('',(6.239295126813E-2,-4.194962733789E-2,
-1.696812756317E-1));
#9158=CARTESIAN_POINT('',(6.948063314299E-2,-2.877982057010E-2,
-1.686616702433E-1));
#9159=CARTESIAN_POINT('',(7.378134489881E-2,-1.445561298107E-2,
-1.676420648548E-1));
#9160=CARTESIAN_POINT('',(7.516312194880E-2,0.E0,-1.667085452433E-1));
#9161=CARTESIAN_POINT('',(7.378134489881E-2,1.445561298107E-2,
-1.657750256317E-1));
#9162=CARTESIAN_POINT('',(6.948063314299E-2,2.877982057010E-2,
-1.647554202433E-1));
#9163=CARTESIAN_POINT('',(6.239295126813E-2,4.194962733789E-2,
-1.637358148548E-1));
#9164=CARTESIAN_POINT('',(5.314835322515E-2,5.314835322515E-2,
-1.628022952433E-1));
#9165=CARTESIAN_POINT('',(4.194962733789E-2,6.239295126813E-2,
-1.618687756317E-1));
#9166=CARTESIAN_POINT('',(2.877982057010E-2,6.948063314299E-2,
-1.608491702433E-1));
#9167=CARTESIAN_POINT('',(1.445561298107E-2,7.378134489881E-2,
-1.598295648548E-1));
#9168=CARTESIAN_POINT('',(0.E0,7.516312194880E-2,-1.588960452433E-1));
#9169=CARTESIAN_POINT('',(-1.445561298107E-2,7.378134489881E-2,
-1.579625256317E-1));
#9170=CARTESIAN_POINT('',(-2.877982057010E-2,6.948063314299E-2,
-1.569429202433E-1));
#9171=CARTESIAN_POINT('',(-4.194962733789E-2,6.239295126813E-2,
-1.559233148548E-1));
#9172=CARTESIAN_POINT('',(-5.314835322515E-2,5.314835322515E-2,
-1.549897952433E-1));
#9173=CARTESIAN_POINT('',(-6.239295126813E-2,4.194962733789E-2,
-1.540562756317E-1));
#9174=CARTESIAN_POINT('',(-6.948063314299E-2,2.877982057010E-2,
-1.530366702433E-1));
#9175=CARTESIAN_POINT('',(-7.378134489881E-2,1.445561298107E-2,
-1.520170648548E-1));
#9176=CARTESIAN_POINT('',(-7.516312194880E-2,0.E0,-1.510835452433E-1));
#9177=CARTESIAN_POINT('',(-7.378134489881E-2,-1.445561298107E-2,
-1.501500256317E-1));
#9178=CARTESIAN_POINT('',(-6.948063314299E-2,-2.877982057010E-2,
-1.491304202433E-1));
#9179=CARTESIAN_POINT('',(-6.239295126813E-2,-4.194962733789E-2,
-1.481108148548E-1));
#9180=CARTESIAN_POINT('',(-5.314835322515E-2,-5.314835322515E-2,
-1.471772952433E-1));
#9181=CARTESIAN_POINT('',(-4.194962733789E-2,-6.239295126813E-2,
-1.462437756317E-1));
#9182=CARTESIAN_POINT('',(-2.877982057010E-2,-6.948063314299E-2,
-1.452241702433E-1));
#9183=CARTESIAN_POINT('',(-1.445561298107E-2,-7.378134489881E-2,
-1.442045648548E-1));
#9184=CARTESIAN_POINT('',(0.E0,-7.516312194880E-2,-1.432710452433E-1));
#9185=CARTESIAN_POINT('',(1.445561298107E-2,-7.378134489881E-2,
-1.423375256317E-1));
#9186=CARTESIAN_POINT('',(2.877982057010E-2,-6.948063314299E-2,
-1.413179202433E-1));
#9187=CARTESIAN_POINT('',(4.194962733789E-2,-6.239295126813E-2,
-1.402983148548E-1));
#9188=CARTESIAN_POINT('',(5.314835322515E-2,-5.314835322515E-2,
-1.393647952433E-1));
#9189=CARTESIAN_POINT('',(6.239295126813E-2,-4.194962733789E-2,
-1.384312756317E-1));
#9190=CARTESIAN_POINT('',(6.948063314299E-2,-2.877982057010E-2,
-1.374116702433E-1));
#9191=CARTESIAN_POINT('',(7.378134489881E-2,-1.445561298107E-2,
-1.363920648548E-1));
#9192=CARTESIAN_POINT('',(7.516312194880E-2,0.E0,-1.354585452433E-1));
#9193=CARTESIAN_POINT('',(7.378134489881E-2,1.445561298107E-2,
-1.345250256317E-1));
#9194=CARTESIAN_POINT('',(6.948063314299E-2,2.877982057010E-2,
-1.335054202433E-1));
#9195=CARTESIAN_POINT('',(6.239295126813E-2,4.194962733789E-2,
-1.324858148548E-1));
#9196=CARTESIAN_POINT('',(5.314835322515E-2,5.314835322515E-2,
-1.315522952433E-1));
#9197=CARTESIAN_POINT('',(4.194962733789E-2,6.239295126813E-2,
-1.306187756317E-1));
#9198=CARTESIAN_POINT('',(2.877982057010E-2,6.948063314299E-2,
-1.295991702433E-1));
#9199=CARTESIAN_POINT('',(1.445561298107E-2,7.378134489881E-2,
-1.285795648548E-1));
#9200=CARTESIAN_POINT('',(0.E0,7.516312194880E-2,-1.276460452433E-1));
#9201=CARTESIAN_POINT('',(-1.445561298107E-2,7.378134489881E-2,
-1.267125256317E-1));
#9202=CARTESIAN_POINT('',(-2.877982057010E-2,6.948063314299E-2,
-1.256929202433E-1));
#9203=CARTESIAN_POINT('',(-4.194962733789E-2,6.239295126813E-2,
-1.246733148548E-1));
#9204=CARTESIAN_POINT('',(-5.314835322515E-2,5.314835322515E-2,
-1.237397952433E-1));
#9205=CARTESIAN_POINT('',(-6.239295126813E-2,4.194962733789E-2,
-1.228062756317E-1));
#9206=CARTESIAN_POINT('',(-6.948063314299E-2,2.877982057010E-2,
-1.217866702433E-1));
#9207=CARTESIAN_POINT('',(-7.378134489881E-2,1.445561298107E-2,
-1.207670648548E-1));
#9208=CARTESIAN_POINT('',(-7.516312194880E-2,0.E0,-1.198335452433E-1));
#9209=CARTESIAN_POINT('',(-7.378134489881E-2,-1.445561298107E-2,
-1.189000256317E-1));
#9210=CARTESIAN_POINT('',(-6.948063314299E-2,-2.877982057010E-2,
-1.178804202433E-1));
#9211=CARTESIAN_POINT('',(-6.239295126813E-2,-4.194962733789E-2,
-1.168608148548E-1));
#9212=CARTESIAN_POINT('',(-5.314835322515E-2,-5.314835322515E-2,
-1.159272952433E-1));
#9213=CARTESIAN_POINT('',(-4.194962733789E-2,-6.239295126813E-2,
-1.149937756317E-1));
#9214=CARTESIAN_POINT('',(-2.877982057010E-2,-6.948063314299E-2,
-1.139741702433E-1));
#9215=CARTESIAN_POINT('',(-1.445561298107E-2,-7.378134489881E-2,
-1.129545648548E-1));
#9216=CARTESIAN_POINT('',(0.E0,-7.516312194880E-2,-1.120210452433E-1));
#9217=CARTESIAN_POINT('',(1.445561298107E-2,-7.378134489881E-2,
-1.110875256317E-1));
#9218=CARTESIAN_POINT('',(2.877982057010E-2,-6.948063314299E-2,
-1.100679202433E-1));
#9219=CARTESIAN_POINT('',(4.194962733789E-2,-6.239295126813E-2,
-1.090483148548E-1));
#9220=CARTESIAN_POINT('',(5.314835322515E-2,-5.314835322515E-2,
-1.081147952433E-1));
#9221=CARTESIAN_POINT('',(6.239295126813E-2,-4.194962733789E-2,
-1.071812756317E-1));
#9222=CARTESIAN_POINT('',(6.948063314299E-2,-2.877982057010E-2,
-1.061616702433E-1));
#9223=CARTESIAN_POINT('',(7.378134489881E-2,-1.445561298107E-2,
-1.051420648548E-1));
#9224=CARTESIAN_POINT('',(7.516312194880E-2,0.E0,-1.042085452433E-1));
#9225=CARTESIAN_POINT('',(7.378134489881E-2,1.445561298107E-2,
-1.032750256317E-1));
#9226=CARTESIAN_POINT('',(6.948063314299E-2,2.877982057010E-2,
-1.022554202433E-1));
#9227=CARTESIAN_POINT('',(6.239295126813E-2,4.194962733789E-2,
-1.012358148548E-1));
#9228=CARTESIAN_POINT('',(5.314835322515E-2,5.314835322515E-2,
-1.003022952433E-1));
#9229=CARTESIAN_POINT('',(4.194962733789E-2,6.239295126813E-2,
-9.936877563170E-2));
#9230=CARTESIAN_POINT('',(2.877982057010E-2,6.948063314299E-2,
-9.834917024326E-2));
#9231=CARTESIAN_POINT('',(1.445561298107E-2,7.378134489881E-2,
-9.732956485482E-2));
#9232=CARTESIAN_POINT('',(0.E0,7.516312194880E-2,-9.639604524326E-2));
#9233=CARTESIAN_POINT('',(-1.445561298107E-2,7.378134489881E-2,
-9.546252563170E-2));
#9234=CARTESIAN_POINT('',(-2.877982057010E-2,6.948063314299E-2,
-9.444292024326E-2));
#9235=CARTESIAN_POINT('',(-4.194962733789E-2,6.239295126813E-2,
-9.342331485482E-2));
#9236=CARTESIAN_POINT('',(-5.314835322515E-2,5.314835322515E-2,
-9.248979524326E-2));
#9237=CARTESIAN_POINT('',(-6.239295126813E-2,4.194962733789E-2,
-9.155627563170E-2));
#9238=CARTESIAN_POINT('',(-6.948063314299E-2,2.877982057010E-2,
-9.053667024326E-2));
#9239=CARTESIAN_POINT('',(-7.378134489881E-2,1.445561298107E-2,
-8.951706485482E-2));
#9240=CARTESIAN_POINT('',(-7.516312194880E-2,0.E0,-8.858354524326E-2));
#9241=CARTESIAN_POINT('',(-7.378134489881E-2,-1.445561298107E-2,
-8.765002563170E-2));
#9242=CARTESIAN_POINT('',(-6.948063314299E-2,-2.877982057010E-2,
-8.663042024326E-2));
#9243=CARTESIAN_POINT('',(-6.239295126813E-2,-4.194962733789E-2,
-8.561081485482E-2));
#9244=CARTESIAN_POINT('',(-5.314835322515E-2,-5.314835322515E-2,
-8.467729524326E-2));
#9245=CARTESIAN_POINT('',(-4.194962733789E-2,-6.239295126813E-2,
-8.374377563170E-2));
#9246=CARTESIAN_POINT('',(-2.877982057010E-2,-6.948063314299E-2,
-8.272417024326E-2));
#9247=CARTESIAN_POINT('',(-1.445561298107E-2,-7.378134489881E-2,
-8.170456485482E-2));
#9248=CARTESIAN_POINT('',(0.E0,-7.516312194880E-2,-8.077104524326E-2));
#9249=CARTESIAN_POINT('',(1.445561298107E-2,-7.378134489881E-2,
-7.983752563170E-2));
#9250=CARTESIAN_POINT('',(2.877982057010E-2,-6.948063314299E-2,
-7.881792024326E-2));
#9251=CARTESIAN_POINT('',(4.194962733789E-2,-6.239295126813E-2,
-7.779831485482E-2));
#9252=CARTESIAN_POINT('',(5.314835322515E-2,-5.314835322515E-2,
-7.686479524326E-2));
#9253=CARTESIAN_POINT('',(6.239295126813E-2,-4.194962733789E-2,
-7.593127563170E-2));
#9254=CARTESIAN_POINT('',(6.948063314299E-2,-2.877982057010E-2,
-7.491167024326E-2));
#9255=CARTESIAN_POINT('',(7.378134489881E-2,-1.445561298107E-2,
-7.389206485482E-2));
#9256=CARTESIAN_POINT('',(7.516312194880E-2,0.E0,-7.295854524326E-2));
#9257=CARTESIAN_POINT('',(7.378134489881E-2,1.445561298107E-2,
-7.202502563170E-2));
#9258=CARTESIAN_POINT('',(6.948063314299E-2,2.877982057010E-2,
-7.100542024326E-2));
#9259=CARTESIAN_POINT('',(6.239295126813E-2,4.194962733789E-2,
-6.998581485482E-2));
#9260=CARTESIAN_POINT('',(5.314835322515E-2,5.314835322515E-2,
-6.905229524326E-2));
#9261=CARTESIAN_POINT('',(4.194962733789E-2,6.239295126813E-2,
-6.811877563170E-2));
#9262=CARTESIAN_POINT('',(2.877982057010E-2,6.948063314299E-2,
-6.709917024326E-2));
#9263=CARTESIAN_POINT('',(1.445561298107E-2,7.378134489881E-2,
-6.607956485482E-2));
#9264=CARTESIAN_POINT('',(0.E0,7.516312194880E-2,-6.514604524326E-2));
#9265=CARTESIAN_POINT('',(-1.445561298107E-2,7.378134489881E-2,
-6.421252563170E-2));
#9266=CARTESIAN_POINT('',(-2.877982057010E-2,6.948063314299E-2,
-6.319292024326E-2));
#9267=CARTESIAN_POINT('',(-4.194962733789E-2,6.239295126813E-2,
-6.217331485482E-2));
#9268=CARTESIAN_POINT('',(-5.314835322515E-2,5.314835322515E-2,
-6.123979524326E-2));
#9269=CARTESIAN_POINT('',(-6.239295126813E-2,4.194962733789E-2,
-6.030627563170E-2));
#9270=CARTESIAN_POINT('',(-6.948063314299E-2,2.877982057010E-2,
-5.928667024326E-2));
#9271=CARTESIAN_POINT('',(-7.378134489881E-2,1.445561298107E-2,
-5.826706485482E-2));
#9272=CARTESIAN_POINT('',(-7.516312194880E-2,0.E0,-5.733354524326E-2));
#9273=CARTESIAN_POINT('',(-7.378134489881E-2,-1.445561298107E-2,
-5.640002563170E-2));
#9274=CARTESIAN_POINT('',(-6.948063314299E-2,-2.877982057010E-2,
-5.538042024326E-2));
#9275=CARTESIAN_POINT('',(-6.239295126813E-2,-4.194962733789E-2,
-5.436081485482E-2));
#9276=CARTESIAN_POINT('',(-5.314835322515E-2,-5.314835322515E-2,
-5.342729524326E-2));
#9277=CARTESIAN_POINT('',(-4.194962733789E-2,-6.239295126813E-2,
-5.249377563170E-2));
#9278=CARTESIAN_POINT('',(-2.877982057010E-2,-6.948063314299E-2,
-5.147417024326E-2));
#9279=CARTESIAN_POINT('',(-1.445561298107E-2,-7.378134489881E-2,
-5.045456485482E-2));
#9280=CARTESIAN_POINT('',(0.E0,-7.516312194880E-2,-4.952104524326E-2));
#9281=CARTESIAN_POINT('',(1.445561298107E-2,-7.378134489881E-2,
-4.858752563170E-2));
#9282=CARTESIAN_POINT('',(2.877982057010E-2,-6.948063314299E-2,
-4.756792024326E-2));
#9283=CARTESIAN_POINT('',(4.194962733789E-2,-6.239295126813E-2,
-4.654831485482E-2));
#9284=CARTESIAN_POINT('',(5.314835322515E-2,-5.314835322515E-2,
-4.561479524326E-2));
#9285=CARTESIAN_POINT('',(6.239295126813E-2,-4.194962733789E-2,
-4.468127563170E-2));
#9286=CARTESIAN_POINT('',(6.948063314299E-2,-2.877982057010E-2,
-4.366167024326E-2));
#9287=CARTESIAN_POINT('',(7.378134489881E-2,-1.445561298107E-2,
-4.264206485482E-2));
#9288=CARTESIAN_POINT('',(7.516312194880E-2,0.E0,-4.170854524326E-2));
#9289=CARTESIAN_POINT('',(7.378134489881E-2,1.445561298107E-2,
-4.077502563170E-2));
#9290=CARTESIAN_POINT('',(6.948063314299E-2,2.877982057010E-2,
-3.975542024326E-2));
#9291=CARTESIAN_POINT('',(6.239295126813E-2,4.194962733789E-2,
-3.873581485482E-2));
#9292=CARTESIAN_POINT('',(5.314835322515E-2,5.314835322515E-2,
-3.780229524326E-2));
#9293=CARTESIAN_POINT('',(4.194962733789E-2,6.239295126813E-2,
-3.686877563170E-2));
#9294=CARTESIAN_POINT('',(2.877982057010E-2,6.948063314299E-2,
-3.584917024326E-2));
#9295=CARTESIAN_POINT('',(1.445561298107E-2,7.378134489881E-2,
-3.482956485482E-2));
#9296=CARTESIAN_POINT('',(0.E0,7.516312194880E-2,-3.389604524326E-2));
#9297=CARTESIAN_POINT('',(-1.445561298107E-2,7.378134489881E-2,
-3.296252563170E-2));
#9298=CARTESIAN_POINT('',(-2.877982057010E-2,6.948063314299E-2,
-3.194292024326E-2));
#9299=CARTESIAN_POINT('',(-4.194962733789E-2,6.239295126813E-2,
-3.092331485482E-2));
#9300=CARTESIAN_POINT('',(-5.314835322515E-2,5.314835322515E-2,
-2.998979524326E-2));
#9301=CARTESIAN_POINT('',(-6.239295126813E-2,4.194962733789E-2,
-2.905627563170E-2));
#9302=CARTESIAN_POINT('',(-6.948063314299E-2,2.877982057010E-2,
-2.803667024326E-2));
#9303=CARTESIAN_POINT('',(-7.378134489881E-2,1.445561298107E-2,
-2.701706485482E-2));
#9304=CARTESIAN_POINT('',(-7.516312194880E-2,0.E0,-2.608354524326E-2));
#9305=CARTESIAN_POINT('',(-7.378134489881E-2,-1.445561298107E-2,
-2.515002563170E-2));
#9306=CARTESIAN_POINT('',(-6.948063314299E-2,-2.877982057010E-2,
-2.413042024326E-2));
#9307=CARTESIAN_POINT('',(-6.239295126813E-2,-4.194962733789E-2,
-2.311081485482E-2));
#9308=CARTESIAN_POINT('',(-5.314835322515E-2,-5.314835322515E-2,
-2.217729524326E-2));
#9309=CARTESIAN_POINT('',(-4.194962733789E-2,-6.239295126813E-2,
-2.124377563170E-2));
#9310=CARTESIAN_POINT('',(-2.877982057010E-2,-6.948063314299E-2,
-2.022417024326E-2));
#9311=CARTESIAN_POINT('',(-1.445561298107E-2,-7.378134489881E-2,
-1.920456485482E-2));
#9312=CARTESIAN_POINT('',(0.E0,-7.516312194880E-2,-1.827104524326E-2));
#9313=CARTESIAN_POINT('',(1.445561298107E-2,-7.378134489881E-2,
-1.733752563170E-2));
#9314=CARTESIAN_POINT('',(2.877982057010E-2,-6.948063314299E-2,
-1.631792024326E-2));
#9315=CARTESIAN_POINT('',(4.194962733789E-2,-6.239295126813E-2,
-1.529831485482E-2));
#9316=CARTESIAN_POINT('',(5.314835322515E-2,-5.314835322515E-2,
-1.436479524326E-2));
#9317=CARTESIAN_POINT('',(6.239295126813E-2,-4.194962733789E-2,
-1.343127563170E-2));
#9318=CARTESIAN_POINT('',(6.948063314299E-2,-2.877982057010E-2,
-1.241167024326E-2));
#9319=CARTESIAN_POINT('',(7.378134489881E-2,-1.445561298107E-2,
-1.139206485482E-2));
#9320=CARTESIAN_POINT('',(7.516312194880E-2,0.E0,-1.045854524326E-2));
#9321=CARTESIAN_POINT('',(7.378134489881E-2,1.445561298107E-2,
-9.525025631702E-3));
#9322=CARTESIAN_POINT('',(6.948063314299E-2,2.877982057010E-2,
-8.505420243263E-3));
#9323=CARTESIAN_POINT('',(6.239295126813E-2,4.194962733789E-2,
-7.485814854824E-3));
#9324=CARTESIAN_POINT('',(5.314835322515E-2,5.314835322515E-2,
-6.552295243263E-3));
#9325=CARTESIAN_POINT('',(4.194962733789E-2,6.239295126813E-2,
-5.618775631702E-3));
#9326=CARTESIAN_POINT('',(2.877982057010E-2,6.948063314299E-2,
-4.599170243263E-3));
#9327=CARTESIAN_POINT('',(1.445561298107E-2,7.378134489881E-2,
-3.579564854824E-3));
#9328=CARTESIAN_POINT('',(0.E0,7.516312194880E-2,-2.646045243263E-3));
#9329=CARTESIAN_POINT('',(-1.445561298107E-2,7.378134489881E-2,
-1.712525631702E-3));
#9330=CARTESIAN_POINT('',(-2.877982057010E-2,6.948063314299E-2,
-6.929202432632E-4));
#9331=CARTESIAN_POINT('',(-4.194962733789E-2,6.239295126813E-2,
3.266851451760E-4));
#9332=CARTESIAN_POINT('',(-5.314835322515E-2,5.314835322515E-2,
1.260204756737E-3));
#9333=CARTESIAN_POINT('',(-6.239295126813E-2,4.194962733789E-2,
2.193724368298E-3));
#9334=CARTESIAN_POINT('',(-6.948063314299E-2,2.877982057010E-2,
3.213329756737E-3));
#9335=CARTESIAN_POINT('',(-7.378134489881E-2,1.445561298107E-2,
4.232935145176E-3));
#9336=CARTESIAN_POINT('',(-7.516312194880E-2,0.E0,5.166454756737E-3));
#9337=CARTESIAN_POINT('',(-7.378134489881E-2,-1.445561298107E-2,
6.099974368297E-3));
#9338=CARTESIAN_POINT('',(-6.948063314299E-2,-2.877982057010E-2,
7.119579756737E-3));
#9339=CARTESIAN_POINT('',(-6.239295126813E-2,-4.194962733789E-2,
8.139185145176E-3));
#9340=CARTESIAN_POINT('',(-5.314835322515E-2,-5.314835322515E-2,
9.072704756737E-3));
#9341=CARTESIAN_POINT('',(-4.194962733789E-2,-6.239295126813E-2,
1.000622436830E-2));
#9342=CARTESIAN_POINT('',(-2.877982057010E-2,-6.948063314299E-2,
1.102582975674E-2));
#9343=CARTESIAN_POINT('',(-1.445561298107E-2,-7.378134489881E-2,
1.204543514518E-2));
#9344=CARTESIAN_POINT('',(0.E0,-7.516312194880E-2,1.297895475674E-2));
#9345=CARTESIAN_POINT('',(1.445561298107E-2,-7.378134489881E-2,
1.391247436830E-2));
#9346=CARTESIAN_POINT('',(2.877982057010E-2,-6.948063314299E-2,
1.493207975674E-2));
#9347=CARTESIAN_POINT('',(4.194962733789E-2,-6.239295126813E-2,
1.595168514518E-2));
#9348=CARTESIAN_POINT('',(5.314835322515E-2,-5.314835322515E-2,
1.688520475674E-2));
#9349=CARTESIAN_POINT('',(6.239295126813E-2,-4.194962733789E-2,
1.781872436830E-2));
#9350=CARTESIAN_POINT('',(6.948063314299E-2,-2.877982057010E-2,
1.883832975674E-2));
#9351=CARTESIAN_POINT('',(7.378134489881E-2,-1.445561298107E-2,
1.985793514518E-2));
#9352=CARTESIAN_POINT('',(7.516312194880E-2,0.E0,2.079145475674E-2));
#9353=CARTESIAN_POINT('',(7.378134489881E-2,1.445561298107E-2,
2.172497436830E-2));
#9354=CARTESIAN_POINT('',(6.948063314299E-2,2.877982057010E-2,
2.274457975674E-2));
#9355=CARTESIAN_POINT('',(6.239295126813E-2,4.194962733789E-2,
2.376418514518E-2));
#9356=CARTESIAN_POINT('',(5.314835322515E-2,5.314835322515E-2,
2.469770475674E-2));
#9357=CARTESIAN_POINT('',(4.194962733789E-2,6.239295126813E-2,
2.563122436830E-2));
#9358=CARTESIAN_POINT('',(2.877982057010E-2,6.948063314299E-2,
2.665082975674E-2));
#9359=CARTESIAN_POINT('',(1.445561298107E-2,7.378134489881E-2,
2.767043514518E-2));
#9360=CARTESIAN_POINT('',(0.E0,7.516312194880E-2,2.860395475674E-2));
#9361=CARTESIAN_POINT('',(-1.445561298107E-2,7.378134489881E-2,
2.953747436830E-2));
#9362=CARTESIAN_POINT('',(-2.877982057010E-2,6.948063314299E-2,
3.055707975674E-2));
#9363=CARTESIAN_POINT('',(-4.194962733789E-2,6.239295126813E-2,
3.157668514518E-2));
#9364=CARTESIAN_POINT('',(-5.314835322515E-2,5.314835322515E-2,
3.251020475674E-2));
#9365=CARTESIAN_POINT('',(-6.239295126813E-2,4.194962733789E-2,
3.344372436830E-2));
#9366=CARTESIAN_POINT('',(-6.948063314299E-2,2.877982057010E-2,
3.446332975674E-2));
#9367=CARTESIAN_POINT('',(-7.378134489881E-2,1.445561298107E-2,
3.548293514518E-2));
#9368=CARTESIAN_POINT('',(-7.516312194880E-2,0.E0,3.641645475674E-2));
#9369=CARTESIAN_POINT('',(-7.378134489881E-2,-1.445561298107E-2,
3.734997436830E-2));
#9370=CARTESIAN_POINT('',(-6.948063314299E-2,-2.877982057010E-2,
3.836957975674E-2));
#9371=CARTESIAN_POINT('',(-6.239295126813E-2,-4.194962733789E-2,
3.938918514518E-2));
#9372=CARTESIAN_POINT('',(-5.314835322515E-2,-5.314835322515E-2,
4.032270475674E-2));
#9373=CARTESIAN_POINT('',(-4.194962733789E-2,-6.239295126813E-2,
4.125622436830E-2));
#9374=CARTESIAN_POINT('',(-2.877982057010E-2,-6.948063314299E-2,
4.227582975674E-2));
#9375=CARTESIAN_POINT('',(-1.445561298107E-2,-7.378134489881E-2,
4.329543514518E-2));
#9376=CARTESIAN_POINT('',(0.E0,-7.516312194880E-2,4.422895475674E-2));
#9377=CARTESIAN_POINT('',(1.445561298107E-2,-7.378134489881E-2,
4.516247436830E-2));
#9378=CARTESIAN_POINT('',(2.877982057010E-2,-6.948063314299E-2,
4.618207975674E-2));
#9379=CARTESIAN_POINT('',(4.194962733789E-2,-6.239295126813E-2,
4.720168514518E-2));
#9380=CARTESIAN_POINT('',(5.314835322515E-2,-5.314835322515E-2,
4.813520475674E-2));
#9381=CARTESIAN_POINT('',(6.239295126813E-2,-4.194962733789E-2,
4.906872436830E-2));
#9382=CARTESIAN_POINT('',(6.948063314299E-2,-2.877982057010E-2,
5.008832975674E-2));
#9383=CARTESIAN_POINT('',(7.378134489881E-2,-1.445561298107E-2,
5.110793514518E-2));
#9384=CARTESIAN_POINT('',(7.516312194880E-2,0.E0,5.204145475674E-2));
#9385=CARTESIAN_POINT('',(7.378134489881E-2,1.445561298107E-2,
5.297497436830E-2));
#9386=CARTESIAN_POINT('',(6.948063314299E-2,2.877982057010E-2,
5.399457975674E-2));
#9387=CARTESIAN_POINT('',(6.239295126813E-2,4.194962733789E-2,
5.501418514518E-2));
#9388=CARTESIAN_POINT('',(5.314835322515E-2,5.314835322515E-2,
5.594770475674E-2));
#9389=CARTESIAN_POINT('',(4.194962733789E-2,6.239295126813E-2,
5.688122436830E-2));
#9390=CARTESIAN_POINT('',(2.877982057010E-2,6.948063314299E-2,
5.790082975674E-2));
#9391=CARTESIAN_POINT('',(1.445561298107E-2,7.378134489881E-2,
5.892043514518E-2));
#9392=CARTESIAN_POINT('',(0.E0,7.516312194880E-2,5.985395475674E-2));
#9393=CARTESIAN_POINT('',(-1.445561298107E-2,7.378134489881E-2,
6.078747436830E-2));
#9394=CARTESIAN_POINT('',(-2.877982057010E-2,6.948063314299E-2,
6.180707975674E-2));
#9395=CARTESIAN_POINT('',(-4.194962733789E-2,6.239295126813E-2,
6.282668514518E-2));
#9396=CARTESIAN_POINT('',(-5.314835322515E-2,5.314835322515E-2,
6.376020475674E-2));
#9397=CARTESIAN_POINT('',(-6.239295126813E-2,4.194962733789E-2,
6.469372436830E-2));
#9398=CARTESIAN_POINT('',(-6.948063314299E-2,2.877982057010E-2,
6.571332975674E-2));
#9399=CARTESIAN_POINT('',(-7.378134489881E-2,1.445561298107E-2,
6.673293514518E-2));
#9400=CARTESIAN_POINT('',(-7.516312194880E-2,0.E0,6.766645475674E-2));
#9401=CARTESIAN_POINT('',(-7.378134489881E-2,-1.445561298107E-2,
6.859997436830E-2));
#9402=CARTESIAN_POINT('',(-6.948063314299E-2,-2.877982057010E-2,
6.961957975674E-2));
#9403=CARTESIAN_POINT('',(-6.239295126813E-2,-4.194962733789E-2,
7.063918514518E-2));
#9404=CARTESIAN_POINT('',(-5.314835322515E-2,-5.314835322515E-2,
7.157270475674E-2));
#9405=CARTESIAN_POINT('',(-4.194962733789E-2,-6.239295126813E-2,
7.250622436830E-2));
#9406=CARTESIAN_POINT('',(-2.877982057010E-2,-6.948063314299E-2,
7.352582975674E-2));
#9407=CARTESIAN_POINT('',(-1.445561298107E-2,-7.378134489881E-2,
7.454543514518E-2));
#9408=CARTESIAN_POINT('',(0.E0,-7.516312194880E-2,7.547895475674E-2));
#9409=CARTESIAN_POINT('',(1.445561298107E-2,-7.378134489881E-2,
7.641247436830E-2));
#9410=CARTESIAN_POINT('',(2.877982057010E-2,-6.948063314299E-2,
7.743207975674E-2));
#9411=CARTESIAN_POINT('',(4.194962733789E-2,-6.239295126813E-2,
7.845168514518E-2));
#9412=CARTESIAN_POINT('',(5.314835322515E-2,-5.314835322515E-2,
7.938520475674E-2));
#9413=CARTESIAN_POINT('',(6.239295126813E-2,-4.194962733789E-2,
8.031872436830E-2));
#9414=CARTESIAN_POINT('',(6.948063314299E-2,-2.877982057010E-2,
8.133832975674E-2));
#9415=CARTESIAN_POINT('',(7.378134489881E-2,-1.445561298107E-2,
8.235793514518E-2));
#9416=CARTESIAN_POINT('',(7.516312194880E-2,0.E0,8.329145475674E-2));
#9417=CARTESIAN_POINT('',(7.378134489881E-2,1.445561298107E-2,
8.422497436830E-2));
#9418=CARTESIAN_POINT('',(6.948063314299E-2,2.877982057010E-2,
8.524457975674E-2));
#9419=CARTESIAN_POINT('',(6.239295126813E-2,4.194962733789E-2,
8.626418514518E-2));
#9420=CARTESIAN_POINT('',(5.314835322515E-2,5.314835322515E-2,
8.719770475674E-2));
#9421=CARTESIAN_POINT('',(4.194962733789E-2,6.239295126813E-2,
8.813122436830E-2));
#9422=CARTESIAN_POINT('',(2.877982057010E-2,6.948063314299E-2,
8.915082975674E-2));
#9423=CARTESIAN_POINT('',(1.445561298107E-2,7.378134489881E-2,
9.017043514518E-2));
#9424=CARTESIAN_POINT('',(0.E0,7.516312194880E-2,9.110395475674E-2));
#9425=CARTESIAN_POINT('',(-1.445561298107E-2,7.378134489881E-2,
9.203747436830E-2));
#9426=CARTESIAN_POINT('',(-2.877982057010E-2,6.948063314299E-2,
9.305707975674E-2));
#9427=CARTESIAN_POINT('',(-4.194962733789E-2,6.239295126813E-2,
9.407668514518E-2));
#9428=CARTESIAN_POINT('',(-5.314835322515E-2,5.314835322515E-2,
9.501020475674E-2));
#9429=CARTESIAN_POINT('',(-6.239295126813E-2,4.194962733789E-2,
9.594372436830E-2));
#9430=CARTESIAN_POINT('',(-6.948063314299E-2,2.877982057010E-2,
9.696332975674E-2));
#9431=CARTESIAN_POINT('',(-7.378134489881E-2,1.445561298107E-2,
9.798293514518E-2));
#9432=CARTESIAN_POINT('',(-7.516312194880E-2,0.E0,9.891645475674E-2));
#9433=CARTESIAN_POINT('',(-7.378134489881E-2,-1.445561298107E-2,
9.984997436830E-2));
#9434=CARTESIAN_POINT('',(-6.948063314299E-2,-2.877982057010E-2,
1.008695797567E-1));
#9435=CARTESIAN_POINT('',(-6.239295126813E-2,-4.194962733789E-2,
1.018891851452E-1));
#9436=CARTESIAN_POINT('',(-5.314835322515E-2,-5.314835322515E-2,
1.028227047567E-1));
#9437=CARTESIAN_POINT('',(-4.194962733789E-2,-6.239295126813E-2,
1.037562243683E-1));
#9438=CARTESIAN_POINT('',(-2.877982057010E-2,-6.948063314299E-2,
1.047758297567E-1));
#9439=CARTESIAN_POINT('',(-1.445561298107E-2,-7.378134489881E-2,
1.057954351452E-1));
#9440=CARTESIAN_POINT('',(0.E0,-7.516312194880E-2,1.067289547567E-1));
#9441=CARTESIAN_POINT('',(1.445561298107E-2,-7.378134489881E-2,
1.076624743683E-1));
#9442=CARTESIAN_POINT('',(2.877982057010E-2,-6.948063314299E-2,
1.086820797567E-1));
#9443=CARTESIAN_POINT('',(4.194962733789E-2,-6.239295126813E-2,
1.097016851452E-1));
#9444=CARTESIAN_POINT('',(5.314835322515E-2,-5.314835322515E-2,
1.106352047567E-1));
#9445=CARTESIAN_POINT('',(6.239295126813E-2,-4.194962733789E-2,
1.115687243683E-1));
#9446=CARTESIAN_POINT('',(6.948063314299E-2,-2.877982057010E-2,
1.125883297567E-1));
#9447=CARTESIAN_POINT('',(7.378134489881E-2,-1.445561298107E-2,
1.136079351452E-1));
#9448=CARTESIAN_POINT('',(7.516312194880E-2,0.E0,1.145414547567E-1));
#9449=CARTESIAN_POINT('',(7.378134489881E-2,1.445561298107E-2,
1.154749743683E-1));
#9450=CARTESIAN_POINT('',(6.948063314299E-2,2.877982057010E-2,
1.164945797567E-1));
#9451=CARTESIAN_POINT('',(6.239295126813E-2,4.194962733789E-2,
1.175141851452E-1));
#9452=CARTESIAN_POINT('',(5.314835322515E-2,5.314835322515E-2,
1.184477047567E-1));
#9453=CARTESIAN_POINT('',(4.194962733789E-2,6.239295126813E-2,
1.193812243683E-1));
#9454=CARTESIAN_POINT('',(2.877982057010E-2,6.948063314299E-2,
1.204008297567E-1));
#9455=CARTESIAN_POINT('',(1.445561298107E-2,7.378134489881E-2,
1.214204351452E-1));
#9456=CARTESIAN_POINT('',(0.E0,7.516312194880E-2,1.223539547567E-1));
#9457=CARTESIAN_POINT('',(-1.445561298107E-2,7.378134489881E-2,
1.232874743683E-1));
#9458=CARTESIAN_POINT('',(-2.877982057010E-2,6.948063314299E-2,
1.243070797567E-1));
#9459=CARTESIAN_POINT('',(-4.194962733789E-2,6.239295126813E-2,
1.253266851452E-1));
#9460=CARTESIAN_POINT('',(-5.314835322515E-2,5.314835322515E-2,
1.262602047567E-1));
#9461=CARTESIAN_POINT('',(-6.239295126813E-2,4.194962733789E-2,
1.271937243683E-1));
#9462=CARTESIAN_POINT('',(-6.948063314299E-2,2.877982057010E-2,
1.282133297567E-1));
#9463=CARTESIAN_POINT('',(-7.378134489881E-2,1.445561298107E-2,
1.292329351452E-1));
#9464=CARTESIAN_POINT('',(-7.516312194880E-2,0.E0,1.301664547567E-1));
#9465=CARTESIAN_POINT('',(-7.378134489881E-2,-1.445561298107E-2,
1.310999743683E-1));
#9466=CARTESIAN_POINT('',(-6.948063314299E-2,-2.877982057010E-2,
1.321195797567E-1));
#9467=CARTESIAN_POINT('',(-6.239295126813E-2,-4.194962733789E-2,
1.331391851452E-1));
#9468=CARTESIAN_POINT('',(-5.314835322515E-2,-5.314835322515E-2,
1.340727047567E-1));
#9469=CARTESIAN_POINT('',(-4.194962733789E-2,-6.239295126813E-2,
1.350062243683E-1));
#9470=CARTESIAN_POINT('',(-2.877982057010E-2,-6.948063314299E-2,
1.360258297567E-1));
#9471=CARTESIAN_POINT('',(-1.445561298107E-2,-7.378134489881E-2,
1.370454351452E-1));
#9472=CARTESIAN_POINT('',(0.E0,-7.516312194880E-2,1.379789547567E-1));
#9473=CARTESIAN_POINT('',(1.445561298107E-2,-7.378134489881E-2,
1.389124743683E-1));
#9474=CARTESIAN_POINT('',(2.877982057010E-2,-6.948063314299E-2,
1.399320797567E-1));
#9475=CARTESIAN_POINT('',(4.194962733789E-2,-6.239295126813E-2,
1.409516851452E-1));
#9476=CARTESIAN_POINT('',(5.314835322515E-2,-5.314835322515E-2,
1.418852047567E-1));
#9477=CARTESIAN_POINT('',(6.239295126813E-2,-4.194962733789E-2,
1.428187243683E-1));
#9478=CARTESIAN_POINT('',(6.948063314299E-2,-2.877982057010E-2,
1.438383297567E-1));
#9479=CARTESIAN_POINT('',(7.378134489881E-2,-1.445561298107E-2,
1.448579351452E-1));
#9480=CARTESIAN_POINT('',(7.516312194880E-2,0.E0,1.457914547567E-1));
#9481=CARTESIAN_POINT('',(7.378134489881E-2,1.445561298107E-2,
1.467249743683E-1));
#9482=CARTESIAN_POINT('',(6.948063314299E-2,2.877982057010E-2,
1.477445797567E-1));
#9483=CARTESIAN_POINT('',(6.239295126813E-2,4.194962733789E-2,
1.487641851452E-1));
#9484=CARTESIAN_POINT('',(5.314835322515E-2,5.314835322515E-2,
1.496977047567E-1));
#9485=CARTESIAN_POINT('',(4.194962733789E-2,6.239295126813E-2,
1.506312243683E-1));
#9486=CARTESIAN_POINT('',(2.877982057010E-2,6.948063314299E-2,
1.516508297567E-1));
#9487=CARTESIAN_POINT('',(1.445561298107E-2,7.378134489881E-2,
1.526704351452E-1));
#9488=CARTESIAN_POINT('',(0.E0,7.516312194880E-2,1.536039547567E-1));
#9489=CARTESIAN_POINT('',(-1.445561298107E-2,7.378134489881E-2,
1.545374743683E-1));
#9490=CARTESIAN_POINT('',(-2.877982057010E-2,6.948063314299E-2,
1.555570797567E-1));
#9491=CARTESIAN_POINT('',(-4.194962733789E-2,6.239295126813E-2,
1.565766851452E-1));
#9492=CARTESIAN_POINT('',(-5.314835322515E-2,5.314835322515E-2,
1.575102047567E-1));
#9493=CARTESIAN_POINT('',(-6.239295126813E-2,4.194962733789E-2,
1.584437243683E-1));
#9494=CARTESIAN_POINT('',(-6.948063314299E-2,2.877982057010E-2,
1.594633297567E-1));
#9495=CARTESIAN_POINT('',(-7.378134489881E-2,1.445561298107E-2,
1.604829351452E-1));
#9496=CARTESIAN_POINT('',(-7.516312194880E-2,0.E0,1.614164547567E-1));
#9497=CARTESIAN_POINT('',(-7.378134489881E-2,-1.445561298107E-2,
1.623499743683E-1));
#9498=CARTESIAN_POINT('',(-6.948063314299E-2,-2.877982057010E-2,
1.633695797567E-1));
#9499=CARTESIAN_POINT('',(-6.272006999776E-2,-4.134179948453E-2,
1.643421271613E-1));
#9500=CARTESIAN_POINT('',(-5.707632853751E-2,-4.837543407457E-2,
1.649250867834E-1));
#9501=CARTESIAN_POINT('',(-5.421912943504E-2,-5.138864125712E-2,
1.651934121058E-1));
#9502=CARTESIAN_POINT('',(-2.228126922989E-2,-7.130016877244E-2,
-3.029673564062E-1));
#9503=CARTESIAN_POINT('',(-1.969078587392E-2,-7.210910149363E-2,
-3.027824798070E-1));
#9504=CARTESIAN_POINT('',(-1.228092553722E-2,-7.398921800699E-2,
-3.022661594902E-1));
#9505=CARTESIAN_POINT('',(6.599581992006E-14,-7.516312194880E-2,
-3.014730776021E-1));
#9506=CARTESIAN_POINT('',(1.445561298105E-2,-7.378134489881E-2,
-3.005395579906E-1));
#9507=CARTESIAN_POINT('',(2.877982057010E-2,-6.948063314299E-2,
-2.995199526021E-1));
#9508=CARTESIAN_POINT('',(4.194962733789E-2,-6.239295126813E-2,
-2.985003472137E-1));
#9509=CARTESIAN_POINT('',(5.314835322515E-2,-5.314835322515E-2,
-2.975668276021E-1));
#9510=CARTESIAN_POINT('',(6.239295126813E-2,-4.194962733789E-2,
-2.966333079906E-1));
#9511=CARTESIAN_POINT('',(6.948063314299E-2,-2.877982057010E-2,
-2.956137026021E-1));
#9512=CARTESIAN_POINT('',(7.378134489881E-2,-1.445561298107E-2,
-2.945940972137E-1));
#9513=CARTESIAN_POINT('',(7.516312194880E-2,0.E0,-2.936605776021E-1));
#9514=CARTESIAN_POINT('',(7.378134489881E-2,1.445561298107E-2,
-2.927270579906E-1));
#9515=CARTESIAN_POINT('',(6.948063314299E-2,2.877982057010E-2,
-2.917074526021E-1));
#9516=CARTESIAN_POINT('',(6.239295126813E-2,4.194962733789E-2,
-2.906878472137E-1));
#9517=CARTESIAN_POINT('',(5.314835322515E-2,5.314835322515E-2,
-2.897543276021E-1));
#9518=CARTESIAN_POINT('',(4.194962733789E-2,6.239295126813E-2,
-2.888208079906E-1));
#9519=CARTESIAN_POINT('',(2.877982057010E-2,6.948063314299E-2,
-2.878012026021E-1));
#9520=CARTESIAN_POINT('',(1.445561298107E-2,7.378134489881E-2,
-2.867815972137E-1));
#9521=CARTESIAN_POINT('',(0.E0,7.516312194880E-2,-2.858480776021E-1));
#9522=CARTESIAN_POINT('',(-1.445561298107E-2,7.378134489881E-2,
-2.849145579906E-1));
#9523=CARTESIAN_POINT('',(-2.877982057010E-2,6.948063314299E-2,
-2.838949526021E-1));
#9524=CARTESIAN_POINT('',(-4.194962733789E-2,6.239295126813E-2,
-2.828753472137E-1));
#9525=CARTESIAN_POINT('',(-5.314835322515E-2,5.314835322515E-2,
-2.819418276021E-1));
#9526=CARTESIAN_POINT('',(-6.239295126813E-2,4.194962733789E-2,
-2.810083079906E-1));
#9527=CARTESIAN_POINT('',(-6.948063314299E-2,2.877982057010E-2,
-2.799887026021E-1));
#9528=CARTESIAN_POINT('',(-7.378134489881E-2,1.445561298107E-2,
-2.789690972137E-1));
#9529=CARTESIAN_POINT('',(-7.516312194880E-2,0.E0,-2.780355776021E-1));
#9530=CARTESIAN_POINT('',(-7.378134489881E-2,-1.445561298107E-2,
-2.771020579906E-1));
#9531=CARTESIAN_POINT('',(-6.948063314299E-2,-2.877982057010E-2,
-2.760824526021E-1));
#9532=CARTESIAN_POINT('',(-6.239295126813E-2,-4.194962733789E-2,
-2.750628472137E-1));
#9533=CARTESIAN_POINT('',(-5.314835322515E-2,-5.314835322515E-2,
-2.741293276021E-1));
#9534=CARTESIAN_POINT('',(-4.194962733789E-2,-6.239295126813E-2,
-2.731958079906E-1));
#9535=CARTESIAN_POINT('',(-2.877982057010E-2,-6.948063314299E-2,
-2.721762026021E-1));
#9536=CARTESIAN_POINT('',(-1.445561298107E-2,-7.378134489881E-2,
-2.711565972137E-1));
#9537=CARTESIAN_POINT('',(0.E0,-7.516312194880E-2,-2.702230776021E-1));
#9538=CARTESIAN_POINT('',(1.445561298107E-2,-7.378134489881E-2,
-2.692895579906E-1));
#9539=CARTESIAN_POINT('',(2.877982057010E-2,-6.948063314299E-2,
-2.682699526021E-1));
#9540=CARTESIAN_POINT('',(4.194962733789E-2,-6.239295126813E-2,
-2.672503472137E-1));
#9541=CARTESIAN_POINT('',(5.314835322515E-2,-5.314835322515E-2,
-2.663168276021E-1));
#9542=CARTESIAN_POINT('',(6.239295126813E-2,-4.194962733789E-2,
-2.653833079906E-1));
#9543=CARTESIAN_POINT('',(6.948063314299E-2,-2.877982057010E-2,
-2.643637026021E-1));
#9544=CARTESIAN_POINT('',(7.378134489881E-2,-1.445561298107E-2,
-2.633440972137E-1));
#9545=CARTESIAN_POINT('',(7.516312194880E-2,0.E0,-2.624105776021E-1));
#9546=CARTESIAN_POINT('',(7.378134489881E-2,1.445561298107E-2,
-2.614770579906E-1));
#9547=CARTESIAN_POINT('',(6.948063314299E-2,2.877982057010E-2,
-2.604574526021E-1));
#9548=CARTESIAN_POINT('',(6.239295126813E-2,4.194962733789E-2,
-2.594378472137E-1));
#9549=CARTESIAN_POINT('',(5.314835322515E-2,5.314835322515E-2,
-2.585043276021E-1));
#9550=CARTESIAN_POINT('',(4.194962733789E-2,6.239295126813E-2,
-2.575708079906E-1));
#9551=CARTESIAN_POINT('',(2.877982057010E-2,6.948063314299E-2,
-2.565512026021E-1));
#9552=CARTESIAN_POINT('',(1.445561298107E-2,7.378134489881E-2,
-2.555315972137E-1));
#9553=CARTESIAN_POINT('',(0.E0,7.516312194880E-2,-2.545980776021E-1));
#9554=CARTESIAN_POINT('',(-1.445561298107E-2,7.378134489881E-2,
-2.536645579906E-1));
#9555=CARTESIAN_POINT('',(-2.877982057010E-2,6.948063314299E-2,
-2.526449526021E-1));
#9556=CARTESIAN_POINT('',(-4.194962733789E-2,6.239295126813E-2,
-2.516253472137E-1));
#9557=CARTESIAN_POINT('',(-5.314835322515E-2,5.314835322515E-2,
-2.506918276021E-1));
#9558=CARTESIAN_POINT('',(-6.239295126813E-2,4.194962733789E-2,
-2.497583079906E-1));
#9559=CARTESIAN_POINT('',(-6.948063314299E-2,2.877982057010E-2,
-2.487387026021E-1));
#9560=CARTESIAN_POINT('',(-7.378134489881E-2,1.445561298107E-2,
-2.477190972137E-1));
#9561=CARTESIAN_POINT('',(-7.516312194880E-2,0.E0,-2.467855776021E-1));
#9562=CARTESIAN_POINT('',(-7.378134489881E-2,-1.445561298107E-2,
-2.458520579906E-1));
#9563=CARTESIAN_POINT('',(-6.948063314299E-2,-2.877982057010E-2,
-2.448324526021E-1));
#9564=CARTESIAN_POINT('',(-6.239295126813E-2,-4.194962733789E-2,
-2.438128472137E-1));
#9565=CARTESIAN_POINT('',(-5.314835322515E-2,-5.314835322515E-2,
-2.428793276021E-1));
#9566=CARTESIAN_POINT('',(-4.194962733789E-2,-6.239295126813E-2,
-2.419458079906E-1));
#9567=CARTESIAN_POINT('',(-2.877982057010E-2,-6.948063314299E-2,
-2.409262026021E-1));
#9568=CARTESIAN_POINT('',(-1.445561298107E-2,-7.378134489881E-2,
-2.399065972137E-1));
#9569=CARTESIAN_POINT('',(0.E0,-7.516312194880E-2,-2.389730776021E-1));
#9570=CARTESIAN_POINT('',(1.445561298107E-2,-7.378134489881E-2,
-2.380395579906E-1));
#9571=CARTESIAN_POINT('',(2.877982057010E-2,-6.948063314299E-2,
-2.370199526021E-1));
#9572=CARTESIAN_POINT('',(4.194962733789E-2,-6.239295126813E-2,
-2.360003472137E-1));
#9573=CARTESIAN_POINT('',(5.314835322515E-2,-5.314835322515E-2,
-2.350668276021E-1));
#9574=CARTESIAN_POINT('',(6.239295126813E-2,-4.194962733789E-2,
-2.341333079906E-1));
#9575=CARTESIAN_POINT('',(6.948063314299E-2,-2.877982057010E-2,
-2.331137026021E-1));
#9576=CARTESIAN_POINT('',(7.378134489881E-2,-1.445561298107E-2,
-2.320940972137E-1));
#9577=CARTESIAN_POINT('',(7.516312194880E-2,0.E0,-2.311605776021E-1));
#9578=CARTESIAN_POINT('',(7.378134489881E-2,1.445561298107E-2,
-2.302270579906E-1));
#9579=CARTESIAN_POINT('',(6.948063314299E-2,2.877982057010E-2,
-2.292074526021E-1));
#9580=CARTESIAN_POINT('',(6.239295126813E-2,4.194962733789E-2,
-2.281878472137E-1));
#9581=CARTESIAN_POINT('',(5.314835322515E-2,5.314835322515E-2,
-2.272543276021E-1));
#9582=CARTESIAN_POINT('',(4.194962733789E-2,6.239295126813E-2,
-2.263208079906E-1));
#9583=CARTESIAN_POINT('',(2.877982057010E-2,6.948063314299E-2,
-2.253012026021E-1));
#9584=CARTESIAN_POINT('',(1.445561298107E-2,7.378134489881E-2,
-2.242815972137E-1));
#9585=CARTESIAN_POINT('',(0.E0,7.516312194880E-2,-2.233480776021E-1));
#9586=CARTESIAN_POINT('',(-1.445561298107E-2,7.378134489881E-2,
-2.224145579906E-1));
#9587=CARTESIAN_POINT('',(-2.877982057010E-2,6.948063314299E-2,
-2.213949526021E-1));
#9588=CARTESIAN_POINT('',(-4.194962733789E-2,6.239295126813E-2,
-2.203753472137E-1));
#9589=CARTESIAN_POINT('',(-5.314835322515E-2,5.314835322515E-2,
-2.194418276021E-1));
#9590=CARTESIAN_POINT('',(-6.239295126813E-2,4.194962733789E-2,
-2.185083079906E-1));
#9591=CARTESIAN_POINT('',(-6.948063314299E-2,2.877982057010E-2,
-2.174887026021E-1));
#9592=CARTESIAN_POINT('',(-7.378134489881E-2,1.445561298107E-2,
-2.164690972137E-1));
#9593=CARTESIAN_POINT('',(-7.516312194880E-2,0.E0,-2.155355776021E-1));
#9594=CARTESIAN_POINT('',(-7.378134489881E-2,-1.445561298107E-2,
-2.146020579906E-1));
#9595=CARTESIAN_POINT('',(-6.948063314299E-2,-2.877982057010E-2,
-2.135824526021E-1));
#9596=CARTESIAN_POINT('',(-6.239295126813E-2,-4.194962733789E-2,
-2.125628472137E-1));
#9597=CARTESIAN_POINT('',(-5.314835322515E-2,-5.314835322515E-2,
-2.116293276021E-1));
#9598=CARTESIAN_POINT('',(-4.194962733789E-2,-6.239295126813E-2,
-2.106958079906E-1));
#9599=CARTESIAN_POINT('',(-2.877982057010E-2,-6.948063314299E-2,
-2.096762026021E-1));
#9600=CARTESIAN_POINT('',(-1.445561298107E-2,-7.378134489881E-2,
-2.086565972137E-1));
#9601=CARTESIAN_POINT('',(0.E0,-7.516312194880E-2,-2.077230776021E-1));
#9602=CARTESIAN_POINT('',(1.445561298107E-2,-7.378134489881E-2,
-2.067895579906E-1));
#9603=CARTESIAN_POINT('',(2.877982057010E-2,-6.948063314299E-2,
-2.057699526021E-1));
#9604=CARTESIAN_POINT('',(4.194962733789E-2,-6.239295126813E-2,
-2.047503472137E-1));
#9605=CARTESIAN_POINT('',(5.314835322515E-2,-5.314835322515E-2,
-2.038168276021E-1));
#9606=CARTESIAN_POINT('',(6.239295126813E-2,-4.194962733789E-2,
-2.028833079906E-1));
#9607=CARTESIAN_POINT('',(6.948063314299E-2,-2.877982057010E-2,
-2.018637026021E-1));
#9608=CARTESIAN_POINT('',(7.378134489881E-2,-1.445561298107E-2,
-2.008440972137E-1));
#9609=CARTESIAN_POINT('',(7.516312194880E-2,0.E0,-1.999105776021E-1));
#9610=CARTESIAN_POINT('',(7.378134489881E-2,1.445561298107E-2,
-1.989770579906E-1));
#9611=CARTESIAN_POINT('',(6.948063314299E-2,2.877982057010E-2,
-1.979574526021E-1));
#9612=CARTESIAN_POINT('',(6.239295126813E-2,4.194962733789E-2,
-1.969378472137E-1));
#9613=CARTESIAN_POINT('',(5.314835322515E-2,5.314835322515E-2,
-1.960043276021E-1));
#9614=CARTESIAN_POINT('',(4.194962733789E-2,6.239295126813E-2,
-1.950708079906E-1));
#9615=CARTESIAN_POINT('',(2.877982057010E-2,6.948063314299E-2,
-1.940512026021E-1));
#9616=CARTESIAN_POINT('',(1.445561298107E-2,7.378134489881E-2,
-1.930315972137E-1));
#9617=CARTESIAN_POINT('',(0.E0,7.516312194880E-2,-1.920980776021E-1));
#9618=CARTESIAN_POINT('',(-1.445561298107E-2,7.378134489881E-2,
-1.911645579906E-1));
#9619=CARTESIAN_POINT('',(-2.877982057010E-2,6.948063314299E-2,
-1.901449526021E-1));
#9620=CARTESIAN_POINT('',(-4.194962733789E-2,6.239295126813E-2,
-1.891253472137E-1));
#9621=CARTESIAN_POINT('',(-5.314835322515E-2,5.314835322515E-2,
-1.881918276021E-1));
#9622=CARTESIAN_POINT('',(-6.239295126813E-2,4.194962733789E-2,
-1.872583079906E-1));
#9623=CARTESIAN_POINT('',(-6.948063314299E-2,2.877982057010E-2,
-1.862387026021E-1));
#9624=CARTESIAN_POINT('',(-7.378134489881E-2,1.445561298107E-2,
-1.852190972137E-1));
#9625=CARTESIAN_POINT('',(-7.516312194880E-2,0.E0,-1.842855776021E-1));
#9626=CARTESIAN_POINT('',(-7.378134489881E-2,-1.445561298107E-2,
-1.833520579906E-1));
#9627=CARTESIAN_POINT('',(-6.948063314299E-2,-2.877982057010E-2,
-1.823324526021E-1));
#9628=CARTESIAN_POINT('',(-6.239295126813E-2,-4.194962733789E-2,
-1.813128472137E-1));
#9629=CARTESIAN_POINT('',(-5.314835322515E-2,-5.314835322515E-2,
-1.803793276021E-1));
#9630=CARTESIAN_POINT('',(-4.194962733789E-2,-6.239295126813E-2,
-1.794458079906E-1));
#9631=CARTESIAN_POINT('',(-2.877982057010E-2,-6.948063314299E-2,
-1.784262026021E-1));
#9632=CARTESIAN_POINT('',(-1.445561298107E-2,-7.378134489881E-2,
-1.774065972137E-1));
#9633=CARTESIAN_POINT('',(0.E0,-7.516312194880E-2,-1.764730776021E-1));
#9634=CARTESIAN_POINT('',(1.445561298107E-2,-7.378134489881E-2,
-1.755395579906E-1));
#9635=CARTESIAN_POINT('',(2.877982057010E-2,-6.948063314299E-2,
-1.745199526021E-1));
#9636=CARTESIAN_POINT('',(4.194962733789E-2,-6.239295126813E-2,
-1.735003472137E-1));
#9637=CARTESIAN_POINT('',(5.314835322515E-2,-5.314835322515E-2,
-1.725668276021E-1));
#9638=CARTESIAN_POINT('',(6.239295126813E-2,-4.194962733789E-2,
-1.716333079906E-1));
#9639=CARTESIAN_POINT('',(6.948063314299E-2,-2.877982057010E-2,
-1.706137026021E-1));
#9640=CARTESIAN_POINT('',(7.378134489881E-2,-1.445561298107E-2,
-1.695940972137E-1));
#9641=CARTESIAN_POINT('',(7.516312194880E-2,0.E0,-1.686605776021E-1));
#9642=CARTESIAN_POINT('',(7.378134489881E-2,1.445561298107E-2,
-1.677270579906E-1));
#9643=CARTESIAN_POINT('',(6.948063314299E-2,2.877982057010E-2,
-1.667074526021E-1));
#9644=CARTESIAN_POINT('',(6.239295126813E-2,4.194962733789E-2,
-1.656878472137E-1));
#9645=CARTESIAN_POINT('',(5.314835322515E-2,5.314835322515E-2,
-1.647543276021E-1));
#9646=CARTESIAN_POINT('',(4.194962733789E-2,6.239295126813E-2,
-1.638208079906E-1));
#9647=CARTESIAN_POINT('',(2.877982057010E-2,6.948063314299E-2,
-1.628012026021E-1));
#9648=CARTESIAN_POINT('',(1.445561298107E-2,7.378134489881E-2,
-1.617815972137E-1));
#9649=CARTESIAN_POINT('',(0.E0,7.516312194880E-2,-1.608480776021E-1));
#9650=CARTESIAN_POINT('',(-1.445561298107E-2,7.378134489881E-2,
-1.599145579906E-1));
#9651=CARTESIAN_POINT('',(-2.877982057010E-2,6.948063314299E-2,
-1.588949526021E-1));
#9652=CARTESIAN_POINT('',(-4.194962733789E-2,6.239295126813E-2,
-1.578753472137E-1));
#9653=CARTESIAN_POINT('',(-5.314835322515E-2,5.314835322515E-2,
-1.569418276021E-1));
#9654=CARTESIAN_POINT('',(-6.239295126813E-2,4.194962733789E-2,
-1.560083079906E-1));
#9655=CARTESIAN_POINT('',(-6.948063314299E-2,2.877982057010E-2,
-1.549887026021E-1));
#9656=CARTESIAN_POINT('',(-7.378134489881E-2,1.445561298107E-2,
-1.539690972137E-1));
#9657=CARTESIAN_POINT('',(-7.516312194880E-2,0.E0,-1.530355776021E-1));
#9658=CARTESIAN_POINT('',(-7.378134489881E-2,-1.445561298107E-2,
-1.521020579906E-1));
#9659=CARTESIAN_POINT('',(-6.948063314299E-2,-2.877982057010E-2,
-1.510824526021E-1));
#9660=CARTESIAN_POINT('',(-6.239295126813E-2,-4.194962733789E-2,
-1.500628472137E-1));
#9661=CARTESIAN_POINT('',(-5.314835322515E-2,-5.314835322515E-2,
-1.491293276021E-1));
#9662=CARTESIAN_POINT('',(-4.194962733789E-2,-6.239295126813E-2,
-1.481958079906E-1));
#9663=CARTESIAN_POINT('',(-2.877982057010E-2,-6.948063314299E-2,
-1.471762026021E-1));
#9664=CARTESIAN_POINT('',(-1.445561298107E-2,-7.378134489881E-2,
-1.461565972137E-1));
#9665=CARTESIAN_POINT('',(0.E0,-7.516312194880E-2,-1.452230776021E-1));
#9666=CARTESIAN_POINT('',(1.445561298107E-2,-7.378134489881E-2,
-1.442895579906E-1));
#9667=CARTESIAN_POINT('',(2.877982057010E-2,-6.948063314299E-2,
-1.432699526021E-1));
#9668=CARTESIAN_POINT('',(4.194962733789E-2,-6.239295126813E-2,
-1.422503472137E-1));
#9669=CARTESIAN_POINT('',(5.314835322515E-2,-5.314835322515E-2,
-1.413168276021E-1));
#9670=CARTESIAN_POINT('',(6.239295126813E-2,-4.194962733789E-2,
-1.403833079906E-1));
#9671=CARTESIAN_POINT('',(6.948063314299E-2,-2.877982057010E-2,
-1.393637026021E-1));
#9672=CARTESIAN_POINT('',(7.378134489881E-2,-1.445561298107E-2,
-1.383440972137E-1));
#9673=CARTESIAN_POINT('',(7.516312194880E-2,0.E0,-1.374105776021E-1));
#9674=CARTESIAN_POINT('',(7.378134489881E-2,1.445561298107E-2,
-1.364770579906E-1));
#9675=CARTESIAN_POINT('',(6.948063314299E-2,2.877982057010E-2,
-1.354574526021E-1));
#9676=CARTESIAN_POINT('',(6.239295126813E-2,4.194962733789E-2,
-1.344378472137E-1));
#9677=CARTESIAN_POINT('',(5.314835322515E-2,5.314835322515E-2,
-1.335043276021E-1));
#9678=CARTESIAN_POINT('',(4.194962733789E-2,6.239295126813E-2,
-1.325708079906E-1));
#9679=CARTESIAN_POINT('',(2.877982057010E-2,6.948063314299E-2,
-1.315512026021E-1));
#9680=CARTESIAN_POINT('',(1.445561298107E-2,7.378134489881E-2,
-1.305315972137E-1));
#9681=CARTESIAN_POINT('',(0.E0,7.516312194880E-2,-1.295980776021E-1));
#9682=CARTESIAN_POINT('',(-1.445561298107E-2,7.378134489881E-2,
-1.286645579906E-1));
#9683=CARTESIAN_POINT('',(-2.877982057010E-2,6.948063314299E-2,
-1.276449526021E-1));
#9684=CARTESIAN_POINT('',(-4.194962733789E-2,6.239295126813E-2,
-1.266253472137E-1));
#9685=CARTESIAN_POINT('',(-5.314835322515E-2,5.314835322515E-2,
-1.256918276021E-1));
#9686=CARTESIAN_POINT('',(-6.239295126813E-2,4.194962733789E-2,
-1.247583079906E-1));
#9687=CARTESIAN_POINT('',(-6.948063314299E-2,2.877982057010E-2,
-1.237387026021E-1));
#9688=CARTESIAN_POINT('',(-7.378134489881E-2,1.445561298107E-2,
-1.227190972137E-1));
#9689=CARTESIAN_POINT('',(-7.516312194880E-2,0.E0,-1.217855776021E-1));
#9690=CARTESIAN_POINT('',(-7.378134489881E-2,-1.445561298107E-2,
-1.208520579906E-1));
#9691=CARTESIAN_POINT('',(-6.948063314299E-2,-2.877982057010E-2,
-1.198324526021E-1));
#9692=CARTESIAN_POINT('',(-6.239295126813E-2,-4.194962733789E-2,
-1.188128472137E-1));
#9693=CARTESIAN_POINT('',(-5.314835322515E-2,-5.314835322515E-2,
-1.178793276021E-1));
#9694=CARTESIAN_POINT('',(-4.194962733789E-2,-6.239295126813E-2,
-1.169458079906E-1));
#9695=CARTESIAN_POINT('',(-2.877982057010E-2,-6.948063314299E-2,
-1.159262026021E-1));
#9696=CARTESIAN_POINT('',(-1.445561298107E-2,-7.378134489881E-2,
-1.149065972137E-1));
#9697=CARTESIAN_POINT('',(0.E0,-7.516312194880E-2,-1.139730776021E-1));
#9698=CARTESIAN_POINT('',(1.445561298107E-2,-7.378134489881E-2,
-1.130395579906E-1));
#9699=CARTESIAN_POINT('',(2.877982057010E-2,-6.948063314299E-2,
-1.120199526021E-1));
#9700=CARTESIAN_POINT('',(4.194962733789E-2,-6.239295126813E-2,
-1.110003472137E-1));
#9701=CARTESIAN_POINT('',(5.314835322515E-2,-5.314835322515E-2,
-1.100668276021E-1));
#9702=CARTESIAN_POINT('',(6.239295126813E-2,-4.194962733789E-2,
-1.091333079906E-1));
#9703=CARTESIAN_POINT('',(6.948063314299E-2,-2.877982057010E-2,
-1.081137026021E-1));
#9704=CARTESIAN_POINT('',(7.378134489881E-2,-1.445561298107E-2,
-1.070940972137E-1));
#9705=CARTESIAN_POINT('',(7.516312194880E-2,0.E0,-1.061605776021E-1));
#9706=CARTESIAN_POINT('',(7.378134489881E-2,1.445561298107E-2,
-1.052270579906E-1));
#9707=CARTESIAN_POINT('',(6.948063314299E-2,2.877982057010E-2,
-1.042074526021E-1));
#9708=CARTESIAN_POINT('',(6.239295126813E-2,4.194962733789E-2,
-1.031878472137E-1));
#9709=CARTESIAN_POINT('',(5.314835322515E-2,5.314835322515E-2,
-1.022543276021E-1));
#9710=CARTESIAN_POINT('',(4.194962733789E-2,6.239295126813E-2,
-1.013208079906E-1));
#9711=CARTESIAN_POINT('',(2.877982057010E-2,6.948063314299E-2,
-1.003012026021E-1));
#9712=CARTESIAN_POINT('',(1.445561298107E-2,7.378134489881E-2,
-9.928159721368E-2));
#9713=CARTESIAN_POINT('',(0.E0,7.516312194880E-2,-9.834807760212E-2));
#9714=CARTESIAN_POINT('',(-1.445561298107E-2,7.378134489881E-2,
-9.741455799056E-2));
#9715=CARTESIAN_POINT('',(-2.877982057010E-2,6.948063314299E-2,
-9.639495260212E-2));
#9716=CARTESIAN_POINT('',(-4.194962733789E-2,6.239295126813E-2,
-9.537534721368E-2));
#9717=CARTESIAN_POINT('',(-5.314835322515E-2,5.314835322515E-2,
-9.444182760212E-2));
#9718=CARTESIAN_POINT('',(-6.239295126813E-2,4.194962733789E-2,
-9.350830799056E-2));
#9719=CARTESIAN_POINT('',(-6.948063314299E-2,2.877982057010E-2,
-9.248870260212E-2));
#9720=CARTESIAN_POINT('',(-7.378134489881E-2,1.445561298107E-2,
-9.146909721368E-2));
#9721=CARTESIAN_POINT('',(-7.516312194880E-2,0.E0,-9.053557760212E-2));
#9722=CARTESIAN_POINT('',(-7.378134489881E-2,-1.445561298107E-2,
-8.960205799056E-2));
#9723=CARTESIAN_POINT('',(-6.948063314299E-2,-2.877982057010E-2,
-8.858245260212E-2));
#9724=CARTESIAN_POINT('',(-6.239295126813E-2,-4.194962733789E-2,
-8.756284721368E-2));
#9725=CARTESIAN_POINT('',(-5.314835322515E-2,-5.314835322515E-2,
-8.662932760212E-2));
#9726=CARTESIAN_POINT('',(-4.194962733789E-2,-6.239295126813E-2,
-8.569580799056E-2));
#9727=CARTESIAN_POINT('',(-2.877982057010E-2,-6.948063314299E-2,
-8.467620260212E-2));
#9728=CARTESIAN_POINT('',(-1.445561298107E-2,-7.378134489881E-2,
-8.365659721368E-2));
#9729=CARTESIAN_POINT('',(0.E0,-7.516312194880E-2,-8.272307760212E-2));
#9730=CARTESIAN_POINT('',(1.445561298107E-2,-7.378134489881E-2,
-8.178955799056E-2));
#9731=CARTESIAN_POINT('',(2.877982057010E-2,-6.948063314299E-2,
-8.076995260212E-2));
#9732=CARTESIAN_POINT('',(4.194962733789E-2,-6.239295126813E-2,
-7.975034721368E-2));
#9733=CARTESIAN_POINT('',(5.314835322515E-2,-5.314835322515E-2,
-7.881682760212E-2));
#9734=CARTESIAN_POINT('',(6.239295126813E-2,-4.194962733789E-2,
-7.788330799056E-2));
#9735=CARTESIAN_POINT('',(6.948063314299E-2,-2.877982057010E-2,
-7.686370260212E-2));
#9736=CARTESIAN_POINT('',(7.378134489881E-2,-1.445561298107E-2,
-7.584409721368E-2));
#9737=CARTESIAN_POINT('',(7.516312194880E-2,0.E0,-7.491057760212E-2));
#9738=CARTESIAN_POINT('',(7.378134489881E-2,1.445561298107E-2,
-7.397705799056E-2));
#9739=CARTESIAN_POINT('',(6.948063314299E-2,2.877982057010E-2,
-7.295745260212E-2));
#9740=CARTESIAN_POINT('',(6.239295126813E-2,4.194962733789E-2,
-7.193784721368E-2));
#9741=CARTESIAN_POINT('',(5.314835322515E-2,5.314835322515E-2,
-7.100432760212E-2));
#9742=CARTESIAN_POINT('',(4.194962733789E-2,6.239295126813E-2,
-7.007080799056E-2));
#9743=CARTESIAN_POINT('',(2.877982057010E-2,6.948063314299E-2,
-6.905120260212E-2));
#9744=CARTESIAN_POINT('',(1.445561298107E-2,7.378134489881E-2,
-6.803159721368E-2));
#9745=CARTESIAN_POINT('',(0.E0,7.516312194880E-2,-6.709807760212E-2));
#9746=CARTESIAN_POINT('',(-1.445561298107E-2,7.378134489881E-2,
-6.616455799056E-2));
#9747=CARTESIAN_POINT('',(-2.877982057010E-2,6.948063314299E-2,
-6.514495260212E-2));
#9748=CARTESIAN_POINT('',(-4.194962733789E-2,6.239295126813E-2,
-6.412534721368E-2));
#9749=CARTESIAN_POINT('',(-5.314835322515E-2,5.314835322515E-2,
-6.319182760212E-2));
#9750=CARTESIAN_POINT('',(-6.239295126813E-2,4.194962733789E-2,
-6.225830799056E-2));
#9751=CARTESIAN_POINT('',(-6.948063314299E-2,2.877982057010E-2,
-6.123870260212E-2));
#9752=CARTESIAN_POINT('',(-7.378134489881E-2,1.445561298107E-2,
-6.021909721368E-2));
#9753=CARTESIAN_POINT('',(-7.516312194880E-2,0.E0,-5.928557760212E-2));
#9754=CARTESIAN_POINT('',(-7.378134489881E-2,-1.445561298107E-2,
-5.835205799056E-2));
#9755=CARTESIAN_POINT('',(-6.948063314299E-2,-2.877982057010E-2,
-5.733245260212E-2));
#9756=CARTESIAN_POINT('',(-6.239295126813E-2,-4.194962733789E-2,
-5.631284721368E-2));
#9757=CARTESIAN_POINT('',(-5.314835322515E-2,-5.314835322515E-2,
-5.537932760212E-2));
#9758=CARTESIAN_POINT('',(-4.194962733789E-2,-6.239295126813E-2,
-5.444580799056E-2));
#9759=CARTESIAN_POINT('',(-2.877982057010E-2,-6.948063314299E-2,
-5.342620260212E-2));
#9760=CARTESIAN_POINT('',(-1.445561298107E-2,-7.378134489881E-2,
-5.240659721368E-2));
#9761=CARTESIAN_POINT('',(0.E0,-7.516312194880E-2,-5.147307760212E-2));
#9762=CARTESIAN_POINT('',(1.445561298107E-2,-7.378134489881E-2,
-5.053955799056E-2));
#9763=CARTESIAN_POINT('',(2.877982057010E-2,-6.948063314299E-2,
-4.951995260212E-2));
#9764=CARTESIAN_POINT('',(4.194962733789E-2,-6.239295126813E-2,
-4.850034721368E-2));
#9765=CARTESIAN_POINT('',(5.314835322515E-2,-5.314835322515E-2,
-4.756682760212E-2));
#9766=CARTESIAN_POINT('',(6.239295126813E-2,-4.194962733789E-2,
-4.663330799056E-2));
#9767=CARTESIAN_POINT('',(6.948063314299E-2,-2.877982057010E-2,
-4.561370260212E-2));
#9768=CARTESIAN_POINT('',(7.378134489881E-2,-1.445561298107E-2,
-4.459409721368E-2));
#9769=CARTESIAN_POINT('',(7.516312194880E-2,0.E0,-4.366057760212E-2));
#9770=CARTESIAN_POINT('',(7.378134489881E-2,1.445561298107E-2,
-4.272705799056E-2));
#9771=CARTESIAN_POINT('',(6.948063314299E-2,2.877982057010E-2,
-4.170745260212E-2));
#9772=CARTESIAN_POINT('',(6.239295126813E-2,4.194962733789E-2,
-4.068784721368E-2));
#9773=CARTESIAN_POINT('',(5.314835322515E-2,5.314835322515E-2,
-3.975432760212E-2));
#9774=CARTESIAN_POINT('',(4.194962733789E-2,6.239295126813E-2,
-3.882080799056E-2));
#9775=CARTESIAN_POINT('',(2.877982057010E-2,6.948063314299E-2,
-3.780120260212E-2));
#9776=CARTESIAN_POINT('',(1.445561298107E-2,7.378134489881E-2,
-3.678159721368E-2));
#9777=CARTESIAN_POINT('',(0.E0,7.516312194880E-2,-3.584807760212E-2));
#9778=CARTESIAN_POINT('',(-1.445561298107E-2,7.378134489881E-2,
-3.491455799056E-2));
#9779=CARTESIAN_POINT('',(-2.877982057010E-2,6.948063314299E-2,
-3.389495260212E-2));
#9780=CARTESIAN_POINT('',(-4.194962733789E-2,6.239295126813E-2,
-3.287534721368E-2));
#9781=CARTESIAN_POINT('',(-5.314835322515E-2,5.314835322515E-2,
-3.194182760212E-2));
#9782=CARTESIAN_POINT('',(-6.239295126813E-2,4.194962733789E-2,
-3.100830799056E-2));
#9783=CARTESIAN_POINT('',(-6.948063314299E-2,2.877982057010E-2,
-2.998870260212E-2));
#9784=CARTESIAN_POINT('',(-7.378134489881E-2,1.445561298107E-2,
-2.896909721368E-2));
#9785=CARTESIAN_POINT('',(-7.516312194880E-2,0.E0,-2.803557760212E-2));
#9786=CARTESIAN_POINT('',(-7.378134489881E-2,-1.445561298107E-2,
-2.710205799056E-2));
#9787=CARTESIAN_POINT('',(-6.948063314299E-2,-2.877982057010E-2,
-2.608245260212E-2));
#9788=CARTESIAN_POINT('',(-6.239295126813E-2,-4.194962733789E-2,
-2.506284721368E-2));
#9789=CARTESIAN_POINT('',(-5.314835322515E-2,-5.314835322515E-2,
-2.412932760212E-2));
#9790=CARTESIAN_POINT('',(-4.194962733789E-2,-6.239295126813E-2,
-2.319580799056E-2));
#9791=CARTESIAN_POINT('',(-2.877982057010E-2,-6.948063314299E-2,
-2.217620260212E-2));
#9792=CARTESIAN_POINT('',(-1.445561298107E-2,-7.378134489881E-2,
-2.115659721368E-2));
#9793=CARTESIAN_POINT('',(0.E0,-7.516312194880E-2,-2.022307760212E-2));
#9794=CARTESIAN_POINT('',(1.445561298107E-2,-7.378134489881E-2,
-1.928955799056E-2));
#9795=CARTESIAN_POINT('',(2.877982057010E-2,-6.948063314299E-2,
-1.826995260212E-2));
#9796=CARTESIAN_POINT('',(4.194962733789E-2,-6.239295126813E-2,
-1.725034721368E-2));
#9797=CARTESIAN_POINT('',(5.314835322515E-2,-5.314835322515E-2,
-1.631682760212E-2));
#9798=CARTESIAN_POINT('',(6.239295126813E-2,-4.194962733789E-2,
-1.538330799056E-2));
#9799=CARTESIAN_POINT('',(6.948063314299E-2,-2.877982057010E-2,
-1.436370260212E-2));
#9800=CARTESIAN_POINT('',(7.378134489881E-2,-1.445561298107E-2,
-1.334409721368E-2));
#9801=CARTESIAN_POINT('',(7.516312194880E-2,0.E0,-1.241057760212E-2));
#9802=CARTESIAN_POINT('',(7.378134489881E-2,1.445561298107E-2,
-1.147705799056E-2));
#9803=CARTESIAN_POINT('',(6.948063314299E-2,2.877982057010E-2,
-1.045745260212E-2));
#9804=CARTESIAN_POINT('',(6.239295126813E-2,4.194962733789E-2,
-9.437847213681E-3));
#9805=CARTESIAN_POINT('',(5.314835322515E-2,5.314835322515E-2,
-8.504327602120E-3));
#9806=CARTESIAN_POINT('',(4.194962733789E-2,6.239295126813E-2,
-7.570807990559E-3));
#9807=CARTESIAN_POINT('',(2.877982057010E-2,6.948063314299E-2,
-6.551202602120E-3));
#9808=CARTESIAN_POINT('',(1.445561298107E-2,7.378134489881E-2,
-5.531597213681E-3));
#9809=CARTESIAN_POINT('',(0.E0,7.516312194880E-2,-4.598077602120E-3));
#9810=CARTESIAN_POINT('',(-1.445561298107E-2,7.378134489881E-2,
-3.664557990559E-3));
#9811=CARTESIAN_POINT('',(-2.877982057010E-2,6.948063314299E-2,
-2.644952602120E-3));
#9812=CARTESIAN_POINT('',(-4.194962733789E-2,6.239295126813E-2,
-1.625347213681E-3));
#9813=CARTESIAN_POINT('',(-5.314835322515E-2,5.314835322515E-2,
-6.918276021201E-4));
#9814=CARTESIAN_POINT('',(-6.239295126813E-2,4.194962733789E-2,
2.416920094407E-4));
#9815=CARTESIAN_POINT('',(-6.948063314299E-2,2.877982057010E-2,
1.261297397880E-3));
#9816=CARTESIAN_POINT('',(-7.378134489881E-2,1.445561298107E-2,
2.280902786319E-3));
#9817=CARTESIAN_POINT('',(-7.516312194880E-2,0.E0,3.214422397880E-3));
#9818=CARTESIAN_POINT('',(-7.378134489881E-2,-1.445561298107E-2,
4.147942009441E-3));
#9819=CARTESIAN_POINT('',(-6.948063314299E-2,-2.877982057010E-2,
5.167547397880E-3));
#9820=CARTESIAN_POINT('',(-6.239295126813E-2,-4.194962733789E-2,
6.187152786319E-3));
#9821=CARTESIAN_POINT('',(-5.314835322515E-2,-5.314835322515E-2,
7.120672397880E-3));
#9822=CARTESIAN_POINT('',(-4.194962733789E-2,-6.239295126813E-2,
8.054192009441E-3));
#9823=CARTESIAN_POINT('',(-2.877982057010E-2,-6.948063314299E-2,
9.073797397880E-3));
#9824=CARTESIAN_POINT('',(-1.445561298107E-2,-7.378134489881E-2,
1.009340278632E-2));
#9825=CARTESIAN_POINT('',(0.E0,-7.516312194880E-2,1.102692239788E-2));
#9826=CARTESIAN_POINT('',(1.445561298107E-2,-7.378134489881E-2,
1.196044200944E-2));
#9827=CARTESIAN_POINT('',(2.877982057010E-2,-6.948063314299E-2,
1.298004739788E-2));
#9828=CARTESIAN_POINT('',(4.194962733789E-2,-6.239295126813E-2,
1.399965278632E-2));
#9829=CARTESIAN_POINT('',(5.314835322515E-2,-5.314835322515E-2,
1.493317239788E-2));
#9830=CARTESIAN_POINT('',(6.239295126813E-2,-4.194962733789E-2,
1.586669200944E-2));
#9831=CARTESIAN_POINT('',(6.948063314299E-2,-2.877982057010E-2,
1.688629739788E-2));
#9832=CARTESIAN_POINT('',(7.378134489881E-2,-1.445561298107E-2,
1.790590278632E-2));
#9833=CARTESIAN_POINT('',(7.516312194880E-2,0.E0,1.883942239788E-2));
#9834=CARTESIAN_POINT('',(7.378134489881E-2,1.445561298107E-2,
1.977294200944E-2));
#9835=CARTESIAN_POINT('',(6.948063314299E-2,2.877982057010E-2,
2.079254739788E-2));
#9836=CARTESIAN_POINT('',(6.239295126813E-2,4.194962733789E-2,
2.181215278632E-2));
#9837=CARTESIAN_POINT('',(5.314835322515E-2,5.314835322515E-2,
2.274567239788E-2));
#9838=CARTESIAN_POINT('',(4.194962733789E-2,6.239295126813E-2,
2.367919200944E-2));
#9839=CARTESIAN_POINT('',(2.877982057010E-2,6.948063314299E-2,
2.469879739788E-2));
#9840=CARTESIAN_POINT('',(1.445561298107E-2,7.378134489881E-2,
2.571840278632E-2));
#9841=CARTESIAN_POINT('',(0.E0,7.516312194880E-2,2.665192239788E-2));
#9842=CARTESIAN_POINT('',(-1.445561298107E-2,7.378134489881E-2,
2.758544200944E-2));
#9843=CARTESIAN_POINT('',(-2.877982057010E-2,6.948063314299E-2,
2.860504739788E-2));
#9844=CARTESIAN_POINT('',(-4.194962733789E-2,6.239295126813E-2,
2.962465278632E-2));
#9845=CARTESIAN_POINT('',(-5.314835322515E-2,5.314835322515E-2,
3.055817239788E-2));
#9846=CARTESIAN_POINT('',(-6.239295126813E-2,4.194962733789E-2,
3.149169200944E-2));
#9847=CARTESIAN_POINT('',(-6.948063314299E-2,2.877982057010E-2,
3.251129739788E-2));
#9848=CARTESIAN_POINT('',(-7.378134489881E-2,1.445561298107E-2,
3.353090278632E-2));
#9849=CARTESIAN_POINT('',(-7.516312194880E-2,0.E0,3.446442239788E-2));
#9850=CARTESIAN_POINT('',(-7.378134489881E-2,-1.445561298107E-2,
3.539794200944E-2));
#9851=CARTESIAN_POINT('',(-6.948063314299E-2,-2.877982057010E-2,
3.641754739788E-2));
#9852=CARTESIAN_POINT('',(-6.239295126813E-2,-4.194962733789E-2,
3.743715278632E-2));
#9853=CARTESIAN_POINT('',(-5.314835322515E-2,-5.314835322515E-2,
3.837067239788E-2));
#9854=CARTESIAN_POINT('',(-4.194962733789E-2,-6.239295126813E-2,
3.930419200944E-2));
#9855=CARTESIAN_POINT('',(-2.877982057010E-2,-6.948063314299E-2,
4.032379739788E-2));
#9856=CARTESIAN_POINT('',(-1.445561298107E-2,-7.378134489881E-2,
4.134340278632E-2));
#9857=CARTESIAN_POINT('',(0.E0,-7.516312194880E-2,4.227692239788E-2));
#9858=CARTESIAN_POINT('',(1.445561298107E-2,-7.378134489881E-2,
4.321044200944E-2));
#9859=CARTESIAN_POINT('',(2.877982057010E-2,-6.948063314299E-2,
4.423004739788E-2));
#9860=CARTESIAN_POINT('',(4.194962733789E-2,-6.239295126813E-2,
4.524965278632E-2));
#9861=CARTESIAN_POINT('',(5.314835322515E-2,-5.314835322515E-2,
4.618317239788E-2));
#9862=CARTESIAN_POINT('',(6.239295126813E-2,-4.194962733789E-2,
4.711669200944E-2));
#9863=CARTESIAN_POINT('',(6.948063314299E-2,-2.877982057010E-2,
4.813629739788E-2));
#9864=CARTESIAN_POINT('',(7.378134489881E-2,-1.445561298107E-2,
4.915590278632E-2));
#9865=CARTESIAN_POINT('',(7.516312194880E-2,0.E0,5.008942239788E-2));
#9866=CARTESIAN_POINT('',(7.378134489881E-2,1.445561298107E-2,
5.102294200944E-2));
#9867=CARTESIAN_POINT('',(6.948063314299E-2,2.877982057010E-2,
5.204254739788E-2));
#9868=CARTESIAN_POINT('',(6.239295126813E-2,4.194962733789E-2,
5.306215278632E-2));
#9869=CARTESIAN_POINT('',(5.314835322515E-2,5.314835322515E-2,
5.399567239788E-2));
#9870=CARTESIAN_POINT('',(4.194962733789E-2,6.239295126813E-2,
5.492919200944E-2));
#9871=CARTESIAN_POINT('',(2.877982057010E-2,6.948063314299E-2,
5.594879739788E-2));
#9872=CARTESIAN_POINT('',(1.445561298107E-2,7.378134489881E-2,
5.696840278632E-2));
#9873=CARTESIAN_POINT('',(0.E0,7.516312194880E-2,5.790192239788E-2));
#9874=CARTESIAN_POINT('',(-1.445561298107E-2,7.378134489881E-2,
5.883544200944E-2));
#9875=CARTESIAN_POINT('',(-2.877982057010E-2,6.948063314299E-2,
5.985504739788E-2));
#9876=CARTESIAN_POINT('',(-4.194962733789E-2,6.239295126813E-2,
6.087465278632E-2));
#9877=CARTESIAN_POINT('',(-5.314835322515E-2,5.314835322515E-2,
6.180817239788E-2));
#9878=CARTESIAN_POINT('',(-6.239295126813E-2,4.194962733789E-2,
6.274169200944E-2));
#9879=CARTESIAN_POINT('',(-6.948063314299E-2,2.877982057010E-2,
6.376129739788E-2));
#9880=CARTESIAN_POINT('',(-7.378134489881E-2,1.445561298107E-2,
6.478090278632E-2));
#9881=CARTESIAN_POINT('',(-7.516312194880E-2,0.E0,6.571442239788E-2));
#9882=CARTESIAN_POINT('',(-7.378134489881E-2,-1.445561298107E-2,
6.664794200944E-2));
#9883=CARTESIAN_POINT('',(-6.948063314299E-2,-2.877982057010E-2,
6.766754739788E-2));
#9884=CARTESIAN_POINT('',(-6.239295126813E-2,-4.194962733789E-2,
6.868715278632E-2));
#9885=CARTESIAN_POINT('',(-5.314835322515E-2,-5.314835322515E-2,
6.962067239788E-2));
#9886=CARTESIAN_POINT('',(-4.194962733789E-2,-6.239295126813E-2,
7.055419200944E-2));
#9887=CARTESIAN_POINT('',(-2.877982057010E-2,-6.948063314299E-2,
7.157379739788E-2));
#9888=CARTESIAN_POINT('',(-1.445561298107E-2,-7.378134489881E-2,
7.259340278632E-2));
#9889=CARTESIAN_POINT('',(0.E0,-7.516312194880E-2,7.352692239788E-2));
#9890=CARTESIAN_POINT('',(1.445561298107E-2,-7.378134489881E-2,
7.446044200944E-2));
#9891=CARTESIAN_POINT('',(2.877982057010E-2,-6.948063314299E-2,
7.548004739788E-2));
#9892=CARTESIAN_POINT('',(4.194962733789E-2,-6.239295126813E-2,
7.649965278632E-2));
#9893=CARTESIAN_POINT('',(5.314835322515E-2,-5.314835322515E-2,
7.743317239788E-2));
#9894=CARTESIAN_POINT('',(6.239295126813E-2,-4.194962733789E-2,
7.836669200944E-2));
#9895=CARTESIAN_POINT('',(6.948063314299E-2,-2.877982057010E-2,
7.938629739788E-2));
#9896=CARTESIAN_POINT('',(7.378134489881E-2,-1.445561298107E-2,
8.040590278632E-2));
#9897=CARTESIAN_POINT('',(7.516312194880E-2,0.E0,8.133942239788E-2));
#9898=CARTESIAN_POINT('',(7.378134489881E-2,1.445561298107E-2,
8.227294200944E-2));
#9899=CARTESIAN_POINT('',(6.948063314299E-2,2.877982057010E-2,
8.329254739788E-2));
#9900=CARTESIAN_POINT('',(6.239295126813E-2,4.194962733789E-2,
8.431215278632E-2));
#9901=CARTESIAN_POINT('',(5.314835322515E-2,5.314835322515E-2,
8.524567239788E-2));
#9902=CARTESIAN_POINT('',(4.194962733789E-2,6.239295126813E-2,
8.617919200944E-2));
#9903=CARTESIAN_POINT('',(2.877982057010E-2,6.948063314299E-2,
8.719879739788E-2));
#9904=CARTESIAN_POINT('',(1.445561298107E-2,7.378134489881E-2,
8.821840278632E-2));
#9905=CARTESIAN_POINT('',(0.E0,7.516312194880E-2,8.915192239788E-2));
#9906=CARTESIAN_POINT('',(-1.445561298107E-2,7.378134489881E-2,
9.008544200944E-2));
#9907=CARTESIAN_POINT('',(-2.877982057010E-2,6.948063314299E-2,
9.110504739788E-2));
#9908=CARTESIAN_POINT('',(-4.194962733789E-2,6.239295126813E-2,
9.212465278632E-2));
#9909=CARTESIAN_POINT('',(-5.314835322515E-2,5.314835322515E-2,
9.305817239788E-2));
#9910=CARTESIAN_POINT('',(-6.239295126813E-2,4.194962733789E-2,
9.399169200944E-2));
#9911=CARTESIAN_POINT('',(-6.948063314299E-2,2.877982057010E-2,
9.501129739788E-2));
#9912=CARTESIAN_POINT('',(-7.378134489881E-2,1.445561298107E-2,
9.603090278632E-2));
#9913=CARTESIAN_POINT('',(-7.516312194880E-2,0.E0,9.696442239788E-2));
#9914=CARTESIAN_POINT('',(-7.378134489881E-2,-1.445561298107E-2,
9.789794200944E-2));
#9915=CARTESIAN_POINT('',(-6.948063314299E-2,-2.877982057010E-2,
9.891754739788E-2));
#9916=CARTESIAN_POINT('',(-6.239295126813E-2,-4.194962733789E-2,
9.993715278632E-2));
#9917=CARTESIAN_POINT('',(-5.314835322515E-2,-5.314835322515E-2,
1.008706723979E-1));
#9918=CARTESIAN_POINT('',(-4.194962733789E-2,-6.239295126813E-2,
1.018041920094E-1));
#9919=CARTESIAN_POINT('',(-2.877982057010E-2,-6.948063314299E-2,
1.028237973979E-1));
#9920=CARTESIAN_POINT('',(-1.445561298107E-2,-7.378134489881E-2,
1.038434027863E-1));
#9921=CARTESIAN_POINT('',(0.E0,-7.516312194880E-2,1.047769223979E-1));
#9922=CARTESIAN_POINT('',(1.445561298107E-2,-7.378134489881E-2,
1.057104420094E-1));
#9923=CARTESIAN_POINT('',(2.877982057010E-2,-6.948063314299E-2,
1.067300473979E-1));
#9924=CARTESIAN_POINT('',(4.194962733789E-2,-6.239295126813E-2,
1.077496527863E-1));
#9925=CARTESIAN_POINT('',(5.314835322515E-2,-5.314835322515E-2,
1.086831723979E-1));
#9926=CARTESIAN_POINT('',(6.239295126813E-2,-4.194962733789E-2,
1.096166920094E-1));
#9927=CARTESIAN_POINT('',(6.948063314299E-2,-2.877982057010E-2,
1.106362973979E-1));
#9928=CARTESIAN_POINT('',(7.378134489881E-2,-1.445561298107E-2,
1.116559027863E-1));
#9929=CARTESIAN_POINT('',(7.516312194880E-2,0.E0,1.125894223979E-1));
#9930=CARTESIAN_POINT('',(7.378134489881E-2,1.445561298107E-2,
1.135229420094E-1));
#9931=CARTESIAN_POINT('',(6.948063314299E-2,2.877982057010E-2,
1.145425473979E-1));
#9932=CARTESIAN_POINT('',(6.239295126813E-2,4.194962733789E-2,
1.155621527863E-1));
#9933=CARTESIAN_POINT('',(5.314835322515E-2,5.314835322515E-2,
1.164956723979E-1));
#9934=CARTESIAN_POINT('',(4.194962733789E-2,6.239295126813E-2,
1.174291920094E-1));
#9935=CARTESIAN_POINT('',(2.877982057010E-2,6.948063314299E-2,
1.184487973979E-1));
#9936=CARTESIAN_POINT('',(1.445561298107E-2,7.378134489881E-2,
1.194684027863E-1));
#9937=CARTESIAN_POINT('',(0.E0,7.516312194880E-2,1.204019223979E-1));
#9938=CARTESIAN_POINT('',(-1.445561298107E-2,7.378134489881E-2,
1.213354420094E-1));
#9939=CARTESIAN_POINT('',(-2.877982057010E-2,6.948063314299E-2,
1.223550473979E-1));
#9940=CARTESIAN_POINT('',(-4.194962733789E-2,6.239295126813E-2,
1.233746527863E-1));
#9941=CARTESIAN_POINT('',(-5.314835322515E-2,5.314835322515E-2,
1.243081723979E-1));
#9942=CARTESIAN_POINT('',(-6.239295126813E-2,4.194962733789E-2,
1.252416920094E-1));
#9943=CARTESIAN_POINT('',(-6.948063314299E-2,2.877982057010E-2,
1.262612973979E-1));
#9944=CARTESIAN_POINT('',(-7.378134489881E-2,1.445561298107E-2,
1.272809027863E-1));
#9945=CARTESIAN_POINT('',(-7.516312194880E-2,0.E0,1.282144223979E-1));
#9946=CARTESIAN_POINT('',(-7.378134489881E-2,-1.445561298107E-2,
1.291479420094E-1));
#9947=CARTESIAN_POINT('',(-6.948063314299E-2,-2.877982057010E-2,
1.301675473979E-1));
#9948=CARTESIAN_POINT('',(-6.239295126813E-2,-4.194962733789E-2,
1.311871527863E-1));
#9949=CARTESIAN_POINT('',(-5.314835322515E-2,-5.314835322515E-2,
1.321206723979E-1));
#9950=CARTESIAN_POINT('',(-4.194962733789E-2,-6.239295126813E-2,
1.330541920094E-1));
#9951=CARTESIAN_POINT('',(-2.877982057010E-2,-6.948063314299E-2,
1.340737973979E-1));
#9952=CARTESIAN_POINT('',(-1.445561298107E-2,-7.378134489881E-2,
1.350934027863E-1));
#9953=CARTESIAN_POINT('',(0.E0,-7.516312194880E-2,1.360269223979E-1));
#9954=CARTESIAN_POINT('',(1.445561298107E-2,-7.378134489881E-2,
1.369604420094E-1));
#9955=CARTESIAN_POINT('',(2.877982057010E-2,-6.948063314299E-2,
1.379800473979E-1));
#9956=CARTESIAN_POINT('',(4.194962733789E-2,-6.239295126813E-2,
1.389996527863E-1));
#9957=CARTESIAN_POINT('',(5.314835322515E-2,-5.314835322515E-2,
1.399331723979E-1));
#9958=CARTESIAN_POINT('',(6.239295126813E-2,-4.194962733789E-2,
1.408666920094E-1));
#9959=CARTESIAN_POINT('',(6.948063314299E-2,-2.877982057010E-2,
1.418862973979E-1));
#9960=CARTESIAN_POINT('',(7.378134489881E-2,-1.445561298107E-2,
1.429059027863E-1));
#9961=CARTESIAN_POINT('',(7.516312194880E-2,0.E0,1.438394223979E-1));
#9962=CARTESIAN_POINT('',(7.378134489881E-2,1.445561298107E-2,
1.447729420094E-1));
#9963=CARTESIAN_POINT('',(6.948063314299E-2,2.877982057010E-2,
1.457925473979E-1));
#9964=CARTESIAN_POINT('',(6.239295126813E-2,4.194962733789E-2,
1.468121527863E-1));
#9965=CARTESIAN_POINT('',(5.314835322515E-2,5.314835322515E-2,
1.477456723979E-1));
#9966=CARTESIAN_POINT('',(4.194962733789E-2,6.239295126813E-2,
1.486791920094E-1));
#9967=CARTESIAN_POINT('',(2.877982057010E-2,6.948063314299E-2,
1.496987973979E-1));
#9968=CARTESIAN_POINT('',(1.445561298107E-2,7.378134489881E-2,
1.507184027863E-1));
#9969=CARTESIAN_POINT('',(0.E0,7.516312194880E-2,1.516519223979E-1));
#9970=CARTESIAN_POINT('',(-1.445561298107E-2,7.378134489881E-2,
1.525854420094E-1));
#9971=CARTESIAN_POINT('',(-2.877982057010E-2,6.948063314299E-2,
1.536050473979E-1));
#9972=CARTESIAN_POINT('',(-4.194962733789E-2,6.239295126813E-2,
1.546246527863E-1));
#9973=CARTESIAN_POINT('',(-5.314835322515E-2,5.314835322515E-2,
1.555581723979E-1));
#9974=CARTESIAN_POINT('',(-6.239295126813E-2,4.194962733789E-2,
1.564916920094E-1));
#9975=CARTESIAN_POINT('',(-6.948063314299E-2,2.877982057010E-2,
1.575112973979E-1));
#9976=CARTESIAN_POINT('',(-7.378134489881E-2,1.445561298107E-2,
1.585309027863E-1));
#9977=CARTESIAN_POINT('',(-7.516312194880E-2,0.E0,1.594644223979E-1));
#9978=CARTESIAN_POINT('',(-7.378134489881E-2,-1.445561298107E-2,
1.603979420094E-1));
#9979=CARTESIAN_POINT('',(-6.948063314299E-2,-2.877982057010E-2,
1.614175473979E-1));
#9980=CARTESIAN_POINT('',(-6.272006999776E-2,-4.134179948453E-2,
1.623900948024E-1));
#9981=CARTESIAN_POINT('',(-5.707632853751E-2,-4.837543407457E-2,
1.629730544245E-1));
#9982=CARTESIAN_POINT('',(-5.421912943504E-2,-5.138864125712E-2,
1.632413797469E-1));
#9983=B_SPLINE_SURFACE_WITH_KNOTS('',3,3,((#8059,#8060,#8061,#8062,#8063,#8064,
#8065,#8066,#8067,#8068,#8069,#8070,#8071,#8072,#8073,#8074,#8075,#8076,#8077,
#8078,#8079,#8080,#8081,#8082,#8083,#8084,#8085,#8086,#8087,#8088,#8089,#8090,
#8091,#8092,#8093,#8094,#8095,#8096,#8097,#8098,#8099,#8100,#8101,#8102,#8103,
#8104,#8105,#8106,#8107,#8108,#8109,#8110,#8111,#8112,#8113,#8114,#8115,#8116,
#8117,#8118,#8119,#8120,#8121,#8122,#8123,#8124,#8125,#8126,#8127,#8128,#8129,
#8130,#8131,#8132,#8133,#8134,#8135,#8136,#8137,#8138,#8139,#8140,#8141,#8142,
#8143,#8144,#8145,#8146,#8147,#8148,#8149,#8150,#8151,#8152,#8153,#8154,#8155,
#8156,#8157,#8158,#8159,#8160,#8161,#8162,#8163,#8164,#8165,#8166,#8167,#8168,
#8169,#8170,#8171,#8172,#8173,#8174,#8175,#8176,#8177,#8178,#8179,#8180,#8181,
#8182,#8183,#8184,#8185,#8186,#8187,#8188,#8189,#8190,#8191,#8192,#8193,#8194,
#8195,#8196,#8197,#8198,#8199,#8200,#8201,#8202,#8203,#8204,#8205,#8206,#8207,
#8208,#8209,#8210,#8211,#8212,#8213,#8214,#8215,#8216,#8217,#8218,#8219,#8220,
#8221,#8222,#8223,#8224,#8225,#8226,#8227,#8228,#8229,#8230,#8231,#8232,#8233,
#8234,#8235,#8236,#8237,#8238,#8239,#8240,#8241,#8242,#8243,#8244,#8245,#8246,
#8247,#8248,#8249,#8250,#8251,#8252,#8253,#8254,#8255,#8256,#8257,#8258,#8259,
#8260,#8261,#8262,#8263,#8264,#8265,#8266,#8267,#8268,#8269,#8270,#8271,#8272,
#8273,#8274,#8275,#8276,#8277,#8278,#8279,#8280,#8281,#8282,#8283,#8284,#8285,
#8286,#8287,#8288,#8289,#8290,#8291,#8292,#8293,#8294,#8295,#8296,#8297,#8298,
#8299,#8300,#8301,#8302,#8303,#8304,#8305,#8306,#8307,#8308,#8309,#8310,#8311,
#8312,#8313,#8314,#8315,#8316,#8317,#8318,#8319,#8320,#8321,#8322,#8323,#8324,
#8325,#8326,#8327,#8328,#8329,#8330,#8331,#8332,#8333,#8334,#8335,#8336,#8337,
#8338,#8339,#8340,#8341,#8342,#8343,#8344,#8345,#8346,#8347,#8348,#8349,#8350,
#8351,#8352,#8353,#8354,#8355,#8356,#8357,#8358,#8359,#8360,#8361,#8362,#8363,
#8364,#8365,#8366,#8367,#8368,#8369,#8370,#8371,#8372,#8373,#8374,#8375,#8376,
#8377,#8378,#8379,#8380,#8381,#8382,#8383,#8384,#8385,#8386,#8387,#8388,#8389,
#8390,#8391,#8392,#8393,#8394,#8395,#8396,#8397,#8398,#8399,#8400,#8401,#8402,
#8403,#8404,#8405,#8406,#8407,#8408,#8409,#8410,#8411,#8412,#8413,#8414,#8415,
#8416,#8417,#8418,#8419,#8420,#8421,#8422,#8423,#8424,#8425,#8426,#8427,#8428,
#8429,#8430,#8431,#8432,#8433,#8434,#8435,#8436,#8437,#8438,#8439,#8440,#8441,
#8442,#8443,#8444,#8445,#8446,#8447,#8448,#8449,#8450,#8451,#8452,#8453,#8454,
#8455,#8456,#8457,#8458,#8459,#8460,#8461,#8462,#8463,#8464,#8465,#8466,#8467,
#8468,#8469,#8470,#8471,#8472,#8473,#8474,#8475,#8476,#8477,#8478,#8479,#8480,
#8481,#8482,#8483,#8484,#8485,#8486,#8487,#8488,#8489,#8490,#8491,#8492,#8493,
#8494,#8495,#8496,#8497,#8498,#8499,#8500,#8501,#8502,#8503,#8504,#8505,#8506,
#8507,#8508,#8509,#8510,#8511,#8512,#8513,#8514,#8515,#8516,#8517,#8518,#8519,
#8520,#8521,#8522,#8523,#8524,#8525,#8526,#8527,#8528,#8529,#8530,#8531,#8532,
#8533,#8534,#8535,#8536,#8537,#8538,#8539),(#8540,#8541,#8542,#8543,#8544,#8545,
#8546,#8547,#8548,#8549,#8550,#8551,#8552,#8553,#8554,#8555,#8556,#8557,#8558,
#8559,#8560,#8561,#8562,#8563,#8564,#8565,#8566,#8567,#8568,#8569,#8570,#8571,
#8572,#8573,#8574,#8575,#8576,#8577,#8578,#8579,#8580,#8581,#8582,#8583,#8584,
#8585,#8586,#8587,#8588,#8589,#8590,#8591,#8592,#8593,#8594,#8595,#8596,#8597,
#8598,#8599,#8600,#8601,#8602,#8603,#8604,#8605,#8606,#8607,#8608,#8609,#8610,
#8611,#8612,#8613,#8614,#8615,#8616,#8617,#8618,#8619,#8620,#8621,#8622,#8623,
#8624,#8625,#8626,#8627,#8628,#8629,#8630,#8631,#8632,#8633,#8634,#8635,#8636,
#8637,#8638,#8639,#8640,#8641,#8642,#8643,#8644,#8645,#8646,#8647,#8648,#8649,
#8650,#8651,#8652,#8653,#8654,#8655,#8656,#8657,#8658,#8659,#8660,#8661,#8662,
#8663,#8664,#8665,#8666,#8667,#8668,#8669,#8670,#8671,#8672,#8673,#8674,#8675,
#8676,#8677,#8678,#8679,#8680,#8681,#8682,#8683,#8684,#8685,#8686,#8687,#8688,
#8689,#8690,#8691,#8692,#8693,#8694,#8695,#8696,#8697,#8698,#8699,#8700,#8701,
#8702,#8703,#8704,#8705,#8706,#8707,#8708,#8709,#8710,#8711,#8712,#8713,#8714,
#8715,#8716,#8717,#8718,#8719,#8720,#8721,#8722,#8723,#8724,#8725,#8726,#8727,
#8728,#8729,#8730,#8731,#8732,#8733,#8734,#8735,#8736,#8737,#8738,#8739,#8740,
#8741,#8742,#8743,#8744,#8745,#8746,#8747,#8748,#8749,#8750,#8751,#8752,#8753,
#8754,#8755,#8756,#8757,#8758,#8759,#8760,#8761,#8762,#8763,#8764,#8765,#8766,
#8767,#8768,#8769,#8770,#8771,#8772,#8773,#8774,#8775,#8776,#8777,#8778,#8779,
#8780,#8781,#8782,#8783,#8784,#8785,#8786,#8787,#8788,#8789,#8790,#8791,#8792,
#8793,#8794,#8795,#8796,#8797,#8798,#8799,#8800,#8801,#8802,#8803,#8804,#8805,
#8806,#8807,#8808,#8809,#8810,#8811,#8812,#8813,#8814,#8815,#8816,#8817,#8818,
#8819,#8820,#8821,#8822,#8823,#8824,#8825,#8826,#8827,#8828,#8829,#8830,#8831,
#8832,#8833,#8834,#8835,#8836,#8837,#8838,#8839,#8840,#8841,#8842,#8843,#8844,
#8845,#8846,#8847,#8848,#8849,#8850,#8851,#8852,#8853,#8854,#8855,#8856,#8857,
#8858,#8859,#8860,#8861,#8862,#8863,#8864,#8865,#8866,#8867,#8868,#8869,#8870,
#8871,#8872,#8873,#8874,#8875,#8876,#8877,#8878,#8879,#8880,#8881,#8882,#8883,
#8884,#8885,#8886,#8887,#8888,#8889,#8890,#8891,#8892,#8893,#8894,#8895,#8896,
#8897,#8898,#8899,#8900,#8901,#8902,#8903,#8904,#8905,#8906,#8907,#8908,#8909,
#8910,#8911,#8912,#8913,#8914,#8915,#8916,#8917,#8918,#8919,#8920,#8921,#8922,
#8923,#8924,#8925,#8926,#8927,#8928,#8929,#8930,#8931,#8932,#8933,#8934,#8935,
#8936,#8937,#8938,#8939,#8940,#8941,#8942,#8943,#8944,#8945,#8946,#8947,#8948,
#8949,#8950,#8951,#8952,#8953,#8954,#8955,#8956,#8957,#8958,#8959,#8960,#8961,
#8962,#8963,#8964,#8965,#8966,#8967,#8968,#8969,#8970,#8971,#8972,#8973,#8974,
#8975,#8976,#8977,#8978,#8979,#8980,#8981,#8982,#8983,#8984,#8985,#8986,#8987,
#8988,#8989,#8990,#8991,#8992,#8993,#8994,#8995,#8996,#8997,#8998,#8999,#9000,
#9001,#9002,#9003,#9004,#9005,#9006,#9007,#9008,#9009,#9010,#9011,#9012,#9013,
#9014,#9015,#9016,#9017,#9018,#9019,#9020),(#9021,#9022,#9023,#9024,#9025,#9026,
#9027,#9028,#9029,#9030,#9031,#9032,#9033,#9034,#9035,#9036,#9037,#9038,#9039,
#9040,#9041,#9042,#9043,#9044,#9045,#9046,#9047,#9048,#9049,#9050,#9051,#9052,
#9053,#9054,#9055,#9056,#9057,#9058,#9059,#9060,#9061,#9062,#9063,#9064,#9065,
#9066,#9067,#9068,#9069,#9070,#9071,#9072,#9073,#9074,#9075,#9076,#9077,#9078,
#9079,#9080,#9081,#9082,#9083,#9084,#9085,#9086,#9087,#9088,#9089,#9090,#9091,
#9092,#9093,#9094,#9095,#9096,#9097,#9098,#9099,#9100,#9101,#9102,#9103,#9104,
#9105,#9106,#9107,#9108,#9109,#9110,#9111,#9112,#9113,#9114,#9115,#9116,#9117,
#9118,#9119,#9120,#9121,#9122,#9123,#9124,#9125,#9126,#9127,#9128,#9129,#9130,
#9131,#9132,#9133,#9134,#9135,#9136,#9137,#9138,#9139,#9140,#9141,#9142,#9143,
#9144,#9145,#9146,#9147,#9148,#9149,#9150,#9151,#9152,#9153,#9154,#9155,#9156,
#9157,#9158,#9159,#9160,#9161,#9162,#9163,#9164,#9165,#9166,#9167,#9168,#9169,
#9170,#9171,#9172,#9173,#9174,#9175,#9176,#9177,#9178,#9179,#9180,#9181,#9182,
#9183,#9184,#9185,#9186,#9187,#9188,#9189,#9190,#9191,#9192,#9193,#9194,#9195,
#9196,#9197,#9198,#9199,#9200,#9201,#9202,#9203,#9204,#9205,#9206,#9207,#9208,
#9209,#9210,#9211,#9212,#9213,#9214,#9215,#9216,#9217,#9218,#9219,#9220,#9221,
#9222,#9223,#9224,#9225,#9226,#9227,#9228,#9229,#9230,#9231,#9232,#9233,#9234,
#9235,#9236,#9237,#9238,#9239,#9240,#9241,#9242,#9243,#9244,#9245,#9246,#9247,
#9248,#9249,#9250,#9251,#9252,#9253,#9254,#9255,#9256,#9257,#9258,#9259,#9260,
#9261,#9262,#9263,#9264,#9265,#9266,#9267,#9268,#9269,#9270,#9271,#9272,#9273,
#9274,#9275,#9276,#9277,#9278,#9279,#9280,#9281,#9282,#9283,#9284,#9285,#9286,
#9287,#9288,#9289,#9290,#9291,#9292,#9293,#9294,#9295,#9296,#9297,#9298,#9299,
#9300,#9301,#9302,#9303,#9304,#9305,#9306,#9307,#9308,#9309,#9310,#9311,#9312,
#9313,#9314,#9315,#9316,#9317,#9318,#9319,#9320,#9321,#9322,#9323,#9324,#9325,
#9326,#9327,#9328,#9329,#9330,#9331,#9332,#9333,#9334,#9335,#9336,#9337,#9338,
#9339,#9340,#9341,#9342,#9343,#9344,#9345,#9346,#9347,#9348,#9349,#9350,#9351,
#9352,#9353,#9354,#9355,#9356,#9357,#9358,#9359,#9360,#9361,#9362,#9363,#9364,
#9365,#9366,#9367,#9368,#9369,#9370,#9371,#9372,#9373,#9374,#9375,#9376,#9377,
#9378,#9379,#9380,#9381,#9382,#9383,#9384,#9385,#9386,#9387,#9388,#9389,#9390,
#9391,#9392,#9393,#9394,#9395,#9396,#9397,#9398,#9399,#9400,#9401,#9402,#9403,
#9404,#9405,#9406,#9407,#9408,#9409,#9410,#9411,#9412,#9413,#9414,#9415,#9416,
#9417,#9418,#9419,#9420,#9421,#9422,#9423,#9424,#9425,#9426,#9427,#9428,#9429,
#9430,#9431,#9432,#9433,#9434,#9435,#9436,#9437,#9438,#9439,#9440,#9441,#9442,
#9443,#9444,#9445,#9446,#9447,#9448,#9449,#9450,#9451,#9452,#9453,#9454,#9455,
#9456,#9457,#9458,#9459,#9460,#9461,#9462,#9463,#9464,#9465,#9466,#9467,#9468,
#9469,#9470,#9471,#9472,#9473,#9474,#9475,#9476,#9477,#9478,#9479,#9480,#9481,
#9482,#9483,#9484,#9485,#9486,#9487,#9488,#9489,#9490,#9491,#9492,#9493,#9494,
#9495,#9496,#9497,#9498,#9499,#9500,#9501),(#9502,#9503,#9504,#9505,#9506,#9507,
#9508,#9509,#9510,#9511,#9512,#9513,#9514,#9515,#9516,#9517,#9518,#9519,#9520,
#9521,#9522,#9523,#9524,#9525,#9526,#9527,#9528,#9529,#9530,#9531,#9532,#9533,
#9534,#9535,#9536,#9537,#9538,#9539,#9540,#9541,#9542,#9543,#9544,#9545,#9546,
#9547,#9548,#9549,#9550,#9551,#9552,#9553,#9554,#9555,#9556,#9557,#9558,#9559,
#9560,#9561,#9562,#9563,#9564,#9565,#9566,#9567,#9568,#9569,#9570,#9571,#9572,
#9573,#9574,#9575,#9576,#9577,#9578,#9579,#9580,#9581,#9582,#9583,#9584,#9585,
#9586,#9587,#9588,#9589,#9590,#9591,#9592,#9593,#9594,#9595,#9596,#9597,#9598,
#9599,#9600,#9601,#9602,#9603,#9604,#9605,#9606,#9607,#9608,#9609,#9610,#9611,
#9612,#9613,#9614,#9615,#9616,#9617,#9618,#9619,#9620,#9621,#9622,#9623,#9624,
#9625,#9626,#9627,#9628,#9629,#9630,#9631,#9632,#9633,#9634,#9635,#9636,#9637,
#9638,#9639,#9640,#9641,#9642,#9643,#9644,#9645,#9646,#9647,#9648,#9649,#9650,
#9651,#9652,#9653,#9654,#9655,#9656,#9657,#9658,#9659,#9660,#9661,#9662,#9663,
#9664,#9665,#9666,#9667,#9668,#9669,#9670,#9671,#9672,#9673,#9674,#9675,#9676,
#9677,#9678,#9679,#9680,#9681,#9682,#9683,#9684,#9685,#9686,#9687,#9688,#9689,
#9690,#9691,#9692,#9693,#9694,#9695,#9696,#9697,#9698,#9699,#9700,#9701,#9702,
#9703,#9704,#9705,#9706,#9707,#9708,#9709,#9710,#9711,#9712,#9713,#9714,#9715,
#9716,#9717,#9718,#9719,#9720,#9721,#9722,#9723,#9724,#9725,#9726,#9727,#9728,
#9729,#9730,#9731,#9732,#9733,#9734,#9735,#9736,#9737,#9738,#9739,#9740,#9741,
#9742,#9743,#9744,#9745,#9746,#9747,#9748,#9749,#9750,#9751,#9752,#9753,#9754,
#9755,#9756,#9757,#9758,#9759,#9760,#9761,#9762,#9763,#9764,#9765,#9766,#9767,
#9768,#9769,#9770,#9771,#9772,#9773,#9774,#9775,#9776,#9777,#9778,#9779,#9780,
#9781,#9782,#9783,#9784,#9785,#9786,#9787,#9788,#9789,#9790,#9791,#9792,#9793,
#9794,#9795,#9796,#9797,#9798,#9799,#9800,#9801,#9802,#9803,#9804,#9805,#9806,
#9807,#9808,#9809,#9810,#9811,#9812,#9813,#9814,#9815,#9816,#9817,#9818,#9819,
#9820,#9821,#9822,#9823,#9824,#9825,#9826,#9827,#9828,#9829,#9830,#9831,#9832,
#9833,#9834,#9835,#9836,#9837,#9838,#9839,#9840,#9841,#9842,#9843,#9844,#9845,
#9846,#9847,#9848,#9849,#9850,#9851,#9852,#9853,#9854,#9855,#9856,#9857,#9858,
#9859,#9860,#9861,#9862,#9863,#9864,#9865,#9866,#9867,#9868,#9869,#9870,#9871,
#9872,#9873,#9874,#9875,#9876,#9877,#9878,#9879,#9880,#9881,#9882,#9883,#9884,
#9885,#9886,#9887,#9888,#9889,#9890,#9891,#9892,#9893,#9894,#9895,#9896,#9897,
#9898,#9899,#9900,#9901,#9902,#9903,#9904,#9905,#9906,#9907,#9908,#9909,#9910,
#9911,#9912,#9913,#9914,#9915,#9916,#9917,#9918,#9919,#9920,#9921,#9922,#9923,
#9924,#9925,#9926,#9927,#9928,#9929,#9930,#9931,#9932,#9933,#9934,#9935,#9936,
#9937,#9938,#9939,#9940,#9941,#9942,#9943,#9944,#9945,#9946,#9947,#9948,#9949,
#9950,#9951,#9952,#9953,#9954,#9955,#9956,#9957,#9958,#9959,#9960,#9961,#9962,
#9963,#9964,#9965,#9966,#9967,#9968,#9969,#9970,#9971,#9972,#9973,#9974,#9975,
#9976,#9977,#9978,#9979,#9980,#9981,#9982)),.UNSPECIFIED.,.F.,.F.,.F.,(4,4),(4,
1,1,1,1,1,1,1,1,1,1,1,1,1,1,1,1,1,1,1,1,1,1,1,1,1,1,1,1,1,1,1,1,1,1,1,1,1,1,1,1,
1,1,1,1,1,1,1,1,1,1,1,1,1,1,1,1,1,1,1,1,1,1,1,1,1,1,1,1,1,1,1,1,1,1,1,1,1,1,1,1,
1,1,1,1,1,1,1,1,1,1,1,1,1,1,1,1,1,1,1,1,1,1,1,1,1,1,1,1,1,1,1,1,1,1,1,1,1,1,1,1,
1,1,1,1,1,1,1,1,1,1,1,1,1,1,1,1,1,1,1,1,1,1,1,1,1,1,1,1,1,1,1,1,1,1,1,1,1,1,1,1,
1,1,1,1,1,1,1,1,1,1,1,1,1,1,1,1,1,1,1,1,1,1,1,1,1,1,1,1,1,1,1,1,1,1,1,1,1,1,1,1,
1,1,1,1,1,1,1,1,1,1,1,1,1,1,1,1,1,1,1,1,1,1,1,1,1,1,1,1,1,1,1,1,1,1,1,1,1,1,1,1,
1,1,1,1,1,1,1,1,1,1,1,1,1,1,1,1,1,1,1,1,1,1,1,1,1,1,1,1,1,1,1,1,1,1,1,1,1,1,1,1,
1,1,1,1,1,1,1,1,1,1,1,1,1,1,1,1,1,1,1,1,1,1,1,1,1,1,1,1,1,1,1,1,1,1,1,1,1,1,1,1,
1,1,1,1,1,1,1,1,1,1,1,1,1,1,1,1,1,1,1,1,1,1,1,1,1,1,1,1,1,1,1,1,1,1,1,1,1,1,1,1,
1,1,1,1,1,1,1,1,1,1,1,1,1,1,1,1,1,1,1,1,1,1,1,1,1,1,1,1,1,1,1,1,1,1,1,1,1,1,1,1,
1,1,1,1,1,1,1,1,1,1,1,1,1,1,1,1,1,1,1,1,1,1,1,1,1,1,1,1,1,1,1,1,1,1,1,1,1,1,1,1,
1,1,1,1,1,1,1,1,1,1,1,1,1,1,1,1,1,1,1,1,1,1,1,1,1,1,1,1,1,1,1,1,1,1,1,1,1,4),(
-2.500529854593E-1,1.249107866143E0),(2.656492075857E-2,2.757352941176E-2,
2.941176470588E-2,3.125E-2,3.308823529412E-2,3.492647058824E-2,
3.676470588235E-2,3.860294117647E-2,4.044117647059E-2,4.227941176471E-2,
4.411764705882E-2,4.595588235294E-2,4.779411764706E-2,4.963235294118E-2,
5.147058823529E-2,5.330882352941E-2,5.514705882353E-2,5.698529411765E-2,
5.882352941176E-2,6.066176470588E-2,6.25E-2,6.433823529412E-2,6.617647058824E-2,
6.801470588235E-2,6.985294117647E-2,7.169117647059E-2,7.352941176471E-2,
7.536764705882E-2,7.720588235294E-2,7.904411764706E-2,8.088235294118E-2,
8.272058823529E-2,8.455882352941E-2,8.639705882353E-2,8.823529411765E-2,
9.007352941176E-2,9.191176470588E-2,9.375E-2,9.558823529412E-2,
9.742647058824E-2,9.926470588235E-2,1.011029411765E-1,1.029411764706E-1,
1.047794117647E-1,1.066176470588E-1,1.084558823529E-1,1.102941176471E-1,
1.121323529412E-1,1.139705882353E-1,1.158088235294E-1,1.176470588235E-1,
1.194852941176E-1,1.213235294118E-1,1.231617647059E-1,1.25E-1,1.268382352941E-1,
1.286764705882E-1,1.305147058824E-1,1.323529411765E-1,1.341911764706E-1,
1.360294117647E-1,1.378676470588E-1,1.397058823529E-1,1.415441176471E-1,
1.433823529412E-1,1.452205882353E-1,1.470588235294E-1,1.488970588235E-1,
1.507352941176E-1,1.525735294118E-1,1.544117647059E-1,1.5625E-1,
1.580882352941E-1,1.599264705882E-1,1.617647058824E-1,1.636029411765E-1,
1.654411764706E-1,1.672794117647E-1,1.691176470588E-1,1.709558823529E-1,
1.727941176471E-1,1.746323529412E-1,1.764705882353E-1,1.783088235294E-1,
1.801470588235E-1,1.819852941176E-1,1.838235294118E-1,1.856617647059E-1,
1.875E-1,1.893382352941E-1,1.911764705882E-1,1.930147058824E-1,
1.948529411765E-1,1.966911764706E-1,1.985294117647E-1,2.003676470588E-1,
2.022058823529E-1,2.040441176471E-1,2.058823529412E-1,2.077205882353E-1,
2.095588235294E-1,2.113970588235E-1,2.132352941176E-1,2.150735294118E-1,
2.169117647059E-1,2.1875E-1,2.205882352941E-1,2.224264705882E-1,
2.242647058824E-1,2.261029411765E-1,2.279411764706E-1,2.297794117647E-1,
2.316176470588E-1,2.334558823529E-1,2.352941176471E-1,2.371323529412E-1,
2.389705882353E-1,2.408088235294E-1,2.426470588235E-1,2.444852941176E-1,
2.463235294118E-1,2.481617647059E-1,2.5E-1,2.518382352941E-1,2.536764705882E-1,
2.555147058824E-1,2.573529411765E-1,2.591911764706E-1,2.610294117647E-1,
2.628676470588E-1,2.647058823529E-1,2.665441176471E-1,2.683823529412E-1,
2.702205882353E-1,2.720588235294E-1,2.738970588235E-1,2.757352941176E-1,
2.775735294118E-1,2.794117647059E-1,2.8125E-1,2.830882352941E-1,
2.849264705882E-1,2.867647058824E-1,2.886029411765E-1,2.904411764706E-1,
2.922794117647E-1,2.941176470588E-1,2.959558823529E-1,2.977941176471E-1,
2.996323529412E-1,3.014705882353E-1,3.033088235294E-1,3.051470588235E-1,
3.069852941176E-1,3.088235294118E-1,3.106617647059E-1,3.125E-1,
3.143382352941E-1,3.161764705882E-1,3.180147058824E-1,3.198529411765E-1,
3.216911764706E-1,3.235294117647E-1,3.253676470588E-1,3.272058823529E-1,
3.290441176471E-1,3.308823529412E-1,3.327205882353E-1,3.345588235294E-1,
3.363970588235E-1,3.382352941176E-1,3.400735294118E-1,3.419117647059E-1,
3.4375E-1,3.455882352941E-1,3.474264705882E-1,3.492647058824E-1,
3.511029411765E-1,3.529411764706E-1,3.547794117647E-1,3.566176470588E-1,
3.584558823529E-1,3.602941176471E-1,3.621323529412E-1,3.639705882353E-1,
3.658088235294E-1,3.676470588235E-1,3.694852941176E-1,3.713235294118E-1,
3.731617647059E-1,3.75E-1,3.768382352941E-1,3.786764705882E-1,3.805147058824E-1,
3.823529411765E-1,3.841911764706E-1,3.860294117647E-1,3.878676470588E-1,
3.897058823529E-1,3.915441176471E-1,3.933823529412E-1,3.952205882353E-1,
3.970588235294E-1,3.988970588235E-1,4.007352941176E-1,4.025735294118E-1,
4.044117647059E-1,4.0625E-1,4.080882352941E-1,4.099264705882E-1,
4.117647058824E-1,4.136029411765E-1,4.154411764706E-1,4.172794117647E-1,
4.191176470588E-1,4.209558823529E-1,4.227941176471E-1,4.246323529412E-1,
4.264705882353E-1,4.283088235294E-1,4.301470588235E-1,4.319852941176E-1,
4.338235294118E-1,4.356617647059E-1,4.375E-1,4.393382352941E-1,
4.411764705882E-1,4.430147058824E-1,4.448529411765E-1,4.466911764706E-1,
4.485294117647E-1,4.503676470588E-1,4.522058823529E-1,4.540441176471E-1,
4.558823529412E-1,4.577205882353E-1,4.595588235294E-1,4.613970588235E-1,
4.632352941176E-1,4.650735294118E-1,4.669117647059E-1,4.6875E-1,
4.705882352941E-1,4.724264705882E-1,4.742647058824E-1,4.761029411765E-1,
4.779411764706E-1,4.797794117647E-1,4.816176470588E-1,4.834558823529E-1,
4.852941176471E-1,4.871323529412E-1,4.889705882353E-1,4.908088235294E-1,
4.926470588235E-1,4.944852941176E-1,4.963235294118E-1,4.981617647059E-1,5.E-1,
5.018382352941E-1,5.036764705882E-1,5.055147058824E-1,5.073529411765E-1,
5.091911764706E-1,5.110294117647E-1,5.128676470588E-1,5.147058823529E-1,
5.165441176471E-1,5.183823529412E-1,5.202205882353E-1,5.220588235294E-1,
5.238970588235E-1,5.257352941176E-1,5.275735294118E-1,5.294117647059E-1,
5.3125E-1,5.330882352941E-1,5.349264705882E-1,5.367647058824E-1,
5.386029411765E-1,5.404411764706E-1,5.422794117647E-1,5.441176470588E-1,
5.459558823529E-1,5.477941176471E-1,5.496323529412E-1,5.514705882353E-1,
5.533088235294E-1,5.551470588235E-1,5.569852941176E-1,5.588235294118E-1,
5.606617647059E-1,5.625E-1,5.643382352941E-1,5.661764705882E-1,
5.680147058824E-1,5.698529411765E-1,5.716911764706E-1,5.735294117647E-1,
5.753676470588E-1,5.772058823529E-1,5.790441176471E-1,5.808823529412E-1,
5.827205882353E-1,5.845588235294E-1,5.863970588235E-1,5.882352941176E-1,
5.900735294118E-1,5.919117647059E-1,5.9375E-1,5.955882352941E-1,
5.974264705882E-1,5.992647058824E-1,6.011029411765E-1,6.029411764706E-1,
6.047794117647E-1,6.066176470588E-1,6.084558823529E-1,6.102941176471E-1,
6.121323529412E-1,6.139705882353E-1,6.158088235294E-1,6.176470588235E-1,
6.194852941176E-1,6.213235294118E-1,6.231617647059E-1,6.25E-1,6.268382352941E-1,
6.286764705882E-1,6.305147058824E-1,6.323529411765E-1,6.341911764706E-1,
6.360294117647E-1,6.378676470588E-1,6.397058823529E-1,6.415441176471E-1,
6.433823529412E-1,6.452205882353E-1,6.470588235294E-1,6.488970588235E-1,
6.507352941176E-1,6.525735294118E-1,6.544117647059E-1,6.5625E-1,
6.580882352941E-1,6.599264705882E-1,6.617647058824E-1,6.636029411765E-1,
6.654411764706E-1,6.672794117647E-1,6.691176470588E-1,6.709558823529E-1,
6.727941176471E-1,6.746323529412E-1,6.764705882353E-1,6.783088235294E-1,
6.801470588235E-1,6.819852941176E-1,6.838235294118E-1,6.856617647059E-1,
6.875E-1,6.893382352941E-1,6.911764705882E-1,6.930147058824E-1,
6.948529411765E-1,6.966911764706E-1,6.985294117647E-1,7.003676470588E-1,
7.022058823529E-1,7.040441176471E-1,7.058823529412E-1,7.077205882353E-1,
7.095588235294E-1,7.113970588235E-1,7.132352941176E-1,7.150735294118E-1,
7.169117647059E-1,7.1875E-1,7.205882352941E-1,7.224264705882E-1,
7.242647058824E-1,7.261029411765E-1,7.279411764706E-1,7.297794117647E-1,
7.316176470588E-1,7.334558823529E-1,7.352941176471E-1,7.371323529412E-1,
7.389705882353E-1,7.408088235294E-1,7.426470588235E-1,7.444852941176E-1,
7.463235294118E-1,7.481617647059E-1,7.5E-1,7.518382352941E-1,7.536764705882E-1,
7.555147058824E-1,7.573529411765E-1,7.591911764706E-1,7.610294117647E-1,
7.628676470588E-1,7.647058823529E-1,7.665441176471E-1,7.683823529412E-1,
7.702205882353E-1,7.720588235294E-1,7.738970588235E-1,7.757352941176E-1,
7.775735294118E-1,7.794117647059E-1,7.8125E-1,7.830882352941E-1,
7.849264705882E-1,7.867647058824E-1,7.886029411765E-1,7.904411764706E-1,
7.922794117647E-1,7.941176470588E-1,7.959558823529E-1,7.977941176471E-1,
7.996323529412E-1,8.014705882353E-1,8.033088235294E-1,8.051470588235E-1,
8.069852941176E-1,8.088235294118E-1,8.106617647059E-1,8.125E-1,
8.143382352941E-1,8.161764705882E-1,8.180147058824E-1,8.198529411765E-1,
8.216911764706E-1,8.235294117647E-1,8.253676470588E-1,8.272058823529E-1,
8.290441176471E-1,8.308823529412E-1,8.327205882353E-1,8.345588235294E-1,
8.363970588235E-1,8.382352941176E-1,8.400735294118E-1,8.419117647059E-1,
8.4375E-1,8.455882352941E-1,8.474264705882E-1,8.492647058824E-1,
8.511029411765E-1,8.529411764706E-1,8.547794117647E-1,8.566176470588E-1,
8.584558823529E-1,8.602941176471E-1,8.621323529412E-1,8.639705882353E-1,
8.658088235294E-1,8.676470588235E-1,8.694852941176E-1,8.713235294118E-1,
8.731617647059E-1,8.75E-1,8.768382352941E-1,8.786764705882E-1,8.805147058824E-1,
8.823529411765E-1,8.841911764706E-1,8.860294117647E-1,8.878676470588E-1,
8.897058823529E-1,8.915441176471E-1,8.933823529412E-1,8.952205882353E-1,
8.970588235294E-1,8.988970588235E-1,9.007352941176E-1,9.025735294118E-1,
9.041572437476E-1),.UNSPECIFIED.);
#9984=ORIENTED_EDGE('',*,*,#5928,.T.);
#9986=ORIENTED_EDGE('',*,*,#9985,.F.);
#9987=ORIENTED_EDGE('',*,*,#7989,.F.);
#9989=ORIENTED_EDGE('',*,*,#9988,.F.);
#9990=ORIENTED_EDGE('',*,*,#3743,.F.);
#9991=EDGE_LOOP('',(#9984,#9986,#9987,#9989,#9990));
#9992=FACE_OUTER_BOUND('',#9991,.F.);
#9994=CARTESIAN_POINT('',(0.E0,0.E0,-2.8878125E-1));
#9995=DIRECTION('',(0.E0,0.E0,1.E0));
#9996=DIRECTION('',(1.E0,0.E0,0.E0));
#9997=AXIS2_PLACEMENT_3D('',#9994,#9995,#9996);
#9998=CONICAL_SURFACE('',#9997,8.328125E-2,4.5E1);
#10000=ORIENTED_EDGE('',*,*,#9999,.F.);
#10001=ORIENTED_EDGE('',*,*,#5922,.F.);
#10003=ORIENTED_EDGE('',*,*,#10002,.F.);
#10004=ORIENTED_EDGE('',*,*,#7991,.F.);
#10005=ORIENTED_EDGE('',*,*,#9985,.T.);
#10006=ORIENTED_EDGE('',*,*,#5926,.F.);
#10008=ORIENTED_EDGE('',*,*,#10007,.T.);
#10010=ORIENTED_EDGE('',*,*,#10009,.T.);
#10011=EDGE_LOOP('',(#10000,#10001,#10003,#10004,#10005,#10006,#10008,#10010));
#10012=FACE_OUTER_BOUND('',#10011,.F.);
#10014=CARTESIAN_POINT('',(0.E0,0.E0,-2.924959448997E-1));
#10015=DIRECTION('',(0.E0,0.E0,1.E0));
#10016=DIRECTION('',(1.E0,0.E0,0.E0));
#10017=AXIS2_PLACEMENT_3D('',#10014,#10015,#10016);
#10018=CONICAL_SURFACE('',#10017,7.956655510030E-2,4.5E1);
#10020=ORIENTED_EDGE('',*,*,#10019,.T.);
#10021=ORIENTED_EDGE('',*,*,#10007,.F.);
#10022=ORIENTED_EDGE('',*,*,#5924,.F.);
#10023=ORIENTED_EDGE('',*,*,#9999,.T.);
#10024=EDGE_LOOP('',(#10020,#10021,#10022,#10023));
#10025=FACE_OUTER_BOUND('',#10024,.F.);
#10027=CARTESIAN_POINT('',(0.E0,7.15625E-2,-3.005E-1));
#10028=DIRECTION('',(0.E0,0.E0,1.E0));
#10029=DIRECTION('',(1.E0,0.E0,0.E0));
#10030=AXIS2_PLACEMENT_3D('',#10027,#10028,#10029);
#10031=PLANE('',#10030);
#10032=ORIENTED_EDGE('',*,*,#10019,.F.);
#10033=ORIENTED_EDGE('',*,*,#10009,.F.);
#10034=EDGE_LOOP('',(#10032,#10033));
#10035=FACE_OUTER_BOUND('',#10034,.F.);
#10037=CARTESIAN_POINT('',(0.E0,0.E0,3.005E-1));
#10038=DIRECTION('',(0.E0,0.E0,1.E0));
#10039=DIRECTION('',(1.E0,0.E0,0.E0));
#10040=AXIS2_PLACEMENT_3D('',#10037,#10038,#10039);
#10041=CYLINDRICAL_SURFACE('',#10040,9.5E-2);
#10042=ORIENTED_EDGE('',*,*,#10002,.T.);
#10043=ORIENTED_EDGE('',*,*,#5920,.F.);
#10045=ORIENTED_EDGE('',*,*,#10044,.T.);
#10046=EDGE_LOOP('',(#10042,#10043,#10045));
#10047=FACE_OUTER_BOUND('',#10046,.F.);
#10049=CARTESIAN_POINT('',(0.E0,0.E0,3.005E-1));
#10050=DIRECTION('',(0.E0,0.E0,1.E0));
#10051=DIRECTION('',(1.E0,0.E0,0.E0));
#10052=AXIS2_PLACEMENT_3D('',#10049,#10050,#10051);
#10053=CYLINDRICAL_SURFACE('',#10052,9.5E-2);
#10054=ORIENTED_EDGE('',*,*,#7993,.F.);
#10055=ORIENTED_EDGE('',*,*,#10044,.F.);
#10056=ORIENTED_EDGE('',*,*,#5918,.F.);
#10058=ORIENTED_EDGE('',*,*,#10057,.T.);
#10059=EDGE_LOOP('',(#10054,#10055,#10056,#10058));
#10060=FACE_OUTER_BOUND('',#10059,.F.);
#10062=CARTESIAN_POINT('',(0.E0,0.E0,3.005E-1));
#10063=DIRECTION('',(0.E0,0.E0,1.E0));
#10064=DIRECTION('',(1.E0,0.E0,0.E0));
#10065=AXIS2_PLACEMENT_3D('',#10062,#10063,#10064);
#10066=CYLINDRICAL_SURFACE('',#10065,9.5E-2);
#10067=ORIENTED_EDGE('',*,*,#10057,.F.);
#10068=ORIENTED_EDGE('',*,*,#5916,.F.);
#10070=ORIENTED_EDGE('',*,*,#10069,.T.);
#10071=ORIENTED_EDGE('',*,*,#7995,.F.);
#10072=EDGE_LOOP('',(#10067,#10068,#10070,#10071));
#10073=FACE_OUTER_BOUND('',#10072,.F.);
#10075=CARTESIAN_POINT('',(0.E0,0.E0,3.005E-1));
#10076=DIRECTION('',(0.E0,0.E0,1.E0));
#10077=DIRECTION('',(1.E0,0.E0,0.E0));
#10078=AXIS2_PLACEMENT_3D('',#10075,#10076,#10077);
#10079=CYLINDRICAL_SURFACE('',#10078,9.5E-2);
#10080=ORIENTED_EDGE('',*,*,#7997,.F.);
#10081=ORIENTED_EDGE('',*,*,#10069,.F.);
#10082=ORIENTED_EDGE('',*,*,#5914,.F.);
#10084=ORIENTED_EDGE('',*,*,#10083,.T.);
#10085=EDGE_LOOP('',(#10080,#10081,#10082,#10084));
#10086=FACE_OUTER_BOUND('',#10085,.F.);
#10088=CARTESIAN_POINT('',(0.E0,0.E0,3.005E-1));
#10089=DIRECTION('',(0.E0,0.E0,1.E0));
#10090=DIRECTION('',(1.E0,0.E0,0.E0));
#10091=AXIS2_PLACEMENT_3D('',#10088,#10089,#10090);
#10092=CYLINDRICAL_SURFACE('',#10091,9.5E-2);
#10093=ORIENTED_EDGE('',*,*,#10083,.F.);
#10094=ORIENTED_EDGE('',*,*,#5912,.F.);
#10096=ORIENTED_EDGE('',*,*,#10095,.T.);
#10097=ORIENTED_EDGE('',*,*,#7999,.F.);
#10098=EDGE_LOOP('',(#10093,#10094,#10096,#10097));
#10099=FACE_OUTER_BOUND('',#10098,.F.);
#10101=CARTESIAN_POINT('',(0.E0,0.E0,3.005E-1));
#10102=DIRECTION('',(0.E0,0.E0,1.E0));
#10103=DIRECTION('',(1.E0,0.E0,0.E0));
#10104=AXIS2_PLACEMENT_3D('',#10101,#10102,#10103);
#10105=CYLINDRICAL_SURFACE('',#10104,9.5E-2);
#10106=ORIENTED_EDGE('',*,*,#8001,.F.);
#10107=ORIENTED_EDGE('',*,*,#10095,.F.);
#10108=ORIENTED_EDGE('',*,*,#5910,.F.);
#10110=ORIENTED_EDGE('',*,*,#10109,.T.);
#10111=EDGE_LOOP('',(#10106,#10107,#10108,#10110));
#10112=FACE_OUTER_BOUND('',#10111,.F.);
#10114=CARTESIAN_POINT('',(0.E0,0.E0,3.005E-1));
#10115=DIRECTION('',(0.E0,0.E0,1.E0));
#10116=DIRECTION('',(1.E0,0.E0,0.E0));
#10117=AXIS2_PLACEMENT_3D('',#10114,#10115,#10116);
#10118=CYLINDRICAL_SURFACE('',#10117,9.5E-2);
#10119=ORIENTED_EDGE('',*,*,#10109,.F.);
#10120=ORIENTED_EDGE('',*,*,#5908,.F.);
#10122=ORIENTED_EDGE('',*,*,#10121,.T.);
#10123=ORIENTED_EDGE('',*,*,#8003,.F.);
#10124=EDGE_LOOP('',(#10119,#10120,#10122,#10123));
#10125=FACE_OUTER_BOUND('',#10124,.F.);
#10127=CARTESIAN_POINT('',(0.E0,0.E0,3.005E-1));
#10128=DIRECTION('',(0.E0,0.E0,1.E0));
#10129=DIRECTION('',(1.E0,0.E0,0.E0));
#10130=AXIS2_PLACEMENT_3D('',#10127,#10128,#10129);
#10131=CYLINDRICAL_SURFACE('',#10130,9.5E-2);
#10132=ORIENTED_EDGE('',*,*,#8005,.F.);
#10133=ORIENTED_EDGE('',*,*,#10121,.F.);
#10134=ORIENTED_EDGE('',*,*,#5906,.F.);
#10136=ORIENTED_EDGE('',*,*,#10135,.T.);
#10137=EDGE_LOOP('',(#10132,#10133,#10134,#10136));
#10138=FACE_OUTER_BOUND('',#10137,.F.);
#10140=CARTESIAN_POINT('',(0.E0,0.E0,3.005E-1));
#10141=DIRECTION('',(0.E0,0.E0,1.E0));
#10142=DIRECTION('',(1.E0,0.E0,0.E0));
#10143=AXIS2_PLACEMENT_3D('',#10140,#10141,#10142);
#10144=CYLINDRICAL_SURFACE('',#10143,9.5E-2);
#10145=ORIENTED_EDGE('',*,*,#10135,.F.);
#10146=ORIENTED_EDGE('',*,*,#5904,.F.);
#10148=ORIENTED_EDGE('',*,*,#10147,.T.);
#10149=ORIENTED_EDGE('',*,*,#8007,.F.);
#10150=EDGE_LOOP('',(#10145,#10146,#10148,#10149));
#10151=FACE_OUTER_BOUND('',#10150,.F.);
#10153=CARTESIAN_POINT('',(0.E0,0.E0,3.005E-1));
#10154=DIRECTION('',(0.E0,0.E0,1.E0));
#10155=DIRECTION('',(1.E0,0.E0,0.E0));
#10156=AXIS2_PLACEMENT_3D('',#10153,#10154,#10155);
#10157=CYLINDRICAL_SURFACE('',#10156,9.5E-2);
#10158=ORIENTED_EDGE('',*,*,#8009,.F.);
#10159=ORIENTED_EDGE('',*,*,#10147,.F.);
#10160=ORIENTED_EDGE('',*,*,#5902,.F.);
#10162=ORIENTED_EDGE('',*,*,#10161,.T.);
#10163=EDGE_LOOP('',(#10158,#10159,#10160,#10162));
#10164=FACE_OUTER_BOUND('',#10163,.F.);
#10166=CARTESIAN_POINT('',(0.E0,0.E0,3.005E-1));
#10167=DIRECTION('',(0.E0,0.E0,1.E0));
#10168=DIRECTION('',(1.E0,0.E0,0.E0));
#10169=AXIS2_PLACEMENT_3D('',#10166,#10167,#10168);
#10170=CYLINDRICAL_SURFACE('',#10169,9.5E-2);
#10171=ORIENTED_EDGE('',*,*,#10161,.F.);
#10172=ORIENTED_EDGE('',*,*,#5900,.F.);
#10174=ORIENTED_EDGE('',*,*,#10173,.T.);
#10175=ORIENTED_EDGE('',*,*,#8011,.F.);
#10176=EDGE_LOOP('',(#10171,#10172,#10174,#10175));
#10177=FACE_OUTER_BOUND('',#10176,.F.);
#10179=CARTESIAN_POINT('',(0.E0,0.E0,3.005E-1));
#10180=DIRECTION('',(0.E0,0.E0,1.E0));
#10181=DIRECTION('',(1.E0,0.E0,0.E0));
#10182=AXIS2_PLACEMENT_3D('',#10179,#10180,#10181);
#10183=CYLINDRICAL_SURFACE('',#10182,9.5E-2);
#10184=ORIENTED_EDGE('',*,*,#8013,.F.);
#10185=ORIENTED_EDGE('',*,*,#10173,.F.);
#10186=ORIENTED_EDGE('',*,*,#5898,.F.);
#10188=ORIENTED_EDGE('',*,*,#10187,.T.);
#10189=EDGE_LOOP('',(#10184,#10185,#10186,#10188));
#10190=FACE_OUTER_BOUND('',#10189,.F.);
#10192=CARTESIAN_POINT('',(0.E0,0.E0,3.005E-1));
#10193=DIRECTION('',(0.E0,0.E0,1.E0));
#10194=DIRECTION('',(1.E0,0.E0,0.E0));
#10195=AXIS2_PLACEMENT_3D('',#10192,#10193,#10194);
#10196=CYLINDRICAL_SURFACE('',#10195,9.5E-2);
#10197=ORIENTED_EDGE('',*,*,#10187,.F.);
#10198=ORIENTED_EDGE('',*,*,#5896,.F.);
#10200=ORIENTED_EDGE('',*,*,#10199,.T.);
#10201=ORIENTED_EDGE('',*,*,#8015,.F.);
#10202=EDGE_LOOP('',(#10197,#10198,#10200,#10201));
#10203=FACE_OUTER_BOUND('',#10202,.F.);
#10205=CARTESIAN_POINT('',(0.E0,0.E0,3.005E-1));
#10206=DIRECTION('',(0.E0,0.E0,1.E0));
#10207=DIRECTION('',(1.E0,0.E0,0.E0));
#10208=AXIS2_PLACEMENT_3D('',#10205,#10206,#10207);
#10209=CYLINDRICAL_SURFACE('',#10208,9.5E-2);
#10210=ORIENTED_EDGE('',*,*,#8017,.F.);
#10211=ORIENTED_EDGE('',*,*,#10199,.F.);
#10212=ORIENTED_EDGE('',*,*,#5894,.F.);
#10214=ORIENTED_EDGE('',*,*,#10213,.T.);
#10215=EDGE_LOOP('',(#10210,#10211,#10212,#10214));
#10216=FACE_OUTER_BOUND('',#10215,.F.);
#10218=CARTESIAN_POINT('',(0.E0,0.E0,3.005E-1));
#10219=DIRECTION('',(0.E0,0.E0,1.E0));
#10220=DIRECTION('',(1.E0,0.E0,0.E0));
#10221=AXIS2_PLACEMENT_3D('',#10218,#10219,#10220);
#10222=CYLINDRICAL_SURFACE('',#10221,9.5E-2);
#10223=ORIENTED_EDGE('',*,*,#10213,.F.);
#10224=ORIENTED_EDGE('',*,*,#5892,.F.);
#10226=ORIENTED_EDGE('',*,*,#10225,.T.);
#10227=ORIENTED_EDGE('',*,*,#8019,.F.);
#10228=EDGE_LOOP('',(#10223,#10224,#10226,#10227));
#10229=FACE_OUTER_BOUND('',#10228,.F.);
#10231=CARTESIAN_POINT('',(0.E0,0.E0,3.005E-1));
#10232=DIRECTION('',(0.E0,0.E0,1.E0));
#10233=DIRECTION('',(1.E0,0.E0,0.E0));
#10234=AXIS2_PLACEMENT_3D('',#10231,#10232,#10233);
#10235=CYLINDRICAL_SURFACE('',#10234,9.5E-2);
#10236=ORIENTED_EDGE('',*,*,#8021,.F.);
#10237=ORIENTED_EDGE('',*,*,#10225,.F.);
#10238=ORIENTED_EDGE('',*,*,#5890,.F.);
#10240=ORIENTED_EDGE('',*,*,#10239,.T.);
#10241=EDGE_LOOP('',(#10236,#10237,#10238,#10240));
#10242=FACE_OUTER_BOUND('',#10241,.F.);
#10244=CARTESIAN_POINT('',(0.E0,0.E0,3.005E-1));
#10245=DIRECTION('',(0.E0,0.E0,1.E0));
#10246=DIRECTION('',(1.E0,0.E0,0.E0));
#10247=AXIS2_PLACEMENT_3D('',#10244,#10245,#10246);
#10248=CYLINDRICAL_SURFACE('',#10247,9.5E-2);
#10249=ORIENTED_EDGE('',*,*,#10239,.F.);
#10250=ORIENTED_EDGE('',*,*,#5888,.F.);
#10252=ORIENTED_EDGE('',*,*,#10251,.T.);
#10253=ORIENTED_EDGE('',*,*,#8023,.F.);
#10254=EDGE_LOOP('',(#10249,#10250,#10252,#10253));
#10255=FACE_OUTER_BOUND('',#10254,.F.);
#10257=CARTESIAN_POINT('',(0.E0,0.E0,3.005E-1));
#10258=DIRECTION('',(0.E0,0.E0,1.E0));
#10259=DIRECTION('',(1.E0,0.E0,0.E0));
#10260=AXIS2_PLACEMENT_3D('',#10257,#10258,#10259);
#10261=CYLINDRICAL_SURFACE('',#10260,9.5E-2);
#10262=ORIENTED_EDGE('',*,*,#8025,.F.);
#10263=ORIENTED_EDGE('',*,*,#10251,.F.);
#10264=ORIENTED_EDGE('',*,*,#5886,.F.);
#10266=ORIENTED_EDGE('',*,*,#10265,.T.);
#10267=EDGE_LOOP('',(#10262,#10263,#10264,#10266));
#10268=FACE_OUTER_BOUND('',#10267,.F.);
#10270=CARTESIAN_POINT('',(0.E0,0.E0,3.005E-1));
#10271=DIRECTION('',(0.E0,0.E0,1.E0));
#10272=DIRECTION('',(1.E0,0.E0,0.E0));
#10273=AXIS2_PLACEMENT_3D('',#10270,#10271,#10272);
#10274=CYLINDRICAL_SURFACE('',#10273,9.5E-2);
#10275=ORIENTED_EDGE('',*,*,#10265,.F.);
#10276=ORIENTED_EDGE('',*,*,#5884,.F.);
#10278=ORIENTED_EDGE('',*,*,#10277,.T.);
#10279=ORIENTED_EDGE('',*,*,#8027,.F.);
#10280=EDGE_LOOP('',(#10275,#10276,#10278,#10279));
#10281=FACE_OUTER_BOUND('',#10280,.F.);
#10283=CARTESIAN_POINT('',(0.E0,0.E0,3.005E-1));
#10284=DIRECTION('',(0.E0,0.E0,1.E0));
#10285=DIRECTION('',(1.E0,0.E0,0.E0));
#10286=AXIS2_PLACEMENT_3D('',#10283,#10284,#10285);
#10287=CYLINDRICAL_SURFACE('',#10286,9.5E-2);
#10288=ORIENTED_EDGE('',*,*,#8029,.F.);
#10289=ORIENTED_EDGE('',*,*,#10277,.F.);
#10290=ORIENTED_EDGE('',*,*,#5882,.F.);
#10292=ORIENTED_EDGE('',*,*,#10291,.T.);
#10293=EDGE_LOOP('',(#10288,#10289,#10290,#10292));
#10294=FACE_OUTER_BOUND('',#10293,.F.);
#10296=CARTESIAN_POINT('',(0.E0,0.E0,3.005E-1));
#10297=DIRECTION('',(0.E0,0.E0,1.E0));
#10298=DIRECTION('',(1.E0,0.E0,0.E0));
#10299=AXIS2_PLACEMENT_3D('',#10296,#10297,#10298);
#10300=CYLINDRICAL_SURFACE('',#10299,9.5E-2);
#10301=ORIENTED_EDGE('',*,*,#10291,.F.);
#10302=ORIENTED_EDGE('',*,*,#5880,.F.);
#10304=ORIENTED_EDGE('',*,*,#10303,.T.);
#10305=ORIENTED_EDGE('',*,*,#8031,.F.);
#10306=EDGE_LOOP('',(#10301,#10302,#10304,#10305));
#10307=FACE_OUTER_BOUND('',#10306,.F.);
#10309=CARTESIAN_POINT('',(0.E0,0.E0,3.005E-1));
#10310=DIRECTION('',(0.E0,0.E0,1.E0));
#10311=DIRECTION('',(1.E0,0.E0,0.E0));
#10312=AXIS2_PLACEMENT_3D('',#10309,#10310,#10311);
#10313=CYLINDRICAL_SURFACE('',#10312,9.5E-2);
#10314=ORIENTED_EDGE('',*,*,#8033,.F.);
#10315=ORIENTED_EDGE('',*,*,#10303,.F.);
#10316=ORIENTED_EDGE('',*,*,#5878,.F.);
#10318=ORIENTED_EDGE('',*,*,#10317,.T.);
#10319=EDGE_LOOP('',(#10314,#10315,#10316,#10318));
#10320=FACE_OUTER_BOUND('',#10319,.F.);
#10322=CARTESIAN_POINT('',(0.E0,0.E0,3.005E-1));
#10323=DIRECTION('',(0.E0,0.E0,1.E0));
#10324=DIRECTION('',(1.E0,0.E0,0.E0));
#10325=AXIS2_PLACEMENT_3D('',#10322,#10323,#10324);
#10326=CYLINDRICAL_SURFACE('',#10325,9.5E-2);
#10327=ORIENTED_EDGE('',*,*,#10317,.F.);
#10328=ORIENTED_EDGE('',*,*,#5876,.F.);
#10330=ORIENTED_EDGE('',*,*,#10329,.T.);
#10331=ORIENTED_EDGE('',*,*,#8035,.F.);
#10332=EDGE_LOOP('',(#10327,#10328,#10330,#10331));
#10333=FACE_OUTER_BOUND('',#10332,.F.);
#10335=CARTESIAN_POINT('',(0.E0,0.E0,3.005E-1));
#10336=DIRECTION('',(0.E0,0.E0,1.E0));
#10337=DIRECTION('',(1.E0,0.E0,0.E0));
#10338=AXIS2_PLACEMENT_3D('',#10335,#10336,#10337);
#10339=CYLINDRICAL_SURFACE('',#10338,9.5E-2);
#10340=ORIENTED_EDGE('',*,*,#8037,.F.);
#10341=ORIENTED_EDGE('',*,*,#10329,.F.);
#10342=ORIENTED_EDGE('',*,*,#5874,.F.);
#10344=ORIENTED_EDGE('',*,*,#10343,.T.);
#10345=EDGE_LOOP('',(#10340,#10341,#10342,#10344));
#10346=FACE_OUTER_BOUND('',#10345,.F.);
#10348=CARTESIAN_POINT('',(0.E0,0.E0,3.005E-1));
#10349=DIRECTION('',(0.E0,0.E0,1.E0));
#10350=DIRECTION('',(1.E0,0.E0,0.E0));
#10351=AXIS2_PLACEMENT_3D('',#10348,#10349,#10350);
#10352=CYLINDRICAL_SURFACE('',#10351,9.5E-2);
#10353=ORIENTED_EDGE('',*,*,#10343,.F.);
#10354=ORIENTED_EDGE('',*,*,#5872,.F.);
#10356=ORIENTED_EDGE('',*,*,#10355,.T.);
#10357=ORIENTED_EDGE('',*,*,#8039,.F.);
#10358=EDGE_LOOP('',(#10353,#10354,#10356,#10357));
#10359=FACE_OUTER_BOUND('',#10358,.F.);
#10361=CARTESIAN_POINT('',(0.E0,0.E0,3.005E-1));
#10362=DIRECTION('',(0.E0,0.E0,1.E0));
#10363=DIRECTION('',(1.E0,0.E0,0.E0));
#10364=AXIS2_PLACEMENT_3D('',#10361,#10362,#10363);
#10365=CYLINDRICAL_SURFACE('',#10364,9.5E-2);
#10366=ORIENTED_EDGE('',*,*,#8041,.F.);
#10367=ORIENTED_EDGE('',*,*,#10355,.F.);
#10368=ORIENTED_EDGE('',*,*,#5870,.F.);
#10370=ORIENTED_EDGE('',*,*,#10369,.T.);
#10371=EDGE_LOOP('',(#10366,#10367,#10368,#10370));
#10372=FACE_OUTER_BOUND('',#10371,.F.);
#10374=CARTESIAN_POINT('',(0.E0,0.E0,3.005E-1));
#10375=DIRECTION('',(0.E0,0.E0,1.E0));
#10376=DIRECTION('',(1.E0,0.E0,0.E0));
#10377=AXIS2_PLACEMENT_3D('',#10374,#10375,#10376);
#10378=CYLINDRICAL_SURFACE('',#10377,9.5E-2);
#10379=ORIENTED_EDGE('',*,*,#10369,.F.);
#10380=ORIENTED_EDGE('',*,*,#5868,.F.);
#10382=ORIENTED_EDGE('',*,*,#10381,.T.);
#10383=ORIENTED_EDGE('',*,*,#8043,.F.);
#10384=EDGE_LOOP('',(#10379,#10380,#10382,#10383));
#10385=FACE_OUTER_BOUND('',#10384,.F.);
#10387=CARTESIAN_POINT('',(0.E0,0.E0,3.005E-1));
#10388=DIRECTION('',(0.E0,0.E0,1.E0));
#10389=DIRECTION('',(1.E0,0.E0,0.E0));
#10390=AXIS2_PLACEMENT_3D('',#10387,#10388,#10389);
#10391=CYLINDRICAL_SURFACE('',#10390,9.5E-2);
#10392=ORIENTED_EDGE('',*,*,#8045,.F.);
#10393=ORIENTED_EDGE('',*,*,#10381,.F.);
#10394=ORIENTED_EDGE('',*,*,#5866,.F.);
#10396=ORIENTED_EDGE('',*,*,#10395,.T.);
#10397=EDGE_LOOP('',(#10392,#10393,#10394,#10396));
#10398=FACE_OUTER_BOUND('',#10397,.F.);
#10400=CARTESIAN_POINT('',(0.E0,0.E0,3.005E-1));
#10401=DIRECTION('',(0.E0,0.E0,1.E0));
#10402=DIRECTION('',(1.E0,0.E0,0.E0));
#10403=AXIS2_PLACEMENT_3D('',#10400,#10401,#10402);
#10404=CYLINDRICAL_SURFACE('',#10403,9.5E-2);
#10405=ORIENTED_EDGE('',*,*,#10395,.F.);
#10406=ORIENTED_EDGE('',*,*,#5864,.F.);
#10407=ORIENTED_EDGE('',*,*,#5973,.T.);
#10408=ORIENTED_EDGE('',*,*,#8047,.F.);
#10409=EDGE_LOOP('',(#10405,#10406,#10407,#10408));
#10410=FACE_OUTER_BOUND('',#10409,.F.);
#10412=CARTESIAN_POINT('',(0.E0,0.E0,1.641380689666E-1));
#10413=DIRECTION('',(0.E0,0.E0,1.E0));
#10414=DIRECTION('',(-1.E0,0.E0,0.E0));
#10415=AXIS2_PLACEMENT_3D('',#10412,#10413,#10414);
#10416=CONICAL_SURFACE('',#10415,7.505877959880E-2,3.E1);
#10417=ORIENTED_EDGE('',*,*,#9988,.T.);
#10418=ORIENTED_EDGE('',*,*,#8054,.F.);
#10419=ORIENTED_EDGE('',*,*,#3745,.T.);
#10420=EDGE_LOOP('',(#10417,#10418,#10419));
#10421=FACE_OUTER_BOUND('',#10420,.F.);
#10423=CARTESIAN_POINT('',(0.E0,0.E0,1.920729407333E-1));
#10424=DIRECTION('',(0.E0,0.E0,1.E0));
#10425=DIRECTION('',(-1.E0,0.E0,0.E0));
#10426=AXIS2_PLACEMENT_3D('',#10423,#10424,#10425);
#10427=CONICAL_SURFACE('',#10426,9.118698533308E-2,3.E1);
#10428=ORIENTED_EDGE('',*,*,#5932,.F.);
#10429=ORIENTED_EDGE('',*,*,#3729,.F.);
#10430=ORIENTED_EDGE('',*,*,#3681,.T.);
#10431=ORIENTED_EDGE('',*,*,#3726,.T.);
#10432=EDGE_LOOP('',(#10428,#10429,#10430,#10431));
#10433=FACE_OUTER_BOUND('',#10432,.F.);
#10435=CARTESIAN_POINT('',(0.E0,0.E0,2.956664924513E-1));
#10436=DIRECTION('',(0.E0,0.E0,1.E0));
#10437=DIRECTION('',(1.E0,0.E0,0.E0));
#10438=AXIS2_PLACEMENT_3D('',#10435,#10436,#10437);
#10439=CONICAL_SURFACE('',#10438,6.733527610004E-2,4.5E1);
#10440=ORIENTED_EDGE('',*,*,#3616,.T.);
#10442=ORIENTED_EDGE('',*,*,#10441,.F.);
#10443=EDGE_LOOP('',(#10440,#10442));
#10444=FACE_OUTER_BOUND('',#10443,.F.);
#10446=CARTESIAN_POINT('',(0.E0,7.216878364870E-2,3.005E-1));
#10447=DIRECTION('',(5.E-1,-8.660254037844E-1,0.E0));
#10448=DIRECTION('',(8.660254037844E-1,5.E-1,0.E0));
#10449=AXIS2_PLACEMENT_3D('',#10446,#10447,#10448);
#10450=PLANE('',#10449);
#10451=ORIENTED_EDGE('',*,*,#10441,.T.);
#10453=ORIENTED_EDGE('',*,*,#10452,.F.);
#10455=ORIENTED_EDGE('',*,*,#10454,.T.);
#10457=ORIENTED_EDGE('',*,*,#10456,.T.);
#10459=ORIENTED_EDGE('',*,*,#10458,.T.);
#10460=EDGE_LOOP('',(#10451,#10453,#10455,#10457,#10459));
#10461=FACE_OUTER_BOUND('',#10460,.F.);
#10463=CARTESIAN_POINT('',(6.25E-2,3.608439182435E-2,3.005E-1));
#10464=DIRECTION('',(-5.E-1,-8.660254037844E-1,0.E0));
#10465=DIRECTION('',(8.660254037844E-1,-5.E-1,0.E0));
#10466=AXIS2_PLACEMENT_3D('',#10463,#10464,#10465);
#10467=PLANE('',#10466);
#10469=ORIENTED_EDGE('',*,*,#10468,.T.);
#10471=ORIENTED_EDGE('',*,*,#10470,.F.);
#10473=ORIENTED_EDGE('',*,*,#10472,.T.);
#10475=ORIENTED_EDGE('',*,*,#10474,.T.);
#10476=ORIENTED_EDGE('',*,*,#10452,.T.);
#10477=EDGE_LOOP('',(#10469,#10471,#10473,#10475,#10476));
#10478=FACE_OUTER_BOUND('',#10477,.F.);
#10480=CARTESIAN_POINT('',(0.E0,0.E0,2.956664924513E-1));
#10481=DIRECTION('',(0.E0,0.E0,1.E0));
#10482=DIRECTION('',(1.E0,0.E0,0.E0));
#10483=AXIS2_PLACEMENT_3D('',#10480,#10481,#10482);
#10484=CONICAL_SURFACE('',#10483,6.733527610004E-2,4.5E1);
#10485=ORIENTED_EDGE('',*,*,#3629,.T.);
#10486=ORIENTED_EDGE('',*,*,#10468,.F.);
#10487=EDGE_LOOP('',(#10485,#10486));
#10488=FACE_OUTER_BOUND('',#10487,.F.);
#10490=CARTESIAN_POINT('',(6.25E-2,-3.608439182435E-2,3.005E-1));
#10491=DIRECTION('',(-1.E0,0.E0,0.E0));
#10492=DIRECTION('',(0.E0,-1.E0,0.E0));
#10493=AXIS2_PLACEMENT_3D('',#10490,#10491,#10492);
#10494=PLANE('',#10493);
#10496=ORIENTED_EDGE('',*,*,#10495,.T.);
#10498=ORIENTED_EDGE('',*,*,#10497,.F.);
#10500=ORIENTED_EDGE('',*,*,#10499,.F.);
#10502=ORIENTED_EDGE('',*,*,#10501,.F.);
#10503=ORIENTED_EDGE('',*,*,#10470,.T.);
#10505=ORIENTED_EDGE('',*,*,#10504,.T.);
#10506=EDGE_LOOP('',(#10496,#10498,#10500,#10502,#10503,#10505));
#10507=FACE_OUTER_BOUND('',#10506,.F.);
#10509=CARTESIAN_POINT('',(0.E0,0.E0,2.956656081756E-1));
#10510=DIRECTION('',(0.E0,0.E0,1.E0));
#10511=DIRECTION('',(1.E0,0.E0,0.E0));
#10512=AXIS2_PLACEMENT_3D('',#10509,#10510,#10511);
#10513=CONICAL_SURFACE('',#10512,6.733439182435E-2,4.5E1);
#10515=ORIENTED_EDGE('',*,*,#10514,.F.);
#10516=ORIENTED_EDGE('',*,*,#3625,.T.);
#10517=ORIENTED_EDGE('',*,*,#10495,.F.);
#10518=EDGE_LOOP('',(#10515,#10516,#10517));
#10519=FACE_OUTER_BOUND('',#10518,.F.);
#10521=CARTESIAN_POINT('',(0.E0,0.E0,2.956656081756E-1));
#10522=DIRECTION('',(0.E0,0.E0,1.E0));
#10523=DIRECTION('',(1.E0,0.E0,0.E0));
#10524=AXIS2_PLACEMENT_3D('',#10521,#10522,#10523);
#10525=CONICAL_SURFACE('',#10524,6.733439182435E-2,4.5E1);
#10526=ORIENTED_EDGE('',*,*,#10504,.F.);
#10527=ORIENTED_EDGE('',*,*,#3627,.T.);
#10528=ORIENTED_EDGE('',*,*,#10514,.T.);
#10529=EDGE_LOOP('',(#10526,#10527,#10528));
#10530=FACE_OUTER_BOUND('',#10529,.F.);
#10532=CARTESIAN_POINT('',(0.E0,-7.216878364870E-2,3.005E-1));
#10533=DIRECTION('',(-5.E-1,8.660254037844E-1,0.E0));
#10534=DIRECTION('',(-8.660254037844E-1,-5.E-1,0.E0));
#10535=AXIS2_PLACEMENT_3D('',#10532,#10533,#10534);
#10536=PLANE('',#10535);
#10538=ORIENTED_EDGE('',*,*,#10537,.T.);
#10539=ORIENTED_EDGE('',*,*,#3587,.F.);
#10541=ORIENTED_EDGE('',*,*,#10540,.T.);
#10543=ORIENTED_EDGE('',*,*,#10542,.T.);
#10544=ORIENTED_EDGE('',*,*,#10497,.T.);
#10545=EDGE_LOOP('',(#10538,#10539,#10541,#10543,#10544));
#10546=FACE_OUTER_BOUND('',#10545,.F.);
#10548=CARTESIAN_POINT('',(0.E0,0.E0,2.956664924513E-1));
#10549=DIRECTION('',(0.E0,0.E0,1.E0));
#10550=DIRECTION('',(1.E0,0.E0,0.E0));
#10551=AXIS2_PLACEMENT_3D('',#10548,#10549,#10550);
#10552=CONICAL_SURFACE('',#10551,6.733527610004E-2,4.5E1);
#10553=ORIENTED_EDGE('',*,*,#3623,.T.);
#10554=ORIENTED_EDGE('',*,*,#10537,.F.);
#10555=EDGE_LOOP('',(#10553,#10554));
#10556=FACE_OUTER_BOUND('',#10555,.F.);
#10558=CARTESIAN_POINT('',(0.E0,0.E0,2.601E-1));
#10559=DIRECTION('',(0.E0,0.E0,1.E0));
#10560=DIRECTION('',(1.E0,0.E0,0.E0));
#10561=AXIS2_PLACEMENT_3D('',#10558,#10559,#10560);
#10562=PLANE('',#10561);
#10564=ORIENTED_EDGE('',*,*,#10563,.F.);
#10565=ORIENTED_EDGE('',*,*,#10540,.F.);
#10566=ORIENTED_EDGE('',*,*,#3585,.F.);
#10567=EDGE_LOOP('',(#10564,#10565,#10566));
#10568=FACE_OUTER_BOUND('',#10567,.F.);
#10570=CARTESIAN_POINT('',(0.E0,0.E0,2.424186480061E-1));
#10571=DIRECTION('',(0.E0,0.E0,1.E0));
#10572=DIRECTION('',(1.E0,0.E0,0.E0));
#10573=AXIS2_PLACEMENT_3D('',#10570,#10571,#10572);
#10574=CONICAL_SURFACE('',#10573,3.1875E-2,6.E1);
#10576=ORIENTED_EDGE('',*,*,#10575,.F.);
#10578=ORIENTED_EDGE('',*,*,#10577,.T.);
#10579=ORIENTED_EDGE('',*,*,#10563,.T.);
#10581=ORIENTED_EDGE('',*,*,#10580,.T.);
#10583=ORIENTED_EDGE('',*,*,#10582,.T.);
#10584=EDGE_LOOP('',(#10576,#10578,#10579,#10581,#10583));
#10585=FACE_OUTER_BOUND('',#10584,.F.);
#10587=CARTESIAN_POINT('',(0.E0,0.E0,2.424186480061E-1));
#10588=DIRECTION('',(0.E0,0.E0,1.E0));
#10589=DIRECTION('',(1.E0,0.E0,0.E0));
#10590=AXIS2_PLACEMENT_3D('',#10587,#10588,#10589);
#10591=CONICAL_SURFACE('',#10590,3.1875E-2,6.E1);
#10592=ORIENTED_EDGE('',*,*,#10582,.F.);
#10594=ORIENTED_EDGE('',*,*,#10593,.T.);
#10596=ORIENTED_EDGE('',*,*,#10595,.T.);
#10598=ORIENTED_EDGE('',*,*,#10597,.T.);
#10599=ORIENTED_EDGE('',*,*,#10575,.T.);
#10600=EDGE_LOOP('',(#10592,#10594,#10596,#10598,#10599));
#10601=FACE_OUTER_BOUND('',#10600,.F.);
#10603=CARTESIAN_POINT('',(0.E0,0.E0,2.601E-1));
#10604=DIRECTION('',(0.E0,0.E0,1.E0));
#10605=DIRECTION('',(1.E0,0.E0,0.E0));
#10606=AXIS2_PLACEMENT_3D('',#10603,#10604,#10605);
#10607=PLANE('',#10606);
#10608=ORIENTED_EDGE('',*,*,#10593,.F.);
#10610=ORIENTED_EDGE('',*,*,#10609,.T.);
#10611=ORIENTED_EDGE('',*,*,#10456,.F.);
#10612=EDGE_LOOP('',(#10608,#10610,#10611));
#10613=FACE_OUTER_BOUND('',#10612,.F.);
#10615=CARTESIAN_POINT('',(-6.25E-2,3.608439182435E-2,3.005E-1));
#10616=DIRECTION('',(1.E0,0.E0,0.E0));
#10617=DIRECTION('',(0.E0,0.E0,-1.E0));
#10618=AXIS2_PLACEMENT_3D('',#10615,#10616,#10617);
#10619=PLANE('',#10618);
#10621=ORIENTED_EDGE('',*,*,#10620,.T.);
#10622=ORIENTED_EDGE('',*,*,#10458,.F.);
#10623=ORIENTED_EDGE('',*,*,#10609,.F.);
#10625=ORIENTED_EDGE('',*,*,#10624,.F.);
#10626=ORIENTED_EDGE('',*,*,#3581,.T.);
#10628=ORIENTED_EDGE('',*,*,#10627,.T.);
#10629=EDGE_LOOP('',(#10621,#10622,#10623,#10625,#10626,#10628));
#10630=FACE_OUTER_BOUND('',#10629,.F.);
#10632=CARTESIAN_POINT('',(0.E0,0.E0,2.956656081757E-1));
#10633=DIRECTION('',(0.E0,0.E0,1.E0));
#10634=DIRECTION('',(1.E0,0.E0,0.E0));
#10635=AXIS2_PLACEMENT_3D('',#10632,#10633,#10634);
#10636=CONICAL_SURFACE('',#10635,6.733439182436E-2,4.5E1);
#10637=ORIENTED_EDGE('',*,*,#3618,.T.);
#10638=ORIENTED_EDGE('',*,*,#10620,.F.);
#10639=ORIENTED_EDGE('',*,*,#10627,.F.);
#10640=ORIENTED_EDGE('',*,*,#3620,.T.);
#10641=EDGE_LOOP('',(#10637,#10638,#10639,#10640));
#10642=FACE_OUTER_BOUND('',#10641,.F.);
#10644=CARTESIAN_POINT('',(0.E0,0.E0,2.601E-1));
#10645=DIRECTION('',(0.E0,0.E0,1.E0));
#10646=DIRECTION('',(1.E0,0.E0,0.E0));
#10647=AXIS2_PLACEMENT_3D('',#10644,#10645,#10646);
#10648=PLANE('',#10647);
#10649=ORIENTED_EDGE('',*,*,#10580,.F.);
#10650=ORIENTED_EDGE('',*,*,#3583,.F.);
#10651=ORIENTED_EDGE('',*,*,#10624,.T.);
#10652=EDGE_LOOP('',(#10649,#10650,#10651));
#10653=FACE_OUTER_BOUND('',#10652,.F.);
#10655=CARTESIAN_POINT('',(0.E0,0.E0,2.601E-1));
#10656=DIRECTION('',(0.E0,0.E0,1.E0));
#10657=DIRECTION('',(1.E0,0.E0,0.E0));
#10658=AXIS2_PLACEMENT_3D('',#10655,#10656,#10657);
#10659=PLANE('',#10658);
#10660=ORIENTED_EDGE('',*,*,#10595,.F.);
#10661=ORIENTED_EDGE('',*,*,#10454,.F.);
#10662=ORIENTED_EDGE('',*,*,#10474,.F.);
#10663=EDGE_LOOP('',(#10660,#10661,#10662));
#10664=FACE_OUTER_BOUND('',#10663,.F.);
#10666=CARTESIAN_POINT('',(0.E0,0.E0,2.601E-1));
#10667=DIRECTION('',(0.E0,0.E0,1.E0));
#10668=DIRECTION('',(1.E0,0.E0,0.E0));
#10669=AXIS2_PLACEMENT_3D('',#10666,#10667,#10668);
#10670=PLANE('',#10669);
#10671=ORIENTED_EDGE('',*,*,#10597,.F.);
#10672=ORIENTED_EDGE('',*,*,#10472,.F.);
#10673=ORIENTED_EDGE('',*,*,#10501,.T.);
#10674=EDGE_LOOP('',(#10671,#10672,#10673));
#10675=FACE_OUTER_BOUND('',#10674,.F.);
#10677=CARTESIAN_POINT('',(0.E0,0.E0,2.601E-1));
#10678=DIRECTION('',(0.E0,0.E0,1.E0));
#10679=DIRECTION('',(1.E0,0.E0,0.E0));
#10680=AXIS2_PLACEMENT_3D('',#10677,#10678,#10679);
#10681=PLANE('',#10680);
#10682=ORIENTED_EDGE('',*,*,#10577,.F.);
#10683=ORIENTED_EDGE('',*,*,#10499,.T.);
#10684=ORIENTED_EDGE('',*,*,#10542,.F.);
#10685=EDGE_LOOP('',(#10682,#10683,#10684));
#10686=FACE_OUTER_BOUND('',#10685,.F.);
#10690=FILL_AREA_STYLE_COLOUR('',#3);
#10691=FILL_AREA_STYLE('',(#10690));
#10692=SURFACE_STYLE_FILL_AREA(#10691);
#10693=SURFACE_SIDE_STYLE('',(#10692));
#10694=SURFACE_STYLE_USAGE(.BOTH.,#10693);
#10695=PRESENTATION_STYLE_ASSIGNMENT((#10694));
#15=STYLED_ITEM('',(#10695),#10689);
#10696=PRESENTATION_LAYER_ASSIGNMENT('NONE','',(#15,#3591,#3602,#3633,#3651,
#3668,#3685,#3699,#3712,#3735,#3752,#5937,#5951,#5965,#5979,#8058,#9993,#10013,
#10026,#10036,#10048,#10061,#10074,#10087,#10100,#10113,#10126,#10139,#10152,
#10165,#10178,#10191,#10204,#10217,#10230,#10243,#10256,#10269,#10282,#10295,
#10308,#10321,#10334,#10347,#10360,#10373,#10386,#10399,#10411,#10422,#10434,
#10445,#10462,#10479,#10489,#10508,#10520,#10531,#10547,#10557,#10569,#10586,
#10602,#10614,#10631,#10643,#10654,#10665,#10676,#10687));
#10698=LENGTH_MEASURE_WITH_UNIT(LENGTH_MEASURE(2.54E1),#10697);
#10699=(CONVERSION_BASED_UNIT('INCH',#10698)LENGTH_UNIT()NAMED_UNIT(*));
#10701=PLANE_ANGLE_MEASURE_WITH_UNIT(PLANE_ANGLE_MEASURE(1.745329251994E-2),
#10700);
#10702=(CONVERSION_BASED_UNIT('DEGREE',#10701)NAMED_UNIT(*)PLANE_ANGLE_UNIT());
#10704=UNCERTAINTY_MEASURE_WITH_UNIT(LENGTH_MEASURE(8.108655658106E-5),#10699,
'closure',
'Maximum model space distance between geometric entities at asserted connectivities');
#10706=CARTESIAN_POINT('',(0.E0,0.E0,0.E0));
#10707=DIRECTION('',(0.E0,0.E0,1.E0));
#10708=DIRECTION('',(1.E0,0.E0,0.E0));
#10711=MECHANICAL_DESIGN_GEOMETRIC_PRESENTATION_REPRESENTATION('',(#23,#38,#46,
#54,#62,#70,#78,#86,#94,#102,#110,#118,#126,#134,#142,#149,#157,#165,#173,#181,
#188,#196,#204,#212,#220,#227,#242,#250,#261,#268,#292,#313,#320,#344,#824,#831,
#842,#857,#864,#887,#910,#933,#940,#963,#971,#1451,#1459,#1467,#1474,#1494,
#1502,#1519,#1531,#1538,#1562,#1570,#1578,#1589,#1612,#1619,#1642,#1649,#1672,
#1695,#1718,#1725,#1748,#1755,#1778,#1801,#1824,#1831,#1854,#1861,#1884,#1907,
#1930,#1937,#1960,#1967,#1990,#2013,#2036,#2043,#2066,#2073,#2096,#2119,#2142,
#2149,#2172,#2179,#2202,#2225,#2248,#2255,#2278,#2285,#2308,#2331,#2354,#2361,
#2384,#2391,#2414,#2437,#2460,#2467,#2490,#2497,#2520,#2543,#2566,#2573,#2596,
#2603,#2626,#2649,#2672,#2679,#2702,#2709,#2732,#2755,#2778,#2785,#2808,#2815,
#2838,#2861,#2884,#2891,#2914,#2921,#2944,#2967,#2990,#2997,#3020,#3027,#3050,
#3073,#3083,#3108,#3115,#3130,#3137,#3144,#3159,#3166,#3173,#3180,#3187,#3198,
#3209,#3216,#3231,#3239,#3246,#3253,#3260,#3267,#3275,#3282,#3289,#3296,#3303,
#3314,#3325,#3333,#3340,#3348,#3355,#3362,#3370,#3377,#3385,#3392,#15),#10705);
#10712=APPLICATION_CONTEXT('automotive design');
#10713=APPLICATION_PROTOCOL_DEFINITION('international standard',
'config_control_design',1994,#10712);
#10714=PRODUCT_DEFINITION_CONTEXT('',#10712,'design');
#10715=PRODUCT_CONTEXT('',#10712,'mechanical');
#10716=PRODUCT('10-32_SCREW_HALFINCH','10-32_SCREW_HALFINCH','NOT SPECIFIED',(
#10715));
#10717=PRODUCT_DEFINITION_FORMATION_WITH_SPECIFIED_SOURCE('1','LAST_VERSION',
#10716,.MADE.);
#10725=LENGTH_MEASURE_WITH_UNIT(LENGTH_MEASURE(2.54E1),#10724);
#10726=(CONVERSION_BASED_UNIT('INCH',#10725)LENGTH_UNIT()NAMED_UNIT(*));
#10727=DERIVED_UNIT_ELEMENT(#10726,2.E0);
#10728=AREA_UNIT((#10727));
#10729=MEASURE_REPRESENTATION_ITEM('surface area measure',AREA_MEASURE(
7.193407098709E-1),#10728);
#10734=LENGTH_MEASURE_WITH_UNIT(LENGTH_MEASURE(2.54E1),#10733);
#10735=(CONVERSION_BASED_UNIT('INCH',#10734)LENGTH_UNIT()NAMED_UNIT(*));
#10736=DERIVED_UNIT_ELEMENT(#10735,3.E0);
#10737=VOLUME_UNIT((#10736));
#10738=MEASURE_REPRESENTATION_ITEM('volume measure',VOLUME_MEASURE(
1.798380695819E-2),#10737);
#10742=CARTESIAN_POINT('centre point',(2.171491949905E-5,-2.210554820392E-5,
5.635482543846E-2));
#10747=LENGTH_MEASURE_WITH_UNIT(LENGTH_MEASURE(2.54E1),#10746);
#10748=(CONVERSION_BASED_UNIT('INCH',#10747)LENGTH_UNIT()NAMED_UNIT(*));
#10749=DERIVED_UNIT_ELEMENT(#10748,2.E0);
#10750=AREA_UNIT((#10749));
#10751=MEASURE_REPRESENTATION_ITEM('surface area measure',AREA_MEASURE(
7.193407098709E-1),#10750);
#10756=LENGTH_MEASURE_WITH_UNIT(LENGTH_MEASURE(2.54E1),#10755);
#10757=(CONVERSION_BASED_UNIT('INCH',#10756)LENGTH_UNIT()NAMED_UNIT(*));
#10758=DERIVED_UNIT_ELEMENT(#10757,3.E0);
#10759=VOLUME_UNIT((#10758));
#10760=MEASURE_REPRESENTATION_ITEM('volume measure',VOLUME_MEASURE(
1.798380695819E-2),#10759);
#10764=CARTESIAN_POINT('centre point',(2.171491949905E-5,-2.210554820392E-5,
5.635482543846E-2));
#1=DRAUGHTING_PRE_DEFINED_COLOUR('green');
#2=COLOUR_RGB('',1.1E-2,1.2E-2,1.E0);
#3=COLOUR_RGB('',2.352941176471E-1,2.352941176471E-1,2.352941176471E-1);
#4=COLOUR_RGB('',4.1E-1,2.61589E-1,1.12848E-1);
#5=COLOUR_RGB('',5.04854E-1,1.5455E-2,1.5455E-2);
#6=COLOUR_RGB('',6.35294E-1,6.86275E-1,7.4902E-1);
#7=COLOUR_RGB('',6.40777E-1,6.40777E-1,6.40777E-1);
#8=COLOUR_RGB('',6.69062E-1,6.69903E-1,6.55217E-1);
#9=COLOUR_RGB('',9.21569E-1,7.05882E-1,4.70588E-1);
#10=DRAUGHTING_PRE_DEFINED_COLOUR('red');
#11=DRAUGHTING_PRE_DEFINED_COLOUR('yellow');
#12=COLOUR_RGB('',1.E0,1.E0,5.3E-1);
#13=COLOUR_RGB('',1.E0,1.E0,9.49E-1);
#14=DRAUGHTING_PRE_DEFINED_COLOUR('white');
#35=B_SPLINE_CURVE_WITH_KNOTS('',3,(#24,#25,#26,#27,#28,#29,#30,#31,#32,#33,
#34),.UNSPECIFIED.,.F.,.F.,(4,1,1,1,1,1,1,1,4),(0.E0,1.25E-1,2.5E-1,3.75E-1,
5.E-1,6.25E-1,7.5E-1,8.75E-1,1.E0),.UNSPECIFIED.);
#43=CIRCLE('',#42,7.216878364870E-2);
#51=CIRCLE('',#50,7.216878364870E-2);
#59=CIRCLE('',#58,7.216878364870E-2);
#67=CIRCLE('',#66,7.216878364870E-2);
#75=CIRCLE('',#74,7.216878364870E-2);
#83=CIRCLE('',#82,7.216878364870E-2);
#91=CIRCLE('',#90,7.216878364870E-2);
#99=CIRCLE('',#98,7.216878364870E-2);
#107=CIRCLE('',#106,1.805E-1);
#115=CIRCLE('',#114,2.065226795568E-1);
#123=CIRCLE('',#122,8.75E-2);
#131=CIRCLE('',#130,8.75E-2);
#139=CIRCLE('',#138,1.805E-1);
#154=CIRCLE('',#153,1.805E-1);
#162=CIRCLE('',#161,1.805E-1);
#170=CIRCLE('',#169,9.5475E-2);
#178=CIRCLE('',#177,9.5475E-2);
#193=CIRCLE('',#192,2.065226795568E-1);
#201=CIRCLE('',#200,8.75E-2);
#209=CIRCLE('',#208,1.805E-1);
#217=CIRCLE('',#216,1.805E-1);
#239=B_SPLINE_CURVE_WITH_KNOTS('',3,(#228,#229,#230,#231,#232,#233,#234,#235,
#236,#237,#238),.UNSPECIFIED.,.F.,.F.,(4,1,1,1,1,1,1,1,4),(0.E0,1.25E-1,2.5E-1,
3.75E-1,5.E-1,6.25E-1,7.5E-1,8.75E-1,1.E0),.UNSPECIFIED.);
#247=CIRCLE('',#246,9.5E-2);
#258=B_SPLINE_CURVE_WITH_KNOTS('',3,(#251,#252,#253,#254,#255,#256,#257),
.UNSPECIFIED.,.F.,.F.,(4,1,1,1,4),(0.E0,2.5E-1,5.E-1,7.5E-1,1.E0),
.UNSPECIFIED.);
#289=B_SPLINE_CURVE_WITH_KNOTS('',3,(#269,#270,#271,#272,#273,#274,#275,#276,
#277,#278,#279,#280,#281,#282,#283,#284,#285,#286,#287,#288),.UNSPECIFIED.,.F.,
.F.,(4,1,1,1,1,1,1,1,1,1,1,1,1,1,1,1,1,4),(0.E0,5.882352941176E-2,
1.176470588235E-1,1.764705882353E-1,2.352941176471E-1,2.941176470588E-1,
3.529411764706E-1,4.117647058824E-1,4.705882352941E-1,5.294117647059E-1,
5.882352941176E-1,6.470588235294E-1,7.058823529412E-1,7.647058823529E-1,
8.235294117647E-1,8.823529411765E-1,9.411764705882E-1,1.E0),.UNSPECIFIED.);
#310=B_SPLINE_CURVE_WITH_KNOTS('',3,(#293,#294,#295,#296,#297,#298,#299,#300,
#301,#302,#303,#304,#305,#306,#307,#308,#309),.UNSPECIFIED.,.F.,.F.,(4,1,1,1,1,
1,1,1,1,1,1,1,1,1,4),(0.E0,7.142857142857E-2,1.428571428571E-1,
2.142857142857E-1,2.857142857143E-1,3.571428571429E-1,4.285714285714E-1,5.E-1,
5.714285714286E-1,6.428571428571E-1,7.142857142857E-1,7.857142857143E-1,
8.571428571429E-1,9.285714285714E-1,1.E0),.UNSPECIFIED.);
#341=B_SPLINE_CURVE_WITH_KNOTS('',3,(#321,#322,#323,#324,#325,#326,#327,#328,
#329,#330,#331,#332,#333,#334,#335,#336,#337,#338,#339,#340),.UNSPECIFIED.,.F.,
.F.,(4,1,1,1,1,1,1,1,1,1,1,1,1,1,1,1,1,4),(0.E0,5.882352941176E-2,
1.176470588235E-1,1.764705882353E-1,2.352941176471E-1,2.941176470588E-1,
3.529411764706E-1,4.117647058824E-1,4.705882352941E-1,5.294117647059E-1,
5.882352941176E-1,6.470588235294E-1,7.058823529412E-1,7.647058823529E-1,
8.235294117647E-1,8.823529411765E-1,9.411764705882E-1,1.E0),.UNSPECIFIED.);
#821=B_SPLINE_CURVE_WITH_KNOTS('',3,(#345,#346,#347,#348,#349,#350,#351,#352,
#353,#354,#355,#356,#357,#358,#359,#360,#361,#362,#363,#364,#365,#366,#367,#368,
#369,#370,#371,#372,#373,#374,#375,#376,#377,#378,#379,#380,#381,#382,#383,#384,
#385,#386,#387,#388,#389,#390,#391,#392,#393,#394,#395,#396,#397,#398,#399,#400,
#401,#402,#403,#404,#405,#406,#407,#408,#409,#410,#411,#412,#413,#414,#415,#416,
#417,#418,#419,#420,#421,#422,#423,#424,#425,#426,#427,#428,#429,#430,#431,#432,
#433,#434,#435,#436,#437,#438,#439,#440,#441,#442,#443,#444,#445,#446,#447,#448,
#449,#450,#451,#452,#453,#454,#455,#456,#457,#458,#459,#460,#461,#462,#463,#464,
#465,#466,#467,#468,#469,#470,#471,#472,#473,#474,#475,#476,#477,#478,#479,#480,
#481,#482,#483,#484,#485,#486,#487,#488,#489,#490,#491,#492,#493,#494,#495,#496,
#497,#498,#499,#500,#501,#502,#503,#504,#505,#506,#507,#508,#509,#510,#511,#512,
#513,#514,#515,#516,#517,#518,#519,#520,#521,#522,#523,#524,#525,#526,#527,#528,
#529,#530,#531,#532,#533,#534,#535,#536,#537,#538,#539,#540,#541,#542,#543,#544,
#545,#546,#547,#548,#549,#550,#551,#552,#553,#554,#555,#556,#557,#558,#559,#560,
#561,#562,#563,#564,#565,#566,#567,#568,#569,#570,#571,#572,#573,#574,#575,#576,
#577,#578,#579,#580,#581,#582,#583,#584,#585,#586,#587,#588,#589,#590,#591,#592,
#593,#594,#595,#596,#597,#598,#599,#600,#601,#602,#603,#604,#605,#606,#607,#608,
#609,#610,#611,#612,#613,#614,#615,#616,#617,#618,#619,#620,#621,#622,#623,#624,
#625,#626,#627,#628,#629,#630,#631,#632,#633,#634,#635,#636,#637,#638,#639,#640,
#641,#642,#643,#644,#645,#646,#647,#648,#649,#650,#651,#652,#653,#654,#655,#656,
#657,#658,#659,#660,#661,#662,#663,#664,#665,#666,#667,#668,#669,#670,#671,#672,
#673,#674,#675,#676,#677,#678,#679,#680,#681,#682,#683,#684,#685,#686,#687,#688,
#689,#690,#691,#692,#693,#694,#695,#696,#697,#698,#699,#700,#701,#702,#703,#704,
#705,#706,#707,#708,#709,#710,#711,#712,#713,#714,#715,#716,#717,#718,#719,#720,
#721,#722,#723,#724,#725,#726,#727,#728,#729,#730,#731,#732,#733,#734,#735,#736,
#737,#738,#739,#740,#741,#742,#743,#744,#745,#746,#747,#748,#749,#750,#751,#752,
#753,#754,#755,#756,#757,#758,#759,#760,#761,#762,#763,#764,#765,#766,#767,#768,
#769,#770,#771,#772,#773,#774,#775,#776,#777,#778,#779,#780,#781,#782,#783,#784,
#785,#786,#787,#788,#789,#790,#791,#792,#793,#794,#795,#796,#797,#798,#799,#800,
#801,#802,#803,#804,#805,#806,#807,#808,#809,#810,#811,#812,#813,#814,#815,#816,
#817,#818,#819,#820),.UNSPECIFIED.,.F.,.F.,(4,1,1,1,1,1,1,1,1,1,1,1,1,1,1,1,1,1,
1,1,1,1,1,1,1,1,1,1,1,1,1,1,1,1,1,1,1,1,1,1,1,1,1,1,1,1,1,1,1,1,1,1,1,1,1,1,1,1,
1,1,1,1,1,1,1,1,1,1,1,1,1,1,1,1,1,1,1,1,1,1,1,1,1,1,1,1,1,1,1,1,1,1,1,1,1,1,1,1,
1,1,1,1,1,1,1,1,1,1,1,1,1,1,1,1,1,1,1,1,1,1,1,1,1,1,1,1,1,1,1,1,1,1,1,1,1,1,1,1,
1,1,1,1,1,1,1,1,1,1,1,1,1,1,1,1,1,1,1,1,1,1,1,1,1,1,1,1,1,1,1,1,1,1,1,1,1,1,1,1,
1,1,1,1,1,1,1,1,1,1,1,1,1,1,1,1,1,1,1,1,1,1,1,1,1,1,1,1,1,1,1,1,1,1,1,1,1,1,1,1,
1,1,1,1,1,1,1,1,1,1,1,1,1,1,1,1,1,1,1,1,1,1,1,1,1,1,1,1,1,1,1,1,1,1,1,1,1,1,1,1,
1,1,1,1,1,1,1,1,1,1,1,1,1,1,1,1,1,1,1,1,1,1,1,1,1,1,1,1,1,1,1,1,1,1,1,1,1,1,1,1,
1,1,1,1,1,1,1,1,1,1,1,1,1,1,1,1,1,1,1,1,1,1,1,1,1,1,1,1,1,1,1,1,1,1,1,1,1,1,1,1,
1,1,1,1,1,1,1,1,1,1,1,1,1,1,1,1,1,1,1,1,1,1,1,1,1,1,1,1,1,1,1,1,1,1,1,1,1,1,1,1,
1,1,1,1,1,1,1,1,1,1,1,1,1,1,1,1,1,1,1,1,1,1,1,1,1,1,1,1,1,1,1,1,1,1,1,1,1,1,1,1,
1,1,1,1,1,1,1,1,1,1,1,1,1,1,1,1,1,1,1,1,1,1,1,1,1,1,1,1,1,1,1,1,1,1,1,1,1,1,1,1,
1,1,1,1,1,1,1,1,1,1,1,1,1,1,1,4),(0.E0,2.711003875594E-4,2.390005488104E-3,
4.508910588649E-3,6.627815689193E-3,8.746720789738E-3,1.086562589028E-2,
1.298453099083E-2,1.510343609137E-2,1.722234119192E-2,1.934124629246E-2,
2.146015139301E-2,2.357905649355E-2,2.569796159410E-2,2.781686669464E-2,
2.993577179518E-2,3.205467689573E-2,3.417358199627E-2,3.629248709682E-2,
3.841139219736E-2,4.053029729791E-2,4.264920239845E-2,4.476810749900E-2,
4.688701259954E-2,4.900591770009E-2,5.112482280063E-2,5.324372790118E-2,
5.536263300172E-2,5.748153810227E-2,5.960044320281E-2,6.171934830335E-2,
6.383825340390E-2,6.595715850444E-2,6.807606360499E-2,7.019496870553E-2,
7.231387380608E-2,7.443277890662E-2,7.655168400717E-2,7.867058910771E-2,
8.078949420826E-2,8.290839930880E-2,8.502730440935E-2,8.714620950989E-2,
8.926511461043E-2,9.138401971098E-2,9.350292481152E-2,9.562182991207E-2,
9.774073501261E-2,9.985964011316E-2,1.019785452137E-1,1.040974503142E-1,
1.062163554148E-1,1.083352605153E-1,1.104541656159E-1,1.125730707164E-1,
1.146919758170E-1,1.168108809175E-1,1.189297860181E-1,1.210486911186E-1,
1.231675962191E-1,1.252865013197E-1,1.274054064202E-1,1.295243115208E-1,
1.316432166213E-1,1.337621217219E-1,1.358810268224E-1,1.379999319230E-1,
1.401188370235E-1,1.422377421241E-1,1.443566472246E-1,1.464755523251E-1,
1.485944574257E-1,1.507133625262E-1,1.528322676268E-1,1.549511727273E-1,
1.570700778279E-1,1.591889829284E-1,1.613078880290E-1,1.634267931295E-1,
1.655456982300E-1,1.676646033306E-1,1.697835084311E-1,1.719024135317E-1,
1.740213186322E-1,1.761402237328E-1,1.782591288333E-1,1.803780339339E-1,
1.824969390344E-1,1.846158441349E-1,1.867347492355E-1,1.888536543360E-1,
1.909725594366E-1,1.930914645371E-1,1.952103696377E-1,1.973292747382E-1,
1.994481798388E-1,2.015670849393E-1,2.036859900398E-1,2.058048951404E-1,
2.079238002409E-1,2.100427053415E-1,2.121616104420E-1,2.142805155426E-1,
2.163994206431E-1,2.185183257437E-1,2.206372308442E-1,2.227561359447E-1,
2.248750410453E-1,2.269939461458E-1,2.291128512464E-1,2.312317563469E-1,
2.333506614475E-1,2.354695665480E-1,2.375884716486E-1,2.397073767491E-1,
2.418262818496E-1,2.439451869502E-1,2.460640920507E-1,2.481829971513E-1,
2.503019022518E-1,2.524208073524E-1,2.545397124529E-1,2.566586175535E-1,
2.587775226540E-1,2.608964277546E-1,2.630153328551E-1,2.651342379556E-1,
2.672531430562E-1,2.693720481567E-1,2.714909532573E-1,2.736098583578E-1,
2.757287634584E-1,2.778476685589E-1,2.799665736595E-1,2.820854787600E-1,
2.842043838605E-1,2.863232889611E-1,2.884421940616E-1,2.905610991622E-1,
2.926800042627E-1,2.947989093633E-1,2.969178144638E-1,2.990367195644E-1,
3.011556246649E-1,3.032745297654E-1,3.053934348660E-1,3.075123399665E-1,
3.096312450671E-1,3.117501501676E-1,3.138690552682E-1,3.159879603687E-1,
3.181068654693E-1,3.202257705698E-1,3.223446756703E-1,3.244635807709E-1,
3.265824858714E-1,3.287013909720E-1,3.308202960725E-1,3.329392011731E-1,
3.350581062736E-1,3.371770113742E-1,3.392959164747E-1,3.414148215752E-1,
3.435337266758E-1,3.456526317763E-1,3.477715368769E-1,3.498904419774E-1,
3.520093470780E-1,3.541282521785E-1,3.562471572791E-1,3.583660623796E-1,
3.604849674802E-1,3.626038725807E-1,3.647227776812E-1,3.668416827818E-1,
3.689605878823E-1,3.710794929829E-1,3.731983980834E-1,3.753173031840E-1,
3.774362082845E-1,3.795551133851E-1,3.816740184856E-1,3.837929235861E-1,
3.859118286867E-1,3.880307337872E-1,3.901496388878E-1,3.922685439883E-1,
3.943874490889E-1,3.965063541894E-1,3.986252592900E-1,4.007441643905E-1,
4.028630694910E-1,4.049819745916E-1,4.071008796921E-1,4.092197847927E-1,
4.113386898932E-1,4.134575949938E-1,4.155765000943E-1,4.176954051949E-1,
4.198143102954E-1,4.219332153959E-1,4.240521204965E-1,4.261710255970E-1,
4.282899306976E-1,4.304088357981E-1,4.325277408987E-1,4.346466459992E-1,
4.367655510998E-1,4.388844562003E-1,4.410033613008E-1,4.431222664014E-1,
4.452411715019E-1,4.473600766025E-1,4.494789817030E-1,4.515978868036E-1,
4.537167919041E-1,4.558356970047E-1,4.579546021052E-1,4.600735072057E-1,
4.621924123063E-1,4.643113174068E-1,4.664302225074E-1,4.685491276079E-1,
4.706680327085E-1,4.727869378090E-1,4.749058429096E-1,4.770247480101E-1,
4.791436531107E-1,4.812625582112E-1,4.833814633117E-1,4.855003684123E-1,
4.876192735128E-1,4.897381786134E-1,4.918570837139E-1,4.939759888145E-1,
4.960948939150E-1,4.982137990156E-1,5.003327041161E-1,5.024516092166E-1,
5.045705143172E-1,5.066894194177E-1,5.088083245183E-1,5.109272296188E-1,
5.130461347194E-1,5.151650398199E-1,5.172839449205E-1,5.194028500210E-1,
5.215217551215E-1,5.236406602221E-1,5.257595653226E-1,5.278784704232E-1,
5.299973755237E-1,5.321162806243E-1,5.342351857248E-1,5.363540908254E-1,
5.384729959259E-1,5.405919010264E-1,5.427108061270E-1,5.448297112275E-1,
5.469486163281E-1,5.490675214286E-1,5.511864265292E-1,5.533053316297E-1,
5.554242367303E-1,5.575431418308E-1,5.596620469313E-1,5.617809520319E-1,
5.638998571324E-1,5.660187622330E-1,5.681376673335E-1,5.702565724341E-1,
5.723754775346E-1,5.744943826352E-1,5.766132877357E-1,5.787321928363E-1,
5.808510979368E-1,5.829700030373E-1,5.850889081379E-1,5.872078132384E-1,
5.893267183390E-1,5.914456234395E-1,5.935645285401E-1,5.956834336406E-1,
5.978023387412E-1,5.999212438417E-1,6.020401489422E-1,6.041590540428E-1,
6.062779591433E-1,6.083968642439E-1,6.105157693444E-1,6.126346744450E-1,
6.147535795455E-1,6.168724846461E-1,6.189913897466E-1,6.211102948471E-1,
6.232291999477E-1,6.253481050482E-1,6.274670101488E-1,6.295859152493E-1,
6.317048203499E-1,6.338237254504E-1,6.359426305510E-1,6.380615356515E-1,
6.401804407520E-1,6.422993458526E-1,6.444182509531E-1,6.465371560537E-1,
6.486560611542E-1,6.507749662548E-1,6.528938713553E-1,6.550127764559E-1,
6.571316815564E-1,6.592505866569E-1,6.613694917575E-1,6.634883968580E-1,
6.656073019586E-1,6.677262070591E-1,6.698451121597E-1,6.719640172602E-1,
6.740829223608E-1,6.762018274613E-1,6.783207325618E-1,6.804396376624E-1,
6.825585427629E-1,6.846774478635E-1,6.867963529640E-1,6.889152580646E-1,
6.910341631651E-1,6.931530682657E-1,6.952719733662E-1,6.973908784668E-1,
6.995097835673E-1,7.016286886678E-1,7.037475937684E-1,7.058664988689E-1,
7.079854039695E-1,7.101043090700E-1,7.122232141706E-1,7.143421192711E-1,
7.164610243717E-1,7.185799294722E-1,7.206988345727E-1,7.228177396733E-1,
7.249366447738E-1,7.270555498744E-1,7.291744549749E-1,7.312933600755E-1,
7.334122651760E-1,7.355311702766E-1,7.376500753771E-1,7.397689804776E-1,
7.418878855782E-1,7.440067906787E-1,7.461256957793E-1,7.482446008798E-1,
7.503635059804E-1,7.524824110809E-1,7.546013161815E-1,7.567202212820E-1,
7.588391263825E-1,7.609580314831E-1,7.630769365836E-1,7.651958416842E-1,
7.673147467847E-1,7.694336518853E-1,7.715525569858E-1,7.736714620864E-1,
7.757903671869E-1,7.779092722874E-1,7.800281773880E-1,7.821470824885E-1,
7.842659875891E-1,7.863848926896E-1,7.885037977902E-1,7.906227028907E-1,
7.927416079913E-1,7.948605130918E-1,7.969794181923E-1,7.990983232929E-1,
8.012172283934E-1,8.033361334940E-1,8.054550385945E-1,8.075739436951E-1,
8.096928487956E-1,8.118117538962E-1,8.139306589967E-1,8.160495640973E-1,
8.181684691978E-1,8.202873742983E-1,8.224062793989E-1,8.245251844994E-1,
8.266440896E-1,8.287629947005E-1,8.308818998011E-1,8.330008049016E-1,
8.351197100022E-1,8.372386151027E-1,8.393575202032E-1,8.414764253038E-1,
8.435953304043E-1,8.457142355049E-1,8.478331406054E-1,8.499520457060E-1,
8.520709508065E-1,8.541898559071E-1,8.563087610076E-1,8.584276661081E-1,
8.605465712087E-1,8.626654763092E-1,8.647843814098E-1,8.669032865103E-1,
8.690221916109E-1,8.711410967114E-1,8.732600018120E-1,8.753789069125E-1,
8.774978120130E-1,8.796167171136E-1,8.817356222141E-1,8.838545273147E-1,
8.859734324152E-1,8.880923375158E-1,8.902112426163E-1,8.923301477169E-1,
8.944490528174E-1,8.965679579179E-1,8.986868630185E-1,9.008057681190E-1,
9.029246732196E-1,9.050435783201E-1,9.071624834207E-1,9.092813885212E-1,
9.114002936218E-1,9.135191987223E-1,9.156381038229E-1,9.177570089234E-1,
9.198759140239E-1,9.219948191245E-1,9.241137242250E-1,9.262326293256E-1,
9.283515344261E-1,9.304704395267E-1,9.325893446272E-1,9.347082497278E-1,
9.368271548283E-1,9.389460599288E-1,9.410649650294E-1,9.431838701299E-1,
9.453027752305E-1,9.474216803310E-1,9.495405854316E-1,9.516594905321E-1,
9.537783956327E-1,9.558973007332E-1,9.580162058337E-1,9.601351109343E-1,
9.622540160348E-1,9.643729211354E-1,9.664918262359E-1,9.686107313365E-1,
9.707296364370E-1,9.728485415376E-1,9.749674466381E-1,9.770863517386E-1,
9.792052568392E-1,9.813241619397E-1,9.834430670403E-1,9.855619721408E-1,
9.876808772414E-1,9.897997823419E-1,9.919186874425E-1,9.940375925430E-1,
9.961564976435E-1,9.982754027441E-1,1.E0),.UNSPECIFIED.);
#839=B_SPLINE_CURVE_WITH_KNOTS('',3,(#832,#833,#834,#835,#836,#837,#838),
.UNSPECIFIED.,.F.,.F.,(4,1,1,1,4),(0.E0,4.172671266196E-2,3.611511417746E-1,
6.805755708873E-1,1.E0),.UNSPECIFIED.);
#854=B_SPLINE_CURVE_WITH_KNOTS('',3,(#843,#844,#845,#846,#847,#848,#849,#850,
#851,#852,#853),.UNSPECIFIED.,.F.,.F.,(4,1,1,1,1,1,1,1,4),(0.E0,
1.402832019592E-1,2.805664039184E-1,4.208496058776E-1,5.611328078368E-1,
7.014160097960E-1,8.416992117553E-1,9.819824137145E-1,1.E0),.UNSPECIFIED.);
#884=B_SPLINE_CURVE_WITH_KNOTS('',3,(#865,#866,#867,#868,#869,#870,#871,#872,
#873,#874,#875,#876,#877,#878,#879,#880,#881,#882,#883),.UNSPECIFIED.,.F.,.F.,
(4,1,1,1,1,1,1,1,1,1,1,1,1,1,1,1,4),(0.E0,6.25E-2,1.25E-1,1.875E-1,2.5E-1,
3.125E-1,3.75E-1,4.375E-1,5.E-1,5.625E-1,6.25E-1,6.875E-1,7.5E-1,8.125E-1,
8.75E-1,9.375E-1,1.E0),.UNSPECIFIED.);
#907=B_SPLINE_CURVE_WITH_KNOTS('',3,(#888,#889,#890,#891,#892,#893,#894,#895,
#896,#897,#898,#899,#900,#901,#902,#903,#904,#905,#906),.UNSPECIFIED.,.F.,.F.,
(4,1,1,1,1,1,1,1,1,1,1,1,1,1,1,1,4),(0.E0,6.25E-2,1.25E-1,1.875E-1,2.5E-1,
3.125E-1,3.75E-1,4.375E-1,5.E-1,5.625E-1,6.25E-1,6.875E-1,7.5E-1,8.125E-1,
8.75E-1,9.375E-1,1.E0),.UNSPECIFIED.);
#930=B_SPLINE_CURVE_WITH_KNOTS('',3,(#911,#912,#913,#914,#915,#916,#917,#918,
#919,#920,#921,#922,#923,#924,#925,#926,#927,#928,#929),.UNSPECIFIED.,.F.,.F.,
(4,1,1,1,1,1,1,1,1,1,1,1,1,1,1,1,4),(0.E0,6.25E-2,1.25E-1,1.875E-1,2.5E-1,
3.125E-1,3.75E-1,4.375E-1,5.E-1,5.625E-1,6.25E-1,6.875E-1,7.5E-1,8.125E-1,
8.75E-1,9.375E-1,1.E0),.UNSPECIFIED.);
#960=B_SPLINE_CURVE_WITH_KNOTS('',3,(#941,#942,#943,#944,#945,#946,#947,#948,
#949,#950,#951,#952,#953,#954,#955,#956,#957,#958,#959),.UNSPECIFIED.,.F.,.F.,
(4,1,1,1,1,1,1,1,1,1,1,1,1,1,1,1,4),(0.E0,6.25E-2,1.25E-1,1.875E-1,2.5E-1,
3.125E-1,3.75E-1,4.375E-1,5.E-1,5.625E-1,6.25E-1,6.875E-1,7.5E-1,8.125E-1,
8.75E-1,9.375E-1,1.E0),.UNSPECIFIED.);
#968=CIRCLE('',#967,7.470252959880E-2);
#1448=B_SPLINE_CURVE_WITH_KNOTS('',3,(#972,#973,#974,#975,#976,#977,#978,#979,
#980,#981,#982,#983,#984,#985,#986,#987,#988,#989,#990,#991,#992,#993,#994,#995,
#996,#997,#998,#999,#1000,#1001,#1002,#1003,#1004,#1005,#1006,#1007,#1008,#1009,
#1010,#1011,#1012,#1013,#1014,#1015,#1016,#1017,#1018,#1019,#1020,#1021,#1022,
#1023,#1024,#1025,#1026,#1027,#1028,#1029,#1030,#1031,#1032,#1033,#1034,#1035,
#1036,#1037,#1038,#1039,#1040,#1041,#1042,#1043,#1044,#1045,#1046,#1047,#1048,
#1049,#1050,#1051,#1052,#1053,#1054,#1055,#1056,#1057,#1058,#1059,#1060,#1061,
#1062,#1063,#1064,#1065,#1066,#1067,#1068,#1069,#1070,#1071,#1072,#1073,#1074,
#1075,#1076,#1077,#1078,#1079,#1080,#1081,#1082,#1083,#1084,#1085,#1086,#1087,
#1088,#1089,#1090,#1091,#1092,#1093,#1094,#1095,#1096,#1097,#1098,#1099,#1100,
#1101,#1102,#1103,#1104,#1105,#1106,#1107,#1108,#1109,#1110,#1111,#1112,#1113,
#1114,#1115,#1116,#1117,#1118,#1119,#1120,#1121,#1122,#1123,#1124,#1125,#1126,
#1127,#1128,#1129,#1130,#1131,#1132,#1133,#1134,#1135,#1136,#1137,#1138,#1139,
#1140,#1141,#1142,#1143,#1144,#1145,#1146,#1147,#1148,#1149,#1150,#1151,#1152,
#1153,#1154,#1155,#1156,#1157,#1158,#1159,#1160,#1161,#1162,#1163,#1164,#1165,
#1166,#1167,#1168,#1169,#1170,#1171,#1172,#1173,#1174,#1175,#1176,#1177,#1178,
#1179,#1180,#1181,#1182,#1183,#1184,#1185,#1186,#1187,#1188,#1189,#1190,#1191,
#1192,#1193,#1194,#1195,#1196,#1197,#1198,#1199,#1200,#1201,#1202,#1203,#1204,
#1205,#1206,#1207,#1208,#1209,#1210,#1211,#1212,#1213,#1214,#1215,#1216,#1217,
#1218,#1219,#1220,#1221,#1222,#1223,#1224,#1225,#1226,#1227,#1228,#1229,#1230,
#1231,#1232,#1233,#1234,#1235,#1236,#1237,#1238,#1239,#1240,#1241,#1242,#1243,
#1244,#1245,#1246,#1247,#1248,#1249,#1250,#1251,#1252,#1253,#1254,#1255,#1256,
#1257,#1258,#1259,#1260,#1261,#1262,#1263,#1264,#1265,#1266,#1267,#1268,#1269,
#1270,#1271,#1272,#1273,#1274,#1275,#1276,#1277,#1278,#1279,#1280,#1281,#1282,
#1283,#1284,#1285,#1286,#1287,#1288,#1289,#1290,#1291,#1292,#1293,#1294,#1295,
#1296,#1297,#1298,#1299,#1300,#1301,#1302,#1303,#1304,#1305,#1306,#1307,#1308,
#1309,#1310,#1311,#1312,#1313,#1314,#1315,#1316,#1317,#1318,#1319,#1320,#1321,
#1322,#1323,#1324,#1325,#1326,#1327,#1328,#1329,#1330,#1331,#1332,#1333,#1334,
#1335,#1336,#1337,#1338,#1339,#1340,#1341,#1342,#1343,#1344,#1345,#1346,#1347,
#1348,#1349,#1350,#1351,#1352,#1353,#1354,#1355,#1356,#1357,#1358,#1359,#1360,
#1361,#1362,#1363,#1364,#1365,#1366,#1367,#1368,#1369,#1370,#1371,#1372,#1373,
#1374,#1375,#1376,#1377,#1378,#1379,#1380,#1381,#1382,#1383,#1384,#1385,#1386,
#1387,#1388,#1389,#1390,#1391,#1392,#1393,#1394,#1395,#1396,#1397,#1398,#1399,
#1400,#1401,#1402,#1403,#1404,#1405,#1406,#1407,#1408,#1409,#1410,#1411,#1412,
#1413,#1414,#1415,#1416,#1417,#1418,#1419,#1420,#1421,#1422,#1423,#1424,#1425,
#1426,#1427,#1428,#1429,#1430,#1431,#1432,#1433,#1434,#1435,#1436,#1437,#1438,
#1439,#1440,#1441,#1442,#1443,#1444,#1445,#1446,#1447),.UNSPECIFIED.,.F.,.F.,(4,
1,1,1,1,1,1,1,1,1,1,1,1,1,1,1,1,1,1,1,1,1,1,1,1,1,1,1,1,1,1,1,1,1,1,1,1,1,1,1,1,
1,1,1,1,1,1,1,1,1,1,1,1,1,1,1,1,1,1,1,1,1,1,1,1,1,1,1,1,1,1,1,1,1,1,1,1,1,1,1,1,
1,1,1,1,1,1,1,1,1,1,1,1,1,1,1,1,1,1,1,1,1,1,1,1,1,1,1,1,1,1,1,1,1,1,1,1,1,1,1,1,
1,1,1,1,1,1,1,1,1,1,1,1,1,1,1,1,1,1,1,1,1,1,1,1,1,1,1,1,1,1,1,1,1,1,1,1,1,1,1,1,
1,1,1,1,1,1,1,1,1,1,1,1,1,1,1,1,1,1,1,1,1,1,1,1,1,1,1,1,1,1,1,1,1,1,1,1,1,1,1,1,
1,1,1,1,1,1,1,1,1,1,1,1,1,1,1,1,1,1,1,1,1,1,1,1,1,1,1,1,1,1,1,1,1,1,1,1,1,1,1,1,
1,1,1,1,1,1,1,1,1,1,1,1,1,1,1,1,1,1,1,1,1,1,1,1,1,1,1,1,1,1,1,1,1,1,1,1,1,1,1,1,
1,1,1,1,1,1,1,1,1,1,1,1,1,1,1,1,1,1,1,1,1,1,1,1,1,1,1,1,1,1,1,1,1,1,1,1,1,1,1,1,
1,1,1,1,1,1,1,1,1,1,1,1,1,1,1,1,1,1,1,1,1,1,1,1,1,1,1,1,1,1,1,1,1,1,1,1,1,1,1,1,
1,1,1,1,1,1,1,1,1,1,1,1,1,1,1,1,1,1,1,1,1,1,1,1,1,1,1,1,1,1,1,1,1,1,1,1,1,1,1,1,
1,1,1,1,1,1,1,1,1,1,1,1,1,1,1,1,1,1,1,1,1,1,1,1,1,1,1,1,1,1,1,1,1,1,1,1,1,1,1,1,
1,1,1,1,1,1,1,1,1,1,1,1,1,1,1,1,1,1,1,1,1,1,1,1,1,1,1,1,1,1,1,1,4),(0.E0,
2.701085164098E-4,2.389012537520E-3,4.507916558630E-3,6.626820579741E-3,
8.745724600851E-3,1.086462862196E-2,1.298353264307E-2,1.510243666418E-2,
1.722134068529E-2,1.934024470640E-2,2.145914872751E-2,2.357805274862E-2,
2.569695676973E-2,2.781586079084E-2,2.993476481195E-2,3.205366883306E-2,
3.417257285417E-2,3.629147687528E-2,3.841038089639E-2,4.052928491750E-2,
4.264818893862E-2,4.476709295973E-2,4.688599698084E-2,4.900490100195E-2,
5.112380502306E-2,5.324270904417E-2,5.536161306528E-2,5.748051708639E-2,
5.959942110750E-2,6.171832512861E-2,6.383722914972E-2,6.595613317083E-2,
6.807503719194E-2,7.019394121305E-2,7.231284523416E-2,7.443174925527E-2,
7.655065327638E-2,7.866955729749E-2,8.078846131860E-2,8.290736533971E-2,
8.502626936082E-2,8.714517338193E-2,8.926407740304E-2,9.138298142415E-2,
9.350188544526E-2,9.562078946637E-2,9.773969348748E-2,9.985859750859E-2,
1.019775015297E-1,1.040964055508E-1,1.062153095719E-1,1.083342135930E-1,
1.104531176141E-1,1.125720216353E-1,1.146909256564E-1,1.168098296775E-1,
1.189287336986E-1,1.210476377197E-1,1.231665417408E-1,1.252854457619E-1,
1.274043497830E-1,1.295232538041E-1,1.316421578252E-1,1.337610618464E-1,
1.358799658675E-1,1.379988698886E-1,1.401177739097E-1,1.422366779308E-1,
1.443555819519E-1,1.464744859730E-1,1.485933899941E-1,1.507122940152E-1,
1.528311980363E-1,1.549501020575E-1,1.570690060786E-1,1.591879100997E-1,
1.613068141208E-1,1.634257181419E-1,1.655446221630E-1,1.676635261841E-1,
1.697824302052E-1,1.719013342263E-1,1.740202382475E-1,1.761391422686E-1,
1.782580462897E-1,1.803769503108E-1,1.824958543319E-1,1.846147583530E-1,
1.867336623741E-1,1.888525663952E-1,1.909714704163E-1,1.930903744374E-1,
1.952092784586E-1,1.973281824797E-1,1.994470865008E-1,2.015659905219E-1,
2.036848945430E-1,2.058037985641E-1,2.079227025852E-1,2.100416066063E-1,
2.121605106274E-1,2.142794146485E-1,2.163983186697E-1,2.185172226908E-1,
2.206361267119E-1,2.227550307330E-1,2.248739347541E-1,2.269928387752E-1,
2.291117427963E-1,2.312306468174E-1,2.333495508385E-1,2.354684548596E-1,
2.375873588808E-1,2.397062629019E-1,2.418251669230E-1,2.439440709441E-1,
2.460629749652E-1,2.481818789863E-1,2.503007830074E-1,2.524196870285E-1,
2.545385910496E-1,2.566574950708E-1,2.587763990919E-1,2.608953031130E-1,
2.630142071341E-1,2.651331111552E-1,2.672520151763E-1,2.693709191974E-1,
2.714898232185E-1,2.736087272396E-1,2.757276312607E-1,2.778465352819E-1,
2.799654393030E-1,2.820843433241E-1,2.842032473452E-1,2.863221513663E-1,
2.884410553874E-1,2.905599594085E-1,2.926788634296E-1,2.947977674507E-1,
2.969166714718E-1,2.990355754930E-1,3.011544795141E-1,3.032733835352E-1,
3.053922875563E-1,3.075111915774E-1,3.096300955985E-1,3.117489996196E-1,
3.138679036407E-1,3.159868076618E-1,3.181057116829E-1,3.202246157041E-1,
3.223435197252E-1,3.244624237463E-1,3.265813277674E-1,3.287002317885E-1,
3.308191358096E-1,3.329380398307E-1,3.350569438518E-1,3.371758478729E-1,
3.392947518941E-1,3.414136559152E-1,3.435325599363E-1,3.456514639574E-1,
3.477703679785E-1,3.498892719996E-1,3.520081760207E-1,3.541270800418E-1,
3.562459840629E-1,3.583648880840E-1,3.604837921052E-1,3.626026961263E-1,
3.647216001474E-1,3.668405041685E-1,3.689594081896E-1,3.710783122107E-1,
3.731972162318E-1,3.753161202529E-1,3.774350242740E-1,3.795539282951E-1,
3.816728323163E-1,3.837917363374E-1,3.859106403585E-1,3.880295443796E-1,
3.901484484007E-1,3.922673524218E-1,3.943862564429E-1,3.965051604640E-1,
3.986240644851E-1,4.007429685062E-1,4.028618725274E-1,4.049807765485E-1,
4.070996805696E-1,4.092185845907E-1,4.113374886118E-1,4.134563926329E-1,
4.155752966540E-1,4.176942006751E-1,4.198131046962E-1,4.219320087174E-1,
4.240509127385E-1,4.261698167596E-1,4.282887207807E-1,4.304076248018E-1,
4.325265288229E-1,4.346454328440E-1,4.367643368651E-1,4.388832408862E-1,
4.410021449073E-1,4.431210489285E-1,4.452399529496E-1,4.473588569707E-1,
4.494777609918E-1,4.515966650129E-1,4.537155690340E-1,4.558344730551E-1,
4.579533770762E-1,4.600722810973E-1,4.621911851184E-1,4.643100891396E-1,
4.664289931607E-1,4.685478971818E-1,4.706668012029E-1,4.727857052240E-1,
4.749046092451E-1,4.770235132662E-1,4.791424172873E-1,4.812613213084E-1,
4.833802253295E-1,4.854991293507E-1,4.876180333718E-1,4.897369373929E-1,
4.918558414140E-1,4.939747454351E-1,4.960936494562E-1,4.982125534773E-1,
5.003314574984E-1,5.024503615195E-1,5.045692655407E-1,5.066881695618E-1,
5.088070735829E-1,5.109259776040E-1,5.130448816251E-1,5.151637856462E-1,
5.172826896673E-1,5.194015936884E-1,5.215204977095E-1,5.236394017306E-1,
5.257583057518E-1,5.278772097729E-1,5.299961137940E-1,5.321150178151E-1,
5.342339218362E-1,5.363528258573E-1,5.384717298784E-1,5.405906338995E-1,
5.427095379206E-1,5.448284419417E-1,5.469473459629E-1,5.490662499840E-1,
5.511851540051E-1,5.533040580262E-1,5.554229620473E-1,5.575418660684E-1,
5.596607700895E-1,5.617796741106E-1,5.638985781317E-1,5.660174821528E-1,
5.681363861740E-1,5.702552901951E-1,5.723741942162E-1,5.744930982373E-1,
5.766120022584E-1,5.787309062795E-1,5.808498103006E-1,5.829687143217E-1,
5.850876183428E-1,5.872065223640E-1,5.893254263851E-1,5.914443304062E-1,
5.935632344273E-1,5.956821384484E-1,5.978010424695E-1,5.999199464906E-1,
6.020388505117E-1,6.041577545328E-1,6.062766585539E-1,6.083955625751E-1,
6.105144665962E-1,6.126333706173E-1,6.147522746384E-1,6.168711786595E-1,
6.189900826806E-1,6.211089867017E-1,6.232278907228E-1,6.253467947439E-1,
6.274656987650E-1,6.295846027862E-1,6.317035068073E-1,6.338224108284E-1,
6.359413148495E-1,6.380602188706E-1,6.401791228917E-1,6.422980269128E-1,
6.444169309339E-1,6.465358349550E-1,6.486547389761E-1,6.507736429973E-1,
6.528925470184E-1,6.550114510395E-1,6.571303550606E-1,6.592492590817E-1,
6.613681631028E-1,6.634870671239E-1,6.656059711450E-1,6.677248751661E-1,
6.698437791873E-1,6.719626832084E-1,6.740815872295E-1,6.762004912506E-1,
6.783193952717E-1,6.804382992928E-1,6.825572033139E-1,6.846761073350E-1,
6.867950113561E-1,6.889139153772E-1,6.910328193984E-1,6.931517234195E-1,
6.952706274406E-1,6.973895314617E-1,6.995084354828E-1,7.016273395039E-1,
7.037462435250E-1,7.058651475461E-1,7.079840515672E-1,7.101029555883E-1,
7.122218596095E-1,7.143407636306E-1,7.164596676517E-1,7.185785716728E-1,
7.206974756939E-1,7.228163797150E-1,7.249352837361E-1,7.270541877572E-1,
7.291730917783E-1,7.312919957995E-1,7.334108998206E-1,7.355298038417E-1,
7.376487078628E-1,7.397676118839E-1,7.418865159050E-1,7.440054199261E-1,
7.461243239472E-1,7.482432279683E-1,7.503621319894E-1,7.524810360106E-1,
7.545999400317E-1,7.567188440528E-1,7.588377480739E-1,7.609566520950E-1,
7.630755561161E-1,7.651944601372E-1,7.673133641583E-1,7.694322681794E-1,
7.715511722005E-1,7.736700762217E-1,7.757889802428E-1,7.779078842639E-1,
7.800267882850E-1,7.821456923061E-1,7.842645963272E-1,7.863835003483E-1,
7.885024043694E-1,7.906213083905E-1,7.927402124116E-1,7.948591164328E-1,
7.969780204539E-1,7.990969244750E-1,8.012158284961E-1,8.033347325172E-1,
8.054536365383E-1,8.075725405594E-1,8.096914445805E-1,8.118103486016E-1,
8.139292526228E-1,8.160481566439E-1,8.181670606650E-1,8.202859646861E-1,
8.224048687072E-1,8.245237727283E-1,8.266426767494E-1,8.287615807705E-1,
8.308804847916E-1,8.329993888127E-1,8.351182928339E-1,8.372371968550E-1,
8.393561008761E-1,8.414750048972E-1,8.435939089183E-1,8.457128129394E-1,
8.478317169605E-1,8.499506209816E-1,8.520695250027E-1,8.541884290238E-1,
8.563073330450E-1,8.584262370661E-1,8.605451410872E-1,8.626640451083E-1,
8.647829491294E-1,8.669018531505E-1,8.690207571716E-1,8.711396611927E-1,
8.732585652138E-1,8.753774692349E-1,8.774963732561E-1,8.796152772772E-1,
8.817341812983E-1,8.838530853194E-1,8.859719893405E-1,8.880908933616E-1,
8.902097973827E-1,8.923287014038E-1,8.944476054249E-1,8.965665094461E-1,
8.986854134672E-1,9.008043174883E-1,9.029232215094E-1,9.050421255305E-1,
9.071610295516E-1,9.092799335727E-1,9.113988375938E-1,9.135177416149E-1,
9.156366456360E-1,9.177555496572E-1,9.198744536783E-1,9.219933576994E-1,
9.241122617205E-1,9.262311657416E-1,9.283500697627E-1,9.304689737838E-1,
9.325878778049E-1,9.347067818260E-1,9.368256858471E-1,9.389445898683E-1,
9.410634938894E-1,9.431823979105E-1,9.453013019316E-1,9.474202059527E-1,
9.495391099738E-1,9.516580139949E-1,9.537769180160E-1,9.558958220371E-1,
9.580147260582E-1,9.601336300794E-1,9.622525341005E-1,9.643714381216E-1,
9.664903421427E-1,9.686092461638E-1,9.707281501849E-1,9.728470542060E-1,
9.749659582271E-1,9.770848622482E-1,9.792037662694E-1,9.813226702905E-1,
9.834415743116E-1,9.855604783327E-1,9.876793823538E-1,9.897982863749E-1,
9.919171903960E-1,9.940360944171E-1,9.961549984382E-1,9.982739024593E-1,1.E0),
.UNSPECIFIED.);
#1456=CIRCLE('',#1455,7.470263656047E-2);
#1464=CIRCLE('',#1463,7.469872870964E-2);
#1491=B_SPLINE_CURVE_WITH_KNOTS('',3,(#1475,#1476,#1477,#1478,#1479,#1480,#1481,
#1482,#1483,#1484,#1485,#1486,#1487,#1488,#1489,#1490),.UNSPECIFIED.,.F.,.F.,(4,
1,1,1,1,1,1,1,1,1,1,1,1,4),(0.E0,7.692307692308E-2,1.538461538462E-1,
2.307692307692E-1,3.076923076923E-1,3.846153846154E-1,4.615384615385E-1,
5.384615384615E-1,6.153846153846E-1,6.923076923077E-1,7.692307692308E-1,
8.461538461538E-1,9.230769230769E-1,1.E0),.UNSPECIFIED.);
#1499=CIRCLE('',#1498,9.5E-2);
#1516=B_SPLINE_CURVE_WITH_KNOTS('',3,(#1503,#1504,#1505,#1506,#1507,#1508,#1509,
#1510,#1511,#1512,#1513,#1514,#1515),.UNSPECIFIED.,.F.,.F.,(4,1,1,1,1,1,1,1,1,1,
4),(0.E0,1.E-1,2.E-1,3.E-1,4.E-1,5.E-1,6.E-1,7.E-1,8.E-1,9.E-1,1.E0),
.UNSPECIFIED.);
#1528=B_SPLINE_CURVE_WITH_KNOTS('',3,(#1520,#1521,#1522,#1523,#1524,#1525,#1526,
#1527),.UNSPECIFIED.,.F.,.F.,(4,1,1,1,1,4),(0.E0,2.E-1,4.E-1,6.E-1,8.E-1,1.E0),
.UNSPECIFIED.);
#1559=B_SPLINE_CURVE_WITH_KNOTS('',3,(#1539,#1540,#1541,#1542,#1543,#1544,#1545,
#1546,#1547,#1548,#1549,#1550,#1551,#1552,#1553,#1554,#1555,#1556,#1557,#1558),
.UNSPECIFIED.,.F.,.F.,(4,1,1,1,1,1,1,1,1,1,1,1,1,1,1,1,1,4),(0.E0,
5.882352941176E-2,1.176470588235E-1,1.764705882353E-1,2.352941176471E-1,
2.941176470588E-1,3.529411764706E-1,4.117647058824E-1,4.705882352941E-1,
5.294117647059E-1,5.882352941176E-1,6.470588235294E-1,7.058823529412E-1,
7.647058823529E-1,8.235294117647E-1,8.823529411765E-1,9.411764705882E-1,1.E0),
.UNSPECIFIED.);
#1567=CIRCLE('',#1566,7.15625E-2);
#1575=CIRCLE('',#1574,7.15625E-2);
#1586=B_SPLINE_CURVE_WITH_KNOTS('',3,(#1579,#1580,#1581,#1582,#1583,#1584,
#1585),.UNSPECIFIED.,.F.,.F.,(4,1,1,1,4),(0.E0,2.5E-1,5.E-1,7.5E-1,1.E0),
.UNSPECIFIED.);
#1609=B_SPLINE_CURVE_WITH_KNOTS('',3,(#1590,#1591,#1592,#1593,#1594,#1595,#1596,
#1597,#1598,#1599,#1600,#1601,#1602,#1603,#1604,#1605,#1606,#1607,#1608),
.UNSPECIFIED.,.F.,.F.,(4,1,1,1,1,1,1,1,1,1,1,1,1,1,1,1,4),(0.E0,6.25E-2,1.25E-1,
1.875E-1,2.5E-1,3.125E-1,3.75E-1,4.375E-1,5.E-1,5.625E-1,6.25E-1,6.875E-1,
7.5E-1,8.125E-1,8.75E-1,9.375E-1,1.E0),.UNSPECIFIED.);
#1639=B_SPLINE_CURVE_WITH_KNOTS('',3,(#1620,#1621,#1622,#1623,#1624,#1625,#1626,
#1627,#1628,#1629,#1630,#1631,#1632,#1633,#1634,#1635,#1636,#1637,#1638),
.UNSPECIFIED.,.F.,.F.,(4,1,1,1,1,1,1,1,1,1,1,1,1,1,1,1,4),(0.E0,6.25E-2,1.25E-1,
1.875E-1,2.5E-1,3.125E-1,3.75E-1,4.375E-1,5.E-1,5.625E-1,6.25E-1,6.875E-1,
7.5E-1,8.125E-1,8.75E-1,9.375E-1,1.E0),.UNSPECIFIED.);
#1669=B_SPLINE_CURVE_WITH_KNOTS('',3,(#1650,#1651,#1652,#1653,#1654,#1655,#1656,
#1657,#1658,#1659,#1660,#1661,#1662,#1663,#1664,#1665,#1666,#1667,#1668),
.UNSPECIFIED.,.F.,.F.,(4,1,1,1,1,1,1,1,1,1,1,1,1,1,1,1,4),(0.E0,6.25E-2,1.25E-1,
1.875E-1,2.5E-1,3.125E-1,3.75E-1,4.375E-1,5.E-1,5.625E-1,6.25E-1,6.875E-1,
7.5E-1,8.125E-1,8.75E-1,9.375E-1,1.E0),.UNSPECIFIED.);
#1692=B_SPLINE_CURVE_WITH_KNOTS('',3,(#1673,#1674,#1675,#1676,#1677,#1678,#1679,
#1680,#1681,#1682,#1683,#1684,#1685,#1686,#1687,#1688,#1689,#1690,#1691),
.UNSPECIFIED.,.F.,.F.,(4,1,1,1,1,1,1,1,1,1,1,1,1,1,1,1,4),(0.E0,6.25E-2,1.25E-1,
1.875E-1,2.5E-1,3.125E-1,3.75E-1,4.375E-1,5.E-1,5.625E-1,6.25E-1,6.875E-1,
7.5E-1,8.125E-1,8.75E-1,9.375E-1,1.E0),.UNSPECIFIED.);
#1715=B_SPLINE_CURVE_WITH_KNOTS('',3,(#1696,#1697,#1698,#1699,#1700,#1701,#1702,
#1703,#1704,#1705,#1706,#1707,#1708,#1709,#1710,#1711,#1712,#1713,#1714),
.UNSPECIFIED.,.F.,.F.,(4,1,1,1,1,1,1,1,1,1,1,1,1,1,1,1,4),(0.E0,6.25E-2,1.25E-1,
1.875E-1,2.5E-1,3.125E-1,3.75E-1,4.375E-1,5.E-1,5.625E-1,6.25E-1,6.875E-1,
7.5E-1,8.125E-1,8.75E-1,9.375E-1,1.E0),.UNSPECIFIED.);
#1745=B_SPLINE_CURVE_WITH_KNOTS('',3,(#1726,#1727,#1728,#1729,#1730,#1731,#1732,
#1733,#1734,#1735,#1736,#1737,#1738,#1739,#1740,#1741,#1742,#1743,#1744),
.UNSPECIFIED.,.F.,.F.,(4,1,1,1,1,1,1,1,1,1,1,1,1,1,1,1,4),(0.E0,6.25E-2,1.25E-1,
1.875E-1,2.5E-1,3.125E-1,3.75E-1,4.375E-1,5.E-1,5.625E-1,6.25E-1,6.875E-1,
7.5E-1,8.125E-1,8.75E-1,9.375E-1,1.E0),.UNSPECIFIED.);
#1775=B_SPLINE_CURVE_WITH_KNOTS('',3,(#1756,#1757,#1758,#1759,#1760,#1761,#1762,
#1763,#1764,#1765,#1766,#1767,#1768,#1769,#1770,#1771,#1772,#1773,#1774),
.UNSPECIFIED.,.F.,.F.,(4,1,1,1,1,1,1,1,1,1,1,1,1,1,1,1,4),(0.E0,6.25E-2,1.25E-1,
1.875E-1,2.5E-1,3.125E-1,3.75E-1,4.375E-1,5.E-1,5.625E-1,6.25E-1,6.875E-1,
7.5E-1,8.125E-1,8.75E-1,9.375E-1,1.E0),.UNSPECIFIED.);
#1798=B_SPLINE_CURVE_WITH_KNOTS('',3,(#1779,#1780,#1781,#1782,#1783,#1784,#1785,
#1786,#1787,#1788,#1789,#1790,#1791,#1792,#1793,#1794,#1795,#1796,#1797),
.UNSPECIFIED.,.F.,.F.,(4,1,1,1,1,1,1,1,1,1,1,1,1,1,1,1,4),(0.E0,6.25E-2,1.25E-1,
1.875E-1,2.5E-1,3.125E-1,3.75E-1,4.375E-1,5.E-1,5.625E-1,6.25E-1,6.875E-1,
7.5E-1,8.125E-1,8.75E-1,9.375E-1,1.E0),.UNSPECIFIED.);
#1821=B_SPLINE_CURVE_WITH_KNOTS('',3,(#1802,#1803,#1804,#1805,#1806,#1807,#1808,
#1809,#1810,#1811,#1812,#1813,#1814,#1815,#1816,#1817,#1818,#1819,#1820),
.UNSPECIFIED.,.F.,.F.,(4,1,1,1,1,1,1,1,1,1,1,1,1,1,1,1,4),(0.E0,6.25E-2,1.25E-1,
1.875E-1,2.5E-1,3.125E-1,3.75E-1,4.375E-1,5.E-1,5.625E-1,6.25E-1,6.875E-1,
7.5E-1,8.125E-1,8.75E-1,9.375E-1,1.E0),.UNSPECIFIED.);
#1851=B_SPLINE_CURVE_WITH_KNOTS('',3,(#1832,#1833,#1834,#1835,#1836,#1837,#1838,
#1839,#1840,#1841,#1842,#1843,#1844,#1845,#1846,#1847,#1848,#1849,#1850),
.UNSPECIFIED.,.F.,.F.,(4,1,1,1,1,1,1,1,1,1,1,1,1,1,1,1,4),(0.E0,6.25E-2,1.25E-1,
1.875E-1,2.5E-1,3.125E-1,3.75E-1,4.375E-1,5.E-1,5.625E-1,6.25E-1,6.875E-1,
7.5E-1,8.125E-1,8.75E-1,9.375E-1,1.E0),.UNSPECIFIED.);
#1881=B_SPLINE_CURVE_WITH_KNOTS('',3,(#1862,#1863,#1864,#1865,#1866,#1867,#1868,
#1869,#1870,#1871,#1872,#1873,#1874,#1875,#1876,#1877,#1878,#1879,#1880),
.UNSPECIFIED.,.F.,.F.,(4,1,1,1,1,1,1,1,1,1,1,1,1,1,1,1,4),(0.E0,6.25E-2,1.25E-1,
1.875E-1,2.5E-1,3.125E-1,3.75E-1,4.375E-1,5.E-1,5.625E-1,6.25E-1,6.875E-1,
7.5E-1,8.125E-1,8.75E-1,9.375E-1,1.E0),.UNSPECIFIED.);
#1904=B_SPLINE_CURVE_WITH_KNOTS('',3,(#1885,#1886,#1887,#1888,#1889,#1890,#1891,
#1892,#1893,#1894,#1895,#1896,#1897,#1898,#1899,#1900,#1901,#1902,#1903),
.UNSPECIFIED.,.F.,.F.,(4,1,1,1,1,1,1,1,1,1,1,1,1,1,1,1,4),(0.E0,6.25E-2,1.25E-1,
1.875E-1,2.5E-1,3.125E-1,3.75E-1,4.375E-1,5.E-1,5.625E-1,6.25E-1,6.875E-1,
7.5E-1,8.125E-1,8.75E-1,9.375E-1,1.E0),.UNSPECIFIED.);
#1927=B_SPLINE_CURVE_WITH_KNOTS('',3,(#1908,#1909,#1910,#1911,#1912,#1913,#1914,
#1915,#1916,#1917,#1918,#1919,#1920,#1921,#1922,#1923,#1924,#1925,#1926),
.UNSPECIFIED.,.F.,.F.,(4,1,1,1,1,1,1,1,1,1,1,1,1,1,1,1,4),(0.E0,6.25E-2,1.25E-1,
1.875E-1,2.5E-1,3.125E-1,3.75E-1,4.375E-1,5.E-1,5.625E-1,6.25E-1,6.875E-1,
7.5E-1,8.125E-1,8.75E-1,9.375E-1,1.E0),.UNSPECIFIED.);
#1957=B_SPLINE_CURVE_WITH_KNOTS('',3,(#1938,#1939,#1940,#1941,#1942,#1943,#1944,
#1945,#1946,#1947,#1948,#1949,#1950,#1951,#1952,#1953,#1954,#1955,#1956),
.UNSPECIFIED.,.F.,.F.,(4,1,1,1,1,1,1,1,1,1,1,1,1,1,1,1,4),(0.E0,6.25E-2,1.25E-1,
1.875E-1,2.5E-1,3.125E-1,3.75E-1,4.375E-1,5.E-1,5.625E-1,6.25E-1,6.875E-1,
7.5E-1,8.125E-1,8.75E-1,9.375E-1,1.E0),.UNSPECIFIED.);
#1987=B_SPLINE_CURVE_WITH_KNOTS('',3,(#1968,#1969,#1970,#1971,#1972,#1973,#1974,
#1975,#1976,#1977,#1978,#1979,#1980,#1981,#1982,#1983,#1984,#1985,#1986),
.UNSPECIFIED.,.F.,.F.,(4,1,1,1,1,1,1,1,1,1,1,1,1,1,1,1,4),(0.E0,6.25E-2,1.25E-1,
1.875E-1,2.5E-1,3.125E-1,3.75E-1,4.375E-1,5.E-1,5.625E-1,6.25E-1,6.875E-1,
7.5E-1,8.125E-1,8.75E-1,9.375E-1,1.E0),.UNSPECIFIED.);
#2010=B_SPLINE_CURVE_WITH_KNOTS('',3,(#1991,#1992,#1993,#1994,#1995,#1996,#1997,
#1998,#1999,#2000,#2001,#2002,#2003,#2004,#2005,#2006,#2007,#2008,#2009),
.UNSPECIFIED.,.F.,.F.,(4,1,1,1,1,1,1,1,1,1,1,1,1,1,1,1,4),(0.E0,6.25E-2,1.25E-1,
1.875E-1,2.5E-1,3.125E-1,3.75E-1,4.375E-1,5.E-1,5.625E-1,6.25E-1,6.875E-1,
7.5E-1,8.125E-1,8.75E-1,9.375E-1,1.E0),.UNSPECIFIED.);
#2033=B_SPLINE_CURVE_WITH_KNOTS('',3,(#2014,#2015,#2016,#2017,#2018,#2019,#2020,
#2021,#2022,#2023,#2024,#2025,#2026,#2027,#2028,#2029,#2030,#2031,#2032),
.UNSPECIFIED.,.F.,.F.,(4,1,1,1,1,1,1,1,1,1,1,1,1,1,1,1,4),(0.E0,6.25E-2,1.25E-1,
1.875E-1,2.5E-1,3.125E-1,3.75E-1,4.375E-1,5.E-1,5.625E-1,6.25E-1,6.875E-1,
7.5E-1,8.125E-1,8.75E-1,9.375E-1,1.E0),.UNSPECIFIED.);
#2063=B_SPLINE_CURVE_WITH_KNOTS('',3,(#2044,#2045,#2046,#2047,#2048,#2049,#2050,
#2051,#2052,#2053,#2054,#2055,#2056,#2057,#2058,#2059,#2060,#2061,#2062),
.UNSPECIFIED.,.F.,.F.,(4,1,1,1,1,1,1,1,1,1,1,1,1,1,1,1,4),(0.E0,6.25E-2,1.25E-1,
1.875E-1,2.5E-1,3.125E-1,3.75E-1,4.375E-1,5.E-1,5.625E-1,6.25E-1,6.875E-1,
7.5E-1,8.125E-1,8.75E-1,9.375E-1,1.E0),.UNSPECIFIED.);
#2093=B_SPLINE_CURVE_WITH_KNOTS('',3,(#2074,#2075,#2076,#2077,#2078,#2079,#2080,
#2081,#2082,#2083,#2084,#2085,#2086,#2087,#2088,#2089,#2090,#2091,#2092),
.UNSPECIFIED.,.F.,.F.,(4,1,1,1,1,1,1,1,1,1,1,1,1,1,1,1,4),(0.E0,6.25E-2,1.25E-1,
1.875E-1,2.5E-1,3.125E-1,3.75E-1,4.375E-1,5.E-1,5.625E-1,6.25E-1,6.875E-1,
7.5E-1,8.125E-1,8.75E-1,9.375E-1,1.E0),.UNSPECIFIED.);
#2116=B_SPLINE_CURVE_WITH_KNOTS('',3,(#2097,#2098,#2099,#2100,#2101,#2102,#2103,
#2104,#2105,#2106,#2107,#2108,#2109,#2110,#2111,#2112,#2113,#2114,#2115),
.UNSPECIFIED.,.F.,.F.,(4,1,1,1,1,1,1,1,1,1,1,1,1,1,1,1,4),(0.E0,6.25E-2,1.25E-1,
1.875E-1,2.5E-1,3.125E-1,3.75E-1,4.375E-1,5.E-1,5.625E-1,6.25E-1,6.875E-1,
7.5E-1,8.125E-1,8.75E-1,9.375E-1,1.E0),.UNSPECIFIED.);
#2139=B_SPLINE_CURVE_WITH_KNOTS('',3,(#2120,#2121,#2122,#2123,#2124,#2125,#2126,
#2127,#2128,#2129,#2130,#2131,#2132,#2133,#2134,#2135,#2136,#2137,#2138),
.UNSPECIFIED.,.F.,.F.,(4,1,1,1,1,1,1,1,1,1,1,1,1,1,1,1,4),(0.E0,6.25E-2,1.25E-1,
1.875E-1,2.5E-1,3.125E-1,3.75E-1,4.375E-1,5.E-1,5.625E-1,6.25E-1,6.875E-1,
7.5E-1,8.125E-1,8.75E-1,9.375E-1,1.E0),.UNSPECIFIED.);
#2169=B_SPLINE_CURVE_WITH_KNOTS('',3,(#2150,#2151,#2152,#2153,#2154,#2155,#2156,
#2157,#2158,#2159,#2160,#2161,#2162,#2163,#2164,#2165,#2166,#2167,#2168),
.UNSPECIFIED.,.F.,.F.,(4,1,1,1,1,1,1,1,1,1,1,1,1,1,1,1,4),(0.E0,6.25E-2,1.25E-1,
1.875E-1,2.5E-1,3.125E-1,3.75E-1,4.375E-1,5.E-1,5.625E-1,6.25E-1,6.875E-1,
7.5E-1,8.125E-1,8.75E-1,9.375E-1,1.E0),.UNSPECIFIED.);
#2199=B_SPLINE_CURVE_WITH_KNOTS('',3,(#2180,#2181,#2182,#2183,#2184,#2185,#2186,
#2187,#2188,#2189,#2190,#2191,#2192,#2193,#2194,#2195,#2196,#2197,#2198),
.UNSPECIFIED.,.F.,.F.,(4,1,1,1,1,1,1,1,1,1,1,1,1,1,1,1,4),(0.E0,6.25E-2,1.25E-1,
1.875E-1,2.5E-1,3.125E-1,3.75E-1,4.375E-1,5.E-1,5.625E-1,6.25E-1,6.875E-1,
7.5E-1,8.125E-1,8.75E-1,9.375E-1,1.E0),.UNSPECIFIED.);
#2222=B_SPLINE_CURVE_WITH_KNOTS('',3,(#2203,#2204,#2205,#2206,#2207,#2208,#2209,
#2210,#2211,#2212,#2213,#2214,#2215,#2216,#2217,#2218,#2219,#2220,#2221),
.UNSPECIFIED.,.F.,.F.,(4,1,1,1,1,1,1,1,1,1,1,1,1,1,1,1,4),(0.E0,6.25E-2,1.25E-1,
1.875E-1,2.5E-1,3.125E-1,3.75E-1,4.375E-1,5.E-1,5.625E-1,6.25E-1,6.875E-1,
7.5E-1,8.125E-1,8.75E-1,9.375E-1,1.E0),.UNSPECIFIED.);
#2245=B_SPLINE_CURVE_WITH_KNOTS('',3,(#2226,#2227,#2228,#2229,#2230,#2231,#2232,
#2233,#2234,#2235,#2236,#2237,#2238,#2239,#2240,#2241,#2242,#2243,#2244),
.UNSPECIFIED.,.F.,.F.,(4,1,1,1,1,1,1,1,1,1,1,1,1,1,1,1,4),(0.E0,6.25E-2,1.25E-1,
1.875E-1,2.5E-1,3.125E-1,3.75E-1,4.375E-1,5.E-1,5.625E-1,6.25E-1,6.875E-1,
7.5E-1,8.125E-1,8.75E-1,9.375E-1,1.E0),.UNSPECIFIED.);
#2275=B_SPLINE_CURVE_WITH_KNOTS('',3,(#2256,#2257,#2258,#2259,#2260,#2261,#2262,
#2263,#2264,#2265,#2266,#2267,#2268,#2269,#2270,#2271,#2272,#2273,#2274),
.UNSPECIFIED.,.F.,.F.,(4,1,1,1,1,1,1,1,1,1,1,1,1,1,1,1,4),(0.E0,6.25E-2,1.25E-1,
1.875E-1,2.5E-1,3.125E-1,3.75E-1,4.375E-1,5.E-1,5.625E-1,6.25E-1,6.875E-1,
7.5E-1,8.125E-1,8.75E-1,9.375E-1,1.E0),.UNSPECIFIED.);
#2305=B_SPLINE_CURVE_WITH_KNOTS('',3,(#2286,#2287,#2288,#2289,#2290,#2291,#2292,
#2293,#2294,#2295,#2296,#2297,#2298,#2299,#2300,#2301,#2302,#2303,#2304),
.UNSPECIFIED.,.F.,.F.,(4,1,1,1,1,1,1,1,1,1,1,1,1,1,1,1,4),(0.E0,6.25E-2,1.25E-1,
1.875E-1,2.5E-1,3.125E-1,3.75E-1,4.375E-1,5.E-1,5.625E-1,6.25E-1,6.875E-1,
7.5E-1,8.125E-1,8.75E-1,9.375E-1,1.E0),.UNSPECIFIED.);
#2328=B_SPLINE_CURVE_WITH_KNOTS('',3,(#2309,#2310,#2311,#2312,#2313,#2314,#2315,
#2316,#2317,#2318,#2319,#2320,#2321,#2322,#2323,#2324,#2325,#2326,#2327),
.UNSPECIFIED.,.F.,.F.,(4,1,1,1,1,1,1,1,1,1,1,1,1,1,1,1,4),(0.E0,6.25E-2,1.25E-1,
1.875E-1,2.5E-1,3.125E-1,3.75E-1,4.375E-1,5.E-1,5.625E-1,6.25E-1,6.875E-1,
7.5E-1,8.125E-1,8.75E-1,9.375E-1,1.E0),.UNSPECIFIED.);
#2351=B_SPLINE_CURVE_WITH_KNOTS('',3,(#2332,#2333,#2334,#2335,#2336,#2337,#2338,
#2339,#2340,#2341,#2342,#2343,#2344,#2345,#2346,#2347,#2348,#2349,#2350),
.UNSPECIFIED.,.F.,.F.,(4,1,1,1,1,1,1,1,1,1,1,1,1,1,1,1,4),(0.E0,6.25E-2,1.25E-1,
1.875E-1,2.5E-1,3.125E-1,3.75E-1,4.375E-1,5.E-1,5.625E-1,6.25E-1,6.875E-1,
7.5E-1,8.125E-1,8.75E-1,9.375E-1,1.E0),.UNSPECIFIED.);
#2381=B_SPLINE_CURVE_WITH_KNOTS('',3,(#2362,#2363,#2364,#2365,#2366,#2367,#2368,
#2369,#2370,#2371,#2372,#2373,#2374,#2375,#2376,#2377,#2378,#2379,#2380),
.UNSPECIFIED.,.F.,.F.,(4,1,1,1,1,1,1,1,1,1,1,1,1,1,1,1,4),(0.E0,6.25E-2,1.25E-1,
1.875E-1,2.5E-1,3.125E-1,3.75E-1,4.375E-1,5.E-1,5.625E-1,6.25E-1,6.875E-1,
7.5E-1,8.125E-1,8.75E-1,9.375E-1,1.E0),.UNSPECIFIED.);
#2411=B_SPLINE_CURVE_WITH_KNOTS('',3,(#2392,#2393,#2394,#2395,#2396,#2397,#2398,
#2399,#2400,#2401,#2402,#2403,#2404,#2405,#2406,#2407,#2408,#2409,#2410),
.UNSPECIFIED.,.F.,.F.,(4,1,1,1,1,1,1,1,1,1,1,1,1,1,1,1,4),(0.E0,6.25E-2,1.25E-1,
1.875E-1,2.5E-1,3.125E-1,3.75E-1,4.375E-1,5.E-1,5.625E-1,6.25E-1,6.875E-1,
7.5E-1,8.125E-1,8.75E-1,9.375E-1,1.E0),.UNSPECIFIED.);
#2434=B_SPLINE_CURVE_WITH_KNOTS('',3,(#2415,#2416,#2417,#2418,#2419,#2420,#2421,
#2422,#2423,#2424,#2425,#2426,#2427,#2428,#2429,#2430,#2431,#2432,#2433),
.UNSPECIFIED.,.F.,.F.,(4,1,1,1,1,1,1,1,1,1,1,1,1,1,1,1,4),(0.E0,6.25E-2,1.25E-1,
1.875E-1,2.5E-1,3.125E-1,3.75E-1,4.375E-1,5.E-1,5.625E-1,6.25E-1,6.875E-1,
7.5E-1,8.125E-1,8.75E-1,9.375E-1,1.E0),.UNSPECIFIED.);
#2457=B_SPLINE_CURVE_WITH_KNOTS('',3,(#2438,#2439,#2440,#2441,#2442,#2443,#2444,
#2445,#2446,#2447,#2448,#2449,#2450,#2451,#2452,#2453,#2454,#2455,#2456),
.UNSPECIFIED.,.F.,.F.,(4,1,1,1,1,1,1,1,1,1,1,1,1,1,1,1,4),(0.E0,6.25E-2,1.25E-1,
1.875E-1,2.5E-1,3.125E-1,3.75E-1,4.375E-1,5.E-1,5.625E-1,6.25E-1,6.875E-1,
7.5E-1,8.125E-1,8.75E-1,9.375E-1,1.E0),.UNSPECIFIED.);
#2487=B_SPLINE_CURVE_WITH_KNOTS('',3,(#2468,#2469,#2470,#2471,#2472,#2473,#2474,
#2475,#2476,#2477,#2478,#2479,#2480,#2481,#2482,#2483,#2484,#2485,#2486),
.UNSPECIFIED.,.F.,.F.,(4,1,1,1,1,1,1,1,1,1,1,1,1,1,1,1,4),(0.E0,6.25E-2,1.25E-1,
1.875E-1,2.5E-1,3.125E-1,3.75E-1,4.375E-1,5.E-1,5.625E-1,6.25E-1,6.875E-1,
7.5E-1,8.125E-1,8.75E-1,9.375E-1,1.E0),.UNSPECIFIED.);
#2517=B_SPLINE_CURVE_WITH_KNOTS('',3,(#2498,#2499,#2500,#2501,#2502,#2503,#2504,
#2505,#2506,#2507,#2508,#2509,#2510,#2511,#2512,#2513,#2514,#2515,#2516),
.UNSPECIFIED.,.F.,.F.,(4,1,1,1,1,1,1,1,1,1,1,1,1,1,1,1,4),(0.E0,6.25E-2,1.25E-1,
1.875E-1,2.5E-1,3.125E-1,3.75E-1,4.375E-1,5.E-1,5.625E-1,6.25E-1,6.875E-1,
7.5E-1,8.125E-1,8.75E-1,9.375E-1,1.E0),.UNSPECIFIED.);
#2540=B_SPLINE_CURVE_WITH_KNOTS('',3,(#2521,#2522,#2523,#2524,#2525,#2526,#2527,
#2528,#2529,#2530,#2531,#2532,#2533,#2534,#2535,#2536,#2537,#2538,#2539),
.UNSPECIFIED.,.F.,.F.,(4,1,1,1,1,1,1,1,1,1,1,1,1,1,1,1,4),(0.E0,6.25E-2,1.25E-1,
1.875E-1,2.5E-1,3.125E-1,3.75E-1,4.375E-1,5.E-1,5.625E-1,6.25E-1,6.875E-1,
7.5E-1,8.125E-1,8.75E-1,9.375E-1,1.E0),.UNSPECIFIED.);
#2563=B_SPLINE_CURVE_WITH_KNOTS('',3,(#2544,#2545,#2546,#2547,#2548,#2549,#2550,
#2551,#2552,#2553,#2554,#2555,#2556,#2557,#2558,#2559,#2560,#2561,#2562),
.UNSPECIFIED.,.F.,.F.,(4,1,1,1,1,1,1,1,1,1,1,1,1,1,1,1,4),(0.E0,6.25E-2,1.25E-1,
1.875E-1,2.5E-1,3.125E-1,3.75E-1,4.375E-1,5.E-1,5.625E-1,6.25E-1,6.875E-1,
7.5E-1,8.125E-1,8.75E-1,9.375E-1,1.E0),.UNSPECIFIED.);
#2593=B_SPLINE_CURVE_WITH_KNOTS('',3,(#2574,#2575,#2576,#2577,#2578,#2579,#2580,
#2581,#2582,#2583,#2584,#2585,#2586,#2587,#2588,#2589,#2590,#2591,#2592),
.UNSPECIFIED.,.F.,.F.,(4,1,1,1,1,1,1,1,1,1,1,1,1,1,1,1,4),(0.E0,6.25E-2,1.25E-1,
1.875E-1,2.5E-1,3.125E-1,3.75E-1,4.375E-1,5.E-1,5.625E-1,6.25E-1,6.875E-1,
7.5E-1,8.125E-1,8.75E-1,9.375E-1,1.E0),.UNSPECIFIED.);
#2623=B_SPLINE_CURVE_WITH_KNOTS('',3,(#2604,#2605,#2606,#2607,#2608,#2609,#2610,
#2611,#2612,#2613,#2614,#2615,#2616,#2617,#2618,#2619,#2620,#2621,#2622),
.UNSPECIFIED.,.F.,.F.,(4,1,1,1,1,1,1,1,1,1,1,1,1,1,1,1,4),(0.E0,6.25E-2,1.25E-1,
1.875E-1,2.5E-1,3.125E-1,3.75E-1,4.375E-1,5.E-1,5.625E-1,6.25E-1,6.875E-1,
7.5E-1,8.125E-1,8.75E-1,9.375E-1,1.E0),.UNSPECIFIED.);
#2646=B_SPLINE_CURVE_WITH_KNOTS('',3,(#2627,#2628,#2629,#2630,#2631,#2632,#2633,
#2634,#2635,#2636,#2637,#2638,#2639,#2640,#2641,#2642,#2643,#2644,#2645),
.UNSPECIFIED.,.F.,.F.,(4,1,1,1,1,1,1,1,1,1,1,1,1,1,1,1,4),(0.E0,6.25E-2,1.25E-1,
1.875E-1,2.5E-1,3.125E-1,3.75E-1,4.375E-1,5.E-1,5.625E-1,6.25E-1,6.875E-1,
7.5E-1,8.125E-1,8.75E-1,9.375E-1,1.E0),.UNSPECIFIED.);
#2669=B_SPLINE_CURVE_WITH_KNOTS('',3,(#2650,#2651,#2652,#2653,#2654,#2655,#2656,
#2657,#2658,#2659,#2660,#2661,#2662,#2663,#2664,#2665,#2666,#2667,#2668),
.UNSPECIFIED.,.F.,.F.,(4,1,1,1,1,1,1,1,1,1,1,1,1,1,1,1,4),(0.E0,6.25E-2,1.25E-1,
1.875E-1,2.5E-1,3.125E-1,3.75E-1,4.375E-1,5.E-1,5.625E-1,6.25E-1,6.875E-1,
7.5E-1,8.125E-1,8.75E-1,9.375E-1,1.E0),.UNSPECIFIED.);
#2699=B_SPLINE_CURVE_WITH_KNOTS('',3,(#2680,#2681,#2682,#2683,#2684,#2685,#2686,
#2687,#2688,#2689,#2690,#2691,#2692,#2693,#2694,#2695,#2696,#2697,#2698),
.UNSPECIFIED.,.F.,.F.,(4,1,1,1,1,1,1,1,1,1,1,1,1,1,1,1,4),(0.E0,6.25E-2,1.25E-1,
1.875E-1,2.5E-1,3.125E-1,3.75E-1,4.375E-1,5.E-1,5.625E-1,6.25E-1,6.875E-1,
7.5E-1,8.125E-1,8.75E-1,9.375E-1,1.E0),.UNSPECIFIED.);
#2729=B_SPLINE_CURVE_WITH_KNOTS('',3,(#2710,#2711,#2712,#2713,#2714,#2715,#2716,
#2717,#2718,#2719,#2720,#2721,#2722,#2723,#2724,#2725,#2726,#2727,#2728),
.UNSPECIFIED.,.F.,.F.,(4,1,1,1,1,1,1,1,1,1,1,1,1,1,1,1,4),(0.E0,6.25E-2,1.25E-1,
1.875E-1,2.5E-1,3.125E-1,3.75E-1,4.375E-1,5.E-1,5.625E-1,6.25E-1,6.875E-1,
7.5E-1,8.125E-1,8.75E-1,9.375E-1,1.E0),.UNSPECIFIED.);
#2752=B_SPLINE_CURVE_WITH_KNOTS('',3,(#2733,#2734,#2735,#2736,#2737,#2738,#2739,
#2740,#2741,#2742,#2743,#2744,#2745,#2746,#2747,#2748,#2749,#2750,#2751),
.UNSPECIFIED.,.F.,.F.,(4,1,1,1,1,1,1,1,1,1,1,1,1,1,1,1,4),(0.E0,6.25E-2,1.25E-1,
1.875E-1,2.5E-1,3.125E-1,3.75E-1,4.375E-1,5.E-1,5.625E-1,6.25E-1,6.875E-1,
7.5E-1,8.125E-1,8.75E-1,9.375E-1,1.E0),.UNSPECIFIED.);
#2775=B_SPLINE_CURVE_WITH_KNOTS('',3,(#2756,#2757,#2758,#2759,#2760,#2761,#2762,
#2763,#2764,#2765,#2766,#2767,#2768,#2769,#2770,#2771,#2772,#2773,#2774),
.UNSPECIFIED.,.F.,.F.,(4,1,1,1,1,1,1,1,1,1,1,1,1,1,1,1,4),(0.E0,6.25E-2,1.25E-1,
1.875E-1,2.5E-1,3.125E-1,3.75E-1,4.375E-1,5.E-1,5.625E-1,6.25E-1,6.875E-1,
7.5E-1,8.125E-1,8.75E-1,9.375E-1,1.E0),.UNSPECIFIED.);
#2805=B_SPLINE_CURVE_WITH_KNOTS('',3,(#2786,#2787,#2788,#2789,#2790,#2791,#2792,
#2793,#2794,#2795,#2796,#2797,#2798,#2799,#2800,#2801,#2802,#2803,#2804),
.UNSPECIFIED.,.F.,.F.,(4,1,1,1,1,1,1,1,1,1,1,1,1,1,1,1,4),(0.E0,6.25E-2,1.25E-1,
1.875E-1,2.5E-1,3.125E-1,3.75E-1,4.375E-1,5.E-1,5.625E-1,6.25E-1,6.875E-1,
7.5E-1,8.125E-1,8.75E-1,9.375E-1,1.E0),.UNSPECIFIED.);
#2835=B_SPLINE_CURVE_WITH_KNOTS('',3,(#2816,#2817,#2818,#2819,#2820,#2821,#2822,
#2823,#2824,#2825,#2826,#2827,#2828,#2829,#2830,#2831,#2832,#2833,#2834),
.UNSPECIFIED.,.F.,.F.,(4,1,1,1,1,1,1,1,1,1,1,1,1,1,1,1,4),(0.E0,6.25E-2,1.25E-1,
1.875E-1,2.5E-1,3.125E-1,3.75E-1,4.375E-1,5.E-1,5.625E-1,6.25E-1,6.875E-1,
7.5E-1,8.125E-1,8.75E-1,9.375E-1,1.E0),.UNSPECIFIED.);
#2858=B_SPLINE_CURVE_WITH_KNOTS('',3,(#2839,#2840,#2841,#2842,#2843,#2844,#2845,
#2846,#2847,#2848,#2849,#2850,#2851,#2852,#2853,#2854,#2855,#2856,#2857),
.UNSPECIFIED.,.F.,.F.,(4,1,1,1,1,1,1,1,1,1,1,1,1,1,1,1,4),(0.E0,6.25E-2,1.25E-1,
1.875E-1,2.5E-1,3.125E-1,3.75E-1,4.375E-1,5.E-1,5.625E-1,6.25E-1,6.875E-1,
7.5E-1,8.125E-1,8.75E-1,9.375E-1,1.E0),.UNSPECIFIED.);
#2881=B_SPLINE_CURVE_WITH_KNOTS('',3,(#2862,#2863,#2864,#2865,#2866,#2867,#2868,
#2869,#2870,#2871,#2872,#2873,#2874,#2875,#2876,#2877,#2878,#2879,#2880),
.UNSPECIFIED.,.F.,.F.,(4,1,1,1,1,1,1,1,1,1,1,1,1,1,1,1,4),(0.E0,6.25E-2,1.25E-1,
1.875E-1,2.5E-1,3.125E-1,3.75E-1,4.375E-1,5.E-1,5.625E-1,6.25E-1,6.875E-1,
7.5E-1,8.125E-1,8.75E-1,9.375E-1,1.E0),.UNSPECIFIED.);
#2911=B_SPLINE_CURVE_WITH_KNOTS('',3,(#2892,#2893,#2894,#2895,#2896,#2897,#2898,
#2899,#2900,#2901,#2902,#2903,#2904,#2905,#2906,#2907,#2908,#2909,#2910),
.UNSPECIFIED.,.F.,.F.,(4,1,1,1,1,1,1,1,1,1,1,1,1,1,1,1,4),(0.E0,6.25E-2,1.25E-1,
1.875E-1,2.5E-1,3.125E-1,3.75E-1,4.375E-1,5.E-1,5.625E-1,6.25E-1,6.875E-1,
7.5E-1,8.125E-1,8.75E-1,9.375E-1,1.E0),.UNSPECIFIED.);
#2941=B_SPLINE_CURVE_WITH_KNOTS('',3,(#2922,#2923,#2924,#2925,#2926,#2927,#2928,
#2929,#2930,#2931,#2932,#2933,#2934,#2935,#2936,#2937,#2938,#2939,#2940),
.UNSPECIFIED.,.F.,.F.,(4,1,1,1,1,1,1,1,1,1,1,1,1,1,1,1,4),(0.E0,6.25E-2,1.25E-1,
1.875E-1,2.5E-1,3.125E-1,3.75E-1,4.375E-1,5.E-1,5.625E-1,6.25E-1,6.875E-1,
7.5E-1,8.125E-1,8.75E-1,9.375E-1,1.E0),.UNSPECIFIED.);
#2964=B_SPLINE_CURVE_WITH_KNOTS('',3,(#2945,#2946,#2947,#2948,#2949,#2950,#2951,
#2952,#2953,#2954,#2955,#2956,#2957,#2958,#2959,#2960,#2961,#2962,#2963),
.UNSPECIFIED.,.F.,.F.,(4,1,1,1,1,1,1,1,1,1,1,1,1,1,1,1,4),(0.E0,6.25E-2,1.25E-1,
1.875E-1,2.5E-1,3.125E-1,3.75E-1,4.375E-1,5.E-1,5.625E-1,6.25E-1,6.875E-1,
7.5E-1,8.125E-1,8.75E-1,9.375E-1,1.E0),.UNSPECIFIED.);
#2987=B_SPLINE_CURVE_WITH_KNOTS('',3,(#2968,#2969,#2970,#2971,#2972,#2973,#2974,
#2975,#2976,#2977,#2978,#2979,#2980,#2981,#2982,#2983,#2984,#2985,#2986),
.UNSPECIFIED.,.F.,.F.,(4,1,1,1,1,1,1,1,1,1,1,1,1,1,1,1,4),(0.E0,6.25E-2,1.25E-1,
1.875E-1,2.5E-1,3.125E-1,3.75E-1,4.375E-1,5.E-1,5.625E-1,6.25E-1,6.875E-1,
7.5E-1,8.125E-1,8.75E-1,9.375E-1,1.E0),.UNSPECIFIED.);
#3017=B_SPLINE_CURVE_WITH_KNOTS('',3,(#2998,#2999,#3000,#3001,#3002,#3003,#3004,
#3005,#3006,#3007,#3008,#3009,#3010,#3011,#3012,#3013,#3014,#3015,#3016),
.UNSPECIFIED.,.F.,.F.,(4,1,1,1,1,1,1,1,1,1,1,1,1,1,1,1,4),(0.E0,6.25E-2,1.25E-1,
1.875E-1,2.5E-1,3.125E-1,3.75E-1,4.375E-1,5.E-1,5.625E-1,6.25E-1,6.875E-1,
7.5E-1,8.125E-1,8.75E-1,9.375E-1,1.E0),.UNSPECIFIED.);
#3047=B_SPLINE_CURVE_WITH_KNOTS('',3,(#3028,#3029,#3030,#3031,#3032,#3033,#3034,
#3035,#3036,#3037,#3038,#3039,#3040,#3041,#3042,#3043,#3044,#3045,#3046),
.UNSPECIFIED.,.F.,.F.,(4,1,1,1,1,1,1,1,1,1,1,1,1,1,1,1,4),(0.E0,6.25E-2,1.25E-1,
1.875E-1,2.5E-1,3.125E-1,3.75E-1,4.375E-1,5.E-1,5.625E-1,6.25E-1,6.875E-1,
7.5E-1,8.125E-1,8.75E-1,9.375E-1,1.E0),.UNSPECIFIED.);
#3070=B_SPLINE_CURVE_WITH_KNOTS('',3,(#3051,#3052,#3053,#3054,#3055,#3056,#3057,
#3058,#3059,#3060,#3061,#3062,#3063,#3064,#3065,#3066,#3067,#3068,#3069),
.UNSPECIFIED.,.F.,.F.,(4,1,1,1,1,1,1,1,1,1,1,1,1,1,1,1,4),(0.E0,6.25E-2,1.25E-1,
1.875E-1,2.5E-1,3.125E-1,3.75E-1,4.375E-1,5.E-1,5.625E-1,6.25E-1,6.875E-1,
7.5E-1,8.125E-1,8.75E-1,9.375E-1,1.E0),.UNSPECIFIED.);
#3080=B_SPLINE_CURVE_WITH_KNOTS('',3,(#3074,#3075,#3076,#3077,#3078,#3079),
.UNSPECIFIED.,.F.,.F.,(4,1,1,4),(0.E0,3.333333333333E-1,6.666666666667E-1,1.E0),
.UNSPECIFIED.);
#3105=B_SPLINE_CURVE_WITH_KNOTS('',3,(#3084,#3085,#3086,#3087,#3088,#3089,#3090,
#3091,#3092,#3093,#3094,#3095,#3096,#3097,#3098,#3099,#3100,#3101,#3102,#3103,
#3104),.UNSPECIFIED.,.F.,.F.,(4,1,1,1,1,1,1,1,1,1,1,1,1,1,1,1,1,1,4),(0.E0,
5.555555555556E-2,1.111111111111E-1,1.666666666667E-1,2.222222222222E-1,
2.777777777778E-1,3.333333333333E-1,3.888888888889E-1,4.444444444444E-1,5.E-1,
5.555555555556E-1,6.111111111111E-1,6.666666666667E-1,7.222222222222E-1,
7.777777777778E-1,8.333333333333E-1,8.888888888889E-1,9.444444444444E-1,1.E0),
.UNSPECIFIED.);
#3127=B_SPLINE_CURVE_WITH_KNOTS('',3,(#3116,#3117,#3118,#3119,#3120,#3121,#3122,
#3123,#3124,#3125,#3126),.UNSPECIFIED.,.F.,.F.,(4,1,1,1,1,1,1,1,4),(0.E0,
1.25E-1,2.5E-1,3.75E-1,5.E-1,6.25E-1,7.5E-1,8.75E-1,1.E0),.UNSPECIFIED.);
#3156=B_SPLINE_CURVE_WITH_KNOTS('',3,(#3145,#3146,#3147,#3148,#3149,#3150,#3151,
#3152,#3153,#3154,#3155),.UNSPECIFIED.,.F.,.F.,(4,1,1,1,1,1,1,1,4),(0.E0,
1.25E-1,2.5E-1,3.75E-1,5.E-1,6.25E-1,7.5E-1,8.75E-1,1.E0),.UNSPECIFIED.);
#3195=B_SPLINE_CURVE_WITH_KNOTS('',3,(#3188,#3189,#3190,#3191,#3192,#3193,
#3194),.UNSPECIFIED.,.F.,.F.,(4,1,1,1,4),(0.E0,2.5E-1,5.E-1,7.5E-1,1.E0),
.UNSPECIFIED.);
#3206=B_SPLINE_CURVE_WITH_KNOTS('',3,(#3199,#3200,#3201,#3202,#3203,#3204,
#3205),.UNSPECIFIED.,.F.,.F.,(4,1,1,1,4),(0.E0,2.5E-1,5.E-1,7.5E-1,1.E0),
.UNSPECIFIED.);
#3228=B_SPLINE_CURVE_WITH_KNOTS('',3,(#3217,#3218,#3219,#3220,#3221,#3222,#3223,
#3224,#3225,#3226,#3227),.UNSPECIFIED.,.F.,.F.,(4,1,1,1,1,1,1,1,4),(0.E0,
1.25E-1,2.5E-1,3.75E-1,5.E-1,6.25E-1,7.5E-1,8.75E-1,1.E0),.UNSPECIFIED.);
#3236=CIRCLE('',#3235,6.25E-2);
#3272=CIRCLE('',#3271,6.25E-2);
#3311=B_SPLINE_CURVE_WITH_KNOTS('',3,(#3304,#3305,#3306,#3307,#3308,#3309,
#3310),.UNSPECIFIED.,.F.,.F.,(4,1,1,1,4),(0.E0,2.5E-1,5.E-1,7.5E-1,1.E0),
.UNSPECIFIED.);
#3322=B_SPLINE_CURVE_WITH_KNOTS('',3,(#3315,#3316,#3317,#3318,#3319,#3320,
#3321),.UNSPECIFIED.,.F.,.F.,(4,1,1,1,4),(0.E0,2.5E-1,5.E-1,7.5E-1,1.E0),
.UNSPECIFIED.);
#3330=CIRCLE('',#3329,6.25E-2);
#3345=CIRCLE('',#3344,6.25E-2);
#3367=CIRCLE('',#3366,6.25E-2);
#3382=CIRCLE('',#3381,6.25E-2);
#3579=EDGE_CURVE('',#3487,#3532,#35,.T.);
#3581=EDGE_CURVE('',#3457,#3532,#19,.T.);
#3583=EDGE_CURVE('',#3457,#3458,#3337,.T.);
#3585=EDGE_CURVE('',#3458,#3454,#3250,.T.);
#3587=EDGE_CURVE('',#3454,#3487,#3213,.T.);
#3591=ADVANCED_FACE('',(#3590),#3578,.T.);
#3597=EDGE_CURVE('',#3487,#3532,#67,.T.);
#3602=ADVANCED_FACE('',(#3601),#3596,.F.);
#3608=EDGE_CURVE('',#3569,#3535,#123,.T.);
#3610=EDGE_CURVE('',#3535,#3536,#201,.T.);
#3612=EDGE_CURVE('',#3536,#3569,#131,.T.);
#3616=EDGE_CURVE('',#3414,#3492,#43,.T.);
#3618=EDGE_CURVE('',#3572,#3414,#51,.T.);
#3620=EDGE_CURVE('',#3532,#3572,#59,.T.);
#3623=EDGE_CURVE('',#3486,#3487,#75,.T.);
#3625=EDGE_CURVE('',#3556,#3486,#83,.T.);
#3627=EDGE_CURVE('',#3493,#3556,#91,.T.);
#3629=EDGE_CURVE('',#3492,#3493,#99,.T.);
#3633=ADVANCED_FACE('',(#3615,#3632),#3607,.F.);
#3639=EDGE_CURVE('',#3542,#3563,#107,.T.);
#3641=EDGE_CURVE('',#3535,#3542,#115,.T.);
#3645=EDGE_CURVE('',#3536,#3565,#193,.T.);
#3647=EDGE_CURVE('',#3563,#3565,#139,.T.);
#3651=ADVANCED_FACE('',(#3650),#3638,.T.);
#3657=EDGE_CURVE('',#3443,#3444,#154,.T.);
#3659=EDGE_CURVE('',#3541,#3444,#146,.T.);
#3661=EDGE_CURVE('',#3541,#3542,#209,.T.);
#3664=EDGE_CURVE('',#3563,#3443,#185,.T.);
#3668=ADVANCED_FACE('',(#3667),#3656,.T.);
#3675=EDGE_CURVE('',#3444,#3443,#162,.T.);
#3679=EDGE_CURVE('',#3483,#3426,#170,.T.);
#3681=EDGE_CURVE('',#3426,#3483,#178,.T.);
#3685=ADVANCED_FACE('',(#3678,#3684),#3673,.T.);
#3693=EDGE_CURVE('',#3565,#3541,#217,.T.);
#3699=ADVANCED_FACE('',(#3698),#3690,.T.);
#3712=ADVANCED_FACE('',(#3711),#3704,.T.);
#3718=EDGE_CURVE('',#3518,#3436,#224,.T.);
#3720=EDGE_CURVE('',#3423,#3518,#239,.T.);
#3722=EDGE_CURVE('',#3422,#3423,#247,.T.);
#3724=EDGE_CURVE('',#3428,#3422,#258,.T.);
#3726=EDGE_CURVE('',#3483,#3428,#265,.T.);
#3729=EDGE_CURVE('',#3426,#3427,#3112,.T.);
#3731=EDGE_CURVE('',#3436,#3427,#289,.T.);
#3735=ADVANCED_FACE('',(#3734),#3717,.T.);
#3741=EDGE_CURVE('',#3435,#3436,#310,.T.);
#3743=EDGE_CURVE('',#3435,#3446,#1464,.T.);
#3745=EDGE_CURVE('',#3538,#3446,#317,.T.);
#3747=EDGE_CURVE('',#3518,#3538,#341,.T.);
#3752=ADVANCED_FACE('',(#3751),#3740,.T.);
#5858=EDGE_CURVE('',#3422,#3505,#839,.T.);
#5860=EDGE_CURVE('',#3505,#3526,#884,.T.);
#5862=EDGE_CURVE('',#3526,#3498,#960,.T.);
#5864=EDGE_CURVE('',#3498,#3429,#3047,.T.);
#5866=EDGE_CURVE('',#3429,#3430,#3017,.T.);
#5868=EDGE_CURVE('',#3430,#3433,#2941,.T.);
#5870=EDGE_CURVE('',#3433,#3434,#2911,.T.);
#5872=EDGE_CURVE('',#3434,#3527,#2835,.T.);
#5874=EDGE_CURVE('',#3527,#3472,#2805,.T.);
#5876=EDGE_CURVE('',#3472,#3490,#2729,.T.);
#5878=EDGE_CURVE('',#3490,#3468,#2699,.T.);
#5880=EDGE_CURVE('',#3468,#3401,#2623,.T.);
#5882=EDGE_CURVE('',#3401,#3402,#2593,.T.);
#5884=EDGE_CURVE('',#3402,#3553,#2517,.T.);
#5886=EDGE_CURVE('',#3553,#3570,#2487,.T.);
#5888=EDGE_CURVE('',#3570,#3418,#2411,.T.);
#5890=EDGE_CURVE('',#3418,#3419,#2381,.T.);
#5892=EDGE_CURVE('',#3419,#3523,#2305,.T.);
#5894=EDGE_CURVE('',#3523,#3524,#2275,.T.);
#5896=EDGE_CURVE('',#3524,#3522,#2199,.T.);
#5898=EDGE_CURVE('',#3522,#3480,#2169,.T.);
#5900=EDGE_CURVE('',#3480,#3491,#2093,.T.);
#5902=EDGE_CURVE('',#3491,#3500,#2063,.T.);
#5904=EDGE_CURVE('',#3500,#3395,#1987,.T.);
#5906=EDGE_CURVE('',#3395,#3549,#1957,.T.);
#5908=EDGE_CURVE('',#3549,#3399,#1881,.T.);
#5910=EDGE_CURVE('',#3399,#3405,#1851,.T.);
#5912=EDGE_CURVE('',#3405,#3510,#1775,.T.);
#5914=EDGE_CURVE('',#3510,#3409,#1745,.T.);
#5916=EDGE_CURVE('',#3409,#3560,#1669,.T.);
#5918=EDGE_CURVE('',#3560,#3416,#1639,.T.);
#5920=EDGE_CURVE('',#3416,#3417,#1586,.T.);
#5922=EDGE_CURVE('',#3417,#3516,#1491,.T.);
#5924=EDGE_CURVE('',#3516,#3431,#1559,.T.);
#5926=EDGE_CURVE('',#3431,#3432,#1528,.T.);
#5928=EDGE_CURVE('',#3435,#3432,#821,.T.);
#5932=EDGE_CURVE('',#3427,#3428,#3105,.T.);
#5937=ADVANCED_FACE('',(#5936),#5857,.F.);
#5943=EDGE_CURVE('',#3505,#3489,#828,.T.);
#5947=EDGE_CURVE('',#3489,#3423,#854,.T.);
#5951=ADVANCED_FACE('',(#5950),#5942,.T.);
#5957=EDGE_CURVE('',#3526,#3488,#861,.T.);
#5961=EDGE_CURVE('',#3488,#3489,#907,.T.);
#5965=ADVANCED_FACE('',(#5964),#5956,.T.);
#5971=EDGE_CURVE('',#3499,#3488,#930,.T.);
#5973=EDGE_CURVE('',#3498,#3499,#937,.T.);
#5979=ADVANCED_FACE('',(#5978),#5970,.T.);
#7989=EDGE_CURVE('',#3495,#3513,#1448,.T.);
#7991=EDGE_CURVE('',#3513,#3529,#1516,.T.);
#7993=EDGE_CURVE('',#3529,#3561,#1609,.T.);
#7995=EDGE_CURVE('',#3561,#3410,#1692,.T.);
#7997=EDGE_CURVE('',#3410,#3511,#1715,.T.);
#7999=EDGE_CURVE('',#3511,#3406,#1798,.T.);
#8001=EDGE_CURVE('',#3406,#3400,#1821,.T.);
#8003=EDGE_CURVE('',#3400,#3415,#1904,.T.);
#8005=EDGE_CURVE('',#3415,#3396,#1927,.T.);
#8007=EDGE_CURVE('',#3396,#3507,#2010,.T.);
#8009=EDGE_CURVE('',#3507,#3554,#2033,.T.);
#8011=EDGE_CURVE('',#3554,#3481,#2116,.T.);
#8013=EDGE_CURVE('',#3481,#3501,#2139,.T.);
#8015=EDGE_CURVE('',#3501,#3459,#2222,.T.);
#8017=EDGE_CURVE('',#3459,#3460,#2245,.T.);
#8019=EDGE_CURVE('',#3460,#3461,#2328,.T.);
#8021=EDGE_CURVE('',#3461,#3557,#2351,.T.);
#8023=EDGE_CURVE('',#3557,#3447,#2434,.T.);
#8025=EDGE_CURVE('',#3447,#3448,#2457,.T.);
#8027=EDGE_CURVE('',#3448,#3530,#2540,.T.);
#8029=EDGE_CURVE('',#3530,#3531,#2563,.T.);
#8031=EDGE_CURVE('',#3531,#3469,#2646,.T.);
#8033=EDGE_CURVE('',#3469,#3515,#2669,.T.);
#8035=EDGE_CURVE('',#3515,#3473,#2752,.T.);
#8037=EDGE_CURVE('',#3473,#3544,#2775,.T.);
#8039=EDGE_CURVE('',#3544,#3551,#2858,.T.);
#8041=EDGE_CURVE('',#3551,#3552,#2881,.T.);
#8043=EDGE_CURVE('',#3552,#3503,#2964,.T.);
#8045=EDGE_CURVE('',#3503,#3517,#2987,.T.);
#8047=EDGE_CURVE('',#3517,#3499,#3070,.T.);
#8054=EDGE_CURVE('',#3538,#3495,#3080,.T.);
#8058=ADVANCED_FACE('',(#8057),#7988,.F.);
#9985=EDGE_CURVE('',#3513,#3432,#968,.T.);
#9988=EDGE_CURVE('',#3446,#3495,#1456,.T.);
#9993=ADVANCED_FACE('',(#9992),#9983,.T.);
#9999=EDGE_CURVE('',#3516,#3465,#1471,.T.);
#10002=EDGE_CURVE('',#3529,#3417,#1499,.T.);
#10007=EDGE_CURVE('',#3431,#3464,#1535,.T.);
#10009=EDGE_CURVE('',#3464,#3465,#1575,.T.);
#10013=ADVANCED_FACE('',(#10012),#9998,.T.);
#10019=EDGE_CURVE('',#3465,#3464,#1567,.T.);
#10026=ADVANCED_FACE('',(#10025),#10018,.T.);
#10036=ADVANCED_FACE('',(#10035),#10031,.F.);
#10044=EDGE_CURVE('',#3416,#3529,#1616,.T.);
#10048=ADVANCED_FACE('',(#10047),#10041,.T.);
#10057=EDGE_CURVE('',#3560,#3561,#1646,.T.);
#10061=ADVANCED_FACE('',(#10060),#10053,.T.);
#10069=EDGE_CURVE('',#3409,#3410,#1722,.T.);
#10074=ADVANCED_FACE('',(#10073),#10066,.T.);
#10083=EDGE_CURVE('',#3510,#3511,#1752,.T.);
#10087=ADVANCED_FACE('',(#10086),#10079,.T.);
#10095=EDGE_CURVE('',#3405,#3406,#1828,.T.);
#10100=ADVANCED_FACE('',(#10099),#10092,.T.);
#10109=EDGE_CURVE('',#3399,#3400,#1858,.T.);
#10113=ADVANCED_FACE('',(#10112),#10105,.T.);
#10121=EDGE_CURVE('',#3549,#3415,#1934,.T.);
#10126=ADVANCED_FACE('',(#10125),#10118,.T.);
#10135=EDGE_CURVE('',#3395,#3396,#1964,.T.);
#10139=ADVANCED_FACE('',(#10138),#10131,.T.);
#10147=EDGE_CURVE('',#3500,#3507,#2040,.T.);
#10152=ADVANCED_FACE('',(#10151),#10144,.T.);
#10161=EDGE_CURVE('',#3491,#3554,#2070,.T.);
#10165=ADVANCED_FACE('',(#10164),#10157,.T.);
#10173=EDGE_CURVE('',#3480,#3481,#2146,.T.);
#10178=ADVANCED_FACE('',(#10177),#10170,.T.);
#10187=EDGE_CURVE('',#3522,#3501,#2176,.T.);
#10191=ADVANCED_FACE('',(#10190),#10183,.T.);
#10199=EDGE_CURVE('',#3524,#3459,#2252,.T.);
#10204=ADVANCED_FACE('',(#10203),#10196,.T.);
#10213=EDGE_CURVE('',#3523,#3460,#2282,.T.);
#10217=ADVANCED_FACE('',(#10216),#10209,.T.);
#10225=EDGE_CURVE('',#3419,#3461,#2358,.T.);
#10230=ADVANCED_FACE('',(#10229),#10222,.T.);
#10239=EDGE_CURVE('',#3418,#3557,#2388,.T.);
#10243=ADVANCED_FACE('',(#10242),#10235,.T.);
#10251=EDGE_CURVE('',#3570,#3447,#2464,.T.);
#10256=ADVANCED_FACE('',(#10255),#10248,.T.);
#10265=EDGE_CURVE('',#3553,#3448,#2494,.T.);
#10269=ADVANCED_FACE('',(#10268),#10261,.T.);
#10277=EDGE_CURVE('',#3402,#3530,#2570,.T.);
#10282=ADVANCED_FACE('',(#10281),#10274,.T.);
#10291=EDGE_CURVE('',#3401,#3531,#2600,.T.);
#10295=ADVANCED_FACE('',(#10294),#10287,.T.);
#10303=EDGE_CURVE('',#3468,#3469,#2676,.T.);
#10308=ADVANCED_FACE('',(#10307),#10300,.T.);
#10317=EDGE_CURVE('',#3490,#3515,#2706,.T.);
#10321=ADVANCED_FACE('',(#10320),#10313,.T.);
#10329=EDGE_CURVE('',#3472,#3473,#2782,.T.);
#10334=ADVANCED_FACE('',(#10333),#10326,.T.);
#10343=EDGE_CURVE('',#3527,#3544,#2812,.T.);
#10347=ADVANCED_FACE('',(#10346),#10339,.T.);
#10355=EDGE_CURVE('',#3434,#3551,#2888,.T.);
#10360=ADVANCED_FACE('',(#10359),#10352,.T.);
#10369=EDGE_CURVE('',#3433,#3552,#2918,.T.);
#10373=ADVANCED_FACE('',(#10372),#10365,.T.);
#10381=EDGE_CURVE('',#3430,#3503,#2994,.T.);
#10386=ADVANCED_FACE('',(#10385),#10378,.T.);
#10395=EDGE_CURVE('',#3429,#3517,#3024,.T.);
#10399=ADVANCED_FACE('',(#10398),#10391,.T.);
#10411=ADVANCED_FACE('',(#10410),#10404,.T.);
#10422=ADVANCED_FACE('',(#10421),#10416,.T.);
#10434=ADVANCED_FACE('',(#10433),#10427,.T.);
#10441=EDGE_CURVE('',#3414,#3492,#3127,.T.);
#10445=ADVANCED_FACE('',(#10444),#10439,.F.);
#10452=EDGE_CURVE('',#3567,#3492,#3134,.T.);
#10454=EDGE_CURVE('',#3567,#3477,#3352,.T.);
#10456=EDGE_CURVE('',#3477,#3413,#3279,.T.);
#10458=EDGE_CURVE('',#3413,#3414,#3286,.T.);
#10462=ADVANCED_FACE('',(#10461),#10450,.T.);
#10468=EDGE_CURVE('',#3492,#3493,#3156,.T.);
#10470=EDGE_CURVE('',#3547,#3493,#3141,.T.);
#10472=EDGE_CURVE('',#3547,#3520,#3374,.T.);
#10474=EDGE_CURVE('',#3520,#3567,#3359,.T.);
#10479=ADVANCED_FACE('',(#10478),#10467,.T.);
#10489=ADVANCED_FACE('',(#10488),#10484,.F.);
#10495=EDGE_CURVE('',#3545,#3486,#3195,.T.);
#10497=EDGE_CURVE('',#3452,#3486,#3163,.T.);
#10499=EDGE_CURVE('',#3439,#3452,#3170,.T.);
#10501=EDGE_CURVE('',#3547,#3439,#3177,.T.);
#10504=EDGE_CURVE('',#3493,#3545,#3206,.T.);
#10508=ADVANCED_FACE('',(#10507),#10494,.T.);
#10514=EDGE_CURVE('',#3556,#3545,#3184,.T.);
#10520=ADVANCED_FACE('',(#10519),#10513,.F.);
#10531=ADVANCED_FACE('',(#10530),#10525,.F.);
#10537=EDGE_CURVE('',#3486,#3487,#3228,.T.);
#10540=EDGE_CURVE('',#3454,#3451,#3243,.T.);
#10542=EDGE_CURVE('',#3451,#3452,#3389,.T.);
#10547=ADVANCED_FACE('',(#10546),#10536,.T.);
#10557=ADVANCED_FACE('',(#10556),#10552,.F.);
#10563=EDGE_CURVE('',#3451,#3458,#3236,.T.);
#10569=ADVANCED_FACE('',(#10568),#10562,.T.);
#10575=EDGE_CURVE('',#3439,#3440,#3257,.T.);
#10577=EDGE_CURVE('',#3439,#3451,#3382,.T.);
#10580=EDGE_CURVE('',#3458,#3476,#3330,.T.);
#10582=EDGE_CURVE('',#3476,#3440,#3264,.T.);
#10586=ADVANCED_FACE('',(#10585),#10574,.F.);
#10593=EDGE_CURVE('',#3476,#3477,#3272,.T.);
#10595=EDGE_CURVE('',#3477,#3520,#3345,.T.);
#10597=EDGE_CURVE('',#3520,#3439,#3367,.T.);
#10602=ADVANCED_FACE('',(#10601),#10591,.F.);
#10609=EDGE_CURVE('',#3476,#3413,#3293,.T.);
#10614=ADVANCED_FACE('',(#10613),#10607,.T.);
#10620=EDGE_CURVE('',#3573,#3414,#3311,.T.);
#10624=EDGE_CURVE('',#3457,#3476,#3300,.T.);
#10627=EDGE_CURVE('',#3532,#3573,#3322,.T.);
#10631=ADVANCED_FACE('',(#10630),#10619,.T.);
#10643=ADVANCED_FACE('',(#10642),#10636,.F.);
#10654=ADVANCED_FACE('',(#10653),#10648,.T.);
#10665=ADVANCED_FACE('',(#10664),#10659,.T.);
#10676=ADVANCED_FACE('',(#10675),#10670,.T.);
#10687=ADVANCED_FACE('',(#10686),#10681,.T.);
#10688=CLOSED_SHELL('',(#3591,#3602,#3633,#3651,#3668,#3685,#3699,#3712,#3735,
#3752,#5937,#5951,#5965,#5979,#8058,#9993,#10013,#10026,#10036,#10048,#10061,
#10074,#10087,#10100,#10113,#10126,#10139,#10152,#10165,#10178,#10191,#10204,
#10217,#10230,#10243,#10256,#10269,#10282,#10295,#10308,#10321,#10334,#10347,
#10360,#10373,#10386,#10399,#10411,#10422,#10434,#10445,#10462,#10479,#10489,
#10508,#10520,#10531,#10547,#10557,#10569,#10586,#10602,#10614,#10631,#10643,
#10654,#10665,#10676,#10687));
#10689=MANIFOLD_SOLID_BREP('',#10688);
#10697=(LENGTH_UNIT()NAMED_UNIT(*)SI_UNIT(.MILLI.,.METRE.));
#10700=(NAMED_UNIT(*)PLANE_ANGLE_UNIT()SI_UNIT($,.RADIAN.));
#10703=(NAMED_UNIT(*)SI_UNIT($,.STERADIAN.)SOLID_ANGLE_UNIT());
#10705=(GEOMETRIC_REPRESENTATION_CONTEXT(3)GLOBAL_UNCERTAINTY_ASSIGNED_CONTEXT((
#10704))GLOBAL_UNIT_ASSIGNED_CONTEXT((#10699,#10702,#10703))REPRESENTATION_CONTEXT('ID1','3'));
#10709=AXIS2_PLACEMENT_3D('',#10706,#10707,#10708);
#10710=ADVANCED_BREP_SHAPE_REPRESENTATION('',(#10709,#10689),#10705);
#10718=PRODUCT_DEFINITION('design','',#10717,#10714);
#10719=PRODUCT_DEFINITION_SHAPE('','SHAPE FOR 10-32_SCREW_HALFINCH.',#10718);
#10720=SHAPE_ASPECT('','solid data associated with 10-32_SCREW_HALFINCH',#10719,
.F.);
#10721=PROPERTY_DEFINITION('',
'shape for solid data with which properties are associated',#10720);
#10722=SHAPE_REPRESENTATION('',(#10689),#10705);
#10723=SHAPE_DEFINITION_REPRESENTATION(#10721,#10722);
#10724=(LENGTH_UNIT()NAMED_UNIT(*)SI_UNIT(.MILLI.,.METRE.));
#10730=PROPERTY_DEFINITION('geometric validation property',
'area of 10-32_SCREW_HALFINCH',#10720);
#10731=REPRESENTATION('surface area',(#10729),#10705);
#10732=PROPERTY_DEFINITION_REPRESENTATION(#10730,#10731);
#10733=(LENGTH_UNIT()NAMED_UNIT(*)SI_UNIT(.MILLI.,.METRE.));
#10739=PROPERTY_DEFINITION('geometric validation property',
'volume of 10-32_SCREW_HALFINCH',#10720);
#10740=REPRESENTATION('volume',(#10738),#10705);
#10741=PROPERTY_DEFINITION_REPRESENTATION(#10739,#10740);
#10743=PROPERTY_DEFINITION('geometric validation property',
'centroid of 10-32_SCREW_HALFINCH',#10720);
#10744=REPRESENTATION('centroid',(#10742),#10705);
#10745=PROPERTY_DEFINITION_REPRESENTATION(#10743,#10744);
#10746=(LENGTH_UNIT()NAMED_UNIT(*)SI_UNIT(.MILLI.,.METRE.));
#10752=PROPERTY_DEFINITION('geometric validation property',
'area of 10-32_SCREW_HALFINCH',#10719);
#10753=REPRESENTATION('surface area',(#10751),#10705);
#10754=PROPERTY_DEFINITION_REPRESENTATION(#10752,#10753);
#10755=(LENGTH_UNIT()NAMED_UNIT(*)SI_UNIT(.MILLI.,.METRE.));
#10761=PROPERTY_DEFINITION('geometric validation property',
'volume of 10-32_SCREW_HALFINCH',#10719);
#10762=REPRESENTATION('volume',(#10760),#10705);
#10763=PROPERTY_DEFINITION_REPRESENTATION(#10761,#10762);
#10765=PROPERTY_DEFINITION('geometric validation property',
'centroid of 10-32_SCREW_HALFINCH',#10719);
#10766=REPRESENTATION('centroid',(#10764),#10705);
#10767=PROPERTY_DEFINITION_REPRESENTATION(#10765,#10766);
#10768=SHAPE_DEFINITION_REPRESENTATION(#10719,#10710);
ENDSEC;
END-ISO-10303-21;
