ISO-10303-21;
HEADER;
FILE_DESCRIPTION((''),'2;1');
FILE_NAME('36T_PULLEY__','2026-06-15T13:45:33',('Esia'),(''),
'CREO PARAMETRIC BY PTC INC, 2025102','CREO PARAMETRIC BY PTC INC, 2025102','');
FILE_SCHEMA((
'AP242_MANAGED_MODEL_BASED_3D_ENGINEERING_MIM_LF { 1 0 10303 442 1 1 4 }'));
ENDSEC;
DATA;
#16=CARTESIAN_POINT('',(0.E0,2.519685039370E-1,0.E0));
#17=DIRECTION('',(0.E0,-1.E0,0.E0));
#18=DIRECTION('',(-1.794321739057E-2,0.E0,-9.998390075155E-1));
#19=AXIS2_PLACEMENT_3D('',#16,#17,#18);
#21=DRAUGHTING_PRE_DEFINED_CURVE_FONT('continuous');
#22=CURVE_STYLE('',#21,POSITIVE_LENGTH_MEASURE(2.E-2),#3);
#23=PRESENTATION_STYLE_ASSIGNMENT((#22));
#24=STYLED_ITEM('',(#23),#20);
#25=DIRECTION('',(0.E0,-1.E0,0.E0));
#26=VECTOR('',#25,2.519685039370E-1);
#27=CARTESIAN_POINT('',(-1.170811454781E-2,2.519685039370E-1,
-6.524041577691E-1));
#28=LINE('',#27,#26);
#29=CURVE_STYLE('',#21,POSITIVE_LENGTH_MEASURE(2.E-2),#3);
#30=PRESENTATION_STYLE_ASSIGNMENT((#29));
#31=STYLED_ITEM('',(#30),#28);
#32=CARTESIAN_POINT('',(0.E0,0.E0,0.E0));
#33=DIRECTION('',(0.E0,1.E0,0.E0));
#34=DIRECTION('',(1.794321739057E-2,0.E0,-9.998390075155E-1));
#35=AXIS2_PLACEMENT_3D('',#32,#33,#34);
#37=CURVE_STYLE('',#21,POSITIVE_LENGTH_MEASURE(2.E-2),#3);
#38=PRESENTATION_STYLE_ASSIGNMENT((#37));
#39=STYLED_ITEM('',(#38),#36);
#40=CARTESIAN_POINT('',(1.152444381862E-2,2.519685039370E-1,
-6.421695852512E-1));
#41=DIRECTION('',(0.E0,1.E0,0.E0));
#42=DIRECTION('',(9.961314055961E-1,0.E0,8.787617871232E-2));
#43=AXIS2_PLACEMENT_3D('',#40,#41,#42);
#45=CURVE_STYLE('',#21,POSITIVE_LENGTH_MEASURE(2.E-2),#3);
#46=PRESENTATION_STYLE_ASSIGNMENT((#45));
#47=STYLED_ITEM('',(#46),#44);
#48=DIRECTION('',(0.E0,-1.E0,0.E0));
#49=VECTOR('',#48,2.519685039370E-1);
#50=CARTESIAN_POINT('',(1.170811454781E-2,2.519685039370E-1,
-6.524041577691E-1));
#51=LINE('',#50,#49);
#52=CURVE_STYLE('',#21,POSITIVE_LENGTH_MEASURE(2.E-2),#3);
#53=PRESENTATION_STYLE_ASSIGNMENT((#52));
#54=STYLED_ITEM('',(#53),#51);
#55=CARTESIAN_POINT('',(1.152444381862E-2,0.E0,-6.421695852512E-1));
#56=DIRECTION('',(0.E0,1.E0,0.E0));
#57=DIRECTION('',(9.961314055961E-1,0.E0,8.787617871232E-2));
#58=AXIS2_PLACEMENT_3D('',#55,#56,#57);
#60=CURVE_STYLE('',#21,POSITIVE_LENGTH_MEASURE(2.E-2),#3);
#61=PRESENTATION_STYLE_ASSIGNMENT((#60));
#62=STYLED_ITEM('',(#61),#59);
#63=CARTESIAN_POINT('',(0.E0,2.519685039370E-1,0.E0));
#64=DIRECTION('',(0.E0,-1.E0,0.E0));
#65=DIRECTION('',(9.998390075155E-1,0.E0,1.794321739057E-2));
#66=AXIS2_PLACEMENT_3D('',#63,#64,#65);
#68=CURVE_STYLE('',#21,POSITIVE_LENGTH_MEASURE(2.E-2),#3);
#69=PRESENTATION_STYLE_ASSIGNMENT((#68));
#70=STYLED_ITEM('',(#69),#67);
#71=CARTESIAN_POINT('',(0.E0,2.519685039370E-1,0.E0));
#72=DIRECTION('',(0.E0,-1.E0,0.E0));
#73=DIRECTION('',(-9.998390075155E-1,0.E0,-1.794321739057E-2));
#74=AXIS2_PLACEMENT_3D('',#71,#72,#73);
#76=CURVE_STYLE('',#21,POSITIVE_LENGTH_MEASURE(2.E-2),#3);
#77=PRESENTATION_STYLE_ASSIGNMENT((#76));
#78=STYLED_ITEM('',(#77),#75);
#79=CARTESIAN_POINT('',(0.E0,2.519685039370E-1,0.E0));
#80=DIRECTION('',(0.E0,-1.E0,0.E0));
#81=DIRECTION('',(1.794321739057E-2,0.E0,-9.998390075155E-1));
#82=AXIS2_PLACEMENT_3D('',#79,#80,#81);
#84=CURVE_STYLE('',#21,POSITIVE_LENGTH_MEASURE(2.E-2),#3);
#85=PRESENTATION_STYLE_ASSIGNMENT((#84));
#86=STYLED_ITEM('',(#85),#83);
#87=CARTESIAN_POINT('',(0.E0,2.519685039370E-1,0.E0));
#88=DIRECTION('',(0.E0,-1.E0,0.E0));
#89=DIRECTION('',(-1.559496020152E-1,0.E0,-9.877650133667E-1));
#90=AXIS2_PLACEMENT_3D('',#87,#88,#89);
#92=CURVE_STYLE('',#21,POSITIVE_LENGTH_MEASURE(2.E-2),#3);
#93=PRESENTATION_STYLE_ASSIGNMENT((#92));
#94=STYLED_ITEM('',(#93),#91);
#95=CARTESIAN_POINT('',(0.E0,2.519685039370E-1,0.E0));
#96=DIRECTION('',(0.E0,-1.E0,0.E0));
#97=DIRECTION('',(-3.251039716780E-1,0.E0,-9.456782791199E-1));
#98=AXIS2_PLACEMENT_3D('',#95,#96,#97);
#100=CURVE_STYLE('',#21,POSITIVE_LENGTH_MEASURE(2.E-2),#3);
#101=PRESENTATION_STYLE_ASSIGNMENT((#100));
#102=STYLED_ITEM('',(#101),#99);
#103=CARTESIAN_POINT('',(0.E0,2.519685039370E-1,0.E0));
#104=DIRECTION('',(0.E0,-1.E0,0.E0));
#105=DIRECTION('',(-4.843802216719E-1,0.E0,-8.748575888984E-1));
#106=AXIS2_PLACEMENT_3D('',#103,#104,#105);
#108=CURVE_STYLE('',#21,POSITIVE_LENGTH_MEASURE(2.E-2),#3);
#109=PRESENTATION_STYLE_ASSIGNMENT((#108));
#110=STYLED_ITEM('',(#109),#107);
#111=CARTESIAN_POINT('',(0.E0,2.519685039370E-1,0.E0));
#112=DIRECTION('',(0.E0,-1.E0,0.E0));
#113=DIRECTION('',(-6.289388237386E-1,0.E0,-7.774547935374E-1));
#114=AXIS2_PLACEMENT_3D('',#111,#112,#113);
#116=CURVE_STYLE('',#21,POSITIVE_LENGTH_MEASURE(2.E-2),#3);
#117=PRESENTATION_STYLE_ASSIGNMENT((#116));
#118=STYLED_ITEM('',(#117),#115);
#119=CARTESIAN_POINT('',(0.E0,2.519685039370E-1,0.E0));
#120=DIRECTION('',(0.E0,-1.E0,0.E0));
#121=DIRECTION('',(-7.543874379043E-1,0.E0,-6.564294276860E-1));
#122=AXIS2_PLACEMENT_3D('',#119,#120,#121);
#124=CURVE_STYLE('',#21,POSITIVE_LENGTH_MEASURE(2.E-2),#3);
#125=PRESENTATION_STYLE_ASSIGNMENT((#124));
#126=STYLED_ITEM('',(#125),#123);
#127=CARTESIAN_POINT('',(0.E0,2.519685039370E-1,0.E0));
#128=DIRECTION('',(0.E0,-1.E0,0.E0));
#129=DIRECTION('',(-8.569143715078E-1,0.E0,-5.154587858436E-1));
#130=AXIS2_PLACEMENT_3D('',#127,#128,#129);
#132=CURVE_STYLE('',#21,POSITIVE_LENGTH_MEASURE(2.E-2),#3);
#133=PRESENTATION_STYLE_ASSIGNMENT((#132));
#134=STYLED_ITEM('',(#133),#131);
#135=CARTESIAN_POINT('',(0.E0,2.519685039370E-1,0.E0));
#136=DIRECTION('',(0.E0,-1.E0,0.E0));
#137=DIRECTION('',(-9.334043955526E-1,0.E0,-3.588261896281E-1));
#138=AXIS2_PLACEMENT_3D('',#135,#136,#137);
#140=CURVE_STYLE('',#21,POSITIVE_LENGTH_MEASURE(2.E-2),#3);
#141=PRESENTATION_STYLE_ASSIGNMENT((#140));
#142=STYLED_ITEM('',(#141),#139);
#143=CARTESIAN_POINT('',(0.E0,2.519685039370E-1,0.E0));
#144=DIRECTION('',(0.E0,-1.E0,0.E0));
#145=DIRECTION('',(-9.815333993640E-1,0.E0,-1.912908412156E-1));
#146=AXIS2_PLACEMENT_3D('',#143,#144,#145);
#148=CURVE_STYLE('',#21,POSITIVE_LENGTH_MEASURE(2.E-2),#3);
#149=PRESENTATION_STYLE_ASSIGNMENT((#148));
#150=STYLED_ITEM('',(#149),#147);
#151=CARTESIAN_POINT('',(0.E0,2.519685039370E-1,0.E0));
#152=DIRECTION('',(0.E0,-1.E0,0.E0));
#153=DIRECTION('',(-9.877650133667E-1,0.E0,1.559496020152E-1));
#154=AXIS2_PLACEMENT_3D('',#151,#152,#153);
#156=CURVE_STYLE('',#21,POSITIVE_LENGTH_MEASURE(2.E-2),#3);
#157=PRESENTATION_STYLE_ASSIGNMENT((#156));
#158=STYLED_ITEM('',(#157),#155);
#159=CARTESIAN_POINT('',(0.E0,2.519685039370E-1,0.E0));
#160=DIRECTION('',(0.E0,-1.E0,0.E0));
#161=DIRECTION('',(-9.456782791199E-1,0.E0,3.251039716780E-1));
#162=AXIS2_PLACEMENT_3D('',#159,#160,#161);
#164=CURVE_STYLE('',#21,POSITIVE_LENGTH_MEASURE(2.E-2),#3);
#165=PRESENTATION_STYLE_ASSIGNMENT((#164));
#166=STYLED_ITEM('',(#165),#163);
#167=CARTESIAN_POINT('',(0.E0,2.519685039370E-1,0.E0));
#168=DIRECTION('',(0.E0,-1.E0,0.E0));
#169=DIRECTION('',(-8.748575888984E-1,0.E0,4.843802216719E-1));
#170=AXIS2_PLACEMENT_3D('',#167,#168,#169);
#172=CURVE_STYLE('',#21,POSITIVE_LENGTH_MEASURE(2.E-2),#3);
#173=PRESENTATION_STYLE_ASSIGNMENT((#172));
#174=STYLED_ITEM('',(#173),#171);
#175=CARTESIAN_POINT('',(0.E0,2.519685039370E-1,0.E0));
#176=DIRECTION('',(0.E0,-1.E0,0.E0));
#177=DIRECTION('',(-7.774547935374E-1,0.E0,6.289388237386E-1));
#178=AXIS2_PLACEMENT_3D('',#175,#176,#177);
#180=CURVE_STYLE('',#21,POSITIVE_LENGTH_MEASURE(2.E-2),#3);
#181=PRESENTATION_STYLE_ASSIGNMENT((#180));
#182=STYLED_ITEM('',(#181),#179);
#183=CARTESIAN_POINT('',(0.E0,2.519685039370E-1,0.E0));
#184=DIRECTION('',(0.E0,-1.E0,0.E0));
#185=DIRECTION('',(-6.564294276860E-1,0.E0,7.543874379043E-1));
#186=AXIS2_PLACEMENT_3D('',#183,#184,#185);
#188=CURVE_STYLE('',#21,POSITIVE_LENGTH_MEASURE(2.E-2),#3);
#189=PRESENTATION_STYLE_ASSIGNMENT((#188));
#190=STYLED_ITEM('',(#189),#187);
#191=CARTESIAN_POINT('',(0.E0,2.519685039370E-1,0.E0));
#192=DIRECTION('',(0.E0,-1.E0,0.E0));
#193=DIRECTION('',(-5.154587858436E-1,0.E0,8.569143715078E-1));
#194=AXIS2_PLACEMENT_3D('',#191,#192,#193);
#196=CURVE_STYLE('',#21,POSITIVE_LENGTH_MEASURE(2.E-2),#3);
#197=PRESENTATION_STYLE_ASSIGNMENT((#196));
#198=STYLED_ITEM('',(#197),#195);
#199=CARTESIAN_POINT('',(0.E0,2.519685039370E-1,0.E0));
#200=DIRECTION('',(0.E0,-1.E0,0.E0));
#201=DIRECTION('',(-3.588261896281E-1,0.E0,9.334043955526E-1));
#202=AXIS2_PLACEMENT_3D('',#199,#200,#201);
#204=CURVE_STYLE('',#21,POSITIVE_LENGTH_MEASURE(2.E-2),#3);
#205=PRESENTATION_STYLE_ASSIGNMENT((#204));
#206=STYLED_ITEM('',(#205),#203);
#207=CARTESIAN_POINT('',(0.E0,2.519685039370E-1,0.E0));
#208=DIRECTION('',(0.E0,-1.E0,0.E0));
#209=DIRECTION('',(-1.912908412156E-1,0.E0,9.815333993640E-1));
#210=AXIS2_PLACEMENT_3D('',#207,#208,#209);
#212=CURVE_STYLE('',#21,POSITIVE_LENGTH_MEASURE(2.E-2),#3);
#213=PRESENTATION_STYLE_ASSIGNMENT((#212));
#214=STYLED_ITEM('',(#213),#211);
#215=CARTESIAN_POINT('',(0.E0,2.519685039370E-1,0.E0));
#216=DIRECTION('',(0.E0,-1.E0,0.E0));
#217=DIRECTION('',(-1.794321739057E-2,0.E0,9.998390075155E-1));
#218=AXIS2_PLACEMENT_3D('',#215,#216,#217);
#220=CURVE_STYLE('',#21,POSITIVE_LENGTH_MEASURE(2.E-2),#3);
#221=PRESENTATION_STYLE_ASSIGNMENT((#220));
#222=STYLED_ITEM('',(#221),#219);
#223=CARTESIAN_POINT('',(0.E0,2.519685039370E-1,0.E0));
#224=DIRECTION('',(0.E0,-1.E0,0.E0));
#225=DIRECTION('',(1.559496020152E-1,0.E0,9.877650133667E-1));
#226=AXIS2_PLACEMENT_3D('',#223,#224,#225);
#228=CURVE_STYLE('',#21,POSITIVE_LENGTH_MEASURE(2.E-2),#3);
#229=PRESENTATION_STYLE_ASSIGNMENT((#228));
#230=STYLED_ITEM('',(#229),#227);
#231=CARTESIAN_POINT('',(0.E0,2.519685039370E-1,0.E0));
#232=DIRECTION('',(0.E0,-1.E0,0.E0));
#233=DIRECTION('',(3.251039716780E-1,0.E0,9.456782791199E-1));
#234=AXIS2_PLACEMENT_3D('',#231,#232,#233);
#236=CURVE_STYLE('',#21,POSITIVE_LENGTH_MEASURE(2.E-2),#3);
#237=PRESENTATION_STYLE_ASSIGNMENT((#236));
#238=STYLED_ITEM('',(#237),#235);
#239=CARTESIAN_POINT('',(0.E0,2.519685039370E-1,0.E0));
#240=DIRECTION('',(0.E0,-1.E0,0.E0));
#241=DIRECTION('',(4.843802216719E-1,0.E0,8.748575888984E-1));
#242=AXIS2_PLACEMENT_3D('',#239,#240,#241);
#244=CURVE_STYLE('',#21,POSITIVE_LENGTH_MEASURE(2.E-2),#3);
#245=PRESENTATION_STYLE_ASSIGNMENT((#244));
#246=STYLED_ITEM('',(#245),#243);
#247=CARTESIAN_POINT('',(0.E0,2.519685039370E-1,0.E0));
#248=DIRECTION('',(0.E0,-1.E0,0.E0));
#249=DIRECTION('',(6.289388237386E-1,0.E0,7.774547935375E-1));
#250=AXIS2_PLACEMENT_3D('',#247,#248,#249);
#252=CURVE_STYLE('',#21,POSITIVE_LENGTH_MEASURE(2.E-2),#3);
#253=PRESENTATION_STYLE_ASSIGNMENT((#252));
#254=STYLED_ITEM('',(#253),#251);
#255=CARTESIAN_POINT('',(0.E0,2.519685039370E-1,0.E0));
#256=DIRECTION('',(0.E0,-1.E0,0.E0));
#257=DIRECTION('',(7.543874379043E-1,0.E0,6.564294276860E-1));
#258=AXIS2_PLACEMENT_3D('',#255,#256,#257);
#260=CURVE_STYLE('',#21,POSITIVE_LENGTH_MEASURE(2.E-2),#3);
#261=PRESENTATION_STYLE_ASSIGNMENT((#260));
#262=STYLED_ITEM('',(#261),#259);
#263=CARTESIAN_POINT('',(0.E0,2.519685039370E-1,0.E0));
#264=DIRECTION('',(0.E0,-1.E0,0.E0));
#265=DIRECTION('',(8.569143715078E-1,0.E0,5.154587858436E-1));
#266=AXIS2_PLACEMENT_3D('',#263,#264,#265);
#268=CURVE_STYLE('',#21,POSITIVE_LENGTH_MEASURE(2.E-2),#3);
#269=PRESENTATION_STYLE_ASSIGNMENT((#268));
#270=STYLED_ITEM('',(#269),#267);
#271=CARTESIAN_POINT('',(0.E0,2.519685039370E-1,0.E0));
#272=DIRECTION('',(0.E0,-1.E0,0.E0));
#273=DIRECTION('',(9.334043955526E-1,0.E0,3.588261896281E-1));
#274=AXIS2_PLACEMENT_3D('',#271,#272,#273);
#276=CURVE_STYLE('',#21,POSITIVE_LENGTH_MEASURE(2.E-2),#3);
#277=PRESENTATION_STYLE_ASSIGNMENT((#276));
#278=STYLED_ITEM('',(#277),#275);
#279=CARTESIAN_POINT('',(0.E0,2.519685039370E-1,0.E0));
#280=DIRECTION('',(0.E0,-1.E0,0.E0));
#281=DIRECTION('',(9.815333993640E-1,0.E0,1.912908412156E-1));
#282=AXIS2_PLACEMENT_3D('',#279,#280,#281);
#284=CURVE_STYLE('',#21,POSITIVE_LENGTH_MEASURE(2.E-2),#3);
#285=PRESENTATION_STYLE_ASSIGNMENT((#284));
#286=STYLED_ITEM('',(#285),#283);
#287=CARTESIAN_POINT('',(0.E0,2.519685039370E-1,0.E0));
#288=DIRECTION('',(0.E0,-1.E0,0.E0));
#289=DIRECTION('',(9.877650133667E-1,0.E0,-1.559496020152E-1));
#290=AXIS2_PLACEMENT_3D('',#287,#288,#289);
#292=CURVE_STYLE('',#21,POSITIVE_LENGTH_MEASURE(2.E-2),#3);
#293=PRESENTATION_STYLE_ASSIGNMENT((#292));
#294=STYLED_ITEM('',(#293),#291);
#295=CARTESIAN_POINT('',(0.E0,2.519685039370E-1,0.E0));
#296=DIRECTION('',(0.E0,-1.E0,0.E0));
#297=DIRECTION('',(9.456782791199E-1,0.E0,-3.251039716780E-1));
#298=AXIS2_PLACEMENT_3D('',#295,#296,#297);
#300=CURVE_STYLE('',#21,POSITIVE_LENGTH_MEASURE(2.E-2),#3);
#301=PRESENTATION_STYLE_ASSIGNMENT((#300));
#302=STYLED_ITEM('',(#301),#299);
#303=CARTESIAN_POINT('',(0.E0,2.519685039370E-1,0.E0));
#304=DIRECTION('',(0.E0,-1.E0,0.E0));
#305=DIRECTION('',(1.912908412156E-1,0.E0,-9.815333993640E-1));
#306=AXIS2_PLACEMENT_3D('',#303,#304,#305);
#308=CURVE_STYLE('',#21,POSITIVE_LENGTH_MEASURE(2.E-2),#3);
#309=PRESENTATION_STYLE_ASSIGNMENT((#308));
#310=STYLED_ITEM('',(#309),#307);
#311=CARTESIAN_POINT('',(0.E0,2.519685039370E-1,0.E0));
#312=DIRECTION('',(0.E0,-1.E0,0.E0));
#313=DIRECTION('',(3.588261896281E-1,0.E0,-9.334043955526E-1));
#314=AXIS2_PLACEMENT_3D('',#311,#312,#313);
#316=CURVE_STYLE('',#21,POSITIVE_LENGTH_MEASURE(2.E-2),#3);
#317=PRESENTATION_STYLE_ASSIGNMENT((#316));
#318=STYLED_ITEM('',(#317),#315);
#319=CARTESIAN_POINT('',(0.E0,2.519685039370E-1,0.E0));
#320=DIRECTION('',(0.E0,-1.E0,0.E0));
#321=DIRECTION('',(5.154587858436E-1,0.E0,-8.569143715078E-1));
#322=AXIS2_PLACEMENT_3D('',#319,#320,#321);
#324=CURVE_STYLE('',#21,POSITIVE_LENGTH_MEASURE(2.E-2),#3);
#325=PRESENTATION_STYLE_ASSIGNMENT((#324));
#326=STYLED_ITEM('',(#325),#323);
#327=CARTESIAN_POINT('',(0.E0,2.519685039370E-1,0.E0));
#328=DIRECTION('',(0.E0,-1.E0,0.E0));
#329=DIRECTION('',(6.564294276860E-1,0.E0,-7.543874379043E-1));
#330=AXIS2_PLACEMENT_3D('',#327,#328,#329);
#332=CURVE_STYLE('',#21,POSITIVE_LENGTH_MEASURE(2.E-2),#3);
#333=PRESENTATION_STYLE_ASSIGNMENT((#332));
#334=STYLED_ITEM('',(#333),#331);
#335=CARTESIAN_POINT('',(0.E0,2.519685039370E-1,0.E0));
#336=DIRECTION('',(0.E0,-1.E0,0.E0));
#337=DIRECTION('',(7.774547935375E-1,0.E0,-6.289388237386E-1));
#338=AXIS2_PLACEMENT_3D('',#335,#336,#337);
#340=CURVE_STYLE('',#21,POSITIVE_LENGTH_MEASURE(2.E-2),#3);
#341=PRESENTATION_STYLE_ASSIGNMENT((#340));
#342=STYLED_ITEM('',(#341),#339);
#343=CARTESIAN_POINT('',(0.E0,2.519685039370E-1,0.E0));
#344=DIRECTION('',(0.E0,-1.E0,0.E0));
#345=DIRECTION('',(8.748575888984E-1,0.E0,-4.843802216719E-1));
#346=AXIS2_PLACEMENT_3D('',#343,#344,#345);
#348=CURVE_STYLE('',#21,POSITIVE_LENGTH_MEASURE(2.E-2),#3);
#349=PRESENTATION_STYLE_ASSIGNMENT((#348));
#350=STYLED_ITEM('',(#349),#347);
#351=DIRECTION('',(7.071067811865E-1,7.071067811865E-1,5.716253614521E-10));
#352=VECTOR('',#351,3.424178507385E-2);
#353=CARTESIAN_POINT('',(6.525092068454E-1,2.519685039350E-1,
-8.810082704866E-11));
#354=LINE('',#353,#352);
#355=CURVE_STYLE('',#21,POSITIVE_LENGTH_MEASURE(2.E-2),#3);
#356=PRESENTATION_STYLE_ASSIGNMENT((#355));
#357=STYLED_ITEM('',(#356),#354);
#358=CARTESIAN_POINT('',(0.E0,2.519685039370E-1,0.E0));
#359=DIRECTION('',(0.E0,-1.E0,0.E0));
#360=DIRECTION('',(9.877650133667E-1,0.E0,1.559496020152E-1));
#361=AXIS2_PLACEMENT_3D('',#358,#359,#360);
#363=CURVE_STYLE('',#21,POSITIVE_LENGTH_MEASURE(2.E-2),#3);
#364=PRESENTATION_STYLE_ASSIGNMENT((#363));
#365=STYLED_ITEM('',(#364),#362);
#366=DIRECTION('',(0.E0,-1.E0,0.E0));
#367=VECTOR('',#366,2.519685039371E-1);
#368=CARTESIAN_POINT('',(6.445257654236E-1,2.519685039371E-1,
1.017585511191E-1));
#369=LINE('',#368,#367);
#370=CURVE_STYLE('',#21,POSITIVE_LENGTH_MEASURE(2.E-2),#3);
#371=PRESENTATION_STYLE_ASSIGNMENT((#370));
#372=STYLED_ITEM('',(#371),#369);
#373=CARTESIAN_POINT('',(0.E0,0.E0,0.E0));
#374=DIRECTION('',(0.E0,1.E0,0.E0));
#375=DIRECTION('',(9.815333993640E-1,0.E0,1.912908412156E-1));
#376=AXIS2_PLACEMENT_3D('',#373,#374,#375);
#378=CURVE_STYLE('',#21,POSITIVE_LENGTH_MEASURE(2.E-2),#3);
#379=PRESENTATION_STYLE_ASSIGNMENT((#378));
#380=STYLED_ITEM('',(#379),#377);
#381=CARTESIAN_POINT('',(6.304123876363E-1,2.519685039370E-1,
1.228609398537E-1));
#382=DIRECTION('',(0.E0,1.E0,0.E0));
#383=DIRECTION('',(-2.595175453998E-1,0.E0,9.657383929562E-1));
#384=AXIS2_PLACEMENT_3D('',#381,#382,#383);
#386=CURVE_STYLE('',#21,POSITIVE_LENGTH_MEASURE(2.E-2),#3);
#387=PRESENTATION_STYLE_ASSIGNMENT((#386));
#388=STYLED_ITEM('',(#387),#385);
#389=DIRECTION('',(0.E0,-1.E0,0.E0));
#390=VECTOR('',#389,2.519685039372E-1);
#391=CARTESIAN_POINT('',(6.404595799133E-1,2.519685039371E-1,
1.248190350788E-1));
#392=LINE('',#391,#390);
#393=CURVE_STYLE('',#21,POSITIVE_LENGTH_MEASURE(2.E-2),#3);
#394=PRESENTATION_STYLE_ASSIGNMENT((#393));
#395=STYLED_ITEM('',(#394),#392);
#396=CARTESIAN_POINT('',(6.304123876363E-1,0.E0,1.228609398537E-1));
#397=DIRECTION('',(0.E0,1.E0,0.E0));
#398=DIRECTION('',(-2.595175453998E-1,0.E0,9.657383929562E-1));
#399=AXIS2_PLACEMENT_3D('',#396,#397,#398);
#401=CURVE_STYLE('',#21,POSITIVE_LENGTH_MEASURE(2.E-2),#3);
#402=PRESENTATION_STYLE_ASSIGNMENT((#401));
#403=STYLED_ITEM('',(#402),#400);
#404=CARTESIAN_POINT('',(0.E0,0.E0,0.E0));
#405=DIRECTION('',(0.E0,1.E0,0.E0));
#406=DIRECTION('',(-9.998390075155E-1,0.E0,1.794321739057E-2));
#407=AXIS2_PLACEMENT_3D('',#404,#405,#406);
#409=CURVE_STYLE('',#21,POSITIVE_LENGTH_MEASURE(2.E-2),#3);
#410=PRESENTATION_STYLE_ASSIGNMENT((#409));
#411=STYLED_ITEM('',(#410),#408);
#412=CARTESIAN_POINT('',(0.E0,0.E0,0.E0));
#413=DIRECTION('',(0.E0,1.E0,0.E0));
#414=DIRECTION('',(9.998390075155E-1,0.E0,-1.794321739057E-2));
#415=AXIS2_PLACEMENT_3D('',#412,#413,#414);
#417=CURVE_STYLE('',#21,POSITIVE_LENGTH_MEASURE(2.E-2),#3);
#418=PRESENTATION_STYLE_ASSIGNMENT((#417));
#419=STYLED_ITEM('',(#418),#416);
#420=CARTESIAN_POINT('',(0.E0,0.E0,0.E0));
#421=DIRECTION('',(0.E0,1.E0,0.E0));
#422=DIRECTION('',(1.559496020152E-1,0.E0,-9.877650133667E-1));
#423=AXIS2_PLACEMENT_3D('',#420,#421,#422);
#425=CURVE_STYLE('',#21,POSITIVE_LENGTH_MEASURE(2.E-2),#3);
#426=PRESENTATION_STYLE_ASSIGNMENT((#425));
#427=STYLED_ITEM('',(#426),#424);
#428=CARTESIAN_POINT('',(0.E0,0.E0,0.E0));
#429=DIRECTION('',(0.E0,1.E0,0.E0));
#430=DIRECTION('',(-1.794321739057E-2,0.E0,-9.998390075155E-1));
#431=AXIS2_PLACEMENT_3D('',#428,#429,#430);
#433=CURVE_STYLE('',#21,POSITIVE_LENGTH_MEASURE(2.E-2),#3);
#434=PRESENTATION_STYLE_ASSIGNMENT((#433));
#435=STYLED_ITEM('',(#434),#432);
#436=CARTESIAN_POINT('',(0.E0,0.E0,0.E0));
#437=DIRECTION('',(0.E0,1.E0,0.E0));
#438=DIRECTION('',(-1.912908412156E-1,0.E0,-9.815333993640E-1));
#439=AXIS2_PLACEMENT_3D('',#436,#437,#438);
#441=CURVE_STYLE('',#21,POSITIVE_LENGTH_MEASURE(2.E-2),#3);
#442=PRESENTATION_STYLE_ASSIGNMENT((#441));
#443=STYLED_ITEM('',(#442),#440);
#444=CARTESIAN_POINT('',(0.E0,0.E0,0.E0));
#445=DIRECTION('',(0.E0,1.E0,0.E0));
#446=DIRECTION('',(-3.588261896281E-1,0.E0,-9.334043955526E-1));
#447=AXIS2_PLACEMENT_3D('',#444,#445,#446);
#449=CURVE_STYLE('',#21,POSITIVE_LENGTH_MEASURE(2.E-2),#3);
#450=PRESENTATION_STYLE_ASSIGNMENT((#449));
#451=STYLED_ITEM('',(#450),#448);
#452=CARTESIAN_POINT('',(0.E0,0.E0,0.E0));
#453=DIRECTION('',(0.E0,1.E0,0.E0));
#454=DIRECTION('',(-5.154587858436E-1,0.E0,-8.569143715078E-1));
#455=AXIS2_PLACEMENT_3D('',#452,#453,#454);
#457=CURVE_STYLE('',#21,POSITIVE_LENGTH_MEASURE(2.E-2),#3);
#458=PRESENTATION_STYLE_ASSIGNMENT((#457));
#459=STYLED_ITEM('',(#458),#456);
#460=CARTESIAN_POINT('',(0.E0,0.E0,0.E0));
#461=DIRECTION('',(0.E0,1.E0,0.E0));
#462=DIRECTION('',(-6.564294276860E-1,0.E0,-7.543874379043E-1));
#463=AXIS2_PLACEMENT_3D('',#460,#461,#462);
#465=CURVE_STYLE('',#21,POSITIVE_LENGTH_MEASURE(2.E-2),#3);
#466=PRESENTATION_STYLE_ASSIGNMENT((#465));
#467=STYLED_ITEM('',(#466),#464);
#468=CARTESIAN_POINT('',(0.E0,0.E0,0.E0));
#469=DIRECTION('',(0.E0,1.E0,0.E0));
#470=DIRECTION('',(-7.774547935375E-1,0.E0,-6.289388237386E-1));
#471=AXIS2_PLACEMENT_3D('',#468,#469,#470);
#473=CURVE_STYLE('',#21,POSITIVE_LENGTH_MEASURE(2.E-2),#3);
#474=PRESENTATION_STYLE_ASSIGNMENT((#473));
#475=STYLED_ITEM('',(#474),#472);
#476=CARTESIAN_POINT('',(0.E0,0.E0,0.E0));
#477=DIRECTION('',(0.E0,1.E0,0.E0));
#478=DIRECTION('',(-8.748575888984E-1,0.E0,-4.843802216719E-1));
#479=AXIS2_PLACEMENT_3D('',#476,#477,#478);
#481=CURVE_STYLE('',#21,POSITIVE_LENGTH_MEASURE(2.E-2),#3);
#482=PRESENTATION_STYLE_ASSIGNMENT((#481));
#483=STYLED_ITEM('',(#482),#480);
#484=CARTESIAN_POINT('',(0.E0,0.E0,0.E0));
#485=DIRECTION('',(0.E0,1.E0,0.E0));
#486=DIRECTION('',(-9.456782791199E-1,0.E0,-3.251039716780E-1));
#487=AXIS2_PLACEMENT_3D('',#484,#485,#486);
#489=CURVE_STYLE('',#21,POSITIVE_LENGTH_MEASURE(2.E-2),#3);
#490=PRESENTATION_STYLE_ASSIGNMENT((#489));
#491=STYLED_ITEM('',(#490),#488);
#492=CARTESIAN_POINT('',(0.E0,0.E0,0.E0));
#493=DIRECTION('',(0.E0,1.E0,0.E0));
#494=DIRECTION('',(-9.877650133667E-1,0.E0,-1.559496020152E-1));
#495=AXIS2_PLACEMENT_3D('',#492,#493,#494);
#497=CURVE_STYLE('',#21,POSITIVE_LENGTH_MEASURE(2.E-2),#3);
#498=PRESENTATION_STYLE_ASSIGNMENT((#497));
#499=STYLED_ITEM('',(#498),#496);
#500=CARTESIAN_POINT('',(0.E0,0.E0,0.E0));
#501=DIRECTION('',(0.E0,1.E0,0.E0));
#502=DIRECTION('',(-9.815333993640E-1,0.E0,1.912908412156E-1));
#503=AXIS2_PLACEMENT_3D('',#500,#501,#502);
#505=CURVE_STYLE('',#21,POSITIVE_LENGTH_MEASURE(2.E-2),#3);
#506=PRESENTATION_STYLE_ASSIGNMENT((#505));
#507=STYLED_ITEM('',(#506),#504);
#508=CARTESIAN_POINT('',(0.E0,0.E0,0.E0));
#509=DIRECTION('',(0.E0,1.E0,0.E0));
#510=DIRECTION('',(-9.334043955526E-1,0.E0,3.588261896281E-1));
#511=AXIS2_PLACEMENT_3D('',#508,#509,#510);
#513=CURVE_STYLE('',#21,POSITIVE_LENGTH_MEASURE(2.E-2),#3);
#514=PRESENTATION_STYLE_ASSIGNMENT((#513));
#515=STYLED_ITEM('',(#514),#512);
#516=CARTESIAN_POINT('',(0.E0,0.E0,0.E0));
#517=DIRECTION('',(0.E0,1.E0,0.E0));
#518=DIRECTION('',(-8.569143715078E-1,0.E0,5.154587858436E-1));
#519=AXIS2_PLACEMENT_3D('',#516,#517,#518);
#521=CURVE_STYLE('',#21,POSITIVE_LENGTH_MEASURE(2.E-2),#3);
#522=PRESENTATION_STYLE_ASSIGNMENT((#521));
#523=STYLED_ITEM('',(#522),#520);
#524=CARTESIAN_POINT('',(0.E0,0.E0,0.E0));
#525=DIRECTION('',(0.E0,1.E0,0.E0));
#526=DIRECTION('',(-7.543874379043E-1,0.E0,6.564294276860E-1));
#527=AXIS2_PLACEMENT_3D('',#524,#525,#526);
#529=CURVE_STYLE('',#21,POSITIVE_LENGTH_MEASURE(2.E-2),#3);
#530=PRESENTATION_STYLE_ASSIGNMENT((#529));
#531=STYLED_ITEM('',(#530),#528);
#532=CARTESIAN_POINT('',(0.E0,0.E0,0.E0));
#533=DIRECTION('',(0.E0,1.E0,0.E0));
#534=DIRECTION('',(-6.289388237386E-1,0.E0,7.774547935375E-1));
#535=AXIS2_PLACEMENT_3D('',#532,#533,#534);
#537=CURVE_STYLE('',#21,POSITIVE_LENGTH_MEASURE(2.E-2),#3);
#538=PRESENTATION_STYLE_ASSIGNMENT((#537));
#539=STYLED_ITEM('',(#538),#536);
#540=CARTESIAN_POINT('',(0.E0,0.E0,0.E0));
#541=DIRECTION('',(0.E0,1.E0,0.E0));
#542=DIRECTION('',(-4.843802216719E-1,0.E0,8.748575888984E-1));
#543=AXIS2_PLACEMENT_3D('',#540,#541,#542);
#545=CURVE_STYLE('',#21,POSITIVE_LENGTH_MEASURE(2.E-2),#3);
#546=PRESENTATION_STYLE_ASSIGNMENT((#545));
#547=STYLED_ITEM('',(#546),#544);
#548=CARTESIAN_POINT('',(0.E0,0.E0,0.E0));
#549=DIRECTION('',(0.E0,1.E0,0.E0));
#550=DIRECTION('',(-3.251039716780E-1,0.E0,9.456782791199E-1));
#551=AXIS2_PLACEMENT_3D('',#548,#549,#550);
#553=CURVE_STYLE('',#21,POSITIVE_LENGTH_MEASURE(2.E-2),#3);
#554=PRESENTATION_STYLE_ASSIGNMENT((#553));
#555=STYLED_ITEM('',(#554),#552);
#556=CARTESIAN_POINT('',(0.E0,0.E0,0.E0));
#557=DIRECTION('',(0.E0,1.E0,0.E0));
#558=DIRECTION('',(-1.559496020152E-1,0.E0,9.877650133667E-1));
#559=AXIS2_PLACEMENT_3D('',#556,#557,#558);
#561=CURVE_STYLE('',#21,POSITIVE_LENGTH_MEASURE(2.E-2),#3);
#562=PRESENTATION_STYLE_ASSIGNMENT((#561));
#563=STYLED_ITEM('',(#562),#560);
#564=CARTESIAN_POINT('',(0.E0,0.E0,0.E0));
#565=DIRECTION('',(0.E0,1.E0,0.E0));
#566=DIRECTION('',(1.794321739057E-2,0.E0,9.998390075155E-1));
#567=AXIS2_PLACEMENT_3D('',#564,#565,#566);
#569=CURVE_STYLE('',#21,POSITIVE_LENGTH_MEASURE(2.E-2),#3);
#570=PRESENTATION_STYLE_ASSIGNMENT((#569));
#571=STYLED_ITEM('',(#570),#568);
#572=CARTESIAN_POINT('',(0.E0,0.E0,0.E0));
#573=DIRECTION('',(0.E0,1.E0,0.E0));
#574=DIRECTION('',(1.912908412156E-1,0.E0,9.815333993640E-1));
#575=AXIS2_PLACEMENT_3D('',#572,#573,#574);
#577=CURVE_STYLE('',#21,POSITIVE_LENGTH_MEASURE(2.E-2),#3);
#578=PRESENTATION_STYLE_ASSIGNMENT((#577));
#579=STYLED_ITEM('',(#578),#576);
#580=CARTESIAN_POINT('',(0.E0,0.E0,0.E0));
#581=DIRECTION('',(0.E0,1.E0,0.E0));
#582=DIRECTION('',(3.588261896281E-1,0.E0,9.334043955526E-1));
#583=AXIS2_PLACEMENT_3D('',#580,#581,#582);
#585=CURVE_STYLE('',#21,POSITIVE_LENGTH_MEASURE(2.E-2),#3);
#586=PRESENTATION_STYLE_ASSIGNMENT((#585));
#587=STYLED_ITEM('',(#586),#584);
#588=CARTESIAN_POINT('',(0.E0,0.E0,0.E0));
#589=DIRECTION('',(0.E0,1.E0,0.E0));
#590=DIRECTION('',(5.154587858436E-1,0.E0,8.569143715078E-1));
#591=AXIS2_PLACEMENT_3D('',#588,#589,#590);
#593=CURVE_STYLE('',#21,POSITIVE_LENGTH_MEASURE(2.E-2),#3);
#594=PRESENTATION_STYLE_ASSIGNMENT((#593));
#595=STYLED_ITEM('',(#594),#592);
#596=CARTESIAN_POINT('',(0.E0,0.E0,0.E0));
#597=DIRECTION('',(0.E0,1.E0,0.E0));
#598=DIRECTION('',(6.564294276860E-1,0.E0,7.543874379043E-1));
#599=AXIS2_PLACEMENT_3D('',#596,#597,#598);
#601=CURVE_STYLE('',#21,POSITIVE_LENGTH_MEASURE(2.E-2),#3);
#602=PRESENTATION_STYLE_ASSIGNMENT((#601));
#603=STYLED_ITEM('',(#602),#600);
#604=CARTESIAN_POINT('',(0.E0,0.E0,0.E0));
#605=DIRECTION('',(0.E0,1.E0,0.E0));
#606=DIRECTION('',(7.774547935374E-1,0.E0,6.289388237386E-1));
#607=AXIS2_PLACEMENT_3D('',#604,#605,#606);
#609=CURVE_STYLE('',#21,POSITIVE_LENGTH_MEASURE(2.E-2),#3);
#610=PRESENTATION_STYLE_ASSIGNMENT((#609));
#611=STYLED_ITEM('',(#610),#608);
#612=CARTESIAN_POINT('',(0.E0,0.E0,0.E0));
#613=DIRECTION('',(0.E0,1.E0,0.E0));
#614=DIRECTION('',(8.748575888984E-1,0.E0,4.843802216719E-1));
#615=AXIS2_PLACEMENT_3D('',#612,#613,#614);
#617=CURVE_STYLE('',#21,POSITIVE_LENGTH_MEASURE(2.E-2),#3);
#618=PRESENTATION_STYLE_ASSIGNMENT((#617));
#619=STYLED_ITEM('',(#618),#616);
#620=CARTESIAN_POINT('',(0.E0,0.E0,0.E0));
#621=DIRECTION('',(0.E0,1.E0,0.E0));
#622=DIRECTION('',(9.456782791199E-1,0.E0,3.251039716780E-1));
#623=AXIS2_PLACEMENT_3D('',#620,#621,#622);
#625=CURVE_STYLE('',#21,POSITIVE_LENGTH_MEASURE(2.E-2),#3);
#626=PRESENTATION_STYLE_ASSIGNMENT((#625));
#627=STYLED_ITEM('',(#626),#624);
#628=CARTESIAN_POINT('',(0.E0,0.E0,0.E0));
#629=DIRECTION('',(0.E0,1.E0,0.E0));
#630=DIRECTION('',(9.877650133667E-1,0.E0,1.559496020152E-1));
#631=AXIS2_PLACEMENT_3D('',#628,#629,#630);
#633=CURVE_STYLE('',#21,POSITIVE_LENGTH_MEASURE(2.E-2),#3);
#634=PRESENTATION_STYLE_ASSIGNMENT((#633));
#635=STYLED_ITEM('',(#634),#632);
#636=CARTESIAN_POINT('',(0.E0,0.E0,0.E0));
#637=DIRECTION('',(0.E0,1.E0,0.E0));
#638=DIRECTION('',(9.815333993640E-1,0.E0,-1.912908412156E-1));
#639=AXIS2_PLACEMENT_3D('',#636,#637,#638);
#641=CURVE_STYLE('',#21,POSITIVE_LENGTH_MEASURE(2.E-2),#3);
#642=PRESENTATION_STYLE_ASSIGNMENT((#641));
#643=STYLED_ITEM('',(#642),#640);
#644=CARTESIAN_POINT('',(0.E0,0.E0,0.E0));
#645=DIRECTION('',(0.E0,1.E0,0.E0));
#646=DIRECTION('',(9.334043955526E-1,0.E0,-3.588261896281E-1));
#647=AXIS2_PLACEMENT_3D('',#644,#645,#646);
#649=CURVE_STYLE('',#21,POSITIVE_LENGTH_MEASURE(2.E-2),#3);
#650=PRESENTATION_STYLE_ASSIGNMENT((#649));
#651=STYLED_ITEM('',(#650),#648);
#652=CARTESIAN_POINT('',(0.E0,0.E0,0.E0));
#653=DIRECTION('',(0.E0,1.E0,0.E0));
#654=DIRECTION('',(8.569143715078E-1,0.E0,-5.154587858436E-1));
#655=AXIS2_PLACEMENT_3D('',#652,#653,#654);
#657=CURVE_STYLE('',#21,POSITIVE_LENGTH_MEASURE(2.E-2),#3);
#658=PRESENTATION_STYLE_ASSIGNMENT((#657));
#659=STYLED_ITEM('',(#658),#656);
#660=CARTESIAN_POINT('',(0.E0,0.E0,0.E0));
#661=DIRECTION('',(0.E0,1.E0,0.E0));
#662=DIRECTION('',(7.543874379043E-1,0.E0,-6.564294276860E-1));
#663=AXIS2_PLACEMENT_3D('',#660,#661,#662);
#665=CURVE_STYLE('',#21,POSITIVE_LENGTH_MEASURE(2.E-2),#3);
#666=PRESENTATION_STYLE_ASSIGNMENT((#665));
#667=STYLED_ITEM('',(#666),#664);
#668=CARTESIAN_POINT('',(0.E0,0.E0,0.E0));
#669=DIRECTION('',(0.E0,1.E0,0.E0));
#670=DIRECTION('',(6.289388237386E-1,0.E0,-7.774547935375E-1));
#671=AXIS2_PLACEMENT_3D('',#668,#669,#670);
#673=CURVE_STYLE('',#21,POSITIVE_LENGTH_MEASURE(2.E-2),#3);
#674=PRESENTATION_STYLE_ASSIGNMENT((#673));
#675=STYLED_ITEM('',(#674),#672);
#676=CARTESIAN_POINT('',(0.E0,0.E0,0.E0));
#677=DIRECTION('',(0.E0,1.E0,0.E0));
#678=DIRECTION('',(4.843802216719E-1,0.E0,-8.748575888984E-1));
#679=AXIS2_PLACEMENT_3D('',#676,#677,#678);
#681=CURVE_STYLE('',#21,POSITIVE_LENGTH_MEASURE(2.E-2),#3);
#682=PRESENTATION_STYLE_ASSIGNMENT((#681));
#683=STYLED_ITEM('',(#682),#680);
#684=CARTESIAN_POINT('',(0.E0,0.E0,0.E0));
#685=DIRECTION('',(0.E0,1.E0,0.E0));
#686=DIRECTION('',(3.251039716780E-1,0.E0,-9.456782791199E-1));
#687=AXIS2_PLACEMENT_3D('',#684,#685,#686);
#689=CURVE_STYLE('',#21,POSITIVE_LENGTH_MEASURE(2.E-2),#3);
#690=PRESENTATION_STYLE_ASSIGNMENT((#689));
#691=STYLED_ITEM('',(#690),#688);
#692=DIRECTION('',(-7.071067811865E-1,-7.071067811865E-1,-5.716213323642E-10));
#693=VECTOR('',#692,3.424178507385E-2);
#694=CARTESIAN_POINT('',(-6.525092068454E-1,2.042958395047E-12,
8.810083276977E-11));
#695=LINE('',#694,#693);
#696=CURVE_STYLE('',#21,POSITIVE_LENGTH_MEASURE(2.E-2),#3);
#697=PRESENTATION_STYLE_ASSIGNMENT((#696));
#698=STYLED_ITEM('',(#697),#695);
#699=CARTESIAN_POINT('',(0.E0,2.519685039370E-1,0.E0));
#700=DIRECTION('',(0.E0,-1.E0,0.E0));
#701=DIRECTION('',(-9.815333993640E-1,0.E0,1.912908412156E-1));
#702=AXIS2_PLACEMENT_3D('',#699,#700,#701);
#704=CURVE_STYLE('',#21,POSITIVE_LENGTH_MEASURE(2.E-2),#3);
#705=PRESENTATION_STYLE_ASSIGNMENT((#704));
#706=STYLED_ITEM('',(#705),#703);
#707=DIRECTION('',(0.E0,-1.E0,0.E0));
#708=VECTOR('',#707,2.519685039371E-1);
#709=CARTESIAN_POINT('',(-6.404595799133E-1,2.519685039370E-1,
1.248190350788E-1));
#710=LINE('',#709,#708);
#711=CURVE_STYLE('',#21,POSITIVE_LENGTH_MEASURE(2.E-2),#3);
#712=PRESENTATION_STYLE_ASSIGNMENT((#711));
#713=STYLED_ITEM('',(#712),#710);
#714=CARTESIAN_POINT('',(0.E0,0.E0,0.E0));
#715=DIRECTION('',(0.E0,1.E0,0.E0));
#716=DIRECTION('',(-9.877650133667E-1,0.E0,1.559496020152E-1));
#717=AXIS2_PLACEMENT_3D('',#714,#715,#716);
#719=CURVE_STYLE('',#21,POSITIVE_LENGTH_MEASURE(2.E-2),#3);
#720=PRESENTATION_STYLE_ASSIGNMENT((#719));
#721=STYLED_ITEM('',(#720),#718);
#722=CARTESIAN_POINT('',(-6.344147849718E-1,2.519685039370E-1,
1.001622166103E-1));
#723=DIRECTION('',(0.E0,1.E0,0.E0));
#724=DIRECTION('',(-8.643526119744E-2,0.E0,-9.962574695438E-1));
#725=AXIS2_PLACEMENT_3D('',#722,#723,#724);
#727=CURVE_STYLE('',#21,POSITIVE_LENGTH_MEASURE(2.E-2),#3);
#728=PRESENTATION_STYLE_ASSIGNMENT((#727));
#729=STYLED_ITEM('',(#728),#726);
#730=DIRECTION('',(0.E0,-1.E0,0.E0));
#731=VECTOR('',#730,2.519685039371E-1);
#732=CARTESIAN_POINT('',(-6.445257654236E-1,2.519685039370E-1,
1.017585511191E-1));
#733=LINE('',#732,#731);
#734=CURVE_STYLE('',#21,POSITIVE_LENGTH_MEASURE(2.E-2),#3);
#735=PRESENTATION_STYLE_ASSIGNMENT((#734));
#736=STYLED_ITEM('',(#735),#733);
#737=CARTESIAN_POINT('',(-6.344147849718E-1,0.E0,1.001622166103E-1));
#738=DIRECTION('',(0.E0,1.E0,0.E0));
#739=DIRECTION('',(-8.643526119744E-2,0.E0,-9.962574695438E-1));
#740=AXIS2_PLACEMENT_3D('',#737,#738,#739);
#742=CURVE_STYLE('',#21,POSITIVE_LENGTH_MEASURE(2.E-2),#3);
#743=PRESENTATION_STYLE_ASSIGNMENT((#742));
#744=STYLED_ITEM('',(#743),#741);
#745=CARTESIAN_POINT('',(-6.382601332061E-1,0.E0,5.584052603608E-2));
#746=DIRECTION('',(0.E0,1.E0,0.E0));
#747=DIRECTION('',(8.643526119762E-2,0.E0,9.962574695437E-1));
#748=AXIS2_PLACEMENT_3D('',#745,#746,#747);
#750=CURVE_STYLE('',#21,POSITIVE_LENGTH_MEASURE(2.E-2),#3);
#751=PRESENTATION_STYLE_ASSIGNMENT((#750));
#752=STYLED_ITEM('',(#751),#749);
#753=CARTESIAN_POINT('',(-6.382601332061E-1,2.519685039370E-1,
5.584052603608E-2));
#754=DIRECTION('',(0.E0,1.E0,0.E0));
#755=DIRECTION('',(8.643526119762E-2,0.E0,9.962574695437E-1));
#756=AXIS2_PLACEMENT_3D('',#753,#754,#755);
#758=CURVE_STYLE('',#21,POSITIVE_LENGTH_MEASURE(2.E-2),#3);
#759=PRESENTATION_STYLE_ASSIGNMENT((#758));
#760=STYLED_ITEM('',(#759),#757);
#761=DIRECTION('',(0.E0,-1.E0,0.E0));
#762=VECTOR('',#761,2.519685039370E-1);
#763=CARTESIAN_POINT('',(-6.352995553620E-1,2.519685039370E-1,
8.996430550471E-2));
#764=LINE('',#763,#762);
#765=CURVE_STYLE('',#21,POSITIVE_LENGTH_MEASURE(2.E-2),#3);
#766=PRESENTATION_STYLE_ASSIGNMENT((#765));
#767=STYLED_ITEM('',(#766),#764);
#768=CARTESIAN_POINT('',(-6.421695852512E-1,2.519685039370E-1,
1.152444381862E-2));
#769=DIRECTION('',(0.E0,1.E0,0.E0));
#770=DIRECTION('',(-9.998390075155E-1,0.E0,1.794321739057E-2));
#771=AXIS2_PLACEMENT_3D('',#768,#769,#770);
#773=CURVE_STYLE('',#21,POSITIVE_LENGTH_MEASURE(2.E-2),#3);
#774=PRESENTATION_STYLE_ASSIGNMENT((#773));
#775=STYLED_ITEM('',(#774),#772);
#776=DIRECTION('',(0.E0,-1.E0,0.E0));
#777=VECTOR('',#776,2.519685039370E-1);
#778=CARTESIAN_POINT('',(-6.412700653116E-1,2.519685039370E-1,
2.172106450582E-2));
#779=LINE('',#778,#777);
#780=CURVE_STYLE('',#21,POSITIVE_LENGTH_MEASURE(2.E-2),#3);
#781=PRESENTATION_STYLE_ASSIGNMENT((#780));
#782=STYLED_ITEM('',(#781),#779);
#783=CARTESIAN_POINT('',(-6.421695852512E-1,0.E0,1.152444381862E-2));
#784=DIRECTION('',(0.E0,1.E0,0.E0));
#785=DIRECTION('',(-9.998390075155E-1,0.E0,1.794321739057E-2));
#786=AXIS2_PLACEMENT_3D('',#783,#784,#785);
#788=CURVE_STYLE('',#21,POSITIVE_LENGTH_MEASURE(2.E-2),#3);
#789=PRESENTATION_STYLE_ASSIGNMENT((#788));
#790=STYLED_ITEM('',(#789),#787);
#791=CARTESIAN_POINT('',(0.E0,2.519685039370E-1,0.E0));
#792=DIRECTION('',(0.E0,-1.E0,0.E0));
#793=DIRECTION('',(-1.E0,0.E0,0.E0));
#794=AXIS2_PLACEMENT_3D('',#791,#792,#793);
#796=CURVE_STYLE('',#21,POSITIVE_LENGTH_MEASURE(2.E-2),#3);
#797=PRESENTATION_STYLE_ASSIGNMENT((#796));
#798=STYLED_ITEM('',(#797),#795);
#799=CARTESIAN_POINT('',(0.E0,2.519685039370E-1,0.E0));
#800=DIRECTION('',(0.E0,-1.E0,0.E0));
#801=DIRECTION('',(-9.998390075155E-1,0.E0,1.794321739057E-2));
#802=AXIS2_PLACEMENT_3D('',#799,#800,#801);
#804=CURVE_STYLE('',#21,POSITIVE_LENGTH_MEASURE(2.E-2),#3);
#805=PRESENTATION_STYLE_ASSIGNMENT((#804));
#806=STYLED_ITEM('',(#805),#803);
#807=DIRECTION('',(0.E0,-1.E0,0.E0));
#808=VECTOR('',#807,2.519685039362E-1);
#809=CARTESIAN_POINT('',(-6.524041577687E-1,2.519685039366E-1,
1.170811454780E-2));
#810=LINE('',#809,#808);
#811=CURVE_STYLE('',#21,POSITIVE_LENGTH_MEASURE(2.E-2),#3);
#812=PRESENTATION_STYLE_ASSIGNMENT((#811));
#813=STYLED_ITEM('',(#812),#810);
#814=CARTESIAN_POINT('',(0.E0,0.E0,0.E0));
#815=DIRECTION('',(0.E0,1.E0,0.E0));
#816=DIRECTION('',(-1.E0,0.E0,0.E0));
#817=AXIS2_PLACEMENT_3D('',#814,#815,#816);
#819=CURVE_STYLE('',#21,POSITIVE_LENGTH_MEASURE(2.E-2),#3);
#820=PRESENTATION_STYLE_ASSIGNMENT((#819));
#821=STYLED_ITEM('',(#820),#818);
#822=CARTESIAN_POINT('',(0.E0,0.E0,0.E0));
#823=DIRECTION('',(0.E0,1.E0,0.E0));
#824=DIRECTION('',(-9.998390075155E-1,0.E0,-1.794321739057E-2));
#825=AXIS2_PLACEMENT_3D('',#822,#823,#824);
#827=CURVE_STYLE('',#21,POSITIVE_LENGTH_MEASURE(2.E-2),#3);
#828=PRESENTATION_STYLE_ASSIGNMENT((#827));
#829=STYLED_ITEM('',(#828),#826);
#830=CARTESIAN_POINT('',(-6.421695852512E-1,2.519685039370E-1,
-1.152444381862E-2));
#831=DIRECTION('',(0.E0,1.E0,0.E0));
#832=DIRECTION('',(8.787617871231E-2,0.E0,-9.961314055961E-1));
#833=AXIS2_PLACEMENT_3D('',#830,#831,#832);
#835=CURVE_STYLE('',#21,POSITIVE_LENGTH_MEASURE(2.E-2),#3);
#836=PRESENTATION_STYLE_ASSIGNMENT((#835));
#837=STYLED_ITEM('',(#836),#834);
#838=DIRECTION('',(0.E0,-1.E0,0.E0));
#839=VECTOR('',#838,2.519685039354E-1);
#840=CARTESIAN_POINT('',(-6.524041577683E-1,2.519685039362E-1,
-1.170811454780E-2));
#841=LINE('',#840,#839);
#842=CURVE_STYLE('',#21,POSITIVE_LENGTH_MEASURE(2.E-2),#3);
#843=PRESENTATION_STYLE_ASSIGNMENT((#842));
#844=STYLED_ITEM('',(#843),#841);
#845=CARTESIAN_POINT('',(-6.421695852512E-1,0.E0,-1.152444381862E-2));
#846=DIRECTION('',(0.E0,1.E0,0.E0));
#847=DIRECTION('',(8.787617871231E-2,0.E0,-9.961314055961E-1));
#848=AXIS2_PLACEMENT_3D('',#845,#846,#847);
#850=CURVE_STYLE('',#21,POSITIVE_LENGTH_MEASURE(2.E-2),#3);
#851=PRESENTATION_STYLE_ASSIGNMENT((#850));
#852=STYLED_ITEM('',(#851),#849);
#853=CARTESIAN_POINT('',(-6.382601332061E-1,0.E0,-5.584052603608E-2));
#854=DIRECTION('',(0.E0,1.E0,0.E0));
#855=DIRECTION('',(-8.787617871233E-2,0.E0,9.961314055961E-1));
#856=AXIS2_PLACEMENT_3D('',#853,#854,#855);
#858=CURVE_STYLE('',#21,POSITIVE_LENGTH_MEASURE(2.E-2),#3);
#859=PRESENTATION_STYLE_ASSIGNMENT((#858));
#860=STYLED_ITEM('',(#859),#857);
#861=CARTESIAN_POINT('',(-6.382601332061E-1,2.519685039370E-1,
-5.584052603608E-2));
#862=DIRECTION('',(0.E0,1.E0,0.E0));
#863=DIRECTION('',(-8.787617871233E-2,0.E0,9.961314055961E-1));
#864=AXIS2_PLACEMENT_3D('',#861,#862,#863);
#866=CURVE_STYLE('',#21,POSITIVE_LENGTH_MEASURE(2.E-2),#3);
#867=PRESENTATION_STYLE_ASSIGNMENT((#866));
#868=STYLED_ITEM('',(#867),#865);
#869=DIRECTION('',(0.E0,-1.E0,0.E0));
#870=VECTOR('',#869,2.519685039370E-1);
#871=CARTESIAN_POINT('',(-6.412700653116E-1,2.519685039370E-1,
-2.172106450582E-2));
#872=LINE('',#871,#870);
#873=CURVE_STYLE('',#21,POSITIVE_LENGTH_MEASURE(2.E-2),#3);
#874=PRESENTATION_STYLE_ASSIGNMENT((#873));
#875=STYLED_ITEM('',(#874),#872);
#876=CARTESIAN_POINT('',(-6.344147849718E-1,2.519685039370E-1,
-1.001622166103E-1));
#877=DIRECTION('',(0.E0,1.E0,0.E0));
#878=DIRECTION('',(-9.877650133667E-1,0.E0,-1.559496020152E-1));
#879=AXIS2_PLACEMENT_3D('',#876,#877,#878);
#881=CURVE_STYLE('',#21,POSITIVE_LENGTH_MEASURE(2.E-2),#3);
#882=PRESENTATION_STYLE_ASSIGNMENT((#881));
#883=STYLED_ITEM('',(#882),#880);
#884=DIRECTION('',(0.E0,-1.E0,0.E0));
#885=VECTOR('',#884,2.519685039370E-1);
#886=CARTESIAN_POINT('',(-6.352995553620E-1,2.519685039370E-1,
-8.996430550471E-2));
#887=LINE('',#886,#885);
#888=CURVE_STYLE('',#21,POSITIVE_LENGTH_MEASURE(2.E-2),#3);
#889=PRESENTATION_STYLE_ASSIGNMENT((#888));
#890=STYLED_ITEM('',(#889),#887);
#891=CARTESIAN_POINT('',(-6.344147849718E-1,0.E0,-1.001622166103E-1));
#892=DIRECTION('',(0.E0,1.E0,0.E0));
#893=DIRECTION('',(-9.877650133667E-1,0.E0,-1.559496020152E-1));
#894=AXIS2_PLACEMENT_3D('',#891,#892,#893);
#896=CURVE_STYLE('',#21,POSITIVE_LENGTH_MEASURE(2.E-2),#3);
#897=PRESENTATION_STYLE_ASSIGNMENT((#896));
#898=STYLED_ITEM('',(#897),#895);
#899=CARTESIAN_POINT('',(0.E0,2.519685039370E-1,0.E0));
#900=DIRECTION('',(0.E0,-1.E0,0.E0));
#901=DIRECTION('',(-9.877650133667E-1,0.E0,-1.559496020152E-1));
#902=AXIS2_PLACEMENT_3D('',#899,#900,#901);
#904=CURVE_STYLE('',#21,POSITIVE_LENGTH_MEASURE(2.E-2),#3);
#905=PRESENTATION_STYLE_ASSIGNMENT((#904));
#906=STYLED_ITEM('',(#905),#903);
#907=DIRECTION('',(0.E0,-1.E0,0.E0));
#908=VECTOR('',#907,2.519685039371E-1);
#909=CARTESIAN_POINT('',(-6.445257654236E-1,2.519685039371E-1,
-1.017585511191E-1));
#910=LINE('',#909,#908);
#911=CURVE_STYLE('',#21,POSITIVE_LENGTH_MEASURE(2.E-2),#3);
#912=PRESENTATION_STYLE_ASSIGNMENT((#911));
#913=STYLED_ITEM('',(#912),#910);
#914=CARTESIAN_POINT('',(0.E0,0.E0,0.E0));
#915=DIRECTION('',(0.E0,1.E0,0.E0));
#916=DIRECTION('',(-9.815333993640E-1,0.E0,-1.912908412156E-1));
#917=AXIS2_PLACEMENT_3D('',#914,#915,#916);
#919=CURVE_STYLE('',#21,POSITIVE_LENGTH_MEASURE(2.E-2),#3);
#920=PRESENTATION_STYLE_ASSIGNMENT((#919));
#921=STYLED_ITEM('',(#920),#918);
#922=CARTESIAN_POINT('',(-6.304123876363E-1,2.519685039370E-1,
-1.228609398537E-1));
#923=DIRECTION('',(0.E0,1.E0,0.E0));
#924=DIRECTION('',(2.595175453998E-1,0.E0,-9.657383929562E-1));
#925=AXIS2_PLACEMENT_3D('',#922,#923,#924);
#927=CURVE_STYLE('',#21,POSITIVE_LENGTH_MEASURE(2.E-2),#3);
#928=PRESENTATION_STYLE_ASSIGNMENT((#927));
#929=STYLED_ITEM('',(#928),#926);
#930=DIRECTION('',(0.E0,-1.E0,0.E0));
#931=VECTOR('',#930,2.519685039372E-1);
#932=CARTESIAN_POINT('',(-6.404595799133E-1,2.519685039371E-1,
-1.248190350788E-1));
#933=LINE('',#932,#931);
#934=CURVE_STYLE('',#21,POSITIVE_LENGTH_MEASURE(2.E-2),#3);
#935=PRESENTATION_STYLE_ASSIGNMENT((#934));
#936=STYLED_ITEM('',(#935),#933);
#937=CARTESIAN_POINT('',(-6.304123876363E-1,0.E0,-1.228609398537E-1));
#938=DIRECTION('',(0.E0,1.E0,0.E0));
#939=DIRECTION('',(2.595175453998E-1,0.E0,-9.657383929562E-1));
#940=AXIS2_PLACEMENT_3D('',#937,#938,#939);
#942=CURVE_STYLE('',#21,POSITIVE_LENGTH_MEASURE(2.E-2),#3);
#943=PRESENTATION_STYLE_ASSIGNMENT((#942));
#944=STYLED_ITEM('',(#943),#941);
#945=CARTESIAN_POINT('',(-6.188669220339E-1,0.E0,-1.658248919813E-1));
#946=DIRECTION('',(0.E0,1.E0,0.E0));
#947=DIRECTION('',(-2.595175453995E-1,0.E0,9.657383929563E-1));
#948=AXIS2_PLACEMENT_3D('',#945,#946,#947);
#950=CURVE_STYLE('',#21,POSITIVE_LENGTH_MEASURE(2.E-2),#3);
#951=PRESENTATION_STYLE_ASSIGNMENT((#950));
#952=STYLED_ITEM('',(#951),#949);
#953=CARTESIAN_POINT('',(-6.188669220339E-1,2.519685039370E-1,
-1.658248919813E-1));
#954=DIRECTION('',(0.E0,1.E0,0.E0));
#955=DIRECTION('',(-2.595175453995E-1,0.E0,9.657383929563E-1));
#956=AXIS2_PLACEMENT_3D('',#953,#954,#955);
#958=CURVE_STYLE('',#21,POSITIVE_LENGTH_MEASURE(2.E-2),#3);
#959=PRESENTATION_STYLE_ASSIGNMENT((#958));
#960=STYLED_ITEM('',(#959),#957);
#961=DIRECTION('',(0.E0,-1.E0,0.E0));
#962=VECTOR('',#961,2.519685039370E-1);
#963=CARTESIAN_POINT('',(-6.277559088251E-1,2.519685039370E-1,
-1.327464509627E-1));
#964=LINE('',#963,#962);
#965=CURVE_STYLE('',#21,POSITIVE_LENGTH_MEASURE(2.E-2),#3);
#966=PRESENTATION_STYLE_ASSIGNMENT((#965));
#967=STYLED_ITEM('',(#966),#964);
#968=CARTESIAN_POINT('',(-6.073836124803E-1,2.519685039370E-1,
-2.088054987720E-1));
#969=DIRECTION('',(0.E0,1.E0,0.E0));
#970=DIRECTION('',(-9.456782791199E-1,0.E0,-3.251039716780E-1));
#971=AXIS2_PLACEMENT_3D('',#968,#969,#970);
#973=CURVE_STYLE('',#21,POSITIVE_LENGTH_MEASURE(2.E-2),#3);
#974=PRESENTATION_STYLE_ASSIGNMENT((#973));
#975=STYLED_ITEM('',(#974),#972);
#976=DIRECTION('',(0.E0,-1.E0,0.E0));
#977=VECTOR('',#976,2.519685039370E-1);
#978=CARTESIAN_POINT('',(-6.100257898997E-1,2.519685039370E-1,
-1.989161556166E-1));
#979=LINE('',#978,#977);
#980=CURVE_STYLE('',#21,POSITIVE_LENGTH_MEASURE(2.E-2),#3);
#981=PRESENTATION_STYLE_ASSIGNMENT((#980));
#982=STYLED_ITEM('',(#981),#979);
#983=CARTESIAN_POINT('',(-6.073836124803E-1,0.E0,-2.088054987720E-1));
#984=DIRECTION('',(0.E0,1.E0,0.E0));
#985=DIRECTION('',(-9.456782791199E-1,0.E0,-3.251039716779E-1));
#986=AXIS2_PLACEMENT_3D('',#983,#984,#985);
#988=CURVE_STYLE('',#21,POSITIVE_LENGTH_MEASURE(2.E-2),#3);
#989=PRESENTATION_STYLE_ASSIGNMENT((#988));
#990=STYLED_ITEM('',(#989),#987);
#991=CARTESIAN_POINT('',(0.E0,2.519685039370E-1,0.E0));
#992=DIRECTION('',(0.E0,-1.E0,0.E0));
#993=DIRECTION('',(-9.456782791199E-1,0.E0,-3.251039716780E-1));
#994=AXIS2_PLACEMENT_3D('',#991,#992,#993);
#996=CURVE_STYLE('',#21,POSITIVE_LENGTH_MEASURE(2.E-2),#3);
#997=PRESENTATION_STYLE_ASSIGNMENT((#996));
#998=STYLED_ITEM('',(#997),#995);
#999=DIRECTION('',(0.E0,-1.E0,0.E0));
#1000=VECTOR('',#999,2.519685039370E-1);
#1001=CARTESIAN_POINT('',(-6.170637838414E-1,2.519685039370E-1,
-2.121333347026E-1));
#1002=LINE('',#1001,#1000);
#1003=CURVE_STYLE('',#21,POSITIVE_LENGTH_MEASURE(2.E-2),#3);
#1004=PRESENTATION_STYLE_ASSIGNMENT((#1003));
#1005=STYLED_ITEM('',(#1004),#1002);
#1006=CARTESIAN_POINT('',(0.E0,0.E0,0.E0));
#1007=DIRECTION('',(0.E0,1.E0,0.E0));
#1008=DIRECTION('',(-9.334043955526E-1,0.E0,-3.588261896281E-1));
#1009=AXIS2_PLACEMENT_3D('',#1006,#1007,#1008);
#1011=CURVE_STYLE('',#21,POSITIVE_LENGTH_MEASURE(2.E-2),#3);
#1012=PRESENTATION_STYLE_ASSIGNMENT((#1011));
#1013=STYLED_ITEM('',(#1012),#1010);
#1014=CARTESIAN_POINT('',(-5.995004286271E-1,2.519685039370E-1,
-2.304643684020E-1));
#1015=DIRECTION('',(0.E0,1.E0,0.E0));
#1016=DIRECTION('',(4.232736027919E-1,0.E0,-9.060019079337E-1));
#1017=AXIS2_PLACEMENT_3D('',#1014,#1015,#1016);
#1019=CURVE_STYLE('',#21,POSITIVE_LENGTH_MEASURE(2.E-2),#3);
#1020=PRESENTATION_STYLE_ASSIGNMENT((#1019));
#1021=STYLED_ITEM('',(#1020),#1018);
#1022=DIRECTION('',(0.E0,-1.E0,0.E0));
#1023=VECTOR('',#1022,2.519685039370E-1);
#1024=CARTESIAN_POINT('',(-6.090549618099E-1,2.519685039370E-1,
-2.341373923903E-1));
#1025=LINE('',#1024,#1023);
#1026=CURVE_STYLE('',#21,POSITIVE_LENGTH_MEASURE(2.E-2),#3);
#1027=PRESENTATION_STYLE_ASSIGNMENT((#1026));
#1028=STYLED_ITEM('',(#1027),#1025);
#1029=CARTESIAN_POINT('',(-5.995004286271E-1,0.E0,-2.304643684020E-1));
#1030=DIRECTION('',(0.E0,1.E0,0.E0));
#1031=DIRECTION('',(4.232736027919E-1,0.E0,-9.060019079337E-1));
#1032=AXIS2_PLACEMENT_3D('',#1029,#1030,#1031);
#1034=CURVE_STYLE('',#21,POSITIVE_LENGTH_MEASURE(2.E-2),#3);
#1035=PRESENTATION_STYLE_ASSIGNMENT((#1034));
#1036=STYLED_ITEM('',(#1035),#1033);
#1037=CARTESIAN_POINT('',(-5.806697525974E-1,0.E0,-2.707707524951E-1));
#1038=DIRECTION('',(0.E0,1.E0,0.E0));
#1039=DIRECTION('',(-4.232736027920E-1,0.E0,9.060019079337E-1));
#1040=AXIS2_PLACEMENT_3D('',#1037,#1038,#1039);
#1042=CURVE_STYLE('',#21,POSITIVE_LENGTH_MEASURE(2.E-2),#3);
#1043=PRESENTATION_STYLE_ASSIGNMENT((#1042));
#1044=STYLED_ITEM('',(#1043),#1041);
#1045=CARTESIAN_POINT('',(-5.806697525974E-1,2.519685039370E-1,
-2.707707524951E-1));
#1046=DIRECTION('',(0.E0,1.E0,0.E0));
#1047=DIRECTION('',(-4.232736027920E-1,0.E0,9.060019079337E-1));
#1048=AXIS2_PLACEMENT_3D('',#1045,#1046,#1047);
#1050=CURVE_STYLE('',#21,POSITIVE_LENGTH_MEASURE(2.E-2),#3);
#1051=PRESENTATION_STYLE_ASSIGNMENT((#1050));
#1052=STYLED_ITEM('',(#1051),#1049);
#1053=DIRECTION('',(0.E0,-1.E0,0.E0));
#1054=VECTOR('',#1053,2.519685039370E-1);
#1055=CARTESIAN_POINT('',(-5.951677067088E-1,2.519685039370E-1,
-2.397384036801E-1));
#1056=LINE('',#1055,#1054);
#1057=CURVE_STYLE('',#21,POSITIVE_LENGTH_MEASURE(2.E-2),#3);
#1058=PRESENTATION_STYLE_ASSIGNMENT((#1057));
#1059=STYLED_ITEM('',(#1058),#1056);
#1060=CARTESIAN_POINT('',(-5.618973962746E-1,2.519685039370E-1,
-3.111043315142E-1));
#1061=DIRECTION('',(0.E0,1.E0,0.E0));
#1062=DIRECTION('',(-8.748575888984E-1,0.E0,-4.843802216719E-1));
#1063=AXIS2_PLACEMENT_3D('',#1060,#1061,#1062);
#1065=CURVE_STYLE('',#21,POSITIVE_LENGTH_MEASURE(2.E-2),#3);
#1066=PRESENTATION_STYLE_ASSIGNMENT((#1065));
#1067=STYLED_ITEM('',(#1066),#1064);
#1068=DIRECTION('',(0.E0,-1.E0,0.E0));
#1069=VECTOR('',#1068,2.519685039370E-1);
#1070=CARTESIAN_POINT('',(-5.662166994993E-1,2.519685039370E-1,
-3.018240389965E-1));
#1071=LINE('',#1070,#1069);
#1072=CURVE_STYLE('',#21,POSITIVE_LENGTH_MEASURE(2.E-2),#3);
#1073=PRESENTATION_STYLE_ASSIGNMENT((#1072));
#1074=STYLED_ITEM('',(#1073),#1071);
#1075=CARTESIAN_POINT('',(-5.618973962746E-1,0.E0,-3.111043315142E-1));
#1076=DIRECTION('',(0.E0,1.E0,0.E0));
#1077=DIRECTION('',(-8.748575888983E-1,0.E0,-4.843802216720E-1));
#1078=AXIS2_PLACEMENT_3D('',#1075,#1076,#1077);
#1080=CURVE_STYLE('',#21,POSITIVE_LENGTH_MEASURE(2.E-2),#3);
#1081=PRESENTATION_STYLE_ASSIGNMENT((#1080));
#1082=STYLED_ITEM('',(#1081),#1079);
#1083=CARTESIAN_POINT('',(0.E0,2.519685039370E-1,0.E0));
#1084=DIRECTION('',(0.E0,-1.E0,0.E0));
#1085=DIRECTION('',(-8.748575888984E-1,0.E0,-4.843802216719E-1));
#1086=AXIS2_PLACEMENT_3D('',#1083,#1084,#1085);
#1088=CURVE_STYLE('',#21,POSITIVE_LENGTH_MEASURE(2.E-2),#3);
#1089=PRESENTATION_STYLE_ASSIGNMENT((#1088));
#1090=STYLED_ITEM('',(#1089),#1087);
#1091=DIRECTION('',(0.E0,-1.E0,0.E0));
#1092=VECTOR('',#1091,2.519685039370E-1);
#1093=CARTESIAN_POINT('',(-5.708526314365E-1,2.519685039370E-1,
-3.160625542557E-1));
#1094=LINE('',#1093,#1092);
#1095=CURVE_STYLE('',#21,POSITIVE_LENGTH_MEASURE(2.E-2),#3);
#1096=PRESENTATION_STYLE_ASSIGNMENT((#1095));
#1097=STYLED_ITEM('',(#1096),#1094);
#1098=CARTESIAN_POINT('',(0.E0,0.E0,0.E0));
#1099=DIRECTION('',(0.E0,1.E0,0.E0));
#1100=DIRECTION('',(-8.569143715078E-1,0.E0,-5.154587858436E-1));
#1101=AXIS2_PLACEMENT_3D('',#1098,#1099,#1100);
#1103=CURVE_STYLE('',#21,POSITIVE_LENGTH_MEASURE(2.E-2),#3);
#1104=PRESENTATION_STYLE_ASSIGNMENT((#1103));
#1105=STYLED_ITEM('',(#1104),#1102);
#1106=CARTESIAN_POINT('',(-5.503729524560E-1,2.519685039370E-1,
-3.310652537370E-1));
#1107=DIRECTION('',(0.E0,1.E0,0.E0));
#1108=DIRECTION('',(5.741687059506E-1,0.E0,-8.187370133975E-1));
#1109=AXIS2_PLACEMENT_3D('',#1106,#1107,#1108);
#1111=CURVE_STYLE('',#21,POSITIVE_LENGTH_MEASURE(2.E-2),#3);
#1112=PRESENTATION_STYLE_ASSIGNMENT((#1111));
#1113=STYLED_ITEM('',(#1112),#1110);
#1114=DIRECTION('',(0.E0,-1.E0,0.E0));
#1115=VECTOR('',#1114,2.519685039370E-1);
#1116=CARTESIAN_POINT('',(-5.591445168887E-1,2.519685039370E-1,
-3.363416035134E-1));
#1117=LINE('',#1116,#1115);
#1118=CURVE_STYLE('',#21,POSITIVE_LENGTH_MEASURE(2.E-2),#3);
#1119=PRESENTATION_STYLE_ASSIGNMENT((#1118));
#1120=STYLED_ITEM('',(#1119),#1117);
#1121=CARTESIAN_POINT('',(-5.503729524560E-1,0.E0,-3.310652537370E-1));
#1122=DIRECTION('',(0.E0,1.E0,0.E0));
#1123=DIRECTION('',(5.741687059506E-1,0.E0,-8.187370133975E-1));
#1124=AXIS2_PLACEMENT_3D('',#1121,#1122,#1123);
#1126=CURVE_STYLE('',#21,POSITIVE_LENGTH_MEASURE(2.E-2),#3);
#1127=PRESENTATION_STYLE_ASSIGNMENT((#1126));
#1128=STYLED_ITEM('',(#1127),#1125);
#1129=CARTESIAN_POINT('',(-5.248292265613E-1,0.E0,-3.674893807110E-1));
#1130=DIRECTION('',(0.E0,1.E0,0.E0));
#1131=DIRECTION('',(-5.741687059504E-1,0.E0,8.187370133976E-1));
#1132=AXIS2_PLACEMENT_3D('',#1129,#1130,#1131);
#1134=CURVE_STYLE('',#21,POSITIVE_LENGTH_MEASURE(2.E-2),#3);
#1135=PRESENTATION_STYLE_ASSIGNMENT((#1134));
#1136=STYLED_ITEM('',(#1135),#1133);
#1137=CARTESIAN_POINT('',(-5.248292265613E-1,2.519685039370E-1,
-3.674893807110E-1));
#1138=DIRECTION('',(0.E0,1.E0,0.E0));
#1139=DIRECTION('',(-5.741687059504E-1,0.E0,8.187370133976E-1));
#1140=AXIS2_PLACEMENT_3D('',#1137,#1138,#1139);
#1142=CURVE_STYLE('',#21,POSITIVE_LENGTH_MEASURE(2.E-2),#3);
#1143=PRESENTATION_STYLE_ASSIGNMENT((#1142));
#1144=STYLED_ITEM('',(#1143),#1141);
#1145=DIRECTION('',(0.E0,-1.E0,0.E0));
#1146=VECTOR('',#1145,2.519685039370E-1);
#1147=CARTESIAN_POINT('',(-5.444956349935E-1,2.519685039370E-1,
-3.394460263151E-1));
#1148=LINE('',#1147,#1146);
#1149=CURVE_STYLE('',#21,POSITIVE_LENGTH_MEASURE(2.E-2),#3);
#1150=PRESENTATION_STYLE_ASSIGNMENT((#1149));
#1151=STYLED_ITEM('',(#1150),#1148);
#1152=CARTESIAN_POINT('',(-4.993382120168E-1,2.519685039370E-1,
-4.039504165697E-1));
#1153=DIRECTION('',(0.E0,1.E0,0.E0));
#1154=DIRECTION('',(-7.774547935375E-1,0.E0,-6.289388237386E-1));
#1155=AXIS2_PLACEMENT_3D('',#1152,#1153,#1154);
#1157=CURVE_STYLE('',#21,POSITIVE_LENGTH_MEASURE(2.E-2),#3);
#1158=PRESENTATION_STYLE_ASSIGNMENT((#1157));
#1159=STYLED_ITEM('',(#1158),#1156);
#1160=DIRECTION('',(0.E0,-1.E0,0.E0));
#1161=VECTOR('',#1160,2.519685039370E-1);
#1162=CARTESIAN_POINT('',(-5.052034012041E-1,2.519685039370E-1,
-3.955611516819E-1));
#1163=LINE('',#1162,#1161);
#1164=CURVE_STYLE('',#21,POSITIVE_LENGTH_MEASURE(2.E-2),#3);
#1165=PRESENTATION_STYLE_ASSIGNMENT((#1164));
#1166=STYLED_ITEM('',(#1165),#1163);
#1167=CARTESIAN_POINT('',(-4.993382120168E-1,0.E0,-4.039504165697E-1));
#1168=DIRECTION('',(0.E0,1.E0,0.E0));
#1169=DIRECTION('',(-7.774547935375E-1,0.E0,-6.289388237385E-1));
#1170=AXIS2_PLACEMENT_3D('',#1167,#1168,#1169);
#1172=CURVE_STYLE('',#21,POSITIVE_LENGTH_MEASURE(2.E-2),#3);
#1173=PRESENTATION_STYLE_ASSIGNMENT((#1172));
#1174=STYLED_ITEM('',(#1173),#1171);
#1175=CARTESIAN_POINT('',(0.E0,2.519685039370E-1,0.E0));
#1176=DIRECTION('',(0.E0,-1.E0,0.E0));
#1177=DIRECTION('',(-7.774547935375E-1,0.E0,-6.289388237386E-1));
#1178=AXIS2_PLACEMENT_3D('',#1175,#1176,#1177);
#1180=CURVE_STYLE('',#21,POSITIVE_LENGTH_MEASURE(2.E-2),#3);
#1181=PRESENTATION_STYLE_ASSIGNMENT((#1180));
#1182=STYLED_ITEM('',(#1181),#1179);
#1183=DIRECTION('',(0.E0,-1.E0,0.E0));
#1184=VECTOR('',#1183,2.519685039370E-1);
#1185=CARTESIAN_POINT('',(-5.072964106909E-1,2.519685039370E-1,
-4.103883730332E-1));
#1186=LINE('',#1185,#1184);
#1187=CURVE_STYLE('',#21,POSITIVE_LENGTH_MEASURE(2.E-2),#3);
#1188=PRESENTATION_STYLE_ASSIGNMENT((#1187));
#1189=STYLED_ITEM('',(#1188),#1186);
#1190=CARTESIAN_POINT('',(0.E0,0.E0,0.E0));
#1191=DIRECTION('',(0.E0,1.E0,0.E0));
#1192=DIRECTION('',(-7.543874379043E-1,0.E0,-6.564294276860E-1));
#1193=AXIS2_PLACEMENT_3D('',#1190,#1191,#1192);
#1195=CURVE_STYLE('',#21,POSITIVE_LENGTH_MEASURE(2.E-2),#3);
#1196=PRESENTATION_STYLE_ASSIGNMENT((#1195));
#1197=STYLED_ITEM('',(#1196),#1194);
#1198=CARTESIAN_POINT('',(-4.845226726266E-1,2.519685039370E-1,
-4.216068888643E-1));
#1199=DIRECTION('',(0.E0,1.E0,0.E0));
#1200=DIRECTION('',(7.076179835216E-1,0.E0,-7.065952090106E-1));
#1201=AXIS2_PLACEMENT_3D('',#1198,#1199,#1200);
#1203=CURVE_STYLE('',#21,POSITIVE_LENGTH_MEASURE(2.E-2),#3);
#1204=PRESENTATION_STYLE_ASSIGNMENT((#1203));
#1205=STYLED_ITEM('',(#1204),#1202);
#1206=DIRECTION('',(0.E0,-1.E0,0.E0));
#1207=VECTOR('',#1206,2.519685039370E-1);
#1208=CARTESIAN_POINT('',(-4.922447487626E-1,2.519685039370E-1,
-4.283262452107E-1));
#1209=LINE('',#1208,#1207);
#1210=CURVE_STYLE('',#21,POSITIVE_LENGTH_MEASURE(2.E-2),#3);
#1211=PRESENTATION_STYLE_ASSIGNMENT((#1210));
#1212=STYLED_ITEM('',(#1211),#1209);
#1213=CARTESIAN_POINT('',(-4.845226726266E-1,0.E0,-4.216068888643E-1));
#1214=DIRECTION('',(0.E0,1.E0,0.E0));
#1215=DIRECTION('',(7.076179835216E-1,0.E0,-7.065952090106E-1));
#1216=AXIS2_PLACEMENT_3D('',#1213,#1214,#1215);
#1218=CURVE_STYLE('',#21,POSITIVE_LENGTH_MEASURE(2.E-2),#3);
#1219=PRESENTATION_STYLE_ASSIGNMENT((#1218));
#1220=STYLED_ITEM('',(#1219),#1217);
#1221=CARTESIAN_POINT('',(-4.530420300526E-1,0.E0,-4.530420300526E-1));
#1222=DIRECTION('',(0.E0,1.E0,0.E0));
#1223=DIRECTION('',(-7.076179835220E-1,0.E0,7.065952090102E-1));
#1224=AXIS2_PLACEMENT_3D('',#1221,#1222,#1223);
#1226=CURVE_STYLE('',#21,POSITIVE_LENGTH_MEASURE(2.E-2),#3);
#1227=PRESENTATION_STYLE_ASSIGNMENT((#1226));
#1228=STYLED_ITEM('',(#1227),#1225);
#1229=CARTESIAN_POINT('',(-4.530420300526E-1,2.519685039370E-1,
-4.530420300526E-1));
#1230=DIRECTION('',(0.E0,1.E0,0.E0));
#1231=DIRECTION('',(-7.076179835220E-1,0.E0,7.065952090102E-1));
#1232=AXIS2_PLACEMENT_3D('',#1229,#1230,#1231);
#1234=CURVE_STYLE('',#21,POSITIVE_LENGTH_MEASURE(2.E-2),#3);
#1235=PRESENTATION_STYLE_ASSIGNMENT((#1234));
#1236=STYLED_ITEM('',(#1235),#1233);
#1237=DIRECTION('',(0.E0,-1.E0,0.E0));
#1238=VECTOR('',#1237,2.519685039370E-1);
#1239=CARTESIAN_POINT('',(-4.772793389370E-1,2.519685039370E-1,
-4.288397532085E-1));
#1240=LINE('',#1239,#1238);
#1241=CURVE_STYLE('',#21,POSITIVE_LENGTH_MEASURE(2.E-2),#3);
#1242=PRESENTATION_STYLE_ASSIGNMENT((#1241));
#1243=STYLED_ITEM('',(#1242),#1240);
#1244=CARTESIAN_POINT('',(-4.216068888643E-1,2.519685039370E-1,
-4.845226726266E-1));
#1245=DIRECTION('',(0.E0,1.E0,0.E0));
#1246=DIRECTION('',(-6.564294276861E-1,0.E0,-7.543874379042E-1));
#1247=AXIS2_PLACEMENT_3D('',#1244,#1245,#1246);
#1249=CURVE_STYLE('',#21,POSITIVE_LENGTH_MEASURE(2.E-2),#3);
#1250=PRESENTATION_STYLE_ASSIGNMENT((#1249));
#1251=STYLED_ITEM('',(#1250),#1248);
#1252=DIRECTION('',(0.E0,-1.E0,0.E0));
#1253=VECTOR('',#1252,2.519685039370E-1);
#1254=CARTESIAN_POINT('',(-4.288397532085E-1,2.519685039370E-1,
-4.772793389370E-1));
#1255=LINE('',#1254,#1253);
#1256=CURVE_STYLE('',#21,POSITIVE_LENGTH_MEASURE(2.E-2),#3);
#1257=PRESENTATION_STYLE_ASSIGNMENT((#1256));
#1258=STYLED_ITEM('',(#1257),#1255);
#1259=CARTESIAN_POINT('',(-4.216068888643E-1,0.E0,-4.845226726266E-1));
#1260=DIRECTION('',(0.E0,1.E0,0.E0));
#1261=DIRECTION('',(-6.564294276860E-1,0.E0,-7.543874379043E-1));
#1262=AXIS2_PLACEMENT_3D('',#1259,#1260,#1261);
#1264=CURVE_STYLE('',#21,POSITIVE_LENGTH_MEASURE(2.E-2),#3);
#1265=PRESENTATION_STYLE_ASSIGNMENT((#1264));
#1266=STYLED_ITEM('',(#1265),#1263);
#1267=CARTESIAN_POINT('',(0.E0,2.519685039370E-1,0.E0));
#1268=DIRECTION('',(0.E0,-1.E0,0.E0));
#1269=DIRECTION('',(-6.564294276860E-1,0.E0,-7.543874379043E-1));
#1270=AXIS2_PLACEMENT_3D('',#1267,#1268,#1269);
#1272=CURVE_STYLE('',#21,POSITIVE_LENGTH_MEASURE(2.E-2),#3);
#1273=PRESENTATION_STYLE_ASSIGNMENT((#1272));
#1274=STYLED_ITEM('',(#1273),#1271);
#1275=DIRECTION('',(0.E0,-1.E0,0.E0));
#1276=VECTOR('',#1275,2.519685039370E-1);
#1277=CARTESIAN_POINT('',(-4.283262452107E-1,2.519685039370E-1,
-4.922447487626E-1));
#1278=LINE('',#1277,#1276);
#1279=CURVE_STYLE('',#21,POSITIVE_LENGTH_MEASURE(2.E-2),#3);
#1280=PRESENTATION_STYLE_ASSIGNMENT((#1279));
#1281=STYLED_ITEM('',(#1280),#1278);
#1282=CARTESIAN_POINT('',(0.E0,0.E0,0.E0));
#1283=DIRECTION('',(0.E0,1.E0,0.E0));
#1284=DIRECTION('',(-6.289388237386E-1,0.E0,-7.774547935375E-1));
#1285=AXIS2_PLACEMENT_3D('',#1282,#1283,#1284);
#1287=CURVE_STYLE('',#21,POSITIVE_LENGTH_MEASURE(2.E-2),#3);
#1288=PRESENTATION_STYLE_ASSIGNMENT((#1287));
#1289=STYLED_ITEM('',(#1288),#1286);
#1290=CARTESIAN_POINT('',(-4.039504165697E-1,2.519685039370E-1,
-4.993382120168E-1));
#1291=DIRECTION('',(0.E0,1.E0,0.E0));
#1292=DIRECTION('',(8.195666467361E-1,0.E0,-5.729838667517E-1));
#1293=AXIS2_PLACEMENT_3D('',#1290,#1291,#1292);
#1295=CURVE_STYLE('',#21,POSITIVE_LENGTH_MEASURE(2.E-2),#3);
#1296=PRESENTATION_STYLE_ASSIGNMENT((#1295));
#1297=STYLED_ITEM('',(#1296),#1294);
#1298=DIRECTION('',(0.E0,-1.E0,0.E0));
#1299=VECTOR('',#1298,2.519685039370E-1);
#1300=CARTESIAN_POINT('',(-4.103883730332E-1,2.519685039370E-1,
-5.072964106909E-1));
#1301=LINE('',#1300,#1299);
#1302=CURVE_STYLE('',#21,POSITIVE_LENGTH_MEASURE(2.E-2),#3);
#1303=PRESENTATION_STYLE_ASSIGNMENT((#1302));
#1304=STYLED_ITEM('',(#1303),#1301);
#1305=CARTESIAN_POINT('',(-4.039504165697E-1,0.E0,-4.993382120168E-1));
#1306=DIRECTION('',(0.E0,1.E0,0.E0));
#1307=DIRECTION('',(8.195666467361E-1,0.E0,-5.729838667517E-1));
#1308=AXIS2_PLACEMENT_3D('',#1305,#1306,#1307);
#1310=CURVE_STYLE('',#21,POSITIVE_LENGTH_MEASURE(2.E-2),#3);
#1311=PRESENTATION_STYLE_ASSIGNMENT((#1310));
#1312=STYLED_ITEM('',(#1311),#1309);
#1313=CARTESIAN_POINT('',(-3.674893807110E-1,0.E0,-5.248292265613E-1));
#1314=DIRECTION('',(0.E0,1.E0,0.E0));
#1315=DIRECTION('',(-8.195666467361E-1,0.E0,5.729838667517E-1));
#1316=AXIS2_PLACEMENT_3D('',#1313,#1314,#1315);
#1318=CURVE_STYLE('',#21,POSITIVE_LENGTH_MEASURE(2.E-2),#3);
#1319=PRESENTATION_STYLE_ASSIGNMENT((#1318));
#1320=STYLED_ITEM('',(#1319),#1317);
#1321=CARTESIAN_POINT('',(-3.674893807110E-1,2.519685039370E-1,
-5.248292265613E-1));
#1322=DIRECTION('',(0.E0,1.E0,0.E0));
#1323=DIRECTION('',(-8.195666467361E-1,0.E0,5.729838667517E-1));
#1324=AXIS2_PLACEMENT_3D('',#1321,#1322,#1323);
#1326=CURVE_STYLE('',#21,POSITIVE_LENGTH_MEASURE(2.E-2),#3);
#1327=PRESENTATION_STYLE_ASSIGNMENT((#1326));
#1328=STYLED_ITEM('',(#1327),#1325);
#1329=DIRECTION('',(0.E0,-1.E0,0.E0));
#1330=VECTOR('',#1329,2.519685039370E-1);
#1331=CARTESIAN_POINT('',(-3.955611516819E-1,2.519685039370E-1,
-5.052034012041E-1));
#1332=LINE('',#1331,#1330);
#1333=CURVE_STYLE('',#21,POSITIVE_LENGTH_MEASURE(2.E-2),#3);
#1334=PRESENTATION_STYLE_ASSIGNMENT((#1333));
#1335=STYLED_ITEM('',(#1334),#1332);
#1336=CARTESIAN_POINT('',(-3.310652537370E-1,2.519685039370E-1,
-5.503729524560E-1));
#1337=DIRECTION('',(0.E0,1.E0,0.E0));
#1338=DIRECTION('',(-5.154587858436E-1,0.E0,-8.569143715078E-1));
#1339=AXIS2_PLACEMENT_3D('',#1336,#1337,#1338);
#1341=CURVE_STYLE('',#21,POSITIVE_LENGTH_MEASURE(2.E-2),#3);
#1342=PRESENTATION_STYLE_ASSIGNMENT((#1341));
#1343=STYLED_ITEM('',(#1342),#1340);
#1344=DIRECTION('',(0.E0,-1.E0,0.E0));
#1345=VECTOR('',#1344,2.519685039370E-1);
#1346=CARTESIAN_POINT('',(-3.394460263151E-1,2.519685039370E-1,
-5.444956349935E-1));
#1347=LINE('',#1346,#1345);
#1348=CURVE_STYLE('',#21,POSITIVE_LENGTH_MEASURE(2.E-2),#3);
#1349=PRESENTATION_STYLE_ASSIGNMENT((#1348));
#1350=STYLED_ITEM('',(#1349),#1347);
#1351=CARTESIAN_POINT('',(-3.310652537370E-1,0.E0,-5.503729524560E-1));
#1352=DIRECTION('',(0.E0,1.E0,0.E0));
#1353=DIRECTION('',(-5.154587858436E-1,0.E0,-8.569143715078E-1));
#1354=AXIS2_PLACEMENT_3D('',#1351,#1352,#1353);
#1356=CURVE_STYLE('',#21,POSITIVE_LENGTH_MEASURE(2.E-2),#3);
#1357=PRESENTATION_STYLE_ASSIGNMENT((#1356));
#1358=STYLED_ITEM('',(#1357),#1355);
#1359=CARTESIAN_POINT('',(0.E0,2.519685039370E-1,0.E0));
#1360=DIRECTION('',(0.E0,-1.E0,0.E0));
#1361=DIRECTION('',(-5.154587858436E-1,0.E0,-8.569143715078E-1));
#1362=AXIS2_PLACEMENT_3D('',#1359,#1360,#1361);
#1364=CURVE_STYLE('',#21,POSITIVE_LENGTH_MEASURE(2.E-2),#3);
#1365=PRESENTATION_STYLE_ASSIGNMENT((#1364));
#1366=STYLED_ITEM('',(#1365),#1363);
#1367=DIRECTION('',(0.E0,-1.E0,0.E0));
#1368=VECTOR('',#1367,2.519685039370E-1);
#1369=CARTESIAN_POINT('',(-3.363416035134E-1,2.519685039370E-1,
-5.591445168887E-1));
#1370=LINE('',#1369,#1368);
#1371=CURVE_STYLE('',#21,POSITIVE_LENGTH_MEASURE(2.E-2),#3);
#1372=PRESENTATION_STYLE_ASSIGNMENT((#1371));
#1373=STYLED_ITEM('',(#1372),#1370);
#1374=CARTESIAN_POINT('',(0.E0,0.E0,0.E0));
#1375=DIRECTION('',(0.E0,1.E0,0.E0));
#1376=DIRECTION('',(-4.843802216719E-1,0.E0,-8.748575888984E-1));
#1377=AXIS2_PLACEMENT_3D('',#1374,#1375,#1376);
#1379=CURVE_STYLE('',#21,POSITIVE_LENGTH_MEASURE(2.E-2),#3);
#1380=PRESENTATION_STYLE_ASSIGNMENT((#1379));
#1381=STYLED_ITEM('',(#1380),#1378);
#1382=CARTESIAN_POINT('',(-3.111043315142E-1,2.519685039370E-1,
-5.618973962746E-1));
#1383=DIRECTION('',(0.E0,1.E0,0.E0));
#1384=DIRECTION('',(9.066131921099E-1,0.E0,-4.219626996457E-1));
#1385=AXIS2_PLACEMENT_3D('',#1382,#1383,#1384);
#1387=CURVE_STYLE('',#21,POSITIVE_LENGTH_MEASURE(2.E-2),#3);
#1388=PRESENTATION_STYLE_ASSIGNMENT((#1387));
#1389=STYLED_ITEM('',(#1388),#1386);
#1390=DIRECTION('',(0.E0,-1.E0,0.E0));
#1391=VECTOR('',#1390,2.519685039370E-1);
#1392=CARTESIAN_POINT('',(-3.160625542557E-1,2.519685039370E-1,
-5.708526314365E-1));
#1393=LINE('',#1392,#1391);
#1394=CURVE_STYLE('',#21,POSITIVE_LENGTH_MEASURE(2.E-2),#3);
#1395=PRESENTATION_STYLE_ASSIGNMENT((#1394));
#1396=STYLED_ITEM('',(#1395),#1393);
#1397=CARTESIAN_POINT('',(-3.111043315142E-1,0.E0,-5.618973962746E-1));
#1398=DIRECTION('',(0.E0,1.E0,0.E0));
#1399=DIRECTION('',(9.066131921099E-1,0.E0,-4.219626996457E-1));
#1400=AXIS2_PLACEMENT_3D('',#1397,#1398,#1399);
#1402=CURVE_STYLE('',#21,POSITIVE_LENGTH_MEASURE(2.E-2),#3);
#1403=PRESENTATION_STYLE_ASSIGNMENT((#1402));
#1404=STYLED_ITEM('',(#1403),#1401);
#1405=CARTESIAN_POINT('',(-2.707707524951E-1,0.E0,-5.806697525974E-1));
#1406=DIRECTION('',(0.E0,1.E0,0.E0));
#1407=DIRECTION('',(-9.066131921099E-1,0.E0,4.219626996457E-1));
#1408=AXIS2_PLACEMENT_3D('',#1405,#1406,#1407);
#1410=CURVE_STYLE('',#21,POSITIVE_LENGTH_MEASURE(2.E-2),#3);
#1411=PRESENTATION_STYLE_ASSIGNMENT((#1410));
#1412=STYLED_ITEM('',(#1411),#1409);
#1413=CARTESIAN_POINT('',(-2.707707524951E-1,2.519685039370E-1,
-5.806697525974E-1));
#1414=DIRECTION('',(0.E0,1.E0,0.E0));
#1415=DIRECTION('',(-9.066131921099E-1,0.E0,4.219626996457E-1));
#1416=AXIS2_PLACEMENT_3D('',#1413,#1414,#1415);
#1418=CURVE_STYLE('',#21,POSITIVE_LENGTH_MEASURE(2.E-2),#3);
#1419=PRESENTATION_STYLE_ASSIGNMENT((#1418));
#1420=STYLED_ITEM('',(#1419),#1417);
#1421=DIRECTION('',(0.E0,-1.E0,0.E0));
#1422=VECTOR('',#1421,2.519685039370E-1);
#1423=CARTESIAN_POINT('',(-3.018240389965E-1,2.519685039370E-1,
-5.662166994993E-1));
#1424=LINE('',#1423,#1422);
#1425=CURVE_STYLE('',#21,POSITIVE_LENGTH_MEASURE(2.E-2),#3);
#1426=PRESENTATION_STYLE_ASSIGNMENT((#1425));
#1427=STYLED_ITEM('',(#1426),#1424);
#1428=CARTESIAN_POINT('',(-2.304643684020E-1,2.519685039370E-1,
-5.995004286271E-1));
#1429=DIRECTION('',(0.E0,1.E0,0.E0));
#1430=DIRECTION('',(-3.588261896282E-1,0.E0,-9.334043955526E-1));
#1431=AXIS2_PLACEMENT_3D('',#1428,#1429,#1430);
#1433=CURVE_STYLE('',#21,POSITIVE_LENGTH_MEASURE(2.E-2),#3);
#1434=PRESENTATION_STYLE_ASSIGNMENT((#1433));
#1435=STYLED_ITEM('',(#1434),#1432);
#1436=DIRECTION('',(0.E0,-1.E0,0.E0));
#1437=VECTOR('',#1436,2.519685039370E-1);
#1438=CARTESIAN_POINT('',(-2.397384036801E-1,2.519685039370E-1,
-5.951677067088E-1));
#1439=LINE('',#1438,#1437);
#1440=CURVE_STYLE('',#21,POSITIVE_LENGTH_MEASURE(2.E-2),#3);
#1441=PRESENTATION_STYLE_ASSIGNMENT((#1440));
#1442=STYLED_ITEM('',(#1441),#1439);
#1443=CARTESIAN_POINT('',(-2.304643684020E-1,0.E0,-5.995004286271E-1));
#1444=DIRECTION('',(0.E0,1.E0,0.E0));
#1445=DIRECTION('',(-3.588261896281E-1,0.E0,-9.334043955526E-1));
#1446=AXIS2_PLACEMENT_3D('',#1443,#1444,#1445);
#1448=CURVE_STYLE('',#21,POSITIVE_LENGTH_MEASURE(2.E-2),#3);
#1449=PRESENTATION_STYLE_ASSIGNMENT((#1448));
#1450=STYLED_ITEM('',(#1449),#1447);
#1451=CARTESIAN_POINT('',(0.E0,2.519685039370E-1,0.E0));
#1452=DIRECTION('',(0.E0,-1.E0,0.E0));
#1453=DIRECTION('',(-3.588261896281E-1,0.E0,-9.334043955526E-1));
#1454=AXIS2_PLACEMENT_3D('',#1451,#1452,#1453);
#1456=CURVE_STYLE('',#21,POSITIVE_LENGTH_MEASURE(2.E-2),#3);
#1457=PRESENTATION_STYLE_ASSIGNMENT((#1456));
#1458=STYLED_ITEM('',(#1457),#1455);
#1459=DIRECTION('',(0.E0,-1.E0,0.E0));
#1460=VECTOR('',#1459,2.519685039370E-1);
#1461=CARTESIAN_POINT('',(-2.341373923903E-1,2.519685039370E-1,
-6.090549618099E-1));
#1462=LINE('',#1461,#1460);
#1463=CURVE_STYLE('',#21,POSITIVE_LENGTH_MEASURE(2.E-2),#3);
#1464=PRESENTATION_STYLE_ASSIGNMENT((#1463));
#1465=STYLED_ITEM('',(#1464),#1462);
#1466=CARTESIAN_POINT('',(0.E0,0.E0,0.E0));
#1467=DIRECTION('',(0.E0,1.E0,0.E0));
#1468=DIRECTION('',(-3.251039716780E-1,0.E0,-9.456782791199E-1));
#1469=AXIS2_PLACEMENT_3D('',#1466,#1467,#1468);
#1471=CURVE_STYLE('',#21,POSITIVE_LENGTH_MEASURE(2.E-2),#3);
#1472=PRESENTATION_STYLE_ASSIGNMENT((#1471));
#1473=STYLED_ITEM('',(#1472),#1470);
#1474=CARTESIAN_POINT('',(-2.088054987720E-1,2.519685039370E-1,
-6.073836124803E-1));
#1475=DIRECTION('',(0.E0,1.E0,0.E0));
#1476=DIRECTION('',(9.661127544099E-1,0.E0,-2.581204094342E-1));
#1477=AXIS2_PLACEMENT_3D('',#1474,#1475,#1476);
#1479=CURVE_STYLE('',#21,POSITIVE_LENGTH_MEASURE(2.E-2),#3);
#1480=PRESENTATION_STYLE_ASSIGNMENT((#1479));
#1481=STYLED_ITEM('',(#1480),#1478);
#1482=DIRECTION('',(0.E0,-1.E0,0.E0));
#1483=VECTOR('',#1482,2.519685039370E-1);
#1484=CARTESIAN_POINT('',(-2.121333347026E-1,2.519685039370E-1,
-6.170637838414E-1));
#1485=LINE('',#1484,#1483);
#1486=CURVE_STYLE('',#21,POSITIVE_LENGTH_MEASURE(2.E-2),#3);
#1487=PRESENTATION_STYLE_ASSIGNMENT((#1486));
#1488=STYLED_ITEM('',(#1487),#1485);
#1489=CARTESIAN_POINT('',(-2.088054987720E-1,0.E0,-6.073836124803E-1));
#1490=DIRECTION('',(0.E0,1.E0,0.E0));
#1491=DIRECTION('',(9.661127544099E-1,0.E0,-2.581204094342E-1));
#1492=AXIS2_PLACEMENT_3D('',#1489,#1490,#1491);
#1494=CURVE_STYLE('',#21,POSITIVE_LENGTH_MEASURE(2.E-2),#3);
#1495=PRESENTATION_STYLE_ASSIGNMENT((#1494));
#1496=STYLED_ITEM('',(#1495),#1493);
#1497=CARTESIAN_POINT('',(-1.658248919813E-1,0.E0,-6.188669220339E-1));
#1498=DIRECTION('',(0.E0,1.E0,0.E0));
#1499=DIRECTION('',(-9.661127544099E-1,0.E0,2.581204094344E-1));
#1500=AXIS2_PLACEMENT_3D('',#1497,#1498,#1499);
#1502=CURVE_STYLE('',#21,POSITIVE_LENGTH_MEASURE(2.E-2),#3);
#1503=PRESENTATION_STYLE_ASSIGNMENT((#1502));
#1504=STYLED_ITEM('',(#1503),#1501);
#1505=CARTESIAN_POINT('',(-1.658248919813E-1,2.519685039370E-1,
-6.188669220339E-1));
#1506=DIRECTION('',(0.E0,1.E0,0.E0));
#1507=DIRECTION('',(-9.661127544099E-1,0.E0,2.581204094344E-1));
#1508=AXIS2_PLACEMENT_3D('',#1505,#1506,#1507);
#1510=CURVE_STYLE('',#21,POSITIVE_LENGTH_MEASURE(2.E-2),#3);
#1511=PRESENTATION_STYLE_ASSIGNMENT((#1510));
#1512=STYLED_ITEM('',(#1511),#1509);
#1513=DIRECTION('',(0.E0,-1.E0,0.E0));
#1514=VECTOR('',#1513,2.519685039370E-1);
#1515=CARTESIAN_POINT('',(-1.989161556166E-1,2.519685039370E-1,
-6.100257898997E-1));
#1516=LINE('',#1515,#1514);
#1517=CURVE_STYLE('',#21,POSITIVE_LENGTH_MEASURE(2.E-2),#3);
#1518=PRESENTATION_STYLE_ASSIGNMENT((#1517));
#1519=STYLED_ITEM('',(#1518),#1516);
#1520=CARTESIAN_POINT('',(-1.228609398537E-1,2.519685039370E-1,
-6.304123876363E-1));
#1521=DIRECTION('',(0.E0,1.E0,0.E0));
#1522=DIRECTION('',(-1.912908412155E-1,0.E0,-9.815333993640E-1));
#1523=AXIS2_PLACEMENT_3D('',#1520,#1521,#1522);
#1525=CURVE_STYLE('',#21,POSITIVE_LENGTH_MEASURE(2.E-2),#3);
#1526=PRESENTATION_STYLE_ASSIGNMENT((#1525));
#1527=STYLED_ITEM('',(#1526),#1524);
#1528=DIRECTION('',(0.E0,-1.E0,0.E0));
#1529=VECTOR('',#1528,2.519685039370E-1);
#1530=CARTESIAN_POINT('',(-1.327464509627E-1,2.519685039370E-1,
-6.277559088251E-1));
#1531=LINE('',#1530,#1529);
#1532=CURVE_STYLE('',#21,POSITIVE_LENGTH_MEASURE(2.E-2),#3);
#1533=PRESENTATION_STYLE_ASSIGNMENT((#1532));
#1534=STYLED_ITEM('',(#1533),#1531);
#1535=CARTESIAN_POINT('',(-1.228609398537E-1,0.E0,-6.304123876363E-1));
#1536=DIRECTION('',(0.E0,1.E0,0.E0));
#1537=DIRECTION('',(-1.912908412155E-1,0.E0,-9.815333993640E-1));
#1538=AXIS2_PLACEMENT_3D('',#1535,#1536,#1537);
#1540=CURVE_STYLE('',#21,POSITIVE_LENGTH_MEASURE(2.E-2),#3);
#1541=PRESENTATION_STYLE_ASSIGNMENT((#1540));
#1542=STYLED_ITEM('',(#1541),#1539);
#1543=CARTESIAN_POINT('',(0.E0,2.519685039370E-1,0.E0));
#1544=DIRECTION('',(0.E0,-1.E0,0.E0));
#1545=DIRECTION('',(-1.912908412156E-1,0.E0,-9.815333993640E-1));
#1546=AXIS2_PLACEMENT_3D('',#1543,#1544,#1545);
#1548=CURVE_STYLE('',#21,POSITIVE_LENGTH_MEASURE(2.E-2),#3);
#1549=PRESENTATION_STYLE_ASSIGNMENT((#1548));
#1550=STYLED_ITEM('',(#1549),#1547);
#1551=DIRECTION('',(0.E0,-1.E0,0.E0));
#1552=VECTOR('',#1551,2.519685039370E-1);
#1553=CARTESIAN_POINT('',(-1.248190350788E-1,2.519685039370E-1,
-6.404595799133E-1));
#1554=LINE('',#1553,#1552);
#1555=CURVE_STYLE('',#21,POSITIVE_LENGTH_MEASURE(2.E-2),#3);
#1556=PRESENTATION_STYLE_ASSIGNMENT((#1555));
#1557=STYLED_ITEM('',(#1556),#1554);
#1558=CARTESIAN_POINT('',(0.E0,0.E0,0.E0));
#1559=DIRECTION('',(0.E0,1.E0,0.E0));
#1560=DIRECTION('',(-1.559496020152E-1,0.E0,-9.877650133667E-1));
#1561=AXIS2_PLACEMENT_3D('',#1558,#1559,#1560);
#1563=CURVE_STYLE('',#21,POSITIVE_LENGTH_MEASURE(2.E-2),#3);
#1564=PRESENTATION_STYLE_ASSIGNMENT((#1563));
#1565=STYLED_ITEM('',(#1564),#1562);
#1566=CARTESIAN_POINT('',(-1.001622166103E-1,2.519685039370E-1,
-6.344147849718E-1));
#1567=DIRECTION('',(0.E0,1.E0,0.E0));
#1568=DIRECTION('',(9.962574695438E-1,0.E0,-8.643526119751E-2));
#1569=AXIS2_PLACEMENT_3D('',#1566,#1567,#1568);
#1571=CURVE_STYLE('',#21,POSITIVE_LENGTH_MEASURE(2.E-2),#3);
#1572=PRESENTATION_STYLE_ASSIGNMENT((#1571));
#1573=STYLED_ITEM('',(#1572),#1570);
#1574=DIRECTION('',(0.E0,-1.E0,0.E0));
#1575=VECTOR('',#1574,2.519685039370E-1);
#1576=CARTESIAN_POINT('',(-1.017585511191E-1,2.519685039370E-1,
-6.445257654235E-1));
#1577=LINE('',#1576,#1575);
#1578=CURVE_STYLE('',#21,POSITIVE_LENGTH_MEASURE(2.E-2),#3);
#1579=PRESENTATION_STYLE_ASSIGNMENT((#1578));
#1580=STYLED_ITEM('',(#1579),#1577);
#1581=CARTESIAN_POINT('',(-1.001622166103E-1,0.E0,-6.344147849718E-1));
#1582=DIRECTION('',(0.E0,1.E0,0.E0));
#1583=DIRECTION('',(9.962574695438E-1,0.E0,-8.643526119751E-2));
#1584=AXIS2_PLACEMENT_3D('',#1581,#1582,#1583);
#1586=CURVE_STYLE('',#21,POSITIVE_LENGTH_MEASURE(2.E-2),#3);
#1587=PRESENTATION_STYLE_ASSIGNMENT((#1586));
#1588=STYLED_ITEM('',(#1587),#1585);
#1589=CARTESIAN_POINT('',(-5.584052603608E-2,0.E0,-6.382601332061E-1));
#1590=DIRECTION('',(0.E0,1.E0,0.E0));
#1591=DIRECTION('',(-9.962574695437E-1,0.E0,8.643526119760E-2));
#1592=AXIS2_PLACEMENT_3D('',#1589,#1590,#1591);
#1594=CURVE_STYLE('',#21,POSITIVE_LENGTH_MEASURE(2.E-2),#3);
#1595=PRESENTATION_STYLE_ASSIGNMENT((#1594));
#1596=STYLED_ITEM('',(#1595),#1593);
#1597=CARTESIAN_POINT('',(-5.584052603608E-2,2.519685039370E-1,
-6.382601332061E-1));
#1598=DIRECTION('',(0.E0,1.E0,0.E0));
#1599=DIRECTION('',(-9.962574695437E-1,0.E0,8.643526119760E-2));
#1600=AXIS2_PLACEMENT_3D('',#1597,#1598,#1599);
#1602=CURVE_STYLE('',#21,POSITIVE_LENGTH_MEASURE(2.E-2),#3);
#1603=PRESENTATION_STYLE_ASSIGNMENT((#1602));
#1604=STYLED_ITEM('',(#1603),#1601);
#1605=DIRECTION('',(0.E0,-1.E0,0.E0));
#1606=VECTOR('',#1605,2.519685039370E-1);
#1607=CARTESIAN_POINT('',(-8.996430550471E-2,2.519685039370E-1,
-6.352995553620E-1));
#1608=LINE('',#1607,#1606);
#1609=CURVE_STYLE('',#21,POSITIVE_LENGTH_MEASURE(2.E-2),#3);
#1610=PRESENTATION_STYLE_ASSIGNMENT((#1609));
#1611=STYLED_ITEM('',(#1610),#1608);
#1612=CARTESIAN_POINT('',(-1.152444381862E-2,2.519685039370E-1,
-6.421695852512E-1));
#1613=DIRECTION('',(0.E0,1.E0,0.E0));
#1614=DIRECTION('',(-1.794321739057E-2,0.E0,-9.998390075155E-1));
#1615=AXIS2_PLACEMENT_3D('',#1612,#1613,#1614);
#1617=CURVE_STYLE('',#21,POSITIVE_LENGTH_MEASURE(2.E-2),#3);
#1618=PRESENTATION_STYLE_ASSIGNMENT((#1617));
#1619=STYLED_ITEM('',(#1618),#1616);
#1620=DIRECTION('',(0.E0,-1.E0,0.E0));
#1621=VECTOR('',#1620,2.519685039370E-1);
#1622=CARTESIAN_POINT('',(-2.172106450582E-2,2.519685039370E-1,
-6.412700653116E-1));
#1623=LINE('',#1622,#1621);
#1624=CURVE_STYLE('',#21,POSITIVE_LENGTH_MEASURE(2.E-2),#3);
#1625=PRESENTATION_STYLE_ASSIGNMENT((#1624));
#1626=STYLED_ITEM('',(#1625),#1623);
#1627=CARTESIAN_POINT('',(-1.152444381862E-2,0.E0,-6.421695852512E-1));
#1628=DIRECTION('',(0.E0,1.E0,0.E0));
#1629=DIRECTION('',(-1.794321739047E-2,0.E0,-9.998390075155E-1));
#1630=AXIS2_PLACEMENT_3D('',#1627,#1628,#1629);
#1632=CURVE_STYLE('',#21,POSITIVE_LENGTH_MEASURE(2.E-2),#3);
#1633=PRESENTATION_STYLE_ASSIGNMENT((#1632));
#1634=STYLED_ITEM('',(#1633),#1631);
#1635=DIRECTION('',(-7.071067811865E-1,7.071067811865E-1,-5.716210190109E-10));
#1636=VECTOR('',#1635,3.424178507385E-2);
#1637=CARTESIAN_POINT('',(-6.525092068454E-1,2.519685039350E-1,
8.810078447438E-11));
#1638=LINE('',#1637,#1636);
#1639=CURVE_STYLE('',#21,POSITIVE_LENGTH_MEASURE(2.E-2),#3);
#1640=PRESENTATION_STYLE_ASSIGNMENT((#1639));
#1641=STYLED_ITEM('',(#1640),#1638);
#1642=CARTESIAN_POINT('',(0.E0,2.761811023622E-1,0.E0));
#1643=DIRECTION('',(0.E0,-1.E0,0.E0));
#1644=DIRECTION('',(-1.E0,0.E0,0.E0));
#1645=AXIS2_PLACEMENT_3D('',#1642,#1643,#1644);
#1647=CURVE_STYLE('',#21,POSITIVE_LENGTH_MEASURE(2.E-2),#3);
#1648=PRESENTATION_STYLE_ASSIGNMENT((#1647));
#1649=STYLED_ITEM('',(#1648),#1646);
#1650=DIRECTION('',(2.914644057509E-11,1.E0,1.256748666895E-9));
#1651=VECTOR('',#1650,5.452755905671E-2);
#1652=CARTESIAN_POINT('',(6.767218052710E-1,2.761811023606E-1,
-6.852735427905E-11));
#1653=LINE('',#1652,#1651);
#1654=CURVE_STYLE('',#21,POSITIVE_LENGTH_MEASURE(2.E-2),#3);
#1655=PRESENTATION_STYLE_ASSIGNMENT((#1654));
#1656=STYLED_ITEM('',(#1655),#1653);
#1657=CARTESIAN_POINT('',(0.E0,2.761811023622E-1,0.E0));
#1658=DIRECTION('',(0.E0,-1.E0,0.E0));
#1659=DIRECTION('',(1.E0,0.E0,0.E0));
#1660=AXIS2_PLACEMENT_3D('',#1657,#1658,#1659);
#1662=CURVE_STYLE('',#21,POSITIVE_LENGTH_MEASURE(2.E-2),#3);
#1663=PRESENTATION_STYLE_ASSIGNMENT((#1662));
#1664=STYLED_ITEM('',(#1663),#1661);
#1665=DIRECTION('',(-2.914644057509E-11,1.E0,-1.256750613043E-9));
#1666=VECTOR('',#1665,5.452755905671E-2);
#1667=CARTESIAN_POINT('',(-6.767218052710E-1,2.761811023606E-1,
6.852746039772E-11));
#1668=LINE('',#1667,#1666);
#1669=CURVE_STYLE('',#21,POSITIVE_LENGTH_MEASURE(2.E-2),#3);
#1670=PRESENTATION_STYLE_ASSIGNMENT((#1669));
#1671=STYLED_ITEM('',(#1670),#1668);
#1672=CARTESIAN_POINT('',(0.E0,3.307086614173E-1,0.E0));
#1673=DIRECTION('',(0.E0,1.E0,0.E0));
#1674=DIRECTION('',(1.E0,0.E0,0.E0));
#1675=AXIS2_PLACEMENT_3D('',#1672,#1673,#1674);
#1677=CURVE_STYLE('',#21,POSITIVE_LENGTH_MEASURE(2.E-2),#3);
#1678=PRESENTATION_STYLE_ASSIGNMENT((#1677));
#1679=STYLED_ITEM('',(#1678),#1676);
#1680=CARTESIAN_POINT('',(0.E0,3.307086614173E-1,0.E0));
#1681=DIRECTION('',(0.E0,1.E0,0.E0));
#1682=DIRECTION('',(-1.E0,0.E0,0.E0));
#1683=AXIS2_PLACEMENT_3D('',#1680,#1681,#1682);
#1685=CURVE_STYLE('',#21,POSITIVE_LENGTH_MEASURE(2.E-2),#3);
#1686=PRESENTATION_STYLE_ASSIGNMENT((#1685));
#1687=STYLED_ITEM('',(#1686),#1684);
#1688=CARTESIAN_POINT('',(0.E0,3.307086614173E-1,0.E0));
#1689=DIRECTION('',(0.E0,-1.E0,0.E0));
#1690=DIRECTION('',(-1.E0,0.E0,0.E0));
#1691=AXIS2_PLACEMENT_3D('',#1688,#1689,#1690);
#1693=CURVE_STYLE('',#21,POSITIVE_LENGTH_MEASURE(2.E-2),#3);
#1694=PRESENTATION_STYLE_ASSIGNMENT((#1693));
#1695=STYLED_ITEM('',(#1694),#1692);
#1696=CARTESIAN_POINT('',(0.E0,3.307086614173E-1,0.E0));
#1697=DIRECTION('',(0.E0,-1.E0,0.E0));
#1698=DIRECTION('',(1.E0,0.E0,0.E0));
#1699=AXIS2_PLACEMENT_3D('',#1696,#1697,#1698);
#1701=CURVE_STYLE('',#21,POSITIVE_LENGTH_MEASURE(2.E-2),#3);
#1702=PRESENTATION_STYLE_ASSIGNMENT((#1701));
#1703=STYLED_ITEM('',(#1702),#1700);
#1704=CARTESIAN_POINT('',(-1.771653543307E-1,3.110236220472E-1,
1.288800880253E-11));
#1705=DIRECTION('',(-7.274564978177E-11,0.E0,-1.E0));
#1706=DIRECTION('',(2.513295127571E-11,1.E0,0.E0));
#1707=AXIS2_PLACEMENT_3D('',#1704,#1705,#1706);
#1709=CURVE_STYLE('',#21,POSITIVE_LENGTH_MEASURE(2.E-2),#3);
#1710=PRESENTATION_STYLE_ASSIGNMENT((#1709));
#1711=STYLED_ITEM('',(#1710),#1708);
#1712=CARTESIAN_POINT('',(1.771653543307E-1,3.110236220472E-1,
-1.288809467134E-11));
#1713=DIRECTION('',(7.274613550434E-11,0.E0,1.E0));
#1714=DIRECTION('',(-2.514282115840E-11,1.E0,0.E0));
#1715=AXIS2_PLACEMENT_3D('',#1712,#1713,#1714);
#1717=CURVE_STYLE('',#21,POSITIVE_LENGTH_MEASURE(2.E-2),#3);
#1718=PRESENTATION_STYLE_ASSIGNMENT((#1717));
#1719=STYLED_ITEM('',(#1718),#1716);
#1720=CARTESIAN_POINT('',(0.E0,-5.905511811024E-2,0.E0));
#1721=DIRECTION('',(0.E0,1.E0,0.E0));
#1722=DIRECTION('',(-1.E0,0.E0,0.E0));
#1723=AXIS2_PLACEMENT_3D('',#1720,#1721,#1722);
#1725=CURVE_STYLE('',#21,POSITIVE_LENGTH_MEASURE(2.E-2),#3);
#1726=PRESENTATION_STYLE_ASSIGNMENT((#1725));
#1727=STYLED_ITEM('',(#1726),#1724);
#1728=DIRECTION('',(0.E0,1.E0,5.213522017690E-14));
#1729=VECTOR('',#1728,3.700787401575E-1);
#1730=CARTESIAN_POINT('',(1.574803149606E-1,-5.905511811024E-2,
2.168639298093E-12));
#1731=LINE('',#1730,#1729);
#1732=CURVE_STYLE('',#21,POSITIVE_LENGTH_MEASURE(2.E-2),#3);
#1733=PRESENTATION_STYLE_ASSIGNMENT((#1732));
#1734=STYLED_ITEM('',(#1733),#1731);
#1735=CARTESIAN_POINT('',(0.E0,3.110236220472E-1,0.E0));
#1736=DIRECTION('',(0.E0,-1.E0,0.E0));
#1737=DIRECTION('',(1.E0,0.E0,0.E0));
#1738=AXIS2_PLACEMENT_3D('',#1735,#1736,#1737);
#1740=CURVE_STYLE('',#21,POSITIVE_LENGTH_MEASURE(2.E-2),#3);
#1741=PRESENTATION_STYLE_ASSIGNMENT((#1740));
#1742=STYLED_ITEM('',(#1741),#1739);
#1743=CARTESIAN_POINT('',(-1.771653543307E-1,-5.905511811024E-2,
-2.268527206362E-11));
#1744=DIRECTION('',(-1.280457580244E-10,0.E0,1.E0));
#1745=DIRECTION('',(6.869297353163E-11,-1.E0,0.E0));
#1746=AXIS2_PLACEMENT_3D('',#1743,#1744,#1745);
#1748=CURVE_STYLE('',#21,POSITIVE_LENGTH_MEASURE(2.E-2),#3);
#1749=PRESENTATION_STYLE_ASSIGNMENT((#1748));
#1750=STYLED_ITEM('',(#1749),#1747);
#1751=CARTESIAN_POINT('',(0.E0,-7.874015748031E-2,0.E0));
#1752=DIRECTION('',(0.E0,1.E0,0.E0));
#1753=DIRECTION('',(1.E0,0.E0,0.E0));
#1754=AXIS2_PLACEMENT_3D('',#1751,#1752,#1753);
#1756=CURVE_STYLE('',#21,POSITIVE_LENGTH_MEASURE(2.E-2),#3);
#1757=PRESENTATION_STYLE_ASSIGNMENT((#1756));
#1758=STYLED_ITEM('',(#1757),#1755);
#1759=CARTESIAN_POINT('',(0.E0,-7.874015748031E-2,0.E0));
#1760=DIRECTION('',(0.E0,1.E0,0.E0));
#1761=DIRECTION('',(-1.E0,0.E0,0.E0));
#1762=AXIS2_PLACEMENT_3D('',#1759,#1760,#1761);
#1764=CURVE_STYLE('',#21,POSITIVE_LENGTH_MEASURE(2.E-2),#3);
#1765=PRESENTATION_STYLE_ASSIGNMENT((#1764));
#1766=STYLED_ITEM('',(#1765),#1763);
#1767=CARTESIAN_POINT('',(0.E0,-7.874015748031E-2,0.E0));
#1768=DIRECTION('',(0.E0,1.E0,0.E0));
#1769=DIRECTION('',(1.E0,0.E0,0.E0));
#1770=AXIS2_PLACEMENT_3D('',#1767,#1768,#1769);
#1772=CURVE_STYLE('',#21,POSITIVE_LENGTH_MEASURE(2.E-2),#3);
#1773=PRESENTATION_STYLE_ASSIGNMENT((#1772));
#1774=STYLED_ITEM('',(#1773),#1771);
#1775=CARTESIAN_POINT('',(0.E0,-7.874015748031E-2,0.E0));
#1776=DIRECTION('',(0.E0,1.E0,0.E0));
#1777=DIRECTION('',(-1.E0,0.E0,0.E0));
#1778=AXIS2_PLACEMENT_3D('',#1775,#1776,#1777);
#1780=CURVE_STYLE('',#21,POSITIVE_LENGTH_MEASURE(2.E-2),#3);
#1781=PRESENTATION_STYLE_ASSIGNMENT((#1780));
#1782=STYLED_ITEM('',(#1781),#1779);
#1783=CARTESIAN_POINT('',(0.E0,-2.421259842520E-2,0.E0));
#1784=DIRECTION('',(0.E0,1.E0,0.E0));
#1785=DIRECTION('',(1.E0,0.E0,0.E0));
#1786=AXIS2_PLACEMENT_3D('',#1783,#1784,#1785);
#1788=CURVE_STYLE('',#21,POSITIVE_LENGTH_MEASURE(2.E-2),#3);
#1789=PRESENTATION_STYLE_ASSIGNMENT((#1788));
#1790=STYLED_ITEM('',(#1789),#1787);
#1791=DIRECTION('',(2.914440449821E-11,-1.E0,1.256752111539E-9));
#1792=VECTOR('',#1791,5.452755905671E-2);
#1793=CARTESIAN_POINT('',(6.767218052710E-1,-2.421259842361E-2,
-6.852754210708E-11));
#1794=LINE('',#1793,#1792);
#1795=CURVE_STYLE('',#21,POSITIVE_LENGTH_MEASURE(2.E-2),#3);
#1796=PRESENTATION_STYLE_ASSIGNMENT((#1795));
#1797=STYLED_ITEM('',(#1796),#1794);
#1798=DIRECTION('',(7.071067811865E-1,-7.071067811865E-1,5.716241073737E-10));
#1799=VECTOR('',#1798,3.424178507385E-2);
#1800=CARTESIAN_POINT('',(6.525092068454E-1,2.042995402481E-12,
-8.810097193480E-11));
#1801=LINE('',#1800,#1799);
#1802=CURVE_STYLE('',#21,POSITIVE_LENGTH_MEASURE(2.E-2),#3);
#1803=PRESENTATION_STYLE_ASSIGNMENT((#1802));
#1804=STYLED_ITEM('',(#1803),#1801);
#1805=CARTESIAN_POINT('',(0.E0,2.519685039370E-1,0.E0));
#1806=DIRECTION('',(0.E0,-1.E0,0.E0));
#1807=DIRECTION('',(1.E0,0.E0,0.E0));
#1808=AXIS2_PLACEMENT_3D('',#1805,#1806,#1807);
#1810=CURVE_STYLE('',#21,POSITIVE_LENGTH_MEASURE(2.E-2),#3);
#1811=PRESENTATION_STYLE_ASSIGNMENT((#1810));
#1812=STYLED_ITEM('',(#1811),#1809);
#1813=CARTESIAN_POINT('',(0.E0,2.519685039370E-1,0.E0));
#1814=DIRECTION('',(0.E0,-1.E0,0.E0));
#1815=DIRECTION('',(9.998390075155E-1,0.E0,-1.794321739057E-2));
#1816=AXIS2_PLACEMENT_3D('',#1813,#1814,#1815);
#1818=CURVE_STYLE('',#21,POSITIVE_LENGTH_MEASURE(2.E-2),#3);
#1819=PRESENTATION_STYLE_ASSIGNMENT((#1818));
#1820=STYLED_ITEM('',(#1819),#1817);
#1821=DIRECTION('',(0.E0,-1.E0,0.E0));
#1822=VECTOR('',#1821,2.519685039362E-1);
#1823=CARTESIAN_POINT('',(6.524041577687E-1,2.519685039366E-1,
-1.170811454780E-2));
#1824=LINE('',#1823,#1822);
#1825=CURVE_STYLE('',#21,POSITIVE_LENGTH_MEASURE(2.E-2),#3);
#1826=PRESENTATION_STYLE_ASSIGNMENT((#1825));
#1827=STYLED_ITEM('',(#1826),#1824);
#1828=CARTESIAN_POINT('',(0.E0,0.E0,0.E0));
#1829=DIRECTION('',(0.E0,1.E0,0.E0));
#1830=DIRECTION('',(1.E0,0.E0,0.E0));
#1831=AXIS2_PLACEMENT_3D('',#1828,#1829,#1830);
#1833=CURVE_STYLE('',#21,POSITIVE_LENGTH_MEASURE(2.E-2),#3);
#1834=PRESENTATION_STYLE_ASSIGNMENT((#1833));
#1835=STYLED_ITEM('',(#1834),#1832);
#1836=CARTESIAN_POINT('',(0.E0,0.E0,0.E0));
#1837=DIRECTION('',(0.E0,1.E0,0.E0));
#1838=DIRECTION('',(9.998390075155E-1,0.E0,1.794321739057E-2));
#1839=AXIS2_PLACEMENT_3D('',#1836,#1837,#1838);
#1841=CURVE_STYLE('',#21,POSITIVE_LENGTH_MEASURE(2.E-2),#3);
#1842=PRESENTATION_STYLE_ASSIGNMENT((#1841));
#1843=STYLED_ITEM('',(#1842),#1840);
#1844=CARTESIAN_POINT('',(6.421695852512E-1,2.519685039370E-1,
1.152444381862E-2));
#1845=DIRECTION('',(0.E0,1.E0,0.E0));
#1846=DIRECTION('',(-8.787617871231E-2,0.E0,9.961314055961E-1));
#1847=AXIS2_PLACEMENT_3D('',#1844,#1845,#1846);
#1849=CURVE_STYLE('',#21,POSITIVE_LENGTH_MEASURE(2.E-2),#3);
#1850=PRESENTATION_STYLE_ASSIGNMENT((#1849));
#1851=STYLED_ITEM('',(#1850),#1848);
#1852=DIRECTION('',(0.E0,-1.E0,0.E0));
#1853=VECTOR('',#1852,2.519685039354E-1);
#1854=CARTESIAN_POINT('',(6.524041577683E-1,2.519685039362E-1,
1.170811454780E-2));
#1855=LINE('',#1854,#1853);
#1856=CURVE_STYLE('',#21,POSITIVE_LENGTH_MEASURE(2.E-2),#3);
#1857=PRESENTATION_STYLE_ASSIGNMENT((#1856));
#1858=STYLED_ITEM('',(#1857),#1855);
#1859=CARTESIAN_POINT('',(6.421695852512E-1,0.E0,1.152444381862E-2));
#1860=DIRECTION('',(0.E0,1.E0,0.E0));
#1861=DIRECTION('',(-8.787617871231E-2,0.E0,9.961314055961E-1));
#1862=AXIS2_PLACEMENT_3D('',#1859,#1860,#1861);
#1864=CURVE_STYLE('',#21,POSITIVE_LENGTH_MEASURE(2.E-2),#3);
#1865=PRESENTATION_STYLE_ASSIGNMENT((#1864));
#1866=STYLED_ITEM('',(#1865),#1863);
#1867=CARTESIAN_POINT('',(6.382601332061E-1,0.E0,5.584052603608E-2));
#1868=DIRECTION('',(0.E0,1.E0,0.E0));
#1869=DIRECTION('',(8.787617871233E-2,0.E0,-9.961314055961E-1));
#1870=AXIS2_PLACEMENT_3D('',#1867,#1868,#1869);
#1872=CURVE_STYLE('',#21,POSITIVE_LENGTH_MEASURE(2.E-2),#3);
#1873=PRESENTATION_STYLE_ASSIGNMENT((#1872));
#1874=STYLED_ITEM('',(#1873),#1871);
#1875=CARTESIAN_POINT('',(6.382601332061E-1,2.519685039370E-1,
5.584052603608E-2));
#1876=DIRECTION('',(0.E0,1.E0,0.E0));
#1877=DIRECTION('',(8.787617871233E-2,0.E0,-9.961314055961E-1));
#1878=AXIS2_PLACEMENT_3D('',#1875,#1876,#1877);
#1880=CURVE_STYLE('',#21,POSITIVE_LENGTH_MEASURE(2.E-2),#3);
#1881=PRESENTATION_STYLE_ASSIGNMENT((#1880));
#1882=STYLED_ITEM('',(#1881),#1879);
#1883=DIRECTION('',(0.E0,-1.E0,0.E0));
#1884=VECTOR('',#1883,2.519685039370E-1);
#1885=CARTESIAN_POINT('',(6.412700653116E-1,2.519685039370E-1,
2.172106450582E-2));
#1886=LINE('',#1885,#1884);
#1887=CURVE_STYLE('',#21,POSITIVE_LENGTH_MEASURE(2.E-2),#3);
#1888=PRESENTATION_STYLE_ASSIGNMENT((#1887));
#1889=STYLED_ITEM('',(#1888),#1886);
#1890=CARTESIAN_POINT('',(6.344147849718E-1,2.519685039370E-1,
1.001622166103E-1));
#1891=DIRECTION('',(0.E0,1.E0,0.E0));
#1892=DIRECTION('',(9.877650133667E-1,0.E0,1.559496020150E-1));
#1893=AXIS2_PLACEMENT_3D('',#1890,#1891,#1892);
#1895=CURVE_STYLE('',#21,POSITIVE_LENGTH_MEASURE(2.E-2),#3);
#1896=PRESENTATION_STYLE_ASSIGNMENT((#1895));
#1897=STYLED_ITEM('',(#1896),#1894);
#1898=DIRECTION('',(0.E0,-1.E0,0.E0));
#1899=VECTOR('',#1898,2.519685039370E-1);
#1900=CARTESIAN_POINT('',(6.352995553620E-1,2.519685039370E-1,
8.996430550471E-2));
#1901=LINE('',#1900,#1899);
#1902=CURVE_STYLE('',#21,POSITIVE_LENGTH_MEASURE(2.E-2),#3);
#1903=PRESENTATION_STYLE_ASSIGNMENT((#1902));
#1904=STYLED_ITEM('',(#1903),#1901);
#1905=CARTESIAN_POINT('',(6.344147849718E-1,0.E0,1.001622166103E-1));
#1906=DIRECTION('',(0.E0,1.E0,0.E0));
#1907=DIRECTION('',(9.877650133667E-1,0.E0,1.559496020152E-1));
#1908=AXIS2_PLACEMENT_3D('',#1905,#1906,#1907);
#1910=CURVE_STYLE('',#21,POSITIVE_LENGTH_MEASURE(2.E-2),#3);
#1911=PRESENTATION_STYLE_ASSIGNMENT((#1910));
#1912=STYLED_ITEM('',(#1911),#1909);
#1913=CARTESIAN_POINT('',(6.421695852512E-1,2.519685039370E-1,
-1.152444381862E-2));
#1914=DIRECTION('',(0.E0,1.E0,0.E0));
#1915=DIRECTION('',(9.998390075155E-1,0.E0,-1.794321739057E-2));
#1916=AXIS2_PLACEMENT_3D('',#1913,#1914,#1915);
#1918=CURVE_STYLE('',#21,POSITIVE_LENGTH_MEASURE(2.E-2),#3);
#1919=PRESENTATION_STYLE_ASSIGNMENT((#1918));
#1920=STYLED_ITEM('',(#1919),#1917);
#1921=DIRECTION('',(0.E0,-1.E0,0.E0));
#1922=VECTOR('',#1921,2.519685039370E-1);
#1923=CARTESIAN_POINT('',(6.412700653116E-1,2.519685039370E-1,
-2.172106450582E-2));
#1924=LINE('',#1923,#1922);
#1925=CURVE_STYLE('',#21,POSITIVE_LENGTH_MEASURE(2.E-2),#3);
#1926=PRESENTATION_STYLE_ASSIGNMENT((#1925));
#1927=STYLED_ITEM('',(#1926),#1924);
#1928=CARTESIAN_POINT('',(6.421695852512E-1,0.E0,-1.152444381862E-2));
#1929=DIRECTION('',(0.E0,1.E0,0.E0));
#1930=DIRECTION('',(9.998390075155E-1,0.E0,-1.794321739057E-2));
#1931=AXIS2_PLACEMENT_3D('',#1928,#1929,#1930);
#1933=CURVE_STYLE('',#21,POSITIVE_LENGTH_MEASURE(2.E-2),#3);
#1934=PRESENTATION_STYLE_ASSIGNMENT((#1933));
#1935=STYLED_ITEM('',(#1934),#1932);
#1936=CARTESIAN_POINT('',(6.382601332061E-1,0.E0,-5.584052603608E-2));
#1937=DIRECTION('',(0.E0,1.E0,0.E0));
#1938=DIRECTION('',(-8.643526119758E-2,0.E0,-9.962574695437E-1));
#1939=AXIS2_PLACEMENT_3D('',#1936,#1937,#1938);
#1941=CURVE_STYLE('',#21,POSITIVE_LENGTH_MEASURE(2.E-2),#3);
#1942=PRESENTATION_STYLE_ASSIGNMENT((#1941));
#1943=STYLED_ITEM('',(#1942),#1940);
#1944=CARTESIAN_POINT('',(6.382601332061E-1,2.519685039370E-1,
-5.584052603608E-2));
#1945=DIRECTION('',(0.E0,1.E0,0.E0));
#1946=DIRECTION('',(-8.643526119758E-2,0.E0,-9.962574695437E-1));
#1947=AXIS2_PLACEMENT_3D('',#1944,#1945,#1946);
#1949=CURVE_STYLE('',#21,POSITIVE_LENGTH_MEASURE(2.E-2),#3);
#1950=PRESENTATION_STYLE_ASSIGNMENT((#1949));
#1951=STYLED_ITEM('',(#1950),#1948);
#1952=DIRECTION('',(0.E0,-1.E0,0.E0));
#1953=VECTOR('',#1952,2.519685039370E-1);
#1954=CARTESIAN_POINT('',(6.352995553620E-1,2.519685039370E-1,
-8.996430550471E-2));
#1955=LINE('',#1954,#1953);
#1956=CURVE_STYLE('',#21,POSITIVE_LENGTH_MEASURE(2.E-2),#3);
#1957=PRESENTATION_STYLE_ASSIGNMENT((#1956));
#1958=STYLED_ITEM('',(#1957),#1955);
#1959=CARTESIAN_POINT('',(6.344147849718E-1,2.519685039370E-1,
-1.001622166103E-1));
#1960=DIRECTION('',(0.E0,1.E0,0.E0));
#1961=DIRECTION('',(8.643526119759E-2,0.E0,9.962574695437E-1));
#1962=AXIS2_PLACEMENT_3D('',#1959,#1960,#1961);
#1964=CURVE_STYLE('',#21,POSITIVE_LENGTH_MEASURE(2.E-2),#3);
#1965=PRESENTATION_STYLE_ASSIGNMENT((#1964));
#1966=STYLED_ITEM('',(#1965),#1963);
#1967=DIRECTION('',(0.E0,-1.E0,0.E0));
#1968=VECTOR('',#1967,2.519685039371E-1);
#1969=CARTESIAN_POINT('',(6.445257654236E-1,2.519685039370E-1,
-1.017585511191E-1));
#1970=LINE('',#1969,#1968);
#1971=CURVE_STYLE('',#21,POSITIVE_LENGTH_MEASURE(2.E-2),#3);
#1972=PRESENTATION_STYLE_ASSIGNMENT((#1971));
#1973=STYLED_ITEM('',(#1972),#1970);
#1974=CARTESIAN_POINT('',(6.344147849718E-1,0.E0,-1.001622166103E-1));
#1975=DIRECTION('',(0.E0,1.E0,0.E0));
#1976=DIRECTION('',(8.643526119759E-2,0.E0,9.962574695437E-1));
#1977=AXIS2_PLACEMENT_3D('',#1974,#1975,#1976);
#1979=CURVE_STYLE('',#21,POSITIVE_LENGTH_MEASURE(2.E-2),#3);
#1980=PRESENTATION_STYLE_ASSIGNMENT((#1979));
#1981=STYLED_ITEM('',(#1980),#1978);
#1982=CARTESIAN_POINT('',(0.E0,2.519685039370E-1,0.E0));
#1983=DIRECTION('',(0.E0,-1.E0,0.E0));
#1984=DIRECTION('',(9.815333993640E-1,0.E0,-1.912908412156E-1));
#1985=AXIS2_PLACEMENT_3D('',#1982,#1983,#1984);
#1987=CURVE_STYLE('',#21,POSITIVE_LENGTH_MEASURE(2.E-2),#3);
#1988=PRESENTATION_STYLE_ASSIGNMENT((#1987));
#1989=STYLED_ITEM('',(#1988),#1986);
#1990=DIRECTION('',(0.E0,-1.E0,0.E0));
#1991=VECTOR('',#1990,2.519685039371E-1);
#1992=CARTESIAN_POINT('',(6.404595799133E-1,2.519685039370E-1,
-1.248190350788E-1));
#1993=LINE('',#1992,#1991);
#1994=CURVE_STYLE('',#21,POSITIVE_LENGTH_MEASURE(2.E-2),#3);
#1995=PRESENTATION_STYLE_ASSIGNMENT((#1994));
#1996=STYLED_ITEM('',(#1995),#1993);
#1997=CARTESIAN_POINT('',(0.E0,0.E0,0.E0));
#1998=DIRECTION('',(0.E0,1.E0,0.E0));
#1999=DIRECTION('',(9.877650133667E-1,0.E0,-1.559496020152E-1));
#2000=AXIS2_PLACEMENT_3D('',#1997,#1998,#1999);
#2002=CURVE_STYLE('',#21,POSITIVE_LENGTH_MEASURE(2.E-2),#3);
#2003=PRESENTATION_STYLE_ASSIGNMENT((#2002));
#2004=STYLED_ITEM('',(#2003),#2001);
#2005=CARTESIAN_POINT('',(6.304123876363E-1,2.519685039370E-1,
-1.228609398537E-1));
#2006=DIRECTION('',(0.E0,1.E0,0.E0));
#2007=DIRECTION('',(9.815333993640E-1,0.E0,-1.912908412156E-1));
#2008=AXIS2_PLACEMENT_3D('',#2005,#2006,#2007);
#2010=CURVE_STYLE('',#21,POSITIVE_LENGTH_MEASURE(2.E-2),#3);
#2011=PRESENTATION_STYLE_ASSIGNMENT((#2010));
#2012=STYLED_ITEM('',(#2011),#2009);
#2013=DIRECTION('',(0.E0,-1.E0,0.E0));
#2014=VECTOR('',#2013,2.519685039370E-1);
#2015=CARTESIAN_POINT('',(6.277559088251E-1,2.519685039370E-1,
-1.327464509627E-1));
#2016=LINE('',#2015,#2014);
#2017=CURVE_STYLE('',#21,POSITIVE_LENGTH_MEASURE(2.E-2),#3);
#2018=PRESENTATION_STYLE_ASSIGNMENT((#2017));
#2019=STYLED_ITEM('',(#2018),#2016);
#2020=CARTESIAN_POINT('',(6.304123876363E-1,0.E0,-1.228609398537E-1));
#2021=DIRECTION('',(0.E0,1.E0,0.E0));
#2022=DIRECTION('',(9.815333993640E-1,0.E0,-1.912908412156E-1));
#2023=AXIS2_PLACEMENT_3D('',#2020,#2021,#2022);
#2025=CURVE_STYLE('',#21,POSITIVE_LENGTH_MEASURE(2.E-2),#3);
#2026=PRESENTATION_STYLE_ASSIGNMENT((#2025));
#2027=STYLED_ITEM('',(#2026),#2024);
#2028=CARTESIAN_POINT('',(6.188669220339E-1,0.E0,-1.658248919813E-1));
#2029=DIRECTION('',(0.E0,1.E0,0.E0));
#2030=DIRECTION('',(-2.581204094343E-1,0.E0,-9.661127544099E-1));
#2031=AXIS2_PLACEMENT_3D('',#2028,#2029,#2030);
#2033=CURVE_STYLE('',#21,POSITIVE_LENGTH_MEASURE(2.E-2),#3);
#2034=PRESENTATION_STYLE_ASSIGNMENT((#2033));
#2035=STYLED_ITEM('',(#2034),#2032);
#2036=CARTESIAN_POINT('',(6.188669220339E-1,2.519685039370E-1,
-1.658248919813E-1));
#2037=DIRECTION('',(0.E0,1.E0,0.E0));
#2038=DIRECTION('',(-2.581204094343E-1,0.E0,-9.661127544099E-1));
#2039=AXIS2_PLACEMENT_3D('',#2036,#2037,#2038);
#2041=CURVE_STYLE('',#21,POSITIVE_LENGTH_MEASURE(2.E-2),#3);
#2042=PRESENTATION_STYLE_ASSIGNMENT((#2041));
#2043=STYLED_ITEM('',(#2042),#2040);
#2044=DIRECTION('',(0.E0,-1.E0,0.E0));
#2045=VECTOR('',#2044,2.519685039370E-1);
#2046=CARTESIAN_POINT('',(6.100257898997E-1,2.519685039370E-1,
-1.989161556166E-1));
#2047=LINE('',#2046,#2045);
#2048=CURVE_STYLE('',#21,POSITIVE_LENGTH_MEASURE(2.E-2),#3);
#2049=PRESENTATION_STYLE_ASSIGNMENT((#2048));
#2050=STYLED_ITEM('',(#2049),#2047);
#2051=CARTESIAN_POINT('',(6.073836124803E-1,2.519685039370E-1,
-2.088054987720E-1));
#2052=DIRECTION('',(0.E0,1.E0,0.E0));
#2053=DIRECTION('',(2.581204094345E-1,0.E0,9.661127544098E-1));
#2054=AXIS2_PLACEMENT_3D('',#2051,#2052,#2053);
#2056=CURVE_STYLE('',#21,POSITIVE_LENGTH_MEASURE(2.E-2),#3);
#2057=PRESENTATION_STYLE_ASSIGNMENT((#2056));
#2058=STYLED_ITEM('',(#2057),#2055);
#2059=DIRECTION('',(0.E0,-1.E0,0.E0));
#2060=VECTOR('',#2059,2.519685039370E-1);
#2061=CARTESIAN_POINT('',(6.170637838414E-1,2.519685039370E-1,
-2.121333347026E-1));
#2062=LINE('',#2061,#2060);
#2063=CURVE_STYLE('',#21,POSITIVE_LENGTH_MEASURE(2.E-2),#3);
#2064=PRESENTATION_STYLE_ASSIGNMENT((#2063));
#2065=STYLED_ITEM('',(#2064),#2062);
#2066=CARTESIAN_POINT('',(6.073836124803E-1,0.E0,-2.088054987720E-1));
#2067=DIRECTION('',(0.E0,1.E0,0.E0));
#2068=DIRECTION('',(2.581204094345E-1,0.E0,9.661127544098E-1));
#2069=AXIS2_PLACEMENT_3D('',#2066,#2067,#2068);
#2071=CURVE_STYLE('',#21,POSITIVE_LENGTH_MEASURE(2.E-2),#3);
#2072=PRESENTATION_STYLE_ASSIGNMENT((#2071));
#2073=STYLED_ITEM('',(#2072),#2070);
#2074=CARTESIAN_POINT('',(0.E0,2.519685039370E-1,0.E0));
#2075=DIRECTION('',(0.E0,-1.E0,0.E0));
#2076=DIRECTION('',(9.334043955526E-1,0.E0,-3.588261896281E-1));
#2077=AXIS2_PLACEMENT_3D('',#2074,#2075,#2076);
#2079=CURVE_STYLE('',#21,POSITIVE_LENGTH_MEASURE(2.E-2),#3);
#2080=PRESENTATION_STYLE_ASSIGNMENT((#2079));
#2081=STYLED_ITEM('',(#2080),#2078);
#2082=DIRECTION('',(0.E0,-1.E0,0.E0));
#2083=VECTOR('',#2082,2.519685039370E-1);
#2084=CARTESIAN_POINT('',(6.090549618099E-1,2.519685039370E-1,
-2.341373923903E-1));
#2085=LINE('',#2084,#2083);
#2086=CURVE_STYLE('',#21,POSITIVE_LENGTH_MEASURE(2.E-2),#3);
#2087=PRESENTATION_STYLE_ASSIGNMENT((#2086));
#2088=STYLED_ITEM('',(#2087),#2085);
#2089=CARTESIAN_POINT('',(0.E0,0.E0,0.E0));
#2090=DIRECTION('',(0.E0,1.E0,0.E0));
#2091=DIRECTION('',(9.456782791199E-1,0.E0,-3.251039716780E-1));
#2092=AXIS2_PLACEMENT_3D('',#2089,#2090,#2091);
#2094=CURVE_STYLE('',#21,POSITIVE_LENGTH_MEASURE(2.E-2),#3);
#2095=PRESENTATION_STYLE_ASSIGNMENT((#2094));
#2096=STYLED_ITEM('',(#2095),#2093);
#2097=CARTESIAN_POINT('',(5.995004286271E-1,2.519685039370E-1,
-2.304643684020E-1));
#2098=DIRECTION('',(0.E0,1.E0,0.E0));
#2099=DIRECTION('',(9.334043955526E-1,0.E0,-3.588261896282E-1));
#2100=AXIS2_PLACEMENT_3D('',#2097,#2098,#2099);
#2102=CURVE_STYLE('',#21,POSITIVE_LENGTH_MEASURE(2.E-2),#3);
#2103=PRESENTATION_STYLE_ASSIGNMENT((#2102));
#2104=STYLED_ITEM('',(#2103),#2101);
#2105=DIRECTION('',(0.E0,-1.E0,0.E0));
#2106=VECTOR('',#2105,2.519685039370E-1);
#2107=CARTESIAN_POINT('',(5.951677067088E-1,2.519685039370E-1,
-2.397384036801E-1));
#2108=LINE('',#2107,#2106);
#2109=CURVE_STYLE('',#21,POSITIVE_LENGTH_MEASURE(2.E-2),#3);
#2110=PRESENTATION_STYLE_ASSIGNMENT((#2109));
#2111=STYLED_ITEM('',(#2110),#2108);
#2112=CARTESIAN_POINT('',(5.995004286271E-1,0.E0,-2.304643684020E-1));
#2113=DIRECTION('',(0.E0,1.E0,0.E0));
#2114=DIRECTION('',(9.334043955526E-1,0.E0,-3.588261896281E-1));
#2115=AXIS2_PLACEMENT_3D('',#2112,#2113,#2114);
#2117=CURVE_STYLE('',#21,POSITIVE_LENGTH_MEASURE(2.E-2),#3);
#2118=PRESENTATION_STYLE_ASSIGNMENT((#2117));
#2119=STYLED_ITEM('',(#2118),#2116);
#2120=CARTESIAN_POINT('',(5.806697525974E-1,0.E0,-2.707707524951E-1));
#2121=DIRECTION('',(0.E0,1.E0,0.E0));
#2122=DIRECTION('',(-4.219626996457E-1,0.E0,-9.066131921099E-1));
#2123=AXIS2_PLACEMENT_3D('',#2120,#2121,#2122);
#2125=CURVE_STYLE('',#21,POSITIVE_LENGTH_MEASURE(2.E-2),#3);
#2126=PRESENTATION_STYLE_ASSIGNMENT((#2125));
#2127=STYLED_ITEM('',(#2126),#2124);
#2128=CARTESIAN_POINT('',(5.806697525974E-1,2.519685039370E-1,
-2.707707524951E-1));
#2129=DIRECTION('',(0.E0,1.E0,0.E0));
#2130=DIRECTION('',(-4.219626996457E-1,0.E0,-9.066131921099E-1));
#2131=AXIS2_PLACEMENT_3D('',#2128,#2129,#2130);
#2133=CURVE_STYLE('',#21,POSITIVE_LENGTH_MEASURE(2.E-2),#3);
#2134=PRESENTATION_STYLE_ASSIGNMENT((#2133));
#2135=STYLED_ITEM('',(#2134),#2132);
#2136=DIRECTION('',(0.E0,-1.E0,0.E0));
#2137=VECTOR('',#2136,2.519685039370E-1);
#2138=CARTESIAN_POINT('',(5.662166994993E-1,2.519685039370E-1,
-3.018240389965E-1));
#2139=LINE('',#2138,#2137);
#2140=CURVE_STYLE('',#21,POSITIVE_LENGTH_MEASURE(2.E-2),#3);
#2141=PRESENTATION_STYLE_ASSIGNMENT((#2140));
#2142=STYLED_ITEM('',(#2141),#2139);
#2143=CARTESIAN_POINT('',(5.618973962746E-1,2.519685039370E-1,
-3.111043315142E-1));
#2144=DIRECTION('',(0.E0,1.E0,0.E0));
#2145=DIRECTION('',(4.219626996457E-1,0.E0,9.066131921099E-1));
#2146=AXIS2_PLACEMENT_3D('',#2143,#2144,#2145);
#2148=CURVE_STYLE('',#21,POSITIVE_LENGTH_MEASURE(2.E-2),#3);
#2149=PRESENTATION_STYLE_ASSIGNMENT((#2148));
#2150=STYLED_ITEM('',(#2149),#2147);
#2151=DIRECTION('',(0.E0,-1.E0,0.E0));
#2152=VECTOR('',#2151,2.519685039370E-1);
#2153=CARTESIAN_POINT('',(5.708526314365E-1,2.519685039370E-1,
-3.160625542557E-1));
#2154=LINE('',#2153,#2152);
#2155=CURVE_STYLE('',#21,POSITIVE_LENGTH_MEASURE(2.E-2),#3);
#2156=PRESENTATION_STYLE_ASSIGNMENT((#2155));
#2157=STYLED_ITEM('',(#2156),#2154);
#2158=CARTESIAN_POINT('',(5.618973962746E-1,0.E0,-3.111043315142E-1));
#2159=DIRECTION('',(0.E0,1.E0,0.E0));
#2160=DIRECTION('',(4.219626996457E-1,0.E0,9.066131921099E-1));
#2161=AXIS2_PLACEMENT_3D('',#2158,#2159,#2160);
#2163=CURVE_STYLE('',#21,POSITIVE_LENGTH_MEASURE(2.E-2),#3);
#2164=PRESENTATION_STYLE_ASSIGNMENT((#2163));
#2165=STYLED_ITEM('',(#2164),#2162);
#2166=CARTESIAN_POINT('',(0.E0,2.519685039370E-1,0.E0));
#2167=DIRECTION('',(0.E0,-1.E0,0.E0));
#2168=DIRECTION('',(8.569143715078E-1,0.E0,-5.154587858436E-1));
#2169=AXIS2_PLACEMENT_3D('',#2166,#2167,#2168);
#2171=CURVE_STYLE('',#21,POSITIVE_LENGTH_MEASURE(2.E-2),#3);
#2172=PRESENTATION_STYLE_ASSIGNMENT((#2171));
#2173=STYLED_ITEM('',(#2172),#2170);
#2174=DIRECTION('',(0.E0,-1.E0,0.E0));
#2175=VECTOR('',#2174,2.519685039370E-1);
#2176=CARTESIAN_POINT('',(5.591445168887E-1,2.519685039370E-1,
-3.363416035134E-1));
#2177=LINE('',#2176,#2175);
#2178=CURVE_STYLE('',#21,POSITIVE_LENGTH_MEASURE(2.E-2),#3);
#2179=PRESENTATION_STYLE_ASSIGNMENT((#2178));
#2180=STYLED_ITEM('',(#2179),#2177);
#2181=CARTESIAN_POINT('',(0.E0,0.E0,0.E0));
#2182=DIRECTION('',(0.E0,1.E0,0.E0));
#2183=DIRECTION('',(8.748575888984E-1,0.E0,-4.843802216719E-1));
#2184=AXIS2_PLACEMENT_3D('',#2181,#2182,#2183);
#2186=CURVE_STYLE('',#21,POSITIVE_LENGTH_MEASURE(2.E-2),#3);
#2187=PRESENTATION_STYLE_ASSIGNMENT((#2186));
#2188=STYLED_ITEM('',(#2187),#2185);
#2189=CARTESIAN_POINT('',(5.503729524560E-1,2.519685039370E-1,
-3.310652537370E-1));
#2190=DIRECTION('',(0.E0,1.E0,0.E0));
#2191=DIRECTION('',(8.569143715078E-1,0.E0,-5.154587858437E-1));
#2192=AXIS2_PLACEMENT_3D('',#2189,#2190,#2191);
#2194=CURVE_STYLE('',#21,POSITIVE_LENGTH_MEASURE(2.E-2),#3);
#2195=PRESENTATION_STYLE_ASSIGNMENT((#2194));
#2196=STYLED_ITEM('',(#2195),#2193);
#2197=DIRECTION('',(0.E0,-1.E0,0.E0));
#2198=VECTOR('',#2197,2.519685039370E-1);
#2199=CARTESIAN_POINT('',(5.444956349935E-1,2.519685039370E-1,
-3.394460263151E-1));
#2200=LINE('',#2199,#2198);
#2201=CURVE_STYLE('',#21,POSITIVE_LENGTH_MEASURE(2.E-2),#3);
#2202=PRESENTATION_STYLE_ASSIGNMENT((#2201));
#2203=STYLED_ITEM('',(#2202),#2200);
#2204=CARTESIAN_POINT('',(5.503729524560E-1,0.E0,-3.310652537370E-1));
#2205=DIRECTION('',(0.E0,1.E0,0.E0));
#2206=DIRECTION('',(8.569143715078E-1,0.E0,-5.154587858436E-1));
#2207=AXIS2_PLACEMENT_3D('',#2204,#2205,#2206);
#2209=CURVE_STYLE('',#21,POSITIVE_LENGTH_MEASURE(2.E-2),#3);
#2210=PRESENTATION_STYLE_ASSIGNMENT((#2209));
#2211=STYLED_ITEM('',(#2210),#2208);
#2212=CARTESIAN_POINT('',(5.248292265613E-1,0.E0,-3.674893807110E-1));
#2213=DIRECTION('',(0.E0,1.E0,0.E0));
#2214=DIRECTION('',(-5.729838667517E-1,0.E0,-8.195666467361E-1));
#2215=AXIS2_PLACEMENT_3D('',#2212,#2213,#2214);
#2217=CURVE_STYLE('',#21,POSITIVE_LENGTH_MEASURE(2.E-2),#3);
#2218=PRESENTATION_STYLE_ASSIGNMENT((#2217));
#2219=STYLED_ITEM('',(#2218),#2216);
#2220=CARTESIAN_POINT('',(5.248292265613E-1,2.519685039370E-1,
-3.674893807110E-1));
#2221=DIRECTION('',(0.E0,1.E0,0.E0));
#2222=DIRECTION('',(-5.729838667517E-1,0.E0,-8.195666467361E-1));
#2223=AXIS2_PLACEMENT_3D('',#2220,#2221,#2222);
#2225=CURVE_STYLE('',#21,POSITIVE_LENGTH_MEASURE(2.E-2),#3);
#2226=PRESENTATION_STYLE_ASSIGNMENT((#2225));
#2227=STYLED_ITEM('',(#2226),#2224);
#2228=DIRECTION('',(0.E0,-1.E0,0.E0));
#2229=VECTOR('',#2228,2.519685039370E-1);
#2230=CARTESIAN_POINT('',(5.052034012041E-1,2.519685039370E-1,
-3.955611516819E-1));
#2231=LINE('',#2230,#2229);
#2232=CURVE_STYLE('',#21,POSITIVE_LENGTH_MEASURE(2.E-2),#3);
#2233=PRESENTATION_STYLE_ASSIGNMENT((#2232));
#2234=STYLED_ITEM('',(#2233),#2231);
#2235=CARTESIAN_POINT('',(4.993382120168E-1,2.519685039370E-1,
-4.039504165697E-1));
#2236=DIRECTION('',(0.E0,1.E0,0.E0));
#2237=DIRECTION('',(5.729838667517E-1,0.E0,8.195666467361E-1));
#2238=AXIS2_PLACEMENT_3D('',#2235,#2236,#2237);
#2240=CURVE_STYLE('',#21,POSITIVE_LENGTH_MEASURE(2.E-2),#3);
#2241=PRESENTATION_STYLE_ASSIGNMENT((#2240));
#2242=STYLED_ITEM('',(#2241),#2239);
#2243=DIRECTION('',(0.E0,-1.E0,0.E0));
#2244=VECTOR('',#2243,2.519685039370E-1);
#2245=CARTESIAN_POINT('',(5.072964106909E-1,2.519685039370E-1,
-4.103883730332E-1));
#2246=LINE('',#2245,#2244);
#2247=CURVE_STYLE('',#21,POSITIVE_LENGTH_MEASURE(2.E-2),#3);
#2248=PRESENTATION_STYLE_ASSIGNMENT((#2247));
#2249=STYLED_ITEM('',(#2248),#2246);
#2250=CARTESIAN_POINT('',(4.993382120168E-1,0.E0,-4.039504165697E-1));
#2251=DIRECTION('',(0.E0,1.E0,0.E0));
#2252=DIRECTION('',(5.729838667517E-1,0.E0,8.195666467361E-1));
#2253=AXIS2_PLACEMENT_3D('',#2250,#2251,#2252);
#2255=CURVE_STYLE('',#21,POSITIVE_LENGTH_MEASURE(2.E-2),#3);
#2256=PRESENTATION_STYLE_ASSIGNMENT((#2255));
#2257=STYLED_ITEM('',(#2256),#2254);
#2258=CARTESIAN_POINT('',(0.E0,2.519685039370E-1,0.E0));
#2259=DIRECTION('',(0.E0,-1.E0,0.E0));
#2260=DIRECTION('',(7.543874379043E-1,0.E0,-6.564294276860E-1));
#2261=AXIS2_PLACEMENT_3D('',#2258,#2259,#2260);
#2263=CURVE_STYLE('',#21,POSITIVE_LENGTH_MEASURE(2.E-2),#3);
#2264=PRESENTATION_STYLE_ASSIGNMENT((#2263));
#2265=STYLED_ITEM('',(#2264),#2262);
#2266=DIRECTION('',(0.E0,-1.E0,0.E0));
#2267=VECTOR('',#2266,2.519685039370E-1);
#2268=CARTESIAN_POINT('',(4.922447487626E-1,2.519685039370E-1,
-4.283262452107E-1));
#2269=LINE('',#2268,#2267);
#2270=CURVE_STYLE('',#21,POSITIVE_LENGTH_MEASURE(2.E-2),#3);
#2271=PRESENTATION_STYLE_ASSIGNMENT((#2270));
#2272=STYLED_ITEM('',(#2271),#2269);
#2273=CARTESIAN_POINT('',(0.E0,0.E0,0.E0));
#2274=DIRECTION('',(0.E0,1.E0,0.E0));
#2275=DIRECTION('',(7.774547935375E-1,0.E0,-6.289388237386E-1));
#2276=AXIS2_PLACEMENT_3D('',#2273,#2274,#2275);
#2278=CURVE_STYLE('',#21,POSITIVE_LENGTH_MEASURE(2.E-2),#3);
#2279=PRESENTATION_STYLE_ASSIGNMENT((#2278));
#2280=STYLED_ITEM('',(#2279),#2277);
#2281=CARTESIAN_POINT('',(4.845226726266E-1,2.519685039370E-1,
-4.216068888643E-1));
#2282=DIRECTION('',(0.E0,1.E0,0.E0));
#2283=DIRECTION('',(7.543874379042E-1,0.E0,-6.564294276861E-1));
#2284=AXIS2_PLACEMENT_3D('',#2281,#2282,#2283);
#2286=CURVE_STYLE('',#21,POSITIVE_LENGTH_MEASURE(2.E-2),#3);
#2287=PRESENTATION_STYLE_ASSIGNMENT((#2286));
#2288=STYLED_ITEM('',(#2287),#2285);
#2289=DIRECTION('',(0.E0,-1.E0,0.E0));
#2290=VECTOR('',#2289,2.519685039370E-1);
#2291=CARTESIAN_POINT('',(4.772793389370E-1,2.519685039370E-1,
-4.288397532085E-1));
#2292=LINE('',#2291,#2290);
#2293=CURVE_STYLE('',#21,POSITIVE_LENGTH_MEASURE(2.E-2),#3);
#2294=PRESENTATION_STYLE_ASSIGNMENT((#2293));
#2295=STYLED_ITEM('',(#2294),#2292);
#2296=CARTESIAN_POINT('',(4.845226726266E-1,0.E0,-4.216068888643E-1));
#2297=DIRECTION('',(0.E0,1.E0,0.E0));
#2298=DIRECTION('',(7.543874379043E-1,0.E0,-6.564294276860E-1));
#2299=AXIS2_PLACEMENT_3D('',#2296,#2297,#2298);
#2301=CURVE_STYLE('',#21,POSITIVE_LENGTH_MEASURE(2.E-2),#3);
#2302=PRESENTATION_STYLE_ASSIGNMENT((#2301));
#2303=STYLED_ITEM('',(#2302),#2300);
#2304=CARTESIAN_POINT('',(4.530420300526E-1,0.E0,-4.530420300526E-1));
#2305=DIRECTION('',(0.E0,1.E0,0.E0));
#2306=DIRECTION('',(-7.065952090103E-1,0.E0,-7.076179835219E-1));
#2307=AXIS2_PLACEMENT_3D('',#2304,#2305,#2306);
#2309=CURVE_STYLE('',#21,POSITIVE_LENGTH_MEASURE(2.E-2),#3);
#2310=PRESENTATION_STYLE_ASSIGNMENT((#2309));
#2311=STYLED_ITEM('',(#2310),#2308);
#2312=CARTESIAN_POINT('',(4.530420300526E-1,2.519685039370E-1,
-4.530420300526E-1));
#2313=DIRECTION('',(0.E0,1.E0,0.E0));
#2314=DIRECTION('',(-7.065952090103E-1,0.E0,-7.076179835219E-1));
#2315=AXIS2_PLACEMENT_3D('',#2312,#2313,#2314);
#2317=CURVE_STYLE('',#21,POSITIVE_LENGTH_MEASURE(2.E-2),#3);
#2318=PRESENTATION_STYLE_ASSIGNMENT((#2317));
#2319=STYLED_ITEM('',(#2318),#2316);
#2320=DIRECTION('',(0.E0,-1.E0,0.E0));
#2321=VECTOR('',#2320,2.519685039370E-1);
#2322=CARTESIAN_POINT('',(4.288397532085E-1,2.519685039370E-1,
-4.772793389370E-1));
#2323=LINE('',#2322,#2321);
#2324=CURVE_STYLE('',#21,POSITIVE_LENGTH_MEASURE(2.E-2),#3);
#2325=PRESENTATION_STYLE_ASSIGNMENT((#2324));
#2326=STYLED_ITEM('',(#2325),#2323);
#2327=CARTESIAN_POINT('',(4.216068888643E-1,2.519685039370E-1,
-4.845226726266E-1));
#2328=DIRECTION('',(0.E0,1.E0,0.E0));
#2329=DIRECTION('',(7.065952090103E-1,0.E0,7.076179835219E-1));
#2330=AXIS2_PLACEMENT_3D('',#2327,#2328,#2329);
#2332=CURVE_STYLE('',#21,POSITIVE_LENGTH_MEASURE(2.E-2),#3);
#2333=PRESENTATION_STYLE_ASSIGNMENT((#2332));
#2334=STYLED_ITEM('',(#2333),#2331);
#2335=DIRECTION('',(0.E0,-1.E0,0.E0));
#2336=VECTOR('',#2335,2.519685039370E-1);
#2337=CARTESIAN_POINT('',(4.283262452107E-1,2.519685039370E-1,
-4.922447487626E-1));
#2338=LINE('',#2337,#2336);
#2339=CURVE_STYLE('',#21,POSITIVE_LENGTH_MEASURE(2.E-2),#3);
#2340=PRESENTATION_STYLE_ASSIGNMENT((#2339));
#2341=STYLED_ITEM('',(#2340),#2338);
#2342=CARTESIAN_POINT('',(4.216068888643E-1,0.E0,-4.845226726266E-1));
#2343=DIRECTION('',(0.E0,1.E0,0.E0));
#2344=DIRECTION('',(7.065952090103E-1,0.E0,7.076179835219E-1));
#2345=AXIS2_PLACEMENT_3D('',#2342,#2343,#2344);
#2347=CURVE_STYLE('',#21,POSITIVE_LENGTH_MEASURE(2.E-2),#3);
#2348=PRESENTATION_STYLE_ASSIGNMENT((#2347));
#2349=STYLED_ITEM('',(#2348),#2346);
#2350=CARTESIAN_POINT('',(0.E0,2.519685039370E-1,0.E0));
#2351=DIRECTION('',(0.E0,-1.E0,0.E0));
#2352=DIRECTION('',(6.289388237386E-1,0.E0,-7.774547935374E-1));
#2353=AXIS2_PLACEMENT_3D('',#2350,#2351,#2352);
#2355=CURVE_STYLE('',#21,POSITIVE_LENGTH_MEASURE(2.E-2),#3);
#2356=PRESENTATION_STYLE_ASSIGNMENT((#2355));
#2357=STYLED_ITEM('',(#2356),#2354);
#2358=DIRECTION('',(0.E0,-1.E0,0.E0));
#2359=VECTOR('',#2358,2.519685039370E-1);
#2360=CARTESIAN_POINT('',(4.103883730332E-1,2.519685039370E-1,
-5.072964106909E-1));
#2361=LINE('',#2360,#2359);
#2362=CURVE_STYLE('',#21,POSITIVE_LENGTH_MEASURE(2.E-2),#3);
#2363=PRESENTATION_STYLE_ASSIGNMENT((#2362));
#2364=STYLED_ITEM('',(#2363),#2361);
#2365=CARTESIAN_POINT('',(0.E0,0.E0,0.E0));
#2366=DIRECTION('',(0.E0,1.E0,0.E0));
#2367=DIRECTION('',(6.564294276860E-1,0.E0,-7.543874379043E-1));
#2368=AXIS2_PLACEMENT_3D('',#2365,#2366,#2367);
#2370=CURVE_STYLE('',#21,POSITIVE_LENGTH_MEASURE(2.E-2),#3);
#2371=PRESENTATION_STYLE_ASSIGNMENT((#2370));
#2372=STYLED_ITEM('',(#2371),#2369);
#2373=CARTESIAN_POINT('',(4.039504165697E-1,2.519685039370E-1,
-4.993382120168E-1));
#2374=DIRECTION('',(0.E0,1.E0,0.E0));
#2375=DIRECTION('',(6.289388237385E-1,0.E0,-7.774547935375E-1));
#2376=AXIS2_PLACEMENT_3D('',#2373,#2374,#2375);
#2378=CURVE_STYLE('',#21,POSITIVE_LENGTH_MEASURE(2.E-2),#3);
#2379=PRESENTATION_STYLE_ASSIGNMENT((#2378));
#2380=STYLED_ITEM('',(#2379),#2377);
#2381=DIRECTION('',(0.E0,-1.E0,0.E0));
#2382=VECTOR('',#2381,2.519685039370E-1);
#2383=CARTESIAN_POINT('',(3.955611516819E-1,2.519685039370E-1,
-5.052034012041E-1));
#2384=LINE('',#2383,#2382);
#2385=CURVE_STYLE('',#21,POSITIVE_LENGTH_MEASURE(2.E-2),#3);
#2386=PRESENTATION_STYLE_ASSIGNMENT((#2385));
#2387=STYLED_ITEM('',(#2386),#2384);
#2388=CARTESIAN_POINT('',(4.039504165697E-1,0.E0,-4.993382120168E-1));
#2389=DIRECTION('',(0.E0,1.E0,0.E0));
#2390=DIRECTION('',(6.289388237385E-1,0.E0,-7.774547935375E-1));
#2391=AXIS2_PLACEMENT_3D('',#2388,#2389,#2390);
#2393=CURVE_STYLE('',#21,POSITIVE_LENGTH_MEASURE(2.E-2),#3);
#2394=PRESENTATION_STYLE_ASSIGNMENT((#2393));
#2395=STYLED_ITEM('',(#2394),#2392);
#2396=CARTESIAN_POINT('',(3.674893807110E-1,0.E0,-5.248292265613E-1));
#2397=DIRECTION('',(0.E0,1.E0,0.E0));
#2398=DIRECTION('',(-8.187370133976E-1,0.E0,-5.741687059505E-1));
#2399=AXIS2_PLACEMENT_3D('',#2396,#2397,#2398);
#2401=CURVE_STYLE('',#21,POSITIVE_LENGTH_MEASURE(2.E-2),#3);
#2402=PRESENTATION_STYLE_ASSIGNMENT((#2401));
#2403=STYLED_ITEM('',(#2402),#2400);
#2404=CARTESIAN_POINT('',(3.674893807110E-1,2.519685039370E-1,
-5.248292265613E-1));
#2405=DIRECTION('',(0.E0,1.E0,0.E0));
#2406=DIRECTION('',(-8.187370133976E-1,0.E0,-5.741687059505E-1));
#2407=AXIS2_PLACEMENT_3D('',#2404,#2405,#2406);
#2409=CURVE_STYLE('',#21,POSITIVE_LENGTH_MEASURE(2.E-2),#3);
#2410=PRESENTATION_STYLE_ASSIGNMENT((#2409));
#2411=STYLED_ITEM('',(#2410),#2408);
#2412=DIRECTION('',(0.E0,-1.E0,0.E0));
#2413=VECTOR('',#2412,2.519685039370E-1);
#2414=CARTESIAN_POINT('',(3.394460263151E-1,2.519685039370E-1,
-5.444956349935E-1));
#2415=LINE('',#2414,#2413);
#2416=CURVE_STYLE('',#21,POSITIVE_LENGTH_MEASURE(2.E-2),#3);
#2417=PRESENTATION_STYLE_ASSIGNMENT((#2416));
#2418=STYLED_ITEM('',(#2417),#2415);
#2419=CARTESIAN_POINT('',(3.310652537370E-1,2.519685039370E-1,
-5.503729524560E-1));
#2420=DIRECTION('',(0.E0,1.E0,0.E0));
#2421=DIRECTION('',(8.187370133977E-1,0.E0,5.741687059503E-1));
#2422=AXIS2_PLACEMENT_3D('',#2419,#2420,#2421);
#2424=CURVE_STYLE('',#21,POSITIVE_LENGTH_MEASURE(2.E-2),#3);
#2425=PRESENTATION_STYLE_ASSIGNMENT((#2424));
#2426=STYLED_ITEM('',(#2425),#2423);
#2427=DIRECTION('',(0.E0,-1.E0,0.E0));
#2428=VECTOR('',#2427,2.519685039370E-1);
#2429=CARTESIAN_POINT('',(3.363416035134E-1,2.519685039370E-1,
-5.591445168887E-1));
#2430=LINE('',#2429,#2428);
#2431=CURVE_STYLE('',#21,POSITIVE_LENGTH_MEASURE(2.E-2),#3);
#2432=PRESENTATION_STYLE_ASSIGNMENT((#2431));
#2433=STYLED_ITEM('',(#2432),#2430);
#2434=CARTESIAN_POINT('',(3.310652537370E-1,0.E0,-5.503729524560E-1));
#2435=DIRECTION('',(0.E0,1.E0,0.E0));
#2436=DIRECTION('',(8.187370133977E-1,0.E0,5.741687059503E-1));
#2437=AXIS2_PLACEMENT_3D('',#2434,#2435,#2436);
#2439=CURVE_STYLE('',#21,POSITIVE_LENGTH_MEASURE(2.E-2),#3);
#2440=PRESENTATION_STYLE_ASSIGNMENT((#2439));
#2441=STYLED_ITEM('',(#2440),#2438);
#2442=CARTESIAN_POINT('',(0.E0,2.519685039370E-1,0.E0));
#2443=DIRECTION('',(0.E0,-1.E0,0.E0));
#2444=DIRECTION('',(4.843802216719E-1,0.E0,-8.748575888984E-1));
#2445=AXIS2_PLACEMENT_3D('',#2442,#2443,#2444);
#2447=CURVE_STYLE('',#21,POSITIVE_LENGTH_MEASURE(2.E-2),#3);
#2448=PRESENTATION_STYLE_ASSIGNMENT((#2447));
#2449=STYLED_ITEM('',(#2448),#2446);
#2450=DIRECTION('',(0.E0,-1.E0,0.E0));
#2451=VECTOR('',#2450,2.519685039370E-1);
#2452=CARTESIAN_POINT('',(3.160625542557E-1,2.519685039370E-1,
-5.708526314365E-1));
#2453=LINE('',#2452,#2451);
#2454=CURVE_STYLE('',#21,POSITIVE_LENGTH_MEASURE(2.E-2),#3);
#2455=PRESENTATION_STYLE_ASSIGNMENT((#2454));
#2456=STYLED_ITEM('',(#2455),#2453);
#2457=CARTESIAN_POINT('',(0.E0,0.E0,0.E0));
#2458=DIRECTION('',(0.E0,1.E0,0.E0));
#2459=DIRECTION('',(5.154587858436E-1,0.E0,-8.569143715078E-1));
#2460=AXIS2_PLACEMENT_3D('',#2457,#2458,#2459);
#2462=CURVE_STYLE('',#21,POSITIVE_LENGTH_MEASURE(2.E-2),#3);
#2463=PRESENTATION_STYLE_ASSIGNMENT((#2462));
#2464=STYLED_ITEM('',(#2463),#2461);
#2465=CARTESIAN_POINT('',(3.111043315142E-1,2.519685039370E-1,
-5.618973962746E-1));
#2466=DIRECTION('',(0.E0,1.E0,0.E0));
#2467=DIRECTION('',(4.843802216719E-1,0.E0,-8.748575888984E-1));
#2468=AXIS2_PLACEMENT_3D('',#2465,#2466,#2467);
#2470=CURVE_STYLE('',#21,POSITIVE_LENGTH_MEASURE(2.E-2),#3);
#2471=PRESENTATION_STYLE_ASSIGNMENT((#2470));
#2472=STYLED_ITEM('',(#2471),#2469);
#2473=DIRECTION('',(0.E0,-1.E0,0.E0));
#2474=VECTOR('',#2473,2.519685039370E-1);
#2475=CARTESIAN_POINT('',(3.018240389965E-1,2.519685039370E-1,
-5.662166994993E-1));
#2476=LINE('',#2475,#2474);
#2477=CURVE_STYLE('',#21,POSITIVE_LENGTH_MEASURE(2.E-2),#3);
#2478=PRESENTATION_STYLE_ASSIGNMENT((#2477));
#2479=STYLED_ITEM('',(#2478),#2476);
#2480=CARTESIAN_POINT('',(3.111043315142E-1,0.E0,-5.618973962746E-1));
#2481=DIRECTION('',(0.E0,1.E0,0.E0));
#2482=DIRECTION('',(4.843802216719E-1,0.E0,-8.748575888984E-1));
#2483=AXIS2_PLACEMENT_3D('',#2480,#2481,#2482);
#2485=CURVE_STYLE('',#21,POSITIVE_LENGTH_MEASURE(2.E-2),#3);
#2486=PRESENTATION_STYLE_ASSIGNMENT((#2485));
#2487=STYLED_ITEM('',(#2486),#2484);
#2488=CARTESIAN_POINT('',(2.707707524951E-1,0.E0,-5.806697525974E-1));
#2489=DIRECTION('',(0.E0,1.E0,0.E0));
#2490=DIRECTION('',(-9.060019079337E-1,0.E0,-4.232736027920E-1));
#2491=AXIS2_PLACEMENT_3D('',#2488,#2489,#2490);
#2493=CURVE_STYLE('',#21,POSITIVE_LENGTH_MEASURE(2.E-2),#3);
#2494=PRESENTATION_STYLE_ASSIGNMENT((#2493));
#2495=STYLED_ITEM('',(#2494),#2492);
#2496=CARTESIAN_POINT('',(2.707707524951E-1,2.519685039370E-1,
-5.806697525974E-1));
#2497=DIRECTION('',(0.E0,1.E0,0.E0));
#2498=DIRECTION('',(-9.060019079337E-1,0.E0,-4.232736027920E-1));
#2499=AXIS2_PLACEMENT_3D('',#2496,#2497,#2498);
#2501=CURVE_STYLE('',#21,POSITIVE_LENGTH_MEASURE(2.E-2),#3);
#2502=PRESENTATION_STYLE_ASSIGNMENT((#2501));
#2503=STYLED_ITEM('',(#2502),#2500);
#2504=DIRECTION('',(0.E0,-1.E0,0.E0));
#2505=VECTOR('',#2504,2.519685039370E-1);
#2506=CARTESIAN_POINT('',(2.397384036801E-1,2.519685039370E-1,
-5.951677067088E-1));
#2507=LINE('',#2506,#2505);
#2508=CURVE_STYLE('',#21,POSITIVE_LENGTH_MEASURE(2.E-2),#3);
#2509=PRESENTATION_STYLE_ASSIGNMENT((#2508));
#2510=STYLED_ITEM('',(#2509),#2507);
#2511=CARTESIAN_POINT('',(2.304643684020E-1,2.519685039370E-1,
-5.995004286271E-1));
#2512=DIRECTION('',(0.E0,1.E0,0.E0));
#2513=DIRECTION('',(9.060019079337E-1,0.E0,4.232736027919E-1));
#2514=AXIS2_PLACEMENT_3D('',#2511,#2512,#2513);
#2516=CURVE_STYLE('',#21,POSITIVE_LENGTH_MEASURE(2.E-2),#3);
#2517=PRESENTATION_STYLE_ASSIGNMENT((#2516));
#2518=STYLED_ITEM('',(#2517),#2515);
#2519=DIRECTION('',(0.E0,-1.E0,0.E0));
#2520=VECTOR('',#2519,2.519685039370E-1);
#2521=CARTESIAN_POINT('',(2.341373923903E-1,2.519685039370E-1,
-6.090549618099E-1));
#2522=LINE('',#2521,#2520);
#2523=CURVE_STYLE('',#21,POSITIVE_LENGTH_MEASURE(2.E-2),#3);
#2524=PRESENTATION_STYLE_ASSIGNMENT((#2523));
#2525=STYLED_ITEM('',(#2524),#2522);
#2526=CARTESIAN_POINT('',(2.304643684020E-1,0.E0,-5.995004286271E-1));
#2527=DIRECTION('',(0.E0,1.E0,0.E0));
#2528=DIRECTION('',(9.060019079337E-1,0.E0,4.232736027919E-1));
#2529=AXIS2_PLACEMENT_3D('',#2526,#2527,#2528);
#2531=CURVE_STYLE('',#21,POSITIVE_LENGTH_MEASURE(2.E-2),#3);
#2532=PRESENTATION_STYLE_ASSIGNMENT((#2531));
#2533=STYLED_ITEM('',(#2532),#2530);
#2534=CARTESIAN_POINT('',(0.E0,2.519685039370E-1,0.E0));
#2535=DIRECTION('',(0.E0,-1.E0,0.E0));
#2536=DIRECTION('',(3.251039716780E-1,0.E0,-9.456782791199E-1));
#2537=AXIS2_PLACEMENT_3D('',#2534,#2535,#2536);
#2539=CURVE_STYLE('',#21,POSITIVE_LENGTH_MEASURE(2.E-2),#3);
#2540=PRESENTATION_STYLE_ASSIGNMENT((#2539));
#2541=STYLED_ITEM('',(#2540),#2538);
#2542=DIRECTION('',(0.E0,-1.E0,0.E0));
#2543=VECTOR('',#2542,2.519685039370E-1);
#2544=CARTESIAN_POINT('',(2.121333347026E-1,2.519685039370E-1,
-6.170637838414E-1));
#2545=LINE('',#2544,#2543);
#2546=CURVE_STYLE('',#21,POSITIVE_LENGTH_MEASURE(2.E-2),#3);
#2547=PRESENTATION_STYLE_ASSIGNMENT((#2546));
#2548=STYLED_ITEM('',(#2547),#2545);
#2549=CARTESIAN_POINT('',(0.E0,0.E0,0.E0));
#2550=DIRECTION('',(0.E0,1.E0,0.E0));
#2551=DIRECTION('',(3.588261896281E-1,0.E0,-9.334043955526E-1));
#2552=AXIS2_PLACEMENT_3D('',#2549,#2550,#2551);
#2554=CURVE_STYLE('',#21,POSITIVE_LENGTH_MEASURE(2.E-2),#3);
#2555=PRESENTATION_STYLE_ASSIGNMENT((#2554));
#2556=STYLED_ITEM('',(#2555),#2553);
#2557=CARTESIAN_POINT('',(2.088054987720E-1,2.519685039370E-1,
-6.073836124803E-1));
#2558=DIRECTION('',(0.E0,1.E0,0.E0));
#2559=DIRECTION('',(3.251039716780E-1,0.E0,-9.456782791199E-1));
#2560=AXIS2_PLACEMENT_3D('',#2557,#2558,#2559);
#2562=CURVE_STYLE('',#21,POSITIVE_LENGTH_MEASURE(2.E-2),#3);
#2563=PRESENTATION_STYLE_ASSIGNMENT((#2562));
#2564=STYLED_ITEM('',(#2563),#2561);
#2565=DIRECTION('',(0.E0,-1.E0,0.E0));
#2566=VECTOR('',#2565,2.519685039370E-1);
#2567=CARTESIAN_POINT('',(1.989161556166E-1,2.519685039370E-1,
-6.100257898997E-1));
#2568=LINE('',#2567,#2566);
#2569=CURVE_STYLE('',#21,POSITIVE_LENGTH_MEASURE(2.E-2),#3);
#2570=PRESENTATION_STYLE_ASSIGNMENT((#2569));
#2571=STYLED_ITEM('',(#2570),#2568);
#2572=CARTESIAN_POINT('',(2.088054987720E-1,0.E0,-6.073836124803E-1));
#2573=DIRECTION('',(0.E0,1.E0,0.E0));
#2574=DIRECTION('',(3.251039716780E-1,0.E0,-9.456782791199E-1));
#2575=AXIS2_PLACEMENT_3D('',#2572,#2573,#2574);
#2577=CURVE_STYLE('',#21,POSITIVE_LENGTH_MEASURE(2.E-2),#3);
#2578=PRESENTATION_STYLE_ASSIGNMENT((#2577));
#2579=STYLED_ITEM('',(#2578),#2576);
#2580=CARTESIAN_POINT('',(1.658248919813E-1,0.E0,-6.188669220339E-1));
#2581=DIRECTION('',(0.E0,1.E0,0.E0));
#2582=DIRECTION('',(-9.657383929563E-1,0.E0,-2.595175453996E-1));
#2583=AXIS2_PLACEMENT_3D('',#2580,#2581,#2582);
#2585=CURVE_STYLE('',#21,POSITIVE_LENGTH_MEASURE(2.E-2),#3);
#2586=PRESENTATION_STYLE_ASSIGNMENT((#2585));
#2587=STYLED_ITEM('',(#2586),#2584);
#2588=CARTESIAN_POINT('',(1.658248919813E-1,2.519685039370E-1,
-6.188669220339E-1));
#2589=DIRECTION('',(0.E0,1.E0,0.E0));
#2590=DIRECTION('',(-9.657383929563E-1,0.E0,-2.595175453996E-1));
#2591=AXIS2_PLACEMENT_3D('',#2588,#2589,#2590);
#2593=CURVE_STYLE('',#21,POSITIVE_LENGTH_MEASURE(2.E-2),#3);
#2594=PRESENTATION_STYLE_ASSIGNMENT((#2593));
#2595=STYLED_ITEM('',(#2594),#2592);
#2596=DIRECTION('',(0.E0,-1.E0,0.E0));
#2597=VECTOR('',#2596,2.519685039370E-1);
#2598=CARTESIAN_POINT('',(1.327464509627E-1,2.519685039370E-1,
-6.277559088251E-1));
#2599=LINE('',#2598,#2597);
#2600=CURVE_STYLE('',#21,POSITIVE_LENGTH_MEASURE(2.E-2),#3);
#2601=PRESENTATION_STYLE_ASSIGNMENT((#2600));
#2602=STYLED_ITEM('',(#2601),#2599);
#2603=CARTESIAN_POINT('',(1.228609398537E-1,2.519685039370E-1,
-6.304123876363E-1));
#2604=DIRECTION('',(0.E0,1.E0,0.E0));
#2605=DIRECTION('',(9.657383929563E-1,0.E0,2.595175453995E-1));
#2606=AXIS2_PLACEMENT_3D('',#2603,#2604,#2605);
#2608=CURVE_STYLE('',#21,POSITIVE_LENGTH_MEASURE(2.E-2),#3);
#2609=PRESENTATION_STYLE_ASSIGNMENT((#2608));
#2610=STYLED_ITEM('',(#2609),#2607);
#2611=DIRECTION('',(0.E0,-1.E0,0.E0));
#2612=VECTOR('',#2611,2.519685039370E-1);
#2613=CARTESIAN_POINT('',(1.248190350788E-1,2.519685039370E-1,
-6.404595799133E-1));
#2614=LINE('',#2613,#2612);
#2615=CURVE_STYLE('',#21,POSITIVE_LENGTH_MEASURE(2.E-2),#3);
#2616=PRESENTATION_STYLE_ASSIGNMENT((#2615));
#2617=STYLED_ITEM('',(#2616),#2614);
#2618=CARTESIAN_POINT('',(1.228609398537E-1,0.E0,-6.304123876363E-1));
#2619=DIRECTION('',(0.E0,1.E0,0.E0));
#2620=DIRECTION('',(9.657383929563E-1,0.E0,2.595175453995E-1));
#2621=AXIS2_PLACEMENT_3D('',#2618,#2619,#2620);
#2623=CURVE_STYLE('',#21,POSITIVE_LENGTH_MEASURE(2.E-2),#3);
#2624=PRESENTATION_STYLE_ASSIGNMENT((#2623));
#2625=STYLED_ITEM('',(#2624),#2622);
#2626=DIRECTION('',(0.E0,-1.E0,0.E0));
#2627=VECTOR('',#2626,2.519685039370E-1);
#2628=CARTESIAN_POINT('',(1.017585511191E-1,2.519685039370E-1,
-6.445257654235E-1));
#2629=LINE('',#2628,#2627);
#2630=CURVE_STYLE('',#21,POSITIVE_LENGTH_MEASURE(2.E-2),#3);
#2631=PRESENTATION_STYLE_ASSIGNMENT((#2630));
#2632=STYLED_ITEM('',(#2631),#2629);
#2633=CARTESIAN_POINT('',(0.E0,0.E0,0.E0));
#2634=DIRECTION('',(0.E0,1.E0,0.E0));
#2635=DIRECTION('',(1.912908412156E-1,0.E0,-9.815333993640E-1));
#2636=AXIS2_PLACEMENT_3D('',#2633,#2634,#2635);
#2638=CURVE_STYLE('',#21,POSITIVE_LENGTH_MEASURE(2.E-2),#3);
#2639=PRESENTATION_STYLE_ASSIGNMENT((#2638));
#2640=STYLED_ITEM('',(#2639),#2637);
#2641=CARTESIAN_POINT('',(0.E0,2.519685039370E-1,0.E0));
#2642=DIRECTION('',(0.E0,-1.E0,0.E0));
#2643=DIRECTION('',(1.559496020152E-1,0.E0,-9.877650133667E-1));
#2644=AXIS2_PLACEMENT_3D('',#2641,#2642,#2643);
#2646=CURVE_STYLE('',#21,POSITIVE_LENGTH_MEASURE(2.E-2),#3);
#2647=PRESENTATION_STYLE_ASSIGNMENT((#2646));
#2648=STYLED_ITEM('',(#2647),#2645);
#2649=CARTESIAN_POINT('',(1.001622166103E-1,2.519685039370E-1,
-6.344147849718E-1));
#2650=DIRECTION('',(0.E0,1.E0,0.E0));
#2651=DIRECTION('',(1.559496020152E-1,0.E0,-9.877650133667E-1));
#2652=AXIS2_PLACEMENT_3D('',#2649,#2650,#2651);
#2654=CURVE_STYLE('',#21,POSITIVE_LENGTH_MEASURE(2.E-2),#3);
#2655=PRESENTATION_STYLE_ASSIGNMENT((#2654));
#2656=STYLED_ITEM('',(#2655),#2653);
#2657=DIRECTION('',(0.E0,-1.E0,0.E0));
#2658=VECTOR('',#2657,2.519685039370E-1);
#2659=CARTESIAN_POINT('',(8.996430550471E-2,2.519685039370E-1,
-6.352995553620E-1));
#2660=LINE('',#2659,#2658);
#2661=CURVE_STYLE('',#21,POSITIVE_LENGTH_MEASURE(2.E-2),#3);
#2662=PRESENTATION_STYLE_ASSIGNMENT((#2661));
#2663=STYLED_ITEM('',(#2662),#2660);
#2664=CARTESIAN_POINT('',(1.001622166103E-1,0.E0,-6.344147849718E-1));
#2665=DIRECTION('',(0.E0,1.E0,0.E0));
#2666=DIRECTION('',(1.559496020152E-1,0.E0,-9.877650133667E-1));
#2667=AXIS2_PLACEMENT_3D('',#2664,#2665,#2666);
#2669=CURVE_STYLE('',#21,POSITIVE_LENGTH_MEASURE(2.E-2),#3);
#2670=PRESENTATION_STYLE_ASSIGNMENT((#2669));
#2671=STYLED_ITEM('',(#2670),#2668);
#2672=CARTESIAN_POINT('',(5.584052603608E-2,0.E0,-6.382601332061E-1));
#2673=DIRECTION('',(0.E0,1.E0,0.E0));
#2674=DIRECTION('',(-9.961314055961E-1,0.E0,-8.787617871233E-2));
#2675=AXIS2_PLACEMENT_3D('',#2672,#2673,#2674);
#2677=CURVE_STYLE('',#21,POSITIVE_LENGTH_MEASURE(2.E-2),#3);
#2678=PRESENTATION_STYLE_ASSIGNMENT((#2677));
#2679=STYLED_ITEM('',(#2678),#2676);
#2680=CARTESIAN_POINT('',(5.584052603608E-2,2.519685039370E-1,
-6.382601332061E-1));
#2681=DIRECTION('',(0.E0,1.E0,0.E0));
#2682=DIRECTION('',(-9.961314055961E-1,0.E0,-8.787617871233E-2));
#2683=AXIS2_PLACEMENT_3D('',#2680,#2681,#2682);
#2685=CURVE_STYLE('',#21,POSITIVE_LENGTH_MEASURE(2.E-2),#3);
#2686=PRESENTATION_STYLE_ASSIGNMENT((#2685));
#2687=STYLED_ITEM('',(#2686),#2684);
#2688=DIRECTION('',(0.E0,-1.E0,0.E0));
#2689=VECTOR('',#2688,2.519685039370E-1);
#2690=CARTESIAN_POINT('',(2.172106450582E-2,2.519685039370E-1,
-6.412700653116E-1));
#2691=LINE('',#2690,#2689);
#2692=CURVE_STYLE('',#21,POSITIVE_LENGTH_MEASURE(2.E-2),#3);
#2693=PRESENTATION_STYLE_ASSIGNMENT((#2692));
#2694=STYLED_ITEM('',(#2693),#2691);
#2695=CARTESIAN_POINT('',(0.E0,-2.421259842520E-2,0.E0));
#2696=DIRECTION('',(0.E0,1.E0,0.E0));
#2697=DIRECTION('',(-1.E0,0.E0,0.E0));
#2698=AXIS2_PLACEMENT_3D('',#2695,#2696,#2697);
#2700=CURVE_STYLE('',#21,POSITIVE_LENGTH_MEASURE(2.E-2),#3);
#2701=PRESENTATION_STYLE_ASSIGNMENT((#2700));
#2702=STYLED_ITEM('',(#2701),#2699);
#2703=DIRECTION('',(-2.914440449821E-11,-1.E0,-1.256751301972E-9));
#2704=VECTOR('',#2703,5.452755905671E-2);
#2705=CARTESIAN_POINT('',(-6.767218052710E-1,-2.421259842361E-2,
6.852749796333E-11));
#2706=LINE('',#2705,#2704);
#2707=CURVE_STYLE('',#21,POSITIVE_LENGTH_MEASURE(2.E-2),#3);
#2708=PRESENTATION_STYLE_ASSIGNMENT((#2707));
#2709=STYLED_ITEM('',(#2708),#2706);
#2710=CARTESIAN_POINT('',(1.771653543307E-1,-5.905511811024E-2,
2.268529288030E-11));
#2711=DIRECTION('',(1.280458725161E-10,0.E0,-1.E0));
#2712=DIRECTION('',(-6.869156354838E-11,-1.E0,0.E0));
#2713=AXIS2_PLACEMENT_3D('',#2710,#2711,#2712);
#2715=CURVE_STYLE('',#21,POSITIVE_LENGTH_MEASURE(2.E-2),#3);
#2716=PRESENTATION_STYLE_ASSIGNMENT((#2715));
#2717=STYLED_ITEM('',(#2716),#2714);
#2718=CARTESIAN_POINT('',(0.E0,-5.905511811024E-2,0.E0));
#2719=DIRECTION('',(0.E0,1.E0,0.E0));
#2720=DIRECTION('',(1.E0,0.E0,0.E0));
#2721=AXIS2_PLACEMENT_3D('',#2718,#2719,#2720);
#2723=CURVE_STYLE('',#21,POSITIVE_LENGTH_MEASURE(2.E-2),#3);
#2724=PRESENTATION_STYLE_ASSIGNMENT((#2723));
#2725=STYLED_ITEM('',(#2724),#2722);
#2726=DIRECTION('',(0.E0,1.E0,-5.214247986719E-14));
#2727=VECTOR('',#2726,3.700787401575E-1);
#2728=CARTESIAN_POINT('',(-1.574803149606E-1,-5.905511811024E-2,
-2.168634997873E-12));
#2729=LINE('',#2728,#2727);
#2730=CURVE_STYLE('',#21,POSITIVE_LENGTH_MEASURE(2.E-2),#3);
#2731=PRESENTATION_STYLE_ASSIGNMENT((#2730));
#2732=STYLED_ITEM('',(#2731),#2729);
#2733=CARTESIAN_POINT('',(0.E0,3.110236220472E-1,0.E0));
#2734=DIRECTION('',(0.E0,-1.E0,0.E0));
#2735=DIRECTION('',(-1.E0,0.E0,0.E0));
#2736=AXIS2_PLACEMENT_3D('',#2733,#2734,#2735);
#2738=CURVE_STYLE('',#21,POSITIVE_LENGTH_MEASURE(2.E-2),#3);
#2739=PRESENTATION_STYLE_ASSIGNMENT((#2738));
#2740=STYLED_ITEM('',(#2739),#2737);
#2741=CARTESIAN_POINT('',(-6.304123876363E-1,2.519685039370E-1,
1.228609398537E-1));
#2742=DIRECTION('',(0.E0,1.E0,0.E0));
#2743=DIRECTION('',(-9.815333993640E-1,0.E0,1.912908412156E-1));
#2744=AXIS2_PLACEMENT_3D('',#2741,#2742,#2743);
#2746=CURVE_STYLE('',#21,POSITIVE_LENGTH_MEASURE(2.E-2),#3);
#2747=PRESENTATION_STYLE_ASSIGNMENT((#2746));
#2748=STYLED_ITEM('',(#2747),#2745);
#2749=DIRECTION('',(0.E0,-1.E0,0.E0));
#2750=VECTOR('',#2749,2.519685039370E-1);
#2751=CARTESIAN_POINT('',(-6.277559088251E-1,2.519685039370E-1,
1.327464509627E-1));
#2752=LINE('',#2751,#2750);
#2753=CURVE_STYLE('',#21,POSITIVE_LENGTH_MEASURE(2.E-2),#3);
#2754=PRESENTATION_STYLE_ASSIGNMENT((#2753));
#2755=STYLED_ITEM('',(#2754),#2752);
#2756=CARTESIAN_POINT('',(-6.304123876363E-1,0.E0,1.228609398537E-1));
#2757=DIRECTION('',(0.E0,1.E0,0.E0));
#2758=DIRECTION('',(-9.815333993640E-1,0.E0,1.912908412155E-1));
#2759=AXIS2_PLACEMENT_3D('',#2756,#2757,#2758);
#2761=CURVE_STYLE('',#21,POSITIVE_LENGTH_MEASURE(2.E-2),#3);
#2762=PRESENTATION_STYLE_ASSIGNMENT((#2761));
#2763=STYLED_ITEM('',(#2762),#2760);
#2764=CARTESIAN_POINT('',(-6.188669220339E-1,0.E0,1.658248919813E-1));
#2765=DIRECTION('',(0.E0,1.E0,0.E0));
#2766=DIRECTION('',(2.581204094344E-1,0.E0,9.661127544099E-1));
#2767=AXIS2_PLACEMENT_3D('',#2764,#2765,#2766);
#2769=CURVE_STYLE('',#21,POSITIVE_LENGTH_MEASURE(2.E-2),#3);
#2770=PRESENTATION_STYLE_ASSIGNMENT((#2769));
#2771=STYLED_ITEM('',(#2770),#2768);
#2772=CARTESIAN_POINT('',(-6.188669220339E-1,2.519685039370E-1,
1.658248919813E-1));
#2773=DIRECTION('',(0.E0,1.E0,0.E0));
#2774=DIRECTION('',(2.581204094344E-1,0.E0,9.661127544099E-1));
#2775=AXIS2_PLACEMENT_3D('',#2772,#2773,#2774);
#2777=CURVE_STYLE('',#21,POSITIVE_LENGTH_MEASURE(2.E-2),#3);
#2778=PRESENTATION_STYLE_ASSIGNMENT((#2777));
#2779=STYLED_ITEM('',(#2778),#2776);
#2780=DIRECTION('',(0.E0,-1.E0,0.E0));
#2781=VECTOR('',#2780,2.519685039370E-1);
#2782=CARTESIAN_POINT('',(-6.100257898997E-1,2.519685039370E-1,
1.989161556166E-1));
#2783=LINE('',#2782,#2781);
#2784=CURVE_STYLE('',#21,POSITIVE_LENGTH_MEASURE(2.E-2),#3);
#2785=PRESENTATION_STYLE_ASSIGNMENT((#2784));
#2786=STYLED_ITEM('',(#2785),#2783);
#2787=CARTESIAN_POINT('',(-6.073836124803E-1,2.519685039370E-1,
2.088054987720E-1));
#2788=DIRECTION('',(0.E0,1.E0,0.E0));
#2789=DIRECTION('',(-2.581204094344E-1,0.E0,-9.661127544099E-1));
#2790=AXIS2_PLACEMENT_3D('',#2787,#2788,#2789);
#2792=CURVE_STYLE('',#21,POSITIVE_LENGTH_MEASURE(2.E-2),#3);
#2793=PRESENTATION_STYLE_ASSIGNMENT((#2792));
#2794=STYLED_ITEM('',(#2793),#2791);
#2795=DIRECTION('',(0.E0,-1.E0,0.E0));
#2796=VECTOR('',#2795,2.519685039370E-1);
#2797=CARTESIAN_POINT('',(-6.170637838414E-1,2.519685039370E-1,
2.121333347026E-1));
#2798=LINE('',#2797,#2796);
#2799=CURVE_STYLE('',#21,POSITIVE_LENGTH_MEASURE(2.E-2),#3);
#2800=PRESENTATION_STYLE_ASSIGNMENT((#2799));
#2801=STYLED_ITEM('',(#2800),#2798);
#2802=CARTESIAN_POINT('',(-6.073836124803E-1,0.E0,2.088054987720E-1));
#2803=DIRECTION('',(0.E0,1.E0,0.E0));
#2804=DIRECTION('',(-2.581204094344E-1,0.E0,-9.661127544099E-1));
#2805=AXIS2_PLACEMENT_3D('',#2802,#2803,#2804);
#2807=CURVE_STYLE('',#21,POSITIVE_LENGTH_MEASURE(2.E-2),#3);
#2808=PRESENTATION_STYLE_ASSIGNMENT((#2807));
#2809=STYLED_ITEM('',(#2808),#2806);
#2810=CARTESIAN_POINT('',(0.E0,2.519685039370E-1,0.E0));
#2811=DIRECTION('',(0.E0,-1.E0,0.E0));
#2812=DIRECTION('',(-9.334043955526E-1,0.E0,3.588261896281E-1));
#2813=AXIS2_PLACEMENT_3D('',#2810,#2811,#2812);
#2815=CURVE_STYLE('',#21,POSITIVE_LENGTH_MEASURE(2.E-2),#3);
#2816=PRESENTATION_STYLE_ASSIGNMENT((#2815));
#2817=STYLED_ITEM('',(#2816),#2814);
#2818=DIRECTION('',(0.E0,-1.E0,0.E0));
#2819=VECTOR('',#2818,2.519685039370E-1);
#2820=CARTESIAN_POINT('',(-6.090549618099E-1,2.519685039370E-1,
2.341373923903E-1));
#2821=LINE('',#2820,#2819);
#2822=CURVE_STYLE('',#21,POSITIVE_LENGTH_MEASURE(2.E-2),#3);
#2823=PRESENTATION_STYLE_ASSIGNMENT((#2822));
#2824=STYLED_ITEM('',(#2823),#2821);
#2825=CARTESIAN_POINT('',(0.E0,0.E0,0.E0));
#2826=DIRECTION('',(0.E0,1.E0,0.E0));
#2827=DIRECTION('',(-9.456782791199E-1,0.E0,3.251039716780E-1));
#2828=AXIS2_PLACEMENT_3D('',#2825,#2826,#2827);
#2830=CURVE_STYLE('',#21,POSITIVE_LENGTH_MEASURE(2.E-2),#3);
#2831=PRESENTATION_STYLE_ASSIGNMENT((#2830));
#2832=STYLED_ITEM('',(#2831),#2829);
#2833=CARTESIAN_POINT('',(-5.995004286271E-1,2.519685039370E-1,
2.304643684020E-1));
#2834=DIRECTION('',(0.E0,1.E0,0.E0));
#2835=DIRECTION('',(-9.334043955525E-1,0.E0,3.588261896284E-1));
#2836=AXIS2_PLACEMENT_3D('',#2833,#2834,#2835);
#2838=CURVE_STYLE('',#21,POSITIVE_LENGTH_MEASURE(2.E-2),#3);
#2839=PRESENTATION_STYLE_ASSIGNMENT((#2838));
#2840=STYLED_ITEM('',(#2839),#2837);
#2841=DIRECTION('',(0.E0,-1.E0,0.E0));
#2842=VECTOR('',#2841,2.519685039370E-1);
#2843=CARTESIAN_POINT('',(-5.951677067088E-1,2.519685039370E-1,
2.397384036801E-1));
#2844=LINE('',#2843,#2842);
#2845=CURVE_STYLE('',#21,POSITIVE_LENGTH_MEASURE(2.E-2),#3);
#2846=PRESENTATION_STYLE_ASSIGNMENT((#2845));
#2847=STYLED_ITEM('',(#2846),#2844);
#2848=CARTESIAN_POINT('',(-5.995004286271E-1,0.E0,2.304643684020E-1));
#2849=DIRECTION('',(0.E0,1.E0,0.E0));
#2850=DIRECTION('',(-9.334043955526E-1,0.E0,3.588261896281E-1));
#2851=AXIS2_PLACEMENT_3D('',#2848,#2849,#2850);
#2853=CURVE_STYLE('',#21,POSITIVE_LENGTH_MEASURE(2.E-2),#3);
#2854=PRESENTATION_STYLE_ASSIGNMENT((#2853));
#2855=STYLED_ITEM('',(#2854),#2852);
#2856=CARTESIAN_POINT('',(-5.806697525974E-1,0.E0,2.707707524951E-1));
#2857=DIRECTION('',(0.E0,1.E0,0.E0));
#2858=DIRECTION('',(4.219626996457E-1,0.E0,9.066131921099E-1));
#2859=AXIS2_PLACEMENT_3D('',#2856,#2857,#2858);
#2861=CURVE_STYLE('',#21,POSITIVE_LENGTH_MEASURE(2.E-2),#3);
#2862=PRESENTATION_STYLE_ASSIGNMENT((#2861));
#2863=STYLED_ITEM('',(#2862),#2860);
#2864=CARTESIAN_POINT('',(-5.806697525974E-1,2.519685039370E-1,
2.707707524951E-1));
#2865=DIRECTION('',(0.E0,1.E0,0.E0));
#2866=DIRECTION('',(4.219626996457E-1,0.E0,9.066131921099E-1));
#2867=AXIS2_PLACEMENT_3D('',#2864,#2865,#2866);
#2869=CURVE_STYLE('',#21,POSITIVE_LENGTH_MEASURE(2.E-2),#3);
#2870=PRESENTATION_STYLE_ASSIGNMENT((#2869));
#2871=STYLED_ITEM('',(#2870),#2868);
#2872=DIRECTION('',(0.E0,-1.E0,0.E0));
#2873=VECTOR('',#2872,2.519685039370E-1);
#2874=CARTESIAN_POINT('',(-5.662166994993E-1,2.519685039370E-1,
3.018240389965E-1));
#2875=LINE('',#2874,#2873);
#2876=CURVE_STYLE('',#21,POSITIVE_LENGTH_MEASURE(2.E-2),#3);
#2877=PRESENTATION_STYLE_ASSIGNMENT((#2876));
#2878=STYLED_ITEM('',(#2877),#2875);
#2879=CARTESIAN_POINT('',(-5.618973962746E-1,2.519685039370E-1,
3.111043315142E-1));
#2880=DIRECTION('',(0.E0,1.E0,0.E0));
#2881=DIRECTION('',(-4.219626996457E-1,0.E0,-9.066131921099E-1));
#2882=AXIS2_PLACEMENT_3D('',#2879,#2880,#2881);
#2884=CURVE_STYLE('',#21,POSITIVE_LENGTH_MEASURE(2.E-2),#3);
#2885=PRESENTATION_STYLE_ASSIGNMENT((#2884));
#2886=STYLED_ITEM('',(#2885),#2883);
#2887=DIRECTION('',(0.E0,-1.E0,0.E0));
#2888=VECTOR('',#2887,2.519685039370E-1);
#2889=CARTESIAN_POINT('',(-5.708526314365E-1,2.519685039370E-1,
3.160625542557E-1));
#2890=LINE('',#2889,#2888);
#2891=CURVE_STYLE('',#21,POSITIVE_LENGTH_MEASURE(2.E-2),#3);
#2892=PRESENTATION_STYLE_ASSIGNMENT((#2891));
#2893=STYLED_ITEM('',(#2892),#2890);
#2894=CARTESIAN_POINT('',(-5.618973962746E-1,0.E0,3.111043315142E-1));
#2895=DIRECTION('',(0.E0,1.E0,0.E0));
#2896=DIRECTION('',(-4.219626996457E-1,0.E0,-9.066131921099E-1));
#2897=AXIS2_PLACEMENT_3D('',#2894,#2895,#2896);
#2899=CURVE_STYLE('',#21,POSITIVE_LENGTH_MEASURE(2.E-2),#3);
#2900=PRESENTATION_STYLE_ASSIGNMENT((#2899));
#2901=STYLED_ITEM('',(#2900),#2898);
#2902=CARTESIAN_POINT('',(0.E0,2.519685039370E-1,0.E0));
#2903=DIRECTION('',(0.E0,-1.E0,0.E0));
#2904=DIRECTION('',(-8.569143715078E-1,0.E0,5.154587858436E-1));
#2905=AXIS2_PLACEMENT_3D('',#2902,#2903,#2904);
#2907=CURVE_STYLE('',#21,POSITIVE_LENGTH_MEASURE(2.E-2),#3);
#2908=PRESENTATION_STYLE_ASSIGNMENT((#2907));
#2909=STYLED_ITEM('',(#2908),#2906);
#2910=DIRECTION('',(0.E0,-1.E0,0.E0));
#2911=VECTOR('',#2910,2.519685039370E-1);
#2912=CARTESIAN_POINT('',(-5.591445168887E-1,2.519685039370E-1,
3.363416035134E-1));
#2913=LINE('',#2912,#2911);
#2914=CURVE_STYLE('',#21,POSITIVE_LENGTH_MEASURE(2.E-2),#3);
#2915=PRESENTATION_STYLE_ASSIGNMENT((#2914));
#2916=STYLED_ITEM('',(#2915),#2913);
#2917=CARTESIAN_POINT('',(0.E0,0.E0,0.E0));
#2918=DIRECTION('',(0.E0,1.E0,0.E0));
#2919=DIRECTION('',(-8.748575888984E-1,0.E0,4.843802216719E-1));
#2920=AXIS2_PLACEMENT_3D('',#2917,#2918,#2919);
#2922=CURVE_STYLE('',#21,POSITIVE_LENGTH_MEASURE(2.E-2),#3);
#2923=PRESENTATION_STYLE_ASSIGNMENT((#2922));
#2924=STYLED_ITEM('',(#2923),#2921);
#2925=CARTESIAN_POINT('',(-5.503729524560E-1,2.519685039370E-1,
3.310652537370E-1));
#2926=DIRECTION('',(0.E0,1.E0,0.E0));
#2927=DIRECTION('',(-8.569143715077E-1,0.E0,5.154587858439E-1));
#2928=AXIS2_PLACEMENT_3D('',#2925,#2926,#2927);
#2930=CURVE_STYLE('',#21,POSITIVE_LENGTH_MEASURE(2.E-2),#3);
#2931=PRESENTATION_STYLE_ASSIGNMENT((#2930));
#2932=STYLED_ITEM('',(#2931),#2929);
#2933=DIRECTION('',(0.E0,-1.E0,0.E0));
#2934=VECTOR('',#2933,2.519685039370E-1);
#2935=CARTESIAN_POINT('',(-5.444956349935E-1,2.519685039370E-1,
3.394460263151E-1));
#2936=LINE('',#2935,#2934);
#2937=CURVE_STYLE('',#21,POSITIVE_LENGTH_MEASURE(2.E-2),#3);
#2938=PRESENTATION_STYLE_ASSIGNMENT((#2937));
#2939=STYLED_ITEM('',(#2938),#2936);
#2940=CARTESIAN_POINT('',(-5.503729524560E-1,0.E0,3.310652537370E-1));
#2941=DIRECTION('',(0.E0,1.E0,0.E0));
#2942=DIRECTION('',(-8.569143715078E-1,0.E0,5.154587858436E-1));
#2943=AXIS2_PLACEMENT_3D('',#2940,#2941,#2942);
#2945=CURVE_STYLE('',#21,POSITIVE_LENGTH_MEASURE(2.E-2),#3);
#2946=PRESENTATION_STYLE_ASSIGNMENT((#2945));
#2947=STYLED_ITEM('',(#2946),#2944);
#2948=CARTESIAN_POINT('',(-5.248292265613E-1,0.E0,3.674893807110E-1));
#2949=DIRECTION('',(0.E0,1.E0,0.E0));
#2950=DIRECTION('',(5.729838667518E-1,0.E0,8.195666467361E-1));
#2951=AXIS2_PLACEMENT_3D('',#2948,#2949,#2950);
#2953=CURVE_STYLE('',#21,POSITIVE_LENGTH_MEASURE(2.E-2),#3);
#2954=PRESENTATION_STYLE_ASSIGNMENT((#2953));
#2955=STYLED_ITEM('',(#2954),#2952);
#2956=CARTESIAN_POINT('',(-5.248292265613E-1,2.519685039370E-1,
3.674893807110E-1));
#2957=DIRECTION('',(0.E0,1.E0,0.E0));
#2958=DIRECTION('',(5.729838667518E-1,0.E0,8.195666467361E-1));
#2959=AXIS2_PLACEMENT_3D('',#2956,#2957,#2958);
#2961=CURVE_STYLE('',#21,POSITIVE_LENGTH_MEASURE(2.E-2),#3);
#2962=PRESENTATION_STYLE_ASSIGNMENT((#2961));
#2963=STYLED_ITEM('',(#2962),#2960);
#2964=DIRECTION('',(0.E0,-1.E0,0.E0));
#2965=VECTOR('',#2964,2.519685039370E-1);
#2966=CARTESIAN_POINT('',(-5.052034012041E-1,2.519685039370E-1,
3.955611516819E-1));
#2967=LINE('',#2966,#2965);
#2968=CURVE_STYLE('',#21,POSITIVE_LENGTH_MEASURE(2.E-2),#3);
#2969=PRESENTATION_STYLE_ASSIGNMENT((#2968));
#2970=STYLED_ITEM('',(#2969),#2967);
#2971=CARTESIAN_POINT('',(-4.993382120168E-1,2.519685039370E-1,
4.039504165697E-1));
#2972=DIRECTION('',(0.E0,1.E0,0.E0));
#2973=DIRECTION('',(-5.729838667515E-1,0.E0,-8.195666467362E-1));
#2974=AXIS2_PLACEMENT_3D('',#2971,#2972,#2973);
#2976=CURVE_STYLE('',#21,POSITIVE_LENGTH_MEASURE(2.E-2),#3);
#2977=PRESENTATION_STYLE_ASSIGNMENT((#2976));
#2978=STYLED_ITEM('',(#2977),#2975);
#2979=DIRECTION('',(0.E0,-1.E0,0.E0));
#2980=VECTOR('',#2979,2.519685039370E-1);
#2981=CARTESIAN_POINT('',(-5.072964106909E-1,2.519685039370E-1,
4.103883730332E-1));
#2982=LINE('',#2981,#2980);
#2983=CURVE_STYLE('',#21,POSITIVE_LENGTH_MEASURE(2.E-2),#3);
#2984=PRESENTATION_STYLE_ASSIGNMENT((#2983));
#2985=STYLED_ITEM('',(#2984),#2982);
#2986=CARTESIAN_POINT('',(-4.993382120168E-1,0.E0,4.039504165697E-1));
#2987=DIRECTION('',(0.E0,1.E0,0.E0));
#2988=DIRECTION('',(-5.729838667515E-1,0.E0,-8.195666467362E-1));
#2989=AXIS2_PLACEMENT_3D('',#2986,#2987,#2988);
#2991=CURVE_STYLE('',#21,POSITIVE_LENGTH_MEASURE(2.E-2),#3);
#2992=PRESENTATION_STYLE_ASSIGNMENT((#2991));
#2993=STYLED_ITEM('',(#2992),#2990);
#2994=CARTESIAN_POINT('',(0.E0,2.519685039370E-1,0.E0));
#2995=DIRECTION('',(0.E0,-1.E0,0.E0));
#2996=DIRECTION('',(-7.543874379043E-1,0.E0,6.564294276860E-1));
#2997=AXIS2_PLACEMENT_3D('',#2994,#2995,#2996);
#2999=CURVE_STYLE('',#21,POSITIVE_LENGTH_MEASURE(2.E-2),#3);
#3000=PRESENTATION_STYLE_ASSIGNMENT((#2999));
#3001=STYLED_ITEM('',(#3000),#2998);
#3002=DIRECTION('',(0.E0,-1.E0,0.E0));
#3003=VECTOR('',#3002,2.519685039370E-1);
#3004=CARTESIAN_POINT('',(-4.922447487626E-1,2.519685039370E-1,
4.283262452107E-1));
#3005=LINE('',#3004,#3003);
#3006=CURVE_STYLE('',#21,POSITIVE_LENGTH_MEASURE(2.E-2),#3);
#3007=PRESENTATION_STYLE_ASSIGNMENT((#3006));
#3008=STYLED_ITEM('',(#3007),#3005);
#3009=CARTESIAN_POINT('',(0.E0,0.E0,0.E0));
#3010=DIRECTION('',(0.E0,1.E0,0.E0));
#3011=DIRECTION('',(-7.774547935375E-1,0.E0,6.289388237386E-1));
#3012=AXIS2_PLACEMENT_3D('',#3009,#3010,#3011);
#3014=CURVE_STYLE('',#21,POSITIVE_LENGTH_MEASURE(2.E-2),#3);
#3015=PRESENTATION_STYLE_ASSIGNMENT((#3014));
#3016=STYLED_ITEM('',(#3015),#3013);
#3017=CARTESIAN_POINT('',(-4.845226726266E-1,2.519685039370E-1,
4.216068888643E-1));
#3018=DIRECTION('',(0.E0,1.E0,0.E0));
#3019=DIRECTION('',(-7.543874379041E-1,0.E0,6.564294276862E-1));
#3020=AXIS2_PLACEMENT_3D('',#3017,#3018,#3019);
#3022=CURVE_STYLE('',#21,POSITIVE_LENGTH_MEASURE(2.E-2),#3);
#3023=PRESENTATION_STYLE_ASSIGNMENT((#3022));
#3024=STYLED_ITEM('',(#3023),#3021);
#3025=DIRECTION('',(0.E0,-1.E0,0.E0));
#3026=VECTOR('',#3025,2.519685039370E-1);
#3027=CARTESIAN_POINT('',(-4.772793389370E-1,2.519685039370E-1,
4.288397532085E-1));
#3028=LINE('',#3027,#3026);
#3029=CURVE_STYLE('',#21,POSITIVE_LENGTH_MEASURE(2.E-2),#3);
#3030=PRESENTATION_STYLE_ASSIGNMENT((#3029));
#3031=STYLED_ITEM('',(#3030),#3028);
#3032=CARTESIAN_POINT('',(-4.845226726266E-1,0.E0,4.216068888643E-1));
#3033=DIRECTION('',(0.E0,1.E0,0.E0));
#3034=DIRECTION('',(-7.543874379043E-1,0.E0,6.564294276860E-1));
#3035=AXIS2_PLACEMENT_3D('',#3032,#3033,#3034);
#3037=CURVE_STYLE('',#21,POSITIVE_LENGTH_MEASURE(2.E-2),#3);
#3038=PRESENTATION_STYLE_ASSIGNMENT((#3037));
#3039=STYLED_ITEM('',(#3038),#3036);
#3040=CARTESIAN_POINT('',(-4.530420300526E-1,0.E0,4.530420300526E-1));
#3041=DIRECTION('',(0.E0,1.E0,0.E0));
#3042=DIRECTION('',(7.065952090103E-1,0.E0,7.076179835219E-1));
#3043=AXIS2_PLACEMENT_3D('',#3040,#3041,#3042);
#3045=CURVE_STYLE('',#21,POSITIVE_LENGTH_MEASURE(2.E-2),#3);
#3046=PRESENTATION_STYLE_ASSIGNMENT((#3045));
#3047=STYLED_ITEM('',(#3046),#3044);
#3048=CARTESIAN_POINT('',(-4.530420300526E-1,2.519685039370E-1,
4.530420300526E-1));
#3049=DIRECTION('',(0.E0,1.E0,0.E0));
#3050=DIRECTION('',(7.065952090103E-1,0.E0,7.076179835219E-1));
#3051=AXIS2_PLACEMENT_3D('',#3048,#3049,#3050);
#3053=CURVE_STYLE('',#21,POSITIVE_LENGTH_MEASURE(2.E-2),#3);
#3054=PRESENTATION_STYLE_ASSIGNMENT((#3053));
#3055=STYLED_ITEM('',(#3054),#3052);
#3056=DIRECTION('',(0.E0,-1.E0,0.E0));
#3057=VECTOR('',#3056,2.519685039370E-1);
#3058=CARTESIAN_POINT('',(-4.288397532085E-1,2.519685039370E-1,
4.772793389370E-1));
#3059=LINE('',#3058,#3057);
#3060=CURVE_STYLE('',#21,POSITIVE_LENGTH_MEASURE(2.E-2),#3);
#3061=PRESENTATION_STYLE_ASSIGNMENT((#3060));
#3062=STYLED_ITEM('',(#3061),#3059);
#3063=CARTESIAN_POINT('',(-4.216068888643E-1,2.519685039370E-1,
4.845226726266E-1));
#3064=DIRECTION('',(0.E0,1.E0,0.E0));
#3065=DIRECTION('',(-7.065952090103E-1,0.E0,-7.076179835220E-1));
#3066=AXIS2_PLACEMENT_3D('',#3063,#3064,#3065);
#3068=CURVE_STYLE('',#21,POSITIVE_LENGTH_MEASURE(2.E-2),#3);
#3069=PRESENTATION_STYLE_ASSIGNMENT((#3068));
#3070=STYLED_ITEM('',(#3069),#3067);
#3071=DIRECTION('',(0.E0,-1.E0,0.E0));
#3072=VECTOR('',#3071,2.519685039370E-1);
#3073=CARTESIAN_POINT('',(-4.283262452107E-1,2.519685039370E-1,
4.922447487626E-1));
#3074=LINE('',#3073,#3072);
#3075=CURVE_STYLE('',#21,POSITIVE_LENGTH_MEASURE(2.E-2),#3);
#3076=PRESENTATION_STYLE_ASSIGNMENT((#3075));
#3077=STYLED_ITEM('',(#3076),#3074);
#3078=CARTESIAN_POINT('',(-4.216068888643E-1,0.E0,4.845226726266E-1));
#3079=DIRECTION('',(0.E0,1.E0,0.E0));
#3080=DIRECTION('',(-7.065952090103E-1,0.E0,-7.076179835220E-1));
#3081=AXIS2_PLACEMENT_3D('',#3078,#3079,#3080);
#3083=CURVE_STYLE('',#21,POSITIVE_LENGTH_MEASURE(2.E-2),#3);
#3084=PRESENTATION_STYLE_ASSIGNMENT((#3083));
#3085=STYLED_ITEM('',(#3084),#3082);
#3086=CARTESIAN_POINT('',(0.E0,2.519685039370E-1,0.E0));
#3087=DIRECTION('',(0.E0,-1.E0,0.E0));
#3088=DIRECTION('',(-6.289388237386E-1,0.E0,7.774547935374E-1));
#3089=AXIS2_PLACEMENT_3D('',#3086,#3087,#3088);
#3091=CURVE_STYLE('',#21,POSITIVE_LENGTH_MEASURE(2.E-2),#3);
#3092=PRESENTATION_STYLE_ASSIGNMENT((#3091));
#3093=STYLED_ITEM('',(#3092),#3090);
#3094=DIRECTION('',(0.E0,-1.E0,0.E0));
#3095=VECTOR('',#3094,2.519685039370E-1);
#3096=CARTESIAN_POINT('',(-4.103883730332E-1,2.519685039370E-1,
5.072964106909E-1));
#3097=LINE('',#3096,#3095);
#3098=CURVE_STYLE('',#21,POSITIVE_LENGTH_MEASURE(2.E-2),#3);
#3099=PRESENTATION_STYLE_ASSIGNMENT((#3098));
#3100=STYLED_ITEM('',(#3099),#3097);
#3101=CARTESIAN_POINT('',(0.E0,0.E0,0.E0));
#3102=DIRECTION('',(0.E0,1.E0,0.E0));
#3103=DIRECTION('',(-6.564294276860E-1,0.E0,7.543874379043E-1));
#3104=AXIS2_PLACEMENT_3D('',#3101,#3102,#3103);
#3106=CURVE_STYLE('',#21,POSITIVE_LENGTH_MEASURE(2.E-2),#3);
#3107=PRESENTATION_STYLE_ASSIGNMENT((#3106));
#3108=STYLED_ITEM('',(#3107),#3105);
#3109=CARTESIAN_POINT('',(-4.039504165697E-1,2.519685039370E-1,
4.993382120168E-1));
#3110=DIRECTION('',(0.E0,1.E0,0.E0));
#3111=DIRECTION('',(-6.289388237383E-1,0.E0,7.774547935377E-1));
#3112=AXIS2_PLACEMENT_3D('',#3109,#3110,#3111);
#3114=CURVE_STYLE('',#21,POSITIVE_LENGTH_MEASURE(2.E-2),#3);
#3115=PRESENTATION_STYLE_ASSIGNMENT((#3114));
#3116=STYLED_ITEM('',(#3115),#3113);
#3117=DIRECTION('',(0.E0,-1.E0,0.E0));
#3118=VECTOR('',#3117,2.519685039370E-1);
#3119=CARTESIAN_POINT('',(-3.955611516819E-1,2.519685039370E-1,
5.052034012041E-1));
#3120=LINE('',#3119,#3118);
#3121=CURVE_STYLE('',#21,POSITIVE_LENGTH_MEASURE(2.E-2),#3);
#3122=PRESENTATION_STYLE_ASSIGNMENT((#3121));
#3123=STYLED_ITEM('',(#3122),#3120);
#3124=CARTESIAN_POINT('',(-4.039504165697E-1,0.E0,4.993382120168E-1));
#3125=DIRECTION('',(0.E0,1.E0,0.E0));
#3126=DIRECTION('',(-6.289388237385E-1,0.E0,7.774547935375E-1));
#3127=AXIS2_PLACEMENT_3D('',#3124,#3125,#3126);
#3129=CURVE_STYLE('',#21,POSITIVE_LENGTH_MEASURE(2.E-2),#3);
#3130=PRESENTATION_STYLE_ASSIGNMENT((#3129));
#3131=STYLED_ITEM('',(#3130),#3128);
#3132=CARTESIAN_POINT('',(-3.674893807110E-1,0.E0,5.248292265613E-1));
#3133=DIRECTION('',(0.E0,1.E0,0.E0));
#3134=DIRECTION('',(8.187370133976E-1,0.E0,5.741687059504E-1));
#3135=AXIS2_PLACEMENT_3D('',#3132,#3133,#3134);
#3137=CURVE_STYLE('',#21,POSITIVE_LENGTH_MEASURE(2.E-2),#3);
#3138=PRESENTATION_STYLE_ASSIGNMENT((#3137));
#3139=STYLED_ITEM('',(#3138),#3136);
#3140=CARTESIAN_POINT('',(-3.674893807110E-1,2.519685039370E-1,
5.248292265613E-1));
#3141=DIRECTION('',(0.E0,1.E0,0.E0));
#3142=DIRECTION('',(8.187370133976E-1,0.E0,5.741687059504E-1));
#3143=AXIS2_PLACEMENT_3D('',#3140,#3141,#3142);
#3145=CURVE_STYLE('',#21,POSITIVE_LENGTH_MEASURE(2.E-2),#3);
#3146=PRESENTATION_STYLE_ASSIGNMENT((#3145));
#3147=STYLED_ITEM('',(#3146),#3144);
#3148=DIRECTION('',(0.E0,-1.E0,0.E0));
#3149=VECTOR('',#3148,2.519685039370E-1);
#3150=CARTESIAN_POINT('',(-3.394460263151E-1,2.519685039370E-1,
5.444956349935E-1));
#3151=LINE('',#3150,#3149);
#3152=CURVE_STYLE('',#21,POSITIVE_LENGTH_MEASURE(2.E-2),#3);
#3153=PRESENTATION_STYLE_ASSIGNMENT((#3152));
#3154=STYLED_ITEM('',(#3153),#3151);
#3155=CARTESIAN_POINT('',(-3.310652537370E-1,2.519685039370E-1,
5.503729524560E-1));
#3156=DIRECTION('',(0.E0,1.E0,0.E0));
#3157=DIRECTION('',(-8.187370133975E-1,0.E0,-5.741687059506E-1));
#3158=AXIS2_PLACEMENT_3D('',#3155,#3156,#3157);
#3160=CURVE_STYLE('',#21,POSITIVE_LENGTH_MEASURE(2.E-2),#3);
#3161=PRESENTATION_STYLE_ASSIGNMENT((#3160));
#3162=STYLED_ITEM('',(#3161),#3159);
#3163=DIRECTION('',(0.E0,-1.E0,0.E0));
#3164=VECTOR('',#3163,2.519685039370E-1);
#3165=CARTESIAN_POINT('',(-3.363416035134E-1,2.519685039370E-1,
5.591445168887E-1));
#3166=LINE('',#3165,#3164);
#3167=CURVE_STYLE('',#21,POSITIVE_LENGTH_MEASURE(2.E-2),#3);
#3168=PRESENTATION_STYLE_ASSIGNMENT((#3167));
#3169=STYLED_ITEM('',(#3168),#3166);
#3170=CARTESIAN_POINT('',(-3.310652537370E-1,0.E0,5.503729524560E-1));
#3171=DIRECTION('',(0.E0,1.E0,0.E0));
#3172=DIRECTION('',(-8.187370133975E-1,0.E0,-5.741687059506E-1));
#3173=AXIS2_PLACEMENT_3D('',#3170,#3171,#3172);
#3175=CURVE_STYLE('',#21,POSITIVE_LENGTH_MEASURE(2.E-2),#3);
#3176=PRESENTATION_STYLE_ASSIGNMENT((#3175));
#3177=STYLED_ITEM('',(#3176),#3174);
#3178=CARTESIAN_POINT('',(0.E0,2.519685039370E-1,0.E0));
#3179=DIRECTION('',(0.E0,-1.E0,0.E0));
#3180=DIRECTION('',(-4.843802216719E-1,0.E0,8.748575888984E-1));
#3181=AXIS2_PLACEMENT_3D('',#3178,#3179,#3180);
#3183=CURVE_STYLE('',#21,POSITIVE_LENGTH_MEASURE(2.E-2),#3);
#3184=PRESENTATION_STYLE_ASSIGNMENT((#3183));
#3185=STYLED_ITEM('',(#3184),#3182);
#3186=DIRECTION('',(0.E0,-1.E0,0.E0));
#3187=VECTOR('',#3186,2.519685039370E-1);
#3188=CARTESIAN_POINT('',(-3.160625542557E-1,2.519685039370E-1,
5.708526314365E-1));
#3189=LINE('',#3188,#3187);
#3190=CURVE_STYLE('',#21,POSITIVE_LENGTH_MEASURE(2.E-2),#3);
#3191=PRESENTATION_STYLE_ASSIGNMENT((#3190));
#3192=STYLED_ITEM('',(#3191),#3189);
#3193=CARTESIAN_POINT('',(0.E0,0.E0,0.E0));
#3194=DIRECTION('',(0.E0,1.E0,0.E0));
#3195=DIRECTION('',(-5.154587858436E-1,0.E0,8.569143715078E-1));
#3196=AXIS2_PLACEMENT_3D('',#3193,#3194,#3195);
#3198=CURVE_STYLE('',#21,POSITIVE_LENGTH_MEASURE(2.E-2),#3);
#3199=PRESENTATION_STYLE_ASSIGNMENT((#3198));
#3200=STYLED_ITEM('',(#3199),#3197);
#3201=CARTESIAN_POINT('',(-3.111043315142E-1,2.519685039370E-1,
5.618973962746E-1));
#3202=DIRECTION('',(0.E0,1.E0,0.E0));
#3203=DIRECTION('',(-4.843802216716E-1,0.E0,8.748575888985E-1));
#3204=AXIS2_PLACEMENT_3D('',#3201,#3202,#3203);
#3206=CURVE_STYLE('',#21,POSITIVE_LENGTH_MEASURE(2.E-2),#3);
#3207=PRESENTATION_STYLE_ASSIGNMENT((#3206));
#3208=STYLED_ITEM('',(#3207),#3205);
#3209=DIRECTION('',(0.E0,-1.E0,0.E0));
#3210=VECTOR('',#3209,2.519685039370E-1);
#3211=CARTESIAN_POINT('',(-3.018240389965E-1,2.519685039370E-1,
5.662166994993E-1));
#3212=LINE('',#3211,#3210);
#3213=CURVE_STYLE('',#21,POSITIVE_LENGTH_MEASURE(2.E-2),#3);
#3214=PRESENTATION_STYLE_ASSIGNMENT((#3213));
#3215=STYLED_ITEM('',(#3214),#3212);
#3216=CARTESIAN_POINT('',(-3.111043315142E-1,0.E0,5.618973962746E-1));
#3217=DIRECTION('',(0.E0,1.E0,0.E0));
#3218=DIRECTION('',(-4.843802216719E-1,0.E0,8.748575888984E-1));
#3219=AXIS2_PLACEMENT_3D('',#3216,#3217,#3218);
#3221=CURVE_STYLE('',#21,POSITIVE_LENGTH_MEASURE(2.E-2),#3);
#3222=PRESENTATION_STYLE_ASSIGNMENT((#3221));
#3223=STYLED_ITEM('',(#3222),#3220);
#3224=CARTESIAN_POINT('',(-2.707707524951E-1,0.E0,5.806697525974E-1));
#3225=DIRECTION('',(0.E0,1.E0,0.E0));
#3226=DIRECTION('',(9.060019079336E-1,0.E0,4.232736027921E-1));
#3227=AXIS2_PLACEMENT_3D('',#3224,#3225,#3226);
#3229=CURVE_STYLE('',#21,POSITIVE_LENGTH_MEASURE(2.E-2),#3);
#3230=PRESENTATION_STYLE_ASSIGNMENT((#3229));
#3231=STYLED_ITEM('',(#3230),#3228);
#3232=CARTESIAN_POINT('',(-2.707707524951E-1,2.519685039370E-1,
5.806697525974E-1));
#3233=DIRECTION('',(0.E0,1.E0,0.E0));
#3234=DIRECTION('',(9.060019079336E-1,0.E0,4.232736027921E-1));
#3235=AXIS2_PLACEMENT_3D('',#3232,#3233,#3234);
#3237=CURVE_STYLE('',#21,POSITIVE_LENGTH_MEASURE(2.E-2),#3);
#3238=PRESENTATION_STYLE_ASSIGNMENT((#3237));
#3239=STYLED_ITEM('',(#3238),#3236);
#3240=DIRECTION('',(0.E0,-1.E0,0.E0));
#3241=VECTOR('',#3240,2.519685039370E-1);
#3242=CARTESIAN_POINT('',(-2.397384036801E-1,2.519685039370E-1,
5.951677067088E-1));
#3243=LINE('',#3242,#3241);
#3244=CURVE_STYLE('',#21,POSITIVE_LENGTH_MEASURE(2.E-2),#3);
#3245=PRESENTATION_STYLE_ASSIGNMENT((#3244));
#3246=STYLED_ITEM('',(#3245),#3243);
#3247=CARTESIAN_POINT('',(-2.304643684020E-1,2.519685039370E-1,
5.995004286271E-1));
#3248=DIRECTION('',(0.E0,1.E0,0.E0));
#3249=DIRECTION('',(-9.060019079338E-1,0.E0,-4.232736027918E-1));
#3250=AXIS2_PLACEMENT_3D('',#3247,#3248,#3249);
#3252=CURVE_STYLE('',#21,POSITIVE_LENGTH_MEASURE(2.E-2),#3);
#3253=PRESENTATION_STYLE_ASSIGNMENT((#3252));
#3254=STYLED_ITEM('',(#3253),#3251);
#3255=DIRECTION('',(0.E0,-1.E0,0.E0));
#3256=VECTOR('',#3255,2.519685039370E-1);
#3257=CARTESIAN_POINT('',(-2.341373923903E-1,2.519685039370E-1,
6.090549618099E-1));
#3258=LINE('',#3257,#3256);
#3259=CURVE_STYLE('',#21,POSITIVE_LENGTH_MEASURE(2.E-2),#3);
#3260=PRESENTATION_STYLE_ASSIGNMENT((#3259));
#3261=STYLED_ITEM('',(#3260),#3258);
#3262=CARTESIAN_POINT('',(-2.304643684020E-1,0.E0,5.995004286271E-1));
#3263=DIRECTION('',(0.E0,1.E0,0.E0));
#3264=DIRECTION('',(-9.060019079338E-1,0.E0,-4.232736027918E-1));
#3265=AXIS2_PLACEMENT_3D('',#3262,#3263,#3264);
#3267=CURVE_STYLE('',#21,POSITIVE_LENGTH_MEASURE(2.E-2),#3);
#3268=PRESENTATION_STYLE_ASSIGNMENT((#3267));
#3269=STYLED_ITEM('',(#3268),#3266);
#3270=CARTESIAN_POINT('',(0.E0,2.519685039370E-1,0.E0));
#3271=DIRECTION('',(0.E0,-1.E0,0.E0));
#3272=DIRECTION('',(-3.251039716780E-1,0.E0,9.456782791199E-1));
#3273=AXIS2_PLACEMENT_3D('',#3270,#3271,#3272);
#3275=CURVE_STYLE('',#21,POSITIVE_LENGTH_MEASURE(2.E-2),#3);
#3276=PRESENTATION_STYLE_ASSIGNMENT((#3275));
#3277=STYLED_ITEM('',(#3276),#3274);
#3278=DIRECTION('',(0.E0,-1.E0,0.E0));
#3279=VECTOR('',#3278,2.519685039370E-1);
#3280=CARTESIAN_POINT('',(-2.121333347025E-1,2.519685039370E-1,
6.170637838414E-1));
#3281=LINE('',#3280,#3279);
#3282=CURVE_STYLE('',#21,POSITIVE_LENGTH_MEASURE(2.E-2),#3);
#3283=PRESENTATION_STYLE_ASSIGNMENT((#3282));
#3284=STYLED_ITEM('',(#3283),#3281);
#3285=CARTESIAN_POINT('',(0.E0,0.E0,0.E0));
#3286=DIRECTION('',(0.E0,1.E0,0.E0));
#3287=DIRECTION('',(-3.588261896281E-1,0.E0,9.334043955526E-1));
#3288=AXIS2_PLACEMENT_3D('',#3285,#3286,#3287);
#3290=CURVE_STYLE('',#21,POSITIVE_LENGTH_MEASURE(2.E-2),#3);
#3291=PRESENTATION_STYLE_ASSIGNMENT((#3290));
#3292=STYLED_ITEM('',(#3291),#3289);
#3293=CARTESIAN_POINT('',(-2.088054987720E-1,2.519685039370E-1,
6.073836124803E-1));
#3294=DIRECTION('',(0.E0,1.E0,0.E0));
#3295=DIRECTION('',(-3.251039716777E-1,0.E0,9.456782791200E-1));
#3296=AXIS2_PLACEMENT_3D('',#3293,#3294,#3295);
#3298=CURVE_STYLE('',#21,POSITIVE_LENGTH_MEASURE(2.E-2),#3);
#3299=PRESENTATION_STYLE_ASSIGNMENT((#3298));
#3300=STYLED_ITEM('',(#3299),#3297);
#3301=DIRECTION('',(0.E0,-1.E0,0.E0));
#3302=VECTOR('',#3301,2.519685039370E-1);
#3303=CARTESIAN_POINT('',(-1.989161556166E-1,2.519685039370E-1,
6.100257898997E-1));
#3304=LINE('',#3303,#3302);
#3305=CURVE_STYLE('',#21,POSITIVE_LENGTH_MEASURE(2.E-2),#3);
#3306=PRESENTATION_STYLE_ASSIGNMENT((#3305));
#3307=STYLED_ITEM('',(#3306),#3304);
#3308=CARTESIAN_POINT('',(-2.088054987720E-1,0.E0,6.073836124803E-1));
#3309=DIRECTION('',(0.E0,1.E0,0.E0));
#3310=DIRECTION('',(-3.251039716780E-1,0.E0,9.456782791199E-1));
#3311=AXIS2_PLACEMENT_3D('',#3308,#3309,#3310);
#3313=CURVE_STYLE('',#21,POSITIVE_LENGTH_MEASURE(2.E-2),#3);
#3314=PRESENTATION_STYLE_ASSIGNMENT((#3313));
#3315=STYLED_ITEM('',(#3314),#3312);
#3316=CARTESIAN_POINT('',(-1.658248919813E-1,0.E0,6.188669220339E-1));
#3317=DIRECTION('',(0.E0,1.E0,0.E0));
#3318=DIRECTION('',(9.657383929563E-1,0.E0,2.595175453995E-1));
#3319=AXIS2_PLACEMENT_3D('',#3316,#3317,#3318);
#3321=CURVE_STYLE('',#21,POSITIVE_LENGTH_MEASURE(2.E-2),#3);
#3322=PRESENTATION_STYLE_ASSIGNMENT((#3321));
#3323=STYLED_ITEM('',(#3322),#3320);
#3324=CARTESIAN_POINT('',(-1.658248919813E-1,2.519685039370E-1,
6.188669220339E-1));
#3325=DIRECTION('',(0.E0,1.E0,0.E0));
#3326=DIRECTION('',(9.657383929563E-1,0.E0,2.595175453995E-1));
#3327=AXIS2_PLACEMENT_3D('',#3324,#3325,#3326);
#3329=CURVE_STYLE('',#21,POSITIVE_LENGTH_MEASURE(2.E-2),#3);
#3330=PRESENTATION_STYLE_ASSIGNMENT((#3329));
#3331=STYLED_ITEM('',(#3330),#3328);
#3332=DIRECTION('',(0.E0,-1.E0,0.E0));
#3333=VECTOR('',#3332,2.519685039370E-1);
#3334=CARTESIAN_POINT('',(-1.327464509627E-1,2.519685039370E-1,
6.277559088251E-1));
#3335=LINE('',#3334,#3333);
#3336=CURVE_STYLE('',#21,POSITIVE_LENGTH_MEASURE(2.E-2),#3);
#3337=PRESENTATION_STYLE_ASSIGNMENT((#3336));
#3338=STYLED_ITEM('',(#3337),#3335);
#3339=CARTESIAN_POINT('',(-1.228609398537E-1,2.519685039370E-1,
6.304123876363E-1));
#3340=DIRECTION('',(0.E0,1.E0,0.E0));
#3341=DIRECTION('',(-9.657383929563E-1,0.E0,-2.595175453996E-1));
#3342=AXIS2_PLACEMENT_3D('',#3339,#3340,#3341);
#3344=CURVE_STYLE('',#21,POSITIVE_LENGTH_MEASURE(2.E-2),#3);
#3345=PRESENTATION_STYLE_ASSIGNMENT((#3344));
#3346=STYLED_ITEM('',(#3345),#3343);
#3347=DIRECTION('',(0.E0,-1.E0,0.E0));
#3348=VECTOR('',#3347,2.519685039370E-1);
#3349=CARTESIAN_POINT('',(-1.248190350788E-1,2.519685039370E-1,
6.404595799133E-1));
#3350=LINE('',#3349,#3348);
#3351=CURVE_STYLE('',#21,POSITIVE_LENGTH_MEASURE(2.E-2),#3);
#3352=PRESENTATION_STYLE_ASSIGNMENT((#3351));
#3353=STYLED_ITEM('',(#3352),#3350);
#3354=CARTESIAN_POINT('',(-1.228609398537E-1,0.E0,6.304123876363E-1));
#3355=DIRECTION('',(0.E0,1.E0,0.E0));
#3356=DIRECTION('',(-9.657383929563E-1,0.E0,-2.595175453996E-1));
#3357=AXIS2_PLACEMENT_3D('',#3354,#3355,#3356);
#3359=CURVE_STYLE('',#21,POSITIVE_LENGTH_MEASURE(2.E-2),#3);
#3360=PRESENTATION_STYLE_ASSIGNMENT((#3359));
#3361=STYLED_ITEM('',(#3360),#3358);
#3362=CARTESIAN_POINT('',(0.E0,2.519685039370E-1,0.E0));
#3363=DIRECTION('',(0.E0,-1.E0,0.E0));
#3364=DIRECTION('',(-1.559496020152E-1,0.E0,9.877650133667E-1));
#3365=AXIS2_PLACEMENT_3D('',#3362,#3363,#3364);
#3367=CURVE_STYLE('',#21,POSITIVE_LENGTH_MEASURE(2.E-2),#3);
#3368=PRESENTATION_STYLE_ASSIGNMENT((#3367));
#3369=STYLED_ITEM('',(#3368),#3366);
#3370=DIRECTION('',(0.E0,-1.E0,0.E0));
#3371=VECTOR('',#3370,2.519685039370E-1);
#3372=CARTESIAN_POINT('',(-1.017585511191E-1,2.519685039370E-1,
6.445257654235E-1));
#3373=LINE('',#3372,#3371);
#3374=CURVE_STYLE('',#21,POSITIVE_LENGTH_MEASURE(2.E-2),#3);
#3375=PRESENTATION_STYLE_ASSIGNMENT((#3374));
#3376=STYLED_ITEM('',(#3375),#3373);
#3377=CARTESIAN_POINT('',(0.E0,0.E0,0.E0));
#3378=DIRECTION('',(0.E0,1.E0,0.E0));
#3379=DIRECTION('',(-1.912908412156E-1,0.E0,9.815333993640E-1));
#3380=AXIS2_PLACEMENT_3D('',#3377,#3378,#3379);
#3382=CURVE_STYLE('',#21,POSITIVE_LENGTH_MEASURE(2.E-2),#3);
#3383=PRESENTATION_STYLE_ASSIGNMENT((#3382));
#3384=STYLED_ITEM('',(#3383),#3381);
#3385=CARTESIAN_POINT('',(-1.001622166103E-1,2.519685039370E-1,
6.344147849718E-1));
#3386=DIRECTION('',(0.E0,1.E0,0.E0));
#3387=DIRECTION('',(-1.559496020147E-1,0.E0,9.877650133668E-1));
#3388=AXIS2_PLACEMENT_3D('',#3385,#3386,#3387);
#3390=CURVE_STYLE('',#21,POSITIVE_LENGTH_MEASURE(2.E-2),#3);
#3391=PRESENTATION_STYLE_ASSIGNMENT((#3390));
#3392=STYLED_ITEM('',(#3391),#3389);
#3393=DIRECTION('',(0.E0,-1.E0,0.E0));
#3394=VECTOR('',#3393,2.519685039370E-1);
#3395=CARTESIAN_POINT('',(-8.996430550471E-2,2.519685039370E-1,
6.352995553620E-1));
#3396=LINE('',#3395,#3394);
#3397=CURVE_STYLE('',#21,POSITIVE_LENGTH_MEASURE(2.E-2),#3);
#3398=PRESENTATION_STYLE_ASSIGNMENT((#3397));
#3399=STYLED_ITEM('',(#3398),#3396);
#3400=CARTESIAN_POINT('',(-1.001622166103E-1,0.E0,6.344147849718E-1));
#3401=DIRECTION('',(0.E0,1.E0,0.E0));
#3402=DIRECTION('',(-1.559496020152E-1,0.E0,9.877650133667E-1));
#3403=AXIS2_PLACEMENT_3D('',#3400,#3401,#3402);
#3405=CURVE_STYLE('',#21,POSITIVE_LENGTH_MEASURE(2.E-2),#3);
#3406=PRESENTATION_STYLE_ASSIGNMENT((#3405));
#3407=STYLED_ITEM('',(#3406),#3404);
#3408=CARTESIAN_POINT('',(-5.584052603608E-2,0.E0,6.382601332061E-1));
#3409=DIRECTION('',(0.E0,1.E0,0.E0));
#3410=DIRECTION('',(9.961314055961E-1,0.E0,8.787617871233E-2));
#3411=AXIS2_PLACEMENT_3D('',#3408,#3409,#3410);
#3413=CURVE_STYLE('',#21,POSITIVE_LENGTH_MEASURE(2.E-2),#3);
#3414=PRESENTATION_STYLE_ASSIGNMENT((#3413));
#3415=STYLED_ITEM('',(#3414),#3412);
#3416=CARTESIAN_POINT('',(-5.584052603608E-2,2.519685039370E-1,
6.382601332061E-1));
#3417=DIRECTION('',(0.E0,1.E0,0.E0));
#3418=DIRECTION('',(9.961314055961E-1,0.E0,8.787617871233E-2));
#3419=AXIS2_PLACEMENT_3D('',#3416,#3417,#3418);
#3421=CURVE_STYLE('',#21,POSITIVE_LENGTH_MEASURE(2.E-2),#3);
#3422=PRESENTATION_STYLE_ASSIGNMENT((#3421));
#3423=STYLED_ITEM('',(#3422),#3420);
#3424=DIRECTION('',(0.E0,-1.E0,0.E0));
#3425=VECTOR('',#3424,2.519685039370E-1);
#3426=CARTESIAN_POINT('',(-2.172106450582E-2,2.519685039370E-1,
6.412700653116E-1));
#3427=LINE('',#3426,#3425);
#3428=CURVE_STYLE('',#21,POSITIVE_LENGTH_MEASURE(2.E-2),#3);
#3429=PRESENTATION_STYLE_ASSIGNMENT((#3428));
#3430=STYLED_ITEM('',(#3429),#3427);
#3431=CARTESIAN_POINT('',(-1.152444381862E-2,2.519685039370E-1,
6.421695852512E-1));
#3432=DIRECTION('',(0.E0,1.E0,0.E0));
#3433=DIRECTION('',(-9.961314055961E-1,0.E0,-8.787617871232E-2));
#3434=AXIS2_PLACEMENT_3D('',#3431,#3432,#3433);
#3436=CURVE_STYLE('',#21,POSITIVE_LENGTH_MEASURE(2.E-2),#3);
#3437=PRESENTATION_STYLE_ASSIGNMENT((#3436));
#3438=STYLED_ITEM('',(#3437),#3435);
#3439=DIRECTION('',(0.E0,-1.E0,0.E0));
#3440=VECTOR('',#3439,2.519685039370E-1);
#3441=CARTESIAN_POINT('',(-1.170811454781E-2,2.519685039370E-1,
6.524041577691E-1));
#3442=LINE('',#3441,#3440);
#3443=CURVE_STYLE('',#21,POSITIVE_LENGTH_MEASURE(2.E-2),#3);
#3444=PRESENTATION_STYLE_ASSIGNMENT((#3443));
#3445=STYLED_ITEM('',(#3444),#3442);
#3446=CARTESIAN_POINT('',(-1.152444381862E-2,0.E0,6.421695852512E-1));
#3447=DIRECTION('',(0.E0,1.E0,0.E0));
#3448=DIRECTION('',(-9.961314055961E-1,0.E0,-8.787617871232E-2));
#3449=AXIS2_PLACEMENT_3D('',#3446,#3447,#3448);
#3451=CURVE_STYLE('',#21,POSITIVE_LENGTH_MEASURE(2.E-2),#3);
#3452=PRESENTATION_STYLE_ASSIGNMENT((#3451));
#3453=STYLED_ITEM('',(#3452),#3450);
#3454=CARTESIAN_POINT('',(0.E0,2.519685039370E-1,0.E0));
#3455=DIRECTION('',(0.E0,-1.E0,0.E0));
#3456=DIRECTION('',(1.794321739057E-2,0.E0,9.998390075155E-1));
#3457=AXIS2_PLACEMENT_3D('',#3454,#3455,#3456);
#3459=CURVE_STYLE('',#21,POSITIVE_LENGTH_MEASURE(2.E-2),#3);
#3460=PRESENTATION_STYLE_ASSIGNMENT((#3459));
#3461=STYLED_ITEM('',(#3460),#3458);
#3462=DIRECTION('',(0.E0,-1.E0,0.E0));
#3463=VECTOR('',#3462,2.519685039370E-1);
#3464=CARTESIAN_POINT('',(1.170811454781E-2,2.519685039370E-1,
6.524041577691E-1));
#3465=LINE('',#3464,#3463);
#3466=CURVE_STYLE('',#21,POSITIVE_LENGTH_MEASURE(2.E-2),#3);
#3467=PRESENTATION_STYLE_ASSIGNMENT((#3466));
#3468=STYLED_ITEM('',(#3467),#3465);
#3469=CARTESIAN_POINT('',(0.E0,0.E0,0.E0));
#3470=DIRECTION('',(0.E0,1.E0,0.E0));
#3471=DIRECTION('',(-1.794321739057E-2,0.E0,9.998390075155E-1));
#3472=AXIS2_PLACEMENT_3D('',#3469,#3470,#3471);
#3474=CURVE_STYLE('',#21,POSITIVE_LENGTH_MEASURE(2.E-2),#3);
#3475=PRESENTATION_STYLE_ASSIGNMENT((#3474));
#3476=STYLED_ITEM('',(#3475),#3473);
#3477=CARTESIAN_POINT('',(1.152444381862E-2,2.519685039370E-1,
6.421695852512E-1));
#3478=DIRECTION('',(0.E0,1.E0,0.E0));
#3479=DIRECTION('',(1.794321739088E-2,0.E0,9.998390075155E-1));
#3480=AXIS2_PLACEMENT_3D('',#3477,#3478,#3479);
#3482=CURVE_STYLE('',#21,POSITIVE_LENGTH_MEASURE(2.E-2),#3);
#3483=PRESENTATION_STYLE_ASSIGNMENT((#3482));
#3484=STYLED_ITEM('',(#3483),#3481);
#3485=DIRECTION('',(0.E0,-1.E0,0.E0));
#3486=VECTOR('',#3485,2.519685039370E-1);
#3487=CARTESIAN_POINT('',(2.172106450582E-2,2.519685039370E-1,
6.412700653116E-1));
#3488=LINE('',#3487,#3486);
#3489=CURVE_STYLE('',#21,POSITIVE_LENGTH_MEASURE(2.E-2),#3);
#3490=PRESENTATION_STYLE_ASSIGNMENT((#3489));
#3491=STYLED_ITEM('',(#3490),#3488);
#3492=CARTESIAN_POINT('',(1.152444381862E-2,0.E0,6.421695852512E-1));
#3493=DIRECTION('',(0.E0,1.E0,0.E0));
#3494=DIRECTION('',(1.794321739047E-2,0.E0,9.998390075155E-1));
#3495=AXIS2_PLACEMENT_3D('',#3492,#3493,#3494);
#3497=CURVE_STYLE('',#21,POSITIVE_LENGTH_MEASURE(2.E-2),#3);
#3498=PRESENTATION_STYLE_ASSIGNMENT((#3497));
#3499=STYLED_ITEM('',(#3498),#3496);
#3500=CARTESIAN_POINT('',(5.584052603608E-2,0.E0,6.382601332061E-1));
#3501=DIRECTION('',(0.E0,1.E0,0.E0));
#3502=DIRECTION('',(9.962574695437E-1,0.E0,-8.643526119758E-2));
#3503=AXIS2_PLACEMENT_3D('',#3500,#3501,#3502);
#3505=CURVE_STYLE('',#21,POSITIVE_LENGTH_MEASURE(2.E-2),#3);
#3506=PRESENTATION_STYLE_ASSIGNMENT((#3505));
#3507=STYLED_ITEM('',(#3506),#3504);
#3508=CARTESIAN_POINT('',(5.584052603608E-2,2.519685039370E-1,
6.382601332061E-1));
#3509=DIRECTION('',(0.E0,1.E0,0.E0));
#3510=DIRECTION('',(9.962574695437E-1,0.E0,-8.643526119758E-2));
#3511=AXIS2_PLACEMENT_3D('',#3508,#3509,#3510);
#3513=CURVE_STYLE('',#21,POSITIVE_LENGTH_MEASURE(2.E-2),#3);
#3514=PRESENTATION_STYLE_ASSIGNMENT((#3513));
#3515=STYLED_ITEM('',(#3514),#3512);
#3516=DIRECTION('',(0.E0,-1.E0,0.E0));
#3517=VECTOR('',#3516,2.519685039370E-1);
#3518=CARTESIAN_POINT('',(8.996430550471E-2,2.519685039370E-1,
6.352995553620E-1));
#3519=LINE('',#3518,#3517);
#3520=CURVE_STYLE('',#21,POSITIVE_LENGTH_MEASURE(2.E-2),#3);
#3521=PRESENTATION_STYLE_ASSIGNMENT((#3520));
#3522=STYLED_ITEM('',(#3521),#3519);
#3523=CARTESIAN_POINT('',(1.001622166103E-1,2.519685039370E-1,
6.344147849718E-1));
#3524=DIRECTION('',(0.E0,1.E0,0.E0));
#3525=DIRECTION('',(-9.962574695437E-1,0.E0,8.643526119758E-2));
#3526=AXIS2_PLACEMENT_3D('',#3523,#3524,#3525);
#3528=CURVE_STYLE('',#21,POSITIVE_LENGTH_MEASURE(2.E-2),#3);
#3529=PRESENTATION_STYLE_ASSIGNMENT((#3528));
#3530=STYLED_ITEM('',(#3529),#3527);
#3531=DIRECTION('',(0.E0,-1.E0,0.E0));
#3532=VECTOR('',#3531,2.519685039370E-1);
#3533=CARTESIAN_POINT('',(1.017585511191E-1,2.519685039370E-1,
6.445257654235E-1));
#3534=LINE('',#3533,#3532);
#3535=CURVE_STYLE('',#21,POSITIVE_LENGTH_MEASURE(2.E-2),#3);
#3536=PRESENTATION_STYLE_ASSIGNMENT((#3535));
#3537=STYLED_ITEM('',(#3536),#3534);
#3538=CARTESIAN_POINT('',(1.001622166103E-1,0.E0,6.344147849718E-1));
#3539=DIRECTION('',(0.E0,1.E0,0.E0));
#3540=DIRECTION('',(-9.962574695437E-1,0.E0,8.643526119758E-2));
#3541=AXIS2_PLACEMENT_3D('',#3538,#3539,#3540);
#3543=CURVE_STYLE('',#21,POSITIVE_LENGTH_MEASURE(2.E-2),#3);
#3544=PRESENTATION_STYLE_ASSIGNMENT((#3543));
#3545=STYLED_ITEM('',(#3544),#3542);
#3546=CARTESIAN_POINT('',(0.E0,2.519685039370E-1,0.E0));
#3547=DIRECTION('',(0.E0,-1.E0,0.E0));
#3548=DIRECTION('',(1.912908412156E-1,0.E0,9.815333993640E-1));
#3549=AXIS2_PLACEMENT_3D('',#3546,#3547,#3548);
#3551=CURVE_STYLE('',#21,POSITIVE_LENGTH_MEASURE(2.E-2),#3);
#3552=PRESENTATION_STYLE_ASSIGNMENT((#3551));
#3553=STYLED_ITEM('',(#3552),#3550);
#3554=DIRECTION('',(0.E0,-1.E0,0.E0));
#3555=VECTOR('',#3554,2.519685039370E-1);
#3556=CARTESIAN_POINT('',(1.248190350788E-1,2.519685039370E-1,
6.404595799133E-1));
#3557=LINE('',#3556,#3555);
#3558=CURVE_STYLE('',#21,POSITIVE_LENGTH_MEASURE(2.E-2),#3);
#3559=PRESENTATION_STYLE_ASSIGNMENT((#3558));
#3560=STYLED_ITEM('',(#3559),#3557);
#3561=CARTESIAN_POINT('',(0.E0,0.E0,0.E0));
#3562=DIRECTION('',(0.E0,1.E0,0.E0));
#3563=DIRECTION('',(1.559496020152E-1,0.E0,9.877650133667E-1));
#3564=AXIS2_PLACEMENT_3D('',#3561,#3562,#3563);
#3566=CURVE_STYLE('',#21,POSITIVE_LENGTH_MEASURE(2.E-2),#3);
#3567=PRESENTATION_STYLE_ASSIGNMENT((#3566));
#3568=STYLED_ITEM('',(#3567),#3565);
#3569=CARTESIAN_POINT('',(1.228609398537E-1,2.519685039370E-1,
6.304123876363E-1));
#3570=DIRECTION('',(0.E0,1.E0,0.E0));
#3571=DIRECTION('',(1.912908412161E-1,0.E0,9.815333993639E-1));
#3572=AXIS2_PLACEMENT_3D('',#3569,#3570,#3571);
#3574=CURVE_STYLE('',#21,POSITIVE_LENGTH_MEASURE(2.E-2),#3);
#3575=PRESENTATION_STYLE_ASSIGNMENT((#3574));
#3576=STYLED_ITEM('',(#3575),#3573);
#3577=DIRECTION('',(0.E0,-1.E0,0.E0));
#3578=VECTOR('',#3577,2.519685039370E-1);
#3579=CARTESIAN_POINT('',(1.327464509627E-1,2.519685039370E-1,
6.277559088251E-1));
#3580=LINE('',#3579,#3578);
#3581=CURVE_STYLE('',#21,POSITIVE_LENGTH_MEASURE(2.E-2),#3);
#3582=PRESENTATION_STYLE_ASSIGNMENT((#3581));
#3583=STYLED_ITEM('',(#3582),#3580);
#3584=CARTESIAN_POINT('',(1.228609398537E-1,0.E0,6.304123876363E-1));
#3585=DIRECTION('',(0.E0,1.E0,0.E0));
#3586=DIRECTION('',(1.912908412156E-1,0.E0,9.815333993640E-1));
#3587=AXIS2_PLACEMENT_3D('',#3584,#3585,#3586);
#3589=CURVE_STYLE('',#21,POSITIVE_LENGTH_MEASURE(2.E-2),#3);
#3590=PRESENTATION_STYLE_ASSIGNMENT((#3589));
#3591=STYLED_ITEM('',(#3590),#3588);
#3592=CARTESIAN_POINT('',(1.658248919813E-1,0.E0,6.188669220339E-1));
#3593=DIRECTION('',(0.E0,1.E0,0.E0));
#3594=DIRECTION('',(9.661127544099E-1,0.E0,-2.581204094344E-1));
#3595=AXIS2_PLACEMENT_3D('',#3592,#3593,#3594);
#3597=CURVE_STYLE('',#21,POSITIVE_LENGTH_MEASURE(2.E-2),#3);
#3598=PRESENTATION_STYLE_ASSIGNMENT((#3597));
#3599=STYLED_ITEM('',(#3598),#3596);
#3600=CARTESIAN_POINT('',(1.658248919813E-1,2.519685039370E-1,
6.188669220339E-1));
#3601=DIRECTION('',(0.E0,1.E0,0.E0));
#3602=DIRECTION('',(9.661127544099E-1,0.E0,-2.581204094344E-1));
#3603=AXIS2_PLACEMENT_3D('',#3600,#3601,#3602);
#3605=CURVE_STYLE('',#21,POSITIVE_LENGTH_MEASURE(2.E-2),#3);
#3606=PRESENTATION_STYLE_ASSIGNMENT((#3605));
#3607=STYLED_ITEM('',(#3606),#3604);
#3608=DIRECTION('',(0.E0,-1.E0,0.E0));
#3609=VECTOR('',#3608,2.519685039370E-1);
#3610=CARTESIAN_POINT('',(1.989161556166E-1,2.519685039370E-1,
6.100257898997E-1));
#3611=LINE('',#3610,#3609);
#3612=CURVE_STYLE('',#21,POSITIVE_LENGTH_MEASURE(2.E-2),#3);
#3613=PRESENTATION_STYLE_ASSIGNMENT((#3612));
#3614=STYLED_ITEM('',(#3613),#3611);
#3615=CARTESIAN_POINT('',(2.088054987720E-1,2.519685039370E-1,
6.073836124803E-1));
#3616=DIRECTION('',(0.E0,1.E0,0.E0));
#3617=DIRECTION('',(-9.661127544099E-1,0.E0,2.581204094344E-1));
#3618=AXIS2_PLACEMENT_3D('',#3615,#3616,#3617);
#3620=CURVE_STYLE('',#21,POSITIVE_LENGTH_MEASURE(2.E-2),#3);
#3621=PRESENTATION_STYLE_ASSIGNMENT((#3620));
#3622=STYLED_ITEM('',(#3621),#3619);
#3623=DIRECTION('',(0.E0,-1.E0,0.E0));
#3624=VECTOR('',#3623,2.519685039370E-1);
#3625=CARTESIAN_POINT('',(2.121333347026E-1,2.519685039370E-1,
6.170637838414E-1));
#3626=LINE('',#3625,#3624);
#3627=CURVE_STYLE('',#21,POSITIVE_LENGTH_MEASURE(2.E-2),#3);
#3628=PRESENTATION_STYLE_ASSIGNMENT((#3627));
#3629=STYLED_ITEM('',(#3628),#3626);
#3630=CARTESIAN_POINT('',(2.088054987720E-1,0.E0,6.073836124803E-1));
#3631=DIRECTION('',(0.E0,1.E0,0.E0));
#3632=DIRECTION('',(-9.661127544099E-1,0.E0,2.581204094344E-1));
#3633=AXIS2_PLACEMENT_3D('',#3630,#3631,#3632);
#3635=CURVE_STYLE('',#21,POSITIVE_LENGTH_MEASURE(2.E-2),#3);
#3636=PRESENTATION_STYLE_ASSIGNMENT((#3635));
#3637=STYLED_ITEM('',(#3636),#3634);
#3638=CARTESIAN_POINT('',(0.E0,2.519685039370E-1,0.E0));
#3639=DIRECTION('',(0.E0,-1.E0,0.E0));
#3640=DIRECTION('',(3.588261896281E-1,0.E0,9.334043955526E-1));
#3641=AXIS2_PLACEMENT_3D('',#3638,#3639,#3640);
#3643=CURVE_STYLE('',#21,POSITIVE_LENGTH_MEASURE(2.E-2),#3);
#3644=PRESENTATION_STYLE_ASSIGNMENT((#3643));
#3645=STYLED_ITEM('',(#3644),#3642);
#3646=DIRECTION('',(0.E0,-1.E0,0.E0));
#3647=VECTOR('',#3646,2.519685039370E-1);
#3648=CARTESIAN_POINT('',(2.341373923903E-1,2.519685039370E-1,
6.090549618099E-1));
#3649=LINE('',#3648,#3647);
#3650=CURVE_STYLE('',#21,POSITIVE_LENGTH_MEASURE(2.E-2),#3);
#3651=PRESENTATION_STYLE_ASSIGNMENT((#3650));
#3652=STYLED_ITEM('',(#3651),#3649);
#3653=CARTESIAN_POINT('',(0.E0,0.E0,0.E0));
#3654=DIRECTION('',(0.E0,1.E0,0.E0));
#3655=DIRECTION('',(3.251039716780E-1,0.E0,9.456782791199E-1));
#3656=AXIS2_PLACEMENT_3D('',#3653,#3654,#3655);
#3658=CURVE_STYLE('',#21,POSITIVE_LENGTH_MEASURE(2.E-2),#3);
#3659=PRESENTATION_STYLE_ASSIGNMENT((#3658));
#3660=STYLED_ITEM('',(#3659),#3657);
#3661=CARTESIAN_POINT('',(2.304643684020E-1,2.519685039370E-1,
5.995004286271E-1));
#3662=DIRECTION('',(0.E0,1.E0,0.E0));
#3663=DIRECTION('',(3.588261896286E-1,0.E0,9.334043955525E-1));
#3664=AXIS2_PLACEMENT_3D('',#3661,#3662,#3663);
#3666=CURVE_STYLE('',#21,POSITIVE_LENGTH_MEASURE(2.E-2),#3);
#3667=PRESENTATION_STYLE_ASSIGNMENT((#3666));
#3668=STYLED_ITEM('',(#3667),#3665);
#3669=DIRECTION('',(0.E0,-1.E0,0.E0));
#3670=VECTOR('',#3669,2.519685039370E-1);
#3671=CARTESIAN_POINT('',(2.397384036801E-1,2.519685039370E-1,
5.951677067088E-1));
#3672=LINE('',#3671,#3670);
#3673=CURVE_STYLE('',#21,POSITIVE_LENGTH_MEASURE(2.E-2),#3);
#3674=PRESENTATION_STYLE_ASSIGNMENT((#3673));
#3675=STYLED_ITEM('',(#3674),#3672);
#3676=CARTESIAN_POINT('',(2.304643684020E-1,0.E0,5.995004286271E-1));
#3677=DIRECTION('',(0.E0,1.E0,0.E0));
#3678=DIRECTION('',(3.588261896282E-1,0.E0,9.334043955526E-1));
#3679=AXIS2_PLACEMENT_3D('',#3676,#3677,#3678);
#3681=CURVE_STYLE('',#21,POSITIVE_LENGTH_MEASURE(2.E-2),#3);
#3682=PRESENTATION_STYLE_ASSIGNMENT((#3681));
#3683=STYLED_ITEM('',(#3682),#3680);
#3684=CARTESIAN_POINT('',(2.707707524951E-1,0.E0,5.806697525974E-1));
#3685=DIRECTION('',(0.E0,1.E0,0.E0));
#3686=DIRECTION('',(9.066131921099E-1,0.E0,-4.219626996457E-1));
#3687=AXIS2_PLACEMENT_3D('',#3684,#3685,#3686);
#3689=CURVE_STYLE('',#21,POSITIVE_LENGTH_MEASURE(2.E-2),#3);
#3690=PRESENTATION_STYLE_ASSIGNMENT((#3689));
#3691=STYLED_ITEM('',(#3690),#3688);
#3692=CARTESIAN_POINT('',(2.707707524951E-1,2.519685039370E-1,
5.806697525974E-1));
#3693=DIRECTION('',(0.E0,1.E0,0.E0));
#3694=DIRECTION('',(9.066131921099E-1,0.E0,-4.219626996457E-1));
#3695=AXIS2_PLACEMENT_3D('',#3692,#3693,#3694);
#3697=CURVE_STYLE('',#21,POSITIVE_LENGTH_MEASURE(2.E-2),#3);
#3698=PRESENTATION_STYLE_ASSIGNMENT((#3697));
#3699=STYLED_ITEM('',(#3698),#3696);
#3700=DIRECTION('',(0.E0,-1.E0,0.E0));
#3701=VECTOR('',#3700,2.519685039370E-1);
#3702=CARTESIAN_POINT('',(3.018240389965E-1,2.519685039370E-1,
5.662166994993E-1));
#3703=LINE('',#3702,#3701);
#3704=CURVE_STYLE('',#21,POSITIVE_LENGTH_MEASURE(2.E-2),#3);
#3705=PRESENTATION_STYLE_ASSIGNMENT((#3704));
#3706=STYLED_ITEM('',(#3705),#3703);
#3707=CARTESIAN_POINT('',(3.111043315142E-1,2.519685039370E-1,
5.618973962746E-1));
#3708=DIRECTION('',(0.E0,1.E0,0.E0));
#3709=DIRECTION('',(-9.066131921099E-1,0.E0,4.219626996457E-1));
#3710=AXIS2_PLACEMENT_3D('',#3707,#3708,#3709);
#3712=CURVE_STYLE('',#21,POSITIVE_LENGTH_MEASURE(2.E-2),#3);
#3713=PRESENTATION_STYLE_ASSIGNMENT((#3712));
#3714=STYLED_ITEM('',(#3713),#3711);
#3715=DIRECTION('',(0.E0,-1.E0,0.E0));
#3716=VECTOR('',#3715,2.519685039370E-1);
#3717=CARTESIAN_POINT('',(3.160625542557E-1,2.519685039370E-1,
5.708526314365E-1));
#3718=LINE('',#3717,#3716);
#3719=CURVE_STYLE('',#21,POSITIVE_LENGTH_MEASURE(2.E-2),#3);
#3720=PRESENTATION_STYLE_ASSIGNMENT((#3719));
#3721=STYLED_ITEM('',(#3720),#3718);
#3722=CARTESIAN_POINT('',(3.111043315142E-1,0.E0,5.618973962746E-1));
#3723=DIRECTION('',(0.E0,1.E0,0.E0));
#3724=DIRECTION('',(-9.066131921099E-1,0.E0,4.219626996457E-1));
#3725=AXIS2_PLACEMENT_3D('',#3722,#3723,#3724);
#3727=CURVE_STYLE('',#21,POSITIVE_LENGTH_MEASURE(2.E-2),#3);
#3728=PRESENTATION_STYLE_ASSIGNMENT((#3727));
#3729=STYLED_ITEM('',(#3728),#3726);
#3730=CARTESIAN_POINT('',(0.E0,2.519685039370E-1,0.E0));
#3731=DIRECTION('',(0.E0,-1.E0,0.E0));
#3732=DIRECTION('',(5.154587858436E-1,0.E0,8.569143715078E-1));
#3733=AXIS2_PLACEMENT_3D('',#3730,#3731,#3732);
#3735=CURVE_STYLE('',#21,POSITIVE_LENGTH_MEASURE(2.E-2),#3);
#3736=PRESENTATION_STYLE_ASSIGNMENT((#3735));
#3737=STYLED_ITEM('',(#3736),#3734);
#3738=DIRECTION('',(0.E0,-1.E0,0.E0));
#3739=VECTOR('',#3738,2.519685039370E-1);
#3740=CARTESIAN_POINT('',(3.363416035134E-1,2.519685039370E-1,
5.591445168887E-1));
#3741=LINE('',#3740,#3739);
#3742=CURVE_STYLE('',#21,POSITIVE_LENGTH_MEASURE(2.E-2),#3);
#3743=PRESENTATION_STYLE_ASSIGNMENT((#3742));
#3744=STYLED_ITEM('',(#3743),#3741);
#3745=CARTESIAN_POINT('',(0.E0,0.E0,0.E0));
#3746=DIRECTION('',(0.E0,1.E0,0.E0));
#3747=DIRECTION('',(4.843802216719E-1,0.E0,8.748575888984E-1));
#3748=AXIS2_PLACEMENT_3D('',#3745,#3746,#3747);
#3750=CURVE_STYLE('',#21,POSITIVE_LENGTH_MEASURE(2.E-2),#3);
#3751=PRESENTATION_STYLE_ASSIGNMENT((#3750));
#3752=STYLED_ITEM('',(#3751),#3749);
#3753=CARTESIAN_POINT('',(3.310652537370E-1,2.519685039370E-1,
5.503729524560E-1));
#3754=DIRECTION('',(0.E0,1.E0,0.E0));
#3755=DIRECTION('',(5.154587858440E-1,0.E0,8.569143715076E-1));
#3756=AXIS2_PLACEMENT_3D('',#3753,#3754,#3755);
#3758=CURVE_STYLE('',#21,POSITIVE_LENGTH_MEASURE(2.E-2),#3);
#3759=PRESENTATION_STYLE_ASSIGNMENT((#3758));
#3760=STYLED_ITEM('',(#3759),#3757);
#3761=DIRECTION('',(0.E0,-1.E0,0.E0));
#3762=VECTOR('',#3761,2.519685039370E-1);
#3763=CARTESIAN_POINT('',(3.394460263151E-1,2.519685039370E-1,
5.444956349935E-1));
#3764=LINE('',#3763,#3762);
#3765=CURVE_STYLE('',#21,POSITIVE_LENGTH_MEASURE(2.E-2),#3);
#3766=PRESENTATION_STYLE_ASSIGNMENT((#3765));
#3767=STYLED_ITEM('',(#3766),#3764);
#3768=CARTESIAN_POINT('',(3.310652537370E-1,0.E0,5.503729524560E-1));
#3769=DIRECTION('',(0.E0,1.E0,0.E0));
#3770=DIRECTION('',(5.154587858436E-1,0.E0,8.569143715078E-1));
#3771=AXIS2_PLACEMENT_3D('',#3768,#3769,#3770);
#3773=CURVE_STYLE('',#21,POSITIVE_LENGTH_MEASURE(2.E-2),#3);
#3774=PRESENTATION_STYLE_ASSIGNMENT((#3773));
#3775=STYLED_ITEM('',(#3774),#3772);
#3776=CARTESIAN_POINT('',(3.674893807110E-1,0.E0,5.248292265613E-1));
#3777=DIRECTION('',(0.E0,1.E0,0.E0));
#3778=DIRECTION('',(8.195666467361E-1,0.E0,-5.729838667518E-1));
#3779=AXIS2_PLACEMENT_3D('',#3776,#3777,#3778);
#3781=CURVE_STYLE('',#21,POSITIVE_LENGTH_MEASURE(2.E-2),#3);
#3782=PRESENTATION_STYLE_ASSIGNMENT((#3781));
#3783=STYLED_ITEM('',(#3782),#3780);
#3784=CARTESIAN_POINT('',(3.674893807110E-1,2.519685039370E-1,
5.248292265613E-1));
#3785=DIRECTION('',(0.E0,1.E0,0.E0));
#3786=DIRECTION('',(8.195666467361E-1,0.E0,-5.729838667518E-1));
#3787=AXIS2_PLACEMENT_3D('',#3784,#3785,#3786);
#3789=CURVE_STYLE('',#21,POSITIVE_LENGTH_MEASURE(2.E-2),#3);
#3790=PRESENTATION_STYLE_ASSIGNMENT((#3789));
#3791=STYLED_ITEM('',(#3790),#3788);
#3792=DIRECTION('',(0.E0,-1.E0,0.E0));
#3793=VECTOR('',#3792,2.519685039370E-1);
#3794=CARTESIAN_POINT('',(3.955611516819E-1,2.519685039370E-1,
5.052034012041E-1));
#3795=LINE('',#3794,#3793);
#3796=CURVE_STYLE('',#21,POSITIVE_LENGTH_MEASURE(2.E-2),#3);
#3797=PRESENTATION_STYLE_ASSIGNMENT((#3796));
#3798=STYLED_ITEM('',(#3797),#3795);
#3799=CARTESIAN_POINT('',(4.039504165697E-1,2.519685039370E-1,
4.993382120168E-1));
#3800=DIRECTION('',(0.E0,1.E0,0.E0));
#3801=DIRECTION('',(-8.195666467362E-1,0.E0,5.729838667515E-1));
#3802=AXIS2_PLACEMENT_3D('',#3799,#3800,#3801);
#3804=CURVE_STYLE('',#21,POSITIVE_LENGTH_MEASURE(2.E-2),#3);
#3805=PRESENTATION_STYLE_ASSIGNMENT((#3804));
#3806=STYLED_ITEM('',(#3805),#3803);
#3807=DIRECTION('',(0.E0,-1.E0,0.E0));
#3808=VECTOR('',#3807,2.519685039370E-1);
#3809=CARTESIAN_POINT('',(4.103883730332E-1,2.519685039370E-1,
5.072964106909E-1));
#3810=LINE('',#3809,#3808);
#3811=CURVE_STYLE('',#21,POSITIVE_LENGTH_MEASURE(2.E-2),#3);
#3812=PRESENTATION_STYLE_ASSIGNMENT((#3811));
#3813=STYLED_ITEM('',(#3812),#3810);
#3814=CARTESIAN_POINT('',(4.039504165697E-1,0.E0,4.993382120168E-1));
#3815=DIRECTION('',(0.E0,1.E0,0.E0));
#3816=DIRECTION('',(-8.195666467362E-1,0.E0,5.729838667515E-1));
#3817=AXIS2_PLACEMENT_3D('',#3814,#3815,#3816);
#3819=CURVE_STYLE('',#21,POSITIVE_LENGTH_MEASURE(2.E-2),#3);
#3820=PRESENTATION_STYLE_ASSIGNMENT((#3819));
#3821=STYLED_ITEM('',(#3820),#3818);
#3822=CARTESIAN_POINT('',(0.E0,2.519685039370E-1,0.E0));
#3823=DIRECTION('',(0.E0,-1.E0,0.E0));
#3824=DIRECTION('',(6.564294276860E-1,0.E0,7.543874379043E-1));
#3825=AXIS2_PLACEMENT_3D('',#3822,#3823,#3824);
#3827=CURVE_STYLE('',#21,POSITIVE_LENGTH_MEASURE(2.E-2),#3);
#3828=PRESENTATION_STYLE_ASSIGNMENT((#3827));
#3829=STYLED_ITEM('',(#3828),#3826);
#3830=DIRECTION('',(0.E0,-1.E0,0.E0));
#3831=VECTOR('',#3830,2.519685039370E-1);
#3832=CARTESIAN_POINT('',(4.283262452107E-1,2.519685039370E-1,
4.922447487626E-1));
#3833=LINE('',#3832,#3831);
#3834=CURVE_STYLE('',#21,POSITIVE_LENGTH_MEASURE(2.E-2),#3);
#3835=PRESENTATION_STYLE_ASSIGNMENT((#3834));
#3836=STYLED_ITEM('',(#3835),#3833);
#3837=CARTESIAN_POINT('',(0.E0,0.E0,0.E0));
#3838=DIRECTION('',(0.E0,1.E0,0.E0));
#3839=DIRECTION('',(6.289388237386E-1,0.E0,7.774547935375E-1));
#3840=AXIS2_PLACEMENT_3D('',#3837,#3838,#3839);
#3842=CURVE_STYLE('',#21,POSITIVE_LENGTH_MEASURE(2.E-2),#3);
#3843=PRESENTATION_STYLE_ASSIGNMENT((#3842));
#3844=STYLED_ITEM('',(#3843),#3841);
#3845=CARTESIAN_POINT('',(4.216068888643E-1,2.519685039370E-1,
4.845226726266E-1));
#3846=DIRECTION('',(0.E0,1.E0,0.E0));
#3847=DIRECTION('',(6.564294276863E-1,0.E0,7.543874379041E-1));
#3848=AXIS2_PLACEMENT_3D('',#3845,#3846,#3847);
#3850=CURVE_STYLE('',#21,POSITIVE_LENGTH_MEASURE(2.E-2),#3);
#3851=PRESENTATION_STYLE_ASSIGNMENT((#3850));
#3852=STYLED_ITEM('',(#3851),#3849);
#3853=DIRECTION('',(0.E0,-1.E0,0.E0));
#3854=VECTOR('',#3853,2.519685039370E-1);
#3855=CARTESIAN_POINT('',(4.288397532085E-1,2.519685039370E-1,
4.772793389370E-1));
#3856=LINE('',#3855,#3854);
#3857=CURVE_STYLE('',#21,POSITIVE_LENGTH_MEASURE(2.E-2),#3);
#3858=PRESENTATION_STYLE_ASSIGNMENT((#3857));
#3859=STYLED_ITEM('',(#3858),#3856);
#3860=CARTESIAN_POINT('',(4.216068888643E-1,0.E0,4.845226726266E-1));
#3861=DIRECTION('',(0.E0,1.E0,0.E0));
#3862=DIRECTION('',(6.564294276860E-1,0.E0,7.543874379043E-1));
#3863=AXIS2_PLACEMENT_3D('',#3860,#3861,#3862);
#3865=CURVE_STYLE('',#21,POSITIVE_LENGTH_MEASURE(2.E-2),#3);
#3866=PRESENTATION_STYLE_ASSIGNMENT((#3865));
#3867=STYLED_ITEM('',(#3866),#3864);
#3868=CARTESIAN_POINT('',(4.530420300526E-1,0.E0,4.530420300526E-1));
#3869=DIRECTION('',(0.E0,1.E0,0.E0));
#3870=DIRECTION('',(7.076179835219E-1,0.E0,-7.065952090103E-1));
#3871=AXIS2_PLACEMENT_3D('',#3868,#3869,#3870);
#3873=CURVE_STYLE('',#21,POSITIVE_LENGTH_MEASURE(2.E-2),#3);
#3874=PRESENTATION_STYLE_ASSIGNMENT((#3873));
#3875=STYLED_ITEM('',(#3874),#3872);
#3876=CARTESIAN_POINT('',(4.530420300526E-1,2.519685039370E-1,
4.530420300526E-1));
#3877=DIRECTION('',(0.E0,1.E0,0.E0));
#3878=DIRECTION('',(7.076179835219E-1,0.E0,-7.065952090103E-1));
#3879=AXIS2_PLACEMENT_3D('',#3876,#3877,#3878);
#3881=CURVE_STYLE('',#21,POSITIVE_LENGTH_MEASURE(2.E-2),#3);
#3882=PRESENTATION_STYLE_ASSIGNMENT((#3881));
#3883=STYLED_ITEM('',(#3882),#3880);
#3884=DIRECTION('',(0.E0,-1.E0,0.E0));
#3885=VECTOR('',#3884,2.519685039370E-1);
#3886=CARTESIAN_POINT('',(4.772793389370E-1,2.519685039370E-1,
4.288397532085E-1));
#3887=LINE('',#3886,#3885);
#3888=CURVE_STYLE('',#21,POSITIVE_LENGTH_MEASURE(2.E-2),#3);
#3889=PRESENTATION_STYLE_ASSIGNMENT((#3888));
#3890=STYLED_ITEM('',(#3889),#3887);
#3891=CARTESIAN_POINT('',(4.845226726266E-1,2.519685039370E-1,
4.216068888643E-1));
#3892=DIRECTION('',(0.E0,1.E0,0.E0));
#3893=DIRECTION('',(-7.076179835219E-1,0.E0,7.065952090103E-1));
#3894=AXIS2_PLACEMENT_3D('',#3891,#3892,#3893);
#3896=CURVE_STYLE('',#21,POSITIVE_LENGTH_MEASURE(2.E-2),#3);
#3897=PRESENTATION_STYLE_ASSIGNMENT((#3896));
#3898=STYLED_ITEM('',(#3897),#3895);
#3899=DIRECTION('',(0.E0,-1.E0,0.E0));
#3900=VECTOR('',#3899,2.519685039370E-1);
#3901=CARTESIAN_POINT('',(4.922447487626E-1,2.519685039370E-1,
4.283262452107E-1));
#3902=LINE('',#3901,#3900);
#3903=CURVE_STYLE('',#21,POSITIVE_LENGTH_MEASURE(2.E-2),#3);
#3904=PRESENTATION_STYLE_ASSIGNMENT((#3903));
#3905=STYLED_ITEM('',(#3904),#3902);
#3906=CARTESIAN_POINT('',(4.845226726266E-1,0.E0,4.216068888643E-1));
#3907=DIRECTION('',(0.E0,1.E0,0.E0));
#3908=DIRECTION('',(-7.076179835219E-1,0.E0,7.065952090103E-1));
#3909=AXIS2_PLACEMENT_3D('',#3906,#3907,#3908);
#3911=CURVE_STYLE('',#21,POSITIVE_LENGTH_MEASURE(2.E-2),#3);
#3912=PRESENTATION_STYLE_ASSIGNMENT((#3911));
#3913=STYLED_ITEM('',(#3912),#3910);
#3914=CARTESIAN_POINT('',(0.E0,2.519685039370E-1,0.E0));
#3915=DIRECTION('',(0.E0,-1.E0,0.E0));
#3916=DIRECTION('',(7.774547935374E-1,0.E0,6.289388237386E-1));
#3917=AXIS2_PLACEMENT_3D('',#3914,#3915,#3916);
#3919=CURVE_STYLE('',#21,POSITIVE_LENGTH_MEASURE(2.E-2),#3);
#3920=PRESENTATION_STYLE_ASSIGNMENT((#3919));
#3921=STYLED_ITEM('',(#3920),#3918);
#3922=DIRECTION('',(0.E0,-1.E0,0.E0));
#3923=VECTOR('',#3922,2.519685039370E-1);
#3924=CARTESIAN_POINT('',(5.072964106909E-1,2.519685039370E-1,
4.103883730332E-1));
#3925=LINE('',#3924,#3923);
#3926=CURVE_STYLE('',#21,POSITIVE_LENGTH_MEASURE(2.E-2),#3);
#3927=PRESENTATION_STYLE_ASSIGNMENT((#3926));
#3928=STYLED_ITEM('',(#3927),#3925);
#3929=CARTESIAN_POINT('',(0.E0,0.E0,0.E0));
#3930=DIRECTION('',(0.E0,1.E0,0.E0));
#3931=DIRECTION('',(7.543874379043E-1,0.E0,6.564294276860E-1));
#3932=AXIS2_PLACEMENT_3D('',#3929,#3930,#3931);
#3934=CURVE_STYLE('',#21,POSITIVE_LENGTH_MEASURE(2.E-2),#3);
#3935=PRESENTATION_STYLE_ASSIGNMENT((#3934));
#3936=STYLED_ITEM('',(#3935),#3933);
#3937=CARTESIAN_POINT('',(4.993382120168E-1,2.519685039370E-1,
4.039504165697E-1));
#3938=DIRECTION('',(0.E0,1.E0,0.E0));
#3939=DIRECTION('',(7.774547935376E-1,0.E0,6.289388237383E-1));
#3940=AXIS2_PLACEMENT_3D('',#3937,#3938,#3939);
#3942=CURVE_STYLE('',#21,POSITIVE_LENGTH_MEASURE(2.E-2),#3);
#3943=PRESENTATION_STYLE_ASSIGNMENT((#3942));
#3944=STYLED_ITEM('',(#3943),#3941);
#3945=DIRECTION('',(0.E0,-1.E0,0.E0));
#3946=VECTOR('',#3945,2.519685039370E-1);
#3947=CARTESIAN_POINT('',(5.052034012041E-1,2.519685039370E-1,
3.955611516819E-1));
#3948=LINE('',#3947,#3946);
#3949=CURVE_STYLE('',#21,POSITIVE_LENGTH_MEASURE(2.E-2),#3);
#3950=PRESENTATION_STYLE_ASSIGNMENT((#3949));
#3951=STYLED_ITEM('',(#3950),#3948);
#3952=CARTESIAN_POINT('',(4.993382120168E-1,0.E0,4.039504165697E-1));
#3953=DIRECTION('',(0.E0,1.E0,0.E0));
#3954=DIRECTION('',(7.774547935375E-1,0.E0,6.289388237386E-1));
#3955=AXIS2_PLACEMENT_3D('',#3952,#3953,#3954);
#3957=CURVE_STYLE('',#21,POSITIVE_LENGTH_MEASURE(2.E-2),#3);
#3958=PRESENTATION_STYLE_ASSIGNMENT((#3957));
#3959=STYLED_ITEM('',(#3958),#3956);
#3960=CARTESIAN_POINT('',(5.248292265613E-1,0.E0,3.674893807110E-1));
#3961=DIRECTION('',(0.E0,1.E0,0.E0));
#3962=DIRECTION('',(5.741687059504E-1,0.E0,-8.187370133976E-1));
#3963=AXIS2_PLACEMENT_3D('',#3960,#3961,#3962);
#3965=CURVE_STYLE('',#21,POSITIVE_LENGTH_MEASURE(2.E-2),#3);
#3966=PRESENTATION_STYLE_ASSIGNMENT((#3965));
#3967=STYLED_ITEM('',(#3966),#3964);
#3968=CARTESIAN_POINT('',(5.248292265613E-1,2.519685039370E-1,
3.674893807110E-1));
#3969=DIRECTION('',(0.E0,1.E0,0.E0));
#3970=DIRECTION('',(5.741687059504E-1,0.E0,-8.187370133976E-1));
#3971=AXIS2_PLACEMENT_3D('',#3968,#3969,#3970);
#3973=CURVE_STYLE('',#21,POSITIVE_LENGTH_MEASURE(2.E-2),#3);
#3974=PRESENTATION_STYLE_ASSIGNMENT((#3973));
#3975=STYLED_ITEM('',(#3974),#3972);
#3976=DIRECTION('',(0.E0,-1.E0,0.E0));
#3977=VECTOR('',#3976,2.519685039370E-1);
#3978=CARTESIAN_POINT('',(5.444956349935E-1,2.519685039370E-1,
3.394460263151E-1));
#3979=LINE('',#3978,#3977);
#3980=CURVE_STYLE('',#21,POSITIVE_LENGTH_MEASURE(2.E-2),#3);
#3981=PRESENTATION_STYLE_ASSIGNMENT((#3980));
#3982=STYLED_ITEM('',(#3981),#3979);
#3983=CARTESIAN_POINT('',(5.503729524560E-1,2.519685039370E-1,
3.310652537370E-1));
#3984=DIRECTION('',(0.E0,1.E0,0.E0));
#3985=DIRECTION('',(-5.741687059506E-1,0.E0,8.187370133975E-1));
#3986=AXIS2_PLACEMENT_3D('',#3983,#3984,#3985);
#3988=CURVE_STYLE('',#21,POSITIVE_LENGTH_MEASURE(2.E-2),#3);
#3989=PRESENTATION_STYLE_ASSIGNMENT((#3988));
#3990=STYLED_ITEM('',(#3989),#3987);
#3991=DIRECTION('',(0.E0,-1.E0,0.E0));
#3992=VECTOR('',#3991,2.519685039370E-1);
#3993=CARTESIAN_POINT('',(5.591445168887E-1,2.519685039370E-1,
3.363416035134E-1));
#3994=LINE('',#3993,#3992);
#3995=CURVE_STYLE('',#21,POSITIVE_LENGTH_MEASURE(2.E-2),#3);
#3996=PRESENTATION_STYLE_ASSIGNMENT((#3995));
#3997=STYLED_ITEM('',(#3996),#3994);
#3998=CARTESIAN_POINT('',(5.503729524560E-1,0.E0,3.310652537370E-1));
#3999=DIRECTION('',(0.E0,1.E0,0.E0));
#4000=DIRECTION('',(-5.741687059506E-1,0.E0,8.187370133975E-1));
#4001=AXIS2_PLACEMENT_3D('',#3998,#3999,#4000);
#4003=CURVE_STYLE('',#21,POSITIVE_LENGTH_MEASURE(2.E-2),#3);
#4004=PRESENTATION_STYLE_ASSIGNMENT((#4003));
#4005=STYLED_ITEM('',(#4004),#4002);
#4006=CARTESIAN_POINT('',(0.E0,2.519685039370E-1,0.E0));
#4007=DIRECTION('',(0.E0,-1.E0,0.E0));
#4008=DIRECTION('',(8.748575888984E-1,0.E0,4.843802216719E-1));
#4009=AXIS2_PLACEMENT_3D('',#4006,#4007,#4008);
#4011=CURVE_STYLE('',#21,POSITIVE_LENGTH_MEASURE(2.E-2),#3);
#4012=PRESENTATION_STYLE_ASSIGNMENT((#4011));
#4013=STYLED_ITEM('',(#4012),#4010);
#4014=DIRECTION('',(0.E0,-1.E0,0.E0));
#4015=VECTOR('',#4014,2.519685039370E-1);
#4016=CARTESIAN_POINT('',(5.708526314365E-1,2.519685039370E-1,
3.160625542557E-1));
#4017=LINE('',#4016,#4015);
#4018=CURVE_STYLE('',#21,POSITIVE_LENGTH_MEASURE(2.E-2),#3);
#4019=PRESENTATION_STYLE_ASSIGNMENT((#4018));
#4020=STYLED_ITEM('',(#4019),#4017);
#4021=CARTESIAN_POINT('',(0.E0,0.E0,0.E0));
#4022=DIRECTION('',(0.E0,1.E0,0.E0));
#4023=DIRECTION('',(8.569143715078E-1,0.E0,5.154587858436E-1));
#4024=AXIS2_PLACEMENT_3D('',#4021,#4022,#4023);
#4026=CURVE_STYLE('',#21,POSITIVE_LENGTH_MEASURE(2.E-2),#3);
#4027=PRESENTATION_STYLE_ASSIGNMENT((#4026));
#4028=STYLED_ITEM('',(#4027),#4025);
#4029=CARTESIAN_POINT('',(5.618973962746E-1,2.519685039370E-1,
3.111043315142E-1));
#4030=DIRECTION('',(0.E0,1.E0,0.E0));
#4031=DIRECTION('',(8.748575888985E-1,0.E0,4.843802216717E-1));
#4032=AXIS2_PLACEMENT_3D('',#4029,#4030,#4031);
#4034=CURVE_STYLE('',#21,POSITIVE_LENGTH_MEASURE(2.E-2),#3);
#4035=PRESENTATION_STYLE_ASSIGNMENT((#4034));
#4036=STYLED_ITEM('',(#4035),#4033);
#4037=DIRECTION('',(0.E0,-1.E0,0.E0));
#4038=VECTOR('',#4037,2.519685039370E-1);
#4039=CARTESIAN_POINT('',(5.662166994993E-1,2.519685039370E-1,
3.018240389965E-1));
#4040=LINE('',#4039,#4038);
#4041=CURVE_STYLE('',#21,POSITIVE_LENGTH_MEASURE(2.E-2),#3);
#4042=PRESENTATION_STYLE_ASSIGNMENT((#4041));
#4043=STYLED_ITEM('',(#4042),#4040);
#4044=CARTESIAN_POINT('',(5.618973962746E-1,0.E0,3.111043315142E-1));
#4045=DIRECTION('',(0.E0,1.E0,0.E0));
#4046=DIRECTION('',(8.748575888984E-1,0.E0,4.843802216719E-1));
#4047=AXIS2_PLACEMENT_3D('',#4044,#4045,#4046);
#4049=CURVE_STYLE('',#21,POSITIVE_LENGTH_MEASURE(2.E-2),#3);
#4050=PRESENTATION_STYLE_ASSIGNMENT((#4049));
#4051=STYLED_ITEM('',(#4050),#4048);
#4052=CARTESIAN_POINT('',(5.806697525974E-1,0.E0,2.707707524951E-1));
#4053=DIRECTION('',(0.E0,1.E0,0.E0));
#4054=DIRECTION('',(4.232736027920E-1,0.E0,-9.060019079337E-1));
#4055=AXIS2_PLACEMENT_3D('',#4052,#4053,#4054);
#4057=CURVE_STYLE('',#21,POSITIVE_LENGTH_MEASURE(2.E-2),#3);
#4058=PRESENTATION_STYLE_ASSIGNMENT((#4057));
#4059=STYLED_ITEM('',(#4058),#4056);
#4060=CARTESIAN_POINT('',(5.806697525974E-1,2.519685039370E-1,
2.707707524951E-1));
#4061=DIRECTION('',(0.E0,1.E0,0.E0));
#4062=DIRECTION('',(4.232736027920E-1,0.E0,-9.060019079337E-1));
#4063=AXIS2_PLACEMENT_3D('',#4060,#4061,#4062);
#4065=CURVE_STYLE('',#21,POSITIVE_LENGTH_MEASURE(2.E-2),#3);
#4066=PRESENTATION_STYLE_ASSIGNMENT((#4065));
#4067=STYLED_ITEM('',(#4066),#4064);
#4068=DIRECTION('',(0.E0,-1.E0,0.E0));
#4069=VECTOR('',#4068,2.519685039370E-1);
#4070=CARTESIAN_POINT('',(5.951677067088E-1,2.519685039370E-1,
2.397384036801E-1));
#4071=LINE('',#4070,#4069);
#4072=CURVE_STYLE('',#21,POSITIVE_LENGTH_MEASURE(2.E-2),#3);
#4073=PRESENTATION_STYLE_ASSIGNMENT((#4072));
#4074=STYLED_ITEM('',(#4073),#4071);
#4075=CARTESIAN_POINT('',(5.995004286271E-1,2.519685039370E-1,
2.304643684020E-1));
#4076=DIRECTION('',(0.E0,1.E0,0.E0));
#4077=DIRECTION('',(-4.232736027920E-1,0.E0,9.060019079337E-1));
#4078=AXIS2_PLACEMENT_3D('',#4075,#4076,#4077);
#4080=CURVE_STYLE('',#21,POSITIVE_LENGTH_MEASURE(2.E-2),#3);
#4081=PRESENTATION_STYLE_ASSIGNMENT((#4080));
#4082=STYLED_ITEM('',(#4081),#4079);
#4083=DIRECTION('',(0.E0,-1.E0,0.E0));
#4084=VECTOR('',#4083,2.519685039370E-1);
#4085=CARTESIAN_POINT('',(6.090549618099E-1,2.519685039370E-1,
2.341373923903E-1));
#4086=LINE('',#4085,#4084);
#4087=CURVE_STYLE('',#21,POSITIVE_LENGTH_MEASURE(2.E-2),#3);
#4088=PRESENTATION_STYLE_ASSIGNMENT((#4087));
#4089=STYLED_ITEM('',(#4088),#4086);
#4090=CARTESIAN_POINT('',(5.995004286271E-1,0.E0,2.304643684020E-1));
#4091=DIRECTION('',(0.E0,1.E0,0.E0));
#4092=DIRECTION('',(-4.232736027920E-1,0.E0,9.060019079337E-1));
#4093=AXIS2_PLACEMENT_3D('',#4090,#4091,#4092);
#4095=CURVE_STYLE('',#21,POSITIVE_LENGTH_MEASURE(2.E-2),#3);
#4096=PRESENTATION_STYLE_ASSIGNMENT((#4095));
#4097=STYLED_ITEM('',(#4096),#4094);
#4098=CARTESIAN_POINT('',(0.E0,2.519685039370E-1,0.E0));
#4099=DIRECTION('',(0.E0,-1.E0,0.E0));
#4100=DIRECTION('',(9.456782791199E-1,0.E0,3.251039716780E-1));
#4101=AXIS2_PLACEMENT_3D('',#4098,#4099,#4100);
#4103=CURVE_STYLE('',#21,POSITIVE_LENGTH_MEASURE(2.E-2),#3);
#4104=PRESENTATION_STYLE_ASSIGNMENT((#4103));
#4105=STYLED_ITEM('',(#4104),#4102);
#4106=DIRECTION('',(0.E0,-1.E0,0.E0));
#4107=VECTOR('',#4106,2.519685039370E-1);
#4108=CARTESIAN_POINT('',(6.170637838414E-1,2.519685039370E-1,
2.121333347026E-1));
#4109=LINE('',#4108,#4107);
#4110=CURVE_STYLE('',#21,POSITIVE_LENGTH_MEASURE(2.E-2),#3);
#4111=PRESENTATION_STYLE_ASSIGNMENT((#4110));
#4112=STYLED_ITEM('',(#4111),#4109);
#4113=CARTESIAN_POINT('',(0.E0,0.E0,0.E0));
#4114=DIRECTION('',(0.E0,1.E0,0.E0));
#4115=DIRECTION('',(9.334043955526E-1,0.E0,3.588261896281E-1));
#4116=AXIS2_PLACEMENT_3D('',#4113,#4114,#4115);
#4118=CURVE_STYLE('',#21,POSITIVE_LENGTH_MEASURE(2.E-2),#3);
#4119=PRESENTATION_STYLE_ASSIGNMENT((#4118));
#4120=STYLED_ITEM('',(#4119),#4117);
#4121=CARTESIAN_POINT('',(6.073836124803E-1,2.519685039370E-1,
2.088054987720E-1));
#4122=DIRECTION('',(0.E0,1.E0,0.E0));
#4123=DIRECTION('',(9.456782791199E-1,0.E0,3.251039716779E-1));
#4124=AXIS2_PLACEMENT_3D('',#4121,#4122,#4123);
#4126=CURVE_STYLE('',#21,POSITIVE_LENGTH_MEASURE(2.E-2),#3);
#4127=PRESENTATION_STYLE_ASSIGNMENT((#4126));
#4128=STYLED_ITEM('',(#4127),#4125);
#4129=DIRECTION('',(0.E0,-1.E0,0.E0));
#4130=VECTOR('',#4129,2.519685039370E-1);
#4131=CARTESIAN_POINT('',(6.100257898997E-1,2.519685039370E-1,
1.989161556166E-1));
#4132=LINE('',#4131,#4130);
#4133=CURVE_STYLE('',#21,POSITIVE_LENGTH_MEASURE(2.E-2),#3);
#4134=PRESENTATION_STYLE_ASSIGNMENT((#4133));
#4135=STYLED_ITEM('',(#4134),#4132);
#4136=CARTESIAN_POINT('',(6.073836124803E-1,0.E0,2.088054987720E-1));
#4137=DIRECTION('',(0.E0,1.E0,0.E0));
#4138=DIRECTION('',(9.456782791199E-1,0.E0,3.251039716780E-1));
#4139=AXIS2_PLACEMENT_3D('',#4136,#4137,#4138);
#4141=CURVE_STYLE('',#21,POSITIVE_LENGTH_MEASURE(2.E-2),#3);
#4142=PRESENTATION_STYLE_ASSIGNMENT((#4141));
#4143=STYLED_ITEM('',(#4142),#4140);
#4144=CARTESIAN_POINT('',(6.188669220339E-1,0.E0,1.658248919813E-1));
#4145=DIRECTION('',(0.E0,1.E0,0.E0));
#4146=DIRECTION('',(2.595175453995E-1,0.E0,-9.657383929563E-1));
#4147=AXIS2_PLACEMENT_3D('',#4144,#4145,#4146);
#4149=CURVE_STYLE('',#21,POSITIVE_LENGTH_MEASURE(2.E-2),#3);
#4150=PRESENTATION_STYLE_ASSIGNMENT((#4149));
#4151=STYLED_ITEM('',(#4150),#4148);
#4152=CARTESIAN_POINT('',(6.188669220339E-1,2.519685039370E-1,
1.658248919813E-1));
#4153=DIRECTION('',(0.E0,1.E0,0.E0));
#4154=DIRECTION('',(2.595175453995E-1,0.E0,-9.657383929563E-1));
#4155=AXIS2_PLACEMENT_3D('',#4152,#4153,#4154);
#4157=CURVE_STYLE('',#21,POSITIVE_LENGTH_MEASURE(2.E-2),#3);
#4158=PRESENTATION_STYLE_ASSIGNMENT((#4157));
#4159=STYLED_ITEM('',(#4158),#4156);
#4160=DIRECTION('',(0.E0,-1.E0,0.E0));
#4161=VECTOR('',#4160,2.519685039370E-1);
#4162=CARTESIAN_POINT('',(6.277559088251E-1,2.519685039370E-1,
1.327464509627E-1));
#4163=LINE('',#4162,#4161);
#4164=CURVE_STYLE('',#21,POSITIVE_LENGTH_MEASURE(2.E-2),#3);
#4165=PRESENTATION_STYLE_ASSIGNMENT((#4164));
#4166=STYLED_ITEM('',(#4165),#4163);
#4167=CARTESIAN_POINT('',(6.767218052726E-1,3.307086614173E-1,0.E0));
#4168=CARTESIAN_POINT('',(-6.767218052726E-1,3.307086614173E-1,0.E0));
#4169=VERTEX_POINT('',#4167);
#4170=VERTEX_POINT('',#4168);
#4171=CARTESIAN_POINT('',(2.172106450582E-2,2.519685039370E-1,
-6.412700653116E-1));
#4172=CARTESIAN_POINT('',(8.996430550471E-2,2.519685039370E-1,
-6.352995553620E-1));
#4173=VERTEX_POINT('',#4171);
#4174=VERTEX_POINT('',#4172);
#4175=CARTESIAN_POINT('',(-8.996430550471E-2,2.519685039370E-1,
-6.352995553620E-1));
#4176=CARTESIAN_POINT('',(-2.172106450582E-2,2.519685039370E-1,
-6.412700653116E-1));
#4177=VERTEX_POINT('',#4175);
#4178=VERTEX_POINT('',#4176);
#4179=CARTESIAN_POINT('',(-1.989161556166E-1,2.519685039370E-1,
-6.100257898997E-1));
#4180=CARTESIAN_POINT('',(-1.327464509627E-1,2.519685039370E-1,
-6.277559088251E-1));
#4181=VERTEX_POINT('',#4179);
#4182=VERTEX_POINT('',#4180);
#4183=CARTESIAN_POINT('',(-3.018240389965E-1,2.519685039370E-1,
-5.662166994993E-1));
#4184=CARTESIAN_POINT('',(-2.397384036801E-1,2.519685039370E-1,
-5.951677067088E-1));
#4185=VERTEX_POINT('',#4183);
#4186=VERTEX_POINT('',#4184);
#4187=CARTESIAN_POINT('',(-3.955611516819E-1,2.519685039370E-1,
-5.052034012041E-1));
#4188=CARTESIAN_POINT('',(-3.394460263151E-1,2.519685039370E-1,
-5.444956349935E-1));
#4189=VERTEX_POINT('',#4187);
#4190=VERTEX_POINT('',#4188);
#4191=CARTESIAN_POINT('',(-4.772793389370E-1,2.519685039370E-1,
-4.288397532085E-1));
#4192=CARTESIAN_POINT('',(-4.288397532085E-1,2.519685039370E-1,
-4.772793389370E-1));
#4193=VERTEX_POINT('',#4191);
#4194=VERTEX_POINT('',#4192);
#4195=CARTESIAN_POINT('',(-5.444956349935E-1,2.519685039370E-1,
-3.394460263151E-1));
#4196=CARTESIAN_POINT('',(-5.052034012041E-1,2.519685039370E-1,
-3.955611516819E-1));
#4197=VERTEX_POINT('',#4195);
#4198=VERTEX_POINT('',#4196);
#4199=CARTESIAN_POINT('',(-5.951677067088E-1,2.519685039370E-1,
-2.397384036801E-1));
#4200=CARTESIAN_POINT('',(-5.662166994993E-1,2.519685039370E-1,
-3.018240389965E-1));
#4201=VERTEX_POINT('',#4199);
#4202=VERTEX_POINT('',#4200);
#4203=CARTESIAN_POINT('',(-6.277559088251E-1,2.519685039370E-1,
-1.327464509627E-1));
#4204=CARTESIAN_POINT('',(-6.100257898997E-1,2.519685039370E-1,
-1.989161556166E-1));
#4205=VERTEX_POINT('',#4203);
#4206=VERTEX_POINT('',#4204);
#4207=CARTESIAN_POINT('',(-6.412700653116E-1,2.519685039370E-1,
-2.172106450582E-2));
#4208=CARTESIAN_POINT('',(-6.352995553620E-1,2.519685039370E-1,
-8.996430550471E-2));
#4209=VERTEX_POINT('',#4207);
#4210=VERTEX_POINT('',#4208);
#4211=CARTESIAN_POINT('',(-6.352995553620E-1,2.519685039370E-1,
8.996430550471E-2));
#4212=CARTESIAN_POINT('',(-6.412700653116E-1,2.519685039370E-1,
2.172106450582E-2));
#4213=VERTEX_POINT('',#4211);
#4214=VERTEX_POINT('',#4212);
#4215=CARTESIAN_POINT('',(-6.100257898997E-1,2.519685039370E-1,
1.989161556166E-1));
#4216=CARTESIAN_POINT('',(-6.277559088251E-1,2.519685039370E-1,
1.327464509627E-1));
#4217=VERTEX_POINT('',#4215);
#4218=VERTEX_POINT('',#4216);
#4219=CARTESIAN_POINT('',(-5.662166994993E-1,2.519685039370E-1,
3.018240389965E-1));
#4220=CARTESIAN_POINT('',(-5.951677067088E-1,2.519685039370E-1,
2.397384036801E-1));
#4221=VERTEX_POINT('',#4219);
#4222=VERTEX_POINT('',#4220);
#4223=CARTESIAN_POINT('',(-5.052034012041E-1,2.519685039370E-1,
3.955611516819E-1));
#4224=CARTESIAN_POINT('',(-5.444956349935E-1,2.519685039370E-1,
3.394460263151E-1));
#4225=VERTEX_POINT('',#4223);
#4226=VERTEX_POINT('',#4224);
#4227=CARTESIAN_POINT('',(-4.288397532085E-1,2.519685039370E-1,
4.772793389370E-1));
#4228=CARTESIAN_POINT('',(-4.772793389370E-1,2.519685039370E-1,
4.288397532085E-1));
#4229=VERTEX_POINT('',#4227);
#4230=VERTEX_POINT('',#4228);
#4231=CARTESIAN_POINT('',(-3.394460263151E-1,2.519685039370E-1,
5.444956349935E-1));
#4232=CARTESIAN_POINT('',(-3.955611516819E-1,2.519685039370E-1,
5.052034012041E-1));
#4233=VERTEX_POINT('',#4231);
#4234=VERTEX_POINT('',#4232);
#4235=CARTESIAN_POINT('',(-2.397384036801E-1,2.519685039370E-1,
5.951677067088E-1));
#4236=CARTESIAN_POINT('',(-3.018240389965E-1,2.519685039370E-1,
5.662166994993E-1));
#4237=VERTEX_POINT('',#4235);
#4238=VERTEX_POINT('',#4236);
#4239=CARTESIAN_POINT('',(-1.327464509627E-1,2.519685039370E-1,
6.277559088251E-1));
#4240=CARTESIAN_POINT('',(-1.989161556166E-1,2.519685039370E-1,
6.100257898997E-1));
#4241=VERTEX_POINT('',#4239);
#4242=VERTEX_POINT('',#4240);
#4243=CARTESIAN_POINT('',(-2.172106450582E-2,2.519685039370E-1,
6.412700653116E-1));
#4244=CARTESIAN_POINT('',(-8.996430550471E-2,2.519685039370E-1,
6.352995553620E-1));
#4245=VERTEX_POINT('',#4243);
#4246=VERTEX_POINT('',#4244);
#4247=CARTESIAN_POINT('',(8.996430550471E-2,2.519685039370E-1,
6.352995553620E-1));
#4248=CARTESIAN_POINT('',(2.172106450582E-2,2.519685039370E-1,
6.412700653116E-1));
#4249=VERTEX_POINT('',#4247);
#4250=VERTEX_POINT('',#4248);
#4251=CARTESIAN_POINT('',(1.989161556166E-1,2.519685039370E-1,
6.100257898997E-1));
#4252=CARTESIAN_POINT('',(1.327464509627E-1,2.519685039370E-1,
6.277559088251E-1));
#4253=VERTEX_POINT('',#4251);
#4254=VERTEX_POINT('',#4252);
#4255=CARTESIAN_POINT('',(3.018240389965E-1,2.519685039370E-1,
5.662166994993E-1));
#4256=CARTESIAN_POINT('',(2.397384036801E-1,2.519685039370E-1,
5.951677067088E-1));
#4257=VERTEX_POINT('',#4255);
#4258=VERTEX_POINT('',#4256);
#4259=CARTESIAN_POINT('',(3.955611516819E-1,2.519685039370E-1,
5.052034012041E-1));
#4260=CARTESIAN_POINT('',(3.394460263151E-1,2.519685039370E-1,
5.444956349935E-1));
#4261=VERTEX_POINT('',#4259);
#4262=VERTEX_POINT('',#4260);
#4263=CARTESIAN_POINT('',(4.772793389370E-1,2.519685039370E-1,
4.288397532085E-1));
#4264=CARTESIAN_POINT('',(4.288397532085E-1,2.519685039370E-1,
4.772793389370E-1));
#4265=VERTEX_POINT('',#4263);
#4266=VERTEX_POINT('',#4264);
#4267=CARTESIAN_POINT('',(5.444956349935E-1,2.519685039370E-1,
3.394460263151E-1));
#4268=CARTESIAN_POINT('',(5.052034012041E-1,2.519685039370E-1,
3.955611516819E-1));
#4269=VERTEX_POINT('',#4267);
#4270=VERTEX_POINT('',#4268);
#4271=CARTESIAN_POINT('',(5.951677067088E-1,2.519685039370E-1,
2.397384036801E-1));
#4272=CARTESIAN_POINT('',(5.662166994993E-1,2.519685039370E-1,
3.018240389965E-1));
#4273=VERTEX_POINT('',#4271);
#4274=VERTEX_POINT('',#4272);
#4275=CARTESIAN_POINT('',(6.277559088251E-1,2.519685039370E-1,
1.327464509627E-1));
#4276=CARTESIAN_POINT('',(6.100257898997E-1,2.519685039370E-1,
1.989161556166E-1));
#4277=VERTEX_POINT('',#4275);
#4278=VERTEX_POINT('',#4276);
#4279=CARTESIAN_POINT('',(6.412700653116E-1,2.519685039370E-1,
2.172106450582E-2));
#4280=CARTESIAN_POINT('',(6.352995553620E-1,2.519685039370E-1,
8.996430550471E-2));
#4281=VERTEX_POINT('',#4279);
#4282=VERTEX_POINT('',#4280);
#4283=CARTESIAN_POINT('',(6.352995553620E-1,2.519685039370E-1,
-8.996430550471E-2));
#4284=CARTESIAN_POINT('',(6.412700653116E-1,2.519685039370E-1,
-2.172106450582E-2));
#4285=VERTEX_POINT('',#4283);
#4286=VERTEX_POINT('',#4284);
#4287=CARTESIAN_POINT('',(6.100257898997E-1,2.519685039370E-1,
-1.989161556166E-1));
#4288=CARTESIAN_POINT('',(6.277559088251E-1,2.519685039370E-1,
-1.327464509627E-1));
#4289=VERTEX_POINT('',#4287);
#4290=VERTEX_POINT('',#4288);
#4291=CARTESIAN_POINT('',(6.767218052726E-1,-7.874015748031E-2,0.E0));
#4292=CARTESIAN_POINT('',(-6.767218052726E-1,-7.874015748031E-2,0.E0));
#4293=VERTEX_POINT('',#4291);
#4294=VERTEX_POINT('',#4292);
#4295=CARTESIAN_POINT('',(2.172106450582E-2,0.E0,-6.412700653116E-1));
#4296=CARTESIAN_POINT('',(8.996430550471E-2,0.E0,-6.352995553620E-1));
#4297=VERTEX_POINT('',#4295);
#4298=VERTEX_POINT('',#4296);
#4299=CARTESIAN_POINT('',(-8.996430550471E-2,0.E0,-6.352995553620E-1));
#4300=CARTESIAN_POINT('',(-2.172106450582E-2,0.E0,-6.412700653116E-1));
#4301=VERTEX_POINT('',#4299);
#4302=VERTEX_POINT('',#4300);
#4303=CARTESIAN_POINT('',(-1.989161556166E-1,0.E0,-6.100257898997E-1));
#4304=CARTESIAN_POINT('',(-1.327464509627E-1,0.E0,-6.277559088251E-1));
#4305=VERTEX_POINT('',#4303);
#4306=VERTEX_POINT('',#4304);
#4307=CARTESIAN_POINT('',(-3.018240389965E-1,0.E0,-5.662166994993E-1));
#4308=CARTESIAN_POINT('',(-2.397384036801E-1,0.E0,-5.951677067088E-1));
#4309=VERTEX_POINT('',#4307);
#4310=VERTEX_POINT('',#4308);
#4311=CARTESIAN_POINT('',(-3.955611516819E-1,0.E0,-5.052034012041E-1));
#4312=CARTESIAN_POINT('',(-3.394460263151E-1,0.E0,-5.444956349935E-1));
#4313=VERTEX_POINT('',#4311);
#4314=VERTEX_POINT('',#4312);
#4315=CARTESIAN_POINT('',(-4.772793389370E-1,0.E0,-4.288397532085E-1));
#4316=CARTESIAN_POINT('',(-4.288397532085E-1,0.E0,-4.772793389370E-1));
#4317=VERTEX_POINT('',#4315);
#4318=VERTEX_POINT('',#4316);
#4319=CARTESIAN_POINT('',(-5.444956349935E-1,0.E0,-3.394460263151E-1));
#4320=CARTESIAN_POINT('',(-5.052034012041E-1,0.E0,-3.955611516819E-1));
#4321=VERTEX_POINT('',#4319);
#4322=VERTEX_POINT('',#4320);
#4323=CARTESIAN_POINT('',(-5.951677067088E-1,0.E0,-2.397384036801E-1));
#4324=CARTESIAN_POINT('',(-5.662166994993E-1,0.E0,-3.018240389965E-1));
#4325=VERTEX_POINT('',#4323);
#4326=VERTEX_POINT('',#4324);
#4327=CARTESIAN_POINT('',(-6.277559088251E-1,0.E0,-1.327464509627E-1));
#4328=CARTESIAN_POINT('',(-6.100257898997E-1,0.E0,-1.989161556166E-1));
#4329=VERTEX_POINT('',#4327);
#4330=VERTEX_POINT('',#4328);
#4331=CARTESIAN_POINT('',(-6.412700653116E-1,0.E0,-2.172106450582E-2));
#4332=CARTESIAN_POINT('',(-6.352995553620E-1,0.E0,-8.996430550471E-2));
#4333=VERTEX_POINT('',#4331);
#4334=VERTEX_POINT('',#4332);
#4335=CARTESIAN_POINT('',(-6.352995553620E-1,0.E0,8.996430550471E-2));
#4336=CARTESIAN_POINT('',(-6.412700653116E-1,0.E0,2.172106450582E-2));
#4337=VERTEX_POINT('',#4335);
#4338=VERTEX_POINT('',#4336);
#4339=CARTESIAN_POINT('',(-6.100257898997E-1,0.E0,1.989161556166E-1));
#4340=CARTESIAN_POINT('',(-6.277559088251E-1,0.E0,1.327464509627E-1));
#4341=VERTEX_POINT('',#4339);
#4342=VERTEX_POINT('',#4340);
#4343=CARTESIAN_POINT('',(-5.662166994993E-1,0.E0,3.018240389965E-1));
#4344=CARTESIAN_POINT('',(-5.951677067088E-1,0.E0,2.397384036801E-1));
#4345=VERTEX_POINT('',#4343);
#4346=VERTEX_POINT('',#4344);
#4347=CARTESIAN_POINT('',(-5.052034012041E-1,0.E0,3.955611516819E-1));
#4348=CARTESIAN_POINT('',(-5.444956349935E-1,0.E0,3.394460263151E-1));
#4349=VERTEX_POINT('',#4347);
#4350=VERTEX_POINT('',#4348);
#4351=CARTESIAN_POINT('',(-4.288397532085E-1,0.E0,4.772793389370E-1));
#4352=CARTESIAN_POINT('',(-4.772793389370E-1,0.E0,4.288397532085E-1));
#4353=VERTEX_POINT('',#4351);
#4354=VERTEX_POINT('',#4352);
#4355=CARTESIAN_POINT('',(-3.394460263151E-1,0.E0,5.444956349935E-1));
#4356=CARTESIAN_POINT('',(-3.955611516819E-1,0.E0,5.052034012041E-1));
#4357=VERTEX_POINT('',#4355);
#4358=VERTEX_POINT('',#4356);
#4359=CARTESIAN_POINT('',(-2.397384036801E-1,0.E0,5.951677067088E-1));
#4360=CARTESIAN_POINT('',(-3.018240389965E-1,0.E0,5.662166994993E-1));
#4361=VERTEX_POINT('',#4359);
#4362=VERTEX_POINT('',#4360);
#4363=CARTESIAN_POINT('',(-1.327464509627E-1,0.E0,6.277559088251E-1));
#4364=CARTESIAN_POINT('',(-1.989161556166E-1,0.E0,6.100257898997E-1));
#4365=VERTEX_POINT('',#4363);
#4366=VERTEX_POINT('',#4364);
#4367=CARTESIAN_POINT('',(-2.172106450582E-2,0.E0,6.412700653116E-1));
#4368=CARTESIAN_POINT('',(-8.996430550471E-2,0.E0,6.352995553620E-1));
#4369=VERTEX_POINT('',#4367);
#4370=VERTEX_POINT('',#4368);
#4371=CARTESIAN_POINT('',(8.996430550471E-2,0.E0,6.352995553620E-1));
#4372=CARTESIAN_POINT('',(2.172106450582E-2,0.E0,6.412700653116E-1));
#4373=VERTEX_POINT('',#4371);
#4374=VERTEX_POINT('',#4372);
#4375=CARTESIAN_POINT('',(1.989161556166E-1,0.E0,6.100257898997E-1));
#4376=CARTESIAN_POINT('',(1.327464509627E-1,0.E0,6.277559088251E-1));
#4377=VERTEX_POINT('',#4375);
#4378=VERTEX_POINT('',#4376);
#4379=CARTESIAN_POINT('',(3.018240389965E-1,0.E0,5.662166994993E-1));
#4380=CARTESIAN_POINT('',(2.397384036801E-1,0.E0,5.951677067088E-1));
#4381=VERTEX_POINT('',#4379);
#4382=VERTEX_POINT('',#4380);
#4383=CARTESIAN_POINT('',(3.955611516819E-1,0.E0,5.052034012041E-1));
#4384=CARTESIAN_POINT('',(3.394460263151E-1,0.E0,5.444956349935E-1));
#4385=VERTEX_POINT('',#4383);
#4386=VERTEX_POINT('',#4384);
#4387=CARTESIAN_POINT('',(4.772793389370E-1,0.E0,4.288397532085E-1));
#4388=CARTESIAN_POINT('',(4.288397532085E-1,0.E0,4.772793389370E-1));
#4389=VERTEX_POINT('',#4387);
#4390=VERTEX_POINT('',#4388);
#4391=CARTESIAN_POINT('',(5.444956349935E-1,0.E0,3.394460263151E-1));
#4392=CARTESIAN_POINT('',(5.052034012041E-1,0.E0,3.955611516819E-1));
#4393=VERTEX_POINT('',#4391);
#4394=VERTEX_POINT('',#4392);
#4395=CARTESIAN_POINT('',(5.951677067088E-1,0.E0,2.397384036801E-1));
#4396=CARTESIAN_POINT('',(5.662166994993E-1,0.E0,3.018240389965E-1));
#4397=VERTEX_POINT('',#4395);
#4398=VERTEX_POINT('',#4396);
#4399=CARTESIAN_POINT('',(6.277559088251E-1,0.E0,1.327464509627E-1));
#4400=CARTESIAN_POINT('',(6.100257898997E-1,0.E0,1.989161556166E-1));
#4401=VERTEX_POINT('',#4399);
#4402=VERTEX_POINT('',#4400);
#4403=CARTESIAN_POINT('',(6.412700653116E-1,0.E0,2.172106450582E-2));
#4404=CARTESIAN_POINT('',(6.352995553620E-1,0.E0,8.996430550471E-2));
#4405=VERTEX_POINT('',#4403);
#4406=VERTEX_POINT('',#4404);
#4407=CARTESIAN_POINT('',(6.352995553620E-1,0.E0,-8.996430550471E-2));
#4408=CARTESIAN_POINT('',(6.412700653116E-1,0.E0,-2.172106450582E-2));
#4409=VERTEX_POINT('',#4407);
#4410=VERTEX_POINT('',#4408);
#4411=CARTESIAN_POINT('',(6.100257898997E-1,0.E0,-1.989161556166E-1));
#4412=CARTESIAN_POINT('',(6.277559088251E-1,0.E0,-1.327464509627E-1));
#4413=VERTEX_POINT('',#4411);
#4414=VERTEX_POINT('',#4412);
#4415=CARTESIAN_POINT('',(6.524041577691E-1,2.519685039370E-1,
1.170811454781E-2));
#4416=CARTESIAN_POINT('',(6.445257654235E-1,2.519685039370E-1,
1.017585511191E-1));
#4417=VERTEX_POINT('',#4415);
#4418=VERTEX_POINT('',#4416);
#4419=CARTESIAN_POINT('',(6.767218052726E-1,2.761811023622E-1,0.E0));
#4420=CARTESIAN_POINT('',(-6.767218052726E-1,2.761811023622E-1,0.E0));
#4421=VERTEX_POINT('',#4419);
#4422=VERTEX_POINT('',#4420);
#4423=CARTESIAN_POINT('',(-6.524041577691E-1,2.519685039370E-1,
-1.170811454781E-2));
#4424=CARTESIAN_POINT('',(-6.445257654235E-1,2.519685039370E-1,
-1.017585511191E-1));
#4425=VERTEX_POINT('',#4423);
#4426=VERTEX_POINT('',#4424);
#4427=CARTESIAN_POINT('',(-6.524041577691E-1,0.E0,1.170811454781E-2));
#4428=CARTESIAN_POINT('',(-6.445257654235E-1,0.E0,1.017585511191E-1));
#4429=VERTEX_POINT('',#4427);
#4430=VERTEX_POINT('',#4428);
#4431=CARTESIAN_POINT('',(-6.767218052726E-1,-2.421259842520E-2,0.E0));
#4432=CARTESIAN_POINT('',(6.767218052726E-1,-2.421259842520E-2,0.E0));
#4433=VERTEX_POINT('',#4431);
#4434=VERTEX_POINT('',#4432);
#4435=CARTESIAN_POINT('',(6.524041577691E-1,0.E0,-1.170811454781E-2));
#4436=CARTESIAN_POINT('',(6.445257654235E-1,0.E0,-1.017585511191E-1));
#4437=VERTEX_POINT('',#4435);
#4438=VERTEX_POINT('',#4436);
#4439=CARTESIAN_POINT('',(1.170811454781E-2,2.519685039370E-1,
-6.524041577691E-1));
#4440=VERTEX_POINT('',#4439);
#4441=CARTESIAN_POINT('',(-1.017585511191E-1,2.519685039370E-1,
-6.445257654235E-1));
#4442=VERTEX_POINT('',#4441);
#4443=CARTESIAN_POINT('',(-2.121333347026E-1,2.519685039370E-1,
-6.170637838414E-1));
#4444=VERTEX_POINT('',#4443);
#4445=CARTESIAN_POINT('',(-3.160625542557E-1,2.519685039370E-1,
-5.708526314365E-1));
#4446=VERTEX_POINT('',#4445);
#4447=CARTESIAN_POINT('',(-4.103883730332E-1,2.519685039370E-1,
-5.072964106909E-1));
#4448=VERTEX_POINT('',#4447);
#4449=CARTESIAN_POINT('',(-4.922447487626E-1,2.519685039370E-1,
-4.283262452107E-1));
#4450=VERTEX_POINT('',#4449);
#4451=CARTESIAN_POINT('',(-5.591445168887E-1,2.519685039370E-1,
-3.363416035134E-1));
#4452=VERTEX_POINT('',#4451);
#4453=CARTESIAN_POINT('',(-6.090549618099E-1,2.519685039370E-1,
-2.341373923903E-1));
#4454=VERTEX_POINT('',#4453);
#4455=CARTESIAN_POINT('',(-6.404595799133E-1,2.519685039370E-1,
-1.248190350788E-1));
#4456=VERTEX_POINT('',#4455);
#4457=CARTESIAN_POINT('',(-6.445257654235E-1,2.519685039370E-1,
1.017585511191E-1));
#4458=VERTEX_POINT('',#4457);
#4459=CARTESIAN_POINT('',(-6.170637838414E-1,2.519685039370E-1,
2.121333347026E-1));
#4460=VERTEX_POINT('',#4459);
#4461=CARTESIAN_POINT('',(-5.708526314365E-1,2.519685039370E-1,
3.160625542557E-1));
#4462=VERTEX_POINT('',#4461);
#4463=CARTESIAN_POINT('',(-5.072964106909E-1,2.519685039370E-1,
4.103883730332E-1));
#4464=VERTEX_POINT('',#4463);
#4465=CARTESIAN_POINT('',(-4.283262452107E-1,2.519685039370E-1,
4.922447487626E-1));
#4466=VERTEX_POINT('',#4465);
#4467=CARTESIAN_POINT('',(-3.363416035134E-1,2.519685039370E-1,
5.591445168887E-1));
#4468=VERTEX_POINT('',#4467);
#4469=CARTESIAN_POINT('',(-2.341373923903E-1,2.519685039370E-1,
6.090549618099E-1));
#4470=VERTEX_POINT('',#4469);
#4471=CARTESIAN_POINT('',(-1.248190350788E-1,2.519685039370E-1,
6.404595799133E-1));
#4472=VERTEX_POINT('',#4471);
#4473=CARTESIAN_POINT('',(-1.170811454781E-2,2.519685039370E-1,
6.524041577691E-1));
#4474=VERTEX_POINT('',#4473);
#4475=CARTESIAN_POINT('',(1.017585511191E-1,2.519685039370E-1,
6.445257654235E-1));
#4476=VERTEX_POINT('',#4475);
#4477=CARTESIAN_POINT('',(2.121333347026E-1,2.519685039370E-1,
6.170637838414E-1));
#4478=VERTEX_POINT('',#4477);
#4479=CARTESIAN_POINT('',(3.160625542557E-1,2.519685039370E-1,
5.708526314365E-1));
#4480=VERTEX_POINT('',#4479);
#4481=CARTESIAN_POINT('',(4.103883730332E-1,2.519685039370E-1,
5.072964106909E-1));
#4482=VERTEX_POINT('',#4481);
#4483=CARTESIAN_POINT('',(4.922447487626E-1,2.519685039370E-1,
4.283262452107E-1));
#4484=VERTEX_POINT('',#4483);
#4485=CARTESIAN_POINT('',(5.591445168887E-1,2.519685039370E-1,
3.363416035134E-1));
#4486=VERTEX_POINT('',#4485);
#4487=CARTESIAN_POINT('',(6.090549618099E-1,2.519685039370E-1,
2.341373923903E-1));
#4488=VERTEX_POINT('',#4487);
#4489=CARTESIAN_POINT('',(6.404595799133E-1,2.519685039370E-1,
1.248190350788E-1));
#4490=VERTEX_POINT('',#4489);
#4491=CARTESIAN_POINT('',(6.445257654235E-1,2.519685039370E-1,
-1.017585511191E-1));
#4492=VERTEX_POINT('',#4491);
#4493=CARTESIAN_POINT('',(6.170637838414E-1,2.519685039370E-1,
-2.121333347026E-1));
#4494=VERTEX_POINT('',#4493);
#4495=CARTESIAN_POINT('',(1.170811454781E-2,0.E0,-6.524041577691E-1));
#4496=VERTEX_POINT('',#4495);
#4497=CARTESIAN_POINT('',(-1.017585511191E-1,0.E0,-6.445257654235E-1));
#4498=VERTEX_POINT('',#4497);
#4499=CARTESIAN_POINT('',(-2.121333347026E-1,0.E0,-6.170637838414E-1));
#4500=VERTEX_POINT('',#4499);
#4501=CARTESIAN_POINT('',(-3.160625542557E-1,0.E0,-5.708526314365E-1));
#4502=VERTEX_POINT('',#4501);
#4503=CARTESIAN_POINT('',(-4.103883730332E-1,0.E0,-5.072964106909E-1));
#4504=VERTEX_POINT('',#4503);
#4505=CARTESIAN_POINT('',(-4.922447487626E-1,0.E0,-4.283262452107E-1));
#4506=VERTEX_POINT('',#4505);
#4507=CARTESIAN_POINT('',(-5.591445168887E-1,0.E0,-3.363416035134E-1));
#4508=VERTEX_POINT('',#4507);
#4509=CARTESIAN_POINT('',(-6.090549618099E-1,0.E0,-2.341373923903E-1));
#4510=VERTEX_POINT('',#4509);
#4511=CARTESIAN_POINT('',(-6.404595799133E-1,0.E0,-1.248190350788E-1));
#4512=VERTEX_POINT('',#4511);
#4513=CARTESIAN_POINT('',(-6.524041577691E-1,0.E0,-1.170811454781E-2));
#4514=VERTEX_POINT('',#4513);
#4515=CARTESIAN_POINT('',(-6.170637838414E-1,0.E0,2.121333347025E-1));
#4516=VERTEX_POINT('',#4515);
#4517=CARTESIAN_POINT('',(-5.708526314365E-1,0.E0,3.160625542557E-1));
#4518=VERTEX_POINT('',#4517);
#4519=CARTESIAN_POINT('',(-5.072964106909E-1,0.E0,4.103883730332E-1));
#4520=VERTEX_POINT('',#4519);
#4521=CARTESIAN_POINT('',(-4.283262452107E-1,0.E0,4.922447487626E-1));
#4522=VERTEX_POINT('',#4521);
#4523=CARTESIAN_POINT('',(-3.363416035134E-1,0.E0,5.591445168887E-1));
#4524=VERTEX_POINT('',#4523);
#4525=CARTESIAN_POINT('',(-2.341373923903E-1,0.E0,6.090549618099E-1));
#4526=VERTEX_POINT('',#4525);
#4527=CARTESIAN_POINT('',(-1.248190350788E-1,0.E0,6.404595799133E-1));
#4528=VERTEX_POINT('',#4527);
#4529=CARTESIAN_POINT('',(-1.170811454782E-2,0.E0,6.524041577691E-1));
#4530=VERTEX_POINT('',#4529);
#4531=CARTESIAN_POINT('',(1.017585511191E-1,0.E0,6.445257654235E-1));
#4532=VERTEX_POINT('',#4531);
#4533=CARTESIAN_POINT('',(2.121333347025E-1,0.E0,6.170637838414E-1));
#4534=VERTEX_POINT('',#4533);
#4535=CARTESIAN_POINT('',(3.160625542557E-1,0.E0,5.708526314365E-1));
#4536=VERTEX_POINT('',#4535);
#4537=CARTESIAN_POINT('',(4.103883730332E-1,0.E0,5.072964106909E-1));
#4538=VERTEX_POINT('',#4537);
#4539=CARTESIAN_POINT('',(4.922447487626E-1,0.E0,4.283262452107E-1));
#4540=VERTEX_POINT('',#4539);
#4541=CARTESIAN_POINT('',(5.591445168887E-1,0.E0,3.363416035134E-1));
#4542=VERTEX_POINT('',#4541);
#4543=CARTESIAN_POINT('',(6.090549618099E-1,0.E0,2.341373923903E-1));
#4544=VERTEX_POINT('',#4543);
#4545=CARTESIAN_POINT('',(6.404595799133E-1,0.E0,1.248190350788E-1));
#4546=VERTEX_POINT('',#4545);
#4547=CARTESIAN_POINT('',(6.524041577691E-1,0.E0,1.170811454781E-2));
#4548=VERTEX_POINT('',#4547);
#4549=CARTESIAN_POINT('',(6.170637838414E-1,0.E0,-2.121333347026E-1));
#4550=VERTEX_POINT('',#4549);
#4551=CARTESIAN_POINT('',(1.017585511191E-1,2.519685039370E-1,
-6.445257654235E-1));
#4552=VERTEX_POINT('',#4551);
#4553=CARTESIAN_POINT('',(-1.170811454781E-2,2.519685039370E-1,
-6.524041577691E-1));
#4554=VERTEX_POINT('',#4553);
#4555=CARTESIAN_POINT('',(-1.248190350788E-1,2.519685039370E-1,
-6.404595799133E-1));
#4556=VERTEX_POINT('',#4555);
#4557=CARTESIAN_POINT('',(-2.341373923903E-1,2.519685039370E-1,
-6.090549618099E-1));
#4558=VERTEX_POINT('',#4557);
#4559=CARTESIAN_POINT('',(-3.363416035134E-1,2.519685039370E-1,
-5.591445168887E-1));
#4560=VERTEX_POINT('',#4559);
#4561=CARTESIAN_POINT('',(-4.283262452107E-1,2.519685039370E-1,
-4.922447487626E-1));
#4562=VERTEX_POINT('',#4561);
#4563=CARTESIAN_POINT('',(-5.072964106909E-1,2.519685039370E-1,
-4.103883730332E-1));
#4564=VERTEX_POINT('',#4563);
#4565=CARTESIAN_POINT('',(-5.708526314365E-1,2.519685039370E-1,
-3.160625542557E-1));
#4566=VERTEX_POINT('',#4565);
#4567=CARTESIAN_POINT('',(-6.170637838414E-1,2.519685039370E-1,
-2.121333347026E-1));
#4568=VERTEX_POINT('',#4567);
#4569=CARTESIAN_POINT('',(-6.524041577691E-1,2.519685039370E-1,
1.170811454781E-2));
#4570=VERTEX_POINT('',#4569);
#4571=CARTESIAN_POINT('',(-6.404595799133E-1,2.519685039370E-1,
1.248190350788E-1));
#4572=VERTEX_POINT('',#4571);
#4573=CARTESIAN_POINT('',(-6.090549618099E-1,2.519685039370E-1,
2.341373923903E-1));
#4574=VERTEX_POINT('',#4573);
#4575=CARTESIAN_POINT('',(-5.591445168887E-1,2.519685039370E-1,
3.363416035134E-1));
#4576=VERTEX_POINT('',#4575);
#4577=CARTESIAN_POINT('',(-4.922447487626E-1,2.519685039370E-1,
4.283262452107E-1));
#4578=VERTEX_POINT('',#4577);
#4579=CARTESIAN_POINT('',(-4.103883730332E-1,2.519685039370E-1,
5.072964106909E-1));
#4580=VERTEX_POINT('',#4579);
#4581=CARTESIAN_POINT('',(-3.160625542557E-1,2.519685039370E-1,
5.708526314365E-1));
#4582=VERTEX_POINT('',#4581);
#4583=CARTESIAN_POINT('',(-2.121333347025E-1,2.519685039370E-1,
6.170637838414E-1));
#4584=VERTEX_POINT('',#4583);
#4585=CARTESIAN_POINT('',(-1.017585511191E-1,2.519685039370E-1,
6.445257654235E-1));
#4586=VERTEX_POINT('',#4585);
#4587=CARTESIAN_POINT('',(1.170811454782E-2,2.519685039370E-1,
6.524041577691E-1));
#4588=VERTEX_POINT('',#4587);
#4589=CARTESIAN_POINT('',(1.248190350788E-1,2.519685039370E-1,
6.404595799133E-1));
#4590=VERTEX_POINT('',#4589);
#4591=CARTESIAN_POINT('',(2.341373923903E-1,2.519685039370E-1,
6.090549618099E-1));
#4592=VERTEX_POINT('',#4591);
#4593=CARTESIAN_POINT('',(3.363416035134E-1,2.519685039370E-1,
5.591445168887E-1));
#4594=VERTEX_POINT('',#4593);
#4595=CARTESIAN_POINT('',(4.283262452107E-1,2.519685039370E-1,
4.922447487626E-1));
#4596=VERTEX_POINT('',#4595);
#4597=CARTESIAN_POINT('',(5.072964106909E-1,2.519685039370E-1,
4.103883730332E-1));
#4598=VERTEX_POINT('',#4597);
#4599=CARTESIAN_POINT('',(5.708526314365E-1,2.519685039370E-1,
3.160625542557E-1));
#4600=VERTEX_POINT('',#4599);
#4601=CARTESIAN_POINT('',(6.170637838414E-1,2.519685039370E-1,
2.121333347025E-1));
#4602=VERTEX_POINT('',#4601);
#4603=CARTESIAN_POINT('',(6.524041577691E-1,2.519685039370E-1,
-1.170811454781E-2));
#4604=VERTEX_POINT('',#4603);
#4605=CARTESIAN_POINT('',(6.404595799133E-1,2.519685039370E-1,
-1.248190350788E-1));
#4606=VERTEX_POINT('',#4605);
#4607=CARTESIAN_POINT('',(1.017585511191E-1,0.E0,-6.445257654235E-1));
#4608=VERTEX_POINT('',#4607);
#4609=CARTESIAN_POINT('',(-1.170811454781E-2,0.E0,-6.524041577691E-1));
#4610=VERTEX_POINT('',#4609);
#4611=CARTESIAN_POINT('',(-1.248190350788E-1,0.E0,-6.404595799133E-1));
#4612=VERTEX_POINT('',#4611);
#4613=CARTESIAN_POINT('',(-2.341373923903E-1,0.E0,-6.090549618099E-1));
#4614=VERTEX_POINT('',#4613);
#4615=CARTESIAN_POINT('',(-3.363416035134E-1,0.E0,-5.591445168887E-1));
#4616=VERTEX_POINT('',#4615);
#4617=CARTESIAN_POINT('',(-4.283262452107E-1,0.E0,-4.922447487626E-1));
#4618=VERTEX_POINT('',#4617);
#4619=CARTESIAN_POINT('',(-5.072964106909E-1,0.E0,-4.103883730332E-1));
#4620=VERTEX_POINT('',#4619);
#4621=CARTESIAN_POINT('',(-5.708526314365E-1,0.E0,-3.160625542557E-1));
#4622=VERTEX_POINT('',#4621);
#4623=CARTESIAN_POINT('',(-6.170637838414E-1,0.E0,-2.121333347026E-1));
#4624=VERTEX_POINT('',#4623);
#4625=CARTESIAN_POINT('',(-6.445257654235E-1,0.E0,-1.017585511191E-1));
#4626=VERTEX_POINT('',#4625);
#4627=CARTESIAN_POINT('',(-6.404595799133E-1,0.E0,1.248190350788E-1));
#4628=VERTEX_POINT('',#4627);
#4629=CARTESIAN_POINT('',(-6.090549618099E-1,0.E0,2.341373923903E-1));
#4630=VERTEX_POINT('',#4629);
#4631=CARTESIAN_POINT('',(-5.591445168887E-1,0.E0,3.363416035134E-1));
#4632=VERTEX_POINT('',#4631);
#4633=CARTESIAN_POINT('',(-4.922447487626E-1,0.E0,4.283262452107E-1));
#4634=VERTEX_POINT('',#4633);
#4635=CARTESIAN_POINT('',(-4.103883730332E-1,0.E0,5.072964106909E-1));
#4636=VERTEX_POINT('',#4635);
#4637=CARTESIAN_POINT('',(-3.160625542557E-1,0.E0,5.708526314365E-1));
#4638=VERTEX_POINT('',#4637);
#4639=CARTESIAN_POINT('',(-2.121333347026E-1,0.E0,6.170637838414E-1));
#4640=VERTEX_POINT('',#4639);
#4641=CARTESIAN_POINT('',(-1.017585511191E-1,0.E0,6.445257654235E-1));
#4642=VERTEX_POINT('',#4641);
#4643=CARTESIAN_POINT('',(1.170811454781E-2,0.E0,6.524041577691E-1));
#4644=VERTEX_POINT('',#4643);
#4645=CARTESIAN_POINT('',(1.248190350788E-1,0.E0,6.404595799133E-1));
#4646=VERTEX_POINT('',#4645);
#4647=CARTESIAN_POINT('',(2.341373923903E-1,0.E0,6.090549618099E-1));
#4648=VERTEX_POINT('',#4647);
#4649=CARTESIAN_POINT('',(3.363416035134E-1,0.E0,5.591445168887E-1));
#4650=VERTEX_POINT('',#4649);
#4651=CARTESIAN_POINT('',(4.283262452107E-1,0.E0,4.922447487626E-1));
#4652=VERTEX_POINT('',#4651);
#4653=CARTESIAN_POINT('',(5.072964106909E-1,0.E0,4.103883730332E-1));
#4654=VERTEX_POINT('',#4653);
#4655=CARTESIAN_POINT('',(5.708526314365E-1,0.E0,3.160625542557E-1));
#4656=VERTEX_POINT('',#4655);
#4657=CARTESIAN_POINT('',(6.170637838414E-1,0.E0,2.121333347026E-1));
#4658=VERTEX_POINT('',#4657);
#4659=CARTESIAN_POINT('',(6.445257654235E-1,0.E0,1.017585511191E-1));
#4660=VERTEX_POINT('',#4659);
#4661=CARTESIAN_POINT('',(6.404595799133E-1,0.E0,-1.248190350788E-1));
#4662=VERTEX_POINT('',#4661);
#4663=CARTESIAN_POINT('',(-6.525092068454E-1,2.519685039350E-1,
8.810078447438E-11));
#4664=VERTEX_POINT('',#4663);
#4665=CARTESIAN_POINT('',(6.525092068454E-1,2.042995402481E-12,
-8.810097193480E-11));
#4666=VERTEX_POINT('',#4665);
#4667=CARTESIAN_POINT('',(6.525092068454E-1,2.519685039350E-1,
-8.810082704866E-11));
#4668=VERTEX_POINT('',#4667);
#4669=CARTESIAN_POINT('',(-6.525092068454E-1,2.042958395047E-12,
8.810083276977E-11));
#4670=VERTEX_POINT('',#4669);
#4671=CARTESIAN_POINT('',(1.248190350788E-1,2.519685039370E-1,
-6.404595799133E-1));
#4672=VERTEX_POINT('',#4671);
#4673=CARTESIAN_POINT('',(2.121333347026E-1,2.519685039370E-1,
-6.170637838414E-1));
#4674=VERTEX_POINT('',#4673);
#4675=CARTESIAN_POINT('',(2.341373923903E-1,2.519685039370E-1,
-6.090549618099E-1));
#4676=CARTESIAN_POINT('',(3.160625542557E-1,2.519685039370E-1,
-5.708526314365E-1));
#4677=VERTEX_POINT('',#4675);
#4678=VERTEX_POINT('',#4676);
#4679=CARTESIAN_POINT('',(3.363416035134E-1,2.519685039370E-1,
-5.591445168887E-1));
#4680=CARTESIAN_POINT('',(4.103883730332E-1,2.519685039370E-1,
-5.072964106909E-1));
#4681=VERTEX_POINT('',#4679);
#4682=VERTEX_POINT('',#4680);
#4683=CARTESIAN_POINT('',(4.283262452107E-1,2.519685039370E-1,
-4.922447487626E-1));
#4684=CARTESIAN_POINT('',(4.922447487626E-1,2.519685039370E-1,
-4.283262452107E-1));
#4685=VERTEX_POINT('',#4683);
#4686=VERTEX_POINT('',#4684);
#4687=CARTESIAN_POINT('',(5.072964106909E-1,2.519685039370E-1,
-4.103883730332E-1));
#4688=CARTESIAN_POINT('',(5.591445168887E-1,2.519685039370E-1,
-3.363416035134E-1));
#4689=VERTEX_POINT('',#4687);
#4690=VERTEX_POINT('',#4688);
#4691=CARTESIAN_POINT('',(5.708526314365E-1,2.519685039370E-1,
-3.160625542557E-1));
#4692=CARTESIAN_POINT('',(6.090549618099E-1,2.519685039370E-1,
-2.341373923903E-1));
#4693=VERTEX_POINT('',#4691);
#4694=VERTEX_POINT('',#4692);
#4695=CARTESIAN_POINT('',(6.090549618099E-1,0.E0,-2.341373923903E-1));
#4696=CARTESIAN_POINT('',(5.708526314365E-1,0.E0,-3.160625542557E-1));
#4697=VERTEX_POINT('',#4695);
#4698=VERTEX_POINT('',#4696);
#4699=CARTESIAN_POINT('',(5.591445168887E-1,0.E0,-3.363416035134E-1));
#4700=CARTESIAN_POINT('',(5.072964106909E-1,0.E0,-4.103883730332E-1));
#4701=VERTEX_POINT('',#4699);
#4702=VERTEX_POINT('',#4700);
#4703=CARTESIAN_POINT('',(4.922447487626E-1,0.E0,-4.283262452107E-1));
#4704=CARTESIAN_POINT('',(4.283262452107E-1,0.E0,-4.922447487626E-1));
#4705=VERTEX_POINT('',#4703);
#4706=VERTEX_POINT('',#4704);
#4707=CARTESIAN_POINT('',(4.103883730332E-1,0.E0,-5.072964106909E-1));
#4708=CARTESIAN_POINT('',(3.363416035134E-1,0.E0,-5.591445168887E-1));
#4709=VERTEX_POINT('',#4707);
#4710=VERTEX_POINT('',#4708);
#4711=CARTESIAN_POINT('',(3.160625542557E-1,0.E0,-5.708526314365E-1));
#4712=CARTESIAN_POINT('',(2.341373923903E-1,0.E0,-6.090549618099E-1));
#4713=VERTEX_POINT('',#4711);
#4714=VERTEX_POINT('',#4712);
#4715=CARTESIAN_POINT('',(1.248190350788E-1,0.E0,-6.404595799133E-1));
#4716=VERTEX_POINT('',#4715);
#4717=CARTESIAN_POINT('',(2.121333347026E-1,0.E0,-6.170637838414E-1));
#4718=VERTEX_POINT('',#4717);
#4719=CARTESIAN_POINT('',(5.662166994993E-1,2.519685039370E-1,
-3.018240389965E-1));
#4720=CARTESIAN_POINT('',(5.951677067088E-1,2.519685039370E-1,
-2.397384036801E-1));
#4721=VERTEX_POINT('',#4719);
#4722=VERTEX_POINT('',#4720);
#4723=CARTESIAN_POINT('',(5.052034012041E-1,2.519685039370E-1,
-3.955611516819E-1));
#4724=CARTESIAN_POINT('',(5.444956349935E-1,2.519685039370E-1,
-3.394460263151E-1));
#4725=VERTEX_POINT('',#4723);
#4726=VERTEX_POINT('',#4724);
#4727=CARTESIAN_POINT('',(4.288397532085E-1,2.519685039370E-1,
-4.772793389370E-1));
#4728=CARTESIAN_POINT('',(4.772793389370E-1,2.519685039370E-1,
-4.288397532085E-1));
#4729=VERTEX_POINT('',#4727);
#4730=VERTEX_POINT('',#4728);
#4731=CARTESIAN_POINT('',(3.394460263151E-1,2.519685039370E-1,
-5.444956349935E-1));
#4732=CARTESIAN_POINT('',(3.955611516819E-1,2.519685039370E-1,
-5.052034012041E-1));
#4733=VERTEX_POINT('',#4731);
#4734=VERTEX_POINT('',#4732);
#4735=CARTESIAN_POINT('',(2.397384036801E-1,2.519685039370E-1,
-5.951677067088E-1));
#4736=CARTESIAN_POINT('',(3.018240389965E-1,2.519685039370E-1,
-5.662166994993E-1));
#4737=VERTEX_POINT('',#4735);
#4738=VERTEX_POINT('',#4736);
#4739=CARTESIAN_POINT('',(1.327464509627E-1,2.519685039370E-1,
-6.277559088251E-1));
#4740=CARTESIAN_POINT('',(1.989161556166E-1,2.519685039370E-1,
-6.100257898997E-1));
#4741=VERTEX_POINT('',#4739);
#4742=VERTEX_POINT('',#4740);
#4743=CARTESIAN_POINT('',(5.662166994993E-1,0.E0,-3.018240389965E-1));
#4744=CARTESIAN_POINT('',(5.951677067088E-1,0.E0,-2.397384036801E-1));
#4745=VERTEX_POINT('',#4743);
#4746=VERTEX_POINT('',#4744);
#4747=CARTESIAN_POINT('',(5.052034012041E-1,0.E0,-3.955611516819E-1));
#4748=CARTESIAN_POINT('',(5.444956349935E-1,0.E0,-3.394460263151E-1));
#4749=VERTEX_POINT('',#4747);
#4750=VERTEX_POINT('',#4748);
#4751=CARTESIAN_POINT('',(4.288397532085E-1,0.E0,-4.772793389370E-1));
#4752=CARTESIAN_POINT('',(4.772793389370E-1,0.E0,-4.288397532085E-1));
#4753=VERTEX_POINT('',#4751);
#4754=VERTEX_POINT('',#4752);
#4755=CARTESIAN_POINT('',(3.394460263151E-1,0.E0,-5.444956349935E-1));
#4756=CARTESIAN_POINT('',(3.955611516819E-1,0.E0,-5.052034012041E-1));
#4757=VERTEX_POINT('',#4755);
#4758=VERTEX_POINT('',#4756);
#4759=CARTESIAN_POINT('',(2.397384036801E-1,0.E0,-5.951677067088E-1));
#4760=CARTESIAN_POINT('',(3.018240389965E-1,0.E0,-5.662166994993E-1));
#4761=VERTEX_POINT('',#4759);
#4762=VERTEX_POINT('',#4760);
#4763=CARTESIAN_POINT('',(1.327464509627E-1,0.E0,-6.277559088251E-1));
#4764=CARTESIAN_POINT('',(1.989161556166E-1,0.E0,-6.100257898997E-1));
#4765=VERTEX_POINT('',#4763);
#4766=VERTEX_POINT('',#4764);
#4767=CARTESIAN_POINT('',(1.771653543307E-1,-7.874015748031E-2,0.E0));
#4768=CARTESIAN_POINT('',(-1.771653543307E-1,-7.874015748031E-2,0.E0));
#4769=VERTEX_POINT('',#4767);
#4770=VERTEX_POINT('',#4768);
#4771=CARTESIAN_POINT('',(1.574803149606E-1,-5.905511811024E-2,0.E0));
#4772=CARTESIAN_POINT('',(-1.574803149606E-1,-5.905511811024E-2,0.E0));
#4773=VERTEX_POINT('',#4771);
#4774=VERTEX_POINT('',#4772);
#4775=CARTESIAN_POINT('',(-1.771653543307E-1,3.307086614173E-1,0.E0));
#4776=CARTESIAN_POINT('',(1.771653543307E-1,3.307086614173E-1,0.E0));
#4777=VERTEX_POINT('',#4775);
#4778=VERTEX_POINT('',#4776);
#4779=CARTESIAN_POINT('',(-1.574803149606E-1,3.110236220472E-1,0.E0));
#4780=CARTESIAN_POINT('',(1.574803149606E-1,3.110236220472E-1,0.E0));
#4781=VERTEX_POINT('',#4779);
#4782=VERTEX_POINT('',#4780);
#4783=CARTESIAN_POINT('',(0.E0,2.519685039370E-1,0.E0));
#4784=DIRECTION('',(0.E0,1.E0,0.E0));
#4785=DIRECTION('',(1.E0,0.E0,0.E0));
#4786=AXIS2_PLACEMENT_3D('',#4783,#4784,#4785);
#4787=CYLINDRICAL_SURFACE('',#4786,6.525092068474E-1);
#4789=ORIENTED_EDGE('',*,*,#4788,.F.);
#4791=ORIENTED_EDGE('',*,*,#4790,.F.);
#4793=ORIENTED_EDGE('',*,*,#4792,.T.);
#4795=ORIENTED_EDGE('',*,*,#4794,.F.);
#4796=EDGE_LOOP('',(#4789,#4791,#4793,#4795));
#4797=FACE_OUTER_BOUND('',#4796,.F.);
#4799=CARTESIAN_POINT('',(1.152444381862E-2,2.519685039370E-1,
-6.421695852512E-1));
#4800=DIRECTION('',(0.E0,1.E0,0.E0));
#4801=DIRECTION('',(1.E0,0.E0,0.E0));
#4802=AXIS2_PLACEMENT_3D('',#4799,#4800,#4801);
#4803=CYLINDRICAL_SURFACE('',#4802,1.023622047244E-2);
#4805=ORIENTED_EDGE('',*,*,#4804,.T.);
#4806=ORIENTED_EDGE('',*,*,#4788,.T.);
#4808=ORIENTED_EDGE('',*,*,#4807,.F.);
#4810=ORIENTED_EDGE('',*,*,#4809,.F.);
#4811=EDGE_LOOP('',(#4805,#4806,#4808,#4810));
#4812=FACE_OUTER_BOUND('',#4811,.F.);
#4814=CARTESIAN_POINT('',(0.E0,2.519685039370E-1,0.E0));
#4815=DIRECTION('',(0.E0,1.E0,0.E0));
#4816=DIRECTION('',(1.E0,0.E0,0.E0));
#4817=AXIS2_PLACEMENT_3D('',#4814,#4815,#4816);
#4818=PLANE('',#4817);
#4820=ORIENTED_EDGE('',*,*,#4819,.F.);
#4822=ORIENTED_EDGE('',*,*,#4821,.F.);
#4824=ORIENTED_EDGE('',*,*,#4823,.T.);
#4826=ORIENTED_EDGE('',*,*,#4825,.F.);
#4827=EDGE_LOOP('',(#4820,#4822,#4824,#4826));
#4828=FACE_OUTER_BOUND('',#4827,.F.);
#4830=CARTESIAN_POINT('',(0.E0,2.519685039370E-1,0.E0));
#4831=DIRECTION('',(0.E0,1.E0,0.E0));
#4832=DIRECTION('',(1.E0,0.E0,0.E0));
#4833=AXIS2_PLACEMENT_3D('',#4830,#4831,#4832);
#4834=PLANE('',#4833);
#4836=ORIENTED_EDGE('',*,*,#4835,.F.);
#4838=ORIENTED_EDGE('',*,*,#4837,.F.);
#4840=ORIENTED_EDGE('',*,*,#4839,.T.);
#4842=ORIENTED_EDGE('',*,*,#4841,.F.);
#4843=EDGE_LOOP('',(#4836,#4838,#4840,#4842));
#4844=FACE_OUTER_BOUND('',#4843,.F.);
#4846=CARTESIAN_POINT('',(0.E0,2.519685039370E-1,0.E0));
#4847=DIRECTION('',(0.E0,1.E0,0.E0));
#4848=DIRECTION('',(1.E0,0.E0,0.E0));
#4849=AXIS2_PLACEMENT_3D('',#4846,#4847,#4848);
#4850=PLANE('',#4849);
#4851=ORIENTED_EDGE('',*,*,#4804,.F.);
#4853=ORIENTED_EDGE('',*,*,#4852,.T.);
#4855=ORIENTED_EDGE('',*,*,#4854,.F.);
#4857=ORIENTED_EDGE('',*,*,#4856,.F.);
#4858=EDGE_LOOP('',(#4851,#4853,#4855,#4857));
#4859=FACE_OUTER_BOUND('',#4858,.F.);
#4861=CARTESIAN_POINT('',(0.E0,2.519685039370E-1,0.E0));
#4862=DIRECTION('',(0.E0,1.E0,0.E0));
#4863=DIRECTION('',(1.E0,0.E0,0.E0));
#4864=AXIS2_PLACEMENT_3D('',#4861,#4862,#4863);
#4865=PLANE('',#4864);
#4867=ORIENTED_EDGE('',*,*,#4866,.F.);
#4869=ORIENTED_EDGE('',*,*,#4868,.T.);
#4871=ORIENTED_EDGE('',*,*,#4870,.F.);
#4873=ORIENTED_EDGE('',*,*,#4872,.F.);
#4874=EDGE_LOOP('',(#4867,#4869,#4871,#4873));
#4875=FACE_OUTER_BOUND('',#4874,.F.);
#4877=CARTESIAN_POINT('',(0.E0,2.519685039370E-1,0.E0));
#4878=DIRECTION('',(0.E0,1.E0,0.E0));
#4879=DIRECTION('',(1.E0,0.E0,0.E0));
#4880=AXIS2_PLACEMENT_3D('',#4877,#4878,#4879);
#4881=PLANE('',#4880);
#4883=ORIENTED_EDGE('',*,*,#4882,.F.);
#4885=ORIENTED_EDGE('',*,*,#4884,.T.);
#4887=ORIENTED_EDGE('',*,*,#4886,.F.);
#4889=ORIENTED_EDGE('',*,*,#4888,.F.);
#4890=EDGE_LOOP('',(#4883,#4885,#4887,#4889));
#4891=FACE_OUTER_BOUND('',#4890,.F.);
#4893=CARTESIAN_POINT('',(0.E0,2.519685039370E-1,0.E0));
#4894=DIRECTION('',(0.E0,1.E0,0.E0));
#4895=DIRECTION('',(1.E0,0.E0,0.E0));
#4896=AXIS2_PLACEMENT_3D('',#4893,#4894,#4895);
#4897=PLANE('',#4896);
#4899=ORIENTED_EDGE('',*,*,#4898,.F.);
#4901=ORIENTED_EDGE('',*,*,#4900,.T.);
#4903=ORIENTED_EDGE('',*,*,#4902,.F.);
#4905=ORIENTED_EDGE('',*,*,#4904,.F.);
#4906=EDGE_LOOP('',(#4899,#4901,#4903,#4905));
#4907=FACE_OUTER_BOUND('',#4906,.F.);
#4909=CARTESIAN_POINT('',(0.E0,2.519685039370E-1,0.E0));
#4910=DIRECTION('',(0.E0,1.E0,0.E0));
#4911=DIRECTION('',(1.E0,0.E0,0.E0));
#4912=AXIS2_PLACEMENT_3D('',#4909,#4910,#4911);
#4913=PLANE('',#4912);
#4915=ORIENTED_EDGE('',*,*,#4914,.F.);
#4917=ORIENTED_EDGE('',*,*,#4916,.T.);
#4919=ORIENTED_EDGE('',*,*,#4918,.F.);
#4921=ORIENTED_EDGE('',*,*,#4920,.F.);
#4922=EDGE_LOOP('',(#4915,#4917,#4919,#4921));
#4923=FACE_OUTER_BOUND('',#4922,.F.);
#4925=CARTESIAN_POINT('',(0.E0,2.519685039370E-1,0.E0));
#4926=DIRECTION('',(0.E0,1.E0,0.E0));
#4927=DIRECTION('',(1.E0,0.E0,0.E0));
#4928=AXIS2_PLACEMENT_3D('',#4925,#4926,#4927);
#4929=PLANE('',#4928);
#4931=ORIENTED_EDGE('',*,*,#4930,.F.);
#4933=ORIENTED_EDGE('',*,*,#4932,.T.);
#4935=ORIENTED_EDGE('',*,*,#4934,.F.);
#4937=ORIENTED_EDGE('',*,*,#4936,.F.);
#4938=EDGE_LOOP('',(#4931,#4933,#4935,#4937));
#4939=FACE_OUTER_BOUND('',#4938,.F.);
#4941=CARTESIAN_POINT('',(0.E0,2.519685039370E-1,0.E0));
#4942=DIRECTION('',(0.E0,1.E0,0.E0));
#4943=DIRECTION('',(1.E0,0.E0,0.E0));
#4944=AXIS2_PLACEMENT_3D('',#4941,#4942,#4943);
#4945=PLANE('',#4944);
#4947=ORIENTED_EDGE('',*,*,#4946,.F.);
#4949=ORIENTED_EDGE('',*,*,#4948,.T.);
#4951=ORIENTED_EDGE('',*,*,#4950,.F.);
#4953=ORIENTED_EDGE('',*,*,#4952,.F.);
#4954=EDGE_LOOP('',(#4947,#4949,#4951,#4953));
#4955=FACE_OUTER_BOUND('',#4954,.F.);
#4957=CARTESIAN_POINT('',(0.E0,2.519685039370E-1,0.E0));
#4958=DIRECTION('',(0.E0,1.E0,0.E0));
#4959=DIRECTION('',(1.E0,0.E0,0.E0));
#4960=AXIS2_PLACEMENT_3D('',#4957,#4958,#4959);
#4961=PLANE('',#4960);
#4963=ORIENTED_EDGE('',*,*,#4962,.F.);
#4965=ORIENTED_EDGE('',*,*,#4964,.T.);
#4967=ORIENTED_EDGE('',*,*,#4966,.F.);
#4969=ORIENTED_EDGE('',*,*,#4968,.F.);
#4970=EDGE_LOOP('',(#4963,#4965,#4967,#4969));
#4971=FACE_OUTER_BOUND('',#4970,.F.);
#4973=CARTESIAN_POINT('',(0.E0,2.519685039370E-1,0.E0));
#4974=DIRECTION('',(0.E0,1.E0,0.E0));
#4975=DIRECTION('',(1.E0,0.E0,0.E0));
#4976=AXIS2_PLACEMENT_3D('',#4973,#4974,#4975);
#4977=PLANE('',#4976);
#4979=ORIENTED_EDGE('',*,*,#4978,.F.);
#4981=ORIENTED_EDGE('',*,*,#4980,.T.);
#4983=ORIENTED_EDGE('',*,*,#4982,.F.);
#4985=ORIENTED_EDGE('',*,*,#4984,.F.);
#4986=EDGE_LOOP('',(#4979,#4981,#4983,#4985));
#4987=FACE_OUTER_BOUND('',#4986,.F.);
#4989=CARTESIAN_POINT('',(0.E0,2.519685039370E-1,0.E0));
#4990=DIRECTION('',(0.E0,1.E0,0.E0));
#4991=DIRECTION('',(1.E0,0.E0,0.E0));
#4992=AXIS2_PLACEMENT_3D('',#4989,#4990,#4991);
#4993=PLANE('',#4992);
#4995=ORIENTED_EDGE('',*,*,#4994,.F.);
#4997=ORIENTED_EDGE('',*,*,#4996,.T.);
#4999=ORIENTED_EDGE('',*,*,#4998,.F.);
#5001=ORIENTED_EDGE('',*,*,#5000,.F.);
#5002=EDGE_LOOP('',(#4995,#4997,#4999,#5001));
#5003=FACE_OUTER_BOUND('',#5002,.F.);
#5005=CARTESIAN_POINT('',(0.E0,2.519685039370E-1,0.E0));
#5006=DIRECTION('',(0.E0,1.E0,0.E0));
#5007=DIRECTION('',(1.E0,0.E0,0.E0));
#5008=AXIS2_PLACEMENT_3D('',#5005,#5006,#5007);
#5009=PLANE('',#5008);
#5011=ORIENTED_EDGE('',*,*,#5010,.F.);
#5013=ORIENTED_EDGE('',*,*,#5012,.T.);
#5015=ORIENTED_EDGE('',*,*,#5014,.F.);
#5017=ORIENTED_EDGE('',*,*,#5016,.F.);
#5018=EDGE_LOOP('',(#5011,#5013,#5015,#5017));
#5019=FACE_OUTER_BOUND('',#5018,.F.);
#5021=CARTESIAN_POINT('',(0.E0,2.519685039370E-1,0.E0));
#5022=DIRECTION('',(0.E0,1.E0,0.E0));
#5023=DIRECTION('',(1.E0,0.E0,0.E0));
#5024=AXIS2_PLACEMENT_3D('',#5021,#5022,#5023);
#5025=PLANE('',#5024);
#5027=ORIENTED_EDGE('',*,*,#5026,.F.);
#5029=ORIENTED_EDGE('',*,*,#5028,.T.);
#5031=ORIENTED_EDGE('',*,*,#5030,.F.);
#5033=ORIENTED_EDGE('',*,*,#5032,.F.);
#5034=EDGE_LOOP('',(#5027,#5029,#5031,#5033));
#5035=FACE_OUTER_BOUND('',#5034,.F.);
#5037=CARTESIAN_POINT('',(0.E0,2.519685039370E-1,0.E0));
#5038=DIRECTION('',(0.E0,1.E0,0.E0));
#5039=DIRECTION('',(1.E0,0.E0,0.E0));
#5040=AXIS2_PLACEMENT_3D('',#5037,#5038,#5039);
#5041=PLANE('',#5040);
#5043=ORIENTED_EDGE('',*,*,#5042,.F.);
#5045=ORIENTED_EDGE('',*,*,#5044,.T.);
#5047=ORIENTED_EDGE('',*,*,#5046,.F.);
#5049=ORIENTED_EDGE('',*,*,#5048,.F.);
#5050=EDGE_LOOP('',(#5043,#5045,#5047,#5049));
#5051=FACE_OUTER_BOUND('',#5050,.F.);
#5053=CARTESIAN_POINT('',(0.E0,2.519685039370E-1,0.E0));
#5054=DIRECTION('',(0.E0,1.E0,0.E0));
#5055=DIRECTION('',(1.E0,0.E0,0.E0));
#5056=AXIS2_PLACEMENT_3D('',#5053,#5054,#5055);
#5057=PLANE('',#5056);
#5059=ORIENTED_EDGE('',*,*,#5058,.F.);
#5061=ORIENTED_EDGE('',*,*,#5060,.T.);
#5063=ORIENTED_EDGE('',*,*,#5062,.F.);
#5065=ORIENTED_EDGE('',*,*,#5064,.F.);
#5066=EDGE_LOOP('',(#5059,#5061,#5063,#5065));
#5067=FACE_OUTER_BOUND('',#5066,.F.);
#5069=CARTESIAN_POINT('',(0.E0,2.519685039370E-1,0.E0));
#5070=DIRECTION('',(0.E0,1.E0,0.E0));
#5071=DIRECTION('',(1.E0,0.E0,0.E0));
#5072=AXIS2_PLACEMENT_3D('',#5069,#5070,#5071);
#5073=PLANE('',#5072);
#5075=ORIENTED_EDGE('',*,*,#5074,.F.);
#5077=ORIENTED_EDGE('',*,*,#5076,.T.);
#5079=ORIENTED_EDGE('',*,*,#5078,.F.);
#5081=ORIENTED_EDGE('',*,*,#5080,.F.);
#5082=EDGE_LOOP('',(#5075,#5077,#5079,#5081));
#5083=FACE_OUTER_BOUND('',#5082,.F.);
#5085=CARTESIAN_POINT('',(0.E0,2.519685039370E-1,0.E0));
#5086=DIRECTION('',(0.E0,1.E0,0.E0));
#5087=DIRECTION('',(1.E0,0.E0,0.E0));
#5088=AXIS2_PLACEMENT_3D('',#5085,#5086,#5087);
#5089=PLANE('',#5088);
#5091=ORIENTED_EDGE('',*,*,#5090,.F.);
#5093=ORIENTED_EDGE('',*,*,#5092,.T.);
#5095=ORIENTED_EDGE('',*,*,#5094,.F.);
#5097=ORIENTED_EDGE('',*,*,#5096,.F.);
#5098=EDGE_LOOP('',(#5091,#5093,#5095,#5097));
#5099=FACE_OUTER_BOUND('',#5098,.F.);
#5101=CARTESIAN_POINT('',(0.E0,2.519685039370E-1,0.E0));
#5102=DIRECTION('',(0.E0,1.E0,0.E0));
#5103=DIRECTION('',(1.E0,0.E0,0.E0));
#5104=AXIS2_PLACEMENT_3D('',#5101,#5102,#5103);
#5105=PLANE('',#5104);
#5107=ORIENTED_EDGE('',*,*,#5106,.F.);
#5109=ORIENTED_EDGE('',*,*,#5108,.T.);
#5111=ORIENTED_EDGE('',*,*,#5110,.F.);
#5113=ORIENTED_EDGE('',*,*,#5112,.F.);
#5114=EDGE_LOOP('',(#5107,#5109,#5111,#5113));
#5115=FACE_OUTER_BOUND('',#5114,.F.);
#5117=CARTESIAN_POINT('',(0.E0,2.519685039370E-1,0.E0));
#5118=DIRECTION('',(0.E0,1.E0,0.E0));
#5119=DIRECTION('',(1.E0,0.E0,0.E0));
#5120=AXIS2_PLACEMENT_3D('',#5117,#5118,#5119);
#5121=PLANE('',#5120);
#5123=ORIENTED_EDGE('',*,*,#5122,.F.);
#5125=ORIENTED_EDGE('',*,*,#5124,.T.);
#5127=ORIENTED_EDGE('',*,*,#5126,.F.);
#5129=ORIENTED_EDGE('',*,*,#5128,.F.);
#5130=EDGE_LOOP('',(#5123,#5125,#5127,#5129));
#5131=FACE_OUTER_BOUND('',#5130,.F.);
#5133=CARTESIAN_POINT('',(0.E0,2.519685039370E-1,0.E0));
#5134=DIRECTION('',(0.E0,1.E0,0.E0));
#5135=DIRECTION('',(1.E0,0.E0,0.E0));
#5136=AXIS2_PLACEMENT_3D('',#5133,#5134,#5135);
#5137=PLANE('',#5136);
#5139=ORIENTED_EDGE('',*,*,#5138,.F.);
#5141=ORIENTED_EDGE('',*,*,#5140,.T.);
#5143=ORIENTED_EDGE('',*,*,#5142,.F.);
#5145=ORIENTED_EDGE('',*,*,#5144,.F.);
#5146=EDGE_LOOP('',(#5139,#5141,#5143,#5145));
#5147=FACE_OUTER_BOUND('',#5146,.F.);
#5149=CARTESIAN_POINT('',(0.E0,2.519685039370E-1,0.E0));
#5150=DIRECTION('',(0.E0,1.E0,0.E0));
#5151=DIRECTION('',(1.E0,0.E0,0.E0));
#5152=AXIS2_PLACEMENT_3D('',#5149,#5150,#5151);
#5153=PLANE('',#5152);
#5155=ORIENTED_EDGE('',*,*,#5154,.F.);
#5157=ORIENTED_EDGE('',*,*,#5156,.T.);
#5159=ORIENTED_EDGE('',*,*,#5158,.F.);
#5161=ORIENTED_EDGE('',*,*,#5160,.F.);
#5162=EDGE_LOOP('',(#5155,#5157,#5159,#5161));
#5163=FACE_OUTER_BOUND('',#5162,.F.);
#5165=CARTESIAN_POINT('',(0.E0,2.519685039370E-1,0.E0));
#5166=DIRECTION('',(0.E0,1.E0,0.E0));
#5167=DIRECTION('',(1.E0,0.E0,0.E0));
#5168=AXIS2_PLACEMENT_3D('',#5165,#5166,#5167);
#5169=PLANE('',#5168);
#5171=ORIENTED_EDGE('',*,*,#5170,.F.);
#5173=ORIENTED_EDGE('',*,*,#5172,.T.);
#5175=ORIENTED_EDGE('',*,*,#5174,.F.);
#5177=ORIENTED_EDGE('',*,*,#5176,.F.);
#5178=EDGE_LOOP('',(#5171,#5173,#5175,#5177));
#5179=FACE_OUTER_BOUND('',#5178,.F.);
#5181=CARTESIAN_POINT('',(0.E0,2.519685039370E-1,0.E0));
#5182=DIRECTION('',(0.E0,1.E0,0.E0));
#5183=DIRECTION('',(1.E0,0.E0,0.E0));
#5184=AXIS2_PLACEMENT_3D('',#5181,#5182,#5183);
#5185=PLANE('',#5184);
#5187=ORIENTED_EDGE('',*,*,#5186,.F.);
#5189=ORIENTED_EDGE('',*,*,#5188,.T.);
#5191=ORIENTED_EDGE('',*,*,#5190,.F.);
#5193=ORIENTED_EDGE('',*,*,#5192,.F.);
#5194=EDGE_LOOP('',(#5187,#5189,#5191,#5193));
#5195=FACE_OUTER_BOUND('',#5194,.F.);
#5197=CARTESIAN_POINT('',(0.E0,2.519685039370E-1,0.E0));
#5198=DIRECTION('',(0.E0,1.E0,0.E0));
#5199=DIRECTION('',(1.E0,0.E0,0.E0));
#5200=AXIS2_PLACEMENT_3D('',#5197,#5198,#5199);
#5201=PLANE('',#5200);
#5203=ORIENTED_EDGE('',*,*,#5202,.F.);
#5205=ORIENTED_EDGE('',*,*,#5204,.T.);
#5207=ORIENTED_EDGE('',*,*,#5206,.F.);
#5209=ORIENTED_EDGE('',*,*,#5208,.F.);
#5210=EDGE_LOOP('',(#5203,#5205,#5207,#5209));
#5211=FACE_OUTER_BOUND('',#5210,.F.);
#5213=CARTESIAN_POINT('',(0.E0,2.519685039370E-1,0.E0));
#5214=DIRECTION('',(0.E0,1.E0,0.E0));
#5215=DIRECTION('',(1.E0,0.E0,0.E0));
#5216=AXIS2_PLACEMENT_3D('',#5213,#5214,#5215);
#5217=PLANE('',#5216);
#5219=ORIENTED_EDGE('',*,*,#5218,.F.);
#5221=ORIENTED_EDGE('',*,*,#5220,.T.);
#5223=ORIENTED_EDGE('',*,*,#5222,.F.);
#5225=ORIENTED_EDGE('',*,*,#5224,.F.);
#5226=EDGE_LOOP('',(#5219,#5221,#5223,#5225));
#5227=FACE_OUTER_BOUND('',#5226,.F.);
#5229=CARTESIAN_POINT('',(0.E0,2.519685039370E-1,0.E0));
#5230=DIRECTION('',(0.E0,1.E0,0.E0));
#5231=DIRECTION('',(1.E0,0.E0,0.E0));
#5232=AXIS2_PLACEMENT_3D('',#5229,#5230,#5231);
#5233=PLANE('',#5232);
#5235=ORIENTED_EDGE('',*,*,#5234,.F.);
#5237=ORIENTED_EDGE('',*,*,#5236,.T.);
#5239=ORIENTED_EDGE('',*,*,#5238,.F.);
#5241=ORIENTED_EDGE('',*,*,#5240,.F.);
#5242=EDGE_LOOP('',(#5235,#5237,#5239,#5241));
#5243=FACE_OUTER_BOUND('',#5242,.F.);
#5245=CARTESIAN_POINT('',(0.E0,2.519685039370E-1,0.E0));
#5246=DIRECTION('',(0.E0,1.E0,0.E0));
#5247=DIRECTION('',(1.E0,0.E0,0.E0));
#5248=AXIS2_PLACEMENT_3D('',#5245,#5246,#5247);
#5249=PLANE('',#5248);
#5251=ORIENTED_EDGE('',*,*,#5250,.F.);
#5253=ORIENTED_EDGE('',*,*,#5252,.T.);
#5255=ORIENTED_EDGE('',*,*,#5254,.F.);
#5257=ORIENTED_EDGE('',*,*,#5256,.F.);
#5258=EDGE_LOOP('',(#5251,#5253,#5255,#5257));
#5259=FACE_OUTER_BOUND('',#5258,.F.);
#5261=CARTESIAN_POINT('',(0.E0,2.519685039370E-1,0.E0));
#5262=DIRECTION('',(0.E0,1.E0,0.E0));
#5263=DIRECTION('',(1.E0,0.E0,0.E0));
#5264=AXIS2_PLACEMENT_3D('',#5261,#5262,#5263);
#5265=PLANE('',#5264);
#5267=ORIENTED_EDGE('',*,*,#5266,.F.);
#5269=ORIENTED_EDGE('',*,*,#5268,.T.);
#5271=ORIENTED_EDGE('',*,*,#5270,.F.);
#5273=ORIENTED_EDGE('',*,*,#5272,.F.);
#5274=EDGE_LOOP('',(#5267,#5269,#5271,#5273));
#5275=FACE_OUTER_BOUND('',#5274,.F.);
#5277=CARTESIAN_POINT('',(0.E0,2.519685039370E-1,0.E0));
#5278=DIRECTION('',(0.E0,1.E0,0.E0));
#5279=DIRECTION('',(1.E0,0.E0,0.E0));
#5280=AXIS2_PLACEMENT_3D('',#5277,#5278,#5279);
#5281=PLANE('',#5280);
#5283=ORIENTED_EDGE('',*,*,#5282,.F.);
#5285=ORIENTED_EDGE('',*,*,#5284,.T.);
#5287=ORIENTED_EDGE('',*,*,#5286,.F.);
#5289=ORIENTED_EDGE('',*,*,#5288,.F.);
#5290=EDGE_LOOP('',(#5283,#5285,#5287,#5289));
#5291=FACE_OUTER_BOUND('',#5290,.F.);
#5293=CARTESIAN_POINT('',(0.E0,2.519685039370E-1,0.E0));
#5294=DIRECTION('',(0.E0,1.E0,0.E0));
#5295=DIRECTION('',(1.E0,0.E0,0.E0));
#5296=AXIS2_PLACEMENT_3D('',#5293,#5294,#5295);
#5297=PLANE('',#5296);
#5299=ORIENTED_EDGE('',*,*,#5298,.F.);
#5301=ORIENTED_EDGE('',*,*,#5300,.F.);
#5303=ORIENTED_EDGE('',*,*,#5302,.T.);
#5305=ORIENTED_EDGE('',*,*,#5304,.F.);
#5306=EDGE_LOOP('',(#5299,#5301,#5303,#5305));
#5307=FACE_OUTER_BOUND('',#5306,.F.);
#5309=CARTESIAN_POINT('',(0.E0,2.519685039370E-1,0.E0));
#5310=DIRECTION('',(0.E0,1.E0,0.E0));
#5311=DIRECTION('',(1.E0,0.E0,0.E0));
#5312=AXIS2_PLACEMENT_3D('',#5309,#5310,#5311);
#5313=PLANE('',#5312);
#5315=ORIENTED_EDGE('',*,*,#5314,.F.);
#5317=ORIENTED_EDGE('',*,*,#5316,.F.);
#5319=ORIENTED_EDGE('',*,*,#5318,.T.);
#5321=ORIENTED_EDGE('',*,*,#5320,.F.);
#5322=EDGE_LOOP('',(#5315,#5317,#5319,#5321));
#5323=FACE_OUTER_BOUND('',#5322,.F.);
#5325=CARTESIAN_POINT('',(0.E0,2.519685039370E-1,0.E0));
#5326=DIRECTION('',(0.E0,1.E0,0.E0));
#5327=DIRECTION('',(1.E0,0.E0,0.E0));
#5328=AXIS2_PLACEMENT_3D('',#5325,#5326,#5327);
#5329=PLANE('',#5328);
#5331=ORIENTED_EDGE('',*,*,#5330,.F.);
#5333=ORIENTED_EDGE('',*,*,#5332,.F.);
#5335=ORIENTED_EDGE('',*,*,#5334,.T.);
#5337=ORIENTED_EDGE('',*,*,#5336,.F.);
#5338=EDGE_LOOP('',(#5331,#5333,#5335,#5337));
#5339=FACE_OUTER_BOUND('',#5338,.F.);
#5341=CARTESIAN_POINT('',(0.E0,2.519685039370E-1,0.E0));
#5342=DIRECTION('',(0.E0,1.E0,0.E0));
#5343=DIRECTION('',(1.E0,0.E0,0.E0));
#5344=AXIS2_PLACEMENT_3D('',#5341,#5342,#5343);
#5345=PLANE('',#5344);
#5347=ORIENTED_EDGE('',*,*,#5346,.F.);
#5349=ORIENTED_EDGE('',*,*,#5348,.F.);
#5351=ORIENTED_EDGE('',*,*,#5350,.T.);
#5353=ORIENTED_EDGE('',*,*,#5352,.F.);
#5354=EDGE_LOOP('',(#5347,#5349,#5351,#5353));
#5355=FACE_OUTER_BOUND('',#5354,.F.);
#5357=CARTESIAN_POINT('',(0.E0,2.519685039370E-1,0.E0));
#5358=DIRECTION('',(0.E0,1.E0,0.E0));
#5359=DIRECTION('',(1.E0,0.E0,0.E0));
#5360=AXIS2_PLACEMENT_3D('',#5357,#5358,#5359);
#5361=PLANE('',#5360);
#5363=ORIENTED_EDGE('',*,*,#5362,.F.);
#5365=ORIENTED_EDGE('',*,*,#5364,.F.);
#5367=ORIENTED_EDGE('',*,*,#5366,.T.);
#5369=ORIENTED_EDGE('',*,*,#5368,.F.);
#5370=EDGE_LOOP('',(#5363,#5365,#5367,#5369));
#5371=FACE_OUTER_BOUND('',#5370,.F.);
#5373=CARTESIAN_POINT('',(0.E0,2.519685039370E-1,0.E0));
#5374=DIRECTION('',(0.E0,1.E0,0.E0));
#5375=DIRECTION('',(1.E0,0.E0,0.E0));
#5376=AXIS2_PLACEMENT_3D('',#5373,#5374,#5375);
#5377=PLANE('',#5376);
#5379=ORIENTED_EDGE('',*,*,#5378,.F.);
#5381=ORIENTED_EDGE('',*,*,#5380,.F.);
#5383=ORIENTED_EDGE('',*,*,#5382,.T.);
#5385=ORIENTED_EDGE('',*,*,#5384,.F.);
#5386=EDGE_LOOP('',(#5379,#5381,#5383,#5385));
#5387=FACE_OUTER_BOUND('',#5386,.F.);
#5389=CARTESIAN_POINT('',(0.E0,2.640748031476E-1,0.E0));
#5390=DIRECTION('',(0.E0,1.E0,0.E0));
#5391=DIRECTION('',(0.E0,0.E0,-1.E0));
#5392=AXIS2_PLACEMENT_3D('',#5389,#5390,#5391);
#5393=CONICAL_SURFACE('',#5392,6.646155060580E-1,4.5E1);
#5394=ORIENTED_EDGE('',*,*,#4819,.T.);
#5396=ORIENTED_EDGE('',*,*,#5395,.T.);
#5397=ORIENTED_EDGE('',*,*,#5256,.T.);
#5399=ORIENTED_EDGE('',*,*,#5398,.T.);
#5400=ORIENTED_EDGE('',*,*,#5240,.T.);
#5402=ORIENTED_EDGE('',*,*,#5401,.T.);
#5403=ORIENTED_EDGE('',*,*,#5224,.T.);
#5405=ORIENTED_EDGE('',*,*,#5404,.T.);
#5406=ORIENTED_EDGE('',*,*,#5208,.T.);
#5408=ORIENTED_EDGE('',*,*,#5407,.T.);
#5409=ORIENTED_EDGE('',*,*,#5192,.T.);
#5411=ORIENTED_EDGE('',*,*,#5410,.T.);
#5412=ORIENTED_EDGE('',*,*,#5176,.T.);
#5414=ORIENTED_EDGE('',*,*,#5413,.T.);
#5415=ORIENTED_EDGE('',*,*,#5160,.T.);
#5417=ORIENTED_EDGE('',*,*,#5416,.T.);
#5418=ORIENTED_EDGE('',*,*,#5144,.T.);
#5420=ORIENTED_EDGE('',*,*,#5419,.T.);
#5421=ORIENTED_EDGE('',*,*,#5128,.T.);
#5423=ORIENTED_EDGE('',*,*,#5422,.T.);
#5424=ORIENTED_EDGE('',*,*,#5112,.T.);
#5426=ORIENTED_EDGE('',*,*,#5425,.T.);
#5427=ORIENTED_EDGE('',*,*,#5096,.T.);
#5429=ORIENTED_EDGE('',*,*,#5428,.T.);
#5430=ORIENTED_EDGE('',*,*,#5080,.T.);
#5432=ORIENTED_EDGE('',*,*,#5431,.T.);
#5433=ORIENTED_EDGE('',*,*,#5064,.T.);
#5435=ORIENTED_EDGE('',*,*,#5434,.T.);
#5436=ORIENTED_EDGE('',*,*,#5048,.T.);
#5438=ORIENTED_EDGE('',*,*,#5437,.T.);
#5439=ORIENTED_EDGE('',*,*,#5032,.T.);
#5441=ORIENTED_EDGE('',*,*,#5440,.T.);
#5442=ORIENTED_EDGE('',*,*,#5016,.T.);
#5444=ORIENTED_EDGE('',*,*,#5443,.T.);
#5445=ORIENTED_EDGE('',*,*,#5000,.T.);
#5447=ORIENTED_EDGE('',*,*,#5446,.T.);
#5449=ORIENTED_EDGE('',*,*,#5448,.T.);
#5451=ORIENTED_EDGE('',*,*,#5450,.F.);
#5453=ORIENTED_EDGE('',*,*,#5452,.F.);
#5455=ORIENTED_EDGE('',*,*,#5454,.T.);
#5456=EDGE_LOOP('',(#5394,#5396,#5397,#5399,#5400,#5402,#5403,#5405,#5406,#5408,
#5409,#5411,#5412,#5414,#5415,#5417,#5418,#5420,#5421,#5423,#5424,#5426,#5427,
#5429,#5430,#5432,#5433,#5435,#5436,#5438,#5439,#5441,#5442,#5444,#5445,#5447,
#5449,#5451,#5453,#5455));
#5457=FACE_OUTER_BOUND('',#5456,.F.);
#5459=CARTESIAN_POINT('',(0.E0,2.519685039370E-1,0.E0));
#5460=DIRECTION('',(0.E0,1.E0,0.E0));
#5461=DIRECTION('',(-1.736481776669E-1,0.E0,9.848077530122E-1));
#5462=AXIS2_PLACEMENT_3D('',#5459,#5460,#5461);
#5463=CYLINDRICAL_SURFACE('',#5462,6.525092068474E-1);
#5465=ORIENTED_EDGE('',*,*,#5464,.F.);
#5466=ORIENTED_EDGE('',*,*,#5395,.F.);
#5468=ORIENTED_EDGE('',*,*,#5467,.T.);
#5470=ORIENTED_EDGE('',*,*,#5469,.F.);
#5471=EDGE_LOOP('',(#5465,#5466,#5468,#5470));
#5472=FACE_OUTER_BOUND('',#5471,.F.);
#5474=CARTESIAN_POINT('',(6.304123876363E-1,2.519685039370E-1,
1.228609398537E-1));
#5475=DIRECTION('',(0.E0,1.E0,0.E0));
#5476=DIRECTION('',(-1.736481776669E-1,0.E0,9.848077530122E-1));
#5477=AXIS2_PLACEMENT_3D('',#5474,#5475,#5476);
#5478=CYLINDRICAL_SURFACE('',#5477,1.023622047244E-2);
#5479=ORIENTED_EDGE('',*,*,#5250,.T.);
#5480=ORIENTED_EDGE('',*,*,#5464,.T.);
#5482=ORIENTED_EDGE('',*,*,#5481,.F.);
#5484=ORIENTED_EDGE('',*,*,#5483,.F.);
#5485=EDGE_LOOP('',(#5479,#5480,#5482,#5484));
#5486=FACE_OUTER_BOUND('',#5485,.F.);
#5488=CARTESIAN_POINT('',(0.E0,0.E0,0.E0));
#5489=DIRECTION('',(0.E0,1.E0,0.E0));
#5490=DIRECTION('',(1.E0,0.E0,0.E0));
#5491=AXIS2_PLACEMENT_3D('',#5488,#5489,#5490);
#5492=PLANE('',#5491);
#5494=ORIENTED_EDGE('',*,*,#5493,.F.);
#5496=ORIENTED_EDGE('',*,*,#5495,.T.);
#5498=ORIENTED_EDGE('',*,*,#5497,.F.);
#5500=ORIENTED_EDGE('',*,*,#5499,.T.);
#5501=EDGE_LOOP('',(#5494,#5496,#5498,#5500));
#5502=FACE_OUTER_BOUND('',#5501,.F.);
#5504=CARTESIAN_POINT('',(0.E0,0.E0,0.E0));
#5505=DIRECTION('',(0.E0,1.E0,0.E0));
#5506=DIRECTION('',(1.E0,0.E0,0.E0));
#5507=AXIS2_PLACEMENT_3D('',#5504,#5505,#5506);
#5508=PLANE('',#5507);
#5510=ORIENTED_EDGE('',*,*,#5509,.F.);
#5512=ORIENTED_EDGE('',*,*,#5511,.T.);
#5514=ORIENTED_EDGE('',*,*,#5513,.F.);
#5516=ORIENTED_EDGE('',*,*,#5515,.T.);
#5517=EDGE_LOOP('',(#5510,#5512,#5514,#5516));
#5518=FACE_OUTER_BOUND('',#5517,.F.);
#5520=CARTESIAN_POINT('',(0.E0,0.E0,0.E0));
#5521=DIRECTION('',(0.E0,1.E0,0.E0));
#5522=DIRECTION('',(1.E0,0.E0,0.E0));
#5523=AXIS2_PLACEMENT_3D('',#5520,#5521,#5522);
#5524=PLANE('',#5523);
#5525=ORIENTED_EDGE('',*,*,#4807,.T.);
#5527=ORIENTED_EDGE('',*,*,#5526,.F.);
#5529=ORIENTED_EDGE('',*,*,#5528,.T.);
#5531=ORIENTED_EDGE('',*,*,#5530,.F.);
#5532=EDGE_LOOP('',(#5525,#5527,#5529,#5531));
#5533=FACE_OUTER_BOUND('',#5532,.F.);
#5535=CARTESIAN_POINT('',(0.E0,0.E0,0.E0));
#5536=DIRECTION('',(0.E0,1.E0,0.E0));
#5537=DIRECTION('',(1.E0,0.E0,0.E0));
#5538=AXIS2_PLACEMENT_3D('',#5535,#5536,#5537);
#5539=PLANE('',#5538);
#5541=ORIENTED_EDGE('',*,*,#5540,.T.);
#5543=ORIENTED_EDGE('',*,*,#5542,.F.);
#5545=ORIENTED_EDGE('',*,*,#5544,.T.);
#5547=ORIENTED_EDGE('',*,*,#5546,.F.);
#5548=EDGE_LOOP('',(#5541,#5543,#5545,#5547));
#5549=FACE_OUTER_BOUND('',#5548,.F.);
#5551=CARTESIAN_POINT('',(0.E0,0.E0,0.E0));
#5552=DIRECTION('',(0.E0,1.E0,0.E0));
#5553=DIRECTION('',(1.E0,0.E0,0.E0));
#5554=AXIS2_PLACEMENT_3D('',#5551,#5552,#5553);
#5555=PLANE('',#5554);
#5557=ORIENTED_EDGE('',*,*,#5556,.T.);
#5559=ORIENTED_EDGE('',*,*,#5558,.F.);
#5561=ORIENTED_EDGE('',*,*,#5560,.T.);
#5563=ORIENTED_EDGE('',*,*,#5562,.F.);
#5564=EDGE_LOOP('',(#5557,#5559,#5561,#5563));
#5565=FACE_OUTER_BOUND('',#5564,.F.);
#5567=CARTESIAN_POINT('',(0.E0,0.E0,0.E0));
#5568=DIRECTION('',(0.E0,1.E0,0.E0));
#5569=DIRECTION('',(1.E0,0.E0,0.E0));
#5570=AXIS2_PLACEMENT_3D('',#5567,#5568,#5569);
#5571=PLANE('',#5570);
#5573=ORIENTED_EDGE('',*,*,#5572,.T.);
#5575=ORIENTED_EDGE('',*,*,#5574,.F.);
#5577=ORIENTED_EDGE('',*,*,#5576,.T.);
#5579=ORIENTED_EDGE('',*,*,#5578,.F.);
#5580=EDGE_LOOP('',(#5573,#5575,#5577,#5579));
#5581=FACE_OUTER_BOUND('',#5580,.F.);
#5583=CARTESIAN_POINT('',(0.E0,0.E0,0.E0));
#5584=DIRECTION('',(0.E0,1.E0,0.E0));
#5585=DIRECTION('',(1.E0,0.E0,0.E0));
#5586=AXIS2_PLACEMENT_3D('',#5583,#5584,#5585);
#5587=PLANE('',#5586);
#5589=ORIENTED_EDGE('',*,*,#5588,.T.);
#5591=ORIENTED_EDGE('',*,*,#5590,.F.);
#5593=ORIENTED_EDGE('',*,*,#5592,.T.);
#5595=ORIENTED_EDGE('',*,*,#5594,.F.);
#5596=EDGE_LOOP('',(#5589,#5591,#5593,#5595));
#5597=FACE_OUTER_BOUND('',#5596,.F.);
#5599=CARTESIAN_POINT('',(0.E0,0.E0,0.E0));
#5600=DIRECTION('',(0.E0,1.E0,0.E0));
#5601=DIRECTION('',(1.E0,0.E0,0.E0));
#5602=AXIS2_PLACEMENT_3D('',#5599,#5600,#5601);
#5603=PLANE('',#5602);
#5605=ORIENTED_EDGE('',*,*,#5604,.T.);
#5607=ORIENTED_EDGE('',*,*,#5606,.F.);
#5609=ORIENTED_EDGE('',*,*,#5608,.T.);
#5611=ORIENTED_EDGE('',*,*,#5610,.F.);
#5612=EDGE_LOOP('',(#5605,#5607,#5609,#5611));
#5613=FACE_OUTER_BOUND('',#5612,.F.);
#5615=CARTESIAN_POINT('',(0.E0,0.E0,0.E0));
#5616=DIRECTION('',(0.E0,1.E0,0.E0));
#5617=DIRECTION('',(1.E0,0.E0,0.E0));
#5618=AXIS2_PLACEMENT_3D('',#5615,#5616,#5617);
#5619=PLANE('',#5618);
#5621=ORIENTED_EDGE('',*,*,#5620,.T.);
#5623=ORIENTED_EDGE('',*,*,#5622,.F.);
#5625=ORIENTED_EDGE('',*,*,#5624,.T.);
#5627=ORIENTED_EDGE('',*,*,#5626,.F.);
#5628=EDGE_LOOP('',(#5621,#5623,#5625,#5627));
#5629=FACE_OUTER_BOUND('',#5628,.F.);
#5631=CARTESIAN_POINT('',(0.E0,0.E0,0.E0));
#5632=DIRECTION('',(0.E0,1.E0,0.E0));
#5633=DIRECTION('',(1.E0,0.E0,0.E0));
#5634=AXIS2_PLACEMENT_3D('',#5631,#5632,#5633);
#5635=PLANE('',#5634);
#5637=ORIENTED_EDGE('',*,*,#5636,.T.);
#5639=ORIENTED_EDGE('',*,*,#5638,.F.);
#5641=ORIENTED_EDGE('',*,*,#5640,.T.);
#5643=ORIENTED_EDGE('',*,*,#5642,.F.);
#5644=EDGE_LOOP('',(#5637,#5639,#5641,#5643));
#5645=FACE_OUTER_BOUND('',#5644,.F.);
#5647=CARTESIAN_POINT('',(0.E0,0.E0,0.E0));
#5648=DIRECTION('',(0.E0,1.E0,0.E0));
#5649=DIRECTION('',(1.E0,0.E0,0.E0));
#5650=AXIS2_PLACEMENT_3D('',#5647,#5648,#5649);
#5651=PLANE('',#5650);
#5653=ORIENTED_EDGE('',*,*,#5652,.T.);
#5655=ORIENTED_EDGE('',*,*,#5654,.F.);
#5657=ORIENTED_EDGE('',*,*,#5656,.T.);
#5659=ORIENTED_EDGE('',*,*,#5658,.F.);
#5660=EDGE_LOOP('',(#5653,#5655,#5657,#5659));
#5661=FACE_OUTER_BOUND('',#5660,.F.);
#5663=CARTESIAN_POINT('',(0.E0,0.E0,0.E0));
#5664=DIRECTION('',(0.E0,1.E0,0.E0));
#5665=DIRECTION('',(1.E0,0.E0,0.E0));
#5666=AXIS2_PLACEMENT_3D('',#5663,#5664,#5665);
#5667=PLANE('',#5666);
#5669=ORIENTED_EDGE('',*,*,#5668,.T.);
#5671=ORIENTED_EDGE('',*,*,#5670,.F.);
#5673=ORIENTED_EDGE('',*,*,#5672,.T.);
#5675=ORIENTED_EDGE('',*,*,#5674,.F.);
#5676=EDGE_LOOP('',(#5669,#5671,#5673,#5675));
#5677=FACE_OUTER_BOUND('',#5676,.F.);
#5679=CARTESIAN_POINT('',(0.E0,0.E0,0.E0));
#5680=DIRECTION('',(0.E0,1.E0,0.E0));
#5681=DIRECTION('',(1.E0,0.E0,0.E0));
#5682=AXIS2_PLACEMENT_3D('',#5679,#5680,#5681);
#5683=PLANE('',#5682);
#5685=ORIENTED_EDGE('',*,*,#5684,.T.);
#5687=ORIENTED_EDGE('',*,*,#5686,.F.);
#5689=ORIENTED_EDGE('',*,*,#5688,.T.);
#5691=ORIENTED_EDGE('',*,*,#5690,.F.);
#5692=EDGE_LOOP('',(#5685,#5687,#5689,#5691));
#5693=FACE_OUTER_BOUND('',#5692,.F.);
#5695=CARTESIAN_POINT('',(0.E0,0.E0,0.E0));
#5696=DIRECTION('',(0.E0,1.E0,0.E0));
#5697=DIRECTION('',(1.E0,0.E0,0.E0));
#5698=AXIS2_PLACEMENT_3D('',#5695,#5696,#5697);
#5699=PLANE('',#5698);
#5701=ORIENTED_EDGE('',*,*,#5700,.T.);
#5703=ORIENTED_EDGE('',*,*,#5702,.F.);
#5705=ORIENTED_EDGE('',*,*,#5704,.T.);
#5707=ORIENTED_EDGE('',*,*,#5706,.F.);
#5708=EDGE_LOOP('',(#5701,#5703,#5705,#5707));
#5709=FACE_OUTER_BOUND('',#5708,.F.);
#5711=CARTESIAN_POINT('',(0.E0,0.E0,0.E0));
#5712=DIRECTION('',(0.E0,1.E0,0.E0));
#5713=DIRECTION('',(1.E0,0.E0,0.E0));
#5714=AXIS2_PLACEMENT_3D('',#5711,#5712,#5713);
#5715=PLANE('',#5714);
#5717=ORIENTED_EDGE('',*,*,#5716,.T.);
#5719=ORIENTED_EDGE('',*,*,#5718,.F.);
#5721=ORIENTED_EDGE('',*,*,#5720,.T.);
#5723=ORIENTED_EDGE('',*,*,#5722,.F.);
#5724=EDGE_LOOP('',(#5717,#5719,#5721,#5723));
#5725=FACE_OUTER_BOUND('',#5724,.F.);
#5727=CARTESIAN_POINT('',(0.E0,0.E0,0.E0));
#5728=DIRECTION('',(0.E0,1.E0,0.E0));
#5729=DIRECTION('',(1.E0,0.E0,0.E0));
#5730=AXIS2_PLACEMENT_3D('',#5727,#5728,#5729);
#5731=PLANE('',#5730);
#5733=ORIENTED_EDGE('',*,*,#5732,.T.);
#5735=ORIENTED_EDGE('',*,*,#5734,.F.);
#5737=ORIENTED_EDGE('',*,*,#5736,.T.);
#5739=ORIENTED_EDGE('',*,*,#5738,.F.);
#5740=EDGE_LOOP('',(#5733,#5735,#5737,#5739));
#5741=FACE_OUTER_BOUND('',#5740,.F.);
#5743=CARTESIAN_POINT('',(0.E0,0.E0,0.E0));
#5744=DIRECTION('',(0.E0,1.E0,0.E0));
#5745=DIRECTION('',(1.E0,0.E0,0.E0));
#5746=AXIS2_PLACEMENT_3D('',#5743,#5744,#5745);
#5747=PLANE('',#5746);
#5749=ORIENTED_EDGE('',*,*,#5748,.T.);
#5751=ORIENTED_EDGE('',*,*,#5750,.F.);
#5753=ORIENTED_EDGE('',*,*,#5752,.T.);
#5755=ORIENTED_EDGE('',*,*,#5754,.F.);
#5756=EDGE_LOOP('',(#5749,#5751,#5753,#5755));
#5757=FACE_OUTER_BOUND('',#5756,.F.);
#5759=CARTESIAN_POINT('',(0.E0,0.E0,0.E0));
#5760=DIRECTION('',(0.E0,1.E0,0.E0));
#5761=DIRECTION('',(1.E0,0.E0,0.E0));
#5762=AXIS2_PLACEMENT_3D('',#5759,#5760,#5761);
#5763=PLANE('',#5762);
#5765=ORIENTED_EDGE('',*,*,#5764,.T.);
#5767=ORIENTED_EDGE('',*,*,#5766,.F.);
#5769=ORIENTED_EDGE('',*,*,#5768,.T.);
#5771=ORIENTED_EDGE('',*,*,#5770,.F.);
#5772=EDGE_LOOP('',(#5765,#5767,#5769,#5771));
#5773=FACE_OUTER_BOUND('',#5772,.F.);
#5775=CARTESIAN_POINT('',(0.E0,0.E0,0.E0));
#5776=DIRECTION('',(0.E0,1.E0,0.E0));
#5777=DIRECTION('',(1.E0,0.E0,0.E0));
#5778=AXIS2_PLACEMENT_3D('',#5775,#5776,#5777);
#5779=PLANE('',#5778);
#5781=ORIENTED_EDGE('',*,*,#5780,.T.);
#5783=ORIENTED_EDGE('',*,*,#5782,.F.);
#5785=ORIENTED_EDGE('',*,*,#5784,.T.);
#5787=ORIENTED_EDGE('',*,*,#5786,.F.);
#5788=EDGE_LOOP('',(#5781,#5783,#5785,#5787));
#5789=FACE_OUTER_BOUND('',#5788,.F.);
#5791=CARTESIAN_POINT('',(0.E0,0.E0,0.E0));
#5792=DIRECTION('',(0.E0,1.E0,0.E0));
#5793=DIRECTION('',(1.E0,0.E0,0.E0));
#5794=AXIS2_PLACEMENT_3D('',#5791,#5792,#5793);
#5795=PLANE('',#5794);
#5797=ORIENTED_EDGE('',*,*,#5796,.T.);
#5799=ORIENTED_EDGE('',*,*,#5798,.F.);
#5801=ORIENTED_EDGE('',*,*,#5800,.T.);
#5803=ORIENTED_EDGE('',*,*,#5802,.F.);
#5804=EDGE_LOOP('',(#5797,#5799,#5801,#5803));
#5805=FACE_OUTER_BOUND('',#5804,.F.);
#5807=CARTESIAN_POINT('',(0.E0,0.E0,0.E0));
#5808=DIRECTION('',(0.E0,1.E0,0.E0));
#5809=DIRECTION('',(1.E0,0.E0,0.E0));
#5810=AXIS2_PLACEMENT_3D('',#5807,#5808,#5809);
#5811=PLANE('',#5810);
#5813=ORIENTED_EDGE('',*,*,#5812,.T.);
#5815=ORIENTED_EDGE('',*,*,#5814,.F.);
#5817=ORIENTED_EDGE('',*,*,#5816,.T.);
#5819=ORIENTED_EDGE('',*,*,#5818,.F.);
#5820=EDGE_LOOP('',(#5813,#5815,#5817,#5819));
#5821=FACE_OUTER_BOUND('',#5820,.F.);
#5823=CARTESIAN_POINT('',(0.E0,0.E0,0.E0));
#5824=DIRECTION('',(0.E0,1.E0,0.E0));
#5825=DIRECTION('',(1.E0,0.E0,0.E0));
#5826=AXIS2_PLACEMENT_3D('',#5823,#5824,#5825);
#5827=PLANE('',#5826);
#5829=ORIENTED_EDGE('',*,*,#5828,.T.);
#5831=ORIENTED_EDGE('',*,*,#5830,.F.);
#5833=ORIENTED_EDGE('',*,*,#5832,.T.);
#5835=ORIENTED_EDGE('',*,*,#5834,.F.);
#5836=EDGE_LOOP('',(#5829,#5831,#5833,#5835));
#5837=FACE_OUTER_BOUND('',#5836,.F.);
#5839=CARTESIAN_POINT('',(0.E0,0.E0,0.E0));
#5840=DIRECTION('',(0.E0,1.E0,0.E0));
#5841=DIRECTION('',(1.E0,0.E0,0.E0));
#5842=AXIS2_PLACEMENT_3D('',#5839,#5840,#5841);
#5843=PLANE('',#5842);
#5845=ORIENTED_EDGE('',*,*,#5844,.T.);
#5847=ORIENTED_EDGE('',*,*,#5846,.F.);
#5849=ORIENTED_EDGE('',*,*,#5848,.T.);
#5851=ORIENTED_EDGE('',*,*,#5850,.F.);
#5852=EDGE_LOOP('',(#5845,#5847,#5849,#5851));
#5853=FACE_OUTER_BOUND('',#5852,.F.);
#5855=CARTESIAN_POINT('',(0.E0,0.E0,0.E0));
#5856=DIRECTION('',(0.E0,1.E0,0.E0));
#5857=DIRECTION('',(1.E0,0.E0,0.E0));
#5858=AXIS2_PLACEMENT_3D('',#5855,#5856,#5857);
#5859=PLANE('',#5858);
#5861=ORIENTED_EDGE('',*,*,#5860,.T.);
#5863=ORIENTED_EDGE('',*,*,#5862,.F.);
#5865=ORIENTED_EDGE('',*,*,#5864,.T.);
#5867=ORIENTED_EDGE('',*,*,#5866,.F.);
#5868=EDGE_LOOP('',(#5861,#5863,#5865,#5867));
#5869=FACE_OUTER_BOUND('',#5868,.F.);
#5871=CARTESIAN_POINT('',(0.E0,0.E0,0.E0));
#5872=DIRECTION('',(0.E0,1.E0,0.E0));
#5873=DIRECTION('',(1.E0,0.E0,0.E0));
#5874=AXIS2_PLACEMENT_3D('',#5871,#5872,#5873);
#5875=PLANE('',#5874);
#5877=ORIENTED_EDGE('',*,*,#5876,.T.);
#5879=ORIENTED_EDGE('',*,*,#5878,.F.);
#5881=ORIENTED_EDGE('',*,*,#5880,.T.);
#5883=ORIENTED_EDGE('',*,*,#5882,.F.);
#5884=EDGE_LOOP('',(#5877,#5879,#5881,#5883));
#5885=FACE_OUTER_BOUND('',#5884,.F.);
#5887=CARTESIAN_POINT('',(0.E0,0.E0,0.E0));
#5888=DIRECTION('',(0.E0,1.E0,0.E0));
#5889=DIRECTION('',(1.E0,0.E0,0.E0));
#5890=AXIS2_PLACEMENT_3D('',#5887,#5888,#5889);
#5891=PLANE('',#5890);
#5893=ORIENTED_EDGE('',*,*,#5892,.T.);
#5895=ORIENTED_EDGE('',*,*,#5894,.F.);
#5897=ORIENTED_EDGE('',*,*,#5896,.T.);
#5899=ORIENTED_EDGE('',*,*,#5898,.F.);
#5900=EDGE_LOOP('',(#5893,#5895,#5897,#5899));
#5901=FACE_OUTER_BOUND('',#5900,.F.);
#5903=CARTESIAN_POINT('',(0.E0,0.E0,0.E0));
#5904=DIRECTION('',(0.E0,1.E0,0.E0));
#5905=DIRECTION('',(1.E0,0.E0,0.E0));
#5906=AXIS2_PLACEMENT_3D('',#5903,#5904,#5905);
#5907=PLANE('',#5906);
#5909=ORIENTED_EDGE('',*,*,#5908,.T.);
#5911=ORIENTED_EDGE('',*,*,#5910,.F.);
#5913=ORIENTED_EDGE('',*,*,#5912,.T.);
#5915=ORIENTED_EDGE('',*,*,#5914,.F.);
#5916=EDGE_LOOP('',(#5909,#5911,#5913,#5915));
#5917=FACE_OUTER_BOUND('',#5916,.F.);
#5919=CARTESIAN_POINT('',(0.E0,0.E0,0.E0));
#5920=DIRECTION('',(0.E0,1.E0,0.E0));
#5921=DIRECTION('',(1.E0,0.E0,0.E0));
#5922=AXIS2_PLACEMENT_3D('',#5919,#5920,#5921);
#5923=PLANE('',#5922);
#5924=ORIENTED_EDGE('',*,*,#5481,.T.);
#5926=ORIENTED_EDGE('',*,*,#5925,.F.);
#5928=ORIENTED_EDGE('',*,*,#5927,.T.);
#5930=ORIENTED_EDGE('',*,*,#5929,.F.);
#5931=EDGE_LOOP('',(#5924,#5926,#5928,#5930));
#5932=FACE_OUTER_BOUND('',#5931,.F.);
#5934=CARTESIAN_POINT('',(0.E0,0.E0,0.E0));
#5935=DIRECTION('',(0.E0,1.E0,0.E0));
#5936=DIRECTION('',(1.E0,0.E0,0.E0));
#5937=AXIS2_PLACEMENT_3D('',#5934,#5935,#5936);
#5938=PLANE('',#5937);
#5940=ORIENTED_EDGE('',*,*,#5939,.T.);
#5942=ORIENTED_EDGE('',*,*,#5941,.F.);
#5944=ORIENTED_EDGE('',*,*,#5943,.T.);
#5946=ORIENTED_EDGE('',*,*,#5945,.F.);
#5947=EDGE_LOOP('',(#5940,#5942,#5944,#5946));
#5948=FACE_OUTER_BOUND('',#5947,.F.);
#5950=CARTESIAN_POINT('',(0.E0,0.E0,0.E0));
#5951=DIRECTION('',(0.E0,1.E0,0.E0));
#5952=DIRECTION('',(1.E0,0.E0,0.E0));
#5953=AXIS2_PLACEMENT_3D('',#5950,#5951,#5952);
#5954=PLANE('',#5953);
#5956=ORIENTED_EDGE('',*,*,#5955,.T.);
#5958=ORIENTED_EDGE('',*,*,#5957,.F.);
#5960=ORIENTED_EDGE('',*,*,#5959,.T.);
#5962=ORIENTED_EDGE('',*,*,#5961,.F.);
#5963=EDGE_LOOP('',(#5956,#5958,#5960,#5962));
#5964=FACE_OUTER_BOUND('',#5963,.F.);
#5966=CARTESIAN_POINT('',(0.E0,0.E0,0.E0));
#5967=DIRECTION('',(0.E0,1.E0,0.E0));
#5968=DIRECTION('',(1.E0,0.E0,0.E0));
#5969=AXIS2_PLACEMENT_3D('',#5966,#5967,#5968);
#5970=PLANE('',#5969);
#5972=ORIENTED_EDGE('',*,*,#5971,.F.);
#5974=ORIENTED_EDGE('',*,*,#5973,.T.);
#5976=ORIENTED_EDGE('',*,*,#5975,.F.);
#5978=ORIENTED_EDGE('',*,*,#5977,.T.);
#5979=EDGE_LOOP('',(#5972,#5974,#5976,#5978));
#5980=FACE_OUTER_BOUND('',#5979,.F.);
#5982=CARTESIAN_POINT('',(0.E0,0.E0,0.E0));
#5983=DIRECTION('',(0.E0,1.E0,0.E0));
#5984=DIRECTION('',(1.E0,0.E0,0.E0));
#5985=AXIS2_PLACEMENT_3D('',#5982,#5983,#5984);
#5986=PLANE('',#5985);
#5988=ORIENTED_EDGE('',*,*,#5987,.F.);
#5990=ORIENTED_EDGE('',*,*,#5989,.T.);
#5992=ORIENTED_EDGE('',*,*,#5991,.F.);
#5994=ORIENTED_EDGE('',*,*,#5993,.T.);
#5995=EDGE_LOOP('',(#5988,#5990,#5992,#5994));
#5996=FACE_OUTER_BOUND('',#5995,.F.);
#5998=CARTESIAN_POINT('',(0.E0,0.E0,0.E0));
#5999=DIRECTION('',(0.E0,1.E0,0.E0));
#6000=DIRECTION('',(1.E0,0.E0,0.E0));
#6001=AXIS2_PLACEMENT_3D('',#5998,#5999,#6000);
#6002=PLANE('',#6001);
#6004=ORIENTED_EDGE('',*,*,#6003,.F.);
#6006=ORIENTED_EDGE('',*,*,#6005,.T.);
#6008=ORIENTED_EDGE('',*,*,#6007,.F.);
#6010=ORIENTED_EDGE('',*,*,#6009,.T.);
#6011=EDGE_LOOP('',(#6004,#6006,#6008,#6010));
#6012=FACE_OUTER_BOUND('',#6011,.F.);
#6014=CARTESIAN_POINT('',(0.E0,0.E0,0.E0));
#6015=DIRECTION('',(0.E0,1.E0,0.E0));
#6016=DIRECTION('',(1.E0,0.E0,0.E0));
#6017=AXIS2_PLACEMENT_3D('',#6014,#6015,#6016);
#6018=PLANE('',#6017);
#6020=ORIENTED_EDGE('',*,*,#6019,.F.);
#6022=ORIENTED_EDGE('',*,*,#6021,.T.);
#6024=ORIENTED_EDGE('',*,*,#6023,.F.);
#6026=ORIENTED_EDGE('',*,*,#6025,.T.);
#6027=EDGE_LOOP('',(#6020,#6022,#6024,#6026));
#6028=FACE_OUTER_BOUND('',#6027,.F.);
#6030=CARTESIAN_POINT('',(0.E0,0.E0,0.E0));
#6031=DIRECTION('',(0.E0,1.E0,0.E0));
#6032=DIRECTION('',(1.E0,0.E0,0.E0));
#6033=AXIS2_PLACEMENT_3D('',#6030,#6031,#6032);
#6034=PLANE('',#6033);
#6036=ORIENTED_EDGE('',*,*,#6035,.F.);
#6038=ORIENTED_EDGE('',*,*,#6037,.T.);
#6040=ORIENTED_EDGE('',*,*,#6039,.F.);
#6042=ORIENTED_EDGE('',*,*,#6041,.T.);
#6043=EDGE_LOOP('',(#6036,#6038,#6040,#6042));
#6044=FACE_OUTER_BOUND('',#6043,.F.);
#6046=CARTESIAN_POINT('',(0.E0,0.E0,0.E0));
#6047=DIRECTION('',(0.E0,1.E0,0.E0));
#6048=DIRECTION('',(1.E0,0.E0,0.E0));
#6049=AXIS2_PLACEMENT_3D('',#6046,#6047,#6048);
#6050=PLANE('',#6049);
#6052=ORIENTED_EDGE('',*,*,#6051,.F.);
#6054=ORIENTED_EDGE('',*,*,#6053,.T.);
#6056=ORIENTED_EDGE('',*,*,#6055,.F.);
#6058=ORIENTED_EDGE('',*,*,#6057,.T.);
#6059=EDGE_LOOP('',(#6052,#6054,#6056,#6058));
#6060=FACE_OUTER_BOUND('',#6059,.F.);
#6062=CARTESIAN_POINT('',(0.E0,-1.210629921059E-2,0.E0));
#6063=DIRECTION('',(0.E0,-1.E0,0.E0));
#6064=DIRECTION('',(0.E0,0.E0,-1.E0));
#6065=AXIS2_PLACEMENT_3D('',#6062,#6063,#6064);
#6066=CONICAL_SURFACE('',#6065,6.646155060580E-1,4.5E1);
#6067=ORIENTED_EDGE('',*,*,#5493,.T.);
#6069=ORIENTED_EDGE('',*,*,#6068,.T.);
#6070=ORIENTED_EDGE('',*,*,#5686,.T.);
#6072=ORIENTED_EDGE('',*,*,#6071,.T.);
#6073=ORIENTED_EDGE('',*,*,#5702,.T.);
#6075=ORIENTED_EDGE('',*,*,#6074,.T.);
#6076=ORIENTED_EDGE('',*,*,#5718,.T.);
#6078=ORIENTED_EDGE('',*,*,#6077,.T.);
#6079=ORIENTED_EDGE('',*,*,#5734,.T.);
#6081=ORIENTED_EDGE('',*,*,#6080,.T.);
#6082=ORIENTED_EDGE('',*,*,#5750,.T.);
#6084=ORIENTED_EDGE('',*,*,#6083,.T.);
#6085=ORIENTED_EDGE('',*,*,#5766,.T.);
#6087=ORIENTED_EDGE('',*,*,#6086,.T.);
#6088=ORIENTED_EDGE('',*,*,#5782,.T.);
#6090=ORIENTED_EDGE('',*,*,#6089,.T.);
#6091=ORIENTED_EDGE('',*,*,#5798,.T.);
#6093=ORIENTED_EDGE('',*,*,#6092,.T.);
#6094=ORIENTED_EDGE('',*,*,#5814,.T.);
#6096=ORIENTED_EDGE('',*,*,#6095,.T.);
#6097=ORIENTED_EDGE('',*,*,#5830,.T.);
#6099=ORIENTED_EDGE('',*,*,#6098,.T.);
#6100=ORIENTED_EDGE('',*,*,#5846,.T.);
#6102=ORIENTED_EDGE('',*,*,#6101,.T.);
#6103=ORIENTED_EDGE('',*,*,#5862,.T.);
#6105=ORIENTED_EDGE('',*,*,#6104,.T.);
#6106=ORIENTED_EDGE('',*,*,#5878,.T.);
#6108=ORIENTED_EDGE('',*,*,#6107,.T.);
#6109=ORIENTED_EDGE('',*,*,#5894,.T.);
#6111=ORIENTED_EDGE('',*,*,#6110,.T.);
#6112=ORIENTED_EDGE('',*,*,#5910,.T.);
#6114=ORIENTED_EDGE('',*,*,#6113,.T.);
#6115=ORIENTED_EDGE('',*,*,#5925,.T.);
#6116=ORIENTED_EDGE('',*,*,#5469,.T.);
#6117=ORIENTED_EDGE('',*,*,#5941,.T.);
#6119=ORIENTED_EDGE('',*,*,#6118,.T.);
#6121=ORIENTED_EDGE('',*,*,#6120,.T.);
#6123=ORIENTED_EDGE('',*,*,#6122,.F.);
#6125=ORIENTED_EDGE('',*,*,#6124,.F.);
#6127=ORIENTED_EDGE('',*,*,#6126,.T.);
#6128=EDGE_LOOP('',(#6067,#6069,#6070,#6072,#6073,#6075,#6076,#6078,#6079,#6081,
#6082,#6084,#6085,#6087,#6088,#6090,#6091,#6093,#6094,#6096,#6097,#6099,#6100,
#6102,#6103,#6105,#6106,#6108,#6109,#6111,#6112,#6114,#6115,#6116,#6117,#6119,
#6121,#6123,#6125,#6127));
#6129=FACE_OUTER_BOUND('',#6128,.F.);
#6131=CARTESIAN_POINT('',(0.E0,2.519685039370E-1,0.E0));
#6132=DIRECTION('',(0.E0,1.E0,0.E0));
#6133=DIRECTION('',(-1.736481776669E-1,0.E0,-9.848077530122E-1));
#6134=AXIS2_PLACEMENT_3D('',#6131,#6132,#6133);
#6135=CYLINDRICAL_SURFACE('',#6134,6.525092068474E-1);
#6137=ORIENTED_EDGE('',*,*,#6136,.F.);
#6138=ORIENTED_EDGE('',*,*,#5443,.F.);
#6140=ORIENTED_EDGE('',*,*,#6139,.T.);
#6141=ORIENTED_EDGE('',*,*,#6068,.F.);
#6142=EDGE_LOOP('',(#6137,#6138,#6140,#6141));
#6143=FACE_OUTER_BOUND('',#6142,.F.);
#6145=CARTESIAN_POINT('',(-6.344147849718E-1,2.519685039370E-1,
1.001622166103E-1));
#6146=DIRECTION('',(0.E0,1.E0,0.E0));
#6147=DIRECTION('',(-1.736481776669E-1,0.E0,-9.848077530122E-1));
#6148=AXIS2_PLACEMENT_3D('',#6145,#6146,#6147);
#6149=CYLINDRICAL_SURFACE('',#6148,1.023622047244E-2);
#6150=ORIENTED_EDGE('',*,*,#4994,.T.);
#6151=ORIENTED_EDGE('',*,*,#6136,.T.);
#6152=ORIENTED_EDGE('',*,*,#5499,.F.);
#6154=ORIENTED_EDGE('',*,*,#6153,.F.);
#6155=EDGE_LOOP('',(#6150,#6151,#6152,#6154));
#6156=FACE_OUTER_BOUND('',#6155,.F.);
#6158=CARTESIAN_POINT('',(-6.382601332061E-1,2.519685039370E-1,
5.584052603608E-2));
#6159=DIRECTION('',(0.E0,1.E0,0.E0));
#6160=DIRECTION('',(-1.736481776669E-1,0.E0,-9.848077530122E-1));
#6161=AXIS2_PLACEMENT_3D('',#6158,#6159,#6160);
#6162=CYLINDRICAL_SURFACE('',#6161,3.425196850394E-2);
#6163=ORIENTED_EDGE('',*,*,#5497,.T.);
#6165=ORIENTED_EDGE('',*,*,#6164,.F.);
#6166=ORIENTED_EDGE('',*,*,#4996,.F.);
#6167=ORIENTED_EDGE('',*,*,#6153,.T.);
#6168=EDGE_LOOP('',(#6163,#6165,#6166,#6167));
#6169=FACE_OUTER_BOUND('',#6168,.F.);
#6171=CARTESIAN_POINT('',(-6.421695852512E-1,2.519685039370E-1,
1.152444381862E-2));
#6172=DIRECTION('',(0.E0,1.E0,0.E0));
#6173=DIRECTION('',(-1.736481776669E-1,0.E0,-9.848077530122E-1));
#6174=AXIS2_PLACEMENT_3D('',#6171,#6172,#6173);
#6175=CYLINDRICAL_SURFACE('',#6174,1.023622047244E-2);
#6176=ORIENTED_EDGE('',*,*,#4998,.T.);
#6177=ORIENTED_EDGE('',*,*,#6164,.T.);
#6178=ORIENTED_EDGE('',*,*,#5495,.F.);
#6180=ORIENTED_EDGE('',*,*,#6179,.F.);
#6181=EDGE_LOOP('',(#6176,#6177,#6178,#6180));
#6182=FACE_OUTER_BOUND('',#6181,.F.);
#6184=CARTESIAN_POINT('',(0.E0,2.519685039370E-1,0.E0));
#6185=DIRECTION('',(0.E0,1.E0,0.E0));
#6186=DIRECTION('',(0.E0,0.E0,-1.E0));
#6187=AXIS2_PLACEMENT_3D('',#6184,#6185,#6186);
#6188=CYLINDRICAL_SURFACE('',#6187,6.525092068474E-1);
#6190=ORIENTED_EDGE('',*,*,#6189,.F.);
#6192=ORIENTED_EDGE('',*,*,#6191,.F.);
#6193=ORIENTED_EDGE('',*,*,#5446,.F.);
#6194=ORIENTED_EDGE('',*,*,#6179,.T.);
#6195=ORIENTED_EDGE('',*,*,#6126,.F.);
#6197=ORIENTED_EDGE('',*,*,#6196,.F.);
#6198=EDGE_LOOP('',(#6190,#6192,#6193,#6194,#6195,#6197));
#6199=FACE_OUTER_BOUND('',#6198,.F.);
#6201=CARTESIAN_POINT('',(-6.421695852512E-1,2.519685039370E-1,
-1.152444381862E-2));
#6202=DIRECTION('',(0.E0,1.E0,0.E0));
#6203=DIRECTION('',(0.E0,0.E0,-1.E0));
#6204=AXIS2_PLACEMENT_3D('',#6201,#6202,#6203);
#6205=CYLINDRICAL_SURFACE('',#6204,1.023622047244E-2);
#6206=ORIENTED_EDGE('',*,*,#4837,.T.);
#6207=ORIENTED_EDGE('',*,*,#6189,.T.);
#6208=ORIENTED_EDGE('',*,*,#5668,.F.);
#6210=ORIENTED_EDGE('',*,*,#6209,.F.);
#6211=EDGE_LOOP('',(#6206,#6207,#6208,#6210));
#6212=FACE_OUTER_BOUND('',#6211,.F.);
#6214=CARTESIAN_POINT('',(-6.382601332061E-1,2.519685039370E-1,
-5.584052603608E-2));
#6215=DIRECTION('',(0.E0,1.E0,0.E0));
#6216=DIRECTION('',(0.E0,0.E0,-1.E0));
#6217=AXIS2_PLACEMENT_3D('',#6214,#6215,#6216);
#6218=CYLINDRICAL_SURFACE('',#6217,3.425196850394E-2);
#6219=ORIENTED_EDGE('',*,*,#5674,.T.);
#6221=ORIENTED_EDGE('',*,*,#6220,.F.);
#6222=ORIENTED_EDGE('',*,*,#4839,.F.);
#6223=ORIENTED_EDGE('',*,*,#6209,.T.);
#6224=EDGE_LOOP('',(#6219,#6221,#6222,#6223));
#6225=FACE_OUTER_BOUND('',#6224,.F.);
#6227=CARTESIAN_POINT('',(-6.344147849718E-1,2.519685039370E-1,
-1.001622166103E-1));
#6228=DIRECTION('',(0.E0,1.E0,0.E0));
#6229=DIRECTION('',(0.E0,0.E0,-1.E0));
#6230=AXIS2_PLACEMENT_3D('',#6227,#6228,#6229);
#6231=CYLINDRICAL_SURFACE('',#6230,1.023622047244E-2);
#6232=ORIENTED_EDGE('',*,*,#4841,.T.);
#6233=ORIENTED_EDGE('',*,*,#6220,.T.);
#6234=ORIENTED_EDGE('',*,*,#5672,.F.);
#6236=ORIENTED_EDGE('',*,*,#6235,.F.);
#6237=EDGE_LOOP('',(#6232,#6233,#6234,#6236));
#6238=FACE_OUTER_BOUND('',#6237,.F.);
#6240=CARTESIAN_POINT('',(0.E0,2.519685039370E-1,0.E0));
#6241=DIRECTION('',(0.E0,1.E0,0.E0));
#6242=DIRECTION('',(1.736481776669E-1,0.E0,-9.848077530122E-1));
#6243=AXIS2_PLACEMENT_3D('',#6240,#6241,#6242);
#6244=CYLINDRICAL_SURFACE('',#6243,6.525092068474E-1);
#6246=ORIENTED_EDGE('',*,*,#6245,.F.);
#6248=ORIENTED_EDGE('',*,*,#6247,.F.);
#6249=ORIENTED_EDGE('',*,*,#6235,.T.);
#6251=ORIENTED_EDGE('',*,*,#6250,.F.);
#6252=EDGE_LOOP('',(#6246,#6248,#6249,#6251));
#6253=FACE_OUTER_BOUND('',#6252,.F.);
#6255=CARTESIAN_POINT('',(-6.304123876363E-1,2.519685039370E-1,
-1.228609398537E-1));
#6256=DIRECTION('',(0.E0,1.E0,0.E0));
#6257=DIRECTION('',(1.736481776669E-1,0.E0,-9.848077530122E-1));
#6258=AXIS2_PLACEMENT_3D('',#6255,#6256,#6257);
#6259=CYLINDRICAL_SURFACE('',#6258,1.023622047244E-2);
#6260=ORIENTED_EDGE('',*,*,#4978,.T.);
#6261=ORIENTED_EDGE('',*,*,#6245,.T.);
#6262=ORIENTED_EDGE('',*,*,#5652,.F.);
#6264=ORIENTED_EDGE('',*,*,#6263,.F.);
#6265=EDGE_LOOP('',(#6260,#6261,#6262,#6264));
#6266=FACE_OUTER_BOUND('',#6265,.F.);
#6268=CARTESIAN_POINT('',(-6.188669220339E-1,2.519685039370E-1,
-1.658248919813E-1));
#6269=DIRECTION('',(0.E0,1.E0,0.E0));
#6270=DIRECTION('',(1.736481776669E-1,0.E0,-9.848077530122E-1));
#6271=AXIS2_PLACEMENT_3D('',#6268,#6269,#6270);
#6272=CYLINDRICAL_SURFACE('',#6271,3.425196850394E-2);
#6273=ORIENTED_EDGE('',*,*,#5658,.T.);
#6275=ORIENTED_EDGE('',*,*,#6274,.F.);
#6276=ORIENTED_EDGE('',*,*,#4980,.F.);
#6277=ORIENTED_EDGE('',*,*,#6263,.T.);
#6278=EDGE_LOOP('',(#6273,#6275,#6276,#6277));
#6279=FACE_OUTER_BOUND('',#6278,.F.);
#6281=CARTESIAN_POINT('',(-6.073836124803E-1,2.519685039370E-1,
-2.088054987720E-1));
#6282=DIRECTION('',(0.E0,1.E0,0.E0));
#6283=DIRECTION('',(1.736481776669E-1,0.E0,-9.848077530122E-1));
#6284=AXIS2_PLACEMENT_3D('',#6281,#6282,#6283);
#6285=CYLINDRICAL_SURFACE('',#6284,1.023622047244E-2);
#6286=ORIENTED_EDGE('',*,*,#4982,.T.);
#6287=ORIENTED_EDGE('',*,*,#6274,.T.);
#6288=ORIENTED_EDGE('',*,*,#5656,.F.);
#6290=ORIENTED_EDGE('',*,*,#6289,.F.);
#6291=EDGE_LOOP('',(#6286,#6287,#6288,#6290));
#6292=FACE_OUTER_BOUND('',#6291,.F.);
#6294=CARTESIAN_POINT('',(0.E0,2.519685039370E-1,0.E0));
#6295=DIRECTION('',(0.E0,1.E0,0.E0));
#6296=DIRECTION('',(3.420201433257E-1,0.E0,-9.396926207859E-1));
#6297=AXIS2_PLACEMENT_3D('',#6294,#6295,#6296);
#6298=CYLINDRICAL_SURFACE('',#6297,6.525092068474E-1);
#6300=ORIENTED_EDGE('',*,*,#6299,.F.);
#6302=ORIENTED_EDGE('',*,*,#6301,.F.);
#6303=ORIENTED_EDGE('',*,*,#6289,.T.);
#6305=ORIENTED_EDGE('',*,*,#6304,.F.);
#6306=EDGE_LOOP('',(#6300,#6302,#6303,#6305));
#6307=FACE_OUTER_BOUND('',#6306,.F.);
#6309=CARTESIAN_POINT('',(-5.995004286271E-1,2.519685039370E-1,
-2.304643684020E-1));
#6310=DIRECTION('',(0.E0,1.E0,0.E0));
#6311=DIRECTION('',(3.420201433257E-1,0.E0,-9.396926207859E-1));
#6312=AXIS2_PLACEMENT_3D('',#6309,#6310,#6311);
#6313=CYLINDRICAL_SURFACE('',#6312,1.023622047244E-2);
#6314=ORIENTED_EDGE('',*,*,#4962,.T.);
#6315=ORIENTED_EDGE('',*,*,#6299,.T.);
#6316=ORIENTED_EDGE('',*,*,#5636,.F.);
#6318=ORIENTED_EDGE('',*,*,#6317,.F.);
#6319=EDGE_LOOP('',(#6314,#6315,#6316,#6318));
#6320=FACE_OUTER_BOUND('',#6319,.F.);
#6322=CARTESIAN_POINT('',(-5.806697525974E-1,2.519685039370E-1,
-2.707707524951E-1));
#6323=DIRECTION('',(0.E0,1.E0,0.E0));
#6324=DIRECTION('',(3.420201433257E-1,0.E0,-9.396926207859E-1));
#6325=AXIS2_PLACEMENT_3D('',#6322,#6323,#6324);
#6326=CYLINDRICAL_SURFACE('',#6325,3.425196850394E-2);
#6327=ORIENTED_EDGE('',*,*,#5642,.T.);
#6329=ORIENTED_EDGE('',*,*,#6328,.F.);
#6330=ORIENTED_EDGE('',*,*,#4964,.F.);
#6331=ORIENTED_EDGE('',*,*,#6317,.T.);
#6332=EDGE_LOOP('',(#6327,#6329,#6330,#6331));
#6333=FACE_OUTER_BOUND('',#6332,.F.);
#6335=CARTESIAN_POINT('',(-5.618973962746E-1,2.519685039370E-1,
-3.111043315142E-1));
#6336=DIRECTION('',(0.E0,1.E0,0.E0));
#6337=DIRECTION('',(3.420201433257E-1,0.E0,-9.396926207859E-1));
#6338=AXIS2_PLACEMENT_3D('',#6335,#6336,#6337);
#6339=CYLINDRICAL_SURFACE('',#6338,1.023622047244E-2);
#6340=ORIENTED_EDGE('',*,*,#4966,.T.);
#6341=ORIENTED_EDGE('',*,*,#6328,.T.);
#6342=ORIENTED_EDGE('',*,*,#5640,.F.);
#6344=ORIENTED_EDGE('',*,*,#6343,.F.);
#6345=EDGE_LOOP('',(#6340,#6341,#6342,#6344));
#6346=FACE_OUTER_BOUND('',#6345,.F.);
#6348=CARTESIAN_POINT('',(0.E0,2.519685039370E-1,0.E0));
#6349=DIRECTION('',(0.E0,1.E0,0.E0));
#6350=DIRECTION('',(5.E-1,0.E0,-8.660254037844E-1));
#6351=AXIS2_PLACEMENT_3D('',#6348,#6349,#6350);
#6352=CYLINDRICAL_SURFACE('',#6351,6.525092068474E-1);
#6354=ORIENTED_EDGE('',*,*,#6353,.F.);
#6356=ORIENTED_EDGE('',*,*,#6355,.F.);
#6357=ORIENTED_EDGE('',*,*,#6343,.T.);
#6359=ORIENTED_EDGE('',*,*,#6358,.F.);
#6360=EDGE_LOOP('',(#6354,#6356,#6357,#6359));
#6361=FACE_OUTER_BOUND('',#6360,.F.);
#6363=CARTESIAN_POINT('',(-5.503729524560E-1,2.519685039370E-1,
-3.310652537370E-1));
#6364=DIRECTION('',(0.E0,1.E0,0.E0));
#6365=DIRECTION('',(5.E-1,0.E0,-8.660254037844E-1));
#6366=AXIS2_PLACEMENT_3D('',#6363,#6364,#6365);
#6367=CYLINDRICAL_SURFACE('',#6366,1.023622047244E-2);
#6368=ORIENTED_EDGE('',*,*,#4946,.T.);
#6369=ORIENTED_EDGE('',*,*,#6353,.T.);
#6370=ORIENTED_EDGE('',*,*,#5620,.F.);
#6372=ORIENTED_EDGE('',*,*,#6371,.F.);
#6373=EDGE_LOOP('',(#6368,#6369,#6370,#6372));
#6374=FACE_OUTER_BOUND('',#6373,.F.);
#6376=CARTESIAN_POINT('',(-5.248292265613E-1,2.519685039370E-1,
-3.674893807110E-1));
#6377=DIRECTION('',(0.E0,1.E0,0.E0));
#6378=DIRECTION('',(5.E-1,0.E0,-8.660254037844E-1));
#6379=AXIS2_PLACEMENT_3D('',#6376,#6377,#6378);
#6380=CYLINDRICAL_SURFACE('',#6379,3.425196850394E-2);
#6381=ORIENTED_EDGE('',*,*,#5626,.T.);
#6383=ORIENTED_EDGE('',*,*,#6382,.F.);
#6384=ORIENTED_EDGE('',*,*,#4948,.F.);
#6385=ORIENTED_EDGE('',*,*,#6371,.T.);
#6386=EDGE_LOOP('',(#6381,#6383,#6384,#6385));
#6387=FACE_OUTER_BOUND('',#6386,.F.);
#6389=CARTESIAN_POINT('',(-4.993382120168E-1,2.519685039370E-1,
-4.039504165697E-1));
#6390=DIRECTION('',(0.E0,1.E0,0.E0));
#6391=DIRECTION('',(5.E-1,0.E0,-8.660254037844E-1));
#6392=AXIS2_PLACEMENT_3D('',#6389,#6390,#6391);
#6393=CYLINDRICAL_SURFACE('',#6392,1.023622047244E-2);
#6394=ORIENTED_EDGE('',*,*,#4950,.T.);
#6395=ORIENTED_EDGE('',*,*,#6382,.T.);
#6396=ORIENTED_EDGE('',*,*,#5624,.F.);
#6398=ORIENTED_EDGE('',*,*,#6397,.F.);
#6399=EDGE_LOOP('',(#6394,#6395,#6396,#6398));
#6400=FACE_OUTER_BOUND('',#6399,.F.);
#6402=CARTESIAN_POINT('',(0.E0,2.519685039370E-1,0.E0));
#6403=DIRECTION('',(0.E0,1.E0,0.E0));
#6404=DIRECTION('',(6.427876096865E-1,0.E0,-7.660444431190E-1));
#6405=AXIS2_PLACEMENT_3D('',#6402,#6403,#6404);
#6406=CYLINDRICAL_SURFACE('',#6405,6.525092068474E-1);
#6408=ORIENTED_EDGE('',*,*,#6407,.F.);
#6410=ORIENTED_EDGE('',*,*,#6409,.F.);
#6411=ORIENTED_EDGE('',*,*,#6397,.T.);
#6413=ORIENTED_EDGE('',*,*,#6412,.F.);
#6414=EDGE_LOOP('',(#6408,#6410,#6411,#6413));
#6415=FACE_OUTER_BOUND('',#6414,.F.);
#6417=CARTESIAN_POINT('',(-4.845226726266E-1,2.519685039370E-1,
-4.216068888643E-1));
#6418=DIRECTION('',(0.E0,1.E0,0.E0));
#6419=DIRECTION('',(6.427876096865E-1,0.E0,-7.660444431190E-1));
#6420=AXIS2_PLACEMENT_3D('',#6417,#6418,#6419);
#6421=CYLINDRICAL_SURFACE('',#6420,1.023622047244E-2);
#6422=ORIENTED_EDGE('',*,*,#4930,.T.);
#6423=ORIENTED_EDGE('',*,*,#6407,.T.);
#6424=ORIENTED_EDGE('',*,*,#5604,.F.);
#6426=ORIENTED_EDGE('',*,*,#6425,.F.);
#6427=EDGE_LOOP('',(#6422,#6423,#6424,#6426));
#6428=FACE_OUTER_BOUND('',#6427,.F.);
#6430=CARTESIAN_POINT('',(-4.530420300526E-1,2.519685039370E-1,
-4.530420300526E-1));
#6431=DIRECTION('',(0.E0,1.E0,0.E0));
#6432=DIRECTION('',(6.427876096865E-1,0.E0,-7.660444431190E-1));
#6433=AXIS2_PLACEMENT_3D('',#6430,#6431,#6432);
#6434=CYLINDRICAL_SURFACE('',#6433,3.425196850394E-2);
#6435=ORIENTED_EDGE('',*,*,#5610,.T.);
#6437=ORIENTED_EDGE('',*,*,#6436,.F.);
#6438=ORIENTED_EDGE('',*,*,#4932,.F.);
#6439=ORIENTED_EDGE('',*,*,#6425,.T.);
#6440=EDGE_LOOP('',(#6435,#6437,#6438,#6439));
#6441=FACE_OUTER_BOUND('',#6440,.F.);
#6443=CARTESIAN_POINT('',(-4.216068888643E-1,2.519685039370E-1,
-4.845226726266E-1));
#6444=DIRECTION('',(0.E0,1.E0,0.E0));
#6445=DIRECTION('',(6.427876096865E-1,0.E0,-7.660444431190E-1));
#6446=AXIS2_PLACEMENT_3D('',#6443,#6444,#6445);
#6447=CYLINDRICAL_SURFACE('',#6446,1.023622047244E-2);
#6448=ORIENTED_EDGE('',*,*,#4934,.T.);
#6449=ORIENTED_EDGE('',*,*,#6436,.T.);
#6450=ORIENTED_EDGE('',*,*,#5608,.F.);
#6452=ORIENTED_EDGE('',*,*,#6451,.F.);
#6453=EDGE_LOOP('',(#6448,#6449,#6450,#6452));
#6454=FACE_OUTER_BOUND('',#6453,.F.);
#6456=CARTESIAN_POINT('',(0.E0,2.519685039370E-1,0.E0));
#6457=DIRECTION('',(0.E0,1.E0,0.E0));
#6458=DIRECTION('',(7.660444431190E-1,0.E0,-6.427876096865E-1));
#6459=AXIS2_PLACEMENT_3D('',#6456,#6457,#6458);
#6460=CYLINDRICAL_SURFACE('',#6459,6.525092068474E-1);
#6462=ORIENTED_EDGE('',*,*,#6461,.F.);
#6464=ORIENTED_EDGE('',*,*,#6463,.F.);
#6465=ORIENTED_EDGE('',*,*,#6451,.T.);
#6467=ORIENTED_EDGE('',*,*,#6466,.F.);
#6468=EDGE_LOOP('',(#6462,#6464,#6465,#6467));
#6469=FACE_OUTER_BOUND('',#6468,.F.);
#6471=CARTESIAN_POINT('',(-4.039504165697E-1,2.519685039370E-1,
-4.993382120168E-1));
#6472=DIRECTION('',(0.E0,1.E0,0.E0));
#6473=DIRECTION('',(7.660444431190E-1,0.E0,-6.427876096865E-1));
#6474=AXIS2_PLACEMENT_3D('',#6471,#6472,#6473);
#6475=CYLINDRICAL_SURFACE('',#6474,1.023622047244E-2);
#6476=ORIENTED_EDGE('',*,*,#4914,.T.);
#6477=ORIENTED_EDGE('',*,*,#6461,.T.);
#6478=ORIENTED_EDGE('',*,*,#5588,.F.);
#6480=ORIENTED_EDGE('',*,*,#6479,.F.);
#6481=EDGE_LOOP('',(#6476,#6477,#6478,#6480));
#6482=FACE_OUTER_BOUND('',#6481,.F.);
#6484=CARTESIAN_POINT('',(-3.674893807110E-1,2.519685039370E-1,
-5.248292265613E-1));
#6485=DIRECTION('',(0.E0,1.E0,0.E0));
#6486=DIRECTION('',(7.660444431190E-1,0.E0,-6.427876096865E-1));
#6487=AXIS2_PLACEMENT_3D('',#6484,#6485,#6486);
#6488=CYLINDRICAL_SURFACE('',#6487,3.425196850394E-2);
#6489=ORIENTED_EDGE('',*,*,#5594,.T.);
#6491=ORIENTED_EDGE('',*,*,#6490,.F.);
#6492=ORIENTED_EDGE('',*,*,#4916,.F.);
#6493=ORIENTED_EDGE('',*,*,#6479,.T.);
#6494=EDGE_LOOP('',(#6489,#6491,#6492,#6493));
#6495=FACE_OUTER_BOUND('',#6494,.F.);
#6497=CARTESIAN_POINT('',(-3.310652537370E-1,2.519685039370E-1,
-5.503729524560E-1));
#6498=DIRECTION('',(0.E0,1.E0,0.E0));
#6499=DIRECTION('',(7.660444431190E-1,0.E0,-6.427876096865E-1));
#6500=AXIS2_PLACEMENT_3D('',#6497,#6498,#6499);
#6501=CYLINDRICAL_SURFACE('',#6500,1.023622047244E-2);
#6502=ORIENTED_EDGE('',*,*,#4918,.T.);
#6503=ORIENTED_EDGE('',*,*,#6490,.T.);
#6504=ORIENTED_EDGE('',*,*,#5592,.F.);
#6506=ORIENTED_EDGE('',*,*,#6505,.F.);
#6507=EDGE_LOOP('',(#6502,#6503,#6504,#6506));
#6508=FACE_OUTER_BOUND('',#6507,.F.);
#6510=CARTESIAN_POINT('',(0.E0,2.519685039370E-1,0.E0));
#6511=DIRECTION('',(0.E0,1.E0,0.E0));
#6512=DIRECTION('',(8.660254037844E-1,0.E0,-5.E-1));
#6513=AXIS2_PLACEMENT_3D('',#6510,#6511,#6512);
#6514=CYLINDRICAL_SURFACE('',#6513,6.525092068474E-1);
#6516=ORIENTED_EDGE('',*,*,#6515,.F.);
#6518=ORIENTED_EDGE('',*,*,#6517,.F.);
#6519=ORIENTED_EDGE('',*,*,#6505,.T.);
#6521=ORIENTED_EDGE('',*,*,#6520,.F.);
#6522=EDGE_LOOP('',(#6516,#6518,#6519,#6521));
#6523=FACE_OUTER_BOUND('',#6522,.F.);
#6525=CARTESIAN_POINT('',(-3.111043315142E-1,2.519685039370E-1,
-5.618973962746E-1));
#6526=DIRECTION('',(0.E0,1.E0,0.E0));
#6527=DIRECTION('',(8.660254037844E-1,0.E0,-5.E-1));
#6528=AXIS2_PLACEMENT_3D('',#6525,#6526,#6527);
#6529=CYLINDRICAL_SURFACE('',#6528,1.023622047244E-2);
#6530=ORIENTED_EDGE('',*,*,#4898,.T.);
#6531=ORIENTED_EDGE('',*,*,#6515,.T.);
#6532=ORIENTED_EDGE('',*,*,#5572,.F.);
#6534=ORIENTED_EDGE('',*,*,#6533,.F.);
#6535=EDGE_LOOP('',(#6530,#6531,#6532,#6534));
#6536=FACE_OUTER_BOUND('',#6535,.F.);
#6538=CARTESIAN_POINT('',(-2.707707524951E-1,2.519685039370E-1,
-5.806697525974E-1));
#6539=DIRECTION('',(0.E0,1.E0,0.E0));
#6540=DIRECTION('',(8.660254037844E-1,0.E0,-5.E-1));
#6541=AXIS2_PLACEMENT_3D('',#6538,#6539,#6540);
#6542=CYLINDRICAL_SURFACE('',#6541,3.425196850394E-2);
#6543=ORIENTED_EDGE('',*,*,#5578,.T.);
#6545=ORIENTED_EDGE('',*,*,#6544,.F.);
#6546=ORIENTED_EDGE('',*,*,#4900,.F.);
#6547=ORIENTED_EDGE('',*,*,#6533,.T.);
#6548=EDGE_LOOP('',(#6543,#6545,#6546,#6547));
#6549=FACE_OUTER_BOUND('',#6548,.F.);
#6551=CARTESIAN_POINT('',(-2.304643684020E-1,2.519685039370E-1,
-5.995004286271E-1));
#6552=DIRECTION('',(0.E0,1.E0,0.E0));
#6553=DIRECTION('',(8.660254037844E-1,0.E0,-5.E-1));
#6554=AXIS2_PLACEMENT_3D('',#6551,#6552,#6553);
#6555=CYLINDRICAL_SURFACE('',#6554,1.023622047244E-2);
#6556=ORIENTED_EDGE('',*,*,#4902,.T.);
#6557=ORIENTED_EDGE('',*,*,#6544,.T.);
#6558=ORIENTED_EDGE('',*,*,#5576,.F.);
#6560=ORIENTED_EDGE('',*,*,#6559,.F.);
#6561=EDGE_LOOP('',(#6556,#6557,#6558,#6560));
#6562=FACE_OUTER_BOUND('',#6561,.F.);
#6564=CARTESIAN_POINT('',(0.E0,2.519685039370E-1,0.E0));
#6565=DIRECTION('',(0.E0,1.E0,0.E0));
#6566=DIRECTION('',(9.396926207859E-1,0.E0,-3.420201433257E-1));
#6567=AXIS2_PLACEMENT_3D('',#6564,#6565,#6566);
#6568=CYLINDRICAL_SURFACE('',#6567,6.525092068474E-1);
#6570=ORIENTED_EDGE('',*,*,#6569,.F.);
#6572=ORIENTED_EDGE('',*,*,#6571,.F.);
#6573=ORIENTED_EDGE('',*,*,#6559,.T.);
#6575=ORIENTED_EDGE('',*,*,#6574,.F.);
#6576=EDGE_LOOP('',(#6570,#6572,#6573,#6575));
#6577=FACE_OUTER_BOUND('',#6576,.F.);
#6579=CARTESIAN_POINT('',(-2.088054987720E-1,2.519685039370E-1,
-6.073836124803E-1));
#6580=DIRECTION('',(0.E0,1.E0,0.E0));
#6581=DIRECTION('',(9.396926207859E-1,0.E0,-3.420201433257E-1));
#6582=AXIS2_PLACEMENT_3D('',#6579,#6580,#6581);
#6583=CYLINDRICAL_SURFACE('',#6582,1.023622047244E-2);
#6584=ORIENTED_EDGE('',*,*,#4882,.T.);
#6585=ORIENTED_EDGE('',*,*,#6569,.T.);
#6586=ORIENTED_EDGE('',*,*,#5556,.F.);
#6588=ORIENTED_EDGE('',*,*,#6587,.F.);
#6589=EDGE_LOOP('',(#6584,#6585,#6586,#6588));
#6590=FACE_OUTER_BOUND('',#6589,.F.);
#6592=CARTESIAN_POINT('',(-1.658248919813E-1,2.519685039370E-1,
-6.188669220339E-1));
#6593=DIRECTION('',(0.E0,1.E0,0.E0));
#6594=DIRECTION('',(9.396926207859E-1,0.E0,-3.420201433257E-1));
#6595=AXIS2_PLACEMENT_3D('',#6592,#6593,#6594);
#6596=CYLINDRICAL_SURFACE('',#6595,3.425196850394E-2);
#6597=ORIENTED_EDGE('',*,*,#5562,.T.);
#6599=ORIENTED_EDGE('',*,*,#6598,.F.);
#6600=ORIENTED_EDGE('',*,*,#4884,.F.);
#6601=ORIENTED_EDGE('',*,*,#6587,.T.);
#6602=EDGE_LOOP('',(#6597,#6599,#6600,#6601));
#6603=FACE_OUTER_BOUND('',#6602,.F.);
#6605=CARTESIAN_POINT('',(-1.228609398537E-1,2.519685039370E-1,
-6.304123876363E-1));
#6606=DIRECTION('',(0.E0,1.E0,0.E0));
#6607=DIRECTION('',(9.396926207859E-1,0.E0,-3.420201433257E-1));
#6608=AXIS2_PLACEMENT_3D('',#6605,#6606,#6607);
#6609=CYLINDRICAL_SURFACE('',#6608,1.023622047244E-2);
#6610=ORIENTED_EDGE('',*,*,#4886,.T.);
#6611=ORIENTED_EDGE('',*,*,#6598,.T.);
#6612=ORIENTED_EDGE('',*,*,#5560,.F.);
#6614=ORIENTED_EDGE('',*,*,#6613,.F.);
#6615=EDGE_LOOP('',(#6610,#6611,#6612,#6614));
#6616=FACE_OUTER_BOUND('',#6615,.F.);
#6618=CARTESIAN_POINT('',(0.E0,2.519685039370E-1,0.E0));
#6619=DIRECTION('',(0.E0,1.E0,0.E0));
#6620=DIRECTION('',(9.848077530122E-1,0.E0,-1.736481776669E-1));
#6621=AXIS2_PLACEMENT_3D('',#6618,#6619,#6620);
#6622=CYLINDRICAL_SURFACE('',#6621,6.525092068474E-1);
#6624=ORIENTED_EDGE('',*,*,#6623,.F.);
#6626=ORIENTED_EDGE('',*,*,#6625,.F.);
#6627=ORIENTED_EDGE('',*,*,#6613,.T.);
#6629=ORIENTED_EDGE('',*,*,#6628,.F.);
#6630=EDGE_LOOP('',(#6624,#6626,#6627,#6629));
#6631=FACE_OUTER_BOUND('',#6630,.F.);
#6633=CARTESIAN_POINT('',(-1.001622166103E-1,2.519685039370E-1,
-6.344147849718E-1));
#6634=DIRECTION('',(0.E0,1.E0,0.E0));
#6635=DIRECTION('',(9.848077530122E-1,0.E0,-1.736481776669E-1));
#6636=AXIS2_PLACEMENT_3D('',#6633,#6634,#6635);
#6637=CYLINDRICAL_SURFACE('',#6636,1.023622047244E-2);
#6638=ORIENTED_EDGE('',*,*,#4866,.T.);
#6639=ORIENTED_EDGE('',*,*,#6623,.T.);
#6640=ORIENTED_EDGE('',*,*,#5540,.F.);
#6642=ORIENTED_EDGE('',*,*,#6641,.F.);
#6643=EDGE_LOOP('',(#6638,#6639,#6640,#6642));
#6644=FACE_OUTER_BOUND('',#6643,.F.);
#6646=CARTESIAN_POINT('',(-5.584052603608E-2,2.519685039370E-1,
-6.382601332061E-1));
#6647=DIRECTION('',(0.E0,1.E0,0.E0));
#6648=DIRECTION('',(9.848077530122E-1,0.E0,-1.736481776669E-1));
#6649=AXIS2_PLACEMENT_3D('',#6646,#6647,#6648);
#6650=CYLINDRICAL_SURFACE('',#6649,3.425196850394E-2);
#6651=ORIENTED_EDGE('',*,*,#5546,.T.);
#6653=ORIENTED_EDGE('',*,*,#6652,.F.);
#6654=ORIENTED_EDGE('',*,*,#4868,.F.);
#6655=ORIENTED_EDGE('',*,*,#6641,.T.);
#6656=EDGE_LOOP('',(#6651,#6653,#6654,#6655));
#6657=FACE_OUTER_BOUND('',#6656,.F.);
#6659=CARTESIAN_POINT('',(-1.152444381862E-2,2.519685039370E-1,
-6.421695852512E-1));
#6660=DIRECTION('',(0.E0,1.E0,0.E0));
#6661=DIRECTION('',(9.848077530122E-1,0.E0,-1.736481776669E-1));
#6662=AXIS2_PLACEMENT_3D('',#6659,#6660,#6661);
#6663=CYLINDRICAL_SURFACE('',#6662,1.023622047244E-2);
#6664=ORIENTED_EDGE('',*,*,#4870,.T.);
#6665=ORIENTED_EDGE('',*,*,#6652,.T.);
#6666=ORIENTED_EDGE('',*,*,#5544,.F.);
#6667=ORIENTED_EDGE('',*,*,#4792,.F.);
#6668=EDGE_LOOP('',(#6664,#6665,#6666,#6667));
#6669=FACE_OUTER_BOUND('',#6668,.F.);
#6671=CARTESIAN_POINT('',(0.E0,2.640748031476E-1,0.E0));
#6672=DIRECTION('',(0.E0,1.E0,0.E0));
#6673=DIRECTION('',(0.E0,0.E0,-1.E0));
#6674=AXIS2_PLACEMENT_3D('',#6671,#6672,#6673);
#6675=CONICAL_SURFACE('',#6674,6.646155060580E-1,4.5E1);
#6677=ORIENTED_EDGE('',*,*,#6676,.F.);
#6678=ORIENTED_EDGE('',*,*,#5448,.F.);
#6679=ORIENTED_EDGE('',*,*,#6191,.T.);
#6680=ORIENTED_EDGE('',*,*,#4835,.T.);
#6681=ORIENTED_EDGE('',*,*,#6247,.T.);
#6682=ORIENTED_EDGE('',*,*,#4984,.T.);
#6683=ORIENTED_EDGE('',*,*,#6301,.T.);
#6684=ORIENTED_EDGE('',*,*,#4968,.T.);
#6685=ORIENTED_EDGE('',*,*,#6355,.T.);
#6686=ORIENTED_EDGE('',*,*,#4952,.T.);
#6687=ORIENTED_EDGE('',*,*,#6409,.T.);
#6688=ORIENTED_EDGE('',*,*,#4936,.T.);
#6689=ORIENTED_EDGE('',*,*,#6463,.T.);
#6690=ORIENTED_EDGE('',*,*,#4920,.T.);
#6691=ORIENTED_EDGE('',*,*,#6517,.T.);
#6692=ORIENTED_EDGE('',*,*,#4904,.T.);
#6693=ORIENTED_EDGE('',*,*,#6571,.T.);
#6694=ORIENTED_EDGE('',*,*,#4888,.T.);
#6695=ORIENTED_EDGE('',*,*,#6625,.T.);
#6696=ORIENTED_EDGE('',*,*,#4872,.T.);
#6697=ORIENTED_EDGE('',*,*,#4790,.T.);
#6698=ORIENTED_EDGE('',*,*,#4856,.T.);
#6700=ORIENTED_EDGE('',*,*,#6699,.T.);
#6701=ORIENTED_EDGE('',*,*,#5298,.T.);
#6703=ORIENTED_EDGE('',*,*,#6702,.T.);
#6704=ORIENTED_EDGE('',*,*,#5314,.T.);
#6706=ORIENTED_EDGE('',*,*,#6705,.T.);
#6707=ORIENTED_EDGE('',*,*,#5330,.T.);
#6709=ORIENTED_EDGE('',*,*,#6708,.T.);
#6710=ORIENTED_EDGE('',*,*,#5346,.T.);
#6712=ORIENTED_EDGE('',*,*,#6711,.T.);
#6713=ORIENTED_EDGE('',*,*,#5362,.T.);
#6715=ORIENTED_EDGE('',*,*,#6714,.T.);
#6716=ORIENTED_EDGE('',*,*,#5378,.T.);
#6718=ORIENTED_EDGE('',*,*,#6717,.T.);
#6719=ORIENTED_EDGE('',*,*,#5288,.T.);
#6721=ORIENTED_EDGE('',*,*,#6720,.T.);
#6722=ORIENTED_EDGE('',*,*,#5272,.T.);
#6724=ORIENTED_EDGE('',*,*,#6723,.T.);
#6725=ORIENTED_EDGE('',*,*,#5452,.T.);
#6726=EDGE_LOOP('',(#6677,#6678,#6679,#6680,#6681,#6682,#6683,#6684,#6685,#6686,
#6687,#6688,#6689,#6690,#6691,#6692,#6693,#6694,#6695,#6696,#6697,#6698,#6700,
#6701,#6703,#6704,#6706,#6707,#6709,#6710,#6712,#6713,#6715,#6716,#6718,#6719,
#6721,#6722,#6724,#6725));
#6727=FACE_OUTER_BOUND('',#6726,.F.);
#6729=CARTESIAN_POINT('',(0.E0,2.519685039370E-1,0.E0));
#6730=DIRECTION('',(0.E0,1.E0,0.E0));
#6731=DIRECTION('',(1.E0,0.E0,0.E0));
#6732=AXIS2_PLACEMENT_3D('',#6729,#6730,#6731);
#6733=CYLINDRICAL_SURFACE('',#6732,6.767218052726E-1);
#6734=ORIENTED_EDGE('',*,*,#6676,.T.);
#6736=ORIENTED_EDGE('',*,*,#6735,.T.);
#6738=ORIENTED_EDGE('',*,*,#6737,.T.);
#6740=ORIENTED_EDGE('',*,*,#6739,.F.);
#6741=EDGE_LOOP('',(#6734,#6736,#6738,#6740));
#6742=FACE_OUTER_BOUND('',#6741,.F.);
#6744=CARTESIAN_POINT('',(0.E0,2.519685039370E-1,0.E0));
#6745=DIRECTION('',(0.E0,1.E0,0.E0));
#6746=DIRECTION('',(1.E0,0.E0,0.E0));
#6747=AXIS2_PLACEMENT_3D('',#6744,#6745,#6746);
#6748=CYLINDRICAL_SURFACE('',#6747,6.767218052726E-1);
#6749=ORIENTED_EDGE('',*,*,#5450,.T.);
#6750=ORIENTED_EDGE('',*,*,#6739,.T.);
#6752=ORIENTED_EDGE('',*,*,#6751,.T.);
#6753=ORIENTED_EDGE('',*,*,#6735,.F.);
#6754=EDGE_LOOP('',(#6749,#6750,#6752,#6753));
#6755=FACE_OUTER_BOUND('',#6754,.F.);
#6757=CARTESIAN_POINT('',(0.E0,3.307086614173E-1,0.E0));
#6758=DIRECTION('',(0.E0,1.E0,0.E0));
#6759=DIRECTION('',(1.E0,0.E0,0.E0));
#6760=AXIS2_PLACEMENT_3D('',#6757,#6758,#6759);
#6761=PLANE('',#6760);
#6762=ORIENTED_EDGE('',*,*,#6737,.F.);
#6763=ORIENTED_EDGE('',*,*,#6751,.F.);
#6764=EDGE_LOOP('',(#6762,#6763));
#6765=FACE_OUTER_BOUND('',#6764,.F.);
#6767=ORIENTED_EDGE('',*,*,#6766,.F.);
#6769=ORIENTED_EDGE('',*,*,#6768,.F.);
#6770=EDGE_LOOP('',(#6767,#6769));
#6771=FACE_BOUND('',#6770,.F.);
#6773=CARTESIAN_POINT('',(0.E0,3.110236220472E-1,0.E0));
#6774=DIRECTION('',(0.E0,-1.E0,0.E0));
#6775=DIRECTION('',(-9.998173818645E-1,0.E0,1.911028313917E-2));
#6776=AXIS2_PLACEMENT_3D('',#6773,#6774,#6775);
#6777=TOROIDAL_SURFACE('',#6776,1.771653543307E-1,1.968503937008E-2);
#6778=ORIENTED_EDGE('',*,*,#6766,.T.);
#6780=ORIENTED_EDGE('',*,*,#6779,.T.);
#6782=ORIENTED_EDGE('',*,*,#6781,.F.);
#6784=ORIENTED_EDGE('',*,*,#6783,.F.);
#6785=EDGE_LOOP('',(#6778,#6780,#6782,#6784));
#6786=FACE_OUTER_BOUND('',#6785,.F.);
#6788=CARTESIAN_POINT('',(0.E0,3.110236220472E-1,0.E0));
#6789=DIRECTION('',(0.E0,-1.E0,0.E0));
#6790=DIRECTION('',(9.998173818645E-1,0.E0,-1.911028313917E-2));
#6791=AXIS2_PLACEMENT_3D('',#6788,#6789,#6790);
#6792=TOROIDAL_SURFACE('',#6791,1.771653543307E-1,1.968503937008E-2);
#6793=ORIENTED_EDGE('',*,*,#6768,.T.);
#6794=ORIENTED_EDGE('',*,*,#6783,.T.);
#6796=ORIENTED_EDGE('',*,*,#6795,.F.);
#6797=ORIENTED_EDGE('',*,*,#6779,.F.);
#6798=EDGE_LOOP('',(#6793,#6794,#6796,#6797));
#6799=FACE_OUTER_BOUND('',#6798,.F.);
#6801=CARTESIAN_POINT('',(0.E0,-7.874015748031E-2,0.E0));
#6802=DIRECTION('',(0.E0,-1.E0,0.E0));
#6803=DIRECTION('',(-1.E0,0.E0,0.E0));
#6804=AXIS2_PLACEMENT_3D('',#6801,#6802,#6803);
#6805=CYLINDRICAL_SURFACE('',#6804,1.574803149606E-1);
#6807=ORIENTED_EDGE('',*,*,#6806,.T.);
#6809=ORIENTED_EDGE('',*,*,#6808,.T.);
#6810=ORIENTED_EDGE('',*,*,#6795,.T.);
#6812=ORIENTED_EDGE('',*,*,#6811,.F.);
#6813=EDGE_LOOP('',(#6807,#6809,#6810,#6812));
#6814=FACE_OUTER_BOUND('',#6813,.F.);
#6816=CARTESIAN_POINT('',(0.E0,-5.905511811024E-2,0.E0));
#6817=DIRECTION('',(0.E0,-1.E0,0.E0));
#6818=DIRECTION('',(-9.996314919777E-1,0.E0,-2.714553824318E-2));
#6819=AXIS2_PLACEMENT_3D('',#6816,#6817,#6818);
#6820=TOROIDAL_SURFACE('',#6819,1.771653543307E-1,1.968503937008E-2);
#6822=ORIENTED_EDGE('',*,*,#6821,.T.);
#6824=ORIENTED_EDGE('',*,*,#6823,.T.);
#6825=ORIENTED_EDGE('',*,*,#6806,.F.);
#6827=ORIENTED_EDGE('',*,*,#6826,.F.);
#6828=EDGE_LOOP('',(#6822,#6824,#6825,#6827));
#6829=FACE_OUTER_BOUND('',#6828,.F.);
#6831=CARTESIAN_POINT('',(0.E0,-7.874015748031E-2,0.E0));
#6832=DIRECTION('',(0.E0,1.E0,0.E0));
#6833=DIRECTION('',(1.E0,0.E0,0.E0));
#6834=AXIS2_PLACEMENT_3D('',#6831,#6832,#6833);
#6835=PLANE('',#6834);
#6837=ORIENTED_EDGE('',*,*,#6836,.T.);
#6839=ORIENTED_EDGE('',*,*,#6838,.T.);
#6840=EDGE_LOOP('',(#6837,#6839));
#6841=FACE_OUTER_BOUND('',#6840,.F.);
#6843=ORIENTED_EDGE('',*,*,#6842,.F.);
#6844=ORIENTED_EDGE('',*,*,#6821,.F.);
#6845=EDGE_LOOP('',(#6843,#6844));
#6846=FACE_BOUND('',#6845,.F.);
#6848=CARTESIAN_POINT('',(0.E0,0.E0,0.E0));
#6849=DIRECTION('',(0.E0,1.E0,0.E0));
#6850=DIRECTION('',(1.E0,0.E0,0.E0));
#6851=AXIS2_PLACEMENT_3D('',#6848,#6849,#6850);
#6852=CYLINDRICAL_SURFACE('',#6851,6.767218052726E-1);
#6854=ORIENTED_EDGE('',*,*,#6853,.T.);
#6856=ORIENTED_EDGE('',*,*,#6855,.T.);
#6857=ORIENTED_EDGE('',*,*,#6836,.F.);
#6859=ORIENTED_EDGE('',*,*,#6858,.F.);
#6860=EDGE_LOOP('',(#6854,#6856,#6857,#6859));
#6861=FACE_OUTER_BOUND('',#6860,.F.);
#6863=CARTESIAN_POINT('',(0.E0,-1.210629921059E-2,0.E0));
#6864=DIRECTION('',(0.E0,-1.E0,0.E0));
#6865=DIRECTION('',(0.E0,0.E0,-1.E0));
#6866=AXIS2_PLACEMENT_3D('',#6863,#6864,#6865);
#6867=CONICAL_SURFACE('',#6866,6.646155060580E-1,4.5E1);
#6868=ORIENTED_EDGE('',*,*,#6853,.F.);
#6869=ORIENTED_EDGE('',*,*,#6120,.F.);
#6871=ORIENTED_EDGE('',*,*,#6870,.T.);
#6872=ORIENTED_EDGE('',*,*,#5509,.T.);
#6874=ORIENTED_EDGE('',*,*,#6873,.T.);
#6875=ORIENTED_EDGE('',*,*,#5957,.T.);
#6877=ORIENTED_EDGE('',*,*,#6876,.T.);
#6878=ORIENTED_EDGE('',*,*,#5971,.T.);
#6880=ORIENTED_EDGE('',*,*,#6879,.T.);
#6881=ORIENTED_EDGE('',*,*,#5987,.T.);
#6883=ORIENTED_EDGE('',*,*,#6882,.T.);
#6884=ORIENTED_EDGE('',*,*,#6003,.T.);
#6886=ORIENTED_EDGE('',*,*,#6885,.T.);
#6887=ORIENTED_EDGE('',*,*,#6019,.T.);
#6889=ORIENTED_EDGE('',*,*,#6888,.T.);
#6890=ORIENTED_EDGE('',*,*,#6035,.T.);
#6892=ORIENTED_EDGE('',*,*,#6891,.T.);
#6893=ORIENTED_EDGE('',*,*,#6051,.T.);
#6895=ORIENTED_EDGE('',*,*,#6894,.T.);
#6896=ORIENTED_EDGE('',*,*,#5526,.T.);
#6897=ORIENTED_EDGE('',*,*,#4794,.T.);
#6898=ORIENTED_EDGE('',*,*,#5542,.T.);
#6899=ORIENTED_EDGE('',*,*,#6628,.T.);
#6900=ORIENTED_EDGE('',*,*,#5558,.T.);
#6901=ORIENTED_EDGE('',*,*,#6574,.T.);
#6902=ORIENTED_EDGE('',*,*,#5574,.T.);
#6903=ORIENTED_EDGE('',*,*,#6520,.T.);
#6904=ORIENTED_EDGE('',*,*,#5590,.T.);
#6905=ORIENTED_EDGE('',*,*,#6466,.T.);
#6906=ORIENTED_EDGE('',*,*,#5606,.T.);
#6907=ORIENTED_EDGE('',*,*,#6412,.T.);
#6908=ORIENTED_EDGE('',*,*,#5622,.T.);
#6909=ORIENTED_EDGE('',*,*,#6358,.T.);
#6910=ORIENTED_EDGE('',*,*,#5638,.T.);
#6911=ORIENTED_EDGE('',*,*,#6304,.T.);
#6912=ORIENTED_EDGE('',*,*,#5654,.T.);
#6913=ORIENTED_EDGE('',*,*,#6250,.T.);
#6914=ORIENTED_EDGE('',*,*,#5670,.T.);
#6915=ORIENTED_EDGE('',*,*,#6196,.T.);
#6916=ORIENTED_EDGE('',*,*,#6124,.T.);
#6917=EDGE_LOOP('',(#6868,#6869,#6871,#6872,#6874,#6875,#6877,#6878,#6880,#6881,
#6883,#6884,#6886,#6887,#6889,#6890,#6892,#6893,#6895,#6896,#6897,#6898,#6899,
#6900,#6901,#6902,#6903,#6904,#6905,#6906,#6907,#6908,#6909,#6910,#6911,#6912,
#6913,#6914,#6915,#6916));
#6918=FACE_OUTER_BOUND('',#6917,.F.);
#6920=CARTESIAN_POINT('',(0.E0,2.519685039370E-1,0.E0));
#6921=DIRECTION('',(0.E0,1.E0,0.E0));
#6922=DIRECTION('',(0.E0,0.E0,1.E0));
#6923=AXIS2_PLACEMENT_3D('',#6920,#6921,#6922);
#6924=CYLINDRICAL_SURFACE('',#6923,6.525092068474E-1);
#6926=ORIENTED_EDGE('',*,*,#6925,.F.);
#6927=ORIENTED_EDGE('',*,*,#5454,.F.);
#6928=ORIENTED_EDGE('',*,*,#6723,.F.);
#6930=ORIENTED_EDGE('',*,*,#6929,.T.);
#6931=ORIENTED_EDGE('',*,*,#6870,.F.);
#6932=ORIENTED_EDGE('',*,*,#6118,.F.);
#6933=EDGE_LOOP('',(#6926,#6927,#6928,#6930,#6931,#6932));
#6934=FACE_OUTER_BOUND('',#6933,.F.);
#6936=CARTESIAN_POINT('',(6.421695852512E-1,2.519685039370E-1,
1.152444381862E-2));
#6937=DIRECTION('',(0.E0,1.E0,0.E0));
#6938=DIRECTION('',(0.E0,0.E0,1.E0));
#6939=AXIS2_PLACEMENT_3D('',#6936,#6937,#6938);
#6940=CYLINDRICAL_SURFACE('',#6939,1.023622047244E-2);
#6941=ORIENTED_EDGE('',*,*,#4821,.T.);
#6942=ORIENTED_EDGE('',*,*,#6925,.T.);
#6943=ORIENTED_EDGE('',*,*,#5939,.F.);
#6945=ORIENTED_EDGE('',*,*,#6944,.F.);
#6946=EDGE_LOOP('',(#6941,#6942,#6943,#6945));
#6947=FACE_OUTER_BOUND('',#6946,.F.);
#6949=CARTESIAN_POINT('',(6.382601332061E-1,2.519685039370E-1,
5.584052603608E-2));
#6950=DIRECTION('',(0.E0,1.E0,0.E0));
#6951=DIRECTION('',(0.E0,0.E0,1.E0));
#6952=AXIS2_PLACEMENT_3D('',#6949,#6950,#6951);
#6953=CYLINDRICAL_SURFACE('',#6952,3.425196850394E-2);
#6954=ORIENTED_EDGE('',*,*,#5945,.T.);
#6956=ORIENTED_EDGE('',*,*,#6955,.F.);
#6957=ORIENTED_EDGE('',*,*,#4823,.F.);
#6958=ORIENTED_EDGE('',*,*,#6944,.T.);
#6959=EDGE_LOOP('',(#6954,#6956,#6957,#6958));
#6960=FACE_OUTER_BOUND('',#6959,.F.);
#6962=CARTESIAN_POINT('',(6.344147849718E-1,2.519685039370E-1,
1.001622166103E-1));
#6963=DIRECTION('',(0.E0,1.E0,0.E0));
#6964=DIRECTION('',(0.E0,0.E0,1.E0));
#6965=AXIS2_PLACEMENT_3D('',#6962,#6963,#6964);
#6966=CYLINDRICAL_SURFACE('',#6965,1.023622047244E-2);
#6967=ORIENTED_EDGE('',*,*,#4825,.T.);
#6968=ORIENTED_EDGE('',*,*,#6955,.T.);
#6969=ORIENTED_EDGE('',*,*,#5943,.F.);
#6970=ORIENTED_EDGE('',*,*,#5467,.F.);
#6971=EDGE_LOOP('',(#6967,#6968,#6969,#6970));
#6972=FACE_OUTER_BOUND('',#6971,.F.);
#6974=CARTESIAN_POINT('',(6.421695852512E-1,2.519685039370E-1,
-1.152444381862E-2));
#6975=DIRECTION('',(0.E0,1.E0,0.E0));
#6976=DIRECTION('',(1.736481776669E-1,0.E0,9.848077530122E-1));
#6977=AXIS2_PLACEMENT_3D('',#6974,#6975,#6976);
#6978=CYLINDRICAL_SURFACE('',#6977,1.023622047244E-2);
#6979=ORIENTED_EDGE('',*,*,#5270,.T.);
#6981=ORIENTED_EDGE('',*,*,#6980,.T.);
#6982=ORIENTED_EDGE('',*,*,#5511,.F.);
#6983=ORIENTED_EDGE('',*,*,#6929,.F.);
#6984=EDGE_LOOP('',(#6979,#6981,#6982,#6983));
#6985=FACE_OUTER_BOUND('',#6984,.F.);
#6987=CARTESIAN_POINT('',(6.382601332061E-1,2.519685039370E-1,
-5.584052603608E-2));
#6988=DIRECTION('',(0.E0,1.E0,0.E0));
#6989=DIRECTION('',(1.736481776669E-1,0.E0,9.848077530122E-1));
#6990=AXIS2_PLACEMENT_3D('',#6987,#6988,#6989);
#6991=CYLINDRICAL_SURFACE('',#6990,3.425196850394E-2);
#6992=ORIENTED_EDGE('',*,*,#5513,.T.);
#6993=ORIENTED_EDGE('',*,*,#6980,.F.);
#6994=ORIENTED_EDGE('',*,*,#5268,.F.);
#6996=ORIENTED_EDGE('',*,*,#6995,.T.);
#6997=EDGE_LOOP('',(#6992,#6993,#6994,#6996));
#6998=FACE_OUTER_BOUND('',#6997,.F.);
#7000=CARTESIAN_POINT('',(6.344147849718E-1,2.519685039370E-1,
-1.001622166103E-1));
#7001=DIRECTION('',(0.E0,1.E0,0.E0));
#7002=DIRECTION('',(1.736481776669E-1,0.E0,9.848077530122E-1));
#7003=AXIS2_PLACEMENT_3D('',#7000,#7001,#7002);
#7004=CYLINDRICAL_SURFACE('',#7003,1.023622047244E-2);
#7005=ORIENTED_EDGE('',*,*,#5266,.T.);
#7007=ORIENTED_EDGE('',*,*,#7006,.T.);
#7008=ORIENTED_EDGE('',*,*,#5515,.F.);
#7009=ORIENTED_EDGE('',*,*,#6995,.F.);
#7010=EDGE_LOOP('',(#7005,#7007,#7008,#7009));
#7011=FACE_OUTER_BOUND('',#7010,.F.);
#7013=CARTESIAN_POINT('',(0.E0,2.519685039370E-1,0.E0));
#7014=DIRECTION('',(0.E0,1.E0,0.E0));
#7015=DIRECTION('',(1.736481776669E-1,0.E0,9.848077530122E-1));
#7016=AXIS2_PLACEMENT_3D('',#7013,#7014,#7015);
#7017=CYLINDRICAL_SURFACE('',#7016,6.525092068474E-1);
#7018=ORIENTED_EDGE('',*,*,#7006,.F.);
#7019=ORIENTED_EDGE('',*,*,#6720,.F.);
#7021=ORIENTED_EDGE('',*,*,#7020,.T.);
#7022=ORIENTED_EDGE('',*,*,#6873,.F.);
#7023=EDGE_LOOP('',(#7018,#7019,#7021,#7022));
#7024=FACE_OUTER_BOUND('',#7023,.F.);
#7026=CARTESIAN_POINT('',(6.304123876363E-1,2.519685039370E-1,
-1.228609398537E-1));
#7027=DIRECTION('',(0.E0,1.E0,0.E0));
#7028=DIRECTION('',(3.420201433257E-1,0.E0,9.396926207859E-1));
#7029=AXIS2_PLACEMENT_3D('',#7026,#7027,#7028);
#7030=CYLINDRICAL_SURFACE('',#7029,1.023622047244E-2);
#7031=ORIENTED_EDGE('',*,*,#5286,.T.);
#7033=ORIENTED_EDGE('',*,*,#7032,.T.);
#7034=ORIENTED_EDGE('',*,*,#5959,.F.);
#7035=ORIENTED_EDGE('',*,*,#7020,.F.);
#7036=EDGE_LOOP('',(#7031,#7033,#7034,#7035));
#7037=FACE_OUTER_BOUND('',#7036,.F.);
#7039=CARTESIAN_POINT('',(6.188669220339E-1,2.519685039370E-1,
-1.658248919813E-1));
#7040=DIRECTION('',(0.E0,1.E0,0.E0));
#7041=DIRECTION('',(3.420201433257E-1,0.E0,9.396926207859E-1));
#7042=AXIS2_PLACEMENT_3D('',#7039,#7040,#7041);
#7043=CYLINDRICAL_SURFACE('',#7042,3.425196850394E-2);
#7044=ORIENTED_EDGE('',*,*,#5961,.T.);
#7045=ORIENTED_EDGE('',*,*,#7032,.F.);
#7046=ORIENTED_EDGE('',*,*,#5284,.F.);
#7048=ORIENTED_EDGE('',*,*,#7047,.T.);
#7049=EDGE_LOOP('',(#7044,#7045,#7046,#7048));
#7050=FACE_OUTER_BOUND('',#7049,.F.);
#7052=CARTESIAN_POINT('',(6.073836124803E-1,2.519685039370E-1,
-2.088054987720E-1));
#7053=DIRECTION('',(0.E0,1.E0,0.E0));
#7054=DIRECTION('',(3.420201433257E-1,0.E0,9.396926207859E-1));
#7055=AXIS2_PLACEMENT_3D('',#7052,#7053,#7054);
#7056=CYLINDRICAL_SURFACE('',#7055,1.023622047244E-2);
#7057=ORIENTED_EDGE('',*,*,#5282,.T.);
#7059=ORIENTED_EDGE('',*,*,#7058,.T.);
#7060=ORIENTED_EDGE('',*,*,#5955,.F.);
#7061=ORIENTED_EDGE('',*,*,#7047,.F.);
#7062=EDGE_LOOP('',(#7057,#7059,#7060,#7061));
#7063=FACE_OUTER_BOUND('',#7062,.F.);
#7065=CARTESIAN_POINT('',(0.E0,2.519685039370E-1,0.E0));
#7066=DIRECTION('',(0.E0,1.E0,0.E0));
#7067=DIRECTION('',(3.420201433257E-1,0.E0,9.396926207859E-1));
#7068=AXIS2_PLACEMENT_3D('',#7065,#7066,#7067);
#7069=CYLINDRICAL_SURFACE('',#7068,6.525092068474E-1);
#7070=ORIENTED_EDGE('',*,*,#7058,.F.);
#7071=ORIENTED_EDGE('',*,*,#6717,.F.);
#7073=ORIENTED_EDGE('',*,*,#7072,.T.);
#7074=ORIENTED_EDGE('',*,*,#6876,.F.);
#7075=EDGE_LOOP('',(#7070,#7071,#7073,#7074));
#7076=FACE_OUTER_BOUND('',#7075,.F.);
#7078=CARTESIAN_POINT('',(5.995004286271E-1,2.519685039370E-1,
-2.304643684020E-1));
#7079=DIRECTION('',(0.E0,1.E0,0.E0));
#7080=DIRECTION('',(5.E-1,0.E0,8.660254037844E-1));
#7081=AXIS2_PLACEMENT_3D('',#7078,#7079,#7080);
#7082=CYLINDRICAL_SURFACE('',#7081,1.023622047244E-2);
#7083=ORIENTED_EDGE('',*,*,#5384,.T.);
#7085=ORIENTED_EDGE('',*,*,#7084,.T.);
#7086=ORIENTED_EDGE('',*,*,#5973,.F.);
#7087=ORIENTED_EDGE('',*,*,#7072,.F.);
#7088=EDGE_LOOP('',(#7083,#7085,#7086,#7087));
#7089=FACE_OUTER_BOUND('',#7088,.F.);
#7091=CARTESIAN_POINT('',(5.806697525974E-1,2.519685039370E-1,
-2.707707524951E-1));
#7092=DIRECTION('',(0.E0,1.E0,0.E0));
#7093=DIRECTION('',(5.E-1,0.E0,8.660254037844E-1));
#7094=AXIS2_PLACEMENT_3D('',#7091,#7092,#7093);
#7095=CYLINDRICAL_SURFACE('',#7094,3.425196850394E-2);
#7096=ORIENTED_EDGE('',*,*,#5975,.T.);
#7097=ORIENTED_EDGE('',*,*,#7084,.F.);
#7098=ORIENTED_EDGE('',*,*,#5382,.F.);
#7100=ORIENTED_EDGE('',*,*,#7099,.T.);
#7101=EDGE_LOOP('',(#7096,#7097,#7098,#7100));
#7102=FACE_OUTER_BOUND('',#7101,.F.);
#7104=CARTESIAN_POINT('',(5.618973962746E-1,2.519685039370E-1,
-3.111043315142E-1));
#7105=DIRECTION('',(0.E0,1.E0,0.E0));
#7106=DIRECTION('',(5.E-1,0.E0,8.660254037844E-1));
#7107=AXIS2_PLACEMENT_3D('',#7104,#7105,#7106);
#7108=CYLINDRICAL_SURFACE('',#7107,1.023622047244E-2);
#7109=ORIENTED_EDGE('',*,*,#5380,.T.);
#7111=ORIENTED_EDGE('',*,*,#7110,.T.);
#7112=ORIENTED_EDGE('',*,*,#5977,.F.);
#7113=ORIENTED_EDGE('',*,*,#7099,.F.);
#7114=EDGE_LOOP('',(#7109,#7111,#7112,#7113));
#7115=FACE_OUTER_BOUND('',#7114,.F.);
#7117=CARTESIAN_POINT('',(0.E0,2.519685039370E-1,0.E0));
#7118=DIRECTION('',(0.E0,1.E0,0.E0));
#7119=DIRECTION('',(5.E-1,0.E0,8.660254037844E-1));
#7120=AXIS2_PLACEMENT_3D('',#7117,#7118,#7119);
#7121=CYLINDRICAL_SURFACE('',#7120,6.525092068474E-1);
#7122=ORIENTED_EDGE('',*,*,#7110,.F.);
#7123=ORIENTED_EDGE('',*,*,#6714,.F.);
#7125=ORIENTED_EDGE('',*,*,#7124,.T.);
#7126=ORIENTED_EDGE('',*,*,#6879,.F.);
#7127=EDGE_LOOP('',(#7122,#7123,#7125,#7126));
#7128=FACE_OUTER_BOUND('',#7127,.F.);
#7130=CARTESIAN_POINT('',(5.503729524560E-1,2.519685039370E-1,
-3.310652537370E-1));
#7131=DIRECTION('',(0.E0,1.E0,0.E0));
#7132=DIRECTION('',(6.427876096865E-1,0.E0,7.660444431190E-1));
#7133=AXIS2_PLACEMENT_3D('',#7130,#7131,#7132);
#7134=CYLINDRICAL_SURFACE('',#7133,1.023622047244E-2);
#7135=ORIENTED_EDGE('',*,*,#5368,.T.);
#7137=ORIENTED_EDGE('',*,*,#7136,.T.);
#7138=ORIENTED_EDGE('',*,*,#5989,.F.);
#7139=ORIENTED_EDGE('',*,*,#7124,.F.);
#7140=EDGE_LOOP('',(#7135,#7137,#7138,#7139));
#7141=FACE_OUTER_BOUND('',#7140,.F.);
#7143=CARTESIAN_POINT('',(5.248292265613E-1,2.519685039370E-1,
-3.674893807110E-1));
#7144=DIRECTION('',(0.E0,1.E0,0.E0));
#7145=DIRECTION('',(6.427876096865E-1,0.E0,7.660444431190E-1));
#7146=AXIS2_PLACEMENT_3D('',#7143,#7144,#7145);
#7147=CYLINDRICAL_SURFACE('',#7146,3.425196850394E-2);
#7148=ORIENTED_EDGE('',*,*,#5991,.T.);
#7149=ORIENTED_EDGE('',*,*,#7136,.F.);
#7150=ORIENTED_EDGE('',*,*,#5366,.F.);
#7152=ORIENTED_EDGE('',*,*,#7151,.T.);
#7153=EDGE_LOOP('',(#7148,#7149,#7150,#7152));
#7154=FACE_OUTER_BOUND('',#7153,.F.);
#7156=CARTESIAN_POINT('',(4.993382120168E-1,2.519685039370E-1,
-4.039504165697E-1));
#7157=DIRECTION('',(0.E0,1.E0,0.E0));
#7158=DIRECTION('',(6.427876096865E-1,0.E0,7.660444431190E-1));
#7159=AXIS2_PLACEMENT_3D('',#7156,#7157,#7158);
#7160=CYLINDRICAL_SURFACE('',#7159,1.023622047244E-2);
#7161=ORIENTED_EDGE('',*,*,#5364,.T.);
#7163=ORIENTED_EDGE('',*,*,#7162,.T.);
#7164=ORIENTED_EDGE('',*,*,#5993,.F.);
#7165=ORIENTED_EDGE('',*,*,#7151,.F.);
#7166=EDGE_LOOP('',(#7161,#7163,#7164,#7165));
#7167=FACE_OUTER_BOUND('',#7166,.F.);
#7169=CARTESIAN_POINT('',(0.E0,2.519685039370E-1,0.E0));
#7170=DIRECTION('',(0.E0,1.E0,0.E0));
#7171=DIRECTION('',(6.427876096865E-1,0.E0,7.660444431190E-1));
#7172=AXIS2_PLACEMENT_3D('',#7169,#7170,#7171);
#7173=CYLINDRICAL_SURFACE('',#7172,6.525092068474E-1);
#7174=ORIENTED_EDGE('',*,*,#7162,.F.);
#7175=ORIENTED_EDGE('',*,*,#6711,.F.);
#7177=ORIENTED_EDGE('',*,*,#7176,.T.);
#7178=ORIENTED_EDGE('',*,*,#6882,.F.);
#7179=EDGE_LOOP('',(#7174,#7175,#7177,#7178));
#7180=FACE_OUTER_BOUND('',#7179,.F.);
#7182=CARTESIAN_POINT('',(4.845226726266E-1,2.519685039370E-1,
-4.216068888643E-1));
#7183=DIRECTION('',(0.E0,1.E0,0.E0));
#7184=DIRECTION('',(7.660444431190E-1,0.E0,6.427876096865E-1));
#7185=AXIS2_PLACEMENT_3D('',#7182,#7183,#7184);
#7186=CYLINDRICAL_SURFACE('',#7185,1.023622047244E-2);
#7187=ORIENTED_EDGE('',*,*,#5352,.T.);
#7189=ORIENTED_EDGE('',*,*,#7188,.T.);
#7190=ORIENTED_EDGE('',*,*,#6005,.F.);
#7191=ORIENTED_EDGE('',*,*,#7176,.F.);
#7192=EDGE_LOOP('',(#7187,#7189,#7190,#7191));
#7193=FACE_OUTER_BOUND('',#7192,.F.);
#7195=CARTESIAN_POINT('',(4.530420300526E-1,2.519685039370E-1,
-4.530420300526E-1));
#7196=DIRECTION('',(0.E0,1.E0,0.E0));
#7197=DIRECTION('',(7.660444431190E-1,0.E0,6.427876096865E-1));
#7198=AXIS2_PLACEMENT_3D('',#7195,#7196,#7197);
#7199=CYLINDRICAL_SURFACE('',#7198,3.425196850394E-2);
#7200=ORIENTED_EDGE('',*,*,#6007,.T.);
#7201=ORIENTED_EDGE('',*,*,#7188,.F.);
#7202=ORIENTED_EDGE('',*,*,#5350,.F.);
#7204=ORIENTED_EDGE('',*,*,#7203,.T.);
#7205=EDGE_LOOP('',(#7200,#7201,#7202,#7204));
#7206=FACE_OUTER_BOUND('',#7205,.F.);
#7208=CARTESIAN_POINT('',(4.216068888643E-1,2.519685039370E-1,
-4.845226726266E-1));
#7209=DIRECTION('',(0.E0,1.E0,0.E0));
#7210=DIRECTION('',(7.660444431190E-1,0.E0,6.427876096865E-1));
#7211=AXIS2_PLACEMENT_3D('',#7208,#7209,#7210);
#7212=CYLINDRICAL_SURFACE('',#7211,1.023622047244E-2);
#7213=ORIENTED_EDGE('',*,*,#5348,.T.);
#7215=ORIENTED_EDGE('',*,*,#7214,.T.);
#7216=ORIENTED_EDGE('',*,*,#6009,.F.);
#7217=ORIENTED_EDGE('',*,*,#7203,.F.);
#7218=EDGE_LOOP('',(#7213,#7215,#7216,#7217));
#7219=FACE_OUTER_BOUND('',#7218,.F.);
#7221=CARTESIAN_POINT('',(0.E0,2.519685039370E-1,0.E0));
#7222=DIRECTION('',(0.E0,1.E0,0.E0));
#7223=DIRECTION('',(7.660444431190E-1,0.E0,6.427876096865E-1));
#7224=AXIS2_PLACEMENT_3D('',#7221,#7222,#7223);
#7225=CYLINDRICAL_SURFACE('',#7224,6.525092068474E-1);
#7226=ORIENTED_EDGE('',*,*,#7214,.F.);
#7227=ORIENTED_EDGE('',*,*,#6708,.F.);
#7229=ORIENTED_EDGE('',*,*,#7228,.T.);
#7230=ORIENTED_EDGE('',*,*,#6885,.F.);
#7231=EDGE_LOOP('',(#7226,#7227,#7229,#7230));
#7232=FACE_OUTER_BOUND('',#7231,.F.);
#7234=CARTESIAN_POINT('',(4.039504165697E-1,2.519685039370E-1,
-4.993382120168E-1));
#7235=DIRECTION('',(0.E0,1.E0,0.E0));
#7236=DIRECTION('',(8.660254037844E-1,0.E0,5.E-1));
#7237=AXIS2_PLACEMENT_3D('',#7234,#7235,#7236);
#7238=CYLINDRICAL_SURFACE('',#7237,1.023622047244E-2);
#7239=ORIENTED_EDGE('',*,*,#5336,.T.);
#7241=ORIENTED_EDGE('',*,*,#7240,.T.);
#7242=ORIENTED_EDGE('',*,*,#6021,.F.);
#7243=ORIENTED_EDGE('',*,*,#7228,.F.);
#7244=EDGE_LOOP('',(#7239,#7241,#7242,#7243));
#7245=FACE_OUTER_BOUND('',#7244,.F.);
#7247=CARTESIAN_POINT('',(3.674893807110E-1,2.519685039370E-1,
-5.248292265613E-1));
#7248=DIRECTION('',(0.E0,1.E0,0.E0));
#7249=DIRECTION('',(8.660254037844E-1,0.E0,5.E-1));
#7250=AXIS2_PLACEMENT_3D('',#7247,#7248,#7249);
#7251=CYLINDRICAL_SURFACE('',#7250,3.425196850394E-2);
#7252=ORIENTED_EDGE('',*,*,#6023,.T.);
#7253=ORIENTED_EDGE('',*,*,#7240,.F.);
#7254=ORIENTED_EDGE('',*,*,#5334,.F.);
#7256=ORIENTED_EDGE('',*,*,#7255,.T.);
#7257=EDGE_LOOP('',(#7252,#7253,#7254,#7256));
#7258=FACE_OUTER_BOUND('',#7257,.F.);
#7260=CARTESIAN_POINT('',(3.310652537370E-1,2.519685039370E-1,
-5.503729524560E-1));
#7261=DIRECTION('',(0.E0,1.E0,0.E0));
#7262=DIRECTION('',(8.660254037844E-1,0.E0,5.E-1));
#7263=AXIS2_PLACEMENT_3D('',#7260,#7261,#7262);
#7264=CYLINDRICAL_SURFACE('',#7263,1.023622047244E-2);
#7265=ORIENTED_EDGE('',*,*,#5332,.T.);
#7267=ORIENTED_EDGE('',*,*,#7266,.T.);
#7268=ORIENTED_EDGE('',*,*,#6025,.F.);
#7269=ORIENTED_EDGE('',*,*,#7255,.F.);
#7270=EDGE_LOOP('',(#7265,#7267,#7268,#7269));
#7271=FACE_OUTER_BOUND('',#7270,.F.);
#7273=CARTESIAN_POINT('',(0.E0,2.519685039370E-1,0.E0));
#7274=DIRECTION('',(0.E0,1.E0,0.E0));
#7275=DIRECTION('',(8.660254037844E-1,0.E0,5.E-1));
#7276=AXIS2_PLACEMENT_3D('',#7273,#7274,#7275);
#7277=CYLINDRICAL_SURFACE('',#7276,6.525092068474E-1);
#7278=ORIENTED_EDGE('',*,*,#7266,.F.);
#7279=ORIENTED_EDGE('',*,*,#6705,.F.);
#7281=ORIENTED_EDGE('',*,*,#7280,.T.);
#7282=ORIENTED_EDGE('',*,*,#6888,.F.);
#7283=EDGE_LOOP('',(#7278,#7279,#7281,#7282));
#7284=FACE_OUTER_BOUND('',#7283,.F.);
#7286=CARTESIAN_POINT('',(3.111043315142E-1,2.519685039370E-1,
-5.618973962746E-1));
#7287=DIRECTION('',(0.E0,1.E0,0.E0));
#7288=DIRECTION('',(9.396926207859E-1,0.E0,3.420201433257E-1));
#7289=AXIS2_PLACEMENT_3D('',#7286,#7287,#7288);
#7290=CYLINDRICAL_SURFACE('',#7289,1.023622047244E-2);
#7291=ORIENTED_EDGE('',*,*,#5320,.T.);
#7293=ORIENTED_EDGE('',*,*,#7292,.T.);
#7294=ORIENTED_EDGE('',*,*,#6037,.F.);
#7295=ORIENTED_EDGE('',*,*,#7280,.F.);
#7296=EDGE_LOOP('',(#7291,#7293,#7294,#7295));
#7297=FACE_OUTER_BOUND('',#7296,.F.);
#7299=CARTESIAN_POINT('',(2.707707524951E-1,2.519685039370E-1,
-5.806697525974E-1));
#7300=DIRECTION('',(0.E0,1.E0,0.E0));
#7301=DIRECTION('',(9.396926207859E-1,0.E0,3.420201433257E-1));
#7302=AXIS2_PLACEMENT_3D('',#7299,#7300,#7301);
#7303=CYLINDRICAL_SURFACE('',#7302,3.425196850394E-2);
#7304=ORIENTED_EDGE('',*,*,#6039,.T.);
#7305=ORIENTED_EDGE('',*,*,#7292,.F.);
#7306=ORIENTED_EDGE('',*,*,#5318,.F.);
#7308=ORIENTED_EDGE('',*,*,#7307,.T.);
#7309=EDGE_LOOP('',(#7304,#7305,#7306,#7308));
#7310=FACE_OUTER_BOUND('',#7309,.F.);
#7312=CARTESIAN_POINT('',(2.304643684020E-1,2.519685039370E-1,
-5.995004286271E-1));
#7313=DIRECTION('',(0.E0,1.E0,0.E0));
#7314=DIRECTION('',(9.396926207859E-1,0.E0,3.420201433257E-1));
#7315=AXIS2_PLACEMENT_3D('',#7312,#7313,#7314);
#7316=CYLINDRICAL_SURFACE('',#7315,1.023622047244E-2);
#7317=ORIENTED_EDGE('',*,*,#5316,.T.);
#7319=ORIENTED_EDGE('',*,*,#7318,.T.);
#7320=ORIENTED_EDGE('',*,*,#6041,.F.);
#7321=ORIENTED_EDGE('',*,*,#7307,.F.);
#7322=EDGE_LOOP('',(#7317,#7319,#7320,#7321));
#7323=FACE_OUTER_BOUND('',#7322,.F.);
#7325=CARTESIAN_POINT('',(0.E0,2.519685039370E-1,0.E0));
#7326=DIRECTION('',(0.E0,1.E0,0.E0));
#7327=DIRECTION('',(9.396926207859E-1,0.E0,3.420201433257E-1));
#7328=AXIS2_PLACEMENT_3D('',#7325,#7326,#7327);
#7329=CYLINDRICAL_SURFACE('',#7328,6.525092068474E-1);
#7330=ORIENTED_EDGE('',*,*,#7318,.F.);
#7331=ORIENTED_EDGE('',*,*,#6702,.F.);
#7333=ORIENTED_EDGE('',*,*,#7332,.T.);
#7334=ORIENTED_EDGE('',*,*,#6891,.F.);
#7335=EDGE_LOOP('',(#7330,#7331,#7333,#7334));
#7336=FACE_OUTER_BOUND('',#7335,.F.);
#7338=CARTESIAN_POINT('',(2.088054987720E-1,2.519685039370E-1,
-6.073836124803E-1));
#7339=DIRECTION('',(0.E0,1.E0,0.E0));
#7340=DIRECTION('',(9.848077530122E-1,0.E0,1.736481776669E-1));
#7341=AXIS2_PLACEMENT_3D('',#7338,#7339,#7340);
#7342=CYLINDRICAL_SURFACE('',#7341,1.023622047244E-2);
#7343=ORIENTED_EDGE('',*,*,#5304,.T.);
#7345=ORIENTED_EDGE('',*,*,#7344,.T.);
#7346=ORIENTED_EDGE('',*,*,#6053,.F.);
#7347=ORIENTED_EDGE('',*,*,#7332,.F.);
#7348=EDGE_LOOP('',(#7343,#7345,#7346,#7347));
#7349=FACE_OUTER_BOUND('',#7348,.F.);
#7351=CARTESIAN_POINT('',(1.658248919813E-1,2.519685039370E-1,
-6.188669220339E-1));
#7352=DIRECTION('',(0.E0,1.E0,0.E0));
#7353=DIRECTION('',(9.848077530122E-1,0.E0,1.736481776669E-1));
#7354=AXIS2_PLACEMENT_3D('',#7351,#7352,#7353);
#7355=CYLINDRICAL_SURFACE('',#7354,3.425196850394E-2);
#7356=ORIENTED_EDGE('',*,*,#6055,.T.);
#7357=ORIENTED_EDGE('',*,*,#7344,.F.);
#7358=ORIENTED_EDGE('',*,*,#5302,.F.);
#7360=ORIENTED_EDGE('',*,*,#7359,.T.);
#7361=EDGE_LOOP('',(#7356,#7357,#7358,#7360));
#7362=FACE_OUTER_BOUND('',#7361,.F.);
#7364=CARTESIAN_POINT('',(1.228609398537E-1,2.519685039370E-1,
-6.304123876363E-1));
#7365=DIRECTION('',(0.E0,1.E0,0.E0));
#7366=DIRECTION('',(9.848077530122E-1,0.E0,1.736481776669E-1));
#7367=AXIS2_PLACEMENT_3D('',#7364,#7365,#7366);
#7368=CYLINDRICAL_SURFACE('',#7367,1.023622047244E-2);
#7369=ORIENTED_EDGE('',*,*,#5300,.T.);
#7371=ORIENTED_EDGE('',*,*,#7370,.T.);
#7372=ORIENTED_EDGE('',*,*,#6057,.F.);
#7373=ORIENTED_EDGE('',*,*,#7359,.F.);
#7374=EDGE_LOOP('',(#7369,#7371,#7372,#7373));
#7375=FACE_OUTER_BOUND('',#7374,.F.);
#7377=CARTESIAN_POINT('',(0.E0,2.519685039370E-1,0.E0));
#7378=DIRECTION('',(0.E0,1.E0,0.E0));
#7379=DIRECTION('',(1.E0,0.E0,0.E0));
#7380=AXIS2_PLACEMENT_3D('',#7377,#7378,#7379);
#7381=CYLINDRICAL_SURFACE('',#7380,6.525092068474E-1);
#7383=ORIENTED_EDGE('',*,*,#7382,.T.);
#7384=ORIENTED_EDGE('',*,*,#6894,.F.);
#7385=ORIENTED_EDGE('',*,*,#7370,.F.);
#7386=ORIENTED_EDGE('',*,*,#6699,.F.);
#7387=EDGE_LOOP('',(#7383,#7384,#7385,#7386));
#7388=FACE_OUTER_BOUND('',#7387,.F.);
#7390=CARTESIAN_POINT('',(1.001622166103E-1,2.519685039370E-1,
-6.344147849718E-1));
#7391=DIRECTION('',(0.E0,1.E0,0.E0));
#7392=DIRECTION('',(1.E0,0.E0,0.E0));
#7393=AXIS2_PLACEMENT_3D('',#7390,#7391,#7392);
#7394=CYLINDRICAL_SURFACE('',#7393,1.023622047244E-2);
#7395=ORIENTED_EDGE('',*,*,#4854,.T.);
#7397=ORIENTED_EDGE('',*,*,#7396,.T.);
#7398=ORIENTED_EDGE('',*,*,#5528,.F.);
#7399=ORIENTED_EDGE('',*,*,#7382,.F.);
#7400=EDGE_LOOP('',(#7395,#7397,#7398,#7399));
#7401=FACE_OUTER_BOUND('',#7400,.F.);
#7403=CARTESIAN_POINT('',(5.584052603608E-2,2.519685039370E-1,
-6.382601332061E-1));
#7404=DIRECTION('',(0.E0,1.E0,0.E0));
#7405=DIRECTION('',(1.E0,0.E0,0.E0));
#7406=AXIS2_PLACEMENT_3D('',#7403,#7404,#7405);
#7407=CYLINDRICAL_SURFACE('',#7406,3.425196850394E-2);
#7408=ORIENTED_EDGE('',*,*,#5530,.T.);
#7409=ORIENTED_EDGE('',*,*,#7396,.F.);
#7410=ORIENTED_EDGE('',*,*,#4852,.F.);
#7411=ORIENTED_EDGE('',*,*,#4809,.T.);
#7412=EDGE_LOOP('',(#7408,#7409,#7410,#7411));
#7413=FACE_OUTER_BOUND('',#7412,.F.);
#7415=CARTESIAN_POINT('',(0.E0,0.E0,0.E0));
#7416=DIRECTION('',(0.E0,1.E0,0.E0));
#7417=DIRECTION('',(1.E0,0.E0,0.E0));
#7418=AXIS2_PLACEMENT_3D('',#7415,#7416,#7417);
#7419=CYLINDRICAL_SURFACE('',#7418,6.767218052726E-1);
#7420=ORIENTED_EDGE('',*,*,#6122,.T.);
#7421=ORIENTED_EDGE('',*,*,#6858,.T.);
#7422=ORIENTED_EDGE('',*,*,#6838,.F.);
#7423=ORIENTED_EDGE('',*,*,#6855,.F.);
#7424=EDGE_LOOP('',(#7420,#7421,#7422,#7423));
#7425=FACE_OUTER_BOUND('',#7424,.F.);
#7427=CARTESIAN_POINT('',(0.E0,-5.905511811024E-2,0.E0));
#7428=DIRECTION('',(0.E0,-1.E0,0.E0));
#7429=DIRECTION('',(9.996314919777E-1,0.E0,2.714553824318E-2));
#7430=AXIS2_PLACEMENT_3D('',#7427,#7428,#7429);
#7431=TOROIDAL_SURFACE('',#7430,1.771653543307E-1,1.968503937008E-2);
#7432=ORIENTED_EDGE('',*,*,#6842,.T.);
#7433=ORIENTED_EDGE('',*,*,#6826,.T.);
#7435=ORIENTED_EDGE('',*,*,#7434,.F.);
#7436=ORIENTED_EDGE('',*,*,#6823,.F.);
#7437=EDGE_LOOP('',(#7432,#7433,#7435,#7436));
#7438=FACE_OUTER_BOUND('',#7437,.F.);
#7440=CARTESIAN_POINT('',(0.E0,-7.874015748031E-2,0.E0));
#7441=DIRECTION('',(0.E0,-1.E0,0.E0));
#7442=DIRECTION('',(-1.E0,0.E0,0.E0));
#7443=AXIS2_PLACEMENT_3D('',#7440,#7441,#7442);
#7444=CYLINDRICAL_SURFACE('',#7443,1.574803149606E-1);
#7445=ORIENTED_EDGE('',*,*,#7434,.T.);
#7446=ORIENTED_EDGE('',*,*,#6811,.T.);
#7447=ORIENTED_EDGE('',*,*,#6781,.T.);
#7448=ORIENTED_EDGE('',*,*,#6808,.F.);
#7449=EDGE_LOOP('',(#7445,#7446,#7447,#7448));
#7450=FACE_OUTER_BOUND('',#7449,.F.);
#7452=CARTESIAN_POINT('',(-6.304123876363E-1,2.519685039370E-1,
1.228609398537E-1));
#7453=DIRECTION('',(0.E0,1.E0,0.E0));
#7454=DIRECTION('',(-3.420201433257E-1,0.E0,-9.396926207859E-1));
#7455=AXIS2_PLACEMENT_3D('',#7452,#7453,#7454);
#7456=CYLINDRICAL_SURFACE('',#7455,1.023622047244E-2);
#7457=ORIENTED_EDGE('',*,*,#5014,.T.);
#7459=ORIENTED_EDGE('',*,*,#7458,.T.);
#7460=ORIENTED_EDGE('',*,*,#5688,.F.);
#7461=ORIENTED_EDGE('',*,*,#6139,.F.);
#7462=EDGE_LOOP('',(#7457,#7459,#7460,#7461));
#7463=FACE_OUTER_BOUND('',#7462,.F.);
#7465=CARTESIAN_POINT('',(-6.188669220339E-1,2.519685039370E-1,
1.658248919813E-1));
#7466=DIRECTION('',(0.E0,1.E0,0.E0));
#7467=DIRECTION('',(-3.420201433257E-1,0.E0,-9.396926207859E-1));
#7468=AXIS2_PLACEMENT_3D('',#7465,#7466,#7467);
#7469=CYLINDRICAL_SURFACE('',#7468,3.425196850394E-2);
#7470=ORIENTED_EDGE('',*,*,#5690,.T.);
#7471=ORIENTED_EDGE('',*,*,#7458,.F.);
#7472=ORIENTED_EDGE('',*,*,#5012,.F.);
#7474=ORIENTED_EDGE('',*,*,#7473,.T.);
#7475=EDGE_LOOP('',(#7470,#7471,#7472,#7474));
#7476=FACE_OUTER_BOUND('',#7475,.F.);
#7478=CARTESIAN_POINT('',(-6.073836124803E-1,2.519685039370E-1,
2.088054987720E-1));
#7479=DIRECTION('',(0.E0,1.E0,0.E0));
#7480=DIRECTION('',(-3.420201433257E-1,0.E0,-9.396926207859E-1));
#7481=AXIS2_PLACEMENT_3D('',#7478,#7479,#7480);
#7482=CYLINDRICAL_SURFACE('',#7481,1.023622047244E-2);
#7483=ORIENTED_EDGE('',*,*,#5010,.T.);
#7485=ORIENTED_EDGE('',*,*,#7484,.T.);
#7486=ORIENTED_EDGE('',*,*,#5684,.F.);
#7487=ORIENTED_EDGE('',*,*,#7473,.F.);
#7488=EDGE_LOOP('',(#7483,#7485,#7486,#7487));
#7489=FACE_OUTER_BOUND('',#7488,.F.);
#7491=CARTESIAN_POINT('',(0.E0,2.519685039370E-1,0.E0));
#7492=DIRECTION('',(0.E0,1.E0,0.E0));
#7493=DIRECTION('',(-3.420201433257E-1,0.E0,-9.396926207859E-1));
#7494=AXIS2_PLACEMENT_3D('',#7491,#7492,#7493);
#7495=CYLINDRICAL_SURFACE('',#7494,6.525092068474E-1);
#7496=ORIENTED_EDGE('',*,*,#7484,.F.);
#7497=ORIENTED_EDGE('',*,*,#5440,.F.);
#7499=ORIENTED_EDGE('',*,*,#7498,.T.);
#7500=ORIENTED_EDGE('',*,*,#6071,.F.);
#7501=EDGE_LOOP('',(#7496,#7497,#7499,#7500));
#7502=FACE_OUTER_BOUND('',#7501,.F.);
#7504=CARTESIAN_POINT('',(-5.995004286271E-1,2.519685039370E-1,
2.304643684020E-1));
#7505=DIRECTION('',(0.E0,1.E0,0.E0));
#7506=DIRECTION('',(-5.E-1,0.E0,-8.660254037844E-1));
#7507=AXIS2_PLACEMENT_3D('',#7504,#7505,#7506);
#7508=CYLINDRICAL_SURFACE('',#7507,1.023622047244E-2);
#7509=ORIENTED_EDGE('',*,*,#5030,.T.);
#7511=ORIENTED_EDGE('',*,*,#7510,.T.);
#7512=ORIENTED_EDGE('',*,*,#5704,.F.);
#7513=ORIENTED_EDGE('',*,*,#7498,.F.);
#7514=EDGE_LOOP('',(#7509,#7511,#7512,#7513));
#7515=FACE_OUTER_BOUND('',#7514,.F.);
#7517=CARTESIAN_POINT('',(-5.806697525974E-1,2.519685039370E-1,
2.707707524951E-1));
#7518=DIRECTION('',(0.E0,1.E0,0.E0));
#7519=DIRECTION('',(-5.E-1,0.E0,-8.660254037844E-1));
#7520=AXIS2_PLACEMENT_3D('',#7517,#7518,#7519);
#7521=CYLINDRICAL_SURFACE('',#7520,3.425196850394E-2);
#7522=ORIENTED_EDGE('',*,*,#5706,.T.);
#7523=ORIENTED_EDGE('',*,*,#7510,.F.);
#7524=ORIENTED_EDGE('',*,*,#5028,.F.);
#7526=ORIENTED_EDGE('',*,*,#7525,.T.);
#7527=EDGE_LOOP('',(#7522,#7523,#7524,#7526));
#7528=FACE_OUTER_BOUND('',#7527,.F.);
#7530=CARTESIAN_POINT('',(-5.618973962746E-1,2.519685039370E-1,
3.111043315142E-1));
#7531=DIRECTION('',(0.E0,1.E0,0.E0));
#7532=DIRECTION('',(-5.E-1,0.E0,-8.660254037844E-1));
#7533=AXIS2_PLACEMENT_3D('',#7530,#7531,#7532);
#7534=CYLINDRICAL_SURFACE('',#7533,1.023622047244E-2);
#7535=ORIENTED_EDGE('',*,*,#5026,.T.);
#7537=ORIENTED_EDGE('',*,*,#7536,.T.);
#7538=ORIENTED_EDGE('',*,*,#5700,.F.);
#7539=ORIENTED_EDGE('',*,*,#7525,.F.);
#7540=EDGE_LOOP('',(#7535,#7537,#7538,#7539));
#7541=FACE_OUTER_BOUND('',#7540,.F.);
#7543=CARTESIAN_POINT('',(0.E0,2.519685039370E-1,0.E0));
#7544=DIRECTION('',(0.E0,1.E0,0.E0));
#7545=DIRECTION('',(-5.E-1,0.E0,-8.660254037844E-1));
#7546=AXIS2_PLACEMENT_3D('',#7543,#7544,#7545);
#7547=CYLINDRICAL_SURFACE('',#7546,6.525092068474E-1);
#7548=ORIENTED_EDGE('',*,*,#7536,.F.);
#7549=ORIENTED_EDGE('',*,*,#5437,.F.);
#7551=ORIENTED_EDGE('',*,*,#7550,.T.);
#7552=ORIENTED_EDGE('',*,*,#6074,.F.);
#7553=EDGE_LOOP('',(#7548,#7549,#7551,#7552));
#7554=FACE_OUTER_BOUND('',#7553,.F.);
#7556=CARTESIAN_POINT('',(-5.503729524560E-1,2.519685039370E-1,
3.310652537370E-1));
#7557=DIRECTION('',(0.E0,1.E0,0.E0));
#7558=DIRECTION('',(-6.427876096865E-1,0.E0,-7.660444431190E-1));
#7559=AXIS2_PLACEMENT_3D('',#7556,#7557,#7558);
#7560=CYLINDRICAL_SURFACE('',#7559,1.023622047244E-2);
#7561=ORIENTED_EDGE('',*,*,#5046,.T.);
#7563=ORIENTED_EDGE('',*,*,#7562,.T.);
#7564=ORIENTED_EDGE('',*,*,#5720,.F.);
#7565=ORIENTED_EDGE('',*,*,#7550,.F.);
#7566=EDGE_LOOP('',(#7561,#7563,#7564,#7565));
#7567=FACE_OUTER_BOUND('',#7566,.F.);
#7569=CARTESIAN_POINT('',(-5.248292265613E-1,2.519685039370E-1,
3.674893807110E-1));
#7570=DIRECTION('',(0.E0,1.E0,0.E0));
#7571=DIRECTION('',(-6.427876096865E-1,0.E0,-7.660444431190E-1));
#7572=AXIS2_PLACEMENT_3D('',#7569,#7570,#7571);
#7573=CYLINDRICAL_SURFACE('',#7572,3.425196850394E-2);
#7574=ORIENTED_EDGE('',*,*,#5722,.T.);
#7575=ORIENTED_EDGE('',*,*,#7562,.F.);
#7576=ORIENTED_EDGE('',*,*,#5044,.F.);
#7578=ORIENTED_EDGE('',*,*,#7577,.T.);
#7579=EDGE_LOOP('',(#7574,#7575,#7576,#7578));
#7580=FACE_OUTER_BOUND('',#7579,.F.);
#7582=CARTESIAN_POINT('',(-4.993382120168E-1,2.519685039370E-1,
4.039504165697E-1));
#7583=DIRECTION('',(0.E0,1.E0,0.E0));
#7584=DIRECTION('',(-6.427876096865E-1,0.E0,-7.660444431190E-1));
#7585=AXIS2_PLACEMENT_3D('',#7582,#7583,#7584);
#7586=CYLINDRICAL_SURFACE('',#7585,1.023622047244E-2);
#7587=ORIENTED_EDGE('',*,*,#5042,.T.);
#7589=ORIENTED_EDGE('',*,*,#7588,.T.);
#7590=ORIENTED_EDGE('',*,*,#5716,.F.);
#7591=ORIENTED_EDGE('',*,*,#7577,.F.);
#7592=EDGE_LOOP('',(#7587,#7589,#7590,#7591));
#7593=FACE_OUTER_BOUND('',#7592,.F.);
#7595=CARTESIAN_POINT('',(0.E0,2.519685039370E-1,0.E0));
#7596=DIRECTION('',(0.E0,1.E0,0.E0));
#7597=DIRECTION('',(-6.427876096865E-1,0.E0,-7.660444431190E-1));
#7598=AXIS2_PLACEMENT_3D('',#7595,#7596,#7597);
#7599=CYLINDRICAL_SURFACE('',#7598,6.525092068474E-1);
#7600=ORIENTED_EDGE('',*,*,#7588,.F.);
#7601=ORIENTED_EDGE('',*,*,#5434,.F.);
#7603=ORIENTED_EDGE('',*,*,#7602,.T.);
#7604=ORIENTED_EDGE('',*,*,#6077,.F.);
#7605=EDGE_LOOP('',(#7600,#7601,#7603,#7604));
#7606=FACE_OUTER_BOUND('',#7605,.F.);
#7608=CARTESIAN_POINT('',(-4.845226726266E-1,2.519685039370E-1,
4.216068888643E-1));
#7609=DIRECTION('',(0.E0,1.E0,0.E0));
#7610=DIRECTION('',(-7.660444431190E-1,0.E0,-6.427876096865E-1));
#7611=AXIS2_PLACEMENT_3D('',#7608,#7609,#7610);
#7612=CYLINDRICAL_SURFACE('',#7611,1.023622047244E-2);
#7613=ORIENTED_EDGE('',*,*,#5062,.T.);
#7615=ORIENTED_EDGE('',*,*,#7614,.T.);
#7616=ORIENTED_EDGE('',*,*,#5736,.F.);
#7617=ORIENTED_EDGE('',*,*,#7602,.F.);
#7618=EDGE_LOOP('',(#7613,#7615,#7616,#7617));
#7619=FACE_OUTER_BOUND('',#7618,.F.);
#7621=CARTESIAN_POINT('',(-4.530420300526E-1,2.519685039370E-1,
4.530420300526E-1));
#7622=DIRECTION('',(0.E0,1.E0,0.E0));
#7623=DIRECTION('',(-7.660444431190E-1,0.E0,-6.427876096865E-1));
#7624=AXIS2_PLACEMENT_3D('',#7621,#7622,#7623);
#7625=CYLINDRICAL_SURFACE('',#7624,3.425196850394E-2);
#7626=ORIENTED_EDGE('',*,*,#5738,.T.);
#7627=ORIENTED_EDGE('',*,*,#7614,.F.);
#7628=ORIENTED_EDGE('',*,*,#5060,.F.);
#7630=ORIENTED_EDGE('',*,*,#7629,.T.);
#7631=EDGE_LOOP('',(#7626,#7627,#7628,#7630));
#7632=FACE_OUTER_BOUND('',#7631,.F.);
#7634=CARTESIAN_POINT('',(-4.216068888643E-1,2.519685039370E-1,
4.845226726266E-1));
#7635=DIRECTION('',(0.E0,1.E0,0.E0));
#7636=DIRECTION('',(-7.660444431190E-1,0.E0,-6.427876096865E-1));
#7637=AXIS2_PLACEMENT_3D('',#7634,#7635,#7636);
#7638=CYLINDRICAL_SURFACE('',#7637,1.023622047244E-2);
#7639=ORIENTED_EDGE('',*,*,#5058,.T.);
#7641=ORIENTED_EDGE('',*,*,#7640,.T.);
#7642=ORIENTED_EDGE('',*,*,#5732,.F.);
#7643=ORIENTED_EDGE('',*,*,#7629,.F.);
#7644=EDGE_LOOP('',(#7639,#7641,#7642,#7643));
#7645=FACE_OUTER_BOUND('',#7644,.F.);
#7647=CARTESIAN_POINT('',(0.E0,2.519685039370E-1,0.E0));
#7648=DIRECTION('',(0.E0,1.E0,0.E0));
#7649=DIRECTION('',(-7.660444431190E-1,0.E0,-6.427876096865E-1));
#7650=AXIS2_PLACEMENT_3D('',#7647,#7648,#7649);
#7651=CYLINDRICAL_SURFACE('',#7650,6.525092068474E-1);
#7652=ORIENTED_EDGE('',*,*,#7640,.F.);
#7653=ORIENTED_EDGE('',*,*,#5431,.F.);
#7655=ORIENTED_EDGE('',*,*,#7654,.T.);
#7656=ORIENTED_EDGE('',*,*,#6080,.F.);
#7657=EDGE_LOOP('',(#7652,#7653,#7655,#7656));
#7658=FACE_OUTER_BOUND('',#7657,.F.);
#7660=CARTESIAN_POINT('',(-4.039504165697E-1,2.519685039370E-1,
4.993382120168E-1));
#7661=DIRECTION('',(0.E0,1.E0,0.E0));
#7662=DIRECTION('',(-8.660254037844E-1,0.E0,-5.E-1));
#7663=AXIS2_PLACEMENT_3D('',#7660,#7661,#7662);
#7664=CYLINDRICAL_SURFACE('',#7663,1.023622047244E-2);
#7665=ORIENTED_EDGE('',*,*,#5078,.T.);
#7667=ORIENTED_EDGE('',*,*,#7666,.T.);
#7668=ORIENTED_EDGE('',*,*,#5752,.F.);
#7669=ORIENTED_EDGE('',*,*,#7654,.F.);
#7670=EDGE_LOOP('',(#7665,#7667,#7668,#7669));
#7671=FACE_OUTER_BOUND('',#7670,.F.);
#7673=CARTESIAN_POINT('',(-3.674893807110E-1,2.519685039370E-1,
5.248292265613E-1));
#7674=DIRECTION('',(0.E0,1.E0,0.E0));
#7675=DIRECTION('',(-8.660254037844E-1,0.E0,-5.E-1));
#7676=AXIS2_PLACEMENT_3D('',#7673,#7674,#7675);
#7677=CYLINDRICAL_SURFACE('',#7676,3.425196850394E-2);
#7678=ORIENTED_EDGE('',*,*,#5754,.T.);
#7679=ORIENTED_EDGE('',*,*,#7666,.F.);
#7680=ORIENTED_EDGE('',*,*,#5076,.F.);
#7682=ORIENTED_EDGE('',*,*,#7681,.T.);
#7683=EDGE_LOOP('',(#7678,#7679,#7680,#7682));
#7684=FACE_OUTER_BOUND('',#7683,.F.);
#7686=CARTESIAN_POINT('',(-3.310652537370E-1,2.519685039370E-1,
5.503729524560E-1));
#7687=DIRECTION('',(0.E0,1.E0,0.E0));
#7688=DIRECTION('',(-8.660254037844E-1,0.E0,-5.E-1));
#7689=AXIS2_PLACEMENT_3D('',#7686,#7687,#7688);
#7690=CYLINDRICAL_SURFACE('',#7689,1.023622047244E-2);
#7691=ORIENTED_EDGE('',*,*,#5074,.T.);
#7693=ORIENTED_EDGE('',*,*,#7692,.T.);
#7694=ORIENTED_EDGE('',*,*,#5748,.F.);
#7695=ORIENTED_EDGE('',*,*,#7681,.F.);
#7696=EDGE_LOOP('',(#7691,#7693,#7694,#7695));
#7697=FACE_OUTER_BOUND('',#7696,.F.);
#7699=CARTESIAN_POINT('',(0.E0,2.519685039370E-1,0.E0));
#7700=DIRECTION('',(0.E0,1.E0,0.E0));
#7701=DIRECTION('',(-8.660254037844E-1,0.E0,-5.E-1));
#7702=AXIS2_PLACEMENT_3D('',#7699,#7700,#7701);
#7703=CYLINDRICAL_SURFACE('',#7702,6.525092068474E-1);
#7704=ORIENTED_EDGE('',*,*,#7692,.F.);
#7705=ORIENTED_EDGE('',*,*,#5428,.F.);
#7707=ORIENTED_EDGE('',*,*,#7706,.T.);
#7708=ORIENTED_EDGE('',*,*,#6083,.F.);
#7709=EDGE_LOOP('',(#7704,#7705,#7707,#7708));
#7710=FACE_OUTER_BOUND('',#7709,.F.);
#7712=CARTESIAN_POINT('',(-3.111043315142E-1,2.519685039370E-1,
5.618973962746E-1));
#7713=DIRECTION('',(0.E0,1.E0,0.E0));
#7714=DIRECTION('',(-9.396926207859E-1,0.E0,-3.420201433257E-1));
#7715=AXIS2_PLACEMENT_3D('',#7712,#7713,#7714);
#7716=CYLINDRICAL_SURFACE('',#7715,1.023622047244E-2);
#7717=ORIENTED_EDGE('',*,*,#5094,.T.);
#7719=ORIENTED_EDGE('',*,*,#7718,.T.);
#7720=ORIENTED_EDGE('',*,*,#5768,.F.);
#7721=ORIENTED_EDGE('',*,*,#7706,.F.);
#7722=EDGE_LOOP('',(#7717,#7719,#7720,#7721));
#7723=FACE_OUTER_BOUND('',#7722,.F.);
#7725=CARTESIAN_POINT('',(-2.707707524951E-1,2.519685039370E-1,
5.806697525974E-1));
#7726=DIRECTION('',(0.E0,1.E0,0.E0));
#7727=DIRECTION('',(-9.396926207859E-1,0.E0,-3.420201433257E-1));
#7728=AXIS2_PLACEMENT_3D('',#7725,#7726,#7727);
#7729=CYLINDRICAL_SURFACE('',#7728,3.425196850394E-2);
#7730=ORIENTED_EDGE('',*,*,#5770,.T.);
#7731=ORIENTED_EDGE('',*,*,#7718,.F.);
#7732=ORIENTED_EDGE('',*,*,#5092,.F.);
#7734=ORIENTED_EDGE('',*,*,#7733,.T.);
#7735=EDGE_LOOP('',(#7730,#7731,#7732,#7734));
#7736=FACE_OUTER_BOUND('',#7735,.F.);
#7738=CARTESIAN_POINT('',(-2.304643684020E-1,2.519685039370E-1,
5.995004286271E-1));
#7739=DIRECTION('',(0.E0,1.E0,0.E0));
#7740=DIRECTION('',(-9.396926207859E-1,0.E0,-3.420201433257E-1));
#7741=AXIS2_PLACEMENT_3D('',#7738,#7739,#7740);
#7742=CYLINDRICAL_SURFACE('',#7741,1.023622047244E-2);
#7743=ORIENTED_EDGE('',*,*,#5090,.T.);
#7745=ORIENTED_EDGE('',*,*,#7744,.T.);
#7746=ORIENTED_EDGE('',*,*,#5764,.F.);
#7747=ORIENTED_EDGE('',*,*,#7733,.F.);
#7748=EDGE_LOOP('',(#7743,#7745,#7746,#7747));
#7749=FACE_OUTER_BOUND('',#7748,.F.);
#7751=CARTESIAN_POINT('',(0.E0,2.519685039370E-1,0.E0));
#7752=DIRECTION('',(0.E0,1.E0,0.E0));
#7753=DIRECTION('',(-9.396926207859E-1,0.E0,-3.420201433257E-1));
#7754=AXIS2_PLACEMENT_3D('',#7751,#7752,#7753);
#7755=CYLINDRICAL_SURFACE('',#7754,6.525092068474E-1);
#7756=ORIENTED_EDGE('',*,*,#7744,.F.);
#7757=ORIENTED_EDGE('',*,*,#5425,.F.);
#7759=ORIENTED_EDGE('',*,*,#7758,.T.);
#7760=ORIENTED_EDGE('',*,*,#6086,.F.);
#7761=EDGE_LOOP('',(#7756,#7757,#7759,#7760));
#7762=FACE_OUTER_BOUND('',#7761,.F.);
#7764=CARTESIAN_POINT('',(-2.088054987720E-1,2.519685039370E-1,
6.073836124803E-1));
#7765=DIRECTION('',(0.E0,1.E0,0.E0));
#7766=DIRECTION('',(-9.848077530122E-1,0.E0,-1.736481776669E-1));
#7767=AXIS2_PLACEMENT_3D('',#7764,#7765,#7766);
#7768=CYLINDRICAL_SURFACE('',#7767,1.023622047244E-2);
#7769=ORIENTED_EDGE('',*,*,#5110,.T.);
#7771=ORIENTED_EDGE('',*,*,#7770,.T.);
#7772=ORIENTED_EDGE('',*,*,#5784,.F.);
#7773=ORIENTED_EDGE('',*,*,#7758,.F.);
#7774=EDGE_LOOP('',(#7769,#7771,#7772,#7773));
#7775=FACE_OUTER_BOUND('',#7774,.F.);
#7777=CARTESIAN_POINT('',(-1.658248919813E-1,2.519685039370E-1,
6.188669220339E-1));
#7778=DIRECTION('',(0.E0,1.E0,0.E0));
#7779=DIRECTION('',(-9.848077530122E-1,0.E0,-1.736481776669E-1));
#7780=AXIS2_PLACEMENT_3D('',#7777,#7778,#7779);
#7781=CYLINDRICAL_SURFACE('',#7780,3.425196850394E-2);
#7782=ORIENTED_EDGE('',*,*,#5786,.T.);
#7783=ORIENTED_EDGE('',*,*,#7770,.F.);
#7784=ORIENTED_EDGE('',*,*,#5108,.F.);
#7786=ORIENTED_EDGE('',*,*,#7785,.T.);
#7787=EDGE_LOOP('',(#7782,#7783,#7784,#7786));
#7788=FACE_OUTER_BOUND('',#7787,.F.);
#7790=CARTESIAN_POINT('',(-1.228609398537E-1,2.519685039370E-1,
6.304123876363E-1));
#7791=DIRECTION('',(0.E0,1.E0,0.E0));
#7792=DIRECTION('',(-9.848077530122E-1,0.E0,-1.736481776669E-1));
#7793=AXIS2_PLACEMENT_3D('',#7790,#7791,#7792);
#7794=CYLINDRICAL_SURFACE('',#7793,1.023622047244E-2);
#7795=ORIENTED_EDGE('',*,*,#5106,.T.);
#7797=ORIENTED_EDGE('',*,*,#7796,.T.);
#7798=ORIENTED_EDGE('',*,*,#5780,.F.);
#7799=ORIENTED_EDGE('',*,*,#7785,.F.);
#7800=EDGE_LOOP('',(#7795,#7797,#7798,#7799));
#7801=FACE_OUTER_BOUND('',#7800,.F.);
#7803=CARTESIAN_POINT('',(0.E0,2.519685039370E-1,0.E0));
#7804=DIRECTION('',(0.E0,1.E0,0.E0));
#7805=DIRECTION('',(-9.848077530122E-1,0.E0,-1.736481776669E-1));
#7806=AXIS2_PLACEMENT_3D('',#7803,#7804,#7805);
#7807=CYLINDRICAL_SURFACE('',#7806,6.525092068474E-1);
#7808=ORIENTED_EDGE('',*,*,#7796,.F.);
#7809=ORIENTED_EDGE('',*,*,#5422,.F.);
#7811=ORIENTED_EDGE('',*,*,#7810,.T.);
#7812=ORIENTED_EDGE('',*,*,#6089,.F.);
#7813=EDGE_LOOP('',(#7808,#7809,#7811,#7812));
#7814=FACE_OUTER_BOUND('',#7813,.F.);
#7816=CARTESIAN_POINT('',(-1.001622166103E-1,2.519685039370E-1,
6.344147849718E-1));
#7817=DIRECTION('',(0.E0,1.E0,0.E0));
#7818=DIRECTION('',(-1.E0,0.E0,0.E0));
#7819=AXIS2_PLACEMENT_3D('',#7816,#7817,#7818);
#7820=CYLINDRICAL_SURFACE('',#7819,1.023622047244E-2);
#7821=ORIENTED_EDGE('',*,*,#5126,.T.);
#7823=ORIENTED_EDGE('',*,*,#7822,.T.);
#7824=ORIENTED_EDGE('',*,*,#5800,.F.);
#7825=ORIENTED_EDGE('',*,*,#7810,.F.);
#7826=EDGE_LOOP('',(#7821,#7823,#7824,#7825));
#7827=FACE_OUTER_BOUND('',#7826,.F.);
#7829=CARTESIAN_POINT('',(-5.584052603608E-2,2.519685039370E-1,
6.382601332061E-1));
#7830=DIRECTION('',(0.E0,1.E0,0.E0));
#7831=DIRECTION('',(-1.E0,0.E0,0.E0));
#7832=AXIS2_PLACEMENT_3D('',#7829,#7830,#7831);
#7833=CYLINDRICAL_SURFACE('',#7832,3.425196850394E-2);
#7834=ORIENTED_EDGE('',*,*,#5802,.T.);
#7835=ORIENTED_EDGE('',*,*,#7822,.F.);
#7836=ORIENTED_EDGE('',*,*,#5124,.F.);
#7838=ORIENTED_EDGE('',*,*,#7837,.T.);
#7839=EDGE_LOOP('',(#7834,#7835,#7836,#7838));
#7840=FACE_OUTER_BOUND('',#7839,.F.);
#7842=CARTESIAN_POINT('',(-1.152444381862E-2,2.519685039370E-1,
6.421695852512E-1));
#7843=DIRECTION('',(0.E0,1.E0,0.E0));
#7844=DIRECTION('',(-1.E0,0.E0,0.E0));
#7845=AXIS2_PLACEMENT_3D('',#7842,#7843,#7844);
#7846=CYLINDRICAL_SURFACE('',#7845,1.023622047244E-2);
#7847=ORIENTED_EDGE('',*,*,#5122,.T.);
#7849=ORIENTED_EDGE('',*,*,#7848,.T.);
#7850=ORIENTED_EDGE('',*,*,#5796,.F.);
#7851=ORIENTED_EDGE('',*,*,#7837,.F.);
#7852=EDGE_LOOP('',(#7847,#7849,#7850,#7851));
#7853=FACE_OUTER_BOUND('',#7852,.F.);
#7855=CARTESIAN_POINT('',(0.E0,2.519685039370E-1,0.E0));
#7856=DIRECTION('',(0.E0,1.E0,0.E0));
#7857=DIRECTION('',(-1.E0,0.E0,0.E0));
#7858=AXIS2_PLACEMENT_3D('',#7855,#7856,#7857);
#7859=CYLINDRICAL_SURFACE('',#7858,6.525092068474E-1);
#7860=ORIENTED_EDGE('',*,*,#7848,.F.);
#7861=ORIENTED_EDGE('',*,*,#5419,.F.);
#7863=ORIENTED_EDGE('',*,*,#7862,.T.);
#7864=ORIENTED_EDGE('',*,*,#6092,.F.);
#7865=EDGE_LOOP('',(#7860,#7861,#7863,#7864));
#7866=FACE_OUTER_BOUND('',#7865,.F.);
#7868=CARTESIAN_POINT('',(1.152444381862E-2,2.519685039370E-1,
6.421695852512E-1));
#7869=DIRECTION('',(0.E0,1.E0,0.E0));
#7870=DIRECTION('',(-9.848077530122E-1,0.E0,1.736481776669E-1));
#7871=AXIS2_PLACEMENT_3D('',#7868,#7869,#7870);
#7872=CYLINDRICAL_SURFACE('',#7871,1.023622047244E-2);
#7873=ORIENTED_EDGE('',*,*,#5142,.T.);
#7875=ORIENTED_EDGE('',*,*,#7874,.T.);
#7876=ORIENTED_EDGE('',*,*,#5816,.F.);
#7877=ORIENTED_EDGE('',*,*,#7862,.F.);
#7878=EDGE_LOOP('',(#7873,#7875,#7876,#7877));
#7879=FACE_OUTER_BOUND('',#7878,.F.);
#7881=CARTESIAN_POINT('',(5.584052603608E-2,2.519685039370E-1,
6.382601332061E-1));
#7882=DIRECTION('',(0.E0,1.E0,0.E0));
#7883=DIRECTION('',(-9.848077530122E-1,0.E0,1.736481776669E-1));
#7884=AXIS2_PLACEMENT_3D('',#7881,#7882,#7883);
#7885=CYLINDRICAL_SURFACE('',#7884,3.425196850394E-2);
#7886=ORIENTED_EDGE('',*,*,#5818,.T.);
#7887=ORIENTED_EDGE('',*,*,#7874,.F.);
#7888=ORIENTED_EDGE('',*,*,#5140,.F.);
#7890=ORIENTED_EDGE('',*,*,#7889,.T.);
#7891=EDGE_LOOP('',(#7886,#7887,#7888,#7890));
#7892=FACE_OUTER_BOUND('',#7891,.F.);
#7894=CARTESIAN_POINT('',(1.001622166103E-1,2.519685039370E-1,
6.344147849718E-1));
#7895=DIRECTION('',(0.E0,1.E0,0.E0));
#7896=DIRECTION('',(-9.848077530122E-1,0.E0,1.736481776669E-1));
#7897=AXIS2_PLACEMENT_3D('',#7894,#7895,#7896);
#7898=CYLINDRICAL_SURFACE('',#7897,1.023622047244E-2);
#7899=ORIENTED_EDGE('',*,*,#5138,.T.);
#7901=ORIENTED_EDGE('',*,*,#7900,.T.);
#7902=ORIENTED_EDGE('',*,*,#5812,.F.);
#7903=ORIENTED_EDGE('',*,*,#7889,.F.);
#7904=EDGE_LOOP('',(#7899,#7901,#7902,#7903));
#7905=FACE_OUTER_BOUND('',#7904,.F.);
#7907=CARTESIAN_POINT('',(0.E0,2.519685039370E-1,0.E0));
#7908=DIRECTION('',(0.E0,1.E0,0.E0));
#7909=DIRECTION('',(-9.848077530122E-1,0.E0,1.736481776669E-1));
#7910=AXIS2_PLACEMENT_3D('',#7907,#7908,#7909);
#7911=CYLINDRICAL_SURFACE('',#7910,6.525092068474E-1);
#7912=ORIENTED_EDGE('',*,*,#7900,.F.);
#7913=ORIENTED_EDGE('',*,*,#5416,.F.);
#7915=ORIENTED_EDGE('',*,*,#7914,.T.);
#7916=ORIENTED_EDGE('',*,*,#6095,.F.);
#7917=EDGE_LOOP('',(#7912,#7913,#7915,#7916));
#7918=FACE_OUTER_BOUND('',#7917,.F.);
#7920=CARTESIAN_POINT('',(1.228609398537E-1,2.519685039370E-1,
6.304123876363E-1));
#7921=DIRECTION('',(0.E0,1.E0,0.E0));
#7922=DIRECTION('',(-9.396926207859E-1,0.E0,3.420201433257E-1));
#7923=AXIS2_PLACEMENT_3D('',#7920,#7921,#7922);
#7924=CYLINDRICAL_SURFACE('',#7923,1.023622047244E-2);
#7925=ORIENTED_EDGE('',*,*,#5158,.T.);
#7927=ORIENTED_EDGE('',*,*,#7926,.T.);
#7928=ORIENTED_EDGE('',*,*,#5832,.F.);
#7929=ORIENTED_EDGE('',*,*,#7914,.F.);
#7930=EDGE_LOOP('',(#7925,#7927,#7928,#7929));
#7931=FACE_OUTER_BOUND('',#7930,.F.);
#7933=CARTESIAN_POINT('',(1.658248919813E-1,2.519685039370E-1,
6.188669220339E-1));
#7934=DIRECTION('',(0.E0,1.E0,0.E0));
#7935=DIRECTION('',(-9.396926207859E-1,0.E0,3.420201433257E-1));
#7936=AXIS2_PLACEMENT_3D('',#7933,#7934,#7935);
#7937=CYLINDRICAL_SURFACE('',#7936,3.425196850394E-2);
#7938=ORIENTED_EDGE('',*,*,#5834,.T.);
#7939=ORIENTED_EDGE('',*,*,#7926,.F.);
#7940=ORIENTED_EDGE('',*,*,#5156,.F.);
#7942=ORIENTED_EDGE('',*,*,#7941,.T.);
#7943=EDGE_LOOP('',(#7938,#7939,#7940,#7942));
#7944=FACE_OUTER_BOUND('',#7943,.F.);
#7946=CARTESIAN_POINT('',(2.088054987720E-1,2.519685039370E-1,
6.073836124803E-1));
#7947=DIRECTION('',(0.E0,1.E0,0.E0));
#7948=DIRECTION('',(-9.396926207859E-1,0.E0,3.420201433257E-1));
#7949=AXIS2_PLACEMENT_3D('',#7946,#7947,#7948);
#7950=CYLINDRICAL_SURFACE('',#7949,1.023622047244E-2);
#7951=ORIENTED_EDGE('',*,*,#5154,.T.);
#7953=ORIENTED_EDGE('',*,*,#7952,.T.);
#7954=ORIENTED_EDGE('',*,*,#5828,.F.);
#7955=ORIENTED_EDGE('',*,*,#7941,.F.);
#7956=EDGE_LOOP('',(#7951,#7953,#7954,#7955));
#7957=FACE_OUTER_BOUND('',#7956,.F.);
#7959=CARTESIAN_POINT('',(0.E0,2.519685039370E-1,0.E0));
#7960=DIRECTION('',(0.E0,1.E0,0.E0));
#7961=DIRECTION('',(-9.396926207859E-1,0.E0,3.420201433257E-1));
#7962=AXIS2_PLACEMENT_3D('',#7959,#7960,#7961);
#7963=CYLINDRICAL_SURFACE('',#7962,6.525092068474E-1);
#7964=ORIENTED_EDGE('',*,*,#7952,.F.);
#7965=ORIENTED_EDGE('',*,*,#5413,.F.);
#7967=ORIENTED_EDGE('',*,*,#7966,.T.);
#7968=ORIENTED_EDGE('',*,*,#6098,.F.);
#7969=EDGE_LOOP('',(#7964,#7965,#7967,#7968));
#7970=FACE_OUTER_BOUND('',#7969,.F.);
#7972=CARTESIAN_POINT('',(2.304643684020E-1,2.519685039370E-1,
5.995004286271E-1));
#7973=DIRECTION('',(0.E0,1.E0,0.E0));
#7974=DIRECTION('',(-8.660254037844E-1,0.E0,5.E-1));
#7975=AXIS2_PLACEMENT_3D('',#7972,#7973,#7974);
#7976=CYLINDRICAL_SURFACE('',#7975,1.023622047244E-2);
#7977=ORIENTED_EDGE('',*,*,#5174,.T.);
#7979=ORIENTED_EDGE('',*,*,#7978,.T.);
#7980=ORIENTED_EDGE('',*,*,#5848,.F.);
#7981=ORIENTED_EDGE('',*,*,#7966,.F.);
#7982=EDGE_LOOP('',(#7977,#7979,#7980,#7981));
#7983=FACE_OUTER_BOUND('',#7982,.F.);
#7985=CARTESIAN_POINT('',(2.707707524951E-1,2.519685039370E-1,
5.806697525974E-1));
#7986=DIRECTION('',(0.E0,1.E0,0.E0));
#7987=DIRECTION('',(-8.660254037844E-1,0.E0,5.E-1));
#7988=AXIS2_PLACEMENT_3D('',#7985,#7986,#7987);
#7989=CYLINDRICAL_SURFACE('',#7988,3.425196850394E-2);
#7990=ORIENTED_EDGE('',*,*,#5850,.T.);
#7991=ORIENTED_EDGE('',*,*,#7978,.F.);
#7992=ORIENTED_EDGE('',*,*,#5172,.F.);
#7994=ORIENTED_EDGE('',*,*,#7993,.T.);
#7995=EDGE_LOOP('',(#7990,#7991,#7992,#7994));
#7996=FACE_OUTER_BOUND('',#7995,.F.);
#7998=CARTESIAN_POINT('',(3.111043315142E-1,2.519685039370E-1,
5.618973962746E-1));
#7999=DIRECTION('',(0.E0,1.E0,0.E0));
#8000=DIRECTION('',(-8.660254037844E-1,0.E0,5.E-1));
#8001=AXIS2_PLACEMENT_3D('',#7998,#7999,#8000);
#8002=CYLINDRICAL_SURFACE('',#8001,1.023622047244E-2);
#8003=ORIENTED_EDGE('',*,*,#5170,.T.);
#8005=ORIENTED_EDGE('',*,*,#8004,.T.);
#8006=ORIENTED_EDGE('',*,*,#5844,.F.);
#8007=ORIENTED_EDGE('',*,*,#7993,.F.);
#8008=EDGE_LOOP('',(#8003,#8005,#8006,#8007));
#8009=FACE_OUTER_BOUND('',#8008,.F.);
#8011=CARTESIAN_POINT('',(0.E0,2.519685039370E-1,0.E0));
#8012=DIRECTION('',(0.E0,1.E0,0.E0));
#8013=DIRECTION('',(-8.660254037844E-1,0.E0,5.E-1));
#8014=AXIS2_PLACEMENT_3D('',#8011,#8012,#8013);
#8015=CYLINDRICAL_SURFACE('',#8014,6.525092068474E-1);
#8016=ORIENTED_EDGE('',*,*,#8004,.F.);
#8017=ORIENTED_EDGE('',*,*,#5410,.F.);
#8019=ORIENTED_EDGE('',*,*,#8018,.T.);
#8020=ORIENTED_EDGE('',*,*,#6101,.F.);
#8021=EDGE_LOOP('',(#8016,#8017,#8019,#8020));
#8022=FACE_OUTER_BOUND('',#8021,.F.);
#8024=CARTESIAN_POINT('',(3.310652537370E-1,2.519685039370E-1,
5.503729524560E-1));
#8025=DIRECTION('',(0.E0,1.E0,0.E0));
#8026=DIRECTION('',(-7.660444431190E-1,0.E0,6.427876096865E-1));
#8027=AXIS2_PLACEMENT_3D('',#8024,#8025,#8026);
#8028=CYLINDRICAL_SURFACE('',#8027,1.023622047244E-2);
#8029=ORIENTED_EDGE('',*,*,#5190,.T.);
#8031=ORIENTED_EDGE('',*,*,#8030,.T.);
#8032=ORIENTED_EDGE('',*,*,#5864,.F.);
#8033=ORIENTED_EDGE('',*,*,#8018,.F.);
#8034=EDGE_LOOP('',(#8029,#8031,#8032,#8033));
#8035=FACE_OUTER_BOUND('',#8034,.F.);
#8037=CARTESIAN_POINT('',(3.674893807110E-1,2.519685039370E-1,
5.248292265613E-1));
#8038=DIRECTION('',(0.E0,1.E0,0.E0));
#8039=DIRECTION('',(-7.660444431190E-1,0.E0,6.427876096865E-1));
#8040=AXIS2_PLACEMENT_3D('',#8037,#8038,#8039);
#8041=CYLINDRICAL_SURFACE('',#8040,3.425196850394E-2);
#8042=ORIENTED_EDGE('',*,*,#5866,.T.);
#8043=ORIENTED_EDGE('',*,*,#8030,.F.);
#8044=ORIENTED_EDGE('',*,*,#5188,.F.);
#8046=ORIENTED_EDGE('',*,*,#8045,.T.);
#8047=EDGE_LOOP('',(#8042,#8043,#8044,#8046));
#8048=FACE_OUTER_BOUND('',#8047,.F.);
#8050=CARTESIAN_POINT('',(4.039504165697E-1,2.519685039370E-1,
4.993382120168E-1));
#8051=DIRECTION('',(0.E0,1.E0,0.E0));
#8052=DIRECTION('',(-7.660444431190E-1,0.E0,6.427876096865E-1));
#8053=AXIS2_PLACEMENT_3D('',#8050,#8051,#8052);
#8054=CYLINDRICAL_SURFACE('',#8053,1.023622047244E-2);
#8055=ORIENTED_EDGE('',*,*,#5186,.T.);
#8057=ORIENTED_EDGE('',*,*,#8056,.T.);
#8058=ORIENTED_EDGE('',*,*,#5860,.F.);
#8059=ORIENTED_EDGE('',*,*,#8045,.F.);
#8060=EDGE_LOOP('',(#8055,#8057,#8058,#8059));
#8061=FACE_OUTER_BOUND('',#8060,.F.);
#8063=CARTESIAN_POINT('',(0.E0,2.519685039370E-1,0.E0));
#8064=DIRECTION('',(0.E0,1.E0,0.E0));
#8065=DIRECTION('',(-7.660444431190E-1,0.E0,6.427876096865E-1));
#8066=AXIS2_PLACEMENT_3D('',#8063,#8064,#8065);
#8067=CYLINDRICAL_SURFACE('',#8066,6.525092068474E-1);
#8068=ORIENTED_EDGE('',*,*,#8056,.F.);
#8069=ORIENTED_EDGE('',*,*,#5407,.F.);
#8071=ORIENTED_EDGE('',*,*,#8070,.T.);
#8072=ORIENTED_EDGE('',*,*,#6104,.F.);
#8073=EDGE_LOOP('',(#8068,#8069,#8071,#8072));
#8074=FACE_OUTER_BOUND('',#8073,.F.);
#8076=CARTESIAN_POINT('',(4.216068888643E-1,2.519685039370E-1,
4.845226726266E-1));
#8077=DIRECTION('',(0.E0,1.E0,0.E0));
#8078=DIRECTION('',(-6.427876096865E-1,0.E0,7.660444431190E-1));
#8079=AXIS2_PLACEMENT_3D('',#8076,#8077,#8078);
#8080=CYLINDRICAL_SURFACE('',#8079,1.023622047244E-2);
#8081=ORIENTED_EDGE('',*,*,#5206,.T.);
#8083=ORIENTED_EDGE('',*,*,#8082,.T.);
#8084=ORIENTED_EDGE('',*,*,#5880,.F.);
#8085=ORIENTED_EDGE('',*,*,#8070,.F.);
#8086=EDGE_LOOP('',(#8081,#8083,#8084,#8085));
#8087=FACE_OUTER_BOUND('',#8086,.F.);
#8089=CARTESIAN_POINT('',(4.530420300526E-1,2.519685039370E-1,
4.530420300526E-1));
#8090=DIRECTION('',(0.E0,1.E0,0.E0));
#8091=DIRECTION('',(-6.427876096865E-1,0.E0,7.660444431190E-1));
#8092=AXIS2_PLACEMENT_3D('',#8089,#8090,#8091);
#8093=CYLINDRICAL_SURFACE('',#8092,3.425196850394E-2);
#8094=ORIENTED_EDGE('',*,*,#5882,.T.);
#8095=ORIENTED_EDGE('',*,*,#8082,.F.);
#8096=ORIENTED_EDGE('',*,*,#5204,.F.);
#8098=ORIENTED_EDGE('',*,*,#8097,.T.);
#8099=EDGE_LOOP('',(#8094,#8095,#8096,#8098));
#8100=FACE_OUTER_BOUND('',#8099,.F.);
#8102=CARTESIAN_POINT('',(4.845226726266E-1,2.519685039370E-1,
4.216068888643E-1));
#8103=DIRECTION('',(0.E0,1.E0,0.E0));
#8104=DIRECTION('',(-6.427876096865E-1,0.E0,7.660444431190E-1));
#8105=AXIS2_PLACEMENT_3D('',#8102,#8103,#8104);
#8106=CYLINDRICAL_SURFACE('',#8105,1.023622047244E-2);
#8107=ORIENTED_EDGE('',*,*,#5202,.T.);
#8109=ORIENTED_EDGE('',*,*,#8108,.T.);
#8110=ORIENTED_EDGE('',*,*,#5876,.F.);
#8111=ORIENTED_EDGE('',*,*,#8097,.F.);
#8112=EDGE_LOOP('',(#8107,#8109,#8110,#8111));
#8113=FACE_OUTER_BOUND('',#8112,.F.);
#8115=CARTESIAN_POINT('',(0.E0,2.519685039370E-1,0.E0));
#8116=DIRECTION('',(0.E0,1.E0,0.E0));
#8117=DIRECTION('',(-6.427876096865E-1,0.E0,7.660444431190E-1));
#8118=AXIS2_PLACEMENT_3D('',#8115,#8116,#8117);
#8119=CYLINDRICAL_SURFACE('',#8118,6.525092068474E-1);
#8120=ORIENTED_EDGE('',*,*,#8108,.F.);
#8121=ORIENTED_EDGE('',*,*,#5404,.F.);
#8123=ORIENTED_EDGE('',*,*,#8122,.T.);
#8124=ORIENTED_EDGE('',*,*,#6107,.F.);
#8125=EDGE_LOOP('',(#8120,#8121,#8123,#8124));
#8126=FACE_OUTER_BOUND('',#8125,.F.);
#8128=CARTESIAN_POINT('',(4.993382120168E-1,2.519685039370E-1,
4.039504165697E-1));
#8129=DIRECTION('',(0.E0,1.E0,0.E0));
#8130=DIRECTION('',(-5.E-1,0.E0,8.660254037844E-1));
#8131=AXIS2_PLACEMENT_3D('',#8128,#8129,#8130);
#8132=CYLINDRICAL_SURFACE('',#8131,1.023622047244E-2);
#8133=ORIENTED_EDGE('',*,*,#5222,.T.);
#8135=ORIENTED_EDGE('',*,*,#8134,.T.);
#8136=ORIENTED_EDGE('',*,*,#5896,.F.);
#8137=ORIENTED_EDGE('',*,*,#8122,.F.);
#8138=EDGE_LOOP('',(#8133,#8135,#8136,#8137));
#8139=FACE_OUTER_BOUND('',#8138,.F.);
#8141=CARTESIAN_POINT('',(5.248292265613E-1,2.519685039370E-1,
3.674893807110E-1));
#8142=DIRECTION('',(0.E0,1.E0,0.E0));
#8143=DIRECTION('',(-5.E-1,0.E0,8.660254037844E-1));
#8144=AXIS2_PLACEMENT_3D('',#8141,#8142,#8143);
#8145=CYLINDRICAL_SURFACE('',#8144,3.425196850394E-2);
#8146=ORIENTED_EDGE('',*,*,#5898,.T.);
#8147=ORIENTED_EDGE('',*,*,#8134,.F.);
#8148=ORIENTED_EDGE('',*,*,#5220,.F.);
#8150=ORIENTED_EDGE('',*,*,#8149,.T.);
#8151=EDGE_LOOP('',(#8146,#8147,#8148,#8150));
#8152=FACE_OUTER_BOUND('',#8151,.F.);
#8154=CARTESIAN_POINT('',(5.503729524560E-1,2.519685039370E-1,
3.310652537370E-1));
#8155=DIRECTION('',(0.E0,1.E0,0.E0));
#8156=DIRECTION('',(-5.E-1,0.E0,8.660254037844E-1));
#8157=AXIS2_PLACEMENT_3D('',#8154,#8155,#8156);
#8158=CYLINDRICAL_SURFACE('',#8157,1.023622047244E-2);
#8159=ORIENTED_EDGE('',*,*,#5218,.T.);
#8161=ORIENTED_EDGE('',*,*,#8160,.T.);
#8162=ORIENTED_EDGE('',*,*,#5892,.F.);
#8163=ORIENTED_EDGE('',*,*,#8149,.F.);
#8164=EDGE_LOOP('',(#8159,#8161,#8162,#8163));
#8165=FACE_OUTER_BOUND('',#8164,.F.);
#8167=CARTESIAN_POINT('',(0.E0,2.519685039370E-1,0.E0));
#8168=DIRECTION('',(0.E0,1.E0,0.E0));
#8169=DIRECTION('',(-5.E-1,0.E0,8.660254037844E-1));
#8170=AXIS2_PLACEMENT_3D('',#8167,#8168,#8169);
#8171=CYLINDRICAL_SURFACE('',#8170,6.525092068474E-1);
#8172=ORIENTED_EDGE('',*,*,#8160,.F.);
#8173=ORIENTED_EDGE('',*,*,#5401,.F.);
#8175=ORIENTED_EDGE('',*,*,#8174,.T.);
#8176=ORIENTED_EDGE('',*,*,#6110,.F.);
#8177=EDGE_LOOP('',(#8172,#8173,#8175,#8176));
#8178=FACE_OUTER_BOUND('',#8177,.F.);
#8180=CARTESIAN_POINT('',(5.618973962746E-1,2.519685039370E-1,
3.111043315142E-1));
#8181=DIRECTION('',(0.E0,1.E0,0.E0));
#8182=DIRECTION('',(-3.420201433257E-1,0.E0,9.396926207859E-1));
#8183=AXIS2_PLACEMENT_3D('',#8180,#8181,#8182);
#8184=CYLINDRICAL_SURFACE('',#8183,1.023622047244E-2);
#8185=ORIENTED_EDGE('',*,*,#5238,.T.);
#8187=ORIENTED_EDGE('',*,*,#8186,.T.);
#8188=ORIENTED_EDGE('',*,*,#5912,.F.);
#8189=ORIENTED_EDGE('',*,*,#8174,.F.);
#8190=EDGE_LOOP('',(#8185,#8187,#8188,#8189));
#8191=FACE_OUTER_BOUND('',#8190,.F.);
#8193=CARTESIAN_POINT('',(5.806697525974E-1,2.519685039370E-1,
2.707707524951E-1));
#8194=DIRECTION('',(0.E0,1.E0,0.E0));
#8195=DIRECTION('',(-3.420201433257E-1,0.E0,9.396926207859E-1));
#8196=AXIS2_PLACEMENT_3D('',#8193,#8194,#8195);
#8197=CYLINDRICAL_SURFACE('',#8196,3.425196850394E-2);
#8198=ORIENTED_EDGE('',*,*,#5914,.T.);
#8199=ORIENTED_EDGE('',*,*,#8186,.F.);
#8200=ORIENTED_EDGE('',*,*,#5236,.F.);
#8202=ORIENTED_EDGE('',*,*,#8201,.T.);
#8203=EDGE_LOOP('',(#8198,#8199,#8200,#8202));
#8204=FACE_OUTER_BOUND('',#8203,.F.);
#8206=CARTESIAN_POINT('',(5.995004286271E-1,2.519685039370E-1,
2.304643684020E-1));
#8207=DIRECTION('',(0.E0,1.E0,0.E0));
#8208=DIRECTION('',(-3.420201433257E-1,0.E0,9.396926207859E-1));
#8209=AXIS2_PLACEMENT_3D('',#8206,#8207,#8208);
#8210=CYLINDRICAL_SURFACE('',#8209,1.023622047244E-2);
#8211=ORIENTED_EDGE('',*,*,#5234,.T.);
#8213=ORIENTED_EDGE('',*,*,#8212,.T.);
#8214=ORIENTED_EDGE('',*,*,#5908,.F.);
#8215=ORIENTED_EDGE('',*,*,#8201,.F.);
#8216=EDGE_LOOP('',(#8211,#8213,#8214,#8215));
#8217=FACE_OUTER_BOUND('',#8216,.F.);
#8219=CARTESIAN_POINT('',(0.E0,2.519685039370E-1,0.E0));
#8220=DIRECTION('',(0.E0,1.E0,0.E0));
#8221=DIRECTION('',(-3.420201433257E-1,0.E0,9.396926207859E-1));
#8222=AXIS2_PLACEMENT_3D('',#8219,#8220,#8221);
#8223=CYLINDRICAL_SURFACE('',#8222,6.525092068474E-1);
#8224=ORIENTED_EDGE('',*,*,#8212,.F.);
#8225=ORIENTED_EDGE('',*,*,#5398,.F.);
#8227=ORIENTED_EDGE('',*,*,#8226,.T.);
#8228=ORIENTED_EDGE('',*,*,#6113,.F.);
#8229=EDGE_LOOP('',(#8224,#8225,#8227,#8228));
#8230=FACE_OUTER_BOUND('',#8229,.F.);
#8232=CARTESIAN_POINT('',(6.073836124803E-1,2.519685039370E-1,
2.088054987720E-1));
#8233=DIRECTION('',(0.E0,1.E0,0.E0));
#8234=DIRECTION('',(-1.736481776669E-1,0.E0,9.848077530122E-1));
#8235=AXIS2_PLACEMENT_3D('',#8232,#8233,#8234);
#8236=CYLINDRICAL_SURFACE('',#8235,1.023622047244E-2);
#8237=ORIENTED_EDGE('',*,*,#5254,.T.);
#8239=ORIENTED_EDGE('',*,*,#8238,.T.);
#8240=ORIENTED_EDGE('',*,*,#5927,.F.);
#8241=ORIENTED_EDGE('',*,*,#8226,.F.);
#8242=EDGE_LOOP('',(#8237,#8239,#8240,#8241));
#8243=FACE_OUTER_BOUND('',#8242,.F.);
#8245=CARTESIAN_POINT('',(6.188669220339E-1,2.519685039370E-1,
1.658248919813E-1));
#8246=DIRECTION('',(0.E0,1.E0,0.E0));
#8247=DIRECTION('',(-1.736481776669E-1,0.E0,9.848077530122E-1));
#8248=AXIS2_PLACEMENT_3D('',#8245,#8246,#8247);
#8249=CYLINDRICAL_SURFACE('',#8248,3.425196850394E-2);
#8250=ORIENTED_EDGE('',*,*,#5929,.T.);
#8251=ORIENTED_EDGE('',*,*,#8238,.F.);
#8252=ORIENTED_EDGE('',*,*,#5252,.F.);
#8253=ORIENTED_EDGE('',*,*,#5483,.T.);
#8254=EDGE_LOOP('',(#8250,#8251,#8252,#8253));
#8255=FACE_OUTER_BOUND('',#8254,.F.);
#8259=FILL_AREA_STYLE_COLOUR('',#3);
#8260=FILL_AREA_STYLE('',(#8259));
#8261=SURFACE_STYLE_FILL_AREA(#8260);
#8262=SURFACE_SIDE_STYLE('',(#8261));
#8263=SURFACE_STYLE_USAGE(.BOTH.,#8262);
#8264=PRESENTATION_STYLE_ASSIGNMENT((#8263));
#15=STYLED_ITEM('',(#8264),#8258);
#8266=LENGTH_MEASURE_WITH_UNIT(LENGTH_MEASURE(2.54E1),#8265);
#8267=(CONVERSION_BASED_UNIT('INCH',#8266)LENGTH_UNIT()NAMED_UNIT(*));
#8269=PLANE_ANGLE_MEASURE_WITH_UNIT(PLANE_ANGLE_MEASURE(1.745329251994E-2),
#8268);
#8270=(CONVERSION_BASED_UNIT('DEGREE',#8269)NAMED_UNIT(*)PLANE_ANGLE_UNIT());
#8272=UNCERTAINTY_MEASURE_WITH_UNIT(LENGTH_MEASURE(1.957284101472E-4),#8267,
'closure',
'Maximum model space distance between geometric entities at asserted connectivities');
#8274=CARTESIAN_POINT('',(0.E0,0.E0,0.E0));
#8275=DIRECTION('',(0.E0,0.E0,1.E0));
#8276=DIRECTION('',(1.E0,0.E0,0.E0));
#8279=MECHANICAL_DESIGN_GEOMETRIC_PRESENTATION_REPRESENTATION('',(#24,#31,#39,
#47,#54,#62,#70,#78,#86,#94,#102,#110,#118,#126,#134,#142,#150,#158,#166,#174,
#182,#190,#198,#206,#214,#222,#230,#238,#246,#254,#262,#270,#278,#286,#294,#302,
#310,#318,#326,#334,#342,#350,#357,#365,#372,#380,#388,#395,#403,#411,#419,#427,
#435,#443,#451,#459,#467,#475,#483,#491,#499,#507,#515,#523,#531,#539,#547,#555,
#563,#571,#579,#587,#595,#603,#611,#619,#627,#635,#643,#651,#659,#667,#675,#683,
#691,#698,#706,#713,#721,#729,#736,#744,#752,#760,#767,#775,#782,#790,#798,#806,
#813,#821,#829,#837,#844,#852,#860,#868,#875,#883,#890,#898,#906,#913,#921,#929,
#936,#944,#952,#960,#967,#975,#982,#990,#998,#1005,#1013,#1021,#1028,#1036,
#1044,#1052,#1059,#1067,#1074,#1082,#1090,#1097,#1105,#1113,#1120,#1128,#1136,
#1144,#1151,#1159,#1166,#1174,#1182,#1189,#1197,#1205,#1212,#1220,#1228,#1236,
#1243,#1251,#1258,#1266,#1274,#1281,#1289,#1297,#1304,#1312,#1320,#1328,#1335,
#1343,#1350,#1358,#1366,#1373,#1381,#1389,#1396,#1404,#1412,#1420,#1427,#1435,
#1442,#1450,#1458,#1465,#1473,#1481,#1488,#1496,#1504,#1512,#1519,#1527,#1534,
#1542,#1550,#1557,#1565,#1573,#1580,#1588,#1596,#1604,#1611,#1619,#1626,#1634,
#1641,#1649,#1656,#1664,#1671,#1679,#1687,#1695,#1703,#1711,#1719,#1727,#1734,
#1742,#1750,#1758,#1766,#1774,#1782,#1790,#1797,#1804,#1812,#1820,#1827,#1835,
#1843,#1851,#1858,#1866,#1874,#1882,#1889,#1897,#1904,#1912,#1920,#1927,#1935,
#1943,#1951,#1958,#1966,#1973,#1981,#1989,#1996,#2004,#2012,#2019,#2027,#2035,
#2043,#2050,#2058,#2065,#2073,#2081,#2088,#2096,#2104,#2111,#2119,#2127,#2135,
#2142,#2150,#2157,#2165,#2173,#2180,#2188,#2196,#2203,#2211,#2219,#2227,#2234,
#2242,#2249,#2257,#2265,#2272,#2280,#2288,#2295,#2303,#2311,#2319,#2326,#2334,
#2341,#2349,#2357,#2364,#2372,#2380,#2387,#2395,#2403,#2411,#2418,#2426,#2433,
#2441,#2449,#2456,#2464,#2472,#2479,#2487,#2495,#2503,#2510,#2518,#2525,#2533,
#2541,#2548,#2556,#2564,#2571,#2579,#2587,#2595,#2602,#2610,#2617,#2625,#2632,
#2640,#2648,#2656,#2663,#2671,#2679,#2687,#2694,#2702,#2709,#2717,#2725,#2732,
#2740,#2748,#2755,#2763,#2771,#2779,#2786,#2794,#2801,#2809,#2817,#2824,#2832,
#2840,#2847,#2855,#2863,#2871,#2878,#2886,#2893,#2901,#2909,#2916,#2924,#2932,
#2939,#2947,#2955,#2963,#2970,#2978,#2985,#2993,#3001,#3008,#3016,#3024,#3031,
#3039,#3047,#3055,#3062,#3070,#3077,#3085,#3093,#3100,#3108,#3116,#3123,#3131,
#3139,#3147,#3154,#3162,#3169,#3177,#3185,#3192,#3200,#3208,#3215,#3223,#3231,
#3239,#3246,#3254,#3261,#3269,#3277,#3284,#3292,#3300,#3307,#3315,#3323,#3331,
#3338,#3346,#3353,#3361,#3369,#3376,#3384,#3392,#3399,#3407,#3415,#3423,#3430,
#3438,#3445,#3453,#3461,#3468,#3476,#3484,#3491,#3499,#3507,#3515,#3522,#3530,
#3537,#3545,#3553,#3560,#3568,#3576,#3583,#3591,#3599,#3607,#3614,#3622,#3629,
#3637,#3645,#3652,#3660,#3668,#3675,#3683,#3691,#3699,#3706,#3714,#3721,#3729,
#3737,#3744,#3752,#3760,#3767,#3775,#3783,#3791,#3798,#3806,#3813,#3821,#3829,
#3836,#3844,#3852,#3859,#3867,#3875,#3883,#3890,#3898,#3905,#3913,#3921,#3928,
#3936,#3944,#3951,#3959,#3967,#3975,#3982,#3990,#3997,#4005,#4013,#4020,#4028,
#4036,#4043,#4051,#4059,#4067,#4074,#4082,#4089,#4097,#4105,#4112,#4120,#4128,
#4135,#4143,#4151,#4159,#4166,#15),#8273);
#8280=APPLICATION_CONTEXT('automotive design');
#8281=APPLICATION_PROTOCOL_DEFINITION('international standard',
'config_control_design',1994,#8280);
#8282=PRODUCT_DEFINITION_CONTEXT('',#8280,'design');
#8283=PRODUCT_CONTEXT('',#8280,'mechanical');
#8284=PRODUCT('36T_PULLEY__','36T_PULLEY__','NOT SPECIFIED',(#8283));
#8285=PRODUCT_DEFINITION_FORMATION_WITH_SPECIFIED_SOURCE('1','LAST_VERSION',
#8284,.MADE.);
#8293=LENGTH_MEASURE_WITH_UNIT(LENGTH_MEASURE(2.54E1),#8292);
#8294=(CONVERSION_BASED_UNIT('INCH',#8293)LENGTH_UNIT()NAMED_UNIT(*));
#8295=DERIVED_UNIT_ELEMENT(#8294,2.E0);
#8296=AREA_UNIT((#8295));
#8297=MEASURE_REPRESENTATION_ITEM('surface area measure',AREA_MEASURE(
3.578629243218E3),#8296);
#8302=LENGTH_MEASURE_WITH_UNIT(LENGTH_MEASURE(2.54E1),#8301);
#8303=(CONVERSION_BASED_UNIT('INCH',#8302)LENGTH_UNIT()NAMED_UNIT(*));
#8304=DERIVED_UNIT_ELEMENT(#8303,3.E0);
#8305=VOLUME_UNIT((#8304));
#8306=MEASURE_REPRESENTATION_ITEM('volume measure',VOLUME_MEASURE(
8.270925523701E3),#8305);
#8310=CARTESIAN_POINT('centre point',(7.622893758773E-12,3.2E0,
2.570339114003E-14));
#8315=LENGTH_MEASURE_WITH_UNIT(LENGTH_MEASURE(2.54E1),#8314);
#8316=(CONVERSION_BASED_UNIT('INCH',#8315)LENGTH_UNIT()NAMED_UNIT(*));
#8317=DERIVED_UNIT_ELEMENT(#8316,2.E0);
#8318=AREA_UNIT((#8317));
#8319=MEASURE_REPRESENTATION_ITEM('surface area measure',AREA_MEASURE(
3.578629243218E3),#8318);
#8324=LENGTH_MEASURE_WITH_UNIT(LENGTH_MEASURE(2.54E1),#8323);
#8325=(CONVERSION_BASED_UNIT('INCH',#8324)LENGTH_UNIT()NAMED_UNIT(*));
#8326=DERIVED_UNIT_ELEMENT(#8325,3.E0);
#8327=VOLUME_UNIT((#8326));
#8328=MEASURE_REPRESENTATION_ITEM('volume measure',VOLUME_MEASURE(
8.270925523701E3),#8327);
#8332=CARTESIAN_POINT('centre point',(7.622893758773E-12,3.2E0,
2.570339114003E-14));
#1=DRAUGHTING_PRE_DEFINED_COLOUR('green');
#2=COLOUR_RGB('',1.1E-2,1.2E-2,1.E0);
#3=COLOUR_RGB('',2.352941176471E-1,2.352941176471E-1,2.352941176471E-1);
#4=COLOUR_RGB('',4.1E-1,2.61589E-1,1.12848E-1);
#5=COLOUR_RGB('',5.04854E-1,1.5455E-2,1.5455E-2);
#6=COLOUR_RGB('',6.35294E-1,6.86275E-1,7.4902E-1);
#7=COLOUR_RGB('',6.40777E-1,6.40777E-1,6.40777E-1);
#8=COLOUR_RGB('',6.69062E-1,6.69903E-1,6.55217E-1);
#9=COLOUR_RGB('',9.21569E-1,7.05882E-1,4.70588E-1);
#10=DRAUGHTING_PRE_DEFINED_COLOUR('red');
#11=DRAUGHTING_PRE_DEFINED_COLOUR('yellow');
#12=COLOUR_RGB('',1.E0,1.E0,5.3E-1);
#13=COLOUR_RGB('',1.E0,1.E0,9.49E-1);
#14=DRAUGHTING_PRE_DEFINED_COLOUR('white');
#20=CIRCLE('',#19,6.525092068474E-1);
#36=CIRCLE('',#35,6.525092068474E-1);
#44=CIRCLE('',#43,1.023622047244E-2);
#59=CIRCLE('',#58,1.023622047244E-2);
#67=CIRCLE('',#66,6.525092068474E-1);
#75=CIRCLE('',#74,6.525092068474E-1);
#83=CIRCLE('',#82,6.525092068474E-1);
#91=CIRCLE('',#90,6.525092068474E-1);
#99=CIRCLE('',#98,6.525092068474E-1);
#107=CIRCLE('',#106,6.525092068474E-1);
#115=CIRCLE('',#114,6.525092068474E-1);
#123=CIRCLE('',#122,6.525092068474E-1);
#131=CIRCLE('',#130,6.525092068474E-1);
#139=CIRCLE('',#138,6.525092068474E-1);
#147=CIRCLE('',#146,6.525092068474E-1);
#155=CIRCLE('',#154,6.525092068474E-1);
#163=CIRCLE('',#162,6.525092068474E-1);
#171=CIRCLE('',#170,6.525092068474E-1);
#179=CIRCLE('',#178,6.525092068474E-1);
#187=CIRCLE('',#186,6.525092068474E-1);
#195=CIRCLE('',#194,6.525092068474E-1);
#203=CIRCLE('',#202,6.525092068474E-1);
#211=CIRCLE('',#210,6.525092068474E-1);
#219=CIRCLE('',#218,6.525092068474E-1);
#227=CIRCLE('',#226,6.525092068474E-1);
#235=CIRCLE('',#234,6.525092068474E-1);
#243=CIRCLE('',#242,6.525092068474E-1);
#251=CIRCLE('',#250,6.525092068474E-1);
#259=CIRCLE('',#258,6.525092068474E-1);
#267=CIRCLE('',#266,6.525092068474E-1);
#275=CIRCLE('',#274,6.525092068474E-1);
#283=CIRCLE('',#282,6.525092068474E-1);
#291=CIRCLE('',#290,6.525092068474E-1);
#299=CIRCLE('',#298,6.525092068474E-1);
#307=CIRCLE('',#306,6.525092068474E-1);
#315=CIRCLE('',#314,6.525092068474E-1);
#323=CIRCLE('',#322,6.525092068474E-1);
#331=CIRCLE('',#330,6.525092068474E-1);
#339=CIRCLE('',#338,6.525092068474E-1);
#347=CIRCLE('',#346,6.525092068474E-1);
#362=CIRCLE('',#361,6.525092068474E-1);
#377=CIRCLE('',#376,6.525092068474E-1);
#385=CIRCLE('',#384,1.023622047244E-2);
#400=CIRCLE('',#399,1.023622047244E-2);
#408=CIRCLE('',#407,6.525092068474E-1);
#416=CIRCLE('',#415,6.525092068474E-1);
#424=CIRCLE('',#423,6.525092068474E-1);
#432=CIRCLE('',#431,6.525092068474E-1);
#440=CIRCLE('',#439,6.525092068474E-1);
#448=CIRCLE('',#447,6.525092068474E-1);
#456=CIRCLE('',#455,6.525092068474E-1);
#464=CIRCLE('',#463,6.525092068474E-1);
#472=CIRCLE('',#471,6.525092068474E-1);
#480=CIRCLE('',#479,6.525092068474E-1);
#488=CIRCLE('',#487,6.525092068474E-1);
#496=CIRCLE('',#495,6.525092068474E-1);
#504=CIRCLE('',#503,6.525092068474E-1);
#512=CIRCLE('',#511,6.525092068474E-1);
#520=CIRCLE('',#519,6.525092068474E-1);
#528=CIRCLE('',#527,6.525092068474E-1);
#536=CIRCLE('',#535,6.525092068474E-1);
#544=CIRCLE('',#543,6.525092068474E-1);
#552=CIRCLE('',#551,6.525092068474E-1);
#560=CIRCLE('',#559,6.525092068474E-1);
#568=CIRCLE('',#567,6.525092068474E-1);
#576=CIRCLE('',#575,6.525092068474E-1);
#584=CIRCLE('',#583,6.525092068474E-1);
#592=CIRCLE('',#591,6.525092068474E-1);
#600=CIRCLE('',#599,6.525092068474E-1);
#608=CIRCLE('',#607,6.525092068474E-1);
#616=CIRCLE('',#615,6.525092068474E-1);
#624=CIRCLE('',#623,6.525092068474E-1);
#632=CIRCLE('',#631,6.525092068474E-1);
#640=CIRCLE('',#639,6.525092068474E-1);
#648=CIRCLE('',#647,6.525092068474E-1);
#656=CIRCLE('',#655,6.525092068474E-1);
#664=CIRCLE('',#663,6.525092068474E-1);
#672=CIRCLE('',#671,6.525092068474E-1);
#680=CIRCLE('',#679,6.525092068474E-1);
#688=CIRCLE('',#687,6.525092068474E-1);
#703=CIRCLE('',#702,6.525092068474E-1);
#718=CIRCLE('',#717,6.525092068474E-1);
#726=CIRCLE('',#725,1.023622047244E-2);
#741=CIRCLE('',#740,1.023622047244E-2);
#749=CIRCLE('',#748,3.425196850394E-2);
#757=CIRCLE('',#756,3.425196850394E-2);
#772=CIRCLE('',#771,1.023622047244E-2);
#787=CIRCLE('',#786,1.023622047244E-2);
#795=CIRCLE('',#794,6.525092068474E-1);
#803=CIRCLE('',#802,6.525092068474E-1);
#818=CIRCLE('',#817,6.525092068474E-1);
#826=CIRCLE('',#825,6.525092068474E-1);
#834=CIRCLE('',#833,1.023622047244E-2);
#849=CIRCLE('',#848,1.023622047244E-2);
#857=CIRCLE('',#856,3.425196850394E-2);
#865=CIRCLE('',#864,3.425196850394E-2);
#880=CIRCLE('',#879,1.023622047244E-2);
#895=CIRCLE('',#894,1.023622047244E-2);
#903=CIRCLE('',#902,6.525092068474E-1);
#918=CIRCLE('',#917,6.525092068474E-1);
#926=CIRCLE('',#925,1.023622047244E-2);
#941=CIRCLE('',#940,1.023622047244E-2);
#949=CIRCLE('',#948,3.425196850394E-2);
#957=CIRCLE('',#956,3.425196850394E-2);
#972=CIRCLE('',#971,1.023622047244E-2);
#987=CIRCLE('',#986,1.023622047244E-2);
#995=CIRCLE('',#994,6.525092068474E-1);
#1010=CIRCLE('',#1009,6.525092068474E-1);
#1018=CIRCLE('',#1017,1.023622047244E-2);
#1033=CIRCLE('',#1032,1.023622047244E-2);
#1041=CIRCLE('',#1040,3.425196850394E-2);
#1049=CIRCLE('',#1048,3.425196850394E-2);
#1064=CIRCLE('',#1063,1.023622047244E-2);
#1079=CIRCLE('',#1078,1.023622047244E-2);
#1087=CIRCLE('',#1086,6.525092068474E-1);
#1102=CIRCLE('',#1101,6.525092068474E-1);
#1110=CIRCLE('',#1109,1.023622047244E-2);
#1125=CIRCLE('',#1124,1.023622047244E-2);
#1133=CIRCLE('',#1132,3.425196850394E-2);
#1141=CIRCLE('',#1140,3.425196850394E-2);
#1156=CIRCLE('',#1155,1.023622047244E-2);
#1171=CIRCLE('',#1170,1.023622047244E-2);
#1179=CIRCLE('',#1178,6.525092068474E-1);
#1194=CIRCLE('',#1193,6.525092068474E-1);
#1202=CIRCLE('',#1201,1.023622047244E-2);
#1217=CIRCLE('',#1216,1.023622047244E-2);
#1225=CIRCLE('',#1224,3.425196850394E-2);
#1233=CIRCLE('',#1232,3.425196850394E-2);
#1248=CIRCLE('',#1247,1.023622047244E-2);
#1263=CIRCLE('',#1262,1.023622047244E-2);
#1271=CIRCLE('',#1270,6.525092068474E-1);
#1286=CIRCLE('',#1285,6.525092068474E-1);
#1294=CIRCLE('',#1293,1.023622047244E-2);
#1309=CIRCLE('',#1308,1.023622047244E-2);
#1317=CIRCLE('',#1316,3.425196850394E-2);
#1325=CIRCLE('',#1324,3.425196850394E-2);
#1340=CIRCLE('',#1339,1.023622047244E-2);
#1355=CIRCLE('',#1354,1.023622047244E-2);
#1363=CIRCLE('',#1362,6.525092068474E-1);
#1378=CIRCLE('',#1377,6.525092068474E-1);
#1386=CIRCLE('',#1385,1.023622047244E-2);
#1401=CIRCLE('',#1400,1.023622047244E-2);
#1409=CIRCLE('',#1408,3.425196850394E-2);
#1417=CIRCLE('',#1416,3.425196850394E-2);
#1432=CIRCLE('',#1431,1.023622047244E-2);
#1447=CIRCLE('',#1446,1.023622047244E-2);
#1455=CIRCLE('',#1454,6.525092068474E-1);
#1470=CIRCLE('',#1469,6.525092068474E-1);
#1478=CIRCLE('',#1477,1.023622047244E-2);
#1493=CIRCLE('',#1492,1.023622047244E-2);
#1501=CIRCLE('',#1500,3.425196850394E-2);
#1509=CIRCLE('',#1508,3.425196850394E-2);
#1524=CIRCLE('',#1523,1.023622047244E-2);
#1539=CIRCLE('',#1538,1.023622047244E-2);
#1547=CIRCLE('',#1546,6.525092068474E-1);
#1562=CIRCLE('',#1561,6.525092068474E-1);
#1570=CIRCLE('',#1569,1.023622047244E-2);
#1585=CIRCLE('',#1584,1.023622047244E-2);
#1593=CIRCLE('',#1592,3.425196850394E-2);
#1601=CIRCLE('',#1600,3.425196850394E-2);
#1616=CIRCLE('',#1615,1.023622047244E-2);
#1631=CIRCLE('',#1630,1.023622047244E-2);
#1646=CIRCLE('',#1645,6.767218052726E-1);
#1661=CIRCLE('',#1660,6.767218052726E-1);
#1676=CIRCLE('',#1675,6.767218052726E-1);
#1684=CIRCLE('',#1683,6.767218052726E-1);
#1692=CIRCLE('',#1691,1.771653543307E-1);
#1700=CIRCLE('',#1699,1.771653543307E-1);
#1708=CIRCLE('',#1707,1.968503937008E-2);
#1716=CIRCLE('',#1715,1.968503937008E-2);
#1724=CIRCLE('',#1723,1.574803149606E-1);
#1739=CIRCLE('',#1738,1.574803149606E-1);
#1747=CIRCLE('',#1746,1.968503937008E-2);
#1755=CIRCLE('',#1754,6.767218052726E-1);
#1763=CIRCLE('',#1762,6.767218052726E-1);
#1771=CIRCLE('',#1770,1.771653543307E-1);
#1779=CIRCLE('',#1778,1.771653543307E-1);
#1787=CIRCLE('',#1786,6.767218052726E-1);
#1809=CIRCLE('',#1808,6.525092068474E-1);
#1817=CIRCLE('',#1816,6.525092068474E-1);
#1832=CIRCLE('',#1831,6.525092068474E-1);
#1840=CIRCLE('',#1839,6.525092068474E-1);
#1848=CIRCLE('',#1847,1.023622047244E-2);
#1863=CIRCLE('',#1862,1.023622047244E-2);
#1871=CIRCLE('',#1870,3.425196850394E-2);
#1879=CIRCLE('',#1878,3.425196850394E-2);
#1894=CIRCLE('',#1893,1.023622047244E-2);
#1909=CIRCLE('',#1908,1.023622047244E-2);
#1917=CIRCLE('',#1916,1.023622047244E-2);
#1932=CIRCLE('',#1931,1.023622047244E-2);
#1940=CIRCLE('',#1939,3.425196850394E-2);
#1948=CIRCLE('',#1947,3.425196850394E-2);
#1963=CIRCLE('',#1962,1.023622047244E-2);
#1978=CIRCLE('',#1977,1.023622047244E-2);
#1986=CIRCLE('',#1985,6.525092068474E-1);
#2001=CIRCLE('',#2000,6.525092068474E-1);
#2009=CIRCLE('',#2008,1.023622047244E-2);
#2024=CIRCLE('',#2023,1.023622047244E-2);
#2032=CIRCLE('',#2031,3.425196850394E-2);
#2040=CIRCLE('',#2039,3.425196850394E-2);
#2055=CIRCLE('',#2054,1.023622047244E-2);
#2070=CIRCLE('',#2069,1.023622047244E-2);
#2078=CIRCLE('',#2077,6.525092068474E-1);
#2093=CIRCLE('',#2092,6.525092068474E-1);
#2101=CIRCLE('',#2100,1.023622047244E-2);
#2116=CIRCLE('',#2115,1.023622047244E-2);
#2124=CIRCLE('',#2123,3.425196850394E-2);
#2132=CIRCLE('',#2131,3.425196850394E-2);
#2147=CIRCLE('',#2146,1.023622047244E-2);
#2162=CIRCLE('',#2161,1.023622047244E-2);
#2170=CIRCLE('',#2169,6.525092068474E-1);
#2185=CIRCLE('',#2184,6.525092068474E-1);
#2193=CIRCLE('',#2192,1.023622047244E-2);
#2208=CIRCLE('',#2207,1.023622047244E-2);
#2216=CIRCLE('',#2215,3.425196850394E-2);
#2224=CIRCLE('',#2223,3.425196850394E-2);
#2239=CIRCLE('',#2238,1.023622047244E-2);
#2254=CIRCLE('',#2253,1.023622047244E-2);
#2262=CIRCLE('',#2261,6.525092068474E-1);
#2277=CIRCLE('',#2276,6.525092068474E-1);
#2285=CIRCLE('',#2284,1.023622047244E-2);
#2300=CIRCLE('',#2299,1.023622047244E-2);
#2308=CIRCLE('',#2307,3.425196850394E-2);
#2316=CIRCLE('',#2315,3.425196850394E-2);
#2331=CIRCLE('',#2330,1.023622047244E-2);
#2346=CIRCLE('',#2345,1.023622047244E-2);
#2354=CIRCLE('',#2353,6.525092068474E-1);
#2369=CIRCLE('',#2368,6.525092068474E-1);
#2377=CIRCLE('',#2376,1.023622047244E-2);
#2392=CIRCLE('',#2391,1.023622047244E-2);
#2400=CIRCLE('',#2399,3.425196850394E-2);
#2408=CIRCLE('',#2407,3.425196850394E-2);
#2423=CIRCLE('',#2422,1.023622047244E-2);
#2438=CIRCLE('',#2437,1.023622047244E-2);
#2446=CIRCLE('',#2445,6.525092068474E-1);
#2461=CIRCLE('',#2460,6.525092068474E-1);
#2469=CIRCLE('',#2468,1.023622047244E-2);
#2484=CIRCLE('',#2483,1.023622047244E-2);
#2492=CIRCLE('',#2491,3.425196850394E-2);
#2500=CIRCLE('',#2499,3.425196850394E-2);
#2515=CIRCLE('',#2514,1.023622047244E-2);
#2530=CIRCLE('',#2529,1.023622047244E-2);
#2538=CIRCLE('',#2537,6.525092068474E-1);
#2553=CIRCLE('',#2552,6.525092068474E-1);
#2561=CIRCLE('',#2560,1.023622047244E-2);
#2576=CIRCLE('',#2575,1.023622047244E-2);
#2584=CIRCLE('',#2583,3.425196850394E-2);
#2592=CIRCLE('',#2591,3.425196850394E-2);
#2607=CIRCLE('',#2606,1.023622047244E-2);
#2622=CIRCLE('',#2621,1.023622047244E-2);
#2637=CIRCLE('',#2636,6.525092068474E-1);
#2645=CIRCLE('',#2644,6.525092068474E-1);
#2653=CIRCLE('',#2652,1.023622047244E-2);
#2668=CIRCLE('',#2667,1.023622047244E-2);
#2676=CIRCLE('',#2675,3.425196850394E-2);
#2684=CIRCLE('',#2683,3.425196850394E-2);
#2699=CIRCLE('',#2698,6.767218052726E-1);
#2714=CIRCLE('',#2713,1.968503937008E-2);
#2722=CIRCLE('',#2721,1.574803149606E-1);
#2737=CIRCLE('',#2736,1.574803149606E-1);
#2745=CIRCLE('',#2744,1.023622047244E-2);
#2760=CIRCLE('',#2759,1.023622047244E-2);
#2768=CIRCLE('',#2767,3.425196850394E-2);
#2776=CIRCLE('',#2775,3.425196850394E-2);
#2791=CIRCLE('',#2790,1.023622047244E-2);
#2806=CIRCLE('',#2805,1.023622047244E-2);
#2814=CIRCLE('',#2813,6.525092068474E-1);
#2829=CIRCLE('',#2828,6.525092068474E-1);
#2837=CIRCLE('',#2836,1.023622047244E-2);
#2852=CIRCLE('',#2851,1.023622047244E-2);
#2860=CIRCLE('',#2859,3.425196850394E-2);
#2868=CIRCLE('',#2867,3.425196850394E-2);
#2883=CIRCLE('',#2882,1.023622047244E-2);
#2898=CIRCLE('',#2897,1.023622047244E-2);
#2906=CIRCLE('',#2905,6.525092068474E-1);
#2921=CIRCLE('',#2920,6.525092068474E-1);
#2929=CIRCLE('',#2928,1.023622047244E-2);
#2944=CIRCLE('',#2943,1.023622047244E-2);
#2952=CIRCLE('',#2951,3.425196850394E-2);
#2960=CIRCLE('',#2959,3.425196850394E-2);
#2975=CIRCLE('',#2974,1.023622047244E-2);
#2990=CIRCLE('',#2989,1.023622047244E-2);
#2998=CIRCLE('',#2997,6.525092068474E-1);
#3013=CIRCLE('',#3012,6.525092068474E-1);
#3021=CIRCLE('',#3020,1.023622047244E-2);
#3036=CIRCLE('',#3035,1.023622047244E-2);
#3044=CIRCLE('',#3043,3.425196850394E-2);
#3052=CIRCLE('',#3051,3.425196850394E-2);
#3067=CIRCLE('',#3066,1.023622047244E-2);
#3082=CIRCLE('',#3081,1.023622047244E-2);
#3090=CIRCLE('',#3089,6.525092068474E-1);
#3105=CIRCLE('',#3104,6.525092068474E-1);
#3113=CIRCLE('',#3112,1.023622047244E-2);
#3128=CIRCLE('',#3127,1.023622047244E-2);
#3136=CIRCLE('',#3135,3.425196850394E-2);
#3144=CIRCLE('',#3143,3.425196850394E-2);
#3159=CIRCLE('',#3158,1.023622047244E-2);
#3174=CIRCLE('',#3173,1.023622047244E-2);
#3182=CIRCLE('',#3181,6.525092068474E-1);
#3197=CIRCLE('',#3196,6.525092068474E-1);
#3205=CIRCLE('',#3204,1.023622047244E-2);
#3220=CIRCLE('',#3219,1.023622047244E-2);
#3228=CIRCLE('',#3227,3.425196850394E-2);
#3236=CIRCLE('',#3235,3.425196850394E-2);
#3251=CIRCLE('',#3250,1.023622047244E-2);
#3266=CIRCLE('',#3265,1.023622047244E-2);
#3274=CIRCLE('',#3273,6.525092068474E-1);
#3289=CIRCLE('',#3288,6.525092068474E-1);
#3297=CIRCLE('',#3296,1.023622047244E-2);
#3312=CIRCLE('',#3311,1.023622047244E-2);
#3320=CIRCLE('',#3319,3.425196850394E-2);
#3328=CIRCLE('',#3327,3.425196850394E-2);
#3343=CIRCLE('',#3342,1.023622047244E-2);
#3358=CIRCLE('',#3357,1.023622047244E-2);
#3366=CIRCLE('',#3365,6.525092068474E-1);
#3381=CIRCLE('',#3380,6.525092068474E-1);
#3389=CIRCLE('',#3388,1.023622047244E-2);
#3404=CIRCLE('',#3403,1.023622047244E-2);
#3412=CIRCLE('',#3411,3.425196850394E-2);
#3420=CIRCLE('',#3419,3.425196850394E-2);
#3435=CIRCLE('',#3434,1.023622047244E-2);
#3450=CIRCLE('',#3449,1.023622047244E-2);
#3458=CIRCLE('',#3457,6.525092068474E-1);
#3473=CIRCLE('',#3472,6.525092068474E-1);
#3481=CIRCLE('',#3480,1.023622047244E-2);
#3496=CIRCLE('',#3495,1.023622047244E-2);
#3504=CIRCLE('',#3503,3.425196850394E-2);
#3512=CIRCLE('',#3511,3.425196850394E-2);
#3527=CIRCLE('',#3526,1.023622047244E-2);
#3542=CIRCLE('',#3541,1.023622047244E-2);
#3550=CIRCLE('',#3549,6.525092068474E-1);
#3565=CIRCLE('',#3564,6.525092068474E-1);
#3573=CIRCLE('',#3572,1.023622047244E-2);
#3588=CIRCLE('',#3587,1.023622047244E-2);
#3596=CIRCLE('',#3595,3.425196850394E-2);
#3604=CIRCLE('',#3603,3.425196850394E-2);
#3619=CIRCLE('',#3618,1.023622047244E-2);
#3634=CIRCLE('',#3633,1.023622047244E-2);
#3642=CIRCLE('',#3641,6.525092068474E-1);
#3657=CIRCLE('',#3656,6.525092068474E-1);
#3665=CIRCLE('',#3664,1.023622047244E-2);
#3680=CIRCLE('',#3679,1.023622047244E-2);
#3688=CIRCLE('',#3687,3.425196850394E-2);
#3696=CIRCLE('',#3695,3.425196850394E-2);
#3711=CIRCLE('',#3710,1.023622047244E-2);
#3726=CIRCLE('',#3725,1.023622047244E-2);
#3734=CIRCLE('',#3733,6.525092068474E-1);
#3749=CIRCLE('',#3748,6.525092068474E-1);
#3757=CIRCLE('',#3756,1.023622047244E-2);
#3772=CIRCLE('',#3771,1.023622047244E-2);
#3780=CIRCLE('',#3779,3.425196850394E-2);
#3788=CIRCLE('',#3787,3.425196850394E-2);
#3803=CIRCLE('',#3802,1.023622047244E-2);
#3818=CIRCLE('',#3817,1.023622047244E-2);
#3826=CIRCLE('',#3825,6.525092068474E-1);
#3841=CIRCLE('',#3840,6.525092068474E-1);
#3849=CIRCLE('',#3848,1.023622047244E-2);
#3864=CIRCLE('',#3863,1.023622047244E-2);
#3872=CIRCLE('',#3871,3.425196850394E-2);
#3880=CIRCLE('',#3879,3.425196850394E-2);
#3895=CIRCLE('',#3894,1.023622047244E-2);
#3910=CIRCLE('',#3909,1.023622047244E-2);
#3918=CIRCLE('',#3917,6.525092068474E-1);
#3933=CIRCLE('',#3932,6.525092068474E-1);
#3941=CIRCLE('',#3940,1.023622047244E-2);
#3956=CIRCLE('',#3955,1.023622047244E-2);
#3964=CIRCLE('',#3963,3.425196850394E-2);
#3972=CIRCLE('',#3971,3.425196850394E-2);
#3987=CIRCLE('',#3986,1.023622047244E-2);
#4002=CIRCLE('',#4001,1.023622047244E-2);
#4010=CIRCLE('',#4009,6.525092068474E-1);
#4025=CIRCLE('',#4024,6.525092068474E-1);
#4033=CIRCLE('',#4032,1.023622047244E-2);
#4048=CIRCLE('',#4047,1.023622047244E-2);
#4056=CIRCLE('',#4055,3.425196850394E-2);
#4064=CIRCLE('',#4063,3.425196850394E-2);
#4079=CIRCLE('',#4078,1.023622047244E-2);
#4094=CIRCLE('',#4093,1.023622047244E-2);
#4102=CIRCLE('',#4101,6.525092068474E-1);
#4117=CIRCLE('',#4116,6.525092068474E-1);
#4125=CIRCLE('',#4124,1.023622047244E-2);
#4140=CIRCLE('',#4139,1.023622047244E-2);
#4148=CIRCLE('',#4147,3.425196850394E-2);
#4156=CIRCLE('',#4155,3.425196850394E-2);
#4788=EDGE_CURVE('',#4440,#4496,#51,.T.);
#4790=EDGE_CURVE('',#4554,#4440,#20,.T.);
#4792=EDGE_CURVE('',#4554,#4610,#28,.T.);
#4794=EDGE_CURVE('',#4496,#4610,#36,.T.);
#4798=ADVANCED_FACE('',(#4797),#4787,.T.);
#4804=EDGE_CURVE('',#4173,#4440,#44,.T.);
#4807=EDGE_CURVE('',#4297,#4496,#59,.T.);
#4809=EDGE_CURVE('',#4173,#4297,#2691,.T.);
#4813=ADVANCED_FACE('',(#4812),#4803,.T.);
#4819=EDGE_CURVE('',#4417,#4418,#67,.T.);
#4821=EDGE_CURVE('',#4281,#4417,#1848,.T.);
#4823=EDGE_CURVE('',#4281,#4282,#1879,.T.);
#4825=EDGE_CURVE('',#4418,#4282,#1894,.T.);
#4829=ADVANCED_FACE('',(#4828),#4818,.F.);
#4835=EDGE_CURVE('',#4425,#4426,#75,.T.);
#4837=EDGE_CURVE('',#4209,#4425,#834,.T.);
#4839=EDGE_CURVE('',#4209,#4210,#865,.T.);
#4841=EDGE_CURVE('',#4426,#4210,#880,.T.);
#4845=ADVANCED_FACE('',(#4844),#4834,.F.);
#4852=EDGE_CURVE('',#4173,#4174,#2684,.T.);
#4854=EDGE_CURVE('',#4552,#4174,#2653,.T.);
#4856=EDGE_CURVE('',#4440,#4552,#83,.T.);
#4860=ADVANCED_FACE('',(#4859),#4850,.F.);
#4866=EDGE_CURVE('',#4177,#4442,#1570,.T.);
#4868=EDGE_CURVE('',#4177,#4178,#1601,.T.);
#4870=EDGE_CURVE('',#4554,#4178,#1616,.T.);
#4872=EDGE_CURVE('',#4442,#4554,#91,.T.);
#4876=ADVANCED_FACE('',(#4875),#4865,.F.);
#4882=EDGE_CURVE('',#4181,#4444,#1478,.T.);
#4884=EDGE_CURVE('',#4181,#4182,#1509,.T.);
#4886=EDGE_CURVE('',#4556,#4182,#1524,.T.);
#4888=EDGE_CURVE('',#4444,#4556,#99,.T.);
#4892=ADVANCED_FACE('',(#4891),#4881,.F.);
#4898=EDGE_CURVE('',#4185,#4446,#1386,.T.);
#4900=EDGE_CURVE('',#4185,#4186,#1417,.T.);
#4902=EDGE_CURVE('',#4558,#4186,#1432,.T.);
#4904=EDGE_CURVE('',#4446,#4558,#107,.T.);
#4908=ADVANCED_FACE('',(#4907),#4897,.F.);
#4914=EDGE_CURVE('',#4189,#4448,#1294,.T.);
#4916=EDGE_CURVE('',#4189,#4190,#1325,.T.);
#4918=EDGE_CURVE('',#4560,#4190,#1340,.T.);
#4920=EDGE_CURVE('',#4448,#4560,#115,.T.);
#4924=ADVANCED_FACE('',(#4923),#4913,.F.);
#4930=EDGE_CURVE('',#4193,#4450,#1202,.T.);
#4932=EDGE_CURVE('',#4193,#4194,#1233,.T.);
#4934=EDGE_CURVE('',#4562,#4194,#1248,.T.);
#4936=EDGE_CURVE('',#4450,#4562,#123,.T.);
#4940=ADVANCED_FACE('',(#4939),#4929,.F.);
#4946=EDGE_CURVE('',#4197,#4452,#1110,.T.);
#4948=EDGE_CURVE('',#4197,#4198,#1141,.T.);
#4950=EDGE_CURVE('',#4564,#4198,#1156,.T.);
#4952=EDGE_CURVE('',#4452,#4564,#131,.T.);
#4956=ADVANCED_FACE('',(#4955),#4945,.F.);
#4962=EDGE_CURVE('',#4201,#4454,#1018,.T.);
#4964=EDGE_CURVE('',#4201,#4202,#1049,.T.);
#4966=EDGE_CURVE('',#4566,#4202,#1064,.T.);
#4968=EDGE_CURVE('',#4454,#4566,#139,.T.);
#4972=ADVANCED_FACE('',(#4971),#4961,.F.);
#4978=EDGE_CURVE('',#4205,#4456,#926,.T.);
#4980=EDGE_CURVE('',#4205,#4206,#957,.T.);
#4982=EDGE_CURVE('',#4568,#4206,#972,.T.);
#4984=EDGE_CURVE('',#4456,#4568,#147,.T.);
#4988=ADVANCED_FACE('',(#4987),#4977,.F.);
#4994=EDGE_CURVE('',#4213,#4458,#726,.T.);
#4996=EDGE_CURVE('',#4213,#4214,#757,.T.);
#4998=EDGE_CURVE('',#4570,#4214,#772,.T.);
#5000=EDGE_CURVE('',#4458,#4570,#155,.T.);
#5004=ADVANCED_FACE('',(#5003),#4993,.F.);
#5010=EDGE_CURVE('',#4217,#4460,#2791,.T.);
#5012=EDGE_CURVE('',#4217,#4218,#2776,.T.);
#5014=EDGE_CURVE('',#4572,#4218,#2745,.T.);
#5016=EDGE_CURVE('',#4460,#4572,#163,.T.);
#5020=ADVANCED_FACE('',(#5019),#5009,.F.);
#5026=EDGE_CURVE('',#4221,#4462,#2883,.T.);
#5028=EDGE_CURVE('',#4221,#4222,#2868,.T.);
#5030=EDGE_CURVE('',#4574,#4222,#2837,.T.);
#5032=EDGE_CURVE('',#4462,#4574,#171,.T.);
#5036=ADVANCED_FACE('',(#5035),#5025,.F.);
#5042=EDGE_CURVE('',#4225,#4464,#2975,.T.);
#5044=EDGE_CURVE('',#4225,#4226,#2960,.T.);
#5046=EDGE_CURVE('',#4576,#4226,#2929,.T.);
#5048=EDGE_CURVE('',#4464,#4576,#179,.T.);
#5052=ADVANCED_FACE('',(#5051),#5041,.F.);
#5058=EDGE_CURVE('',#4229,#4466,#3067,.T.);
#5060=EDGE_CURVE('',#4229,#4230,#3052,.T.);
#5062=EDGE_CURVE('',#4578,#4230,#3021,.T.);
#5064=EDGE_CURVE('',#4466,#4578,#187,.T.);
#5068=ADVANCED_FACE('',(#5067),#5057,.F.);
#5074=EDGE_CURVE('',#4233,#4468,#3159,.T.);
#5076=EDGE_CURVE('',#4233,#4234,#3144,.T.);
#5078=EDGE_CURVE('',#4580,#4234,#3113,.T.);
#5080=EDGE_CURVE('',#4468,#4580,#195,.T.);
#5084=ADVANCED_FACE('',(#5083),#5073,.F.);
#5090=EDGE_CURVE('',#4237,#4470,#3251,.T.);
#5092=EDGE_CURVE('',#4237,#4238,#3236,.T.);
#5094=EDGE_CURVE('',#4582,#4238,#3205,.T.);
#5096=EDGE_CURVE('',#4470,#4582,#203,.T.);
#5100=ADVANCED_FACE('',(#5099),#5089,.F.);
#5106=EDGE_CURVE('',#4241,#4472,#3343,.T.);
#5108=EDGE_CURVE('',#4241,#4242,#3328,.T.);
#5110=EDGE_CURVE('',#4584,#4242,#3297,.T.);
#5112=EDGE_CURVE('',#4472,#4584,#211,.T.);
#5116=ADVANCED_FACE('',(#5115),#5105,.F.);
#5122=EDGE_CURVE('',#4245,#4474,#3435,.T.);
#5124=EDGE_CURVE('',#4245,#4246,#3420,.T.);
#5126=EDGE_CURVE('',#4586,#4246,#3389,.T.);
#5128=EDGE_CURVE('',#4474,#4586,#219,.T.);
#5132=ADVANCED_FACE('',(#5131),#5121,.F.);
#5138=EDGE_CURVE('',#4249,#4476,#3527,.T.);
#5140=EDGE_CURVE('',#4249,#4250,#3512,.T.);
#5142=EDGE_CURVE('',#4588,#4250,#3481,.T.);
#5144=EDGE_CURVE('',#4476,#4588,#227,.T.);
#5148=ADVANCED_FACE('',(#5147),#5137,.F.);
#5154=EDGE_CURVE('',#4253,#4478,#3619,.T.);
#5156=EDGE_CURVE('',#4253,#4254,#3604,.T.);
#5158=EDGE_CURVE('',#4590,#4254,#3573,.T.);
#5160=EDGE_CURVE('',#4478,#4590,#235,.T.);
#5164=ADVANCED_FACE('',(#5163),#5153,.F.);
#5170=EDGE_CURVE('',#4257,#4480,#3711,.T.);
#5172=EDGE_CURVE('',#4257,#4258,#3696,.T.);
#5174=EDGE_CURVE('',#4592,#4258,#3665,.T.);
#5176=EDGE_CURVE('',#4480,#4592,#243,.T.);
#5180=ADVANCED_FACE('',(#5179),#5169,.F.);
#5186=EDGE_CURVE('',#4261,#4482,#3803,.T.);
#5188=EDGE_CURVE('',#4261,#4262,#3788,.T.);
#5190=EDGE_CURVE('',#4594,#4262,#3757,.T.);
#5192=EDGE_CURVE('',#4482,#4594,#251,.T.);
#5196=ADVANCED_FACE('',(#5195),#5185,.F.);
#5202=EDGE_CURVE('',#4265,#4484,#3895,.T.);
#5204=EDGE_CURVE('',#4265,#4266,#3880,.T.);
#5206=EDGE_CURVE('',#4596,#4266,#3849,.T.);
#5208=EDGE_CURVE('',#4484,#4596,#259,.T.);
#5212=ADVANCED_FACE('',(#5211),#5201,.F.);
#5218=EDGE_CURVE('',#4269,#4486,#3987,.T.);
#5220=EDGE_CURVE('',#4269,#4270,#3972,.T.);
#5222=EDGE_CURVE('',#4598,#4270,#3941,.T.);
#5224=EDGE_CURVE('',#4486,#4598,#267,.T.);
#5228=ADVANCED_FACE('',(#5227),#5217,.F.);
#5234=EDGE_CURVE('',#4273,#4488,#4079,.T.);
#5236=EDGE_CURVE('',#4273,#4274,#4064,.T.);
#5238=EDGE_CURVE('',#4600,#4274,#4033,.T.);
#5240=EDGE_CURVE('',#4488,#4600,#275,.T.);
#5244=ADVANCED_FACE('',(#5243),#5233,.F.);
#5250=EDGE_CURVE('',#4277,#4490,#385,.T.);
#5252=EDGE_CURVE('',#4277,#4278,#4156,.T.);
#5254=EDGE_CURVE('',#4602,#4278,#4125,.T.);
#5256=EDGE_CURVE('',#4490,#4602,#283,.T.);
#5260=ADVANCED_FACE('',(#5259),#5249,.F.);
#5266=EDGE_CURVE('',#4285,#4492,#1963,.T.);
#5268=EDGE_CURVE('',#4285,#4286,#1948,.T.);
#5270=EDGE_CURVE('',#4604,#4286,#1917,.T.);
#5272=EDGE_CURVE('',#4492,#4604,#291,.T.);
#5276=ADVANCED_FACE('',(#5275),#5265,.F.);
#5282=EDGE_CURVE('',#4289,#4494,#2055,.T.);
#5284=EDGE_CURVE('',#4289,#4290,#2040,.T.);
#5286=EDGE_CURVE('',#4606,#4290,#2009,.T.);
#5288=EDGE_CURVE('',#4494,#4606,#299,.T.);
#5292=ADVANCED_FACE('',(#5291),#5281,.F.);
#5298=EDGE_CURVE('',#4672,#4674,#307,.T.);
#5300=EDGE_CURVE('',#4741,#4672,#2607,.T.);
#5302=EDGE_CURVE('',#4741,#4742,#2592,.T.);
#5304=EDGE_CURVE('',#4674,#4742,#2561,.T.);
#5308=ADVANCED_FACE('',(#5307),#5297,.F.);
#5314=EDGE_CURVE('',#4677,#4678,#315,.T.);
#5316=EDGE_CURVE('',#4737,#4677,#2515,.T.);
#5318=EDGE_CURVE('',#4737,#4738,#2500,.T.);
#5320=EDGE_CURVE('',#4678,#4738,#2469,.T.);
#5324=ADVANCED_FACE('',(#5323),#5313,.F.);
#5330=EDGE_CURVE('',#4681,#4682,#323,.T.);
#5332=EDGE_CURVE('',#4733,#4681,#2423,.T.);
#5334=EDGE_CURVE('',#4733,#4734,#2408,.T.);
#5336=EDGE_CURVE('',#4682,#4734,#2377,.T.);
#5340=ADVANCED_FACE('',(#5339),#5329,.F.);
#5346=EDGE_CURVE('',#4685,#4686,#331,.T.);
#5348=EDGE_CURVE('',#4729,#4685,#2331,.T.);
#5350=EDGE_CURVE('',#4729,#4730,#2316,.T.);
#5352=EDGE_CURVE('',#4686,#4730,#2285,.T.);
#5356=ADVANCED_FACE('',(#5355),#5345,.F.);
#5362=EDGE_CURVE('',#4689,#4690,#339,.T.);
#5364=EDGE_CURVE('',#4725,#4689,#2239,.T.);
#5366=EDGE_CURVE('',#4725,#4726,#2224,.T.);
#5368=EDGE_CURVE('',#4690,#4726,#2193,.T.);
#5372=ADVANCED_FACE('',(#5371),#5361,.F.);
#5378=EDGE_CURVE('',#4693,#4694,#347,.T.);
#5380=EDGE_CURVE('',#4721,#4693,#2147,.T.);
#5382=EDGE_CURVE('',#4721,#4722,#2132,.T.);
#5384=EDGE_CURVE('',#4694,#4722,#2101,.T.);
#5388=ADVANCED_FACE('',(#5387),#5377,.F.);
#5395=EDGE_CURVE('',#4418,#4490,#362,.T.);
#5398=EDGE_CURVE('',#4602,#4488,#4102,.T.);
#5401=EDGE_CURVE('',#4600,#4486,#4010,.T.);
#5404=EDGE_CURVE('',#4598,#4484,#3918,.T.);
#5407=EDGE_CURVE('',#4596,#4482,#3826,.T.);
#5410=EDGE_CURVE('',#4594,#4480,#3734,.T.);
#5413=EDGE_CURVE('',#4592,#4478,#3642,.T.);
#5416=EDGE_CURVE('',#4590,#4476,#3550,.T.);
#5419=EDGE_CURVE('',#4588,#4474,#3458,.T.);
#5422=EDGE_CURVE('',#4586,#4472,#3366,.T.);
#5425=EDGE_CURVE('',#4584,#4470,#3274,.T.);
#5428=EDGE_CURVE('',#4582,#4468,#3182,.T.);
#5431=EDGE_CURVE('',#4580,#4466,#3090,.T.);
#5434=EDGE_CURVE('',#4578,#4464,#2998,.T.);
#5437=EDGE_CURVE('',#4576,#4462,#2906,.T.);
#5440=EDGE_CURVE('',#4574,#4460,#2814,.T.);
#5443=EDGE_CURVE('',#4572,#4458,#703,.T.);
#5446=EDGE_CURVE('',#4570,#4664,#803,.T.);
#5448=EDGE_CURVE('',#4664,#4422,#1638,.T.);
#5450=EDGE_CURVE('',#4421,#4422,#1661,.T.);
#5452=EDGE_CURVE('',#4668,#4421,#354,.T.);
#5454=EDGE_CURVE('',#4668,#4417,#1809,.T.);
#5458=ADVANCED_FACE('',(#5457),#5393,.T.);
#5464=EDGE_CURVE('',#4490,#4546,#392,.T.);
#5467=EDGE_CURVE('',#4418,#4660,#369,.T.);
#5469=EDGE_CURVE('',#4546,#4660,#377,.T.);
#5473=ADVANCED_FACE('',(#5472),#5463,.T.);
#5481=EDGE_CURVE('',#4401,#4546,#400,.T.);
#5483=EDGE_CURVE('',#4277,#4401,#4163,.T.);
#5487=ADVANCED_FACE('',(#5486),#5478,.T.);
#5493=EDGE_CURVE('',#4429,#4430,#408,.T.);
#5495=EDGE_CURVE('',#4429,#4338,#787,.T.);
#5497=EDGE_CURVE('',#4337,#4338,#749,.T.);
#5499=EDGE_CURVE('',#4337,#4430,#741,.T.);
#5503=ADVANCED_FACE('',(#5502),#5492,.T.);
#5509=EDGE_CURVE('',#4437,#4438,#416,.T.);
#5511=EDGE_CURVE('',#4437,#4410,#1932,.T.);
#5513=EDGE_CURVE('',#4409,#4410,#1940,.T.);
#5515=EDGE_CURVE('',#4409,#4438,#1978,.T.);
#5519=ADVANCED_FACE('',(#5518),#5508,.T.);
#5526=EDGE_CURVE('',#4608,#4496,#424,.T.);
#5528=EDGE_CURVE('',#4608,#4298,#2668,.T.);
#5530=EDGE_CURVE('',#4297,#4298,#2676,.T.);
#5534=ADVANCED_FACE('',(#5533),#5524,.T.);
#5540=EDGE_CURVE('',#4301,#4498,#1585,.T.);
#5542=EDGE_CURVE('',#4610,#4498,#432,.T.);
#5544=EDGE_CURVE('',#4610,#4302,#1631,.T.);
#5546=EDGE_CURVE('',#4301,#4302,#1593,.T.);
#5550=ADVANCED_FACE('',(#5549),#5539,.T.);
#5556=EDGE_CURVE('',#4305,#4500,#1493,.T.);
#5558=EDGE_CURVE('',#4612,#4500,#440,.T.);
#5560=EDGE_CURVE('',#4612,#4306,#1539,.T.);
#5562=EDGE_CURVE('',#4305,#4306,#1501,.T.);
#5566=ADVANCED_FACE('',(#5565),#5555,.T.);
#5572=EDGE_CURVE('',#4309,#4502,#1401,.T.);
#5574=EDGE_CURVE('',#4614,#4502,#448,.T.);
#5576=EDGE_CURVE('',#4614,#4310,#1447,.T.);
#5578=EDGE_CURVE('',#4309,#4310,#1409,.T.);
#5582=ADVANCED_FACE('',(#5581),#5571,.T.);
#5588=EDGE_CURVE('',#4313,#4504,#1309,.T.);
#5590=EDGE_CURVE('',#4616,#4504,#456,.T.);
#5592=EDGE_CURVE('',#4616,#4314,#1355,.T.);
#5594=EDGE_CURVE('',#4313,#4314,#1317,.T.);
#5598=ADVANCED_FACE('',(#5597),#5587,.T.);
#5604=EDGE_CURVE('',#4317,#4506,#1217,.T.);
#5606=EDGE_CURVE('',#4618,#4506,#464,.T.);
#5608=EDGE_CURVE('',#4618,#4318,#1263,.T.);
#5610=EDGE_CURVE('',#4317,#4318,#1225,.T.);
#5614=ADVANCED_FACE('',(#5613),#5603,.T.);
#5620=EDGE_CURVE('',#4321,#4508,#1125,.T.);
#5622=EDGE_CURVE('',#4620,#4508,#472,.T.);
#5624=EDGE_CURVE('',#4620,#4322,#1171,.T.);
#5626=EDGE_CURVE('',#4321,#4322,#1133,.T.);
#5630=ADVANCED_FACE('',(#5629),#5619,.T.);
#5636=EDGE_CURVE('',#4325,#4510,#1033,.T.);
#5638=EDGE_CURVE('',#4622,#4510,#480,.T.);
#5640=EDGE_CURVE('',#4622,#4326,#1079,.T.);
#5642=EDGE_CURVE('',#4325,#4326,#1041,.T.);
#5646=ADVANCED_FACE('',(#5645),#5635,.T.);
#5652=EDGE_CURVE('',#4329,#4512,#941,.T.);
#5654=EDGE_CURVE('',#4624,#4512,#488,.T.);
#5656=EDGE_CURVE('',#4624,#4330,#987,.T.);
#5658=EDGE_CURVE('',#4329,#4330,#949,.T.);
#5662=ADVANCED_FACE('',(#5661),#5651,.T.);
#5668=EDGE_CURVE('',#4333,#4514,#849,.T.);
#5670=EDGE_CURVE('',#4626,#4514,#496,.T.);
#5672=EDGE_CURVE('',#4626,#4334,#895,.T.);
#5674=EDGE_CURVE('',#4333,#4334,#857,.T.);
#5678=ADVANCED_FACE('',(#5677),#5667,.T.);
#5684=EDGE_CURVE('',#4341,#4516,#2806,.T.);
#5686=EDGE_CURVE('',#4628,#4516,#504,.T.);
#5688=EDGE_CURVE('',#4628,#4342,#2760,.T.);
#5690=EDGE_CURVE('',#4341,#4342,#2768,.T.);
#5694=ADVANCED_FACE('',(#5693),#5683,.T.);
#5700=EDGE_CURVE('',#4345,#4518,#2898,.T.);
#5702=EDGE_CURVE('',#4630,#4518,#512,.T.);
#5704=EDGE_CURVE('',#4630,#4346,#2852,.T.);
#5706=EDGE_CURVE('',#4345,#4346,#2860,.T.);
#5710=ADVANCED_FACE('',(#5709),#5699,.T.);
#5716=EDGE_CURVE('',#4349,#4520,#2990,.T.);
#5718=EDGE_CURVE('',#4632,#4520,#520,.T.);
#5720=EDGE_CURVE('',#4632,#4350,#2944,.T.);
#5722=EDGE_CURVE('',#4349,#4350,#2952,.T.);
#5726=ADVANCED_FACE('',(#5725),#5715,.T.);
#5732=EDGE_CURVE('',#4353,#4522,#3082,.T.);
#5734=EDGE_CURVE('',#4634,#4522,#528,.T.);
#5736=EDGE_CURVE('',#4634,#4354,#3036,.T.);
#5738=EDGE_CURVE('',#4353,#4354,#3044,.T.);
#5742=ADVANCED_FACE('',(#5741),#5731,.T.);
#5748=EDGE_CURVE('',#4357,#4524,#3174,.T.);
#5750=EDGE_CURVE('',#4636,#4524,#536,.T.);
#5752=EDGE_CURVE('',#4636,#4358,#3128,.T.);
#5754=EDGE_CURVE('',#4357,#4358,#3136,.T.);
#5758=ADVANCED_FACE('',(#5757),#5747,.T.);
#5764=EDGE_CURVE('',#4361,#4526,#3266,.T.);
#5766=EDGE_CURVE('',#4638,#4526,#544,.T.);
#5768=EDGE_CURVE('',#4638,#4362,#3220,.T.);
#5770=EDGE_CURVE('',#4361,#4362,#3228,.T.);
#5774=ADVANCED_FACE('',(#5773),#5763,.T.);
#5780=EDGE_CURVE('',#4365,#4528,#3358,.T.);
#5782=EDGE_CURVE('',#4640,#4528,#552,.T.);
#5784=EDGE_CURVE('',#4640,#4366,#3312,.T.);
#5786=EDGE_CURVE('',#4365,#4366,#3320,.T.);
#5790=ADVANCED_FACE('',(#5789),#5779,.T.);
#5796=EDGE_CURVE('',#4369,#4530,#3450,.T.);
#5798=EDGE_CURVE('',#4642,#4530,#560,.T.);
#5800=EDGE_CURVE('',#4642,#4370,#3404,.T.);
#5802=EDGE_CURVE('',#4369,#4370,#3412,.T.);
#5806=ADVANCED_FACE('',(#5805),#5795,.T.);
#5812=EDGE_CURVE('',#4373,#4532,#3542,.T.);
#5814=EDGE_CURVE('',#4644,#4532,#568,.T.);
#5816=EDGE_CURVE('',#4644,#4374,#3496,.T.);
#5818=EDGE_CURVE('',#4373,#4374,#3504,.T.);
#5822=ADVANCED_FACE('',(#5821),#5811,.T.);
#5828=EDGE_CURVE('',#4377,#4534,#3634,.T.);
#5830=EDGE_CURVE('',#4646,#4534,#576,.T.);
#5832=EDGE_CURVE('',#4646,#4378,#3588,.T.);
#5834=EDGE_CURVE('',#4377,#4378,#3596,.T.);
#5838=ADVANCED_FACE('',(#5837),#5827,.T.);
#5844=EDGE_CURVE('',#4381,#4536,#3726,.T.);
#5846=EDGE_CURVE('',#4648,#4536,#584,.T.);
#5848=EDGE_CURVE('',#4648,#4382,#3680,.T.);
#5850=EDGE_CURVE('',#4381,#4382,#3688,.T.);
#5854=ADVANCED_FACE('',(#5853),#5843,.T.);
#5860=EDGE_CURVE('',#4385,#4538,#3818,.T.);
#5862=EDGE_CURVE('',#4650,#4538,#592,.T.);
#5864=EDGE_CURVE('',#4650,#4386,#3772,.T.);
#5866=EDGE_CURVE('',#4385,#4386,#3780,.T.);
#5870=ADVANCED_FACE('',(#5869),#5859,.T.);
#5876=EDGE_CURVE('',#4389,#4540,#3910,.T.);
#5878=EDGE_CURVE('',#4652,#4540,#600,.T.);
#5880=EDGE_CURVE('',#4652,#4390,#3864,.T.);
#5882=EDGE_CURVE('',#4389,#4390,#3872,.T.);
#5886=ADVANCED_FACE('',(#5885),#5875,.T.);
#5892=EDGE_CURVE('',#4393,#4542,#4002,.T.);
#5894=EDGE_CURVE('',#4654,#4542,#608,.T.);
#5896=EDGE_CURVE('',#4654,#4394,#3956,.T.);
#5898=EDGE_CURVE('',#4393,#4394,#3964,.T.);
#5902=ADVANCED_FACE('',(#5901),#5891,.T.);
#5908=EDGE_CURVE('',#4397,#4544,#4094,.T.);
#5910=EDGE_CURVE('',#4656,#4544,#616,.T.);
#5912=EDGE_CURVE('',#4656,#4398,#4048,.T.);
#5914=EDGE_CURVE('',#4397,#4398,#4056,.T.);
#5918=ADVANCED_FACE('',(#5917),#5907,.T.);
#5925=EDGE_CURVE('',#4658,#4546,#624,.T.);
#5927=EDGE_CURVE('',#4658,#4402,#4140,.T.);
#5929=EDGE_CURVE('',#4401,#4402,#4148,.T.);
#5933=ADVANCED_FACE('',(#5932),#5923,.T.);
#5939=EDGE_CURVE('',#4405,#4548,#1863,.T.);
#5941=EDGE_CURVE('',#4660,#4548,#632,.T.);
#5943=EDGE_CURVE('',#4660,#4406,#1909,.T.);
#5945=EDGE_CURVE('',#4405,#4406,#1871,.T.);
#5949=ADVANCED_FACE('',(#5948),#5938,.T.);
#5955=EDGE_CURVE('',#4413,#4550,#2070,.T.);
#5957=EDGE_CURVE('',#4662,#4550,#640,.T.);
#5959=EDGE_CURVE('',#4662,#4414,#2024,.T.);
#5961=EDGE_CURVE('',#4413,#4414,#2032,.T.);
#5965=ADVANCED_FACE('',(#5964),#5954,.T.);
#5971=EDGE_CURVE('',#4697,#4698,#648,.T.);
#5973=EDGE_CURVE('',#4697,#4746,#2116,.T.);
#5975=EDGE_CURVE('',#4745,#4746,#2124,.T.);
#5977=EDGE_CURVE('',#4745,#4698,#2162,.T.);
#5981=ADVANCED_FACE('',(#5980),#5970,.T.);
#5987=EDGE_CURVE('',#4701,#4702,#656,.T.);
#5989=EDGE_CURVE('',#4701,#4750,#2208,.T.);
#5991=EDGE_CURVE('',#4749,#4750,#2216,.T.);
#5993=EDGE_CURVE('',#4749,#4702,#2254,.T.);
#5997=ADVANCED_FACE('',(#5996),#5986,.T.);
#6003=EDGE_CURVE('',#4705,#4706,#664,.T.);
#6005=EDGE_CURVE('',#4705,#4754,#2300,.T.);
#6007=EDGE_CURVE('',#4753,#4754,#2308,.T.);
#6009=EDGE_CURVE('',#4753,#4706,#2346,.T.);
#6013=ADVANCED_FACE('',(#6012),#6002,.T.);
#6019=EDGE_CURVE('',#4709,#4710,#672,.T.);
#6021=EDGE_CURVE('',#4709,#4758,#2392,.T.);
#6023=EDGE_CURVE('',#4757,#4758,#2400,.T.);
#6025=EDGE_CURVE('',#4757,#4710,#2438,.T.);
#6029=ADVANCED_FACE('',(#6028),#6018,.T.);
#6035=EDGE_CURVE('',#4713,#4714,#680,.T.);
#6037=EDGE_CURVE('',#4713,#4762,#2484,.T.);
#6039=EDGE_CURVE('',#4761,#4762,#2492,.T.);
#6041=EDGE_CURVE('',#4761,#4714,#2530,.T.);
#6045=ADVANCED_FACE('',(#6044),#6034,.T.);
#6051=EDGE_CURVE('',#4718,#4716,#688,.T.);
#6053=EDGE_CURVE('',#4718,#4766,#2576,.T.);
#6055=EDGE_CURVE('',#4765,#4766,#2584,.T.);
#6057=EDGE_CURVE('',#4765,#4716,#2622,.T.);
#6061=ADVANCED_FACE('',(#6060),#6050,.T.);
#6068=EDGE_CURVE('',#4430,#4628,#718,.T.);
#6071=EDGE_CURVE('',#4516,#4630,#2829,.T.);
#6074=EDGE_CURVE('',#4518,#4632,#2921,.T.);
#6077=EDGE_CURVE('',#4520,#4634,#3013,.T.);
#6080=EDGE_CURVE('',#4522,#4636,#3105,.T.);
#6083=EDGE_CURVE('',#4524,#4638,#3197,.T.);
#6086=EDGE_CURVE('',#4526,#4640,#3289,.T.);
#6089=EDGE_CURVE('',#4528,#4642,#3381,.T.);
#6092=EDGE_CURVE('',#4530,#4644,#3473,.T.);
#6095=EDGE_CURVE('',#4532,#4646,#3565,.T.);
#6098=EDGE_CURVE('',#4534,#4648,#3657,.T.);
#6101=EDGE_CURVE('',#4536,#4650,#3749,.T.);
#6104=EDGE_CURVE('',#4538,#4652,#3841,.T.);
#6107=EDGE_CURVE('',#4540,#4654,#3933,.T.);
#6110=EDGE_CURVE('',#4542,#4656,#4025,.T.);
#6113=EDGE_CURVE('',#4544,#4658,#4117,.T.);
#6118=EDGE_CURVE('',#4548,#4666,#1840,.T.);
#6120=EDGE_CURVE('',#4666,#4434,#1801,.T.);
#6122=EDGE_CURVE('',#4433,#4434,#2699,.T.);
#6124=EDGE_CURVE('',#4670,#4433,#695,.T.);
#6126=EDGE_CURVE('',#4670,#4429,#818,.T.);
#6130=ADVANCED_FACE('',(#6129),#6066,.T.);
#6136=EDGE_CURVE('',#4458,#4430,#733,.T.);
#6139=EDGE_CURVE('',#4572,#4628,#710,.T.);
#6144=ADVANCED_FACE('',(#6143),#6135,.T.);
#6153=EDGE_CURVE('',#4213,#4337,#764,.T.);
#6157=ADVANCED_FACE('',(#6156),#6149,.T.);
#6164=EDGE_CURVE('',#4214,#4338,#779,.T.);
#6170=ADVANCED_FACE('',(#6169),#6162,.F.);
#6179=EDGE_CURVE('',#4570,#4429,#810,.T.);
#6183=ADVANCED_FACE('',(#6182),#6175,.T.);
#6189=EDGE_CURVE('',#4425,#4514,#841,.T.);
#6191=EDGE_CURVE('',#4664,#4425,#795,.T.);
#6196=EDGE_CURVE('',#4514,#4670,#826,.T.);
#6200=ADVANCED_FACE('',(#6199),#6188,.T.);
#6209=EDGE_CURVE('',#4209,#4333,#872,.T.);
#6213=ADVANCED_FACE('',(#6212),#6205,.T.);
#6220=EDGE_CURVE('',#4210,#4334,#887,.T.);
#6226=ADVANCED_FACE('',(#6225),#6218,.F.);
#6235=EDGE_CURVE('',#4426,#4626,#910,.T.);
#6239=ADVANCED_FACE('',(#6238),#6231,.T.);
#6245=EDGE_CURVE('',#4456,#4512,#933,.T.);
#6247=EDGE_CURVE('',#4426,#4456,#903,.T.);
#6250=EDGE_CURVE('',#4512,#4626,#918,.T.);
#6254=ADVANCED_FACE('',(#6253),#6244,.T.);
#6263=EDGE_CURVE('',#4205,#4329,#964,.T.);
#6267=ADVANCED_FACE('',(#6266),#6259,.T.);
#6274=EDGE_CURVE('',#4206,#4330,#979,.T.);
#6280=ADVANCED_FACE('',(#6279),#6272,.F.);
#6289=EDGE_CURVE('',#4568,#4624,#1002,.T.);
#6293=ADVANCED_FACE('',(#6292),#6285,.T.);
#6299=EDGE_CURVE('',#4454,#4510,#1025,.T.);
#6301=EDGE_CURVE('',#4568,#4454,#995,.T.);
#6304=EDGE_CURVE('',#4510,#4624,#1010,.T.);
#6308=ADVANCED_FACE('',(#6307),#6298,.T.);
#6317=EDGE_CURVE('',#4201,#4325,#1056,.T.);
#6321=ADVANCED_FACE('',(#6320),#6313,.T.);
#6328=EDGE_CURVE('',#4202,#4326,#1071,.T.);
#6334=ADVANCED_FACE('',(#6333),#6326,.F.);
#6343=EDGE_CURVE('',#4566,#4622,#1094,.T.);
#6347=ADVANCED_FACE('',(#6346),#6339,.T.);
#6353=EDGE_CURVE('',#4452,#4508,#1117,.T.);
#6355=EDGE_CURVE('',#4566,#4452,#1087,.T.);
#6358=EDGE_CURVE('',#4508,#4622,#1102,.T.);
#6362=ADVANCED_FACE('',(#6361),#6352,.T.);
#6371=EDGE_CURVE('',#4197,#4321,#1148,.T.);
#6375=ADVANCED_FACE('',(#6374),#6367,.T.);
#6382=EDGE_CURVE('',#4198,#4322,#1163,.T.);
#6388=ADVANCED_FACE('',(#6387),#6380,.F.);
#6397=EDGE_CURVE('',#4564,#4620,#1186,.T.);
#6401=ADVANCED_FACE('',(#6400),#6393,.T.);
#6407=EDGE_CURVE('',#4450,#4506,#1209,.T.);
#6409=EDGE_CURVE('',#4564,#4450,#1179,.T.);
#6412=EDGE_CURVE('',#4506,#4620,#1194,.T.);
#6416=ADVANCED_FACE('',(#6415),#6406,.T.);
#6425=EDGE_CURVE('',#4193,#4317,#1240,.T.);
#6429=ADVANCED_FACE('',(#6428),#6421,.T.);
#6436=EDGE_CURVE('',#4194,#4318,#1255,.T.);
#6442=ADVANCED_FACE('',(#6441),#6434,.F.);
#6451=EDGE_CURVE('',#4562,#4618,#1278,.T.);
#6455=ADVANCED_FACE('',(#6454),#6447,.T.);
#6461=EDGE_CURVE('',#4448,#4504,#1301,.T.);
#6463=EDGE_CURVE('',#4562,#4448,#1271,.T.);
#6466=EDGE_CURVE('',#4504,#4618,#1286,.T.);
#6470=ADVANCED_FACE('',(#6469),#6460,.T.);
#6479=EDGE_CURVE('',#4189,#4313,#1332,.T.);
#6483=ADVANCED_FACE('',(#6482),#6475,.T.);
#6490=EDGE_CURVE('',#4190,#4314,#1347,.T.);
#6496=ADVANCED_FACE('',(#6495),#6488,.F.);
#6505=EDGE_CURVE('',#4560,#4616,#1370,.T.);
#6509=ADVANCED_FACE('',(#6508),#6501,.T.);
#6515=EDGE_CURVE('',#4446,#4502,#1393,.T.);
#6517=EDGE_CURVE('',#4560,#4446,#1363,.T.);
#6520=EDGE_CURVE('',#4502,#4616,#1378,.T.);
#6524=ADVANCED_FACE('',(#6523),#6514,.T.);
#6533=EDGE_CURVE('',#4185,#4309,#1424,.T.);
#6537=ADVANCED_FACE('',(#6536),#6529,.T.);
#6544=EDGE_CURVE('',#4186,#4310,#1439,.T.);
#6550=ADVANCED_FACE('',(#6549),#6542,.F.);
#6559=EDGE_CURVE('',#4558,#4614,#1462,.T.);
#6563=ADVANCED_FACE('',(#6562),#6555,.T.);
#6569=EDGE_CURVE('',#4444,#4500,#1485,.T.);
#6571=EDGE_CURVE('',#4558,#4444,#1455,.T.);
#6574=EDGE_CURVE('',#4500,#4614,#1470,.T.);
#6578=ADVANCED_FACE('',(#6577),#6568,.T.);
#6587=EDGE_CURVE('',#4181,#4305,#1516,.T.);
#6591=ADVANCED_FACE('',(#6590),#6583,.T.);
#6598=EDGE_CURVE('',#4182,#4306,#1531,.T.);
#6604=ADVANCED_FACE('',(#6603),#6596,.F.);
#6613=EDGE_CURVE('',#4556,#4612,#1554,.T.);
#6617=ADVANCED_FACE('',(#6616),#6609,.T.);
#6623=EDGE_CURVE('',#4442,#4498,#1577,.T.);
#6625=EDGE_CURVE('',#4556,#4442,#1547,.T.);
#6628=EDGE_CURVE('',#4498,#4612,#1562,.T.);
#6632=ADVANCED_FACE('',(#6631),#6622,.T.);
#6641=EDGE_CURVE('',#4177,#4301,#1608,.T.);
#6645=ADVANCED_FACE('',(#6644),#6637,.T.);
#6652=EDGE_CURVE('',#4178,#4302,#1623,.T.);
#6658=ADVANCED_FACE('',(#6657),#6650,.F.);
#6670=ADVANCED_FACE('',(#6669),#6663,.T.);
#6676=EDGE_CURVE('',#4422,#4421,#1646,.T.);
#6699=EDGE_CURVE('',#4552,#4672,#2645,.T.);
#6702=EDGE_CURVE('',#4674,#4677,#2538,.T.);
#6705=EDGE_CURVE('',#4678,#4681,#2446,.T.);
#6708=EDGE_CURVE('',#4682,#4685,#2354,.T.);
#6711=EDGE_CURVE('',#4686,#4689,#2262,.T.);
#6714=EDGE_CURVE('',#4690,#4693,#2170,.T.);
#6717=EDGE_CURVE('',#4694,#4494,#2078,.T.);
#6720=EDGE_CURVE('',#4606,#4492,#1986,.T.);
#6723=EDGE_CURVE('',#4604,#4668,#1817,.T.);
#6728=ADVANCED_FACE('',(#6727),#6675,.T.);
#6735=EDGE_CURVE('',#4421,#4169,#1653,.T.);
#6737=EDGE_CURVE('',#4169,#4170,#1676,.T.);
#6739=EDGE_CURVE('',#4422,#4170,#1668,.T.);
#6743=ADVANCED_FACE('',(#6742),#6733,.T.);
#6751=EDGE_CURVE('',#4170,#4169,#1684,.T.);
#6756=ADVANCED_FACE('',(#6755),#6748,.T.);
#6766=EDGE_CURVE('',#4777,#4778,#1692,.T.);
#6768=EDGE_CURVE('',#4778,#4777,#1700,.T.);
#6772=ADVANCED_FACE('',(#6765,#6771),#6761,.T.);
#6779=EDGE_CURVE('',#4778,#4782,#1716,.T.);
#6781=EDGE_CURVE('',#4781,#4782,#2737,.T.);
#6783=EDGE_CURVE('',#4777,#4781,#1708,.T.);
#6787=ADVANCED_FACE('',(#6786),#6777,.T.);
#6795=EDGE_CURVE('',#4782,#4781,#1739,.T.);
#6800=ADVANCED_FACE('',(#6799),#6792,.T.);
#6806=EDGE_CURVE('',#4774,#4773,#1724,.T.);
#6808=EDGE_CURVE('',#4773,#4782,#1731,.T.);
#6811=EDGE_CURVE('',#4774,#4781,#2729,.T.);
#6815=ADVANCED_FACE('',(#6814),#6805,.F.);
#6821=EDGE_CURVE('',#4770,#4769,#1779,.T.);
#6823=EDGE_CURVE('',#4769,#4773,#2714,.T.);
#6826=EDGE_CURVE('',#4770,#4774,#1747,.T.);
#6830=ADVANCED_FACE('',(#6829),#6820,.T.);
#6836=EDGE_CURVE('',#4293,#4294,#1755,.T.);
#6838=EDGE_CURVE('',#4294,#4293,#1763,.T.);
#6842=EDGE_CURVE('',#4769,#4770,#1771,.T.);
#6847=ADVANCED_FACE('',(#6841,#6846),#6835,.F.);
#6853=EDGE_CURVE('',#4434,#4433,#1787,.T.);
#6855=EDGE_CURVE('',#4433,#4294,#2706,.T.);
#6858=EDGE_CURVE('',#4434,#4293,#1794,.T.);
#6862=ADVANCED_FACE('',(#6861),#6852,.T.);
#6870=EDGE_CURVE('',#4666,#4437,#1832,.T.);
#6873=EDGE_CURVE('',#4438,#4662,#2001,.T.);
#6876=EDGE_CURVE('',#4550,#4697,#2093,.T.);
#6879=EDGE_CURVE('',#4698,#4701,#2185,.T.);
#6882=EDGE_CURVE('',#4702,#4705,#2277,.T.);
#6885=EDGE_CURVE('',#4706,#4709,#2369,.T.);
#6888=EDGE_CURVE('',#4710,#4713,#2461,.T.);
#6891=EDGE_CURVE('',#4714,#4718,#2553,.T.);
#6894=EDGE_CURVE('',#4716,#4608,#2637,.T.);
#6919=ADVANCED_FACE('',(#6918),#6867,.T.);
#6925=EDGE_CURVE('',#4417,#4548,#1855,.T.);
#6929=EDGE_CURVE('',#4604,#4437,#1824,.T.);
#6935=ADVANCED_FACE('',(#6934),#6924,.T.);
#6944=EDGE_CURVE('',#4281,#4405,#1886,.T.);
#6948=ADVANCED_FACE('',(#6947),#6940,.T.);
#6955=EDGE_CURVE('',#4282,#4406,#1901,.T.);
#6961=ADVANCED_FACE('',(#6960),#6953,.F.);
#6973=ADVANCED_FACE('',(#6972),#6966,.T.);
#6980=EDGE_CURVE('',#4286,#4410,#1924,.T.);
#6986=ADVANCED_FACE('',(#6985),#6978,.T.);
#6995=EDGE_CURVE('',#4285,#4409,#1955,.T.);
#6999=ADVANCED_FACE('',(#6998),#6991,.F.);
#7006=EDGE_CURVE('',#4492,#4438,#1970,.T.);
#7012=ADVANCED_FACE('',(#7011),#7004,.T.);
#7020=EDGE_CURVE('',#4606,#4662,#1993,.T.);
#7025=ADVANCED_FACE('',(#7024),#7017,.T.);
#7032=EDGE_CURVE('',#4290,#4414,#2016,.T.);
#7038=ADVANCED_FACE('',(#7037),#7030,.T.);
#7047=EDGE_CURVE('',#4289,#4413,#2047,.T.);
#7051=ADVANCED_FACE('',(#7050),#7043,.F.);
#7058=EDGE_CURVE('',#4494,#4550,#2062,.T.);
#7064=ADVANCED_FACE('',(#7063),#7056,.T.);
#7072=EDGE_CURVE('',#4694,#4697,#2085,.T.);
#7077=ADVANCED_FACE('',(#7076),#7069,.T.);
#7084=EDGE_CURVE('',#4722,#4746,#2108,.T.);
#7090=ADVANCED_FACE('',(#7089),#7082,.T.);
#7099=EDGE_CURVE('',#4721,#4745,#2139,.T.);
#7103=ADVANCED_FACE('',(#7102),#7095,.F.);
#7110=EDGE_CURVE('',#4693,#4698,#2154,.T.);
#7116=ADVANCED_FACE('',(#7115),#7108,.T.);
#7124=EDGE_CURVE('',#4690,#4701,#2177,.T.);
#7129=ADVANCED_FACE('',(#7128),#7121,.T.);
#7136=EDGE_CURVE('',#4726,#4750,#2200,.T.);
#7142=ADVANCED_FACE('',(#7141),#7134,.T.);
#7151=EDGE_CURVE('',#4725,#4749,#2231,.T.);
#7155=ADVANCED_FACE('',(#7154),#7147,.F.);
#7162=EDGE_CURVE('',#4689,#4702,#2246,.T.);
#7168=ADVANCED_FACE('',(#7167),#7160,.T.);
#7176=EDGE_CURVE('',#4686,#4705,#2269,.T.);
#7181=ADVANCED_FACE('',(#7180),#7173,.T.);
#7188=EDGE_CURVE('',#4730,#4754,#2292,.T.);
#7194=ADVANCED_FACE('',(#7193),#7186,.T.);
#7203=EDGE_CURVE('',#4729,#4753,#2323,.T.);
#7207=ADVANCED_FACE('',(#7206),#7199,.F.);
#7214=EDGE_CURVE('',#4685,#4706,#2338,.T.);
#7220=ADVANCED_FACE('',(#7219),#7212,.T.);
#7228=EDGE_CURVE('',#4682,#4709,#2361,.T.);
#7233=ADVANCED_FACE('',(#7232),#7225,.T.);
#7240=EDGE_CURVE('',#4734,#4758,#2384,.T.);
#7246=ADVANCED_FACE('',(#7245),#7238,.T.);
#7255=EDGE_CURVE('',#4733,#4757,#2415,.T.);
#7259=ADVANCED_FACE('',(#7258),#7251,.F.);
#7266=EDGE_CURVE('',#4681,#4710,#2430,.T.);
#7272=ADVANCED_FACE('',(#7271),#7264,.T.);
#7280=EDGE_CURVE('',#4678,#4713,#2453,.T.);
#7285=ADVANCED_FACE('',(#7284),#7277,.T.);
#7292=EDGE_CURVE('',#4738,#4762,#2476,.T.);
#7298=ADVANCED_FACE('',(#7297),#7290,.T.);
#7307=EDGE_CURVE('',#4737,#4761,#2507,.T.);
#7311=ADVANCED_FACE('',(#7310),#7303,.F.);
#7318=EDGE_CURVE('',#4677,#4714,#2522,.T.);
#7324=ADVANCED_FACE('',(#7323),#7316,.T.);
#7332=EDGE_CURVE('',#4674,#4718,#2545,.T.);
#7337=ADVANCED_FACE('',(#7336),#7329,.T.);
#7344=EDGE_CURVE('',#4742,#4766,#2568,.T.);
#7350=ADVANCED_FACE('',(#7349),#7342,.T.);
#7359=EDGE_CURVE('',#4741,#4765,#2599,.T.);
#7363=ADVANCED_FACE('',(#7362),#7355,.F.);
#7370=EDGE_CURVE('',#4672,#4716,#2614,.T.);
#7376=ADVANCED_FACE('',(#7375),#7368,.T.);
#7382=EDGE_CURVE('',#4552,#4608,#2629,.T.);
#7389=ADVANCED_FACE('',(#7388),#7381,.T.);
#7396=EDGE_CURVE('',#4174,#4298,#2660,.T.);
#7402=ADVANCED_FACE('',(#7401),#7394,.T.);
#7414=ADVANCED_FACE('',(#7413),#7407,.F.);
#7426=ADVANCED_FACE('',(#7425),#7419,.T.);
#7434=EDGE_CURVE('',#4773,#4774,#2722,.T.);
#7439=ADVANCED_FACE('',(#7438),#7431,.T.);
#7451=ADVANCED_FACE('',(#7450),#7444,.F.);
#7458=EDGE_CURVE('',#4218,#4342,#2752,.T.);
#7464=ADVANCED_FACE('',(#7463),#7456,.T.);
#7473=EDGE_CURVE('',#4217,#4341,#2783,.T.);
#7477=ADVANCED_FACE('',(#7476),#7469,.F.);
#7484=EDGE_CURVE('',#4460,#4516,#2798,.T.);
#7490=ADVANCED_FACE('',(#7489),#7482,.T.);
#7498=EDGE_CURVE('',#4574,#4630,#2821,.T.);
#7503=ADVANCED_FACE('',(#7502),#7495,.T.);
#7510=EDGE_CURVE('',#4222,#4346,#2844,.T.);
#7516=ADVANCED_FACE('',(#7515),#7508,.T.);
#7525=EDGE_CURVE('',#4221,#4345,#2875,.T.);
#7529=ADVANCED_FACE('',(#7528),#7521,.F.);
#7536=EDGE_CURVE('',#4462,#4518,#2890,.T.);
#7542=ADVANCED_FACE('',(#7541),#7534,.T.);
#7550=EDGE_CURVE('',#4576,#4632,#2913,.T.);
#7555=ADVANCED_FACE('',(#7554),#7547,.T.);
#7562=EDGE_CURVE('',#4226,#4350,#2936,.T.);
#7568=ADVANCED_FACE('',(#7567),#7560,.T.);
#7577=EDGE_CURVE('',#4225,#4349,#2967,.T.);
#7581=ADVANCED_FACE('',(#7580),#7573,.F.);
#7588=EDGE_CURVE('',#4464,#4520,#2982,.T.);
#7594=ADVANCED_FACE('',(#7593),#7586,.T.);
#7602=EDGE_CURVE('',#4578,#4634,#3005,.T.);
#7607=ADVANCED_FACE('',(#7606),#7599,.T.);
#7614=EDGE_CURVE('',#4230,#4354,#3028,.T.);
#7620=ADVANCED_FACE('',(#7619),#7612,.T.);
#7629=EDGE_CURVE('',#4229,#4353,#3059,.T.);
#7633=ADVANCED_FACE('',(#7632),#7625,.F.);
#7640=EDGE_CURVE('',#4466,#4522,#3074,.T.);
#7646=ADVANCED_FACE('',(#7645),#7638,.T.);
#7654=EDGE_CURVE('',#4580,#4636,#3097,.T.);
#7659=ADVANCED_FACE('',(#7658),#7651,.T.);
#7666=EDGE_CURVE('',#4234,#4358,#3120,.T.);
#7672=ADVANCED_FACE('',(#7671),#7664,.T.);
#7681=EDGE_CURVE('',#4233,#4357,#3151,.T.);
#7685=ADVANCED_FACE('',(#7684),#7677,.F.);
#7692=EDGE_CURVE('',#4468,#4524,#3166,.T.);
#7698=ADVANCED_FACE('',(#7697),#7690,.T.);
#7706=EDGE_CURVE('',#4582,#4638,#3189,.T.);
#7711=ADVANCED_FACE('',(#7710),#7703,.T.);
#7718=EDGE_CURVE('',#4238,#4362,#3212,.T.);
#7724=ADVANCED_FACE('',(#7723),#7716,.T.);
#7733=EDGE_CURVE('',#4237,#4361,#3243,.T.);
#7737=ADVANCED_FACE('',(#7736),#7729,.F.);
#7744=EDGE_CURVE('',#4470,#4526,#3258,.T.);
#7750=ADVANCED_FACE('',(#7749),#7742,.T.);
#7758=EDGE_CURVE('',#4584,#4640,#3281,.T.);
#7763=ADVANCED_FACE('',(#7762),#7755,.T.);
#7770=EDGE_CURVE('',#4242,#4366,#3304,.T.);
#7776=ADVANCED_FACE('',(#7775),#7768,.T.);
#7785=EDGE_CURVE('',#4241,#4365,#3335,.T.);
#7789=ADVANCED_FACE('',(#7788),#7781,.F.);
#7796=EDGE_CURVE('',#4472,#4528,#3350,.T.);
#7802=ADVANCED_FACE('',(#7801),#7794,.T.);
#7810=EDGE_CURVE('',#4586,#4642,#3373,.T.);
#7815=ADVANCED_FACE('',(#7814),#7807,.T.);
#7822=EDGE_CURVE('',#4246,#4370,#3396,.T.);
#7828=ADVANCED_FACE('',(#7827),#7820,.T.);
#7837=EDGE_CURVE('',#4245,#4369,#3427,.T.);
#7841=ADVANCED_FACE('',(#7840),#7833,.F.);
#7848=EDGE_CURVE('',#4474,#4530,#3442,.T.);
#7854=ADVANCED_FACE('',(#7853),#7846,.T.);
#7862=EDGE_CURVE('',#4588,#4644,#3465,.T.);
#7867=ADVANCED_FACE('',(#7866),#7859,.T.);
#7874=EDGE_CURVE('',#4250,#4374,#3488,.T.);
#7880=ADVANCED_FACE('',(#7879),#7872,.T.);
#7889=EDGE_CURVE('',#4249,#4373,#3519,.T.);
#7893=ADVANCED_FACE('',(#7892),#7885,.F.);
#7900=EDGE_CURVE('',#4476,#4532,#3534,.T.);
#7906=ADVANCED_FACE('',(#7905),#7898,.T.);
#7914=EDGE_CURVE('',#4590,#4646,#3557,.T.);
#7919=ADVANCED_FACE('',(#7918),#7911,.T.);
#7926=EDGE_CURVE('',#4254,#4378,#3580,.T.);
#7932=ADVANCED_FACE('',(#7931),#7924,.T.);
#7941=EDGE_CURVE('',#4253,#4377,#3611,.T.);
#7945=ADVANCED_FACE('',(#7944),#7937,.F.);
#7952=EDGE_CURVE('',#4478,#4534,#3626,.T.);
#7958=ADVANCED_FACE('',(#7957),#7950,.T.);
#7966=EDGE_CURVE('',#4592,#4648,#3649,.T.);
#7971=ADVANCED_FACE('',(#7970),#7963,.T.);
#7978=EDGE_CURVE('',#4258,#4382,#3672,.T.);
#7984=ADVANCED_FACE('',(#7983),#7976,.T.);
#7993=EDGE_CURVE('',#4257,#4381,#3703,.T.);
#7997=ADVANCED_FACE('',(#7996),#7989,.F.);
#8004=EDGE_CURVE('',#4480,#4536,#3718,.T.);
#8010=ADVANCED_FACE('',(#8009),#8002,.T.);
#8018=EDGE_CURVE('',#4594,#4650,#3741,.T.);
#8023=ADVANCED_FACE('',(#8022),#8015,.T.);
#8030=EDGE_CURVE('',#4262,#4386,#3764,.T.);
#8036=ADVANCED_FACE('',(#8035),#8028,.T.);
#8045=EDGE_CURVE('',#4261,#4385,#3795,.T.);
#8049=ADVANCED_FACE('',(#8048),#8041,.F.);
#8056=EDGE_CURVE('',#4482,#4538,#3810,.T.);
#8062=ADVANCED_FACE('',(#8061),#8054,.T.);
#8070=EDGE_CURVE('',#4596,#4652,#3833,.T.);
#8075=ADVANCED_FACE('',(#8074),#8067,.T.);
#8082=EDGE_CURVE('',#4266,#4390,#3856,.T.);
#8088=ADVANCED_FACE('',(#8087),#8080,.T.);
#8097=EDGE_CURVE('',#4265,#4389,#3887,.T.);
#8101=ADVANCED_FACE('',(#8100),#8093,.F.);
#8108=EDGE_CURVE('',#4484,#4540,#3902,.T.);
#8114=ADVANCED_FACE('',(#8113),#8106,.T.);
#8122=EDGE_CURVE('',#4598,#4654,#3925,.T.);
#8127=ADVANCED_FACE('',(#8126),#8119,.T.);
#8134=EDGE_CURVE('',#4270,#4394,#3948,.T.);
#8140=ADVANCED_FACE('',(#8139),#8132,.T.);
#8149=EDGE_CURVE('',#4269,#4393,#3979,.T.);
#8153=ADVANCED_FACE('',(#8152),#8145,.F.);
#8160=EDGE_CURVE('',#4486,#4542,#3994,.T.);
#8166=ADVANCED_FACE('',(#8165),#8158,.T.);
#8174=EDGE_CURVE('',#4600,#4656,#4017,.T.);
#8179=ADVANCED_FACE('',(#8178),#8171,.T.);
#8186=EDGE_CURVE('',#4274,#4398,#4040,.T.);
#8192=ADVANCED_FACE('',(#8191),#8184,.T.);
#8201=EDGE_CURVE('',#4273,#4397,#4071,.T.);
#8205=ADVANCED_FACE('',(#8204),#8197,.F.);
#8212=EDGE_CURVE('',#4488,#4544,#4086,.T.);
#8218=ADVANCED_FACE('',(#8217),#8210,.T.);
#8226=EDGE_CURVE('',#4602,#4658,#4109,.T.);
#8231=ADVANCED_FACE('',(#8230),#8223,.T.);
#8238=EDGE_CURVE('',#4278,#4402,#4132,.T.);
#8244=ADVANCED_FACE('',(#8243),#8236,.T.);
#8256=ADVANCED_FACE('',(#8255),#8249,.F.);
#8257=CLOSED_SHELL('',(#4798,#4813,#4829,#4845,#4860,#4876,#4892,#4908,#4924,
#4940,#4956,#4972,#4988,#5004,#5020,#5036,#5052,#5068,#5084,#5100,#5116,#5132,
#5148,#5164,#5180,#5196,#5212,#5228,#5244,#5260,#5276,#5292,#5308,#5324,#5340,
#5356,#5372,#5388,#5458,#5473,#5487,#5503,#5519,#5534,#5550,#5566,#5582,#5598,
#5614,#5630,#5646,#5662,#5678,#5694,#5710,#5726,#5742,#5758,#5774,#5790,#5806,
#5822,#5838,#5854,#5870,#5886,#5902,#5918,#5933,#5949,#5965,#5981,#5997,#6013,
#6029,#6045,#6061,#6130,#6144,#6157,#6170,#6183,#6200,#6213,#6226,#6239,#6254,
#6267,#6280,#6293,#6308,#6321,#6334,#6347,#6362,#6375,#6388,#6401,#6416,#6429,
#6442,#6455,#6470,#6483,#6496,#6509,#6524,#6537,#6550,#6563,#6578,#6591,#6604,
#6617,#6632,#6645,#6658,#6670,#6728,#6743,#6756,#6772,#6787,#6800,#6815,#6830,
#6847,#6862,#6919,#6935,#6948,#6961,#6973,#6986,#6999,#7012,#7025,#7038,#7051,
#7064,#7077,#7090,#7103,#7116,#7129,#7142,#7155,#7168,#7181,#7194,#7207,#7220,
#7233,#7246,#7259,#7272,#7285,#7298,#7311,#7324,#7337,#7350,#7363,#7376,#7389,
#7402,#7414,#7426,#7439,#7451,#7464,#7477,#7490,#7503,#7516,#7529,#7542,#7555,
#7568,#7581,#7594,#7607,#7620,#7633,#7646,#7659,#7672,#7685,#7698,#7711,#7724,
#7737,#7750,#7763,#7776,#7789,#7802,#7815,#7828,#7841,#7854,#7867,#7880,#7893,
#7906,#7919,#7932,#7945,#7958,#7971,#7984,#7997,#8010,#8023,#8036,#8049,#8062,
#8075,#8088,#8101,#8114,#8127,#8140,#8153,#8166,#8179,#8192,#8205,#8218,#8231,
#8244,#8256));
#8258=MANIFOLD_SOLID_BREP('',#8257);
#8265=(LENGTH_UNIT()NAMED_UNIT(*)SI_UNIT(.MILLI.,.METRE.));
#8268=(NAMED_UNIT(*)PLANE_ANGLE_UNIT()SI_UNIT($,.RADIAN.));
#8271=(NAMED_UNIT(*)SI_UNIT($,.STERADIAN.)SOLID_ANGLE_UNIT());
#8273=(GEOMETRIC_REPRESENTATION_CONTEXT(3)GLOBAL_UNCERTAINTY_ASSIGNED_CONTEXT((
#8272))GLOBAL_UNIT_ASSIGNED_CONTEXT((#8267,#8270,#8271))REPRESENTATION_CONTEXT(
'ID1','3'));
#8277=AXIS2_PLACEMENT_3D('',#8274,#8275,#8276);
#8278=ADVANCED_BREP_SHAPE_REPRESENTATION('',(#8277,#8258),#8273);
#8286=PRODUCT_DEFINITION('design','',#8285,#8282);
#8287=PRODUCT_DEFINITION_SHAPE('','SHAPE FOR 36T_PULLEY__.',#8286);
#8288=SHAPE_ASPECT('','solid data associated with 36T_PULLEY__',#8287,.F.);
#8289=PROPERTY_DEFINITION('',
'shape for solid data with which properties are associated',#8288);
#8290=SHAPE_REPRESENTATION('',(#8258),#8273);
#8291=SHAPE_DEFINITION_REPRESENTATION(#8289,#8290);
#8292=(LENGTH_UNIT()NAMED_UNIT(*)SI_UNIT(.MILLI.,.METRE.));
#8298=PROPERTY_DEFINITION('geometric validation property',
'area of 36T_PULLEY__',#8288);
#8299=REPRESENTATION('surface area',(#8297),#8273);
#8300=PROPERTY_DEFINITION_REPRESENTATION(#8298,#8299);
#8301=(LENGTH_UNIT()NAMED_UNIT(*)SI_UNIT(.MILLI.,.METRE.));
#8307=PROPERTY_DEFINITION('geometric validation property',
'volume of 36T_PULLEY__',#8288);
#8308=REPRESENTATION('volume',(#8306),#8273);
#8309=PROPERTY_DEFINITION_REPRESENTATION(#8307,#8308);
#8311=PROPERTY_DEFINITION('geometric validation property',
'centroid of 36T_PULLEY__',#8288);
#8312=REPRESENTATION('centroid',(#8310),#8273);
#8313=PROPERTY_DEFINITION_REPRESENTATION(#8311,#8312);
#8314=(LENGTH_UNIT()NAMED_UNIT(*)SI_UNIT(.MILLI.,.METRE.));
#8320=PROPERTY_DEFINITION('geometric validation property',
'area of 36T_PULLEY__',#8287);
#8321=REPRESENTATION('surface area',(#8319),#8273);
#8322=PROPERTY_DEFINITION_REPRESENTATION(#8320,#8321);
#8323=(LENGTH_UNIT()NAMED_UNIT(*)SI_UNIT(.MILLI.,.METRE.));
#8329=PROPERTY_DEFINITION('geometric validation property',
'volume of 36T_PULLEY__',#8287);
#8330=REPRESENTATION('volume',(#8328),#8273);
#8331=PROPERTY_DEFINITION_REPRESENTATION(#8329,#8330);
#8333=PROPERTY_DEFINITION('geometric validation property',
'centroid of 36T_PULLEY__',#8287);
#8334=REPRESENTATION('centroid',(#8332),#8273);
#8335=PROPERTY_DEFINITION_REPRESENTATION(#8333,#8334);
#8336=SHAPE_DEFINITION_REPRESENTATION(#8287,#8278);
ENDSEC;
END-ISO-10303-21;
