ISO-10303-21;
HEADER;
FILE_DESCRIPTION((''),'2;1');
FILE_NAME('46T_PULLEY__','2026-06-15T13:45:21',('Esia'),(''),
'CREO PARAMETRIC BY PTC INC, 2025102','CREO PARAMETRIC BY PTC INC, 2025102','');
FILE_SCHEMA((
'AP242_MANAGED_MODEL_BASED_3D_ENGINEERING_MIM_LF { 1 0 10303 442 1 1 4 }'));
ENDSEC;
DATA;
#16=CARTESIAN_POINT('',(0.E0,2.519685039370E-1,0.E0));
#17=DIRECTION('',(0.E0,-1.E0,0.E0));
#18=DIRECTION('',(-1.468726215516E-2,0.E0,-9.998921363479E-1));
#19=AXIS2_PLACEMENT_3D('',#16,#17,#18);
#21=DRAUGHTING_PRE_DEFINED_CURVE_FONT('continuous');
#22=CURVE_STYLE('',#21,POSITIVE_LENGTH_MEASURE(2.E-2),#3);
#23=PRESENTATION_STYLE_ASSIGNMENT((#22));
#24=STYLED_ITEM('',(#23),#20);
#25=DIRECTION('',(0.E0,-1.E0,0.E0));
#26=VECTOR('',#25,2.519685039370E-1);
#27=CARTESIAN_POINT('',(-1.234446004633E-2,2.519685039370E-1,
-8.403968280400E-1));
#28=LINE('',#27,#26);
#29=CURVE_STYLE('',#21,POSITIVE_LENGTH_MEASURE(2.E-2),#3);
#30=PRESENTATION_STYLE_ASSIGNMENT((#29));
#31=STYLED_ITEM('',(#30),#28);
#32=CARTESIAN_POINT('',(0.E0,0.E0,0.E0));
#33=DIRECTION('',(0.E0,1.E0,0.E0));
#34=DIRECTION('',(1.468726215516E-2,0.E0,-9.998921363479E-1));
#35=AXIS2_PLACEMENT_3D('',#32,#33,#34);
#37=CURVE_STYLE('',#21,POSITIVE_LENGTH_MEASURE(2.E-2),#3);
#38=PRESENTATION_STYLE_ASSIGNMENT((#37));
#39=STYLED_ITEM('',(#38),#36);
#40=CARTESIAN_POINT('',(1.219411799278E-2,2.519685039370E-1,
-8.301617116837E-1));
#41=DIRECTION('',(0.E0,1.E0,0.E0));
#42=DIRECTION('',(9.970458390220E-1,0.E0,7.680882038464E-2));
#43=AXIS2_PLACEMENT_3D('',#40,#41,#42);
#45=CURVE_STYLE('',#21,POSITIVE_LENGTH_MEASURE(2.E-2),#3);
#46=PRESENTATION_STYLE_ASSIGNMENT((#45));
#47=STYLED_ITEM('',(#46),#44);
#48=DIRECTION('',(0.E0,-1.E0,0.E0));
#49=VECTOR('',#48,2.519685039370E-1);
#50=CARTESIAN_POINT('',(1.234446004633E-2,2.519685039370E-1,
-8.403968280400E-1));
#51=LINE('',#50,#49);
#52=CURVE_STYLE('',#21,POSITIVE_LENGTH_MEASURE(2.E-2),#3);
#53=PRESENTATION_STYLE_ASSIGNMENT((#52));
#54=STYLED_ITEM('',(#53),#51);
#55=CARTESIAN_POINT('',(1.219411799278E-2,0.E0,-8.301617116837E-1));
#56=DIRECTION('',(0.E0,1.E0,0.E0));
#57=DIRECTION('',(9.970458390220E-1,0.E0,7.680882038464E-2));
#58=AXIS2_PLACEMENT_3D('',#55,#56,#57);
#60=CURVE_STYLE('',#21,POSITIVE_LENGTH_MEASURE(2.E-2),#3);
#61=PRESENTATION_STYLE_ASSIGNMENT((#60));
#62=STYLED_ITEM('',(#61),#59);
#63=CARTESIAN_POINT('',(0.E0,2.519685039370E-1,0.E0));
#64=DIRECTION('',(0.E0,-1.E0,0.E0));
#65=DIRECTION('',(1.E0,0.E0,0.E0));
#66=AXIS2_PLACEMENT_3D('',#63,#64,#65);
#68=CURVE_STYLE('',#21,POSITIVE_LENGTH_MEASURE(2.E-2),#3);
#69=PRESENTATION_STYLE_ASSIGNMENT((#68));
#70=STYLED_ITEM('',(#69),#67);
#71=CARTESIAN_POINT('',(0.E0,2.519685039370E-1,0.E0));
#72=DIRECTION('',(0.E0,-1.E0,0.E0));
#73=DIRECTION('',(9.985634512087E-1,0.E0,-5.358202973162E-2));
#74=AXIS2_PLACEMENT_3D('',#71,#72,#73);
#76=CURVE_STYLE('',#21,POSITIVE_LENGTH_MEASURE(2.E-2),#3);
#77=PRESENTATION_STYLE_ASSIGNMENT((#76));
#78=STYLED_ITEM('',(#77),#75);
#79=CARTESIAN_POINT('',(0.E0,2.519685039370E-1,0.E0));
#80=DIRECTION('',(0.E0,-1.E0,0.E0));
#81=DIRECTION('',(-1.E0,0.E0,0.E0));
#82=AXIS2_PLACEMENT_3D('',#79,#80,#81);
#84=CURVE_STYLE('',#21,POSITIVE_LENGTH_MEASURE(2.E-2),#3);
#85=PRESENTATION_STYLE_ASSIGNMENT((#84));
#86=STYLED_ITEM('',(#85),#83);
#87=CARTESIAN_POINT('',(0.E0,2.519685039370E-1,0.E0));
#88=DIRECTION('',(0.E0,-1.E0,0.E0));
#89=DIRECTION('',(-9.985634512087E-1,0.E0,5.358202973162E-2));
#90=AXIS2_PLACEMENT_3D('',#87,#88,#89);
#92=CURVE_STYLE('',#21,POSITIVE_LENGTH_MEASURE(2.E-2),#3);
#93=PRESENTATION_STYLE_ASSIGNMENT((#92));
#94=STYLED_ITEM('',(#93),#91);
#95=CARTESIAN_POINT('',(0.E0,2.519685039370E-1,0.E0));
#96=DIRECTION('',(0.E0,-1.E0,0.E0));
#97=DIRECTION('',(1.468726215516E-2,0.E0,-9.998921363479E-1));
#98=AXIS2_PLACEMENT_3D('',#95,#96,#97);
#100=CURVE_STYLE('',#21,POSITIVE_LENGTH_MEASURE(2.E-2),#3);
#101=PRESENTATION_STYLE_ASSIGNMENT((#100));
#102=STYLED_ITEM('',(#101),#99);
#103=CARTESIAN_POINT('',(0.E0,2.519685039370E-1,0.E0));
#104=DIRECTION('',(0.E0,-1.E0,0.E0));
#105=DIRECTION('',(-1.216014974613E-1,0.E0,-9.925790023042E-1));
#106=AXIS2_PLACEMENT_3D('',#103,#104,#105);
#108=CURVE_STYLE('',#21,POSITIVE_LENGTH_MEASURE(2.E-2),#3);
#109=PRESENTATION_STYLE_ASSIGNMENT((#108));
#110=STYLED_ITEM('',(#109),#107);
#111=CARTESIAN_POINT('',(0.E0,2.519685039370E-1,0.E0));
#112=DIRECTION('',(0.E0,-1.E0,0.E0));
#113=DIRECTION('',(-2.556250512590E-1,0.E0,-9.667759994791E-1));
#114=AXIS2_PLACEMENT_3D('',#111,#112,#113);
#116=CURVE_STYLE('',#21,POSITIVE_LENGTH_MEASURE(2.E-2),#3);
#117=PRESENTATION_STYLE_ASSIGNMENT((#116));
#118=STYLED_ITEM('',(#117),#115);
#119=CARTESIAN_POINT('',(0.E0,2.519685039370E-1,0.E0));
#120=DIRECTION('',(0.E0,-1.E0,0.E0));
#121=DIRECTION('',(-3.848867940128E-1,0.E0,-9.229637889942E-1));
#122=AXIS2_PLACEMENT_3D('',#119,#120,#121);
#124=CURVE_STYLE('',#21,POSITIVE_LENGTH_MEASURE(2.E-2),#3);
#125=PRESENTATION_STYLE_ASSIGNMENT((#124));
#126=STYLED_ITEM('',(#125),#123);
#127=CARTESIAN_POINT('',(0.E0,2.519685039370E-1,0.E0));
#128=DIRECTION('',(0.E0,-1.E0,0.E0));
#129=DIRECTION('',(-5.069788240280E-1,0.E0,-8.619585094349E-1));
#130=AXIS2_PLACEMENT_3D('',#127,#128,#129);
#132=CURVE_STYLE('',#21,POSITIVE_LENGTH_MEASURE(2.E-2),#3);
#133=PRESENTATION_STYLE_ASSIGNMENT((#132));
#134=STYLED_ITEM('',(#133),#131);
#135=CARTESIAN_POINT('',(0.E0,2.519685039370E-1,0.E0));
#136=DIRECTION('',(0.E0,-1.E0,0.E0));
#137=DIRECTION('',(-6.196267977923E-1,0.E0,-7.848965737329E-1));
#138=AXIS2_PLACEMENT_3D('',#135,#136,#137);
#140=CURVE_STYLE('',#21,POSITIVE_LENGTH_MEASURE(2.E-2),#3);
#141=PRESENTATION_STYLE_ASSIGNMENT((#140));
#142=STYLED_ITEM('',(#141),#139);
#143=CARTESIAN_POINT('',(0.E0,2.519685039370E-1,0.E0));
#144=DIRECTION('',(0.E0,-1.E0,0.E0));
#145=DIRECTION('',(-7.207322966927E-1,0.E0,-6.932134999437E-1));
#146=AXIS2_PLACEMENT_3D('',#143,#144,#145);
#148=CURVE_STYLE('',#21,POSITIVE_LENGTH_MEASURE(2.E-2),#3);
#149=PRESENTATION_STYLE_ASSIGNMENT((#148));
#150=STYLED_ITEM('',(#149),#147);
#151=CARTESIAN_POINT('',(0.E0,2.519685039370E-1,0.E0));
#152=DIRECTION('',(0.E0,-1.E0,0.E0));
#153=DIRECTION('',(-8.084119165835E-1,0.E0,-5.886171702608E-1));
#154=AXIS2_PLACEMENT_3D('',#151,#152,#153);
#156=CURVE_STYLE('',#21,POSITIVE_LENGTH_MEASURE(2.E-2),#3);
#157=PRESENTATION_STYLE_ASSIGNMENT((#156));
#158=STYLED_ITEM('',(#157),#155);
#159=CARTESIAN_POINT('',(0.E0,2.519685039370E-1,0.E0));
#160=DIRECTION('',(0.E0,-1.E0,0.E0));
#161=DIRECTION('',(-8.810323520425E-1,0.E0,-4.730560164024E-1));
#162=AXIS2_PLACEMENT_3D('',#159,#160,#161);
#164=CURVE_STYLE('',#21,POSITIVE_LENGTH_MEASURE(2.E-2),#3);
#165=PRESENTATION_STYLE_ASSIGNMENT((#164));
#166=STYLED_ITEM('',(#165),#163);
#167=CARTESIAN_POINT('',(0.E0,2.519685039370E-1,0.E0));
#168=DIRECTION('',(0.E0,-1.E0,0.E0));
#169=DIRECTION('',(-9.372408217602E-1,0.E0,-3.486827240147E-1));
#170=AXIS2_PLACEMENT_3D('',#167,#168,#169);
#172=CURVE_STYLE('',#21,POSITIVE_LENGTH_MEASURE(2.E-2),#3);
#173=PRESENTATION_STYLE_ASSIGNMENT((#172));
#174=STYLED_ITEM('',(#173),#171);
#175=CARTESIAN_POINT('',(0.E0,2.519685039370E-1,0.E0));
#176=DIRECTION('',(0.E0,-1.E0,0.E0));
#177=DIRECTION('',(-9.759902682962E-1,0.E0,-2.178141322118E-1));
#178=AXIS2_PLACEMENT_3D('',#175,#176,#177);
#180=CURVE_STYLE('',#21,POSITIVE_LENGTH_MEASURE(2.E-2),#3);
#181=PRESENTATION_STYLE_ASSIGNMENT((#180));
#182=STYLED_ITEM('',(#181),#179);
#183=CARTESIAN_POINT('',(0.E0,2.519685039370E-1,0.E0));
#184=DIRECTION('',(0.E0,-1.E0,0.E0));
#185=DIRECTION('',(-9.965588627783E-1,0.E0,-8.288807524586E-2));
#186=AXIS2_PLACEMENT_3D('',#183,#184,#185);
#188=CURVE_STYLE('',#21,POSITIVE_LENGTH_MEASURE(2.E-2),#3);
#189=PRESENTATION_STYLE_ASSIGNMENT((#188));
#190=STYLED_ITEM('',(#189),#187);
#191=CARTESIAN_POINT('',(0.E0,2.519685039370E-1,0.E0));
#192=DIRECTION('',(0.E0,-1.E0,0.E0));
#193=DIRECTION('',(-9.819666918977E-1,0.E0,1.890540028763E-1));
#194=AXIS2_PLACEMENT_3D('',#191,#192,#193);
#196=CURVE_STYLE('',#21,POSITIVE_LENGTH_MEASURE(2.E-2),#3);
#197=PRESENTATION_STYLE_ASSIGNMENT((#196));
#198=STYLED_ITEM('',(#197),#195);
#199=CARTESIAN_POINT('',(0.E0,2.519685039370E-1,0.E0));
#200=DIRECTION('',(0.E0,-1.E0,0.E0));
#201=DIRECTION('',(-9.470777510689E-1,0.E0,3.210042576513E-1));
#202=AXIS2_PLACEMENT_3D('',#199,#200,#201);
#204=CURVE_STYLE('',#21,POSITIVE_LENGTH_MEASURE(2.E-2),#3);
#205=PRESENTATION_STYLE_ASSIGNMENT((#204));
#206=STYLED_ITEM('',(#205),#203);
#207=CARTESIAN_POINT('',(0.E0,2.519685039370E-1,0.E0));
#208=DIRECTION('',(0.E0,-1.E0,0.E0));
#209=DIRECTION('',(-8.945465436777E-1,0.E0,4.469748104696E-1));
#210=AXIS2_PLACEMENT_3D('',#207,#208,#209);
#212=CURVE_STYLE('',#21,POSITIVE_LENGTH_MEASURE(2.E-2),#3);
#213=PRESENTATION_STYLE_ASSIGNMENT((#212));
#214=STYLED_ITEM('',(#213),#211);
#215=CARTESIAN_POINT('',(0.E0,2.519685039370E-1,0.E0));
#216=DIRECTION('',(0.E0,-1.E0,0.E0));
#217=DIRECTION('',(-8.253516267248E-1,0.E0,5.646190682777E-1));
#218=AXIS2_PLACEMENT_3D('',#215,#216,#217);
#220=CURVE_STYLE('',#21,POSITIVE_LENGTH_MEASURE(2.E-2),#3);
#221=PRESENTATION_STYLE_ASSIGNMENT((#220));
#222=STYLED_ITEM('',(#221),#219);
#223=CARTESIAN_POINT('',(0.E0,2.519685039370E-1,0.E0));
#224=DIRECTION('',(0.E0,-1.E0,0.E0));
#225=DIRECTION('',(-7.407819705912E-1,0.E0,6.717455411441E-1));
#226=AXIS2_PLACEMENT_3D('',#223,#224,#225);
#228=CURVE_STYLE('',#21,POSITIVE_LENGTH_MEASURE(2.E-2),#3);
#229=PRESENTATION_STYLE_ASSIGNMENT((#228));
#230=STYLED_ITEM('',(#229),#227);
#231=CARTESIAN_POINT('',(0.E0,2.519685039370E-1,0.E0));
#232=DIRECTION('',(0.E0,-1.E0,0.E0));
#233=DIRECTION('',(-6.424129479589E-1,0.E0,7.663586655704E-1));
#234=AXIS2_PLACEMENT_3D('',#231,#232,#233);
#236=CURVE_STYLE('',#21,POSITIVE_LENGTH_MEASURE(2.E-2),#3);
#237=PRESENTATION_STYLE_ASSIGNMENT((#236));
#238=STYLED_ITEM('',(#237),#235);
#239=CARTESIAN_POINT('',(0.E0,2.519685039370E-1,0.E0));
#240=DIRECTION('',(0.E0,-1.E0,0.E0));
#241=DIRECTION('',(-5.320769875980E-1,0.E0,8.466959780633E-1));
#242=AXIS2_PLACEMENT_3D('',#239,#240,#241);
#244=CURVE_STYLE('',#21,POSITIVE_LENGTH_MEASURE(2.E-2),#3);
#245=PRESENTATION_STYLE_ASSIGNMENT((#244));
#246=STYLED_ITEM('',(#245),#243);
#247=CARTESIAN_POINT('',(0.E0,2.519685039370E-1,0.E0));
#248=DIRECTION('',(0.E0,-1.E0,0.E0));
#249=DIRECTION('',(-4.118294396866E-1,0.E0,9.112609464953E-1));
#250=AXIS2_PLACEMENT_3D('',#247,#248,#249);
#252=CURVE_STYLE('',#21,POSITIVE_LENGTH_MEASURE(2.E-2),#3);
#253=PRESENTATION_STYLE_ASSIGNMENT((#252));
#254=STYLED_ITEM('',(#253),#251);
#255=CARTESIAN_POINT('',(0.E0,2.519685039370E-1,0.E0));
#256=DIRECTION('',(0.E0,-1.E0,0.E0));
#257=DIRECTION('',(-2.839102885250E-1,0.E0,9.588508476659E-1));
#258=AXIS2_PLACEMENT_3D('',#255,#256,#257);
#260=CURVE_STYLE('',#21,POSITIVE_LENGTH_MEASURE(2.E-2),#3);
#261=PRESENTATION_STYLE_ASSIGNMENT((#260));
#262=STYLED_ITEM('',(#261),#259);
#263=CARTESIAN_POINT('',(0.E0,2.519685039370E-1,0.E0));
#264=DIRECTION('',(0.E0,-1.E0,0.E0));
#265=DIRECTION('',(-1.507024258671E-1,0.E0,9.885791717600E-1));
#266=AXIS2_PLACEMENT_3D('',#263,#264,#265);
#268=CURVE_STYLE('',#21,POSITIVE_LENGTH_MEASURE(2.E-2),#3);
#269=PRESENTATION_STYLE_ASSIGNMENT((#268));
#270=STYLED_ITEM('',(#269),#267);
#271=CARTESIAN_POINT('',(0.E0,2.519685039370E-1,0.E0));
#272=DIRECTION('',(0.E0,-1.E0,0.E0));
#273=DIRECTION('',(-1.468726215516E-2,0.E0,9.998921363479E-1));
#274=AXIS2_PLACEMENT_3D('',#271,#272,#273);
#276=CURVE_STYLE('',#21,POSITIVE_LENGTH_MEASURE(2.E-2),#3);
#277=PRESENTATION_STYLE_ASSIGNMENT((#276));
#278=STYLED_ITEM('',(#277),#275);
#279=CARTESIAN_POINT('',(0.E0,2.519685039370E-1,0.E0));
#280=DIRECTION('',(0.E0,-1.E0,0.E0));
#281=DIRECTION('',(1.216014974613E-1,0.E0,9.925790023042E-1));
#282=AXIS2_PLACEMENT_3D('',#279,#280,#281);
#284=CURVE_STYLE('',#21,POSITIVE_LENGTH_MEASURE(2.E-2),#3);
#285=PRESENTATION_STYLE_ASSIGNMENT((#284));
#286=STYLED_ITEM('',(#285),#283);
#287=CARTESIAN_POINT('',(0.E0,2.519685039370E-1,0.E0));
#288=DIRECTION('',(0.E0,-1.E0,0.E0));
#289=DIRECTION('',(2.556250512590E-1,0.E0,9.667759994791E-1));
#290=AXIS2_PLACEMENT_3D('',#287,#288,#289);
#292=CURVE_STYLE('',#21,POSITIVE_LENGTH_MEASURE(2.E-2),#3);
#293=PRESENTATION_STYLE_ASSIGNMENT((#292));
#294=STYLED_ITEM('',(#293),#291);
#295=CARTESIAN_POINT('',(0.E0,2.519685039370E-1,0.E0));
#296=DIRECTION('',(0.E0,-1.E0,0.E0));
#297=DIRECTION('',(3.848867940128E-1,0.E0,9.229637889942E-1));
#298=AXIS2_PLACEMENT_3D('',#295,#296,#297);
#300=CURVE_STYLE('',#21,POSITIVE_LENGTH_MEASURE(2.E-2),#3);
#301=PRESENTATION_STYLE_ASSIGNMENT((#300));
#302=STYLED_ITEM('',(#301),#299);
#303=CARTESIAN_POINT('',(0.E0,2.519685039370E-1,0.E0));
#304=DIRECTION('',(0.E0,-1.E0,0.E0));
#305=DIRECTION('',(5.069788240280E-1,0.E0,8.619585094349E-1));
#306=AXIS2_PLACEMENT_3D('',#303,#304,#305);
#308=CURVE_STYLE('',#21,POSITIVE_LENGTH_MEASURE(2.E-2),#3);
#309=PRESENTATION_STYLE_ASSIGNMENT((#308));
#310=STYLED_ITEM('',(#309),#307);
#311=CARTESIAN_POINT('',(0.E0,2.519685039370E-1,0.E0));
#312=DIRECTION('',(0.E0,-1.E0,0.E0));
#313=DIRECTION('',(6.196267977923E-1,0.E0,7.848965737329E-1));
#314=AXIS2_PLACEMENT_3D('',#311,#312,#313);
#316=CURVE_STYLE('',#21,POSITIVE_LENGTH_MEASURE(2.E-2),#3);
#317=PRESENTATION_STYLE_ASSIGNMENT((#316));
#318=STYLED_ITEM('',(#317),#315);
#319=CARTESIAN_POINT('',(0.E0,2.519685039370E-1,0.E0));
#320=DIRECTION('',(0.E0,-1.E0,0.E0));
#321=DIRECTION('',(7.207322966927E-1,0.E0,6.932134999437E-1));
#322=AXIS2_PLACEMENT_3D('',#319,#320,#321);
#324=CURVE_STYLE('',#21,POSITIVE_LENGTH_MEASURE(2.E-2),#3);
#325=PRESENTATION_STYLE_ASSIGNMENT((#324));
#326=STYLED_ITEM('',(#325),#323);
#327=CARTESIAN_POINT('',(0.E0,2.519685039370E-1,0.E0));
#328=DIRECTION('',(0.E0,-1.E0,0.E0));
#329=DIRECTION('',(9.965588627783E-1,0.E0,8.288807524586E-2));
#330=AXIS2_PLACEMENT_3D('',#327,#328,#329);
#332=CURVE_STYLE('',#21,POSITIVE_LENGTH_MEASURE(2.E-2),#3);
#333=PRESENTATION_STYLE_ASSIGNMENT((#332));
#334=STYLED_ITEM('',(#333),#331);
#335=CARTESIAN_POINT('',(0.E0,2.519685039370E-1,0.E0));
#336=DIRECTION('',(0.E0,-1.E0,0.E0));
#337=DIRECTION('',(9.759902682962E-1,0.E0,2.178141322118E-1));
#338=AXIS2_PLACEMENT_3D('',#335,#336,#337);
#340=CURVE_STYLE('',#21,POSITIVE_LENGTH_MEASURE(2.E-2),#3);
#341=PRESENTATION_STYLE_ASSIGNMENT((#340));
#342=STYLED_ITEM('',(#341),#339);
#343=CARTESIAN_POINT('',(0.E0,2.519685039370E-1,0.E0));
#344=DIRECTION('',(0.E0,-1.E0,0.E0));
#345=DIRECTION('',(9.372408217602E-1,0.E0,3.486827240147E-1));
#346=AXIS2_PLACEMENT_3D('',#343,#344,#345);
#348=CURVE_STYLE('',#21,POSITIVE_LENGTH_MEASURE(2.E-2),#3);
#349=PRESENTATION_STYLE_ASSIGNMENT((#348));
#350=STYLED_ITEM('',(#349),#347);
#351=CARTESIAN_POINT('',(0.E0,2.519685039370E-1,0.E0));
#352=DIRECTION('',(0.E0,-1.E0,0.E0));
#353=DIRECTION('',(8.810323520425E-1,0.E0,4.730560164024E-1));
#354=AXIS2_PLACEMENT_3D('',#351,#352,#353);
#356=CURVE_STYLE('',#21,POSITIVE_LENGTH_MEASURE(2.E-2),#3);
#357=PRESENTATION_STYLE_ASSIGNMENT((#356));
#358=STYLED_ITEM('',(#357),#355);
#359=CARTESIAN_POINT('',(0.E0,2.519685039370E-1,0.E0));
#360=DIRECTION('',(0.E0,-1.E0,0.E0));
#361=DIRECTION('',(8.084119165835E-1,0.E0,5.886171702608E-1));
#362=AXIS2_PLACEMENT_3D('',#359,#360,#361);
#364=CURVE_STYLE('',#21,POSITIVE_LENGTH_MEASURE(2.E-2),#3);
#365=PRESENTATION_STYLE_ASSIGNMENT((#364));
#366=STYLED_ITEM('',(#365),#363);
#367=CARTESIAN_POINT('',(0.E0,2.519685039370E-1,0.E0));
#368=DIRECTION('',(0.E0,-1.E0,0.E0));
#369=DIRECTION('',(1.507024258671E-1,0.E0,-9.885791717600E-1));
#370=AXIS2_PLACEMENT_3D('',#367,#368,#369);
#372=CURVE_STYLE('',#21,POSITIVE_LENGTH_MEASURE(2.E-2),#3);
#373=PRESENTATION_STYLE_ASSIGNMENT((#372));
#374=STYLED_ITEM('',(#373),#371);
#375=CARTESIAN_POINT('',(0.E0,2.519685039370E-1,0.E0));
#376=DIRECTION('',(0.E0,-1.E0,0.E0));
#377=DIRECTION('',(2.839102885250E-1,0.E0,-9.588508476659E-1));
#378=AXIS2_PLACEMENT_3D('',#375,#376,#377);
#380=CURVE_STYLE('',#21,POSITIVE_LENGTH_MEASURE(2.E-2),#3);
#381=PRESENTATION_STYLE_ASSIGNMENT((#380));
#382=STYLED_ITEM('',(#381),#379);
#383=CARTESIAN_POINT('',(0.E0,2.519685039370E-1,0.E0));
#384=DIRECTION('',(0.E0,-1.E0,0.E0));
#385=DIRECTION('',(4.118294396866E-1,0.E0,-9.112609464953E-1));
#386=AXIS2_PLACEMENT_3D('',#383,#384,#385);
#388=CURVE_STYLE('',#21,POSITIVE_LENGTH_MEASURE(2.E-2),#3);
#389=PRESENTATION_STYLE_ASSIGNMENT((#388));
#390=STYLED_ITEM('',(#389),#387);
#391=CARTESIAN_POINT('',(0.E0,2.519685039370E-1,0.E0));
#392=DIRECTION('',(0.E0,-1.E0,0.E0));
#393=DIRECTION('',(5.320769875980E-1,0.E0,-8.466959780633E-1));
#394=AXIS2_PLACEMENT_3D('',#391,#392,#393);
#396=CURVE_STYLE('',#21,POSITIVE_LENGTH_MEASURE(2.E-2),#3);
#397=PRESENTATION_STYLE_ASSIGNMENT((#396));
#398=STYLED_ITEM('',(#397),#395);
#399=CARTESIAN_POINT('',(0.E0,2.519685039370E-1,0.E0));
#400=DIRECTION('',(0.E0,-1.E0,0.E0));
#401=DIRECTION('',(6.424129479589E-1,0.E0,-7.663586655704E-1));
#402=AXIS2_PLACEMENT_3D('',#399,#400,#401);
#404=CURVE_STYLE('',#21,POSITIVE_LENGTH_MEASURE(2.E-2),#3);
#405=PRESENTATION_STYLE_ASSIGNMENT((#404));
#406=STYLED_ITEM('',(#405),#403);
#407=CARTESIAN_POINT('',(0.E0,2.519685039370E-1,0.E0));
#408=DIRECTION('',(0.E0,-1.E0,0.E0));
#409=DIRECTION('',(7.407819705912E-1,0.E0,-6.717455411441E-1));
#410=AXIS2_PLACEMENT_3D('',#407,#408,#409);
#412=CURVE_STYLE('',#21,POSITIVE_LENGTH_MEASURE(2.E-2),#3);
#413=PRESENTATION_STYLE_ASSIGNMENT((#412));
#414=STYLED_ITEM('',(#413),#411);
#415=CARTESIAN_POINT('',(0.E0,2.519685039370E-1,0.E0));
#416=DIRECTION('',(0.E0,-1.E0,0.E0));
#417=DIRECTION('',(8.253516267248E-1,0.E0,-5.646190682777E-1));
#418=AXIS2_PLACEMENT_3D('',#415,#416,#417);
#420=CURVE_STYLE('',#21,POSITIVE_LENGTH_MEASURE(2.E-2),#3);
#421=PRESENTATION_STYLE_ASSIGNMENT((#420));
#422=STYLED_ITEM('',(#421),#419);
#423=CARTESIAN_POINT('',(0.E0,2.519685039370E-1,0.E0));
#424=DIRECTION('',(0.E0,-1.E0,0.E0));
#425=DIRECTION('',(8.945465436777E-1,0.E0,-4.469748104696E-1));
#426=AXIS2_PLACEMENT_3D('',#423,#424,#425);
#428=CURVE_STYLE('',#21,POSITIVE_LENGTH_MEASURE(2.E-2),#3);
#429=PRESENTATION_STYLE_ASSIGNMENT((#428));
#430=STYLED_ITEM('',(#429),#427);
#431=CARTESIAN_POINT('',(0.E0,2.519685039370E-1,0.E0));
#432=DIRECTION('',(0.E0,-1.E0,0.E0));
#433=DIRECTION('',(9.470777510689E-1,0.E0,-3.210042576513E-1));
#434=AXIS2_PLACEMENT_3D('',#431,#432,#433);
#436=CURVE_STYLE('',#21,POSITIVE_LENGTH_MEASURE(2.E-2),#3);
#437=PRESENTATION_STYLE_ASSIGNMENT((#436));
#438=STYLED_ITEM('',(#437),#435);
#439=CARTESIAN_POINT('',(0.E0,2.519685039370E-1,0.E0));
#440=DIRECTION('',(0.E0,-1.E0,0.E0));
#441=DIRECTION('',(9.819666918977E-1,0.E0,-1.890540028763E-1));
#442=AXIS2_PLACEMENT_3D('',#439,#440,#441);
#444=CURVE_STYLE('',#21,POSITIVE_LENGTH_MEASURE(2.E-2),#3);
#445=PRESENTATION_STYLE_ASSIGNMENT((#444));
#446=STYLED_ITEM('',(#445),#443);
#447=DIRECTION('',(7.071067811865E-1,7.071067811865E-1,7.922289700602E-10));
#448=VECTOR('',#447,3.424178507409E-2);
#449=CARTESIAN_POINT('',(8.404874860871E-1,2.519685039343E-1,
-1.187729044089E-10));
#450=LINE('',#449,#448);
#451=CURVE_STYLE('',#21,POSITIVE_LENGTH_MEASURE(2.E-2),#3);
#452=PRESENTATION_STYLE_ASSIGNMENT((#451));
#453=STYLED_ITEM('',(#452),#450);
#454=CARTESIAN_POINT('',(0.E0,2.519685039370E-1,0.E0));
#455=DIRECTION('',(0.E0,-1.E0,0.E0));
#456=DIRECTION('',(9.985634512087E-1,0.E0,5.358202973162E-2));
#457=AXIS2_PLACEMENT_3D('',#454,#455,#456);
#459=CURVE_STYLE('',#21,POSITIVE_LENGTH_MEASURE(2.E-2),#3);
#460=PRESENTATION_STYLE_ASSIGNMENT((#459));
#461=STYLED_ITEM('',(#460),#458);
#462=DIRECTION('',(0.E0,-1.E0,0.E0));
#463=VECTOR('',#462,2.519685039357E-1);
#464=CARTESIAN_POINT('',(8.392800848069E-1,2.519685039364E-1,
4.503502546868E-2));
#465=LINE('',#464,#463);
#466=CURVE_STYLE('',#21,POSITIVE_LENGTH_MEASURE(2.E-2),#3);
#467=PRESENTATION_STYLE_ASSIGNMENT((#466));
#468=STYLED_ITEM('',(#467),#465);
#469=CARTESIAN_POINT('',(0.E0,0.E0,0.E0));
#470=DIRECTION('',(0.E0,1.E0,0.E0));
#471=DIRECTION('',(9.965588627783E-1,0.E0,8.288807524586E-2));
#472=AXIS2_PLACEMENT_3D('',#469,#470,#471);
#474=CURVE_STYLE('',#21,POSITIVE_LENGTH_MEASURE(2.E-2),#3);
#475=PRESENTATION_STYLE_ASSIGNMENT((#474));
#476=STYLED_ITEM('',(#475),#473);
#477=CARTESIAN_POINT('',(8.290585691653E-1,2.519685039370E-1,
4.448654799903E-2));
#478=DIRECTION('',(0.E0,1.E0,0.E0));
#479=DIRECTION('',(9.985634512087E-1,0.E0,5.358202973161E-2));
#480=AXIS2_PLACEMENT_3D('',#477,#478,#479);
#482=CURVE_STYLE('',#21,POSITIVE_LENGTH_MEASURE(2.E-2),#3);
#483=PRESENTATION_STYLE_ASSIGNMENT((#482));
#484=STYLED_ITEM('',(#483),#481);
#485=DIRECTION('',(0.E0,-1.E0,0.E0));
#486=VECTOR('',#485,2.519685039370E-1);
#487=CARTESIAN_POINT('',(8.289706508101E-1,2.519685039370E-1,
3.425070509660E-2));
#488=LINE('',#487,#486);
#489=CURVE_STYLE('',#21,POSITIVE_LENGTH_MEASURE(2.E-2),#3);
#490=PRESENTATION_STYLE_ASSIGNMENT((#489));
#491=STYLED_ITEM('',(#490),#488);
#492=CARTESIAN_POINT('',(8.290585691653E-1,0.E0,4.448654799903E-2));
#493=DIRECTION('',(0.E0,1.E0,0.E0));
#494=DIRECTION('',(9.985634512087E-1,0.E0,5.358202973162E-2));
#495=AXIS2_PLACEMENT_3D('',#492,#493,#494);
#497=CURVE_STYLE('',#21,POSITIVE_LENGTH_MEASURE(2.E-2),#3);
#498=PRESENTATION_STYLE_ASSIGNMENT((#497));
#499=STYLED_ITEM('',(#498),#496);
#500=CARTESIAN_POINT('',(8.286764624678E-1,0.E0,0.E0));
#501=DIRECTION('',(0.E0,1.E0,0.E0));
#502=DIRECTION('',(8.588947006024E-3,0.E0,-9.999631143144E-1));
#503=AXIS2_PLACEMENT_3D('',#500,#501,#502);
#505=CURVE_STYLE('',#21,POSITIVE_LENGTH_MEASURE(2.E-2),#3);
#506=PRESENTATION_STYLE_ASSIGNMENT((#505));
#507=STYLED_ITEM('',(#506),#504);
#508=CARTESIAN_POINT('',(8.286764624678E-1,2.519685039370E-1,0.E0));
#509=DIRECTION('',(0.E0,1.E0,0.E0));
#510=DIRECTION('',(8.588947006024E-3,0.E0,-9.999631143144E-1));
#511=AXIS2_PLACEMENT_3D('',#508,#509,#510);
#513=CURVE_STYLE('',#21,POSITIVE_LENGTH_MEASURE(2.E-2),#3);
#514=PRESENTATION_STYLE_ASSIGNMENT((#513));
#515=STYLED_ITEM('',(#514),#512);
#516=DIRECTION('',(0.E0,-1.E0,0.E0));
#517=VECTOR('',#516,2.519685039370E-1);
#518=CARTESIAN_POINT('',(8.289706508101E-1,2.519685039370E-1,
-3.425070509659E-2));
#519=LINE('',#518,#517);
#520=CURVE_STYLE('',#21,POSITIVE_LENGTH_MEASURE(2.E-2),#3);
#521=PRESENTATION_STYLE_ASSIGNMENT((#520));
#522=STYLED_ITEM('',(#521),#519);
#523=CARTESIAN_POINT('',(0.E0,0.E0,0.E0));
#524=DIRECTION('',(0.E0,1.E0,0.E0));
#525=DIRECTION('',(-1.E0,0.E0,0.E0));
#526=AXIS2_PLACEMENT_3D('',#523,#524,#525);
#528=CURVE_STYLE('',#21,POSITIVE_LENGTH_MEASURE(2.E-2),#3);
#529=PRESENTATION_STYLE_ASSIGNMENT((#528));
#530=STYLED_ITEM('',(#529),#527);
#531=CARTESIAN_POINT('',(0.E0,0.E0,0.E0));
#532=DIRECTION('',(0.E0,1.E0,0.E0));
#533=DIRECTION('',(-9.985634512087E-1,0.E0,-5.358202973162E-2));
#534=AXIS2_PLACEMENT_3D('',#531,#532,#533);
#536=CURVE_STYLE('',#21,POSITIVE_LENGTH_MEASURE(2.E-2),#3);
#537=PRESENTATION_STYLE_ASSIGNMENT((#536));
#538=STYLED_ITEM('',(#537),#535);
#539=CARTESIAN_POINT('',(0.E0,0.E0,0.E0));
#540=DIRECTION('',(0.E0,1.E0,0.E0));
#541=DIRECTION('',(1.E0,0.E0,0.E0));
#542=AXIS2_PLACEMENT_3D('',#539,#540,#541);
#544=CURVE_STYLE('',#21,POSITIVE_LENGTH_MEASURE(2.E-2),#3);
#545=PRESENTATION_STYLE_ASSIGNMENT((#544));
#546=STYLED_ITEM('',(#545),#543);
#547=CARTESIAN_POINT('',(0.E0,0.E0,0.E0));
#548=DIRECTION('',(0.E0,1.E0,0.E0));
#549=DIRECTION('',(9.985634512087E-1,0.E0,5.358202973162E-2));
#550=AXIS2_PLACEMENT_3D('',#547,#548,#549);
#552=CURVE_STYLE('',#21,POSITIVE_LENGTH_MEASURE(2.E-2),#3);
#553=PRESENTATION_STYLE_ASSIGNMENT((#552));
#554=STYLED_ITEM('',(#553),#551);
#555=CARTESIAN_POINT('',(0.E0,0.E0,0.E0));
#556=DIRECTION('',(0.E0,1.E0,0.E0));
#557=DIRECTION('',(1.216014974613E-1,0.E0,-9.925790023042E-1));
#558=AXIS2_PLACEMENT_3D('',#555,#556,#557);
#560=CURVE_STYLE('',#21,POSITIVE_LENGTH_MEASURE(2.E-2),#3);
#561=PRESENTATION_STYLE_ASSIGNMENT((#560));
#562=STYLED_ITEM('',(#561),#559);
#563=CARTESIAN_POINT('',(0.E0,0.E0,0.E0));
#564=DIRECTION('',(0.E0,1.E0,0.E0));
#565=DIRECTION('',(-1.468726215516E-2,0.E0,-9.998921363479E-1));
#566=AXIS2_PLACEMENT_3D('',#563,#564,#565);
#568=CURVE_STYLE('',#21,POSITIVE_LENGTH_MEASURE(2.E-2),#3);
#569=PRESENTATION_STYLE_ASSIGNMENT((#568));
#570=STYLED_ITEM('',(#569),#567);
#571=CARTESIAN_POINT('',(0.E0,0.E0,0.E0));
#572=DIRECTION('',(0.E0,1.E0,0.E0));
#573=DIRECTION('',(-1.507024258671E-1,0.E0,-9.885791717600E-1));
#574=AXIS2_PLACEMENT_3D('',#571,#572,#573);
#576=CURVE_STYLE('',#21,POSITIVE_LENGTH_MEASURE(2.E-2),#3);
#577=PRESENTATION_STYLE_ASSIGNMENT((#576));
#578=STYLED_ITEM('',(#577),#575);
#579=CARTESIAN_POINT('',(0.E0,0.E0,0.E0));
#580=DIRECTION('',(0.E0,1.E0,0.E0));
#581=DIRECTION('',(-2.839102885250E-1,0.E0,-9.588508476659E-1));
#582=AXIS2_PLACEMENT_3D('',#579,#580,#581);
#584=CURVE_STYLE('',#21,POSITIVE_LENGTH_MEASURE(2.E-2),#3);
#585=PRESENTATION_STYLE_ASSIGNMENT((#584));
#586=STYLED_ITEM('',(#585),#583);
#587=CARTESIAN_POINT('',(0.E0,0.E0,0.E0));
#588=DIRECTION('',(0.E0,1.E0,0.E0));
#589=DIRECTION('',(-4.118294396866E-1,0.E0,-9.112609464953E-1));
#590=AXIS2_PLACEMENT_3D('',#587,#588,#589);
#592=CURVE_STYLE('',#21,POSITIVE_LENGTH_MEASURE(2.E-2),#3);
#593=PRESENTATION_STYLE_ASSIGNMENT((#592));
#594=STYLED_ITEM('',(#593),#591);
#595=CARTESIAN_POINT('',(0.E0,0.E0,0.E0));
#596=DIRECTION('',(0.E0,1.E0,0.E0));
#597=DIRECTION('',(-5.320769875980E-1,0.E0,-8.466959780633E-1));
#598=AXIS2_PLACEMENT_3D('',#595,#596,#597);
#600=CURVE_STYLE('',#21,POSITIVE_LENGTH_MEASURE(2.E-2),#3);
#601=PRESENTATION_STYLE_ASSIGNMENT((#600));
#602=STYLED_ITEM('',(#601),#599);
#603=CARTESIAN_POINT('',(0.E0,0.E0,0.E0));
#604=DIRECTION('',(0.E0,1.E0,0.E0));
#605=DIRECTION('',(-6.424129479589E-1,0.E0,-7.663586655704E-1));
#606=AXIS2_PLACEMENT_3D('',#603,#604,#605);
#608=CURVE_STYLE('',#21,POSITIVE_LENGTH_MEASURE(2.E-2),#3);
#609=PRESENTATION_STYLE_ASSIGNMENT((#608));
#610=STYLED_ITEM('',(#609),#607);
#611=CARTESIAN_POINT('',(0.E0,0.E0,0.E0));
#612=DIRECTION('',(0.E0,1.E0,0.E0));
#613=DIRECTION('',(-7.407819705912E-1,0.E0,-6.717455411441E-1));
#614=AXIS2_PLACEMENT_3D('',#611,#612,#613);
#616=CURVE_STYLE('',#21,POSITIVE_LENGTH_MEASURE(2.E-2),#3);
#617=PRESENTATION_STYLE_ASSIGNMENT((#616));
#618=STYLED_ITEM('',(#617),#615);
#619=CARTESIAN_POINT('',(0.E0,0.E0,0.E0));
#620=DIRECTION('',(0.E0,1.E0,0.E0));
#621=DIRECTION('',(-8.253516267248E-1,0.E0,-5.646190682777E-1));
#622=AXIS2_PLACEMENT_3D('',#619,#620,#621);
#624=CURVE_STYLE('',#21,POSITIVE_LENGTH_MEASURE(2.E-2),#3);
#625=PRESENTATION_STYLE_ASSIGNMENT((#624));
#626=STYLED_ITEM('',(#625),#623);
#627=CARTESIAN_POINT('',(0.E0,0.E0,0.E0));
#628=DIRECTION('',(0.E0,1.E0,0.E0));
#629=DIRECTION('',(-8.945465436777E-1,0.E0,-4.469748104696E-1));
#630=AXIS2_PLACEMENT_3D('',#627,#628,#629);
#632=CURVE_STYLE('',#21,POSITIVE_LENGTH_MEASURE(2.E-2),#3);
#633=PRESENTATION_STYLE_ASSIGNMENT((#632));
#634=STYLED_ITEM('',(#633),#631);
#635=CARTESIAN_POINT('',(0.E0,0.E0,0.E0));
#636=DIRECTION('',(0.E0,1.E0,0.E0));
#637=DIRECTION('',(-9.470777510689E-1,0.E0,-3.210042576513E-1));
#638=AXIS2_PLACEMENT_3D('',#635,#636,#637);
#640=CURVE_STYLE('',#21,POSITIVE_LENGTH_MEASURE(2.E-2),#3);
#641=PRESENTATION_STYLE_ASSIGNMENT((#640));
#642=STYLED_ITEM('',(#641),#639);
#643=CARTESIAN_POINT('',(0.E0,0.E0,0.E0));
#644=DIRECTION('',(0.E0,1.E0,0.E0));
#645=DIRECTION('',(-9.819666918977E-1,0.E0,-1.890540028763E-1));
#646=AXIS2_PLACEMENT_3D('',#643,#644,#645);
#648=CURVE_STYLE('',#21,POSITIVE_LENGTH_MEASURE(2.E-2),#3);
#649=PRESENTATION_STYLE_ASSIGNMENT((#648));
#650=STYLED_ITEM('',(#649),#647);
#651=CARTESIAN_POINT('',(0.E0,0.E0,0.E0));
#652=DIRECTION('',(0.E0,1.E0,0.E0));
#653=DIRECTION('',(-9.965588627783E-1,0.E0,8.288807524586E-2));
#654=AXIS2_PLACEMENT_3D('',#651,#652,#653);
#656=CURVE_STYLE('',#21,POSITIVE_LENGTH_MEASURE(2.E-2),#3);
#657=PRESENTATION_STYLE_ASSIGNMENT((#656));
#658=STYLED_ITEM('',(#657),#655);
#659=CARTESIAN_POINT('',(0.E0,0.E0,0.E0));
#660=DIRECTION('',(0.E0,1.E0,0.E0));
#661=DIRECTION('',(-9.759902682962E-1,0.E0,2.178141322118E-1));
#662=AXIS2_PLACEMENT_3D('',#659,#660,#661);
#664=CURVE_STYLE('',#21,POSITIVE_LENGTH_MEASURE(2.E-2),#3);
#665=PRESENTATION_STYLE_ASSIGNMENT((#664));
#666=STYLED_ITEM('',(#665),#663);
#667=CARTESIAN_POINT('',(0.E0,0.E0,0.E0));
#668=DIRECTION('',(0.E0,1.E0,0.E0));
#669=DIRECTION('',(-9.372408217602E-1,0.E0,3.486827240147E-1));
#670=AXIS2_PLACEMENT_3D('',#667,#668,#669);
#672=CURVE_STYLE('',#21,POSITIVE_LENGTH_MEASURE(2.E-2),#3);
#673=PRESENTATION_STYLE_ASSIGNMENT((#672));
#674=STYLED_ITEM('',(#673),#671);
#675=CARTESIAN_POINT('',(0.E0,0.E0,0.E0));
#676=DIRECTION('',(0.E0,1.E0,0.E0));
#677=DIRECTION('',(-8.810323520425E-1,0.E0,4.730560164024E-1));
#678=AXIS2_PLACEMENT_3D('',#675,#676,#677);
#680=CURVE_STYLE('',#21,POSITIVE_LENGTH_MEASURE(2.E-2),#3);
#681=PRESENTATION_STYLE_ASSIGNMENT((#680));
#682=STYLED_ITEM('',(#681),#679);
#683=CARTESIAN_POINT('',(0.E0,0.E0,0.E0));
#684=DIRECTION('',(0.E0,1.E0,0.E0));
#685=DIRECTION('',(-8.084119165835E-1,0.E0,5.886171702608E-1));
#686=AXIS2_PLACEMENT_3D('',#683,#684,#685);
#688=CURVE_STYLE('',#21,POSITIVE_LENGTH_MEASURE(2.E-2),#3);
#689=PRESENTATION_STYLE_ASSIGNMENT((#688));
#690=STYLED_ITEM('',(#689),#687);
#691=CARTESIAN_POINT('',(0.E0,0.E0,0.E0));
#692=DIRECTION('',(0.E0,1.E0,0.E0));
#693=DIRECTION('',(-7.207322966927E-1,0.E0,6.932134999437E-1));
#694=AXIS2_PLACEMENT_3D('',#691,#692,#693);
#696=CURVE_STYLE('',#21,POSITIVE_LENGTH_MEASURE(2.E-2),#3);
#697=PRESENTATION_STYLE_ASSIGNMENT((#696));
#698=STYLED_ITEM('',(#697),#695);
#699=CARTESIAN_POINT('',(0.E0,0.E0,0.E0));
#700=DIRECTION('',(0.E0,1.E0,0.E0));
#701=DIRECTION('',(-6.196267977923E-1,0.E0,7.848965737329E-1));
#702=AXIS2_PLACEMENT_3D('',#699,#700,#701);
#704=CURVE_STYLE('',#21,POSITIVE_LENGTH_MEASURE(2.E-2),#3);
#705=PRESENTATION_STYLE_ASSIGNMENT((#704));
#706=STYLED_ITEM('',(#705),#703);
#707=CARTESIAN_POINT('',(0.E0,0.E0,0.E0));
#708=DIRECTION('',(0.E0,1.E0,0.E0));
#709=DIRECTION('',(-5.069788240280E-1,0.E0,8.619585094349E-1));
#710=AXIS2_PLACEMENT_3D('',#707,#708,#709);
#712=CURVE_STYLE('',#21,POSITIVE_LENGTH_MEASURE(2.E-2),#3);
#713=PRESENTATION_STYLE_ASSIGNMENT((#712));
#714=STYLED_ITEM('',(#713),#711);
#715=CARTESIAN_POINT('',(0.E0,0.E0,0.E0));
#716=DIRECTION('',(0.E0,1.E0,0.E0));
#717=DIRECTION('',(-3.848867940128E-1,0.E0,9.229637889942E-1));
#718=AXIS2_PLACEMENT_3D('',#715,#716,#717);
#720=CURVE_STYLE('',#21,POSITIVE_LENGTH_MEASURE(2.E-2),#3);
#721=PRESENTATION_STYLE_ASSIGNMENT((#720));
#722=STYLED_ITEM('',(#721),#719);
#723=CARTESIAN_POINT('',(0.E0,0.E0,0.E0));
#724=DIRECTION('',(0.E0,1.E0,0.E0));
#725=DIRECTION('',(-2.556250512590E-1,0.E0,9.667759994791E-1));
#726=AXIS2_PLACEMENT_3D('',#723,#724,#725);
#728=CURVE_STYLE('',#21,POSITIVE_LENGTH_MEASURE(2.E-2),#3);
#729=PRESENTATION_STYLE_ASSIGNMENT((#728));
#730=STYLED_ITEM('',(#729),#727);
#731=CARTESIAN_POINT('',(0.E0,0.E0,0.E0));
#732=DIRECTION('',(0.E0,1.E0,0.E0));
#733=DIRECTION('',(-1.216014974613E-1,0.E0,9.925790023042E-1));
#734=AXIS2_PLACEMENT_3D('',#731,#732,#733);
#736=CURVE_STYLE('',#21,POSITIVE_LENGTH_MEASURE(2.E-2),#3);
#737=PRESENTATION_STYLE_ASSIGNMENT((#736));
#738=STYLED_ITEM('',(#737),#735);
#739=CARTESIAN_POINT('',(0.E0,0.E0,0.E0));
#740=DIRECTION('',(0.E0,1.E0,0.E0));
#741=DIRECTION('',(1.468726215516E-2,0.E0,9.998921363479E-1));
#742=AXIS2_PLACEMENT_3D('',#739,#740,#741);
#744=CURVE_STYLE('',#21,POSITIVE_LENGTH_MEASURE(2.E-2),#3);
#745=PRESENTATION_STYLE_ASSIGNMENT((#744));
#746=STYLED_ITEM('',(#745),#743);
#747=CARTESIAN_POINT('',(0.E0,0.E0,0.E0));
#748=DIRECTION('',(0.E0,1.E0,0.E0));
#749=DIRECTION('',(1.507024258670E-1,0.E0,9.885791717600E-1));
#750=AXIS2_PLACEMENT_3D('',#747,#748,#749);
#752=CURVE_STYLE('',#21,POSITIVE_LENGTH_MEASURE(2.E-2),#3);
#753=PRESENTATION_STYLE_ASSIGNMENT((#752));
#754=STYLED_ITEM('',(#753),#751);
#755=CARTESIAN_POINT('',(0.E0,0.E0,0.E0));
#756=DIRECTION('',(0.E0,1.E0,0.E0));
#757=DIRECTION('',(2.839102885250E-1,0.E0,9.588508476659E-1));
#758=AXIS2_PLACEMENT_3D('',#755,#756,#757);
#760=CURVE_STYLE('',#21,POSITIVE_LENGTH_MEASURE(2.E-2),#3);
#761=PRESENTATION_STYLE_ASSIGNMENT((#760));
#762=STYLED_ITEM('',(#761),#759);
#763=CARTESIAN_POINT('',(0.E0,0.E0,0.E0));
#764=DIRECTION('',(0.E0,1.E0,0.E0));
#765=DIRECTION('',(4.118294396866E-1,0.E0,9.112609464953E-1));
#766=AXIS2_PLACEMENT_3D('',#763,#764,#765);
#768=CURVE_STYLE('',#21,POSITIVE_LENGTH_MEASURE(2.E-2),#3);
#769=PRESENTATION_STYLE_ASSIGNMENT((#768));
#770=STYLED_ITEM('',(#769),#767);
#771=CARTESIAN_POINT('',(0.E0,0.E0,0.E0));
#772=DIRECTION('',(0.E0,1.E0,0.E0));
#773=DIRECTION('',(5.320769875980E-1,0.E0,8.466959780633E-1));
#774=AXIS2_PLACEMENT_3D('',#771,#772,#773);
#776=CURVE_STYLE('',#21,POSITIVE_LENGTH_MEASURE(2.E-2),#3);
#777=PRESENTATION_STYLE_ASSIGNMENT((#776));
#778=STYLED_ITEM('',(#777),#775);
#779=CARTESIAN_POINT('',(0.E0,0.E0,0.E0));
#780=DIRECTION('',(0.E0,1.E0,0.E0));
#781=DIRECTION('',(6.424129479589E-1,0.E0,7.663586655704E-1));
#782=AXIS2_PLACEMENT_3D('',#779,#780,#781);
#784=CURVE_STYLE('',#21,POSITIVE_LENGTH_MEASURE(2.E-2),#3);
#785=PRESENTATION_STYLE_ASSIGNMENT((#784));
#786=STYLED_ITEM('',(#785),#783);
#787=CARTESIAN_POINT('',(0.E0,0.E0,0.E0));
#788=DIRECTION('',(0.E0,1.E0,0.E0));
#789=DIRECTION('',(9.965588627783E-1,0.E0,-8.288807524586E-2));
#790=AXIS2_PLACEMENT_3D('',#787,#788,#789);
#792=CURVE_STYLE('',#21,POSITIVE_LENGTH_MEASURE(2.E-2),#3);
#793=PRESENTATION_STYLE_ASSIGNMENT((#792));
#794=STYLED_ITEM('',(#793),#791);
#795=CARTESIAN_POINT('',(0.E0,0.E0,0.E0));
#796=DIRECTION('',(0.E0,1.E0,0.E0));
#797=DIRECTION('',(9.759902682962E-1,0.E0,-2.178141322118E-1));
#798=AXIS2_PLACEMENT_3D('',#795,#796,#797);
#800=CURVE_STYLE('',#21,POSITIVE_LENGTH_MEASURE(2.E-2),#3);
#801=PRESENTATION_STYLE_ASSIGNMENT((#800));
#802=STYLED_ITEM('',(#801),#799);
#803=CARTESIAN_POINT('',(0.E0,0.E0,0.E0));
#804=DIRECTION('',(0.E0,1.E0,0.E0));
#805=DIRECTION('',(9.372408217602E-1,0.E0,-3.486827240147E-1));
#806=AXIS2_PLACEMENT_3D('',#803,#804,#805);
#808=CURVE_STYLE('',#21,POSITIVE_LENGTH_MEASURE(2.E-2),#3);
#809=PRESENTATION_STYLE_ASSIGNMENT((#808));
#810=STYLED_ITEM('',(#809),#807);
#811=CARTESIAN_POINT('',(0.E0,0.E0,0.E0));
#812=DIRECTION('',(0.E0,1.E0,0.E0));
#813=DIRECTION('',(8.810323520425E-1,0.E0,-4.730560164024E-1));
#814=AXIS2_PLACEMENT_3D('',#811,#812,#813);
#816=CURVE_STYLE('',#21,POSITIVE_LENGTH_MEASURE(2.E-2),#3);
#817=PRESENTATION_STYLE_ASSIGNMENT((#816));
#818=STYLED_ITEM('',(#817),#815);
#819=CARTESIAN_POINT('',(0.E0,0.E0,0.E0));
#820=DIRECTION('',(0.E0,1.E0,0.E0));
#821=DIRECTION('',(8.084119165835E-1,0.E0,-5.886171702608E-1));
#822=AXIS2_PLACEMENT_3D('',#819,#820,#821);
#824=CURVE_STYLE('',#21,POSITIVE_LENGTH_MEASURE(2.E-2),#3);
#825=PRESENTATION_STYLE_ASSIGNMENT((#824));
#826=STYLED_ITEM('',(#825),#823);
#827=CARTESIAN_POINT('',(0.E0,0.E0,0.E0));
#828=DIRECTION('',(0.E0,1.E0,0.E0));
#829=DIRECTION('',(7.207322966927E-1,0.E0,-6.932134999437E-1));
#830=AXIS2_PLACEMENT_3D('',#827,#828,#829);
#832=CURVE_STYLE('',#21,POSITIVE_LENGTH_MEASURE(2.E-2),#3);
#833=PRESENTATION_STYLE_ASSIGNMENT((#832));
#834=STYLED_ITEM('',(#833),#831);
#835=CARTESIAN_POINT('',(0.E0,0.E0,0.E0));
#836=DIRECTION('',(0.E0,1.E0,0.E0));
#837=DIRECTION('',(6.196267977923E-1,0.E0,-7.848965737329E-1));
#838=AXIS2_PLACEMENT_3D('',#835,#836,#837);
#840=CURVE_STYLE('',#21,POSITIVE_LENGTH_MEASURE(2.E-2),#3);
#841=PRESENTATION_STYLE_ASSIGNMENT((#840));
#842=STYLED_ITEM('',(#841),#839);
#843=CARTESIAN_POINT('',(0.E0,0.E0,0.E0));
#844=DIRECTION('',(0.E0,1.E0,0.E0));
#845=DIRECTION('',(5.069788240280E-1,0.E0,-8.619585094349E-1));
#846=AXIS2_PLACEMENT_3D('',#843,#844,#845);
#848=CURVE_STYLE('',#21,POSITIVE_LENGTH_MEASURE(2.E-2),#3);
#849=PRESENTATION_STYLE_ASSIGNMENT((#848));
#850=STYLED_ITEM('',(#849),#847);
#851=CARTESIAN_POINT('',(0.E0,0.E0,0.E0));
#852=DIRECTION('',(0.E0,1.E0,0.E0));
#853=DIRECTION('',(3.848867940128E-1,0.E0,-9.229637889942E-1));
#854=AXIS2_PLACEMENT_3D('',#851,#852,#853);
#856=CURVE_STYLE('',#21,POSITIVE_LENGTH_MEASURE(2.E-2),#3);
#857=PRESENTATION_STYLE_ASSIGNMENT((#856));
#858=STYLED_ITEM('',(#857),#855);
#859=CARTESIAN_POINT('',(0.E0,0.E0,0.E0));
#860=DIRECTION('',(0.E0,1.E0,0.E0));
#861=DIRECTION('',(2.556250512590E-1,0.E0,-9.667759994791E-1));
#862=AXIS2_PLACEMENT_3D('',#859,#860,#861);
#864=CURVE_STYLE('',#21,POSITIVE_LENGTH_MEASURE(2.E-2),#3);
#865=PRESENTATION_STYLE_ASSIGNMENT((#864));
#866=STYLED_ITEM('',(#865),#863);
#867=CARTESIAN_POINT('',(0.E0,0.E0,0.E0));
#868=DIRECTION('',(0.E0,1.E0,0.E0));
#869=DIRECTION('',(7.407819705912E-1,0.E0,6.717455411441E-1));
#870=AXIS2_PLACEMENT_3D('',#867,#868,#869);
#872=CURVE_STYLE('',#21,POSITIVE_LENGTH_MEASURE(2.E-2),#3);
#873=PRESENTATION_STYLE_ASSIGNMENT((#872));
#874=STYLED_ITEM('',(#873),#871);
#875=CARTESIAN_POINT('',(0.E0,0.E0,0.E0));
#876=DIRECTION('',(0.E0,1.E0,0.E0));
#877=DIRECTION('',(8.253516267248E-1,0.E0,5.646190682777E-1));
#878=AXIS2_PLACEMENT_3D('',#875,#876,#877);
#880=CURVE_STYLE('',#21,POSITIVE_LENGTH_MEASURE(2.E-2),#3);
#881=PRESENTATION_STYLE_ASSIGNMENT((#880));
#882=STYLED_ITEM('',(#881),#879);
#883=CARTESIAN_POINT('',(0.E0,0.E0,0.E0));
#884=DIRECTION('',(0.E0,1.E0,0.E0));
#885=DIRECTION('',(8.945465436777E-1,0.E0,4.469748104696E-1));
#886=AXIS2_PLACEMENT_3D('',#883,#884,#885);
#888=CURVE_STYLE('',#21,POSITIVE_LENGTH_MEASURE(2.E-2),#3);
#889=PRESENTATION_STYLE_ASSIGNMENT((#888));
#890=STYLED_ITEM('',(#889),#887);
#891=CARTESIAN_POINT('',(0.E0,0.E0,0.E0));
#892=DIRECTION('',(0.E0,1.E0,0.E0));
#893=DIRECTION('',(9.470777510689E-1,0.E0,3.210042576513E-1));
#894=AXIS2_PLACEMENT_3D('',#891,#892,#893);
#896=CURVE_STYLE('',#21,POSITIVE_LENGTH_MEASURE(2.E-2),#3);
#897=PRESENTATION_STYLE_ASSIGNMENT((#896));
#898=STYLED_ITEM('',(#897),#895);
#899=CARTESIAN_POINT('',(0.E0,0.E0,0.E0));
#900=DIRECTION('',(0.E0,1.E0,0.E0));
#901=DIRECTION('',(9.819666918977E-1,0.E0,1.890540028763E-1));
#902=AXIS2_PLACEMENT_3D('',#899,#900,#901);
#904=CURVE_STYLE('',#21,POSITIVE_LENGTH_MEASURE(2.E-2),#3);
#905=PRESENTATION_STYLE_ASSIGNMENT((#904));
#906=STYLED_ITEM('',(#905),#903);
#907=DIRECTION('',(-7.071067811865E-1,-7.071067811865E-1,-7.922172315014E-10));
#908=VECTOR('',#907,3.424178507409E-2);
#909=CARTESIAN_POINT('',(-8.404874860871E-1,2.722340871249E-12,
1.187726589932E-10));
#910=LINE('',#909,#908);
#911=CURVE_STYLE('',#21,POSITIVE_LENGTH_MEASURE(2.E-2),#3);
#912=PRESENTATION_STYLE_ASSIGNMENT((#911));
#913=STYLED_ITEM('',(#912),#910);
#914=CARTESIAN_POINT('',(0.E0,2.519685039370E-1,0.E0));
#915=DIRECTION('',(0.E0,-1.E0,0.E0));
#916=DIRECTION('',(-9.965588627783E-1,0.E0,8.288807524585E-2));
#917=AXIS2_PLACEMENT_3D('',#914,#915,#916);
#919=CURVE_STYLE('',#21,POSITIVE_LENGTH_MEASURE(2.E-2),#3);
#920=PRESENTATION_STYLE_ASSIGNMENT((#919));
#921=STYLED_ITEM('',(#920),#918);
#922=DIRECTION('',(0.E0,-1.E0,0.E0));
#923=VECTOR('',#922,2.519685039366E-1);
#924=CARTESIAN_POINT('',(-8.375952533169E-1,2.519685039368E-1,
6.966638999020E-2));
#925=LINE('',#924,#923);
#926=CURVE_STYLE('',#21,POSITIVE_LENGTH_MEASURE(2.E-2),#3);
#927=PRESENTATION_STYLE_ASSIGNMENT((#926));
#928=STYLED_ITEM('',(#927),#925);
#929=CARTESIAN_POINT('',(0.E0,0.E0,0.E0));
#930=DIRECTION('',(0.E0,1.E0,0.E0));
#931=DIRECTION('',(-9.985634512087E-1,0.E0,5.358202973162E-2));
#932=AXIS2_PLACEMENT_3D('',#929,#930,#931);
#934=CURVE_STYLE('',#21,POSITIVE_LENGTH_MEASURE(2.E-2),#3);
#935=PRESENTATION_STYLE_ASSIGNMENT((#934));
#936=STYLED_ITEM('',(#935),#933);
#937=CARTESIAN_POINT('',(-8.290585691653E-1,2.519685039370E-1,
4.448654799903E-2));
#938=DIRECTION('',(0.E0,1.E0,0.E0));
#939=DIRECTION('',(8.588947006064E-3,0.E0,-9.999631143144E-1));
#940=AXIS2_PLACEMENT_3D('',#937,#938,#939);
#942=CURVE_STYLE('',#21,POSITIVE_LENGTH_MEASURE(2.E-2),#3);
#943=PRESENTATION_STYLE_ASSIGNMENT((#942));
#944=STYLED_ITEM('',(#943),#941);
#945=DIRECTION('',(0.E0,-1.E0,0.E0));
#946=VECTOR('',#945,2.519685039363E-1);
#947=CARTESIAN_POINT('',(-8.392800848072E-1,2.519685039367E-1,
4.503502546870E-2));
#948=LINE('',#947,#946);
#949=CURVE_STYLE('',#21,POSITIVE_LENGTH_MEASURE(2.E-2),#3);
#950=PRESENTATION_STYLE_ASSIGNMENT((#949));
#951=STYLED_ITEM('',(#950),#948);
#952=CARTESIAN_POINT('',(-8.290585691653E-1,0.E0,4.448654799903E-2));
#953=DIRECTION('',(0.E0,1.E0,0.E0));
#954=DIRECTION('',(8.588947006064E-3,0.E0,-9.999631143144E-1));
#955=AXIS2_PLACEMENT_3D('',#952,#953,#954);
#957=CURVE_STYLE('',#21,POSITIVE_LENGTH_MEASURE(2.E-2),#3);
#958=PRESENTATION_STYLE_ASSIGNMENT((#957));
#959=STYLED_ITEM('',(#958),#956);
#960=CARTESIAN_POINT('',(-8.286764624678E-1,0.E0,0.E0));
#961=DIRECTION('',(0.E0,1.E0,0.E0));
#962=DIRECTION('',(-8.588947006024E-3,0.E0,9.999631143144E-1));
#963=AXIS2_PLACEMENT_3D('',#960,#961,#962);
#965=CURVE_STYLE('',#21,POSITIVE_LENGTH_MEASURE(2.E-2),#3);
#966=PRESENTATION_STYLE_ASSIGNMENT((#965));
#967=STYLED_ITEM('',(#966),#964);
#968=CARTESIAN_POINT('',(-8.286764624678E-1,2.519685039370E-1,0.E0));
#969=DIRECTION('',(0.E0,1.E0,0.E0));
#970=DIRECTION('',(-8.588947006024E-3,0.E0,9.999631143144E-1));
#971=AXIS2_PLACEMENT_3D('',#968,#969,#970);
#973=CURVE_STYLE('',#21,POSITIVE_LENGTH_MEASURE(2.E-2),#3);
#974=PRESENTATION_STYLE_ASSIGNMENT((#973));
#975=STYLED_ITEM('',(#974),#972);
#976=DIRECTION('',(0.E0,-1.E0,0.E0));
#977=VECTOR('',#976,2.519685039370E-1);
#978=CARTESIAN_POINT('',(-8.289706508101E-1,2.519685039370E-1,
3.425070509659E-2));
#979=LINE('',#978,#977);
#980=CURVE_STYLE('',#21,POSITIVE_LENGTH_MEASURE(2.E-2),#3);
#981=PRESENTATION_STYLE_ASSIGNMENT((#980));
#982=STYLED_ITEM('',(#981),#979);
#983=CARTESIAN_POINT('',(-8.290585691653E-1,2.519685039370E-1,
-4.448654799903E-2));
#984=DIRECTION('',(0.E0,1.E0,0.E0));
#985=DIRECTION('',(-9.985634512087E-1,0.E0,-5.358202973161E-2));
#986=AXIS2_PLACEMENT_3D('',#983,#984,#985);
#988=CURVE_STYLE('',#21,POSITIVE_LENGTH_MEASURE(2.E-2),#3);
#989=PRESENTATION_STYLE_ASSIGNMENT((#988));
#990=STYLED_ITEM('',(#989),#987);
#991=DIRECTION('',(0.E0,-1.E0,0.E0));
#992=VECTOR('',#991,2.519685039370E-1);
#993=CARTESIAN_POINT('',(-8.289706508101E-1,2.519685039370E-1,
-3.425070509660E-2));
#994=LINE('',#993,#992);
#995=CURVE_STYLE('',#21,POSITIVE_LENGTH_MEASURE(2.E-2),#3);
#996=PRESENTATION_STYLE_ASSIGNMENT((#995));
#997=STYLED_ITEM('',(#996),#994);
#998=CARTESIAN_POINT('',(-8.290585691653E-1,0.E0,-4.448654799903E-2));
#999=DIRECTION('',(0.E0,1.E0,0.E0));
#1000=DIRECTION('',(-9.985634512087E-1,0.E0,-5.358202973169E-2));
#1001=AXIS2_PLACEMENT_3D('',#998,#999,#1000);
#1003=CURVE_STYLE('',#21,POSITIVE_LENGTH_MEASURE(2.E-2),#3);
#1004=PRESENTATION_STYLE_ASSIGNMENT((#1003));
#1005=STYLED_ITEM('',(#1004),#1002);
#1006=CARTESIAN_POINT('',(0.E0,2.519685039370E-1,0.E0));
#1007=DIRECTION('',(0.E0,-1.E0,0.E0));
#1008=DIRECTION('',(-9.985634512087E-1,0.E0,-5.358202973162E-2));
#1009=AXIS2_PLACEMENT_3D('',#1006,#1007,#1008);
#1011=CURVE_STYLE('',#21,POSITIVE_LENGTH_MEASURE(2.E-2),#3);
#1012=PRESENTATION_STYLE_ASSIGNMENT((#1011));
#1013=STYLED_ITEM('',(#1012),#1010);
#1014=DIRECTION('',(0.E0,-1.E0,0.E0));
#1015=VECTOR('',#1014,2.519685039357E-1);
#1016=CARTESIAN_POINT('',(-8.392800848069E-1,2.519685039364E-1,
-4.503502546868E-2));
#1017=LINE('',#1016,#1015);
#1018=CURVE_STYLE('',#21,POSITIVE_LENGTH_MEASURE(2.E-2),#3);
#1019=PRESENTATION_STYLE_ASSIGNMENT((#1018));
#1020=STYLED_ITEM('',(#1019),#1017);
#1021=CARTESIAN_POINT('',(0.E0,0.E0,0.E0));
#1022=DIRECTION('',(0.E0,1.E0,0.E0));
#1023=DIRECTION('',(-9.965588627783E-1,0.E0,-8.288807524586E-2));
#1024=AXIS2_PLACEMENT_3D('',#1021,#1022,#1023);
#1026=CURVE_STYLE('',#21,POSITIVE_LENGTH_MEASURE(2.E-2),#3);
#1027=PRESENTATION_STYLE_ASSIGNMENT((#1026));
#1028=STYLED_ITEM('',(#1027),#1025);
#1029=CARTESIAN_POINT('',(-8.273942570839E-1,2.519685039370E-1,
-6.881792937746E-2));
#1030=DIRECTION('',(0.E0,1.E0,0.E0));
#1031=DIRECTION('',(1.446705755862E-1,0.E0,-9.894798757729E-1));
#1032=AXIS2_PLACEMENT_3D('',#1029,#1030,#1031);
#1034=CURVE_STYLE('',#21,POSITIVE_LENGTH_MEASURE(2.E-2),#3);
#1035=PRESENTATION_STYLE_ASSIGNMENT((#1034));
#1036=STYLED_ITEM('',(#1035),#1033);
#1037=DIRECTION('',(0.E0,-1.E0,0.E0));
#1038=VECTOR('',#1037,2.519685039363E-1);
#1039=CARTESIAN_POINT('',(-8.375952533167E-1,2.519685039366E-1,
-6.966638999018E-2));
#1040=LINE('',#1039,#1038);
#1041=CURVE_STYLE('',#21,POSITIVE_LENGTH_MEASURE(2.E-2),#3);
#1042=PRESENTATION_STYLE_ASSIGNMENT((#1041));
#1043=STYLED_ITEM('',(#1042),#1040);
#1044=CARTESIAN_POINT('',(-8.273942570839E-1,0.E0,-6.881792937746E-2));
#1045=DIRECTION('',(0.E0,1.E0,0.E0));
#1046=DIRECTION('',(1.446705755862E-1,0.E0,-9.894798757729E-1));
#1047=AXIS2_PLACEMENT_3D('',#1044,#1045,#1046);
#1049=CURVE_STYLE('',#21,POSITIVE_LENGTH_MEASURE(2.E-2),#3);
#1050=PRESENTATION_STYLE_ASSIGNMENT((#1049));
#1051=STYLED_ITEM('',(#1050),#1048);
#1052=CARTESIAN_POINT('',(-8.209581251779E-1,0.E0,-1.128380970792E-1));
#1053=DIRECTION('',(0.E0,1.E0,0.E0));
#1054=DIRECTION('',(-1.446705755862E-1,0.E0,9.894798757729E-1));
#1055=AXIS2_PLACEMENT_3D('',#1052,#1053,#1054);
#1057=CURVE_STYLE('',#21,POSITIVE_LENGTH_MEASURE(2.E-2),#3);
#1058=PRESENTATION_STYLE_ASSIGNMENT((#1057));
#1059=STYLED_ITEM('',(#1058),#1056);
#1060=CARTESIAN_POINT('',(-8.209581251779E-1,2.519685039370E-1,
-1.128380970792E-1));
#1061=DIRECTION('',(0.E0,1.E0,0.E0));
#1062=DIRECTION('',(-1.446705755862E-1,0.E0,9.894798757729E-1));
#1063=AXIS2_PLACEMENT_3D('',#1060,#1061,#1062);
#1065=CURVE_STYLE('',#21,POSITIVE_LENGTH_MEASURE(2.E-2),#3);
#1066=PRESENTATION_STYLE_ASSIGNMENT((#1065));
#1067=STYLED_ITEM('',(#1066),#1064);
#1068=DIRECTION('',(0.E0,-1.E0,0.E0));
#1069=VECTOR('',#1068,2.519685039370E-1);
#1070=CARTESIAN_POINT('',(-8.259133771764E-1,2.519685039370E-1,
-7.894646353892E-2));
#1071=LINE('',#1070,#1069);
#1072=CURVE_STYLE('',#21,POSITIVE_LENGTH_MEASURE(2.E-2),#3);
#1073=PRESENTATION_STYLE_ASSIGNMENT((#1072));
#1074=STYLED_ITEM('',(#1073),#1071);
#1075=CARTESIAN_POINT('',(-8.152790887422E-1,2.519685039370E-1,
-1.569623251581E-1));
#1076=DIRECTION('',(0.E0,1.E0,0.E0));
#1077=DIRECTION('',(-9.819666918977E-1,0.E0,-1.890540028763E-1));
#1078=AXIS2_PLACEMENT_3D('',#1075,#1076,#1077);
#1080=CURVE_STYLE('',#21,POSITIVE_LENGTH_MEASURE(2.E-2),#3);
#1081=PRESENTATION_STYLE_ASSIGNMENT((#1080));
#1082=STYLED_ITEM('',(#1081),#1079);
#1083=DIRECTION('',(0.E0,-1.E0,0.E0));
#1084=VECTOR('',#1083,2.519685039370E-1);
#1085=CARTESIAN_POINT('',(-8.165857696920E-1,2.519685039370E-1,
-1.468098479010E-1));
#1086=LINE('',#1085,#1084);
#1087=CURVE_STYLE('',#21,POSITIVE_LENGTH_MEASURE(2.E-2),#3);
#1088=PRESENTATION_STYLE_ASSIGNMENT((#1087));
#1089=STYLED_ITEM('',(#1088),#1086);
#1090=CARTESIAN_POINT('',(-8.152790887422E-1,0.E0,-1.569623251581E-1));
#1091=DIRECTION('',(0.E0,1.E0,0.E0));
#1092=DIRECTION('',(-9.819666918977E-1,0.E0,-1.890540028763E-1));
#1093=AXIS2_PLACEMENT_3D('',#1090,#1091,#1092);
#1095=CURVE_STYLE('',#21,POSITIVE_LENGTH_MEASURE(2.E-2),#3);
#1096=PRESENTATION_STYLE_ASSIGNMENT((#1095));
#1097=STYLED_ITEM('',(#1096),#1094);
#1098=CARTESIAN_POINT('',(0.E0,2.519685039370E-1,0.E0));
#1099=DIRECTION('',(0.E0,-1.E0,0.E0));
#1100=DIRECTION('',(-9.819666918977E-1,0.E0,-1.890540028763E-1));
#1101=AXIS2_PLACEMENT_3D('',#1098,#1099,#1100);
#1103=CURVE_STYLE('',#21,POSITIVE_LENGTH_MEASURE(2.E-2),#3);
#1104=PRESENTATION_STYLE_ASSIGNMENT((#1103));
#1105=STYLED_ITEM('',(#1104),#1102);
#1106=DIRECTION('',(0.E0,-1.E0,0.E0));
#1107=VECTOR('',#1106,2.519685039372E-1);
#1108=CARTESIAN_POINT('',(-8.253307162971E-1,2.519685039371E-1,
-1.588975236127E-1));
#1109=LINE('',#1108,#1107);
#1110=CURVE_STYLE('',#21,POSITIVE_LENGTH_MEASURE(2.E-2),#3);
#1111=PRESENTATION_STYLE_ASSIGNMENT((#1110));
#1112=STYLED_ITEM('',(#1111),#1109);
#1113=CARTESIAN_POINT('',(0.E0,0.E0,0.E0));
#1114=DIRECTION('',(0.E0,1.E0,0.E0));
#1115=DIRECTION('',(-9.759902682962E-1,0.E0,-2.178141322118E-1));
#1116=AXIS2_PLACEMENT_3D('',#1113,#1114,#1115);
#1118=CURVE_STYLE('',#21,POSITIVE_LENGTH_MEASURE(2.E-2),#3);
#1119=PRESENTATION_STYLE_ASSIGNMENT((#1118));
#1120=STYLED_ITEM('',(#1119),#1117);
#1121=CARTESIAN_POINT('',(-8.103171554831E-1,2.519685039370E-1,
-1.808404589382E-1));
#1122=DIRECTION('',(0.E0,1.E0,0.E0));
#1123=DIRECTION('',(2.780572650704E-1,0.E0,-9.605644993136E-1));
#1124=AXIS2_PLACEMENT_3D('',#1121,#1122,#1123);
#1126=CURVE_STYLE('',#21,POSITIVE_LENGTH_MEASURE(2.E-2),#3);
#1127=PRESENTATION_STYLE_ASSIGNMENT((#1126));
#1128=STYLED_ITEM('',(#1127),#1125);
#1129=DIRECTION('',(0.E0,-1.E0,0.E0));
#1130=VECTOR('',#1129,2.519685039371E-1);
#1131=CARTESIAN_POINT('',(-8.203076070484E-1,2.519685039371E-1,
-1.830700524175E-1));
#1132=LINE('',#1131,#1130);
#1133=CURVE_STYLE('',#21,POSITIVE_LENGTH_MEASURE(2.E-2),#3);
#1134=PRESENTATION_STYLE_ASSIGNMENT((#1133));
#1135=STYLED_ITEM('',(#1134),#1132);
#1136=CARTESIAN_POINT('',(-8.103171554831E-1,0.E0,-1.808404589382E-1));
#1137=DIRECTION('',(0.E0,1.E0,0.E0));
#1138=DIRECTION('',(2.780572650704E-1,0.E0,-9.605644993136E-1));
#1139=AXIS2_PLACEMENT_3D('',#1136,#1137,#1138);
#1141=CURVE_STYLE('',#21,POSITIVE_LENGTH_MEASURE(2.E-2),#3);
#1142=PRESENTATION_STYLE_ASSIGNMENT((#1141));
#1143=STYLED_ITEM('',(#1142),#1140);
#1144=CARTESIAN_POINT('',(-7.979468913284E-1,0.E0,-2.235742339076E-1));
#1145=DIRECTION('',(0.E0,1.E0,0.E0));
#1146=DIRECTION('',(-2.780572650704E-1,0.E0,9.605644993136E-1));
#1147=AXIS2_PLACEMENT_3D('',#1144,#1145,#1146);
#1149=CURVE_STYLE('',#21,POSITIVE_LENGTH_MEASURE(2.E-2),#3);
#1150=PRESENTATION_STYLE_ASSIGNMENT((#1149));
#1151=STYLED_ITEM('',(#1150),#1148);
#1152=CARTESIAN_POINT('',(-7.979468913284E-1,2.519685039370E-1,
-2.235742339076E-1));
#1153=DIRECTION('',(0.E0,1.E0,0.E0));
#1154=DIRECTION('',(-2.780572650704E-1,0.E0,9.605644993136E-1));
#1155=AXIS2_PLACEMENT_3D('',#1152,#1153,#1154);
#1157=CURVE_STYLE('',#21,POSITIVE_LENGTH_MEASURE(2.E-2),#3);
#1158=PRESENTATION_STYLE_ASSIGNMENT((#1157));
#1159=STYLED_ITEM('',(#1158),#1156);
#1160=DIRECTION('',(0.E0,-1.E0,0.E0));
#1161=VECTOR('',#1160,2.519685039370E-1);
#1162=CARTESIAN_POINT('',(-8.074709000139E-1,2.519685039370E-1,
-1.906730089311E-1));
#1163=LINE('',#1162,#1161);
#1164=CURVE_STYLE('',#21,POSITIVE_LENGTH_MEASURE(2.E-2),#3);
#1165=PRESENTATION_STYLE_ASSIGNMENT((#1164));
#1166=STYLED_ITEM('',(#1165),#1163);
#1167=CARTESIAN_POINT('',(-7.863125014630E-1,2.519685039370E-1,
-2.665141911835E-1));
#1168=DIRECTION('',(0.E0,1.E0,0.E0));
#1169=DIRECTION('',(-9.470777510689E-1,0.E0,-3.210042576512E-1));
#1170=AXIS2_PLACEMENT_3D('',#1167,#1168,#1169);
#1172=CURVE_STYLE('',#21,POSITIVE_LENGTH_MEASURE(2.E-2),#3);
#1173=PRESENTATION_STYLE_ASSIGNMENT((#1172));
#1174=STYLED_ITEM('',(#1173),#1171);
#1175=DIRECTION('',(0.E0,-1.E0,0.E0));
#1176=VECTOR('',#1175,2.519685039370E-1);
#1177=CARTESIAN_POINT('',(-7.889894407241E-1,2.519685039370E-1,
-2.566342010139E-1));
#1178=LINE('',#1177,#1176);
#1179=CURVE_STYLE('',#21,POSITIVE_LENGTH_MEASURE(2.E-2),#3);
#1180=PRESENTATION_STYLE_ASSIGNMENT((#1179));
#1181=STYLED_ITEM('',(#1180),#1178);
#1182=CARTESIAN_POINT('',(-7.863125014630E-1,0.E0,-2.665141911835E-1));
#1183=DIRECTION('',(0.E0,1.E0,0.E0));
#1184=DIRECTION('',(-9.470777510689E-1,0.E0,-3.210042576512E-1));
#1185=AXIS2_PLACEMENT_3D('',#1182,#1183,#1184);
#1187=CURVE_STYLE('',#21,POSITIVE_LENGTH_MEASURE(2.E-2),#3);
#1188=PRESENTATION_STYLE_ASSIGNMENT((#1187));
#1189=STYLED_ITEM('',(#1188),#1186);
#1190=CARTESIAN_POINT('',(0.E0,2.519685039370E-1,0.E0));
#1191=DIRECTION('',(0.E0,-1.E0,0.E0));
#1192=DIRECTION('',(-9.470777510689E-1,0.E0,-3.210042576513E-1));
#1193=AXIS2_PLACEMENT_3D('',#1190,#1191,#1192);
#1195=CURVE_STYLE('',#21,POSITIVE_LENGTH_MEASURE(2.E-2),#3);
#1196=PRESENTATION_STYLE_ASSIGNMENT((#1195));
#1197=STYLED_ITEM('',(#1196),#1194);
#1198=DIRECTION('',(0.E0,-1.E0,0.E0));
#1199=VECTOR('',#1198,2.519685039370E-1);
#1200=CARTESIAN_POINT('',(-7.960069981275E-1,2.519685039370E-1,
-2.698000615375E-1));
#1201=LINE('',#1200,#1199);
#1202=CURVE_STYLE('',#21,POSITIVE_LENGTH_MEASURE(2.E-2),#3);
#1203=PRESENTATION_STYLE_ASSIGNMENT((#1202));
#1204=STYLED_ITEM('',(#1203),#1201);
#1205=CARTESIAN_POINT('',(0.E0,0.E0,0.E0));
#1206=DIRECTION('',(0.E0,1.E0,0.E0));
#1207=DIRECTION('',(-9.372408217602E-1,0.E0,-3.486827240147E-1));
#1208=AXIS2_PLACEMENT_3D('',#1205,#1206,#1207);
#1210=CURVE_STYLE('',#21,POSITIVE_LENGTH_MEASURE(2.E-2),#3);
#1211=PRESENTATION_STYLE_ASSIGNMENT((#1210));
#1212=STYLED_ITEM('',(#1211),#1209);
#1213=CARTESIAN_POINT('',(-7.781453784547E-1,2.519685039370E-1,
-2.894942729121E-1));
#1214=DIRECTION('',(0.E0,1.E0,0.E0));
#1215=DIRECTION('',(4.062642738108E-1,0.E0,-9.137556236899E-1));
#1216=AXIS2_PLACEMENT_3D('',#1213,#1214,#1215);
#1218=CURVE_STYLE('',#21,POSITIVE_LENGTH_MEASURE(2.E-2),#3);
#1219=PRESENTATION_STYLE_ASSIGNMENT((#1218));
#1220=STYLED_ITEM('',(#1219),#1217);
#1221=DIRECTION('',(0.E0,-1.E0,0.E0));
#1222=VECTOR('',#1221,2.519685039370E-1);
#1223=CARTESIAN_POINT('',(-7.877391821420E-1,2.519685039370E-1,
-2.930634661501E-1));
#1224=LINE('',#1223,#1222);
#1225=CURVE_STYLE('',#21,POSITIVE_LENGTH_MEASURE(2.E-2),#3);
#1226=PRESENTATION_STYLE_ASSIGNMENT((#1225));
#1227=STYLED_ITEM('',(#1226),#1224);
#1228=CARTESIAN_POINT('',(-7.781453784547E-1,0.E0,-2.894942729121E-1));
#1229=DIRECTION('',(0.E0,1.E0,0.E0));
#1230=DIRECTION('',(4.062642738108E-1,0.E0,-9.137556236899E-1));
#1231=AXIS2_PLACEMENT_3D('',#1228,#1229,#1230);
#1233=CURVE_STYLE('',#21,POSITIVE_LENGTH_MEASURE(2.E-2),#3);
#1234=PRESENTATION_STYLE_ASSIGNMENT((#1233));
#1235=STYLED_ITEM('',(#1234),#1232);
#1236=CARTESIAN_POINT('',(-7.600714166670E-1,0.E0,-3.301456057771E-1));
#1237=DIRECTION('',(0.E0,1.E0,0.E0));
#1238=DIRECTION('',(-4.062642738109E-1,0.E0,9.137556236899E-1));
#1239=AXIS2_PLACEMENT_3D('',#1236,#1237,#1238);
#1241=CURVE_STYLE('',#21,POSITIVE_LENGTH_MEASURE(2.E-2),#3);
#1242=PRESENTATION_STYLE_ASSIGNMENT((#1241));
#1243=STYLED_ITEM('',(#1242),#1240);
#1244=CARTESIAN_POINT('',(-7.600714166670E-1,2.519685039370E-1,
-3.301456057771E-1));
#1245=DIRECTION('',(0.E0,1.E0,0.E0));
#1246=DIRECTION('',(-4.062642738109E-1,0.E0,9.137556236899E-1));
#1247=AXIS2_PLACEMENT_3D('',#1244,#1245,#1246);
#1249=CURVE_STYLE('',#21,POSITIVE_LENGTH_MEASURE(2.E-2),#3);
#1250=PRESENTATION_STYLE_ASSIGNMENT((#1249));
#1251=STYLED_ITEM('',(#1250),#1248);
#1252=DIRECTION('',(0.E0,-1.E0,0.E0));
#1253=VECTOR('',#1252,2.519685039370E-1);
#1254=CARTESIAN_POINT('',(-7.739867677778E-1,2.519685039370E-1,
-2.988476769342E-1));
#1255=LINE('',#1254,#1253);
#1256=CURVE_STYLE('',#21,POSITIVE_LENGTH_MEASURE(2.E-2),#3);
#1257=PRESENTATION_STYLE_ASSIGNMENT((#1256));
#1258=STYLED_ITEM('',(#1257),#1255);
#1259=CARTESIAN_POINT('',(-7.426984000420E-1,2.519685039370E-1,
-3.711014020915E-1));
#1260=DIRECTION('',(0.E0,1.E0,0.E0));
#1261=DIRECTION('',(-8.945465436777E-1,0.E0,-4.469748104696E-1));
#1262=AXIS2_PLACEMENT_3D('',#1259,#1260,#1261);
#1264=CURVE_STYLE('',#21,POSITIVE_LENGTH_MEASURE(2.E-2),#3);
#1265=PRESENTATION_STYLE_ASSIGNMENT((#1264));
#1266=STYLED_ITEM('',(#1265),#1263);
#1267=DIRECTION('',(0.E0,-1.E0,0.E0));
#1268=VECTOR('',#1267,2.519685039370E-1);
#1269=CARTESIAN_POINT('',(-7.466957313009E-1,2.519685039370E-1,
-3.616779445324E-1));
#1270=LINE('',#1269,#1268);
#1271=CURVE_STYLE('',#21,POSITIVE_LENGTH_MEASURE(2.E-2),#3);
#1272=PRESENTATION_STYLE_ASSIGNMENT((#1271));
#1273=STYLED_ITEM('',(#1272),#1270);
#1274=CARTESIAN_POINT('',(-7.426984000420E-1,0.E0,-3.711014020915E-1));
#1275=DIRECTION('',(0.E0,1.E0,0.E0));
#1276=DIRECTION('',(-8.945465436777E-1,0.E0,-4.469748104696E-1));
#1277=AXIS2_PLACEMENT_3D('',#1274,#1275,#1276);
#1279=CURVE_STYLE('',#21,POSITIVE_LENGTH_MEASURE(2.E-2),#3);
#1280=PRESENTATION_STYLE_ASSIGNMENT((#1279));
#1281=STYLED_ITEM('',(#1280),#1278);
#1282=CARTESIAN_POINT('',(0.E0,2.519685039370E-1,0.E0));
#1283=DIRECTION('',(0.E0,-1.E0,0.E0));
#1284=DIRECTION('',(-8.945465436777E-1,0.E0,-4.469748104696E-1));
#1285=AXIS2_PLACEMENT_3D('',#1282,#1283,#1284);
#1287=CURVE_STYLE('',#21,POSITIVE_LENGTH_MEASURE(2.E-2),#3);
#1288=PRESENTATION_STYLE_ASSIGNMENT((#1287));
#1289=STYLED_ITEM('',(#1288),#1286);
#1290=DIRECTION('',(0.E0,-1.E0,0.E0));
#1291=VECTOR('',#1290,2.519685039370E-1);
#1292=CARTESIAN_POINT('',(-7.518551756860E-1,2.519685039370E-1,
-3.756767347971E-1));
#1293=LINE('',#1292,#1291);
#1294=CURVE_STYLE('',#21,POSITIVE_LENGTH_MEASURE(2.E-2),#3);
#1295=PRESENTATION_STYLE_ASSIGNMENT((#1294));
#1296=STYLED_ITEM('',(#1295),#1293);
#1297=CARTESIAN_POINT('',(0.E0,0.E0,0.E0));
#1298=DIRECTION('',(0.E0,1.E0,0.E0));
#1299=DIRECTION('',(-8.810323520425E-1,0.E0,-4.730560164024E-1));
#1300=AXIS2_PLACEMENT_3D('',#1297,#1298,#1299);
#1302=CURVE_STYLE('',#21,POSITIVE_LENGTH_MEASURE(2.E-2),#3);
#1303=PRESENTATION_STYLE_ASSIGNMENT((#1302));
#1304=STYLED_ITEM('',(#1303),#1301);
#1305=CARTESIAN_POINT('',(-7.314782253331E-1,2.519685039370E-1,
-3.927553563260E-1));
#1306=DIRECTION('',(0.E0,1.E0,0.E0));
#1307=DIRECTION('',(5.269033478117E-1,0.E0,-8.499252096890E-1));
#1308=AXIS2_PLACEMENT_3D('',#1305,#1306,#1307);
#1310=CURVE_STYLE('',#21,POSITIVE_LENGTH_MEASURE(2.E-2),#3);
#1311=PRESENTATION_STYLE_ASSIGNMENT((#1310));
#1312=STYLED_ITEM('',(#1311),#1309);
#1313=DIRECTION('',(0.E0,-1.E0,0.E0));
#1314=VECTOR('',#1313,2.519685039370E-1);
#1315=CARTESIAN_POINT('',(-7.404966667320E-1,2.519685039370E-1,
-3.975976620057E-1));
#1316=LINE('',#1315,#1314);
#1317=CURVE_STYLE('',#21,POSITIVE_LENGTH_MEASURE(2.E-2),#3);
#1318=PRESENTATION_STYLE_ASSIGNMENT((#1317));
#1319=STYLED_ITEM('',(#1318),#1316);
#1320=CARTESIAN_POINT('',(-7.314782253331E-1,0.E0,-3.927553563260E-1));
#1321=DIRECTION('',(0.E0,1.E0,0.E0));
#1322=DIRECTION('',(5.269033478117E-1,0.E0,-8.499252096890E-1));
#1323=AXIS2_PLACEMENT_3D('',#1320,#1321,#1322);
#1325=CURVE_STYLE('',#21,POSITIVE_LENGTH_MEASURE(2.E-2),#3);
#1326=PRESENTATION_STYLE_ASSIGNMENT((#1325));
#1327=STYLED_ITEM('',(#1326),#1324);
#1328=CARTESIAN_POINT('',(-7.080372496234E-1,0.E0,-4.305669896704E-1));
#1329=DIRECTION('',(0.E0,1.E0,0.E0));
#1330=DIRECTION('',(-5.269033478118E-1,0.E0,8.499252096889E-1));
#1331=AXIS2_PLACEMENT_3D('',#1328,#1329,#1330);
#1333=CURVE_STYLE('',#21,POSITIVE_LENGTH_MEASURE(2.E-2),#3);
#1334=PRESENTATION_STYLE_ASSIGNMENT((#1333));
#1335=STYLED_ITEM('',(#1334),#1332);
#1336=CARTESIAN_POINT('',(-7.080372496234E-1,2.519685039370E-1,
-4.305669896704E-1));
#1337=DIRECTION('',(0.E0,1.E0,0.E0));
#1338=DIRECTION('',(-5.269033478118E-1,0.E0,8.499252096889E-1));
#1339=AXIS2_PLACEMENT_3D('',#1336,#1337,#1338);
#1341=CURVE_STYLE('',#21,POSITIVE_LENGTH_MEASURE(2.E-2),#3);
#1342=PRESENTATION_STYLE_ASSIGNMENT((#1341));
#1343=STYLED_ITEM('',(#1342),#1340);
#1344=DIRECTION('',(0.E0,-1.E0,0.E0));
#1345=VECTOR('',#1344,2.519685039370E-1);
#1346=CARTESIAN_POINT('',(-7.260847264973E-1,2.519685039370E-1,
-4.014553781574E-1));
#1347=LINE('',#1346,#1345);
#1348=CURVE_STYLE('',#21,POSITIVE_LENGTH_MEASURE(2.E-2),#3);
#1349=PRESENTATION_STYLE_ASSIGNMENT((#1348));
#1350=STYLED_ITEM('',(#1349),#1347);
#1351=CARTESIAN_POINT('',(-6.852492326676E-1,2.519685039370E-1,
-4.687756960293E-1));
#1352=DIRECTION('',(0.E0,1.E0,0.E0));
#1353=DIRECTION('',(-8.253516267248E-1,0.E0,-5.646190682777E-1));
#1354=AXIS2_PLACEMENT_3D('',#1351,#1352,#1353);
#1356=CURVE_STYLE('',#21,POSITIVE_LENGTH_MEASURE(2.E-2),#3);
#1357=PRESENTATION_STYLE_ASSIGNMENT((#1356));
#1358=STYLED_ITEM('',(#1357),#1355);
#1359=DIRECTION('',(0.E0,-1.E0,0.E0));
#1360=VECTOR('',#1359,2.519685039370E-1);
#1361=CARTESIAN_POINT('',(-6.904924932061E-1,2.519685039370E-1,
-4.599843122653E-1));
#1362=LINE('',#1361,#1360);
#1363=CURVE_STYLE('',#21,POSITIVE_LENGTH_MEASURE(2.E-2),#3);
#1364=PRESENTATION_STYLE_ASSIGNMENT((#1363));
#1365=STYLED_ITEM('',(#1364),#1362);
#1366=CARTESIAN_POINT('',(-6.852492326676E-1,0.E0,-4.687756960293E-1));
#1367=DIRECTION('',(0.E0,1.E0,0.E0));
#1368=DIRECTION('',(-8.253516267248E-1,0.E0,-5.646190682776E-1));
#1369=AXIS2_PLACEMENT_3D('',#1366,#1367,#1368);
#1371=CURVE_STYLE('',#21,POSITIVE_LENGTH_MEASURE(2.E-2),#3);
#1372=PRESENTATION_STYLE_ASSIGNMENT((#1371));
#1373=STYLED_ITEM('',(#1372),#1370);
#1374=CARTESIAN_POINT('',(0.E0,2.519685039370E-1,0.E0));
#1375=DIRECTION('',(0.E0,-1.E0,0.E0));
#1376=DIRECTION('',(-8.253516267248E-1,0.E0,-5.646190682777E-1));
#1377=AXIS2_PLACEMENT_3D('',#1374,#1375,#1376);
#1379=CURVE_STYLE('',#21,POSITIVE_LENGTH_MEASURE(2.E-2),#3);
#1380=PRESENTATION_STYLE_ASSIGNMENT((#1379));
#1381=STYLED_ITEM('',(#1380),#1378);
#1382=DIRECTION('',(0.E0,-1.E0,0.E0));
#1383=VECTOR('',#1382,2.519685039370E-1);
#1384=CARTESIAN_POINT('',(-6.936977138860E-1,2.519685039370E-1,
-4.745552612951E-1));
#1385=LINE('',#1384,#1383);
#1386=CURVE_STYLE('',#21,POSITIVE_LENGTH_MEASURE(2.E-2),#3);
#1387=PRESENTATION_STYLE_ASSIGNMENT((#1386));
#1388=STYLED_ITEM('',(#1387),#1385);
#1389=CARTESIAN_POINT('',(0.E0,0.E0,0.E0));
#1390=DIRECTION('',(0.E0,1.E0,0.E0));
#1391=DIRECTION('',(-8.084119165835E-1,0.E0,-5.886171702608E-1));
#1392=AXIS2_PLACEMENT_3D('',#1389,#1390,#1391);
#1394=CURVE_STYLE('',#21,POSITIVE_LENGTH_MEASURE(2.E-2),#3);
#1395=PRESENTATION_STYLE_ASSIGNMENT((#1394));
#1396=STYLED_ITEM('',(#1395),#1393);
#1397=CARTESIAN_POINT('',(-6.711850168836E-1,2.519685039370E-1,
-4.887001505731E-1));
#1398=DIRECTION('',(0.E0,1.E0,0.E0));
#1399=DIRECTION('',(6.377272093825E-1,0.E0,-7.702622971516E-1));
#1400=AXIS2_PLACEMENT_3D('',#1397,#1398,#1399);
#1402=CURVE_STYLE('',#21,POSITIVE_LENGTH_MEASURE(2.E-2),#3);
#1403=PRESENTATION_STYLE_ASSIGNMENT((#1402));
#1404=STYLED_ITEM('',(#1403),#1401);
#1405=DIRECTION('',(0.E0,-1.E0,0.E0));
#1406=VECTOR('',#1405,2.519685039370E-1);
#1407=CARTESIAN_POINT('',(-6.794600994943E-1,2.519685039370E-1,
-4.947253657018E-1));
#1408=LINE('',#1407,#1406);
#1409=CURVE_STYLE('',#21,POSITIVE_LENGTH_MEASURE(2.E-2),#3);
#1410=PRESENTATION_STYLE_ASSIGNMENT((#1409));
#1411=STYLED_ITEM('',(#1410),#1408);
#1412=CARTESIAN_POINT('',(-6.711850168836E-1,0.E0,-4.887001505731E-1));
#1413=DIRECTION('',(0.E0,1.E0,0.E0));
#1414=DIRECTION('',(6.377272093825E-1,0.E0,-7.702622971516E-1));
#1415=AXIS2_PLACEMENT_3D('',#1412,#1413,#1414);
#1417=CURVE_STYLE('',#21,POSITIVE_LENGTH_MEASURE(2.E-2),#3);
#1418=PRESENTATION_STYLE_ASSIGNMENT((#1417));
#1419=STYLED_ITEM('',(#1418),#1416);
#1420=CARTESIAN_POINT('',(-6.428136882773E-1,0.E0,-5.229677252102E-1));
#1421=DIRECTION('',(0.E0,1.E0,0.E0));
#1422=DIRECTION('',(-6.377272093824E-1,0.E0,7.702622971517E-1));
#1423=AXIS2_PLACEMENT_3D('',#1420,#1421,#1422);
#1425=CURVE_STYLE('',#21,POSITIVE_LENGTH_MEASURE(2.E-2),#3);
#1426=PRESENTATION_STYLE_ASSIGNMENT((#1425));
#1427=STYLED_ITEM('',(#1426),#1424);
#1428=CARTESIAN_POINT('',(-6.428136882773E-1,2.519685039370E-1,
-5.229677252102E-1));
#1429=DIRECTION('',(0.E0,1.E0,0.E0));
#1430=DIRECTION('',(-6.377272093824E-1,0.E0,7.702622971517E-1));
#1431=AXIS2_PLACEMENT_3D('',#1428,#1429,#1430);
#1433=CURVE_STYLE('',#21,POSITIVE_LENGTH_MEASURE(2.E-2),#3);
#1434=PRESENTATION_STYLE_ASSIGNMENT((#1433));
#1435=STYLED_ITEM('',(#1434),#1432);
#1436=DIRECTION('',(0.E0,-1.E0,0.E0));
#1437=VECTOR('',#1436,2.519685039370E-1);
#1438=CARTESIAN_POINT('',(-6.646571005671E-1,2.519685039370E-1,
-4.965847252684E-1));
#1439=LINE('',#1438,#1437);
#1440=CURVE_STYLE('',#21,POSITIVE_LENGTH_MEASURE(2.E-2),#3);
#1441=PRESENTATION_STYLE_ASSIGNMENT((#1440));
#1442=STYLED_ITEM('',(#1441),#1439);
#1443=CARTESIAN_POINT('',(-6.150351686299E-1,2.519685039370E-1,
-5.577175857077E-1));
#1444=DIRECTION('',(0.E0,1.E0,0.E0));
#1445=DIRECTION('',(-7.407819705912E-1,0.E0,-6.717455411441E-1));
#1446=AXIS2_PLACEMENT_3D('',#1443,#1444,#1445);
#1448=CURVE_STYLE('',#21,POSITIVE_LENGTH_MEASURE(2.E-2),#3);
#1449=PRESENTATION_STYLE_ASSIGNMENT((#1448));
#1450=STYLED_ITEM('',(#1449),#1447);
#1451=DIRECTION('',(0.E0,-1.E0,0.E0));
#1452=VECTOR('',#1451,2.519685039370E-1);
#1453=CARTESIAN_POINT('',(-6.214266864249E-1,2.519685039370E-1,
-5.497220425844E-1));
#1454=LINE('',#1453,#1452);
#1455=CURVE_STYLE('',#21,POSITIVE_LENGTH_MEASURE(2.E-2),#3);
#1456=PRESENTATION_STYLE_ASSIGNMENT((#1455));
#1457=STYLED_ITEM('',(#1456),#1454);
#1458=CARTESIAN_POINT('',(-6.150351686299E-1,0.E0,-5.577175857077E-1));
#1459=DIRECTION('',(0.E0,1.E0,0.E0));
#1460=DIRECTION('',(-7.407819705912E-1,0.E0,-6.717455411441E-1));
#1461=AXIS2_PLACEMENT_3D('',#1458,#1459,#1460);
#1463=CURVE_STYLE('',#21,POSITIVE_LENGTH_MEASURE(2.E-2),#3);
#1464=PRESENTATION_STYLE_ASSIGNMENT((#1463));
#1465=STYLED_ITEM('',(#1464),#1462);
#1466=CARTESIAN_POINT('',(0.E0,2.519685039370E-1,0.E0));
#1467=DIRECTION('',(0.E0,-1.E0,0.E0));
#1468=DIRECTION('',(-7.407819705912E-1,0.E0,-6.717455411441E-1));
#1469=AXIS2_PLACEMENT_3D('',#1466,#1467,#1468);
#1471=CURVE_STYLE('',#21,POSITIVE_LENGTH_MEASURE(2.E-2),#3);
#1472=PRESENTATION_STYLE_ASSIGNMENT((#1471));
#1473=STYLED_ITEM('',(#1472),#1470);
#1474=DIRECTION('',(0.E0,-1.E0,0.E0));
#1475=VECTOR('',#1474,2.519685039370E-1);
#1476=CARTESIAN_POINT('',(-6.226179762029E-1,2.519685039370E-1,
-5.645937211683E-1));
#1477=LINE('',#1476,#1475);
#1478=CURVE_STYLE('',#21,POSITIVE_LENGTH_MEASURE(2.E-2),#3);
#1479=PRESENTATION_STYLE_ASSIGNMENT((#1478));
#1480=STYLED_ITEM('',(#1479),#1477);
#1481=CARTESIAN_POINT('',(0.E0,0.E0,0.E0));
#1482=DIRECTION('',(0.E0,1.E0,0.E0));
#1483=DIRECTION('',(-7.207322966927E-1,0.E0,-6.932134999437E-1));
#1484=AXIS2_PLACEMENT_3D('',#1481,#1482,#1483);
#1486=CURVE_STYLE('',#21,POSITIVE_LENGTH_MEASURE(2.E-2),#3);
#1487=PRESENTATION_STYLE_ASSIGNMENT((#1486));
#1488=STYLED_ITEM('',(#1487),#1485);
#1489=CARTESIAN_POINT('',(-5.983889015004E-1,2.519685039370E-1,
-5.755413856713E-1));
#1490=DIRECTION('',(0.E0,1.E0,0.E0));
#1491=DIRECTION('',(7.366714196684E-1,0.E0,-6.762508554108E-1));
#1492=AXIS2_PLACEMENT_3D('',#1489,#1490,#1491);
#1494=CURVE_STYLE('',#21,POSITIVE_LENGTH_MEASURE(2.E-2),#3);
#1495=PRESENTATION_STYLE_ASSIGNMENT((#1494));
#1496=STYLED_ITEM('',(#1495),#1493);
#1497=DIRECTION('',(0.E0,-1.E0,0.E0));
#1498=VECTOR('',#1497,2.519685039370E-1);
#1499=CARTESIAN_POINT('',(-6.057664761910E-1,2.519685039370E-1,
-5.826372718912E-1));
#1500=LINE('',#1499,#1498);
#1501=CURVE_STYLE('',#21,POSITIVE_LENGTH_MEASURE(2.E-2),#3);
#1502=PRESENTATION_STYLE_ASSIGNMENT((#1501));
#1503=STYLED_ITEM('',(#1502),#1500);
#1504=CARTESIAN_POINT('',(-5.983889015004E-1,0.E0,-5.755413856713E-1));
#1505=DIRECTION('',(0.E0,1.E0,0.E0));
#1506=DIRECTION('',(7.366714196684E-1,0.E0,-6.762508554108E-1));
#1507=AXIS2_PLACEMENT_3D('',#1504,#1505,#1506);
#1509=CURVE_STYLE('',#21,POSITIVE_LENGTH_MEASURE(2.E-2),#3);
#1510=PRESENTATION_STYLE_ASSIGNMENT((#1509));
#1511=STYLED_ITEM('',(#1510),#1508);
#1512=CARTESIAN_POINT('',(-5.656157241687E-1,0.E0,-6.056265615222E-1));
#1513=DIRECTION('',(0.E0,1.E0,0.E0));
#1514=DIRECTION('',(-7.366714196684E-1,0.E0,6.762508554107E-1));
#1515=AXIS2_PLACEMENT_3D('',#1512,#1513,#1514);
#1517=CURVE_STYLE('',#21,POSITIVE_LENGTH_MEASURE(2.E-2),#3);
#1518=PRESENTATION_STYLE_ASSIGNMENT((#1517));
#1519=STYLED_ITEM('',(#1518),#1516);
#1520=CARTESIAN_POINT('',(-5.656157241687E-1,2.519685039370E-1,
-6.056265615222E-1));
#1521=DIRECTION('',(0.E0,1.E0,0.E0));
#1522=DIRECTION('',(-7.366714196684E-1,0.E0,6.762508554107E-1));
#1523=AXIS2_PLACEMENT_3D('',#1520,#1521,#1522);
#1525=CURVE_STYLE('',#21,POSITIVE_LENGTH_MEASURE(2.E-2),#3);
#1526=PRESENTATION_STYLE_ASSIGNMENT((#1525));
#1527=STYLED_ITEM('',(#1526),#1524);
#1528=DIRECTION('',(0.E0,-1.E0,0.E0));
#1529=VECTOR('',#1528,2.519685039370E-1);
#1530=CARTESIAN_POINT('',(-5.908481704329E-1,2.519685039370E-1,
-5.824636385219E-1));
#1531=LINE('',#1530,#1529);
#1532=CURVE_STYLE('',#21,POSITIVE_LENGTH_MEASURE(2.E-2),#3);
#1533=PRESENTATION_STYLE_ASSIGNMENT((#1532));
#1534=STYLED_ITEM('',(#1533),#1531);
#1535=CARTESIAN_POINT('',(-5.333641630919E-1,2.519685039370E-1,
-6.362702520066E-1));
#1536=DIRECTION('',(0.E0,1.E0,0.E0));
#1537=DIRECTION('',(-6.424129479589E-1,0.E0,-7.663586655704E-1));
#1538=AXIS2_PLACEMENT_3D('',#1535,#1536,#1537);
#1540=CURVE_STYLE('',#21,POSITIVE_LENGTH_MEASURE(2.E-2),#3);
#1541=PRESENTATION_STYLE_ASSIGNMENT((#1540));
#1542=STYLED_ITEM('',(#1541),#1539);
#1543=DIRECTION('',(0.E0,-1.E0,0.E0));
#1544=VECTOR('',#1543,2.519685039370E-1);
#1545=CARTESIAN_POINT('',(-5.407848762600E-1,2.519685039370E-1,
-6.292194913642E-1));
#1546=LINE('',#1545,#1544);
#1547=CURVE_STYLE('',#21,POSITIVE_LENGTH_MEASURE(2.E-2),#3);
#1548=PRESENTATION_STYLE_ASSIGNMENT((#1547));
#1549=STYLED_ITEM('',(#1548),#1546);
#1550=CARTESIAN_POINT('',(-5.333641630919E-1,0.E0,-6.362702520066E-1));
#1551=DIRECTION('',(0.E0,1.E0,0.E0));
#1552=DIRECTION('',(-6.424129479589E-1,0.E0,-7.663586655704E-1));
#1553=AXIS2_PLACEMENT_3D('',#1550,#1551,#1552);
#1555=CURVE_STYLE('',#21,POSITIVE_LENGTH_MEASURE(2.E-2),#3);
#1556=PRESENTATION_STYLE_ASSIGNMENT((#1555));
#1557=STYLED_ITEM('',(#1556),#1554);
#1558=CARTESIAN_POINT('',(0.E0,2.519685039370E-1,0.E0));
#1559=DIRECTION('',(0.E0,-1.E0,0.E0));
#1560=DIRECTION('',(-6.424129479589E-1,0.E0,-7.663586655704E-1));
#1561=AXIS2_PLACEMENT_3D('',#1558,#1559,#1560);
#1563=CURVE_STYLE('',#21,POSITIVE_LENGTH_MEASURE(2.E-2),#3);
#1564=PRESENTATION_STYLE_ASSIGNMENT((#1563));
#1565=STYLED_ITEM('',(#1564),#1562);
#1566=DIRECTION('',(0.E0,-1.E0,0.E0));
#1567=VECTOR('',#1566,2.519685039370E-1);
#1568=CARTESIAN_POINT('',(-5.399400436615E-1,2.519685039370E-1,
-6.441148682684E-1));
#1569=LINE('',#1568,#1567);
#1570=CURVE_STYLE('',#21,POSITIVE_LENGTH_MEASURE(2.E-2),#3);
#1571=PRESENTATION_STYLE_ASSIGNMENT((#1570));
#1572=STYLED_ITEM('',(#1571),#1569);
#1573=CARTESIAN_POINT('',(0.E0,0.E0,0.E0));
#1574=DIRECTION('',(0.E0,1.E0,0.E0));
#1575=DIRECTION('',(-6.196267977923E-1,0.E0,-7.848965737329E-1));
#1576=AXIS2_PLACEMENT_3D('',#1573,#1574,#1575);
#1578=CURVE_STYLE('',#21,POSITIVE_LENGTH_MEASURE(2.E-2),#3);
#1579=PRESENTATION_STYLE_ASSIGNMENT((#1578));
#1580=STYLED_ITEM('',(#1579),#1577);
#1581=CARTESIAN_POINT('',(-5.144459330775E-1,2.519685039370E-1,
-6.516613737205E-1));
#1582=DIRECTION('',(0.E0,1.E0,0.E0));
#1583=DIRECTION('',(8.218928352420E-1,0.E0,-5.696421397491E-1));
#1584=AXIS2_PLACEMENT_3D('',#1581,#1582,#1583);
#1586=CURVE_STYLE('',#21,POSITIVE_LENGTH_MEASURE(2.E-2),#3);
#1587=PRESENTATION_STYLE_ASSIGNMENT((#1586));
#1588=STYLED_ITEM('',(#1587),#1585);
#1589=DIRECTION('',(0.E0,-1.E0,0.E0));
#1590=VECTOR('',#1589,2.519685039370E-1);
#1591=CARTESIAN_POINT('',(-5.207885695903E-1,2.519685039370E-1,
-6.596957480973E-1));
#1592=LINE('',#1591,#1590);
#1593=CURVE_STYLE('',#21,POSITIVE_LENGTH_MEASURE(2.E-2),#3);
#1594=PRESENTATION_STYLE_ASSIGNMENT((#1593));
#1595=STYLED_ITEM('',(#1594),#1592);
#1596=CARTESIAN_POINT('',(-5.144459330775E-1,0.E0,-6.516613737205E-1));
#1597=DIRECTION('',(0.E0,1.E0,0.E0));
#1598=DIRECTION('',(8.218928352420E-1,0.E0,-5.696421397491E-1));
#1599=AXIS2_PLACEMENT_3D('',#1596,#1597,#1598);
#1601=CURVE_STYLE('',#21,POSITIVE_LENGTH_MEASURE(2.E-2),#3);
#1602=PRESENTATION_STYLE_ASSIGNMENT((#1601));
#1603=STYLED_ITEM('',(#1602),#1600);
#1604=CARTESIAN_POINT('',(-4.778814093049E-1,0.E0,-6.770037208826E-1));
#1605=DIRECTION('',(0.E0,1.E0,0.E0));
#1606=DIRECTION('',(-8.218928352419E-1,0.E0,5.696421397493E-1));
#1607=AXIS2_PLACEMENT_3D('',#1604,#1605,#1606);
#1609=CURVE_STYLE('',#21,POSITIVE_LENGTH_MEASURE(2.E-2),#3);
#1610=PRESENTATION_STYLE_ASSIGNMENT((#1609));
#1611=STYLED_ITEM('',(#1610),#1608);
#1612=CARTESIAN_POINT('',(-4.778814093049E-1,2.519685039370E-1,
-6.770037208826E-1));
#1613=DIRECTION('',(0.E0,1.E0,0.E0));
#1614=DIRECTION('',(-8.218928352419E-1,0.E0,5.696421397493E-1));
#1615=AXIS2_PLACEMENT_3D('',#1612,#1613,#1614);
#1617=CURVE_STYLE('',#21,POSITIVE_LENGTH_MEASURE(2.E-2),#3);
#1618=PRESENTATION_STYLE_ASSIGNMENT((#1617));
#1619=STYLED_ITEM('',(#1618),#1616);
#1620=DIRECTION('',(0.E0,-1.E0,0.E0));
#1621=VECTOR('',#1620,2.519685039370E-1);
#1622=CARTESIAN_POINT('',(-5.060328568112E-1,2.519685039370E-1,
-6.574923562534E-1));
#1623=LINE('',#1622,#1621);
#1624=CURVE_STYLE('',#21,POSITIVE_LENGTH_MEASURE(2.E-2),#3);
#1625=PRESENTATION_STYLE_ASSIGNMENT((#1624));
#1626=STYLED_ITEM('',(#1625),#1623);
#1627=CARTESIAN_POINT('',(-4.417575923592E-1,2.519685039370E-1,
-7.029704073802E-1));
#1628=DIRECTION('',(0.E0,1.E0,0.E0));
#1629=DIRECTION('',(-5.320769875981E-1,0.E0,-8.466959780633E-1));
#1630=AXIS2_PLACEMENT_3D('',#1627,#1628,#1629);
#1632=CURVE_STYLE('',#21,POSITIVE_LENGTH_MEASURE(2.E-2),#3);
#1633=PRESENTATION_STYLE_ASSIGNMENT((#1632));
#1634=STYLED_ITEM('',(#1633),#1631);
#1635=DIRECTION('',(0.E0,-1.E0,0.E0));
#1636=VECTOR('',#1635,2.519685039370E-1);
#1637=CARTESIAN_POINT('',(-4.500692670546E-1,2.519685039370E-1,
-6.969957715489E-1));
#1638=LINE('',#1637,#1636);
#1639=CURVE_STYLE('',#21,POSITIVE_LENGTH_MEASURE(2.E-2),#3);
#1640=PRESENTATION_STYLE_ASSIGNMENT((#1639));
#1641=STYLED_ITEM('',(#1640),#1638);
#1642=CARTESIAN_POINT('',(-4.417575923592E-1,0.E0,-7.029704073802E-1));
#1643=DIRECTION('',(0.E0,1.E0,0.E0));
#1644=DIRECTION('',(-5.320769875980E-1,0.E0,-8.466959780633E-1));
#1645=AXIS2_PLACEMENT_3D('',#1642,#1643,#1644);
#1647=CURVE_STYLE('',#21,POSITIVE_LENGTH_MEASURE(2.E-2),#3);
#1648=PRESENTATION_STYLE_ASSIGNMENT((#1647));
#1649=STYLED_ITEM('',(#1648),#1646);
#1650=CARTESIAN_POINT('',(0.E0,2.519685039370E-1,0.E0));
#1651=DIRECTION('',(0.E0,-1.E0,0.E0));
#1652=DIRECTION('',(-5.320769875980E-1,0.E0,-8.466959780633E-1));
#1653=AXIS2_PLACEMENT_3D('',#1650,#1651,#1652);
#1655=CURVE_STYLE('',#21,POSITIVE_LENGTH_MEASURE(2.E-2),#3);
#1656=PRESENTATION_STYLE_ASSIGNMENT((#1655));
#1657=STYLED_ITEM('',(#1656),#1654);
#1658=DIRECTION('',(0.E0,-1.E0,0.E0));
#1659=VECTOR('',#1658,2.519685039370E-1);
#1660=CARTESIAN_POINT('',(-4.472040497125E-1,2.519685039370E-1,
-7.116373740848E-1));
#1661=LINE('',#1660,#1659);
#1662=CURVE_STYLE('',#21,POSITIVE_LENGTH_MEASURE(2.E-2),#3);
#1663=PRESENTATION_STYLE_ASSIGNMENT((#1662));
#1664=STYLED_ITEM('',(#1663),#1661);
#1665=CARTESIAN_POINT('',(0.E0,0.E0,0.E0));
#1666=DIRECTION('',(0.E0,1.E0,0.E0));
#1667=DIRECTION('',(-5.069788240280E-1,0.E0,-8.619585094349E-1));
#1668=AXIS2_PLACEMENT_3D('',#1665,#1666,#1667);
#1670=CURVE_STYLE('',#21,POSITIVE_LENGTH_MEASURE(2.E-2),#3);
#1671=PRESENTATION_STYLE_ASSIGNMENT((#1670));
#1672=STYLED_ITEM('',(#1671),#1669);
#1673=CARTESIAN_POINT('',(-4.209198102904E-1,2.519685039370E-1,
-7.156421433680E-1));
#1674=DIRECTION('',(0.E0,1.E0,0.E0));
#1675=DIRECTION('',(8.918039423757E-1,0.E0,-4.524220688285E-1));
#1676=AXIS2_PLACEMENT_3D('',#1673,#1674,#1675);
#1678=CURVE_STYLE('',#21,POSITIVE_LENGTH_MEASURE(2.E-2),#3);
#1679=PRESENTATION_STYLE_ASSIGNMENT((#1678));
#1680=STYLED_ITEM('',(#1679),#1677);
#1681=DIRECTION('',(0.E0,-1.E0,0.E0));
#1682=VECTOR('',#1681,2.519685039370E-1);
#1683=CARTESIAN_POINT('',(-4.261093573081E-1,2.519685039370E-1,
-7.244653407087E-1));
#1684=LINE('',#1683,#1682);
#1685=CURVE_STYLE('',#21,POSITIVE_LENGTH_MEASURE(2.E-2),#3);
#1686=PRESENTATION_STYLE_ASSIGNMENT((#1685));
#1687=STYLED_ITEM('',(#1686),#1684);
#1688=CARTESIAN_POINT('',(-4.209198102904E-1,0.E0,-7.156421433680E-1));
#1689=DIRECTION('',(0.E0,1.E0,0.E0));
#1690=DIRECTION('',(8.918039423757E-1,0.E0,-4.524220688285E-1));
#1691=AXIS2_PLACEMENT_3D('',#1688,#1689,#1690);
#1693=CURVE_STYLE('',#21,POSITIVE_LENGTH_MEASURE(2.E-2),#3);
#1694=PRESENTATION_STYLE_ASSIGNMENT((#1693));
#1695=STYLED_ITEM('',(#1694),#1692);
#1696=CARTESIAN_POINT('',(-3.812450679722E-1,0.E0,-7.357695818631E-1));
#1697=DIRECTION('',(0.E0,1.E0,0.E0));
#1698=DIRECTION('',(-8.918039423758E-1,0.E0,4.524220688285E-1));
#1699=AXIS2_PLACEMENT_3D('',#1696,#1697,#1698);
#1701=CURVE_STYLE('',#21,POSITIVE_LENGTH_MEASURE(2.E-2),#3);
#1702=PRESENTATION_STYLE_ASSIGNMENT((#1701));
#1703=STYLED_ITEM('',(#1702),#1700);
#1704=CARTESIAN_POINT('',(-3.812450679722E-1,2.519685039370E-1,
-7.357695818631E-1));
#1705=DIRECTION('',(0.E0,1.E0,0.E0));
#1706=DIRECTION('',(-8.918039423758E-1,0.E0,4.524220688285E-1));
#1707=AXIS2_PLACEMENT_3D('',#1704,#1705,#1706);
#1709=CURVE_STYLE('',#21,POSITIVE_LENGTH_MEASURE(2.E-2),#3);
#1710=PRESENTATION_STYLE_ASSIGNMENT((#1709));
#1711=STYLED_ITEM('',(#1710),#1708);
#1712=DIRECTION('',(0.E0,-1.E0,0.E0));
#1713=VECTOR('',#1712,2.519685039370E-1);
#1714=CARTESIAN_POINT('',(-4.117911085181E-1,2.519685039370E-1,
-7.202732354111E-1));
#1715=LINE('',#1714,#1713);
#1716=CURVE_STYLE('',#21,POSITIVE_LENGTH_MEASURE(2.E-2),#3);
#1717=PRESENTATION_STYLE_ASSIGNMENT((#1716));
#1718=STYLED_ITEM('',(#1717),#1715);
#1719=CARTESIAN_POINT('',(-3.419219135183E-1,2.519685039370E-1,
-7.565755541354E-1));
#1720=DIRECTION('',(0.E0,1.E0,0.E0));
#1721=DIRECTION('',(-4.118294396866E-1,0.E0,-9.112609464953E-1));
#1722=AXIS2_PLACEMENT_3D('',#1719,#1720,#1721);
#1724=CURVE_STYLE('',#21,POSITIVE_LENGTH_MEASURE(2.E-2),#3);
#1725=PRESENTATION_STYLE_ASSIGNMENT((#1724));
#1726=STYLED_ITEM('',(#1725),#1723);
#1727=DIRECTION('',(0.E0,-1.E0,0.E0));
#1728=VECTOR('',#1727,2.519685039370E-1);
#1729=CARTESIAN_POINT('',(-3.509697189678E-1,2.519685039370E-1,
-7.517883392763E-1));
#1730=LINE('',#1729,#1728);
#1731=CURVE_STYLE('',#21,POSITIVE_LENGTH_MEASURE(2.E-2),#3);
#1732=PRESENTATION_STYLE_ASSIGNMENT((#1731));
#1733=STYLED_ITEM('',(#1732),#1730);
#1734=CARTESIAN_POINT('',(-3.419219135183E-1,0.E0,-7.565755541354E-1));
#1735=DIRECTION('',(0.E0,1.E0,0.E0));
#1736=DIRECTION('',(-4.118294396866E-1,0.E0,-9.112609464953E-1));
#1737=AXIS2_PLACEMENT_3D('',#1734,#1735,#1736);
#1739=CURVE_STYLE('',#21,POSITIVE_LENGTH_MEASURE(2.E-2),#3);
#1740=PRESENTATION_STYLE_ASSIGNMENT((#1739));
#1741=STYLED_ITEM('',(#1740),#1738);
#1742=CARTESIAN_POINT('',(0.E0,2.519685039370E-1,0.E0));
#1743=DIRECTION('',(0.E0,-1.E0,0.E0));
#1744=DIRECTION('',(-4.118294396866E-1,0.E0,-9.112609464953E-1));
#1745=AXIS2_PLACEMENT_3D('',#1742,#1743,#1744);
#1747=CURVE_STYLE('',#21,POSITIVE_LENGTH_MEASURE(2.E-2),#3);
#1748=PRESENTATION_STYLE_ASSIGNMENT((#1747));
#1749=STYLED_ITEM('',(#1748),#1746);
#1750=DIRECTION('',(0.E0,-1.E0,0.E0));
#1751=VECTOR('',#1750,2.519685039370E-1);
#1752=CARTESIAN_POINT('',(-3.461374904600E-1,2.519685039370E-1,
-7.659034220916E-1));
#1753=LINE('',#1752,#1751);
#1754=CURVE_STYLE('',#21,POSITIVE_LENGTH_MEASURE(2.E-2),#3);
#1755=PRESENTATION_STYLE_ASSIGNMENT((#1754));
#1756=STYLED_ITEM('',(#1755),#1753);
#1757=CARTESIAN_POINT('',(0.E0,0.E0,0.E0));
#1758=DIRECTION('',(0.E0,1.E0,0.E0));
#1759=DIRECTION('',(-3.848867940128E-1,0.E0,-9.229637889942E-1));
#1760=AXIS2_PLACEMENT_3D('',#1757,#1758,#1759);
#1762=CURVE_STYLE('',#21,POSITIVE_LENGTH_MEASURE(2.E-2),#3);
#1763=PRESENTATION_STYLE_ASSIGNMENT((#1762));
#1764=STYLED_ITEM('',(#1763),#1761);
#1765=CARTESIAN_POINT('',(-3.195527478486E-1,2.519685039370E-1,
-7.662918539315E-1));
#1766=DIRECTION('',(0.E0,1.E0,0.E0));
#1767=DIRECTION('',(9.451024294209E-1,0.E0,-3.267742307812E-1));
#1768=AXIS2_PLACEMENT_3D('',#1765,#1766,#1767);
#1770=CURVE_STYLE('',#21,POSITIVE_LENGTH_MEASURE(2.E-2),#3);
#1771=PRESENTATION_STYLE_ASSIGNMENT((#1770));
#1772=STYLED_ITEM('',(#1771),#1769);
#1773=DIRECTION('',(0.E0,-1.E0,0.E0));
#1774=VECTOR('',#1773,2.519685039370E-1);
#1775=CARTESIAN_POINT('',(-3.234925339290E-1,2.519685039370E-1,
-7.757395147637E-1));
#1776=LINE('',#1775,#1774);
#1777=CURVE_STYLE('',#21,POSITIVE_LENGTH_MEASURE(2.E-2),#3);
#1778=PRESENTATION_STYLE_ASSIGNMENT((#1777));
#1779=STYLED_ITEM('',(#1778),#1776);
#1780=CARTESIAN_POINT('',(-3.195527478486E-1,0.E0,-7.662918539315E-1));
#1781=DIRECTION('',(0.E0,1.E0,0.E0));
#1782=DIRECTION('',(9.451024294209E-1,0.E0,-3.267742307812E-1));
#1783=AXIS2_PLACEMENT_3D('',#1780,#1781,#1782);
#1785=CURVE_STYLE('',#21,POSITIVE_LENGTH_MEASURE(2.E-2),#3);
#1786=PRESENTATION_STYLE_ASSIGNMENT((#1785));
#1787=STYLED_ITEM('',(#1786),#1784);
#1788=CARTESIAN_POINT('',(-2.775068523664E-1,0.E0,-7.808294476631E-1));
#1789=DIRECTION('',(0.E0,1.E0,0.E0));
#1790=DIRECTION('',(-9.451024294210E-1,0.E0,3.267742307809E-1));
#1791=AXIS2_PLACEMENT_3D('',#1788,#1789,#1790);
#1793=CURVE_STYLE('',#21,POSITIVE_LENGTH_MEASURE(2.E-2),#3);
#1794=PRESENTATION_STYLE_ASSIGNMENT((#1793));
#1795=STYLED_ITEM('',(#1794),#1792);
#1796=CARTESIAN_POINT('',(-2.775068523664E-1,2.519685039370E-1,
-7.808294476631E-1));
#1797=DIRECTION('',(0.E0,1.E0,0.E0));
#1798=DIRECTION('',(-9.451024294210E-1,0.E0,3.267742307809E-1));
#1799=AXIS2_PLACEMENT_3D('',#1796,#1797,#1798);
#1801=CURVE_STYLE('',#21,POSITIVE_LENGTH_MEASURE(2.E-2),#3);
#1802=PRESENTATION_STYLE_ASSIGNMENT((#1801));
#1803=STYLED_ITEM('',(#1802),#1800);
#1804=DIRECTION('',(0.E0,-1.E0,0.E0));
#1805=VECTOR('',#1804,2.519685039370E-1);
#1806=CARTESIAN_POINT('',(-3.098784710120E-1,2.519685039370E-1,
-7.696367870024E-1));
#1807=LINE('',#1806,#1805);
#1808=CURVE_STYLE('',#21,POSITIVE_LENGTH_MEASURE(2.E-2),#3);
#1809=PRESENTATION_STYLE_ASSIGNMENT((#1808));
#1810=STYLED_ITEM('',(#1809),#1807);
#1811=CARTESIAN_POINT('',(-2.357168763697E-1,2.519685039370E-1,
-7.960871298129E-1));
#1812=DIRECTION('',(0.E0,1.E0,0.E0));
#1813=DIRECTION('',(-2.839102885250E-1,0.E0,-9.588508476659E-1));
#1814=AXIS2_PLACEMENT_3D('',#1811,#1812,#1813);
#1816=CURVE_STYLE('',#21,POSITIVE_LENGTH_MEASURE(2.E-2),#3);
#1817=PRESENTATION_STYLE_ASSIGNMENT((#1816));
#1818=STYLED_ITEM('',(#1817),#1815);
#1819=DIRECTION('',(0.E0,-1.E0,0.E0));
#1820=VECTOR('',#1819,2.519685039370E-1);
#1821=CARTESIAN_POINT('',(-2.453322690769E-1,2.519685039370E-1,
-7.925765126811E-1));
#1822=LINE('',#1821,#1820);
#1823=CURVE_STYLE('',#21,POSITIVE_LENGTH_MEASURE(2.E-2),#3);
#1824=PRESENTATION_STYLE_ASSIGNMENT((#1823));
#1825=STYLED_ITEM('',(#1824),#1822);
#1826=CARTESIAN_POINT('',(-2.357168763697E-1,0.E0,-7.960871298129E-1));
#1827=DIRECTION('',(0.E0,1.E0,0.E0));
#1828=DIRECTION('',(-2.839102885250E-1,0.E0,-9.588508476659E-1));
#1829=AXIS2_PLACEMENT_3D('',#1826,#1827,#1828);
#1831=CURVE_STYLE('',#21,POSITIVE_LENGTH_MEASURE(2.E-2),#3);
#1832=PRESENTATION_STYLE_ASSIGNMENT((#1831));
#1833=STYLED_ITEM('',(#1832),#1830);
#1834=CARTESIAN_POINT('',(0.E0,2.519685039370E-1,0.E0));
#1835=DIRECTION('',(0.E0,-1.E0,0.E0));
#1836=DIRECTION('',(-2.839102885250E-1,0.E0,-9.588508476659E-1));
#1837=AXIS2_PLACEMENT_3D('',#1834,#1835,#1836);
#1839=CURVE_STYLE('',#21,POSITIVE_LENGTH_MEASURE(2.E-2),#3);
#1840=PRESENTATION_STYLE_ASSIGNMENT((#1839));
#1841=STYLED_ITEM('',(#1840),#1838);
#1842=DIRECTION('',(0.E0,-1.E0,0.E0));
#1843=VECTOR('',#1842,2.519685039370E-1);
#1844=CARTESIAN_POINT('',(-2.386230446774E-1,2.519685039370E-1,
-8.059021384898E-1));
#1845=LINE('',#1844,#1843);
#1846=CURVE_STYLE('',#21,POSITIVE_LENGTH_MEASURE(2.E-2),#3);
#1847=PRESENTATION_STYLE_ASSIGNMENT((#1846));
#1848=STYLED_ITEM('',(#1847),#1845);
#1849=CARTESIAN_POINT('',(0.E0,0.E0,0.E0));
#1850=DIRECTION('',(0.E0,1.E0,0.E0));
#1851=DIRECTION('',(-2.556250512590E-1,0.E0,-9.667759994791E-1));
#1852=AXIS2_PLACEMENT_3D('',#1849,#1850,#1851);
#1854=CURVE_STYLE('',#21,POSITIVE_LENGTH_MEASURE(2.E-2),#3);
#1855=PRESENTATION_STYLE_ASSIGNMENT((#1854));
#1856=STYLED_ITEM('',(#1855),#1853);
#1857=CARTESIAN_POINT('',(-2.122330223313E-1,2.519685039370E-1,
-8.026669971361E-1));
#1858=DIRECTION('',(0.E0,1.E0,0.E0));
#1859=DIRECTION('',(9.807954464087E-1,0.E0,-1.950392070944E-1));
#1860=AXIS2_PLACEMENT_3D('',#1857,#1858,#1859);
#1862=CURVE_STYLE('',#21,POSITIVE_LENGTH_MEASURE(2.E-2),#3);
#1863=PRESENTATION_STYLE_ASSIGNMENT((#1862));
#1864=STYLED_ITEM('',(#1863),#1861);
#1865=DIRECTION('',(0.E0,-1.E0,0.E0));
#1866=VECTOR('',#1865,2.519685039370E-1);
#1867=CARTESIAN_POINT('',(-2.148496567142E-1,2.519685039370E-1,
-8.125631294142E-1));
#1868=LINE('',#1867,#1866);
#1869=CURVE_STYLE('',#21,POSITIVE_LENGTH_MEASURE(2.E-2),#3);
#1870=PRESENTATION_STYLE_ASSIGNMENT((#1869));
#1871=STYLED_ITEM('',(#1870),#1868);
#1872=CARTESIAN_POINT('',(-2.122330223313E-1,0.E0,-8.026669971361E-1));
#1873=DIRECTION('',(0.E0,1.E0,0.E0));
#1874=DIRECTION('',(9.807954464087E-1,0.E0,-1.950392070944E-1));
#1875=AXIS2_PLACEMENT_3D('',#1872,#1873,#1874);
#1877=CURVE_STYLE('',#21,POSITIVE_LENGTH_MEASURE(2.E-2),#3);
#1878=PRESENTATION_STYLE_ASSIGNMENT((#1877));
#1879=STYLED_ITEM('',(#1878),#1876);
#1880=CARTESIAN_POINT('',(-1.685992091643E-1,0.E0,-8.113439382391E-1));
#1881=DIRECTION('',(0.E0,1.E0,0.E0));
#1882=DIRECTION('',(-9.807954464086E-1,0.E0,1.950392070946E-1));
#1883=AXIS2_PLACEMENT_3D('',#1880,#1881,#1882);
#1885=CURVE_STYLE('',#21,POSITIVE_LENGTH_MEASURE(2.E-2),#3);
#1886=PRESENTATION_STYLE_ASSIGNMENT((#1885));
#1887=STYLED_ITEM('',(#1886),#1884);
#1888=CARTESIAN_POINT('',(-1.685992091643E-1,2.519685039370E-1,
-8.113439382391E-1));
#1889=DIRECTION('',(0.E0,1.E0,0.E0));
#1890=DIRECTION('',(-9.807954464086E-1,0.E0,1.950392070946E-1));
#1891=AXIS2_PLACEMENT_3D('',#1888,#1889,#1890);
#1893=CURVE_STYLE('',#21,POSITIVE_LENGTH_MEASURE(2.E-2),#3);
#1894=PRESENTATION_STYLE_ASSIGNMENT((#1893));
#1895=STYLED_ITEM('',(#1894),#1892);
#1896=DIRECTION('',(0.E0,-1.E0,0.E0));
#1897=VECTOR('',#1896,2.519685039370E-1);
#1898=CARTESIAN_POINT('',(-2.021933839034E-1,2.519685039370E-1,
-8.046634614606E-1));
#1899=LINE('',#1898,#1897);
#1900=CURVE_STYLE('',#21,POSITIVE_LENGTH_MEASURE(2.E-2),#3);
#1901=PRESENTATION_STYLE_ASSIGNMENT((#1900));
#1902=STYLED_ITEM('',(#1901),#1899);
#1903=CARTESIAN_POINT('',(-1.251208798077E-1,2.519685039370E-1,
-8.207691085168E-1));
#1904=DIRECTION('',(0.E0,1.E0,0.E0));
#1905=DIRECTION('',(-1.507024258671E-1,0.E0,-9.885791717600E-1));
#1906=AXIS2_PLACEMENT_3D('',#1903,#1904,#1905);
#1908=CURVE_STYLE('',#21,POSITIVE_LENGTH_MEASURE(2.E-2),#3);
#1909=PRESENTATION_STYLE_ASSIGNMENT((#1908));
#1910=STYLED_ITEM('',(#1909),#1907);
#1911=DIRECTION('',(0.E0,-1.E0,0.E0));
#1912=VECTOR('',#1911,2.519685039370E-1);
#1913=CARTESIAN_POINT('',(-1.351247431995E-1,2.519685039370E-1,
-8.186004852670E-1));
#1914=LINE('',#1913,#1912);
#1915=CURVE_STYLE('',#21,POSITIVE_LENGTH_MEASURE(2.E-2),#3);
#1916=PRESENTATION_STYLE_ASSIGNMENT((#1915));
#1917=STYLED_ITEM('',(#1916),#1914);
#1918=CARTESIAN_POINT('',(-1.251208798077E-1,0.E0,-8.207691085168E-1));
#1919=DIRECTION('',(0.E0,1.E0,0.E0));
#1920=DIRECTION('',(-1.507024258671E-1,0.E0,-9.885791717600E-1));
#1921=AXIS2_PLACEMENT_3D('',#1918,#1919,#1920);
#1923=CURVE_STYLE('',#21,POSITIVE_LENGTH_MEASURE(2.E-2),#3);
#1924=PRESENTATION_STYLE_ASSIGNMENT((#1923));
#1925=STYLED_ITEM('',(#1924),#1922);
#1926=CARTESIAN_POINT('',(0.E0,2.519685039370E-1,0.E0));
#1927=DIRECTION('',(0.E0,-1.E0,0.E0));
#1928=DIRECTION('',(-1.507024258670E-1,0.E0,-9.885791717601E-1));
#1929=AXIS2_PLACEMENT_3D('',#1926,#1927,#1928);
#1931=CURVE_STYLE('',#21,POSITIVE_LENGTH_MEASURE(2.E-2),#3);
#1932=PRESENTATION_STYLE_ASSIGNMENT((#1931));
#1933=STYLED_ITEM('',(#1932),#1930);
#1934=DIRECTION('',(0.E0,-1.E0,0.E0));
#1935=VECTOR('',#1934,2.519685039370E-1);
#1936=CARTESIAN_POINT('',(-1.266635030646E-1,2.519685039370E-1,
-8.308884228734E-1));
#1937=LINE('',#1936,#1935);
#1938=CURVE_STYLE('',#21,POSITIVE_LENGTH_MEASURE(2.E-2),#3);
#1939=PRESENTATION_STYLE_ASSIGNMENT((#1938));
#1940=STYLED_ITEM('',(#1939),#1937);
#1941=CARTESIAN_POINT('',(0.E0,0.E0,0.E0));
#1942=DIRECTION('',(0.E0,1.E0,0.E0));
#1943=DIRECTION('',(-1.216014974613E-1,0.E0,-9.925790023042E-1));
#1944=AXIS2_PLACEMENT_3D('',#1941,#1942,#1943);
#1946=CURVE_STYLE('',#21,POSITIVE_LENGTH_MEASURE(2.E-2),#3);
#1947=PRESENTATION_STYLE_ASSIGNMENT((#1946));
#1948=STYLED_ITEM('',(#1947),#1945);
#1949=CARTESIAN_POINT('',(-1.009597971682E-1,2.519685039370E-1,
-8.240899728883E-1));
#1950=DIRECTION('',(0.E0,1.E0,0.E0));
#1951=DIRECTION('',(9.982180999659E-1,0.E0,-5.967097200831E-2));
#1952=AXIS2_PLACEMENT_3D('',#1949,#1950,#1951);
#1954=CURVE_STYLE('',#21,POSITIVE_LENGTH_MEASURE(2.E-2),#3);
#1955=PRESENTATION_STYLE_ASSIGNMENT((#1954));
#1956=STYLED_ITEM('',(#1955),#1953);
#1957=DIRECTION('',(0.E0,-1.E0,0.E0));
#1958=VECTOR('',#1957,2.519685039370E-1);
#1959=CARTESIAN_POINT('',(-1.022045369060E-1,2.519685039370E-1,
-8.342502303922E-1));
#1960=LINE('',#1959,#1958);
#1961=CURVE_STYLE('',#21,POSITIVE_LENGTH_MEASURE(2.E-2),#3);
#1962=PRESENTATION_STYLE_ASSIGNMENT((#1961));
#1963=STYLED_ITEM('',(#1962),#1960);
#1964=CARTESIAN_POINT('',(-1.009597971682E-1,0.E0,-8.240899728883E-1));
#1965=DIRECTION('',(0.E0,1.E0,0.E0));
#1966=DIRECTION('',(9.982180999659E-1,0.E0,-5.967097200831E-2));
#1967=AXIS2_PLACEMENT_3D('',#1964,#1965,#1966);
#1969=CURVE_STYLE('',#21,POSITIVE_LENGTH_MEASURE(2.E-2),#3);
#1970=PRESENTATION_STYLE_ASSIGNMENT((#1969));
#1971=STYLED_ITEM('',(#1970),#1968);
#1972=CARTESIAN_POINT('',(-5.655088169730E-2,0.E0,-8.267446263674E-1));
#1973=DIRECTION('',(0.E0,1.E0,0.E0));
#1974=DIRECTION('',(-9.982180999659E-1,0.E0,5.967097200831E-2));
#1975=AXIS2_PLACEMENT_3D('',#1972,#1973,#1974);
#1977=CURVE_STYLE('',#21,POSITIVE_LENGTH_MEASURE(2.E-2),#3);
#1978=PRESENTATION_STYLE_ASSIGNMENT((#1977));
#1979=STYLED_ITEM('',(#1978),#1976);
#1980=CARTESIAN_POINT('',(-5.655088169730E-2,2.519685039370E-1,
-8.267446263674E-1));
#1981=DIRECTION('',(0.E0,1.E0,0.E0));
#1982=DIRECTION('',(-9.982180999659E-1,0.E0,5.967097200831E-2));
#1983=AXIS2_PLACEMENT_3D('',#1980,#1981,#1982);
#1985=CURVE_STYLE('',#21,POSITIVE_LENGTH_MEASURE(2.E-2),#3);
#1986=PRESENTATION_STYLE_ASSIGNMENT((#1985));
#1987=STYLED_ITEM('',(#1986),#1984);
#1988=DIRECTION('',(0.E0,-1.E0,0.E0));
#1989=VECTOR('',#1988,2.519685039370E-1);
#1990=CARTESIAN_POINT('',(-9.074181661739E-2,2.519685039370E-1,
-8.247007781136E-1));
#1991=LINE('',#1990,#1989);
#1992=CURVE_STYLE('',#21,POSITIVE_LENGTH_MEASURE(2.E-2),#3);
#1993=PRESENTATION_STYLE_ASSIGNMENT((#1992));
#1994=STYLED_ITEM('',(#1993),#1991);
#1995=CARTESIAN_POINT('',(-1.219411799278E-2,2.519685039370E-1,
-8.301617116837E-1));
#1996=DIRECTION('',(0.E0,1.E0,0.E0));
#1997=DIRECTION('',(-1.468726215525E-2,0.E0,-9.998921363479E-1));
#1998=AXIS2_PLACEMENT_3D('',#1995,#1996,#1997);
#2000=CURVE_STYLE('',#21,POSITIVE_LENGTH_MEASURE(2.E-2),#3);
#2001=PRESENTATION_STYLE_ASSIGNMENT((#2000));
#2002=STYLED_ITEM('',(#2001),#1999);
#2003=DIRECTION('',(0.E0,-1.E0,0.E0));
#2004=VECTOR('',#2003,2.519685039370E-1);
#2005=CARTESIAN_POINT('',(-2.240009902214E-2,2.519685039370E-1,
-8.293754796640E-1));
#2006=LINE('',#2005,#2004);
#2007=CURVE_STYLE('',#21,POSITIVE_LENGTH_MEASURE(2.E-2),#3);
#2008=PRESENTATION_STYLE_ASSIGNMENT((#2007));
#2009=STYLED_ITEM('',(#2008),#2006);
#2010=CARTESIAN_POINT('',(-1.219411799278E-2,0.E0,-8.301617116837E-1));
#2011=DIRECTION('',(0.E0,1.E0,0.E0));
#2012=DIRECTION('',(-1.468726215516E-2,0.E0,-9.998921363479E-1));
#2013=AXIS2_PLACEMENT_3D('',#2010,#2011,#2012);
#2015=CURVE_STYLE('',#21,POSITIVE_LENGTH_MEASURE(2.E-2),#3);
#2016=PRESENTATION_STYLE_ASSIGNMENT((#2015));
#2017=STYLED_ITEM('',(#2016),#2014);
#2018=DIRECTION('',(-7.071067811865E-1,7.071067811865E-1,-7.922244984789E-10));
#2019=VECTOR('',#2018,3.424178507409E-2);
#2020=CARTESIAN_POINT('',(-8.404874860871E-1,2.519685039343E-1,
1.187729078275E-10));
#2021=LINE('',#2020,#2019);
#2022=CURVE_STYLE('',#21,POSITIVE_LENGTH_MEASURE(2.E-2),#3);
#2023=PRESENTATION_STYLE_ASSIGNMENT((#2022));
#2024=STYLED_ITEM('',(#2023),#2021);
#2025=CARTESIAN_POINT('',(0.E0,2.761811023622E-1,0.E0));
#2026=DIRECTION('',(0.E0,-1.E0,0.E0));
#2027=DIRECTION('',(-1.E0,0.E0,0.E0));
#2028=AXIS2_PLACEMENT_3D('',#2025,#2026,#2027);
#2030=CURVE_STYLE('',#21,POSITIVE_LENGTH_MEASURE(2.E-2),#3);
#2031=PRESENTATION_STYLE_ASSIGNMENT((#2030));
#2032=STYLED_ITEM('',(#2031),#2029);
#2033=DIRECTION('',(3.852053854243E-11,1.E0,1.680722147963E-9));
#2034=VECTOR('',#2033,5.452755905722E-2);
#2035=CARTESIAN_POINT('',(8.647000845129E-1,2.761811023601E-1,
-9.164557028662E-11));
#2036=LINE('',#2035,#2034);
#2037=CURVE_STYLE('',#21,POSITIVE_LENGTH_MEASURE(2.E-2),#3);
#2038=PRESENTATION_STYLE_ASSIGNMENT((#2037));
#2039=STYLED_ITEM('',(#2038),#2036);
#2040=CARTESIAN_POINT('',(0.E0,2.761811023622E-1,0.E0));
#2041=DIRECTION('',(0.E0,-1.E0,0.E0));
#2042=DIRECTION('',(1.E0,0.E0,0.E0));
#2043=AXIS2_PLACEMENT_3D('',#2040,#2041,#2042);
#2045=CURVE_STYLE('',#21,POSITIVE_LENGTH_MEASURE(2.E-2),#3);
#2046=PRESENTATION_STYLE_ASSIGNMENT((#2045));
#2047=STYLED_ITEM('',(#2046),#2044);
#2048=DIRECTION('',(-3.852053854243E-11,1.E0,-1.680725018687E-9));
#2049=VECTOR('',#2048,5.452755905722E-2);
#2050=CARTESIAN_POINT('',(-8.647000845129E-1,2.761811023601E-1,
9.164572682015E-11));
#2051=LINE('',#2050,#2049);
#2052=CURVE_STYLE('',#21,POSITIVE_LENGTH_MEASURE(2.E-2),#3);
#2053=PRESENTATION_STYLE_ASSIGNMENT((#2052));
#2054=STYLED_ITEM('',(#2053),#2051);
#2055=CARTESIAN_POINT('',(0.E0,3.307086614173E-1,0.E0));
#2056=DIRECTION('',(0.E0,1.E0,0.E0));
#2057=DIRECTION('',(1.E0,0.E0,0.E0));
#2058=AXIS2_PLACEMENT_3D('',#2055,#2056,#2057);
#2060=CURVE_STYLE('',#21,POSITIVE_LENGTH_MEASURE(2.E-2),#3);
#2061=PRESENTATION_STYLE_ASSIGNMENT((#2060));
#2062=STYLED_ITEM('',(#2061),#2059);
#2063=CARTESIAN_POINT('',(0.E0,3.307086614173E-1,0.E0));
#2064=DIRECTION('',(0.E0,1.E0,0.E0));
#2065=DIRECTION('',(-1.E0,0.E0,0.E0));
#2066=AXIS2_PLACEMENT_3D('',#2063,#2064,#2065);
#2068=CURVE_STYLE('',#21,POSITIVE_LENGTH_MEASURE(2.E-2),#3);
#2069=PRESENTATION_STYLE_ASSIGNMENT((#2068));
#2070=STYLED_ITEM('',(#2069),#2067);
#2071=CARTESIAN_POINT('',(0.E0,3.307086614173E-1,0.E0));
#2072=DIRECTION('',(0.E0,-1.E0,0.E0));
#2073=DIRECTION('',(-1.E0,0.E0,0.E0));
#2074=AXIS2_PLACEMENT_3D('',#2071,#2072,#2073);
#2076=CURVE_STYLE('',#21,POSITIVE_LENGTH_MEASURE(2.E-2),#3);
#2077=PRESENTATION_STYLE_ASSIGNMENT((#2076));
#2078=STYLED_ITEM('',(#2077),#2075);
#2079=CARTESIAN_POINT('',(0.E0,3.307086614173E-1,0.E0));
#2080=DIRECTION('',(0.E0,-1.E0,0.E0));
#2081=DIRECTION('',(1.E0,0.E0,0.E0));
#2082=AXIS2_PLACEMENT_3D('',#2079,#2080,#2081);
#2084=CURVE_STYLE('',#21,POSITIVE_LENGTH_MEASURE(2.E-2),#3);
#2085=PRESENTATION_STYLE_ASSIGNMENT((#2084));
#2086=STYLED_ITEM('',(#2085),#2083);
#2087=CARTESIAN_POINT('',(-1.771653543307E-1,3.110236220472E-1,
2.691735289523E-11));
#2088=DIRECTION('',(-1.519335074418E-10,0.E0,-1.E0));
#2089=DIRECTION('',(6.924568696220E-11,1.E0,0.E0));
#2090=AXIS2_PLACEMENT_3D('',#2087,#2088,#2089);
#2092=CURVE_STYLE('',#21,POSITIVE_LENGTH_MEASURE(2.E-2),#3);
#2093=PRESENTATION_STYLE_ASSIGNMENT((#2092));
#2094=STYLED_ITEM('',(#2093),#2091);
#2095=CARTESIAN_POINT('',(1.771653543307E-1,3.110236220472E-1,
-2.691741621264E-11));
#2096=DIRECTION('',(1.519338647948E-10,0.E0,1.E0));
#2097=DIRECTION('',(-6.924709694545E-11,1.E0,0.E0));
#2098=AXIS2_PLACEMENT_3D('',#2095,#2096,#2097);
#2100=CURVE_STYLE('',#21,POSITIVE_LENGTH_MEASURE(2.E-2),#3);
#2101=PRESENTATION_STYLE_ASSIGNMENT((#2100));
#2102=STYLED_ITEM('',(#2101),#2099);
#2103=CARTESIAN_POINT('',(0.E0,-5.905511811024E-2,0.E0));
#2104=DIRECTION('',(0.E0,1.E0,0.E0));
#2105=DIRECTION('',(-1.E0,0.E0,0.E0));
#2106=AXIS2_PLACEMENT_3D('',#2103,#2104,#2105);
#2108=CURVE_STYLE('',#21,POSITIVE_LENGTH_MEASURE(2.E-2),#3);
#2109=PRESENTATION_STYLE_ASSIGNMENT((#2108));
#2110=STYLED_ITEM('',(#2109),#2107);
#2111=DIRECTION('',(0.E0,1.E0,7.281182988838E-14));
#2112=VECTOR('',#2111,3.700787401575E-1);
#2113=CARTESIAN_POINT('',(1.574803149606E-1,-5.905511811024E-2,
4.195623130611E-12));
#2114=LINE('',#2113,#2112);
#2115=CURVE_STYLE('',#21,POSITIVE_LENGTH_MEASURE(2.E-2),#3);
#2116=PRESENTATION_STYLE_ASSIGNMENT((#2115));
#2117=STYLED_ITEM('',(#2116),#2114);
#2118=CARTESIAN_POINT('',(0.E0,3.110236220472E-1,0.E0));
#2119=DIRECTION('',(0.E0,-1.E0,0.E0));
#2120=DIRECTION('',(1.E0,0.E0,0.E0));
#2121=AXIS2_PLACEMENT_3D('',#2118,#2119,#2120);
#2123=CURVE_STYLE('',#21,POSITIVE_LENGTH_MEASURE(2.E-2),#3);
#2124=PRESENTATION_STYLE_ASSIGNMENT((#2123));
#2125=STYLED_ITEM('',(#2124),#2122);
#2126=CARTESIAN_POINT('',(-1.771653543307E-1,-5.905511811024E-2,
-4.585368369725E-11));
#2127=DIRECTION('',(-2.588185707419E-10,0.E0,1.E0));
#2128=DIRECTION('',(1.862080267756E-10,-1.E0,0.E0));
#2129=AXIS2_PLACEMENT_3D('',#2126,#2127,#2128);
#2131=CURVE_STYLE('',#21,POSITIVE_LENGTH_MEASURE(2.E-2),#3);
#2132=PRESENTATION_STYLE_ASSIGNMENT((#2131));
#2133=STYLED_ITEM('',(#2132),#2130);
#2134=CARTESIAN_POINT('',(0.E0,-7.874015748031E-2,0.E0));
#2135=DIRECTION('',(0.E0,1.E0,0.E0));
#2136=DIRECTION('',(1.E0,0.E0,0.E0));
#2137=AXIS2_PLACEMENT_3D('',#2134,#2135,#2136);
#2139=CURVE_STYLE('',#21,POSITIVE_LENGTH_MEASURE(2.E-2),#3);
#2140=PRESENTATION_STYLE_ASSIGNMENT((#2139));
#2141=STYLED_ITEM('',(#2140),#2138);
#2142=CARTESIAN_POINT('',(0.E0,-7.874015748031E-2,0.E0));
#2143=DIRECTION('',(0.E0,1.E0,0.E0));
#2144=DIRECTION('',(-1.E0,0.E0,0.E0));
#2145=AXIS2_PLACEMENT_3D('',#2142,#2143,#2144);
#2147=CURVE_STYLE('',#21,POSITIVE_LENGTH_MEASURE(2.E-2),#3);
#2148=PRESENTATION_STYLE_ASSIGNMENT((#2147));
#2149=STYLED_ITEM('',(#2148),#2146);
#2150=CARTESIAN_POINT('',(0.E0,-7.874015748031E-2,0.E0));
#2151=DIRECTION('',(0.E0,1.E0,0.E0));
#2152=DIRECTION('',(1.E0,0.E0,0.E0));
#2153=AXIS2_PLACEMENT_3D('',#2150,#2151,#2152);
#2155=CURVE_STYLE('',#21,POSITIVE_LENGTH_MEASURE(2.E-2),#3);
#2156=PRESENTATION_STYLE_ASSIGNMENT((#2155));
#2157=STYLED_ITEM('',(#2156),#2154);
#2158=CARTESIAN_POINT('',(0.E0,-7.874015748031E-2,0.E0));
#2159=DIRECTION('',(0.E0,1.E0,0.E0));
#2160=DIRECTION('',(-1.E0,0.E0,0.E0));
#2161=AXIS2_PLACEMENT_3D('',#2158,#2159,#2160);
#2163=CURVE_STYLE('',#21,POSITIVE_LENGTH_MEASURE(2.E-2),#3);
#2164=PRESENTATION_STYLE_ASSIGNMENT((#2163));
#2165=STYLED_ITEM('',(#2164),#2162);
#2166=CARTESIAN_POINT('',(0.E0,-2.421259842520E-2,0.E0));
#2167=DIRECTION('',(0.E0,1.E0,0.E0));
#2168=DIRECTION('',(1.E0,0.E0,0.E0));
#2169=AXIS2_PLACEMENT_3D('',#2166,#2167,#2168);
#2171=CURVE_STYLE('',#21,POSITIVE_LENGTH_MEASURE(2.E-2),#3);
#2172=PRESENTATION_STYLE_ASSIGNMENT((#2171));
#2173=STYLED_ITEM('',(#2172),#2170);
#2174=DIRECTION('',(3.852257461931E-11,-1.E0,1.680722147963E-9));
#2175=VECTOR('',#2174,5.452755905722E-2);
#2176=CARTESIAN_POINT('',(8.647000845129E-1,-2.421259842310E-2,
-9.164557028662E-11));
#2177=LINE('',#2176,#2175);
#2178=CURVE_STYLE('',#21,POSITIVE_LENGTH_MEASURE(2.E-2),#3);
#2179=PRESENTATION_STYLE_ASSIGNMENT((#2178));
#2180=STYLED_ITEM('',(#2179),#2177);
#2181=DIRECTION('',(7.071067811865E-1,-7.071067811865E-1,7.922398705265E-10));
#2182=VECTOR('',#2181,3.424178507409E-2);
#2183=CARTESIAN_POINT('',(8.404874860871E-1,2.722340871249E-12,
-1.187732776603E-10));
#2184=LINE('',#2183,#2182);
#2185=CURVE_STYLE('',#21,POSITIVE_LENGTH_MEASURE(2.E-2),#3);
#2186=PRESENTATION_STYLE_ASSIGNMENT((#2185));
#2187=STYLED_ITEM('',(#2186),#2184);
#2188=CARTESIAN_POINT('',(0.E0,2.519685039370E-1,0.E0));
#2189=DIRECTION('',(0.E0,-1.E0,0.E0));
#2190=DIRECTION('',(9.965588627783E-1,0.E0,-8.288807524585E-2));
#2191=AXIS2_PLACEMENT_3D('',#2188,#2189,#2190);
#2193=CURVE_STYLE('',#21,POSITIVE_LENGTH_MEASURE(2.E-2),#3);
#2194=PRESENTATION_STYLE_ASSIGNMENT((#2193));
#2195=STYLED_ITEM('',(#2194),#2192);
#2196=DIRECTION('',(0.E0,-1.E0,0.E0));
#2197=VECTOR('',#2196,2.519685039366E-1);
#2198=CARTESIAN_POINT('',(8.375952533169E-1,2.519685039368E-1,
-6.966638999020E-2));
#2199=LINE('',#2198,#2197);
#2200=CURVE_STYLE('',#21,POSITIVE_LENGTH_MEASURE(2.E-2),#3);
#2201=PRESENTATION_STYLE_ASSIGNMENT((#2200));
#2202=STYLED_ITEM('',(#2201),#2199);
#2203=CARTESIAN_POINT('',(0.E0,0.E0,0.E0));
#2204=DIRECTION('',(0.E0,1.E0,0.E0));
#2205=DIRECTION('',(9.985634512087E-1,0.E0,-5.358202973162E-2));
#2206=AXIS2_PLACEMENT_3D('',#2203,#2204,#2205);
#2208=CURVE_STYLE('',#21,POSITIVE_LENGTH_MEASURE(2.E-2),#3);
#2209=PRESENTATION_STYLE_ASSIGNMENT((#2208));
#2210=STYLED_ITEM('',(#2209),#2207);
#2211=CARTESIAN_POINT('',(8.273942570839E-1,2.519685039370E-1,
-6.881792937746E-2));
#2212=DIRECTION('',(0.E0,1.E0,0.E0));
#2213=DIRECTION('',(9.965588627783E-1,0.E0,-8.288807524589E-2));
#2214=AXIS2_PLACEMENT_3D('',#2211,#2212,#2213);
#2216=CURVE_STYLE('',#21,POSITIVE_LENGTH_MEASURE(2.E-2),#3);
#2217=PRESENTATION_STYLE_ASSIGNMENT((#2216));
#2218=STYLED_ITEM('',(#2217),#2215);
#2219=DIRECTION('',(0.E0,-1.E0,0.E0));
#2220=VECTOR('',#2219,2.519685039370E-1);
#2221=CARTESIAN_POINT('',(8.259133771764E-1,2.519685039370E-1,
-7.894646353892E-2));
#2222=LINE('',#2221,#2220);
#2223=CURVE_STYLE('',#21,POSITIVE_LENGTH_MEASURE(2.E-2),#3);
#2224=PRESENTATION_STYLE_ASSIGNMENT((#2223));
#2225=STYLED_ITEM('',(#2224),#2222);
#2226=CARTESIAN_POINT('',(8.273942570839E-1,0.E0,-6.881792937746E-2));
#2227=DIRECTION('',(0.E0,1.E0,0.E0));
#2228=DIRECTION('',(9.965588627783E-1,0.E0,-8.288807524578E-2));
#2229=AXIS2_PLACEMENT_3D('',#2226,#2227,#2228);
#2231=CURVE_STYLE('',#21,POSITIVE_LENGTH_MEASURE(2.E-2),#3);
#2232=PRESENTATION_STYLE_ASSIGNMENT((#2231));
#2233=STYLED_ITEM('',(#2232),#2230);
#2234=CARTESIAN_POINT('',(8.209581251779E-1,0.E0,-1.128380970792E-1));
#2235=DIRECTION('',(0.E0,1.E0,0.E0));
#2236=DIRECTION('',(-1.276526774059E-1,0.E0,-9.918189320391E-1));
#2237=AXIS2_PLACEMENT_3D('',#2234,#2235,#2236);
#2239=CURVE_STYLE('',#21,POSITIVE_LENGTH_MEASURE(2.E-2),#3);
#2240=PRESENTATION_STYLE_ASSIGNMENT((#2239));
#2241=STYLED_ITEM('',(#2240),#2238);
#2242=CARTESIAN_POINT('',(8.209581251779E-1,2.519685039370E-1,
-1.128380970792E-1));
#2243=DIRECTION('',(0.E0,1.E0,0.E0));
#2244=DIRECTION('',(-1.276526774059E-1,0.E0,-9.918189320391E-1));
#2245=AXIS2_PLACEMENT_3D('',#2242,#2243,#2244);
#2247=CURVE_STYLE('',#21,POSITIVE_LENGTH_MEASURE(2.E-2),#3);
#2248=PRESENTATION_STYLE_ASSIGNMENT((#2247));
#2249=STYLED_ITEM('',(#2248),#2246);
#2250=DIRECTION('',(0.E0,-1.E0,0.E0));
#2251=VECTOR('',#2250,2.519685039370E-1);
#2252=CARTESIAN_POINT('',(8.165857696920E-1,2.519685039370E-1,
-1.468098479010E-1));
#2253=LINE('',#2252,#2251);
#2254=CURVE_STYLE('',#21,POSITIVE_LENGTH_MEASURE(2.E-2),#3);
#2255=PRESENTATION_STYLE_ASSIGNMENT((#2254));
#2256=STYLED_ITEM('',(#2255),#2253);
#2257=CARTESIAN_POINT('',(8.152790887422E-1,2.519685039370E-1,
-1.569623251581E-1));
#2258=DIRECTION('',(0.E0,1.E0,0.E0));
#2259=DIRECTION('',(1.276526774059E-1,0.E0,9.918189320391E-1));
#2260=AXIS2_PLACEMENT_3D('',#2257,#2258,#2259);
#2262=CURVE_STYLE('',#21,POSITIVE_LENGTH_MEASURE(2.E-2),#3);
#2263=PRESENTATION_STYLE_ASSIGNMENT((#2262));
#2264=STYLED_ITEM('',(#2263),#2261);
#2265=DIRECTION('',(0.E0,-1.E0,0.E0));
#2266=VECTOR('',#2265,2.519685039371E-1);
#2267=CARTESIAN_POINT('',(8.253307162971E-1,2.519685039371E-1,
-1.588975236127E-1));
#2268=LINE('',#2267,#2266);
#2269=CURVE_STYLE('',#21,POSITIVE_LENGTH_MEASURE(2.E-2),#3);
#2270=PRESENTATION_STYLE_ASSIGNMENT((#2269));
#2271=STYLED_ITEM('',(#2270),#2268);
#2272=CARTESIAN_POINT('',(8.152790887422E-1,0.E0,-1.569623251581E-1));
#2273=DIRECTION('',(0.E0,1.E0,0.E0));
#2274=DIRECTION('',(1.276526774059E-1,0.E0,9.918189320391E-1));
#2275=AXIS2_PLACEMENT_3D('',#2272,#2273,#2274);
#2277=CURVE_STYLE('',#21,POSITIVE_LENGTH_MEASURE(2.E-2),#3);
#2278=PRESENTATION_STYLE_ASSIGNMENT((#2277));
#2279=STYLED_ITEM('',(#2278),#2276);
#2280=CARTESIAN_POINT('',(0.E0,2.519685039370E-1,0.E0));
#2281=DIRECTION('',(0.E0,-1.E0,0.E0));
#2282=DIRECTION('',(9.759902682962E-1,0.E0,-2.178141322118E-1));
#2283=AXIS2_PLACEMENT_3D('',#2280,#2281,#2282);
#2285=CURVE_STYLE('',#21,POSITIVE_LENGTH_MEASURE(2.E-2),#3);
#2286=PRESENTATION_STYLE_ASSIGNMENT((#2285));
#2287=STYLED_ITEM('',(#2286),#2284);
#2288=DIRECTION('',(0.E0,-1.E0,0.E0));
#2289=VECTOR('',#2288,2.519685039371E-1);
#2290=CARTESIAN_POINT('',(8.203076070484E-1,2.519685039370E-1,
-1.830700524175E-1));
#2291=LINE('',#2290,#2289);
#2292=CURVE_STYLE('',#21,POSITIVE_LENGTH_MEASURE(2.E-2),#3);
#2293=PRESENTATION_STYLE_ASSIGNMENT((#2292));
#2294=STYLED_ITEM('',(#2293),#2291);
#2295=CARTESIAN_POINT('',(0.E0,0.E0,0.E0));
#2296=DIRECTION('',(0.E0,1.E0,0.E0));
#2297=DIRECTION('',(9.819666918977E-1,0.E0,-1.890540028763E-1));
#2298=AXIS2_PLACEMENT_3D('',#2295,#2296,#2297);
#2300=CURVE_STYLE('',#21,POSITIVE_LENGTH_MEASURE(2.E-2),#3);
#2301=PRESENTATION_STYLE_ASSIGNMENT((#2300));
#2302=STYLED_ITEM('',(#2301),#2299);
#2303=CARTESIAN_POINT('',(8.103171554831E-1,2.519685039370E-1,
-1.808404589382E-1));
#2304=DIRECTION('',(0.E0,1.E0,0.E0));
#2305=DIRECTION('',(9.759902682962E-1,0.E0,-2.178141322118E-1));
#2306=AXIS2_PLACEMENT_3D('',#2303,#2304,#2305);
#2308=CURVE_STYLE('',#21,POSITIVE_LENGTH_MEASURE(2.E-2),#3);
#2309=PRESENTATION_STYLE_ASSIGNMENT((#2308));
#2310=STYLED_ITEM('',(#2309),#2307);
#2311=DIRECTION('',(0.E0,-1.E0,0.E0));
#2312=VECTOR('',#2311,2.519685039370E-1);
#2313=CARTESIAN_POINT('',(8.074709000139E-1,2.519685039370E-1,
-1.906730089311E-1));
#2314=LINE('',#2313,#2312);
#2315=CURVE_STYLE('',#21,POSITIVE_LENGTH_MEASURE(2.E-2),#3);
#2316=PRESENTATION_STYLE_ASSIGNMENT((#2315));
#2317=STYLED_ITEM('',(#2316),#2314);
#2318=CARTESIAN_POINT('',(8.103171554831E-1,0.E0,-1.808404589382E-1));
#2319=DIRECTION('',(0.E0,1.E0,0.E0));
#2320=DIRECTION('',(9.759902682962E-1,0.E0,-2.178141322118E-1));
#2321=AXIS2_PLACEMENT_3D('',#2318,#2319,#2320);
#2323=CURVE_STYLE('',#21,POSITIVE_LENGTH_MEASURE(2.E-2),#3);
#2324=PRESENTATION_STYLE_ASSIGNMENT((#2323));
#2325=STYLED_ITEM('',(#2324),#2322);
#2326=CARTESIAN_POINT('',(7.979468913284E-1,0.E0,-2.235742339076E-1));
#2327=DIRECTION('',(0.E0,1.E0,0.E0));
#2328=DIRECTION('',(-2.615163739659E-1,0.E0,-9.651990396533E-1));
#2329=AXIS2_PLACEMENT_3D('',#2326,#2327,#2328);
#2331=CURVE_STYLE('',#21,POSITIVE_LENGTH_MEASURE(2.E-2),#3);
#2332=PRESENTATION_STYLE_ASSIGNMENT((#2331));
#2333=STYLED_ITEM('',(#2332),#2330);
#2334=CARTESIAN_POINT('',(7.979468913284E-1,2.519685039370E-1,
-2.235742339076E-1));
#2335=DIRECTION('',(0.E0,1.E0,0.E0));
#2336=DIRECTION('',(-2.615163739659E-1,0.E0,-9.651990396533E-1));
#2337=AXIS2_PLACEMENT_3D('',#2334,#2335,#2336);
#2339=CURVE_STYLE('',#21,POSITIVE_LENGTH_MEASURE(2.E-2),#3);
#2340=PRESENTATION_STYLE_ASSIGNMENT((#2339));
#2341=STYLED_ITEM('',(#2340),#2338);
#2342=DIRECTION('',(0.E0,-1.E0,0.E0));
#2343=VECTOR('',#2342,2.519685039370E-1);
#2344=CARTESIAN_POINT('',(7.889894407241E-1,2.519685039370E-1,
-2.566342010139E-1));
#2345=LINE('',#2344,#2343);
#2346=CURVE_STYLE('',#21,POSITIVE_LENGTH_MEASURE(2.E-2),#3);
#2347=PRESENTATION_STYLE_ASSIGNMENT((#2346));
#2348=STYLED_ITEM('',(#2347),#2345);
#2349=CARTESIAN_POINT('',(7.863125014630E-1,2.519685039370E-1,
-2.665141911835E-1));
#2350=DIRECTION('',(0.E0,1.E0,0.E0));
#2351=DIRECTION('',(2.615163739658E-1,0.E0,9.651990396534E-1));
#2352=AXIS2_PLACEMENT_3D('',#2349,#2350,#2351);
#2354=CURVE_STYLE('',#21,POSITIVE_LENGTH_MEASURE(2.E-2),#3);
#2355=PRESENTATION_STYLE_ASSIGNMENT((#2354));
#2356=STYLED_ITEM('',(#2355),#2353);
#2357=DIRECTION('',(0.E0,-1.E0,0.E0));
#2358=VECTOR('',#2357,2.519685039370E-1);
#2359=CARTESIAN_POINT('',(7.960069981275E-1,2.519685039370E-1,
-2.698000615375E-1));
#2360=LINE('',#2359,#2358);
#2361=CURVE_STYLE('',#21,POSITIVE_LENGTH_MEASURE(2.E-2),#3);
#2362=PRESENTATION_STYLE_ASSIGNMENT((#2361));
#2363=STYLED_ITEM('',(#2362),#2360);
#2364=CARTESIAN_POINT('',(7.863125014630E-1,0.E0,-2.665141911835E-1));
#2365=DIRECTION('',(0.E0,1.E0,0.E0));
#2366=DIRECTION('',(2.615163739658E-1,0.E0,9.651990396534E-1));
#2367=AXIS2_PLACEMENT_3D('',#2364,#2365,#2366);
#2369=CURVE_STYLE('',#21,POSITIVE_LENGTH_MEASURE(2.E-2),#3);
#2370=PRESENTATION_STYLE_ASSIGNMENT((#2369));
#2371=STYLED_ITEM('',(#2370),#2368);
#2372=CARTESIAN_POINT('',(0.E0,2.519685039370E-1,0.E0));
#2373=DIRECTION('',(0.E0,-1.E0,0.E0));
#2374=DIRECTION('',(9.372408217602E-1,0.E0,-3.486827240147E-1));
#2375=AXIS2_PLACEMENT_3D('',#2372,#2373,#2374);
#2377=CURVE_STYLE('',#21,POSITIVE_LENGTH_MEASURE(2.E-2),#3);
#2378=PRESENTATION_STYLE_ASSIGNMENT((#2377));
#2379=STYLED_ITEM('',(#2378),#2376);
#2380=DIRECTION('',(0.E0,-1.E0,0.E0));
#2381=VECTOR('',#2380,2.519685039370E-1);
#2382=CARTESIAN_POINT('',(7.877391821420E-1,2.519685039370E-1,
-2.930634661501E-1));
#2383=LINE('',#2382,#2381);
#2384=CURVE_STYLE('',#21,POSITIVE_LENGTH_MEASURE(2.E-2),#3);
#2385=PRESENTATION_STYLE_ASSIGNMENT((#2384));
#2386=STYLED_ITEM('',(#2385),#2383);
#2387=CARTESIAN_POINT('',(0.E0,0.E0,0.E0));
#2388=DIRECTION('',(0.E0,1.E0,0.E0));
#2389=DIRECTION('',(9.470777510689E-1,0.E0,-3.210042576513E-1));
#2390=AXIS2_PLACEMENT_3D('',#2387,#2388,#2389);
#2392=CURVE_STYLE('',#21,POSITIVE_LENGTH_MEASURE(2.E-2),#3);
#2393=PRESENTATION_STYLE_ASSIGNMENT((#2392));
#2394=STYLED_ITEM('',(#2393),#2391);
#2395=CARTESIAN_POINT('',(7.781453784547E-1,2.519685039370E-1,
-2.894942729121E-1));
#2396=DIRECTION('',(0.E0,1.E0,0.E0));
#2397=DIRECTION('',(9.372408217602E-1,0.E0,-3.486827240147E-1));
#2398=AXIS2_PLACEMENT_3D('',#2395,#2396,#2397);
#2400=CURVE_STYLE('',#21,POSITIVE_LENGTH_MEASURE(2.E-2),#3);
#2401=PRESENTATION_STYLE_ASSIGNMENT((#2400));
#2402=STYLED_ITEM('',(#2401),#2399);
#2403=DIRECTION('',(0.E0,-1.E0,0.E0));
#2404=VECTOR('',#2403,2.519685039370E-1);
#2405=CARTESIAN_POINT('',(7.739867677779E-1,2.519685039370E-1,
-2.988476769342E-1));
#2406=LINE('',#2405,#2404);
#2407=CURVE_STYLE('',#21,POSITIVE_LENGTH_MEASURE(2.E-2),#3);
#2408=PRESENTATION_STYLE_ASSIGNMENT((#2407));
#2409=STYLED_ITEM('',(#2408),#2406);
#2410=CARTESIAN_POINT('',(7.781453784547E-1,0.E0,-2.894942729121E-1));
#2411=DIRECTION('',(0.E0,1.E0,0.E0));
#2412=DIRECTION('',(9.372408217602E-1,0.E0,-3.486827240147E-1));
#2413=AXIS2_PLACEMENT_3D('',#2410,#2411,#2412);
#2415=CURVE_STYLE('',#21,POSITIVE_LENGTH_MEASURE(2.E-2),#3);
#2416=PRESENTATION_STYLE_ASSIGNMENT((#2415));
#2417=STYLED_ITEM('',(#2416),#2414);
#2418=CARTESIAN_POINT('',(7.600714166670E-1,0.E0,-3.301456057771E-1));
#2419=DIRECTION('',(0.E0,1.E0,0.E0));
#2420=DIRECTION('',(-3.905085152869E-1,0.E0,-9.205993153856E-1));
#2421=AXIS2_PLACEMENT_3D('',#2418,#2419,#2420);
#2423=CURVE_STYLE('',#21,POSITIVE_LENGTH_MEASURE(2.E-2),#3);
#2424=PRESENTATION_STYLE_ASSIGNMENT((#2423));
#2425=STYLED_ITEM('',(#2424),#2422);
#2426=CARTESIAN_POINT('',(7.600714166670E-1,2.519685039370E-1,
-3.301456057771E-1));
#2427=DIRECTION('',(0.E0,1.E0,0.E0));
#2428=DIRECTION('',(-3.905085152869E-1,0.E0,-9.205993153856E-1));
#2429=AXIS2_PLACEMENT_3D('',#2426,#2427,#2428);
#2431=CURVE_STYLE('',#21,POSITIVE_LENGTH_MEASURE(2.E-2),#3);
#2432=PRESENTATION_STYLE_ASSIGNMENT((#2431));
#2433=STYLED_ITEM('',(#2432),#2430);
#2434=DIRECTION('',(0.E0,-1.E0,0.E0));
#2435=VECTOR('',#2434,2.519685039370E-1);
#2436=CARTESIAN_POINT('',(7.466957313009E-1,2.519685039370E-1,
-3.616779445324E-1));
#2437=LINE('',#2436,#2435);
#2438=CURVE_STYLE('',#21,POSITIVE_LENGTH_MEASURE(2.E-2),#3);
#2439=PRESENTATION_STYLE_ASSIGNMENT((#2438));
#2440=STYLED_ITEM('',(#2439),#2437);
#2441=CARTESIAN_POINT('',(7.426984000420E-1,2.519685039370E-1,
-3.711014020915E-1));
#2442=DIRECTION('',(0.E0,1.E0,0.E0));
#2443=DIRECTION('',(3.905085152869E-1,0.E0,9.205993153856E-1));
#2444=AXIS2_PLACEMENT_3D('',#2441,#2442,#2443);
#2446=CURVE_STYLE('',#21,POSITIVE_LENGTH_MEASURE(2.E-2),#3);
#2447=PRESENTATION_STYLE_ASSIGNMENT((#2446));
#2448=STYLED_ITEM('',(#2447),#2445);
#2449=DIRECTION('',(0.E0,-1.E0,0.E0));
#2450=VECTOR('',#2449,2.519685039370E-1);
#2451=CARTESIAN_POINT('',(7.518551756860E-1,2.519685039370E-1,
-3.756767347971E-1));
#2452=LINE('',#2451,#2450);
#2453=CURVE_STYLE('',#21,POSITIVE_LENGTH_MEASURE(2.E-2),#3);
#2454=PRESENTATION_STYLE_ASSIGNMENT((#2453));
#2455=STYLED_ITEM('',(#2454),#2452);
#2456=CARTESIAN_POINT('',(7.426984000420E-1,0.E0,-3.711014020915E-1));
#2457=DIRECTION('',(0.E0,1.E0,0.E0));
#2458=DIRECTION('',(3.905085152869E-1,0.E0,9.205993153856E-1));
#2459=AXIS2_PLACEMENT_3D('',#2456,#2457,#2458);
#2461=CURVE_STYLE('',#21,POSITIVE_LENGTH_MEASURE(2.E-2),#3);
#2462=PRESENTATION_STYLE_ASSIGNMENT((#2461));
#2463=STYLED_ITEM('',(#2462),#2460);
#2464=CARTESIAN_POINT('',(0.E0,2.519685039370E-1,0.E0));
#2465=DIRECTION('',(0.E0,-1.E0,0.E0));
#2466=DIRECTION('',(8.810323520425E-1,0.E0,-4.730560164023E-1));
#2467=AXIS2_PLACEMENT_3D('',#2464,#2465,#2466);
#2469=CURVE_STYLE('',#21,POSITIVE_LENGTH_MEASURE(2.E-2),#3);
#2470=PRESENTATION_STYLE_ASSIGNMENT((#2469));
#2471=STYLED_ITEM('',(#2470),#2468);
#2472=DIRECTION('',(0.E0,-1.E0,0.E0));
#2473=VECTOR('',#2472,2.519685039370E-1);
#2474=CARTESIAN_POINT('',(7.404966667320E-1,2.519685039370E-1,
-3.975976620057E-1));
#2475=LINE('',#2474,#2473);
#2476=CURVE_STYLE('',#21,POSITIVE_LENGTH_MEASURE(2.E-2),#3);
#2477=PRESENTATION_STYLE_ASSIGNMENT((#2476));
#2478=STYLED_ITEM('',(#2477),#2475);
#2479=CARTESIAN_POINT('',(0.E0,0.E0,0.E0));
#2480=DIRECTION('',(0.E0,1.E0,0.E0));
#2481=DIRECTION('',(8.945465436777E-1,0.E0,-4.469748104696E-1));
#2482=AXIS2_PLACEMENT_3D('',#2479,#2480,#2481);
#2484=CURVE_STYLE('',#21,POSITIVE_LENGTH_MEASURE(2.E-2),#3);
#2485=PRESENTATION_STYLE_ASSIGNMENT((#2484));
#2486=STYLED_ITEM('',(#2485),#2483);
#2487=CARTESIAN_POINT('',(7.314782253331E-1,2.519685039370E-1,
-3.927553563260E-1));
#2488=DIRECTION('',(0.E0,1.E0,0.E0));
#2489=DIRECTION('',(8.810323520425E-1,0.E0,-4.730560164024E-1));
#2490=AXIS2_PLACEMENT_3D('',#2487,#2488,#2489);
#2492=CURVE_STYLE('',#21,POSITIVE_LENGTH_MEASURE(2.E-2),#3);
#2493=PRESENTATION_STYLE_ASSIGNMENT((#2492));
#2494=STYLED_ITEM('',(#2493),#2491);
#2495=DIRECTION('',(0.E0,-1.E0,0.E0));
#2496=VECTOR('',#2495,2.519685039370E-1);
#2497=CARTESIAN_POINT('',(7.260847264973E-1,2.519685039370E-1,
-4.014553781574E-1));
#2498=LINE('',#2497,#2496);
#2499=CURVE_STYLE('',#21,POSITIVE_LENGTH_MEASURE(2.E-2),#3);
#2500=PRESENTATION_STYLE_ASSIGNMENT((#2499));
#2501=STYLED_ITEM('',(#2500),#2498);
#2502=CARTESIAN_POINT('',(7.314782253331E-1,0.E0,-3.927553563260E-1));
#2503=DIRECTION('',(0.E0,1.E0,0.E0));
#2504=DIRECTION('',(8.810323520425E-1,0.E0,-4.730560164024E-1));
#2505=AXIS2_PLACEMENT_3D('',#2502,#2503,#2504);
#2507=CURVE_STYLE('',#21,POSITIVE_LENGTH_MEASURE(2.E-2),#3);
#2508=PRESENTATION_STYLE_ASSIGNMENT((#2507));
#2509=STYLED_ITEM('',(#2508),#2506);
#2510=CARTESIAN_POINT('',(7.080372496234E-1,0.E0,-4.305669896704E-1));
#2511=DIRECTION('',(0.E0,1.E0,0.E0));
#2512=DIRECTION('',(-5.122262218386E-1,0.E0,-8.588505677130E-1));
#2513=AXIS2_PLACEMENT_3D('',#2510,#2511,#2512);
#2515=CURVE_STYLE('',#21,POSITIVE_LENGTH_MEASURE(2.E-2),#3);
#2516=PRESENTATION_STYLE_ASSIGNMENT((#2515));
#2517=STYLED_ITEM('',(#2516),#2514);
#2518=CARTESIAN_POINT('',(7.080372496234E-1,2.519685039370E-1,
-4.305669896704E-1));
#2519=DIRECTION('',(0.E0,1.E0,0.E0));
#2520=DIRECTION('',(-5.122262218386E-1,0.E0,-8.588505677130E-1));
#2521=AXIS2_PLACEMENT_3D('',#2518,#2519,#2520);
#2523=CURVE_STYLE('',#21,POSITIVE_LENGTH_MEASURE(2.E-2),#3);
#2524=PRESENTATION_STYLE_ASSIGNMENT((#2523));
#2525=STYLED_ITEM('',(#2524),#2522);
#2526=DIRECTION('',(0.E0,-1.E0,0.E0));
#2527=VECTOR('',#2526,2.519685039370E-1);
#2528=CARTESIAN_POINT('',(6.904924932061E-1,2.519685039370E-1,
-4.599843122653E-1));
#2529=LINE('',#2528,#2527);
#2530=CURVE_STYLE('',#21,POSITIVE_LENGTH_MEASURE(2.E-2),#3);
#2531=PRESENTATION_STYLE_ASSIGNMENT((#2530));
#2532=STYLED_ITEM('',(#2531),#2529);
#2533=CARTESIAN_POINT('',(6.852492326676E-1,2.519685039370E-1,
-4.687756960293E-1));
#2534=DIRECTION('',(0.E0,1.E0,0.E0));
#2535=DIRECTION('',(5.122262218386E-1,0.E0,8.588505677130E-1));
#2536=AXIS2_PLACEMENT_3D('',#2533,#2534,#2535);
#2538=CURVE_STYLE('',#21,POSITIVE_LENGTH_MEASURE(2.E-2),#3);
#2539=PRESENTATION_STYLE_ASSIGNMENT((#2538));
#2540=STYLED_ITEM('',(#2539),#2537);
#2541=DIRECTION('',(0.E0,-1.E0,0.E0));
#2542=VECTOR('',#2541,2.519685039370E-1);
#2543=CARTESIAN_POINT('',(6.936977138860E-1,2.519685039370E-1,
-4.745552612951E-1));
#2544=LINE('',#2543,#2542);
#2545=CURVE_STYLE('',#21,POSITIVE_LENGTH_MEASURE(2.E-2),#3);
#2546=PRESENTATION_STYLE_ASSIGNMENT((#2545));
#2547=STYLED_ITEM('',(#2546),#2544);
#2548=CARTESIAN_POINT('',(6.852492326676E-1,0.E0,-4.687756960293E-1));
#2549=DIRECTION('',(0.E0,1.E0,0.E0));
#2550=DIRECTION('',(5.122262218386E-1,0.E0,8.588505677130E-1));
#2551=AXIS2_PLACEMENT_3D('',#2548,#2549,#2550);
#2553=CURVE_STYLE('',#21,POSITIVE_LENGTH_MEASURE(2.E-2),#3);
#2554=PRESENTATION_STYLE_ASSIGNMENT((#2553));
#2555=STYLED_ITEM('',(#2554),#2552);
#2556=CARTESIAN_POINT('',(0.E0,2.519685039370E-1,0.E0));
#2557=DIRECTION('',(0.E0,-1.E0,0.E0));
#2558=DIRECTION('',(8.084119165835E-1,0.E0,-5.886171702608E-1));
#2559=AXIS2_PLACEMENT_3D('',#2556,#2557,#2558);
#2561=CURVE_STYLE('',#21,POSITIVE_LENGTH_MEASURE(2.E-2),#3);
#2562=PRESENTATION_STYLE_ASSIGNMENT((#2561));
#2563=STYLED_ITEM('',(#2562),#2560);
#2564=DIRECTION('',(0.E0,-1.E0,0.E0));
#2565=VECTOR('',#2564,2.519685039370E-1);
#2566=CARTESIAN_POINT('',(6.794600994943E-1,2.519685039370E-1,
-4.947253657018E-1));
#2567=LINE('',#2566,#2565);
#2568=CURVE_STYLE('',#21,POSITIVE_LENGTH_MEASURE(2.E-2),#3);
#2569=PRESENTATION_STYLE_ASSIGNMENT((#2568));
#2570=STYLED_ITEM('',(#2569),#2567);
#2571=CARTESIAN_POINT('',(0.E0,0.E0,0.E0));
#2572=DIRECTION('',(0.E0,1.E0,0.E0));
#2573=DIRECTION('',(8.253516267248E-1,0.E0,-5.646190682777E-1));
#2574=AXIS2_PLACEMENT_3D('',#2571,#2572,#2573);
#2576=CURVE_STYLE('',#21,POSITIVE_LENGTH_MEASURE(2.E-2),#3);
#2577=PRESENTATION_STYLE_ASSIGNMENT((#2576));
#2578=STYLED_ITEM('',(#2577),#2575);
#2579=CARTESIAN_POINT('',(6.711850168836E-1,2.519685039370E-1,
-4.887001505731E-1));
#2580=DIRECTION('',(0.E0,1.E0,0.E0));
#2581=DIRECTION('',(8.084119165835E-1,0.E0,-5.886171702608E-1));
#2582=AXIS2_PLACEMENT_3D('',#2579,#2580,#2581);
#2584=CURVE_STYLE('',#21,POSITIVE_LENGTH_MEASURE(2.E-2),#3);
#2585=PRESENTATION_STYLE_ASSIGNMENT((#2584));
#2586=STYLED_ITEM('',(#2585),#2583);
#2587=DIRECTION('',(0.E0,-1.E0,0.E0));
#2588=VECTOR('',#2587,2.519685039370E-1);
#2589=CARTESIAN_POINT('',(6.646571005671E-1,2.519685039370E-1,
-4.965847252684E-1));
#2590=LINE('',#2589,#2588);
#2591=CURVE_STYLE('',#21,POSITIVE_LENGTH_MEASURE(2.E-2),#3);
#2592=PRESENTATION_STYLE_ASSIGNMENT((#2591));
#2593=STYLED_ITEM('',(#2592),#2590);
#2594=CARTESIAN_POINT('',(6.711850168836E-1,0.E0,-4.887001505731E-1));
#2595=DIRECTION('',(0.E0,1.E0,0.E0));
#2596=DIRECTION('',(8.084119165835E-1,0.E0,-5.886171702608E-1));
#2597=AXIS2_PLACEMENT_3D('',#2594,#2595,#2596);
#2599=CURVE_STYLE('',#21,POSITIVE_LENGTH_MEASURE(2.E-2),#3);
#2600=PRESENTATION_STYLE_ASSIGNMENT((#2599));
#2601=STYLED_ITEM('',(#2600),#2598);
#2602=CARTESIAN_POINT('',(6.428136882773E-1,0.E0,-5.229677252102E-1));
#2603=DIRECTION('',(0.E0,1.E0,0.E0));
#2604=DIRECTION('',(-6.244021230467E-1,0.E0,-7.811030589716E-1));
#2605=AXIS2_PLACEMENT_3D('',#2602,#2603,#2604);
#2607=CURVE_STYLE('',#21,POSITIVE_LENGTH_MEASURE(2.E-2),#3);
#2608=PRESENTATION_STYLE_ASSIGNMENT((#2607));
#2609=STYLED_ITEM('',(#2608),#2606);
#2610=CARTESIAN_POINT('',(6.428136882773E-1,2.519685039370E-1,
-5.229677252102E-1));
#2611=DIRECTION('',(0.E0,1.E0,0.E0));
#2612=DIRECTION('',(-6.244021230467E-1,0.E0,-7.811030589716E-1));
#2613=AXIS2_PLACEMENT_3D('',#2610,#2611,#2612);
#2615=CURVE_STYLE('',#21,POSITIVE_LENGTH_MEASURE(2.E-2),#3);
#2616=PRESENTATION_STYLE_ASSIGNMENT((#2615));
#2617=STYLED_ITEM('',(#2616),#2614);
#2618=DIRECTION('',(0.E0,-1.E0,0.E0));
#2619=VECTOR('',#2618,2.519685039370E-1);
#2620=CARTESIAN_POINT('',(6.214266864249E-1,2.519685039370E-1,
-5.497220425844E-1));
#2621=LINE('',#2620,#2619);
#2622=CURVE_STYLE('',#21,POSITIVE_LENGTH_MEASURE(2.E-2),#3);
#2623=PRESENTATION_STYLE_ASSIGNMENT((#2622));
#2624=STYLED_ITEM('',(#2623),#2621);
#2625=CARTESIAN_POINT('',(6.150351686299E-1,2.519685039370E-1,
-5.577175857077E-1));
#2626=DIRECTION('',(0.E0,1.E0,0.E0));
#2627=DIRECTION('',(6.244021230467E-1,0.E0,7.811030589716E-1));
#2628=AXIS2_PLACEMENT_3D('',#2625,#2626,#2627);
#2630=CURVE_STYLE('',#21,POSITIVE_LENGTH_MEASURE(2.E-2),#3);
#2631=PRESENTATION_STYLE_ASSIGNMENT((#2630));
#2632=STYLED_ITEM('',(#2631),#2629);
#2633=DIRECTION('',(0.E0,-1.E0,0.E0));
#2634=VECTOR('',#2633,2.519685039370E-1);
#2635=CARTESIAN_POINT('',(6.226179762029E-1,2.519685039370E-1,
-5.645937211683E-1));
#2636=LINE('',#2635,#2634);
#2637=CURVE_STYLE('',#21,POSITIVE_LENGTH_MEASURE(2.E-2),#3);
#2638=PRESENTATION_STYLE_ASSIGNMENT((#2637));
#2639=STYLED_ITEM('',(#2638),#2636);
#2640=CARTESIAN_POINT('',(6.150351686299E-1,0.E0,-5.577175857077E-1));
#2641=DIRECTION('',(0.E0,1.E0,0.E0));
#2642=DIRECTION('',(6.244021230467E-1,0.E0,7.811030589716E-1));
#2643=AXIS2_PLACEMENT_3D('',#2640,#2641,#2642);
#2645=CURVE_STYLE('',#21,POSITIVE_LENGTH_MEASURE(2.E-2),#3);
#2646=PRESENTATION_STYLE_ASSIGNMENT((#2645));
#2647=STYLED_ITEM('',(#2646),#2644);
#2648=CARTESIAN_POINT('',(0.E0,2.519685039370E-1,0.E0));
#2649=DIRECTION('',(0.E0,-1.E0,0.E0));
#2650=DIRECTION('',(7.207322966927E-1,0.E0,-6.932134999437E-1));
#2651=AXIS2_PLACEMENT_3D('',#2648,#2649,#2650);
#2653=CURVE_STYLE('',#21,POSITIVE_LENGTH_MEASURE(2.E-2),#3);
#2654=PRESENTATION_STYLE_ASSIGNMENT((#2653));
#2655=STYLED_ITEM('',(#2654),#2652);
#2656=DIRECTION('',(0.E0,-1.E0,0.E0));
#2657=VECTOR('',#2656,2.519685039370E-1);
#2658=CARTESIAN_POINT('',(6.057664761910E-1,2.519685039370E-1,
-5.826372718912E-1));
#2659=LINE('',#2658,#2657);
#2660=CURVE_STYLE('',#21,POSITIVE_LENGTH_MEASURE(2.E-2),#3);
#2661=PRESENTATION_STYLE_ASSIGNMENT((#2660));
#2662=STYLED_ITEM('',(#2661),#2659);
#2663=CARTESIAN_POINT('',(0.E0,0.E0,0.E0));
#2664=DIRECTION('',(0.E0,1.E0,0.E0));
#2665=DIRECTION('',(7.407819705912E-1,0.E0,-6.717455411441E-1));
#2666=AXIS2_PLACEMENT_3D('',#2663,#2664,#2665);
#2668=CURVE_STYLE('',#21,POSITIVE_LENGTH_MEASURE(2.E-2),#3);
#2669=PRESENTATION_STYLE_ASSIGNMENT((#2668));
#2670=STYLED_ITEM('',(#2669),#2667);
#2671=CARTESIAN_POINT('',(5.983889015004E-1,2.519685039370E-1,
-5.755413856713E-1));
#2672=DIRECTION('',(0.E0,1.E0,0.E0));
#2673=DIRECTION('',(7.207322966927E-1,0.E0,-6.932134999437E-1));
#2674=AXIS2_PLACEMENT_3D('',#2671,#2672,#2673);
#2676=CURVE_STYLE('',#21,POSITIVE_LENGTH_MEASURE(2.E-2),#3);
#2677=PRESENTATION_STYLE_ASSIGNMENT((#2676));
#2678=STYLED_ITEM('',(#2677),#2675);
#2679=DIRECTION('',(0.E0,-1.E0,0.E0));
#2680=VECTOR('',#2679,2.519685039370E-1);
#2681=CARTESIAN_POINT('',(5.908481704329E-1,2.519685039370E-1,
-5.824636385219E-1));
#2682=LINE('',#2681,#2680);
#2683=CURVE_STYLE('',#21,POSITIVE_LENGTH_MEASURE(2.E-2),#3);
#2684=PRESENTATION_STYLE_ASSIGNMENT((#2683));
#2685=STYLED_ITEM('',(#2684),#2682);
#2686=CARTESIAN_POINT('',(5.983889015004E-1,0.E0,-5.755413856713E-1));
#2687=DIRECTION('',(0.E0,1.E0,0.E0));
#2688=DIRECTION('',(7.207322966927E-1,0.E0,-6.932134999436E-1));
#2689=AXIS2_PLACEMENT_3D('',#2686,#2687,#2688);
#2691=CURVE_STYLE('',#21,POSITIVE_LENGTH_MEASURE(2.E-2),#3);
#2692=PRESENTATION_STYLE_ASSIGNMENT((#2691));
#2693=STYLED_ITEM('',(#2692),#2690);
#2694=CARTESIAN_POINT('',(5.656157241687E-1,0.E0,-6.056265615222E-1));
#2695=DIRECTION('',(0.E0,1.E0,0.E0));
#2696=DIRECTION('',(-7.249465941166E-1,0.E0,-6.888050781453E-1));
#2697=AXIS2_PLACEMENT_3D('',#2694,#2695,#2696);
#2699=CURVE_STYLE('',#21,POSITIVE_LENGTH_MEASURE(2.E-2),#3);
#2700=PRESENTATION_STYLE_ASSIGNMENT((#2699));
#2701=STYLED_ITEM('',(#2700),#2698);
#2702=CARTESIAN_POINT('',(5.656157241687E-1,2.519685039370E-1,
-6.056265615222E-1));
#2703=DIRECTION('',(0.E0,1.E0,0.E0));
#2704=DIRECTION('',(-7.249465941166E-1,0.E0,-6.888050781453E-1));
#2705=AXIS2_PLACEMENT_3D('',#2702,#2703,#2704);
#2707=CURVE_STYLE('',#21,POSITIVE_LENGTH_MEASURE(2.E-2),#3);
#2708=PRESENTATION_STYLE_ASSIGNMENT((#2707));
#2709=STYLED_ITEM('',(#2708),#2706);
#2710=DIRECTION('',(0.E0,-1.E0,0.E0));
#2711=VECTOR('',#2710,2.519685039370E-1);
#2712=CARTESIAN_POINT('',(5.407848762600E-1,2.519685039370E-1,
-6.292194913642E-1));
#2713=LINE('',#2712,#2711);
#2714=CURVE_STYLE('',#21,POSITIVE_LENGTH_MEASURE(2.E-2),#3);
#2715=PRESENTATION_STYLE_ASSIGNMENT((#2714));
#2716=STYLED_ITEM('',(#2715),#2713);
#2717=CARTESIAN_POINT('',(5.333641630919E-1,2.519685039370E-1,
-6.362702520066E-1));
#2718=DIRECTION('',(0.E0,1.E0,0.E0));
#2719=DIRECTION('',(7.249465941165E-1,0.E0,6.888050781454E-1));
#2720=AXIS2_PLACEMENT_3D('',#2717,#2718,#2719);
#2722=CURVE_STYLE('',#21,POSITIVE_LENGTH_MEASURE(2.E-2),#3);
#2723=PRESENTATION_STYLE_ASSIGNMENT((#2722));
#2724=STYLED_ITEM('',(#2723),#2721);
#2725=DIRECTION('',(0.E0,-1.E0,0.E0));
#2726=VECTOR('',#2725,2.519685039370E-1);
#2727=CARTESIAN_POINT('',(5.399400436615E-1,2.519685039370E-1,
-6.441148682684E-1));
#2728=LINE('',#2727,#2726);
#2729=CURVE_STYLE('',#21,POSITIVE_LENGTH_MEASURE(2.E-2),#3);
#2730=PRESENTATION_STYLE_ASSIGNMENT((#2729));
#2731=STYLED_ITEM('',(#2730),#2728);
#2732=CARTESIAN_POINT('',(5.333641630919E-1,0.E0,-6.362702520066E-1));
#2733=DIRECTION('',(0.E0,1.E0,0.E0));
#2734=DIRECTION('',(7.249465941165E-1,0.E0,6.888050781454E-1));
#2735=AXIS2_PLACEMENT_3D('',#2732,#2733,#2734);
#2737=CURVE_STYLE('',#21,POSITIVE_LENGTH_MEASURE(2.E-2),#3);
#2738=PRESENTATION_STYLE_ASSIGNMENT((#2737));
#2739=STYLED_ITEM('',(#2738),#2736);
#2740=CARTESIAN_POINT('',(0.E0,2.519685039370E-1,0.E0));
#2741=DIRECTION('',(0.E0,-1.E0,0.E0));
#2742=DIRECTION('',(6.196267977923E-1,0.E0,-7.848965737329E-1));
#2743=AXIS2_PLACEMENT_3D('',#2740,#2741,#2742);
#2745=CURVE_STYLE('',#21,POSITIVE_LENGTH_MEASURE(2.E-2),#3);
#2746=PRESENTATION_STYLE_ASSIGNMENT((#2745));
#2747=STYLED_ITEM('',(#2746),#2744);
#2748=DIRECTION('',(0.E0,-1.E0,0.E0));
#2749=VECTOR('',#2748,2.519685039370E-1);
#2750=CARTESIAN_POINT('',(5.207885695903E-1,2.519685039370E-1,
-6.596957480973E-1));
#2751=LINE('',#2750,#2749);
#2752=CURVE_STYLE('',#21,POSITIVE_LENGTH_MEASURE(2.E-2),#3);
#2753=PRESENTATION_STYLE_ASSIGNMENT((#2752));
#2754=STYLED_ITEM('',(#2753),#2751);
#2755=CARTESIAN_POINT('',(0.E0,0.E0,0.E0));
#2756=DIRECTION('',(0.E0,1.E0,0.E0));
#2757=DIRECTION('',(6.424129479589E-1,0.E0,-7.663586655704E-1));
#2758=AXIS2_PLACEMENT_3D('',#2755,#2756,#2757);
#2760=CURVE_STYLE('',#21,POSITIVE_LENGTH_MEASURE(2.E-2),#3);
#2761=PRESENTATION_STYLE_ASSIGNMENT((#2760));
#2762=STYLED_ITEM('',(#2761),#2759);
#2763=CARTESIAN_POINT('',(5.144459330775E-1,2.519685039370E-1,
-6.516613737205E-1));
#2764=DIRECTION('',(0.E0,1.E0,0.E0));
#2765=DIRECTION('',(6.196267977923E-1,0.E0,-7.848965737329E-1));
#2766=AXIS2_PLACEMENT_3D('',#2763,#2764,#2765);
#2768=CURVE_STYLE('',#21,POSITIVE_LENGTH_MEASURE(2.E-2),#3);
#2769=PRESENTATION_STYLE_ASSIGNMENT((#2768));
#2770=STYLED_ITEM('',(#2769),#2767);
#2771=DIRECTION('',(0.E0,-1.E0,0.E0));
#2772=VECTOR('',#2771,2.519685039370E-1);
#2773=CARTESIAN_POINT('',(5.060328568112E-1,2.519685039370E-1,
-6.574923562534E-1));
#2774=LINE('',#2773,#2772);
#2775=CURVE_STYLE('',#21,POSITIVE_LENGTH_MEASURE(2.E-2),#3);
#2776=PRESENTATION_STYLE_ASSIGNMENT((#2775));
#2777=STYLED_ITEM('',(#2776),#2774);
#2778=CARTESIAN_POINT('',(5.144459330775E-1,0.E0,-6.516613737205E-1));
#2779=DIRECTION('',(0.E0,1.E0,0.E0));
#2780=DIRECTION('',(6.196267977922E-1,0.E0,-7.848965737330E-1));
#2781=AXIS2_PLACEMENT_3D('',#2778,#2779,#2780);
#2783=CURVE_STYLE('',#21,POSITIVE_LENGTH_MEASURE(2.E-2),#3);
#2784=PRESENTATION_STYLE_ASSIGNMENT((#2783));
#2785=STYLED_ITEM('',(#2784),#2782);
#2786=CARTESIAN_POINT('',(4.778814093049E-1,0.E0,-6.770037208826E-1));
#2787=DIRECTION('',(0.E0,1.E0,0.E0));
#2788=DIRECTION('',(-8.119866817897E-1,0.E0,-5.836759619824E-1));
#2789=AXIS2_PLACEMENT_3D('',#2786,#2787,#2788);
#2791=CURVE_STYLE('',#21,POSITIVE_LENGTH_MEASURE(2.E-2),#3);
#2792=PRESENTATION_STYLE_ASSIGNMENT((#2791));
#2793=STYLED_ITEM('',(#2792),#2790);
#2794=CARTESIAN_POINT('',(4.778814093049E-1,2.519685039370E-1,
-6.770037208826E-1));
#2795=DIRECTION('',(0.E0,1.E0,0.E0));
#2796=DIRECTION('',(-8.119866817897E-1,0.E0,-5.836759619824E-1));
#2797=AXIS2_PLACEMENT_3D('',#2794,#2795,#2796);
#2799=CURVE_STYLE('',#21,POSITIVE_LENGTH_MEASURE(2.E-2),#3);
#2800=PRESENTATION_STYLE_ASSIGNMENT((#2799));
#2801=STYLED_ITEM('',(#2800),#2798);
#2802=DIRECTION('',(0.E0,-1.E0,0.E0));
#2803=VECTOR('',#2802,2.519685039370E-1);
#2804=CARTESIAN_POINT('',(4.500692670546E-1,2.519685039370E-1,
-6.969957715489E-1));
#2805=LINE('',#2804,#2803);
#2806=CURVE_STYLE('',#21,POSITIVE_LENGTH_MEASURE(2.E-2),#3);
#2807=PRESENTATION_STYLE_ASSIGNMENT((#2806));
#2808=STYLED_ITEM('',(#2807),#2805);
#2809=CARTESIAN_POINT('',(4.417575923592E-1,2.519685039370E-1,
-7.029704073802E-1));
#2810=DIRECTION('',(0.E0,1.E0,0.E0));
#2811=DIRECTION('',(8.119866817897E-1,0.E0,5.836759619824E-1));
#2812=AXIS2_PLACEMENT_3D('',#2809,#2810,#2811);
#2814=CURVE_STYLE('',#21,POSITIVE_LENGTH_MEASURE(2.E-2),#3);
#2815=PRESENTATION_STYLE_ASSIGNMENT((#2814));
#2816=STYLED_ITEM('',(#2815),#2813);
#2817=DIRECTION('',(0.E0,-1.E0,0.E0));
#2818=VECTOR('',#2817,2.519685039370E-1);
#2819=CARTESIAN_POINT('',(4.472040497125E-1,2.519685039370E-1,
-7.116373740848E-1));
#2820=LINE('',#2819,#2818);
#2821=CURVE_STYLE('',#21,POSITIVE_LENGTH_MEASURE(2.E-2),#3);
#2822=PRESENTATION_STYLE_ASSIGNMENT((#2821));
#2823=STYLED_ITEM('',(#2822),#2820);
#2824=CARTESIAN_POINT('',(4.417575923592E-1,0.E0,-7.029704073802E-1));
#2825=DIRECTION('',(0.E0,1.E0,0.E0));
#2826=DIRECTION('',(8.119866817897E-1,0.E0,5.836759619824E-1));
#2827=AXIS2_PLACEMENT_3D('',#2824,#2825,#2826);
#2829=CURVE_STYLE('',#21,POSITIVE_LENGTH_MEASURE(2.E-2),#3);
#2830=PRESENTATION_STYLE_ASSIGNMENT((#2829));
#2831=STYLED_ITEM('',(#2830),#2828);
#2832=CARTESIAN_POINT('',(0.E0,2.519685039370E-1,0.E0));
#2833=DIRECTION('',(0.E0,-1.E0,0.E0));
#2834=DIRECTION('',(5.069788240280E-1,0.E0,-8.619585094349E-1));
#2835=AXIS2_PLACEMENT_3D('',#2832,#2833,#2834);
#2837=CURVE_STYLE('',#21,POSITIVE_LENGTH_MEASURE(2.E-2),#3);
#2838=PRESENTATION_STYLE_ASSIGNMENT((#2837));
#2839=STYLED_ITEM('',(#2838),#2836);
#2840=DIRECTION('',(0.E0,-1.E0,0.E0));
#2841=VECTOR('',#2840,2.519685039370E-1);
#2842=CARTESIAN_POINT('',(4.261093573081E-1,2.519685039370E-1,
-7.244653407087E-1));
#2843=LINE('',#2842,#2841);
#2844=CURVE_STYLE('',#21,POSITIVE_LENGTH_MEASURE(2.E-2),#3);
#2845=PRESENTATION_STYLE_ASSIGNMENT((#2844));
#2846=STYLED_ITEM('',(#2845),#2843);
#2847=CARTESIAN_POINT('',(0.E0,0.E0,0.E0));
#2848=DIRECTION('',(0.E0,1.E0,0.E0));
#2849=DIRECTION('',(5.320769875980E-1,0.E0,-8.466959780633E-1));
#2850=AXIS2_PLACEMENT_3D('',#2847,#2848,#2849);
#2852=CURVE_STYLE('',#21,POSITIVE_LENGTH_MEASURE(2.E-2),#3);
#2853=PRESENTATION_STYLE_ASSIGNMENT((#2852));
#2854=STYLED_ITEM('',(#2853),#2851);
#2855=CARTESIAN_POINT('',(4.209198102904E-1,2.519685039370E-1,
-7.156421433680E-1));
#2856=DIRECTION('',(0.E0,1.E0,0.E0));
#2857=DIRECTION('',(5.069788240279E-1,0.E0,-8.619585094349E-1));
#2858=AXIS2_PLACEMENT_3D('',#2855,#2856,#2857);
#2860=CURVE_STYLE('',#21,POSITIVE_LENGTH_MEASURE(2.E-2),#3);
#2861=PRESENTATION_STYLE_ASSIGNMENT((#2860));
#2862=STYLED_ITEM('',(#2861),#2859);
#2863=DIRECTION('',(0.E0,-1.E0,0.E0));
#2864=VECTOR('',#2863,2.519685039370E-1);
#2865=CARTESIAN_POINT('',(4.117911085181E-1,2.519685039370E-1,
-7.202732354111E-1));
#2866=LINE('',#2865,#2864);
#2867=CURVE_STYLE('',#21,POSITIVE_LENGTH_MEASURE(2.E-2),#3);
#2868=PRESENTATION_STYLE_ASSIGNMENT((#2867));
#2869=STYLED_ITEM('',(#2868),#2866);
#2870=CARTESIAN_POINT('',(4.209198102904E-1,0.E0,-7.156421433680E-1));
#2871=DIRECTION('',(0.E0,1.E0,0.E0));
#2872=DIRECTION('',(5.069788240279E-1,0.E0,-8.619585094349E-1));
#2873=AXIS2_PLACEMENT_3D('',#2870,#2871,#2872);
#2875=CURVE_STYLE('',#21,POSITIVE_LENGTH_MEASURE(2.E-2),#3);
#2876=PRESENTATION_STYLE_ASSIGNMENT((#2875));
#2877=STYLED_ITEM('',(#2876),#2874);
#2878=CARTESIAN_POINT('',(3.812450679722E-1,0.E0,-7.357695818631E-1));
#2879=DIRECTION('',(0.E0,1.E0,0.E0));
#2880=DIRECTION('',(-8.839009939189E-1,0.E0,-4.676740670051E-1));
#2881=AXIS2_PLACEMENT_3D('',#2878,#2879,#2880);
#2883=CURVE_STYLE('',#21,POSITIVE_LENGTH_MEASURE(2.E-2),#3);
#2884=PRESENTATION_STYLE_ASSIGNMENT((#2883));
#2885=STYLED_ITEM('',(#2884),#2882);
#2886=CARTESIAN_POINT('',(3.812450679722E-1,2.519685039370E-1,
-7.357695818631E-1));
#2887=DIRECTION('',(0.E0,1.E0,0.E0));
#2888=DIRECTION('',(-8.839009939189E-1,0.E0,-4.676740670051E-1));
#2889=AXIS2_PLACEMENT_3D('',#2886,#2887,#2888);
#2891=CURVE_STYLE('',#21,POSITIVE_LENGTH_MEASURE(2.E-2),#3);
#2892=PRESENTATION_STYLE_ASSIGNMENT((#2891));
#2893=STYLED_ITEM('',(#2892),#2890);
#2894=DIRECTION('',(0.E0,-1.E0,0.E0));
#2895=VECTOR('',#2894,2.519685039370E-1);
#2896=CARTESIAN_POINT('',(3.509697189678E-1,2.519685039370E-1,
-7.517883392763E-1));
#2897=LINE('',#2896,#2895);
#2898=CURVE_STYLE('',#21,POSITIVE_LENGTH_MEASURE(2.E-2),#3);
#2899=PRESENTATION_STYLE_ASSIGNMENT((#2898));
#2900=STYLED_ITEM('',(#2899),#2897);
#2901=CARTESIAN_POINT('',(3.419219135183E-1,2.519685039370E-1,
-7.565755541354E-1));
#2902=DIRECTION('',(0.E0,1.E0,0.E0));
#2903=DIRECTION('',(8.839009939190E-1,0.E0,4.676740670051E-1));
#2904=AXIS2_PLACEMENT_3D('',#2901,#2902,#2903);
#2906=CURVE_STYLE('',#21,POSITIVE_LENGTH_MEASURE(2.E-2),#3);
#2907=PRESENTATION_STYLE_ASSIGNMENT((#2906));
#2908=STYLED_ITEM('',(#2907),#2905);
#2909=DIRECTION('',(0.E0,-1.E0,0.E0));
#2910=VECTOR('',#2909,2.519685039370E-1);
#2911=CARTESIAN_POINT('',(3.461374904600E-1,2.519685039370E-1,
-7.659034220916E-1));
#2912=LINE('',#2911,#2910);
#2913=CURVE_STYLE('',#21,POSITIVE_LENGTH_MEASURE(2.E-2),#3);
#2914=PRESENTATION_STYLE_ASSIGNMENT((#2913));
#2915=STYLED_ITEM('',(#2914),#2912);
#2916=CARTESIAN_POINT('',(3.419219135183E-1,0.E0,-7.565755541354E-1));
#2917=DIRECTION('',(0.E0,1.E0,0.E0));
#2918=DIRECTION('',(8.839009939190E-1,0.E0,4.676740670050E-1));
#2919=AXIS2_PLACEMENT_3D('',#2916,#2917,#2918);
#2921=CURVE_STYLE('',#21,POSITIVE_LENGTH_MEASURE(2.E-2),#3);
#2922=PRESENTATION_STYLE_ASSIGNMENT((#2921));
#2923=STYLED_ITEM('',(#2922),#2920);
#2924=CARTESIAN_POINT('',(0.E0,2.519685039370E-1,0.E0));
#2925=DIRECTION('',(0.E0,-1.E0,0.E0));
#2926=DIRECTION('',(3.848867940128E-1,0.E0,-9.229637889942E-1));
#2927=AXIS2_PLACEMENT_3D('',#2924,#2925,#2926);
#2929=CURVE_STYLE('',#21,POSITIVE_LENGTH_MEASURE(2.E-2),#3);
#2930=PRESENTATION_STYLE_ASSIGNMENT((#2929));
#2931=STYLED_ITEM('',(#2930),#2928);
#2932=DIRECTION('',(0.E0,-1.E0,0.E0));
#2933=VECTOR('',#2932,2.519685039370E-1);
#2934=CARTESIAN_POINT('',(3.234925339290E-1,2.519685039370E-1,
-7.757395147637E-1));
#2935=LINE('',#2934,#2933);
#2936=CURVE_STYLE('',#21,POSITIVE_LENGTH_MEASURE(2.E-2),#3);
#2937=PRESENTATION_STYLE_ASSIGNMENT((#2936));
#2938=STYLED_ITEM('',(#2937),#2935);
#2939=CARTESIAN_POINT('',(0.E0,0.E0,0.E0));
#2940=DIRECTION('',(0.E0,1.E0,0.E0));
#2941=DIRECTION('',(4.118294396866E-1,0.E0,-9.112609464953E-1));
#2942=AXIS2_PLACEMENT_3D('',#2939,#2940,#2941);
#2944=CURVE_STYLE('',#21,POSITIVE_LENGTH_MEASURE(2.E-2),#3);
#2945=PRESENTATION_STYLE_ASSIGNMENT((#2944));
#2946=STYLED_ITEM('',(#2945),#2943);
#2947=CARTESIAN_POINT('',(3.195527478486E-1,2.519685039370E-1,
-7.662918539315E-1));
#2948=DIRECTION('',(0.E0,1.E0,0.E0));
#2949=DIRECTION('',(3.848867940128E-1,0.E0,-9.229637889942E-1));
#2950=AXIS2_PLACEMENT_3D('',#2947,#2948,#2949);
#2952=CURVE_STYLE('',#21,POSITIVE_LENGTH_MEASURE(2.E-2),#3);
#2953=PRESENTATION_STYLE_ASSIGNMENT((#2952));
#2954=STYLED_ITEM('',(#2953),#2951);
#2955=DIRECTION('',(0.E0,-1.E0,0.E0));
#2956=VECTOR('',#2955,2.519685039370E-1);
#2957=CARTESIAN_POINT('',(3.098784710120E-1,2.519685039370E-1,
-7.696367870024E-1));
#2958=LINE('',#2957,#2956);
#2959=CURVE_STYLE('',#21,POSITIVE_LENGTH_MEASURE(2.E-2),#3);
#2960=PRESENTATION_STYLE_ASSIGNMENT((#2959));
#2961=STYLED_ITEM('',(#2960),#2958);
#2962=CARTESIAN_POINT('',(3.195527478486E-1,0.E0,-7.662918539315E-1));
#2963=DIRECTION('',(0.E0,1.E0,0.E0));
#2964=DIRECTION('',(3.848867940129E-1,0.E0,-9.229637889942E-1));
#2965=AXIS2_PLACEMENT_3D('',#2962,#2963,#2964);
#2967=CURVE_STYLE('',#21,POSITIVE_LENGTH_MEASURE(2.E-2),#3);
#2968=PRESENTATION_STYLE_ASSIGNMENT((#2967));
#2969=STYLED_ITEM('',(#2968),#2966);
#2970=CARTESIAN_POINT('',(2.775068523664E-1,0.E0,-7.808294476631E-1));
#2971=DIRECTION('',(0.E0,1.E0,0.E0));
#2972=DIRECTION('',(-9.393499029363E-1,0.E0,-3.429602890328E-1));
#2973=AXIS2_PLACEMENT_3D('',#2970,#2971,#2972);
#2975=CURVE_STYLE('',#21,POSITIVE_LENGTH_MEASURE(2.E-2),#3);
#2976=PRESENTATION_STYLE_ASSIGNMENT((#2975));
#2977=STYLED_ITEM('',(#2976),#2974);
#2978=CARTESIAN_POINT('',(2.775068523664E-1,2.519685039370E-1,
-7.808294476631E-1));
#2979=DIRECTION('',(0.E0,1.E0,0.E0));
#2980=DIRECTION('',(-9.393499029363E-1,0.E0,-3.429602890328E-1));
#2981=AXIS2_PLACEMENT_3D('',#2978,#2979,#2980);
#2983=CURVE_STYLE('',#21,POSITIVE_LENGTH_MEASURE(2.E-2),#3);
#2984=PRESENTATION_STYLE_ASSIGNMENT((#2983));
#2985=STYLED_ITEM('',(#2984),#2982);
#2986=DIRECTION('',(0.E0,-1.E0,0.E0));
#2987=VECTOR('',#2986,2.519685039370E-1);
#2988=CARTESIAN_POINT('',(2.453322690769E-1,2.519685039370E-1,
-7.925765126811E-1));
#2989=LINE('',#2988,#2987);
#2990=CURVE_STYLE('',#21,POSITIVE_LENGTH_MEASURE(2.E-2),#3);
#2991=PRESENTATION_STYLE_ASSIGNMENT((#2990));
#2992=STYLED_ITEM('',(#2991),#2989);
#2993=CARTESIAN_POINT('',(2.357168763697E-1,2.519685039370E-1,
-7.960871298129E-1));
#2994=DIRECTION('',(0.E0,1.E0,0.E0));
#2995=DIRECTION('',(9.393499029363E-1,0.E0,3.429602890328E-1));
#2996=AXIS2_PLACEMENT_3D('',#2993,#2994,#2995);
#2998=CURVE_STYLE('',#21,POSITIVE_LENGTH_MEASURE(2.E-2),#3);
#2999=PRESENTATION_STYLE_ASSIGNMENT((#2998));
#3000=STYLED_ITEM('',(#2999),#2997);
#3001=DIRECTION('',(0.E0,-1.E0,0.E0));
#3002=VECTOR('',#3001,2.519685039370E-1);
#3003=CARTESIAN_POINT('',(2.386230446774E-1,2.519685039370E-1,
-8.059021384898E-1));
#3004=LINE('',#3003,#3002);
#3005=CURVE_STYLE('',#21,POSITIVE_LENGTH_MEASURE(2.E-2),#3);
#3006=PRESENTATION_STYLE_ASSIGNMENT((#3005));
#3007=STYLED_ITEM('',(#3006),#3004);
#3008=CARTESIAN_POINT('',(2.357168763697E-1,0.E0,-7.960871298129E-1));
#3009=DIRECTION('',(0.E0,1.E0,0.E0));
#3010=DIRECTION('',(9.393499029363E-1,0.E0,3.429602890328E-1));
#3011=AXIS2_PLACEMENT_3D('',#3008,#3009,#3010);
#3013=CURVE_STYLE('',#21,POSITIVE_LENGTH_MEASURE(2.E-2),#3);
#3014=PRESENTATION_STYLE_ASSIGNMENT((#3013));
#3015=STYLED_ITEM('',(#3014),#3012);
#3016=CARTESIAN_POINT('',(0.E0,2.519685039370E-1,0.E0));
#3017=DIRECTION('',(0.E0,-1.E0,0.E0));
#3018=DIRECTION('',(2.556250512590E-1,0.E0,-9.667759994791E-1));
#3019=AXIS2_PLACEMENT_3D('',#3016,#3017,#3018);
#3021=CURVE_STYLE('',#21,POSITIVE_LENGTH_MEASURE(2.E-2),#3);
#3022=PRESENTATION_STYLE_ASSIGNMENT((#3021));
#3023=STYLED_ITEM('',(#3022),#3020);
#3024=DIRECTION('',(0.E0,-1.E0,0.E0));
#3025=VECTOR('',#3024,2.519685039370E-1);
#3026=CARTESIAN_POINT('',(2.148496567142E-1,2.519685039370E-1,
-8.125631294142E-1));
#3027=LINE('',#3026,#3025);
#3028=CURVE_STYLE('',#21,POSITIVE_LENGTH_MEASURE(2.E-2),#3);
#3029=PRESENTATION_STYLE_ASSIGNMENT((#3028));
#3030=STYLED_ITEM('',(#3029),#3027);
#3031=CARTESIAN_POINT('',(0.E0,0.E0,0.E0));
#3032=DIRECTION('',(0.E0,1.E0,0.E0));
#3033=DIRECTION('',(2.839102885250E-1,0.E0,-9.588508476659E-1));
#3034=AXIS2_PLACEMENT_3D('',#3031,#3032,#3033);
#3036=CURVE_STYLE('',#21,POSITIVE_LENGTH_MEASURE(2.E-2),#3);
#3037=PRESENTATION_STYLE_ASSIGNMENT((#3036));
#3038=STYLED_ITEM('',(#3037),#3035);
#3039=CARTESIAN_POINT('',(2.122330223313E-1,2.519685039370E-1,
-8.026669971361E-1));
#3040=DIRECTION('',(0.E0,1.E0,0.E0));
#3041=DIRECTION('',(2.556250512590E-1,0.E0,-9.667759994791E-1));
#3042=AXIS2_PLACEMENT_3D('',#3039,#3040,#3041);
#3044=CURVE_STYLE('',#21,POSITIVE_LENGTH_MEASURE(2.E-2),#3);
#3045=PRESENTATION_STYLE_ASSIGNMENT((#3044));
#3046=STYLED_ITEM('',(#3045),#3043);
#3047=DIRECTION('',(0.E0,-1.E0,0.E0));
#3048=VECTOR('',#3047,2.519685039370E-1);
#3049=CARTESIAN_POINT('',(2.021933839034E-1,2.519685039370E-1,
-8.046634614606E-1));
#3050=LINE('',#3049,#3048);
#3051=CURVE_STYLE('',#21,POSITIVE_LENGTH_MEASURE(2.E-2),#3);
#3052=PRESENTATION_STYLE_ASSIGNMENT((#3051));
#3053=STYLED_ITEM('',(#3052),#3050);
#3054=CARTESIAN_POINT('',(2.122330223313E-1,0.E0,-8.026669971361E-1));
#3055=DIRECTION('',(0.E0,1.E0,0.E0));
#3056=DIRECTION('',(2.556250512590E-1,0.E0,-9.667759994791E-1));
#3057=AXIS2_PLACEMENT_3D('',#3054,#3055,#3056);
#3059=CURVE_STYLE('',#21,POSITIVE_LENGTH_MEASURE(2.E-2),#3);
#3060=PRESENTATION_STYLE_ASSIGNMENT((#3059));
#3061=STYLED_ITEM('',(#3060),#3058);
#3062=CARTESIAN_POINT('',(1.685992091643E-1,0.E0,-8.113439382391E-1));
#3063=DIRECTION('',(0.E0,1.E0,0.E0));
#3064=DIRECTION('',(-9.773005005803E-1,0.E0,-2.118578097816E-1));
#3065=AXIS2_PLACEMENT_3D('',#3062,#3063,#3064);
#3067=CURVE_STYLE('',#21,POSITIVE_LENGTH_MEASURE(2.E-2),#3);
#3068=PRESENTATION_STYLE_ASSIGNMENT((#3067));
#3069=STYLED_ITEM('',(#3068),#3066);
#3070=CARTESIAN_POINT('',(1.685992091643E-1,2.519685039370E-1,
-8.113439382391E-1));
#3071=DIRECTION('',(0.E0,1.E0,0.E0));
#3072=DIRECTION('',(-9.773005005803E-1,0.E0,-2.118578097816E-1));
#3073=AXIS2_PLACEMENT_3D('',#3070,#3071,#3072);
#3075=CURVE_STYLE('',#21,POSITIVE_LENGTH_MEASURE(2.E-2),#3);
#3076=PRESENTATION_STYLE_ASSIGNMENT((#3075));
#3077=STYLED_ITEM('',(#3076),#3074);
#3078=DIRECTION('',(0.E0,-1.E0,0.E0));
#3079=VECTOR('',#3078,2.519685039370E-1);
#3080=CARTESIAN_POINT('',(1.351247431995E-1,2.519685039370E-1,
-8.186004852670E-1));
#3081=LINE('',#3080,#3079);
#3082=CURVE_STYLE('',#21,POSITIVE_LENGTH_MEASURE(2.E-2),#3);
#3083=PRESENTATION_STYLE_ASSIGNMENT((#3082));
#3084=STYLED_ITEM('',(#3083),#3081);
#3085=CARTESIAN_POINT('',(1.251208798077E-1,2.519685039370E-1,
-8.207691085168E-1));
#3086=DIRECTION('',(0.E0,1.E0,0.E0));
#3087=DIRECTION('',(9.773005005803E-1,0.E0,2.118578097817E-1));
#3088=AXIS2_PLACEMENT_3D('',#3085,#3086,#3087);
#3090=CURVE_STYLE('',#21,POSITIVE_LENGTH_MEASURE(2.E-2),#3);
#3091=PRESENTATION_STYLE_ASSIGNMENT((#3090));
#3092=STYLED_ITEM('',(#3091),#3089);
#3093=DIRECTION('',(0.E0,-1.E0,0.E0));
#3094=VECTOR('',#3093,2.519685039370E-1);
#3095=CARTESIAN_POINT('',(1.266635030646E-1,2.519685039370E-1,
-8.308884228734E-1));
#3096=LINE('',#3095,#3094);
#3097=CURVE_STYLE('',#21,POSITIVE_LENGTH_MEASURE(2.E-2),#3);
#3098=PRESENTATION_STYLE_ASSIGNMENT((#3097));
#3099=STYLED_ITEM('',(#3098),#3096);
#3100=CARTESIAN_POINT('',(1.251208798077E-1,0.E0,-8.207691085168E-1));
#3101=DIRECTION('',(0.E0,1.E0,0.E0));
#3102=DIRECTION('',(9.773005005803E-1,0.E0,2.118578097817E-1));
#3103=AXIS2_PLACEMENT_3D('',#3100,#3101,#3102);
#3105=CURVE_STYLE('',#21,POSITIVE_LENGTH_MEASURE(2.E-2),#3);
#3106=PRESENTATION_STYLE_ASSIGNMENT((#3105));
#3107=STYLED_ITEM('',(#3106),#3104);
#3108=DIRECTION('',(0.E0,-1.E0,0.E0));
#3109=VECTOR('',#3108,2.519685039370E-1);
#3110=CARTESIAN_POINT('',(1.022045369060E-1,2.519685039370E-1,
-8.342502303922E-1));
#3111=LINE('',#3110,#3109);
#3112=CURVE_STYLE('',#21,POSITIVE_LENGTH_MEASURE(2.E-2),#3);
#3113=PRESENTATION_STYLE_ASSIGNMENT((#3112));
#3114=STYLED_ITEM('',(#3113),#3111);
#3115=CARTESIAN_POINT('',(0.E0,0.E0,0.E0));
#3116=DIRECTION('',(0.E0,1.E0,0.E0));
#3117=DIRECTION('',(1.507024258671E-1,0.E0,-9.885791717600E-1));
#3118=AXIS2_PLACEMENT_3D('',#3115,#3116,#3117);
#3120=CURVE_STYLE('',#21,POSITIVE_LENGTH_MEASURE(2.E-2),#3);
#3121=PRESENTATION_STYLE_ASSIGNMENT((#3120));
#3122=STYLED_ITEM('',(#3121),#3119);
#3123=CARTESIAN_POINT('',(0.E0,2.519685039370E-1,0.E0));
#3124=DIRECTION('',(0.E0,-1.E0,0.E0));
#3125=DIRECTION('',(1.216014974613E-1,0.E0,-9.925790023042E-1));
#3126=AXIS2_PLACEMENT_3D('',#3123,#3124,#3125);
#3128=CURVE_STYLE('',#21,POSITIVE_LENGTH_MEASURE(2.E-2),#3);
#3129=PRESENTATION_STYLE_ASSIGNMENT((#3128));
#3130=STYLED_ITEM('',(#3129),#3127);
#3131=CARTESIAN_POINT('',(1.009597971682E-1,2.519685039370E-1,
-8.240899728883E-1));
#3132=DIRECTION('',(0.E0,1.E0,0.E0));
#3133=DIRECTION('',(1.216014974613E-1,0.E0,-9.925790023042E-1));
#3134=AXIS2_PLACEMENT_3D('',#3131,#3132,#3133);
#3136=CURVE_STYLE('',#21,POSITIVE_LENGTH_MEASURE(2.E-2),#3);
#3137=PRESENTATION_STYLE_ASSIGNMENT((#3136));
#3138=STYLED_ITEM('',(#3137),#3135);
#3139=DIRECTION('',(0.E0,-1.E0,0.E0));
#3140=VECTOR('',#3139,2.519685039370E-1);
#3141=CARTESIAN_POINT('',(9.074181661739E-2,2.519685039370E-1,
-8.247007781136E-1));
#3142=LINE('',#3141,#3140);
#3143=CURVE_STYLE('',#21,POSITIVE_LENGTH_MEASURE(2.E-2),#3);
#3144=PRESENTATION_STYLE_ASSIGNMENT((#3143));
#3145=STYLED_ITEM('',(#3144),#3142);
#3146=CARTESIAN_POINT('',(1.009597971682E-1,0.E0,-8.240899728883E-1));
#3147=DIRECTION('',(0.E0,1.E0,0.E0));
#3148=DIRECTION('',(1.216014974613E-1,0.E0,-9.925790023042E-1));
#3149=AXIS2_PLACEMENT_3D('',#3146,#3147,#3148);
#3151=CURVE_STYLE('',#21,POSITIVE_LENGTH_MEASURE(2.E-2),#3);
#3152=PRESENTATION_STYLE_ASSIGNMENT((#3151));
#3153=STYLED_ITEM('',(#3152),#3150);
#3154=CARTESIAN_POINT('',(5.655088169730E-2,0.E0,-8.267446263674E-1));
#3155=DIRECTION('',(0.E0,1.E0,0.E0));
#3156=DIRECTION('',(-9.970458390220E-1,0.E0,-7.680882038461E-2));
#3157=AXIS2_PLACEMENT_3D('',#3154,#3155,#3156);
#3159=CURVE_STYLE('',#21,POSITIVE_LENGTH_MEASURE(2.E-2),#3);
#3160=PRESENTATION_STYLE_ASSIGNMENT((#3159));
#3161=STYLED_ITEM('',(#3160),#3158);
#3162=CARTESIAN_POINT('',(5.655088169730E-2,2.519685039370E-1,
-8.267446263674E-1));
#3163=DIRECTION('',(0.E0,1.E0,0.E0));
#3164=DIRECTION('',(-9.970458390220E-1,0.E0,-7.680882038461E-2));
#3165=AXIS2_PLACEMENT_3D('',#3162,#3163,#3164);
#3167=CURVE_STYLE('',#21,POSITIVE_LENGTH_MEASURE(2.E-2),#3);
#3168=PRESENTATION_STYLE_ASSIGNMENT((#3167));
#3169=STYLED_ITEM('',(#3168),#3166);
#3170=DIRECTION('',(0.E0,-1.E0,0.E0));
#3171=VECTOR('',#3170,2.519685039370E-1);
#3172=CARTESIAN_POINT('',(2.240009902214E-2,2.519685039370E-1,
-8.293754796640E-1));
#3173=LINE('',#3172,#3171);
#3174=CURVE_STYLE('',#21,POSITIVE_LENGTH_MEASURE(2.E-2),#3);
#3175=PRESENTATION_STYLE_ASSIGNMENT((#3174));
#3176=STYLED_ITEM('',(#3175),#3173);
#3177=CARTESIAN_POINT('',(8.290585691653E-1,2.519685039370E-1,
-4.448654799903E-2));
#3178=DIRECTION('',(0.E0,1.E0,0.E0));
#3179=DIRECTION('',(-8.588947006064E-3,0.E0,9.999631143144E-1));
#3180=AXIS2_PLACEMENT_3D('',#3177,#3178,#3179);
#3182=CURVE_STYLE('',#21,POSITIVE_LENGTH_MEASURE(2.E-2),#3);
#3183=PRESENTATION_STYLE_ASSIGNMENT((#3182));
#3184=STYLED_ITEM('',(#3183),#3181);
#3185=DIRECTION('',(0.E0,-1.E0,0.E0));
#3186=VECTOR('',#3185,2.519685039363E-1);
#3187=CARTESIAN_POINT('',(8.392800848072E-1,2.519685039367E-1,
-4.503502546870E-2));
#3188=LINE('',#3187,#3186);
#3189=CURVE_STYLE('',#21,POSITIVE_LENGTH_MEASURE(2.E-2),#3);
#3190=PRESENTATION_STYLE_ASSIGNMENT((#3189));
#3191=STYLED_ITEM('',(#3190),#3188);
#3192=CARTESIAN_POINT('',(8.290585691653E-1,0.E0,-4.448654799903E-2));
#3193=DIRECTION('',(0.E0,1.E0,0.E0));
#3194=DIRECTION('',(-8.588947006064E-3,0.E0,9.999631143144E-1));
#3195=AXIS2_PLACEMENT_3D('',#3192,#3193,#3194);
#3197=CURVE_STYLE('',#21,POSITIVE_LENGTH_MEASURE(2.E-2),#3);
#3198=PRESENTATION_STYLE_ASSIGNMENT((#3197));
#3199=STYLED_ITEM('',(#3198),#3196);
#3200=CARTESIAN_POINT('',(0.E0,-2.421259842520E-2,0.E0));
#3201=DIRECTION('',(0.E0,1.E0,0.E0));
#3202=DIRECTION('',(-1.E0,0.E0,0.E0));
#3203=AXIS2_PLACEMENT_3D('',#3200,#3201,#3202);
#3205=CURVE_STYLE('',#21,POSITIVE_LENGTH_MEASURE(2.E-2),#3);
#3206=PRESENTATION_STYLE_ASSIGNMENT((#3205));
#3207=STYLED_ITEM('',(#3206),#3204);
#3208=DIRECTION('',(-3.852257461931E-11,-1.E0,-1.680725018687E-9));
#3209=VECTOR('',#3208,5.452755905722E-2);
#3210=CARTESIAN_POINT('',(-8.647000845129E-1,-2.421259842310E-2,
9.164572682015E-11));
#3211=LINE('',#3210,#3209);
#3212=CURVE_STYLE('',#21,POSITIVE_LENGTH_MEASURE(2.E-2),#3);
#3213=PRESENTATION_STYLE_ASSIGNMENT((#3212));
#3214=STYLED_ITEM('',(#3213),#3211);
#3215=CARTESIAN_POINT('',(1.771653543307E-1,-5.905511811024E-2,
4.585375221883E-11));
#3216=DIRECTION('',(2.588189593200E-10,0.E0,-1.E0));
#3217=DIRECTION('',(-1.862108467421E-10,-1.E0,0.E0));
#3218=AXIS2_PLACEMENT_3D('',#3215,#3216,#3217);
#3220=CURVE_STYLE('',#21,POSITIVE_LENGTH_MEASURE(2.E-2),#3);
#3221=PRESENTATION_STYLE_ASSIGNMENT((#3220));
#3222=STYLED_ITEM('',(#3221),#3219);
#3223=CARTESIAN_POINT('',(0.E0,-5.905511811024E-2,0.E0));
#3224=DIRECTION('',(0.E0,1.E0,0.E0));
#3225=DIRECTION('',(1.E0,0.E0,0.E0));
#3226=AXIS2_PLACEMENT_3D('',#3223,#3224,#3225);
#3228=CURVE_STYLE('',#21,POSITIVE_LENGTH_MEASURE(2.E-2),#3);
#3229=PRESENTATION_STYLE_ASSIGNMENT((#3228));
#3230=STYLED_ITEM('',(#3229),#3227);
#3231=DIRECTION('',(0.E0,1.E0,-7.291166660331E-14));
#3232=VECTOR('',#3231,3.700787401575E-1);
#3233=CARTESIAN_POINT('',(-1.574803149606E-1,-5.905511811024E-2,
-4.195625769285E-12));
#3234=LINE('',#3233,#3232);
#3235=CURVE_STYLE('',#21,POSITIVE_LENGTH_MEASURE(2.E-2),#3);
#3236=PRESENTATION_STYLE_ASSIGNMENT((#3235));
#3237=STYLED_ITEM('',(#3236),#3234);
#3238=CARTESIAN_POINT('',(0.E0,3.110236220472E-1,0.E0));
#3239=DIRECTION('',(0.E0,-1.E0,0.E0));
#3240=DIRECTION('',(-1.E0,0.E0,0.E0));
#3241=AXIS2_PLACEMENT_3D('',#3238,#3239,#3240);
#3243=CURVE_STYLE('',#21,POSITIVE_LENGTH_MEASURE(2.E-2),#3);
#3244=PRESENTATION_STYLE_ASSIGNMENT((#3243));
#3245=STYLED_ITEM('',(#3244),#3242);
#3246=CARTESIAN_POINT('',(-8.273942570839E-1,2.519685039370E-1,
6.881792937746E-2));
#3247=DIRECTION('',(0.E0,1.E0,0.E0));
#3248=DIRECTION('',(-9.965588627783E-1,0.E0,8.288807524591E-2));
#3249=AXIS2_PLACEMENT_3D('',#3246,#3247,#3248);
#3251=CURVE_STYLE('',#21,POSITIVE_LENGTH_MEASURE(2.E-2),#3);
#3252=PRESENTATION_STYLE_ASSIGNMENT((#3251));
#3253=STYLED_ITEM('',(#3252),#3250);
#3254=DIRECTION('',(0.E0,-1.E0,0.E0));
#3255=VECTOR('',#3254,2.519685039370E-1);
#3256=CARTESIAN_POINT('',(-8.259133771764E-1,2.519685039370E-1,
7.894646353892E-2));
#3257=LINE('',#3256,#3255);
#3258=CURVE_STYLE('',#21,POSITIVE_LENGTH_MEASURE(2.E-2),#3);
#3259=PRESENTATION_STYLE_ASSIGNMENT((#3258));
#3260=STYLED_ITEM('',(#3259),#3257);
#3261=CARTESIAN_POINT('',(-8.273942570839E-1,0.E0,6.881792937746E-2));
#3262=DIRECTION('',(0.E0,1.E0,0.E0));
#3263=DIRECTION('',(-9.965588627783E-1,0.E0,8.288807524586E-2));
#3264=AXIS2_PLACEMENT_3D('',#3261,#3262,#3263);
#3266=CURVE_STYLE('',#21,POSITIVE_LENGTH_MEASURE(2.E-2),#3);
#3267=PRESENTATION_STYLE_ASSIGNMENT((#3266));
#3268=STYLED_ITEM('',(#3267),#3265);
#3269=CARTESIAN_POINT('',(-8.209581251779E-1,0.E0,1.128380970792E-1));
#3270=DIRECTION('',(0.E0,1.E0,0.E0));
#3271=DIRECTION('',(1.276526774059E-1,0.E0,9.918189320391E-1));
#3272=AXIS2_PLACEMENT_3D('',#3269,#3270,#3271);
#3274=CURVE_STYLE('',#21,POSITIVE_LENGTH_MEASURE(2.E-2),#3);
#3275=PRESENTATION_STYLE_ASSIGNMENT((#3274));
#3276=STYLED_ITEM('',(#3275),#3273);
#3277=CARTESIAN_POINT('',(-8.209581251779E-1,2.519685039370E-1,
1.128380970792E-1));
#3278=DIRECTION('',(0.E0,1.E0,0.E0));
#3279=DIRECTION('',(1.276526774059E-1,0.E0,9.918189320391E-1));
#3280=AXIS2_PLACEMENT_3D('',#3277,#3278,#3279);
#3282=CURVE_STYLE('',#21,POSITIVE_LENGTH_MEASURE(2.E-2),#3);
#3283=PRESENTATION_STYLE_ASSIGNMENT((#3282));
#3284=STYLED_ITEM('',(#3283),#3281);
#3285=DIRECTION('',(0.E0,-1.E0,0.E0));
#3286=VECTOR('',#3285,2.519685039370E-1);
#3287=CARTESIAN_POINT('',(-8.165857696920E-1,2.519685039370E-1,
1.468098479010E-1));
#3288=LINE('',#3287,#3286);
#3289=CURVE_STYLE('',#21,POSITIVE_LENGTH_MEASURE(2.E-2),#3);
#3290=PRESENTATION_STYLE_ASSIGNMENT((#3289));
#3291=STYLED_ITEM('',(#3290),#3288);
#3292=CARTESIAN_POINT('',(-8.152790887422E-1,2.519685039370E-1,
1.569623251581E-1));
#3293=DIRECTION('',(0.E0,1.E0,0.E0));
#3294=DIRECTION('',(-1.276526774059E-1,0.E0,-9.918189320391E-1));
#3295=AXIS2_PLACEMENT_3D('',#3292,#3293,#3294);
#3297=CURVE_STYLE('',#21,POSITIVE_LENGTH_MEASURE(2.E-2),#3);
#3298=PRESENTATION_STYLE_ASSIGNMENT((#3297));
#3299=STYLED_ITEM('',(#3298),#3296);
#3300=DIRECTION('',(0.E0,-1.E0,0.E0));
#3301=VECTOR('',#3300,2.519685039371E-1);
#3302=CARTESIAN_POINT('',(-8.253307162971E-1,2.519685039371E-1,
1.588975236127E-1));
#3303=LINE('',#3302,#3301);
#3304=CURVE_STYLE('',#21,POSITIVE_LENGTH_MEASURE(2.E-2),#3);
#3305=PRESENTATION_STYLE_ASSIGNMENT((#3304));
#3306=STYLED_ITEM('',(#3305),#3303);
#3307=CARTESIAN_POINT('',(-8.152790887422E-1,0.E0,1.569623251581E-1));
#3308=DIRECTION('',(0.E0,1.E0,0.E0));
#3309=DIRECTION('',(-1.276526774059E-1,0.E0,-9.918189320391E-1));
#3310=AXIS2_PLACEMENT_3D('',#3307,#3308,#3309);
#3312=CURVE_STYLE('',#21,POSITIVE_LENGTH_MEASURE(2.E-2),#3);
#3313=PRESENTATION_STYLE_ASSIGNMENT((#3312));
#3314=STYLED_ITEM('',(#3313),#3311);
#3315=CARTESIAN_POINT('',(0.E0,2.519685039370E-1,0.E0));
#3316=DIRECTION('',(0.E0,-1.E0,0.E0));
#3317=DIRECTION('',(-9.759902682962E-1,0.E0,2.178141322118E-1));
#3318=AXIS2_PLACEMENT_3D('',#3315,#3316,#3317);
#3320=CURVE_STYLE('',#21,POSITIVE_LENGTH_MEASURE(2.E-2),#3);
#3321=PRESENTATION_STYLE_ASSIGNMENT((#3320));
#3322=STYLED_ITEM('',(#3321),#3319);
#3323=DIRECTION('',(0.E0,-1.E0,0.E0));
#3324=VECTOR('',#3323,2.519685039371E-1);
#3325=CARTESIAN_POINT('',(-8.203076070484E-1,2.519685039370E-1,
1.830700524175E-1));
#3326=LINE('',#3325,#3324);
#3327=CURVE_STYLE('',#21,POSITIVE_LENGTH_MEASURE(2.E-2),#3);
#3328=PRESENTATION_STYLE_ASSIGNMENT((#3327));
#3329=STYLED_ITEM('',(#3328),#3326);
#3330=CARTESIAN_POINT('',(0.E0,0.E0,0.E0));
#3331=DIRECTION('',(0.E0,1.E0,0.E0));
#3332=DIRECTION('',(-9.819666918977E-1,0.E0,1.890540028763E-1));
#3333=AXIS2_PLACEMENT_3D('',#3330,#3331,#3332);
#3335=CURVE_STYLE('',#21,POSITIVE_LENGTH_MEASURE(2.E-2),#3);
#3336=PRESENTATION_STYLE_ASSIGNMENT((#3335));
#3337=STYLED_ITEM('',(#3336),#3334);
#3338=CARTESIAN_POINT('',(-8.103171554831E-1,2.519685039370E-1,
1.808404589382E-1));
#3339=DIRECTION('',(0.E0,1.E0,0.E0));
#3340=DIRECTION('',(-9.759902682961E-1,0.E0,2.178141322119E-1));
#3341=AXIS2_PLACEMENT_3D('',#3338,#3339,#3340);
#3343=CURVE_STYLE('',#21,POSITIVE_LENGTH_MEASURE(2.E-2),#3);
#3344=PRESENTATION_STYLE_ASSIGNMENT((#3343));
#3345=STYLED_ITEM('',(#3344),#3342);
#3346=DIRECTION('',(0.E0,-1.E0,0.E0));
#3347=VECTOR('',#3346,2.519685039370E-1);
#3348=CARTESIAN_POINT('',(-8.074709000139E-1,2.519685039370E-1,
1.906730089311E-1));
#3349=LINE('',#3348,#3347);
#3350=CURVE_STYLE('',#21,POSITIVE_LENGTH_MEASURE(2.E-2),#3);
#3351=PRESENTATION_STYLE_ASSIGNMENT((#3350));
#3352=STYLED_ITEM('',(#3351),#3349);
#3353=CARTESIAN_POINT('',(-8.103171554831E-1,0.E0,1.808404589382E-1));
#3354=DIRECTION('',(0.E0,1.E0,0.E0));
#3355=DIRECTION('',(-9.759902682962E-1,0.E0,2.178141322118E-1));
#3356=AXIS2_PLACEMENT_3D('',#3353,#3354,#3355);
#3358=CURVE_STYLE('',#21,POSITIVE_LENGTH_MEASURE(2.E-2),#3);
#3359=PRESENTATION_STYLE_ASSIGNMENT((#3358));
#3360=STYLED_ITEM('',(#3359),#3357);
#3361=CARTESIAN_POINT('',(-7.979468913284E-1,0.E0,2.235742339076E-1));
#3362=DIRECTION('',(0.E0,1.E0,0.E0));
#3363=DIRECTION('',(2.615163739660E-1,0.E0,9.651990396533E-1));
#3364=AXIS2_PLACEMENT_3D('',#3361,#3362,#3363);
#3366=CURVE_STYLE('',#21,POSITIVE_LENGTH_MEASURE(2.E-2),#3);
#3367=PRESENTATION_STYLE_ASSIGNMENT((#3366));
#3368=STYLED_ITEM('',(#3367),#3365);
#3369=CARTESIAN_POINT('',(-7.979468913284E-1,2.519685039370E-1,
2.235742339076E-1));
#3370=DIRECTION('',(0.E0,1.E0,0.E0));
#3371=DIRECTION('',(2.615163739660E-1,0.E0,9.651990396533E-1));
#3372=AXIS2_PLACEMENT_3D('',#3369,#3370,#3371);
#3374=CURVE_STYLE('',#21,POSITIVE_LENGTH_MEASURE(2.E-2),#3);
#3375=PRESENTATION_STYLE_ASSIGNMENT((#3374));
#3376=STYLED_ITEM('',(#3375),#3373);
#3377=DIRECTION('',(0.E0,-1.E0,0.E0));
#3378=VECTOR('',#3377,2.519685039370E-1);
#3379=CARTESIAN_POINT('',(-7.889894407241E-1,2.519685039370E-1,
2.566342010139E-1));
#3380=LINE('',#3379,#3378);
#3381=CURVE_STYLE('',#21,POSITIVE_LENGTH_MEASURE(2.E-2),#3);
#3382=PRESENTATION_STYLE_ASSIGNMENT((#3381));
#3383=STYLED_ITEM('',(#3382),#3380);
#3384=CARTESIAN_POINT('',(-7.863125014630E-1,2.519685039370E-1,
2.665141911835E-1));
#3385=DIRECTION('',(0.E0,1.E0,0.E0));
#3386=DIRECTION('',(-2.615163739658E-1,0.E0,-9.651990396534E-1));
#3387=AXIS2_PLACEMENT_3D('',#3384,#3385,#3386);
#3389=CURVE_STYLE('',#21,POSITIVE_LENGTH_MEASURE(2.E-2),#3);
#3390=PRESENTATION_STYLE_ASSIGNMENT((#3389));
#3391=STYLED_ITEM('',(#3390),#3388);
#3392=DIRECTION('',(0.E0,-1.E0,0.E0));
#3393=VECTOR('',#3392,2.519685039370E-1);
#3394=CARTESIAN_POINT('',(-7.960069981275E-1,2.519685039370E-1,
2.698000615375E-1));
#3395=LINE('',#3394,#3393);
#3396=CURVE_STYLE('',#21,POSITIVE_LENGTH_MEASURE(2.E-2),#3);
#3397=PRESENTATION_STYLE_ASSIGNMENT((#3396));
#3398=STYLED_ITEM('',(#3397),#3395);
#3399=CARTESIAN_POINT('',(-7.863125014630E-1,0.E0,2.665141911835E-1));
#3400=DIRECTION('',(0.E0,1.E0,0.E0));
#3401=DIRECTION('',(-2.615163739658E-1,0.E0,-9.651990396534E-1));
#3402=AXIS2_PLACEMENT_3D('',#3399,#3400,#3401);
#3404=CURVE_STYLE('',#21,POSITIVE_LENGTH_MEASURE(2.E-2),#3);
#3405=PRESENTATION_STYLE_ASSIGNMENT((#3404));
#3406=STYLED_ITEM('',(#3405),#3403);
#3407=CARTESIAN_POINT('',(0.E0,2.519685039370E-1,0.E0));
#3408=DIRECTION('',(0.E0,-1.E0,0.E0));
#3409=DIRECTION('',(-9.372408217602E-1,0.E0,3.486827240147E-1));
#3410=AXIS2_PLACEMENT_3D('',#3407,#3408,#3409);
#3412=CURVE_STYLE('',#21,POSITIVE_LENGTH_MEASURE(2.E-2),#3);
#3413=PRESENTATION_STYLE_ASSIGNMENT((#3412));
#3414=STYLED_ITEM('',(#3413),#3411);
#3415=DIRECTION('',(0.E0,-1.E0,0.E0));
#3416=VECTOR('',#3415,2.519685039370E-1);
#3417=CARTESIAN_POINT('',(-7.877391821420E-1,2.519685039370E-1,
2.930634661501E-1));
#3418=LINE('',#3417,#3416);
#3419=CURVE_STYLE('',#21,POSITIVE_LENGTH_MEASURE(2.E-2),#3);
#3420=PRESENTATION_STYLE_ASSIGNMENT((#3419));
#3421=STYLED_ITEM('',(#3420),#3418);
#3422=CARTESIAN_POINT('',(0.E0,0.E0,0.E0));
#3423=DIRECTION('',(0.E0,1.E0,0.E0));
#3424=DIRECTION('',(-9.470777510689E-1,0.E0,3.210042576513E-1));
#3425=AXIS2_PLACEMENT_3D('',#3422,#3423,#3424);
#3427=CURVE_STYLE('',#21,POSITIVE_LENGTH_MEASURE(2.E-2),#3);
#3428=PRESENTATION_STYLE_ASSIGNMENT((#3427));
#3429=STYLED_ITEM('',(#3428),#3426);
#3430=CARTESIAN_POINT('',(-7.781453784547E-1,2.519685039370E-1,
2.894942729121E-1));
#3431=DIRECTION('',(0.E0,1.E0,0.E0));
#3432=DIRECTION('',(-9.372408217601E-1,0.E0,3.486827240149E-1));
#3433=AXIS2_PLACEMENT_3D('',#3430,#3431,#3432);
#3435=CURVE_STYLE('',#21,POSITIVE_LENGTH_MEASURE(2.E-2),#3);
#3436=PRESENTATION_STYLE_ASSIGNMENT((#3435));
#3437=STYLED_ITEM('',(#3436),#3434);
#3438=DIRECTION('',(0.E0,-1.E0,0.E0));
#3439=VECTOR('',#3438,2.519685039370E-1);
#3440=CARTESIAN_POINT('',(-7.739867677778E-1,2.519685039370E-1,
2.988476769342E-1));
#3441=LINE('',#3440,#3439);
#3442=CURVE_STYLE('',#21,POSITIVE_LENGTH_MEASURE(2.E-2),#3);
#3443=PRESENTATION_STYLE_ASSIGNMENT((#3442));
#3444=STYLED_ITEM('',(#3443),#3441);
#3445=CARTESIAN_POINT('',(-7.781453784547E-1,0.E0,2.894942729121E-1));
#3446=DIRECTION('',(0.E0,1.E0,0.E0));
#3447=DIRECTION('',(-9.372408217601E-1,0.E0,3.486827240148E-1));
#3448=AXIS2_PLACEMENT_3D('',#3445,#3446,#3447);
#3450=CURVE_STYLE('',#21,POSITIVE_LENGTH_MEASURE(2.E-2),#3);
#3451=PRESENTATION_STYLE_ASSIGNMENT((#3450));
#3452=STYLED_ITEM('',(#3451),#3449);
#3453=CARTESIAN_POINT('',(-7.600714166670E-1,0.E0,3.301456057771E-1));
#3454=DIRECTION('',(0.E0,1.E0,0.E0));
#3455=DIRECTION('',(3.905085152870E-1,0.E0,9.205993153856E-1));
#3456=AXIS2_PLACEMENT_3D('',#3453,#3454,#3455);
#3458=CURVE_STYLE('',#21,POSITIVE_LENGTH_MEASURE(2.E-2),#3);
#3459=PRESENTATION_STYLE_ASSIGNMENT((#3458));
#3460=STYLED_ITEM('',(#3459),#3457);
#3461=CARTESIAN_POINT('',(-7.600714166670E-1,2.519685039370E-1,
3.301456057771E-1));
#3462=DIRECTION('',(0.E0,1.E0,0.E0));
#3463=DIRECTION('',(3.905085152870E-1,0.E0,9.205993153856E-1));
#3464=AXIS2_PLACEMENT_3D('',#3461,#3462,#3463);
#3466=CURVE_STYLE('',#21,POSITIVE_LENGTH_MEASURE(2.E-2),#3);
#3467=PRESENTATION_STYLE_ASSIGNMENT((#3466));
#3468=STYLED_ITEM('',(#3467),#3465);
#3469=DIRECTION('',(0.E0,-1.E0,0.E0));
#3470=VECTOR('',#3469,2.519685039370E-1);
#3471=CARTESIAN_POINT('',(-7.466957313009E-1,2.519685039370E-1,
3.616779445324E-1));
#3472=LINE('',#3471,#3470);
#3473=CURVE_STYLE('',#21,POSITIVE_LENGTH_MEASURE(2.E-2),#3);
#3474=PRESENTATION_STYLE_ASSIGNMENT((#3473));
#3475=STYLED_ITEM('',(#3474),#3472);
#3476=CARTESIAN_POINT('',(-7.426984000420E-1,2.519685039370E-1,
3.711014020915E-1));
#3477=DIRECTION('',(0.E0,1.E0,0.E0));
#3478=DIRECTION('',(-3.905085152868E-1,0.E0,-9.205993153856E-1));
#3479=AXIS2_PLACEMENT_3D('',#3476,#3477,#3478);
#3481=CURVE_STYLE('',#21,POSITIVE_LENGTH_MEASURE(2.E-2),#3);
#3482=PRESENTATION_STYLE_ASSIGNMENT((#3481));
#3483=STYLED_ITEM('',(#3482),#3480);
#3484=DIRECTION('',(0.E0,-1.E0,0.E0));
#3485=VECTOR('',#3484,2.519685039370E-1);
#3486=CARTESIAN_POINT('',(-7.518551756860E-1,2.519685039370E-1,
3.756767347971E-1));
#3487=LINE('',#3486,#3485);
#3488=CURVE_STYLE('',#21,POSITIVE_LENGTH_MEASURE(2.E-2),#3);
#3489=PRESENTATION_STYLE_ASSIGNMENT((#3488));
#3490=STYLED_ITEM('',(#3489),#3487);
#3491=CARTESIAN_POINT('',(-7.426984000420E-1,0.E0,3.711014020915E-1));
#3492=DIRECTION('',(0.E0,1.E0,0.E0));
#3493=DIRECTION('',(-3.905085152868E-1,0.E0,-9.205993153856E-1));
#3494=AXIS2_PLACEMENT_3D('',#3491,#3492,#3493);
#3496=CURVE_STYLE('',#21,POSITIVE_LENGTH_MEASURE(2.E-2),#3);
#3497=PRESENTATION_STYLE_ASSIGNMENT((#3496));
#3498=STYLED_ITEM('',(#3497),#3495);
#3499=CARTESIAN_POINT('',(0.E0,2.519685039370E-1,0.E0));
#3500=DIRECTION('',(0.E0,-1.E0,0.E0));
#3501=DIRECTION('',(-8.810323520425E-1,0.E0,4.730560164023E-1));
#3502=AXIS2_PLACEMENT_3D('',#3499,#3500,#3501);
#3504=CURVE_STYLE('',#21,POSITIVE_LENGTH_MEASURE(2.E-2),#3);
#3505=PRESENTATION_STYLE_ASSIGNMENT((#3504));
#3506=STYLED_ITEM('',(#3505),#3503);
#3507=DIRECTION('',(0.E0,-1.E0,0.E0));
#3508=VECTOR('',#3507,2.519685039370E-1);
#3509=CARTESIAN_POINT('',(-7.404966667320E-1,2.519685039370E-1,
3.975976620057E-1));
#3510=LINE('',#3509,#3508);
#3511=CURVE_STYLE('',#21,POSITIVE_LENGTH_MEASURE(2.E-2),#3);
#3512=PRESENTATION_STYLE_ASSIGNMENT((#3511));
#3513=STYLED_ITEM('',(#3512),#3510);
#3514=CARTESIAN_POINT('',(0.E0,0.E0,0.E0));
#3515=DIRECTION('',(0.E0,1.E0,0.E0));
#3516=DIRECTION('',(-8.945465436777E-1,0.E0,4.469748104696E-1));
#3517=AXIS2_PLACEMENT_3D('',#3514,#3515,#3516);
#3519=CURVE_STYLE('',#21,POSITIVE_LENGTH_MEASURE(2.E-2),#3);
#3520=PRESENTATION_STYLE_ASSIGNMENT((#3519));
#3521=STYLED_ITEM('',(#3520),#3518);
#3522=CARTESIAN_POINT('',(-7.314782253331E-1,2.519685039370E-1,
3.927553563260E-1));
#3523=DIRECTION('',(0.E0,1.E0,0.E0));
#3524=DIRECTION('',(-8.810323520424E-1,0.E0,4.730560164025E-1));
#3525=AXIS2_PLACEMENT_3D('',#3522,#3523,#3524);
#3527=CURVE_STYLE('',#21,POSITIVE_LENGTH_MEASURE(2.E-2),#3);
#3528=PRESENTATION_STYLE_ASSIGNMENT((#3527));
#3529=STYLED_ITEM('',(#3528),#3526);
#3530=DIRECTION('',(0.E0,-1.E0,0.E0));
#3531=VECTOR('',#3530,2.519685039370E-1);
#3532=CARTESIAN_POINT('',(-7.260847264973E-1,2.519685039370E-1,
4.014553781574E-1));
#3533=LINE('',#3532,#3531);
#3534=CURVE_STYLE('',#21,POSITIVE_LENGTH_MEASURE(2.E-2),#3);
#3535=PRESENTATION_STYLE_ASSIGNMENT((#3534));
#3536=STYLED_ITEM('',(#3535),#3533);
#3537=CARTESIAN_POINT('',(-7.314782253331E-1,0.E0,3.927553563260E-1));
#3538=DIRECTION('',(0.E0,1.E0,0.E0));
#3539=DIRECTION('',(-8.810323520425E-1,0.E0,4.730560164024E-1));
#3540=AXIS2_PLACEMENT_3D('',#3537,#3538,#3539);
#3542=CURVE_STYLE('',#21,POSITIVE_LENGTH_MEASURE(2.E-2),#3);
#3543=PRESENTATION_STYLE_ASSIGNMENT((#3542));
#3544=STYLED_ITEM('',(#3543),#3541);
#3545=CARTESIAN_POINT('',(-7.080372496234E-1,0.E0,4.305669896704E-1));
#3546=DIRECTION('',(0.E0,1.E0,0.E0));
#3547=DIRECTION('',(5.122262218386E-1,0.E0,8.588505677130E-1));
#3548=AXIS2_PLACEMENT_3D('',#3545,#3546,#3547);
#3550=CURVE_STYLE('',#21,POSITIVE_LENGTH_MEASURE(2.E-2),#3);
#3551=PRESENTATION_STYLE_ASSIGNMENT((#3550));
#3552=STYLED_ITEM('',(#3551),#3549);
#3553=CARTESIAN_POINT('',(-7.080372496234E-1,2.519685039370E-1,
4.305669896704E-1));
#3554=DIRECTION('',(0.E0,1.E0,0.E0));
#3555=DIRECTION('',(5.122262218386E-1,0.E0,8.588505677130E-1));
#3556=AXIS2_PLACEMENT_3D('',#3553,#3554,#3555);
#3558=CURVE_STYLE('',#21,POSITIVE_LENGTH_MEASURE(2.E-2),#3);
#3559=PRESENTATION_STYLE_ASSIGNMENT((#3558));
#3560=STYLED_ITEM('',(#3559),#3557);
#3561=DIRECTION('',(0.E0,-1.E0,0.E0));
#3562=VECTOR('',#3561,2.519685039370E-1);
#3563=CARTESIAN_POINT('',(-6.904924932061E-1,2.519685039370E-1,
4.599843122653E-1));
#3564=LINE('',#3563,#3562);
#3565=CURVE_STYLE('',#21,POSITIVE_LENGTH_MEASURE(2.E-2),#3);
#3566=PRESENTATION_STYLE_ASSIGNMENT((#3565));
#3567=STYLED_ITEM('',(#3566),#3564);
#3568=CARTESIAN_POINT('',(-6.852492326676E-1,2.519685039370E-1,
4.687756960293E-1));
#3569=DIRECTION('',(0.E0,1.E0,0.E0));
#3570=DIRECTION('',(-5.122262218386E-1,0.E0,-8.588505677130E-1));
#3571=AXIS2_PLACEMENT_3D('',#3568,#3569,#3570);
#3573=CURVE_STYLE('',#21,POSITIVE_LENGTH_MEASURE(2.E-2),#3);
#3574=PRESENTATION_STYLE_ASSIGNMENT((#3573));
#3575=STYLED_ITEM('',(#3574),#3572);
#3576=DIRECTION('',(0.E0,-1.E0,0.E0));
#3577=VECTOR('',#3576,2.519685039370E-1);
#3578=CARTESIAN_POINT('',(-6.936977138860E-1,2.519685039370E-1,
4.745552612951E-1));
#3579=LINE('',#3578,#3577);
#3580=CURVE_STYLE('',#21,POSITIVE_LENGTH_MEASURE(2.E-2),#3);
#3581=PRESENTATION_STYLE_ASSIGNMENT((#3580));
#3582=STYLED_ITEM('',(#3581),#3579);
#3583=CARTESIAN_POINT('',(-6.852492326676E-1,0.E0,4.687756960293E-1));
#3584=DIRECTION('',(0.E0,1.E0,0.E0));
#3585=DIRECTION('',(-5.122262218386E-1,0.E0,-8.588505677130E-1));
#3586=AXIS2_PLACEMENT_3D('',#3583,#3584,#3585);
#3588=CURVE_STYLE('',#21,POSITIVE_LENGTH_MEASURE(2.E-2),#3);
#3589=PRESENTATION_STYLE_ASSIGNMENT((#3588));
#3590=STYLED_ITEM('',(#3589),#3587);
#3591=CARTESIAN_POINT('',(0.E0,2.519685039370E-1,0.E0));
#3592=DIRECTION('',(0.E0,-1.E0,0.E0));
#3593=DIRECTION('',(-8.084119165835E-1,0.E0,5.886171702608E-1));
#3594=AXIS2_PLACEMENT_3D('',#3591,#3592,#3593);
#3596=CURVE_STYLE('',#21,POSITIVE_LENGTH_MEASURE(2.E-2),#3);
#3597=PRESENTATION_STYLE_ASSIGNMENT((#3596));
#3598=STYLED_ITEM('',(#3597),#3595);
#3599=DIRECTION('',(0.E0,-1.E0,0.E0));
#3600=VECTOR('',#3599,2.519685039370E-1);
#3601=CARTESIAN_POINT('',(-6.794600994943E-1,2.519685039370E-1,
4.947253657018E-1));
#3602=LINE('',#3601,#3600);
#3603=CURVE_STYLE('',#21,POSITIVE_LENGTH_MEASURE(2.E-2),#3);
#3604=PRESENTATION_STYLE_ASSIGNMENT((#3603));
#3605=STYLED_ITEM('',(#3604),#3602);
#3606=CARTESIAN_POINT('',(0.E0,0.E0,0.E0));
#3607=DIRECTION('',(0.E0,1.E0,0.E0));
#3608=DIRECTION('',(-8.253516267248E-1,0.E0,5.646190682777E-1));
#3609=AXIS2_PLACEMENT_3D('',#3606,#3607,#3608);
#3611=CURVE_STYLE('',#21,POSITIVE_LENGTH_MEASURE(2.E-2),#3);
#3612=PRESENTATION_STYLE_ASSIGNMENT((#3611));
#3613=STYLED_ITEM('',(#3612),#3610);
#3614=CARTESIAN_POINT('',(-6.711850168836E-1,2.519685039370E-1,
4.887001505731E-1));
#3615=DIRECTION('',(0.E0,1.E0,0.E0));
#3616=DIRECTION('',(-8.084119165833E-1,0.E0,5.886171702610E-1));
#3617=AXIS2_PLACEMENT_3D('',#3614,#3615,#3616);
#3619=CURVE_STYLE('',#21,POSITIVE_LENGTH_MEASURE(2.E-2),#3);
#3620=PRESENTATION_STYLE_ASSIGNMENT((#3619));
#3621=STYLED_ITEM('',(#3620),#3618);
#3622=DIRECTION('',(0.E0,-1.E0,0.E0));
#3623=VECTOR('',#3622,2.519685039370E-1);
#3624=CARTESIAN_POINT('',(-6.646571005671E-1,2.519685039370E-1,
4.965847252684E-1));
#3625=LINE('',#3624,#3623);
#3626=CURVE_STYLE('',#21,POSITIVE_LENGTH_MEASURE(2.E-2),#3);
#3627=PRESENTATION_STYLE_ASSIGNMENT((#3626));
#3628=STYLED_ITEM('',(#3627),#3625);
#3629=CARTESIAN_POINT('',(-6.711850168836E-1,0.E0,4.887001505731E-1));
#3630=DIRECTION('',(0.E0,1.E0,0.E0));
#3631=DIRECTION('',(-8.084119165835E-1,0.E0,5.886171702608E-1));
#3632=AXIS2_PLACEMENT_3D('',#3629,#3630,#3631);
#3634=CURVE_STYLE('',#21,POSITIVE_LENGTH_MEASURE(2.E-2),#3);
#3635=PRESENTATION_STYLE_ASSIGNMENT((#3634));
#3636=STYLED_ITEM('',(#3635),#3633);
#3637=CARTESIAN_POINT('',(-6.428136882773E-1,0.E0,5.229677252102E-1));
#3638=DIRECTION('',(0.E0,1.E0,0.E0));
#3639=DIRECTION('',(6.244021230467E-1,0.E0,7.811030589716E-1));
#3640=AXIS2_PLACEMENT_3D('',#3637,#3638,#3639);
#3642=CURVE_STYLE('',#21,POSITIVE_LENGTH_MEASURE(2.E-2),#3);
#3643=PRESENTATION_STYLE_ASSIGNMENT((#3642));
#3644=STYLED_ITEM('',(#3643),#3641);
#3645=CARTESIAN_POINT('',(-6.428136882773E-1,2.519685039370E-1,
5.229677252102E-1));
#3646=DIRECTION('',(0.E0,1.E0,0.E0));
#3647=DIRECTION('',(6.244021230467E-1,0.E0,7.811030589716E-1));
#3648=AXIS2_PLACEMENT_3D('',#3645,#3646,#3647);
#3650=CURVE_STYLE('',#21,POSITIVE_LENGTH_MEASURE(2.E-2),#3);
#3651=PRESENTATION_STYLE_ASSIGNMENT((#3650));
#3652=STYLED_ITEM('',(#3651),#3649);
#3653=DIRECTION('',(0.E0,-1.E0,0.E0));
#3654=VECTOR('',#3653,2.519685039370E-1);
#3655=CARTESIAN_POINT('',(-6.214266864249E-1,2.519685039370E-1,
5.497220425844E-1));
#3656=LINE('',#3655,#3654);
#3657=CURVE_STYLE('',#21,POSITIVE_LENGTH_MEASURE(2.E-2),#3);
#3658=PRESENTATION_STYLE_ASSIGNMENT((#3657));
#3659=STYLED_ITEM('',(#3658),#3656);
#3660=CARTESIAN_POINT('',(-6.150351686299E-1,2.519685039370E-1,
5.577175857077E-1));
#3661=DIRECTION('',(0.E0,1.E0,0.E0));
#3662=DIRECTION('',(-6.244021230468E-1,0.E0,-7.811030589715E-1));
#3663=AXIS2_PLACEMENT_3D('',#3660,#3661,#3662);
#3665=CURVE_STYLE('',#21,POSITIVE_LENGTH_MEASURE(2.E-2),#3);
#3666=PRESENTATION_STYLE_ASSIGNMENT((#3665));
#3667=STYLED_ITEM('',(#3666),#3664);
#3668=DIRECTION('',(0.E0,-1.E0,0.E0));
#3669=VECTOR('',#3668,2.519685039370E-1);
#3670=CARTESIAN_POINT('',(-6.226179762029E-1,2.519685039370E-1,
5.645937211683E-1));
#3671=LINE('',#3670,#3669);
#3672=CURVE_STYLE('',#21,POSITIVE_LENGTH_MEASURE(2.E-2),#3);
#3673=PRESENTATION_STYLE_ASSIGNMENT((#3672));
#3674=STYLED_ITEM('',(#3673),#3671);
#3675=CARTESIAN_POINT('',(-6.150351686299E-1,0.E0,5.577175857077E-1));
#3676=DIRECTION('',(0.E0,1.E0,0.E0));
#3677=DIRECTION('',(-6.244021230468E-1,0.E0,-7.811030589715E-1));
#3678=AXIS2_PLACEMENT_3D('',#3675,#3676,#3677);
#3680=CURVE_STYLE('',#21,POSITIVE_LENGTH_MEASURE(2.E-2),#3);
#3681=PRESENTATION_STYLE_ASSIGNMENT((#3680));
#3682=STYLED_ITEM('',(#3681),#3679);
#3683=CARTESIAN_POINT('',(0.E0,2.519685039370E-1,0.E0));
#3684=DIRECTION('',(0.E0,-1.E0,0.E0));
#3685=DIRECTION('',(-7.207322966927E-1,0.E0,6.932134999437E-1));
#3686=AXIS2_PLACEMENT_3D('',#3683,#3684,#3685);
#3688=CURVE_STYLE('',#21,POSITIVE_LENGTH_MEASURE(2.E-2),#3);
#3689=PRESENTATION_STYLE_ASSIGNMENT((#3688));
#3690=STYLED_ITEM('',(#3689),#3687);
#3691=DIRECTION('',(0.E0,-1.E0,0.E0));
#3692=VECTOR('',#3691,2.519685039370E-1);
#3693=CARTESIAN_POINT('',(-6.057664761910E-1,2.519685039370E-1,
5.826372718912E-1));
#3694=LINE('',#3693,#3692);
#3695=CURVE_STYLE('',#21,POSITIVE_LENGTH_MEASURE(2.E-2),#3);
#3696=PRESENTATION_STYLE_ASSIGNMENT((#3695));
#3697=STYLED_ITEM('',(#3696),#3694);
#3698=CARTESIAN_POINT('',(0.E0,0.E0,0.E0));
#3699=DIRECTION('',(0.E0,1.E0,0.E0));
#3700=DIRECTION('',(-7.407819705912E-1,0.E0,6.717455411441E-1));
#3701=AXIS2_PLACEMENT_3D('',#3698,#3699,#3700);
#3703=CURVE_STYLE('',#21,POSITIVE_LENGTH_MEASURE(2.E-2),#3);
#3704=PRESENTATION_STYLE_ASSIGNMENT((#3703));
#3705=STYLED_ITEM('',(#3704),#3702);
#3706=CARTESIAN_POINT('',(-5.983889015004E-1,2.519685039370E-1,
5.755413856713E-1));
#3707=DIRECTION('',(0.E0,1.E0,0.E0));
#3708=DIRECTION('',(-7.207322966924E-1,0.E0,6.932134999439E-1));
#3709=AXIS2_PLACEMENT_3D('',#3706,#3707,#3708);
#3711=CURVE_STYLE('',#21,POSITIVE_LENGTH_MEASURE(2.E-2),#3);
#3712=PRESENTATION_STYLE_ASSIGNMENT((#3711));
#3713=STYLED_ITEM('',(#3712),#3710);
#3714=DIRECTION('',(0.E0,-1.E0,0.E0));
#3715=VECTOR('',#3714,2.519685039370E-1);
#3716=CARTESIAN_POINT('',(-5.908481704329E-1,2.519685039370E-1,
5.824636385219E-1));
#3717=LINE('',#3716,#3715);
#3718=CURVE_STYLE('',#21,POSITIVE_LENGTH_MEASURE(2.E-2),#3);
#3719=PRESENTATION_STYLE_ASSIGNMENT((#3718));
#3720=STYLED_ITEM('',(#3719),#3717);
#3721=CARTESIAN_POINT('',(-5.983889015004E-1,0.E0,5.755413856713E-1));
#3722=DIRECTION('',(0.E0,1.E0,0.E0));
#3723=DIRECTION('',(-7.207322966927E-1,0.E0,6.932134999437E-1));
#3724=AXIS2_PLACEMENT_3D('',#3721,#3722,#3723);
#3726=CURVE_STYLE('',#21,POSITIVE_LENGTH_MEASURE(2.E-2),#3);
#3727=PRESENTATION_STYLE_ASSIGNMENT((#3726));
#3728=STYLED_ITEM('',(#3727),#3725);
#3729=CARTESIAN_POINT('',(-5.656157241687E-1,0.E0,6.056265615222E-1));
#3730=DIRECTION('',(0.E0,1.E0,0.E0));
#3731=DIRECTION('',(7.249465941166E-1,0.E0,6.888050781453E-1));
#3732=AXIS2_PLACEMENT_3D('',#3729,#3730,#3731);
#3734=CURVE_STYLE('',#21,POSITIVE_LENGTH_MEASURE(2.E-2),#3);
#3735=PRESENTATION_STYLE_ASSIGNMENT((#3734));
#3736=STYLED_ITEM('',(#3735),#3733);
#3737=CARTESIAN_POINT('',(-5.656157241687E-1,2.519685039370E-1,
6.056265615222E-1));
#3738=DIRECTION('',(0.E0,1.E0,0.E0));
#3739=DIRECTION('',(7.249465941166E-1,0.E0,6.888050781453E-1));
#3740=AXIS2_PLACEMENT_3D('',#3737,#3738,#3739);
#3742=CURVE_STYLE('',#21,POSITIVE_LENGTH_MEASURE(2.E-2),#3);
#3743=PRESENTATION_STYLE_ASSIGNMENT((#3742));
#3744=STYLED_ITEM('',(#3743),#3741);
#3745=DIRECTION('',(0.E0,-1.E0,0.E0));
#3746=VECTOR('',#3745,2.519685039370E-1);
#3747=CARTESIAN_POINT('',(-5.407848762600E-1,2.519685039370E-1,
6.292194913642E-1));
#3748=LINE('',#3747,#3746);
#3749=CURVE_STYLE('',#21,POSITIVE_LENGTH_MEASURE(2.E-2),#3);
#3750=PRESENTATION_STYLE_ASSIGNMENT((#3749));
#3751=STYLED_ITEM('',(#3750),#3748);
#3752=CARTESIAN_POINT('',(-5.333641630919E-1,2.519685039370E-1,
6.362702520066E-1));
#3753=DIRECTION('',(0.E0,1.E0,0.E0));
#3754=DIRECTION('',(-7.249465941166E-1,0.E0,-6.888050781452E-1));
#3755=AXIS2_PLACEMENT_3D('',#3752,#3753,#3754);
#3757=CURVE_STYLE('',#21,POSITIVE_LENGTH_MEASURE(2.E-2),#3);
#3758=PRESENTATION_STYLE_ASSIGNMENT((#3757));
#3759=STYLED_ITEM('',(#3758),#3756);
#3760=DIRECTION('',(0.E0,-1.E0,0.E0));
#3761=VECTOR('',#3760,2.519685039370E-1);
#3762=CARTESIAN_POINT('',(-5.399400436615E-1,2.519685039370E-1,
6.441148682684E-1));
#3763=LINE('',#3762,#3761);
#3764=CURVE_STYLE('',#21,POSITIVE_LENGTH_MEASURE(2.E-2),#3);
#3765=PRESENTATION_STYLE_ASSIGNMENT((#3764));
#3766=STYLED_ITEM('',(#3765),#3763);
#3767=CARTESIAN_POINT('',(-5.333641630919E-1,0.E0,6.362702520066E-1));
#3768=DIRECTION('',(0.E0,1.E0,0.E0));
#3769=DIRECTION('',(-7.249465941166E-1,0.E0,-6.888050781452E-1));
#3770=AXIS2_PLACEMENT_3D('',#3767,#3768,#3769);
#3772=CURVE_STYLE('',#21,POSITIVE_LENGTH_MEASURE(2.E-2),#3);
#3773=PRESENTATION_STYLE_ASSIGNMENT((#3772));
#3774=STYLED_ITEM('',(#3773),#3771);
#3775=CARTESIAN_POINT('',(0.E0,2.519685039370E-1,0.E0));
#3776=DIRECTION('',(0.E0,-1.E0,0.E0));
#3777=DIRECTION('',(-6.196267977923E-1,0.E0,7.848965737329E-1));
#3778=AXIS2_PLACEMENT_3D('',#3775,#3776,#3777);
#3780=CURVE_STYLE('',#21,POSITIVE_LENGTH_MEASURE(2.E-2),#3);
#3781=PRESENTATION_STYLE_ASSIGNMENT((#3780));
#3782=STYLED_ITEM('',(#3781),#3779);
#3783=DIRECTION('',(0.E0,-1.E0,0.E0));
#3784=VECTOR('',#3783,2.519685039370E-1);
#3785=CARTESIAN_POINT('',(-5.207885695903E-1,2.519685039370E-1,
6.596957480973E-1));
#3786=LINE('',#3785,#3784);
#3787=CURVE_STYLE('',#21,POSITIVE_LENGTH_MEASURE(2.E-2),#3);
#3788=PRESENTATION_STYLE_ASSIGNMENT((#3787));
#3789=STYLED_ITEM('',(#3788),#3786);
#3790=CARTESIAN_POINT('',(0.E0,0.E0,0.E0));
#3791=DIRECTION('',(0.E0,1.E0,0.E0));
#3792=DIRECTION('',(-6.424129479589E-1,0.E0,7.663586655704E-1));
#3793=AXIS2_PLACEMENT_3D('',#3790,#3791,#3792);
#3795=CURVE_STYLE('',#21,POSITIVE_LENGTH_MEASURE(2.E-2),#3);
#3796=PRESENTATION_STYLE_ASSIGNMENT((#3795));
#3797=STYLED_ITEM('',(#3796),#3794);
#3798=CARTESIAN_POINT('',(-5.144459330775E-1,2.519685039370E-1,
6.516613737205E-1));
#3799=DIRECTION('',(0.E0,1.E0,0.E0));
#3800=DIRECTION('',(-6.196267977920E-1,0.E0,7.848965737332E-1));
#3801=AXIS2_PLACEMENT_3D('',#3798,#3799,#3800);
#3803=CURVE_STYLE('',#21,POSITIVE_LENGTH_MEASURE(2.E-2),#3);
#3804=PRESENTATION_STYLE_ASSIGNMENT((#3803));
#3805=STYLED_ITEM('',(#3804),#3802);
#3806=DIRECTION('',(0.E0,-1.E0,0.E0));
#3807=VECTOR('',#3806,2.519685039370E-1);
#3808=CARTESIAN_POINT('',(-5.060328568112E-1,2.519685039370E-1,
6.574923562534E-1));
#3809=LINE('',#3808,#3807);
#3810=CURVE_STYLE('',#21,POSITIVE_LENGTH_MEASURE(2.E-2),#3);
#3811=PRESENTATION_STYLE_ASSIGNMENT((#3810));
#3812=STYLED_ITEM('',(#3811),#3809);
#3813=CARTESIAN_POINT('',(-5.144459330775E-1,0.E0,6.516613737205E-1));
#3814=DIRECTION('',(0.E0,1.E0,0.E0));
#3815=DIRECTION('',(-6.196267977923E-1,0.E0,7.848965737329E-1));
#3816=AXIS2_PLACEMENT_3D('',#3813,#3814,#3815);
#3818=CURVE_STYLE('',#21,POSITIVE_LENGTH_MEASURE(2.E-2),#3);
#3819=PRESENTATION_STYLE_ASSIGNMENT((#3818));
#3820=STYLED_ITEM('',(#3819),#3817);
#3821=CARTESIAN_POINT('',(-4.778814093049E-1,0.E0,6.770037208826E-1));
#3822=DIRECTION('',(0.E0,1.E0,0.E0));
#3823=DIRECTION('',(8.119866817897E-1,0.E0,5.836759619824E-1));
#3824=AXIS2_PLACEMENT_3D('',#3821,#3822,#3823);
#3826=CURVE_STYLE('',#21,POSITIVE_LENGTH_MEASURE(2.E-2),#3);
#3827=PRESENTATION_STYLE_ASSIGNMENT((#3826));
#3828=STYLED_ITEM('',(#3827),#3825);
#3829=CARTESIAN_POINT('',(-4.778814093049E-1,2.519685039370E-1,
6.770037208826E-1));
#3830=DIRECTION('',(0.E0,1.E0,0.E0));
#3831=DIRECTION('',(8.119866817897E-1,0.E0,5.836759619824E-1));
#3832=AXIS2_PLACEMENT_3D('',#3829,#3830,#3831);
#3834=CURVE_STYLE('',#21,POSITIVE_LENGTH_MEASURE(2.E-2),#3);
#3835=PRESENTATION_STYLE_ASSIGNMENT((#3834));
#3836=STYLED_ITEM('',(#3835),#3833);
#3837=DIRECTION('',(0.E0,-1.E0,0.E0));
#3838=VECTOR('',#3837,2.519685039370E-1);
#3839=CARTESIAN_POINT('',(-4.500692670546E-1,2.519685039370E-1,
6.969957715489E-1));
#3840=LINE('',#3839,#3838);
#3841=CURVE_STYLE('',#21,POSITIVE_LENGTH_MEASURE(2.E-2),#3);
#3842=PRESENTATION_STYLE_ASSIGNMENT((#3841));
#3843=STYLED_ITEM('',(#3842),#3840);
#3844=CARTESIAN_POINT('',(-4.417575923592E-1,2.519685039370E-1,
7.029704073802E-1));
#3845=DIRECTION('',(0.E0,1.E0,0.E0));
#3846=DIRECTION('',(-8.119866817897E-1,0.E0,-5.836759619824E-1));
#3847=AXIS2_PLACEMENT_3D('',#3844,#3845,#3846);
#3849=CURVE_STYLE('',#21,POSITIVE_LENGTH_MEASURE(2.E-2),#3);
#3850=PRESENTATION_STYLE_ASSIGNMENT((#3849));
#3851=STYLED_ITEM('',(#3850),#3848);
#3852=DIRECTION('',(0.E0,-1.E0,0.E0));
#3853=VECTOR('',#3852,2.519685039370E-1);
#3854=CARTESIAN_POINT('',(-4.472040497125E-1,2.519685039370E-1,
7.116373740848E-1));
#3855=LINE('',#3854,#3853);
#3856=CURVE_STYLE('',#21,POSITIVE_LENGTH_MEASURE(2.E-2),#3);
#3857=PRESENTATION_STYLE_ASSIGNMENT((#3856));
#3858=STYLED_ITEM('',(#3857),#3855);
#3859=CARTESIAN_POINT('',(-4.417575923592E-1,0.E0,7.029704073802E-1));
#3860=DIRECTION('',(0.E0,1.E0,0.E0));
#3861=DIRECTION('',(-8.119866817897E-1,0.E0,-5.836759619824E-1));
#3862=AXIS2_PLACEMENT_3D('',#3859,#3860,#3861);
#3864=CURVE_STYLE('',#21,POSITIVE_LENGTH_MEASURE(2.E-2),#3);
#3865=PRESENTATION_STYLE_ASSIGNMENT((#3864));
#3866=STYLED_ITEM('',(#3865),#3863);
#3867=CARTESIAN_POINT('',(0.E0,2.519685039370E-1,0.E0));
#3868=DIRECTION('',(0.E0,-1.E0,0.E0));
#3869=DIRECTION('',(-5.069788240280E-1,0.E0,8.619585094349E-1));
#3870=AXIS2_PLACEMENT_3D('',#3867,#3868,#3869);
#3872=CURVE_STYLE('',#21,POSITIVE_LENGTH_MEASURE(2.E-2),#3);
#3873=PRESENTATION_STYLE_ASSIGNMENT((#3872));
#3874=STYLED_ITEM('',(#3873),#3871);
#3875=DIRECTION('',(0.E0,-1.E0,0.E0));
#3876=VECTOR('',#3875,2.519685039370E-1);
#3877=CARTESIAN_POINT('',(-4.261093573081E-1,2.519685039370E-1,
7.244653407087E-1));
#3878=LINE('',#3877,#3876);
#3879=CURVE_STYLE('',#21,POSITIVE_LENGTH_MEASURE(2.E-2),#3);
#3880=PRESENTATION_STYLE_ASSIGNMENT((#3879));
#3881=STYLED_ITEM('',(#3880),#3878);
#3882=CARTESIAN_POINT('',(0.E0,0.E0,0.E0));
#3883=DIRECTION('',(0.E0,1.E0,0.E0));
#3884=DIRECTION('',(-5.320769875980E-1,0.E0,8.466959780633E-1));
#3885=AXIS2_PLACEMENT_3D('',#3882,#3883,#3884);
#3887=CURVE_STYLE('',#21,POSITIVE_LENGTH_MEASURE(2.E-2),#3);
#3888=PRESENTATION_STYLE_ASSIGNMENT((#3887));
#3889=STYLED_ITEM('',(#3888),#3886);
#3890=CARTESIAN_POINT('',(-4.209198102904E-1,2.519685039370E-1,
7.156421433680E-1));
#3891=DIRECTION('',(0.E0,1.E0,0.E0));
#3892=DIRECTION('',(-5.069788240276E-1,0.E0,8.619585094351E-1));
#3893=AXIS2_PLACEMENT_3D('',#3890,#3891,#3892);
#3895=CURVE_STYLE('',#21,POSITIVE_LENGTH_MEASURE(2.E-2),#3);
#3896=PRESENTATION_STYLE_ASSIGNMENT((#3895));
#3897=STYLED_ITEM('',(#3896),#3894);
#3898=DIRECTION('',(0.E0,-1.E0,0.E0));
#3899=VECTOR('',#3898,2.519685039370E-1);
#3900=CARTESIAN_POINT('',(-4.117911085181E-1,2.519685039370E-1,
7.202732354111E-1));
#3901=LINE('',#3900,#3899);
#3902=CURVE_STYLE('',#21,POSITIVE_LENGTH_MEASURE(2.E-2),#3);
#3903=PRESENTATION_STYLE_ASSIGNMENT((#3902));
#3904=STYLED_ITEM('',(#3903),#3901);
#3905=CARTESIAN_POINT('',(-4.209198102904E-1,0.E0,7.156421433680E-1));
#3906=DIRECTION('',(0.E0,1.E0,0.E0));
#3907=DIRECTION('',(-5.069788240280E-1,0.E0,8.619585094349E-1));
#3908=AXIS2_PLACEMENT_3D('',#3905,#3906,#3907);
#3910=CURVE_STYLE('',#21,POSITIVE_LENGTH_MEASURE(2.E-2),#3);
#3911=PRESENTATION_STYLE_ASSIGNMENT((#3910));
#3912=STYLED_ITEM('',(#3911),#3909);
#3913=CARTESIAN_POINT('',(-3.812450679722E-1,0.E0,7.357695818631E-1));
#3914=DIRECTION('',(0.E0,1.E0,0.E0));
#3915=DIRECTION('',(8.839009939189E-1,0.E0,4.676740670051E-1));
#3916=AXIS2_PLACEMENT_3D('',#3913,#3914,#3915);
#3918=CURVE_STYLE('',#21,POSITIVE_LENGTH_MEASURE(2.E-2),#3);
#3919=PRESENTATION_STYLE_ASSIGNMENT((#3918));
#3920=STYLED_ITEM('',(#3919),#3917);
#3921=CARTESIAN_POINT('',(-3.812450679722E-1,2.519685039370E-1,
7.357695818631E-1));
#3922=DIRECTION('',(0.E0,1.E0,0.E0));
#3923=DIRECTION('',(8.839009939189E-1,0.E0,4.676740670051E-1));
#3924=AXIS2_PLACEMENT_3D('',#3921,#3922,#3923);
#3926=CURVE_STYLE('',#21,POSITIVE_LENGTH_MEASURE(2.E-2),#3);
#3927=PRESENTATION_STYLE_ASSIGNMENT((#3926));
#3928=STYLED_ITEM('',(#3927),#3925);
#3929=DIRECTION('',(0.E0,-1.E0,0.E0));
#3930=VECTOR('',#3929,2.519685039370E-1);
#3931=CARTESIAN_POINT('',(-3.509697189678E-1,2.519685039370E-1,
7.517883392763E-1));
#3932=LINE('',#3931,#3930);
#3933=CURVE_STYLE('',#21,POSITIVE_LENGTH_MEASURE(2.E-2),#3);
#3934=PRESENTATION_STYLE_ASSIGNMENT((#3933));
#3935=STYLED_ITEM('',(#3934),#3932);
#3936=CARTESIAN_POINT('',(-3.419219135183E-1,2.519685039370E-1,
7.565755541354E-1));
#3937=DIRECTION('',(0.E0,1.E0,0.E0));
#3938=DIRECTION('',(-8.839009939189E-1,0.E0,-4.676740670051E-1));
#3939=AXIS2_PLACEMENT_3D('',#3936,#3937,#3938);
#3941=CURVE_STYLE('',#21,POSITIVE_LENGTH_MEASURE(2.E-2),#3);
#3942=PRESENTATION_STYLE_ASSIGNMENT((#3941));
#3943=STYLED_ITEM('',(#3942),#3940);
#3944=DIRECTION('',(0.E0,-1.E0,0.E0));
#3945=VECTOR('',#3944,2.519685039370E-1);
#3946=CARTESIAN_POINT('',(-3.461374904600E-1,2.519685039370E-1,
7.659034220916E-1));
#3947=LINE('',#3946,#3945);
#3948=CURVE_STYLE('',#21,POSITIVE_LENGTH_MEASURE(2.E-2),#3);
#3949=PRESENTATION_STYLE_ASSIGNMENT((#3948));
#3950=STYLED_ITEM('',(#3949),#3947);
#3951=CARTESIAN_POINT('',(-3.419219135183E-1,0.E0,7.565755541354E-1));
#3952=DIRECTION('',(0.E0,1.E0,0.E0));
#3953=DIRECTION('',(-8.839009939189E-1,0.E0,-4.676740670051E-1));
#3954=AXIS2_PLACEMENT_3D('',#3951,#3952,#3953);
#3956=CURVE_STYLE('',#21,POSITIVE_LENGTH_MEASURE(2.E-2),#3);
#3957=PRESENTATION_STYLE_ASSIGNMENT((#3956));
#3958=STYLED_ITEM('',(#3957),#3955);
#3959=CARTESIAN_POINT('',(0.E0,2.519685039370E-1,0.E0));
#3960=DIRECTION('',(0.E0,-1.E0,0.E0));
#3961=DIRECTION('',(-3.848867940128E-1,0.E0,9.229637889942E-1));
#3962=AXIS2_PLACEMENT_3D('',#3959,#3960,#3961);
#3964=CURVE_STYLE('',#21,POSITIVE_LENGTH_MEASURE(2.E-2),#3);
#3965=PRESENTATION_STYLE_ASSIGNMENT((#3964));
#3966=STYLED_ITEM('',(#3965),#3963);
#3967=DIRECTION('',(0.E0,-1.E0,0.E0));
#3968=VECTOR('',#3967,2.519685039370E-1);
#3969=CARTESIAN_POINT('',(-3.234925339290E-1,2.519685039370E-1,
7.757395147637E-1));
#3970=LINE('',#3969,#3968);
#3971=CURVE_STYLE('',#21,POSITIVE_LENGTH_MEASURE(2.E-2),#3);
#3972=PRESENTATION_STYLE_ASSIGNMENT((#3971));
#3973=STYLED_ITEM('',(#3972),#3970);
#3974=CARTESIAN_POINT('',(0.E0,0.E0,0.E0));
#3975=DIRECTION('',(0.E0,1.E0,0.E0));
#3976=DIRECTION('',(-4.118294396866E-1,0.E0,9.112609464953E-1));
#3977=AXIS2_PLACEMENT_3D('',#3974,#3975,#3976);
#3979=CURVE_STYLE('',#21,POSITIVE_LENGTH_MEASURE(2.E-2),#3);
#3980=PRESENTATION_STYLE_ASSIGNMENT((#3979));
#3981=STYLED_ITEM('',(#3980),#3978);
#3982=CARTESIAN_POINT('',(-3.195527478486E-1,2.519685039370E-1,
7.662918539315E-1));
#3983=DIRECTION('',(0.E0,1.E0,0.E0));
#3984=DIRECTION('',(-3.848867940124E-1,0.E0,9.229637889944E-1));
#3985=AXIS2_PLACEMENT_3D('',#3982,#3983,#3984);
#3987=CURVE_STYLE('',#21,POSITIVE_LENGTH_MEASURE(2.E-2),#3);
#3988=PRESENTATION_STYLE_ASSIGNMENT((#3987));
#3989=STYLED_ITEM('',(#3988),#3986);
#3990=DIRECTION('',(0.E0,-1.E0,0.E0));
#3991=VECTOR('',#3990,2.519685039370E-1);
#3992=CARTESIAN_POINT('',(-3.098784710120E-1,2.519685039370E-1,
7.696367870024E-1));
#3993=LINE('',#3992,#3991);
#3994=CURVE_STYLE('',#21,POSITIVE_LENGTH_MEASURE(2.E-2),#3);
#3995=PRESENTATION_STYLE_ASSIGNMENT((#3994));
#3996=STYLED_ITEM('',(#3995),#3993);
#3997=CARTESIAN_POINT('',(-3.195527478486E-1,0.E0,7.662918539315E-1));
#3998=DIRECTION('',(0.E0,1.E0,0.E0));
#3999=DIRECTION('',(-3.848867940128E-1,0.E0,9.229637889942E-1));
#4000=AXIS2_PLACEMENT_3D('',#3997,#3998,#3999);
#4002=CURVE_STYLE('',#21,POSITIVE_LENGTH_MEASURE(2.E-2),#3);
#4003=PRESENTATION_STYLE_ASSIGNMENT((#4002));
#4004=STYLED_ITEM('',(#4003),#4001);
#4005=CARTESIAN_POINT('',(-2.775068523664E-1,0.E0,7.808294476631E-1));
#4006=DIRECTION('',(0.E0,1.E0,0.E0));
#4007=DIRECTION('',(9.393499029364E-1,0.E0,3.429602890328E-1));
#4008=AXIS2_PLACEMENT_3D('',#4005,#4006,#4007);
#4010=CURVE_STYLE('',#21,POSITIVE_LENGTH_MEASURE(2.E-2),#3);
#4011=PRESENTATION_STYLE_ASSIGNMENT((#4010));
#4012=STYLED_ITEM('',(#4011),#4009);
#4013=CARTESIAN_POINT('',(-2.775068523664E-1,2.519685039370E-1,
7.808294476631E-1));
#4014=DIRECTION('',(0.E0,1.E0,0.E0));
#4015=DIRECTION('',(9.393499029364E-1,0.E0,3.429602890328E-1));
#4016=AXIS2_PLACEMENT_3D('',#4013,#4014,#4015);
#4018=CURVE_STYLE('',#21,POSITIVE_LENGTH_MEASURE(2.E-2),#3);
#4019=PRESENTATION_STYLE_ASSIGNMENT((#4018));
#4020=STYLED_ITEM('',(#4019),#4017);
#4021=DIRECTION('',(0.E0,-1.E0,0.E0));
#4022=VECTOR('',#4021,2.519685039370E-1);
#4023=CARTESIAN_POINT('',(-2.453322690769E-1,2.519685039370E-1,
7.925765126811E-1));
#4024=LINE('',#4023,#4022);
#4025=CURVE_STYLE('',#21,POSITIVE_LENGTH_MEASURE(2.E-2),#3);
#4026=PRESENTATION_STYLE_ASSIGNMENT((#4025));
#4027=STYLED_ITEM('',(#4026),#4024);
#4028=CARTESIAN_POINT('',(-2.357168763697E-1,2.519685039370E-1,
7.960871298129E-1));
#4029=DIRECTION('',(0.E0,1.E0,0.E0));
#4030=DIRECTION('',(-9.393499029363E-1,0.E0,-3.429602890329E-1));
#4031=AXIS2_PLACEMENT_3D('',#4028,#4029,#4030);
#4033=CURVE_STYLE('',#21,POSITIVE_LENGTH_MEASURE(2.E-2),#3);
#4034=PRESENTATION_STYLE_ASSIGNMENT((#4033));
#4035=STYLED_ITEM('',(#4034),#4032);
#4036=DIRECTION('',(0.E0,-1.E0,0.E0));
#4037=VECTOR('',#4036,2.519685039370E-1);
#4038=CARTESIAN_POINT('',(-2.386230446774E-1,2.519685039370E-1,
8.059021384898E-1));
#4039=LINE('',#4038,#4037);
#4040=CURVE_STYLE('',#21,POSITIVE_LENGTH_MEASURE(2.E-2),#3);
#4041=PRESENTATION_STYLE_ASSIGNMENT((#4040));
#4042=STYLED_ITEM('',(#4041),#4039);
#4043=CARTESIAN_POINT('',(-2.357168763697E-1,0.E0,7.960871298129E-1));
#4044=DIRECTION('',(0.E0,1.E0,0.E0));
#4045=DIRECTION('',(-9.393499029363E-1,0.E0,-3.429602890329E-1));
#4046=AXIS2_PLACEMENT_3D('',#4043,#4044,#4045);
#4048=CURVE_STYLE('',#21,POSITIVE_LENGTH_MEASURE(2.E-2),#3);
#4049=PRESENTATION_STYLE_ASSIGNMENT((#4048));
#4050=STYLED_ITEM('',(#4049),#4047);
#4051=CARTESIAN_POINT('',(0.E0,2.519685039370E-1,0.E0));
#4052=DIRECTION('',(0.E0,-1.E0,0.E0));
#4053=DIRECTION('',(-2.556250512590E-1,0.E0,9.667759994791E-1));
#4054=AXIS2_PLACEMENT_3D('',#4051,#4052,#4053);
#4056=CURVE_STYLE('',#21,POSITIVE_LENGTH_MEASURE(2.E-2),#3);
#4057=PRESENTATION_STYLE_ASSIGNMENT((#4056));
#4058=STYLED_ITEM('',(#4057),#4055);
#4059=DIRECTION('',(0.E0,-1.E0,0.E0));
#4060=VECTOR('',#4059,2.519685039370E-1);
#4061=CARTESIAN_POINT('',(-2.148496567142E-1,2.519685039370E-1,
8.125631294142E-1));
#4062=LINE('',#4061,#4060);
#4063=CURVE_STYLE('',#21,POSITIVE_LENGTH_MEASURE(2.E-2),#3);
#4064=PRESENTATION_STYLE_ASSIGNMENT((#4063));
#4065=STYLED_ITEM('',(#4064),#4062);
#4066=CARTESIAN_POINT('',(0.E0,0.E0,0.E0));
#4067=DIRECTION('',(0.E0,1.E0,0.E0));
#4068=DIRECTION('',(-2.839102885250E-1,0.E0,9.588508476659E-1));
#4069=AXIS2_PLACEMENT_3D('',#4066,#4067,#4068);
#4071=CURVE_STYLE('',#21,POSITIVE_LENGTH_MEASURE(2.E-2),#3);
#4072=PRESENTATION_STYLE_ASSIGNMENT((#4071));
#4073=STYLED_ITEM('',(#4072),#4070);
#4074=CARTESIAN_POINT('',(-2.122330223313E-1,2.519685039370E-1,
8.026669971361E-1));
#4075=DIRECTION('',(0.E0,1.E0,0.E0));
#4076=DIRECTION('',(-2.556250512584E-1,0.E0,9.667759994793E-1));
#4077=AXIS2_PLACEMENT_3D('',#4074,#4075,#4076);
#4079=CURVE_STYLE('',#21,POSITIVE_LENGTH_MEASURE(2.E-2),#3);
#4080=PRESENTATION_STYLE_ASSIGNMENT((#4079));
#4081=STYLED_ITEM('',(#4080),#4078);
#4082=DIRECTION('',(0.E0,-1.E0,0.E0));
#4083=VECTOR('',#4082,2.519685039370E-1);
#4084=CARTESIAN_POINT('',(-2.021933839034E-1,2.519685039370E-1,
8.046634614606E-1));
#4085=LINE('',#4084,#4083);
#4086=CURVE_STYLE('',#21,POSITIVE_LENGTH_MEASURE(2.E-2),#3);
#4087=PRESENTATION_STYLE_ASSIGNMENT((#4086));
#4088=STYLED_ITEM('',(#4087),#4085);
#4089=CARTESIAN_POINT('',(-2.122330223313E-1,0.E0,8.026669971361E-1));
#4090=DIRECTION('',(0.E0,1.E0,0.E0));
#4091=DIRECTION('',(-2.556250512590E-1,0.E0,9.667759994791E-1));
#4092=AXIS2_PLACEMENT_3D('',#4089,#4090,#4091);
#4094=CURVE_STYLE('',#21,POSITIVE_LENGTH_MEASURE(2.E-2),#3);
#4095=PRESENTATION_STYLE_ASSIGNMENT((#4094));
#4096=STYLED_ITEM('',(#4095),#4093);
#4097=CARTESIAN_POINT('',(-1.685992091643E-1,0.E0,8.113439382391E-1));
#4098=DIRECTION('',(0.E0,1.E0,0.E0));
#4099=DIRECTION('',(9.773005005803E-1,0.E0,2.118578097816E-1));
#4100=AXIS2_PLACEMENT_3D('',#4097,#4098,#4099);
#4102=CURVE_STYLE('',#21,POSITIVE_LENGTH_MEASURE(2.E-2),#3);
#4103=PRESENTATION_STYLE_ASSIGNMENT((#4102));
#4104=STYLED_ITEM('',(#4103),#4101);
#4105=CARTESIAN_POINT('',(-1.685992091643E-1,2.519685039370E-1,
8.113439382391E-1));
#4106=DIRECTION('',(0.E0,1.E0,0.E0));
#4107=DIRECTION('',(9.773005005803E-1,0.E0,2.118578097816E-1));
#4108=AXIS2_PLACEMENT_3D('',#4105,#4106,#4107);
#4110=CURVE_STYLE('',#21,POSITIVE_LENGTH_MEASURE(2.E-2),#3);
#4111=PRESENTATION_STYLE_ASSIGNMENT((#4110));
#4112=STYLED_ITEM('',(#4111),#4109);
#4113=DIRECTION('',(0.E0,-1.E0,0.E0));
#4114=VECTOR('',#4113,2.519685039370E-1);
#4115=CARTESIAN_POINT('',(-1.351247431995E-1,2.519685039370E-1,
8.186004852670E-1));
#4116=LINE('',#4115,#4114);
#4117=CURVE_STYLE('',#21,POSITIVE_LENGTH_MEASURE(2.E-2),#3);
#4118=PRESENTATION_STYLE_ASSIGNMENT((#4117));
#4119=STYLED_ITEM('',(#4118),#4116);
#4120=CARTESIAN_POINT('',(-1.251208798077E-1,2.519685039370E-1,
8.207691085168E-1));
#4121=DIRECTION('',(0.E0,1.E0,0.E0));
#4122=DIRECTION('',(-9.773005005803E-1,0.E0,-2.118578097817E-1));
#4123=AXIS2_PLACEMENT_3D('',#4120,#4121,#4122);
#4125=CURVE_STYLE('',#21,POSITIVE_LENGTH_MEASURE(2.E-2),#3);
#4126=PRESENTATION_STYLE_ASSIGNMENT((#4125));
#4127=STYLED_ITEM('',(#4126),#4124);
#4128=DIRECTION('',(0.E0,-1.E0,0.E0));
#4129=VECTOR('',#4128,2.519685039370E-1);
#4130=CARTESIAN_POINT('',(-1.266635030646E-1,2.519685039370E-1,
8.308884228734E-1));
#4131=LINE('',#4130,#4129);
#4132=CURVE_STYLE('',#21,POSITIVE_LENGTH_MEASURE(2.E-2),#3);
#4133=PRESENTATION_STYLE_ASSIGNMENT((#4132));
#4134=STYLED_ITEM('',(#4133),#4131);
#4135=CARTESIAN_POINT('',(-1.251208798077E-1,0.E0,8.207691085168E-1));
#4136=DIRECTION('',(0.E0,1.E0,0.E0));
#4137=DIRECTION('',(-9.773005005803E-1,0.E0,-2.118578097817E-1));
#4138=AXIS2_PLACEMENT_3D('',#4135,#4136,#4137);
#4140=CURVE_STYLE('',#21,POSITIVE_LENGTH_MEASURE(2.E-2),#3);
#4141=PRESENTATION_STYLE_ASSIGNMENT((#4140));
#4142=STYLED_ITEM('',(#4141),#4139);
#4143=CARTESIAN_POINT('',(0.E0,2.519685039370E-1,0.E0));
#4144=DIRECTION('',(0.E0,-1.E0,0.E0));
#4145=DIRECTION('',(-1.216014974613E-1,0.E0,9.925790023042E-1));
#4146=AXIS2_PLACEMENT_3D('',#4143,#4144,#4145);
#4148=CURVE_STYLE('',#21,POSITIVE_LENGTH_MEASURE(2.E-2),#3);
#4149=PRESENTATION_STYLE_ASSIGNMENT((#4148));
#4150=STYLED_ITEM('',(#4149),#4147);
#4151=DIRECTION('',(0.E0,-1.E0,0.E0));
#4152=VECTOR('',#4151,2.519685039370E-1);
#4153=CARTESIAN_POINT('',(-1.022045369060E-1,2.519685039370E-1,
8.342502303922E-1));
#4154=LINE('',#4153,#4152);
#4155=CURVE_STYLE('',#21,POSITIVE_LENGTH_MEASURE(2.E-2),#3);
#4156=PRESENTATION_STYLE_ASSIGNMENT((#4155));
#4157=STYLED_ITEM('',(#4156),#4154);
#4158=CARTESIAN_POINT('',(0.E0,0.E0,0.E0));
#4159=DIRECTION('',(0.E0,1.E0,0.E0));
#4160=DIRECTION('',(-1.507024258671E-1,0.E0,9.885791717600E-1));
#4161=AXIS2_PLACEMENT_3D('',#4158,#4159,#4160);
#4163=CURVE_STYLE('',#21,POSITIVE_LENGTH_MEASURE(2.E-2),#3);
#4164=PRESENTATION_STYLE_ASSIGNMENT((#4163));
#4165=STYLED_ITEM('',(#4164),#4162);
#4166=CARTESIAN_POINT('',(-1.009597971682E-1,2.519685039370E-1,
8.240899728883E-1));
#4167=DIRECTION('',(0.E0,1.E0,0.E0));
#4168=DIRECTION('',(-1.216014974609E-1,0.E0,9.925790023042E-1));
#4169=AXIS2_PLACEMENT_3D('',#4166,#4167,#4168);
#4171=CURVE_STYLE('',#21,POSITIVE_LENGTH_MEASURE(2.E-2),#3);
#4172=PRESENTATION_STYLE_ASSIGNMENT((#4171));
#4173=STYLED_ITEM('',(#4172),#4170);
#4174=DIRECTION('',(0.E0,-1.E0,0.E0));
#4175=VECTOR('',#4174,2.519685039370E-1);
#4176=CARTESIAN_POINT('',(-9.074181661739E-2,2.519685039370E-1,
8.247007781136E-1));
#4177=LINE('',#4176,#4175);
#4178=CURVE_STYLE('',#21,POSITIVE_LENGTH_MEASURE(2.E-2),#3);
#4179=PRESENTATION_STYLE_ASSIGNMENT((#4178));
#4180=STYLED_ITEM('',(#4179),#4177);
#4181=CARTESIAN_POINT('',(-1.009597971682E-1,0.E0,8.240899728883E-1));
#4182=DIRECTION('',(0.E0,1.E0,0.E0));
#4183=DIRECTION('',(-1.216014974613E-1,0.E0,9.925790023042E-1));
#4184=AXIS2_PLACEMENT_3D('',#4181,#4182,#4183);
#4186=CURVE_STYLE('',#21,POSITIVE_LENGTH_MEASURE(2.E-2),#3);
#4187=PRESENTATION_STYLE_ASSIGNMENT((#4186));
#4188=STYLED_ITEM('',(#4187),#4185);
#4189=CARTESIAN_POINT('',(-5.655088169730E-2,0.E0,8.267446263674E-1));
#4190=DIRECTION('',(0.E0,1.E0,0.E0));
#4191=DIRECTION('',(9.970458390220E-1,0.E0,7.680882038461E-2));
#4192=AXIS2_PLACEMENT_3D('',#4189,#4190,#4191);
#4194=CURVE_STYLE('',#21,POSITIVE_LENGTH_MEASURE(2.E-2),#3);
#4195=PRESENTATION_STYLE_ASSIGNMENT((#4194));
#4196=STYLED_ITEM('',(#4195),#4193);
#4197=CARTESIAN_POINT('',(-5.655088169730E-2,2.519685039370E-1,
8.267446263674E-1));
#4198=DIRECTION('',(0.E0,1.E0,0.E0));
#4199=DIRECTION('',(9.970458390220E-1,0.E0,7.680882038461E-2));
#4200=AXIS2_PLACEMENT_3D('',#4197,#4198,#4199);
#4202=CURVE_STYLE('',#21,POSITIVE_LENGTH_MEASURE(2.E-2),#3);
#4203=PRESENTATION_STYLE_ASSIGNMENT((#4202));
#4204=STYLED_ITEM('',(#4203),#4201);
#4205=DIRECTION('',(0.E0,-1.E0,0.E0));
#4206=VECTOR('',#4205,2.519685039370E-1);
#4207=CARTESIAN_POINT('',(-2.240009902214E-2,2.519685039370E-1,
8.293754796640E-1));
#4208=LINE('',#4207,#4206);
#4209=CURVE_STYLE('',#21,POSITIVE_LENGTH_MEASURE(2.E-2),#3);
#4210=PRESENTATION_STYLE_ASSIGNMENT((#4209));
#4211=STYLED_ITEM('',(#4210),#4208);
#4212=CARTESIAN_POINT('',(-1.219411799278E-2,2.519685039370E-1,
8.301617116837E-1));
#4213=DIRECTION('',(0.E0,1.E0,0.E0));
#4214=DIRECTION('',(-9.970458390220E-1,0.E0,-7.680882038465E-2));
#4215=AXIS2_PLACEMENT_3D('',#4212,#4213,#4214);
#4217=CURVE_STYLE('',#21,POSITIVE_LENGTH_MEASURE(2.E-2),#3);
#4218=PRESENTATION_STYLE_ASSIGNMENT((#4217));
#4219=STYLED_ITEM('',(#4218),#4216);
#4220=DIRECTION('',(0.E0,-1.E0,0.E0));
#4221=VECTOR('',#4220,2.519685039370E-1);
#4222=CARTESIAN_POINT('',(-1.234446004633E-2,2.519685039370E-1,
8.403968280400E-1));
#4223=LINE('',#4222,#4221);
#4224=CURVE_STYLE('',#21,POSITIVE_LENGTH_MEASURE(2.E-2),#3);
#4225=PRESENTATION_STYLE_ASSIGNMENT((#4224));
#4226=STYLED_ITEM('',(#4225),#4223);
#4227=CARTESIAN_POINT('',(-1.219411799278E-2,0.E0,8.301617116837E-1));
#4228=DIRECTION('',(0.E0,1.E0,0.E0));
#4229=DIRECTION('',(-9.970458390220E-1,0.E0,-7.680882038465E-2));
#4230=AXIS2_PLACEMENT_3D('',#4227,#4228,#4229);
#4232=CURVE_STYLE('',#21,POSITIVE_LENGTH_MEASURE(2.E-2),#3);
#4233=PRESENTATION_STYLE_ASSIGNMENT((#4232));
#4234=STYLED_ITEM('',(#4233),#4231);
#4235=CARTESIAN_POINT('',(0.E0,2.519685039370E-1,0.E0));
#4236=DIRECTION('',(0.E0,-1.E0,0.E0));
#4237=DIRECTION('',(1.468726215516E-2,0.E0,9.998921363479E-1));
#4238=AXIS2_PLACEMENT_3D('',#4235,#4236,#4237);
#4240=CURVE_STYLE('',#21,POSITIVE_LENGTH_MEASURE(2.E-2),#3);
#4241=PRESENTATION_STYLE_ASSIGNMENT((#4240));
#4242=STYLED_ITEM('',(#4241),#4239);
#4243=DIRECTION('',(0.E0,-1.E0,0.E0));
#4244=VECTOR('',#4243,2.519685039370E-1);
#4245=CARTESIAN_POINT('',(1.234446004633E-2,2.519685039370E-1,
8.403968280400E-1));
#4246=LINE('',#4245,#4244);
#4247=CURVE_STYLE('',#21,POSITIVE_LENGTH_MEASURE(2.E-2),#3);
#4248=PRESENTATION_STYLE_ASSIGNMENT((#4247));
#4249=STYLED_ITEM('',(#4248),#4246);
#4250=CARTESIAN_POINT('',(0.E0,0.E0,0.E0));
#4251=DIRECTION('',(0.E0,1.E0,0.E0));
#4252=DIRECTION('',(-1.468726215516E-2,0.E0,9.998921363479E-1));
#4253=AXIS2_PLACEMENT_3D('',#4250,#4251,#4252);
#4255=CURVE_STYLE('',#21,POSITIVE_LENGTH_MEASURE(2.E-2),#3);
#4256=PRESENTATION_STYLE_ASSIGNMENT((#4255));
#4257=STYLED_ITEM('',(#4256),#4254);
#4258=CARTESIAN_POINT('',(1.219411799278E-2,2.519685039370E-1,
8.301617116837E-1));
#4259=DIRECTION('',(0.E0,1.E0,0.E0));
#4260=DIRECTION('',(1.468726215563E-2,0.E0,9.998921363479E-1));
#4261=AXIS2_PLACEMENT_3D('',#4258,#4259,#4260);
#4263=CURVE_STYLE('',#21,POSITIVE_LENGTH_MEASURE(2.E-2),#3);
#4264=PRESENTATION_STYLE_ASSIGNMENT((#4263));
#4265=STYLED_ITEM('',(#4264),#4262);
#4266=DIRECTION('',(0.E0,-1.E0,0.E0));
#4267=VECTOR('',#4266,2.519685039370E-1);
#4268=CARTESIAN_POINT('',(2.240009902214E-2,2.519685039370E-1,
8.293754796640E-1));
#4269=LINE('',#4268,#4267);
#4270=CURVE_STYLE('',#21,POSITIVE_LENGTH_MEASURE(2.E-2),#3);
#4271=PRESENTATION_STYLE_ASSIGNMENT((#4270));
#4272=STYLED_ITEM('',(#4271),#4269);
#4273=CARTESIAN_POINT('',(1.219411799278E-2,0.E0,8.301617116837E-1));
#4274=DIRECTION('',(0.E0,1.E0,0.E0));
#4275=DIRECTION('',(1.468726215516E-2,0.E0,9.998921363479E-1));
#4276=AXIS2_PLACEMENT_3D('',#4273,#4274,#4275);
#4278=CURVE_STYLE('',#21,POSITIVE_LENGTH_MEASURE(2.E-2),#3);
#4279=PRESENTATION_STYLE_ASSIGNMENT((#4278));
#4280=STYLED_ITEM('',(#4279),#4277);
#4281=CARTESIAN_POINT('',(5.655088169730E-2,0.E0,8.267446263674E-1));
#4282=DIRECTION('',(0.E0,1.E0,0.E0));
#4283=DIRECTION('',(9.982180999659E-1,0.E0,-5.967097200833E-2));
#4284=AXIS2_PLACEMENT_3D('',#4281,#4282,#4283);
#4286=CURVE_STYLE('',#21,POSITIVE_LENGTH_MEASURE(2.E-2),#3);
#4287=PRESENTATION_STYLE_ASSIGNMENT((#4286));
#4288=STYLED_ITEM('',(#4287),#4285);
#4289=CARTESIAN_POINT('',(5.655088169730E-2,2.519685039370E-1,
8.267446263674E-1));
#4290=DIRECTION('',(0.E0,1.E0,0.E0));
#4291=DIRECTION('',(9.982180999659E-1,0.E0,-5.967097200833E-2));
#4292=AXIS2_PLACEMENT_3D('',#4289,#4290,#4291);
#4294=CURVE_STYLE('',#21,POSITIVE_LENGTH_MEASURE(2.E-2),#3);
#4295=PRESENTATION_STYLE_ASSIGNMENT((#4294));
#4296=STYLED_ITEM('',(#4295),#4293);
#4297=DIRECTION('',(0.E0,-1.E0,0.E0));
#4298=VECTOR('',#4297,2.519685039370E-1);
#4299=CARTESIAN_POINT('',(9.074181661739E-2,2.519685039370E-1,
8.247007781136E-1));
#4300=LINE('',#4299,#4298);
#4301=CURVE_STYLE('',#21,POSITIVE_LENGTH_MEASURE(2.E-2),#3);
#4302=PRESENTATION_STYLE_ASSIGNMENT((#4301));
#4303=STYLED_ITEM('',(#4302),#4300);
#4304=CARTESIAN_POINT('',(1.009597971682E-1,2.519685039370E-1,
8.240899728883E-1));
#4305=DIRECTION('',(0.E0,1.E0,0.E0));
#4306=DIRECTION('',(-9.982180999659E-1,0.E0,5.967097200826E-2));
#4307=AXIS2_PLACEMENT_3D('',#4304,#4305,#4306);
#4309=CURVE_STYLE('',#21,POSITIVE_LENGTH_MEASURE(2.E-2),#3);
#4310=PRESENTATION_STYLE_ASSIGNMENT((#4309));
#4311=STYLED_ITEM('',(#4310),#4308);
#4312=DIRECTION('',(0.E0,-1.E0,0.E0));
#4313=VECTOR('',#4312,2.519685039370E-1);
#4314=CARTESIAN_POINT('',(1.022045369060E-1,2.519685039370E-1,
8.342502303922E-1));
#4315=LINE('',#4314,#4313);
#4316=CURVE_STYLE('',#21,POSITIVE_LENGTH_MEASURE(2.E-2),#3);
#4317=PRESENTATION_STYLE_ASSIGNMENT((#4316));
#4318=STYLED_ITEM('',(#4317),#4315);
#4319=CARTESIAN_POINT('',(1.009597971682E-1,0.E0,8.240899728883E-1));
#4320=DIRECTION('',(0.E0,1.E0,0.E0));
#4321=DIRECTION('',(-9.982180999659E-1,0.E0,5.967097200826E-2));
#4322=AXIS2_PLACEMENT_3D('',#4319,#4320,#4321);
#4324=CURVE_STYLE('',#21,POSITIVE_LENGTH_MEASURE(2.E-2),#3);
#4325=PRESENTATION_STYLE_ASSIGNMENT((#4324));
#4326=STYLED_ITEM('',(#4325),#4323);
#4327=CARTESIAN_POINT('',(0.E0,2.519685039370E-1,0.E0));
#4328=DIRECTION('',(0.E0,-1.E0,0.E0));
#4329=DIRECTION('',(1.507024258670E-1,0.E0,9.885791717601E-1));
#4330=AXIS2_PLACEMENT_3D('',#4327,#4328,#4329);
#4332=CURVE_STYLE('',#21,POSITIVE_LENGTH_MEASURE(2.E-2),#3);
#4333=PRESENTATION_STYLE_ASSIGNMENT((#4332));
#4334=STYLED_ITEM('',(#4333),#4331);
#4335=DIRECTION('',(0.E0,-1.E0,0.E0));
#4336=VECTOR('',#4335,2.519685039370E-1);
#4337=CARTESIAN_POINT('',(1.266635030646E-1,2.519685039370E-1,
8.308884228734E-1));
#4338=LINE('',#4337,#4336);
#4339=CURVE_STYLE('',#21,POSITIVE_LENGTH_MEASURE(2.E-2),#3);
#4340=PRESENTATION_STYLE_ASSIGNMENT((#4339));
#4341=STYLED_ITEM('',(#4340),#4338);
#4342=CARTESIAN_POINT('',(0.E0,0.E0,0.E0));
#4343=DIRECTION('',(0.E0,1.E0,0.E0));
#4344=DIRECTION('',(1.216014974613E-1,0.E0,9.925790023042E-1));
#4345=AXIS2_PLACEMENT_3D('',#4342,#4343,#4344);
#4347=CURVE_STYLE('',#21,POSITIVE_LENGTH_MEASURE(2.E-2),#3);
#4348=PRESENTATION_STYLE_ASSIGNMENT((#4347));
#4349=STYLED_ITEM('',(#4348),#4346);
#4350=CARTESIAN_POINT('',(1.251208798077E-1,2.519685039370E-1,
8.207691085168E-1));
#4351=DIRECTION('',(0.E0,1.E0,0.E0));
#4352=DIRECTION('',(1.507024258676E-1,0.E0,9.885791717600E-1));
#4353=AXIS2_PLACEMENT_3D('',#4350,#4351,#4352);
#4355=CURVE_STYLE('',#21,POSITIVE_LENGTH_MEASURE(2.E-2),#3);
#4356=PRESENTATION_STYLE_ASSIGNMENT((#4355));
#4357=STYLED_ITEM('',(#4356),#4354);
#4358=DIRECTION('',(0.E0,-1.E0,0.E0));
#4359=VECTOR('',#4358,2.519685039370E-1);
#4360=CARTESIAN_POINT('',(1.351247431995E-1,2.519685039370E-1,
8.186004852670E-1));
#4361=LINE('',#4360,#4359);
#4362=CURVE_STYLE('',#21,POSITIVE_LENGTH_MEASURE(2.E-2),#3);
#4363=PRESENTATION_STYLE_ASSIGNMENT((#4362));
#4364=STYLED_ITEM('',(#4363),#4361);
#4365=CARTESIAN_POINT('',(1.251208798077E-1,0.E0,8.207691085168E-1));
#4366=DIRECTION('',(0.E0,1.E0,0.E0));
#4367=DIRECTION('',(1.507024258671E-1,0.E0,9.885791717600E-1));
#4368=AXIS2_PLACEMENT_3D('',#4365,#4366,#4367);
#4370=CURVE_STYLE('',#21,POSITIVE_LENGTH_MEASURE(2.E-2),#3);
#4371=PRESENTATION_STYLE_ASSIGNMENT((#4370));
#4372=STYLED_ITEM('',(#4371),#4369);
#4373=CARTESIAN_POINT('',(1.685992091643E-1,0.E0,8.113439382391E-1));
#4374=DIRECTION('',(0.E0,1.E0,0.E0));
#4375=DIRECTION('',(9.807954464086E-1,0.E0,-1.950392070946E-1));
#4376=AXIS2_PLACEMENT_3D('',#4373,#4374,#4375);
#4378=CURVE_STYLE('',#21,POSITIVE_LENGTH_MEASURE(2.E-2),#3);
#4379=PRESENTATION_STYLE_ASSIGNMENT((#4378));
#4380=STYLED_ITEM('',(#4379),#4377);
#4381=CARTESIAN_POINT('',(1.685992091643E-1,2.519685039370E-1,
8.113439382391E-1));
#4382=DIRECTION('',(0.E0,1.E0,0.E0));
#4383=DIRECTION('',(9.807954464086E-1,0.E0,-1.950392070946E-1));
#4384=AXIS2_PLACEMENT_3D('',#4381,#4382,#4383);
#4386=CURVE_STYLE('',#21,POSITIVE_LENGTH_MEASURE(2.E-2),#3);
#4387=PRESENTATION_STYLE_ASSIGNMENT((#4386));
#4388=STYLED_ITEM('',(#4387),#4385);
#4389=DIRECTION('',(0.E0,-1.E0,0.E0));
#4390=VECTOR('',#4389,2.519685039370E-1);
#4391=CARTESIAN_POINT('',(2.021933839034E-1,2.519685039370E-1,
8.046634614606E-1));
#4392=LINE('',#4391,#4390);
#4393=CURVE_STYLE('',#21,POSITIVE_LENGTH_MEASURE(2.E-2),#3);
#4394=PRESENTATION_STYLE_ASSIGNMENT((#4393));
#4395=STYLED_ITEM('',(#4394),#4392);
#4396=CARTESIAN_POINT('',(2.122330223313E-1,2.519685039370E-1,
8.026669971361E-1));
#4397=DIRECTION('',(0.E0,1.E0,0.E0));
#4398=DIRECTION('',(-9.807954464087E-1,0.E0,1.950392070945E-1));
#4399=AXIS2_PLACEMENT_3D('',#4396,#4397,#4398);
#4401=CURVE_STYLE('',#21,POSITIVE_LENGTH_MEASURE(2.E-2),#3);
#4402=PRESENTATION_STYLE_ASSIGNMENT((#4401));
#4403=STYLED_ITEM('',(#4402),#4400);
#4404=DIRECTION('',(0.E0,-1.E0,0.E0));
#4405=VECTOR('',#4404,2.519685039370E-1);
#4406=CARTESIAN_POINT('',(2.148496567142E-1,2.519685039370E-1,
8.125631294142E-1));
#4407=LINE('',#4406,#4405);
#4408=CURVE_STYLE('',#21,POSITIVE_LENGTH_MEASURE(2.E-2),#3);
#4409=PRESENTATION_STYLE_ASSIGNMENT((#4408));
#4410=STYLED_ITEM('',(#4409),#4407);
#4411=CARTESIAN_POINT('',(2.122330223313E-1,0.E0,8.026669971361E-1));
#4412=DIRECTION('',(0.E0,1.E0,0.E0));
#4413=DIRECTION('',(-9.807954464087E-1,0.E0,1.950392070945E-1));
#4414=AXIS2_PLACEMENT_3D('',#4411,#4412,#4413);
#4416=CURVE_STYLE('',#21,POSITIVE_LENGTH_MEASURE(2.E-2),#3);
#4417=PRESENTATION_STYLE_ASSIGNMENT((#4416));
#4418=STYLED_ITEM('',(#4417),#4415);
#4419=CARTESIAN_POINT('',(0.E0,2.519685039370E-1,0.E0));
#4420=DIRECTION('',(0.E0,-1.E0,0.E0));
#4421=DIRECTION('',(2.839102885250E-1,0.E0,9.588508476659E-1));
#4422=AXIS2_PLACEMENT_3D('',#4419,#4420,#4421);
#4424=CURVE_STYLE('',#21,POSITIVE_LENGTH_MEASURE(2.E-2),#3);
#4425=PRESENTATION_STYLE_ASSIGNMENT((#4424));
#4426=STYLED_ITEM('',(#4425),#4423);
#4427=DIRECTION('',(0.E0,-1.E0,0.E0));
#4428=VECTOR('',#4427,2.519685039370E-1);
#4429=CARTESIAN_POINT('',(2.386230446774E-1,2.519685039370E-1,
8.059021384898E-1));
#4430=LINE('',#4429,#4428);
#4431=CURVE_STYLE('',#21,POSITIVE_LENGTH_MEASURE(2.E-2),#3);
#4432=PRESENTATION_STYLE_ASSIGNMENT((#4431));
#4433=STYLED_ITEM('',(#4432),#4430);
#4434=CARTESIAN_POINT('',(0.E0,0.E0,0.E0));
#4435=DIRECTION('',(0.E0,1.E0,0.E0));
#4436=DIRECTION('',(2.556250512590E-1,0.E0,9.667759994791E-1));
#4437=AXIS2_PLACEMENT_3D('',#4434,#4435,#4436);
#4439=CURVE_STYLE('',#21,POSITIVE_LENGTH_MEASURE(2.E-2),#3);
#4440=PRESENTATION_STYLE_ASSIGNMENT((#4439));
#4441=STYLED_ITEM('',(#4440),#4438);
#4442=CARTESIAN_POINT('',(2.357168763697E-1,2.519685039370E-1,
7.960871298129E-1));
#4443=DIRECTION('',(0.E0,1.E0,0.E0));
#4444=DIRECTION('',(2.839102885254E-1,0.E0,9.588508476658E-1));
#4445=AXIS2_PLACEMENT_3D('',#4442,#4443,#4444);
#4447=CURVE_STYLE('',#21,POSITIVE_LENGTH_MEASURE(2.E-2),#3);
#4448=PRESENTATION_STYLE_ASSIGNMENT((#4447));
#4449=STYLED_ITEM('',(#4448),#4446);
#4450=DIRECTION('',(0.E0,-1.E0,0.E0));
#4451=VECTOR('',#4450,2.519685039370E-1);
#4452=CARTESIAN_POINT('',(2.453322690769E-1,2.519685039370E-1,
7.925765126811E-1));
#4453=LINE('',#4452,#4451);
#4454=CURVE_STYLE('',#21,POSITIVE_LENGTH_MEASURE(2.E-2),#3);
#4455=PRESENTATION_STYLE_ASSIGNMENT((#4454));
#4456=STYLED_ITEM('',(#4455),#4453);
#4457=CARTESIAN_POINT('',(2.357168763697E-1,0.E0,7.960871298129E-1));
#4458=DIRECTION('',(0.E0,1.E0,0.E0));
#4459=DIRECTION('',(2.839102885250E-1,0.E0,9.588508476659E-1));
#4460=AXIS2_PLACEMENT_3D('',#4457,#4458,#4459);
#4462=CURVE_STYLE('',#21,POSITIVE_LENGTH_MEASURE(2.E-2),#3);
#4463=PRESENTATION_STYLE_ASSIGNMENT((#4462));
#4464=STYLED_ITEM('',(#4463),#4461);
#4465=CARTESIAN_POINT('',(2.775068523664E-1,0.E0,7.808294476631E-1));
#4466=DIRECTION('',(0.E0,1.E0,0.E0));
#4467=DIRECTION('',(9.451024294210E-1,0.E0,-3.267742307810E-1));
#4468=AXIS2_PLACEMENT_3D('',#4465,#4466,#4467);
#4470=CURVE_STYLE('',#21,POSITIVE_LENGTH_MEASURE(2.E-2),#3);
#4471=PRESENTATION_STYLE_ASSIGNMENT((#4470));
#4472=STYLED_ITEM('',(#4471),#4469);
#4473=CARTESIAN_POINT('',(2.775068523664E-1,2.519685039370E-1,
7.808294476631E-1));
#4474=DIRECTION('',(0.E0,1.E0,0.E0));
#4475=DIRECTION('',(9.451024294210E-1,0.E0,-3.267742307810E-1));
#4476=AXIS2_PLACEMENT_3D('',#4473,#4474,#4475);
#4478=CURVE_STYLE('',#21,POSITIVE_LENGTH_MEASURE(2.E-2),#3);
#4479=PRESENTATION_STYLE_ASSIGNMENT((#4478));
#4480=STYLED_ITEM('',(#4479),#4477);
#4481=DIRECTION('',(0.E0,-1.E0,0.E0));
#4482=VECTOR('',#4481,2.519685039370E-1);
#4483=CARTESIAN_POINT('',(3.098784710120E-1,2.519685039370E-1,
7.696367870024E-1));
#4484=LINE('',#4483,#4482);
#4485=CURVE_STYLE('',#21,POSITIVE_LENGTH_MEASURE(2.E-2),#3);
#4486=PRESENTATION_STYLE_ASSIGNMENT((#4485));
#4487=STYLED_ITEM('',(#4486),#4484);
#4488=CARTESIAN_POINT('',(3.195527478486E-1,2.519685039370E-1,
7.662918539315E-1));
#4489=DIRECTION('',(0.E0,1.E0,0.E0));
#4490=DIRECTION('',(-9.451024294211E-1,0.E0,3.267742307809E-1));
#4491=AXIS2_PLACEMENT_3D('',#4488,#4489,#4490);
#4493=CURVE_STYLE('',#21,POSITIVE_LENGTH_MEASURE(2.E-2),#3);
#4494=PRESENTATION_STYLE_ASSIGNMENT((#4493));
#4495=STYLED_ITEM('',(#4494),#4492);
#4496=DIRECTION('',(0.E0,-1.E0,0.E0));
#4497=VECTOR('',#4496,2.519685039370E-1);
#4498=CARTESIAN_POINT('',(3.234925339290E-1,2.519685039370E-1,
7.757395147637E-1));
#4499=LINE('',#4498,#4497);
#4500=CURVE_STYLE('',#21,POSITIVE_LENGTH_MEASURE(2.E-2),#3);
#4501=PRESENTATION_STYLE_ASSIGNMENT((#4500));
#4502=STYLED_ITEM('',(#4501),#4499);
#4503=CARTESIAN_POINT('',(3.195527478486E-1,0.E0,7.662918539315E-1));
#4504=DIRECTION('',(0.E0,1.E0,0.E0));
#4505=DIRECTION('',(-9.451024294211E-1,0.E0,3.267742307809E-1));
#4506=AXIS2_PLACEMENT_3D('',#4503,#4504,#4505);
#4508=CURVE_STYLE('',#21,POSITIVE_LENGTH_MEASURE(2.E-2),#3);
#4509=PRESENTATION_STYLE_ASSIGNMENT((#4508));
#4510=STYLED_ITEM('',(#4509),#4507);
#4511=CARTESIAN_POINT('',(0.E0,2.519685039370E-1,0.E0));
#4512=DIRECTION('',(0.E0,-1.E0,0.E0));
#4513=DIRECTION('',(4.118294396866E-1,0.E0,9.112609464953E-1));
#4514=AXIS2_PLACEMENT_3D('',#4511,#4512,#4513);
#4516=CURVE_STYLE('',#21,POSITIVE_LENGTH_MEASURE(2.E-2),#3);
#4517=PRESENTATION_STYLE_ASSIGNMENT((#4516));
#4518=STYLED_ITEM('',(#4517),#4515);
#4519=DIRECTION('',(0.E0,-1.E0,0.E0));
#4520=VECTOR('',#4519,2.519685039370E-1);
#4521=CARTESIAN_POINT('',(3.461374904600E-1,2.519685039370E-1,
7.659034220916E-1));
#4522=LINE('',#4521,#4520);
#4523=CURVE_STYLE('',#21,POSITIVE_LENGTH_MEASURE(2.E-2),#3);
#4524=PRESENTATION_STYLE_ASSIGNMENT((#4523));
#4525=STYLED_ITEM('',(#4524),#4522);
#4526=CARTESIAN_POINT('',(0.E0,0.E0,0.E0));
#4527=DIRECTION('',(0.E0,1.E0,0.E0));
#4528=DIRECTION('',(3.848867940128E-1,0.E0,9.229637889942E-1));
#4529=AXIS2_PLACEMENT_3D('',#4526,#4527,#4528);
#4531=CURVE_STYLE('',#21,POSITIVE_LENGTH_MEASURE(2.E-2),#3);
#4532=PRESENTATION_STYLE_ASSIGNMENT((#4531));
#4533=STYLED_ITEM('',(#4532),#4530);
#4534=CARTESIAN_POINT('',(3.419219135183E-1,2.519685039370E-1,
7.565755541354E-1));
#4535=DIRECTION('',(0.E0,1.E0,0.E0));
#4536=DIRECTION('',(4.118294396870E-1,0.E0,9.112609464951E-1));
#4537=AXIS2_PLACEMENT_3D('',#4534,#4535,#4536);
#4539=CURVE_STYLE('',#21,POSITIVE_LENGTH_MEASURE(2.E-2),#3);
#4540=PRESENTATION_STYLE_ASSIGNMENT((#4539));
#4541=STYLED_ITEM('',(#4540),#4538);
#4542=DIRECTION('',(0.E0,-1.E0,0.E0));
#4543=VECTOR('',#4542,2.519685039370E-1);
#4544=CARTESIAN_POINT('',(3.509697189678E-1,2.519685039370E-1,
7.517883392763E-1));
#4545=LINE('',#4544,#4543);
#4546=CURVE_STYLE('',#21,POSITIVE_LENGTH_MEASURE(2.E-2),#3);
#4547=PRESENTATION_STYLE_ASSIGNMENT((#4546));
#4548=STYLED_ITEM('',(#4547),#4545);
#4549=CARTESIAN_POINT('',(3.419219135183E-1,0.E0,7.565755541354E-1));
#4550=DIRECTION('',(0.E0,1.E0,0.E0));
#4551=DIRECTION('',(4.118294396866E-1,0.E0,9.112609464953E-1));
#4552=AXIS2_PLACEMENT_3D('',#4549,#4550,#4551);
#4554=CURVE_STYLE('',#21,POSITIVE_LENGTH_MEASURE(2.E-2),#3);
#4555=PRESENTATION_STYLE_ASSIGNMENT((#4554));
#4556=STYLED_ITEM('',(#4555),#4553);
#4557=CARTESIAN_POINT('',(3.812450679722E-1,0.E0,7.357695818631E-1));
#4558=DIRECTION('',(0.E0,1.E0,0.E0));
#4559=DIRECTION('',(8.918039423758E-1,0.E0,-4.524220688285E-1));
#4560=AXIS2_PLACEMENT_3D('',#4557,#4558,#4559);
#4562=CURVE_STYLE('',#21,POSITIVE_LENGTH_MEASURE(2.E-2),#3);
#4563=PRESENTATION_STYLE_ASSIGNMENT((#4562));
#4564=STYLED_ITEM('',(#4563),#4561);
#4565=CARTESIAN_POINT('',(3.812450679722E-1,2.519685039370E-1,
7.357695818631E-1));
#4566=DIRECTION('',(0.E0,1.E0,0.E0));
#4567=DIRECTION('',(8.918039423758E-1,0.E0,-4.524220688285E-1));
#4568=AXIS2_PLACEMENT_3D('',#4565,#4566,#4567);
#4570=CURVE_STYLE('',#21,POSITIVE_LENGTH_MEASURE(2.E-2),#3);
#4571=PRESENTATION_STYLE_ASSIGNMENT((#4570));
#4572=STYLED_ITEM('',(#4571),#4569);
#4573=DIRECTION('',(0.E0,-1.E0,0.E0));
#4574=VECTOR('',#4573,2.519685039370E-1);
#4575=CARTESIAN_POINT('',(4.117911085181E-1,2.519685039370E-1,
7.202732354111E-1));
#4576=LINE('',#4575,#4574);
#4577=CURVE_STYLE('',#21,POSITIVE_LENGTH_MEASURE(2.E-2),#3);
#4578=PRESENTATION_STYLE_ASSIGNMENT((#4577));
#4579=STYLED_ITEM('',(#4578),#4576);
#4580=CARTESIAN_POINT('',(4.209198102904E-1,2.519685039370E-1,
7.156421433680E-1));
#4581=DIRECTION('',(0.E0,1.E0,0.E0));
#4582=DIRECTION('',(-8.918039423757E-1,0.E0,4.524220688285E-1));
#4583=AXIS2_PLACEMENT_3D('',#4580,#4581,#4582);
#4585=CURVE_STYLE('',#21,POSITIVE_LENGTH_MEASURE(2.E-2),#3);
#4586=PRESENTATION_STYLE_ASSIGNMENT((#4585));
#4587=STYLED_ITEM('',(#4586),#4584);
#4588=DIRECTION('',(0.E0,-1.E0,0.E0));
#4589=VECTOR('',#4588,2.519685039370E-1);
#4590=CARTESIAN_POINT('',(4.261093573081E-1,2.519685039370E-1,
7.244653407087E-1));
#4591=LINE('',#4590,#4589);
#4592=CURVE_STYLE('',#21,POSITIVE_LENGTH_MEASURE(2.E-2),#3);
#4593=PRESENTATION_STYLE_ASSIGNMENT((#4592));
#4594=STYLED_ITEM('',(#4593),#4591);
#4595=CARTESIAN_POINT('',(4.209198102904E-1,0.E0,7.156421433680E-1));
#4596=DIRECTION('',(0.E0,1.E0,0.E0));
#4597=DIRECTION('',(-8.918039423757E-1,0.E0,4.524220688285E-1));
#4598=AXIS2_PLACEMENT_3D('',#4595,#4596,#4597);
#4600=CURVE_STYLE('',#21,POSITIVE_LENGTH_MEASURE(2.E-2),#3);
#4601=PRESENTATION_STYLE_ASSIGNMENT((#4600));
#4602=STYLED_ITEM('',(#4601),#4599);
#4603=CARTESIAN_POINT('',(0.E0,2.519685039370E-1,0.E0));
#4604=DIRECTION('',(0.E0,-1.E0,0.E0));
#4605=DIRECTION('',(5.320769875980E-1,0.E0,8.466959780633E-1));
#4606=AXIS2_PLACEMENT_3D('',#4603,#4604,#4605);
#4608=CURVE_STYLE('',#21,POSITIVE_LENGTH_MEASURE(2.E-2),#3);
#4609=PRESENTATION_STYLE_ASSIGNMENT((#4608));
#4610=STYLED_ITEM('',(#4609),#4607);
#4611=DIRECTION('',(0.E0,-1.E0,0.E0));
#4612=VECTOR('',#4611,2.519685039370E-1);
#4613=CARTESIAN_POINT('',(4.472040497125E-1,2.519685039370E-1,
7.116373740848E-1));
#4614=LINE('',#4613,#4612);
#4615=CURVE_STYLE('',#21,POSITIVE_LENGTH_MEASURE(2.E-2),#3);
#4616=PRESENTATION_STYLE_ASSIGNMENT((#4615));
#4617=STYLED_ITEM('',(#4616),#4614);
#4618=CARTESIAN_POINT('',(0.E0,0.E0,0.E0));
#4619=DIRECTION('',(0.E0,1.E0,0.E0));
#4620=DIRECTION('',(5.069788240280E-1,0.E0,8.619585094349E-1));
#4621=AXIS2_PLACEMENT_3D('',#4618,#4619,#4620);
#4623=CURVE_STYLE('',#21,POSITIVE_LENGTH_MEASURE(2.E-2),#3);
#4624=PRESENTATION_STYLE_ASSIGNMENT((#4623));
#4625=STYLED_ITEM('',(#4624),#4622);
#4626=CARTESIAN_POINT('',(4.417575923592E-1,2.519685039370E-1,
7.029704073802E-1));
#4627=DIRECTION('',(0.E0,1.E0,0.E0));
#4628=DIRECTION('',(5.320769875984E-1,0.E0,8.466959780631E-1));
#4629=AXIS2_PLACEMENT_3D('',#4626,#4627,#4628);
#4631=CURVE_STYLE('',#21,POSITIVE_LENGTH_MEASURE(2.E-2),#3);
#4632=PRESENTATION_STYLE_ASSIGNMENT((#4631));
#4633=STYLED_ITEM('',(#4632),#4630);
#4634=DIRECTION('',(0.E0,-1.E0,0.E0));
#4635=VECTOR('',#4634,2.519685039370E-1);
#4636=CARTESIAN_POINT('',(4.500692670546E-1,2.519685039370E-1,
6.969957715489E-1));
#4637=LINE('',#4636,#4635);
#4638=CURVE_STYLE('',#21,POSITIVE_LENGTH_MEASURE(2.E-2),#3);
#4639=PRESENTATION_STYLE_ASSIGNMENT((#4638));
#4640=STYLED_ITEM('',(#4639),#4637);
#4641=CARTESIAN_POINT('',(4.417575923592E-1,0.E0,7.029704073802E-1));
#4642=DIRECTION('',(0.E0,1.E0,0.E0));
#4643=DIRECTION('',(5.320769875980E-1,0.E0,8.466959780633E-1));
#4644=AXIS2_PLACEMENT_3D('',#4641,#4642,#4643);
#4646=CURVE_STYLE('',#21,POSITIVE_LENGTH_MEASURE(2.E-2),#3);
#4647=PRESENTATION_STYLE_ASSIGNMENT((#4646));
#4648=STYLED_ITEM('',(#4647),#4645);
#4649=CARTESIAN_POINT('',(4.778814093049E-1,0.E0,6.770037208826E-1));
#4650=DIRECTION('',(0.E0,1.E0,0.E0));
#4651=DIRECTION('',(8.218928352419E-1,0.E0,-5.696421397492E-1));
#4652=AXIS2_PLACEMENT_3D('',#4649,#4650,#4651);
#4654=CURVE_STYLE('',#21,POSITIVE_LENGTH_MEASURE(2.E-2),#3);
#4655=PRESENTATION_STYLE_ASSIGNMENT((#4654));
#4656=STYLED_ITEM('',(#4655),#4653);
#4657=CARTESIAN_POINT('',(4.778814093049E-1,2.519685039370E-1,
6.770037208826E-1));
#4658=DIRECTION('',(0.E0,1.E0,0.E0));
#4659=DIRECTION('',(8.218928352419E-1,0.E0,-5.696421397492E-1));
#4660=AXIS2_PLACEMENT_3D('',#4657,#4658,#4659);
#4662=CURVE_STYLE('',#21,POSITIVE_LENGTH_MEASURE(2.E-2),#3);
#4663=PRESENTATION_STYLE_ASSIGNMENT((#4662));
#4664=STYLED_ITEM('',(#4663),#4661);
#4665=DIRECTION('',(0.E0,-1.E0,0.E0));
#4666=VECTOR('',#4665,2.519685039370E-1);
#4667=CARTESIAN_POINT('',(5.060328568112E-1,2.519685039370E-1,
6.574923562534E-1));
#4668=LINE('',#4667,#4666);
#4669=CURVE_STYLE('',#21,POSITIVE_LENGTH_MEASURE(2.E-2),#3);
#4670=PRESENTATION_STYLE_ASSIGNMENT((#4669));
#4671=STYLED_ITEM('',(#4670),#4668);
#4672=CARTESIAN_POINT('',(5.144459330775E-1,2.519685039370E-1,
6.516613737205E-1));
#4673=DIRECTION('',(0.E0,1.E0,0.E0));
#4674=DIRECTION('',(-8.218928352419E-1,0.E0,5.696421397492E-1));
#4675=AXIS2_PLACEMENT_3D('',#4672,#4673,#4674);
#4677=CURVE_STYLE('',#21,POSITIVE_LENGTH_MEASURE(2.E-2),#3);
#4678=PRESENTATION_STYLE_ASSIGNMENT((#4677));
#4679=STYLED_ITEM('',(#4678),#4676);
#4680=DIRECTION('',(0.E0,-1.E0,0.E0));
#4681=VECTOR('',#4680,2.519685039370E-1);
#4682=CARTESIAN_POINT('',(5.207885695903E-1,2.519685039370E-1,
6.596957480973E-1));
#4683=LINE('',#4682,#4681);
#4684=CURVE_STYLE('',#21,POSITIVE_LENGTH_MEASURE(2.E-2),#3);
#4685=PRESENTATION_STYLE_ASSIGNMENT((#4684));
#4686=STYLED_ITEM('',(#4685),#4683);
#4687=CARTESIAN_POINT('',(5.144459330775E-1,0.E0,6.516613737205E-1));
#4688=DIRECTION('',(0.E0,1.E0,0.E0));
#4689=DIRECTION('',(-8.218928352419E-1,0.E0,5.696421397492E-1));
#4690=AXIS2_PLACEMENT_3D('',#4687,#4688,#4689);
#4692=CURVE_STYLE('',#21,POSITIVE_LENGTH_MEASURE(2.E-2),#3);
#4693=PRESENTATION_STYLE_ASSIGNMENT((#4692));
#4694=STYLED_ITEM('',(#4693),#4691);
#4695=CARTESIAN_POINT('',(0.E0,2.519685039370E-1,0.E0));
#4696=DIRECTION('',(0.E0,-1.E0,0.E0));
#4697=DIRECTION('',(6.424129479589E-1,0.E0,7.663586655704E-1));
#4698=AXIS2_PLACEMENT_3D('',#4695,#4696,#4697);
#4700=CURVE_STYLE('',#21,POSITIVE_LENGTH_MEASURE(2.E-2),#3);
#4701=PRESENTATION_STYLE_ASSIGNMENT((#4700));
#4702=STYLED_ITEM('',(#4701),#4699);
#4703=DIRECTION('',(0.E0,-1.E0,0.E0));
#4704=VECTOR('',#4703,2.519685039370E-1);
#4705=CARTESIAN_POINT('',(5.399400436615E-1,2.519685039370E-1,
6.441148682684E-1));
#4706=LINE('',#4705,#4704);
#4707=CURVE_STYLE('',#21,POSITIVE_LENGTH_MEASURE(2.E-2),#3);
#4708=PRESENTATION_STYLE_ASSIGNMENT((#4707));
#4709=STYLED_ITEM('',(#4708),#4706);
#4710=CARTESIAN_POINT('',(0.E0,0.E0,0.E0));
#4711=DIRECTION('',(0.E0,1.E0,0.E0));
#4712=DIRECTION('',(6.196267977923E-1,0.E0,7.848965737329E-1));
#4713=AXIS2_PLACEMENT_3D('',#4710,#4711,#4712);
#4715=CURVE_STYLE('',#21,POSITIVE_LENGTH_MEASURE(2.E-2),#3);
#4716=PRESENTATION_STYLE_ASSIGNMENT((#4715));
#4717=STYLED_ITEM('',(#4716),#4714);
#4718=CARTESIAN_POINT('',(5.333641630919E-1,2.519685039370E-1,
6.362702520066E-1));
#4719=DIRECTION('',(0.E0,1.E0,0.E0));
#4720=DIRECTION('',(6.424129479592E-1,0.E0,7.663586655701E-1));
#4721=AXIS2_PLACEMENT_3D('',#4718,#4719,#4720);
#4723=CURVE_STYLE('',#21,POSITIVE_LENGTH_MEASURE(2.E-2),#3);
#4724=PRESENTATION_STYLE_ASSIGNMENT((#4723));
#4725=STYLED_ITEM('',(#4724),#4722);
#4726=DIRECTION('',(0.E0,-1.E0,0.E0));
#4727=VECTOR('',#4726,2.519685039370E-1);
#4728=CARTESIAN_POINT('',(5.407848762600E-1,2.519685039370E-1,
6.292194913642E-1));
#4729=LINE('',#4728,#4727);
#4730=CURVE_STYLE('',#21,POSITIVE_LENGTH_MEASURE(2.E-2),#3);
#4731=PRESENTATION_STYLE_ASSIGNMENT((#4730));
#4732=STYLED_ITEM('',(#4731),#4729);
#4733=CARTESIAN_POINT('',(5.333641630919E-1,0.E0,6.362702520066E-1));
#4734=DIRECTION('',(0.E0,1.E0,0.E0));
#4735=DIRECTION('',(6.424129479588E-1,0.E0,7.663586655704E-1));
#4736=AXIS2_PLACEMENT_3D('',#4733,#4734,#4735);
#4738=CURVE_STYLE('',#21,POSITIVE_LENGTH_MEASURE(2.E-2),#3);
#4739=PRESENTATION_STYLE_ASSIGNMENT((#4738));
#4740=STYLED_ITEM('',(#4739),#4737);
#4741=CARTESIAN_POINT('',(5.656157241687E-1,0.E0,6.056265615222E-1));
#4742=DIRECTION('',(0.E0,1.E0,0.E0));
#4743=DIRECTION('',(7.366714196684E-1,0.E0,-6.762508554107E-1));
#4744=AXIS2_PLACEMENT_3D('',#4741,#4742,#4743);
#4746=CURVE_STYLE('',#21,POSITIVE_LENGTH_MEASURE(2.E-2),#3);
#4747=PRESENTATION_STYLE_ASSIGNMENT((#4746));
#4748=STYLED_ITEM('',(#4747),#4745);
#4749=CARTESIAN_POINT('',(5.656157241687E-1,2.519685039370E-1,
6.056265615222E-1));
#4750=DIRECTION('',(0.E0,1.E0,0.E0));
#4751=DIRECTION('',(7.366714196684E-1,0.E0,-6.762508554107E-1));
#4752=AXIS2_PLACEMENT_3D('',#4749,#4750,#4751);
#4754=CURVE_STYLE('',#21,POSITIVE_LENGTH_MEASURE(2.E-2),#3);
#4755=PRESENTATION_STYLE_ASSIGNMENT((#4754));
#4756=STYLED_ITEM('',(#4755),#4753);
#4757=DIRECTION('',(0.E0,-1.E0,0.E0));
#4758=VECTOR('',#4757,2.519685039370E-1);
#4759=CARTESIAN_POINT('',(5.908481704329E-1,2.519685039370E-1,
5.824636385219E-1));
#4760=LINE('',#4759,#4758);
#4761=CURVE_STYLE('',#21,POSITIVE_LENGTH_MEASURE(2.E-2),#3);
#4762=PRESENTATION_STYLE_ASSIGNMENT((#4761));
#4763=STYLED_ITEM('',(#4762),#4760);
#4764=CARTESIAN_POINT('',(5.983889015004E-1,2.519685039370E-1,
5.755413856713E-1));
#4765=DIRECTION('',(0.E0,1.E0,0.E0));
#4766=DIRECTION('',(-7.366714196684E-1,0.E0,6.762508554107E-1));
#4767=AXIS2_PLACEMENT_3D('',#4764,#4765,#4766);
#4769=CURVE_STYLE('',#21,POSITIVE_LENGTH_MEASURE(2.E-2),#3);
#4770=PRESENTATION_STYLE_ASSIGNMENT((#4769));
#4771=STYLED_ITEM('',(#4770),#4768);
#4772=DIRECTION('',(0.E0,-1.E0,0.E0));
#4773=VECTOR('',#4772,2.519685039370E-1);
#4774=CARTESIAN_POINT('',(6.057664761910E-1,2.519685039370E-1,
5.826372718912E-1));
#4775=LINE('',#4774,#4773);
#4776=CURVE_STYLE('',#21,POSITIVE_LENGTH_MEASURE(2.E-2),#3);
#4777=PRESENTATION_STYLE_ASSIGNMENT((#4776));
#4778=STYLED_ITEM('',(#4777),#4775);
#4779=CARTESIAN_POINT('',(5.983889015004E-1,0.E0,5.755413856713E-1));
#4780=DIRECTION('',(0.E0,1.E0,0.E0));
#4781=DIRECTION('',(-7.366714196684E-1,0.E0,6.762508554107E-1));
#4782=AXIS2_PLACEMENT_3D('',#4779,#4780,#4781);
#4784=CURVE_STYLE('',#21,POSITIVE_LENGTH_MEASURE(2.E-2),#3);
#4785=PRESENTATION_STYLE_ASSIGNMENT((#4784));
#4786=STYLED_ITEM('',(#4785),#4783);
#4787=CARTESIAN_POINT('',(0.E0,2.519685039370E-1,0.E0));
#4788=DIRECTION('',(0.E0,-1.E0,0.E0));
#4789=DIRECTION('',(7.407819705912E-1,0.E0,6.717455411441E-1));
#4790=AXIS2_PLACEMENT_3D('',#4787,#4788,#4789);
#4792=CURVE_STYLE('',#21,POSITIVE_LENGTH_MEASURE(2.E-2),#3);
#4793=PRESENTATION_STYLE_ASSIGNMENT((#4792));
#4794=STYLED_ITEM('',(#4793),#4791);
#4795=DIRECTION('',(0.E0,-1.E0,0.E0));
#4796=VECTOR('',#4795,2.519685039370E-1);
#4797=CARTESIAN_POINT('',(6.226179762029E-1,2.519685039370E-1,
5.645937211683E-1));
#4798=LINE('',#4797,#4796);
#4799=CURVE_STYLE('',#21,POSITIVE_LENGTH_MEASURE(2.E-2),#3);
#4800=PRESENTATION_STYLE_ASSIGNMENT((#4799));
#4801=STYLED_ITEM('',(#4800),#4798);
#4802=CARTESIAN_POINT('',(0.E0,0.E0,0.E0));
#4803=DIRECTION('',(0.E0,1.E0,0.E0));
#4804=DIRECTION('',(7.207322966927E-1,0.E0,6.932134999437E-1));
#4805=AXIS2_PLACEMENT_3D('',#4802,#4803,#4804);
#4807=CURVE_STYLE('',#21,POSITIVE_LENGTH_MEASURE(2.E-2),#3);
#4808=PRESENTATION_STYLE_ASSIGNMENT((#4807));
#4809=STYLED_ITEM('',(#4808),#4806);
#4810=CARTESIAN_POINT('',(6.150351686299E-1,2.519685039370E-1,
5.577175857077E-1));
#4811=DIRECTION('',(0.E0,1.E0,0.E0));
#4812=DIRECTION('',(7.407819705915E-1,0.E0,6.717455411438E-1));
#4813=AXIS2_PLACEMENT_3D('',#4810,#4811,#4812);
#4815=CURVE_STYLE('',#21,POSITIVE_LENGTH_MEASURE(2.E-2),#3);
#4816=PRESENTATION_STYLE_ASSIGNMENT((#4815));
#4817=STYLED_ITEM('',(#4816),#4814);
#4818=DIRECTION('',(0.E0,-1.E0,0.E0));
#4819=VECTOR('',#4818,2.519685039370E-1);
#4820=CARTESIAN_POINT('',(6.214266864249E-1,2.519685039370E-1,
5.497220425844E-1));
#4821=LINE('',#4820,#4819);
#4822=CURVE_STYLE('',#21,POSITIVE_LENGTH_MEASURE(2.E-2),#3);
#4823=PRESENTATION_STYLE_ASSIGNMENT((#4822));
#4824=STYLED_ITEM('',(#4823),#4821);
#4825=CARTESIAN_POINT('',(6.150351686299E-1,0.E0,5.577175857077E-1));
#4826=DIRECTION('',(0.E0,1.E0,0.E0));
#4827=DIRECTION('',(7.407819705912E-1,0.E0,6.717455411441E-1));
#4828=AXIS2_PLACEMENT_3D('',#4825,#4826,#4827);
#4830=CURVE_STYLE('',#21,POSITIVE_LENGTH_MEASURE(2.E-2),#3);
#4831=PRESENTATION_STYLE_ASSIGNMENT((#4830));
#4832=STYLED_ITEM('',(#4831),#4829);
#4833=CARTESIAN_POINT('',(6.428136882773E-1,0.E0,5.229677252102E-1));
#4834=DIRECTION('',(0.E0,1.E0,0.E0));
#4835=DIRECTION('',(6.377272093824E-1,0.E0,-7.702622971517E-1));
#4836=AXIS2_PLACEMENT_3D('',#4833,#4834,#4835);
#4838=CURVE_STYLE('',#21,POSITIVE_LENGTH_MEASURE(2.E-2),#3);
#4839=PRESENTATION_STYLE_ASSIGNMENT((#4838));
#4840=STYLED_ITEM('',(#4839),#4837);
#4841=CARTESIAN_POINT('',(6.428136882773E-1,2.519685039370E-1,
5.229677252102E-1));
#4842=DIRECTION('',(0.E0,1.E0,0.E0));
#4843=DIRECTION('',(6.377272093824E-1,0.E0,-7.702622971517E-1));
#4844=AXIS2_PLACEMENT_3D('',#4841,#4842,#4843);
#4846=CURVE_STYLE('',#21,POSITIVE_LENGTH_MEASURE(2.E-2),#3);
#4847=PRESENTATION_STYLE_ASSIGNMENT((#4846));
#4848=STYLED_ITEM('',(#4847),#4845);
#4849=DIRECTION('',(0.E0,-1.E0,0.E0));
#4850=VECTOR('',#4849,2.519685039370E-1);
#4851=CARTESIAN_POINT('',(6.646571005671E-1,2.519685039370E-1,
4.965847252684E-1));
#4852=LINE('',#4851,#4850);
#4853=CURVE_STYLE('',#21,POSITIVE_LENGTH_MEASURE(2.E-2),#3);
#4854=PRESENTATION_STYLE_ASSIGNMENT((#4853));
#4855=STYLED_ITEM('',(#4854),#4852);
#4856=CARTESIAN_POINT('',(6.711850168836E-1,2.519685039370E-1,
4.887001505731E-1));
#4857=DIRECTION('',(0.E0,1.E0,0.E0));
#4858=DIRECTION('',(-6.377272093825E-1,0.E0,7.702622971516E-1));
#4859=AXIS2_PLACEMENT_3D('',#4856,#4857,#4858);
#4861=CURVE_STYLE('',#21,POSITIVE_LENGTH_MEASURE(2.E-2),#3);
#4862=PRESENTATION_STYLE_ASSIGNMENT((#4861));
#4863=STYLED_ITEM('',(#4862),#4860);
#4864=DIRECTION('',(0.E0,-1.E0,0.E0));
#4865=VECTOR('',#4864,2.519685039370E-1);
#4866=CARTESIAN_POINT('',(6.794600994943E-1,2.519685039370E-1,
4.947253657018E-1));
#4867=LINE('',#4866,#4865);
#4868=CURVE_STYLE('',#21,POSITIVE_LENGTH_MEASURE(2.E-2),#3);
#4869=PRESENTATION_STYLE_ASSIGNMENT((#4868));
#4870=STYLED_ITEM('',(#4869),#4867);
#4871=CARTESIAN_POINT('',(6.711850168836E-1,0.E0,4.887001505731E-1));
#4872=DIRECTION('',(0.E0,1.E0,0.E0));
#4873=DIRECTION('',(-6.377272093825E-1,0.E0,7.702622971516E-1));
#4874=AXIS2_PLACEMENT_3D('',#4871,#4872,#4873);
#4876=CURVE_STYLE('',#21,POSITIVE_LENGTH_MEASURE(2.E-2),#3);
#4877=PRESENTATION_STYLE_ASSIGNMENT((#4876));
#4878=STYLED_ITEM('',(#4877),#4875);
#4879=CARTESIAN_POINT('',(0.E0,2.519685039370E-1,0.E0));
#4880=DIRECTION('',(0.E0,-1.E0,0.E0));
#4881=DIRECTION('',(8.253516267248E-1,0.E0,5.646190682777E-1));
#4882=AXIS2_PLACEMENT_3D('',#4879,#4880,#4881);
#4884=CURVE_STYLE('',#21,POSITIVE_LENGTH_MEASURE(2.E-2),#3);
#4885=PRESENTATION_STYLE_ASSIGNMENT((#4884));
#4886=STYLED_ITEM('',(#4885),#4883);
#4887=DIRECTION('',(0.E0,-1.E0,0.E0));
#4888=VECTOR('',#4887,2.519685039370E-1);
#4889=CARTESIAN_POINT('',(6.936977138860E-1,2.519685039370E-1,
4.745552612951E-1));
#4890=LINE('',#4889,#4888);
#4891=CURVE_STYLE('',#21,POSITIVE_LENGTH_MEASURE(2.E-2),#3);
#4892=PRESENTATION_STYLE_ASSIGNMENT((#4891));
#4893=STYLED_ITEM('',(#4892),#4890);
#4894=CARTESIAN_POINT('',(0.E0,0.E0,0.E0));
#4895=DIRECTION('',(0.E0,1.E0,0.E0));
#4896=DIRECTION('',(8.084119165835E-1,0.E0,5.886171702608E-1));
#4897=AXIS2_PLACEMENT_3D('',#4894,#4895,#4896);
#4899=CURVE_STYLE('',#21,POSITIVE_LENGTH_MEASURE(2.E-2),#3);
#4900=PRESENTATION_STYLE_ASSIGNMENT((#4899));
#4901=STYLED_ITEM('',(#4900),#4898);
#4902=CARTESIAN_POINT('',(6.852492326676E-1,2.519685039370E-1,
4.687756960293E-1));
#4903=DIRECTION('',(0.E0,1.E0,0.E0));
#4904=DIRECTION('',(8.253516267249E-1,0.E0,5.646190682775E-1));
#4905=AXIS2_PLACEMENT_3D('',#4902,#4903,#4904);
#4907=CURVE_STYLE('',#21,POSITIVE_LENGTH_MEASURE(2.E-2),#3);
#4908=PRESENTATION_STYLE_ASSIGNMENT((#4907));
#4909=STYLED_ITEM('',(#4908),#4906);
#4910=DIRECTION('',(0.E0,-1.E0,0.E0));
#4911=VECTOR('',#4910,2.519685039370E-1);
#4912=CARTESIAN_POINT('',(6.904924932061E-1,2.519685039370E-1,
4.599843122653E-1));
#4913=LINE('',#4912,#4911);
#4914=CURVE_STYLE('',#21,POSITIVE_LENGTH_MEASURE(2.E-2),#3);
#4915=PRESENTATION_STYLE_ASSIGNMENT((#4914));
#4916=STYLED_ITEM('',(#4915),#4913);
#4917=CARTESIAN_POINT('',(6.852492326676E-1,0.E0,4.687756960293E-1));
#4918=DIRECTION('',(0.E0,1.E0,0.E0));
#4919=DIRECTION('',(8.253516267248E-1,0.E0,5.646190682777E-1));
#4920=AXIS2_PLACEMENT_3D('',#4917,#4918,#4919);
#4922=CURVE_STYLE('',#21,POSITIVE_LENGTH_MEASURE(2.E-2),#3);
#4923=PRESENTATION_STYLE_ASSIGNMENT((#4922));
#4924=STYLED_ITEM('',(#4923),#4921);
#4925=CARTESIAN_POINT('',(7.080372496234E-1,0.E0,4.305669896704E-1));
#4926=DIRECTION('',(0.E0,1.E0,0.E0));
#4927=DIRECTION('',(5.269033478118E-1,0.E0,-8.499252096889E-1));
#4928=AXIS2_PLACEMENT_3D('',#4925,#4926,#4927);
#4930=CURVE_STYLE('',#21,POSITIVE_LENGTH_MEASURE(2.E-2),#3);
#4931=PRESENTATION_STYLE_ASSIGNMENT((#4930));
#4932=STYLED_ITEM('',(#4931),#4929);
#4933=CARTESIAN_POINT('',(7.080372496234E-1,2.519685039370E-1,
4.305669896704E-1));
#4934=DIRECTION('',(0.E0,1.E0,0.E0));
#4935=DIRECTION('',(5.269033478118E-1,0.E0,-8.499252096889E-1));
#4936=AXIS2_PLACEMENT_3D('',#4933,#4934,#4935);
#4938=CURVE_STYLE('',#21,POSITIVE_LENGTH_MEASURE(2.E-2),#3);
#4939=PRESENTATION_STYLE_ASSIGNMENT((#4938));
#4940=STYLED_ITEM('',(#4939),#4937);
#4941=DIRECTION('',(0.E0,-1.E0,0.E0));
#4942=VECTOR('',#4941,2.519685039370E-1);
#4943=CARTESIAN_POINT('',(7.260847264973E-1,2.519685039370E-1,
4.014553781574E-1));
#4944=LINE('',#4943,#4942);
#4945=CURVE_STYLE('',#21,POSITIVE_LENGTH_MEASURE(2.E-2),#3);
#4946=PRESENTATION_STYLE_ASSIGNMENT((#4945));
#4947=STYLED_ITEM('',(#4946),#4944);
#4948=CARTESIAN_POINT('',(7.314782253331E-1,2.519685039370E-1,
3.927553563260E-1));
#4949=DIRECTION('',(0.E0,1.E0,0.E0));
#4950=DIRECTION('',(-5.269033478118E-1,0.E0,8.499252096889E-1));
#4951=AXIS2_PLACEMENT_3D('',#4948,#4949,#4950);
#4953=CURVE_STYLE('',#21,POSITIVE_LENGTH_MEASURE(2.E-2),#3);
#4954=PRESENTATION_STYLE_ASSIGNMENT((#4953));
#4955=STYLED_ITEM('',(#4954),#4952);
#4956=DIRECTION('',(0.E0,-1.E0,0.E0));
#4957=VECTOR('',#4956,2.519685039370E-1);
#4958=CARTESIAN_POINT('',(7.404966667320E-1,2.519685039370E-1,
3.975976620057E-1));
#4959=LINE('',#4958,#4957);
#4960=CURVE_STYLE('',#21,POSITIVE_LENGTH_MEASURE(2.E-2),#3);
#4961=PRESENTATION_STYLE_ASSIGNMENT((#4960));
#4962=STYLED_ITEM('',(#4961),#4959);
#4963=CARTESIAN_POINT('',(7.314782253331E-1,0.E0,3.927553563260E-1));
#4964=DIRECTION('',(0.E0,1.E0,0.E0));
#4965=DIRECTION('',(-5.269033478118E-1,0.E0,8.499252096889E-1));
#4966=AXIS2_PLACEMENT_3D('',#4963,#4964,#4965);
#4968=CURVE_STYLE('',#21,POSITIVE_LENGTH_MEASURE(2.E-2),#3);
#4969=PRESENTATION_STYLE_ASSIGNMENT((#4968));
#4970=STYLED_ITEM('',(#4969),#4967);
#4971=CARTESIAN_POINT('',(0.E0,2.519685039370E-1,0.E0));
#4972=DIRECTION('',(0.E0,-1.E0,0.E0));
#4973=DIRECTION('',(8.945465436777E-1,0.E0,4.469748104696E-1));
#4974=AXIS2_PLACEMENT_3D('',#4971,#4972,#4973);
#4976=CURVE_STYLE('',#21,POSITIVE_LENGTH_MEASURE(2.E-2),#3);
#4977=PRESENTATION_STYLE_ASSIGNMENT((#4976));
#4978=STYLED_ITEM('',(#4977),#4975);
#4979=DIRECTION('',(0.E0,-1.E0,0.E0));
#4980=VECTOR('',#4979,2.519685039370E-1);
#4981=CARTESIAN_POINT('',(7.518551756860E-1,2.519685039370E-1,
3.756767347971E-1));
#4982=LINE('',#4981,#4980);
#4983=CURVE_STYLE('',#21,POSITIVE_LENGTH_MEASURE(2.E-2),#3);
#4984=PRESENTATION_STYLE_ASSIGNMENT((#4983));
#4985=STYLED_ITEM('',(#4984),#4982);
#4986=CARTESIAN_POINT('',(0.E0,0.E0,0.E0));
#4987=DIRECTION('',(0.E0,1.E0,0.E0));
#4988=DIRECTION('',(8.810323520425E-1,0.E0,4.730560164024E-1));
#4989=AXIS2_PLACEMENT_3D('',#4986,#4987,#4988);
#4991=CURVE_STYLE('',#21,POSITIVE_LENGTH_MEASURE(2.E-2),#3);
#4992=PRESENTATION_STYLE_ASSIGNMENT((#4991));
#4993=STYLED_ITEM('',(#4992),#4990);
#4994=CARTESIAN_POINT('',(7.426984000420E-1,2.519685039370E-1,
3.711014020915E-1));
#4995=DIRECTION('',(0.E0,1.E0,0.E0));
#4996=DIRECTION('',(8.945465436777E-1,0.E0,4.469748104695E-1));
#4997=AXIS2_PLACEMENT_3D('',#4994,#4995,#4996);
#4999=CURVE_STYLE('',#21,POSITIVE_LENGTH_MEASURE(2.E-2),#3);
#5000=PRESENTATION_STYLE_ASSIGNMENT((#4999));
#5001=STYLED_ITEM('',(#5000),#4998);
#5002=DIRECTION('',(0.E0,-1.E0,0.E0));
#5003=VECTOR('',#5002,2.519685039370E-1);
#5004=CARTESIAN_POINT('',(7.466957313009E-1,2.519685039370E-1,
3.616779445324E-1));
#5005=LINE('',#5004,#5003);
#5006=CURVE_STYLE('',#21,POSITIVE_LENGTH_MEASURE(2.E-2),#3);
#5007=PRESENTATION_STYLE_ASSIGNMENT((#5006));
#5008=STYLED_ITEM('',(#5007),#5005);
#5009=CARTESIAN_POINT('',(7.426984000420E-1,0.E0,3.711014020915E-1));
#5010=DIRECTION('',(0.E0,1.E0,0.E0));
#5011=DIRECTION('',(8.945465436777E-1,0.E0,4.469748104696E-1));
#5012=AXIS2_PLACEMENT_3D('',#5009,#5010,#5011);
#5014=CURVE_STYLE('',#21,POSITIVE_LENGTH_MEASURE(2.E-2),#3);
#5015=PRESENTATION_STYLE_ASSIGNMENT((#5014));
#5016=STYLED_ITEM('',(#5015),#5013);
#5017=CARTESIAN_POINT('',(7.600714166670E-1,0.E0,3.301456057771E-1));
#5018=DIRECTION('',(0.E0,1.E0,0.E0));
#5019=DIRECTION('',(4.062642738108E-1,0.E0,-9.137556236899E-1));
#5020=AXIS2_PLACEMENT_3D('',#5017,#5018,#5019);
#5022=CURVE_STYLE('',#21,POSITIVE_LENGTH_MEASURE(2.E-2),#3);
#5023=PRESENTATION_STYLE_ASSIGNMENT((#5022));
#5024=STYLED_ITEM('',(#5023),#5021);
#5025=CARTESIAN_POINT('',(7.600714166670E-1,2.519685039370E-1,
3.301456057771E-1));
#5026=DIRECTION('',(0.E0,1.E0,0.E0));
#5027=DIRECTION('',(4.062642738108E-1,0.E0,-9.137556236899E-1));
#5028=AXIS2_PLACEMENT_3D('',#5025,#5026,#5027);
#5030=CURVE_STYLE('',#21,POSITIVE_LENGTH_MEASURE(2.E-2),#3);
#5031=PRESENTATION_STYLE_ASSIGNMENT((#5030));
#5032=STYLED_ITEM('',(#5031),#5029);
#5033=DIRECTION('',(0.E0,-1.E0,0.E0));
#5034=VECTOR('',#5033,2.519685039370E-1);
#5035=CARTESIAN_POINT('',(7.739867677778E-1,2.519685039370E-1,
2.988476769342E-1));
#5036=LINE('',#5035,#5034);
#5037=CURVE_STYLE('',#21,POSITIVE_LENGTH_MEASURE(2.E-2),#3);
#5038=PRESENTATION_STYLE_ASSIGNMENT((#5037));
#5039=STYLED_ITEM('',(#5038),#5036);
#5040=CARTESIAN_POINT('',(7.781453784547E-1,2.519685039370E-1,
2.894942729121E-1));
#5041=DIRECTION('',(0.E0,1.E0,0.E0));
#5042=DIRECTION('',(-4.062642738109E-1,0.E0,9.137556236899E-1));
#5043=AXIS2_PLACEMENT_3D('',#5040,#5041,#5042);
#5045=CURVE_STYLE('',#21,POSITIVE_LENGTH_MEASURE(2.E-2),#3);
#5046=PRESENTATION_STYLE_ASSIGNMENT((#5045));
#5047=STYLED_ITEM('',(#5046),#5044);
#5048=DIRECTION('',(0.E0,-1.E0,0.E0));
#5049=VECTOR('',#5048,2.519685039370E-1);
#5050=CARTESIAN_POINT('',(7.877391821420E-1,2.519685039370E-1,
2.930634661501E-1));
#5051=LINE('',#5050,#5049);
#5052=CURVE_STYLE('',#21,POSITIVE_LENGTH_MEASURE(2.E-2),#3);
#5053=PRESENTATION_STYLE_ASSIGNMENT((#5052));
#5054=STYLED_ITEM('',(#5053),#5051);
#5055=CARTESIAN_POINT('',(7.781453784547E-1,0.E0,2.894942729121E-1));
#5056=DIRECTION('',(0.E0,1.E0,0.E0));
#5057=DIRECTION('',(-4.062642738109E-1,0.E0,9.137556236899E-1));
#5058=AXIS2_PLACEMENT_3D('',#5055,#5056,#5057);
#5060=CURVE_STYLE('',#21,POSITIVE_LENGTH_MEASURE(2.E-2),#3);
#5061=PRESENTATION_STYLE_ASSIGNMENT((#5060));
#5062=STYLED_ITEM('',(#5061),#5059);
#5063=CARTESIAN_POINT('',(0.E0,2.519685039370E-1,0.E0));
#5064=DIRECTION('',(0.E0,-1.E0,0.E0));
#5065=DIRECTION('',(9.470777510689E-1,0.E0,3.210042576513E-1));
#5066=AXIS2_PLACEMENT_3D('',#5063,#5064,#5065);
#5068=CURVE_STYLE('',#21,POSITIVE_LENGTH_MEASURE(2.E-2),#3);
#5069=PRESENTATION_STYLE_ASSIGNMENT((#5068));
#5070=STYLED_ITEM('',(#5069),#5067);
#5071=DIRECTION('',(0.E0,-1.E0,0.E0));
#5072=VECTOR('',#5071,2.519685039370E-1);
#5073=CARTESIAN_POINT('',(7.960069981275E-1,2.519685039370E-1,
2.698000615375E-1));
#5074=LINE('',#5073,#5072);
#5075=CURVE_STYLE('',#21,POSITIVE_LENGTH_MEASURE(2.E-2),#3);
#5076=PRESENTATION_STYLE_ASSIGNMENT((#5075));
#5077=STYLED_ITEM('',(#5076),#5074);
#5078=CARTESIAN_POINT('',(0.E0,0.E0,0.E0));
#5079=DIRECTION('',(0.E0,1.E0,0.E0));
#5080=DIRECTION('',(9.372408217602E-1,0.E0,3.486827240147E-1));
#5081=AXIS2_PLACEMENT_3D('',#5078,#5079,#5080);
#5083=CURVE_STYLE('',#21,POSITIVE_LENGTH_MEASURE(2.E-2),#3);
#5084=PRESENTATION_STYLE_ASSIGNMENT((#5083));
#5085=STYLED_ITEM('',(#5084),#5082);
#5086=CARTESIAN_POINT('',(7.863125014630E-1,2.519685039370E-1,
2.665141911835E-1));
#5087=DIRECTION('',(0.E0,1.E0,0.E0));
#5088=DIRECTION('',(9.470777510690E-1,0.E0,3.210042576511E-1));
#5089=AXIS2_PLACEMENT_3D('',#5086,#5087,#5088);
#5091=CURVE_STYLE('',#21,POSITIVE_LENGTH_MEASURE(2.E-2),#3);
#5092=PRESENTATION_STYLE_ASSIGNMENT((#5091));
#5093=STYLED_ITEM('',(#5092),#5090);
#5094=DIRECTION('',(0.E0,-1.E0,0.E0));
#5095=VECTOR('',#5094,2.519685039370E-1);
#5096=CARTESIAN_POINT('',(7.889894407241E-1,2.519685039370E-1,
2.566342010139E-1));
#5097=LINE('',#5096,#5095);
#5098=CURVE_STYLE('',#21,POSITIVE_LENGTH_MEASURE(2.E-2),#3);
#5099=PRESENTATION_STYLE_ASSIGNMENT((#5098));
#5100=STYLED_ITEM('',(#5099),#5097);
#5101=CARTESIAN_POINT('',(7.863125014630E-1,0.E0,2.665141911835E-1));
#5102=DIRECTION('',(0.E0,1.E0,0.E0));
#5103=DIRECTION('',(9.470777510689E-1,0.E0,3.210042576512E-1));
#5104=AXIS2_PLACEMENT_3D('',#5101,#5102,#5103);
#5106=CURVE_STYLE('',#21,POSITIVE_LENGTH_MEASURE(2.E-2),#3);
#5107=PRESENTATION_STYLE_ASSIGNMENT((#5106));
#5108=STYLED_ITEM('',(#5107),#5105);
#5109=CARTESIAN_POINT('',(7.979468913284E-1,0.E0,2.235742339076E-1));
#5110=DIRECTION('',(0.E0,1.E0,0.E0));
#5111=DIRECTION('',(2.780572650704E-1,0.E0,-9.605644993136E-1));
#5112=AXIS2_PLACEMENT_3D('',#5109,#5110,#5111);
#5114=CURVE_STYLE('',#21,POSITIVE_LENGTH_MEASURE(2.E-2),#3);
#5115=PRESENTATION_STYLE_ASSIGNMENT((#5114));
#5116=STYLED_ITEM('',(#5115),#5113);
#5117=CARTESIAN_POINT('',(7.979468913284E-1,2.519685039370E-1,
2.235742339076E-1));
#5118=DIRECTION('',(0.E0,1.E0,0.E0));
#5119=DIRECTION('',(2.780572650704E-1,0.E0,-9.605644993136E-1));
#5120=AXIS2_PLACEMENT_3D('',#5117,#5118,#5119);
#5122=CURVE_STYLE('',#21,POSITIVE_LENGTH_MEASURE(2.E-2),#3);
#5123=PRESENTATION_STYLE_ASSIGNMENT((#5122));
#5124=STYLED_ITEM('',(#5123),#5121);
#5125=DIRECTION('',(0.E0,-1.E0,0.E0));
#5126=VECTOR('',#5125,2.519685039370E-1);
#5127=CARTESIAN_POINT('',(8.074709000139E-1,2.519685039370E-1,
1.906730089311E-1));
#5128=LINE('',#5127,#5126);
#5129=CURVE_STYLE('',#21,POSITIVE_LENGTH_MEASURE(2.E-2),#3);
#5130=PRESENTATION_STYLE_ASSIGNMENT((#5129));
#5131=STYLED_ITEM('',(#5130),#5128);
#5132=CARTESIAN_POINT('',(8.103171554831E-1,2.519685039370E-1,
1.808404589382E-1));
#5133=DIRECTION('',(0.E0,1.E0,0.E0));
#5134=DIRECTION('',(-2.780572650704E-1,0.E0,9.605644993136E-1));
#5135=AXIS2_PLACEMENT_3D('',#5132,#5133,#5134);
#5137=CURVE_STYLE('',#21,POSITIVE_LENGTH_MEASURE(2.E-2),#3);
#5138=PRESENTATION_STYLE_ASSIGNMENT((#5137));
#5139=STYLED_ITEM('',(#5138),#5136);
#5140=DIRECTION('',(0.E0,-1.E0,0.E0));
#5141=VECTOR('',#5140,2.519685039371E-1);
#5142=CARTESIAN_POINT('',(8.203076070484E-1,2.519685039371E-1,
1.830700524175E-1));
#5143=LINE('',#5142,#5141);
#5144=CURVE_STYLE('',#21,POSITIVE_LENGTH_MEASURE(2.E-2),#3);
#5145=PRESENTATION_STYLE_ASSIGNMENT((#5144));
#5146=STYLED_ITEM('',(#5145),#5143);
#5147=CARTESIAN_POINT('',(8.103171554831E-1,0.E0,1.808404589382E-1));
#5148=DIRECTION('',(0.E0,1.E0,0.E0));
#5149=DIRECTION('',(-2.780572650704E-1,0.E0,9.605644993136E-1));
#5150=AXIS2_PLACEMENT_3D('',#5147,#5148,#5149);
#5152=CURVE_STYLE('',#21,POSITIVE_LENGTH_MEASURE(2.E-2),#3);
#5153=PRESENTATION_STYLE_ASSIGNMENT((#5152));
#5154=STYLED_ITEM('',(#5153),#5151);
#5155=CARTESIAN_POINT('',(0.E0,2.519685039370E-1,0.E0));
#5156=DIRECTION('',(0.E0,-1.E0,0.E0));
#5157=DIRECTION('',(9.819666918977E-1,0.E0,1.890540028763E-1));
#5158=AXIS2_PLACEMENT_3D('',#5155,#5156,#5157);
#5160=CURVE_STYLE('',#21,POSITIVE_LENGTH_MEASURE(2.E-2),#3);
#5161=PRESENTATION_STYLE_ASSIGNMENT((#5160));
#5162=STYLED_ITEM('',(#5161),#5159);
#5163=DIRECTION('',(0.E0,-1.E0,0.E0));
#5164=VECTOR('',#5163,2.519685039372E-1);
#5165=CARTESIAN_POINT('',(8.253307162971E-1,2.519685039371E-1,
1.588975236127E-1));
#5166=LINE('',#5165,#5164);
#5167=CURVE_STYLE('',#21,POSITIVE_LENGTH_MEASURE(2.E-2),#3);
#5168=PRESENTATION_STYLE_ASSIGNMENT((#5167));
#5169=STYLED_ITEM('',(#5168),#5166);
#5170=CARTESIAN_POINT('',(0.E0,0.E0,0.E0));
#5171=DIRECTION('',(0.E0,1.E0,0.E0));
#5172=DIRECTION('',(9.759902682962E-1,0.E0,2.178141322118E-1));
#5173=AXIS2_PLACEMENT_3D('',#5170,#5171,#5172);
#5175=CURVE_STYLE('',#21,POSITIVE_LENGTH_MEASURE(2.E-2),#3);
#5176=PRESENTATION_STYLE_ASSIGNMENT((#5175));
#5177=STYLED_ITEM('',(#5176),#5174);
#5178=CARTESIAN_POINT('',(8.152790887422E-1,2.519685039370E-1,
1.569623251581E-1));
#5179=DIRECTION('',(0.E0,1.E0,0.E0));
#5180=DIRECTION('',(9.819666918977E-1,0.E0,1.890540028762E-1));
#5181=AXIS2_PLACEMENT_3D('',#5178,#5179,#5180);
#5183=CURVE_STYLE('',#21,POSITIVE_LENGTH_MEASURE(2.E-2),#3);
#5184=PRESENTATION_STYLE_ASSIGNMENT((#5183));
#5185=STYLED_ITEM('',(#5184),#5182);
#5186=DIRECTION('',(0.E0,-1.E0,0.E0));
#5187=VECTOR('',#5186,2.519685039370E-1);
#5188=CARTESIAN_POINT('',(8.165857696920E-1,2.519685039370E-1,
1.468098479010E-1));
#5189=LINE('',#5188,#5187);
#5190=CURVE_STYLE('',#21,POSITIVE_LENGTH_MEASURE(2.E-2),#3);
#5191=PRESENTATION_STYLE_ASSIGNMENT((#5190));
#5192=STYLED_ITEM('',(#5191),#5189);
#5193=CARTESIAN_POINT('',(8.152790887422E-1,0.E0,1.569623251581E-1));
#5194=DIRECTION('',(0.E0,1.E0,0.E0));
#5195=DIRECTION('',(9.819666918977E-1,0.E0,1.890540028763E-1));
#5196=AXIS2_PLACEMENT_3D('',#5193,#5194,#5195);
#5198=CURVE_STYLE('',#21,POSITIVE_LENGTH_MEASURE(2.E-2),#3);
#5199=PRESENTATION_STYLE_ASSIGNMENT((#5198));
#5200=STYLED_ITEM('',(#5199),#5197);
#5201=CARTESIAN_POINT('',(8.209581251779E-1,0.E0,1.128380970792E-1));
#5202=DIRECTION('',(0.E0,1.E0,0.E0));
#5203=DIRECTION('',(1.446705755862E-1,0.E0,-9.894798757729E-1));
#5204=AXIS2_PLACEMENT_3D('',#5201,#5202,#5203);
#5206=CURVE_STYLE('',#21,POSITIVE_LENGTH_MEASURE(2.E-2),#3);
#5207=PRESENTATION_STYLE_ASSIGNMENT((#5206));
#5208=STYLED_ITEM('',(#5207),#5205);
#5209=CARTESIAN_POINT('',(8.209581251779E-1,2.519685039370E-1,
1.128380970792E-1));
#5210=DIRECTION('',(0.E0,1.E0,0.E0));
#5211=DIRECTION('',(1.446705755862E-1,0.E0,-9.894798757729E-1));
#5212=AXIS2_PLACEMENT_3D('',#5209,#5210,#5211);
#5214=CURVE_STYLE('',#21,POSITIVE_LENGTH_MEASURE(2.E-2),#3);
#5215=PRESENTATION_STYLE_ASSIGNMENT((#5214));
#5216=STYLED_ITEM('',(#5215),#5213);
#5217=DIRECTION('',(0.E0,-1.E0,0.E0));
#5218=VECTOR('',#5217,2.519685039370E-1);
#5219=CARTESIAN_POINT('',(8.259133771764E-1,2.519685039370E-1,
7.894646353892E-2));
#5220=LINE('',#5219,#5218);
#5221=CURVE_STYLE('',#21,POSITIVE_LENGTH_MEASURE(2.E-2),#3);
#5222=PRESENTATION_STYLE_ASSIGNMENT((#5221));
#5223=STYLED_ITEM('',(#5222),#5220);
#5224=CARTESIAN_POINT('',(8.273942570839E-1,2.519685039370E-1,
6.881792937746E-2));
#5225=DIRECTION('',(0.E0,1.E0,0.E0));
#5226=DIRECTION('',(-1.446705755862E-1,0.E0,9.894798757729E-1));
#5227=AXIS2_PLACEMENT_3D('',#5224,#5225,#5226);
#5229=CURVE_STYLE('',#21,POSITIVE_LENGTH_MEASURE(2.E-2),#3);
#5230=PRESENTATION_STYLE_ASSIGNMENT((#5229));
#5231=STYLED_ITEM('',(#5230),#5228);
#5232=DIRECTION('',(0.E0,-1.E0,0.E0));
#5233=VECTOR('',#5232,2.519685039363E-1);
#5234=CARTESIAN_POINT('',(8.375952533167E-1,2.519685039366E-1,
6.966638999018E-2));
#5235=LINE('',#5234,#5233);
#5236=CURVE_STYLE('',#21,POSITIVE_LENGTH_MEASURE(2.E-2),#3);
#5237=PRESENTATION_STYLE_ASSIGNMENT((#5236));
#5238=STYLED_ITEM('',(#5237),#5235);
#5239=CARTESIAN_POINT('',(8.273942570839E-1,0.E0,6.881792937746E-2));
#5240=DIRECTION('',(0.E0,1.E0,0.E0));
#5241=DIRECTION('',(-1.446705755862E-1,0.E0,9.894798757729E-1));
#5242=AXIS2_PLACEMENT_3D('',#5239,#5240,#5241);
#5244=CURVE_STYLE('',#21,POSITIVE_LENGTH_MEASURE(2.E-2),#3);
#5245=PRESENTATION_STYLE_ASSIGNMENT((#5244));
#5246=STYLED_ITEM('',(#5245),#5243);
#5247=CARTESIAN_POINT('',(8.647000845150E-1,3.307086614173E-1,0.E0));
#5248=CARTESIAN_POINT('',(-8.647000845150E-1,3.307086614173E-1,0.E0));
#5249=VERTEX_POINT('',#5247);
#5250=VERTEX_POINT('',#5248);
#5251=CARTESIAN_POINT('',(2.240009902214E-2,2.519685039370E-1,
-8.293754796640E-1));
#5252=CARTESIAN_POINT('',(9.074181661739E-2,2.519685039370E-1,
-8.247007781136E-1));
#5253=VERTEX_POINT('',#5251);
#5254=VERTEX_POINT('',#5252);
#5255=CARTESIAN_POINT('',(-9.074181661739E-2,2.519685039370E-1,
-8.247007781136E-1));
#5256=CARTESIAN_POINT('',(-2.240009902214E-2,2.519685039370E-1,
-8.293754796640E-1));
#5257=VERTEX_POINT('',#5255);
#5258=VERTEX_POINT('',#5256);
#5259=CARTESIAN_POINT('',(-2.021933839034E-1,2.519685039370E-1,
-8.046634614606E-1));
#5260=CARTESIAN_POINT('',(-1.351247431995E-1,2.519685039370E-1,
-8.186004852670E-1));
#5261=VERTEX_POINT('',#5259);
#5262=VERTEX_POINT('',#5260);
#5263=CARTESIAN_POINT('',(-3.098784710120E-1,2.519685039370E-1,
-7.696367870024E-1));
#5264=CARTESIAN_POINT('',(-2.453322690769E-1,2.519685039370E-1,
-7.925765126811E-1));
#5265=VERTEX_POINT('',#5263);
#5266=VERTEX_POINT('',#5264);
#5267=CARTESIAN_POINT('',(-4.117911085181E-1,2.519685039370E-1,
-7.202732354111E-1));
#5268=CARTESIAN_POINT('',(-3.509697189678E-1,2.519685039370E-1,
-7.517883392763E-1));
#5269=VERTEX_POINT('',#5267);
#5270=VERTEX_POINT('',#5268);
#5271=CARTESIAN_POINT('',(-5.060328568112E-1,2.519685039370E-1,
-6.574923562534E-1));
#5272=CARTESIAN_POINT('',(-4.500692670546E-1,2.519685039370E-1,
-6.969957715489E-1));
#5273=VERTEX_POINT('',#5271);
#5274=VERTEX_POINT('',#5272);
#5275=CARTESIAN_POINT('',(-5.908481704329E-1,2.519685039370E-1,
-5.824636385219E-1));
#5276=CARTESIAN_POINT('',(-5.407848762600E-1,2.519685039370E-1,
-6.292194913642E-1));
#5277=VERTEX_POINT('',#5275);
#5278=VERTEX_POINT('',#5276);
#5279=CARTESIAN_POINT('',(-6.646571005671E-1,2.519685039370E-1,
-4.965847252684E-1));
#5280=CARTESIAN_POINT('',(-6.214266864249E-1,2.519685039370E-1,
-5.497220425844E-1));
#5281=VERTEX_POINT('',#5279);
#5282=VERTEX_POINT('',#5280);
#5283=CARTESIAN_POINT('',(-7.260847264973E-1,2.519685039370E-1,
-4.014553781574E-1));
#5284=CARTESIAN_POINT('',(-6.904924932061E-1,2.519685039370E-1,
-4.599843122653E-1));
#5285=VERTEX_POINT('',#5283);
#5286=VERTEX_POINT('',#5284);
#5287=CARTESIAN_POINT('',(-7.739867677779E-1,2.519685039370E-1,
-2.988476769342E-1));
#5288=CARTESIAN_POINT('',(-7.466957313009E-1,2.519685039370E-1,
-3.616779445324E-1));
#5289=VERTEX_POINT('',#5287);
#5290=VERTEX_POINT('',#5288);
#5291=CARTESIAN_POINT('',(-8.074709000139E-1,2.519685039370E-1,
-1.906730089311E-1));
#5292=CARTESIAN_POINT('',(-7.889894407241E-1,2.519685039370E-1,
-2.566342010139E-1));
#5293=VERTEX_POINT('',#5291);
#5294=VERTEX_POINT('',#5292);
#5295=CARTESIAN_POINT('',(-8.259133771764E-1,2.519685039370E-1,
-7.894646353892E-2));
#5296=CARTESIAN_POINT('',(-8.165857696920E-1,2.519685039370E-1,
-1.468098479010E-1));
#5297=VERTEX_POINT('',#5295);
#5298=VERTEX_POINT('',#5296);
#5299=CARTESIAN_POINT('',(-8.289706508101E-1,2.519685039370E-1,
3.425070509659E-2));
#5300=CARTESIAN_POINT('',(-8.289706508101E-1,2.519685039370E-1,
-3.425070509660E-2));
#5301=VERTEX_POINT('',#5299);
#5302=VERTEX_POINT('',#5300);
#5303=CARTESIAN_POINT('',(-8.165857696920E-1,2.519685039370E-1,
1.468098479010E-1));
#5304=CARTESIAN_POINT('',(-8.259133771764E-1,2.519685039370E-1,
7.894646353892E-2));
#5305=VERTEX_POINT('',#5303);
#5306=VERTEX_POINT('',#5304);
#5307=CARTESIAN_POINT('',(-7.889894407241E-1,2.519685039370E-1,
2.566342010139E-1));
#5308=CARTESIAN_POINT('',(-8.074709000139E-1,2.519685039370E-1,
1.906730089311E-1));
#5309=VERTEX_POINT('',#5307);
#5310=VERTEX_POINT('',#5308);
#5311=CARTESIAN_POINT('',(-7.466957313009E-1,2.519685039370E-1,
3.616779445324E-1));
#5312=CARTESIAN_POINT('',(-7.739867677778E-1,2.519685039370E-1,
2.988476769342E-1));
#5313=VERTEX_POINT('',#5311);
#5314=VERTEX_POINT('',#5312);
#5315=CARTESIAN_POINT('',(-6.904924932061E-1,2.519685039370E-1,
4.599843122653E-1));
#5316=CARTESIAN_POINT('',(-7.260847264973E-1,2.519685039370E-1,
4.014553781574E-1));
#5317=VERTEX_POINT('',#5315);
#5318=VERTEX_POINT('',#5316);
#5319=CARTESIAN_POINT('',(-6.214266864249E-1,2.519685039370E-1,
5.497220425844E-1));
#5320=CARTESIAN_POINT('',(-6.646571005671E-1,2.519685039370E-1,
4.965847252684E-1));
#5321=VERTEX_POINT('',#5319);
#5322=VERTEX_POINT('',#5320);
#5323=CARTESIAN_POINT('',(-5.407848762600E-1,2.519685039370E-1,
6.292194913642E-1));
#5324=CARTESIAN_POINT('',(-5.908481704329E-1,2.519685039370E-1,
5.824636385219E-1));
#5325=VERTEX_POINT('',#5323);
#5326=VERTEX_POINT('',#5324);
#5327=CARTESIAN_POINT('',(-4.500692670546E-1,2.519685039370E-1,
6.969957715489E-1));
#5328=CARTESIAN_POINT('',(-5.060328568112E-1,2.519685039370E-1,
6.574923562534E-1));
#5329=VERTEX_POINT('',#5327);
#5330=VERTEX_POINT('',#5328);
#5331=CARTESIAN_POINT('',(-3.509697189678E-1,2.519685039370E-1,
7.517883392763E-1));
#5332=CARTESIAN_POINT('',(-4.117911085181E-1,2.519685039370E-1,
7.202732354111E-1));
#5333=VERTEX_POINT('',#5331);
#5334=VERTEX_POINT('',#5332);
#5335=CARTESIAN_POINT('',(-2.453322690769E-1,2.519685039370E-1,
7.925765126811E-1));
#5336=CARTESIAN_POINT('',(-3.098784710120E-1,2.519685039370E-1,
7.696367870024E-1));
#5337=VERTEX_POINT('',#5335);
#5338=VERTEX_POINT('',#5336);
#5339=CARTESIAN_POINT('',(-1.351247431995E-1,2.519685039370E-1,
8.186004852670E-1));
#5340=CARTESIAN_POINT('',(-2.021933839034E-1,2.519685039370E-1,
8.046634614606E-1));
#5341=VERTEX_POINT('',#5339);
#5342=VERTEX_POINT('',#5340);
#5343=CARTESIAN_POINT('',(-2.240009902214E-2,2.519685039370E-1,
8.293754796640E-1));
#5344=CARTESIAN_POINT('',(-9.074181661739E-2,2.519685039370E-1,
8.247007781136E-1));
#5345=VERTEX_POINT('',#5343);
#5346=VERTEX_POINT('',#5344);
#5347=CARTESIAN_POINT('',(9.074181661739E-2,2.519685039370E-1,
8.247007781136E-1));
#5348=CARTESIAN_POINT('',(2.240009902214E-2,2.519685039370E-1,
8.293754796640E-1));
#5349=VERTEX_POINT('',#5347);
#5350=VERTEX_POINT('',#5348);
#5351=CARTESIAN_POINT('',(2.021933839034E-1,2.519685039370E-1,
8.046634614606E-1));
#5352=CARTESIAN_POINT('',(1.351247431995E-1,2.519685039370E-1,
8.186004852670E-1));
#5353=VERTEX_POINT('',#5351);
#5354=VERTEX_POINT('',#5352);
#5355=CARTESIAN_POINT('',(3.098784710120E-1,2.519685039370E-1,
7.696367870024E-1));
#5356=CARTESIAN_POINT('',(2.453322690769E-1,2.519685039370E-1,
7.925765126811E-1));
#5357=VERTEX_POINT('',#5355);
#5358=VERTEX_POINT('',#5356);
#5359=CARTESIAN_POINT('',(4.117911085181E-1,2.519685039370E-1,
7.202732354111E-1));
#5360=CARTESIAN_POINT('',(3.509697189678E-1,2.519685039370E-1,
7.517883392763E-1));
#5361=VERTEX_POINT('',#5359);
#5362=VERTEX_POINT('',#5360);
#5363=CARTESIAN_POINT('',(5.060328568112E-1,2.519685039370E-1,
6.574923562534E-1));
#5364=CARTESIAN_POINT('',(4.500692670546E-1,2.519685039370E-1,
6.969957715489E-1));
#5365=VERTEX_POINT('',#5363);
#5366=VERTEX_POINT('',#5364);
#5367=CARTESIAN_POINT('',(5.908481704329E-1,2.519685039370E-1,
5.824636385219E-1));
#5368=CARTESIAN_POINT('',(5.407848762600E-1,2.519685039370E-1,
6.292194913642E-1));
#5369=VERTEX_POINT('',#5367);
#5370=VERTEX_POINT('',#5368);
#5371=CARTESIAN_POINT('',(8.647000845150E-1,-7.874015748031E-2,0.E0));
#5372=CARTESIAN_POINT('',(-8.647000845150E-1,-7.874015748031E-2,0.E0));
#5373=VERTEX_POINT('',#5371);
#5374=VERTEX_POINT('',#5372);
#5375=CARTESIAN_POINT('',(2.240009902214E-2,0.E0,-8.293754796640E-1));
#5376=CARTESIAN_POINT('',(9.074181661739E-2,0.E0,-8.247007781136E-1));
#5377=VERTEX_POINT('',#5375);
#5378=VERTEX_POINT('',#5376);
#5379=CARTESIAN_POINT('',(-9.074181661739E-2,0.E0,-8.247007781136E-1));
#5380=CARTESIAN_POINT('',(-2.240009902214E-2,0.E0,-8.293754796640E-1));
#5381=VERTEX_POINT('',#5379);
#5382=VERTEX_POINT('',#5380);
#5383=CARTESIAN_POINT('',(-2.021933839034E-1,0.E0,-8.046634614606E-1));
#5384=CARTESIAN_POINT('',(-1.351247431995E-1,0.E0,-8.186004852670E-1));
#5385=VERTEX_POINT('',#5383);
#5386=VERTEX_POINT('',#5384);
#5387=CARTESIAN_POINT('',(-3.098784710120E-1,0.E0,-7.696367870024E-1));
#5388=CARTESIAN_POINT('',(-2.453322690769E-1,0.E0,-7.925765126811E-1));
#5389=VERTEX_POINT('',#5387);
#5390=VERTEX_POINT('',#5388);
#5391=CARTESIAN_POINT('',(-4.117911085181E-1,0.E0,-7.202732354111E-1));
#5392=CARTESIAN_POINT('',(-3.509697189678E-1,0.E0,-7.517883392763E-1));
#5393=VERTEX_POINT('',#5391);
#5394=VERTEX_POINT('',#5392);
#5395=CARTESIAN_POINT('',(-5.060328568112E-1,0.E0,-6.574923562534E-1));
#5396=CARTESIAN_POINT('',(-4.500692670546E-1,0.E0,-6.969957715489E-1));
#5397=VERTEX_POINT('',#5395);
#5398=VERTEX_POINT('',#5396);
#5399=CARTESIAN_POINT('',(-5.908481704329E-1,0.E0,-5.824636385219E-1));
#5400=CARTESIAN_POINT('',(-5.407848762600E-1,0.E0,-6.292194913642E-1));
#5401=VERTEX_POINT('',#5399);
#5402=VERTEX_POINT('',#5400);
#5403=CARTESIAN_POINT('',(-6.646571005671E-1,0.E0,-4.965847252684E-1));
#5404=CARTESIAN_POINT('',(-6.214266864249E-1,0.E0,-5.497220425844E-1));
#5405=VERTEX_POINT('',#5403);
#5406=VERTEX_POINT('',#5404);
#5407=CARTESIAN_POINT('',(-7.260847264973E-1,0.E0,-4.014553781574E-1));
#5408=CARTESIAN_POINT('',(-6.904924932061E-1,0.E0,-4.599843122653E-1));
#5409=VERTEX_POINT('',#5407);
#5410=VERTEX_POINT('',#5408);
#5411=CARTESIAN_POINT('',(-7.739867677779E-1,0.E0,-2.988476769342E-1));
#5412=CARTESIAN_POINT('',(-7.466957313009E-1,0.E0,-3.616779445324E-1));
#5413=VERTEX_POINT('',#5411);
#5414=VERTEX_POINT('',#5412);
#5415=CARTESIAN_POINT('',(-8.074709000139E-1,0.E0,-1.906730089311E-1));
#5416=CARTESIAN_POINT('',(-7.889894407241E-1,0.E0,-2.566342010139E-1));
#5417=VERTEX_POINT('',#5415);
#5418=VERTEX_POINT('',#5416);
#5419=CARTESIAN_POINT('',(-8.259133771764E-1,0.E0,-7.894646353892E-2));
#5420=CARTESIAN_POINT('',(-8.165857696920E-1,0.E0,-1.468098479010E-1));
#5421=VERTEX_POINT('',#5419);
#5422=VERTEX_POINT('',#5420);
#5423=CARTESIAN_POINT('',(-8.289706508101E-1,0.E0,3.425070509659E-2));
#5424=CARTESIAN_POINT('',(-8.289706508101E-1,0.E0,-3.425070509660E-2));
#5425=VERTEX_POINT('',#5423);
#5426=VERTEX_POINT('',#5424);
#5427=CARTESIAN_POINT('',(-8.165857696920E-1,0.E0,1.468098479010E-1));
#5428=CARTESIAN_POINT('',(-8.259133771764E-1,0.E0,7.894646353892E-2));
#5429=VERTEX_POINT('',#5427);
#5430=VERTEX_POINT('',#5428);
#5431=CARTESIAN_POINT('',(-7.889894407241E-1,0.E0,2.566342010139E-1));
#5432=CARTESIAN_POINT('',(-8.074709000139E-1,0.E0,1.906730089311E-1));
#5433=VERTEX_POINT('',#5431);
#5434=VERTEX_POINT('',#5432);
#5435=CARTESIAN_POINT('',(-7.466957313009E-1,0.E0,3.616779445324E-1));
#5436=CARTESIAN_POINT('',(-7.739867677778E-1,0.E0,2.988476769342E-1));
#5437=VERTEX_POINT('',#5435);
#5438=VERTEX_POINT('',#5436);
#5439=CARTESIAN_POINT('',(-6.904924932061E-1,0.E0,4.599843122653E-1));
#5440=CARTESIAN_POINT('',(-7.260847264973E-1,0.E0,4.014553781574E-1));
#5441=VERTEX_POINT('',#5439);
#5442=VERTEX_POINT('',#5440);
#5443=CARTESIAN_POINT('',(-6.214266864249E-1,0.E0,5.497220425844E-1));
#5444=CARTESIAN_POINT('',(-6.646571005671E-1,0.E0,4.965847252684E-1));
#5445=VERTEX_POINT('',#5443);
#5446=VERTEX_POINT('',#5444);
#5447=CARTESIAN_POINT('',(-5.407848762600E-1,0.E0,6.292194913642E-1));
#5448=CARTESIAN_POINT('',(-5.908481704329E-1,0.E0,5.824636385219E-1));
#5449=VERTEX_POINT('',#5447);
#5450=VERTEX_POINT('',#5448);
#5451=CARTESIAN_POINT('',(-4.500692670546E-1,0.E0,6.969957715489E-1));
#5452=CARTESIAN_POINT('',(-5.060328568112E-1,0.E0,6.574923562534E-1));
#5453=VERTEX_POINT('',#5451);
#5454=VERTEX_POINT('',#5452);
#5455=CARTESIAN_POINT('',(-3.509697189678E-1,0.E0,7.517883392763E-1));
#5456=CARTESIAN_POINT('',(-4.117911085181E-1,0.E0,7.202732354111E-1));
#5457=VERTEX_POINT('',#5455);
#5458=VERTEX_POINT('',#5456);
#5459=CARTESIAN_POINT('',(-2.453322690769E-1,0.E0,7.925765126811E-1));
#5460=CARTESIAN_POINT('',(-3.098784710120E-1,0.E0,7.696367870024E-1));
#5461=VERTEX_POINT('',#5459);
#5462=VERTEX_POINT('',#5460);
#5463=CARTESIAN_POINT('',(-1.351247431995E-1,0.E0,8.186004852670E-1));
#5464=CARTESIAN_POINT('',(-2.021933839034E-1,0.E0,8.046634614606E-1));
#5465=VERTEX_POINT('',#5463);
#5466=VERTEX_POINT('',#5464);
#5467=CARTESIAN_POINT('',(-2.240009902214E-2,0.E0,8.293754796640E-1));
#5468=CARTESIAN_POINT('',(-9.074181661739E-2,0.E0,8.247007781136E-1));
#5469=VERTEX_POINT('',#5467);
#5470=VERTEX_POINT('',#5468);
#5471=CARTESIAN_POINT('',(9.074181661739E-2,0.E0,8.247007781136E-1));
#5472=CARTESIAN_POINT('',(2.240009902214E-2,0.E0,8.293754796640E-1));
#5473=VERTEX_POINT('',#5471);
#5474=VERTEX_POINT('',#5472);
#5475=CARTESIAN_POINT('',(2.021933839034E-1,0.E0,8.046634614606E-1));
#5476=CARTESIAN_POINT('',(1.351247431995E-1,0.E0,8.186004852670E-1));
#5477=VERTEX_POINT('',#5475);
#5478=VERTEX_POINT('',#5476);
#5479=CARTESIAN_POINT('',(3.098784710120E-1,0.E0,7.696367870024E-1));
#5480=CARTESIAN_POINT('',(2.453322690769E-1,0.E0,7.925765126811E-1));
#5481=VERTEX_POINT('',#5479);
#5482=VERTEX_POINT('',#5480);
#5483=CARTESIAN_POINT('',(4.117911085181E-1,0.E0,7.202732354111E-1));
#5484=CARTESIAN_POINT('',(3.509697189678E-1,0.E0,7.517883392763E-1));
#5485=VERTEX_POINT('',#5483);
#5486=VERTEX_POINT('',#5484);
#5487=CARTESIAN_POINT('',(5.060328568112E-1,0.E0,6.574923562534E-1));
#5488=CARTESIAN_POINT('',(4.500692670546E-1,0.E0,6.969957715489E-1));
#5489=VERTEX_POINT('',#5487);
#5490=VERTEX_POINT('',#5488);
#5491=CARTESIAN_POINT('',(5.908481704329E-1,0.E0,5.824636385219E-1));
#5492=CARTESIAN_POINT('',(5.407848762600E-1,0.E0,6.292194913642E-1));
#5493=VERTEX_POINT('',#5491);
#5494=VERTEX_POINT('',#5492);
#5495=CARTESIAN_POINT('',(8.404874860898E-1,2.519685039370E-1,0.E0));
#5496=CARTESIAN_POINT('',(8.392800848076E-1,2.519685039370E-1,
4.503502546872E-2));
#5497=VERTEX_POINT('',#5495);
#5498=VERTEX_POINT('',#5496);
#5499=CARTESIAN_POINT('',(8.647000845150E-1,2.761811023622E-1,0.E0));
#5500=CARTESIAN_POINT('',(-8.647000845150E-1,2.761811023622E-1,0.E0));
#5501=VERTEX_POINT('',#5499);
#5502=VERTEX_POINT('',#5500);
#5503=CARTESIAN_POINT('',(-8.404874860898E-1,2.519685039370E-1,0.E0));
#5504=CARTESIAN_POINT('',(-8.392800848076E-1,2.519685039370E-1,
-4.503502546872E-2));
#5505=VERTEX_POINT('',#5503);
#5506=VERTEX_POINT('',#5504);
#5507=CARTESIAN_POINT('',(-8.404874860898E-1,0.E0,0.E0));
#5508=CARTESIAN_POINT('',(-8.392800848076E-1,0.E0,4.503502546872E-2));
#5509=VERTEX_POINT('',#5507);
#5510=VERTEX_POINT('',#5508);
#5511=CARTESIAN_POINT('',(-8.647000845150E-1,-2.421259842520E-2,0.E0));
#5512=CARTESIAN_POINT('',(8.647000845150E-1,-2.421259842520E-2,0.E0));
#5513=VERTEX_POINT('',#5511);
#5514=VERTEX_POINT('',#5512);
#5515=CARTESIAN_POINT('',(8.404874860898E-1,0.E0,0.E0));
#5516=CARTESIAN_POINT('',(8.392800848076E-1,0.E0,-4.503502546872E-2));
#5517=VERTEX_POINT('',#5515);
#5518=VERTEX_POINT('',#5516);
#5519=CARTESIAN_POINT('',(1.234446004633E-2,2.519685039370E-1,
-8.403968280400E-1));
#5520=VERTEX_POINT('',#5519);
#5521=CARTESIAN_POINT('',(-1.022045369060E-1,2.519685039370E-1,
-8.342502303922E-1));
#5522=VERTEX_POINT('',#5521);
#5523=CARTESIAN_POINT('',(-2.148496567142E-1,2.519685039370E-1,
-8.125631294142E-1));
#5524=VERTEX_POINT('',#5523);
#5525=CARTESIAN_POINT('',(-3.234925339290E-1,2.519685039370E-1,
-7.757395147637E-1));
#5526=VERTEX_POINT('',#5525);
#5527=CARTESIAN_POINT('',(-4.261093573081E-1,2.519685039370E-1,
-7.244653407087E-1));
#5528=VERTEX_POINT('',#5527);
#5529=CARTESIAN_POINT('',(-5.207885695903E-1,2.519685039370E-1,
-6.596957480973E-1));
#5530=VERTEX_POINT('',#5529);
#5531=CARTESIAN_POINT('',(-6.057664761910E-1,2.519685039370E-1,
-5.826372718912E-1));
#5532=VERTEX_POINT('',#5531);
#5533=CARTESIAN_POINT('',(-6.794600994943E-1,2.519685039370E-1,
-4.947253657018E-1));
#5534=VERTEX_POINT('',#5533);
#5535=CARTESIAN_POINT('',(-7.404966667320E-1,2.519685039370E-1,
-3.975976620057E-1));
#5536=VERTEX_POINT('',#5535);
#5537=CARTESIAN_POINT('',(-7.877391821420E-1,2.519685039370E-1,
-2.930634661501E-1));
#5538=VERTEX_POINT('',#5537);
#5539=CARTESIAN_POINT('',(-8.203076070484E-1,2.519685039370E-1,
-1.830700524175E-1));
#5540=VERTEX_POINT('',#5539);
#5541=CARTESIAN_POINT('',(-8.375952533171E-1,2.519685039370E-1,
-6.966638999021E-2));
#5542=VERTEX_POINT('',#5541);
#5543=CARTESIAN_POINT('',(-8.392800848076E-1,2.519685039370E-1,
4.503502546872E-2));
#5544=VERTEX_POINT('',#5543);
#5545=CARTESIAN_POINT('',(-8.253307162970E-1,2.519685039370E-1,
1.588975236127E-1));
#5546=VERTEX_POINT('',#5545);
#5547=CARTESIAN_POINT('',(-7.960069981275E-1,2.519685039370E-1,
2.698000615375E-1));
#5548=VERTEX_POINT('',#5547);
#5549=CARTESIAN_POINT('',(-7.518551756860E-1,2.519685039370E-1,
3.756767347971E-1));
#5550=VERTEX_POINT('',#5549);
#5551=CARTESIAN_POINT('',(-6.936977138860E-1,2.519685039370E-1,
4.745552612951E-1));
#5552=VERTEX_POINT('',#5551);
#5553=CARTESIAN_POINT('',(-6.226179762029E-1,2.519685039370E-1,
5.645937211683E-1));
#5554=VERTEX_POINT('',#5553);
#5555=CARTESIAN_POINT('',(-5.399400436615E-1,2.519685039370E-1,
6.441148682684E-1));
#5556=VERTEX_POINT('',#5555);
#5557=CARTESIAN_POINT('',(-4.472040497125E-1,2.519685039370E-1,
7.116373740848E-1));
#5558=VERTEX_POINT('',#5557);
#5559=CARTESIAN_POINT('',(-3.461374904600E-1,2.519685039370E-1,
7.659034220916E-1));
#5560=VERTEX_POINT('',#5559);
#5561=CARTESIAN_POINT('',(-2.386230446774E-1,2.519685039370E-1,
8.059021384898E-1));
#5562=VERTEX_POINT('',#5561);
#5563=CARTESIAN_POINT('',(-1.266635030646E-1,2.519685039370E-1,
8.308884228734E-1));
#5564=VERTEX_POINT('',#5563);
#5565=CARTESIAN_POINT('',(-1.234446004633E-2,2.519685039370E-1,
8.403968280400E-1));
#5566=VERTEX_POINT('',#5565);
#5567=CARTESIAN_POINT('',(1.022045369060E-1,2.519685039370E-1,
8.342502303922E-1));
#5568=VERTEX_POINT('',#5567);
#5569=CARTESIAN_POINT('',(2.148496567142E-1,2.519685039370E-1,
8.125631294142E-1));
#5570=VERTEX_POINT('',#5569);
#5571=CARTESIAN_POINT('',(3.234925339290E-1,2.519685039370E-1,
7.757395147637E-1));
#5572=VERTEX_POINT('',#5571);
#5573=CARTESIAN_POINT('',(4.261093573081E-1,2.519685039370E-1,
7.244653407087E-1));
#5574=VERTEX_POINT('',#5573);
#5575=CARTESIAN_POINT('',(5.207885695903E-1,2.519685039370E-1,
6.596957480973E-1));
#5576=VERTEX_POINT('',#5575);
#5577=CARTESIAN_POINT('',(6.057664761910E-1,2.519685039370E-1,
5.826372718912E-1));
#5578=VERTEX_POINT('',#5577);
#5579=CARTESIAN_POINT('',(1.234446004633E-2,0.E0,-8.403968280400E-1));
#5580=VERTEX_POINT('',#5579);
#5581=CARTESIAN_POINT('',(-1.022045369060E-1,0.E0,-8.342502303922E-1));
#5582=VERTEX_POINT('',#5581);
#5583=CARTESIAN_POINT('',(-2.148496567142E-1,0.E0,-8.125631294142E-1));
#5584=VERTEX_POINT('',#5583);
#5585=CARTESIAN_POINT('',(-3.234925339290E-1,0.E0,-7.757395147637E-1));
#5586=VERTEX_POINT('',#5585);
#5587=CARTESIAN_POINT('',(-4.261093573081E-1,0.E0,-7.244653407087E-1));
#5588=VERTEX_POINT('',#5587);
#5589=CARTESIAN_POINT('',(-5.207885695903E-1,0.E0,-6.596957480973E-1));
#5590=VERTEX_POINT('',#5589);
#5591=CARTESIAN_POINT('',(-6.057664761910E-1,0.E0,-5.826372718912E-1));
#5592=VERTEX_POINT('',#5591);
#5593=CARTESIAN_POINT('',(-6.794600994943E-1,0.E0,-4.947253657018E-1));
#5594=VERTEX_POINT('',#5593);
#5595=CARTESIAN_POINT('',(-7.404966667320E-1,0.E0,-3.975976620057E-1));
#5596=VERTEX_POINT('',#5595);
#5597=CARTESIAN_POINT('',(-7.877391821420E-1,0.E0,-2.930634661501E-1));
#5598=VERTEX_POINT('',#5597);
#5599=CARTESIAN_POINT('',(-8.203076070484E-1,0.E0,-1.830700524175E-1));
#5600=VERTEX_POINT('',#5599);
#5601=CARTESIAN_POINT('',(-8.375952533171E-1,0.E0,-6.966638999021E-2));
#5602=VERTEX_POINT('',#5601);
#5603=CARTESIAN_POINT('',(-8.253307162970E-1,0.E0,1.588975236127E-1));
#5604=VERTEX_POINT('',#5603);
#5605=CARTESIAN_POINT('',(-7.960069981275E-1,0.E0,2.698000615375E-1));
#5606=VERTEX_POINT('',#5605);
#5607=CARTESIAN_POINT('',(-7.518551756860E-1,0.E0,3.756767347971E-1));
#5608=VERTEX_POINT('',#5607);
#5609=CARTESIAN_POINT('',(-6.936977138860E-1,0.E0,4.745552612951E-1));
#5610=VERTEX_POINT('',#5609);
#5611=CARTESIAN_POINT('',(-6.226179762029E-1,0.E0,5.645937211683E-1));
#5612=VERTEX_POINT('',#5611);
#5613=CARTESIAN_POINT('',(-5.399400436615E-1,0.E0,6.441148682684E-1));
#5614=VERTEX_POINT('',#5613);
#5615=CARTESIAN_POINT('',(-4.472040497125E-1,0.E0,7.116373740848E-1));
#5616=VERTEX_POINT('',#5615);
#5617=CARTESIAN_POINT('',(-3.461374904600E-1,0.E0,7.659034220916E-1));
#5618=VERTEX_POINT('',#5617);
#5619=CARTESIAN_POINT('',(-2.386230446774E-1,0.E0,8.059021384898E-1));
#5620=VERTEX_POINT('',#5619);
#5621=CARTESIAN_POINT('',(-1.266635030646E-1,0.E0,8.308884228734E-1));
#5622=VERTEX_POINT('',#5621);
#5623=CARTESIAN_POINT('',(-1.234446004634E-2,0.E0,8.403968280400E-1));
#5624=VERTEX_POINT('',#5623);
#5625=CARTESIAN_POINT('',(1.022045369060E-1,0.E0,8.342502303922E-1));
#5626=VERTEX_POINT('',#5625);
#5627=CARTESIAN_POINT('',(2.148496567142E-1,0.E0,8.125631294142E-1));
#5628=VERTEX_POINT('',#5627);
#5629=CARTESIAN_POINT('',(3.234925339290E-1,0.E0,7.757395147637E-1));
#5630=VERTEX_POINT('',#5629);
#5631=CARTESIAN_POINT('',(4.261093573081E-1,0.E0,7.244653407087E-1));
#5632=VERTEX_POINT('',#5631);
#5633=CARTESIAN_POINT('',(5.207885695903E-1,0.E0,6.596957480973E-1));
#5634=VERTEX_POINT('',#5633);
#5635=CARTESIAN_POINT('',(6.057664761910E-1,0.E0,5.826372718912E-1));
#5636=VERTEX_POINT('',#5635);
#5637=CARTESIAN_POINT('',(1.022045369060E-1,2.519685039370E-1,
-8.342502303922E-1));
#5638=VERTEX_POINT('',#5637);
#5639=CARTESIAN_POINT('',(-1.234446004633E-2,2.519685039370E-1,
-8.403968280400E-1));
#5640=VERTEX_POINT('',#5639);
#5641=CARTESIAN_POINT('',(-1.266635030646E-1,2.519685039370E-1,
-8.308884228734E-1));
#5642=VERTEX_POINT('',#5641);
#5643=CARTESIAN_POINT('',(-2.386230446774E-1,2.519685039370E-1,
-8.059021384898E-1));
#5644=VERTEX_POINT('',#5643);
#5645=CARTESIAN_POINT('',(-3.461374904600E-1,2.519685039370E-1,
-7.659034220916E-1));
#5646=VERTEX_POINT('',#5645);
#5647=CARTESIAN_POINT('',(-4.472040497125E-1,2.519685039370E-1,
-7.116373740848E-1));
#5648=VERTEX_POINT('',#5647);
#5649=CARTESIAN_POINT('',(-5.399400436615E-1,2.519685039370E-1,
-6.441148682684E-1));
#5650=VERTEX_POINT('',#5649);
#5651=CARTESIAN_POINT('',(-6.226179762029E-1,2.519685039370E-1,
-5.645937211683E-1));
#5652=VERTEX_POINT('',#5651);
#5653=CARTESIAN_POINT('',(-6.936977138860E-1,2.519685039370E-1,
-4.745552612951E-1));
#5654=VERTEX_POINT('',#5653);
#5655=CARTESIAN_POINT('',(-7.518551756860E-1,2.519685039370E-1,
-3.756767347971E-1));
#5656=VERTEX_POINT('',#5655);
#5657=CARTESIAN_POINT('',(-7.960069981275E-1,2.519685039370E-1,
-2.698000615375E-1));
#5658=VERTEX_POINT('',#5657);
#5659=CARTESIAN_POINT('',(-8.253307162970E-1,2.519685039370E-1,
-1.588975236127E-1));
#5660=VERTEX_POINT('',#5659);
#5661=CARTESIAN_POINT('',(-8.375952533171E-1,2.519685039370E-1,
6.966638999021E-2));
#5662=VERTEX_POINT('',#5661);
#5663=CARTESIAN_POINT('',(-8.203076070484E-1,2.519685039370E-1,
1.830700524175E-1));
#5664=VERTEX_POINT('',#5663);
#5665=CARTESIAN_POINT('',(-7.877391821420E-1,2.519685039370E-1,
2.930634661501E-1));
#5666=VERTEX_POINT('',#5665);
#5667=CARTESIAN_POINT('',(-7.404966667320E-1,2.519685039370E-1,
3.975976620057E-1));
#5668=VERTEX_POINT('',#5667);
#5669=CARTESIAN_POINT('',(-6.794600994943E-1,2.519685039370E-1,
4.947253657018E-1));
#5670=VERTEX_POINT('',#5669);
#5671=CARTESIAN_POINT('',(-6.057664761910E-1,2.519685039370E-1,
5.826372718912E-1));
#5672=VERTEX_POINT('',#5671);
#5673=CARTESIAN_POINT('',(-5.207885695903E-1,2.519685039370E-1,
6.596957480973E-1));
#5674=VERTEX_POINT('',#5673);
#5675=CARTESIAN_POINT('',(-4.261093573081E-1,2.519685039370E-1,
7.244653407087E-1));
#5676=VERTEX_POINT('',#5675);
#5677=CARTESIAN_POINT('',(-3.234925339290E-1,2.519685039370E-1,
7.757395147637E-1));
#5678=VERTEX_POINT('',#5677);
#5679=CARTESIAN_POINT('',(-2.148496567142E-1,2.519685039370E-1,
8.125631294142E-1));
#5680=VERTEX_POINT('',#5679);
#5681=CARTESIAN_POINT('',(-1.022045369060E-1,2.519685039370E-1,
8.342502303922E-1));
#5682=VERTEX_POINT('',#5681);
#5683=CARTESIAN_POINT('',(1.234446004634E-2,2.519685039370E-1,
8.403968280400E-1));
#5684=VERTEX_POINT('',#5683);
#5685=CARTESIAN_POINT('',(1.266635030646E-1,2.519685039370E-1,
8.308884228734E-1));
#5686=VERTEX_POINT('',#5685);
#5687=CARTESIAN_POINT('',(2.386230446774E-1,2.519685039370E-1,
8.059021384898E-1));
#5688=VERTEX_POINT('',#5687);
#5689=CARTESIAN_POINT('',(3.461374904600E-1,2.519685039370E-1,
7.659034220916E-1));
#5690=VERTEX_POINT('',#5689);
#5691=CARTESIAN_POINT('',(4.472040497125E-1,2.519685039370E-1,
7.116373740848E-1));
#5692=VERTEX_POINT('',#5691);
#5693=CARTESIAN_POINT('',(5.399400436615E-1,2.519685039370E-1,
6.441148682684E-1));
#5694=VERTEX_POINT('',#5693);
#5695=CARTESIAN_POINT('',(1.022045369060E-1,0.E0,-8.342502303922E-1));
#5696=VERTEX_POINT('',#5695);
#5697=CARTESIAN_POINT('',(-1.234446004633E-2,0.E0,-8.403968280400E-1));
#5698=VERTEX_POINT('',#5697);
#5699=CARTESIAN_POINT('',(-1.266635030646E-1,0.E0,-8.308884228734E-1));
#5700=VERTEX_POINT('',#5699);
#5701=CARTESIAN_POINT('',(-2.386230446774E-1,0.E0,-8.059021384898E-1));
#5702=VERTEX_POINT('',#5701);
#5703=CARTESIAN_POINT('',(-3.461374904600E-1,0.E0,-7.659034220916E-1));
#5704=VERTEX_POINT('',#5703);
#5705=CARTESIAN_POINT('',(-4.472040497125E-1,0.E0,-7.116373740848E-1));
#5706=VERTEX_POINT('',#5705);
#5707=CARTESIAN_POINT('',(-5.399400436615E-1,0.E0,-6.441148682684E-1));
#5708=VERTEX_POINT('',#5707);
#5709=CARTESIAN_POINT('',(-6.226179762029E-1,0.E0,-5.645937211683E-1));
#5710=VERTEX_POINT('',#5709);
#5711=CARTESIAN_POINT('',(-6.936977138860E-1,0.E0,-4.745552612951E-1));
#5712=VERTEX_POINT('',#5711);
#5713=CARTESIAN_POINT('',(-7.518551756860E-1,0.E0,-3.756767347971E-1));
#5714=VERTEX_POINT('',#5713);
#5715=CARTESIAN_POINT('',(-7.960069981275E-1,0.E0,-2.698000615375E-1));
#5716=VERTEX_POINT('',#5715);
#5717=CARTESIAN_POINT('',(-8.253307162970E-1,0.E0,-1.588975236127E-1));
#5718=VERTEX_POINT('',#5717);
#5719=CARTESIAN_POINT('',(-8.392800848076E-1,0.E0,-4.503502546872E-2));
#5720=VERTEX_POINT('',#5719);
#5721=CARTESIAN_POINT('',(-8.375952533171E-1,0.E0,6.966638999021E-2));
#5722=VERTEX_POINT('',#5721);
#5723=CARTESIAN_POINT('',(-8.203076070484E-1,0.E0,1.830700524175E-1));
#5724=VERTEX_POINT('',#5723);
#5725=CARTESIAN_POINT('',(-7.877391821420E-1,0.E0,2.930634661501E-1));
#5726=VERTEX_POINT('',#5725);
#5727=CARTESIAN_POINT('',(-7.404966667320E-1,0.E0,3.975976620057E-1));
#5728=VERTEX_POINT('',#5727);
#5729=CARTESIAN_POINT('',(-6.794600994943E-1,0.E0,4.947253657018E-1));
#5730=VERTEX_POINT('',#5729);
#5731=CARTESIAN_POINT('',(-6.057664761910E-1,0.E0,5.826372718912E-1));
#5732=VERTEX_POINT('',#5731);
#5733=CARTESIAN_POINT('',(-5.207885695903E-1,0.E0,6.596957480973E-1));
#5734=VERTEX_POINT('',#5733);
#5735=CARTESIAN_POINT('',(-4.261093573081E-1,0.E0,7.244653407087E-1));
#5736=VERTEX_POINT('',#5735);
#5737=CARTESIAN_POINT('',(-3.234925339290E-1,0.E0,7.757395147637E-1));
#5738=VERTEX_POINT('',#5737);
#5739=CARTESIAN_POINT('',(-2.148496567142E-1,0.E0,8.125631294142E-1));
#5740=VERTEX_POINT('',#5739);
#5741=CARTESIAN_POINT('',(-1.022045369060E-1,0.E0,8.342502303922E-1));
#5742=VERTEX_POINT('',#5741);
#5743=CARTESIAN_POINT('',(1.234446004633E-2,0.E0,8.403968280400E-1));
#5744=VERTEX_POINT('',#5743);
#5745=CARTESIAN_POINT('',(1.266635030646E-1,0.E0,8.308884228734E-1));
#5746=VERTEX_POINT('',#5745);
#5747=CARTESIAN_POINT('',(2.386230446774E-1,0.E0,8.059021384898E-1));
#5748=VERTEX_POINT('',#5747);
#5749=CARTESIAN_POINT('',(3.461374904600E-1,0.E0,7.659034220916E-1));
#5750=VERTEX_POINT('',#5749);
#5751=CARTESIAN_POINT('',(4.472040497125E-1,0.E0,7.116373740848E-1));
#5752=VERTEX_POINT('',#5751);
#5753=CARTESIAN_POINT('',(5.399400436615E-1,0.E0,6.441148682684E-1));
#5754=VERTEX_POINT('',#5753);
#5755=CARTESIAN_POINT('',(8.375952533171E-1,2.519685039370E-1,
6.966638999021E-2));
#5756=CARTESIAN_POINT('',(8.253307162970E-1,2.519685039370E-1,
1.588975236127E-1));
#5757=VERTEX_POINT('',#5755);
#5758=VERTEX_POINT('',#5756);
#5759=CARTESIAN_POINT('',(8.203076070484E-1,2.519685039370E-1,
1.830700524175E-1));
#5760=CARTESIAN_POINT('',(7.960069981275E-1,2.519685039370E-1,
2.698000615375E-1));
#5761=VERTEX_POINT('',#5759);
#5762=VERTEX_POINT('',#5760);
#5763=CARTESIAN_POINT('',(7.877391821420E-1,2.519685039370E-1,
2.930634661501E-1));
#5764=CARTESIAN_POINT('',(7.518551756860E-1,2.519685039370E-1,
3.756767347971E-1));
#5765=VERTEX_POINT('',#5763);
#5766=VERTEX_POINT('',#5764);
#5767=CARTESIAN_POINT('',(7.404966667320E-1,2.519685039370E-1,
3.975976620057E-1));
#5768=CARTESIAN_POINT('',(6.936977138860E-1,2.519685039370E-1,
4.745552612951E-1));
#5769=VERTEX_POINT('',#5767);
#5770=VERTEX_POINT('',#5768);
#5771=CARTESIAN_POINT('',(6.794600994943E-1,2.519685039370E-1,
4.947253657018E-1));
#5772=CARTESIAN_POINT('',(6.226179762029E-1,2.519685039370E-1,
5.645937211683E-1));
#5773=VERTEX_POINT('',#5771);
#5774=VERTEX_POINT('',#5772);
#5775=CARTESIAN_POINT('',(1.266635030646E-1,2.519685039370E-1,
-8.308884228734E-1));
#5776=VERTEX_POINT('',#5775);
#5777=CARTESIAN_POINT('',(2.148496567142E-1,2.519685039370E-1,
-8.125631294142E-1));
#5778=VERTEX_POINT('',#5777);
#5779=CARTESIAN_POINT('',(2.386230446774E-1,2.519685039370E-1,
-8.059021384898E-1));
#5780=CARTESIAN_POINT('',(3.234925339290E-1,2.519685039370E-1,
-7.757395147637E-1));
#5781=VERTEX_POINT('',#5779);
#5782=VERTEX_POINT('',#5780);
#5783=CARTESIAN_POINT('',(3.461374904600E-1,2.519685039370E-1,
-7.659034220916E-1));
#5784=CARTESIAN_POINT('',(4.261093573081E-1,2.519685039370E-1,
-7.244653407087E-1));
#5785=VERTEX_POINT('',#5783);
#5786=VERTEX_POINT('',#5784);
#5787=CARTESIAN_POINT('',(8.375952533171E-1,0.E0,-6.966638999021E-2));
#5788=CARTESIAN_POINT('',(8.253307162970E-1,0.E0,-1.588975236127E-1));
#5789=VERTEX_POINT('',#5787);
#5790=VERTEX_POINT('',#5788);
#5791=CARTESIAN_POINT('',(8.203076070484E-1,0.E0,-1.830700524175E-1));
#5792=CARTESIAN_POINT('',(7.960069981275E-1,0.E0,-2.698000615375E-1));
#5793=VERTEX_POINT('',#5791);
#5794=VERTEX_POINT('',#5792);
#5795=CARTESIAN_POINT('',(7.877391821420E-1,0.E0,-2.930634661501E-1));
#5796=CARTESIAN_POINT('',(7.518551756860E-1,0.E0,-3.756767347971E-1));
#5797=VERTEX_POINT('',#5795);
#5798=VERTEX_POINT('',#5796);
#5799=CARTESIAN_POINT('',(7.404966667320E-1,0.E0,-3.975976620057E-1));
#5800=CARTESIAN_POINT('',(6.936977138860E-1,0.E0,-4.745552612951E-1));
#5801=VERTEX_POINT('',#5799);
#5802=VERTEX_POINT('',#5800);
#5803=CARTESIAN_POINT('',(6.794600994943E-1,0.E0,-4.947253657018E-1));
#5804=CARTESIAN_POINT('',(6.226179762029E-1,0.E0,-5.645937211683E-1));
#5805=VERTEX_POINT('',#5803);
#5806=VERTEX_POINT('',#5804);
#5807=CARTESIAN_POINT('',(6.057664761910E-1,0.E0,-5.826372718912E-1));
#5808=CARTESIAN_POINT('',(5.399400436615E-1,0.E0,-6.441148682684E-1));
#5809=VERTEX_POINT('',#5807);
#5810=VERTEX_POINT('',#5808);
#5811=CARTESIAN_POINT('',(1.266635030646E-1,0.E0,-8.308884228734E-1));
#5812=VERTEX_POINT('',#5811);
#5813=CARTESIAN_POINT('',(5.207885695903E-1,0.E0,-6.596957480973E-1));
#5814=CARTESIAN_POINT('',(4.472040497125E-1,0.E0,-7.116373740848E-1));
#5815=VERTEX_POINT('',#5813);
#5816=VERTEX_POINT('',#5814);
#5817=CARTESIAN_POINT('',(4.261093573081E-1,0.E0,-7.244653407087E-1));
#5818=CARTESIAN_POINT('',(3.461374904600E-1,0.E0,-7.659034220916E-1));
#5819=VERTEX_POINT('',#5817);
#5820=VERTEX_POINT('',#5818);
#5821=CARTESIAN_POINT('',(3.234925339290E-1,0.E0,-7.757395147637E-1));
#5822=CARTESIAN_POINT('',(2.386230446774E-1,0.E0,-8.059021384898E-1));
#5823=VERTEX_POINT('',#5821);
#5824=VERTEX_POINT('',#5822);
#5825=CARTESIAN_POINT('',(2.148496567142E-1,0.E0,-8.125631294142E-1));
#5826=VERTEX_POINT('',#5825);
#5827=CARTESIAN_POINT('',(6.646571005671E-1,2.519685039370E-1,
4.965847252684E-1));
#5828=CARTESIAN_POINT('',(6.214266864249E-1,2.519685039370E-1,
5.497220425844E-1));
#5829=VERTEX_POINT('',#5827);
#5830=VERTEX_POINT('',#5828);
#5831=CARTESIAN_POINT('',(7.260847264973E-1,2.519685039370E-1,
4.014553781574E-1));
#5832=CARTESIAN_POINT('',(6.904924932061E-1,2.519685039370E-1,
4.599843122653E-1));
#5833=VERTEX_POINT('',#5831);
#5834=VERTEX_POINT('',#5832);
#5835=CARTESIAN_POINT('',(7.739867677778E-1,2.519685039370E-1,
2.988476769342E-1));
#5836=CARTESIAN_POINT('',(7.466957313009E-1,2.519685039370E-1,
3.616779445324E-1));
#5837=VERTEX_POINT('',#5835);
#5838=VERTEX_POINT('',#5836);
#5839=CARTESIAN_POINT('',(8.074709000139E-1,2.519685039370E-1,
1.906730089311E-1));
#5840=CARTESIAN_POINT('',(7.889894407241E-1,2.519685039370E-1,
2.566342010139E-1));
#5841=VERTEX_POINT('',#5839);
#5842=VERTEX_POINT('',#5840);
#5843=CARTESIAN_POINT('',(8.259133771764E-1,2.519685039370E-1,
7.894646353892E-2));
#5844=CARTESIAN_POINT('',(8.165857696920E-1,2.519685039370E-1,
1.468098479010E-1));
#5845=VERTEX_POINT('',#5843);
#5846=VERTEX_POINT('',#5844);
#5847=CARTESIAN_POINT('',(8.289706508101E-1,2.519685039370E-1,
-3.425070509659E-2));
#5848=CARTESIAN_POINT('',(8.289706508101E-1,2.519685039370E-1,
3.425070509660E-2));
#5849=VERTEX_POINT('',#5847);
#5850=VERTEX_POINT('',#5848);
#5851=CARTESIAN_POINT('',(8.165857696920E-1,2.519685039370E-1,
-1.468098479010E-1));
#5852=CARTESIAN_POINT('',(8.259133771764E-1,2.519685039370E-1,
-7.894646353892E-2));
#5853=VERTEX_POINT('',#5851);
#5854=VERTEX_POINT('',#5852);
#5855=CARTESIAN_POINT('',(7.889894407241E-1,2.519685039370E-1,
-2.566342010139E-1));
#5856=CARTESIAN_POINT('',(8.074709000139E-1,2.519685039370E-1,
-1.906730089311E-1));
#5857=VERTEX_POINT('',#5855);
#5858=VERTEX_POINT('',#5856);
#5859=CARTESIAN_POINT('',(7.466957313009E-1,2.519685039370E-1,
-3.616779445324E-1));
#5860=CARTESIAN_POINT('',(7.739867677778E-1,2.519685039370E-1,
-2.988476769342E-1));
#5861=VERTEX_POINT('',#5859);
#5862=VERTEX_POINT('',#5860);
#5863=CARTESIAN_POINT('',(6.904924932061E-1,2.519685039370E-1,
-4.599843122653E-1));
#5864=CARTESIAN_POINT('',(7.260847264973E-1,2.519685039370E-1,
-4.014553781574E-1));
#5865=VERTEX_POINT('',#5863);
#5866=VERTEX_POINT('',#5864);
#5867=CARTESIAN_POINT('',(6.214266864249E-1,2.519685039370E-1,
-5.497220425844E-1));
#5868=CARTESIAN_POINT('',(6.646571005671E-1,2.519685039370E-1,
-4.965847252684E-1));
#5869=VERTEX_POINT('',#5867);
#5870=VERTEX_POINT('',#5868);
#5871=CARTESIAN_POINT('',(5.407848762600E-1,2.519685039370E-1,
-6.292194913642E-1));
#5872=CARTESIAN_POINT('',(5.908481704329E-1,2.519685039370E-1,
-5.824636385219E-1));
#5873=VERTEX_POINT('',#5871);
#5874=VERTEX_POINT('',#5872);
#5875=CARTESIAN_POINT('',(4.500692670546E-1,2.519685039370E-1,
-6.969957715489E-1));
#5876=CARTESIAN_POINT('',(5.060328568112E-1,2.519685039370E-1,
-6.574923562534E-1));
#5877=VERTEX_POINT('',#5875);
#5878=VERTEX_POINT('',#5876);
#5879=CARTESIAN_POINT('',(3.509697189678E-1,2.519685039370E-1,
-7.517883392763E-1));
#5880=CARTESIAN_POINT('',(4.117911085181E-1,2.519685039370E-1,
-7.202732354111E-1));
#5881=VERTEX_POINT('',#5879);
#5882=VERTEX_POINT('',#5880);
#5883=CARTESIAN_POINT('',(2.453322690769E-1,2.519685039370E-1,
-7.925765126811E-1));
#5884=CARTESIAN_POINT('',(3.098784710120E-1,2.519685039370E-1,
-7.696367870024E-1));
#5885=VERTEX_POINT('',#5883);
#5886=VERTEX_POINT('',#5884);
#5887=CARTESIAN_POINT('',(1.351247431995E-1,2.519685039370E-1,
-8.186004852670E-1));
#5888=CARTESIAN_POINT('',(2.021933839034E-1,2.519685039370E-1,
-8.046634614606E-1));
#5889=VERTEX_POINT('',#5887);
#5890=VERTEX_POINT('',#5888);
#5891=CARTESIAN_POINT('',(6.646571005671E-1,0.E0,4.965847252684E-1));
#5892=CARTESIAN_POINT('',(6.214266864249E-1,0.E0,5.497220425844E-1));
#5893=VERTEX_POINT('',#5891);
#5894=VERTEX_POINT('',#5892);
#5895=CARTESIAN_POINT('',(7.260847264973E-1,0.E0,4.014553781574E-1));
#5896=CARTESIAN_POINT('',(6.904924932061E-1,0.E0,4.599843122653E-1));
#5897=VERTEX_POINT('',#5895);
#5898=VERTEX_POINT('',#5896);
#5899=CARTESIAN_POINT('',(7.739867677778E-1,0.E0,2.988476769342E-1));
#5900=CARTESIAN_POINT('',(7.466957313009E-1,0.E0,3.616779445324E-1));
#5901=VERTEX_POINT('',#5899);
#5902=VERTEX_POINT('',#5900);
#5903=CARTESIAN_POINT('',(8.074709000139E-1,0.E0,1.906730089311E-1));
#5904=CARTESIAN_POINT('',(7.889894407241E-1,0.E0,2.566342010139E-1));
#5905=VERTEX_POINT('',#5903);
#5906=VERTEX_POINT('',#5904);
#5907=CARTESIAN_POINT('',(8.259133771764E-1,0.E0,7.894646353892E-2));
#5908=CARTESIAN_POINT('',(8.165857696920E-1,0.E0,1.468098479010E-1));
#5909=VERTEX_POINT('',#5907);
#5910=VERTEX_POINT('',#5908);
#5911=CARTESIAN_POINT('',(8.289706508101E-1,0.E0,-3.425070509659E-2));
#5912=CARTESIAN_POINT('',(8.289706508101E-1,0.E0,3.425070509660E-2));
#5913=VERTEX_POINT('',#5911);
#5914=VERTEX_POINT('',#5912);
#5915=CARTESIAN_POINT('',(8.165857696920E-1,0.E0,-1.468098479010E-1));
#5916=CARTESIAN_POINT('',(8.259133771764E-1,0.E0,-7.894646353892E-2));
#5917=VERTEX_POINT('',#5915);
#5918=VERTEX_POINT('',#5916);
#5919=CARTESIAN_POINT('',(7.889894407241E-1,0.E0,-2.566342010139E-1));
#5920=CARTESIAN_POINT('',(8.074709000139E-1,0.E0,-1.906730089311E-1));
#5921=VERTEX_POINT('',#5919);
#5922=VERTEX_POINT('',#5920);
#5923=CARTESIAN_POINT('',(7.466957313009E-1,0.E0,-3.616779445324E-1));
#5924=CARTESIAN_POINT('',(7.739867677778E-1,0.E0,-2.988476769342E-1));
#5925=VERTEX_POINT('',#5923);
#5926=VERTEX_POINT('',#5924);
#5927=CARTESIAN_POINT('',(6.904924932061E-1,0.E0,-4.599843122653E-1));
#5928=CARTESIAN_POINT('',(7.260847264973E-1,0.E0,-4.014553781574E-1));
#5929=VERTEX_POINT('',#5927);
#5930=VERTEX_POINT('',#5928);
#5931=CARTESIAN_POINT('',(6.214266864249E-1,0.E0,-5.497220425844E-1));
#5932=CARTESIAN_POINT('',(6.646571005671E-1,0.E0,-4.965847252684E-1));
#5933=VERTEX_POINT('',#5931);
#5934=VERTEX_POINT('',#5932);
#5935=CARTESIAN_POINT('',(5.407848762600E-1,0.E0,-6.292194913642E-1));
#5936=CARTESIAN_POINT('',(5.908481704329E-1,0.E0,-5.824636385219E-1));
#5937=VERTEX_POINT('',#5935);
#5938=VERTEX_POINT('',#5936);
#5939=CARTESIAN_POINT('',(4.500692670546E-1,0.E0,-6.969957715489E-1));
#5940=CARTESIAN_POINT('',(5.060328568112E-1,0.E0,-6.574923562534E-1));
#5941=VERTEX_POINT('',#5939);
#5942=VERTEX_POINT('',#5940);
#5943=CARTESIAN_POINT('',(3.509697189678E-1,0.E0,-7.517883392763E-1));
#5944=CARTESIAN_POINT('',(4.117911085181E-1,0.E0,-7.202732354111E-1));
#5945=VERTEX_POINT('',#5943);
#5946=VERTEX_POINT('',#5944);
#5947=CARTESIAN_POINT('',(2.453322690769E-1,0.E0,-7.925765126811E-1));
#5948=CARTESIAN_POINT('',(3.098784710120E-1,0.E0,-7.696367870024E-1));
#5949=VERTEX_POINT('',#5947);
#5950=VERTEX_POINT('',#5948);
#5951=CARTESIAN_POINT('',(1.351247431995E-1,0.E0,-8.186004852670E-1));
#5952=CARTESIAN_POINT('',(2.021933839034E-1,0.E0,-8.046634614606E-1));
#5953=VERTEX_POINT('',#5951);
#5954=VERTEX_POINT('',#5952);
#5955=CARTESIAN_POINT('',(4.472040497125E-1,2.519685039370E-1,
-7.116373740848E-1));
#5956=VERTEX_POINT('',#5955);
#5957=CARTESIAN_POINT('',(5.207885695903E-1,2.519685039370E-1,
-6.596957480973E-1));
#5958=VERTEX_POINT('',#5957);
#5959=CARTESIAN_POINT('',(5.399400436615E-1,2.519685039370E-1,
-6.441148682684E-1));
#5960=VERTEX_POINT('',#5959);
#5961=CARTESIAN_POINT('',(6.057664761910E-1,2.519685039370E-1,
-5.826372718912E-1));
#5962=VERTEX_POINT('',#5961);
#5963=CARTESIAN_POINT('',(6.226179762029E-1,2.519685039370E-1,
-5.645937211683E-1));
#5964=VERTEX_POINT('',#5963);
#5965=CARTESIAN_POINT('',(6.794600994943E-1,2.519685039370E-1,
-4.947253657018E-1));
#5966=VERTEX_POINT('',#5965);
#5967=CARTESIAN_POINT('',(6.936977138860E-1,2.519685039370E-1,
-4.745552612951E-1));
#5968=VERTEX_POINT('',#5967);
#5969=CARTESIAN_POINT('',(7.404966667320E-1,2.519685039370E-1,
-3.975976620057E-1));
#5970=VERTEX_POINT('',#5969);
#5971=CARTESIAN_POINT('',(7.518551756860E-1,2.519685039370E-1,
-3.756767347971E-1));
#5972=VERTEX_POINT('',#5971);
#5973=CARTESIAN_POINT('',(7.877391821420E-1,2.519685039370E-1,
-2.930634661501E-1));
#5974=VERTEX_POINT('',#5973);
#5975=CARTESIAN_POINT('',(7.960069981275E-1,2.519685039370E-1,
-2.698000615375E-1));
#5976=VERTEX_POINT('',#5975);
#5977=CARTESIAN_POINT('',(8.203076070484E-1,2.519685039370E-1,
-1.830700524175E-1));
#5978=VERTEX_POINT('',#5977);
#5979=CARTESIAN_POINT('',(8.253307162970E-1,2.519685039370E-1,
-1.588975236127E-1));
#5980=VERTEX_POINT('',#5979);
#5981=CARTESIAN_POINT('',(8.375952533171E-1,2.519685039370E-1,
-6.966638999021E-2));
#5982=VERTEX_POINT('',#5981);
#5983=CARTESIAN_POINT('',(8.392800848076E-1,2.519685039370E-1,
-4.503502546872E-2));
#5984=VERTEX_POINT('',#5983);
#5985=CARTESIAN_POINT('',(6.226179762029E-1,0.E0,5.645937211683E-1));
#5986=VERTEX_POINT('',#5985);
#5987=CARTESIAN_POINT('',(6.794600994943E-1,0.E0,4.947253657018E-1));
#5988=VERTEX_POINT('',#5987);
#5989=CARTESIAN_POINT('',(6.936977138860E-1,0.E0,4.745552612951E-1));
#5990=VERTEX_POINT('',#5989);
#5991=CARTESIAN_POINT('',(7.404966667320E-1,0.E0,3.975976620057E-1));
#5992=VERTEX_POINT('',#5991);
#5993=CARTESIAN_POINT('',(7.518551756860E-1,0.E0,3.756767347971E-1));
#5994=VERTEX_POINT('',#5993);
#5995=CARTESIAN_POINT('',(7.877391821420E-1,0.E0,2.930634661501E-1));
#5996=VERTEX_POINT('',#5995);
#5997=CARTESIAN_POINT('',(7.960069981275E-1,0.E0,2.698000615375E-1));
#5998=VERTEX_POINT('',#5997);
#5999=CARTESIAN_POINT('',(8.203076070484E-1,0.E0,1.830700524175E-1));
#6000=VERTEX_POINT('',#5999);
#6001=CARTESIAN_POINT('',(8.253307162970E-1,0.E0,1.588975236127E-1));
#6002=VERTEX_POINT('',#6001);
#6003=CARTESIAN_POINT('',(8.375952533171E-1,0.E0,6.966638999022E-2));
#6004=VERTEX_POINT('',#6003);
#6005=CARTESIAN_POINT('',(8.392800848076E-1,0.E0,4.503502546872E-2));
#6006=VERTEX_POINT('',#6005);
#6007=CARTESIAN_POINT('',(1.771653543307E-1,-7.874015748031E-2,0.E0));
#6008=CARTESIAN_POINT('',(-1.771653543307E-1,-7.874015748031E-2,0.E0));
#6009=VERTEX_POINT('',#6007);
#6010=VERTEX_POINT('',#6008);
#6011=CARTESIAN_POINT('',(1.574803149606E-1,-5.905511811024E-2,0.E0));
#6012=CARTESIAN_POINT('',(-1.574803149606E-1,-5.905511811024E-2,0.E0));
#6013=VERTEX_POINT('',#6011);
#6014=VERTEX_POINT('',#6012);
#6015=CARTESIAN_POINT('',(-1.771653543307E-1,3.307086614173E-1,0.E0));
#6016=CARTESIAN_POINT('',(1.771653543307E-1,3.307086614173E-1,0.E0));
#6017=VERTEX_POINT('',#6015);
#6018=VERTEX_POINT('',#6016);
#6019=CARTESIAN_POINT('',(-1.574803149606E-1,3.110236220472E-1,0.E0));
#6020=CARTESIAN_POINT('',(1.574803149606E-1,3.110236220472E-1,0.E0));
#6021=VERTEX_POINT('',#6019);
#6022=VERTEX_POINT('',#6020);
#6023=CARTESIAN_POINT('',(0.E0,2.519685039370E-1,0.E0));
#6024=DIRECTION('',(0.E0,1.E0,0.E0));
#6025=DIRECTION('',(1.E0,0.E0,0.E0));
#6026=AXIS2_PLACEMENT_3D('',#6023,#6024,#6025);
#6027=CYLINDRICAL_SURFACE('',#6026,8.404874860898E-1);
#6029=ORIENTED_EDGE('',*,*,#6028,.F.);
#6031=ORIENTED_EDGE('',*,*,#6030,.F.);
#6033=ORIENTED_EDGE('',*,*,#6032,.T.);
#6035=ORIENTED_EDGE('',*,*,#6034,.F.);
#6036=EDGE_LOOP('',(#6029,#6031,#6033,#6035));
#6037=FACE_OUTER_BOUND('',#6036,.F.);
#6039=CARTESIAN_POINT('',(1.219411799278E-2,2.519685039370E-1,
-8.301617116837E-1));
#6040=DIRECTION('',(0.E0,1.E0,0.E0));
#6041=DIRECTION('',(1.E0,0.E0,0.E0));
#6042=AXIS2_PLACEMENT_3D('',#6039,#6040,#6041);
#6043=CYLINDRICAL_SURFACE('',#6042,1.023622047244E-2);
#6045=ORIENTED_EDGE('',*,*,#6044,.T.);
#6046=ORIENTED_EDGE('',*,*,#6028,.T.);
#6048=ORIENTED_EDGE('',*,*,#6047,.F.);
#6050=ORIENTED_EDGE('',*,*,#6049,.F.);
#6051=EDGE_LOOP('',(#6045,#6046,#6048,#6050));
#6052=FACE_OUTER_BOUND('',#6051,.F.);
#6054=CARTESIAN_POINT('',(0.E0,2.519685039370E-1,0.E0));
#6055=DIRECTION('',(0.E0,1.E0,0.E0));
#6056=DIRECTION('',(1.E0,0.E0,0.E0));
#6057=AXIS2_PLACEMENT_3D('',#6054,#6055,#6056);
#6058=PLANE('',#6057);
#6060=ORIENTED_EDGE('',*,*,#6059,.F.);
#6062=ORIENTED_EDGE('',*,*,#6061,.F.);
#6064=ORIENTED_EDGE('',*,*,#6063,.F.);
#6066=ORIENTED_EDGE('',*,*,#6065,.T.);
#6068=ORIENTED_EDGE('',*,*,#6067,.F.);
#6069=EDGE_LOOP('',(#6060,#6062,#6064,#6066,#6068));
#6070=FACE_OUTER_BOUND('',#6069,.F.);
#6072=CARTESIAN_POINT('',(0.E0,2.519685039370E-1,0.E0));
#6073=DIRECTION('',(0.E0,1.E0,0.E0));
#6074=DIRECTION('',(1.E0,0.E0,0.E0));
#6075=AXIS2_PLACEMENT_3D('',#6072,#6073,#6074);
#6076=PLANE('',#6075);
#6078=ORIENTED_EDGE('',*,*,#6077,.F.);
#6080=ORIENTED_EDGE('',*,*,#6079,.F.);
#6082=ORIENTED_EDGE('',*,*,#6081,.F.);
#6084=ORIENTED_EDGE('',*,*,#6083,.T.);
#6086=ORIENTED_EDGE('',*,*,#6085,.F.);
#6087=EDGE_LOOP('',(#6078,#6080,#6082,#6084,#6086));
#6088=FACE_OUTER_BOUND('',#6087,.F.);
#6090=CARTESIAN_POINT('',(0.E0,2.519685039370E-1,0.E0));
#6091=DIRECTION('',(0.E0,1.E0,0.E0));
#6092=DIRECTION('',(1.E0,0.E0,0.E0));
#6093=AXIS2_PLACEMENT_3D('',#6090,#6091,#6092);
#6094=PLANE('',#6093);
#6095=ORIENTED_EDGE('',*,*,#6044,.F.);
#6097=ORIENTED_EDGE('',*,*,#6096,.T.);
#6099=ORIENTED_EDGE('',*,*,#6098,.F.);
#6101=ORIENTED_EDGE('',*,*,#6100,.F.);
#6102=EDGE_LOOP('',(#6095,#6097,#6099,#6101));
#6103=FACE_OUTER_BOUND('',#6102,.F.);
#6105=CARTESIAN_POINT('',(0.E0,2.519685039370E-1,0.E0));
#6106=DIRECTION('',(0.E0,1.E0,0.E0));
#6107=DIRECTION('',(1.E0,0.E0,0.E0));
#6108=AXIS2_PLACEMENT_3D('',#6105,#6106,#6107);
#6109=PLANE('',#6108);
#6111=ORIENTED_EDGE('',*,*,#6110,.F.);
#6113=ORIENTED_EDGE('',*,*,#6112,.T.);
#6115=ORIENTED_EDGE('',*,*,#6114,.F.);
#6117=ORIENTED_EDGE('',*,*,#6116,.F.);
#6118=EDGE_LOOP('',(#6111,#6113,#6115,#6117));
#6119=FACE_OUTER_BOUND('',#6118,.F.);
#6121=CARTESIAN_POINT('',(0.E0,2.519685039370E-1,0.E0));
#6122=DIRECTION('',(0.E0,1.E0,0.E0));
#6123=DIRECTION('',(1.E0,0.E0,0.E0));
#6124=AXIS2_PLACEMENT_3D('',#6121,#6122,#6123);
#6125=PLANE('',#6124);
#6127=ORIENTED_EDGE('',*,*,#6126,.F.);
#6129=ORIENTED_EDGE('',*,*,#6128,.T.);
#6131=ORIENTED_EDGE('',*,*,#6130,.F.);
#6133=ORIENTED_EDGE('',*,*,#6132,.F.);
#6134=EDGE_LOOP('',(#6127,#6129,#6131,#6133));
#6135=FACE_OUTER_BOUND('',#6134,.F.);
#6137=CARTESIAN_POINT('',(0.E0,2.519685039370E-1,0.E0));
#6138=DIRECTION('',(0.E0,1.E0,0.E0));
#6139=DIRECTION('',(1.E0,0.E0,0.E0));
#6140=AXIS2_PLACEMENT_3D('',#6137,#6138,#6139);
#6141=PLANE('',#6140);
#6143=ORIENTED_EDGE('',*,*,#6142,.F.);
#6145=ORIENTED_EDGE('',*,*,#6144,.T.);
#6147=ORIENTED_EDGE('',*,*,#6146,.F.);
#6149=ORIENTED_EDGE('',*,*,#6148,.F.);
#6150=EDGE_LOOP('',(#6143,#6145,#6147,#6149));
#6151=FACE_OUTER_BOUND('',#6150,.F.);
#6153=CARTESIAN_POINT('',(0.E0,2.519685039370E-1,0.E0));
#6154=DIRECTION('',(0.E0,1.E0,0.E0));
#6155=DIRECTION('',(1.E0,0.E0,0.E0));
#6156=AXIS2_PLACEMENT_3D('',#6153,#6154,#6155);
#6157=PLANE('',#6156);
#6159=ORIENTED_EDGE('',*,*,#6158,.F.);
#6161=ORIENTED_EDGE('',*,*,#6160,.T.);
#6163=ORIENTED_EDGE('',*,*,#6162,.F.);
#6165=ORIENTED_EDGE('',*,*,#6164,.F.);
#6166=EDGE_LOOP('',(#6159,#6161,#6163,#6165));
#6167=FACE_OUTER_BOUND('',#6166,.F.);
#6169=CARTESIAN_POINT('',(0.E0,2.519685039370E-1,0.E0));
#6170=DIRECTION('',(0.E0,1.E0,0.E0));
#6171=DIRECTION('',(1.E0,0.E0,0.E0));
#6172=AXIS2_PLACEMENT_3D('',#6169,#6170,#6171);
#6173=PLANE('',#6172);
#6175=ORIENTED_EDGE('',*,*,#6174,.F.);
#6177=ORIENTED_EDGE('',*,*,#6176,.T.);
#6179=ORIENTED_EDGE('',*,*,#6178,.F.);
#6181=ORIENTED_EDGE('',*,*,#6180,.F.);
#6182=EDGE_LOOP('',(#6175,#6177,#6179,#6181));
#6183=FACE_OUTER_BOUND('',#6182,.F.);
#6185=CARTESIAN_POINT('',(0.E0,2.519685039370E-1,0.E0));
#6186=DIRECTION('',(0.E0,1.E0,0.E0));
#6187=DIRECTION('',(1.E0,0.E0,0.E0));
#6188=AXIS2_PLACEMENT_3D('',#6185,#6186,#6187);
#6189=PLANE('',#6188);
#6191=ORIENTED_EDGE('',*,*,#6190,.F.);
#6193=ORIENTED_EDGE('',*,*,#6192,.T.);
#6195=ORIENTED_EDGE('',*,*,#6194,.F.);
#6197=ORIENTED_EDGE('',*,*,#6196,.F.);
#6198=EDGE_LOOP('',(#6191,#6193,#6195,#6197));
#6199=FACE_OUTER_BOUND('',#6198,.F.);
#6201=CARTESIAN_POINT('',(0.E0,2.519685039370E-1,0.E0));
#6202=DIRECTION('',(0.E0,1.E0,0.E0));
#6203=DIRECTION('',(1.E0,0.E0,0.E0));
#6204=AXIS2_PLACEMENT_3D('',#6201,#6202,#6203);
#6205=PLANE('',#6204);
#6207=ORIENTED_EDGE('',*,*,#6206,.F.);
#6209=ORIENTED_EDGE('',*,*,#6208,.T.);
#6211=ORIENTED_EDGE('',*,*,#6210,.F.);
#6213=ORIENTED_EDGE('',*,*,#6212,.F.);
#6214=EDGE_LOOP('',(#6207,#6209,#6211,#6213));
#6215=FACE_OUTER_BOUND('',#6214,.F.);
#6217=CARTESIAN_POINT('',(0.E0,2.519685039370E-1,0.E0));
#6218=DIRECTION('',(0.E0,1.E0,0.E0));
#6219=DIRECTION('',(1.E0,0.E0,0.E0));
#6220=AXIS2_PLACEMENT_3D('',#6217,#6218,#6219);
#6221=PLANE('',#6220);
#6223=ORIENTED_EDGE('',*,*,#6222,.F.);
#6225=ORIENTED_EDGE('',*,*,#6224,.T.);
#6227=ORIENTED_EDGE('',*,*,#6226,.F.);
#6229=ORIENTED_EDGE('',*,*,#6228,.F.);
#6230=EDGE_LOOP('',(#6223,#6225,#6227,#6229));
#6231=FACE_OUTER_BOUND('',#6230,.F.);
#6233=CARTESIAN_POINT('',(0.E0,2.519685039370E-1,0.E0));
#6234=DIRECTION('',(0.E0,1.E0,0.E0));
#6235=DIRECTION('',(1.E0,0.E0,0.E0));
#6236=AXIS2_PLACEMENT_3D('',#6233,#6234,#6235);
#6237=PLANE('',#6236);
#6239=ORIENTED_EDGE('',*,*,#6238,.F.);
#6241=ORIENTED_EDGE('',*,*,#6240,.T.);
#6243=ORIENTED_EDGE('',*,*,#6242,.F.);
#6245=ORIENTED_EDGE('',*,*,#6244,.F.);
#6246=EDGE_LOOP('',(#6239,#6241,#6243,#6245));
#6247=FACE_OUTER_BOUND('',#6246,.F.);
#6249=CARTESIAN_POINT('',(0.E0,2.519685039370E-1,0.E0));
#6250=DIRECTION('',(0.E0,1.E0,0.E0));
#6251=DIRECTION('',(1.E0,0.E0,0.E0));
#6252=AXIS2_PLACEMENT_3D('',#6249,#6250,#6251);
#6253=PLANE('',#6252);
#6255=ORIENTED_EDGE('',*,*,#6254,.F.);
#6257=ORIENTED_EDGE('',*,*,#6256,.T.);
#6259=ORIENTED_EDGE('',*,*,#6258,.F.);
#6261=ORIENTED_EDGE('',*,*,#6260,.F.);
#6262=EDGE_LOOP('',(#6255,#6257,#6259,#6261));
#6263=FACE_OUTER_BOUND('',#6262,.F.);
#6265=CARTESIAN_POINT('',(0.E0,2.519685039370E-1,0.E0));
#6266=DIRECTION('',(0.E0,1.E0,0.E0));
#6267=DIRECTION('',(1.E0,0.E0,0.E0));
#6268=AXIS2_PLACEMENT_3D('',#6265,#6266,#6267);
#6269=PLANE('',#6268);
#6271=ORIENTED_EDGE('',*,*,#6270,.F.);
#6273=ORIENTED_EDGE('',*,*,#6272,.T.);
#6275=ORIENTED_EDGE('',*,*,#6274,.F.);
#6277=ORIENTED_EDGE('',*,*,#6276,.F.);
#6278=EDGE_LOOP('',(#6271,#6273,#6275,#6277));
#6279=FACE_OUTER_BOUND('',#6278,.F.);
#6281=CARTESIAN_POINT('',(0.E0,2.519685039370E-1,0.E0));
#6282=DIRECTION('',(0.E0,1.E0,0.E0));
#6283=DIRECTION('',(1.E0,0.E0,0.E0));
#6284=AXIS2_PLACEMENT_3D('',#6281,#6282,#6283);
#6285=PLANE('',#6284);
#6287=ORIENTED_EDGE('',*,*,#6286,.F.);
#6289=ORIENTED_EDGE('',*,*,#6288,.T.);
#6291=ORIENTED_EDGE('',*,*,#6290,.F.);
#6293=ORIENTED_EDGE('',*,*,#6292,.F.);
#6294=EDGE_LOOP('',(#6287,#6289,#6291,#6293));
#6295=FACE_OUTER_BOUND('',#6294,.F.);
#6297=CARTESIAN_POINT('',(0.E0,2.519685039370E-1,0.E0));
#6298=DIRECTION('',(0.E0,1.E0,0.E0));
#6299=DIRECTION('',(1.E0,0.E0,0.E0));
#6300=AXIS2_PLACEMENT_3D('',#6297,#6298,#6299);
#6301=PLANE('',#6300);
#6303=ORIENTED_EDGE('',*,*,#6302,.F.);
#6305=ORIENTED_EDGE('',*,*,#6304,.T.);
#6307=ORIENTED_EDGE('',*,*,#6306,.F.);
#6309=ORIENTED_EDGE('',*,*,#6308,.F.);
#6310=EDGE_LOOP('',(#6303,#6305,#6307,#6309));
#6311=FACE_OUTER_BOUND('',#6310,.F.);
#6313=CARTESIAN_POINT('',(0.E0,2.519685039370E-1,0.E0));
#6314=DIRECTION('',(0.E0,1.E0,0.E0));
#6315=DIRECTION('',(1.E0,0.E0,0.E0));
#6316=AXIS2_PLACEMENT_3D('',#6313,#6314,#6315);
#6317=PLANE('',#6316);
#6319=ORIENTED_EDGE('',*,*,#6318,.F.);
#6321=ORIENTED_EDGE('',*,*,#6320,.T.);
#6323=ORIENTED_EDGE('',*,*,#6322,.F.);
#6325=ORIENTED_EDGE('',*,*,#6324,.F.);
#6326=EDGE_LOOP('',(#6319,#6321,#6323,#6325));
#6327=FACE_OUTER_BOUND('',#6326,.F.);
#6329=CARTESIAN_POINT('',(0.E0,2.519685039370E-1,0.E0));
#6330=DIRECTION('',(0.E0,1.E0,0.E0));
#6331=DIRECTION('',(1.E0,0.E0,0.E0));
#6332=AXIS2_PLACEMENT_3D('',#6329,#6330,#6331);
#6333=PLANE('',#6332);
#6335=ORIENTED_EDGE('',*,*,#6334,.F.);
#6337=ORIENTED_EDGE('',*,*,#6336,.T.);
#6339=ORIENTED_EDGE('',*,*,#6338,.F.);
#6341=ORIENTED_EDGE('',*,*,#6340,.F.);
#6342=EDGE_LOOP('',(#6335,#6337,#6339,#6341));
#6343=FACE_OUTER_BOUND('',#6342,.F.);
#6345=CARTESIAN_POINT('',(0.E0,2.519685039370E-1,0.E0));
#6346=DIRECTION('',(0.E0,1.E0,0.E0));
#6347=DIRECTION('',(1.E0,0.E0,0.E0));
#6348=AXIS2_PLACEMENT_3D('',#6345,#6346,#6347);
#6349=PLANE('',#6348);
#6351=ORIENTED_EDGE('',*,*,#6350,.F.);
#6353=ORIENTED_EDGE('',*,*,#6352,.T.);
#6355=ORIENTED_EDGE('',*,*,#6354,.F.);
#6357=ORIENTED_EDGE('',*,*,#6356,.F.);
#6358=EDGE_LOOP('',(#6351,#6353,#6355,#6357));
#6359=FACE_OUTER_BOUND('',#6358,.F.);
#6361=CARTESIAN_POINT('',(0.E0,2.519685039370E-1,0.E0));
#6362=DIRECTION('',(0.E0,1.E0,0.E0));
#6363=DIRECTION('',(1.E0,0.E0,0.E0));
#6364=AXIS2_PLACEMENT_3D('',#6361,#6362,#6363);
#6365=PLANE('',#6364);
#6367=ORIENTED_EDGE('',*,*,#6366,.F.);
#6369=ORIENTED_EDGE('',*,*,#6368,.T.);
#6371=ORIENTED_EDGE('',*,*,#6370,.F.);
#6373=ORIENTED_EDGE('',*,*,#6372,.F.);
#6374=EDGE_LOOP('',(#6367,#6369,#6371,#6373));
#6375=FACE_OUTER_BOUND('',#6374,.F.);
#6377=CARTESIAN_POINT('',(0.E0,2.519685039370E-1,0.E0));
#6378=DIRECTION('',(0.E0,1.E0,0.E0));
#6379=DIRECTION('',(1.E0,0.E0,0.E0));
#6380=AXIS2_PLACEMENT_3D('',#6377,#6378,#6379);
#6381=PLANE('',#6380);
#6383=ORIENTED_EDGE('',*,*,#6382,.F.);
#6385=ORIENTED_EDGE('',*,*,#6384,.T.);
#6387=ORIENTED_EDGE('',*,*,#6386,.F.);
#6389=ORIENTED_EDGE('',*,*,#6388,.F.);
#6390=EDGE_LOOP('',(#6383,#6385,#6387,#6389));
#6391=FACE_OUTER_BOUND('',#6390,.F.);
#6393=CARTESIAN_POINT('',(0.E0,2.519685039370E-1,0.E0));
#6394=DIRECTION('',(0.E0,1.E0,0.E0));
#6395=DIRECTION('',(1.E0,0.E0,0.E0));
#6396=AXIS2_PLACEMENT_3D('',#6393,#6394,#6395);
#6397=PLANE('',#6396);
#6399=ORIENTED_EDGE('',*,*,#6398,.F.);
#6401=ORIENTED_EDGE('',*,*,#6400,.T.);
#6403=ORIENTED_EDGE('',*,*,#6402,.F.);
#6405=ORIENTED_EDGE('',*,*,#6404,.F.);
#6406=EDGE_LOOP('',(#6399,#6401,#6403,#6405));
#6407=FACE_OUTER_BOUND('',#6406,.F.);
#6409=CARTESIAN_POINT('',(0.E0,2.519685039370E-1,0.E0));
#6410=DIRECTION('',(0.E0,1.E0,0.E0));
#6411=DIRECTION('',(1.E0,0.E0,0.E0));
#6412=AXIS2_PLACEMENT_3D('',#6409,#6410,#6411);
#6413=PLANE('',#6412);
#6415=ORIENTED_EDGE('',*,*,#6414,.F.);
#6417=ORIENTED_EDGE('',*,*,#6416,.T.);
#6419=ORIENTED_EDGE('',*,*,#6418,.F.);
#6421=ORIENTED_EDGE('',*,*,#6420,.F.);
#6422=EDGE_LOOP('',(#6415,#6417,#6419,#6421));
#6423=FACE_OUTER_BOUND('',#6422,.F.);
#6425=CARTESIAN_POINT('',(0.E0,2.519685039370E-1,0.E0));
#6426=DIRECTION('',(0.E0,1.E0,0.E0));
#6427=DIRECTION('',(1.E0,0.E0,0.E0));
#6428=AXIS2_PLACEMENT_3D('',#6425,#6426,#6427);
#6429=PLANE('',#6428);
#6431=ORIENTED_EDGE('',*,*,#6430,.F.);
#6433=ORIENTED_EDGE('',*,*,#6432,.T.);
#6435=ORIENTED_EDGE('',*,*,#6434,.F.);
#6437=ORIENTED_EDGE('',*,*,#6436,.F.);
#6438=EDGE_LOOP('',(#6431,#6433,#6435,#6437));
#6439=FACE_OUTER_BOUND('',#6438,.F.);
#6441=CARTESIAN_POINT('',(0.E0,2.519685039370E-1,0.E0));
#6442=DIRECTION('',(0.E0,1.E0,0.E0));
#6443=DIRECTION('',(1.E0,0.E0,0.E0));
#6444=AXIS2_PLACEMENT_3D('',#6441,#6442,#6443);
#6445=PLANE('',#6444);
#6447=ORIENTED_EDGE('',*,*,#6446,.F.);
#6449=ORIENTED_EDGE('',*,*,#6448,.T.);
#6451=ORIENTED_EDGE('',*,*,#6450,.F.);
#6453=ORIENTED_EDGE('',*,*,#6452,.F.);
#6454=EDGE_LOOP('',(#6447,#6449,#6451,#6453));
#6455=FACE_OUTER_BOUND('',#6454,.F.);
#6457=CARTESIAN_POINT('',(0.E0,2.519685039370E-1,0.E0));
#6458=DIRECTION('',(0.E0,1.E0,0.E0));
#6459=DIRECTION('',(1.E0,0.E0,0.E0));
#6460=AXIS2_PLACEMENT_3D('',#6457,#6458,#6459);
#6461=PLANE('',#6460);
#6463=ORIENTED_EDGE('',*,*,#6462,.F.);
#6465=ORIENTED_EDGE('',*,*,#6464,.T.);
#6467=ORIENTED_EDGE('',*,*,#6466,.F.);
#6469=ORIENTED_EDGE('',*,*,#6468,.F.);
#6470=EDGE_LOOP('',(#6463,#6465,#6467,#6469));
#6471=FACE_OUTER_BOUND('',#6470,.F.);
#6473=CARTESIAN_POINT('',(0.E0,2.519685039370E-1,0.E0));
#6474=DIRECTION('',(0.E0,1.E0,0.E0));
#6475=DIRECTION('',(1.E0,0.E0,0.E0));
#6476=AXIS2_PLACEMENT_3D('',#6473,#6474,#6475);
#6477=PLANE('',#6476);
#6479=ORIENTED_EDGE('',*,*,#6478,.F.);
#6481=ORIENTED_EDGE('',*,*,#6480,.T.);
#6483=ORIENTED_EDGE('',*,*,#6482,.F.);
#6485=ORIENTED_EDGE('',*,*,#6484,.F.);
#6486=EDGE_LOOP('',(#6479,#6481,#6483,#6485));
#6487=FACE_OUTER_BOUND('',#6486,.F.);
#6489=CARTESIAN_POINT('',(0.E0,2.519685039370E-1,0.E0));
#6490=DIRECTION('',(0.E0,1.E0,0.E0));
#6491=DIRECTION('',(1.E0,0.E0,0.E0));
#6492=AXIS2_PLACEMENT_3D('',#6489,#6490,#6491);
#6493=PLANE('',#6492);
#6495=ORIENTED_EDGE('',*,*,#6494,.F.);
#6497=ORIENTED_EDGE('',*,*,#6496,.T.);
#6499=ORIENTED_EDGE('',*,*,#6498,.F.);
#6501=ORIENTED_EDGE('',*,*,#6500,.F.);
#6502=EDGE_LOOP('',(#6495,#6497,#6499,#6501));
#6503=FACE_OUTER_BOUND('',#6502,.F.);
#6505=CARTESIAN_POINT('',(0.E0,2.519685039370E-1,0.E0));
#6506=DIRECTION('',(0.E0,1.E0,0.E0));
#6507=DIRECTION('',(1.E0,0.E0,0.E0));
#6508=AXIS2_PLACEMENT_3D('',#6505,#6506,#6507);
#6509=PLANE('',#6508);
#6511=ORIENTED_EDGE('',*,*,#6510,.F.);
#6513=ORIENTED_EDGE('',*,*,#6512,.T.);
#6515=ORIENTED_EDGE('',*,*,#6514,.F.);
#6517=ORIENTED_EDGE('',*,*,#6516,.F.);
#6518=EDGE_LOOP('',(#6511,#6513,#6515,#6517));
#6519=FACE_OUTER_BOUND('',#6518,.F.);
#6521=CARTESIAN_POINT('',(0.E0,2.519685039370E-1,0.E0));
#6522=DIRECTION('',(0.E0,1.E0,0.E0));
#6523=DIRECTION('',(1.E0,0.E0,0.E0));
#6524=AXIS2_PLACEMENT_3D('',#6521,#6522,#6523);
#6525=PLANE('',#6524);
#6527=ORIENTED_EDGE('',*,*,#6526,.F.);
#6529=ORIENTED_EDGE('',*,*,#6528,.T.);
#6531=ORIENTED_EDGE('',*,*,#6530,.F.);
#6533=ORIENTED_EDGE('',*,*,#6532,.F.);
#6534=EDGE_LOOP('',(#6527,#6529,#6531,#6533));
#6535=FACE_OUTER_BOUND('',#6534,.F.);
#6537=CARTESIAN_POINT('',(0.E0,2.519685039370E-1,0.E0));
#6538=DIRECTION('',(0.E0,1.E0,0.E0));
#6539=DIRECTION('',(1.E0,0.E0,0.E0));
#6540=AXIS2_PLACEMENT_3D('',#6537,#6538,#6539);
#6541=PLANE('',#6540);
#6543=ORIENTED_EDGE('',*,*,#6542,.F.);
#6545=ORIENTED_EDGE('',*,*,#6544,.T.);
#6547=ORIENTED_EDGE('',*,*,#6546,.F.);
#6549=ORIENTED_EDGE('',*,*,#6548,.F.);
#6550=EDGE_LOOP('',(#6543,#6545,#6547,#6549));
#6551=FACE_OUTER_BOUND('',#6550,.F.);
#6553=CARTESIAN_POINT('',(0.E0,2.519685039370E-1,0.E0));
#6554=DIRECTION('',(0.E0,1.E0,0.E0));
#6555=DIRECTION('',(1.E0,0.E0,0.E0));
#6556=AXIS2_PLACEMENT_3D('',#6553,#6554,#6555);
#6557=PLANE('',#6556);
#6559=ORIENTED_EDGE('',*,*,#6558,.F.);
#6561=ORIENTED_EDGE('',*,*,#6560,.F.);
#6563=ORIENTED_EDGE('',*,*,#6562,.T.);
#6565=ORIENTED_EDGE('',*,*,#6564,.F.);
#6566=EDGE_LOOP('',(#6559,#6561,#6563,#6565));
#6567=FACE_OUTER_BOUND('',#6566,.F.);
#6569=CARTESIAN_POINT('',(0.E0,2.519685039370E-1,0.E0));
#6570=DIRECTION('',(0.E0,1.E0,0.E0));
#6571=DIRECTION('',(1.E0,0.E0,0.E0));
#6572=AXIS2_PLACEMENT_3D('',#6569,#6570,#6571);
#6573=PLANE('',#6572);
#6575=ORIENTED_EDGE('',*,*,#6574,.F.);
#6577=ORIENTED_EDGE('',*,*,#6576,.F.);
#6579=ORIENTED_EDGE('',*,*,#6578,.T.);
#6581=ORIENTED_EDGE('',*,*,#6580,.F.);
#6582=EDGE_LOOP('',(#6575,#6577,#6579,#6581));
#6583=FACE_OUTER_BOUND('',#6582,.F.);
#6585=CARTESIAN_POINT('',(0.E0,2.519685039370E-1,0.E0));
#6586=DIRECTION('',(0.E0,1.E0,0.E0));
#6587=DIRECTION('',(1.E0,0.E0,0.E0));
#6588=AXIS2_PLACEMENT_3D('',#6585,#6586,#6587);
#6589=PLANE('',#6588);
#6591=ORIENTED_EDGE('',*,*,#6590,.F.);
#6593=ORIENTED_EDGE('',*,*,#6592,.F.);
#6595=ORIENTED_EDGE('',*,*,#6594,.T.);
#6597=ORIENTED_EDGE('',*,*,#6596,.F.);
#6598=EDGE_LOOP('',(#6591,#6593,#6595,#6597));
#6599=FACE_OUTER_BOUND('',#6598,.F.);
#6601=CARTESIAN_POINT('',(0.E0,2.519685039370E-1,0.E0));
#6602=DIRECTION('',(0.E0,1.E0,0.E0));
#6603=DIRECTION('',(1.E0,0.E0,0.E0));
#6604=AXIS2_PLACEMENT_3D('',#6601,#6602,#6603);
#6605=PLANE('',#6604);
#6607=ORIENTED_EDGE('',*,*,#6606,.F.);
#6609=ORIENTED_EDGE('',*,*,#6608,.F.);
#6611=ORIENTED_EDGE('',*,*,#6610,.T.);
#6613=ORIENTED_EDGE('',*,*,#6612,.F.);
#6614=EDGE_LOOP('',(#6607,#6609,#6611,#6613));
#6615=FACE_OUTER_BOUND('',#6614,.F.);
#6617=CARTESIAN_POINT('',(0.E0,2.519685039370E-1,0.E0));
#6618=DIRECTION('',(0.E0,1.E0,0.E0));
#6619=DIRECTION('',(1.E0,0.E0,0.E0));
#6620=AXIS2_PLACEMENT_3D('',#6617,#6618,#6619);
#6621=PLANE('',#6620);
#6623=ORIENTED_EDGE('',*,*,#6622,.F.);
#6625=ORIENTED_EDGE('',*,*,#6624,.F.);
#6627=ORIENTED_EDGE('',*,*,#6626,.T.);
#6629=ORIENTED_EDGE('',*,*,#6628,.F.);
#6630=EDGE_LOOP('',(#6623,#6625,#6627,#6629));
#6631=FACE_OUTER_BOUND('',#6630,.F.);
#6633=CARTESIAN_POINT('',(0.E0,2.519685039370E-1,0.E0));
#6634=DIRECTION('',(0.E0,1.E0,0.E0));
#6635=DIRECTION('',(1.E0,0.E0,0.E0));
#6636=AXIS2_PLACEMENT_3D('',#6633,#6634,#6635);
#6637=PLANE('',#6636);
#6639=ORIENTED_EDGE('',*,*,#6638,.F.);
#6641=ORIENTED_EDGE('',*,*,#6640,.F.);
#6643=ORIENTED_EDGE('',*,*,#6642,.T.);
#6645=ORIENTED_EDGE('',*,*,#6644,.F.);
#6646=EDGE_LOOP('',(#6639,#6641,#6643,#6645));
#6647=FACE_OUTER_BOUND('',#6646,.F.);
#6649=CARTESIAN_POINT('',(0.E0,2.519685039370E-1,0.E0));
#6650=DIRECTION('',(0.E0,1.E0,0.E0));
#6651=DIRECTION('',(1.E0,0.E0,0.E0));
#6652=AXIS2_PLACEMENT_3D('',#6649,#6650,#6651);
#6653=PLANE('',#6652);
#6655=ORIENTED_EDGE('',*,*,#6654,.F.);
#6657=ORIENTED_EDGE('',*,*,#6656,.F.);
#6659=ORIENTED_EDGE('',*,*,#6658,.T.);
#6661=ORIENTED_EDGE('',*,*,#6660,.F.);
#6662=EDGE_LOOP('',(#6655,#6657,#6659,#6661));
#6663=FACE_OUTER_BOUND('',#6662,.F.);
#6665=CARTESIAN_POINT('',(0.E0,2.519685039370E-1,0.E0));
#6666=DIRECTION('',(0.E0,1.E0,0.E0));
#6667=DIRECTION('',(1.E0,0.E0,0.E0));
#6668=AXIS2_PLACEMENT_3D('',#6665,#6666,#6667);
#6669=PLANE('',#6668);
#6671=ORIENTED_EDGE('',*,*,#6670,.F.);
#6673=ORIENTED_EDGE('',*,*,#6672,.F.);
#6675=ORIENTED_EDGE('',*,*,#6674,.T.);
#6677=ORIENTED_EDGE('',*,*,#6676,.F.);
#6678=EDGE_LOOP('',(#6671,#6673,#6675,#6677));
#6679=FACE_OUTER_BOUND('',#6678,.F.);
#6681=CARTESIAN_POINT('',(0.E0,2.519685039370E-1,0.E0));
#6682=DIRECTION('',(0.E0,1.E0,0.E0));
#6683=DIRECTION('',(1.E0,0.E0,0.E0));
#6684=AXIS2_PLACEMENT_3D('',#6681,#6682,#6683);
#6685=PLANE('',#6684);
#6687=ORIENTED_EDGE('',*,*,#6686,.F.);
#6689=ORIENTED_EDGE('',*,*,#6688,.F.);
#6691=ORIENTED_EDGE('',*,*,#6690,.T.);
#6693=ORIENTED_EDGE('',*,*,#6692,.F.);
#6694=EDGE_LOOP('',(#6687,#6689,#6691,#6693));
#6695=FACE_OUTER_BOUND('',#6694,.F.);
#6697=CARTESIAN_POINT('',(0.E0,2.519685039370E-1,0.E0));
#6698=DIRECTION('',(0.E0,1.E0,0.E0));
#6699=DIRECTION('',(1.E0,0.E0,0.E0));
#6700=AXIS2_PLACEMENT_3D('',#6697,#6698,#6699);
#6701=PLANE('',#6700);
#6703=ORIENTED_EDGE('',*,*,#6702,.F.);
#6705=ORIENTED_EDGE('',*,*,#6704,.F.);
#6707=ORIENTED_EDGE('',*,*,#6706,.T.);
#6709=ORIENTED_EDGE('',*,*,#6708,.F.);
#6710=EDGE_LOOP('',(#6703,#6705,#6707,#6709));
#6711=FACE_OUTER_BOUND('',#6710,.F.);
#6713=CARTESIAN_POINT('',(0.E0,2.519685039370E-1,0.E0));
#6714=DIRECTION('',(0.E0,1.E0,0.E0));
#6715=DIRECTION('',(1.E0,0.E0,0.E0));
#6716=AXIS2_PLACEMENT_3D('',#6713,#6714,#6715);
#6717=PLANE('',#6716);
#6719=ORIENTED_EDGE('',*,*,#6718,.F.);
#6721=ORIENTED_EDGE('',*,*,#6720,.F.);
#6723=ORIENTED_EDGE('',*,*,#6722,.T.);
#6725=ORIENTED_EDGE('',*,*,#6724,.F.);
#6726=EDGE_LOOP('',(#6719,#6721,#6723,#6725));
#6727=FACE_OUTER_BOUND('',#6726,.F.);
#6729=CARTESIAN_POINT('',(0.E0,2.519685039370E-1,0.E0));
#6730=DIRECTION('',(0.E0,1.E0,0.E0));
#6731=DIRECTION('',(1.E0,0.E0,0.E0));
#6732=AXIS2_PLACEMENT_3D('',#6729,#6730,#6731);
#6733=PLANE('',#6732);
#6735=ORIENTED_EDGE('',*,*,#6734,.F.);
#6737=ORIENTED_EDGE('',*,*,#6736,.F.);
#6739=ORIENTED_EDGE('',*,*,#6738,.T.);
#6741=ORIENTED_EDGE('',*,*,#6740,.F.);
#6742=EDGE_LOOP('',(#6735,#6737,#6739,#6741));
#6743=FACE_OUTER_BOUND('',#6742,.F.);
#6745=CARTESIAN_POINT('',(0.E0,2.519685039370E-1,0.E0));
#6746=DIRECTION('',(0.E0,1.E0,0.E0));
#6747=DIRECTION('',(1.E0,0.E0,0.E0));
#6748=AXIS2_PLACEMENT_3D('',#6745,#6746,#6747);
#6749=PLANE('',#6748);
#6751=ORIENTED_EDGE('',*,*,#6750,.F.);
#6753=ORIENTED_EDGE('',*,*,#6752,.F.);
#6755=ORIENTED_EDGE('',*,*,#6754,.T.);
#6757=ORIENTED_EDGE('',*,*,#6756,.F.);
#6758=EDGE_LOOP('',(#6751,#6753,#6755,#6757));
#6759=FACE_OUTER_BOUND('',#6758,.F.);
#6761=CARTESIAN_POINT('',(0.E0,2.519685039370E-1,0.E0));
#6762=DIRECTION('',(0.E0,1.E0,0.E0));
#6763=DIRECTION('',(1.E0,0.E0,0.E0));
#6764=AXIS2_PLACEMENT_3D('',#6761,#6762,#6763);
#6765=PLANE('',#6764);
#6767=ORIENTED_EDGE('',*,*,#6766,.F.);
#6769=ORIENTED_EDGE('',*,*,#6768,.F.);
#6771=ORIENTED_EDGE('',*,*,#6770,.T.);
#6773=ORIENTED_EDGE('',*,*,#6772,.F.);
#6774=EDGE_LOOP('',(#6767,#6769,#6771,#6773));
#6775=FACE_OUTER_BOUND('',#6774,.F.);
#6777=CARTESIAN_POINT('',(0.E0,2.519685039370E-1,0.E0));
#6778=DIRECTION('',(0.E0,1.E0,0.E0));
#6779=DIRECTION('',(1.E0,0.E0,0.E0));
#6780=AXIS2_PLACEMENT_3D('',#6777,#6778,#6779);
#6781=PLANE('',#6780);
#6783=ORIENTED_EDGE('',*,*,#6782,.F.);
#6785=ORIENTED_EDGE('',*,*,#6784,.F.);
#6787=ORIENTED_EDGE('',*,*,#6786,.T.);
#6789=ORIENTED_EDGE('',*,*,#6788,.F.);
#6790=EDGE_LOOP('',(#6783,#6785,#6787,#6789));
#6791=FACE_OUTER_BOUND('',#6790,.F.);
#6793=CARTESIAN_POINT('',(0.E0,2.640748031469E-1,0.E0));
#6794=DIRECTION('',(0.E0,1.E0,0.E0));
#6795=DIRECTION('',(0.E0,0.E0,-1.E0));
#6796=AXIS2_PLACEMENT_3D('',#6793,#6794,#6795);
#6797=CONICAL_SURFACE('',#6796,8.525937852997E-1,4.5E1);
#6798=ORIENTED_EDGE('',*,*,#6059,.T.);
#6800=ORIENTED_EDGE('',*,*,#6799,.T.);
#6801=ORIENTED_EDGE('',*,*,#6558,.T.);
#6803=ORIENTED_EDGE('',*,*,#6802,.T.);
#6804=ORIENTED_EDGE('',*,*,#6574,.T.);
#6806=ORIENTED_EDGE('',*,*,#6805,.T.);
#6807=ORIENTED_EDGE('',*,*,#6590,.T.);
#6809=ORIENTED_EDGE('',*,*,#6808,.T.);
#6810=ORIENTED_EDGE('',*,*,#6606,.T.);
#6812=ORIENTED_EDGE('',*,*,#6811,.T.);
#6813=ORIENTED_EDGE('',*,*,#6622,.T.);
#6815=ORIENTED_EDGE('',*,*,#6814,.T.);
#6816=ORIENTED_EDGE('',*,*,#6548,.T.);
#6818=ORIENTED_EDGE('',*,*,#6817,.T.);
#6819=ORIENTED_EDGE('',*,*,#6532,.T.);
#6821=ORIENTED_EDGE('',*,*,#6820,.T.);
#6822=ORIENTED_EDGE('',*,*,#6516,.T.);
#6824=ORIENTED_EDGE('',*,*,#6823,.T.);
#6825=ORIENTED_EDGE('',*,*,#6500,.T.);
#6827=ORIENTED_EDGE('',*,*,#6826,.T.);
#6828=ORIENTED_EDGE('',*,*,#6484,.T.);
#6830=ORIENTED_EDGE('',*,*,#6829,.T.);
#6831=ORIENTED_EDGE('',*,*,#6468,.T.);
#6833=ORIENTED_EDGE('',*,*,#6832,.T.);
#6834=ORIENTED_EDGE('',*,*,#6452,.T.);
#6836=ORIENTED_EDGE('',*,*,#6835,.T.);
#6837=ORIENTED_EDGE('',*,*,#6436,.T.);
#6839=ORIENTED_EDGE('',*,*,#6838,.T.);
#6840=ORIENTED_EDGE('',*,*,#6420,.T.);
#6842=ORIENTED_EDGE('',*,*,#6841,.T.);
#6843=ORIENTED_EDGE('',*,*,#6404,.T.);
#6845=ORIENTED_EDGE('',*,*,#6844,.T.);
#6846=ORIENTED_EDGE('',*,*,#6388,.T.);
#6848=ORIENTED_EDGE('',*,*,#6847,.T.);
#6849=ORIENTED_EDGE('',*,*,#6372,.T.);
#6851=ORIENTED_EDGE('',*,*,#6850,.T.);
#6852=ORIENTED_EDGE('',*,*,#6356,.T.);
#6854=ORIENTED_EDGE('',*,*,#6853,.T.);
#6855=ORIENTED_EDGE('',*,*,#6340,.T.);
#6857=ORIENTED_EDGE('',*,*,#6856,.T.);
#6858=ORIENTED_EDGE('',*,*,#6324,.T.);
#6860=ORIENTED_EDGE('',*,*,#6859,.T.);
#6861=ORIENTED_EDGE('',*,*,#6308,.T.);
#6863=ORIENTED_EDGE('',*,*,#6862,.T.);
#6864=ORIENTED_EDGE('',*,*,#6292,.T.);
#6866=ORIENTED_EDGE('',*,*,#6865,.T.);
#6867=ORIENTED_EDGE('',*,*,#6079,.T.);
#6869=ORIENTED_EDGE('',*,*,#6868,.T.);
#6871=ORIENTED_EDGE('',*,*,#6870,.F.);
#6873=ORIENTED_EDGE('',*,*,#6872,.F.);
#6874=EDGE_LOOP('',(#6798,#6800,#6801,#6803,#6804,#6806,#6807,#6809,#6810,#6812,
#6813,#6815,#6816,#6818,#6819,#6821,#6822,#6824,#6825,#6827,#6828,#6830,#6831,
#6833,#6834,#6836,#6837,#6839,#6840,#6842,#6843,#6845,#6846,#6848,#6849,#6851,
#6852,#6854,#6855,#6857,#6858,#6860,#6861,#6863,#6864,#6866,#6867,#6869,#6871,
#6873));
#6875=FACE_OUTER_BOUND('',#6874,.F.);
#6877=CARTESIAN_POINT('',(0.E0,2.519685039370E-1,0.E0));
#6878=DIRECTION('',(0.E0,1.E0,0.E0));
#6879=DIRECTION('',(-6.824241336467E-2,0.E0,9.976687691905E-1));
#6880=AXIS2_PLACEMENT_3D('',#6877,#6878,#6879);
#6881=CYLINDRICAL_SURFACE('',#6880,8.404874860898E-1);
#6882=ORIENTED_EDGE('',*,*,#6799,.F.);
#6884=ORIENTED_EDGE('',*,*,#6883,.T.);
#6886=ORIENTED_EDGE('',*,*,#6885,.F.);
#6888=ORIENTED_EDGE('',*,*,#6887,.F.);
#6889=EDGE_LOOP('',(#6882,#6884,#6886,#6888));
#6890=FACE_OUTER_BOUND('',#6889,.F.);
#6892=CARTESIAN_POINT('',(8.290585691653E-1,2.519685039370E-1,
4.448654799903E-2));
#6893=DIRECTION('',(0.E0,1.E0,0.E0));
#6894=DIRECTION('',(6.824241336467E-2,0.E0,9.976687691905E-1));
#6895=AXIS2_PLACEMENT_3D('',#6892,#6893,#6894);
#6896=CYLINDRICAL_SURFACE('',#6895,1.023622047244E-2);
#6897=ORIENTED_EDGE('',*,*,#6067,.T.);
#6899=ORIENTED_EDGE('',*,*,#6898,.T.);
#6901=ORIENTED_EDGE('',*,*,#6900,.F.);
#6902=ORIENTED_EDGE('',*,*,#6883,.F.);
#6903=EDGE_LOOP('',(#6897,#6899,#6901,#6902));
#6904=FACE_OUTER_BOUND('',#6903,.F.);
#6906=CARTESIAN_POINT('',(8.286764624678E-1,2.519685039370E-1,0.E0));
#6907=DIRECTION('',(0.E0,1.E0,0.E0));
#6908=DIRECTION('',(6.824241336467E-2,0.E0,9.976687691905E-1));
#6909=AXIS2_PLACEMENT_3D('',#6906,#6907,#6908);
#6910=CYLINDRICAL_SURFACE('',#6909,3.425196850394E-2);
#6912=ORIENTED_EDGE('',*,*,#6911,.T.);
#6913=ORIENTED_EDGE('',*,*,#6898,.F.);
#6914=ORIENTED_EDGE('',*,*,#6065,.F.);
#6916=ORIENTED_EDGE('',*,*,#6915,.T.);
#6917=EDGE_LOOP('',(#6912,#6913,#6914,#6916));
#6918=FACE_OUTER_BOUND('',#6917,.F.);
#6920=CARTESIAN_POINT('',(0.E0,0.E0,0.E0));
#6921=DIRECTION('',(0.E0,1.E0,0.E0));
#6922=DIRECTION('',(1.E0,0.E0,0.E0));
#6923=AXIS2_PLACEMENT_3D('',#6920,#6921,#6922);
#6924=PLANE('',#6923);
#6926=ORIENTED_EDGE('',*,*,#6925,.F.);
#6928=ORIENTED_EDGE('',*,*,#6927,.F.);
#6930=ORIENTED_EDGE('',*,*,#6929,.T.);
#6932=ORIENTED_EDGE('',*,*,#6931,.F.);
#6934=ORIENTED_EDGE('',*,*,#6933,.T.);
#6935=EDGE_LOOP('',(#6926,#6928,#6930,#6932,#6934));
#6936=FACE_OUTER_BOUND('',#6935,.F.);
#6938=CARTESIAN_POINT('',(0.E0,0.E0,0.E0));
#6939=DIRECTION('',(0.E0,1.E0,0.E0));
#6940=DIRECTION('',(1.E0,0.E0,0.E0));
#6941=AXIS2_PLACEMENT_3D('',#6938,#6939,#6940);
#6942=PLANE('',#6941);
#6944=ORIENTED_EDGE('',*,*,#6943,.F.);
#6946=ORIENTED_EDGE('',*,*,#6945,.F.);
#6947=ORIENTED_EDGE('',*,*,#6900,.T.);
#6948=ORIENTED_EDGE('',*,*,#6911,.F.);
#6950=ORIENTED_EDGE('',*,*,#6949,.T.);
#6951=EDGE_LOOP('',(#6944,#6946,#6947,#6948,#6950));
#6952=FACE_OUTER_BOUND('',#6951,.F.);
#6954=CARTESIAN_POINT('',(0.E0,0.E0,0.E0));
#6955=DIRECTION('',(0.E0,1.E0,0.E0));
#6956=DIRECTION('',(1.E0,0.E0,0.E0));
#6957=AXIS2_PLACEMENT_3D('',#6954,#6955,#6956);
#6958=PLANE('',#6957);
#6959=ORIENTED_EDGE('',*,*,#6047,.T.);
#6961=ORIENTED_EDGE('',*,*,#6960,.F.);
#6963=ORIENTED_EDGE('',*,*,#6962,.T.);
#6965=ORIENTED_EDGE('',*,*,#6964,.F.);
#6966=EDGE_LOOP('',(#6959,#6961,#6963,#6965));
#6967=FACE_OUTER_BOUND('',#6966,.F.);
#6969=CARTESIAN_POINT('',(0.E0,0.E0,0.E0));
#6970=DIRECTION('',(0.E0,1.E0,0.E0));
#6971=DIRECTION('',(1.E0,0.E0,0.E0));
#6972=AXIS2_PLACEMENT_3D('',#6969,#6970,#6971);
#6973=PLANE('',#6972);
#6975=ORIENTED_EDGE('',*,*,#6974,.T.);
#6977=ORIENTED_EDGE('',*,*,#6976,.F.);
#6979=ORIENTED_EDGE('',*,*,#6978,.T.);
#6981=ORIENTED_EDGE('',*,*,#6980,.F.);
#6982=EDGE_LOOP('',(#6975,#6977,#6979,#6981));
#6983=FACE_OUTER_BOUND('',#6982,.F.);
#6985=CARTESIAN_POINT('',(0.E0,0.E0,0.E0));
#6986=DIRECTION('',(0.E0,1.E0,0.E0));
#6987=DIRECTION('',(1.E0,0.E0,0.E0));
#6988=AXIS2_PLACEMENT_3D('',#6985,#6986,#6987);
#6989=PLANE('',#6988);
#6991=ORIENTED_EDGE('',*,*,#6990,.T.);
#6993=ORIENTED_EDGE('',*,*,#6992,.F.);
#6995=ORIENTED_EDGE('',*,*,#6994,.T.);
#6997=ORIENTED_EDGE('',*,*,#6996,.F.);
#6998=EDGE_LOOP('',(#6991,#6993,#6995,#6997));
#6999=FACE_OUTER_BOUND('',#6998,.F.);
#7001=CARTESIAN_POINT('',(0.E0,0.E0,0.E0));
#7002=DIRECTION('',(0.E0,1.E0,0.E0));
#7003=DIRECTION('',(1.E0,0.E0,0.E0));
#7004=AXIS2_PLACEMENT_3D('',#7001,#7002,#7003);
#7005=PLANE('',#7004);
#7007=ORIENTED_EDGE('',*,*,#7006,.T.);
#7009=ORIENTED_EDGE('',*,*,#7008,.F.);
#7011=ORIENTED_EDGE('',*,*,#7010,.T.);
#7013=ORIENTED_EDGE('',*,*,#7012,.F.);
#7014=EDGE_LOOP('',(#7007,#7009,#7011,#7013));
#7015=FACE_OUTER_BOUND('',#7014,.F.);
#7017=CARTESIAN_POINT('',(0.E0,0.E0,0.E0));
#7018=DIRECTION('',(0.E0,1.E0,0.E0));
#7019=DIRECTION('',(1.E0,0.E0,0.E0));
#7020=AXIS2_PLACEMENT_3D('',#7017,#7018,#7019);
#7021=PLANE('',#7020);
#7023=ORIENTED_EDGE('',*,*,#7022,.T.);
#7025=ORIENTED_EDGE('',*,*,#7024,.F.);
#7027=ORIENTED_EDGE('',*,*,#7026,.T.);
#7029=ORIENTED_EDGE('',*,*,#7028,.F.);
#7030=EDGE_LOOP('',(#7023,#7025,#7027,#7029));
#7031=FACE_OUTER_BOUND('',#7030,.F.);
#7033=CARTESIAN_POINT('',(0.E0,0.E0,0.E0));
#7034=DIRECTION('',(0.E0,1.E0,0.E0));
#7035=DIRECTION('',(1.E0,0.E0,0.E0));
#7036=AXIS2_PLACEMENT_3D('',#7033,#7034,#7035);
#7037=PLANE('',#7036);
#7039=ORIENTED_EDGE('',*,*,#7038,.T.);
#7041=ORIENTED_EDGE('',*,*,#7040,.F.);
#7043=ORIENTED_EDGE('',*,*,#7042,.T.);
#7045=ORIENTED_EDGE('',*,*,#7044,.F.);
#7046=EDGE_LOOP('',(#7039,#7041,#7043,#7045));
#7047=FACE_OUTER_BOUND('',#7046,.F.);
#7049=CARTESIAN_POINT('',(0.E0,0.E0,0.E0));
#7050=DIRECTION('',(0.E0,1.E0,0.E0));
#7051=DIRECTION('',(1.E0,0.E0,0.E0));
#7052=AXIS2_PLACEMENT_3D('',#7049,#7050,#7051);
#7053=PLANE('',#7052);
#7055=ORIENTED_EDGE('',*,*,#7054,.T.);
#7057=ORIENTED_EDGE('',*,*,#7056,.F.);
#7059=ORIENTED_EDGE('',*,*,#7058,.T.);
#7061=ORIENTED_EDGE('',*,*,#7060,.F.);
#7062=EDGE_LOOP('',(#7055,#7057,#7059,#7061));
#7063=FACE_OUTER_BOUND('',#7062,.F.);
#7065=CARTESIAN_POINT('',(0.E0,0.E0,0.E0));
#7066=DIRECTION('',(0.E0,1.E0,0.E0));
#7067=DIRECTION('',(1.E0,0.E0,0.E0));
#7068=AXIS2_PLACEMENT_3D('',#7065,#7066,#7067);
#7069=PLANE('',#7068);
#7071=ORIENTED_EDGE('',*,*,#7070,.T.);
#7073=ORIENTED_EDGE('',*,*,#7072,.F.);
#7075=ORIENTED_EDGE('',*,*,#7074,.T.);
#7077=ORIENTED_EDGE('',*,*,#7076,.F.);
#7078=EDGE_LOOP('',(#7071,#7073,#7075,#7077));
#7079=FACE_OUTER_BOUND('',#7078,.F.);
#7081=CARTESIAN_POINT('',(0.E0,0.E0,0.E0));
#7082=DIRECTION('',(0.E0,1.E0,0.E0));
#7083=DIRECTION('',(1.E0,0.E0,0.E0));
#7084=AXIS2_PLACEMENT_3D('',#7081,#7082,#7083);
#7085=PLANE('',#7084);
#7087=ORIENTED_EDGE('',*,*,#7086,.T.);
#7089=ORIENTED_EDGE('',*,*,#7088,.F.);
#7091=ORIENTED_EDGE('',*,*,#7090,.T.);
#7093=ORIENTED_EDGE('',*,*,#7092,.F.);
#7094=EDGE_LOOP('',(#7087,#7089,#7091,#7093));
#7095=FACE_OUTER_BOUND('',#7094,.F.);
#7097=CARTESIAN_POINT('',(0.E0,0.E0,0.E0));
#7098=DIRECTION('',(0.E0,1.E0,0.E0));
#7099=DIRECTION('',(1.E0,0.E0,0.E0));
#7100=AXIS2_PLACEMENT_3D('',#7097,#7098,#7099);
#7101=PLANE('',#7100);
#7103=ORIENTED_EDGE('',*,*,#7102,.T.);
#7105=ORIENTED_EDGE('',*,*,#7104,.F.);
#7107=ORIENTED_EDGE('',*,*,#7106,.T.);
#7109=ORIENTED_EDGE('',*,*,#7108,.F.);
#7110=EDGE_LOOP('',(#7103,#7105,#7107,#7109));
#7111=FACE_OUTER_BOUND('',#7110,.F.);
#7113=CARTESIAN_POINT('',(0.E0,0.E0,0.E0));
#7114=DIRECTION('',(0.E0,1.E0,0.E0));
#7115=DIRECTION('',(1.E0,0.E0,0.E0));
#7116=AXIS2_PLACEMENT_3D('',#7113,#7114,#7115);
#7117=PLANE('',#7116);
#7119=ORIENTED_EDGE('',*,*,#7118,.T.);
#7121=ORIENTED_EDGE('',*,*,#7120,.F.);
#7123=ORIENTED_EDGE('',*,*,#7122,.T.);
#7125=ORIENTED_EDGE('',*,*,#7124,.F.);
#7126=EDGE_LOOP('',(#7119,#7121,#7123,#7125));
#7127=FACE_OUTER_BOUND('',#7126,.F.);
#7129=CARTESIAN_POINT('',(0.E0,0.E0,0.E0));
#7130=DIRECTION('',(0.E0,1.E0,0.E0));
#7131=DIRECTION('',(1.E0,0.E0,0.E0));
#7132=AXIS2_PLACEMENT_3D('',#7129,#7130,#7131);
#7133=PLANE('',#7132);
#7135=ORIENTED_EDGE('',*,*,#7134,.T.);
#7137=ORIENTED_EDGE('',*,*,#7136,.F.);
#7139=ORIENTED_EDGE('',*,*,#7138,.T.);
#7141=ORIENTED_EDGE('',*,*,#7140,.F.);
#7142=EDGE_LOOP('',(#7135,#7137,#7139,#7141));
#7143=FACE_OUTER_BOUND('',#7142,.F.);
#7145=CARTESIAN_POINT('',(0.E0,0.E0,0.E0));
#7146=DIRECTION('',(0.E0,1.E0,0.E0));
#7147=DIRECTION('',(1.E0,0.E0,0.E0));
#7148=AXIS2_PLACEMENT_3D('',#7145,#7146,#7147);
#7149=PLANE('',#7148);
#7151=ORIENTED_EDGE('',*,*,#7150,.T.);
#7153=ORIENTED_EDGE('',*,*,#7152,.F.);
#7155=ORIENTED_EDGE('',*,*,#7154,.T.);
#7157=ORIENTED_EDGE('',*,*,#7156,.F.);
#7158=EDGE_LOOP('',(#7151,#7153,#7155,#7157));
#7159=FACE_OUTER_BOUND('',#7158,.F.);
#7161=CARTESIAN_POINT('',(0.E0,0.E0,0.E0));
#7162=DIRECTION('',(0.E0,1.E0,0.E0));
#7163=DIRECTION('',(1.E0,0.E0,0.E0));
#7164=AXIS2_PLACEMENT_3D('',#7161,#7162,#7163);
#7165=PLANE('',#7164);
#7167=ORIENTED_EDGE('',*,*,#7166,.T.);
#7169=ORIENTED_EDGE('',*,*,#7168,.F.);
#7171=ORIENTED_EDGE('',*,*,#7170,.T.);
#7173=ORIENTED_EDGE('',*,*,#7172,.F.);
#7174=EDGE_LOOP('',(#7167,#7169,#7171,#7173));
#7175=FACE_OUTER_BOUND('',#7174,.F.);
#7177=CARTESIAN_POINT('',(0.E0,0.E0,0.E0));
#7178=DIRECTION('',(0.E0,1.E0,0.E0));
#7179=DIRECTION('',(1.E0,0.E0,0.E0));
#7180=AXIS2_PLACEMENT_3D('',#7177,#7178,#7179);
#7181=PLANE('',#7180);
#7183=ORIENTED_EDGE('',*,*,#7182,.T.);
#7185=ORIENTED_EDGE('',*,*,#7184,.F.);
#7187=ORIENTED_EDGE('',*,*,#7186,.T.);
#7189=ORIENTED_EDGE('',*,*,#7188,.F.);
#7190=EDGE_LOOP('',(#7183,#7185,#7187,#7189));
#7191=FACE_OUTER_BOUND('',#7190,.F.);
#7193=CARTESIAN_POINT('',(0.E0,0.E0,0.E0));
#7194=DIRECTION('',(0.E0,1.E0,0.E0));
#7195=DIRECTION('',(1.E0,0.E0,0.E0));
#7196=AXIS2_PLACEMENT_3D('',#7193,#7194,#7195);
#7197=PLANE('',#7196);
#7199=ORIENTED_EDGE('',*,*,#7198,.T.);
#7201=ORIENTED_EDGE('',*,*,#7200,.F.);
#7203=ORIENTED_EDGE('',*,*,#7202,.T.);
#7205=ORIENTED_EDGE('',*,*,#7204,.F.);
#7206=EDGE_LOOP('',(#7199,#7201,#7203,#7205));
#7207=FACE_OUTER_BOUND('',#7206,.F.);
#7209=CARTESIAN_POINT('',(0.E0,0.E0,0.E0));
#7210=DIRECTION('',(0.E0,1.E0,0.E0));
#7211=DIRECTION('',(1.E0,0.E0,0.E0));
#7212=AXIS2_PLACEMENT_3D('',#7209,#7210,#7211);
#7213=PLANE('',#7212);
#7215=ORIENTED_EDGE('',*,*,#7214,.T.);
#7217=ORIENTED_EDGE('',*,*,#7216,.F.);
#7219=ORIENTED_EDGE('',*,*,#7218,.T.);
#7221=ORIENTED_EDGE('',*,*,#7220,.F.);
#7222=EDGE_LOOP('',(#7215,#7217,#7219,#7221));
#7223=FACE_OUTER_BOUND('',#7222,.F.);
#7225=CARTESIAN_POINT('',(0.E0,0.E0,0.E0));
#7226=DIRECTION('',(0.E0,1.E0,0.E0));
#7227=DIRECTION('',(1.E0,0.E0,0.E0));
#7228=AXIS2_PLACEMENT_3D('',#7225,#7226,#7227);
#7229=PLANE('',#7228);
#7231=ORIENTED_EDGE('',*,*,#7230,.T.);
#7233=ORIENTED_EDGE('',*,*,#7232,.F.);
#7235=ORIENTED_EDGE('',*,*,#7234,.T.);
#7237=ORIENTED_EDGE('',*,*,#7236,.F.);
#7238=EDGE_LOOP('',(#7231,#7233,#7235,#7237));
#7239=FACE_OUTER_BOUND('',#7238,.F.);
#7241=CARTESIAN_POINT('',(0.E0,0.E0,0.E0));
#7242=DIRECTION('',(0.E0,1.E0,0.E0));
#7243=DIRECTION('',(1.E0,0.E0,0.E0));
#7244=AXIS2_PLACEMENT_3D('',#7241,#7242,#7243);
#7245=PLANE('',#7244);
#7247=ORIENTED_EDGE('',*,*,#7246,.T.);
#7249=ORIENTED_EDGE('',*,*,#7248,.F.);
#7251=ORIENTED_EDGE('',*,*,#7250,.T.);
#7253=ORIENTED_EDGE('',*,*,#7252,.F.);
#7254=EDGE_LOOP('',(#7247,#7249,#7251,#7253));
#7255=FACE_OUTER_BOUND('',#7254,.F.);
#7257=CARTESIAN_POINT('',(0.E0,0.E0,0.E0));
#7258=DIRECTION('',(0.E0,1.E0,0.E0));
#7259=DIRECTION('',(1.E0,0.E0,0.E0));
#7260=AXIS2_PLACEMENT_3D('',#7257,#7258,#7259);
#7261=PLANE('',#7260);
#7263=ORIENTED_EDGE('',*,*,#7262,.T.);
#7265=ORIENTED_EDGE('',*,*,#7264,.F.);
#7267=ORIENTED_EDGE('',*,*,#7266,.T.);
#7269=ORIENTED_EDGE('',*,*,#7268,.F.);
#7270=EDGE_LOOP('',(#7263,#7265,#7267,#7269));
#7271=FACE_OUTER_BOUND('',#7270,.F.);
#7273=CARTESIAN_POINT('',(0.E0,0.E0,0.E0));
#7274=DIRECTION('',(0.E0,1.E0,0.E0));
#7275=DIRECTION('',(1.E0,0.E0,0.E0));
#7276=AXIS2_PLACEMENT_3D('',#7273,#7274,#7275);
#7277=PLANE('',#7276);
#7279=ORIENTED_EDGE('',*,*,#7278,.T.);
#7281=ORIENTED_EDGE('',*,*,#7280,.F.);
#7283=ORIENTED_EDGE('',*,*,#7282,.T.);
#7285=ORIENTED_EDGE('',*,*,#7284,.F.);
#7286=EDGE_LOOP('',(#7279,#7281,#7283,#7285));
#7287=FACE_OUTER_BOUND('',#7286,.F.);
#7289=CARTESIAN_POINT('',(0.E0,0.E0,0.E0));
#7290=DIRECTION('',(0.E0,1.E0,0.E0));
#7291=DIRECTION('',(1.E0,0.E0,0.E0));
#7292=AXIS2_PLACEMENT_3D('',#7289,#7290,#7291);
#7293=PLANE('',#7292);
#7295=ORIENTED_EDGE('',*,*,#7294,.T.);
#7297=ORIENTED_EDGE('',*,*,#7296,.F.);
#7299=ORIENTED_EDGE('',*,*,#7298,.T.);
#7301=ORIENTED_EDGE('',*,*,#7300,.F.);
#7302=EDGE_LOOP('',(#7295,#7297,#7299,#7301));
#7303=FACE_OUTER_BOUND('',#7302,.F.);
#7305=CARTESIAN_POINT('',(0.E0,0.E0,0.E0));
#7306=DIRECTION('',(0.E0,1.E0,0.E0));
#7307=DIRECTION('',(1.E0,0.E0,0.E0));
#7308=AXIS2_PLACEMENT_3D('',#7305,#7306,#7307);
#7309=PLANE('',#7308);
#7311=ORIENTED_EDGE('',*,*,#7310,.T.);
#7313=ORIENTED_EDGE('',*,*,#7312,.F.);
#7315=ORIENTED_EDGE('',*,*,#7314,.T.);
#7317=ORIENTED_EDGE('',*,*,#7316,.F.);
#7318=EDGE_LOOP('',(#7311,#7313,#7315,#7317));
#7319=FACE_OUTER_BOUND('',#7318,.F.);
#7321=CARTESIAN_POINT('',(0.E0,0.E0,0.E0));
#7322=DIRECTION('',(0.E0,1.E0,0.E0));
#7323=DIRECTION('',(1.E0,0.E0,0.E0));
#7324=AXIS2_PLACEMENT_3D('',#7321,#7322,#7323);
#7325=PLANE('',#7324);
#7327=ORIENTED_EDGE('',*,*,#7326,.T.);
#7329=ORIENTED_EDGE('',*,*,#7328,.F.);
#7331=ORIENTED_EDGE('',*,*,#7330,.T.);
#7333=ORIENTED_EDGE('',*,*,#7332,.F.);
#7334=EDGE_LOOP('',(#7327,#7329,#7331,#7333));
#7335=FACE_OUTER_BOUND('',#7334,.F.);
#7337=CARTESIAN_POINT('',(0.E0,0.E0,0.E0));
#7338=DIRECTION('',(0.E0,1.E0,0.E0));
#7339=DIRECTION('',(1.E0,0.E0,0.E0));
#7340=AXIS2_PLACEMENT_3D('',#7337,#7338,#7339);
#7341=PLANE('',#7340);
#7343=ORIENTED_EDGE('',*,*,#7342,.T.);
#7345=ORIENTED_EDGE('',*,*,#7344,.F.);
#7347=ORIENTED_EDGE('',*,*,#7346,.T.);
#7349=ORIENTED_EDGE('',*,*,#7348,.F.);
#7350=EDGE_LOOP('',(#7343,#7345,#7347,#7349));
#7351=FACE_OUTER_BOUND('',#7350,.F.);
#7353=CARTESIAN_POINT('',(0.E0,0.E0,0.E0));
#7354=DIRECTION('',(0.E0,1.E0,0.E0));
#7355=DIRECTION('',(1.E0,0.E0,0.E0));
#7356=AXIS2_PLACEMENT_3D('',#7353,#7354,#7355);
#7357=PLANE('',#7356);
#7359=ORIENTED_EDGE('',*,*,#7358,.T.);
#7361=ORIENTED_EDGE('',*,*,#7360,.F.);
#7363=ORIENTED_EDGE('',*,*,#7362,.T.);
#7365=ORIENTED_EDGE('',*,*,#7364,.F.);
#7366=EDGE_LOOP('',(#7359,#7361,#7363,#7365));
#7367=FACE_OUTER_BOUND('',#7366,.F.);
#7369=CARTESIAN_POINT('',(0.E0,0.E0,0.E0));
#7370=DIRECTION('',(0.E0,1.E0,0.E0));
#7371=DIRECTION('',(1.E0,0.E0,0.E0));
#7372=AXIS2_PLACEMENT_3D('',#7369,#7370,#7371);
#7373=PLANE('',#7372);
#7375=ORIENTED_EDGE('',*,*,#7374,.T.);
#7377=ORIENTED_EDGE('',*,*,#7376,.F.);
#7379=ORIENTED_EDGE('',*,*,#7378,.T.);
#7381=ORIENTED_EDGE('',*,*,#7380,.F.);
#7382=EDGE_LOOP('',(#7375,#7377,#7379,#7381));
#7383=FACE_OUTER_BOUND('',#7382,.F.);
#7385=CARTESIAN_POINT('',(0.E0,0.E0,0.E0));
#7386=DIRECTION('',(0.E0,1.E0,0.E0));
#7387=DIRECTION('',(1.E0,0.E0,0.E0));
#7388=AXIS2_PLACEMENT_3D('',#7385,#7386,#7387);
#7389=PLANE('',#7388);
#7391=ORIENTED_EDGE('',*,*,#7390,.T.);
#7393=ORIENTED_EDGE('',*,*,#7392,.F.);
#7395=ORIENTED_EDGE('',*,*,#7394,.T.);
#7397=ORIENTED_EDGE('',*,*,#7396,.F.);
#7398=EDGE_LOOP('',(#7391,#7393,#7395,#7397));
#7399=FACE_OUTER_BOUND('',#7398,.F.);
#7401=CARTESIAN_POINT('',(0.E0,0.E0,0.E0));
#7402=DIRECTION('',(0.E0,1.E0,0.E0));
#7403=DIRECTION('',(1.E0,0.E0,0.E0));
#7404=AXIS2_PLACEMENT_3D('',#7401,#7402,#7403);
#7405=PLANE('',#7404);
#7407=ORIENTED_EDGE('',*,*,#7406,.T.);
#7409=ORIENTED_EDGE('',*,*,#7408,.F.);
#7411=ORIENTED_EDGE('',*,*,#7410,.T.);
#7413=ORIENTED_EDGE('',*,*,#7412,.F.);
#7414=EDGE_LOOP('',(#7407,#7409,#7411,#7413));
#7415=FACE_OUTER_BOUND('',#7414,.F.);
#7417=CARTESIAN_POINT('',(0.E0,0.E0,0.E0));
#7418=DIRECTION('',(0.E0,1.E0,0.E0));
#7419=DIRECTION('',(1.E0,0.E0,0.E0));
#7420=AXIS2_PLACEMENT_3D('',#7417,#7418,#7419);
#7421=PLANE('',#7420);
#7423=ORIENTED_EDGE('',*,*,#7422,.F.);
#7425=ORIENTED_EDGE('',*,*,#7424,.T.);
#7427=ORIENTED_EDGE('',*,*,#7426,.F.);
#7429=ORIENTED_EDGE('',*,*,#7428,.T.);
#7430=EDGE_LOOP('',(#7423,#7425,#7427,#7429));
#7431=FACE_OUTER_BOUND('',#7430,.F.);
#7433=CARTESIAN_POINT('',(0.E0,0.E0,0.E0));
#7434=DIRECTION('',(0.E0,1.E0,0.E0));
#7435=DIRECTION('',(1.E0,0.E0,0.E0));
#7436=AXIS2_PLACEMENT_3D('',#7433,#7434,#7435);
#7437=PLANE('',#7436);
#7439=ORIENTED_EDGE('',*,*,#7438,.F.);
#7441=ORIENTED_EDGE('',*,*,#7440,.T.);
#7443=ORIENTED_EDGE('',*,*,#7442,.F.);
#7445=ORIENTED_EDGE('',*,*,#7444,.T.);
#7446=EDGE_LOOP('',(#7439,#7441,#7443,#7445));
#7447=FACE_OUTER_BOUND('',#7446,.F.);
#7449=CARTESIAN_POINT('',(0.E0,0.E0,0.E0));
#7450=DIRECTION('',(0.E0,1.E0,0.E0));
#7451=DIRECTION('',(1.E0,0.E0,0.E0));
#7452=AXIS2_PLACEMENT_3D('',#7449,#7450,#7451);
#7453=PLANE('',#7452);
#7455=ORIENTED_EDGE('',*,*,#7454,.F.);
#7457=ORIENTED_EDGE('',*,*,#7456,.T.);
#7459=ORIENTED_EDGE('',*,*,#7458,.F.);
#7461=ORIENTED_EDGE('',*,*,#7460,.T.);
#7462=EDGE_LOOP('',(#7455,#7457,#7459,#7461));
#7463=FACE_OUTER_BOUND('',#7462,.F.);
#7465=CARTESIAN_POINT('',(0.E0,0.E0,0.E0));
#7466=DIRECTION('',(0.E0,1.E0,0.E0));
#7467=DIRECTION('',(1.E0,0.E0,0.E0));
#7468=AXIS2_PLACEMENT_3D('',#7465,#7466,#7467);
#7469=PLANE('',#7468);
#7471=ORIENTED_EDGE('',*,*,#7470,.F.);
#7473=ORIENTED_EDGE('',*,*,#7472,.T.);
#7475=ORIENTED_EDGE('',*,*,#7474,.F.);
#7477=ORIENTED_EDGE('',*,*,#7476,.T.);
#7478=EDGE_LOOP('',(#7471,#7473,#7475,#7477));
#7479=FACE_OUTER_BOUND('',#7478,.F.);
#7481=CARTESIAN_POINT('',(0.E0,0.E0,0.E0));
#7482=DIRECTION('',(0.E0,1.E0,0.E0));
#7483=DIRECTION('',(1.E0,0.E0,0.E0));
#7484=AXIS2_PLACEMENT_3D('',#7481,#7482,#7483);
#7485=PLANE('',#7484);
#7487=ORIENTED_EDGE('',*,*,#7486,.F.);
#7489=ORIENTED_EDGE('',*,*,#7488,.T.);
#7491=ORIENTED_EDGE('',*,*,#7490,.F.);
#7493=ORIENTED_EDGE('',*,*,#7492,.T.);
#7494=EDGE_LOOP('',(#7487,#7489,#7491,#7493));
#7495=FACE_OUTER_BOUND('',#7494,.F.);
#7497=CARTESIAN_POINT('',(0.E0,0.E0,0.E0));
#7498=DIRECTION('',(0.E0,1.E0,0.E0));
#7499=DIRECTION('',(1.E0,0.E0,0.E0));
#7500=AXIS2_PLACEMENT_3D('',#7497,#7498,#7499);
#7501=PLANE('',#7500);
#7503=ORIENTED_EDGE('',*,*,#7502,.F.);
#7505=ORIENTED_EDGE('',*,*,#7504,.T.);
#7507=ORIENTED_EDGE('',*,*,#7506,.F.);
#7509=ORIENTED_EDGE('',*,*,#7508,.T.);
#7510=EDGE_LOOP('',(#7503,#7505,#7507,#7509));
#7511=FACE_OUTER_BOUND('',#7510,.F.);
#7513=CARTESIAN_POINT('',(0.E0,0.E0,0.E0));
#7514=DIRECTION('',(0.E0,1.E0,0.E0));
#7515=DIRECTION('',(1.E0,0.E0,0.E0));
#7516=AXIS2_PLACEMENT_3D('',#7513,#7514,#7515);
#7517=PLANE('',#7516);
#7519=ORIENTED_EDGE('',*,*,#7518,.F.);
#7521=ORIENTED_EDGE('',*,*,#7520,.T.);
#7523=ORIENTED_EDGE('',*,*,#7522,.F.);
#7525=ORIENTED_EDGE('',*,*,#7524,.T.);
#7526=EDGE_LOOP('',(#7519,#7521,#7523,#7525));
#7527=FACE_OUTER_BOUND('',#7526,.F.);
#7529=CARTESIAN_POINT('',(0.E0,0.E0,0.E0));
#7530=DIRECTION('',(0.E0,1.E0,0.E0));
#7531=DIRECTION('',(1.E0,0.E0,0.E0));
#7532=AXIS2_PLACEMENT_3D('',#7529,#7530,#7531);
#7533=PLANE('',#7532);
#7535=ORIENTED_EDGE('',*,*,#7534,.F.);
#7537=ORIENTED_EDGE('',*,*,#7536,.T.);
#7539=ORIENTED_EDGE('',*,*,#7538,.F.);
#7541=ORIENTED_EDGE('',*,*,#7540,.T.);
#7542=EDGE_LOOP('',(#7535,#7537,#7539,#7541));
#7543=FACE_OUTER_BOUND('',#7542,.F.);
#7545=CARTESIAN_POINT('',(0.E0,0.E0,0.E0));
#7546=DIRECTION('',(0.E0,1.E0,0.E0));
#7547=DIRECTION('',(1.E0,0.E0,0.E0));
#7548=AXIS2_PLACEMENT_3D('',#7545,#7546,#7547);
#7549=PLANE('',#7548);
#7551=ORIENTED_EDGE('',*,*,#7550,.F.);
#7553=ORIENTED_EDGE('',*,*,#7552,.T.);
#7555=ORIENTED_EDGE('',*,*,#7554,.F.);
#7557=ORIENTED_EDGE('',*,*,#7556,.T.);
#7558=EDGE_LOOP('',(#7551,#7553,#7555,#7557));
#7559=FACE_OUTER_BOUND('',#7558,.F.);
#7561=CARTESIAN_POINT('',(0.E0,0.E0,0.E0));
#7562=DIRECTION('',(0.E0,1.E0,0.E0));
#7563=DIRECTION('',(1.E0,0.E0,0.E0));
#7564=AXIS2_PLACEMENT_3D('',#7561,#7562,#7563);
#7565=PLANE('',#7564);
#7567=ORIENTED_EDGE('',*,*,#7566,.F.);
#7569=ORIENTED_EDGE('',*,*,#7568,.T.);
#7571=ORIENTED_EDGE('',*,*,#7570,.F.);
#7573=ORIENTED_EDGE('',*,*,#7572,.T.);
#7574=EDGE_LOOP('',(#7567,#7569,#7571,#7573));
#7575=FACE_OUTER_BOUND('',#7574,.F.);
#7577=CARTESIAN_POINT('',(0.E0,0.E0,0.E0));
#7578=DIRECTION('',(0.E0,1.E0,0.E0));
#7579=DIRECTION('',(1.E0,0.E0,0.E0));
#7580=AXIS2_PLACEMENT_3D('',#7577,#7578,#7579);
#7581=PLANE('',#7580);
#7583=ORIENTED_EDGE('',*,*,#7582,.F.);
#7585=ORIENTED_EDGE('',*,*,#7584,.T.);
#7587=ORIENTED_EDGE('',*,*,#7586,.F.);
#7589=ORIENTED_EDGE('',*,*,#7588,.T.);
#7590=EDGE_LOOP('',(#7583,#7585,#7587,#7589));
#7591=FACE_OUTER_BOUND('',#7590,.F.);
#7593=CARTESIAN_POINT('',(0.E0,0.E0,0.E0));
#7594=DIRECTION('',(0.E0,1.E0,0.E0));
#7595=DIRECTION('',(1.E0,0.E0,0.E0));
#7596=AXIS2_PLACEMENT_3D('',#7593,#7594,#7595);
#7597=PLANE('',#7596);
#7599=ORIENTED_EDGE('',*,*,#7598,.F.);
#7601=ORIENTED_EDGE('',*,*,#7600,.T.);
#7603=ORIENTED_EDGE('',*,*,#7602,.F.);
#7605=ORIENTED_EDGE('',*,*,#7604,.T.);
#7606=EDGE_LOOP('',(#7599,#7601,#7603,#7605));
#7607=FACE_OUTER_BOUND('',#7606,.F.);
#7609=CARTESIAN_POINT('',(0.E0,0.E0,0.E0));
#7610=DIRECTION('',(0.E0,1.E0,0.E0));
#7611=DIRECTION('',(1.E0,0.E0,0.E0));
#7612=AXIS2_PLACEMENT_3D('',#7609,#7610,#7611);
#7613=PLANE('',#7612);
#7615=ORIENTED_EDGE('',*,*,#7614,.F.);
#7617=ORIENTED_EDGE('',*,*,#7616,.T.);
#7619=ORIENTED_EDGE('',*,*,#7618,.F.);
#7621=ORIENTED_EDGE('',*,*,#7620,.T.);
#7622=EDGE_LOOP('',(#7615,#7617,#7619,#7621));
#7623=FACE_OUTER_BOUND('',#7622,.F.);
#7625=CARTESIAN_POINT('',(0.E0,0.E0,0.E0));
#7626=DIRECTION('',(0.E0,1.E0,0.E0));
#7627=DIRECTION('',(1.E0,0.E0,0.E0));
#7628=AXIS2_PLACEMENT_3D('',#7625,#7626,#7627);
#7629=PLANE('',#7628);
#7631=ORIENTED_EDGE('',*,*,#7630,.F.);
#7633=ORIENTED_EDGE('',*,*,#7632,.T.);
#7635=ORIENTED_EDGE('',*,*,#7634,.F.);
#7637=ORIENTED_EDGE('',*,*,#7636,.T.);
#7638=EDGE_LOOP('',(#7631,#7633,#7635,#7637));
#7639=FACE_OUTER_BOUND('',#7638,.F.);
#7641=CARTESIAN_POINT('',(0.E0,0.E0,0.E0));
#7642=DIRECTION('',(0.E0,1.E0,0.E0));
#7643=DIRECTION('',(1.E0,0.E0,0.E0));
#7644=AXIS2_PLACEMENT_3D('',#7641,#7642,#7643);
#7645=PLANE('',#7644);
#7647=ORIENTED_EDGE('',*,*,#7646,.F.);
#7649=ORIENTED_EDGE('',*,*,#7648,.T.);
#7651=ORIENTED_EDGE('',*,*,#7650,.F.);
#7653=ORIENTED_EDGE('',*,*,#7652,.T.);
#7654=EDGE_LOOP('',(#7647,#7649,#7651,#7653));
#7655=FACE_OUTER_BOUND('',#7654,.F.);
#7657=CARTESIAN_POINT('',(0.E0,-1.210629920992E-2,0.E0));
#7658=DIRECTION('',(0.E0,-1.E0,0.E0));
#7659=DIRECTION('',(0.E0,0.E0,-1.E0));
#7660=AXIS2_PLACEMENT_3D('',#7657,#7658,#7659);
#7661=CONICAL_SURFACE('',#7660,8.525937852997E-1,4.5E1);
#7662=ORIENTED_EDGE('',*,*,#6925,.T.);
#7664=ORIENTED_EDGE('',*,*,#7663,.T.);
#7665=ORIENTED_EDGE('',*,*,#7152,.T.);
#7667=ORIENTED_EDGE('',*,*,#7666,.T.);
#7668=ORIENTED_EDGE('',*,*,#7168,.T.);
#7670=ORIENTED_EDGE('',*,*,#7669,.T.);
#7671=ORIENTED_EDGE('',*,*,#7184,.T.);
#7673=ORIENTED_EDGE('',*,*,#7672,.T.);
#7674=ORIENTED_EDGE('',*,*,#7200,.T.);
#7676=ORIENTED_EDGE('',*,*,#7675,.T.);
#7677=ORIENTED_EDGE('',*,*,#7216,.T.);
#7679=ORIENTED_EDGE('',*,*,#7678,.T.);
#7680=ORIENTED_EDGE('',*,*,#7232,.T.);
#7682=ORIENTED_EDGE('',*,*,#7681,.T.);
#7683=ORIENTED_EDGE('',*,*,#7248,.T.);
#7685=ORIENTED_EDGE('',*,*,#7684,.T.);
#7686=ORIENTED_EDGE('',*,*,#7264,.T.);
#7688=ORIENTED_EDGE('',*,*,#7687,.T.);
#7689=ORIENTED_EDGE('',*,*,#7280,.T.);
#7691=ORIENTED_EDGE('',*,*,#7690,.T.);
#7692=ORIENTED_EDGE('',*,*,#7296,.T.);
#7694=ORIENTED_EDGE('',*,*,#7693,.T.);
#7695=ORIENTED_EDGE('',*,*,#7312,.T.);
#7697=ORIENTED_EDGE('',*,*,#7696,.T.);
#7698=ORIENTED_EDGE('',*,*,#7328,.T.);
#7700=ORIENTED_EDGE('',*,*,#7699,.T.);
#7701=ORIENTED_EDGE('',*,*,#7344,.T.);
#7703=ORIENTED_EDGE('',*,*,#7702,.T.);
#7704=ORIENTED_EDGE('',*,*,#7360,.T.);
#7706=ORIENTED_EDGE('',*,*,#7705,.T.);
#7707=ORIENTED_EDGE('',*,*,#7376,.T.);
#7709=ORIENTED_EDGE('',*,*,#7708,.T.);
#7710=ORIENTED_EDGE('',*,*,#7392,.T.);
#7712=ORIENTED_EDGE('',*,*,#7711,.T.);
#7713=ORIENTED_EDGE('',*,*,#7408,.T.);
#7715=ORIENTED_EDGE('',*,*,#7714,.T.);
#7716=ORIENTED_EDGE('',*,*,#7582,.T.);
#7718=ORIENTED_EDGE('',*,*,#7717,.T.);
#7719=ORIENTED_EDGE('',*,*,#7598,.T.);
#7721=ORIENTED_EDGE('',*,*,#7720,.T.);
#7722=ORIENTED_EDGE('',*,*,#7614,.T.);
#7724=ORIENTED_EDGE('',*,*,#7723,.T.);
#7725=ORIENTED_EDGE('',*,*,#7630,.T.);
#7727=ORIENTED_EDGE('',*,*,#7726,.T.);
#7728=ORIENTED_EDGE('',*,*,#7646,.T.);
#7729=ORIENTED_EDGE('',*,*,#6885,.T.);
#7730=ORIENTED_EDGE('',*,*,#6945,.T.);
#7732=ORIENTED_EDGE('',*,*,#7731,.T.);
#7734=ORIENTED_EDGE('',*,*,#7733,.F.);
#7736=ORIENTED_EDGE('',*,*,#7735,.F.);
#7737=EDGE_LOOP('',(#7662,#7664,#7665,#7667,#7668,#7670,#7671,#7673,#7674,#7676,
#7677,#7679,#7680,#7682,#7683,#7685,#7686,#7688,#7689,#7691,#7692,#7694,#7695,
#7697,#7698,#7700,#7701,#7703,#7704,#7706,#7707,#7709,#7710,#7712,#7713,#7715,
#7716,#7718,#7719,#7721,#7722,#7724,#7725,#7727,#7728,#7729,#7730,#7732,#7734,
#7736));
#7738=FACE_OUTER_BOUND('',#7737,.F.);
#7740=CARTESIAN_POINT('',(0.E0,2.519685039370E-1,0.E0));
#7741=DIRECTION('',(0.E0,1.E0,0.E0));
#7742=DIRECTION('',(-6.824241336467E-2,0.E0,-9.976687691905E-1));
#7743=AXIS2_PLACEMENT_3D('',#7740,#7741,#7742);
#7744=CYLINDRICAL_SURFACE('',#7743,8.404874860898E-1);
#7746=ORIENTED_EDGE('',*,*,#7745,.F.);
#7747=ORIENTED_EDGE('',*,*,#6865,.F.);
#7749=ORIENTED_EDGE('',*,*,#7748,.T.);
#7750=ORIENTED_EDGE('',*,*,#7663,.F.);
#7751=EDGE_LOOP('',(#7746,#7747,#7749,#7750));
#7752=FACE_OUTER_BOUND('',#7751,.F.);
#7754=CARTESIAN_POINT('',(-8.290585691653E-1,2.519685039370E-1,
4.448654799903E-2));
#7755=DIRECTION('',(0.E0,1.E0,0.E0));
#7756=DIRECTION('',(-6.824241336467E-2,0.E0,-9.976687691905E-1));
#7757=AXIS2_PLACEMENT_3D('',#7754,#7755,#7756);
#7758=CYLINDRICAL_SURFACE('',#7757,1.023622047244E-2);
#7759=ORIENTED_EDGE('',*,*,#6081,.T.);
#7760=ORIENTED_EDGE('',*,*,#7745,.T.);
#7761=ORIENTED_EDGE('',*,*,#6933,.F.);
#7763=ORIENTED_EDGE('',*,*,#7762,.F.);
#7764=EDGE_LOOP('',(#7759,#7760,#7761,#7763));
#7765=FACE_OUTER_BOUND('',#7764,.F.);
#7767=CARTESIAN_POINT('',(-8.286764624678E-1,2.519685039370E-1,0.E0));
#7768=DIRECTION('',(0.E0,1.E0,0.E0));
#7769=DIRECTION('',(-6.824241336467E-2,0.E0,-9.976687691905E-1));
#7770=AXIS2_PLACEMENT_3D('',#7767,#7768,#7769);
#7771=CYLINDRICAL_SURFACE('',#7770,3.425196850394E-2);
#7772=ORIENTED_EDGE('',*,*,#6931,.T.);
#7774=ORIENTED_EDGE('',*,*,#7773,.F.);
#7775=ORIENTED_EDGE('',*,*,#6083,.F.);
#7776=ORIENTED_EDGE('',*,*,#7762,.T.);
#7777=EDGE_LOOP('',(#7772,#7774,#7775,#7776));
#7778=FACE_OUTER_BOUND('',#7777,.F.);
#7780=CARTESIAN_POINT('',(-8.290585691653E-1,2.519685039370E-1,
-4.448654799903E-2));
#7781=DIRECTION('',(0.E0,1.E0,0.E0));
#7782=DIRECTION('',(-6.824241336467E-2,0.E0,-9.976687691905E-1));
#7783=AXIS2_PLACEMENT_3D('',#7780,#7781,#7782);
#7784=CYLINDRICAL_SURFACE('',#7783,1.023622047244E-2);
#7785=ORIENTED_EDGE('',*,*,#6085,.T.);
#7786=ORIENTED_EDGE('',*,*,#7773,.T.);
#7787=ORIENTED_EDGE('',*,*,#6929,.F.);
#7789=ORIENTED_EDGE('',*,*,#7788,.F.);
#7790=EDGE_LOOP('',(#7785,#7786,#7787,#7789));
#7791=FACE_OUTER_BOUND('',#7790,.F.);
#7793=CARTESIAN_POINT('',(0.E0,2.519685039370E-1,0.E0));
#7794=DIRECTION('',(0.E0,1.E0,0.E0));
#7795=DIRECTION('',(6.824241336467E-2,0.E0,-9.976687691905E-1));
#7796=AXIS2_PLACEMENT_3D('',#7793,#7794,#7795);
#7797=CYLINDRICAL_SURFACE('',#7796,8.404874860898E-1);
#7799=ORIENTED_EDGE('',*,*,#7798,.F.);
#7801=ORIENTED_EDGE('',*,*,#7800,.F.);
#7802=ORIENTED_EDGE('',*,*,#7788,.T.);
#7804=ORIENTED_EDGE('',*,*,#7803,.F.);
#7805=EDGE_LOOP('',(#7799,#7801,#7802,#7804));
#7806=FACE_OUTER_BOUND('',#7805,.F.);
#7808=CARTESIAN_POINT('',(-8.273942570839E-1,2.519685039370E-1,
-6.881792937746E-2));
#7809=DIRECTION('',(0.E0,1.E0,0.E0));
#7810=DIRECTION('',(6.824241336467E-2,0.E0,-9.976687691905E-1));
#7811=AXIS2_PLACEMENT_3D('',#7808,#7809,#7810);
#7812=CYLINDRICAL_SURFACE('',#7811,1.023622047244E-2);
#7813=ORIENTED_EDGE('',*,*,#6270,.T.);
#7814=ORIENTED_EDGE('',*,*,#7798,.T.);
#7815=ORIENTED_EDGE('',*,*,#7134,.F.);
#7817=ORIENTED_EDGE('',*,*,#7816,.F.);
#7818=EDGE_LOOP('',(#7813,#7814,#7815,#7817));
#7819=FACE_OUTER_BOUND('',#7818,.F.);
#7821=CARTESIAN_POINT('',(-8.209581251779E-1,2.519685039370E-1,
-1.128380970792E-1));
#7822=DIRECTION('',(0.E0,1.E0,0.E0));
#7823=DIRECTION('',(6.824241336467E-2,0.E0,-9.976687691905E-1));
#7824=AXIS2_PLACEMENT_3D('',#7821,#7822,#7823);
#7825=CYLINDRICAL_SURFACE('',#7824,3.425196850394E-2);
#7826=ORIENTED_EDGE('',*,*,#7140,.T.);
#7828=ORIENTED_EDGE('',*,*,#7827,.F.);
#7829=ORIENTED_EDGE('',*,*,#6272,.F.);
#7830=ORIENTED_EDGE('',*,*,#7816,.T.);
#7831=EDGE_LOOP('',(#7826,#7828,#7829,#7830));
#7832=FACE_OUTER_BOUND('',#7831,.F.);
#7834=CARTESIAN_POINT('',(-8.152790887422E-1,2.519685039370E-1,
-1.569623251581E-1));
#7835=DIRECTION('',(0.E0,1.E0,0.E0));
#7836=DIRECTION('',(6.824241336467E-2,0.E0,-9.976687691905E-1));
#7837=AXIS2_PLACEMENT_3D('',#7834,#7835,#7836);
#7838=CYLINDRICAL_SURFACE('',#7837,1.023622047244E-2);
#7839=ORIENTED_EDGE('',*,*,#6274,.T.);
#7840=ORIENTED_EDGE('',*,*,#7827,.T.);
#7841=ORIENTED_EDGE('',*,*,#7138,.F.);
#7843=ORIENTED_EDGE('',*,*,#7842,.F.);
#7844=EDGE_LOOP('',(#7839,#7840,#7841,#7843));
#7845=FACE_OUTER_BOUND('',#7844,.F.);
#7847=CARTESIAN_POINT('',(0.E0,2.519685039370E-1,0.E0));
#7848=DIRECTION('',(0.E0,1.E0,0.E0));
#7849=DIRECTION('',(2.034560130526E-1,0.E0,-9.790840876823E-1));
#7850=AXIS2_PLACEMENT_3D('',#7847,#7848,#7849);
#7851=CYLINDRICAL_SURFACE('',#7850,8.404874860898E-1);
#7853=ORIENTED_EDGE('',*,*,#7852,.F.);
#7855=ORIENTED_EDGE('',*,*,#7854,.F.);
#7856=ORIENTED_EDGE('',*,*,#7842,.T.);
#7858=ORIENTED_EDGE('',*,*,#7857,.F.);
#7859=EDGE_LOOP('',(#7853,#7855,#7856,#7858));
#7860=FACE_OUTER_BOUND('',#7859,.F.);
#7862=CARTESIAN_POINT('',(-8.103171554831E-1,2.519685039370E-1,
-1.808404589382E-1));
#7863=DIRECTION('',(0.E0,1.E0,0.E0));
#7864=DIRECTION('',(2.034560130526E-1,0.E0,-9.790840876823E-1));
#7865=AXIS2_PLACEMENT_3D('',#7862,#7863,#7864);
#7866=CYLINDRICAL_SURFACE('',#7865,1.023622047244E-2);
#7867=ORIENTED_EDGE('',*,*,#6254,.T.);
#7868=ORIENTED_EDGE('',*,*,#7852,.T.);
#7869=ORIENTED_EDGE('',*,*,#7118,.F.);
#7871=ORIENTED_EDGE('',*,*,#7870,.F.);
#7872=EDGE_LOOP('',(#7867,#7868,#7869,#7871));
#7873=FACE_OUTER_BOUND('',#7872,.F.);
#7875=CARTESIAN_POINT('',(-7.979468913284E-1,2.519685039370E-1,
-2.235742339076E-1));
#7876=DIRECTION('',(0.E0,1.E0,0.E0));
#7877=DIRECTION('',(2.034560130526E-1,0.E0,-9.790840876823E-1));
#7878=AXIS2_PLACEMENT_3D('',#7875,#7876,#7877);
#7879=CYLINDRICAL_SURFACE('',#7878,3.425196850394E-2);
#7880=ORIENTED_EDGE('',*,*,#7124,.T.);
#7882=ORIENTED_EDGE('',*,*,#7881,.F.);
#7883=ORIENTED_EDGE('',*,*,#6256,.F.);
#7884=ORIENTED_EDGE('',*,*,#7870,.T.);
#7885=EDGE_LOOP('',(#7880,#7882,#7883,#7884));
#7886=FACE_OUTER_BOUND('',#7885,.F.);
#7888=CARTESIAN_POINT('',(-7.863125014630E-1,2.519685039370E-1,
-2.665141911835E-1));
#7889=DIRECTION('',(0.E0,1.E0,0.E0));
#7890=DIRECTION('',(2.034560130526E-1,0.E0,-9.790840876823E-1));
#7891=AXIS2_PLACEMENT_3D('',#7888,#7889,#7890);
#7892=CYLINDRICAL_SURFACE('',#7891,1.023622047244E-2);
#7893=ORIENTED_EDGE('',*,*,#6258,.T.);
#7894=ORIENTED_EDGE('',*,*,#7881,.T.);
#7895=ORIENTED_EDGE('',*,*,#7122,.F.);
#7897=ORIENTED_EDGE('',*,*,#7896,.F.);
#7898=EDGE_LOOP('',(#7893,#7894,#7895,#7897));
#7899=FACE_OUTER_BOUND('',#7898,.F.);
#7901=CARTESIAN_POINT('',(0.E0,2.519685039370E-1,0.E0));
#7902=DIRECTION('',(0.E0,1.E0,0.E0));
#7903=DIRECTION('',(3.348796121710E-1,0.E0,-9.422609221188E-1));
#7904=AXIS2_PLACEMENT_3D('',#7901,#7902,#7903);
#7905=CYLINDRICAL_SURFACE('',#7904,8.404874860898E-1);
#7907=ORIENTED_EDGE('',*,*,#7906,.F.);
#7909=ORIENTED_EDGE('',*,*,#7908,.F.);
#7910=ORIENTED_EDGE('',*,*,#7896,.T.);
#7912=ORIENTED_EDGE('',*,*,#7911,.F.);
#7913=EDGE_LOOP('',(#7907,#7909,#7910,#7912));
#7914=FACE_OUTER_BOUND('',#7913,.F.);
#7916=CARTESIAN_POINT('',(-7.781453784547E-1,2.519685039370E-1,
-2.894942729121E-1));
#7917=DIRECTION('',(0.E0,1.E0,0.E0));
#7918=DIRECTION('',(3.348796121710E-1,0.E0,-9.422609221188E-1));
#7919=AXIS2_PLACEMENT_3D('',#7916,#7917,#7918);
#7920=CYLINDRICAL_SURFACE('',#7919,1.023622047244E-2);
#7921=ORIENTED_EDGE('',*,*,#6238,.T.);
#7922=ORIENTED_EDGE('',*,*,#7906,.T.);
#7923=ORIENTED_EDGE('',*,*,#7102,.F.);
#7925=ORIENTED_EDGE('',*,*,#7924,.F.);
#7926=EDGE_LOOP('',(#7921,#7922,#7923,#7925));
#7927=FACE_OUTER_BOUND('',#7926,.F.);
#7929=CARTESIAN_POINT('',(-7.600714166670E-1,2.519685039370E-1,
-3.301456057771E-1));
#7930=DIRECTION('',(0.E0,1.E0,0.E0));
#7931=DIRECTION('',(3.348796121710E-1,0.E0,-9.422609221188E-1));
#7932=AXIS2_PLACEMENT_3D('',#7929,#7930,#7931);
#7933=CYLINDRICAL_SURFACE('',#7932,3.425196850394E-2);
#7934=ORIENTED_EDGE('',*,*,#7108,.T.);
#7936=ORIENTED_EDGE('',*,*,#7935,.F.);
#7937=ORIENTED_EDGE('',*,*,#6240,.F.);
#7938=ORIENTED_EDGE('',*,*,#7924,.T.);
#7939=EDGE_LOOP('',(#7934,#7936,#7937,#7938));
#7940=FACE_OUTER_BOUND('',#7939,.F.);
#7942=CARTESIAN_POINT('',(-7.426984000420E-1,2.519685039370E-1,
-3.711014020915E-1));
#7943=DIRECTION('',(0.E0,1.E0,0.E0));
#7944=DIRECTION('',(3.348796121710E-1,0.E0,-9.422609221188E-1));
#7945=AXIS2_PLACEMENT_3D('',#7942,#7943,#7944);
#7946=CYLINDRICAL_SURFACE('',#7945,1.023622047244E-2);
#7947=ORIENTED_EDGE('',*,*,#6242,.T.);
#7948=ORIENTED_EDGE('',*,*,#7935,.T.);
#7949=ORIENTED_EDGE('',*,*,#7106,.F.);
#7951=ORIENTED_EDGE('',*,*,#7950,.F.);
#7952=EDGE_LOOP('',(#7947,#7948,#7949,#7951));
#7953=FACE_OUTER_BOUND('',#7952,.F.);
#7955=CARTESIAN_POINT('',(0.E0,2.519685039370E-1,0.E0));
#7956=DIRECTION('',(0.E0,1.E0,0.E0));
#7957=DIRECTION('',(4.600650377312E-1,0.E0,-8.878852184024E-1));
#7958=AXIS2_PLACEMENT_3D('',#7955,#7956,#7957);
#7959=CYLINDRICAL_SURFACE('',#7958,8.404874860898E-1);
#7961=ORIENTED_EDGE('',*,*,#7960,.F.);
#7963=ORIENTED_EDGE('',*,*,#7962,.F.);
#7964=ORIENTED_EDGE('',*,*,#7950,.T.);
#7966=ORIENTED_EDGE('',*,*,#7965,.F.);
#7967=EDGE_LOOP('',(#7961,#7963,#7964,#7966));
#7968=FACE_OUTER_BOUND('',#7967,.F.);
#7970=CARTESIAN_POINT('',(-7.314782253331E-1,2.519685039370E-1,
-3.927553563260E-1));
#7971=DIRECTION('',(0.E0,1.E0,0.E0));
#7972=DIRECTION('',(4.600650377312E-1,0.E0,-8.878852184024E-1));
#7973=AXIS2_PLACEMENT_3D('',#7970,#7971,#7972);
#7974=CYLINDRICAL_SURFACE('',#7973,1.023622047244E-2);
#7975=ORIENTED_EDGE('',*,*,#6222,.T.);
#7976=ORIENTED_EDGE('',*,*,#7960,.T.);
#7977=ORIENTED_EDGE('',*,*,#7086,.F.);
#7979=ORIENTED_EDGE('',*,*,#7978,.F.);
#7980=EDGE_LOOP('',(#7975,#7976,#7977,#7979));
#7981=FACE_OUTER_BOUND('',#7980,.F.);
#7983=CARTESIAN_POINT('',(-7.080372496234E-1,2.519685039370E-1,
-4.305669896704E-1));
#7984=DIRECTION('',(0.E0,1.E0,0.E0));
#7985=DIRECTION('',(4.600650377312E-1,0.E0,-8.878852184024E-1));
#7986=AXIS2_PLACEMENT_3D('',#7983,#7984,#7985);
#7987=CYLINDRICAL_SURFACE('',#7986,3.425196850394E-2);
#7988=ORIENTED_EDGE('',*,*,#7092,.T.);
#7990=ORIENTED_EDGE('',*,*,#7989,.F.);
#7991=ORIENTED_EDGE('',*,*,#6224,.F.);
#7992=ORIENTED_EDGE('',*,*,#7978,.T.);
#7993=EDGE_LOOP('',(#7988,#7990,#7991,#7992));
#7994=FACE_OUTER_BOUND('',#7993,.F.);
#7996=CARTESIAN_POINT('',(-6.852492326676E-1,2.519685039370E-1,
-4.687756960293E-1));
#7997=DIRECTION('',(0.E0,1.E0,0.E0));
#7998=DIRECTION('',(4.600650377312E-1,0.E0,-8.878852184024E-1));
#7999=AXIS2_PLACEMENT_3D('',#7996,#7997,#7998);
#8000=CYLINDRICAL_SURFACE('',#7999,1.023622047244E-2);
#8001=ORIENTED_EDGE('',*,*,#6226,.T.);
#8002=ORIENTED_EDGE('',*,*,#7989,.T.);
#8003=ORIENTED_EDGE('',*,*,#7090,.F.);
#8005=ORIENTED_EDGE('',*,*,#8004,.F.);
#8006=EDGE_LOOP('',(#8001,#8002,#8003,#8005));
#8007=FACE_OUTER_BOUND('',#8006,.F.);
#8009=CARTESIAN_POINT('',(0.E0,2.519685039370E-1,0.E0));
#8010=DIRECTION('',(0.E0,1.E0,0.E0));
#8011=DIRECTION('',(5.766803221149E-1,0.E0,-8.169698930104E-1));
#8012=AXIS2_PLACEMENT_3D('',#8009,#8010,#8011);
#8013=CYLINDRICAL_SURFACE('',#8012,8.404874860898E-1);
#8015=ORIENTED_EDGE('',*,*,#8014,.F.);
#8017=ORIENTED_EDGE('',*,*,#8016,.F.);
#8018=ORIENTED_EDGE('',*,*,#8004,.T.);
#8020=ORIENTED_EDGE('',*,*,#8019,.F.);
#8021=EDGE_LOOP('',(#8015,#8017,#8018,#8020));
#8022=FACE_OUTER_BOUND('',#8021,.F.);
#8024=CARTESIAN_POINT('',(-6.711850168836E-1,2.519685039370E-1,
-4.887001505731E-1));
#8025=DIRECTION('',(0.E0,1.E0,0.E0));
#8026=DIRECTION('',(5.766803221149E-1,0.E0,-8.169698930104E-1));
#8027=AXIS2_PLACEMENT_3D('',#8024,#8025,#8026);
#8028=CYLINDRICAL_SURFACE('',#8027,1.023622047244E-2);
#8029=ORIENTED_EDGE('',*,*,#6206,.T.);
#8030=ORIENTED_EDGE('',*,*,#8014,.T.);
#8031=ORIENTED_EDGE('',*,*,#7070,.F.);
#8033=ORIENTED_EDGE('',*,*,#8032,.F.);
#8034=EDGE_LOOP('',(#8029,#8030,#8031,#8033));
#8035=FACE_OUTER_BOUND('',#8034,.F.);
#8037=CARTESIAN_POINT('',(-6.428136882773E-1,2.519685039370E-1,
-5.229677252102E-1));
#8038=DIRECTION('',(0.E0,1.E0,0.E0));
#8039=DIRECTION('',(5.766803221149E-1,0.E0,-8.169698930104E-1));
#8040=AXIS2_PLACEMENT_3D('',#8037,#8038,#8039);
#8041=CYLINDRICAL_SURFACE('',#8040,3.425196850394E-2);
#8042=ORIENTED_EDGE('',*,*,#7076,.T.);
#8044=ORIENTED_EDGE('',*,*,#8043,.F.);
#8045=ORIENTED_EDGE('',*,*,#6208,.F.);
#8046=ORIENTED_EDGE('',*,*,#8032,.T.);
#8047=EDGE_LOOP('',(#8042,#8044,#8045,#8046));
#8048=FACE_OUTER_BOUND('',#8047,.F.);
#8050=CARTESIAN_POINT('',(-6.150351686299E-1,2.519685039370E-1,
-5.577175857077E-1));
#8051=DIRECTION('',(0.E0,1.E0,0.E0));
#8052=DIRECTION('',(5.766803221149E-1,0.E0,-8.169698930104E-1));
#8053=AXIS2_PLACEMENT_3D('',#8050,#8051,#8052);
#8054=CYLINDRICAL_SURFACE('',#8053,1.023622047244E-2);
#8055=ORIENTED_EDGE('',*,*,#6210,.T.);
#8056=ORIENTED_EDGE('',*,*,#8043,.T.);
#8057=ORIENTED_EDGE('',*,*,#7074,.F.);
#8059=ORIENTED_EDGE('',*,*,#8058,.F.);
#8060=EDGE_LOOP('',(#8055,#8056,#8057,#8059));
#8061=FACE_OUTER_BOUND('',#8060,.F.);
#8063=CARTESIAN_POINT('',(0.E0,2.519685039370E-1,0.E0));
#8064=DIRECTION('',(0.E0,1.E0,0.E0));
#8065=DIRECTION('',(6.825531432187E-1,0.E0,-7.308359642781E-1));
#8066=AXIS2_PLACEMENT_3D('',#8063,#8064,#8065);
#8067=CYLINDRICAL_SURFACE('',#8066,8.404874860898E-1);
#8069=ORIENTED_EDGE('',*,*,#8068,.F.);
#8071=ORIENTED_EDGE('',*,*,#8070,.F.);
#8072=ORIENTED_EDGE('',*,*,#8058,.T.);
#8074=ORIENTED_EDGE('',*,*,#8073,.F.);
#8075=EDGE_LOOP('',(#8069,#8071,#8072,#8074));
#8076=FACE_OUTER_BOUND('',#8075,.F.);
#8078=CARTESIAN_POINT('',(-5.983889015004E-1,2.519685039370E-1,
-5.755413856713E-1));
#8079=DIRECTION('',(0.E0,1.E0,0.E0));
#8080=DIRECTION('',(6.825531432187E-1,0.E0,-7.308359642781E-1));
#8081=AXIS2_PLACEMENT_3D('',#8078,#8079,#8080);
#8082=CYLINDRICAL_SURFACE('',#8081,1.023622047244E-2);
#8083=ORIENTED_EDGE('',*,*,#6190,.T.);
#8084=ORIENTED_EDGE('',*,*,#8068,.T.);
#8085=ORIENTED_EDGE('',*,*,#7054,.F.);
#8087=ORIENTED_EDGE('',*,*,#8086,.F.);
#8088=EDGE_LOOP('',(#8083,#8084,#8085,#8087));
#8089=FACE_OUTER_BOUND('',#8088,.F.);
#8091=CARTESIAN_POINT('',(-5.656157241687E-1,2.519685039370E-1,
-6.056265615222E-1));
#8092=DIRECTION('',(0.E0,1.E0,0.E0));
#8093=DIRECTION('',(6.825531432187E-1,0.E0,-7.308359642781E-1));
#8094=AXIS2_PLACEMENT_3D('',#8091,#8092,#8093);
#8095=CYLINDRICAL_SURFACE('',#8094,3.425196850394E-2);
#8096=ORIENTED_EDGE('',*,*,#7060,.T.);
#8098=ORIENTED_EDGE('',*,*,#8097,.F.);
#8099=ORIENTED_EDGE('',*,*,#6192,.F.);
#8100=ORIENTED_EDGE('',*,*,#8086,.T.);
#8101=EDGE_LOOP('',(#8096,#8098,#8099,#8100));
#8102=FACE_OUTER_BOUND('',#8101,.F.);
#8104=CARTESIAN_POINT('',(-5.333641630919E-1,2.519685039370E-1,
-6.362702520066E-1));
#8105=DIRECTION('',(0.E0,1.E0,0.E0));
#8106=DIRECTION('',(6.825531432187E-1,0.E0,-7.308359642781E-1));
#8107=AXIS2_PLACEMENT_3D('',#8104,#8105,#8106);
#8108=CYLINDRICAL_SURFACE('',#8107,1.023622047244E-2);
#8109=ORIENTED_EDGE('',*,*,#6194,.T.);
#8110=ORIENTED_EDGE('',*,*,#8097,.T.);
#8111=ORIENTED_EDGE('',*,*,#7058,.F.);
#8113=ORIENTED_EDGE('',*,*,#8112,.F.);
#8114=EDGE_LOOP('',(#8109,#8110,#8111,#8113));
#8115=FACE_OUTER_BOUND('',#8114,.F.);
#8117=CARTESIAN_POINT('',(0.E0,2.519685039370E-1,0.E0));
#8118=DIRECTION('',(0.E0,1.E0,0.E0));
#8119=DIRECTION('',(7.757112907044E-1,0.E0,-6.310879443261E-1));
#8120=AXIS2_PLACEMENT_3D('',#8117,#8118,#8119);
#8121=CYLINDRICAL_SURFACE('',#8120,8.404874860898E-1);
#8123=ORIENTED_EDGE('',*,*,#8122,.F.);
#8125=ORIENTED_EDGE('',*,*,#8124,.F.);
#8126=ORIENTED_EDGE('',*,*,#8112,.T.);
#8128=ORIENTED_EDGE('',*,*,#8127,.F.);
#8129=EDGE_LOOP('',(#8123,#8125,#8126,#8128));
#8130=FACE_OUTER_BOUND('',#8129,.F.);
#8132=CARTESIAN_POINT('',(-5.144459330775E-1,2.519685039370E-1,
-6.516613737205E-1));
#8133=DIRECTION('',(0.E0,1.E0,0.E0));
#8134=DIRECTION('',(7.757112907044E-1,0.E0,-6.310879443261E-1));
#8135=AXIS2_PLACEMENT_3D('',#8132,#8133,#8134);
#8136=CYLINDRICAL_SURFACE('',#8135,1.023622047244E-2);
#8137=ORIENTED_EDGE('',*,*,#6174,.T.);
#8138=ORIENTED_EDGE('',*,*,#8122,.T.);
#8139=ORIENTED_EDGE('',*,*,#7038,.F.);
#8141=ORIENTED_EDGE('',*,*,#8140,.F.);
#8142=EDGE_LOOP('',(#8137,#8138,#8139,#8141));
#8143=FACE_OUTER_BOUND('',#8142,.F.);
#8145=CARTESIAN_POINT('',(-4.778814093049E-1,2.519685039370E-1,
-6.770037208826E-1));
#8146=DIRECTION('',(0.E0,1.E0,0.E0));
#8147=DIRECTION('',(7.757112907044E-1,0.E0,-6.310879443261E-1));
#8148=AXIS2_PLACEMENT_3D('',#8145,#8146,#8147);
#8149=CYLINDRICAL_SURFACE('',#8148,3.425196850394E-2);
#8150=ORIENTED_EDGE('',*,*,#7044,.T.);
#8152=ORIENTED_EDGE('',*,*,#8151,.F.);
#8153=ORIENTED_EDGE('',*,*,#6176,.F.);
#8154=ORIENTED_EDGE('',*,*,#8140,.T.);
#8155=EDGE_LOOP('',(#8150,#8152,#8153,#8154));
#8156=FACE_OUTER_BOUND('',#8155,.F.);
#8158=CARTESIAN_POINT('',(-4.417575923592E-1,2.519685039370E-1,
-7.029704073802E-1));
#8159=DIRECTION('',(0.E0,1.E0,0.E0));
#8160=DIRECTION('',(7.757112907044E-1,0.E0,-6.310879443261E-1));
#8161=AXIS2_PLACEMENT_3D('',#8158,#8159,#8160);
#8162=CYLINDRICAL_SURFACE('',#8161,1.023622047244E-2);
#8163=ORIENTED_EDGE('',*,*,#6178,.T.);
#8164=ORIENTED_EDGE('',*,*,#8151,.T.);
#8165=ORIENTED_EDGE('',*,*,#7042,.F.);
#8167=ORIENTED_EDGE('',*,*,#8166,.F.);
#8168=EDGE_LOOP('',(#8163,#8164,#8165,#8167));
#8169=FACE_OUTER_BOUND('',#8168,.F.);
#8171=CARTESIAN_POINT('',(0.E0,2.519685039370E-1,0.E0));
#8172=DIRECTION('',(0.E0,1.E0,0.E0));
#8173=DIRECTION('',(8.544194045465E-1,0.E0,-5.195839500354E-1));
#8174=AXIS2_PLACEMENT_3D('',#8171,#8172,#8173);
#8175=CYLINDRICAL_SURFACE('',#8174,8.404874860898E-1);
#8177=ORIENTED_EDGE('',*,*,#8176,.F.);
#8179=ORIENTED_EDGE('',*,*,#8178,.F.);
#8180=ORIENTED_EDGE('',*,*,#8166,.T.);
#8182=ORIENTED_EDGE('',*,*,#8181,.F.);
#8183=EDGE_LOOP('',(#8177,#8179,#8180,#8182));
#8184=FACE_OUTER_BOUND('',#8183,.F.);
#8186=CARTESIAN_POINT('',(-4.209198102904E-1,2.519685039370E-1,
-7.156421433680E-1));
#8187=DIRECTION('',(0.E0,1.E0,0.E0));
#8188=DIRECTION('',(8.544194045465E-1,0.E0,-5.195839500354E-1));
#8189=AXIS2_PLACEMENT_3D('',#8186,#8187,#8188);
#8190=CYLINDRICAL_SURFACE('',#8189,1.023622047244E-2);
#8191=ORIENTED_EDGE('',*,*,#6158,.T.);
#8192=ORIENTED_EDGE('',*,*,#8176,.T.);
#8193=ORIENTED_EDGE('',*,*,#7022,.F.);
#8195=ORIENTED_EDGE('',*,*,#8194,.F.);
#8196=EDGE_LOOP('',(#8191,#8192,#8193,#8195));
#8197=FACE_OUTER_BOUND('',#8196,.F.);
#8199=CARTESIAN_POINT('',(-3.812450679722E-1,2.519685039370E-1,
-7.357695818631E-1));
#8200=DIRECTION('',(0.E0,1.E0,0.E0));
#8201=DIRECTION('',(8.544194045465E-1,0.E0,-5.195839500354E-1));
#8202=AXIS2_PLACEMENT_3D('',#8199,#8200,#8201);
#8203=CYLINDRICAL_SURFACE('',#8202,3.425196850394E-2);
#8204=ORIENTED_EDGE('',*,*,#7028,.T.);
#8206=ORIENTED_EDGE('',*,*,#8205,.F.);
#8207=ORIENTED_EDGE('',*,*,#6160,.F.);
#8208=ORIENTED_EDGE('',*,*,#8194,.T.);
#8209=EDGE_LOOP('',(#8204,#8206,#8207,#8208));
#8210=FACE_OUTER_BOUND('',#8209,.F.);
#8212=CARTESIAN_POINT('',(-3.419219135183E-1,2.519685039370E-1,
-7.565755541354E-1));
#8213=DIRECTION('',(0.E0,1.E0,0.E0));
#8214=DIRECTION('',(8.544194045465E-1,0.E0,-5.195839500354E-1));
#8215=AXIS2_PLACEMENT_3D('',#8212,#8213,#8214);
#8216=CYLINDRICAL_SURFACE('',#8215,1.023622047244E-2);
#8217=ORIENTED_EDGE('',*,*,#6162,.T.);
#8218=ORIENTED_EDGE('',*,*,#8205,.T.);
#8219=ORIENTED_EDGE('',*,*,#7026,.F.);
#8221=ORIENTED_EDGE('',*,*,#8220,.F.);
#8222=EDGE_LOOP('',(#8217,#8218,#8219,#8221));
#8223=FACE_OUTER_BOUND('',#8222,.F.);
#8225=CARTESIAN_POINT('',(0.E0,2.519685039370E-1,0.E0));
#8226=DIRECTION('',(0.E0,1.E0,0.E0));
#8227=DIRECTION('',(9.172113015055E-1,0.E0,-3.984010898462E-1));
#8228=AXIS2_PLACEMENT_3D('',#8225,#8226,#8227);
#8229=CYLINDRICAL_SURFACE('',#8228,8.404874860898E-1);
#8231=ORIENTED_EDGE('',*,*,#8230,.F.);
#8233=ORIENTED_EDGE('',*,*,#8232,.F.);
#8234=ORIENTED_EDGE('',*,*,#8220,.T.);
#8236=ORIENTED_EDGE('',*,*,#8235,.F.);
#8237=EDGE_LOOP('',(#8231,#8233,#8234,#8236));
#8238=FACE_OUTER_BOUND('',#8237,.F.);
#8240=CARTESIAN_POINT('',(-3.195527478486E-1,2.519685039370E-1,
-7.662918539315E-1));
#8241=DIRECTION('',(0.E0,1.E0,0.E0));
#8242=DIRECTION('',(9.172113015055E-1,0.E0,-3.984010898462E-1));
#8243=AXIS2_PLACEMENT_3D('',#8240,#8241,#8242);
#8244=CYLINDRICAL_SURFACE('',#8243,1.023622047244E-2);
#8245=ORIENTED_EDGE('',*,*,#6142,.T.);
#8246=ORIENTED_EDGE('',*,*,#8230,.T.);
#8247=ORIENTED_EDGE('',*,*,#7006,.F.);
#8249=ORIENTED_EDGE('',*,*,#8248,.F.);
#8250=EDGE_LOOP('',(#8245,#8246,#8247,#8249));
#8251=FACE_OUTER_BOUND('',#8250,.F.);
#8253=CARTESIAN_POINT('',(-2.775068523664E-1,2.519685039370E-1,
-7.808294476631E-1));
#8254=DIRECTION('',(0.E0,1.E0,0.E0));
#8255=DIRECTION('',(9.172113015055E-1,0.E0,-3.984010898462E-1));
#8256=AXIS2_PLACEMENT_3D('',#8253,#8254,#8255);
#8257=CYLINDRICAL_SURFACE('',#8256,3.425196850394E-2);
#8258=ORIENTED_EDGE('',*,*,#7012,.T.);
#8260=ORIENTED_EDGE('',*,*,#8259,.F.);
#8261=ORIENTED_EDGE('',*,*,#6144,.F.);
#8262=ORIENTED_EDGE('',*,*,#8248,.T.);
#8263=EDGE_LOOP('',(#8258,#8260,#8261,#8262));
#8264=FACE_OUTER_BOUND('',#8263,.F.);
#8266=CARTESIAN_POINT('',(-2.357168763697E-1,2.519685039370E-1,
-7.960871298129E-1));
#8267=DIRECTION('',(0.E0,1.E0,0.E0));
#8268=DIRECTION('',(9.172113015055E-1,0.E0,-3.984010898462E-1));
#8269=AXIS2_PLACEMENT_3D('',#8266,#8267,#8268);
#8270=CYLINDRICAL_SURFACE('',#8269,1.023622047244E-2);
#8271=ORIENTED_EDGE('',*,*,#6146,.T.);
#8272=ORIENTED_EDGE('',*,*,#8259,.T.);
#8273=ORIENTED_EDGE('',*,*,#7010,.F.);
#8275=ORIENTED_EDGE('',*,*,#8274,.F.);
#8276=EDGE_LOOP('',(#8271,#8272,#8273,#8275));
#8277=FACE_OUTER_BOUND('',#8276,.F.);
#8279=CARTESIAN_POINT('',(0.E0,2.519685039370E-1,0.E0));
#8280=DIRECTION('',(0.E0,1.E0,0.E0));
#8281=DIRECTION('',(9.629172873478E-1,0.E0,-2.697967711570E-1));
#8282=AXIS2_PLACEMENT_3D('',#8279,#8280,#8281);
#8283=CYLINDRICAL_SURFACE('',#8282,8.404874860898E-1);
#8285=ORIENTED_EDGE('',*,*,#8284,.F.);
#8287=ORIENTED_EDGE('',*,*,#8286,.F.);
#8288=ORIENTED_EDGE('',*,*,#8274,.T.);
#8290=ORIENTED_EDGE('',*,*,#8289,.F.);
#8291=EDGE_LOOP('',(#8285,#8287,#8288,#8290));
#8292=FACE_OUTER_BOUND('',#8291,.F.);
#8294=CARTESIAN_POINT('',(-2.122330223313E-1,2.519685039370E-1,
-8.026669971361E-1));
#8295=DIRECTION('',(0.E0,1.E0,0.E0));
#8296=DIRECTION('',(9.629172873478E-1,0.E0,-2.697967711570E-1));
#8297=AXIS2_PLACEMENT_3D('',#8294,#8295,#8296);
#8298=CYLINDRICAL_SURFACE('',#8297,1.023622047244E-2);
#8299=ORIENTED_EDGE('',*,*,#6126,.T.);
#8300=ORIENTED_EDGE('',*,*,#8284,.T.);
#8301=ORIENTED_EDGE('',*,*,#6990,.F.);
#8303=ORIENTED_EDGE('',*,*,#8302,.F.);
#8304=EDGE_LOOP('',(#8299,#8300,#8301,#8303));
#8305=FACE_OUTER_BOUND('',#8304,.F.);
#8307=CARTESIAN_POINT('',(-1.685992091643E-1,2.519685039370E-1,
-8.113439382391E-1));
#8308=DIRECTION('',(0.E0,1.E0,0.E0));
#8309=DIRECTION('',(9.629172873478E-1,0.E0,-2.697967711570E-1));
#8310=AXIS2_PLACEMENT_3D('',#8307,#8308,#8309);
#8311=CYLINDRICAL_SURFACE('',#8310,3.425196850394E-2);
#8312=ORIENTED_EDGE('',*,*,#6996,.T.);
#8314=ORIENTED_EDGE('',*,*,#8313,.F.);
#8315=ORIENTED_EDGE('',*,*,#6128,.F.);
#8316=ORIENTED_EDGE('',*,*,#8302,.T.);
#8317=EDGE_LOOP('',(#8312,#8314,#8315,#8316));
#8318=FACE_OUTER_BOUND('',#8317,.F.);
#8320=CARTESIAN_POINT('',(-1.251208798077E-1,2.519685039370E-1,
-8.207691085168E-1));
#8321=DIRECTION('',(0.E0,1.E0,0.E0));
#8322=DIRECTION('',(9.629172873478E-1,0.E0,-2.697967711570E-1));
#8323=AXIS2_PLACEMENT_3D('',#8320,#8321,#8322);
#8324=CYLINDRICAL_SURFACE('',#8323,1.023622047244E-2);
#8325=ORIENTED_EDGE('',*,*,#6130,.T.);
#8326=ORIENTED_EDGE('',*,*,#8313,.T.);
#8327=ORIENTED_EDGE('',*,*,#6994,.F.);
#8329=ORIENTED_EDGE('',*,*,#8328,.F.);
#8330=EDGE_LOOP('',(#8325,#8326,#8327,#8329));
#8331=FACE_OUTER_BOUND('',#8330,.F.);
#8333=CARTESIAN_POINT('',(0.E0,2.519685039370E-1,0.E0));
#8334=DIRECTION('',(0.E0,1.E0,0.E0));
#8335=DIRECTION('',(9.906859460363E-1,0.E0,-1.361666490962E-1));
#8336=AXIS2_PLACEMENT_3D('',#8333,#8334,#8335);
#8337=CYLINDRICAL_SURFACE('',#8336,8.404874860898E-1);
#8339=ORIENTED_EDGE('',*,*,#8338,.F.);
#8341=ORIENTED_EDGE('',*,*,#8340,.F.);
#8342=ORIENTED_EDGE('',*,*,#8328,.T.);
#8344=ORIENTED_EDGE('',*,*,#8343,.F.);
#8345=EDGE_LOOP('',(#8339,#8341,#8342,#8344));
#8346=FACE_OUTER_BOUND('',#8345,.F.);
#8348=CARTESIAN_POINT('',(-1.009597971682E-1,2.519685039370E-1,
-8.240899728883E-1));
#8349=DIRECTION('',(0.E0,1.E0,0.E0));
#8350=DIRECTION('',(9.906859460363E-1,0.E0,-1.361666490962E-1));
#8351=AXIS2_PLACEMENT_3D('',#8348,#8349,#8350);
#8352=CYLINDRICAL_SURFACE('',#8351,1.023622047244E-2);
#8353=ORIENTED_EDGE('',*,*,#6110,.T.);
#8354=ORIENTED_EDGE('',*,*,#8338,.T.);
#8355=ORIENTED_EDGE('',*,*,#6974,.F.);
#8357=ORIENTED_EDGE('',*,*,#8356,.F.);
#8358=EDGE_LOOP('',(#8353,#8354,#8355,#8357));
#8359=FACE_OUTER_BOUND('',#8358,.F.);
#8361=CARTESIAN_POINT('',(-5.655088169730E-2,2.519685039370E-1,
-8.267446263674E-1));
#8362=DIRECTION('',(0.E0,1.E0,0.E0));
#8363=DIRECTION('',(9.906859460363E-1,0.E0,-1.361666490962E-1));
#8364=AXIS2_PLACEMENT_3D('',#8361,#8362,#8363);
#8365=CYLINDRICAL_SURFACE('',#8364,3.425196850394E-2);
#8366=ORIENTED_EDGE('',*,*,#6980,.T.);
#8368=ORIENTED_EDGE('',*,*,#8367,.F.);
#8369=ORIENTED_EDGE('',*,*,#6112,.F.);
#8370=ORIENTED_EDGE('',*,*,#8356,.T.);
#8371=EDGE_LOOP('',(#8366,#8368,#8369,#8370));
#8372=FACE_OUTER_BOUND('',#8371,.F.);
#8374=CARTESIAN_POINT('',(-1.219411799278E-2,2.519685039370E-1,
-8.301617116837E-1));
#8375=DIRECTION('',(0.E0,1.E0,0.E0));
#8376=DIRECTION('',(9.906859460363E-1,0.E0,-1.361666490962E-1));
#8377=AXIS2_PLACEMENT_3D('',#8374,#8375,#8376);
#8378=CYLINDRICAL_SURFACE('',#8377,1.023622047244E-2);
#8379=ORIENTED_EDGE('',*,*,#6114,.T.);
#8380=ORIENTED_EDGE('',*,*,#8367,.T.);
#8381=ORIENTED_EDGE('',*,*,#6978,.F.);
#8382=ORIENTED_EDGE('',*,*,#6032,.F.);
#8383=EDGE_LOOP('',(#8379,#8380,#8381,#8382));
#8384=FACE_OUTER_BOUND('',#8383,.F.);
#8386=CARTESIAN_POINT('',(0.E0,2.640748031469E-1,0.E0));
#8387=DIRECTION('',(0.E0,1.E0,0.E0));
#8388=DIRECTION('',(0.E0,0.E0,-1.E0));
#8389=AXIS2_PLACEMENT_3D('',#8386,#8387,#8388);
#8390=CONICAL_SURFACE('',#8389,8.525937852997E-1,4.5E1);
#8392=ORIENTED_EDGE('',*,*,#8391,.F.);
#8393=ORIENTED_EDGE('',*,*,#6868,.F.);
#8394=ORIENTED_EDGE('',*,*,#6077,.T.);
#8395=ORIENTED_EDGE('',*,*,#7800,.T.);
#8396=ORIENTED_EDGE('',*,*,#6276,.T.);
#8397=ORIENTED_EDGE('',*,*,#7854,.T.);
#8398=ORIENTED_EDGE('',*,*,#6260,.T.);
#8399=ORIENTED_EDGE('',*,*,#7908,.T.);
#8400=ORIENTED_EDGE('',*,*,#6244,.T.);
#8401=ORIENTED_EDGE('',*,*,#7962,.T.);
#8402=ORIENTED_EDGE('',*,*,#6228,.T.);
#8403=ORIENTED_EDGE('',*,*,#8016,.T.);
#8404=ORIENTED_EDGE('',*,*,#6212,.T.);
#8405=ORIENTED_EDGE('',*,*,#8070,.T.);
#8406=ORIENTED_EDGE('',*,*,#6196,.T.);
#8407=ORIENTED_EDGE('',*,*,#8124,.T.);
#8408=ORIENTED_EDGE('',*,*,#6180,.T.);
#8409=ORIENTED_EDGE('',*,*,#8178,.T.);
#8410=ORIENTED_EDGE('',*,*,#6164,.T.);
#8411=ORIENTED_EDGE('',*,*,#8232,.T.);
#8412=ORIENTED_EDGE('',*,*,#6148,.T.);
#8413=ORIENTED_EDGE('',*,*,#8286,.T.);
#8414=ORIENTED_EDGE('',*,*,#6132,.T.);
#8415=ORIENTED_EDGE('',*,*,#8340,.T.);
#8416=ORIENTED_EDGE('',*,*,#6116,.T.);
#8417=ORIENTED_EDGE('',*,*,#6030,.T.);
#8418=ORIENTED_EDGE('',*,*,#6100,.T.);
#8420=ORIENTED_EDGE('',*,*,#8419,.T.);
#8421=ORIENTED_EDGE('',*,*,#6638,.T.);
#8423=ORIENTED_EDGE('',*,*,#8422,.T.);
#8424=ORIENTED_EDGE('',*,*,#6654,.T.);
#8426=ORIENTED_EDGE('',*,*,#8425,.T.);
#8427=ORIENTED_EDGE('',*,*,#6670,.T.);
#8429=ORIENTED_EDGE('',*,*,#8428,.T.);
#8430=ORIENTED_EDGE('',*,*,#6686,.T.);
#8432=ORIENTED_EDGE('',*,*,#8431,.T.);
#8433=ORIENTED_EDGE('',*,*,#6702,.T.);
#8435=ORIENTED_EDGE('',*,*,#8434,.T.);
#8436=ORIENTED_EDGE('',*,*,#6718,.T.);
#8438=ORIENTED_EDGE('',*,*,#8437,.T.);
#8439=ORIENTED_EDGE('',*,*,#6734,.T.);
#8441=ORIENTED_EDGE('',*,*,#8440,.T.);
#8442=ORIENTED_EDGE('',*,*,#6750,.T.);
#8444=ORIENTED_EDGE('',*,*,#8443,.T.);
#8445=ORIENTED_EDGE('',*,*,#6766,.T.);
#8447=ORIENTED_EDGE('',*,*,#8446,.T.);
#8448=ORIENTED_EDGE('',*,*,#6782,.T.);
#8450=ORIENTED_EDGE('',*,*,#8449,.T.);
#8451=ORIENTED_EDGE('',*,*,#6061,.T.);
#8452=ORIENTED_EDGE('',*,*,#6872,.T.);
#8453=EDGE_LOOP('',(#8392,#8393,#8394,#8395,#8396,#8397,#8398,#8399,#8400,#8401,
#8402,#8403,#8404,#8405,#8406,#8407,#8408,#8409,#8410,#8411,#8412,#8413,#8414,
#8415,#8416,#8417,#8418,#8420,#8421,#8423,#8424,#8426,#8427,#8429,#8430,#8432,
#8433,#8435,#8436,#8438,#8439,#8441,#8442,#8444,#8445,#8447,#8448,#8450,#8451,
#8452));
#8454=FACE_OUTER_BOUND('',#8453,.F.);
#8456=CARTESIAN_POINT('',(0.E0,2.519685039370E-1,0.E0));
#8457=DIRECTION('',(0.E0,1.E0,0.E0));
#8458=DIRECTION('',(1.E0,0.E0,0.E0));
#8459=AXIS2_PLACEMENT_3D('',#8456,#8457,#8458);
#8460=CYLINDRICAL_SURFACE('',#8459,8.647000845150E-1);
#8461=ORIENTED_EDGE('',*,*,#8391,.T.);
#8463=ORIENTED_EDGE('',*,*,#8462,.T.);
#8465=ORIENTED_EDGE('',*,*,#8464,.T.);
#8467=ORIENTED_EDGE('',*,*,#8466,.F.);
#8468=EDGE_LOOP('',(#8461,#8463,#8465,#8467));
#8469=FACE_OUTER_BOUND('',#8468,.F.);
#8471=CARTESIAN_POINT('',(0.E0,2.519685039370E-1,0.E0));
#8472=DIRECTION('',(0.E0,1.E0,0.E0));
#8473=DIRECTION('',(1.E0,0.E0,0.E0));
#8474=AXIS2_PLACEMENT_3D('',#8471,#8472,#8473);
#8475=CYLINDRICAL_SURFACE('',#8474,8.647000845150E-1);
#8476=ORIENTED_EDGE('',*,*,#6870,.T.);
#8477=ORIENTED_EDGE('',*,*,#8466,.T.);
#8479=ORIENTED_EDGE('',*,*,#8478,.T.);
#8480=ORIENTED_EDGE('',*,*,#8462,.F.);
#8481=EDGE_LOOP('',(#8476,#8477,#8479,#8480));
#8482=FACE_OUTER_BOUND('',#8481,.F.);
#8484=CARTESIAN_POINT('',(0.E0,3.307086614173E-1,0.E0));
#8485=DIRECTION('',(0.E0,1.E0,0.E0));
#8486=DIRECTION('',(1.E0,0.E0,0.E0));
#8487=AXIS2_PLACEMENT_3D('',#8484,#8485,#8486);
#8488=PLANE('',#8487);
#8489=ORIENTED_EDGE('',*,*,#8464,.F.);
#8490=ORIENTED_EDGE('',*,*,#8478,.F.);
#8491=EDGE_LOOP('',(#8489,#8490));
#8492=FACE_OUTER_BOUND('',#8491,.F.);
#8494=ORIENTED_EDGE('',*,*,#8493,.F.);
#8496=ORIENTED_EDGE('',*,*,#8495,.F.);
#8497=EDGE_LOOP('',(#8494,#8496));
#8498=FACE_BOUND('',#8497,.F.);
#8500=CARTESIAN_POINT('',(0.E0,3.110236220472E-1,0.E0));
#8501=DIRECTION('',(0.E0,-1.E0,0.E0));
#8502=DIRECTION('',(-9.997068978655E-1,0.E0,2.420988145648E-2));
#8503=AXIS2_PLACEMENT_3D('',#8500,#8501,#8502);
#8504=TOROIDAL_SURFACE('',#8503,1.771653543307E-1,1.968503937008E-2);
#8505=ORIENTED_EDGE('',*,*,#8493,.T.);
#8507=ORIENTED_EDGE('',*,*,#8506,.T.);
#8509=ORIENTED_EDGE('',*,*,#8508,.F.);
#8511=ORIENTED_EDGE('',*,*,#8510,.F.);
#8512=EDGE_LOOP('',(#8505,#8507,#8509,#8511));
#8513=FACE_OUTER_BOUND('',#8512,.F.);
#8515=CARTESIAN_POINT('',(0.E0,3.110236220472E-1,0.E0));
#8516=DIRECTION('',(0.E0,-1.E0,0.E0));
#8517=DIRECTION('',(9.997068978655E-1,0.E0,-2.420988145648E-2));
#8518=AXIS2_PLACEMENT_3D('',#8515,#8516,#8517);
#8519=TOROIDAL_SURFACE('',#8518,1.771653543307E-1,1.968503937008E-2);
#8520=ORIENTED_EDGE('',*,*,#8495,.T.);
#8521=ORIENTED_EDGE('',*,*,#8510,.T.);
#8523=ORIENTED_EDGE('',*,*,#8522,.F.);
#8524=ORIENTED_EDGE('',*,*,#8506,.F.);
#8525=EDGE_LOOP('',(#8520,#8521,#8523,#8524));
#8526=FACE_OUTER_BOUND('',#8525,.F.);
#8528=CARTESIAN_POINT('',(0.E0,-7.874015748031E-2,0.E0));
#8529=DIRECTION('',(0.E0,-1.E0,0.E0));
#8530=DIRECTION('',(-1.E0,0.E0,0.E0));
#8531=AXIS2_PLACEMENT_3D('',#8528,#8529,#8530);
#8532=CYLINDRICAL_SURFACE('',#8531,1.574803149606E-1);
#8534=ORIENTED_EDGE('',*,*,#8533,.T.);
#8536=ORIENTED_EDGE('',*,*,#8535,.T.);
#8537=ORIENTED_EDGE('',*,*,#8522,.T.);
#8539=ORIENTED_EDGE('',*,*,#8538,.F.);
#8540=EDGE_LOOP('',(#8534,#8536,#8537,#8539));
#8541=FACE_OUTER_BOUND('',#8540,.F.);
#8543=CARTESIAN_POINT('',(0.E0,-5.905511811024E-2,0.E0));
#8544=DIRECTION('',(0.E0,-1.E0,0.E0));
#8545=DIRECTION('',(-9.994085556576E-1,0.E0,-3.438806302195E-2));
#8546=AXIS2_PLACEMENT_3D('',#8543,#8544,#8545);
#8547=TOROIDAL_SURFACE('',#8546,1.771653543307E-1,1.968503937008E-2);
#8549=ORIENTED_EDGE('',*,*,#8548,.T.);
#8551=ORIENTED_EDGE('',*,*,#8550,.T.);
#8552=ORIENTED_EDGE('',*,*,#8533,.F.);
#8554=ORIENTED_EDGE('',*,*,#8553,.F.);
#8555=EDGE_LOOP('',(#8549,#8551,#8552,#8554));
#8556=FACE_OUTER_BOUND('',#8555,.F.);
#8558=CARTESIAN_POINT('',(0.E0,-7.874015748031E-2,0.E0));
#8559=DIRECTION('',(0.E0,1.E0,0.E0));
#8560=DIRECTION('',(1.E0,0.E0,0.E0));
#8561=AXIS2_PLACEMENT_3D('',#8558,#8559,#8560);
#8562=PLANE('',#8561);
#8564=ORIENTED_EDGE('',*,*,#8563,.T.);
#8566=ORIENTED_EDGE('',*,*,#8565,.T.);
#8567=EDGE_LOOP('',(#8564,#8566));
#8568=FACE_OUTER_BOUND('',#8567,.F.);
#8570=ORIENTED_EDGE('',*,*,#8569,.F.);
#8571=ORIENTED_EDGE('',*,*,#8548,.F.);
#8572=EDGE_LOOP('',(#8570,#8571));
#8573=FACE_BOUND('',#8572,.F.);
#8575=CARTESIAN_POINT('',(0.E0,0.E0,0.E0));
#8576=DIRECTION('',(0.E0,1.E0,0.E0));
#8577=DIRECTION('',(1.E0,0.E0,0.E0));
#8578=AXIS2_PLACEMENT_3D('',#8575,#8576,#8577);
#8579=CYLINDRICAL_SURFACE('',#8578,8.647000845150E-1);
#8581=ORIENTED_EDGE('',*,*,#8580,.T.);
#8583=ORIENTED_EDGE('',*,*,#8582,.T.);
#8584=ORIENTED_EDGE('',*,*,#8563,.F.);
#8586=ORIENTED_EDGE('',*,*,#8585,.F.);
#8587=EDGE_LOOP('',(#8581,#8583,#8584,#8586));
#8588=FACE_OUTER_BOUND('',#8587,.F.);
#8590=CARTESIAN_POINT('',(0.E0,-1.210629920992E-2,0.E0));
#8591=DIRECTION('',(0.E0,-1.E0,0.E0));
#8592=DIRECTION('',(0.E0,0.E0,-1.E0));
#8593=AXIS2_PLACEMENT_3D('',#8590,#8591,#8592);
#8594=CONICAL_SURFACE('',#8593,8.525937852997E-1,4.5E1);
#8595=ORIENTED_EDGE('',*,*,#8580,.F.);
#8596=ORIENTED_EDGE('',*,*,#7731,.F.);
#8597=ORIENTED_EDGE('',*,*,#6943,.T.);
#8599=ORIENTED_EDGE('',*,*,#8598,.T.);
#8600=ORIENTED_EDGE('',*,*,#7422,.T.);
#8602=ORIENTED_EDGE('',*,*,#8601,.T.);
#8603=ORIENTED_EDGE('',*,*,#7438,.T.);
#8605=ORIENTED_EDGE('',*,*,#8604,.T.);
#8606=ORIENTED_EDGE('',*,*,#7454,.T.);
#8608=ORIENTED_EDGE('',*,*,#8607,.T.);
#8609=ORIENTED_EDGE('',*,*,#7470,.T.);
#8611=ORIENTED_EDGE('',*,*,#8610,.T.);
#8612=ORIENTED_EDGE('',*,*,#7486,.T.);
#8614=ORIENTED_EDGE('',*,*,#8613,.T.);
#8615=ORIENTED_EDGE('',*,*,#7502,.T.);
#8617=ORIENTED_EDGE('',*,*,#8616,.T.);
#8618=ORIENTED_EDGE('',*,*,#7518,.T.);
#8620=ORIENTED_EDGE('',*,*,#8619,.T.);
#8621=ORIENTED_EDGE('',*,*,#7534,.T.);
#8623=ORIENTED_EDGE('',*,*,#8622,.T.);
#8624=ORIENTED_EDGE('',*,*,#7550,.T.);
#8626=ORIENTED_EDGE('',*,*,#8625,.T.);
#8627=ORIENTED_EDGE('',*,*,#7566,.T.);
#8629=ORIENTED_EDGE('',*,*,#8628,.T.);
#8630=ORIENTED_EDGE('',*,*,#6960,.T.);
#8631=ORIENTED_EDGE('',*,*,#6034,.T.);
#8632=ORIENTED_EDGE('',*,*,#6976,.T.);
#8633=ORIENTED_EDGE('',*,*,#8343,.T.);
#8634=ORIENTED_EDGE('',*,*,#6992,.T.);
#8635=ORIENTED_EDGE('',*,*,#8289,.T.);
#8636=ORIENTED_EDGE('',*,*,#7008,.T.);
#8637=ORIENTED_EDGE('',*,*,#8235,.T.);
#8638=ORIENTED_EDGE('',*,*,#7024,.T.);
#8639=ORIENTED_EDGE('',*,*,#8181,.T.);
#8640=ORIENTED_EDGE('',*,*,#7040,.T.);
#8641=ORIENTED_EDGE('',*,*,#8127,.T.);
#8642=ORIENTED_EDGE('',*,*,#7056,.T.);
#8643=ORIENTED_EDGE('',*,*,#8073,.T.);
#8644=ORIENTED_EDGE('',*,*,#7072,.T.);
#8645=ORIENTED_EDGE('',*,*,#8019,.T.);
#8646=ORIENTED_EDGE('',*,*,#7088,.T.);
#8647=ORIENTED_EDGE('',*,*,#7965,.T.);
#8648=ORIENTED_EDGE('',*,*,#7104,.T.);
#8649=ORIENTED_EDGE('',*,*,#7911,.T.);
#8650=ORIENTED_EDGE('',*,*,#7120,.T.);
#8651=ORIENTED_EDGE('',*,*,#7857,.T.);
#8652=ORIENTED_EDGE('',*,*,#7136,.T.);
#8653=ORIENTED_EDGE('',*,*,#7803,.T.);
#8654=ORIENTED_EDGE('',*,*,#6927,.T.);
#8655=ORIENTED_EDGE('',*,*,#7735,.T.);
#8656=EDGE_LOOP('',(#8595,#8596,#8597,#8599,#8600,#8602,#8603,#8605,#8606,#8608,
#8609,#8611,#8612,#8614,#8615,#8617,#8618,#8620,#8621,#8623,#8624,#8626,#8627,
#8629,#8630,#8631,#8632,#8633,#8634,#8635,#8636,#8637,#8638,#8639,#8640,#8641,
#8642,#8643,#8644,#8645,#8646,#8647,#8648,#8649,#8650,#8651,#8652,#8653,#8654,
#8655));
#8657=FACE_OUTER_BOUND('',#8656,.F.);
#8659=CARTESIAN_POINT('',(0.E0,2.519685039370E-1,0.E0));
#8660=DIRECTION('',(0.E0,1.E0,0.E0));
#8661=DIRECTION('',(6.824241336467E-2,0.E0,9.976687691905E-1));
#8662=AXIS2_PLACEMENT_3D('',#8659,#8660,#8661);
#8663=CYLINDRICAL_SURFACE('',#8662,8.404874860898E-1);
#8664=ORIENTED_EDGE('',*,*,#8449,.F.);
#8666=ORIENTED_EDGE('',*,*,#8665,.T.);
#8667=ORIENTED_EDGE('',*,*,#8598,.F.);
#8669=ORIENTED_EDGE('',*,*,#8668,.F.);
#8670=EDGE_LOOP('',(#8664,#8666,#8667,#8669));
#8671=FACE_OUTER_BOUND('',#8670,.F.);
#8673=CARTESIAN_POINT('',(8.273942570839E-1,2.519685039370E-1,
-6.881792937746E-2));
#8674=DIRECTION('',(0.E0,1.E0,0.E0));
#8675=DIRECTION('',(2.034560130526E-1,0.E0,9.790840876823E-1));
#8676=AXIS2_PLACEMENT_3D('',#8673,#8674,#8675);
#8677=CYLINDRICAL_SURFACE('',#8676,1.023622047244E-2);
#8678=ORIENTED_EDGE('',*,*,#6788,.T.);
#8680=ORIENTED_EDGE('',*,*,#8679,.T.);
#8681=ORIENTED_EDGE('',*,*,#7424,.F.);
#8682=ORIENTED_EDGE('',*,*,#8665,.F.);
#8683=EDGE_LOOP('',(#8678,#8680,#8681,#8682));
#8684=FACE_OUTER_BOUND('',#8683,.F.);
#8686=CARTESIAN_POINT('',(8.209581251779E-1,2.519685039370E-1,
-1.128380970792E-1));
#8687=DIRECTION('',(0.E0,1.E0,0.E0));
#8688=DIRECTION('',(2.034560130526E-1,0.E0,9.790840876823E-1));
#8689=AXIS2_PLACEMENT_3D('',#8686,#8687,#8688);
#8690=CYLINDRICAL_SURFACE('',#8689,3.425196850394E-2);
#8691=ORIENTED_EDGE('',*,*,#7426,.T.);
#8692=ORIENTED_EDGE('',*,*,#8679,.F.);
#8693=ORIENTED_EDGE('',*,*,#6786,.F.);
#8695=ORIENTED_EDGE('',*,*,#8694,.T.);
#8696=EDGE_LOOP('',(#8691,#8692,#8693,#8695));
#8697=FACE_OUTER_BOUND('',#8696,.F.);
#8699=CARTESIAN_POINT('',(8.152790887422E-1,2.519685039370E-1,
-1.569623251581E-1));
#8700=DIRECTION('',(0.E0,1.E0,0.E0));
#8701=DIRECTION('',(2.034560130526E-1,0.E0,9.790840876823E-1));
#8702=AXIS2_PLACEMENT_3D('',#8699,#8700,#8701);
#8703=CYLINDRICAL_SURFACE('',#8702,1.023622047244E-2);
#8704=ORIENTED_EDGE('',*,*,#6784,.T.);
#8706=ORIENTED_EDGE('',*,*,#8705,.T.);
#8707=ORIENTED_EDGE('',*,*,#7428,.F.);
#8708=ORIENTED_EDGE('',*,*,#8694,.F.);
#8709=EDGE_LOOP('',(#8704,#8706,#8707,#8708));
#8710=FACE_OUTER_BOUND('',#8709,.F.);
#8712=CARTESIAN_POINT('',(0.E0,2.519685039370E-1,0.E0));
#8713=DIRECTION('',(0.E0,1.E0,0.E0));
#8714=DIRECTION('',(2.034560130526E-1,0.E0,9.790840876823E-1));
#8715=AXIS2_PLACEMENT_3D('',#8712,#8713,#8714);
#8716=CYLINDRICAL_SURFACE('',#8715,8.404874860898E-1);
#8717=ORIENTED_EDGE('',*,*,#8446,.F.);
#8719=ORIENTED_EDGE('',*,*,#8718,.T.);
#8720=ORIENTED_EDGE('',*,*,#8601,.F.);
#8721=ORIENTED_EDGE('',*,*,#8705,.F.);
#8722=EDGE_LOOP('',(#8717,#8719,#8720,#8721));
#8723=FACE_OUTER_BOUND('',#8722,.F.);
#8725=CARTESIAN_POINT('',(8.103171554831E-1,2.519685039370E-1,
-1.808404589382E-1));
#8726=DIRECTION('',(0.E0,1.E0,0.E0));
#8727=DIRECTION('',(3.348796121710E-1,0.E0,9.422609221188E-1));
#8728=AXIS2_PLACEMENT_3D('',#8725,#8726,#8727);
#8729=CYLINDRICAL_SURFACE('',#8728,1.023622047244E-2);
#8730=ORIENTED_EDGE('',*,*,#6772,.T.);
#8732=ORIENTED_EDGE('',*,*,#8731,.T.);
#8733=ORIENTED_EDGE('',*,*,#7440,.F.);
#8734=ORIENTED_EDGE('',*,*,#8718,.F.);
#8735=EDGE_LOOP('',(#8730,#8732,#8733,#8734));
#8736=FACE_OUTER_BOUND('',#8735,.F.);
#8738=CARTESIAN_POINT('',(7.979468913284E-1,2.519685039370E-1,
-2.235742339076E-1));
#8739=DIRECTION('',(0.E0,1.E0,0.E0));
#8740=DIRECTION('',(3.348796121710E-1,0.E0,9.422609221188E-1));
#8741=AXIS2_PLACEMENT_3D('',#8738,#8739,#8740);
#8742=CYLINDRICAL_SURFACE('',#8741,3.425196850394E-2);
#8743=ORIENTED_EDGE('',*,*,#7442,.T.);
#8744=ORIENTED_EDGE('',*,*,#8731,.F.);
#8745=ORIENTED_EDGE('',*,*,#6770,.F.);
#8747=ORIENTED_EDGE('',*,*,#8746,.T.);
#8748=EDGE_LOOP('',(#8743,#8744,#8745,#8747));
#8749=FACE_OUTER_BOUND('',#8748,.F.);
#8751=CARTESIAN_POINT('',(7.863125014630E-1,2.519685039370E-1,
-2.665141911835E-1));
#8752=DIRECTION('',(0.E0,1.E0,0.E0));
#8753=DIRECTION('',(3.348796121710E-1,0.E0,9.422609221188E-1));
#8754=AXIS2_PLACEMENT_3D('',#8751,#8752,#8753);
#8755=CYLINDRICAL_SURFACE('',#8754,1.023622047244E-2);
#8756=ORIENTED_EDGE('',*,*,#6768,.T.);
#8758=ORIENTED_EDGE('',*,*,#8757,.T.);
#8759=ORIENTED_EDGE('',*,*,#7444,.F.);
#8760=ORIENTED_EDGE('',*,*,#8746,.F.);
#8761=EDGE_LOOP('',(#8756,#8758,#8759,#8760));
#8762=FACE_OUTER_BOUND('',#8761,.F.);
#8764=CARTESIAN_POINT('',(0.E0,2.519685039370E-1,0.E0));
#8765=DIRECTION('',(0.E0,1.E0,0.E0));
#8766=DIRECTION('',(3.348796121710E-1,0.E0,9.422609221188E-1));
#8767=AXIS2_PLACEMENT_3D('',#8764,#8765,#8766);
#8768=CYLINDRICAL_SURFACE('',#8767,8.404874860898E-1);
#8769=ORIENTED_EDGE('',*,*,#8443,.F.);
#8771=ORIENTED_EDGE('',*,*,#8770,.T.);
#8772=ORIENTED_EDGE('',*,*,#8604,.F.);
#8773=ORIENTED_EDGE('',*,*,#8757,.F.);
#8774=EDGE_LOOP('',(#8769,#8771,#8772,#8773));
#8775=FACE_OUTER_BOUND('',#8774,.F.);
#8777=CARTESIAN_POINT('',(7.781453784547E-1,2.519685039370E-1,
-2.894942729121E-1));
#8778=DIRECTION('',(0.E0,1.E0,0.E0));
#8779=DIRECTION('',(4.600650377312E-1,0.E0,8.878852184024E-1));
#8780=AXIS2_PLACEMENT_3D('',#8777,#8778,#8779);
#8781=CYLINDRICAL_SURFACE('',#8780,1.023622047244E-2);
#8782=ORIENTED_EDGE('',*,*,#6756,.T.);
#8784=ORIENTED_EDGE('',*,*,#8783,.T.);
#8785=ORIENTED_EDGE('',*,*,#7456,.F.);
#8786=ORIENTED_EDGE('',*,*,#8770,.F.);
#8787=EDGE_LOOP('',(#8782,#8784,#8785,#8786));
#8788=FACE_OUTER_BOUND('',#8787,.F.);
#8790=CARTESIAN_POINT('',(7.600714166670E-1,2.519685039370E-1,
-3.301456057771E-1));
#8791=DIRECTION('',(0.E0,1.E0,0.E0));
#8792=DIRECTION('',(4.600650377312E-1,0.E0,8.878852184024E-1));
#8793=AXIS2_PLACEMENT_3D('',#8790,#8791,#8792);
#8794=CYLINDRICAL_SURFACE('',#8793,3.425196850394E-2);
#8795=ORIENTED_EDGE('',*,*,#7458,.T.);
#8796=ORIENTED_EDGE('',*,*,#8783,.F.);
#8797=ORIENTED_EDGE('',*,*,#6754,.F.);
#8799=ORIENTED_EDGE('',*,*,#8798,.T.);
#8800=EDGE_LOOP('',(#8795,#8796,#8797,#8799));
#8801=FACE_OUTER_BOUND('',#8800,.F.);
#8803=CARTESIAN_POINT('',(7.426984000420E-1,2.519685039370E-1,
-3.711014020915E-1));
#8804=DIRECTION('',(0.E0,1.E0,0.E0));
#8805=DIRECTION('',(4.600650377312E-1,0.E0,8.878852184024E-1));
#8806=AXIS2_PLACEMENT_3D('',#8803,#8804,#8805);
#8807=CYLINDRICAL_SURFACE('',#8806,1.023622047244E-2);
#8808=ORIENTED_EDGE('',*,*,#6752,.T.);
#8810=ORIENTED_EDGE('',*,*,#8809,.T.);
#8811=ORIENTED_EDGE('',*,*,#7460,.F.);
#8812=ORIENTED_EDGE('',*,*,#8798,.F.);
#8813=EDGE_LOOP('',(#8808,#8810,#8811,#8812));
#8814=FACE_OUTER_BOUND('',#8813,.F.);
#8816=CARTESIAN_POINT('',(0.E0,2.519685039370E-1,0.E0));
#8817=DIRECTION('',(0.E0,1.E0,0.E0));
#8818=DIRECTION('',(4.600650377312E-1,0.E0,8.878852184024E-1));
#8819=AXIS2_PLACEMENT_3D('',#8816,#8817,#8818);
#8820=CYLINDRICAL_SURFACE('',#8819,8.404874860898E-1);
#8821=ORIENTED_EDGE('',*,*,#8440,.F.);
#8823=ORIENTED_EDGE('',*,*,#8822,.T.);
#8824=ORIENTED_EDGE('',*,*,#8607,.F.);
#8825=ORIENTED_EDGE('',*,*,#8809,.F.);
#8826=EDGE_LOOP('',(#8821,#8823,#8824,#8825));
#8827=FACE_OUTER_BOUND('',#8826,.F.);
#8829=CARTESIAN_POINT('',(7.314782253331E-1,2.519685039370E-1,
-3.927553563260E-1));
#8830=DIRECTION('',(0.E0,1.E0,0.E0));
#8831=DIRECTION('',(5.766803221149E-1,0.E0,8.169698930104E-1));
#8832=AXIS2_PLACEMENT_3D('',#8829,#8830,#8831);
#8833=CYLINDRICAL_SURFACE('',#8832,1.023622047244E-2);
#8834=ORIENTED_EDGE('',*,*,#6740,.T.);
#8836=ORIENTED_EDGE('',*,*,#8835,.T.);
#8837=ORIENTED_EDGE('',*,*,#7472,.F.);
#8838=ORIENTED_EDGE('',*,*,#8822,.F.);
#8839=EDGE_LOOP('',(#8834,#8836,#8837,#8838));
#8840=FACE_OUTER_BOUND('',#8839,.F.);
#8842=CARTESIAN_POINT('',(7.080372496234E-1,2.519685039370E-1,
-4.305669896704E-1));
#8843=DIRECTION('',(0.E0,1.E0,0.E0));
#8844=DIRECTION('',(5.766803221149E-1,0.E0,8.169698930104E-1));
#8845=AXIS2_PLACEMENT_3D('',#8842,#8843,#8844);
#8846=CYLINDRICAL_SURFACE('',#8845,3.425196850394E-2);
#8847=ORIENTED_EDGE('',*,*,#7474,.T.);
#8848=ORIENTED_EDGE('',*,*,#8835,.F.);
#8849=ORIENTED_EDGE('',*,*,#6738,.F.);
#8851=ORIENTED_EDGE('',*,*,#8850,.T.);
#8852=EDGE_LOOP('',(#8847,#8848,#8849,#8851));
#8853=FACE_OUTER_BOUND('',#8852,.F.);
#8855=CARTESIAN_POINT('',(6.852492326676E-1,2.519685039370E-1,
-4.687756960293E-1));
#8856=DIRECTION('',(0.E0,1.E0,0.E0));
#8857=DIRECTION('',(5.766803221149E-1,0.E0,8.169698930104E-1));
#8858=AXIS2_PLACEMENT_3D('',#8855,#8856,#8857);
#8859=CYLINDRICAL_SURFACE('',#8858,1.023622047244E-2);
#8860=ORIENTED_EDGE('',*,*,#6736,.T.);
#8862=ORIENTED_EDGE('',*,*,#8861,.T.);
#8863=ORIENTED_EDGE('',*,*,#7476,.F.);
#8864=ORIENTED_EDGE('',*,*,#8850,.F.);
#8865=EDGE_LOOP('',(#8860,#8862,#8863,#8864));
#8866=FACE_OUTER_BOUND('',#8865,.F.);
#8868=CARTESIAN_POINT('',(0.E0,2.519685039370E-1,0.E0));
#8869=DIRECTION('',(0.E0,1.E0,0.E0));
#8870=DIRECTION('',(5.766803221149E-1,0.E0,8.169698930104E-1));
#8871=AXIS2_PLACEMENT_3D('',#8868,#8869,#8870);
#8872=CYLINDRICAL_SURFACE('',#8871,8.404874860898E-1);
#8873=ORIENTED_EDGE('',*,*,#8437,.F.);
#8875=ORIENTED_EDGE('',*,*,#8874,.T.);
#8876=ORIENTED_EDGE('',*,*,#8610,.F.);
#8877=ORIENTED_EDGE('',*,*,#8861,.F.);
#8878=EDGE_LOOP('',(#8873,#8875,#8876,#8877));
#8879=FACE_OUTER_BOUND('',#8878,.F.);
#8881=CARTESIAN_POINT('',(6.711850168836E-1,2.519685039370E-1,
-4.887001505731E-1));
#8882=DIRECTION('',(0.E0,1.E0,0.E0));
#8883=DIRECTION('',(6.825531432187E-1,0.E0,7.308359642781E-1));
#8884=AXIS2_PLACEMENT_3D('',#8881,#8882,#8883);
#8885=CYLINDRICAL_SURFACE('',#8884,1.023622047244E-2);
#8886=ORIENTED_EDGE('',*,*,#6724,.T.);
#8888=ORIENTED_EDGE('',*,*,#8887,.T.);
#8889=ORIENTED_EDGE('',*,*,#7488,.F.);
#8890=ORIENTED_EDGE('',*,*,#8874,.F.);
#8891=EDGE_LOOP('',(#8886,#8888,#8889,#8890));
#8892=FACE_OUTER_BOUND('',#8891,.F.);
#8894=CARTESIAN_POINT('',(6.428136882773E-1,2.519685039370E-1,
-5.229677252102E-1));
#8895=DIRECTION('',(0.E0,1.E0,0.E0));
#8896=DIRECTION('',(6.825531432187E-1,0.E0,7.308359642781E-1));
#8897=AXIS2_PLACEMENT_3D('',#8894,#8895,#8896);
#8898=CYLINDRICAL_SURFACE('',#8897,3.425196850394E-2);
#8899=ORIENTED_EDGE('',*,*,#7490,.T.);
#8900=ORIENTED_EDGE('',*,*,#8887,.F.);
#8901=ORIENTED_EDGE('',*,*,#6722,.F.);
#8903=ORIENTED_EDGE('',*,*,#8902,.T.);
#8904=EDGE_LOOP('',(#8899,#8900,#8901,#8903));
#8905=FACE_OUTER_BOUND('',#8904,.F.);
#8907=CARTESIAN_POINT('',(6.150351686299E-1,2.519685039370E-1,
-5.577175857077E-1));
#8908=DIRECTION('',(0.E0,1.E0,0.E0));
#8909=DIRECTION('',(6.825531432187E-1,0.E0,7.308359642781E-1));
#8910=AXIS2_PLACEMENT_3D('',#8907,#8908,#8909);
#8911=CYLINDRICAL_SURFACE('',#8910,1.023622047244E-2);
#8912=ORIENTED_EDGE('',*,*,#6720,.T.);
#8914=ORIENTED_EDGE('',*,*,#8913,.T.);
#8915=ORIENTED_EDGE('',*,*,#7492,.F.);
#8916=ORIENTED_EDGE('',*,*,#8902,.F.);
#8917=EDGE_LOOP('',(#8912,#8914,#8915,#8916));
#8918=FACE_OUTER_BOUND('',#8917,.F.);
#8920=CARTESIAN_POINT('',(0.E0,2.519685039370E-1,0.E0));
#8921=DIRECTION('',(0.E0,1.E0,0.E0));
#8922=DIRECTION('',(6.825531432187E-1,0.E0,7.308359642781E-1));
#8923=AXIS2_PLACEMENT_3D('',#8920,#8921,#8922);
#8924=CYLINDRICAL_SURFACE('',#8923,8.404874860898E-1);
#8925=ORIENTED_EDGE('',*,*,#8434,.F.);
#8927=ORIENTED_EDGE('',*,*,#8926,.T.);
#8928=ORIENTED_EDGE('',*,*,#8613,.F.);
#8929=ORIENTED_EDGE('',*,*,#8913,.F.);
#8930=EDGE_LOOP('',(#8925,#8927,#8928,#8929));
#8931=FACE_OUTER_BOUND('',#8930,.F.);
#8933=CARTESIAN_POINT('',(5.983889015004E-1,2.519685039370E-1,
-5.755413856713E-1));
#8934=DIRECTION('',(0.E0,1.E0,0.E0));
#8935=DIRECTION('',(7.757112907044E-1,0.E0,6.310879443261E-1));
#8936=AXIS2_PLACEMENT_3D('',#8933,#8934,#8935);
#8937=CYLINDRICAL_SURFACE('',#8936,1.023622047244E-2);
#8938=ORIENTED_EDGE('',*,*,#6708,.T.);
#8940=ORIENTED_EDGE('',*,*,#8939,.T.);
#8941=ORIENTED_EDGE('',*,*,#7504,.F.);
#8942=ORIENTED_EDGE('',*,*,#8926,.F.);
#8943=EDGE_LOOP('',(#8938,#8940,#8941,#8942));
#8944=FACE_OUTER_BOUND('',#8943,.F.);
#8946=CARTESIAN_POINT('',(5.656157241687E-1,2.519685039370E-1,
-6.056265615222E-1));
#8947=DIRECTION('',(0.E0,1.E0,0.E0));
#8948=DIRECTION('',(7.757112907044E-1,0.E0,6.310879443261E-1));
#8949=AXIS2_PLACEMENT_3D('',#8946,#8947,#8948);
#8950=CYLINDRICAL_SURFACE('',#8949,3.425196850394E-2);
#8951=ORIENTED_EDGE('',*,*,#7506,.T.);
#8952=ORIENTED_EDGE('',*,*,#8939,.F.);
#8953=ORIENTED_EDGE('',*,*,#6706,.F.);
#8955=ORIENTED_EDGE('',*,*,#8954,.T.);
#8956=EDGE_LOOP('',(#8951,#8952,#8953,#8955));
#8957=FACE_OUTER_BOUND('',#8956,.F.);
#8959=CARTESIAN_POINT('',(5.333641630919E-1,2.519685039370E-1,
-6.362702520066E-1));
#8960=DIRECTION('',(0.E0,1.E0,0.E0));
#8961=DIRECTION('',(7.757112907044E-1,0.E0,6.310879443261E-1));
#8962=AXIS2_PLACEMENT_3D('',#8959,#8960,#8961);
#8963=CYLINDRICAL_SURFACE('',#8962,1.023622047244E-2);
#8964=ORIENTED_EDGE('',*,*,#6704,.T.);
#8966=ORIENTED_EDGE('',*,*,#8965,.T.);
#8967=ORIENTED_EDGE('',*,*,#7508,.F.);
#8968=ORIENTED_EDGE('',*,*,#8954,.F.);
#8969=EDGE_LOOP('',(#8964,#8966,#8967,#8968));
#8970=FACE_OUTER_BOUND('',#8969,.F.);
#8972=CARTESIAN_POINT('',(0.E0,2.519685039370E-1,0.E0));
#8973=DIRECTION('',(0.E0,1.E0,0.E0));
#8974=DIRECTION('',(7.757112907044E-1,0.E0,6.310879443261E-1));
#8975=AXIS2_PLACEMENT_3D('',#8972,#8973,#8974);
#8976=CYLINDRICAL_SURFACE('',#8975,8.404874860898E-1);
#8977=ORIENTED_EDGE('',*,*,#8431,.F.);
#8979=ORIENTED_EDGE('',*,*,#8978,.T.);
#8980=ORIENTED_EDGE('',*,*,#8616,.F.);
#8981=ORIENTED_EDGE('',*,*,#8965,.F.);
#8982=EDGE_LOOP('',(#8977,#8979,#8980,#8981));
#8983=FACE_OUTER_BOUND('',#8982,.F.);
#8985=CARTESIAN_POINT('',(5.144459330775E-1,2.519685039370E-1,
-6.516613737205E-1));
#8986=DIRECTION('',(0.E0,1.E0,0.E0));
#8987=DIRECTION('',(8.544194045465E-1,0.E0,5.195839500354E-1));
#8988=AXIS2_PLACEMENT_3D('',#8985,#8986,#8987);
#8989=CYLINDRICAL_SURFACE('',#8988,1.023622047244E-2);
#8990=ORIENTED_EDGE('',*,*,#6692,.T.);
#8992=ORIENTED_EDGE('',*,*,#8991,.T.);
#8993=ORIENTED_EDGE('',*,*,#7520,.F.);
#8994=ORIENTED_EDGE('',*,*,#8978,.F.);
#8995=EDGE_LOOP('',(#8990,#8992,#8993,#8994));
#8996=FACE_OUTER_BOUND('',#8995,.F.);
#8998=CARTESIAN_POINT('',(4.778814093049E-1,2.519685039370E-1,
-6.770037208826E-1));
#8999=DIRECTION('',(0.E0,1.E0,0.E0));
#9000=DIRECTION('',(8.544194045465E-1,0.E0,5.195839500354E-1));
#9001=AXIS2_PLACEMENT_3D('',#8998,#8999,#9000);
#9002=CYLINDRICAL_SURFACE('',#9001,3.425196850394E-2);
#9003=ORIENTED_EDGE('',*,*,#7522,.T.);
#9004=ORIENTED_EDGE('',*,*,#8991,.F.);
#9005=ORIENTED_EDGE('',*,*,#6690,.F.);
#9007=ORIENTED_EDGE('',*,*,#9006,.T.);
#9008=EDGE_LOOP('',(#9003,#9004,#9005,#9007));
#9009=FACE_OUTER_BOUND('',#9008,.F.);
#9011=CARTESIAN_POINT('',(4.417575923592E-1,2.519685039370E-1,
-7.029704073802E-1));
#9012=DIRECTION('',(0.E0,1.E0,0.E0));
#9013=DIRECTION('',(8.544194045465E-1,0.E0,5.195839500354E-1));
#9014=AXIS2_PLACEMENT_3D('',#9011,#9012,#9013);
#9015=CYLINDRICAL_SURFACE('',#9014,1.023622047244E-2);
#9016=ORIENTED_EDGE('',*,*,#6688,.T.);
#9018=ORIENTED_EDGE('',*,*,#9017,.T.);
#9019=ORIENTED_EDGE('',*,*,#7524,.F.);
#9020=ORIENTED_EDGE('',*,*,#9006,.F.);
#9021=EDGE_LOOP('',(#9016,#9018,#9019,#9020));
#9022=FACE_OUTER_BOUND('',#9021,.F.);
#9024=CARTESIAN_POINT('',(0.E0,2.519685039370E-1,0.E0));
#9025=DIRECTION('',(0.E0,1.E0,0.E0));
#9026=DIRECTION('',(8.544194045465E-1,0.E0,5.195839500354E-1));
#9027=AXIS2_PLACEMENT_3D('',#9024,#9025,#9026);
#9028=CYLINDRICAL_SURFACE('',#9027,8.404874860898E-1);
#9029=ORIENTED_EDGE('',*,*,#8428,.F.);
#9031=ORIENTED_EDGE('',*,*,#9030,.T.);
#9032=ORIENTED_EDGE('',*,*,#8619,.F.);
#9033=ORIENTED_EDGE('',*,*,#9017,.F.);
#9034=EDGE_LOOP('',(#9029,#9031,#9032,#9033));
#9035=FACE_OUTER_BOUND('',#9034,.F.);
#9037=CARTESIAN_POINT('',(4.209198102904E-1,2.519685039370E-1,
-7.156421433680E-1));
#9038=DIRECTION('',(0.E0,1.E0,0.E0));
#9039=DIRECTION('',(9.172113015055E-1,0.E0,3.984010898462E-1));
#9040=AXIS2_PLACEMENT_3D('',#9037,#9038,#9039);
#9041=CYLINDRICAL_SURFACE('',#9040,1.023622047244E-2);
#9042=ORIENTED_EDGE('',*,*,#6676,.T.);
#9044=ORIENTED_EDGE('',*,*,#9043,.T.);
#9045=ORIENTED_EDGE('',*,*,#7536,.F.);
#9046=ORIENTED_EDGE('',*,*,#9030,.F.);
#9047=EDGE_LOOP('',(#9042,#9044,#9045,#9046));
#9048=FACE_OUTER_BOUND('',#9047,.F.);
#9050=CARTESIAN_POINT('',(3.812450679722E-1,2.519685039370E-1,
-7.357695818631E-1));
#9051=DIRECTION('',(0.E0,1.E0,0.E0));
#9052=DIRECTION('',(9.172113015055E-1,0.E0,3.984010898462E-1));
#9053=AXIS2_PLACEMENT_3D('',#9050,#9051,#9052);
#9054=CYLINDRICAL_SURFACE('',#9053,3.425196850394E-2);
#9055=ORIENTED_EDGE('',*,*,#7538,.T.);
#9056=ORIENTED_EDGE('',*,*,#9043,.F.);
#9057=ORIENTED_EDGE('',*,*,#6674,.F.);
#9059=ORIENTED_EDGE('',*,*,#9058,.T.);
#9060=EDGE_LOOP('',(#9055,#9056,#9057,#9059));
#9061=FACE_OUTER_BOUND('',#9060,.F.);
#9063=CARTESIAN_POINT('',(3.419219135183E-1,2.519685039370E-1,
-7.565755541354E-1));
#9064=DIRECTION('',(0.E0,1.E0,0.E0));
#9065=DIRECTION('',(9.172113015055E-1,0.E0,3.984010898462E-1));
#9066=AXIS2_PLACEMENT_3D('',#9063,#9064,#9065);
#9067=CYLINDRICAL_SURFACE('',#9066,1.023622047244E-2);
#9068=ORIENTED_EDGE('',*,*,#6672,.T.);
#9070=ORIENTED_EDGE('',*,*,#9069,.T.);
#9071=ORIENTED_EDGE('',*,*,#7540,.F.);
#9072=ORIENTED_EDGE('',*,*,#9058,.F.);
#9073=EDGE_LOOP('',(#9068,#9070,#9071,#9072));
#9074=FACE_OUTER_BOUND('',#9073,.F.);
#9076=CARTESIAN_POINT('',(0.E0,2.519685039370E-1,0.E0));
#9077=DIRECTION('',(0.E0,1.E0,0.E0));
#9078=DIRECTION('',(9.172113015055E-1,0.E0,3.984010898462E-1));
#9079=AXIS2_PLACEMENT_3D('',#9076,#9077,#9078);
#9080=CYLINDRICAL_SURFACE('',#9079,8.404874860898E-1);
#9081=ORIENTED_EDGE('',*,*,#8425,.F.);
#9083=ORIENTED_EDGE('',*,*,#9082,.T.);
#9084=ORIENTED_EDGE('',*,*,#8622,.F.);
#9085=ORIENTED_EDGE('',*,*,#9069,.F.);
#9086=EDGE_LOOP('',(#9081,#9083,#9084,#9085));
#9087=FACE_OUTER_BOUND('',#9086,.F.);
#9089=CARTESIAN_POINT('',(3.195527478486E-1,2.519685039370E-1,
-7.662918539315E-1));
#9090=DIRECTION('',(0.E0,1.E0,0.E0));
#9091=DIRECTION('',(9.629172873478E-1,0.E0,2.697967711570E-1));
#9092=AXIS2_PLACEMENT_3D('',#9089,#9090,#9091);
#9093=CYLINDRICAL_SURFACE('',#9092,1.023622047244E-2);
#9094=ORIENTED_EDGE('',*,*,#6660,.T.);
#9096=ORIENTED_EDGE('',*,*,#9095,.T.);
#9097=ORIENTED_EDGE('',*,*,#7552,.F.);
#9098=ORIENTED_EDGE('',*,*,#9082,.F.);
#9099=EDGE_LOOP('',(#9094,#9096,#9097,#9098));
#9100=FACE_OUTER_BOUND('',#9099,.F.);
#9102=CARTESIAN_POINT('',(2.775068523664E-1,2.519685039370E-1,
-7.808294476631E-1));
#9103=DIRECTION('',(0.E0,1.E0,0.E0));
#9104=DIRECTION('',(9.629172873478E-1,0.E0,2.697967711570E-1));
#9105=AXIS2_PLACEMENT_3D('',#9102,#9103,#9104);
#9106=CYLINDRICAL_SURFACE('',#9105,3.425196850394E-2);
#9107=ORIENTED_EDGE('',*,*,#7554,.T.);
#9108=ORIENTED_EDGE('',*,*,#9095,.F.);
#9109=ORIENTED_EDGE('',*,*,#6658,.F.);
#9111=ORIENTED_EDGE('',*,*,#9110,.T.);
#9112=EDGE_LOOP('',(#9107,#9108,#9109,#9111));
#9113=FACE_OUTER_BOUND('',#9112,.F.);
#9115=CARTESIAN_POINT('',(2.357168763697E-1,2.519685039370E-1,
-7.960871298129E-1));
#9116=DIRECTION('',(0.E0,1.E0,0.E0));
#9117=DIRECTION('',(9.629172873478E-1,0.E0,2.697967711570E-1));
#9118=AXIS2_PLACEMENT_3D('',#9115,#9116,#9117);
#9119=CYLINDRICAL_SURFACE('',#9118,1.023622047244E-2);
#9120=ORIENTED_EDGE('',*,*,#6656,.T.);
#9122=ORIENTED_EDGE('',*,*,#9121,.T.);
#9123=ORIENTED_EDGE('',*,*,#7556,.F.);
#9124=ORIENTED_EDGE('',*,*,#9110,.F.);
#9125=EDGE_LOOP('',(#9120,#9122,#9123,#9124));
#9126=FACE_OUTER_BOUND('',#9125,.F.);
#9128=CARTESIAN_POINT('',(0.E0,2.519685039370E-1,0.E0));
#9129=DIRECTION('',(0.E0,1.E0,0.E0));
#9130=DIRECTION('',(9.629172873478E-1,0.E0,2.697967711570E-1));
#9131=AXIS2_PLACEMENT_3D('',#9128,#9129,#9130);
#9132=CYLINDRICAL_SURFACE('',#9131,8.404874860898E-1);
#9133=ORIENTED_EDGE('',*,*,#8422,.F.);
#9135=ORIENTED_EDGE('',*,*,#9134,.T.);
#9136=ORIENTED_EDGE('',*,*,#8625,.F.);
#9137=ORIENTED_EDGE('',*,*,#9121,.F.);
#9138=EDGE_LOOP('',(#9133,#9135,#9136,#9137));
#9139=FACE_OUTER_BOUND('',#9138,.F.);
#9141=CARTESIAN_POINT('',(2.122330223313E-1,2.519685039370E-1,
-8.026669971361E-1));
#9142=DIRECTION('',(0.E0,1.E0,0.E0));
#9143=DIRECTION('',(9.906859460363E-1,0.E0,1.361666490962E-1));
#9144=AXIS2_PLACEMENT_3D('',#9141,#9142,#9143);
#9145=CYLINDRICAL_SURFACE('',#9144,1.023622047244E-2);
#9146=ORIENTED_EDGE('',*,*,#6644,.T.);
#9148=ORIENTED_EDGE('',*,*,#9147,.T.);
#9149=ORIENTED_EDGE('',*,*,#7568,.F.);
#9150=ORIENTED_EDGE('',*,*,#9134,.F.);
#9151=EDGE_LOOP('',(#9146,#9148,#9149,#9150));
#9152=FACE_OUTER_BOUND('',#9151,.F.);
#9154=CARTESIAN_POINT('',(1.685992091643E-1,2.519685039370E-1,
-8.113439382391E-1));
#9155=DIRECTION('',(0.E0,1.E0,0.E0));
#9156=DIRECTION('',(9.906859460363E-1,0.E0,1.361666490962E-1));
#9157=AXIS2_PLACEMENT_3D('',#9154,#9155,#9156);
#9158=CYLINDRICAL_SURFACE('',#9157,3.425196850394E-2);
#9159=ORIENTED_EDGE('',*,*,#7570,.T.);
#9160=ORIENTED_EDGE('',*,*,#9147,.F.);
#9161=ORIENTED_EDGE('',*,*,#6642,.F.);
#9163=ORIENTED_EDGE('',*,*,#9162,.T.);
#9164=EDGE_LOOP('',(#9159,#9160,#9161,#9163));
#9165=FACE_OUTER_BOUND('',#9164,.F.);
#9167=CARTESIAN_POINT('',(1.251208798077E-1,2.519685039370E-1,
-8.207691085168E-1));
#9168=DIRECTION('',(0.E0,1.E0,0.E0));
#9169=DIRECTION('',(9.906859460363E-1,0.E0,1.361666490962E-1));
#9170=AXIS2_PLACEMENT_3D('',#9167,#9168,#9169);
#9171=CYLINDRICAL_SURFACE('',#9170,1.023622047244E-2);
#9172=ORIENTED_EDGE('',*,*,#6640,.T.);
#9174=ORIENTED_EDGE('',*,*,#9173,.T.);
#9175=ORIENTED_EDGE('',*,*,#7572,.F.);
#9176=ORIENTED_EDGE('',*,*,#9162,.F.);
#9177=EDGE_LOOP('',(#9172,#9174,#9175,#9176));
#9178=FACE_OUTER_BOUND('',#9177,.F.);
#9180=CARTESIAN_POINT('',(0.E0,2.519685039370E-1,0.E0));
#9181=DIRECTION('',(0.E0,1.E0,0.E0));
#9182=DIRECTION('',(1.E0,0.E0,0.E0));
#9183=AXIS2_PLACEMENT_3D('',#9180,#9181,#9182);
#9184=CYLINDRICAL_SURFACE('',#9183,8.404874860898E-1);
#9186=ORIENTED_EDGE('',*,*,#9185,.T.);
#9187=ORIENTED_EDGE('',*,*,#8628,.F.);
#9188=ORIENTED_EDGE('',*,*,#9173,.F.);
#9189=ORIENTED_EDGE('',*,*,#8419,.F.);
#9190=EDGE_LOOP('',(#9186,#9187,#9188,#9189));
#9191=FACE_OUTER_BOUND('',#9190,.F.);
#9193=CARTESIAN_POINT('',(1.009597971682E-1,2.519685039370E-1,
-8.240899728883E-1));
#9194=DIRECTION('',(0.E0,1.E0,0.E0));
#9195=DIRECTION('',(1.E0,0.E0,0.E0));
#9196=AXIS2_PLACEMENT_3D('',#9193,#9194,#9195);
#9197=CYLINDRICAL_SURFACE('',#9196,1.023622047244E-2);
#9198=ORIENTED_EDGE('',*,*,#6098,.T.);
#9200=ORIENTED_EDGE('',*,*,#9199,.T.);
#9201=ORIENTED_EDGE('',*,*,#6962,.F.);
#9202=ORIENTED_EDGE('',*,*,#9185,.F.);
#9203=EDGE_LOOP('',(#9198,#9200,#9201,#9202));
#9204=FACE_OUTER_BOUND('',#9203,.F.);
#9206=CARTESIAN_POINT('',(5.655088169730E-2,2.519685039370E-1,
-8.267446263674E-1));
#9207=DIRECTION('',(0.E0,1.E0,0.E0));
#9208=DIRECTION('',(1.E0,0.E0,0.E0));
#9209=AXIS2_PLACEMENT_3D('',#9206,#9207,#9208);
#9210=CYLINDRICAL_SURFACE('',#9209,3.425196850394E-2);
#9211=ORIENTED_EDGE('',*,*,#6964,.T.);
#9212=ORIENTED_EDGE('',*,*,#9199,.F.);
#9213=ORIENTED_EDGE('',*,*,#6096,.F.);
#9214=ORIENTED_EDGE('',*,*,#6049,.T.);
#9215=EDGE_LOOP('',(#9211,#9212,#9213,#9214));
#9216=FACE_OUTER_BOUND('',#9215,.F.);
#9218=CARTESIAN_POINT('',(8.290585691653E-1,2.519685039370E-1,
-4.448654799903E-2));
#9219=DIRECTION('',(0.E0,1.E0,0.E0));
#9220=DIRECTION('',(6.824241336467E-2,0.E0,9.976687691905E-1));
#9221=AXIS2_PLACEMENT_3D('',#9218,#9219,#9220);
#9222=CYLINDRICAL_SURFACE('',#9221,1.023622047244E-2);
#9223=ORIENTED_EDGE('',*,*,#6063,.T.);
#9224=ORIENTED_EDGE('',*,*,#8668,.T.);
#9225=ORIENTED_EDGE('',*,*,#6949,.F.);
#9226=ORIENTED_EDGE('',*,*,#6915,.F.);
#9227=EDGE_LOOP('',(#9223,#9224,#9225,#9226));
#9228=FACE_OUTER_BOUND('',#9227,.F.);
#9230=CARTESIAN_POINT('',(0.E0,0.E0,0.E0));
#9231=DIRECTION('',(0.E0,1.E0,0.E0));
#9232=DIRECTION('',(1.E0,0.E0,0.E0));
#9233=AXIS2_PLACEMENT_3D('',#9230,#9231,#9232);
#9234=CYLINDRICAL_SURFACE('',#9233,8.647000845150E-1);
#9235=ORIENTED_EDGE('',*,*,#7733,.T.);
#9236=ORIENTED_EDGE('',*,*,#8585,.T.);
#9237=ORIENTED_EDGE('',*,*,#8565,.F.);
#9238=ORIENTED_EDGE('',*,*,#8582,.F.);
#9239=EDGE_LOOP('',(#9235,#9236,#9237,#9238));
#9240=FACE_OUTER_BOUND('',#9239,.F.);
#9242=CARTESIAN_POINT('',(0.E0,-5.905511811024E-2,0.E0));
#9243=DIRECTION('',(0.E0,-1.E0,0.E0));
#9244=DIRECTION('',(9.994085556576E-1,0.E0,3.438806302195E-2));
#9245=AXIS2_PLACEMENT_3D('',#9242,#9243,#9244);
#9246=TOROIDAL_SURFACE('',#9245,1.771653543307E-1,1.968503937008E-2);
#9247=ORIENTED_EDGE('',*,*,#8569,.T.);
#9248=ORIENTED_EDGE('',*,*,#8553,.T.);
#9250=ORIENTED_EDGE('',*,*,#9249,.F.);
#9251=ORIENTED_EDGE('',*,*,#8550,.F.);
#9252=EDGE_LOOP('',(#9247,#9248,#9250,#9251));
#9253=FACE_OUTER_BOUND('',#9252,.F.);
#9255=CARTESIAN_POINT('',(0.E0,-7.874015748031E-2,0.E0));
#9256=DIRECTION('',(0.E0,-1.E0,0.E0));
#9257=DIRECTION('',(-1.E0,0.E0,0.E0));
#9258=AXIS2_PLACEMENT_3D('',#9255,#9256,#9257);
#9259=CYLINDRICAL_SURFACE('',#9258,1.574803149606E-1);
#9260=ORIENTED_EDGE('',*,*,#9249,.T.);
#9261=ORIENTED_EDGE('',*,*,#8538,.T.);
#9262=ORIENTED_EDGE('',*,*,#8508,.T.);
#9263=ORIENTED_EDGE('',*,*,#8535,.F.);
#9264=EDGE_LOOP('',(#9260,#9261,#9262,#9263));
#9265=FACE_OUTER_BOUND('',#9264,.F.);
#9267=CARTESIAN_POINT('',(-8.273942570839E-1,2.519685039370E-1,
6.881792937746E-2));
#9268=DIRECTION('',(0.E0,1.E0,0.E0));
#9269=DIRECTION('',(-2.034560130526E-1,0.E0,-9.790840876823E-1));
#9270=AXIS2_PLACEMENT_3D('',#9267,#9268,#9269);
#9271=CYLINDRICAL_SURFACE('',#9270,1.023622047244E-2);
#9272=ORIENTED_EDGE('',*,*,#6290,.T.);
#9274=ORIENTED_EDGE('',*,*,#9273,.T.);
#9275=ORIENTED_EDGE('',*,*,#7154,.F.);
#9276=ORIENTED_EDGE('',*,*,#7748,.F.);
#9277=EDGE_LOOP('',(#9272,#9274,#9275,#9276));
#9278=FACE_OUTER_BOUND('',#9277,.F.);
#9280=CARTESIAN_POINT('',(-8.209581251779E-1,2.519685039370E-1,
1.128380970792E-1));
#9281=DIRECTION('',(0.E0,1.E0,0.E0));
#9282=DIRECTION('',(-2.034560130526E-1,0.E0,-9.790840876823E-1));
#9283=AXIS2_PLACEMENT_3D('',#9280,#9281,#9282);
#9284=CYLINDRICAL_SURFACE('',#9283,3.425196850394E-2);
#9285=ORIENTED_EDGE('',*,*,#7156,.T.);
#9286=ORIENTED_EDGE('',*,*,#9273,.F.);
#9287=ORIENTED_EDGE('',*,*,#6288,.F.);
#9289=ORIENTED_EDGE('',*,*,#9288,.T.);
#9290=EDGE_LOOP('',(#9285,#9286,#9287,#9289));
#9291=FACE_OUTER_BOUND('',#9290,.F.);
#9293=CARTESIAN_POINT('',(-8.152790887422E-1,2.519685039370E-1,
1.569623251581E-1));
#9294=DIRECTION('',(0.E0,1.E0,0.E0));
#9295=DIRECTION('',(-2.034560130526E-1,0.E0,-9.790840876823E-1));
#9296=AXIS2_PLACEMENT_3D('',#9293,#9294,#9295);
#9297=CYLINDRICAL_SURFACE('',#9296,1.023622047244E-2);
#9298=ORIENTED_EDGE('',*,*,#6286,.T.);
#9300=ORIENTED_EDGE('',*,*,#9299,.T.);
#9301=ORIENTED_EDGE('',*,*,#7150,.F.);
#9302=ORIENTED_EDGE('',*,*,#9288,.F.);
#9303=EDGE_LOOP('',(#9298,#9300,#9301,#9302));
#9304=FACE_OUTER_BOUND('',#9303,.F.);
#9306=CARTESIAN_POINT('',(0.E0,2.519685039370E-1,0.E0));
#9307=DIRECTION('',(0.E0,1.E0,0.E0));
#9308=DIRECTION('',(-2.034560130526E-1,0.E0,-9.790840876823E-1));
#9309=AXIS2_PLACEMENT_3D('',#9306,#9307,#9308);
#9310=CYLINDRICAL_SURFACE('',#9309,8.404874860898E-1);
#9311=ORIENTED_EDGE('',*,*,#9299,.F.);
#9312=ORIENTED_EDGE('',*,*,#6862,.F.);
#9314=ORIENTED_EDGE('',*,*,#9313,.T.);
#9315=ORIENTED_EDGE('',*,*,#7666,.F.);
#9316=EDGE_LOOP('',(#9311,#9312,#9314,#9315));
#9317=FACE_OUTER_BOUND('',#9316,.F.);
#9319=CARTESIAN_POINT('',(-8.103171554831E-1,2.519685039370E-1,
1.808404589382E-1));
#9320=DIRECTION('',(0.E0,1.E0,0.E0));
#9321=DIRECTION('',(-3.348796121710E-1,0.E0,-9.422609221188E-1));
#9322=AXIS2_PLACEMENT_3D('',#9319,#9320,#9321);
#9323=CYLINDRICAL_SURFACE('',#9322,1.023622047244E-2);
#9324=ORIENTED_EDGE('',*,*,#6306,.T.);
#9326=ORIENTED_EDGE('',*,*,#9325,.T.);
#9327=ORIENTED_EDGE('',*,*,#7170,.F.);
#9328=ORIENTED_EDGE('',*,*,#9313,.F.);
#9329=EDGE_LOOP('',(#9324,#9326,#9327,#9328));
#9330=FACE_OUTER_BOUND('',#9329,.F.);
#9332=CARTESIAN_POINT('',(-7.979468913284E-1,2.519685039370E-1,
2.235742339076E-1));
#9333=DIRECTION('',(0.E0,1.E0,0.E0));
#9334=DIRECTION('',(-3.348796121710E-1,0.E0,-9.422609221188E-1));
#9335=AXIS2_PLACEMENT_3D('',#9332,#9333,#9334);
#9336=CYLINDRICAL_SURFACE('',#9335,3.425196850394E-2);
#9337=ORIENTED_EDGE('',*,*,#7172,.T.);
#9338=ORIENTED_EDGE('',*,*,#9325,.F.);
#9339=ORIENTED_EDGE('',*,*,#6304,.F.);
#9341=ORIENTED_EDGE('',*,*,#9340,.T.);
#9342=EDGE_LOOP('',(#9337,#9338,#9339,#9341));
#9343=FACE_OUTER_BOUND('',#9342,.F.);
#9345=CARTESIAN_POINT('',(-7.863125014630E-1,2.519685039370E-1,
2.665141911835E-1));
#9346=DIRECTION('',(0.E0,1.E0,0.E0));
#9347=DIRECTION('',(-3.348796121710E-1,0.E0,-9.422609221188E-1));
#9348=AXIS2_PLACEMENT_3D('',#9345,#9346,#9347);
#9349=CYLINDRICAL_SURFACE('',#9348,1.023622047244E-2);
#9350=ORIENTED_EDGE('',*,*,#6302,.T.);
#9352=ORIENTED_EDGE('',*,*,#9351,.T.);
#9353=ORIENTED_EDGE('',*,*,#7166,.F.);
#9354=ORIENTED_EDGE('',*,*,#9340,.F.);
#9355=EDGE_LOOP('',(#9350,#9352,#9353,#9354));
#9356=FACE_OUTER_BOUND('',#9355,.F.);
#9358=CARTESIAN_POINT('',(0.E0,2.519685039370E-1,0.E0));
#9359=DIRECTION('',(0.E0,1.E0,0.E0));
#9360=DIRECTION('',(-3.348796121710E-1,0.E0,-9.422609221188E-1));
#9361=AXIS2_PLACEMENT_3D('',#9358,#9359,#9360);
#9362=CYLINDRICAL_SURFACE('',#9361,8.404874860898E-1);
#9363=ORIENTED_EDGE('',*,*,#9351,.F.);
#9364=ORIENTED_EDGE('',*,*,#6859,.F.);
#9366=ORIENTED_EDGE('',*,*,#9365,.T.);
#9367=ORIENTED_EDGE('',*,*,#7669,.F.);
#9368=EDGE_LOOP('',(#9363,#9364,#9366,#9367));
#9369=FACE_OUTER_BOUND('',#9368,.F.);
#9371=CARTESIAN_POINT('',(-7.781453784547E-1,2.519685039370E-1,
2.894942729121E-1));
#9372=DIRECTION('',(0.E0,1.E0,0.E0));
#9373=DIRECTION('',(-4.600650377312E-1,0.E0,-8.878852184024E-1));
#9374=AXIS2_PLACEMENT_3D('',#9371,#9372,#9373);
#9375=CYLINDRICAL_SURFACE('',#9374,1.023622047244E-2);
#9376=ORIENTED_EDGE('',*,*,#6322,.T.);
#9378=ORIENTED_EDGE('',*,*,#9377,.T.);
#9379=ORIENTED_EDGE('',*,*,#7186,.F.);
#9380=ORIENTED_EDGE('',*,*,#9365,.F.);
#9381=EDGE_LOOP('',(#9376,#9378,#9379,#9380));
#9382=FACE_OUTER_BOUND('',#9381,.F.);
#9384=CARTESIAN_POINT('',(-7.600714166670E-1,2.519685039370E-1,
3.301456057771E-1));
#9385=DIRECTION('',(0.E0,1.E0,0.E0));
#9386=DIRECTION('',(-4.600650377312E-1,0.E0,-8.878852184024E-1));
#9387=AXIS2_PLACEMENT_3D('',#9384,#9385,#9386);
#9388=CYLINDRICAL_SURFACE('',#9387,3.425196850394E-2);
#9389=ORIENTED_EDGE('',*,*,#7188,.T.);
#9390=ORIENTED_EDGE('',*,*,#9377,.F.);
#9391=ORIENTED_EDGE('',*,*,#6320,.F.);
#9393=ORIENTED_EDGE('',*,*,#9392,.T.);
#9394=EDGE_LOOP('',(#9389,#9390,#9391,#9393));
#9395=FACE_OUTER_BOUND('',#9394,.F.);
#9397=CARTESIAN_POINT('',(-7.426984000420E-1,2.519685039370E-1,
3.711014020915E-1));
#9398=DIRECTION('',(0.E0,1.E0,0.E0));
#9399=DIRECTION('',(-4.600650377312E-1,0.E0,-8.878852184024E-1));
#9400=AXIS2_PLACEMENT_3D('',#9397,#9398,#9399);
#9401=CYLINDRICAL_SURFACE('',#9400,1.023622047244E-2);
#9402=ORIENTED_EDGE('',*,*,#6318,.T.);
#9404=ORIENTED_EDGE('',*,*,#9403,.T.);
#9405=ORIENTED_EDGE('',*,*,#7182,.F.);
#9406=ORIENTED_EDGE('',*,*,#9392,.F.);
#9407=EDGE_LOOP('',(#9402,#9404,#9405,#9406));
#9408=FACE_OUTER_BOUND('',#9407,.F.);
#9410=CARTESIAN_POINT('',(0.E0,2.519685039370E-1,0.E0));
#9411=DIRECTION('',(0.E0,1.E0,0.E0));
#9412=DIRECTION('',(-4.600650377312E-1,0.E0,-8.878852184024E-1));
#9413=AXIS2_PLACEMENT_3D('',#9410,#9411,#9412);
#9414=CYLINDRICAL_SURFACE('',#9413,8.404874860898E-1);
#9415=ORIENTED_EDGE('',*,*,#9403,.F.);
#9416=ORIENTED_EDGE('',*,*,#6856,.F.);
#9418=ORIENTED_EDGE('',*,*,#9417,.T.);
#9419=ORIENTED_EDGE('',*,*,#7672,.F.);
#9420=EDGE_LOOP('',(#9415,#9416,#9418,#9419));
#9421=FACE_OUTER_BOUND('',#9420,.F.);
#9423=CARTESIAN_POINT('',(-7.314782253331E-1,2.519685039370E-1,
3.927553563260E-1));
#9424=DIRECTION('',(0.E0,1.E0,0.E0));
#9425=DIRECTION('',(-5.766803221149E-1,0.E0,-8.169698930104E-1));
#9426=AXIS2_PLACEMENT_3D('',#9423,#9424,#9425);
#9427=CYLINDRICAL_SURFACE('',#9426,1.023622047244E-2);
#9428=ORIENTED_EDGE('',*,*,#6338,.T.);
#9430=ORIENTED_EDGE('',*,*,#9429,.T.);
#9431=ORIENTED_EDGE('',*,*,#7202,.F.);
#9432=ORIENTED_EDGE('',*,*,#9417,.F.);
#9433=EDGE_LOOP('',(#9428,#9430,#9431,#9432));
#9434=FACE_OUTER_BOUND('',#9433,.F.);
#9436=CARTESIAN_POINT('',(-7.080372496234E-1,2.519685039370E-1,
4.305669896704E-1));
#9437=DIRECTION('',(0.E0,1.E0,0.E0));
#9438=DIRECTION('',(-5.766803221149E-1,0.E0,-8.169698930104E-1));
#9439=AXIS2_PLACEMENT_3D('',#9436,#9437,#9438);
#9440=CYLINDRICAL_SURFACE('',#9439,3.425196850394E-2);
#9441=ORIENTED_EDGE('',*,*,#7204,.T.);
#9442=ORIENTED_EDGE('',*,*,#9429,.F.);
#9443=ORIENTED_EDGE('',*,*,#6336,.F.);
#9445=ORIENTED_EDGE('',*,*,#9444,.T.);
#9446=EDGE_LOOP('',(#9441,#9442,#9443,#9445));
#9447=FACE_OUTER_BOUND('',#9446,.F.);
#9449=CARTESIAN_POINT('',(-6.852492326676E-1,2.519685039370E-1,
4.687756960293E-1));
#9450=DIRECTION('',(0.E0,1.E0,0.E0));
#9451=DIRECTION('',(-5.766803221149E-1,0.E0,-8.169698930104E-1));
#9452=AXIS2_PLACEMENT_3D('',#9449,#9450,#9451);
#9453=CYLINDRICAL_SURFACE('',#9452,1.023622047244E-2);
#9454=ORIENTED_EDGE('',*,*,#6334,.T.);
#9456=ORIENTED_EDGE('',*,*,#9455,.T.);
#9457=ORIENTED_EDGE('',*,*,#7198,.F.);
#9458=ORIENTED_EDGE('',*,*,#9444,.F.);
#9459=EDGE_LOOP('',(#9454,#9456,#9457,#9458));
#9460=FACE_OUTER_BOUND('',#9459,.F.);
#9462=CARTESIAN_POINT('',(0.E0,2.519685039370E-1,0.E0));
#9463=DIRECTION('',(0.E0,1.E0,0.E0));
#9464=DIRECTION('',(-5.766803221149E-1,0.E0,-8.169698930104E-1));
#9465=AXIS2_PLACEMENT_3D('',#9462,#9463,#9464);
#9466=CYLINDRICAL_SURFACE('',#9465,8.404874860898E-1);
#9467=ORIENTED_EDGE('',*,*,#9455,.F.);
#9468=ORIENTED_EDGE('',*,*,#6853,.F.);
#9470=ORIENTED_EDGE('',*,*,#9469,.T.);
#9471=ORIENTED_EDGE('',*,*,#7675,.F.);
#9472=EDGE_LOOP('',(#9467,#9468,#9470,#9471));
#9473=FACE_OUTER_BOUND('',#9472,.F.);
#9475=CARTESIAN_POINT('',(-6.711850168836E-1,2.519685039370E-1,
4.887001505731E-1));
#9476=DIRECTION('',(0.E0,1.E0,0.E0));
#9477=DIRECTION('',(-6.825531432187E-1,0.E0,-7.308359642781E-1));
#9478=AXIS2_PLACEMENT_3D('',#9475,#9476,#9477);
#9479=CYLINDRICAL_SURFACE('',#9478,1.023622047244E-2);
#9480=ORIENTED_EDGE('',*,*,#6354,.T.);
#9482=ORIENTED_EDGE('',*,*,#9481,.T.);
#9483=ORIENTED_EDGE('',*,*,#7218,.F.);
#9484=ORIENTED_EDGE('',*,*,#9469,.F.);
#9485=EDGE_LOOP('',(#9480,#9482,#9483,#9484));
#9486=FACE_OUTER_BOUND('',#9485,.F.);
#9488=CARTESIAN_POINT('',(-6.428136882773E-1,2.519685039370E-1,
5.229677252102E-1));
#9489=DIRECTION('',(0.E0,1.E0,0.E0));
#9490=DIRECTION('',(-6.825531432187E-1,0.E0,-7.308359642781E-1));
#9491=AXIS2_PLACEMENT_3D('',#9488,#9489,#9490);
#9492=CYLINDRICAL_SURFACE('',#9491,3.425196850394E-2);
#9493=ORIENTED_EDGE('',*,*,#7220,.T.);
#9494=ORIENTED_EDGE('',*,*,#9481,.F.);
#9495=ORIENTED_EDGE('',*,*,#6352,.F.);
#9497=ORIENTED_EDGE('',*,*,#9496,.T.);
#9498=EDGE_LOOP('',(#9493,#9494,#9495,#9497));
#9499=FACE_OUTER_BOUND('',#9498,.F.);
#9501=CARTESIAN_POINT('',(-6.150351686299E-1,2.519685039370E-1,
5.577175857077E-1));
#9502=DIRECTION('',(0.E0,1.E0,0.E0));
#9503=DIRECTION('',(-6.825531432187E-1,0.E0,-7.308359642781E-1));
#9504=AXIS2_PLACEMENT_3D('',#9501,#9502,#9503);
#9505=CYLINDRICAL_SURFACE('',#9504,1.023622047244E-2);
#9506=ORIENTED_EDGE('',*,*,#6350,.T.);
#9508=ORIENTED_EDGE('',*,*,#9507,.T.);
#9509=ORIENTED_EDGE('',*,*,#7214,.F.);
#9510=ORIENTED_EDGE('',*,*,#9496,.F.);
#9511=EDGE_LOOP('',(#9506,#9508,#9509,#9510));
#9512=FACE_OUTER_BOUND('',#9511,.F.);
#9514=CARTESIAN_POINT('',(0.E0,2.519685039370E-1,0.E0));
#9515=DIRECTION('',(0.E0,1.E0,0.E0));
#9516=DIRECTION('',(-6.825531432187E-1,0.E0,-7.308359642781E-1));
#9517=AXIS2_PLACEMENT_3D('',#9514,#9515,#9516);
#9518=CYLINDRICAL_SURFACE('',#9517,8.404874860898E-1);
#9519=ORIENTED_EDGE('',*,*,#9507,.F.);
#9520=ORIENTED_EDGE('',*,*,#6850,.F.);
#9522=ORIENTED_EDGE('',*,*,#9521,.T.);
#9523=ORIENTED_EDGE('',*,*,#7678,.F.);
#9524=EDGE_LOOP('',(#9519,#9520,#9522,#9523));
#9525=FACE_OUTER_BOUND('',#9524,.F.);
#9527=CARTESIAN_POINT('',(-5.983889015004E-1,2.519685039370E-1,
5.755413856713E-1));
#9528=DIRECTION('',(0.E0,1.E0,0.E0));
#9529=DIRECTION('',(-7.757112907044E-1,0.E0,-6.310879443261E-1));
#9530=AXIS2_PLACEMENT_3D('',#9527,#9528,#9529);
#9531=CYLINDRICAL_SURFACE('',#9530,1.023622047244E-2);
#9532=ORIENTED_EDGE('',*,*,#6370,.T.);
#9534=ORIENTED_EDGE('',*,*,#9533,.T.);
#9535=ORIENTED_EDGE('',*,*,#7234,.F.);
#9536=ORIENTED_EDGE('',*,*,#9521,.F.);
#9537=EDGE_LOOP('',(#9532,#9534,#9535,#9536));
#9538=FACE_OUTER_BOUND('',#9537,.F.);
#9540=CARTESIAN_POINT('',(-5.656157241687E-1,2.519685039370E-1,
6.056265615222E-1));
#9541=DIRECTION('',(0.E0,1.E0,0.E0));
#9542=DIRECTION('',(-7.757112907044E-1,0.E0,-6.310879443261E-1));
#9543=AXIS2_PLACEMENT_3D('',#9540,#9541,#9542);
#9544=CYLINDRICAL_SURFACE('',#9543,3.425196850394E-2);
#9545=ORIENTED_EDGE('',*,*,#7236,.T.);
#9546=ORIENTED_EDGE('',*,*,#9533,.F.);
#9547=ORIENTED_EDGE('',*,*,#6368,.F.);
#9549=ORIENTED_EDGE('',*,*,#9548,.T.);
#9550=EDGE_LOOP('',(#9545,#9546,#9547,#9549));
#9551=FACE_OUTER_BOUND('',#9550,.F.);
#9553=CARTESIAN_POINT('',(-5.333641630919E-1,2.519685039370E-1,
6.362702520066E-1));
#9554=DIRECTION('',(0.E0,1.E0,0.E0));
#9555=DIRECTION('',(-7.757112907044E-1,0.E0,-6.310879443261E-1));
#9556=AXIS2_PLACEMENT_3D('',#9553,#9554,#9555);
#9557=CYLINDRICAL_SURFACE('',#9556,1.023622047244E-2);
#9558=ORIENTED_EDGE('',*,*,#6366,.T.);
#9560=ORIENTED_EDGE('',*,*,#9559,.T.);
#9561=ORIENTED_EDGE('',*,*,#7230,.F.);
#9562=ORIENTED_EDGE('',*,*,#9548,.F.);
#9563=EDGE_LOOP('',(#9558,#9560,#9561,#9562));
#9564=FACE_OUTER_BOUND('',#9563,.F.);
#9566=CARTESIAN_POINT('',(0.E0,2.519685039370E-1,0.E0));
#9567=DIRECTION('',(0.E0,1.E0,0.E0));
#9568=DIRECTION('',(-7.757112907044E-1,0.E0,-6.310879443261E-1));
#9569=AXIS2_PLACEMENT_3D('',#9566,#9567,#9568);
#9570=CYLINDRICAL_SURFACE('',#9569,8.404874860898E-1);
#9571=ORIENTED_EDGE('',*,*,#9559,.F.);
#9572=ORIENTED_EDGE('',*,*,#6847,.F.);
#9574=ORIENTED_EDGE('',*,*,#9573,.T.);
#9575=ORIENTED_EDGE('',*,*,#7681,.F.);
#9576=EDGE_LOOP('',(#9571,#9572,#9574,#9575));
#9577=FACE_OUTER_BOUND('',#9576,.F.);
#9579=CARTESIAN_POINT('',(-5.144459330775E-1,2.519685039370E-1,
6.516613737205E-1));
#9580=DIRECTION('',(0.E0,1.E0,0.E0));
#9581=DIRECTION('',(-8.544194045465E-1,0.E0,-5.195839500354E-1));
#9582=AXIS2_PLACEMENT_3D('',#9579,#9580,#9581);
#9583=CYLINDRICAL_SURFACE('',#9582,1.023622047244E-2);
#9584=ORIENTED_EDGE('',*,*,#6386,.T.);
#9586=ORIENTED_EDGE('',*,*,#9585,.T.);
#9587=ORIENTED_EDGE('',*,*,#7250,.F.);
#9588=ORIENTED_EDGE('',*,*,#9573,.F.);
#9589=EDGE_LOOP('',(#9584,#9586,#9587,#9588));
#9590=FACE_OUTER_BOUND('',#9589,.F.);
#9592=CARTESIAN_POINT('',(-4.778814093049E-1,2.519685039370E-1,
6.770037208826E-1));
#9593=DIRECTION('',(0.E0,1.E0,0.E0));
#9594=DIRECTION('',(-8.544194045465E-1,0.E0,-5.195839500354E-1));
#9595=AXIS2_PLACEMENT_3D('',#9592,#9593,#9594);
#9596=CYLINDRICAL_SURFACE('',#9595,3.425196850394E-2);
#9597=ORIENTED_EDGE('',*,*,#7252,.T.);
#9598=ORIENTED_EDGE('',*,*,#9585,.F.);
#9599=ORIENTED_EDGE('',*,*,#6384,.F.);
#9601=ORIENTED_EDGE('',*,*,#9600,.T.);
#9602=EDGE_LOOP('',(#9597,#9598,#9599,#9601));
#9603=FACE_OUTER_BOUND('',#9602,.F.);
#9605=CARTESIAN_POINT('',(-4.417575923592E-1,2.519685039370E-1,
7.029704073802E-1));
#9606=DIRECTION('',(0.E0,1.E0,0.E0));
#9607=DIRECTION('',(-8.544194045465E-1,0.E0,-5.195839500354E-1));
#9608=AXIS2_PLACEMENT_3D('',#9605,#9606,#9607);
#9609=CYLINDRICAL_SURFACE('',#9608,1.023622047244E-2);
#9610=ORIENTED_EDGE('',*,*,#6382,.T.);
#9612=ORIENTED_EDGE('',*,*,#9611,.T.);
#9613=ORIENTED_EDGE('',*,*,#7246,.F.);
#9614=ORIENTED_EDGE('',*,*,#9600,.F.);
#9615=EDGE_LOOP('',(#9610,#9612,#9613,#9614));
#9616=FACE_OUTER_BOUND('',#9615,.F.);
#9618=CARTESIAN_POINT('',(0.E0,2.519685039370E-1,0.E0));
#9619=DIRECTION('',(0.E0,1.E0,0.E0));
#9620=DIRECTION('',(-8.544194045465E-1,0.E0,-5.195839500354E-1));
#9621=AXIS2_PLACEMENT_3D('',#9618,#9619,#9620);
#9622=CYLINDRICAL_SURFACE('',#9621,8.404874860898E-1);
#9623=ORIENTED_EDGE('',*,*,#9611,.F.);
#9624=ORIENTED_EDGE('',*,*,#6844,.F.);
#9626=ORIENTED_EDGE('',*,*,#9625,.T.);
#9627=ORIENTED_EDGE('',*,*,#7684,.F.);
#9628=EDGE_LOOP('',(#9623,#9624,#9626,#9627));
#9629=FACE_OUTER_BOUND('',#9628,.F.);
#9631=CARTESIAN_POINT('',(-4.209198102904E-1,2.519685039370E-1,
7.156421433680E-1));
#9632=DIRECTION('',(0.E0,1.E0,0.E0));
#9633=DIRECTION('',(-9.172113015055E-1,0.E0,-3.984010898462E-1));
#9634=AXIS2_PLACEMENT_3D('',#9631,#9632,#9633);
#9635=CYLINDRICAL_SURFACE('',#9634,1.023622047244E-2);
#9636=ORIENTED_EDGE('',*,*,#6402,.T.);
#9638=ORIENTED_EDGE('',*,*,#9637,.T.);
#9639=ORIENTED_EDGE('',*,*,#7266,.F.);
#9640=ORIENTED_EDGE('',*,*,#9625,.F.);
#9641=EDGE_LOOP('',(#9636,#9638,#9639,#9640));
#9642=FACE_OUTER_BOUND('',#9641,.F.);
#9644=CARTESIAN_POINT('',(-3.812450679722E-1,2.519685039370E-1,
7.357695818631E-1));
#9645=DIRECTION('',(0.E0,1.E0,0.E0));
#9646=DIRECTION('',(-9.172113015055E-1,0.E0,-3.984010898462E-1));
#9647=AXIS2_PLACEMENT_3D('',#9644,#9645,#9646);
#9648=CYLINDRICAL_SURFACE('',#9647,3.425196850394E-2);
#9649=ORIENTED_EDGE('',*,*,#7268,.T.);
#9650=ORIENTED_EDGE('',*,*,#9637,.F.);
#9651=ORIENTED_EDGE('',*,*,#6400,.F.);
#9653=ORIENTED_EDGE('',*,*,#9652,.T.);
#9654=EDGE_LOOP('',(#9649,#9650,#9651,#9653));
#9655=FACE_OUTER_BOUND('',#9654,.F.);
#9657=CARTESIAN_POINT('',(-3.419219135183E-1,2.519685039370E-1,
7.565755541354E-1));
#9658=DIRECTION('',(0.E0,1.E0,0.E0));
#9659=DIRECTION('',(-9.172113015055E-1,0.E0,-3.984010898462E-1));
#9660=AXIS2_PLACEMENT_3D('',#9657,#9658,#9659);
#9661=CYLINDRICAL_SURFACE('',#9660,1.023622047244E-2);
#9662=ORIENTED_EDGE('',*,*,#6398,.T.);
#9664=ORIENTED_EDGE('',*,*,#9663,.T.);
#9665=ORIENTED_EDGE('',*,*,#7262,.F.);
#9666=ORIENTED_EDGE('',*,*,#9652,.F.);
#9667=EDGE_LOOP('',(#9662,#9664,#9665,#9666));
#9668=FACE_OUTER_BOUND('',#9667,.F.);
#9670=CARTESIAN_POINT('',(0.E0,2.519685039370E-1,0.E0));
#9671=DIRECTION('',(0.E0,1.E0,0.E0));
#9672=DIRECTION('',(-9.172113015055E-1,0.E0,-3.984010898462E-1));
#9673=AXIS2_PLACEMENT_3D('',#9670,#9671,#9672);
#9674=CYLINDRICAL_SURFACE('',#9673,8.404874860898E-1);
#9675=ORIENTED_EDGE('',*,*,#9663,.F.);
#9676=ORIENTED_EDGE('',*,*,#6841,.F.);
#9678=ORIENTED_EDGE('',*,*,#9677,.T.);
#9679=ORIENTED_EDGE('',*,*,#7687,.F.);
#9680=EDGE_LOOP('',(#9675,#9676,#9678,#9679));
#9681=FACE_OUTER_BOUND('',#9680,.F.);
#9683=CARTESIAN_POINT('',(-3.195527478486E-1,2.519685039370E-1,
7.662918539315E-1));
#9684=DIRECTION('',(0.E0,1.E0,0.E0));
#9685=DIRECTION('',(-9.629172873478E-1,0.E0,-2.697967711570E-1));
#9686=AXIS2_PLACEMENT_3D('',#9683,#9684,#9685);
#9687=CYLINDRICAL_SURFACE('',#9686,1.023622047244E-2);
#9688=ORIENTED_EDGE('',*,*,#6418,.T.);
#9690=ORIENTED_EDGE('',*,*,#9689,.T.);
#9691=ORIENTED_EDGE('',*,*,#7282,.F.);
#9692=ORIENTED_EDGE('',*,*,#9677,.F.);
#9693=EDGE_LOOP('',(#9688,#9690,#9691,#9692));
#9694=FACE_OUTER_BOUND('',#9693,.F.);
#9696=CARTESIAN_POINT('',(-2.775068523664E-1,2.519685039370E-1,
7.808294476631E-1));
#9697=DIRECTION('',(0.E0,1.E0,0.E0));
#9698=DIRECTION('',(-9.629172873478E-1,0.E0,-2.697967711570E-1));
#9699=AXIS2_PLACEMENT_3D('',#9696,#9697,#9698);
#9700=CYLINDRICAL_SURFACE('',#9699,3.425196850394E-2);
#9701=ORIENTED_EDGE('',*,*,#7284,.T.);
#9702=ORIENTED_EDGE('',*,*,#9689,.F.);
#9703=ORIENTED_EDGE('',*,*,#6416,.F.);
#9705=ORIENTED_EDGE('',*,*,#9704,.T.);
#9706=EDGE_LOOP('',(#9701,#9702,#9703,#9705));
#9707=FACE_OUTER_BOUND('',#9706,.F.);
#9709=CARTESIAN_POINT('',(-2.357168763697E-1,2.519685039370E-1,
7.960871298129E-1));
#9710=DIRECTION('',(0.E0,1.E0,0.E0));
#9711=DIRECTION('',(-9.629172873478E-1,0.E0,-2.697967711570E-1));
#9712=AXIS2_PLACEMENT_3D('',#9709,#9710,#9711);
#9713=CYLINDRICAL_SURFACE('',#9712,1.023622047244E-2);
#9714=ORIENTED_EDGE('',*,*,#6414,.T.);
#9716=ORIENTED_EDGE('',*,*,#9715,.T.);
#9717=ORIENTED_EDGE('',*,*,#7278,.F.);
#9718=ORIENTED_EDGE('',*,*,#9704,.F.);
#9719=EDGE_LOOP('',(#9714,#9716,#9717,#9718));
#9720=FACE_OUTER_BOUND('',#9719,.F.);
#9722=CARTESIAN_POINT('',(0.E0,2.519685039370E-1,0.E0));
#9723=DIRECTION('',(0.E0,1.E0,0.E0));
#9724=DIRECTION('',(-9.629172873478E-1,0.E0,-2.697967711570E-1));
#9725=AXIS2_PLACEMENT_3D('',#9722,#9723,#9724);
#9726=CYLINDRICAL_SURFACE('',#9725,8.404874860898E-1);
#9727=ORIENTED_EDGE('',*,*,#9715,.F.);
#9728=ORIENTED_EDGE('',*,*,#6838,.F.);
#9730=ORIENTED_EDGE('',*,*,#9729,.T.);
#9731=ORIENTED_EDGE('',*,*,#7690,.F.);
#9732=EDGE_LOOP('',(#9727,#9728,#9730,#9731));
#9733=FACE_OUTER_BOUND('',#9732,.F.);
#9735=CARTESIAN_POINT('',(-2.122330223313E-1,2.519685039370E-1,
8.026669971361E-1));
#9736=DIRECTION('',(0.E0,1.E0,0.E0));
#9737=DIRECTION('',(-9.906859460363E-1,0.E0,-1.361666490962E-1));
#9738=AXIS2_PLACEMENT_3D('',#9735,#9736,#9737);
#9739=CYLINDRICAL_SURFACE('',#9738,1.023622047244E-2);
#9740=ORIENTED_EDGE('',*,*,#6434,.T.);
#9742=ORIENTED_EDGE('',*,*,#9741,.T.);
#9743=ORIENTED_EDGE('',*,*,#7298,.F.);
#9744=ORIENTED_EDGE('',*,*,#9729,.F.);
#9745=EDGE_LOOP('',(#9740,#9742,#9743,#9744));
#9746=FACE_OUTER_BOUND('',#9745,.F.);
#9748=CARTESIAN_POINT('',(-1.685992091643E-1,2.519685039370E-1,
8.113439382391E-1));
#9749=DIRECTION('',(0.E0,1.E0,0.E0));
#9750=DIRECTION('',(-9.906859460363E-1,0.E0,-1.361666490962E-1));
#9751=AXIS2_PLACEMENT_3D('',#9748,#9749,#9750);
#9752=CYLINDRICAL_SURFACE('',#9751,3.425196850394E-2);
#9753=ORIENTED_EDGE('',*,*,#7300,.T.);
#9754=ORIENTED_EDGE('',*,*,#9741,.F.);
#9755=ORIENTED_EDGE('',*,*,#6432,.F.);
#9757=ORIENTED_EDGE('',*,*,#9756,.T.);
#9758=EDGE_LOOP('',(#9753,#9754,#9755,#9757));
#9759=FACE_OUTER_BOUND('',#9758,.F.);
#9761=CARTESIAN_POINT('',(-1.251208798077E-1,2.519685039370E-1,
8.207691085168E-1));
#9762=DIRECTION('',(0.E0,1.E0,0.E0));
#9763=DIRECTION('',(-9.906859460363E-1,0.E0,-1.361666490962E-1));
#9764=AXIS2_PLACEMENT_3D('',#9761,#9762,#9763);
#9765=CYLINDRICAL_SURFACE('',#9764,1.023622047244E-2);
#9766=ORIENTED_EDGE('',*,*,#6430,.T.);
#9768=ORIENTED_EDGE('',*,*,#9767,.T.);
#9769=ORIENTED_EDGE('',*,*,#7294,.F.);
#9770=ORIENTED_EDGE('',*,*,#9756,.F.);
#9771=EDGE_LOOP('',(#9766,#9768,#9769,#9770));
#9772=FACE_OUTER_BOUND('',#9771,.F.);
#9774=CARTESIAN_POINT('',(0.E0,2.519685039370E-1,0.E0));
#9775=DIRECTION('',(0.E0,1.E0,0.E0));
#9776=DIRECTION('',(-9.906859460363E-1,0.E0,-1.361666490962E-1));
#9777=AXIS2_PLACEMENT_3D('',#9774,#9775,#9776);
#9778=CYLINDRICAL_SURFACE('',#9777,8.404874860898E-1);
#9779=ORIENTED_EDGE('',*,*,#9767,.F.);
#9780=ORIENTED_EDGE('',*,*,#6835,.F.);
#9782=ORIENTED_EDGE('',*,*,#9781,.T.);
#9783=ORIENTED_EDGE('',*,*,#7693,.F.);
#9784=EDGE_LOOP('',(#9779,#9780,#9782,#9783));
#9785=FACE_OUTER_BOUND('',#9784,.F.);
#9787=CARTESIAN_POINT('',(-1.009597971682E-1,2.519685039370E-1,
8.240899728883E-1));
#9788=DIRECTION('',(0.E0,1.E0,0.E0));
#9789=DIRECTION('',(-1.E0,0.E0,0.E0));
#9790=AXIS2_PLACEMENT_3D('',#9787,#9788,#9789);
#9791=CYLINDRICAL_SURFACE('',#9790,1.023622047244E-2);
#9792=ORIENTED_EDGE('',*,*,#6450,.T.);
#9794=ORIENTED_EDGE('',*,*,#9793,.T.);
#9795=ORIENTED_EDGE('',*,*,#7314,.F.);
#9796=ORIENTED_EDGE('',*,*,#9781,.F.);
#9797=EDGE_LOOP('',(#9792,#9794,#9795,#9796));
#9798=FACE_OUTER_BOUND('',#9797,.F.);
#9800=CARTESIAN_POINT('',(-5.655088169730E-2,2.519685039370E-1,
8.267446263674E-1));
#9801=DIRECTION('',(0.E0,1.E0,0.E0));
#9802=DIRECTION('',(-1.E0,0.E0,0.E0));
#9803=AXIS2_PLACEMENT_3D('',#9800,#9801,#9802);
#9804=CYLINDRICAL_SURFACE('',#9803,3.425196850394E-2);
#9805=ORIENTED_EDGE('',*,*,#7316,.T.);
#9806=ORIENTED_EDGE('',*,*,#9793,.F.);
#9807=ORIENTED_EDGE('',*,*,#6448,.F.);
#9809=ORIENTED_EDGE('',*,*,#9808,.T.);
#9810=EDGE_LOOP('',(#9805,#9806,#9807,#9809));
#9811=FACE_OUTER_BOUND('',#9810,.F.);
#9813=CARTESIAN_POINT('',(-1.219411799278E-2,2.519685039370E-1,
8.301617116837E-1));
#9814=DIRECTION('',(0.E0,1.E0,0.E0));
#9815=DIRECTION('',(-1.E0,0.E0,0.E0));
#9816=AXIS2_PLACEMENT_3D('',#9813,#9814,#9815);
#9817=CYLINDRICAL_SURFACE('',#9816,1.023622047244E-2);
#9818=ORIENTED_EDGE('',*,*,#6446,.T.);
#9820=ORIENTED_EDGE('',*,*,#9819,.T.);
#9821=ORIENTED_EDGE('',*,*,#7310,.F.);
#9822=ORIENTED_EDGE('',*,*,#9808,.F.);
#9823=EDGE_LOOP('',(#9818,#9820,#9821,#9822));
#9824=FACE_OUTER_BOUND('',#9823,.F.);
#9826=CARTESIAN_POINT('',(0.E0,2.519685039370E-1,0.E0));
#9827=DIRECTION('',(0.E0,1.E0,0.E0));
#9828=DIRECTION('',(-1.E0,0.E0,0.E0));
#9829=AXIS2_PLACEMENT_3D('',#9826,#9827,#9828);
#9830=CYLINDRICAL_SURFACE('',#9829,8.404874860898E-1);
#9831=ORIENTED_EDGE('',*,*,#9819,.F.);
#9832=ORIENTED_EDGE('',*,*,#6832,.F.);
#9834=ORIENTED_EDGE('',*,*,#9833,.T.);
#9835=ORIENTED_EDGE('',*,*,#7696,.F.);
#9836=EDGE_LOOP('',(#9831,#9832,#9834,#9835));
#9837=FACE_OUTER_BOUND('',#9836,.F.);
#9839=CARTESIAN_POINT('',(1.219411799278E-2,2.519685039370E-1,
8.301617116837E-1));
#9840=DIRECTION('',(0.E0,1.E0,0.E0));
#9841=DIRECTION('',(-9.906859460363E-1,0.E0,1.361666490962E-1));
#9842=AXIS2_PLACEMENT_3D('',#9839,#9840,#9841);
#9843=CYLINDRICAL_SURFACE('',#9842,1.023622047244E-2);
#9844=ORIENTED_EDGE('',*,*,#6466,.T.);
#9846=ORIENTED_EDGE('',*,*,#9845,.T.);
#9847=ORIENTED_EDGE('',*,*,#7330,.F.);
#9848=ORIENTED_EDGE('',*,*,#9833,.F.);
#9849=EDGE_LOOP('',(#9844,#9846,#9847,#9848));
#9850=FACE_OUTER_BOUND('',#9849,.F.);
#9852=CARTESIAN_POINT('',(5.655088169730E-2,2.519685039370E-1,
8.267446263674E-1));
#9853=DIRECTION('',(0.E0,1.E0,0.E0));
#9854=DIRECTION('',(-9.906859460363E-1,0.E0,1.361666490962E-1));
#9855=AXIS2_PLACEMENT_3D('',#9852,#9853,#9854);
#9856=CYLINDRICAL_SURFACE('',#9855,3.425196850394E-2);
#9857=ORIENTED_EDGE('',*,*,#7332,.T.);
#9858=ORIENTED_EDGE('',*,*,#9845,.F.);
#9859=ORIENTED_EDGE('',*,*,#6464,.F.);
#9861=ORIENTED_EDGE('',*,*,#9860,.T.);
#9862=EDGE_LOOP('',(#9857,#9858,#9859,#9861));
#9863=FACE_OUTER_BOUND('',#9862,.F.);
#9865=CARTESIAN_POINT('',(1.009597971682E-1,2.519685039370E-1,
8.240899728883E-1));
#9866=DIRECTION('',(0.E0,1.E0,0.E0));
#9867=DIRECTION('',(-9.906859460363E-1,0.E0,1.361666490962E-1));
#9868=AXIS2_PLACEMENT_3D('',#9865,#9866,#9867);
#9869=CYLINDRICAL_SURFACE('',#9868,1.023622047244E-2);
#9870=ORIENTED_EDGE('',*,*,#6462,.T.);
#9872=ORIENTED_EDGE('',*,*,#9871,.T.);
#9873=ORIENTED_EDGE('',*,*,#7326,.F.);
#9874=ORIENTED_EDGE('',*,*,#9860,.F.);
#9875=EDGE_LOOP('',(#9870,#9872,#9873,#9874));
#9876=FACE_OUTER_BOUND('',#9875,.F.);
#9878=CARTESIAN_POINT('',(0.E0,2.519685039370E-1,0.E0));
#9879=DIRECTION('',(0.E0,1.E0,0.E0));
#9880=DIRECTION('',(-9.906859460363E-1,0.E0,1.361666490962E-1));
#9881=AXIS2_PLACEMENT_3D('',#9878,#9879,#9880);
#9882=CYLINDRICAL_SURFACE('',#9881,8.404874860898E-1);
#9883=ORIENTED_EDGE('',*,*,#9871,.F.);
#9884=ORIENTED_EDGE('',*,*,#6829,.F.);
#9886=ORIENTED_EDGE('',*,*,#9885,.T.);
#9887=ORIENTED_EDGE('',*,*,#7699,.F.);
#9888=EDGE_LOOP('',(#9883,#9884,#9886,#9887));
#9889=FACE_OUTER_BOUND('',#9888,.F.);
#9891=CARTESIAN_POINT('',(1.251208798077E-1,2.519685039370E-1,
8.207691085168E-1));
#9892=DIRECTION('',(0.E0,1.E0,0.E0));
#9893=DIRECTION('',(-9.629172873478E-1,0.E0,2.697967711570E-1));
#9894=AXIS2_PLACEMENT_3D('',#9891,#9892,#9893);
#9895=CYLINDRICAL_SURFACE('',#9894,1.023622047244E-2);
#9896=ORIENTED_EDGE('',*,*,#6482,.T.);
#9898=ORIENTED_EDGE('',*,*,#9897,.T.);
#9899=ORIENTED_EDGE('',*,*,#7346,.F.);
#9900=ORIENTED_EDGE('',*,*,#9885,.F.);
#9901=EDGE_LOOP('',(#9896,#9898,#9899,#9900));
#9902=FACE_OUTER_BOUND('',#9901,.F.);
#9904=CARTESIAN_POINT('',(1.685992091643E-1,2.519685039370E-1,
8.113439382391E-1));
#9905=DIRECTION('',(0.E0,1.E0,0.E0));
#9906=DIRECTION('',(-9.629172873478E-1,0.E0,2.697967711570E-1));
#9907=AXIS2_PLACEMENT_3D('',#9904,#9905,#9906);
#9908=CYLINDRICAL_SURFACE('',#9907,3.425196850394E-2);
#9909=ORIENTED_EDGE('',*,*,#7348,.T.);
#9910=ORIENTED_EDGE('',*,*,#9897,.F.);
#9911=ORIENTED_EDGE('',*,*,#6480,.F.);
#9913=ORIENTED_EDGE('',*,*,#9912,.T.);
#9914=EDGE_LOOP('',(#9909,#9910,#9911,#9913));
#9915=FACE_OUTER_BOUND('',#9914,.F.);
#9917=CARTESIAN_POINT('',(2.122330223313E-1,2.519685039370E-1,
8.026669971361E-1));
#9918=DIRECTION('',(0.E0,1.E0,0.E0));
#9919=DIRECTION('',(-9.629172873478E-1,0.E0,2.697967711570E-1));
#9920=AXIS2_PLACEMENT_3D('',#9917,#9918,#9919);
#9921=CYLINDRICAL_SURFACE('',#9920,1.023622047244E-2);
#9922=ORIENTED_EDGE('',*,*,#6478,.T.);
#9924=ORIENTED_EDGE('',*,*,#9923,.T.);
#9925=ORIENTED_EDGE('',*,*,#7342,.F.);
#9926=ORIENTED_EDGE('',*,*,#9912,.F.);
#9927=EDGE_LOOP('',(#9922,#9924,#9925,#9926));
#9928=FACE_OUTER_BOUND('',#9927,.F.);
#9930=CARTESIAN_POINT('',(0.E0,2.519685039370E-1,0.E0));
#9931=DIRECTION('',(0.E0,1.E0,0.E0));
#9932=DIRECTION('',(-9.629172873478E-1,0.E0,2.697967711570E-1));
#9933=AXIS2_PLACEMENT_3D('',#9930,#9931,#9932);
#9934=CYLINDRICAL_SURFACE('',#9933,8.404874860898E-1);
#9935=ORIENTED_EDGE('',*,*,#9923,.F.);
#9936=ORIENTED_EDGE('',*,*,#6826,.F.);
#9938=ORIENTED_EDGE('',*,*,#9937,.T.);
#9939=ORIENTED_EDGE('',*,*,#7702,.F.);
#9940=EDGE_LOOP('',(#9935,#9936,#9938,#9939));
#9941=FACE_OUTER_BOUND('',#9940,.F.);
#9943=CARTESIAN_POINT('',(2.357168763697E-1,2.519685039370E-1,
7.960871298129E-1));
#9944=DIRECTION('',(0.E0,1.E0,0.E0));
#9945=DIRECTION('',(-9.172113015055E-1,0.E0,3.984010898462E-1));
#9946=AXIS2_PLACEMENT_3D('',#9943,#9944,#9945);
#9947=CYLINDRICAL_SURFACE('',#9946,1.023622047244E-2);
#9948=ORIENTED_EDGE('',*,*,#6498,.T.);
#9950=ORIENTED_EDGE('',*,*,#9949,.T.);
#9951=ORIENTED_EDGE('',*,*,#7362,.F.);
#9952=ORIENTED_EDGE('',*,*,#9937,.F.);
#9953=EDGE_LOOP('',(#9948,#9950,#9951,#9952));
#9954=FACE_OUTER_BOUND('',#9953,.F.);
#9956=CARTESIAN_POINT('',(2.775068523664E-1,2.519685039370E-1,
7.808294476631E-1));
#9957=DIRECTION('',(0.E0,1.E0,0.E0));
#9958=DIRECTION('',(-9.172113015055E-1,0.E0,3.984010898462E-1));
#9959=AXIS2_PLACEMENT_3D('',#9956,#9957,#9958);
#9960=CYLINDRICAL_SURFACE('',#9959,3.425196850394E-2);
#9961=ORIENTED_EDGE('',*,*,#7364,.T.);
#9962=ORIENTED_EDGE('',*,*,#9949,.F.);
#9963=ORIENTED_EDGE('',*,*,#6496,.F.);
#9965=ORIENTED_EDGE('',*,*,#9964,.T.);
#9966=EDGE_LOOP('',(#9961,#9962,#9963,#9965));
#9967=FACE_OUTER_BOUND('',#9966,.F.);
#9969=CARTESIAN_POINT('',(3.195527478486E-1,2.519685039370E-1,
7.662918539315E-1));
#9970=DIRECTION('',(0.E0,1.E0,0.E0));
#9971=DIRECTION('',(-9.172113015055E-1,0.E0,3.984010898462E-1));
#9972=AXIS2_PLACEMENT_3D('',#9969,#9970,#9971);
#9973=CYLINDRICAL_SURFACE('',#9972,1.023622047244E-2);
#9974=ORIENTED_EDGE('',*,*,#6494,.T.);
#9976=ORIENTED_EDGE('',*,*,#9975,.T.);
#9977=ORIENTED_EDGE('',*,*,#7358,.F.);
#9978=ORIENTED_EDGE('',*,*,#9964,.F.);
#9979=EDGE_LOOP('',(#9974,#9976,#9977,#9978));
#9980=FACE_OUTER_BOUND('',#9979,.F.);
#9982=CARTESIAN_POINT('',(0.E0,2.519685039370E-1,0.E0));
#9983=DIRECTION('',(0.E0,1.E0,0.E0));
#9984=DIRECTION('',(-9.172113015055E-1,0.E0,3.984010898462E-1));
#9985=AXIS2_PLACEMENT_3D('',#9982,#9983,#9984);
#9986=CYLINDRICAL_SURFACE('',#9985,8.404874860898E-1);
#9987=ORIENTED_EDGE('',*,*,#9975,.F.);
#9988=ORIENTED_EDGE('',*,*,#6823,.F.);
#9990=ORIENTED_EDGE('',*,*,#9989,.T.);
#9991=ORIENTED_EDGE('',*,*,#7705,.F.);
#9992=EDGE_LOOP('',(#9987,#9988,#9990,#9991));
#9993=FACE_OUTER_BOUND('',#9992,.F.);
#9995=CARTESIAN_POINT('',(3.419219135183E-1,2.519685039370E-1,
7.565755541354E-1));
#9996=DIRECTION('',(0.E0,1.E0,0.E0));
#9997=DIRECTION('',(-8.544194045465E-1,0.E0,5.195839500354E-1));
#9998=AXIS2_PLACEMENT_3D('',#9995,#9996,#9997);
#9999=CYLINDRICAL_SURFACE('',#9998,1.023622047244E-2);
#10000=ORIENTED_EDGE('',*,*,#6514,.T.);
#10002=ORIENTED_EDGE('',*,*,#10001,.T.);
#10003=ORIENTED_EDGE('',*,*,#7378,.F.);
#10004=ORIENTED_EDGE('',*,*,#9989,.F.);
#10005=EDGE_LOOP('',(#10000,#10002,#10003,#10004));
#10006=FACE_OUTER_BOUND('',#10005,.F.);
#10008=CARTESIAN_POINT('',(3.812450679722E-1,2.519685039370E-1,
7.357695818631E-1));
#10009=DIRECTION('',(0.E0,1.E0,0.E0));
#10010=DIRECTION('',(-8.544194045465E-1,0.E0,5.195839500354E-1));
#10011=AXIS2_PLACEMENT_3D('',#10008,#10009,#10010);
#10012=CYLINDRICAL_SURFACE('',#10011,3.425196850394E-2);
#10013=ORIENTED_EDGE('',*,*,#7380,.T.);
#10014=ORIENTED_EDGE('',*,*,#10001,.F.);
#10015=ORIENTED_EDGE('',*,*,#6512,.F.);
#10017=ORIENTED_EDGE('',*,*,#10016,.T.);
#10018=EDGE_LOOP('',(#10013,#10014,#10015,#10017));
#10019=FACE_OUTER_BOUND('',#10018,.F.);
#10021=CARTESIAN_POINT('',(4.209198102904E-1,2.519685039370E-1,
7.156421433680E-1));
#10022=DIRECTION('',(0.E0,1.E0,0.E0));
#10023=DIRECTION('',(-8.544194045465E-1,0.E0,5.195839500354E-1));
#10024=AXIS2_PLACEMENT_3D('',#10021,#10022,#10023);
#10025=CYLINDRICAL_SURFACE('',#10024,1.023622047244E-2);
#10026=ORIENTED_EDGE('',*,*,#6510,.T.);
#10028=ORIENTED_EDGE('',*,*,#10027,.T.);
#10029=ORIENTED_EDGE('',*,*,#7374,.F.);
#10030=ORIENTED_EDGE('',*,*,#10016,.F.);
#10031=EDGE_LOOP('',(#10026,#10028,#10029,#10030));
#10032=FACE_OUTER_BOUND('',#10031,.F.);
#10034=CARTESIAN_POINT('',(0.E0,2.519685039370E-1,0.E0));
#10035=DIRECTION('',(0.E0,1.E0,0.E0));
#10036=DIRECTION('',(-8.544194045465E-1,0.E0,5.195839500354E-1));
#10037=AXIS2_PLACEMENT_3D('',#10034,#10035,#10036);
#10038=CYLINDRICAL_SURFACE('',#10037,8.404874860898E-1);
#10039=ORIENTED_EDGE('',*,*,#10027,.F.);
#10040=ORIENTED_EDGE('',*,*,#6820,.F.);
#10042=ORIENTED_EDGE('',*,*,#10041,.T.);
#10043=ORIENTED_EDGE('',*,*,#7708,.F.);
#10044=EDGE_LOOP('',(#10039,#10040,#10042,#10043));
#10045=FACE_OUTER_BOUND('',#10044,.F.);
#10047=CARTESIAN_POINT('',(4.417575923592E-1,2.519685039370E-1,
7.029704073802E-1));
#10048=DIRECTION('',(0.E0,1.E0,0.E0));
#10049=DIRECTION('',(-7.757112907044E-1,0.E0,6.310879443261E-1));
#10050=AXIS2_PLACEMENT_3D('',#10047,#10048,#10049);
#10051=CYLINDRICAL_SURFACE('',#10050,1.023622047244E-2);
#10052=ORIENTED_EDGE('',*,*,#6530,.T.);
#10054=ORIENTED_EDGE('',*,*,#10053,.T.);
#10055=ORIENTED_EDGE('',*,*,#7394,.F.);
#10056=ORIENTED_EDGE('',*,*,#10041,.F.);
#10057=EDGE_LOOP('',(#10052,#10054,#10055,#10056));
#10058=FACE_OUTER_BOUND('',#10057,.F.);
#10060=CARTESIAN_POINT('',(4.778814093049E-1,2.519685039370E-1,
6.770037208826E-1));
#10061=DIRECTION('',(0.E0,1.E0,0.E0));
#10062=DIRECTION('',(-7.757112907044E-1,0.E0,6.310879443261E-1));
#10063=AXIS2_PLACEMENT_3D('',#10060,#10061,#10062);
#10064=CYLINDRICAL_SURFACE('',#10063,3.425196850394E-2);
#10065=ORIENTED_EDGE('',*,*,#7396,.T.);
#10066=ORIENTED_EDGE('',*,*,#10053,.F.);
#10067=ORIENTED_EDGE('',*,*,#6528,.F.);
#10069=ORIENTED_EDGE('',*,*,#10068,.T.);
#10070=EDGE_LOOP('',(#10065,#10066,#10067,#10069));
#10071=FACE_OUTER_BOUND('',#10070,.F.);
#10073=CARTESIAN_POINT('',(5.144459330775E-1,2.519685039370E-1,
6.516613737205E-1));
#10074=DIRECTION('',(0.E0,1.E0,0.E0));
#10075=DIRECTION('',(-7.757112907044E-1,0.E0,6.310879443261E-1));
#10076=AXIS2_PLACEMENT_3D('',#10073,#10074,#10075);
#10077=CYLINDRICAL_SURFACE('',#10076,1.023622047244E-2);
#10078=ORIENTED_EDGE('',*,*,#6526,.T.);
#10080=ORIENTED_EDGE('',*,*,#10079,.T.);
#10081=ORIENTED_EDGE('',*,*,#7390,.F.);
#10082=ORIENTED_EDGE('',*,*,#10068,.F.);
#10083=EDGE_LOOP('',(#10078,#10080,#10081,#10082));
#10084=FACE_OUTER_BOUND('',#10083,.F.);
#10086=CARTESIAN_POINT('',(0.E0,2.519685039370E-1,0.E0));
#10087=DIRECTION('',(0.E0,1.E0,0.E0));
#10088=DIRECTION('',(-7.757112907044E-1,0.E0,6.310879443261E-1));
#10089=AXIS2_PLACEMENT_3D('',#10086,#10087,#10088);
#10090=CYLINDRICAL_SURFACE('',#10089,8.404874860898E-1);
#10091=ORIENTED_EDGE('',*,*,#10079,.F.);
#10092=ORIENTED_EDGE('',*,*,#6817,.F.);
#10094=ORIENTED_EDGE('',*,*,#10093,.T.);
#10095=ORIENTED_EDGE('',*,*,#7711,.F.);
#10096=EDGE_LOOP('',(#10091,#10092,#10094,#10095));
#10097=FACE_OUTER_BOUND('',#10096,.F.);
#10099=CARTESIAN_POINT('',(5.333641630919E-1,2.519685039370E-1,
6.362702520066E-1));
#10100=DIRECTION('',(0.E0,1.E0,0.E0));
#10101=DIRECTION('',(-6.825531432187E-1,0.E0,7.308359642781E-1));
#10102=AXIS2_PLACEMENT_3D('',#10099,#10100,#10101);
#10103=CYLINDRICAL_SURFACE('',#10102,1.023622047244E-2);
#10104=ORIENTED_EDGE('',*,*,#6546,.T.);
#10106=ORIENTED_EDGE('',*,*,#10105,.T.);
#10107=ORIENTED_EDGE('',*,*,#7410,.F.);
#10108=ORIENTED_EDGE('',*,*,#10093,.F.);
#10109=EDGE_LOOP('',(#10104,#10106,#10107,#10108));
#10110=FACE_OUTER_BOUND('',#10109,.F.);
#10112=CARTESIAN_POINT('',(5.656157241687E-1,2.519685039370E-1,
6.056265615222E-1));
#10113=DIRECTION('',(0.E0,1.E0,0.E0));
#10114=DIRECTION('',(-6.825531432187E-1,0.E0,7.308359642781E-1));
#10115=AXIS2_PLACEMENT_3D('',#10112,#10113,#10114);
#10116=CYLINDRICAL_SURFACE('',#10115,3.425196850394E-2);
#10117=ORIENTED_EDGE('',*,*,#7412,.T.);
#10118=ORIENTED_EDGE('',*,*,#10105,.F.);
#10119=ORIENTED_EDGE('',*,*,#6544,.F.);
#10121=ORIENTED_EDGE('',*,*,#10120,.T.);
#10122=EDGE_LOOP('',(#10117,#10118,#10119,#10121));
#10123=FACE_OUTER_BOUND('',#10122,.F.);
#10125=CARTESIAN_POINT('',(5.983889015004E-1,2.519685039370E-1,
5.755413856713E-1));
#10126=DIRECTION('',(0.E0,1.E0,0.E0));
#10127=DIRECTION('',(-6.825531432187E-1,0.E0,7.308359642781E-1));
#10128=AXIS2_PLACEMENT_3D('',#10125,#10126,#10127);
#10129=CYLINDRICAL_SURFACE('',#10128,1.023622047244E-2);
#10130=ORIENTED_EDGE('',*,*,#6542,.T.);
#10132=ORIENTED_EDGE('',*,*,#10131,.T.);
#10133=ORIENTED_EDGE('',*,*,#7406,.F.);
#10134=ORIENTED_EDGE('',*,*,#10120,.F.);
#10135=EDGE_LOOP('',(#10130,#10132,#10133,#10134));
#10136=FACE_OUTER_BOUND('',#10135,.F.);
#10138=CARTESIAN_POINT('',(0.E0,2.519685039370E-1,0.E0));
#10139=DIRECTION('',(0.E0,1.E0,0.E0));
#10140=DIRECTION('',(-6.825531432187E-1,0.E0,7.308359642781E-1));
#10141=AXIS2_PLACEMENT_3D('',#10138,#10139,#10140);
#10142=CYLINDRICAL_SURFACE('',#10141,8.404874860898E-1);
#10143=ORIENTED_EDGE('',*,*,#10131,.F.);
#10144=ORIENTED_EDGE('',*,*,#6814,.F.);
#10146=ORIENTED_EDGE('',*,*,#10145,.T.);
#10147=ORIENTED_EDGE('',*,*,#7714,.F.);
#10148=EDGE_LOOP('',(#10143,#10144,#10146,#10147));
#10149=FACE_OUTER_BOUND('',#10148,.F.);
#10151=CARTESIAN_POINT('',(6.150351686299E-1,2.519685039370E-1,
5.577175857077E-1));
#10152=DIRECTION('',(0.E0,1.E0,0.E0));
#10153=DIRECTION('',(-5.766803221149E-1,0.E0,8.169698930104E-1));
#10154=AXIS2_PLACEMENT_3D('',#10151,#10152,#10153);
#10155=CYLINDRICAL_SURFACE('',#10154,1.023622047244E-2);
#10156=ORIENTED_EDGE('',*,*,#6628,.T.);
#10158=ORIENTED_EDGE('',*,*,#10157,.T.);
#10159=ORIENTED_EDGE('',*,*,#7584,.F.);
#10160=ORIENTED_EDGE('',*,*,#10145,.F.);
#10161=EDGE_LOOP('',(#10156,#10158,#10159,#10160));
#10162=FACE_OUTER_BOUND('',#10161,.F.);
#10164=CARTESIAN_POINT('',(6.428136882773E-1,2.519685039370E-1,
5.229677252102E-1));
#10165=DIRECTION('',(0.E0,1.E0,0.E0));
#10166=DIRECTION('',(-5.766803221149E-1,0.E0,8.169698930104E-1));
#10167=AXIS2_PLACEMENT_3D('',#10164,#10165,#10166);
#10168=CYLINDRICAL_SURFACE('',#10167,3.425196850394E-2);
#10169=ORIENTED_EDGE('',*,*,#7586,.T.);
#10170=ORIENTED_EDGE('',*,*,#10157,.F.);
#10171=ORIENTED_EDGE('',*,*,#6626,.F.);
#10173=ORIENTED_EDGE('',*,*,#10172,.T.);
#10174=EDGE_LOOP('',(#10169,#10170,#10171,#10173));
#10175=FACE_OUTER_BOUND('',#10174,.F.);
#10177=CARTESIAN_POINT('',(6.711850168836E-1,2.519685039370E-1,
4.887001505731E-1));
#10178=DIRECTION('',(0.E0,1.E0,0.E0));
#10179=DIRECTION('',(-5.766803221149E-1,0.E0,8.169698930104E-1));
#10180=AXIS2_PLACEMENT_3D('',#10177,#10178,#10179);
#10181=CYLINDRICAL_SURFACE('',#10180,1.023622047244E-2);
#10182=ORIENTED_EDGE('',*,*,#6624,.T.);
#10184=ORIENTED_EDGE('',*,*,#10183,.T.);
#10185=ORIENTED_EDGE('',*,*,#7588,.F.);
#10186=ORIENTED_EDGE('',*,*,#10172,.F.);
#10187=EDGE_LOOP('',(#10182,#10184,#10185,#10186));
#10188=FACE_OUTER_BOUND('',#10187,.F.);
#10190=CARTESIAN_POINT('',(0.E0,2.519685039370E-1,0.E0));
#10191=DIRECTION('',(0.E0,1.E0,0.E0));
#10192=DIRECTION('',(-5.766803221149E-1,0.E0,8.169698930104E-1));
#10193=AXIS2_PLACEMENT_3D('',#10190,#10191,#10192);
#10194=CYLINDRICAL_SURFACE('',#10193,8.404874860898E-1);
#10195=ORIENTED_EDGE('',*,*,#6811,.F.);
#10197=ORIENTED_EDGE('',*,*,#10196,.T.);
#10198=ORIENTED_EDGE('',*,*,#7717,.F.);
#10199=ORIENTED_EDGE('',*,*,#10183,.F.);
#10200=EDGE_LOOP('',(#10195,#10197,#10198,#10199));
#10201=FACE_OUTER_BOUND('',#10200,.F.);
#10203=CARTESIAN_POINT('',(6.852492326676E-1,2.519685039370E-1,
4.687756960293E-1));
#10204=DIRECTION('',(0.E0,1.E0,0.E0));
#10205=DIRECTION('',(-4.600650377312E-1,0.E0,8.878852184024E-1));
#10206=AXIS2_PLACEMENT_3D('',#10203,#10204,#10205);
#10207=CYLINDRICAL_SURFACE('',#10206,1.023622047244E-2);
#10208=ORIENTED_EDGE('',*,*,#6612,.T.);
#10210=ORIENTED_EDGE('',*,*,#10209,.T.);
#10211=ORIENTED_EDGE('',*,*,#7600,.F.);
#10212=ORIENTED_EDGE('',*,*,#10196,.F.);
#10213=EDGE_LOOP('',(#10208,#10210,#10211,#10212));
#10214=FACE_OUTER_BOUND('',#10213,.F.);
#10216=CARTESIAN_POINT('',(7.080372496234E-1,2.519685039370E-1,
4.305669896704E-1));
#10217=DIRECTION('',(0.E0,1.E0,0.E0));
#10218=DIRECTION('',(-4.600650377312E-1,0.E0,8.878852184024E-1));
#10219=AXIS2_PLACEMENT_3D('',#10216,#10217,#10218);
#10220=CYLINDRICAL_SURFACE('',#10219,3.425196850394E-2);
#10221=ORIENTED_EDGE('',*,*,#7602,.T.);
#10222=ORIENTED_EDGE('',*,*,#10209,.F.);
#10223=ORIENTED_EDGE('',*,*,#6610,.F.);
#10225=ORIENTED_EDGE('',*,*,#10224,.T.);
#10226=EDGE_LOOP('',(#10221,#10222,#10223,#10225));
#10227=FACE_OUTER_BOUND('',#10226,.F.);
#10229=CARTESIAN_POINT('',(7.314782253331E-1,2.519685039370E-1,
3.927553563260E-1));
#10230=DIRECTION('',(0.E0,1.E0,0.E0));
#10231=DIRECTION('',(-4.600650377312E-1,0.E0,8.878852184024E-1));
#10232=AXIS2_PLACEMENT_3D('',#10229,#10230,#10231);
#10233=CYLINDRICAL_SURFACE('',#10232,1.023622047244E-2);
#10234=ORIENTED_EDGE('',*,*,#6608,.T.);
#10236=ORIENTED_EDGE('',*,*,#10235,.T.);
#10237=ORIENTED_EDGE('',*,*,#7604,.F.);
#10238=ORIENTED_EDGE('',*,*,#10224,.F.);
#10239=EDGE_LOOP('',(#10234,#10236,#10237,#10238));
#10240=FACE_OUTER_BOUND('',#10239,.F.);
#10242=CARTESIAN_POINT('',(0.E0,2.519685039370E-1,0.E0));
#10243=DIRECTION('',(0.E0,1.E0,0.E0));
#10244=DIRECTION('',(-4.600650377312E-1,0.E0,8.878852184024E-1));
#10245=AXIS2_PLACEMENT_3D('',#10242,#10243,#10244);
#10246=CYLINDRICAL_SURFACE('',#10245,8.404874860898E-1);
#10247=ORIENTED_EDGE('',*,*,#6808,.F.);
#10249=ORIENTED_EDGE('',*,*,#10248,.T.);
#10250=ORIENTED_EDGE('',*,*,#7720,.F.);
#10251=ORIENTED_EDGE('',*,*,#10235,.F.);
#10252=EDGE_LOOP('',(#10247,#10249,#10250,#10251));
#10253=FACE_OUTER_BOUND('',#10252,.F.);
#10255=CARTESIAN_POINT('',(7.426984000420E-1,2.519685039370E-1,
3.711014020915E-1));
#10256=DIRECTION('',(0.E0,1.E0,0.E0));
#10257=DIRECTION('',(-3.348796121710E-1,0.E0,9.422609221188E-1));
#10258=AXIS2_PLACEMENT_3D('',#10255,#10256,#10257);
#10259=CYLINDRICAL_SURFACE('',#10258,1.023622047244E-2);
#10260=ORIENTED_EDGE('',*,*,#6596,.T.);
#10262=ORIENTED_EDGE('',*,*,#10261,.T.);
#10263=ORIENTED_EDGE('',*,*,#7616,.F.);
#10264=ORIENTED_EDGE('',*,*,#10248,.F.);
#10265=EDGE_LOOP('',(#10260,#10262,#10263,#10264));
#10266=FACE_OUTER_BOUND('',#10265,.F.);
#10268=CARTESIAN_POINT('',(7.600714166670E-1,2.519685039370E-1,
3.301456057771E-1));
#10269=DIRECTION('',(0.E0,1.E0,0.E0));
#10270=DIRECTION('',(-3.348796121710E-1,0.E0,9.422609221188E-1));
#10271=AXIS2_PLACEMENT_3D('',#10268,#10269,#10270);
#10272=CYLINDRICAL_SURFACE('',#10271,3.425196850394E-2);
#10273=ORIENTED_EDGE('',*,*,#7618,.T.);
#10274=ORIENTED_EDGE('',*,*,#10261,.F.);
#10275=ORIENTED_EDGE('',*,*,#6594,.F.);
#10277=ORIENTED_EDGE('',*,*,#10276,.T.);
#10278=EDGE_LOOP('',(#10273,#10274,#10275,#10277));
#10279=FACE_OUTER_BOUND('',#10278,.F.);
#10281=CARTESIAN_POINT('',(7.781453784547E-1,2.519685039370E-1,
2.894942729121E-1));
#10282=DIRECTION('',(0.E0,1.E0,0.E0));
#10283=DIRECTION('',(-3.348796121710E-1,0.E0,9.422609221188E-1));
#10284=AXIS2_PLACEMENT_3D('',#10281,#10282,#10283);
#10285=CYLINDRICAL_SURFACE('',#10284,1.023622047244E-2);
#10286=ORIENTED_EDGE('',*,*,#6592,.T.);
#10288=ORIENTED_EDGE('',*,*,#10287,.T.);
#10289=ORIENTED_EDGE('',*,*,#7620,.F.);
#10290=ORIENTED_EDGE('',*,*,#10276,.F.);
#10291=EDGE_LOOP('',(#10286,#10288,#10289,#10290));
#10292=FACE_OUTER_BOUND('',#10291,.F.);
#10294=CARTESIAN_POINT('',(0.E0,2.519685039370E-1,0.E0));
#10295=DIRECTION('',(0.E0,1.E0,0.E0));
#10296=DIRECTION('',(-3.348796121710E-1,0.E0,9.422609221188E-1));
#10297=AXIS2_PLACEMENT_3D('',#10294,#10295,#10296);
#10298=CYLINDRICAL_SURFACE('',#10297,8.404874860898E-1);
#10299=ORIENTED_EDGE('',*,*,#6805,.F.);
#10301=ORIENTED_EDGE('',*,*,#10300,.T.);
#10302=ORIENTED_EDGE('',*,*,#7723,.F.);
#10303=ORIENTED_EDGE('',*,*,#10287,.F.);
#10304=EDGE_LOOP('',(#10299,#10301,#10302,#10303));
#10305=FACE_OUTER_BOUND('',#10304,.F.);
#10307=CARTESIAN_POINT('',(7.863125014630E-1,2.519685039370E-1,
2.665141911835E-1));
#10308=DIRECTION('',(0.E0,1.E0,0.E0));
#10309=DIRECTION('',(-2.034560130526E-1,0.E0,9.790840876823E-1));
#10310=AXIS2_PLACEMENT_3D('',#10307,#10308,#10309);
#10311=CYLINDRICAL_SURFACE('',#10310,1.023622047244E-2);
#10312=ORIENTED_EDGE('',*,*,#6580,.T.);
#10314=ORIENTED_EDGE('',*,*,#10313,.T.);
#10315=ORIENTED_EDGE('',*,*,#7632,.F.);
#10316=ORIENTED_EDGE('',*,*,#10300,.F.);
#10317=EDGE_LOOP('',(#10312,#10314,#10315,#10316));
#10318=FACE_OUTER_BOUND('',#10317,.F.);
#10320=CARTESIAN_POINT('',(7.979468913284E-1,2.519685039370E-1,
2.235742339076E-1));
#10321=DIRECTION('',(0.E0,1.E0,0.E0));
#10322=DIRECTION('',(-2.034560130526E-1,0.E0,9.790840876823E-1));
#10323=AXIS2_PLACEMENT_3D('',#10320,#10321,#10322);
#10324=CYLINDRICAL_SURFACE('',#10323,3.425196850394E-2);
#10325=ORIENTED_EDGE('',*,*,#7634,.T.);
#10326=ORIENTED_EDGE('',*,*,#10313,.F.);
#10327=ORIENTED_EDGE('',*,*,#6578,.F.);
#10329=ORIENTED_EDGE('',*,*,#10328,.T.);
#10330=EDGE_LOOP('',(#10325,#10326,#10327,#10329));
#10331=FACE_OUTER_BOUND('',#10330,.F.);
#10333=CARTESIAN_POINT('',(8.103171554831E-1,2.519685039370E-1,
1.808404589382E-1));
#10334=DIRECTION('',(0.E0,1.E0,0.E0));
#10335=DIRECTION('',(-2.034560130526E-1,0.E0,9.790840876823E-1));
#10336=AXIS2_PLACEMENT_3D('',#10333,#10334,#10335);
#10337=CYLINDRICAL_SURFACE('',#10336,1.023622047244E-2);
#10338=ORIENTED_EDGE('',*,*,#6576,.T.);
#10340=ORIENTED_EDGE('',*,*,#10339,.T.);
#10341=ORIENTED_EDGE('',*,*,#7636,.F.);
#10342=ORIENTED_EDGE('',*,*,#10328,.F.);
#10343=EDGE_LOOP('',(#10338,#10340,#10341,#10342));
#10344=FACE_OUTER_BOUND('',#10343,.F.);
#10346=CARTESIAN_POINT('',(0.E0,2.519685039370E-1,0.E0));
#10347=DIRECTION('',(0.E0,1.E0,0.E0));
#10348=DIRECTION('',(-2.034560130526E-1,0.E0,9.790840876823E-1));
#10349=AXIS2_PLACEMENT_3D('',#10346,#10347,#10348);
#10350=CYLINDRICAL_SURFACE('',#10349,8.404874860898E-1);
#10351=ORIENTED_EDGE('',*,*,#6802,.F.);
#10353=ORIENTED_EDGE('',*,*,#10352,.T.);
#10354=ORIENTED_EDGE('',*,*,#7726,.F.);
#10355=ORIENTED_EDGE('',*,*,#10339,.F.);
#10356=EDGE_LOOP('',(#10351,#10353,#10354,#10355));
#10357=FACE_OUTER_BOUND('',#10356,.F.);
#10359=CARTESIAN_POINT('',(8.152790887422E-1,2.519685039370E-1,
1.569623251581E-1));
#10360=DIRECTION('',(0.E0,1.E0,0.E0));
#10361=DIRECTION('',(-6.824241336467E-2,0.E0,9.976687691905E-1));
#10362=AXIS2_PLACEMENT_3D('',#10359,#10360,#10361);
#10363=CYLINDRICAL_SURFACE('',#10362,1.023622047244E-2);
#10364=ORIENTED_EDGE('',*,*,#6564,.T.);
#10366=ORIENTED_EDGE('',*,*,#10365,.T.);
#10367=ORIENTED_EDGE('',*,*,#7648,.F.);
#10368=ORIENTED_EDGE('',*,*,#10352,.F.);
#10369=EDGE_LOOP('',(#10364,#10366,#10367,#10368));
#10370=FACE_OUTER_BOUND('',#10369,.F.);
#10372=CARTESIAN_POINT('',(8.209581251779E-1,2.519685039370E-1,
1.128380970792E-1));
#10373=DIRECTION('',(0.E0,1.E0,0.E0));
#10374=DIRECTION('',(-6.824241336467E-2,0.E0,9.976687691905E-1));
#10375=AXIS2_PLACEMENT_3D('',#10372,#10373,#10374);
#10376=CYLINDRICAL_SURFACE('',#10375,3.425196850394E-2);
#10377=ORIENTED_EDGE('',*,*,#7650,.T.);
#10378=ORIENTED_EDGE('',*,*,#10365,.F.);
#10379=ORIENTED_EDGE('',*,*,#6562,.F.);
#10381=ORIENTED_EDGE('',*,*,#10380,.T.);
#10382=EDGE_LOOP('',(#10377,#10378,#10379,#10381));
#10383=FACE_OUTER_BOUND('',#10382,.F.);
#10385=CARTESIAN_POINT('',(8.273942570839E-1,2.519685039370E-1,
6.881792937746E-2));
#10386=DIRECTION('',(0.E0,1.E0,0.E0));
#10387=DIRECTION('',(-6.824241336467E-2,0.E0,9.976687691905E-1));
#10388=AXIS2_PLACEMENT_3D('',#10385,#10386,#10387);
#10389=CYLINDRICAL_SURFACE('',#10388,1.023622047244E-2);
#10390=ORIENTED_EDGE('',*,*,#6560,.T.);
#10391=ORIENTED_EDGE('',*,*,#6887,.T.);
#10392=ORIENTED_EDGE('',*,*,#7652,.F.);
#10393=ORIENTED_EDGE('',*,*,#10380,.F.);
#10394=EDGE_LOOP('',(#10390,#10391,#10392,#10393));
#10395=FACE_OUTER_BOUND('',#10394,.F.);
#10399=FILL_AREA_STYLE_COLOUR('',#3);
#10400=FILL_AREA_STYLE('',(#10399));
#10401=SURFACE_STYLE_FILL_AREA(#10400);
#10402=SURFACE_SIDE_STYLE('',(#10401));
#10403=SURFACE_STYLE_USAGE(.BOTH.,#10402);
#10404=PRESENTATION_STYLE_ASSIGNMENT((#10403));
#15=STYLED_ITEM('',(#10404),#10398);
#10406=LENGTH_MEASURE_WITH_UNIT(LENGTH_MEASURE(2.54E1),#10405);
#10407=(CONVERSION_BASED_UNIT('INCH',#10406)LENGTH_UNIT()NAMED_UNIT(*));
#10409=PLANE_ANGLE_MEASURE_WITH_UNIT(PLANE_ANGLE_MEASURE(1.745329251994E-2),
#10408);
#10410=(CONVERSION_BASED_UNIT('DEGREE',#10409)NAMED_UNIT(*)PLANE_ANGLE_UNIT());
#10412=UNCERTAINTY_MEASURE_WITH_UNIT(LENGTH_MEASURE(2.479678666795E-4),#10407,
'closure',
'Maximum model space distance between geometric entities at asserted connectivities');
#10414=CARTESIAN_POINT('',(0.E0,0.E0,0.E0));
#10415=DIRECTION('',(0.E0,0.E0,1.E0));
#10416=DIRECTION('',(1.E0,0.E0,0.E0));
#10419=MECHANICAL_DESIGN_GEOMETRIC_PRESENTATION_REPRESENTATION('',(#24,#31,#39,
#47,#54,#62,#70,#78,#86,#94,#102,#110,#118,#126,#134,#142,#150,#158,#166,#174,
#182,#190,#198,#206,#214,#222,#230,#238,#246,#254,#262,#270,#278,#286,#294,#302,
#310,#318,#326,#334,#342,#350,#358,#366,#374,#382,#390,#398,#406,#414,#422,#430,
#438,#446,#453,#461,#468,#476,#484,#491,#499,#507,#515,#522,#530,#538,#546,#554,
#562,#570,#578,#586,#594,#602,#610,#618,#626,#634,#642,#650,#658,#666,#674,#682,
#690,#698,#706,#714,#722,#730,#738,#746,#754,#762,#770,#778,#786,#794,#802,#810,
#818,#826,#834,#842,#850,#858,#866,#874,#882,#890,#898,#906,#913,#921,#928,#936,
#944,#951,#959,#967,#975,#982,#990,#997,#1005,#1013,#1020,#1028,#1036,#1043,
#1051,#1059,#1067,#1074,#1082,#1089,#1097,#1105,#1112,#1120,#1128,#1135,#1143,
#1151,#1159,#1166,#1174,#1181,#1189,#1197,#1204,#1212,#1220,#1227,#1235,#1243,
#1251,#1258,#1266,#1273,#1281,#1289,#1296,#1304,#1312,#1319,#1327,#1335,#1343,
#1350,#1358,#1365,#1373,#1381,#1388,#1396,#1404,#1411,#1419,#1427,#1435,#1442,
#1450,#1457,#1465,#1473,#1480,#1488,#1496,#1503,#1511,#1519,#1527,#1534,#1542,
#1549,#1557,#1565,#1572,#1580,#1588,#1595,#1603,#1611,#1619,#1626,#1634,#1641,
#1649,#1657,#1664,#1672,#1680,#1687,#1695,#1703,#1711,#1718,#1726,#1733,#1741,
#1749,#1756,#1764,#1772,#1779,#1787,#1795,#1803,#1810,#1818,#1825,#1833,#1841,
#1848,#1856,#1864,#1871,#1879,#1887,#1895,#1902,#1910,#1917,#1925,#1933,#1940,
#1948,#1956,#1963,#1971,#1979,#1987,#1994,#2002,#2009,#2017,#2024,#2032,#2039,
#2047,#2054,#2062,#2070,#2078,#2086,#2094,#2102,#2110,#2117,#2125,#2133,#2141,
#2149,#2157,#2165,#2173,#2180,#2187,#2195,#2202,#2210,#2218,#2225,#2233,#2241,
#2249,#2256,#2264,#2271,#2279,#2287,#2294,#2302,#2310,#2317,#2325,#2333,#2341,
#2348,#2356,#2363,#2371,#2379,#2386,#2394,#2402,#2409,#2417,#2425,#2433,#2440,
#2448,#2455,#2463,#2471,#2478,#2486,#2494,#2501,#2509,#2517,#2525,#2532,#2540,
#2547,#2555,#2563,#2570,#2578,#2586,#2593,#2601,#2609,#2617,#2624,#2632,#2639,
#2647,#2655,#2662,#2670,#2678,#2685,#2693,#2701,#2709,#2716,#2724,#2731,#2739,
#2747,#2754,#2762,#2770,#2777,#2785,#2793,#2801,#2808,#2816,#2823,#2831,#2839,
#2846,#2854,#2862,#2869,#2877,#2885,#2893,#2900,#2908,#2915,#2923,#2931,#2938,
#2946,#2954,#2961,#2969,#2977,#2985,#2992,#3000,#3007,#3015,#3023,#3030,#3038,
#3046,#3053,#3061,#3069,#3077,#3084,#3092,#3099,#3107,#3114,#3122,#3130,#3138,
#3145,#3153,#3161,#3169,#3176,#3184,#3191,#3199,#3207,#3214,#3222,#3230,#3237,
#3245,#3253,#3260,#3268,#3276,#3284,#3291,#3299,#3306,#3314,#3322,#3329,#3337,
#3345,#3352,#3360,#3368,#3376,#3383,#3391,#3398,#3406,#3414,#3421,#3429,#3437,
#3444,#3452,#3460,#3468,#3475,#3483,#3490,#3498,#3506,#3513,#3521,#3529,#3536,
#3544,#3552,#3560,#3567,#3575,#3582,#3590,#3598,#3605,#3613,#3621,#3628,#3636,
#3644,#3652,#3659,#3667,#3674,#3682,#3690,#3697,#3705,#3713,#3720,#3728,#3736,
#3744,#3751,#3759,#3766,#3774,#3782,#3789,#3797,#3805,#3812,#3820,#3828,#3836,
#3843,#3851,#3858,#3866,#3874,#3881,#3889,#3897,#3904,#3912,#3920,#3928,#3935,
#3943,#3950,#3958,#3966,#3973,#3981,#3989,#3996,#4004,#4012,#4020,#4027,#4035,
#4042,#4050,#4058,#4065,#4073,#4081,#4088,#4096,#4104,#4112,#4119,#4127,#4134,
#4142,#4150,#4157,#4165,#4173,#4180,#4188,#4196,#4204,#4211,#4219,#4226,#4234,
#4242,#4249,#4257,#4265,#4272,#4280,#4288,#4296,#4303,#4311,#4318,#4326,#4334,
#4341,#4349,#4357,#4364,#4372,#4380,#4388,#4395,#4403,#4410,#4418,#4426,#4433,
#4441,#4449,#4456,#4464,#4472,#4480,#4487,#4495,#4502,#4510,#4518,#4525,#4533,
#4541,#4548,#4556,#4564,#4572,#4579,#4587,#4594,#4602,#4610,#4617,#4625,#4633,
#4640,#4648,#4656,#4664,#4671,#4679,#4686,#4694,#4702,#4709,#4717,#4725,#4732,
#4740,#4748,#4756,#4763,#4771,#4778,#4786,#4794,#4801,#4809,#4817,#4824,#4832,
#4840,#4848,#4855,#4863,#4870,#4878,#4886,#4893,#4901,#4909,#4916,#4924,#4932,
#4940,#4947,#4955,#4962,#4970,#4978,#4985,#4993,#5001,#5008,#5016,#5024,#5032,
#5039,#5047,#5054,#5062,#5070,#5077,#5085,#5093,#5100,#5108,#5116,#5124,#5131,
#5139,#5146,#5154,#5162,#5169,#5177,#5185,#5192,#5200,#5208,#5216,#5223,#5231,
#5238,#5246,#15),#10413);
#10420=APPLICATION_CONTEXT('automotive design');
#10421=APPLICATION_PROTOCOL_DEFINITION('international standard',
'config_control_design',1994,#10420);
#10422=PRODUCT_DEFINITION_CONTEXT('',#10420,'design');
#10423=PRODUCT_CONTEXT('',#10420,'mechanical');
#10424=PRODUCT('46T_PULLEY__','46T_PULLEY__','NOT SPECIFIED',(#10423));
#10425=PRODUCT_DEFINITION_FORMATION_WITH_SPECIFIED_SOURCE('1','LAST_VERSION',
#10424,.MADE.);
#10433=LENGTH_MEASURE_WITH_UNIT(LENGTH_MEASURE(2.54E1),#10432);
#10434=(CONVERSION_BASED_UNIT('INCH',#10433)LENGTH_UNIT()NAMED_UNIT(*));
#10435=DERIVED_UNIT_ELEMENT(#10434,2.E0);
#10436=AREA_UNIT((#10435));
#10437=MEASURE_REPRESENTATION_ITEM('surface area measure',AREA_MEASURE(
5.203294553475E3),#10436);
#10442=LENGTH_MEASURE_WITH_UNIT(LENGTH_MEASURE(2.54E1),#10441);
#10443=(CONVERSION_BASED_UNIT('INCH',#10442)LENGTH_UNIT()NAMED_UNIT(*));
#10444=DERIVED_UNIT_ELEMENT(#10443,3.E0);
#10445=VOLUME_UNIT((#10444));
#10446=MEASURE_REPRESENTATION_ITEM('volume measure',VOLUME_MEASURE(
1.413788032221E4),#10445);
#10450=CARTESIAN_POINT('centre point',(5.411542494346E-11,3.2E0,
1.833370822563E-14));
#10455=LENGTH_MEASURE_WITH_UNIT(LENGTH_MEASURE(2.54E1),#10454);
#10456=(CONVERSION_BASED_UNIT('INCH',#10455)LENGTH_UNIT()NAMED_UNIT(*));
#10457=DERIVED_UNIT_ELEMENT(#10456,2.E0);
#10458=AREA_UNIT((#10457));
#10459=MEASURE_REPRESENTATION_ITEM('surface area measure',AREA_MEASURE(
5.203294553475E3),#10458);
#10464=LENGTH_MEASURE_WITH_UNIT(LENGTH_MEASURE(2.54E1),#10463);
#10465=(CONVERSION_BASED_UNIT('INCH',#10464)LENGTH_UNIT()NAMED_UNIT(*));
#10466=DERIVED_UNIT_ELEMENT(#10465,3.E0);
#10467=VOLUME_UNIT((#10466));
#10468=MEASURE_REPRESENTATION_ITEM('volume measure',VOLUME_MEASURE(
1.413788032221E4),#10467);
#10472=CARTESIAN_POINT('centre point',(5.411542494346E-11,3.2E0,
1.833370822563E-14));
#1=DRAUGHTING_PRE_DEFINED_COLOUR('green');
#2=COLOUR_RGB('',1.1E-2,1.2E-2,1.E0);
#3=COLOUR_RGB('',2.352941176471E-1,2.352941176471E-1,2.352941176471E-1);
#4=COLOUR_RGB('',4.1E-1,2.61589E-1,1.12848E-1);
#5=COLOUR_RGB('',5.04854E-1,1.5455E-2,1.5455E-2);
#6=COLOUR_RGB('',6.35294E-1,6.86275E-1,7.4902E-1);
#7=COLOUR_RGB('',6.40777E-1,6.40777E-1,6.40777E-1);
#8=COLOUR_RGB('',6.69062E-1,6.69903E-1,6.55217E-1);
#9=COLOUR_RGB('',9.21569E-1,7.05882E-1,4.70588E-1);
#10=DRAUGHTING_PRE_DEFINED_COLOUR('red');
#11=DRAUGHTING_PRE_DEFINED_COLOUR('yellow');
#12=COLOUR_RGB('',1.E0,1.E0,5.3E-1);
#13=COLOUR_RGB('',1.E0,1.E0,9.49E-1);
#14=DRAUGHTING_PRE_DEFINED_COLOUR('white');
#20=CIRCLE('',#19,8.404874860898E-1);
#36=CIRCLE('',#35,8.404874860898E-1);
#44=CIRCLE('',#43,1.023622047244E-2);
#59=CIRCLE('',#58,1.023622047244E-2);
#67=CIRCLE('',#66,8.404874860898E-1);
#75=CIRCLE('',#74,8.404874860898E-1);
#83=CIRCLE('',#82,8.404874860898E-1);
#91=CIRCLE('',#90,8.404874860898E-1);
#99=CIRCLE('',#98,8.404874860898E-1);
#107=CIRCLE('',#106,8.404874860898E-1);
#115=CIRCLE('',#114,8.404874860898E-1);
#123=CIRCLE('',#122,8.404874860898E-1);
#131=CIRCLE('',#130,8.404874860898E-1);
#139=CIRCLE('',#138,8.404874860898E-1);
#147=CIRCLE('',#146,8.404874860898E-1);
#155=CIRCLE('',#154,8.404874860898E-1);
#163=CIRCLE('',#162,8.404874860898E-1);
#171=CIRCLE('',#170,8.404874860898E-1);
#179=CIRCLE('',#178,8.404874860898E-1);
#187=CIRCLE('',#186,8.404874860898E-1);
#195=CIRCLE('',#194,8.404874860898E-1);
#203=CIRCLE('',#202,8.404874860898E-1);
#211=CIRCLE('',#210,8.404874860898E-1);
#219=CIRCLE('',#218,8.404874860898E-1);
#227=CIRCLE('',#226,8.404874860898E-1);
#235=CIRCLE('',#234,8.404874860898E-1);
#243=CIRCLE('',#242,8.404874860898E-1);
#251=CIRCLE('',#250,8.404874860898E-1);
#259=CIRCLE('',#258,8.404874860898E-1);
#267=CIRCLE('',#266,8.404874860898E-1);
#275=CIRCLE('',#274,8.404874860898E-1);
#283=CIRCLE('',#282,8.404874860898E-1);
#291=CIRCLE('',#290,8.404874860898E-1);
#299=CIRCLE('',#298,8.404874860898E-1);
#307=CIRCLE('',#306,8.404874860898E-1);
#315=CIRCLE('',#314,8.404874860898E-1);
#323=CIRCLE('',#322,8.404874860898E-1);
#331=CIRCLE('',#330,8.404874860898E-1);
#339=CIRCLE('',#338,8.404874860898E-1);
#347=CIRCLE('',#346,8.404874860898E-1);
#355=CIRCLE('',#354,8.404874860898E-1);
#363=CIRCLE('',#362,8.404874860898E-1);
#371=CIRCLE('',#370,8.404874860898E-1);
#379=CIRCLE('',#378,8.404874860898E-1);
#387=CIRCLE('',#386,8.404874860898E-1);
#395=CIRCLE('',#394,8.404874860898E-1);
#403=CIRCLE('',#402,8.404874860898E-1);
#411=CIRCLE('',#410,8.404874860898E-1);
#419=CIRCLE('',#418,8.404874860898E-1);
#427=CIRCLE('',#426,8.404874860898E-1);
#435=CIRCLE('',#434,8.404874860898E-1);
#443=CIRCLE('',#442,8.404874860898E-1);
#458=CIRCLE('',#457,8.404874860898E-1);
#473=CIRCLE('',#472,8.404874860898E-1);
#481=CIRCLE('',#480,1.023622047244E-2);
#496=CIRCLE('',#495,1.023622047244E-2);
#504=CIRCLE('',#503,3.425196850394E-2);
#512=CIRCLE('',#511,3.425196850394E-2);
#527=CIRCLE('',#526,8.404874860898E-1);
#535=CIRCLE('',#534,8.404874860898E-1);
#543=CIRCLE('',#542,8.404874860898E-1);
#551=CIRCLE('',#550,8.404874860898E-1);
#559=CIRCLE('',#558,8.404874860898E-1);
#567=CIRCLE('',#566,8.404874860898E-1);
#575=CIRCLE('',#574,8.404874860898E-1);
#583=CIRCLE('',#582,8.404874860898E-1);
#591=CIRCLE('',#590,8.404874860898E-1);
#599=CIRCLE('',#598,8.404874860898E-1);
#607=CIRCLE('',#606,8.404874860898E-1);
#615=CIRCLE('',#614,8.404874860898E-1);
#623=CIRCLE('',#622,8.404874860898E-1);
#631=CIRCLE('',#630,8.404874860898E-1);
#639=CIRCLE('',#638,8.404874860898E-1);
#647=CIRCLE('',#646,8.404874860898E-1);
#655=CIRCLE('',#654,8.404874860898E-1);
#663=CIRCLE('',#662,8.404874860898E-1);
#671=CIRCLE('',#670,8.404874860898E-1);
#679=CIRCLE('',#678,8.404874860898E-1);
#687=CIRCLE('',#686,8.404874860898E-1);
#695=CIRCLE('',#694,8.404874860898E-1);
#703=CIRCLE('',#702,8.404874860898E-1);
#711=CIRCLE('',#710,8.404874860898E-1);
#719=CIRCLE('',#718,8.404874860898E-1);
#727=CIRCLE('',#726,8.404874860898E-1);
#735=CIRCLE('',#734,8.404874860898E-1);
#743=CIRCLE('',#742,8.404874860898E-1);
#751=CIRCLE('',#750,8.404874860898E-1);
#759=CIRCLE('',#758,8.404874860898E-1);
#767=CIRCLE('',#766,8.404874860898E-1);
#775=CIRCLE('',#774,8.404874860898E-1);
#783=CIRCLE('',#782,8.404874860898E-1);
#791=CIRCLE('',#790,8.404874860898E-1);
#799=CIRCLE('',#798,8.404874860898E-1);
#807=CIRCLE('',#806,8.404874860898E-1);
#815=CIRCLE('',#814,8.404874860898E-1);
#823=CIRCLE('',#822,8.404874860898E-1);
#831=CIRCLE('',#830,8.404874860898E-1);
#839=CIRCLE('',#838,8.404874860898E-1);
#847=CIRCLE('',#846,8.404874860898E-1);
#855=CIRCLE('',#854,8.404874860898E-1);
#863=CIRCLE('',#862,8.404874860898E-1);
#871=CIRCLE('',#870,8.404874860898E-1);
#879=CIRCLE('',#878,8.404874860898E-1);
#887=CIRCLE('',#886,8.404874860898E-1);
#895=CIRCLE('',#894,8.404874860898E-1);
#903=CIRCLE('',#902,8.404874860898E-1);
#918=CIRCLE('',#917,8.404874860898E-1);
#933=CIRCLE('',#932,8.404874860898E-1);
#941=CIRCLE('',#940,1.023622047244E-2);
#956=CIRCLE('',#955,1.023622047244E-2);
#964=CIRCLE('',#963,3.425196850394E-2);
#972=CIRCLE('',#971,3.425196850394E-2);
#987=CIRCLE('',#986,1.023622047244E-2);
#1002=CIRCLE('',#1001,1.023622047244E-2);
#1010=CIRCLE('',#1009,8.404874860898E-1);
#1025=CIRCLE('',#1024,8.404874860898E-1);
#1033=CIRCLE('',#1032,1.023622047244E-2);
#1048=CIRCLE('',#1047,1.023622047244E-2);
#1056=CIRCLE('',#1055,3.425196850394E-2);
#1064=CIRCLE('',#1063,3.425196850394E-2);
#1079=CIRCLE('',#1078,1.023622047244E-2);
#1094=CIRCLE('',#1093,1.023622047244E-2);
#1102=CIRCLE('',#1101,8.404874860898E-1);
#1117=CIRCLE('',#1116,8.404874860898E-1);
#1125=CIRCLE('',#1124,1.023622047244E-2);
#1140=CIRCLE('',#1139,1.023622047244E-2);
#1148=CIRCLE('',#1147,3.425196850394E-2);
#1156=CIRCLE('',#1155,3.425196850394E-2);
#1171=CIRCLE('',#1170,1.023622047244E-2);
#1186=CIRCLE('',#1185,1.023622047244E-2);
#1194=CIRCLE('',#1193,8.404874860898E-1);
#1209=CIRCLE('',#1208,8.404874860898E-1);
#1217=CIRCLE('',#1216,1.023622047244E-2);
#1232=CIRCLE('',#1231,1.023622047244E-2);
#1240=CIRCLE('',#1239,3.425196850394E-2);
#1248=CIRCLE('',#1247,3.425196850394E-2);
#1263=CIRCLE('',#1262,1.023622047244E-2);
#1278=CIRCLE('',#1277,1.023622047244E-2);
#1286=CIRCLE('',#1285,8.404874860898E-1);
#1301=CIRCLE('',#1300,8.404874860898E-1);
#1309=CIRCLE('',#1308,1.023622047244E-2);
#1324=CIRCLE('',#1323,1.023622047244E-2);
#1332=CIRCLE('',#1331,3.425196850394E-2);
#1340=CIRCLE('',#1339,3.425196850394E-2);
#1355=CIRCLE('',#1354,1.023622047244E-2);
#1370=CIRCLE('',#1369,1.023622047244E-2);
#1378=CIRCLE('',#1377,8.404874860898E-1);
#1393=CIRCLE('',#1392,8.404874860898E-1);
#1401=CIRCLE('',#1400,1.023622047244E-2);
#1416=CIRCLE('',#1415,1.023622047244E-2);
#1424=CIRCLE('',#1423,3.425196850394E-2);
#1432=CIRCLE('',#1431,3.425196850394E-2);
#1447=CIRCLE('',#1446,1.023622047244E-2);
#1462=CIRCLE('',#1461,1.023622047244E-2);
#1470=CIRCLE('',#1469,8.404874860898E-1);
#1485=CIRCLE('',#1484,8.404874860898E-1);
#1493=CIRCLE('',#1492,1.023622047244E-2);
#1508=CIRCLE('',#1507,1.023622047244E-2);
#1516=CIRCLE('',#1515,3.425196850394E-2);
#1524=CIRCLE('',#1523,3.425196850394E-2);
#1539=CIRCLE('',#1538,1.023622047244E-2);
#1554=CIRCLE('',#1553,1.023622047244E-2);
#1562=CIRCLE('',#1561,8.404874860898E-1);
#1577=CIRCLE('',#1576,8.404874860898E-1);
#1585=CIRCLE('',#1584,1.023622047244E-2);
#1600=CIRCLE('',#1599,1.023622047244E-2);
#1608=CIRCLE('',#1607,3.425196850394E-2);
#1616=CIRCLE('',#1615,3.425196850394E-2);
#1631=CIRCLE('',#1630,1.023622047244E-2);
#1646=CIRCLE('',#1645,1.023622047244E-2);
#1654=CIRCLE('',#1653,8.404874860898E-1);
#1669=CIRCLE('',#1668,8.404874860898E-1);
#1677=CIRCLE('',#1676,1.023622047244E-2);
#1692=CIRCLE('',#1691,1.023622047244E-2);
#1700=CIRCLE('',#1699,3.425196850394E-2);
#1708=CIRCLE('',#1707,3.425196850394E-2);
#1723=CIRCLE('',#1722,1.023622047244E-2);
#1738=CIRCLE('',#1737,1.023622047244E-2);
#1746=CIRCLE('',#1745,8.404874860898E-1);
#1761=CIRCLE('',#1760,8.404874860898E-1);
#1769=CIRCLE('',#1768,1.023622047244E-2);
#1784=CIRCLE('',#1783,1.023622047244E-2);
#1792=CIRCLE('',#1791,3.425196850394E-2);
#1800=CIRCLE('',#1799,3.425196850394E-2);
#1815=CIRCLE('',#1814,1.023622047244E-2);
#1830=CIRCLE('',#1829,1.023622047244E-2);
#1838=CIRCLE('',#1837,8.404874860898E-1);
#1853=CIRCLE('',#1852,8.404874860898E-1);
#1861=CIRCLE('',#1860,1.023622047244E-2);
#1876=CIRCLE('',#1875,1.023622047244E-2);
#1884=CIRCLE('',#1883,3.425196850394E-2);
#1892=CIRCLE('',#1891,3.425196850394E-2);
#1907=CIRCLE('',#1906,1.023622047244E-2);
#1922=CIRCLE('',#1921,1.023622047244E-2);
#1930=CIRCLE('',#1929,8.404874860898E-1);
#1945=CIRCLE('',#1944,8.404874860898E-1);
#1953=CIRCLE('',#1952,1.023622047244E-2);
#1968=CIRCLE('',#1967,1.023622047244E-2);
#1976=CIRCLE('',#1975,3.425196850394E-2);
#1984=CIRCLE('',#1983,3.425196850394E-2);
#1999=CIRCLE('',#1998,1.023622047244E-2);
#2014=CIRCLE('',#2013,1.023622047244E-2);
#2029=CIRCLE('',#2028,8.647000845150E-1);
#2044=CIRCLE('',#2043,8.647000845150E-1);
#2059=CIRCLE('',#2058,8.647000845150E-1);
#2067=CIRCLE('',#2066,8.647000845150E-1);
#2075=CIRCLE('',#2074,1.771653543307E-1);
#2083=CIRCLE('',#2082,1.771653543307E-1);
#2091=CIRCLE('',#2090,1.968503937008E-2);
#2099=CIRCLE('',#2098,1.968503937008E-2);
#2107=CIRCLE('',#2106,1.574803149606E-1);
#2122=CIRCLE('',#2121,1.574803149606E-1);
#2130=CIRCLE('',#2129,1.968503937008E-2);
#2138=CIRCLE('',#2137,8.647000845150E-1);
#2146=CIRCLE('',#2145,8.647000845150E-1);
#2154=CIRCLE('',#2153,1.771653543307E-1);
#2162=CIRCLE('',#2161,1.771653543307E-1);
#2170=CIRCLE('',#2169,8.647000845150E-1);
#2192=CIRCLE('',#2191,8.404874860898E-1);
#2207=CIRCLE('',#2206,8.404874860898E-1);
#2215=CIRCLE('',#2214,1.023622047244E-2);
#2230=CIRCLE('',#2229,1.023622047244E-2);
#2238=CIRCLE('',#2237,3.425196850394E-2);
#2246=CIRCLE('',#2245,3.425196850394E-2);
#2261=CIRCLE('',#2260,1.023622047244E-2);
#2276=CIRCLE('',#2275,1.023622047244E-2);
#2284=CIRCLE('',#2283,8.404874860898E-1);
#2299=CIRCLE('',#2298,8.404874860898E-1);
#2307=CIRCLE('',#2306,1.023622047244E-2);
#2322=CIRCLE('',#2321,1.023622047244E-2);
#2330=CIRCLE('',#2329,3.425196850394E-2);
#2338=CIRCLE('',#2337,3.425196850394E-2);
#2353=CIRCLE('',#2352,1.023622047244E-2);
#2368=CIRCLE('',#2367,1.023622047244E-2);
#2376=CIRCLE('',#2375,8.404874860898E-1);
#2391=CIRCLE('',#2390,8.404874860898E-1);
#2399=CIRCLE('',#2398,1.023622047244E-2);
#2414=CIRCLE('',#2413,1.023622047244E-2);
#2422=CIRCLE('',#2421,3.425196850394E-2);
#2430=CIRCLE('',#2429,3.425196850394E-2);
#2445=CIRCLE('',#2444,1.023622047244E-2);
#2460=CIRCLE('',#2459,1.023622047244E-2);
#2468=CIRCLE('',#2467,8.404874860898E-1);
#2483=CIRCLE('',#2482,8.404874860898E-1);
#2491=CIRCLE('',#2490,1.023622047244E-2);
#2506=CIRCLE('',#2505,1.023622047244E-2);
#2514=CIRCLE('',#2513,3.425196850394E-2);
#2522=CIRCLE('',#2521,3.425196850394E-2);
#2537=CIRCLE('',#2536,1.023622047244E-2);
#2552=CIRCLE('',#2551,1.023622047244E-2);
#2560=CIRCLE('',#2559,8.404874860898E-1);
#2575=CIRCLE('',#2574,8.404874860898E-1);
#2583=CIRCLE('',#2582,1.023622047244E-2);
#2598=CIRCLE('',#2597,1.023622047244E-2);
#2606=CIRCLE('',#2605,3.425196850394E-2);
#2614=CIRCLE('',#2613,3.425196850394E-2);
#2629=CIRCLE('',#2628,1.023622047244E-2);
#2644=CIRCLE('',#2643,1.023622047244E-2);
#2652=CIRCLE('',#2651,8.404874860898E-1);
#2667=CIRCLE('',#2666,8.404874860898E-1);
#2675=CIRCLE('',#2674,1.023622047244E-2);
#2690=CIRCLE('',#2689,1.023622047244E-2);
#2698=CIRCLE('',#2697,3.425196850394E-2);
#2706=CIRCLE('',#2705,3.425196850394E-2);
#2721=CIRCLE('',#2720,1.023622047244E-2);
#2736=CIRCLE('',#2735,1.023622047244E-2);
#2744=CIRCLE('',#2743,8.404874860898E-1);
#2759=CIRCLE('',#2758,8.404874860898E-1);
#2767=CIRCLE('',#2766,1.023622047244E-2);
#2782=CIRCLE('',#2781,1.023622047244E-2);
#2790=CIRCLE('',#2789,3.425196850394E-2);
#2798=CIRCLE('',#2797,3.425196850394E-2);
#2813=CIRCLE('',#2812,1.023622047244E-2);
#2828=CIRCLE('',#2827,1.023622047244E-2);
#2836=CIRCLE('',#2835,8.404874860898E-1);
#2851=CIRCLE('',#2850,8.404874860898E-1);
#2859=CIRCLE('',#2858,1.023622047244E-2);
#2874=CIRCLE('',#2873,1.023622047244E-2);
#2882=CIRCLE('',#2881,3.425196850394E-2);
#2890=CIRCLE('',#2889,3.425196850394E-2);
#2905=CIRCLE('',#2904,1.023622047244E-2);
#2920=CIRCLE('',#2919,1.023622047244E-2);
#2928=CIRCLE('',#2927,8.404874860898E-1);
#2943=CIRCLE('',#2942,8.404874860898E-1);
#2951=CIRCLE('',#2950,1.023622047244E-2);
#2966=CIRCLE('',#2965,1.023622047244E-2);
#2974=CIRCLE('',#2973,3.425196850394E-2);
#2982=CIRCLE('',#2981,3.425196850394E-2);
#2997=CIRCLE('',#2996,1.023622047244E-2);
#3012=CIRCLE('',#3011,1.023622047244E-2);
#3020=CIRCLE('',#3019,8.404874860898E-1);
#3035=CIRCLE('',#3034,8.404874860898E-1);
#3043=CIRCLE('',#3042,1.023622047244E-2);
#3058=CIRCLE('',#3057,1.023622047244E-2);
#3066=CIRCLE('',#3065,3.425196850394E-2);
#3074=CIRCLE('',#3073,3.425196850394E-2);
#3089=CIRCLE('',#3088,1.023622047244E-2);
#3104=CIRCLE('',#3103,1.023622047244E-2);
#3119=CIRCLE('',#3118,8.404874860898E-1);
#3127=CIRCLE('',#3126,8.404874860898E-1);
#3135=CIRCLE('',#3134,1.023622047244E-2);
#3150=CIRCLE('',#3149,1.023622047244E-2);
#3158=CIRCLE('',#3157,3.425196850394E-2);
#3166=CIRCLE('',#3165,3.425196850394E-2);
#3181=CIRCLE('',#3180,1.023622047244E-2);
#3196=CIRCLE('',#3195,1.023622047244E-2);
#3204=CIRCLE('',#3203,8.647000845150E-1);
#3219=CIRCLE('',#3218,1.968503937008E-2);
#3227=CIRCLE('',#3226,1.574803149606E-1);
#3242=CIRCLE('',#3241,1.574803149606E-1);
#3250=CIRCLE('',#3249,1.023622047244E-2);
#3265=CIRCLE('',#3264,1.023622047244E-2);
#3273=CIRCLE('',#3272,3.425196850394E-2);
#3281=CIRCLE('',#3280,3.425196850394E-2);
#3296=CIRCLE('',#3295,1.023622047244E-2);
#3311=CIRCLE('',#3310,1.023622047244E-2);
#3319=CIRCLE('',#3318,8.404874860898E-1);
#3334=CIRCLE('',#3333,8.404874860898E-1);
#3342=CIRCLE('',#3341,1.023622047244E-2);
#3357=CIRCLE('',#3356,1.023622047244E-2);
#3365=CIRCLE('',#3364,3.425196850394E-2);
#3373=CIRCLE('',#3372,3.425196850394E-2);
#3388=CIRCLE('',#3387,1.023622047244E-2);
#3403=CIRCLE('',#3402,1.023622047244E-2);
#3411=CIRCLE('',#3410,8.404874860898E-1);
#3426=CIRCLE('',#3425,8.404874860898E-1);
#3434=CIRCLE('',#3433,1.023622047244E-2);
#3449=CIRCLE('',#3448,1.023622047244E-2);
#3457=CIRCLE('',#3456,3.425196850394E-2);
#3465=CIRCLE('',#3464,3.425196850394E-2);
#3480=CIRCLE('',#3479,1.023622047244E-2);
#3495=CIRCLE('',#3494,1.023622047244E-2);
#3503=CIRCLE('',#3502,8.404874860898E-1);
#3518=CIRCLE('',#3517,8.404874860898E-1);
#3526=CIRCLE('',#3525,1.023622047244E-2);
#3541=CIRCLE('',#3540,1.023622047244E-2);
#3549=CIRCLE('',#3548,3.425196850394E-2);
#3557=CIRCLE('',#3556,3.425196850394E-2);
#3572=CIRCLE('',#3571,1.023622047244E-2);
#3587=CIRCLE('',#3586,1.023622047244E-2);
#3595=CIRCLE('',#3594,8.404874860898E-1);
#3610=CIRCLE('',#3609,8.404874860898E-1);
#3618=CIRCLE('',#3617,1.023622047244E-2);
#3633=CIRCLE('',#3632,1.023622047244E-2);
#3641=CIRCLE('',#3640,3.425196850394E-2);
#3649=CIRCLE('',#3648,3.425196850394E-2);
#3664=CIRCLE('',#3663,1.023622047244E-2);
#3679=CIRCLE('',#3678,1.023622047244E-2);
#3687=CIRCLE('',#3686,8.404874860898E-1);
#3702=CIRCLE('',#3701,8.404874860898E-1);
#3710=CIRCLE('',#3709,1.023622047244E-2);
#3725=CIRCLE('',#3724,1.023622047244E-2);
#3733=CIRCLE('',#3732,3.425196850394E-2);
#3741=CIRCLE('',#3740,3.425196850394E-2);
#3756=CIRCLE('',#3755,1.023622047244E-2);
#3771=CIRCLE('',#3770,1.023622047244E-2);
#3779=CIRCLE('',#3778,8.404874860898E-1);
#3794=CIRCLE('',#3793,8.404874860898E-1);
#3802=CIRCLE('',#3801,1.023622047244E-2);
#3817=CIRCLE('',#3816,1.023622047244E-2);
#3825=CIRCLE('',#3824,3.425196850394E-2);
#3833=CIRCLE('',#3832,3.425196850394E-2);
#3848=CIRCLE('',#3847,1.023622047244E-2);
#3863=CIRCLE('',#3862,1.023622047244E-2);
#3871=CIRCLE('',#3870,8.404874860898E-1);
#3886=CIRCLE('',#3885,8.404874860898E-1);
#3894=CIRCLE('',#3893,1.023622047244E-2);
#3909=CIRCLE('',#3908,1.023622047244E-2);
#3917=CIRCLE('',#3916,3.425196850394E-2);
#3925=CIRCLE('',#3924,3.425196850394E-2);
#3940=CIRCLE('',#3939,1.023622047244E-2);
#3955=CIRCLE('',#3954,1.023622047244E-2);
#3963=CIRCLE('',#3962,8.404874860898E-1);
#3978=CIRCLE('',#3977,8.404874860898E-1);
#3986=CIRCLE('',#3985,1.023622047244E-2);
#4001=CIRCLE('',#4000,1.023622047244E-2);
#4009=CIRCLE('',#4008,3.425196850394E-2);
#4017=CIRCLE('',#4016,3.425196850394E-2);
#4032=CIRCLE('',#4031,1.023622047244E-2);
#4047=CIRCLE('',#4046,1.023622047244E-2);
#4055=CIRCLE('',#4054,8.404874860898E-1);
#4070=CIRCLE('',#4069,8.404874860898E-1);
#4078=CIRCLE('',#4077,1.023622047244E-2);
#4093=CIRCLE('',#4092,1.023622047244E-2);
#4101=CIRCLE('',#4100,3.425196850394E-2);
#4109=CIRCLE('',#4108,3.425196850394E-2);
#4124=CIRCLE('',#4123,1.023622047244E-2);
#4139=CIRCLE('',#4138,1.023622047244E-2);
#4147=CIRCLE('',#4146,8.404874860898E-1);
#4162=CIRCLE('',#4161,8.404874860898E-1);
#4170=CIRCLE('',#4169,1.023622047244E-2);
#4185=CIRCLE('',#4184,1.023622047244E-2);
#4193=CIRCLE('',#4192,3.425196850394E-2);
#4201=CIRCLE('',#4200,3.425196850394E-2);
#4216=CIRCLE('',#4215,1.023622047244E-2);
#4231=CIRCLE('',#4230,1.023622047244E-2);
#4239=CIRCLE('',#4238,8.404874860898E-1);
#4254=CIRCLE('',#4253,8.404874860898E-1);
#4262=CIRCLE('',#4261,1.023622047244E-2);
#4277=CIRCLE('',#4276,1.023622047244E-2);
#4285=CIRCLE('',#4284,3.425196850394E-2);
#4293=CIRCLE('',#4292,3.425196850394E-2);
#4308=CIRCLE('',#4307,1.023622047244E-2);
#4323=CIRCLE('',#4322,1.023622047244E-2);
#4331=CIRCLE('',#4330,8.404874860898E-1);
#4346=CIRCLE('',#4345,8.404874860898E-1);
#4354=CIRCLE('',#4353,1.023622047244E-2);
#4369=CIRCLE('',#4368,1.023622047244E-2);
#4377=CIRCLE('',#4376,3.425196850394E-2);
#4385=CIRCLE('',#4384,3.425196850394E-2);
#4400=CIRCLE('',#4399,1.023622047244E-2);
#4415=CIRCLE('',#4414,1.023622047244E-2);
#4423=CIRCLE('',#4422,8.404874860898E-1);
#4438=CIRCLE('',#4437,8.404874860898E-1);
#4446=CIRCLE('',#4445,1.023622047244E-2);
#4461=CIRCLE('',#4460,1.023622047244E-2);
#4469=CIRCLE('',#4468,3.425196850394E-2);
#4477=CIRCLE('',#4476,3.425196850394E-2);
#4492=CIRCLE('',#4491,1.023622047244E-2);
#4507=CIRCLE('',#4506,1.023622047244E-2);
#4515=CIRCLE('',#4514,8.404874860898E-1);
#4530=CIRCLE('',#4529,8.404874860898E-1);
#4538=CIRCLE('',#4537,1.023622047244E-2);
#4553=CIRCLE('',#4552,1.023622047244E-2);
#4561=CIRCLE('',#4560,3.425196850394E-2);
#4569=CIRCLE('',#4568,3.425196850394E-2);
#4584=CIRCLE('',#4583,1.023622047244E-2);
#4599=CIRCLE('',#4598,1.023622047244E-2);
#4607=CIRCLE('',#4606,8.404874860898E-1);
#4622=CIRCLE('',#4621,8.404874860898E-1);
#4630=CIRCLE('',#4629,1.023622047244E-2);
#4645=CIRCLE('',#4644,1.023622047244E-2);
#4653=CIRCLE('',#4652,3.425196850394E-2);
#4661=CIRCLE('',#4660,3.425196850394E-2);
#4676=CIRCLE('',#4675,1.023622047244E-2);
#4691=CIRCLE('',#4690,1.023622047244E-2);
#4699=CIRCLE('',#4698,8.404874860898E-1);
#4714=CIRCLE('',#4713,8.404874860898E-1);
#4722=CIRCLE('',#4721,1.023622047244E-2);
#4737=CIRCLE('',#4736,1.023622047244E-2);
#4745=CIRCLE('',#4744,3.425196850394E-2);
#4753=CIRCLE('',#4752,3.425196850394E-2);
#4768=CIRCLE('',#4767,1.023622047244E-2);
#4783=CIRCLE('',#4782,1.023622047244E-2);
#4791=CIRCLE('',#4790,8.404874860898E-1);
#4806=CIRCLE('',#4805,8.404874860898E-1);
#4814=CIRCLE('',#4813,1.023622047244E-2);
#4829=CIRCLE('',#4828,1.023622047244E-2);
#4837=CIRCLE('',#4836,3.425196850394E-2);
#4845=CIRCLE('',#4844,3.425196850394E-2);
#4860=CIRCLE('',#4859,1.023622047244E-2);
#4875=CIRCLE('',#4874,1.023622047244E-2);
#4883=CIRCLE('',#4882,8.404874860898E-1);
#4898=CIRCLE('',#4897,8.404874860898E-1);
#4906=CIRCLE('',#4905,1.023622047244E-2);
#4921=CIRCLE('',#4920,1.023622047244E-2);
#4929=CIRCLE('',#4928,3.425196850394E-2);
#4937=CIRCLE('',#4936,3.425196850394E-2);
#4952=CIRCLE('',#4951,1.023622047244E-2);
#4967=CIRCLE('',#4966,1.023622047244E-2);
#4975=CIRCLE('',#4974,8.404874860898E-1);
#4990=CIRCLE('',#4989,8.404874860898E-1);
#4998=CIRCLE('',#4997,1.023622047244E-2);
#5013=CIRCLE('',#5012,1.023622047244E-2);
#5021=CIRCLE('',#5020,3.425196850394E-2);
#5029=CIRCLE('',#5028,3.425196850394E-2);
#5044=CIRCLE('',#5043,1.023622047244E-2);
#5059=CIRCLE('',#5058,1.023622047244E-2);
#5067=CIRCLE('',#5066,8.404874860898E-1);
#5082=CIRCLE('',#5081,8.404874860898E-1);
#5090=CIRCLE('',#5089,1.023622047244E-2);
#5105=CIRCLE('',#5104,1.023622047244E-2);
#5113=CIRCLE('',#5112,3.425196850394E-2);
#5121=CIRCLE('',#5120,3.425196850394E-2);
#5136=CIRCLE('',#5135,1.023622047244E-2);
#5151=CIRCLE('',#5150,1.023622047244E-2);
#5159=CIRCLE('',#5158,8.404874860898E-1);
#5174=CIRCLE('',#5173,8.404874860898E-1);
#5182=CIRCLE('',#5181,1.023622047244E-2);
#5197=CIRCLE('',#5196,1.023622047244E-2);
#5205=CIRCLE('',#5204,3.425196850394E-2);
#5213=CIRCLE('',#5212,3.425196850394E-2);
#5228=CIRCLE('',#5227,1.023622047244E-2);
#5243=CIRCLE('',#5242,1.023622047244E-2);
#6028=EDGE_CURVE('',#5520,#5580,#51,.T.);
#6030=EDGE_CURVE('',#5640,#5520,#20,.T.);
#6032=EDGE_CURVE('',#5640,#5698,#28,.T.);
#6034=EDGE_CURVE('',#5580,#5698,#36,.T.);
#6038=ADVANCED_FACE('',(#6037),#6027,.T.);
#6044=EDGE_CURVE('',#5253,#5520,#44,.T.);
#6047=EDGE_CURVE('',#5377,#5580,#59,.T.);
#6049=EDGE_CURVE('',#5253,#5377,#3173,.T.);
#6053=ADVANCED_FACE('',(#6052),#6043,.T.);
#6059=EDGE_CURVE('',#5497,#5498,#67,.T.);
#6061=EDGE_CURVE('',#5984,#5497,#75,.T.);
#6063=EDGE_CURVE('',#5849,#5984,#3181,.T.);
#6065=EDGE_CURVE('',#5849,#5850,#512,.T.);
#6067=EDGE_CURVE('',#5498,#5850,#481,.T.);
#6071=ADVANCED_FACE('',(#6070),#6058,.F.);
#6077=EDGE_CURVE('',#5505,#5506,#83,.T.);
#6079=EDGE_CURVE('',#5544,#5505,#91,.T.);
#6081=EDGE_CURVE('',#5301,#5544,#941,.T.);
#6083=EDGE_CURVE('',#5301,#5302,#972,.T.);
#6085=EDGE_CURVE('',#5506,#5302,#987,.T.);
#6089=ADVANCED_FACE('',(#6088),#6076,.F.);
#6096=EDGE_CURVE('',#5253,#5254,#3166,.T.);
#6098=EDGE_CURVE('',#5638,#5254,#3135,.T.);
#6100=EDGE_CURVE('',#5520,#5638,#99,.T.);
#6104=ADVANCED_FACE('',(#6103),#6094,.F.);
#6110=EDGE_CURVE('',#5257,#5522,#1953,.T.);
#6112=EDGE_CURVE('',#5257,#5258,#1984,.T.);
#6114=EDGE_CURVE('',#5640,#5258,#1999,.T.);
#6116=EDGE_CURVE('',#5522,#5640,#107,.T.);
#6120=ADVANCED_FACE('',(#6119),#6109,.F.);
#6126=EDGE_CURVE('',#5261,#5524,#1861,.T.);
#6128=EDGE_CURVE('',#5261,#5262,#1892,.T.);
#6130=EDGE_CURVE('',#5642,#5262,#1907,.T.);
#6132=EDGE_CURVE('',#5524,#5642,#115,.T.);
#6136=ADVANCED_FACE('',(#6135),#6125,.F.);
#6142=EDGE_CURVE('',#5265,#5526,#1769,.T.);
#6144=EDGE_CURVE('',#5265,#5266,#1800,.T.);
#6146=EDGE_CURVE('',#5644,#5266,#1815,.T.);
#6148=EDGE_CURVE('',#5526,#5644,#123,.T.);
#6152=ADVANCED_FACE('',(#6151),#6141,.F.);
#6158=EDGE_CURVE('',#5269,#5528,#1677,.T.);
#6160=EDGE_CURVE('',#5269,#5270,#1708,.T.);
#6162=EDGE_CURVE('',#5646,#5270,#1723,.T.);
#6164=EDGE_CURVE('',#5528,#5646,#131,.T.);
#6168=ADVANCED_FACE('',(#6167),#6157,.F.);
#6174=EDGE_CURVE('',#5273,#5530,#1585,.T.);
#6176=EDGE_CURVE('',#5273,#5274,#1616,.T.);
#6178=EDGE_CURVE('',#5648,#5274,#1631,.T.);
#6180=EDGE_CURVE('',#5530,#5648,#139,.T.);
#6184=ADVANCED_FACE('',(#6183),#6173,.F.);
#6190=EDGE_CURVE('',#5277,#5532,#1493,.T.);
#6192=EDGE_CURVE('',#5277,#5278,#1524,.T.);
#6194=EDGE_CURVE('',#5650,#5278,#1539,.T.);
#6196=EDGE_CURVE('',#5532,#5650,#147,.T.);
#6200=ADVANCED_FACE('',(#6199),#6189,.F.);
#6206=EDGE_CURVE('',#5281,#5534,#1401,.T.);
#6208=EDGE_CURVE('',#5281,#5282,#1432,.T.);
#6210=EDGE_CURVE('',#5652,#5282,#1447,.T.);
#6212=EDGE_CURVE('',#5534,#5652,#155,.T.);
#6216=ADVANCED_FACE('',(#6215),#6205,.F.);
#6222=EDGE_CURVE('',#5285,#5536,#1309,.T.);
#6224=EDGE_CURVE('',#5285,#5286,#1340,.T.);
#6226=EDGE_CURVE('',#5654,#5286,#1355,.T.);
#6228=EDGE_CURVE('',#5536,#5654,#163,.T.);
#6232=ADVANCED_FACE('',(#6231),#6221,.F.);
#6238=EDGE_CURVE('',#5289,#5538,#1217,.T.);
#6240=EDGE_CURVE('',#5289,#5290,#1248,.T.);
#6242=EDGE_CURVE('',#5656,#5290,#1263,.T.);
#6244=EDGE_CURVE('',#5538,#5656,#171,.T.);
#6248=ADVANCED_FACE('',(#6247),#6237,.F.);
#6254=EDGE_CURVE('',#5293,#5540,#1125,.T.);
#6256=EDGE_CURVE('',#5293,#5294,#1156,.T.);
#6258=EDGE_CURVE('',#5658,#5294,#1171,.T.);
#6260=EDGE_CURVE('',#5540,#5658,#179,.T.);
#6264=ADVANCED_FACE('',(#6263),#6253,.F.);
#6270=EDGE_CURVE('',#5297,#5542,#1033,.T.);
#6272=EDGE_CURVE('',#5297,#5298,#1064,.T.);
#6274=EDGE_CURVE('',#5660,#5298,#1079,.T.);
#6276=EDGE_CURVE('',#5542,#5660,#187,.T.);
#6280=ADVANCED_FACE('',(#6279),#6269,.F.);
#6286=EDGE_CURVE('',#5305,#5546,#3296,.T.);
#6288=EDGE_CURVE('',#5305,#5306,#3281,.T.);
#6290=EDGE_CURVE('',#5662,#5306,#3250,.T.);
#6292=EDGE_CURVE('',#5546,#5662,#195,.T.);
#6296=ADVANCED_FACE('',(#6295),#6285,.F.);
#6302=EDGE_CURVE('',#5309,#5548,#3388,.T.);
#6304=EDGE_CURVE('',#5309,#5310,#3373,.T.);
#6306=EDGE_CURVE('',#5664,#5310,#3342,.T.);
#6308=EDGE_CURVE('',#5548,#5664,#203,.T.);
#6312=ADVANCED_FACE('',(#6311),#6301,.F.);
#6318=EDGE_CURVE('',#5313,#5550,#3480,.T.);
#6320=EDGE_CURVE('',#5313,#5314,#3465,.T.);
#6322=EDGE_CURVE('',#5666,#5314,#3434,.T.);
#6324=EDGE_CURVE('',#5550,#5666,#211,.T.);
#6328=ADVANCED_FACE('',(#6327),#6317,.F.);
#6334=EDGE_CURVE('',#5317,#5552,#3572,.T.);
#6336=EDGE_CURVE('',#5317,#5318,#3557,.T.);
#6338=EDGE_CURVE('',#5668,#5318,#3526,.T.);
#6340=EDGE_CURVE('',#5552,#5668,#219,.T.);
#6344=ADVANCED_FACE('',(#6343),#6333,.F.);
#6350=EDGE_CURVE('',#5321,#5554,#3664,.T.);
#6352=EDGE_CURVE('',#5321,#5322,#3649,.T.);
#6354=EDGE_CURVE('',#5670,#5322,#3618,.T.);
#6356=EDGE_CURVE('',#5554,#5670,#227,.T.);
#6360=ADVANCED_FACE('',(#6359),#6349,.F.);
#6366=EDGE_CURVE('',#5325,#5556,#3756,.T.);
#6368=EDGE_CURVE('',#5325,#5326,#3741,.T.);
#6370=EDGE_CURVE('',#5672,#5326,#3710,.T.);
#6372=EDGE_CURVE('',#5556,#5672,#235,.T.);
#6376=ADVANCED_FACE('',(#6375),#6365,.F.);
#6382=EDGE_CURVE('',#5329,#5558,#3848,.T.);
#6384=EDGE_CURVE('',#5329,#5330,#3833,.T.);
#6386=EDGE_CURVE('',#5674,#5330,#3802,.T.);
#6388=EDGE_CURVE('',#5558,#5674,#243,.T.);
#6392=ADVANCED_FACE('',(#6391),#6381,.F.);
#6398=EDGE_CURVE('',#5333,#5560,#3940,.T.);
#6400=EDGE_CURVE('',#5333,#5334,#3925,.T.);
#6402=EDGE_CURVE('',#5676,#5334,#3894,.T.);
#6404=EDGE_CURVE('',#5560,#5676,#251,.T.);
#6408=ADVANCED_FACE('',(#6407),#6397,.F.);
#6414=EDGE_CURVE('',#5337,#5562,#4032,.T.);
#6416=EDGE_CURVE('',#5337,#5338,#4017,.T.);
#6418=EDGE_CURVE('',#5678,#5338,#3986,.T.);
#6420=EDGE_CURVE('',#5562,#5678,#259,.T.);
#6424=ADVANCED_FACE('',(#6423),#6413,.F.);
#6430=EDGE_CURVE('',#5341,#5564,#4124,.T.);
#6432=EDGE_CURVE('',#5341,#5342,#4109,.T.);
#6434=EDGE_CURVE('',#5680,#5342,#4078,.T.);
#6436=EDGE_CURVE('',#5564,#5680,#267,.T.);
#6440=ADVANCED_FACE('',(#6439),#6429,.F.);
#6446=EDGE_CURVE('',#5345,#5566,#4216,.T.);
#6448=EDGE_CURVE('',#5345,#5346,#4201,.T.);
#6450=EDGE_CURVE('',#5682,#5346,#4170,.T.);
#6452=EDGE_CURVE('',#5566,#5682,#275,.T.);
#6456=ADVANCED_FACE('',(#6455),#6445,.F.);
#6462=EDGE_CURVE('',#5349,#5568,#4308,.T.);
#6464=EDGE_CURVE('',#5349,#5350,#4293,.T.);
#6466=EDGE_CURVE('',#5684,#5350,#4262,.T.);
#6468=EDGE_CURVE('',#5568,#5684,#283,.T.);
#6472=ADVANCED_FACE('',(#6471),#6461,.F.);
#6478=EDGE_CURVE('',#5353,#5570,#4400,.T.);
#6480=EDGE_CURVE('',#5353,#5354,#4385,.T.);
#6482=EDGE_CURVE('',#5686,#5354,#4354,.T.);
#6484=EDGE_CURVE('',#5570,#5686,#291,.T.);
#6488=ADVANCED_FACE('',(#6487),#6477,.F.);
#6494=EDGE_CURVE('',#5357,#5572,#4492,.T.);
#6496=EDGE_CURVE('',#5357,#5358,#4477,.T.);
#6498=EDGE_CURVE('',#5688,#5358,#4446,.T.);
#6500=EDGE_CURVE('',#5572,#5688,#299,.T.);
#6504=ADVANCED_FACE('',(#6503),#6493,.F.);
#6510=EDGE_CURVE('',#5361,#5574,#4584,.T.);
#6512=EDGE_CURVE('',#5361,#5362,#4569,.T.);
#6514=EDGE_CURVE('',#5690,#5362,#4538,.T.);
#6516=EDGE_CURVE('',#5574,#5690,#307,.T.);
#6520=ADVANCED_FACE('',(#6519),#6509,.F.);
#6526=EDGE_CURVE('',#5365,#5576,#4676,.T.);
#6528=EDGE_CURVE('',#5365,#5366,#4661,.T.);
#6530=EDGE_CURVE('',#5692,#5366,#4630,.T.);
#6532=EDGE_CURVE('',#5576,#5692,#315,.T.);
#6536=ADVANCED_FACE('',(#6535),#6525,.F.);
#6542=EDGE_CURVE('',#5369,#5578,#4768,.T.);
#6544=EDGE_CURVE('',#5369,#5370,#4753,.T.);
#6546=EDGE_CURVE('',#5694,#5370,#4722,.T.);
#6548=EDGE_CURVE('',#5578,#5694,#323,.T.);
#6552=ADVANCED_FACE('',(#6551),#6541,.F.);
#6558=EDGE_CURVE('',#5757,#5758,#331,.T.);
#6560=EDGE_CURVE('',#5845,#5757,#5228,.T.);
#6562=EDGE_CURVE('',#5845,#5846,#5213,.T.);
#6564=EDGE_CURVE('',#5758,#5846,#5182,.T.);
#6568=ADVANCED_FACE('',(#6567),#6557,.F.);
#6574=EDGE_CURVE('',#5761,#5762,#339,.T.);
#6576=EDGE_CURVE('',#5841,#5761,#5136,.T.);
#6578=EDGE_CURVE('',#5841,#5842,#5121,.T.);
#6580=EDGE_CURVE('',#5762,#5842,#5090,.T.);
#6584=ADVANCED_FACE('',(#6583),#6573,.F.);
#6590=EDGE_CURVE('',#5765,#5766,#347,.T.);
#6592=EDGE_CURVE('',#5837,#5765,#5044,.T.);
#6594=EDGE_CURVE('',#5837,#5838,#5029,.T.);
#6596=EDGE_CURVE('',#5766,#5838,#4998,.T.);
#6600=ADVANCED_FACE('',(#6599),#6589,.F.);
#6606=EDGE_CURVE('',#5769,#5770,#355,.T.);
#6608=EDGE_CURVE('',#5833,#5769,#4952,.T.);
#6610=EDGE_CURVE('',#5833,#5834,#4937,.T.);
#6612=EDGE_CURVE('',#5770,#5834,#4906,.T.);
#6616=ADVANCED_FACE('',(#6615),#6605,.F.);
#6622=EDGE_CURVE('',#5773,#5774,#363,.T.);
#6624=EDGE_CURVE('',#5829,#5773,#4860,.T.);
#6626=EDGE_CURVE('',#5829,#5830,#4845,.T.);
#6628=EDGE_CURVE('',#5774,#5830,#4814,.T.);
#6632=ADVANCED_FACE('',(#6631),#6621,.F.);
#6638=EDGE_CURVE('',#5776,#5778,#371,.T.);
#6640=EDGE_CURVE('',#5889,#5776,#3089,.T.);
#6642=EDGE_CURVE('',#5889,#5890,#3074,.T.);
#6644=EDGE_CURVE('',#5778,#5890,#3043,.T.);
#6648=ADVANCED_FACE('',(#6647),#6637,.F.);
#6654=EDGE_CURVE('',#5781,#5782,#379,.T.);
#6656=EDGE_CURVE('',#5885,#5781,#2997,.T.);
#6658=EDGE_CURVE('',#5885,#5886,#2982,.T.);
#6660=EDGE_CURVE('',#5782,#5886,#2951,.T.);
#6664=ADVANCED_FACE('',(#6663),#6653,.F.);
#6670=EDGE_CURVE('',#5785,#5786,#387,.T.);
#6672=EDGE_CURVE('',#5881,#5785,#2905,.T.);
#6674=EDGE_CURVE('',#5881,#5882,#2890,.T.);
#6676=EDGE_CURVE('',#5786,#5882,#2859,.T.);
#6680=ADVANCED_FACE('',(#6679),#6669,.F.);
#6686=EDGE_CURVE('',#5956,#5958,#395,.T.);
#6688=EDGE_CURVE('',#5877,#5956,#2813,.T.);
#6690=EDGE_CURVE('',#5877,#5878,#2798,.T.);
#6692=EDGE_CURVE('',#5958,#5878,#2767,.T.);
#6696=ADVANCED_FACE('',(#6695),#6685,.F.);
#6702=EDGE_CURVE('',#5960,#5962,#403,.T.);
#6704=EDGE_CURVE('',#5873,#5960,#2721,.T.);
#6706=EDGE_CURVE('',#5873,#5874,#2706,.T.);
#6708=EDGE_CURVE('',#5962,#5874,#2675,.T.);
#6712=ADVANCED_FACE('',(#6711),#6701,.F.);
#6718=EDGE_CURVE('',#5964,#5966,#411,.T.);
#6720=EDGE_CURVE('',#5869,#5964,#2629,.T.);
#6722=EDGE_CURVE('',#5869,#5870,#2614,.T.);
#6724=EDGE_CURVE('',#5966,#5870,#2583,.T.);
#6728=ADVANCED_FACE('',(#6727),#6717,.F.);
#6734=EDGE_CURVE('',#5968,#5970,#419,.T.);
#6736=EDGE_CURVE('',#5865,#5968,#2537,.T.);
#6738=EDGE_CURVE('',#5865,#5866,#2522,.T.);
#6740=EDGE_CURVE('',#5970,#5866,#2491,.T.);
#6744=ADVANCED_FACE('',(#6743),#6733,.F.);
#6750=EDGE_CURVE('',#5972,#5974,#427,.T.);
#6752=EDGE_CURVE('',#5861,#5972,#2445,.T.);
#6754=EDGE_CURVE('',#5861,#5862,#2430,.T.);
#6756=EDGE_CURVE('',#5974,#5862,#2399,.T.);
#6760=ADVANCED_FACE('',(#6759),#6749,.F.);
#6766=EDGE_CURVE('',#5976,#5978,#435,.T.);
#6768=EDGE_CURVE('',#5857,#5976,#2353,.T.);
#6770=EDGE_CURVE('',#5857,#5858,#2338,.T.);
#6772=EDGE_CURVE('',#5978,#5858,#2307,.T.);
#6776=ADVANCED_FACE('',(#6775),#6765,.F.);
#6782=EDGE_CURVE('',#5980,#5982,#443,.T.);
#6784=EDGE_CURVE('',#5853,#5980,#2261,.T.);
#6786=EDGE_CURVE('',#5853,#5854,#2246,.T.);
#6788=EDGE_CURVE('',#5982,#5854,#2215,.T.);
#6792=ADVANCED_FACE('',(#6791),#6781,.F.);
#6799=EDGE_CURVE('',#5498,#5757,#458,.T.);
#6802=EDGE_CURVE('',#5758,#5761,#5159,.T.);
#6805=EDGE_CURVE('',#5762,#5765,#5067,.T.);
#6808=EDGE_CURVE('',#5766,#5769,#4975,.T.);
#6811=EDGE_CURVE('',#5770,#5773,#4883,.T.);
#6814=EDGE_CURVE('',#5774,#5578,#4791,.T.);
#6817=EDGE_CURVE('',#5694,#5576,#4699,.T.);
#6820=EDGE_CURVE('',#5692,#5574,#4607,.T.);
#6823=EDGE_CURVE('',#5690,#5572,#4515,.T.);
#6826=EDGE_CURVE('',#5688,#5570,#4423,.T.);
#6829=EDGE_CURVE('',#5686,#5568,#4331,.T.);
#6832=EDGE_CURVE('',#5684,#5566,#4239,.T.);
#6835=EDGE_CURVE('',#5682,#5564,#4147,.T.);
#6838=EDGE_CURVE('',#5680,#5562,#4055,.T.);
#6841=EDGE_CURVE('',#5678,#5560,#3963,.T.);
#6844=EDGE_CURVE('',#5676,#5558,#3871,.T.);
#6847=EDGE_CURVE('',#5674,#5556,#3779,.T.);
#6850=EDGE_CURVE('',#5672,#5554,#3687,.T.);
#6853=EDGE_CURVE('',#5670,#5552,#3595,.T.);
#6856=EDGE_CURVE('',#5668,#5550,#3503,.T.);
#6859=EDGE_CURVE('',#5666,#5548,#3411,.T.);
#6862=EDGE_CURVE('',#5664,#5546,#3319,.T.);
#6865=EDGE_CURVE('',#5662,#5544,#918,.T.);
#6868=EDGE_CURVE('',#5505,#5502,#2021,.T.);
#6870=EDGE_CURVE('',#5501,#5502,#2044,.T.);
#6872=EDGE_CURVE('',#5497,#5501,#450,.T.);
#6876=ADVANCED_FACE('',(#6875),#6797,.T.);
#6883=EDGE_CURVE('',#5498,#6006,#465,.T.);
#6885=EDGE_CURVE('',#6004,#6006,#473,.T.);
#6887=EDGE_CURVE('',#5757,#6004,#5235,.T.);
#6891=ADVANCED_FACE('',(#6890),#6881,.T.);
#6898=EDGE_CURVE('',#5850,#5914,#488,.T.);
#6900=EDGE_CURVE('',#6006,#5914,#496,.T.);
#6905=ADVANCED_FACE('',(#6904),#6896,.T.);
#6911=EDGE_CURVE('',#5913,#5914,#504,.T.);
#6915=EDGE_CURVE('',#5849,#5913,#519,.T.);
#6919=ADVANCED_FACE('',(#6918),#6910,.F.);
#6925=EDGE_CURVE('',#5509,#5510,#527,.T.);
#6927=EDGE_CURVE('',#5720,#5509,#535,.T.);
#6929=EDGE_CURVE('',#5720,#5426,#1002,.T.);
#6931=EDGE_CURVE('',#5425,#5426,#964,.T.);
#6933=EDGE_CURVE('',#5425,#5510,#956,.T.);
#6937=ADVANCED_FACE('',(#6936),#6924,.T.);
#6943=EDGE_CURVE('',#5517,#5518,#543,.T.);
#6945=EDGE_CURVE('',#6006,#5517,#551,.T.);
#6949=EDGE_CURVE('',#5913,#5518,#3196,.T.);
#6953=ADVANCED_FACE('',(#6952),#6942,.T.);
#6960=EDGE_CURVE('',#5696,#5580,#559,.T.);
#6962=EDGE_CURVE('',#5696,#5378,#3150,.T.);
#6964=EDGE_CURVE('',#5377,#5378,#3158,.T.);
#6968=ADVANCED_FACE('',(#6967),#6958,.T.);
#6974=EDGE_CURVE('',#5381,#5582,#1968,.T.);
#6976=EDGE_CURVE('',#5698,#5582,#567,.T.);
#6978=EDGE_CURVE('',#5698,#5382,#2014,.T.);
#6980=EDGE_CURVE('',#5381,#5382,#1976,.T.);
#6984=ADVANCED_FACE('',(#6983),#6973,.T.);
#6990=EDGE_CURVE('',#5385,#5584,#1876,.T.);
#6992=EDGE_CURVE('',#5700,#5584,#575,.T.);
#6994=EDGE_CURVE('',#5700,#5386,#1922,.T.);
#6996=EDGE_CURVE('',#5385,#5386,#1884,.T.);
#7000=ADVANCED_FACE('',(#6999),#6989,.T.);
#7006=EDGE_CURVE('',#5389,#5586,#1784,.T.);
#7008=EDGE_CURVE('',#5702,#5586,#583,.T.);
#7010=EDGE_CURVE('',#5702,#5390,#1830,.T.);
#7012=EDGE_CURVE('',#5389,#5390,#1792,.T.);
#7016=ADVANCED_FACE('',(#7015),#7005,.T.);
#7022=EDGE_CURVE('',#5393,#5588,#1692,.T.);
#7024=EDGE_CURVE('',#5704,#5588,#591,.T.);
#7026=EDGE_CURVE('',#5704,#5394,#1738,.T.);
#7028=EDGE_CURVE('',#5393,#5394,#1700,.T.);
#7032=ADVANCED_FACE('',(#7031),#7021,.T.);
#7038=EDGE_CURVE('',#5397,#5590,#1600,.T.);
#7040=EDGE_CURVE('',#5706,#5590,#599,.T.);
#7042=EDGE_CURVE('',#5706,#5398,#1646,.T.);
#7044=EDGE_CURVE('',#5397,#5398,#1608,.T.);
#7048=ADVANCED_FACE('',(#7047),#7037,.T.);
#7054=EDGE_CURVE('',#5401,#5592,#1508,.T.);
#7056=EDGE_CURVE('',#5708,#5592,#607,.T.);
#7058=EDGE_CURVE('',#5708,#5402,#1554,.T.);
#7060=EDGE_CURVE('',#5401,#5402,#1516,.T.);
#7064=ADVANCED_FACE('',(#7063),#7053,.T.);
#7070=EDGE_CURVE('',#5405,#5594,#1416,.T.);
#7072=EDGE_CURVE('',#5710,#5594,#615,.T.);
#7074=EDGE_CURVE('',#5710,#5406,#1462,.T.);
#7076=EDGE_CURVE('',#5405,#5406,#1424,.T.);
#7080=ADVANCED_FACE('',(#7079),#7069,.T.);
#7086=EDGE_CURVE('',#5409,#5596,#1324,.T.);
#7088=EDGE_CURVE('',#5712,#5596,#623,.T.);
#7090=EDGE_CURVE('',#5712,#5410,#1370,.T.);
#7092=EDGE_CURVE('',#5409,#5410,#1332,.T.);
#7096=ADVANCED_FACE('',(#7095),#7085,.T.);
#7102=EDGE_CURVE('',#5413,#5598,#1232,.T.);
#7104=EDGE_CURVE('',#5714,#5598,#631,.T.);
#7106=EDGE_CURVE('',#5714,#5414,#1278,.T.);
#7108=EDGE_CURVE('',#5413,#5414,#1240,.T.);
#7112=ADVANCED_FACE('',(#7111),#7101,.T.);
#7118=EDGE_CURVE('',#5417,#5600,#1140,.T.);
#7120=EDGE_CURVE('',#5716,#5600,#639,.T.);
#7122=EDGE_CURVE('',#5716,#5418,#1186,.T.);
#7124=EDGE_CURVE('',#5417,#5418,#1148,.T.);
#7128=ADVANCED_FACE('',(#7127),#7117,.T.);
#7134=EDGE_CURVE('',#5421,#5602,#1048,.T.);
#7136=EDGE_CURVE('',#5718,#5602,#647,.T.);
#7138=EDGE_CURVE('',#5718,#5422,#1094,.T.);
#7140=EDGE_CURVE('',#5421,#5422,#1056,.T.);
#7144=ADVANCED_FACE('',(#7143),#7133,.T.);
#7150=EDGE_CURVE('',#5429,#5604,#3311,.T.);
#7152=EDGE_CURVE('',#5722,#5604,#655,.T.);
#7154=EDGE_CURVE('',#5722,#5430,#3265,.T.);
#7156=EDGE_CURVE('',#5429,#5430,#3273,.T.);
#7160=ADVANCED_FACE('',(#7159),#7149,.T.);
#7166=EDGE_CURVE('',#5433,#5606,#3403,.T.);
#7168=EDGE_CURVE('',#5724,#5606,#663,.T.);
#7170=EDGE_CURVE('',#5724,#5434,#3357,.T.);
#7172=EDGE_CURVE('',#5433,#5434,#3365,.T.);
#7176=ADVANCED_FACE('',(#7175),#7165,.T.);
#7182=EDGE_CURVE('',#5437,#5608,#3495,.T.);
#7184=EDGE_CURVE('',#5726,#5608,#671,.T.);
#7186=EDGE_CURVE('',#5726,#5438,#3449,.T.);
#7188=EDGE_CURVE('',#5437,#5438,#3457,.T.);
#7192=ADVANCED_FACE('',(#7191),#7181,.T.);
#7198=EDGE_CURVE('',#5441,#5610,#3587,.T.);
#7200=EDGE_CURVE('',#5728,#5610,#679,.T.);
#7202=EDGE_CURVE('',#5728,#5442,#3541,.T.);
#7204=EDGE_CURVE('',#5441,#5442,#3549,.T.);
#7208=ADVANCED_FACE('',(#7207),#7197,.T.);
#7214=EDGE_CURVE('',#5445,#5612,#3679,.T.);
#7216=EDGE_CURVE('',#5730,#5612,#687,.T.);
#7218=EDGE_CURVE('',#5730,#5446,#3633,.T.);
#7220=EDGE_CURVE('',#5445,#5446,#3641,.T.);
#7224=ADVANCED_FACE('',(#7223),#7213,.T.);
#7230=EDGE_CURVE('',#5449,#5614,#3771,.T.);
#7232=EDGE_CURVE('',#5732,#5614,#695,.T.);
#7234=EDGE_CURVE('',#5732,#5450,#3725,.T.);
#7236=EDGE_CURVE('',#5449,#5450,#3733,.T.);
#7240=ADVANCED_FACE('',(#7239),#7229,.T.);
#7246=EDGE_CURVE('',#5453,#5616,#3863,.T.);
#7248=EDGE_CURVE('',#5734,#5616,#703,.T.);
#7250=EDGE_CURVE('',#5734,#5454,#3817,.T.);
#7252=EDGE_CURVE('',#5453,#5454,#3825,.T.);
#7256=ADVANCED_FACE('',(#7255),#7245,.T.);
#7262=EDGE_CURVE('',#5457,#5618,#3955,.T.);
#7264=EDGE_CURVE('',#5736,#5618,#711,.T.);
#7266=EDGE_CURVE('',#5736,#5458,#3909,.T.);
#7268=EDGE_CURVE('',#5457,#5458,#3917,.T.);
#7272=ADVANCED_FACE('',(#7271),#7261,.T.);
#7278=EDGE_CURVE('',#5461,#5620,#4047,.T.);
#7280=EDGE_CURVE('',#5738,#5620,#719,.T.);
#7282=EDGE_CURVE('',#5738,#5462,#4001,.T.);
#7284=EDGE_CURVE('',#5461,#5462,#4009,.T.);
#7288=ADVANCED_FACE('',(#7287),#7277,.T.);
#7294=EDGE_CURVE('',#5465,#5622,#4139,.T.);
#7296=EDGE_CURVE('',#5740,#5622,#727,.T.);
#7298=EDGE_CURVE('',#5740,#5466,#4093,.T.);
#7300=EDGE_CURVE('',#5465,#5466,#4101,.T.);
#7304=ADVANCED_FACE('',(#7303),#7293,.T.);
#7310=EDGE_CURVE('',#5469,#5624,#4231,.T.);
#7312=EDGE_CURVE('',#5742,#5624,#735,.T.);
#7314=EDGE_CURVE('',#5742,#5470,#4185,.T.);
#7316=EDGE_CURVE('',#5469,#5470,#4193,.T.);
#7320=ADVANCED_FACE('',(#7319),#7309,.T.);
#7326=EDGE_CURVE('',#5473,#5626,#4323,.T.);
#7328=EDGE_CURVE('',#5744,#5626,#743,.T.);
#7330=EDGE_CURVE('',#5744,#5474,#4277,.T.);
#7332=EDGE_CURVE('',#5473,#5474,#4285,.T.);
#7336=ADVANCED_FACE('',(#7335),#7325,.T.);
#7342=EDGE_CURVE('',#5477,#5628,#4415,.T.);
#7344=EDGE_CURVE('',#5746,#5628,#751,.T.);
#7346=EDGE_CURVE('',#5746,#5478,#4369,.T.);
#7348=EDGE_CURVE('',#5477,#5478,#4377,.T.);
#7352=ADVANCED_FACE('',(#7351),#7341,.T.);
#7358=EDGE_CURVE('',#5481,#5630,#4507,.T.);
#7360=EDGE_CURVE('',#5748,#5630,#759,.T.);
#7362=EDGE_CURVE('',#5748,#5482,#4461,.T.);
#7364=EDGE_CURVE('',#5481,#5482,#4469,.T.);
#7368=ADVANCED_FACE('',(#7367),#7357,.T.);
#7374=EDGE_CURVE('',#5485,#5632,#4599,.T.);
#7376=EDGE_CURVE('',#5750,#5632,#767,.T.);
#7378=EDGE_CURVE('',#5750,#5486,#4553,.T.);
#7380=EDGE_CURVE('',#5485,#5486,#4561,.T.);
#7384=ADVANCED_FACE('',(#7383),#7373,.T.);
#7390=EDGE_CURVE('',#5489,#5634,#4691,.T.);
#7392=EDGE_CURVE('',#5752,#5634,#775,.T.);
#7394=EDGE_CURVE('',#5752,#5490,#4645,.T.);
#7396=EDGE_CURVE('',#5489,#5490,#4653,.T.);
#7400=ADVANCED_FACE('',(#7399),#7389,.T.);
#7406=EDGE_CURVE('',#5493,#5636,#4783,.T.);
#7408=EDGE_CURVE('',#5754,#5636,#783,.T.);
#7410=EDGE_CURVE('',#5754,#5494,#4737,.T.);
#7412=EDGE_CURVE('',#5493,#5494,#4745,.T.);
#7416=ADVANCED_FACE('',(#7415),#7405,.T.);
#7422=EDGE_CURVE('',#5789,#5790,#791,.T.);
#7424=EDGE_CURVE('',#5789,#5918,#2230,.T.);
#7426=EDGE_CURVE('',#5917,#5918,#2238,.T.);
#7428=EDGE_CURVE('',#5917,#5790,#2276,.T.);
#7432=ADVANCED_FACE('',(#7431),#7421,.T.);
#7438=EDGE_CURVE('',#5793,#5794,#799,.T.);
#7440=EDGE_CURVE('',#5793,#5922,#2322,.T.);
#7442=EDGE_CURVE('',#5921,#5922,#2330,.T.);
#7444=EDGE_CURVE('',#5921,#5794,#2368,.T.);
#7448=ADVANCED_FACE('',(#7447),#7437,.T.);
#7454=EDGE_CURVE('',#5797,#5798,#807,.T.);
#7456=EDGE_CURVE('',#5797,#5926,#2414,.T.);
#7458=EDGE_CURVE('',#5925,#5926,#2422,.T.);
#7460=EDGE_CURVE('',#5925,#5798,#2460,.T.);
#7464=ADVANCED_FACE('',(#7463),#7453,.T.);
#7470=EDGE_CURVE('',#5801,#5802,#815,.T.);
#7472=EDGE_CURVE('',#5801,#5930,#2506,.T.);
#7474=EDGE_CURVE('',#5929,#5930,#2514,.T.);
#7476=EDGE_CURVE('',#5929,#5802,#2552,.T.);
#7480=ADVANCED_FACE('',(#7479),#7469,.T.);
#7486=EDGE_CURVE('',#5805,#5806,#823,.T.);
#7488=EDGE_CURVE('',#5805,#5934,#2598,.T.);
#7490=EDGE_CURVE('',#5933,#5934,#2606,.T.);
#7492=EDGE_CURVE('',#5933,#5806,#2644,.T.);
#7496=ADVANCED_FACE('',(#7495),#7485,.T.);
#7502=EDGE_CURVE('',#5809,#5810,#831,.T.);
#7504=EDGE_CURVE('',#5809,#5938,#2690,.T.);
#7506=EDGE_CURVE('',#5937,#5938,#2698,.T.);
#7508=EDGE_CURVE('',#5937,#5810,#2736,.T.);
#7512=ADVANCED_FACE('',(#7511),#7501,.T.);
#7518=EDGE_CURVE('',#5815,#5816,#839,.T.);
#7520=EDGE_CURVE('',#5815,#5942,#2782,.T.);
#7522=EDGE_CURVE('',#5941,#5942,#2790,.T.);
#7524=EDGE_CURVE('',#5941,#5816,#2828,.T.);
#7528=ADVANCED_FACE('',(#7527),#7517,.T.);
#7534=EDGE_CURVE('',#5819,#5820,#847,.T.);
#7536=EDGE_CURVE('',#5819,#5946,#2874,.T.);
#7538=EDGE_CURVE('',#5945,#5946,#2882,.T.);
#7540=EDGE_CURVE('',#5945,#5820,#2920,.T.);
#7544=ADVANCED_FACE('',(#7543),#7533,.T.);
#7550=EDGE_CURVE('',#5823,#5824,#855,.T.);
#7552=EDGE_CURVE('',#5823,#5950,#2966,.T.);
#7554=EDGE_CURVE('',#5949,#5950,#2974,.T.);
#7556=EDGE_CURVE('',#5949,#5824,#3012,.T.);
#7560=ADVANCED_FACE('',(#7559),#7549,.T.);
#7566=EDGE_CURVE('',#5826,#5812,#863,.T.);
#7568=EDGE_CURVE('',#5826,#5954,#3058,.T.);
#7570=EDGE_CURVE('',#5953,#5954,#3066,.T.);
#7572=EDGE_CURVE('',#5953,#5812,#3104,.T.);
#7576=ADVANCED_FACE('',(#7575),#7565,.T.);
#7582=EDGE_CURVE('',#5986,#5988,#871,.T.);
#7584=EDGE_CURVE('',#5986,#5894,#4829,.T.);
#7586=EDGE_CURVE('',#5893,#5894,#4837,.T.);
#7588=EDGE_CURVE('',#5893,#5988,#4875,.T.);
#7592=ADVANCED_FACE('',(#7591),#7581,.T.);
#7598=EDGE_CURVE('',#5990,#5992,#879,.T.);
#7600=EDGE_CURVE('',#5990,#5898,#4921,.T.);
#7602=EDGE_CURVE('',#5897,#5898,#4929,.T.);
#7604=EDGE_CURVE('',#5897,#5992,#4967,.T.);
#7608=ADVANCED_FACE('',(#7607),#7597,.T.);
#7614=EDGE_CURVE('',#5994,#5996,#887,.T.);
#7616=EDGE_CURVE('',#5994,#5902,#5013,.T.);
#7618=EDGE_CURVE('',#5901,#5902,#5021,.T.);
#7620=EDGE_CURVE('',#5901,#5996,#5059,.T.);
#7624=ADVANCED_FACE('',(#7623),#7613,.T.);
#7630=EDGE_CURVE('',#5998,#6000,#895,.T.);
#7632=EDGE_CURVE('',#5998,#5906,#5105,.T.);
#7634=EDGE_CURVE('',#5905,#5906,#5113,.T.);
#7636=EDGE_CURVE('',#5905,#6000,#5151,.T.);
#7640=ADVANCED_FACE('',(#7639),#7629,.T.);
#7646=EDGE_CURVE('',#6002,#6004,#903,.T.);
#7648=EDGE_CURVE('',#6002,#5910,#5197,.T.);
#7650=EDGE_CURVE('',#5909,#5910,#5205,.T.);
#7652=EDGE_CURVE('',#5909,#6004,#5243,.T.);
#7656=ADVANCED_FACE('',(#7655),#7645,.T.);
#7663=EDGE_CURVE('',#5510,#5722,#933,.T.);
#7666=EDGE_CURVE('',#5604,#5724,#3334,.T.);
#7669=EDGE_CURVE('',#5606,#5726,#3426,.T.);
#7672=EDGE_CURVE('',#5608,#5728,#3518,.T.);
#7675=EDGE_CURVE('',#5610,#5730,#3610,.T.);
#7678=EDGE_CURVE('',#5612,#5732,#3702,.T.);
#7681=EDGE_CURVE('',#5614,#5734,#3794,.T.);
#7684=EDGE_CURVE('',#5616,#5736,#3886,.T.);
#7687=EDGE_CURVE('',#5618,#5738,#3978,.T.);
#7690=EDGE_CURVE('',#5620,#5740,#4070,.T.);
#7693=EDGE_CURVE('',#5622,#5742,#4162,.T.);
#7696=EDGE_CURVE('',#5624,#5744,#4254,.T.);
#7699=EDGE_CURVE('',#5626,#5746,#4346,.T.);
#7702=EDGE_CURVE('',#5628,#5748,#4438,.T.);
#7705=EDGE_CURVE('',#5630,#5750,#4530,.T.);
#7708=EDGE_CURVE('',#5632,#5752,#4622,.T.);
#7711=EDGE_CURVE('',#5634,#5754,#4714,.T.);
#7714=EDGE_CURVE('',#5636,#5986,#4806,.T.);
#7717=EDGE_CURVE('',#5988,#5990,#4898,.T.);
#7720=EDGE_CURVE('',#5992,#5994,#4990,.T.);
#7723=EDGE_CURVE('',#5996,#5998,#5082,.T.);
#7726=EDGE_CURVE('',#6000,#6002,#5174,.T.);
#7731=EDGE_CURVE('',#5517,#5514,#2184,.T.);
#7733=EDGE_CURVE('',#5513,#5514,#3204,.T.);
#7735=EDGE_CURVE('',#5509,#5513,#910,.T.);
#7739=ADVANCED_FACE('',(#7738),#7661,.T.);
#7745=EDGE_CURVE('',#5544,#5510,#948,.T.);
#7748=EDGE_CURVE('',#5662,#5722,#925,.T.);
#7753=ADVANCED_FACE('',(#7752),#7744,.T.);
#7762=EDGE_CURVE('',#5301,#5425,#979,.T.);
#7766=ADVANCED_FACE('',(#7765),#7758,.T.);
#7773=EDGE_CURVE('',#5302,#5426,#994,.T.);
#7779=ADVANCED_FACE('',(#7778),#7771,.F.);
#7788=EDGE_CURVE('',#5506,#5720,#1017,.T.);
#7792=ADVANCED_FACE('',(#7791),#7784,.T.);
#7798=EDGE_CURVE('',#5542,#5602,#1040,.T.);
#7800=EDGE_CURVE('',#5506,#5542,#1010,.T.);
#7803=EDGE_CURVE('',#5602,#5720,#1025,.T.);
#7807=ADVANCED_FACE('',(#7806),#7797,.T.);
#7816=EDGE_CURVE('',#5297,#5421,#1071,.T.);
#7820=ADVANCED_FACE('',(#7819),#7812,.T.);
#7827=EDGE_CURVE('',#5298,#5422,#1086,.T.);
#7833=ADVANCED_FACE('',(#7832),#7825,.F.);
#7842=EDGE_CURVE('',#5660,#5718,#1109,.T.);
#7846=ADVANCED_FACE('',(#7845),#7838,.T.);
#7852=EDGE_CURVE('',#5540,#5600,#1132,.T.);
#7854=EDGE_CURVE('',#5660,#5540,#1102,.T.);
#7857=EDGE_CURVE('',#5600,#5718,#1117,.T.);
#7861=ADVANCED_FACE('',(#7860),#7851,.T.);
#7870=EDGE_CURVE('',#5293,#5417,#1163,.T.);
#7874=ADVANCED_FACE('',(#7873),#7866,.T.);
#7881=EDGE_CURVE('',#5294,#5418,#1178,.T.);
#7887=ADVANCED_FACE('',(#7886),#7879,.F.);
#7896=EDGE_CURVE('',#5658,#5716,#1201,.T.);
#7900=ADVANCED_FACE('',(#7899),#7892,.T.);
#7906=EDGE_CURVE('',#5538,#5598,#1224,.T.);
#7908=EDGE_CURVE('',#5658,#5538,#1194,.T.);
#7911=EDGE_CURVE('',#5598,#5716,#1209,.T.);
#7915=ADVANCED_FACE('',(#7914),#7905,.T.);
#7924=EDGE_CURVE('',#5289,#5413,#1255,.T.);
#7928=ADVANCED_FACE('',(#7927),#7920,.T.);
#7935=EDGE_CURVE('',#5290,#5414,#1270,.T.);
#7941=ADVANCED_FACE('',(#7940),#7933,.F.);
#7950=EDGE_CURVE('',#5656,#5714,#1293,.T.);
#7954=ADVANCED_FACE('',(#7953),#7946,.T.);
#7960=EDGE_CURVE('',#5536,#5596,#1316,.T.);
#7962=EDGE_CURVE('',#5656,#5536,#1286,.T.);
#7965=EDGE_CURVE('',#5596,#5714,#1301,.T.);
#7969=ADVANCED_FACE('',(#7968),#7959,.T.);
#7978=EDGE_CURVE('',#5285,#5409,#1347,.T.);
#7982=ADVANCED_FACE('',(#7981),#7974,.T.);
#7989=EDGE_CURVE('',#5286,#5410,#1362,.T.);
#7995=ADVANCED_FACE('',(#7994),#7987,.F.);
#8004=EDGE_CURVE('',#5654,#5712,#1385,.T.);
#8008=ADVANCED_FACE('',(#8007),#8000,.T.);
#8014=EDGE_CURVE('',#5534,#5594,#1408,.T.);
#8016=EDGE_CURVE('',#5654,#5534,#1378,.T.);
#8019=EDGE_CURVE('',#5594,#5712,#1393,.T.);
#8023=ADVANCED_FACE('',(#8022),#8013,.T.);
#8032=EDGE_CURVE('',#5281,#5405,#1439,.T.);
#8036=ADVANCED_FACE('',(#8035),#8028,.T.);
#8043=EDGE_CURVE('',#5282,#5406,#1454,.T.);
#8049=ADVANCED_FACE('',(#8048),#8041,.F.);
#8058=EDGE_CURVE('',#5652,#5710,#1477,.T.);
#8062=ADVANCED_FACE('',(#8061),#8054,.T.);
#8068=EDGE_CURVE('',#5532,#5592,#1500,.T.);
#8070=EDGE_CURVE('',#5652,#5532,#1470,.T.);
#8073=EDGE_CURVE('',#5592,#5710,#1485,.T.);
#8077=ADVANCED_FACE('',(#8076),#8067,.T.);
#8086=EDGE_CURVE('',#5277,#5401,#1531,.T.);
#8090=ADVANCED_FACE('',(#8089),#8082,.T.);
#8097=EDGE_CURVE('',#5278,#5402,#1546,.T.);
#8103=ADVANCED_FACE('',(#8102),#8095,.F.);
#8112=EDGE_CURVE('',#5650,#5708,#1569,.T.);
#8116=ADVANCED_FACE('',(#8115),#8108,.T.);
#8122=EDGE_CURVE('',#5530,#5590,#1592,.T.);
#8124=EDGE_CURVE('',#5650,#5530,#1562,.T.);
#8127=EDGE_CURVE('',#5590,#5708,#1577,.T.);
#8131=ADVANCED_FACE('',(#8130),#8121,.T.);
#8140=EDGE_CURVE('',#5273,#5397,#1623,.T.);
#8144=ADVANCED_FACE('',(#8143),#8136,.T.);
#8151=EDGE_CURVE('',#5274,#5398,#1638,.T.);
#8157=ADVANCED_FACE('',(#8156),#8149,.F.);
#8166=EDGE_CURVE('',#5648,#5706,#1661,.T.);
#8170=ADVANCED_FACE('',(#8169),#8162,.T.);
#8176=EDGE_CURVE('',#5528,#5588,#1684,.T.);
#8178=EDGE_CURVE('',#5648,#5528,#1654,.T.);
#8181=EDGE_CURVE('',#5588,#5706,#1669,.T.);
#8185=ADVANCED_FACE('',(#8184),#8175,.T.);
#8194=EDGE_CURVE('',#5269,#5393,#1715,.T.);
#8198=ADVANCED_FACE('',(#8197),#8190,.T.);
#8205=EDGE_CURVE('',#5270,#5394,#1730,.T.);
#8211=ADVANCED_FACE('',(#8210),#8203,.F.);
#8220=EDGE_CURVE('',#5646,#5704,#1753,.T.);
#8224=ADVANCED_FACE('',(#8223),#8216,.T.);
#8230=EDGE_CURVE('',#5526,#5586,#1776,.T.);
#8232=EDGE_CURVE('',#5646,#5526,#1746,.T.);
#8235=EDGE_CURVE('',#5586,#5704,#1761,.T.);
#8239=ADVANCED_FACE('',(#8238),#8229,.T.);
#8248=EDGE_CURVE('',#5265,#5389,#1807,.T.);
#8252=ADVANCED_FACE('',(#8251),#8244,.T.);
#8259=EDGE_CURVE('',#5266,#5390,#1822,.T.);
#8265=ADVANCED_FACE('',(#8264),#8257,.F.);
#8274=EDGE_CURVE('',#5644,#5702,#1845,.T.);
#8278=ADVANCED_FACE('',(#8277),#8270,.T.);
#8284=EDGE_CURVE('',#5524,#5584,#1868,.T.);
#8286=EDGE_CURVE('',#5644,#5524,#1838,.T.);
#8289=EDGE_CURVE('',#5584,#5702,#1853,.T.);
#8293=ADVANCED_FACE('',(#8292),#8283,.T.);
#8302=EDGE_CURVE('',#5261,#5385,#1899,.T.);
#8306=ADVANCED_FACE('',(#8305),#8298,.T.);
#8313=EDGE_CURVE('',#5262,#5386,#1914,.T.);
#8319=ADVANCED_FACE('',(#8318),#8311,.F.);
#8328=EDGE_CURVE('',#5642,#5700,#1937,.T.);
#8332=ADVANCED_FACE('',(#8331),#8324,.T.);
#8338=EDGE_CURVE('',#5522,#5582,#1960,.T.);
#8340=EDGE_CURVE('',#5642,#5522,#1930,.T.);
#8343=EDGE_CURVE('',#5582,#5700,#1945,.T.);
#8347=ADVANCED_FACE('',(#8346),#8337,.T.);
#8356=EDGE_CURVE('',#5257,#5381,#1991,.T.);
#8360=ADVANCED_FACE('',(#8359),#8352,.T.);
#8367=EDGE_CURVE('',#5258,#5382,#2006,.T.);
#8373=ADVANCED_FACE('',(#8372),#8365,.F.);
#8385=ADVANCED_FACE('',(#8384),#8378,.T.);
#8391=EDGE_CURVE('',#5502,#5501,#2029,.T.);
#8419=EDGE_CURVE('',#5638,#5776,#3127,.T.);
#8422=EDGE_CURVE('',#5778,#5781,#3020,.T.);
#8425=EDGE_CURVE('',#5782,#5785,#2928,.T.);
#8428=EDGE_CURVE('',#5786,#5956,#2836,.T.);
#8431=EDGE_CURVE('',#5958,#5960,#2744,.T.);
#8434=EDGE_CURVE('',#5962,#5964,#2652,.T.);
#8437=EDGE_CURVE('',#5966,#5968,#2560,.T.);
#8440=EDGE_CURVE('',#5970,#5972,#2468,.T.);
#8443=EDGE_CURVE('',#5974,#5976,#2376,.T.);
#8446=EDGE_CURVE('',#5978,#5980,#2284,.T.);
#8449=EDGE_CURVE('',#5982,#5984,#2192,.T.);
#8455=ADVANCED_FACE('',(#8454),#8390,.T.);
#8462=EDGE_CURVE('',#5501,#5249,#2036,.T.);
#8464=EDGE_CURVE('',#5249,#5250,#2059,.T.);
#8466=EDGE_CURVE('',#5502,#5250,#2051,.T.);
#8470=ADVANCED_FACE('',(#8469),#8460,.T.);
#8478=EDGE_CURVE('',#5250,#5249,#2067,.T.);
#8483=ADVANCED_FACE('',(#8482),#8475,.T.);
#8493=EDGE_CURVE('',#6017,#6018,#2075,.T.);
#8495=EDGE_CURVE('',#6018,#6017,#2083,.T.);
#8499=ADVANCED_FACE('',(#8492,#8498),#8488,.T.);
#8506=EDGE_CURVE('',#6018,#6022,#2099,.T.);
#8508=EDGE_CURVE('',#6021,#6022,#3242,.T.);
#8510=EDGE_CURVE('',#6017,#6021,#2091,.T.);
#8514=ADVANCED_FACE('',(#8513),#8504,.T.);
#8522=EDGE_CURVE('',#6022,#6021,#2122,.T.);
#8527=ADVANCED_FACE('',(#8526),#8519,.T.);
#8533=EDGE_CURVE('',#6014,#6013,#2107,.T.);
#8535=EDGE_CURVE('',#6013,#6022,#2114,.T.);
#8538=EDGE_CURVE('',#6014,#6021,#3234,.T.);
#8542=ADVANCED_FACE('',(#8541),#8532,.F.);
#8548=EDGE_CURVE('',#6010,#6009,#2162,.T.);
#8550=EDGE_CURVE('',#6009,#6013,#3219,.T.);
#8553=EDGE_CURVE('',#6010,#6014,#2130,.T.);
#8557=ADVANCED_FACE('',(#8556),#8547,.T.);
#8563=EDGE_CURVE('',#5373,#5374,#2138,.T.);
#8565=EDGE_CURVE('',#5374,#5373,#2146,.T.);
#8569=EDGE_CURVE('',#6009,#6010,#2154,.T.);
#8574=ADVANCED_FACE('',(#8568,#8573),#8562,.F.);
#8580=EDGE_CURVE('',#5514,#5513,#2170,.T.);
#8582=EDGE_CURVE('',#5513,#5374,#3211,.T.);
#8585=EDGE_CURVE('',#5514,#5373,#2177,.T.);
#8589=ADVANCED_FACE('',(#8588),#8579,.T.);
#8598=EDGE_CURVE('',#5518,#5789,#2207,.T.);
#8601=EDGE_CURVE('',#5790,#5793,#2299,.T.);
#8604=EDGE_CURVE('',#5794,#5797,#2391,.T.);
#8607=EDGE_CURVE('',#5798,#5801,#2483,.T.);
#8610=EDGE_CURVE('',#5802,#5805,#2575,.T.);
#8613=EDGE_CURVE('',#5806,#5809,#2667,.T.);
#8616=EDGE_CURVE('',#5810,#5815,#2759,.T.);
#8619=EDGE_CURVE('',#5816,#5819,#2851,.T.);
#8622=EDGE_CURVE('',#5820,#5823,#2943,.T.);
#8625=EDGE_CURVE('',#5824,#5826,#3035,.T.);
#8628=EDGE_CURVE('',#5812,#5696,#3119,.T.);
#8658=ADVANCED_FACE('',(#8657),#8594,.T.);
#8665=EDGE_CURVE('',#5982,#5789,#2199,.T.);
#8668=EDGE_CURVE('',#5984,#5518,#3188,.T.);
#8672=ADVANCED_FACE('',(#8671),#8663,.T.);
#8679=EDGE_CURVE('',#5854,#5918,#2222,.T.);
#8685=ADVANCED_FACE('',(#8684),#8677,.T.);
#8694=EDGE_CURVE('',#5853,#5917,#2253,.T.);
#8698=ADVANCED_FACE('',(#8697),#8690,.F.);
#8705=EDGE_CURVE('',#5980,#5790,#2268,.T.);
#8711=ADVANCED_FACE('',(#8710),#8703,.T.);
#8718=EDGE_CURVE('',#5978,#5793,#2291,.T.);
#8724=ADVANCED_FACE('',(#8723),#8716,.T.);
#8731=EDGE_CURVE('',#5858,#5922,#2314,.T.);
#8737=ADVANCED_FACE('',(#8736),#8729,.T.);
#8746=EDGE_CURVE('',#5857,#5921,#2345,.T.);
#8750=ADVANCED_FACE('',(#8749),#8742,.F.);
#8757=EDGE_CURVE('',#5976,#5794,#2360,.T.);
#8763=ADVANCED_FACE('',(#8762),#8755,.T.);
#8770=EDGE_CURVE('',#5974,#5797,#2383,.T.);
#8776=ADVANCED_FACE('',(#8775),#8768,.T.);
#8783=EDGE_CURVE('',#5862,#5926,#2406,.T.);
#8789=ADVANCED_FACE('',(#8788),#8781,.T.);
#8798=EDGE_CURVE('',#5861,#5925,#2437,.T.);
#8802=ADVANCED_FACE('',(#8801),#8794,.F.);
#8809=EDGE_CURVE('',#5972,#5798,#2452,.T.);
#8815=ADVANCED_FACE('',(#8814),#8807,.T.);
#8822=EDGE_CURVE('',#5970,#5801,#2475,.T.);
#8828=ADVANCED_FACE('',(#8827),#8820,.T.);
#8835=EDGE_CURVE('',#5866,#5930,#2498,.T.);
#8841=ADVANCED_FACE('',(#8840),#8833,.T.);
#8850=EDGE_CURVE('',#5865,#5929,#2529,.T.);
#8854=ADVANCED_FACE('',(#8853),#8846,.F.);
#8861=EDGE_CURVE('',#5968,#5802,#2544,.T.);
#8867=ADVANCED_FACE('',(#8866),#8859,.T.);
#8874=EDGE_CURVE('',#5966,#5805,#2567,.T.);
#8880=ADVANCED_FACE('',(#8879),#8872,.T.);
#8887=EDGE_CURVE('',#5870,#5934,#2590,.T.);
#8893=ADVANCED_FACE('',(#8892),#8885,.T.);
#8902=EDGE_CURVE('',#5869,#5933,#2621,.T.);
#8906=ADVANCED_FACE('',(#8905),#8898,.F.);
#8913=EDGE_CURVE('',#5964,#5806,#2636,.T.);
#8919=ADVANCED_FACE('',(#8918),#8911,.T.);
#8926=EDGE_CURVE('',#5962,#5809,#2659,.T.);
#8932=ADVANCED_FACE('',(#8931),#8924,.T.);
#8939=EDGE_CURVE('',#5874,#5938,#2682,.T.);
#8945=ADVANCED_FACE('',(#8944),#8937,.T.);
#8954=EDGE_CURVE('',#5873,#5937,#2713,.T.);
#8958=ADVANCED_FACE('',(#8957),#8950,.F.);
#8965=EDGE_CURVE('',#5960,#5810,#2728,.T.);
#8971=ADVANCED_FACE('',(#8970),#8963,.T.);
#8978=EDGE_CURVE('',#5958,#5815,#2751,.T.);
#8984=ADVANCED_FACE('',(#8983),#8976,.T.);
#8991=EDGE_CURVE('',#5878,#5942,#2774,.T.);
#8997=ADVANCED_FACE('',(#8996),#8989,.T.);
#9006=EDGE_CURVE('',#5877,#5941,#2805,.T.);
#9010=ADVANCED_FACE('',(#9009),#9002,.F.);
#9017=EDGE_CURVE('',#5956,#5816,#2820,.T.);
#9023=ADVANCED_FACE('',(#9022),#9015,.T.);
#9030=EDGE_CURVE('',#5786,#5819,#2843,.T.);
#9036=ADVANCED_FACE('',(#9035),#9028,.T.);
#9043=EDGE_CURVE('',#5882,#5946,#2866,.T.);
#9049=ADVANCED_FACE('',(#9048),#9041,.T.);
#9058=EDGE_CURVE('',#5881,#5945,#2897,.T.);
#9062=ADVANCED_FACE('',(#9061),#9054,.F.);
#9069=EDGE_CURVE('',#5785,#5820,#2912,.T.);
#9075=ADVANCED_FACE('',(#9074),#9067,.T.);
#9082=EDGE_CURVE('',#5782,#5823,#2935,.T.);
#9088=ADVANCED_FACE('',(#9087),#9080,.T.);
#9095=EDGE_CURVE('',#5886,#5950,#2958,.T.);
#9101=ADVANCED_FACE('',(#9100),#9093,.T.);
#9110=EDGE_CURVE('',#5885,#5949,#2989,.T.);
#9114=ADVANCED_FACE('',(#9113),#9106,.F.);
#9121=EDGE_CURVE('',#5781,#5824,#3004,.T.);
#9127=ADVANCED_FACE('',(#9126),#9119,.T.);
#9134=EDGE_CURVE('',#5778,#5826,#3027,.T.);
#9140=ADVANCED_FACE('',(#9139),#9132,.T.);
#9147=EDGE_CURVE('',#5890,#5954,#3050,.T.);
#9153=ADVANCED_FACE('',(#9152),#9145,.T.);
#9162=EDGE_CURVE('',#5889,#5953,#3081,.T.);
#9166=ADVANCED_FACE('',(#9165),#9158,.F.);
#9173=EDGE_CURVE('',#5776,#5812,#3096,.T.);
#9179=ADVANCED_FACE('',(#9178),#9171,.T.);
#9185=EDGE_CURVE('',#5638,#5696,#3111,.T.);
#9192=ADVANCED_FACE('',(#9191),#9184,.T.);
#9199=EDGE_CURVE('',#5254,#5378,#3142,.T.);
#9205=ADVANCED_FACE('',(#9204),#9197,.T.);
#9217=ADVANCED_FACE('',(#9216),#9210,.F.);
#9229=ADVANCED_FACE('',(#9228),#9222,.T.);
#9241=ADVANCED_FACE('',(#9240),#9234,.T.);
#9249=EDGE_CURVE('',#6013,#6014,#3227,.T.);
#9254=ADVANCED_FACE('',(#9253),#9246,.T.);
#9266=ADVANCED_FACE('',(#9265),#9259,.F.);
#9273=EDGE_CURVE('',#5306,#5430,#3257,.T.);
#9279=ADVANCED_FACE('',(#9278),#9271,.T.);
#9288=EDGE_CURVE('',#5305,#5429,#3288,.T.);
#9292=ADVANCED_FACE('',(#9291),#9284,.F.);
#9299=EDGE_CURVE('',#5546,#5604,#3303,.T.);
#9305=ADVANCED_FACE('',(#9304),#9297,.T.);
#9313=EDGE_CURVE('',#5664,#5724,#3326,.T.);
#9318=ADVANCED_FACE('',(#9317),#9310,.T.);
#9325=EDGE_CURVE('',#5310,#5434,#3349,.T.);
#9331=ADVANCED_FACE('',(#9330),#9323,.T.);
#9340=EDGE_CURVE('',#5309,#5433,#3380,.T.);
#9344=ADVANCED_FACE('',(#9343),#9336,.F.);
#9351=EDGE_CURVE('',#5548,#5606,#3395,.T.);
#9357=ADVANCED_FACE('',(#9356),#9349,.T.);
#9365=EDGE_CURVE('',#5666,#5726,#3418,.T.);
#9370=ADVANCED_FACE('',(#9369),#9362,.T.);
#9377=EDGE_CURVE('',#5314,#5438,#3441,.T.);
#9383=ADVANCED_FACE('',(#9382),#9375,.T.);
#9392=EDGE_CURVE('',#5313,#5437,#3472,.T.);
#9396=ADVANCED_FACE('',(#9395),#9388,.F.);
#9403=EDGE_CURVE('',#5550,#5608,#3487,.T.);
#9409=ADVANCED_FACE('',(#9408),#9401,.T.);
#9417=EDGE_CURVE('',#5668,#5728,#3510,.T.);
#9422=ADVANCED_FACE('',(#9421),#9414,.T.);
#9429=EDGE_CURVE('',#5318,#5442,#3533,.T.);
#9435=ADVANCED_FACE('',(#9434),#9427,.T.);
#9444=EDGE_CURVE('',#5317,#5441,#3564,.T.);
#9448=ADVANCED_FACE('',(#9447),#9440,.F.);
#9455=EDGE_CURVE('',#5552,#5610,#3579,.T.);
#9461=ADVANCED_FACE('',(#9460),#9453,.T.);
#9469=EDGE_CURVE('',#5670,#5730,#3602,.T.);
#9474=ADVANCED_FACE('',(#9473),#9466,.T.);
#9481=EDGE_CURVE('',#5322,#5446,#3625,.T.);
#9487=ADVANCED_FACE('',(#9486),#9479,.T.);
#9496=EDGE_CURVE('',#5321,#5445,#3656,.T.);
#9500=ADVANCED_FACE('',(#9499),#9492,.F.);
#9507=EDGE_CURVE('',#5554,#5612,#3671,.T.);
#9513=ADVANCED_FACE('',(#9512),#9505,.T.);
#9521=EDGE_CURVE('',#5672,#5732,#3694,.T.);
#9526=ADVANCED_FACE('',(#9525),#9518,.T.);
#9533=EDGE_CURVE('',#5326,#5450,#3717,.T.);
#9539=ADVANCED_FACE('',(#9538),#9531,.T.);
#9548=EDGE_CURVE('',#5325,#5449,#3748,.T.);
#9552=ADVANCED_FACE('',(#9551),#9544,.F.);
#9559=EDGE_CURVE('',#5556,#5614,#3763,.T.);
#9565=ADVANCED_FACE('',(#9564),#9557,.T.);
#9573=EDGE_CURVE('',#5674,#5734,#3786,.T.);
#9578=ADVANCED_FACE('',(#9577),#9570,.T.);
#9585=EDGE_CURVE('',#5330,#5454,#3809,.T.);
#9591=ADVANCED_FACE('',(#9590),#9583,.T.);
#9600=EDGE_CURVE('',#5329,#5453,#3840,.T.);
#9604=ADVANCED_FACE('',(#9603),#9596,.F.);
#9611=EDGE_CURVE('',#5558,#5616,#3855,.T.);
#9617=ADVANCED_FACE('',(#9616),#9609,.T.);
#9625=EDGE_CURVE('',#5676,#5736,#3878,.T.);
#9630=ADVANCED_FACE('',(#9629),#9622,.T.);
#9637=EDGE_CURVE('',#5334,#5458,#3901,.T.);
#9643=ADVANCED_FACE('',(#9642),#9635,.T.);
#9652=EDGE_CURVE('',#5333,#5457,#3932,.T.);
#9656=ADVANCED_FACE('',(#9655),#9648,.F.);
#9663=EDGE_CURVE('',#5560,#5618,#3947,.T.);
#9669=ADVANCED_FACE('',(#9668),#9661,.T.);
#9677=EDGE_CURVE('',#5678,#5738,#3970,.T.);
#9682=ADVANCED_FACE('',(#9681),#9674,.T.);
#9689=EDGE_CURVE('',#5338,#5462,#3993,.T.);
#9695=ADVANCED_FACE('',(#9694),#9687,.T.);
#9704=EDGE_CURVE('',#5337,#5461,#4024,.T.);
#9708=ADVANCED_FACE('',(#9707),#9700,.F.);
#9715=EDGE_CURVE('',#5562,#5620,#4039,.T.);
#9721=ADVANCED_FACE('',(#9720),#9713,.T.);
#9729=EDGE_CURVE('',#5680,#5740,#4062,.T.);
#9734=ADVANCED_FACE('',(#9733),#9726,.T.);
#9741=EDGE_CURVE('',#5342,#5466,#4085,.T.);
#9747=ADVANCED_FACE('',(#9746),#9739,.T.);
#9756=EDGE_CURVE('',#5341,#5465,#4116,.T.);
#9760=ADVANCED_FACE('',(#9759),#9752,.F.);
#9767=EDGE_CURVE('',#5564,#5622,#4131,.T.);
#9773=ADVANCED_FACE('',(#9772),#9765,.T.);
#9781=EDGE_CURVE('',#5682,#5742,#4154,.T.);
#9786=ADVANCED_FACE('',(#9785),#9778,.T.);
#9793=EDGE_CURVE('',#5346,#5470,#4177,.T.);
#9799=ADVANCED_FACE('',(#9798),#9791,.T.);
#9808=EDGE_CURVE('',#5345,#5469,#4208,.T.);
#9812=ADVANCED_FACE('',(#9811),#9804,.F.);
#9819=EDGE_CURVE('',#5566,#5624,#4223,.T.);
#9825=ADVANCED_FACE('',(#9824),#9817,.T.);
#9833=EDGE_CURVE('',#5684,#5744,#4246,.T.);
#9838=ADVANCED_FACE('',(#9837),#9830,.T.);
#9845=EDGE_CURVE('',#5350,#5474,#4269,.T.);
#9851=ADVANCED_FACE('',(#9850),#9843,.T.);
#9860=EDGE_CURVE('',#5349,#5473,#4300,.T.);
#9864=ADVANCED_FACE('',(#9863),#9856,.F.);
#9871=EDGE_CURVE('',#5568,#5626,#4315,.T.);
#9877=ADVANCED_FACE('',(#9876),#9869,.T.);
#9885=EDGE_CURVE('',#5686,#5746,#4338,.T.);
#9890=ADVANCED_FACE('',(#9889),#9882,.T.);
#9897=EDGE_CURVE('',#5354,#5478,#4361,.T.);
#9903=ADVANCED_FACE('',(#9902),#9895,.T.);
#9912=EDGE_CURVE('',#5353,#5477,#4392,.T.);
#9916=ADVANCED_FACE('',(#9915),#9908,.F.);
#9923=EDGE_CURVE('',#5570,#5628,#4407,.T.);
#9929=ADVANCED_FACE('',(#9928),#9921,.T.);
#9937=EDGE_CURVE('',#5688,#5748,#4430,.T.);
#9942=ADVANCED_FACE('',(#9941),#9934,.T.);
#9949=EDGE_CURVE('',#5358,#5482,#4453,.T.);
#9955=ADVANCED_FACE('',(#9954),#9947,.T.);
#9964=EDGE_CURVE('',#5357,#5481,#4484,.T.);
#9968=ADVANCED_FACE('',(#9967),#9960,.F.);
#9975=EDGE_CURVE('',#5572,#5630,#4499,.T.);
#9981=ADVANCED_FACE('',(#9980),#9973,.T.);
#9989=EDGE_CURVE('',#5690,#5750,#4522,.T.);
#9994=ADVANCED_FACE('',(#9993),#9986,.T.);
#10001=EDGE_CURVE('',#5362,#5486,#4545,.T.);
#10007=ADVANCED_FACE('',(#10006),#9999,.T.);
#10016=EDGE_CURVE('',#5361,#5485,#4576,.T.);
#10020=ADVANCED_FACE('',(#10019),#10012,.F.);
#10027=EDGE_CURVE('',#5574,#5632,#4591,.T.);
#10033=ADVANCED_FACE('',(#10032),#10025,.T.);
#10041=EDGE_CURVE('',#5692,#5752,#4614,.T.);
#10046=ADVANCED_FACE('',(#10045),#10038,.T.);
#10053=EDGE_CURVE('',#5366,#5490,#4637,.T.);
#10059=ADVANCED_FACE('',(#10058),#10051,.T.);
#10068=EDGE_CURVE('',#5365,#5489,#4668,.T.);
#10072=ADVANCED_FACE('',(#10071),#10064,.F.);
#10079=EDGE_CURVE('',#5576,#5634,#4683,.T.);
#10085=ADVANCED_FACE('',(#10084),#10077,.T.);
#10093=EDGE_CURVE('',#5694,#5754,#4706,.T.);
#10098=ADVANCED_FACE('',(#10097),#10090,.T.);
#10105=EDGE_CURVE('',#5370,#5494,#4729,.T.);
#10111=ADVANCED_FACE('',(#10110),#10103,.T.);
#10120=EDGE_CURVE('',#5369,#5493,#4760,.T.);
#10124=ADVANCED_FACE('',(#10123),#10116,.F.);
#10131=EDGE_CURVE('',#5578,#5636,#4775,.T.);
#10137=ADVANCED_FACE('',(#10136),#10129,.T.);
#10145=EDGE_CURVE('',#5774,#5986,#4798,.T.);
#10150=ADVANCED_FACE('',(#10149),#10142,.T.);
#10157=EDGE_CURVE('',#5830,#5894,#4821,.T.);
#10163=ADVANCED_FACE('',(#10162),#10155,.T.);
#10172=EDGE_CURVE('',#5829,#5893,#4852,.T.);
#10176=ADVANCED_FACE('',(#10175),#10168,.F.);
#10183=EDGE_CURVE('',#5773,#5988,#4867,.T.);
#10189=ADVANCED_FACE('',(#10188),#10181,.T.);
#10196=EDGE_CURVE('',#5770,#5990,#4890,.T.);
#10202=ADVANCED_FACE('',(#10201),#10194,.T.);
#10209=EDGE_CURVE('',#5834,#5898,#4913,.T.);
#10215=ADVANCED_FACE('',(#10214),#10207,.T.);
#10224=EDGE_CURVE('',#5833,#5897,#4944,.T.);
#10228=ADVANCED_FACE('',(#10227),#10220,.F.);
#10235=EDGE_CURVE('',#5769,#5992,#4959,.T.);
#10241=ADVANCED_FACE('',(#10240),#10233,.T.);
#10248=EDGE_CURVE('',#5766,#5994,#4982,.T.);
#10254=ADVANCED_FACE('',(#10253),#10246,.T.);
#10261=EDGE_CURVE('',#5838,#5902,#5005,.T.);
#10267=ADVANCED_FACE('',(#10266),#10259,.T.);
#10276=EDGE_CURVE('',#5837,#5901,#5036,.T.);
#10280=ADVANCED_FACE('',(#10279),#10272,.F.);
#10287=EDGE_CURVE('',#5765,#5996,#5051,.T.);
#10293=ADVANCED_FACE('',(#10292),#10285,.T.);
#10300=EDGE_CURVE('',#5762,#5998,#5074,.T.);
#10306=ADVANCED_FACE('',(#10305),#10298,.T.);
#10313=EDGE_CURVE('',#5842,#5906,#5097,.T.);
#10319=ADVANCED_FACE('',(#10318),#10311,.T.);
#10328=EDGE_CURVE('',#5841,#5905,#5128,.T.);
#10332=ADVANCED_FACE('',(#10331),#10324,.F.);
#10339=EDGE_CURVE('',#5761,#6000,#5143,.T.);
#10345=ADVANCED_FACE('',(#10344),#10337,.T.);
#10352=EDGE_CURVE('',#5758,#6002,#5166,.T.);
#10358=ADVANCED_FACE('',(#10357),#10350,.T.);
#10365=EDGE_CURVE('',#5846,#5910,#5189,.T.);
#10371=ADVANCED_FACE('',(#10370),#10363,.T.);
#10380=EDGE_CURVE('',#5845,#5909,#5220,.T.);
#10384=ADVANCED_FACE('',(#10383),#10376,.F.);
#10396=ADVANCED_FACE('',(#10395),#10389,.T.);
#10397=CLOSED_SHELL('',(#6038,#6053,#6071,#6089,#6104,#6120,#6136,#6152,#6168,
#6184,#6200,#6216,#6232,#6248,#6264,#6280,#6296,#6312,#6328,#6344,#6360,#6376,
#6392,#6408,#6424,#6440,#6456,#6472,#6488,#6504,#6520,#6536,#6552,#6568,#6584,
#6600,#6616,#6632,#6648,#6664,#6680,#6696,#6712,#6728,#6744,#6760,#6776,#6792,
#6876,#6891,#6905,#6919,#6937,#6953,#6968,#6984,#7000,#7016,#7032,#7048,#7064,
#7080,#7096,#7112,#7128,#7144,#7160,#7176,#7192,#7208,#7224,#7240,#7256,#7272,
#7288,#7304,#7320,#7336,#7352,#7368,#7384,#7400,#7416,#7432,#7448,#7464,#7480,
#7496,#7512,#7528,#7544,#7560,#7576,#7592,#7608,#7624,#7640,#7656,#7739,#7753,
#7766,#7779,#7792,#7807,#7820,#7833,#7846,#7861,#7874,#7887,#7900,#7915,#7928,
#7941,#7954,#7969,#7982,#7995,#8008,#8023,#8036,#8049,#8062,#8077,#8090,#8103,
#8116,#8131,#8144,#8157,#8170,#8185,#8198,#8211,#8224,#8239,#8252,#8265,#8278,
#8293,#8306,#8319,#8332,#8347,#8360,#8373,#8385,#8455,#8470,#8483,#8499,#8514,
#8527,#8542,#8557,#8574,#8589,#8658,#8672,#8685,#8698,#8711,#8724,#8737,#8750,
#8763,#8776,#8789,#8802,#8815,#8828,#8841,#8854,#8867,#8880,#8893,#8906,#8919,
#8932,#8945,#8958,#8971,#8984,#8997,#9010,#9023,#9036,#9049,#9062,#9075,#9088,
#9101,#9114,#9127,#9140,#9153,#9166,#9179,#9192,#9205,#9217,#9229,#9241,#9254,
#9266,#9279,#9292,#9305,#9318,#9331,#9344,#9357,#9370,#9383,#9396,#9409,#9422,
#9435,#9448,#9461,#9474,#9487,#9500,#9513,#9526,#9539,#9552,#9565,#9578,#9591,
#9604,#9617,#9630,#9643,#9656,#9669,#9682,#9695,#9708,#9721,#9734,#9747,#9760,
#9773,#9786,#9799,#9812,#9825,#9838,#9851,#9864,#9877,#9890,#9903,#9916,#9929,
#9942,#9955,#9968,#9981,#9994,#10007,#10020,#10033,#10046,#10059,#10072,#10085,
#10098,#10111,#10124,#10137,#10150,#10163,#10176,#10189,#10202,#10215,#10228,
#10241,#10254,#10267,#10280,#10293,#10306,#10319,#10332,#10345,#10358,#10371,
#10384,#10396));
#10398=MANIFOLD_SOLID_BREP('',#10397);
#10405=(LENGTH_UNIT()NAMED_UNIT(*)SI_UNIT(.MILLI.,.METRE.));
#10408=(NAMED_UNIT(*)PLANE_ANGLE_UNIT()SI_UNIT($,.RADIAN.));
#10411=(NAMED_UNIT(*)SI_UNIT($,.STERADIAN.)SOLID_ANGLE_UNIT());
#10413=(GEOMETRIC_REPRESENTATION_CONTEXT(3)GLOBAL_UNCERTAINTY_ASSIGNED_CONTEXT((
#10412))GLOBAL_UNIT_ASSIGNED_CONTEXT((#10407,#10410,#10411))REPRESENTATION_CONTEXT('ID1','3'));
#10417=AXIS2_PLACEMENT_3D('',#10414,#10415,#10416);
#10418=ADVANCED_BREP_SHAPE_REPRESENTATION('',(#10417,#10398),#10413);
#10426=PRODUCT_DEFINITION('design','',#10425,#10422);
#10427=PRODUCT_DEFINITION_SHAPE('','SHAPE FOR 46T_PULLEY__.',#10426);
#10428=SHAPE_ASPECT('','solid data associated with 46T_PULLEY__',#10427,.F.);
#10429=PROPERTY_DEFINITION('',
'shape for solid data with which properties are associated',#10428);
#10430=SHAPE_REPRESENTATION('',(#10398),#10413);
#10431=SHAPE_DEFINITION_REPRESENTATION(#10429,#10430);
#10432=(LENGTH_UNIT()NAMED_UNIT(*)SI_UNIT(.MILLI.,.METRE.));
#10438=PROPERTY_DEFINITION('geometric validation property',
'area of 46T_PULLEY__',#10428);
#10439=REPRESENTATION('surface area',(#10437),#10413);
#10440=PROPERTY_DEFINITION_REPRESENTATION(#10438,#10439);
#10441=(LENGTH_UNIT()NAMED_UNIT(*)SI_UNIT(.MILLI.,.METRE.));
#10447=PROPERTY_DEFINITION('geometric validation property',
'volume of 46T_PULLEY__',#10428);
#10448=REPRESENTATION('volume',(#10446),#10413);
#10449=PROPERTY_DEFINITION_REPRESENTATION(#10447,#10448);
#10451=PROPERTY_DEFINITION('geometric validation property',
'centroid of 46T_PULLEY__',#10428);
#10452=REPRESENTATION('centroid',(#10450),#10413);
#10453=PROPERTY_DEFINITION_REPRESENTATION(#10451,#10452);
#10454=(LENGTH_UNIT()NAMED_UNIT(*)SI_UNIT(.MILLI.,.METRE.));
#10460=PROPERTY_DEFINITION('geometric validation property',
'area of 46T_PULLEY__',#10427);
#10461=REPRESENTATION('surface area',(#10459),#10413);
#10462=PROPERTY_DEFINITION_REPRESENTATION(#10460,#10461);
#10463=(LENGTH_UNIT()NAMED_UNIT(*)SI_UNIT(.MILLI.,.METRE.));
#10469=PROPERTY_DEFINITION('geometric validation property',
'volume of 46T_PULLEY__',#10427);
#10470=REPRESENTATION('volume',(#10468),#10413);
#10471=PROPERTY_DEFINITION_REPRESENTATION(#10469,#10470);
#10473=PROPERTY_DEFINITION('geometric validation property',
'centroid of 46T_PULLEY__',#10427);
#10474=REPRESENTATION('centroid',(#10472),#10413);
#10475=PROPERTY_DEFINITION_REPRESENTATION(#10473,#10474);
#10476=SHAPE_DEFINITION_REPRESENTATION(#10427,#10418);
ENDSEC;
END-ISO-10303-21;
