ISO-10303-21;
HEADER;
FILE_DESCRIPTION((''),'2;1');
FILE_NAME('FILLET25_MIR1','2026-06-15T13:45:35',('Esia'),(''),
'CREO PARAMETRIC BY PTC INC, 2025102','CREO PARAMETRIC BY PTC INC, 2025102','');
FILE_SCHEMA((
'AP242_MANAGED_MODEL_BASED_3D_ENGINEERING_MIM_LF { 1 0 10303 442 1 1 4 }'));
ENDSEC;
DATA;
#18=DIRECTION('',(0.E0,1.E0,0.E0));
#19=VECTOR('',#18,3.937007874016E-2);
#20=CARTESIAN_POINT('',(-7.706692913386E-1,-4.192913385827E-1,
1.141732283465E-1));
#21=LINE('',#20,#19);
#22=DRAUGHTING_PRE_DEFINED_CURVE_FONT('continuous');
#23=CURVE_STYLE('',#22,POSITIVE_LENGTH_MEASURE(2.E-2),#1);
#24=PRESENTATION_STYLE_ASSIGNMENT((#23));
#25=STYLED_ITEM('',(#24),#21);
#26=DIRECTION('',(0.E0,0.E0,1.E0));
#27=VECTOR('',#26,2.214566929134E-1);
#28=CARTESIAN_POINT('',(-7.706692913386E-1,-3.799212598425E-1,
1.141732283465E-1));
#29=LINE('',#28,#27);
#30=CURVE_STYLE('',#22,POSITIVE_LENGTH_MEASURE(2.E-2),#1);
#31=PRESENTATION_STYLE_ASSIGNMENT((#30));
#32=STYLED_ITEM('',(#31),#29);
#33=DIRECTION('',(0.E0,0.E0,-1.E0));
#34=VECTOR('',#33,2.214566929134E-1);
#35=CARTESIAN_POINT('',(-7.706692913386E-1,-4.192913385827E-1,
3.356299212598E-1));
#36=LINE('',#35,#34);
#37=CURVE_STYLE('',#22,POSITIVE_LENGTH_MEASURE(2.E-2),#1);
#38=PRESENTATION_STYLE_ASSIGNMENT((#37));
#39=STYLED_ITEM('',(#38),#36);
#40=DIRECTION('',(0.E0,-1.E0,0.E0));
#41=VECTOR('',#40,3.937007874016E-2);
#42=CARTESIAN_POINT('',(-7.706692913386E-1,-3.799212598425E-1,
-1.141732283465E-1));
#43=LINE('',#42,#41);
#44=CURVE_STYLE('',#22,POSITIVE_LENGTH_MEASURE(2.E-2),#1);
#45=PRESENTATION_STYLE_ASSIGNMENT((#44));
#46=STYLED_ITEM('',(#45),#43);
#47=DIRECTION('',(0.E0,0.E0,1.E0));
#48=VECTOR('',#47,1.653543307087E-1);
#49=CARTESIAN_POINT('',(-8.051181102362E-1,-5.275590551181E-1,
-8.267716535433E-2));
#50=LINE('',#49,#48);
#51=CURVE_STYLE('',#22,POSITIVE_LENGTH_MEASURE(2.E-2),#1);
#52=PRESENTATION_STYLE_ASSIGNMENT((#51));
#53=STYLED_ITEM('',(#52),#50);
#54=CARTESIAN_POINT('',(-8.051181102362E-1,-4.960629921260E-1,
8.267716535433E-2));
#55=DIRECTION('',(-1.E0,0.E0,0.E0));
#56=DIRECTION('',(0.E0,-1.E0,0.E0));
#57=AXIS2_PLACEMENT_3D('',#54,#55,#56);
#59=CURVE_STYLE('',#22,POSITIVE_LENGTH_MEASURE(2.E-2),#1);
#60=PRESENTATION_STYLE_ASSIGNMENT((#59));
#61=STYLED_ITEM('',(#60),#58);
#62=DIRECTION('',(0.E0,1.E0,0.E0));
#63=VECTOR('',#62,7.677165354331E-2);
#64=CARTESIAN_POINT('',(-8.051181102362E-1,-4.960629921260E-1,
1.141732283465E-1));
#65=LINE('',#64,#63);
#66=CURVE_STYLE('',#22,POSITIVE_LENGTH_MEASURE(2.E-2),#1);
#67=PRESENTATION_STYLE_ASSIGNMENT((#66));
#68=STYLED_ITEM('',(#67),#65);
#69=DIRECTION('',(0.E0,0.E0,1.E0));
#70=VECTOR('',#69,2.519685039370E-1);
#71=CARTESIAN_POINT('',(-8.051181102362E-1,-4.192913385827E-1,
1.141732283465E-1));
#72=LINE('',#71,#70);
#73=CURVE_STYLE('',#22,POSITIVE_LENGTH_MEASURE(2.E-2),#1);
#74=PRESENTATION_STYLE_ASSIGNMENT((#73));
#75=STYLED_ITEM('',(#74),#72);
#76=DIRECTION('',(0.E0,0.E0,-1.E0));
#77=VECTOR('',#76,7.322834645669E-1);
#78=CARTESIAN_POINT('',(-8.051181102362E-1,-6.358267716535E-1,
3.661417322835E-1));
#79=LINE('',#78,#77);
#80=CURVE_STYLE('',#22,POSITIVE_LENGTH_MEASURE(2.E-2),#1);
#81=PRESENTATION_STYLE_ASSIGNMENT((#80));
#82=STYLED_ITEM('',(#81),#79);
#83=DIRECTION('',(0.E0,0.E0,1.E0));
#84=VECTOR('',#83,2.519685039370E-1);
#85=CARTESIAN_POINT('',(-8.051181102362E-1,-4.192913385827E-1,
-3.661417322835E-1));
#86=LINE('',#85,#84);
#87=CURVE_STYLE('',#22,POSITIVE_LENGTH_MEASURE(2.E-2),#1);
#88=PRESENTATION_STYLE_ASSIGNMENT((#87));
#89=STYLED_ITEM('',(#88),#86);
#90=DIRECTION('',(0.E0,-1.E0,0.E0));
#91=VECTOR('',#90,7.677165354331E-2);
#92=CARTESIAN_POINT('',(-8.051181102362E-1,-4.192913385827E-1,
-1.141732283465E-1));
#93=LINE('',#92,#91);
#94=CURVE_STYLE('',#22,POSITIVE_LENGTH_MEASURE(2.E-2),#1);
#95=PRESENTATION_STYLE_ASSIGNMENT((#94));
#96=STYLED_ITEM('',(#95),#93);
#97=CARTESIAN_POINT('',(-8.051181102362E-1,-4.960629921260E-1,
-8.267716535433E-2));
#98=DIRECTION('',(-1.E0,0.E0,0.E0));
#99=DIRECTION('',(0.E0,0.E0,-1.E0));
#100=AXIS2_PLACEMENT_3D('',#97,#98,#99);
#102=CURVE_STYLE('',#22,POSITIVE_LENGTH_MEASURE(2.E-2),#1);
#103=PRESENTATION_STYLE_ASSIGNMENT((#102));
#104=STYLED_ITEM('',(#103),#101);
#105=DIRECTION('',(1.E0,0.E0,0.E0));
#106=VECTOR('',#105,7.874015748031E-2);
#107=CARTESIAN_POINT('',(-8.051181102362E-1,-4.960629921260E-1,
-1.141732283465E-1));
#108=LINE('',#107,#106);
#109=CURVE_STYLE('',#22,POSITIVE_LENGTH_MEASURE(2.E-2),#1);
#110=PRESENTATION_STYLE_ASSIGNMENT((#109));
#111=STYLED_ITEM('',(#110),#108);
#112=DIRECTION('',(-1.E0,0.E0,0.E0));
#113=VECTOR('',#112,7.874015748031E-2);
#114=CARTESIAN_POINT('',(-7.263779527559E-1,-5.275590551181E-1,
-8.267716535433E-2));
#115=LINE('',#114,#113);
#116=CURVE_STYLE('',#22,POSITIVE_LENGTH_MEASURE(2.E-2),#1);
#117=PRESENTATION_STYLE_ASSIGNMENT((#116));
#118=STYLED_ITEM('',(#117),#115);
#119=DIRECTION('',(0.E0,-1.E0,0.E0));
#120=VECTOR('',#119,1.161417322835E-1);
#121=CARTESIAN_POINT('',(-7.263779527559E-1,-3.799212598425E-1,
1.141732283465E-1));
#122=LINE('',#121,#120);
#123=CURVE_STYLE('',#22,POSITIVE_LENGTH_MEASURE(2.E-2),#1);
#124=PRESENTATION_STYLE_ASSIGNMENT((#123));
#125=STYLED_ITEM('',(#124),#122);
#126=CARTESIAN_POINT('',(-7.263779527559E-1,-4.960629921260E-1,
8.267716535433E-2));
#127=DIRECTION('',(1.E0,0.E0,0.E0));
#128=DIRECTION('',(0.E0,0.E0,1.E0));
#129=AXIS2_PLACEMENT_3D('',#126,#127,#128);
#131=CURVE_STYLE('',#22,POSITIVE_LENGTH_MEASURE(2.E-2),#1);
#132=PRESENTATION_STYLE_ASSIGNMENT((#131));
#133=STYLED_ITEM('',(#132),#130);
#134=DIRECTION('',(0.E0,0.E0,-1.E0));
#135=VECTOR('',#134,1.653543307087E-1);
#136=CARTESIAN_POINT('',(-7.263779527559E-1,-5.275590551181E-1,
8.267716535433E-2));
#137=LINE('',#136,#135);
#138=CURVE_STYLE('',#22,POSITIVE_LENGTH_MEASURE(2.E-2),#1);
#139=PRESENTATION_STYLE_ASSIGNMENT((#138));
#140=STYLED_ITEM('',(#139),#137);
#141=CARTESIAN_POINT('',(-7.263779527559E-1,-4.960629921260E-1,
-8.267716535433E-2));
#142=DIRECTION('',(1.E0,0.E0,0.E0));
#143=DIRECTION('',(0.E0,-1.E0,0.E0));
#144=AXIS2_PLACEMENT_3D('',#141,#142,#143);
#146=CURVE_STYLE('',#22,POSITIVE_LENGTH_MEASURE(2.E-2),#1);
#147=PRESENTATION_STYLE_ASSIGNMENT((#146));
#148=STYLED_ITEM('',(#147),#145);
#149=DIRECTION('',(0.E0,1.E0,0.E0));
#150=VECTOR('',#149,1.161417322835E-1);
#151=CARTESIAN_POINT('',(-7.263779527559E-1,-4.960629921260E-1,
-1.141732283465E-1));
#152=LINE('',#151,#150);
#153=CURVE_STYLE('',#22,POSITIVE_LENGTH_MEASURE(2.E-2),#1);
#154=PRESENTATION_STYLE_ASSIGNMENT((#153));
#155=STYLED_ITEM('',(#154),#152);
#156=DIRECTION('',(0.E0,0.E0,1.E0));
#157=VECTOR('',#156,7.587045299322E-2);
#158=CARTESIAN_POINT('',(-7.263779527559E-1,-5.767716535433E-1,
-1.989019490562E-1));
#159=LINE('',#158,#157);
#160=CURVE_STYLE('',#22,POSITIVE_LENGTH_MEASURE(2.E-2),#1);
#161=PRESENTATION_STYLE_ASSIGNMENT((#160));
#162=STYLED_ITEM('',(#161),#159);
#163=DIRECTION('',(0.E0,-1.E0,0.E0));
#164=VECTOR('',#163,3.422844182055E-2);
#165=CARTESIAN_POINT('',(-7.263779527559E-1,-5.767716535433E-1,
-1.230314960630E-1));
#166=LINE('',#165,#164);
#167=CURVE_STYLE('',#22,POSITIVE_LENGTH_MEASURE(2.E-2),#1);
#168=PRESENTATION_STYLE_ASSIGNMENT((#167));
#169=STYLED_ITEM('',(#168),#166);
#170=DIRECTION('',(0.E0,0.E0,1.E0));
#171=VECTOR('',#170,2.460629921260E-1);
#172=CARTESIAN_POINT('',(-7.263779527559E-1,-6.110000953639E-1,
-1.230314960630E-1));
#173=LINE('',#172,#171);
#174=CURVE_STYLE('',#22,POSITIVE_LENGTH_MEASURE(2.E-2),#1);
#175=PRESENTATION_STYLE_ASSIGNMENT((#174));
#176=STYLED_ITEM('',(#175),#173);
#177=DIRECTION('',(0.E0,1.E0,0.E0));
#178=VECTOR('',#177,3.422844182055E-2);
#179=CARTESIAN_POINT('',(-7.263779527559E-1,-6.110000953639E-1,
1.230314960630E-1));
#180=LINE('',#179,#178);
#181=CURVE_STYLE('',#22,POSITIVE_LENGTH_MEASURE(2.E-2),#1);
#182=PRESENTATION_STYLE_ASSIGNMENT((#181));
#183=STYLED_ITEM('',(#182),#180);
#184=DIRECTION('',(0.E0,0.E0,1.E0));
#185=VECTOR('',#184,7.587045299322E-2);
#186=CARTESIAN_POINT('',(-7.263779527559E-1,-5.767716535433E-1,
1.230314960630E-1));
#187=LINE('',#186,#185);
#188=CURVE_STYLE('',#22,POSITIVE_LENGTH_MEASURE(2.E-2),#1);
#189=PRESENTATION_STYLE_ASSIGNMENT((#188));
#190=STYLED_ITEM('',(#189),#187);
#191=DIRECTION('',(-1.E0,0.E0,0.E0));
#192=VECTOR('',#191,7.874015748031E-2);
#193=CARTESIAN_POINT('',(-7.263779527559E-1,-4.960629921260E-1,
1.141732283465E-1));
#194=LINE('',#193,#192);
#195=CURVE_STYLE('',#22,POSITIVE_LENGTH_MEASURE(2.E-2),#1);
#196=PRESENTATION_STYLE_ASSIGNMENT((#195));
#197=STYLED_ITEM('',(#196),#194);
#198=DIRECTION('',(1.E0,0.E0,0.E0));
#199=VECTOR('',#198,7.874015748031E-2);
#200=CARTESIAN_POINT('',(-8.051181102362E-1,-5.275590551181E-1,
8.267716535433E-2));
#201=LINE('',#200,#199);
#202=CURVE_STYLE('',#22,POSITIVE_LENGTH_MEASURE(2.E-2),#1);
#203=PRESENTATION_STYLE_ASSIGNMENT((#202));
#204=STYLED_ITEM('',(#203),#201);
#205=CARTESIAN_POINT('',(-6.919291338583E-1,-3.799212598425E-1,
2.805118110236E-1));
#206=DIRECTION('',(0.E0,1.E0,0.E0));
#207=DIRECTION('',(0.E0,0.E0,1.E0));
#208=AXIS2_PLACEMENT_3D('',#205,#206,#207);
#210=CURVE_STYLE('',#22,POSITIVE_LENGTH_MEASURE(2.E-2),#1);
#211=PRESENTATION_STYLE_ASSIGNMENT((#210));
#212=STYLED_ITEM('',(#211),#209);
#213=CARTESIAN_POINT('',(-6.919291338583E-1,-3.799212598425E-1,
2.805118110236E-1));
#214=DIRECTION('',(0.E0,1.E0,0.E0));
#215=DIRECTION('',(0.E0,0.E0,-1.E0));
#216=AXIS2_PLACEMENT_3D('',#213,#214,#215);
#218=CURVE_STYLE('',#22,POSITIVE_LENGTH_MEASURE(2.E-2),#1);
#219=PRESENTATION_STYLE_ASSIGNMENT((#218));
#220=STYLED_ITEM('',(#219),#217);
#221=CARTESIAN_POINT('',(6.919291338583E-1,-3.799212598425E-1,
2.805118110236E-1));
#222=DIRECTION('',(0.E0,1.E0,0.E0));
#223=DIRECTION('',(0.E0,0.E0,1.E0));
#224=AXIS2_PLACEMENT_3D('',#221,#222,#223);
#226=CURVE_STYLE('',#22,POSITIVE_LENGTH_MEASURE(2.E-2),#1);
#227=PRESENTATION_STYLE_ASSIGNMENT((#226));
#228=STYLED_ITEM('',(#227),#225);
#229=CARTESIAN_POINT('',(6.919291338583E-1,-3.799212598425E-1,
2.805118110236E-1));
#230=DIRECTION('',(0.E0,1.E0,0.E0));
#231=DIRECTION('',(0.E0,0.E0,-1.E0));
#232=AXIS2_PLACEMENT_3D('',#229,#230,#231);
#234=CURVE_STYLE('',#22,POSITIVE_LENGTH_MEASURE(2.E-2),#1);
#235=PRESENTATION_STYLE_ASSIGNMENT((#234));
#236=STYLED_ITEM('',(#235),#233);
#237=CARTESIAN_POINT('',(6.919291338583E-1,-3.799212598425E-1,
-2.805118110236E-1));
#238=DIRECTION('',(0.E0,1.E0,0.E0));
#239=DIRECTION('',(0.E0,0.E0,1.E0));
#240=AXIS2_PLACEMENT_3D('',#237,#238,#239);
#242=CURVE_STYLE('',#22,POSITIVE_LENGTH_MEASURE(2.E-2),#1);
#243=PRESENTATION_STYLE_ASSIGNMENT((#242));
#244=STYLED_ITEM('',(#243),#241);
#245=CARTESIAN_POINT('',(6.919291338583E-1,-3.799212598425E-1,
-2.805118110236E-1));
#246=DIRECTION('',(0.E0,1.E0,0.E0));
#247=DIRECTION('',(0.E0,0.E0,-1.E0));
#248=AXIS2_PLACEMENT_3D('',#245,#246,#247);
#250=CURVE_STYLE('',#22,POSITIVE_LENGTH_MEASURE(2.E-2),#1);
#251=PRESENTATION_STYLE_ASSIGNMENT((#250));
#252=STYLED_ITEM('',(#251),#249);
#253=CARTESIAN_POINT('',(-6.919291338583E-1,-3.799212598425E-1,
-2.805118110236E-1));
#254=DIRECTION('',(0.E0,1.E0,0.E0));
#255=DIRECTION('',(0.E0,0.E0,1.E0));
#256=AXIS2_PLACEMENT_3D('',#253,#254,#255);
#258=CURVE_STYLE('',#22,POSITIVE_LENGTH_MEASURE(2.E-2),#1);
#259=PRESENTATION_STYLE_ASSIGNMENT((#258));
#260=STYLED_ITEM('',(#259),#257);
#261=CARTESIAN_POINT('',(-6.919291338583E-1,-3.799212598425E-1,
-2.805118110236E-1));
#262=DIRECTION('',(0.E0,1.E0,0.E0));
#263=DIRECTION('',(0.E0,0.E0,-1.E0));
#264=AXIS2_PLACEMENT_3D('',#261,#262,#263);
#266=CURVE_STYLE('',#22,POSITIVE_LENGTH_MEASURE(2.E-2),#1);
#267=PRESENTATION_STYLE_ASSIGNMENT((#266));
#268=STYLED_ITEM('',(#267),#265);
#269=DIRECTION('',(1.E0,0.E0,0.E0));
#270=VECTOR('',#269,4.429133858268E-2);
#271=CARTESIAN_POINT('',(-7.706692913386E-1,-3.799212598425E-1,
1.141732283465E-1));
#272=LINE('',#271,#270);
#273=CURVE_STYLE('',#22,POSITIVE_LENGTH_MEASURE(2.E-2),#1);
#274=PRESENTATION_STYLE_ASSIGNMENT((#273));
#275=STYLED_ITEM('',(#274),#272);
#276=DIRECTION('',(0.E0,0.E0,1.E0));
#277=VECTOR('',#276,8.472872070976E-2);
#278=CARTESIAN_POINT('',(-7.263779527559E-1,-3.799212598425E-1,
1.141732283465E-1));
#279=LINE('',#278,#277);
#280=CURVE_STYLE('',#22,POSITIVE_LENGTH_MEASURE(2.E-2),#1);
#281=PRESENTATION_STYLE_ASSIGNMENT((#280));
#282=STYLED_ITEM('',(#281),#279);
#283=CARTESIAN_POINT('',(-6.919291338583E-1,-3.799212598425E-1,
2.805118110236E-1));
#284=DIRECTION('',(0.E0,-1.E0,0.E0));
#285=DIRECTION('',(-3.888888888889E-1,0.E0,-9.212846639876E-1));
#286=AXIS2_PLACEMENT_3D('',#283,#284,#285);
#288=CURVE_STYLE('',#22,POSITIVE_LENGTH_MEASURE(2.E-2),#1);
#289=PRESENTATION_STYLE_ASSIGNMENT((#288));
#290=STYLED_ITEM('',(#289),#287);
#291=CARTESIAN_POINT('',(-6.919291338583E-1,-3.799212598425E-1,
2.805118110236E-1));
#292=DIRECTION('',(0.E0,-1.E0,0.E0));
#293=DIRECTION('',(0.E0,0.E0,-1.E0));
#294=AXIS2_PLACEMENT_3D('',#291,#292,#293);
#296=CURVE_STYLE('',#22,POSITIVE_LENGTH_MEASURE(2.E-2),#1);
#297=PRESENTATION_STYLE_ASSIGNMENT((#296));
#298=STYLED_ITEM('',(#297),#295);
#299=DIRECTION('',(1.E0,0.E0,0.E0));
#300=VECTOR('',#299,1.220638543782E0);
#301=CARTESIAN_POINT('',(-6.103192718909E-1,-3.799212598425E-1,
3.149606299213E-1));
#302=LINE('',#301,#300);
#303=CURVE_STYLE('',#22,POSITIVE_LENGTH_MEASURE(2.E-2),#1);
#304=PRESENTATION_STYLE_ASSIGNMENT((#303));
#305=STYLED_ITEM('',(#304),#302);
#306=CARTESIAN_POINT('',(6.919291338583E-1,-3.799212598425E-1,
2.805118110236E-1));
#307=DIRECTION('',(0.E0,-1.E0,0.E0));
#308=DIRECTION('',(-9.212846639876E-1,0.E0,3.888888888889E-1));
#309=AXIS2_PLACEMENT_3D('',#306,#307,#308);
#311=CURVE_STYLE('',#22,POSITIVE_LENGTH_MEASURE(2.E-2),#1);
#312=PRESENTATION_STYLE_ASSIGNMENT((#311));
#313=STYLED_ITEM('',(#312),#310);
#314=CARTESIAN_POINT('',(6.919291338583E-1,-3.799212598425E-1,
2.805118110236E-1));
#315=DIRECTION('',(0.E0,-1.E0,0.E0));
#316=DIRECTION('',(0.E0,0.E0,-1.E0));
#317=AXIS2_PLACEMENT_3D('',#314,#315,#316);
#319=CURVE_STYLE('',#22,POSITIVE_LENGTH_MEASURE(2.E-2),#1);
#320=PRESENTATION_STYLE_ASSIGNMENT((#319));
#321=STYLED_ITEM('',(#320),#318);
#322=DIRECTION('',(0.E0,0.E0,-1.E0));
#323=VECTOR('',#322,3.978038981124E-1);
#324=CARTESIAN_POINT('',(7.263779527559E-1,-3.799212598425E-1,
1.989019490562E-1));
#325=LINE('',#324,#323);
#326=CURVE_STYLE('',#22,POSITIVE_LENGTH_MEASURE(2.E-2),#1);
#327=PRESENTATION_STYLE_ASSIGNMENT((#326));
#328=STYLED_ITEM('',(#327),#325);
#329=CARTESIAN_POINT('',(6.919291338583E-1,-3.799212598425E-1,
-2.805118110236E-1));
#330=DIRECTION('',(0.E0,-1.E0,0.E0));
#331=DIRECTION('',(3.888888888889E-1,0.E0,9.212846639876E-1));
#332=AXIS2_PLACEMENT_3D('',#329,#330,#331);
#334=CURVE_STYLE('',#22,POSITIVE_LENGTH_MEASURE(2.E-2),#1);
#335=PRESENTATION_STYLE_ASSIGNMENT((#334));
#336=STYLED_ITEM('',(#335),#333);
#337=CARTESIAN_POINT('',(6.919291338583E-1,-3.799212598425E-1,
-2.805118110236E-1));
#338=DIRECTION('',(0.E0,-1.E0,0.E0));
#339=DIRECTION('',(0.E0,0.E0,1.E0));
#340=AXIS2_PLACEMENT_3D('',#337,#338,#339);
#342=CURVE_STYLE('',#22,POSITIVE_LENGTH_MEASURE(2.E-2),#1);
#343=PRESENTATION_STYLE_ASSIGNMENT((#342));
#344=STYLED_ITEM('',(#343),#341);
#345=DIRECTION('',(-1.E0,0.E0,0.E0));
#346=VECTOR('',#345,1.220638543782E0);
#347=CARTESIAN_POINT('',(6.103192718909E-1,-3.799212598425E-1,
-3.149606299213E-1));
#348=LINE('',#347,#346);
#349=CURVE_STYLE('',#22,POSITIVE_LENGTH_MEASURE(2.E-2),#1);
#350=PRESENTATION_STYLE_ASSIGNMENT((#349));
#351=STYLED_ITEM('',(#350),#348);
#352=CARTESIAN_POINT('',(-6.919291338583E-1,-3.799212598425E-1,
-2.805118110236E-1));
#353=DIRECTION('',(0.E0,-1.E0,0.E0));
#354=DIRECTION('',(9.212846639876E-1,0.E0,-3.888888888889E-1));
#355=AXIS2_PLACEMENT_3D('',#352,#353,#354);
#357=CURVE_STYLE('',#22,POSITIVE_LENGTH_MEASURE(2.E-2),#1);
#358=PRESENTATION_STYLE_ASSIGNMENT((#357));
#359=STYLED_ITEM('',(#358),#356);
#360=CARTESIAN_POINT('',(-6.919291338583E-1,-3.799212598425E-1,
-2.805118110236E-1));
#361=DIRECTION('',(0.E0,-1.E0,0.E0));
#362=DIRECTION('',(0.E0,0.E0,1.E0));
#363=AXIS2_PLACEMENT_3D('',#360,#361,#362);
#365=CURVE_STYLE('',#22,POSITIVE_LENGTH_MEASURE(2.E-2),#1);
#366=PRESENTATION_STYLE_ASSIGNMENT((#365));
#367=STYLED_ITEM('',(#366),#364);
#368=DIRECTION('',(0.E0,0.E0,1.E0));
#369=VECTOR('',#368,8.472872070976E-2);
#370=CARTESIAN_POINT('',(-7.263779527559E-1,-3.799212598425E-1,
-1.989019490562E-1));
#371=LINE('',#370,#369);
#372=CURVE_STYLE('',#22,POSITIVE_LENGTH_MEASURE(2.E-2),#1);
#373=PRESENTATION_STYLE_ASSIGNMENT((#372));
#374=STYLED_ITEM('',(#373),#371);
#375=DIRECTION('',(-1.E0,0.E0,0.E0));
#376=VECTOR('',#375,4.429133858268E-2);
#377=CARTESIAN_POINT('',(-7.263779527559E-1,-3.799212598425E-1,
-1.141732283465E-1));
#378=LINE('',#377,#376);
#379=CURVE_STYLE('',#22,POSITIVE_LENGTH_MEASURE(2.E-2),#1);
#380=PRESENTATION_STYLE_ASSIGNMENT((#379));
#381=STYLED_ITEM('',(#380),#378);
#382=DIRECTION('',(0.E0,0.E0,-1.E0));
#383=VECTOR('',#382,2.214566929134E-1);
#384=CARTESIAN_POINT('',(-7.706692913386E-1,-3.799212598425E-1,
-1.141732283465E-1));
#385=LINE('',#384,#383);
#386=CURVE_STYLE('',#22,POSITIVE_LENGTH_MEASURE(2.E-2),#1);
#387=PRESENTATION_STYLE_ASSIGNMENT((#386));
#388=STYLED_ITEM('',(#387),#385);
#389=CARTESIAN_POINT('',(-7.470472440945E-1,-3.799212598425E-1,
-3.356299212598E-1));
#390=DIRECTION('',(0.E0,-1.E0,0.E0));
#391=DIRECTION('',(-1.E0,0.E0,0.E0));
#392=AXIS2_PLACEMENT_3D('',#389,#390,#391);
#394=CURVE_STYLE('',#22,POSITIVE_LENGTH_MEASURE(2.E-2),#1);
#395=PRESENTATION_STYLE_ASSIGNMENT((#394));
#396=STYLED_ITEM('',(#395),#393);
#397=DIRECTION('',(1.E0,0.E0,0.E0));
#398=VECTOR('',#397,1.494094488189E0);
#399=CARTESIAN_POINT('',(-7.470472440945E-1,-3.799212598425E-1,
-3.592519685039E-1));
#400=LINE('',#399,#398);
#401=CURVE_STYLE('',#22,POSITIVE_LENGTH_MEASURE(2.E-2),#1);
#402=PRESENTATION_STYLE_ASSIGNMENT((#401));
#403=STYLED_ITEM('',(#402),#400);
#404=CARTESIAN_POINT('',(7.470472440945E-1,-3.799212598425E-1,
-3.356299212598E-1));
#405=DIRECTION('',(0.E0,-1.E0,0.E0));
#406=DIRECTION('',(1.409983241274E-14,0.E0,-1.E0));
#407=AXIS2_PLACEMENT_3D('',#404,#405,#406);
#409=CURVE_STYLE('',#22,POSITIVE_LENGTH_MEASURE(2.E-2),#1);
#410=PRESENTATION_STYLE_ASSIGNMENT((#409));
#411=STYLED_ITEM('',(#410),#408);
#412=DIRECTION('',(0.E0,0.E0,1.E0));
#413=VECTOR('',#412,6.712598425197E-1);
#414=CARTESIAN_POINT('',(7.706692913386E-1,-3.799212598425E-1,
-3.356299212598E-1));
#415=LINE('',#414,#413);
#416=CURVE_STYLE('',#22,POSITIVE_LENGTH_MEASURE(2.E-2),#1);
#417=PRESENTATION_STYLE_ASSIGNMENT((#416));
#418=STYLED_ITEM('',(#417),#415);
#419=CARTESIAN_POINT('',(7.470472440945E-1,-3.799212598425E-1,
3.356299212598E-1));
#420=DIRECTION('',(0.E0,-1.E0,0.E0));
#421=DIRECTION('',(1.E0,0.E0,0.E0));
#422=AXIS2_PLACEMENT_3D('',#419,#420,#421);
#424=CURVE_STYLE('',#22,POSITIVE_LENGTH_MEASURE(2.E-2),#1);
#425=PRESENTATION_STYLE_ASSIGNMENT((#424));
#426=STYLED_ITEM('',(#425),#423);
#427=DIRECTION('',(-1.E0,0.E0,0.E0));
#428=VECTOR('',#427,1.494094488189E0);
#429=CARTESIAN_POINT('',(7.470472440945E-1,-3.799212598425E-1,
3.592519685039E-1));
#430=LINE('',#429,#428);
#431=CURVE_STYLE('',#22,POSITIVE_LENGTH_MEASURE(2.E-2),#1);
#432=PRESENTATION_STYLE_ASSIGNMENT((#431));
#433=STYLED_ITEM('',(#432),#430);
#434=CARTESIAN_POINT('',(-7.470472440945E-1,-3.799212598425E-1,
3.356299212598E-1));
#435=DIRECTION('',(0.E0,-1.E0,0.E0));
#436=DIRECTION('',(-1.409983241274E-14,0.E0,1.E0));
#437=AXIS2_PLACEMENT_3D('',#434,#435,#436);
#439=CURVE_STYLE('',#22,POSITIVE_LENGTH_MEASURE(2.E-2),#1);
#440=PRESENTATION_STYLE_ASSIGNMENT((#439));
#441=STYLED_ITEM('',(#440),#438);
#442=CARTESIAN_POINT('',(-6.919291338583E-1,-6.555118110236E-1,
2.805118110236E-1));
#443=DIRECTION('',(0.E0,-1.E0,0.E0));
#444=DIRECTION('',(0.E0,0.E0,-1.E0));
#445=AXIS2_PLACEMENT_3D('',#442,#443,#444);
#447=CURVE_STYLE('',#22,POSITIVE_LENGTH_MEASURE(2.E-2),#1);
#448=PRESENTATION_STYLE_ASSIGNMENT((#447));
#449=STYLED_ITEM('',(#448),#446);
#450=CARTESIAN_POINT('',(-6.919291338583E-1,-6.555118110236E-1,
2.805118110236E-1));
#451=DIRECTION('',(0.E0,-1.E0,0.E0));
#452=DIRECTION('',(0.E0,0.E0,1.E0));
#453=AXIS2_PLACEMENT_3D('',#450,#451,#452);
#455=CURVE_STYLE('',#22,POSITIVE_LENGTH_MEASURE(2.E-2),#1);
#456=PRESENTATION_STYLE_ASSIGNMENT((#455));
#457=STYLED_ITEM('',(#456),#454);
#458=CARTESIAN_POINT('',(-7.872355440625E-1,-6.555118110236E-1,
3.596931810488E-1));
#459=CARTESIAN_POINT('',(-7.872355926339E-1,-6.555118110236E-1,
3.613681254316E-1));
#460=CARTESIAN_POINT('',(-7.868524440107E-1,-6.555118110236E-1,
3.644659584086E-1));
#461=CARTESIAN_POINT('',(-7.852531994910E-1,-6.555118110236E-1,
3.684460771401E-1));
#462=CARTESIAN_POINT('',(-7.836917510916E-1,-6.555118110236E-1,
3.704783711941E-1));
#463=CARTESIAN_POINT('',(-7.827937895565E-1,-6.555118110236E-1,
3.713764667218E-1));
#465=CURVE_STYLE('',#22,POSITIVE_LENGTH_MEASURE(2.E-2),#1);
#466=PRESENTATION_STYLE_ASSIGNMENT((#465));
#467=STYLED_ITEM('',(#466),#464);
#468=CARTESIAN_POINT('',(-7.827937895565E-1,-6.555118110236E-1,
3.713764667218E-1));
#469=CARTESIAN_POINT('',(-7.818680611157E-1,-6.555118110236E-1,
3.723023332985E-1));
#470=CARTESIAN_POINT('',(-7.797831782835E-1,-6.555118110236E-1,
3.738844319486E-1));
#471=CARTESIAN_POINT('',(-7.757954911002E-1,-6.555118110236E-1,
3.754527861276E-1));
#472=CARTESIAN_POINT('',(-7.727473874157E-1,-6.555118110236E-1,
3.758182169654E-1));
#473=CARTESIAN_POINT('',(-7.711105038835E-1,-6.555118110236E-1,
3.758182230499E-1));
#475=CURVE_STYLE('',#22,POSITIVE_LENGTH_MEASURE(2.E-2),#1);
#476=PRESENTATION_STYLE_ASSIGNMENT((#475));
#477=STYLED_ITEM('',(#476),#474);
#478=CARTESIAN_POINT('',(-6.117649767267E-1,-6.555118110236E-1,
3.758182212907E-1));
#479=CARTESIAN_POINT('',(-6.127422904728E-1,-6.555118110236E-1,
3.741143267717E-1));
#480=CARTESIAN_POINT('',(-6.131889763780E-1,-6.555118110236E-1,
3.722690568136E-1));
#481=CARTESIAN_POINT('',(-6.131889763780E-1,-6.555118110236E-1,
3.703047761080E-1));
#483=CURVE_STYLE('',#22,POSITIVE_LENGTH_MEASURE(2.E-2),#1);
#484=PRESENTATION_STYLE_ASSIGNMENT((#483));
#485=STYLED_ITEM('',(#484),#482);
#486=CARTESIAN_POINT('',(-6.919291338583E-1,-6.555118110236E-1,
2.805118110236E-1));
#487=DIRECTION('',(0.E0,1.E0,0.E0));
#488=DIRECTION('',(1.E0,0.E0,1.762479051592E-14));
#489=AXIS2_PLACEMENT_3D('',#486,#487,#488);
#491=CURVE_STYLE('',#22,POSITIVE_LENGTH_MEASURE(2.E-2),#1);
#492=PRESENTATION_STYLE_ASSIGNMENT((#491));
#493=STYLED_ITEM('',(#492),#490);
#494=CARTESIAN_POINT('',(-7.817220989426E-1,-6.555118110236E-1,
2.017716535433E-1));
#495=CARTESIAN_POINT('',(-7.836863796482E-1,-6.555118110236E-1,
2.017716535433E-1));
#496=CARTESIAN_POINT('',(-7.855316496064E-1,-6.555118110236E-1,
2.013249676382E-1));
#497=CARTESIAN_POINT('',(-7.872355441254E-1,-6.555118110236E-1,
2.003476538920E-1));
#499=CURVE_STYLE('',#22,POSITIVE_LENGTH_MEASURE(2.E-2),#1);
#500=PRESENTATION_STYLE_ASSIGNMENT((#499));
#501=STYLED_ITEM('',(#500),#498);
#502=DIRECTION('',(0.E0,-1.E0,0.E0));
#503=VECTOR('',#502,2.755905511811E-1);
#504=CARTESIAN_POINT('',(-6.919291338583E-1,-3.799212598425E-1,
3.248031496063E-1));
#505=LINE('',#504,#503);
#506=CURVE_STYLE('',#22,POSITIVE_LENGTH_MEASURE(2.E-2),#1);
#507=PRESENTATION_STYLE_ASSIGNMENT((#506));
#508=STYLED_ITEM('',(#507),#505);
#509=DIRECTION('',(0.E0,-1.E0,0.E0));
#510=VECTOR('',#509,2.755905511811E-1);
#511=CARTESIAN_POINT('',(-6.919291338583E-1,-3.799212598425E-1,
2.362204724409E-1));
#512=LINE('',#511,#510);
#513=CURVE_STYLE('',#22,POSITIVE_LENGTH_MEASURE(2.E-2),#1);
#514=PRESENTATION_STYLE_ASSIGNMENT((#513));
#515=STYLED_ITEM('',(#514),#512);
#516=CARTESIAN_POINT('',(-7.872355439367E-1,-6.476377952756E-1,
3.596931810488E-1));
#517=DIRECTION('',(-3.451331072322E-8,0.E0,-1.E0));
#518=DIRECTION('',(-2.395984521897E-8,-1.E0,0.E0));
#519=AXIS2_PLACEMENT_3D('',#516,#517,#518);
#521=CURVE_STYLE('',#22,POSITIVE_LENGTH_MEASURE(2.E-2),#1);
#522=PRESENTATION_STYLE_ASSIGNMENT((#521));
#523=STYLED_ITEM('',(#522),#520);
#524=CARTESIAN_POINT('',(-7.936855602045E-1,-6.521541451794E-1,
3.596931811045E-1));
#525=CARTESIAN_POINT('',(-7.936064244012E-1,-6.522671628191E-1,
3.607125363647E-1));
#526=CARTESIAN_POINT('',(-7.933534763877E-1,-6.524572746661E-1,
3.626334241613E-1));
#527=CARTESIAN_POINT('',(-7.927444611679E-1,-6.526859752520E-1,
3.651523397476E-1));
#528=CARTESIAN_POINT('',(-7.920177920226E-1,-6.528500445817E-1,
3.672685819042E-1));
#529=CARTESIAN_POINT('',(-7.912246717083E-1,-6.529688683169E-1,
3.690702354690E-1));
#530=CARTESIAN_POINT('',(-7.903956541464E-1,-6.530529289695E-1,
3.706206265482E-1));
#531=CARTESIAN_POINT('',(-7.895322710756E-1,-6.531117747232E-1,
3.719915434661E-1));
#532=CARTESIAN_POINT('',(-7.886470537727E-1,-6.531500087753E-1,
3.732081620582E-1));
#533=CARTESIAN_POINT('',(-7.877276437290E-1,-6.531722607525E-1,
3.743160691257E-1));
#534=CARTESIAN_POINT('',(-7.870802580667E-1,-6.531774186647E-1,
3.750036191181E-1));
#535=CARTESIAN_POINT('',(-7.867500507470E-1,-6.531782030931E-1,
3.753327279124E-1));
#537=CURVE_STYLE('',#22,POSITIVE_LENGTH_MEASURE(2.E-2),#1);
#538=PRESENTATION_STYLE_ASSIGNMENT((#537));
#539=STYLED_ITEM('',(#538),#536);
#540=CARTESIAN_POINT('',(-7.867500507470E-1,-6.531782030931E-1,
3.753327279124E-1));
#541=CARTESIAN_POINT('',(-7.864173357575E-1,-6.531774208677E-1,
3.756665383421E-1));
#542=CARTESIAN_POINT('',(-7.857236329956E-1,-6.531720179852E-1,
3.763193811399E-1));
#543=CARTESIAN_POINT('',(-7.846100475936E-1,-6.531495147679E-1,
3.772419254058E-1));
#544=CARTESIAN_POINT('',(-7.833921414927E-1,-6.531110807756E-1,
3.781262927821E-1));
#545=CARTESIAN_POINT('',(-7.820229240161E-1,-6.530522162244E-1,
3.789868771021E-1));
#546=CARTESIAN_POINT('',(-7.804780042784E-1,-6.529682993165E-1,
3.798116801650E-1));
#547=CARTESIAN_POINT('',(-7.786853954805E-1,-6.528499202258E-1,
3.806004614335E-1));
#548=CARTESIAN_POINT('',(-7.765804213568E-1,-6.526868726328E-1,
3.813232614929E-1));
#549=CARTESIAN_POINT('',(-7.740810669151E-1,-6.524600761093E-1,
3.819305478826E-1));
#550=CARTESIAN_POINT('',(-7.721430509181E-1,-6.522691390837E-1,
3.821877217013E-1));
#551=CARTESIAN_POINT('',(-7.711105024751E-1,-6.521541454195E-1,
3.822682411319E-1));
#553=CURVE_STYLE('',#22,POSITIVE_LENGTH_MEASURE(2.E-2),#1);
#554=PRESENTATION_STYLE_ASSIGNMENT((#553));
#555=STYLED_ITEM('',(#554),#552);
#556=DIRECTION('',(-1.E0,0.E0,1.103966638410E-8));
#557=VECTOR('',#556,1.593455271568E-1);
#558=CARTESIAN_POINT('',(-6.117649767267E-1,-6.555118110236E-1,
3.758182212907E-1));
#559=LINE('',#558,#557);
#560=CURVE_STYLE('',#22,POSITIVE_LENGTH_MEASURE(2.E-2),#1);
#561=PRESENTATION_STYLE_ASSIGNMENT((#560));
#562=STYLED_ITEM('',(#561),#559);
#563=CARTESIAN_POINT('',(-7.711105038835E-1,-6.476377952756E-1,
3.758182212907E-1));
#564=DIRECTION('',(-1.E0,0.E0,0.E0));
#565=DIRECTION('',(0.E0,-1.E0,0.E0));
#566=AXIS2_PLACEMENT_3D('',#563,#564,#565);
#568=CURVE_STYLE('',#22,POSITIVE_LENGTH_MEASURE(2.E-2),#1);
#569=PRESENTATION_STYLE_ASSIGNMENT((#568));
#570=STYLED_ITEM('',(#569),#567);
#571=DIRECTION('',(1.E0,1.515914369158E-9,-2.258423101448E-8));
#572=VECTOR('',#571,1.657955418452E-1);
#573=CARTESIAN_POINT('',(-7.711105024751E-1,-6.521541454195E-1,
3.822682411319E-1));
#574=LINE('',#573,#572);
#575=CURVE_STYLE('',#22,POSITIVE_LENGTH_MEASURE(2.E-2),#1);
#576=PRESENTATION_STYLE_ASSIGNMENT((#575));
#577=STYLED_ITEM('',(#576),#574);
#578=CARTESIAN_POINT('',(-6.117649767267E-1,-6.555118110236E-1,
3.758182212907E-1));
#579=CARTESIAN_POINT('',(-6.113188683898E-1,-6.555118110236E-1,
3.765959874413E-1));
#580=CARTESIAN_POINT('',(-6.102228700962E-1,-6.552858038427E-1,
3.781831410912E-1));
#581=CARTESIAN_POINT('',(-6.079551969018E-1,-6.541413966290E-1,
3.805038162065E-1));
#582=CARTESIAN_POINT('',(-6.062239793463E-1,-6.528987697080E-1,
3.817468456716E-1));
#583=CARTESIAN_POINT('',(-6.053149606299E-1,-6.521541451681E-1,
3.822682373875E-1));
#585=CURVE_STYLE('',#22,POSITIVE_LENGTH_MEASURE(2.E-2),#1);
#586=PRESENTATION_STYLE_ASSIGNMENT((#585));
#587=STYLED_ITEM('',(#586),#584);
#588=DIRECTION('',(0.E0,-8.191520442890E-1,-5.735764363510E-1));
#589=VECTOR('',#588,7.209298752528E-2);
#590=CARTESIAN_POINT('',(-6.053149606299E-1,-6.521541451681E-1,
3.822682373875E-1));
#591=LINE('',#590,#589);
#592=CURVE_STYLE('',#22,POSITIVE_LENGTH_MEASURE(2.E-2),#1);
#593=PRESENTATION_STYLE_ASSIGNMENT((#592));
#594=STYLED_ITEM('',(#593),#591);
#595=DIRECTION('',(-4.975428099019E-1,-7.105647763184E-1,-4.975428132035E-1));
#596=VECTOR('',#595,2.220173561117E-2);
#597=CARTESIAN_POINT('',(7.821568178598E-1,-6.363783738810E-1,
3.933145513638E-1));
#598=LINE('',#597,#596);
#599=CURVE_STYLE('',#22,POSITIVE_LENGTH_MEASURE(2.E-2),#1);
#600=PRESENTATION_STYLE_ASSIGNMENT((#599));
#601=STYLED_ITEM('',(#600),#598);
#602=DIRECTION('',(-4.975428976429E-1,7.105648182647E-1,4.975426655570E-1));
#603=VECTOR('',#602,2.220173463836E-2);
#604=CARTESIAN_POINT('',(-7.711105024751E-1,-6.521541454195E-1,
3.822682411319E-1));
#605=LINE('',#604,#603);
#606=CURVE_STYLE('',#22,POSITIVE_LENGTH_MEASURE(2.E-2),#1);
#607=PRESENTATION_STYLE_ASSIGNMENT((#606));
#608=STYLED_ITEM('',(#607),#605);
#609=DIRECTION('',(-4.975426751285E-1,-7.105646429416E-1,4.975431384586E-1));
#610=VECTOR('',#609,2.220173765691E-2);
#611=CARTESIAN_POINT('',(8.047318741985E-1,-6.363783738810E-1,
-3.707394950251E-1));
#612=LINE('',#611,#610);
#613=CURVE_STYLE('',#22,POSITIVE_LENGTH_MEASURE(2.E-2),#1);
#614=PRESENTATION_STYLE_ASSIGNMENT((#613));
#615=STYLED_ITEM('',(#614),#612);
#616=DIRECTION('',(4.975426655572E-1,7.105648182649E-1,4.975428976425E-1));
#617=VECTOR('',#616,2.220173463835E-2);
#618=CARTESIAN_POINT('',(7.936855639665E-1,-6.521541454195E-1,
3.596931796405E-1));
#619=LINE('',#618,#617);
#620=CURVE_STYLE('',#22,POSITIVE_LENGTH_MEASURE(2.E-2),#1);
#621=PRESENTATION_STYLE_ASSIGNMENT((#620));
#622=STYLED_ITEM('',(#621),#619);
#623=DIRECTION('',(4.975390698956E-1,7.105658630324E-1,-4.975450012013E-1));
#624=VECTOR('',#623,2.220170829409E-2);
#625=CARTESIAN_POINT('',(7.711106005651E-1,-6.521541498958E-1,
-3.822682023840E-1));
#626=LINE('',#625,#624);
#627=CURVE_STYLE('',#22,POSITIVE_LENGTH_MEASURE(2.E-2),#1);
#628=PRESENTATION_STYLE_ASSIGNMENT((#627));
#629=STYLED_ITEM('',(#628),#626);
#630=DIRECTION('',(4.975431384597E-1,-7.105646429411E-1,4.975426751282E-1));
#631=VECTOR('',#630,2.220173765692E-2);
#632=CARTESIAN_POINT('',(-7.821568178598E-1,-6.363783738810E-1,
-3.933145513638E-1));
#633=LINE('',#632,#631);
#634=CURVE_STYLE('',#22,POSITIVE_LENGTH_MEASURE(2.E-2),#1);
#635=PRESENTATION_STYLE_ASSIGNMENT((#634));
#636=STYLED_ITEM('',(#635),#633);
#637=CARTESIAN_POINT('',(6.117649767267E-1,-6.555118110236E-1,
-3.758182212907E-1));
#638=CARTESIAN_POINT('',(6.113188683898E-1,-6.555118110236E-1,
-3.765959874413E-1));
#639=CARTESIAN_POINT('',(6.102228700962E-1,-6.552858038427E-1,
-3.781831410912E-1));
#640=CARTESIAN_POINT('',(6.079551969018E-1,-6.541413966290E-1,
-3.805038162065E-1));
#641=CARTESIAN_POINT('',(6.062239793463E-1,-6.528987697080E-1,
-3.817468456716E-1));
#642=CARTESIAN_POINT('',(6.053149606299E-1,-6.521541451681E-1,
-3.822682373875E-1));
#644=CURVE_STYLE('',#22,POSITIVE_LENGTH_MEASURE(2.E-2),#1);
#645=PRESENTATION_STYLE_ASSIGNMENT((#644));
#646=STYLED_ITEM('',(#645),#643);
#647=DIRECTION('',(0.E0,-8.191520442890E-1,5.735764363510E-1));
#648=VECTOR('',#647,7.209298752528E-2);
#649=CARTESIAN_POINT('',(6.053149606299E-1,-6.521541451681E-1,
-3.822682373875E-1));
#650=LINE('',#649,#648);
#651=CURVE_STYLE('',#22,POSITIVE_LENGTH_MEASURE(2.E-2),#1);
#652=PRESENTATION_STYLE_ASSIGNMENT((#651));
#653=STYLED_ITEM('',(#652),#650);
#654=DIRECTION('',(0.E0,-8.191520442890E-1,5.735764363510E-1));
#655=VECTOR('',#654,6.248058918858E-2);
#656=CARTESIAN_POINT('',(6.131889763780E-1,-6.555118110236E-1,
-3.703047761080E-1));
#657=LINE('',#656,#655);
#658=CURVE_STYLE('',#22,POSITIVE_LENGTH_MEASURE(2.E-2),#1);
#659=PRESENTATION_STYLE_ASSIGNMENT((#658));
#660=STYLED_ITEM('',(#659),#657);
#661=DIRECTION('',(0.E0,0.E0,-1.E0));
#662=VECTOR('',#661,8.979296508436E-2);
#663=CARTESIAN_POINT('',(6.131889763780E-1,-6.555118110236E-1,
-2.805118110236E-1));
#664=LINE('',#663,#662);
#665=CURVE_STYLE('',#22,POSITIVE_LENGTH_MEASURE(2.E-2),#1);
#666=PRESENTATION_STYLE_ASSIGNMENT((#665));
#667=STYLED_ITEM('',(#666),#664);
#668=DIRECTION('',(0.E0,0.E0,1.E0));
#669=VECTOR('',#668,5.395557139646E-2);
#670=CARTESIAN_POINT('',(6.053149606299E-1,-7.145669291339E-1,
-3.344673824201E-1));
#671=LINE('',#670,#669);
#672=CURVE_STYLE('',#22,POSITIVE_LENGTH_MEASURE(2.E-2),#1);
#673=PRESENTATION_STYLE_ASSIGNMENT((#672));
#674=STYLED_ITEM('',(#673),#671);
#675=DIRECTION('',(0.E0,0.E0,-1.E0));
#676=VECTOR('',#675,5.395557139647E-2);
#677=CARTESIAN_POINT('',(6.131889763780E-1,-7.066929133858E-1,
-2.805118110236E-1));
#678=LINE('',#677,#676);
#679=CURVE_STYLE('',#22,POSITIVE_LENGTH_MEASURE(2.E-2),#1);
#680=PRESENTATION_STYLE_ASSIGNMENT((#679));
#681=STYLED_ITEM('',(#680),#678);
#682=CARTESIAN_POINT('',(6.053149606299E-1,-7.066929133858E-1,
-3.344673824201E-1));
#683=DIRECTION('',(-1.E0,0.E0,0.E0));
#684=DIRECTION('',(0.E0,-5.735764363510E-1,-8.191520442890E-1));
#685=AXIS2_PLACEMENT_3D('',#682,#683,#684);
#687=CURVE_STYLE('',#22,POSITIVE_LENGTH_MEASURE(2.E-2),#1);
#688=PRESENTATION_STYLE_ASSIGNMENT((#687));
#689=STYLED_ITEM('',(#688),#686);
#690=CARTESIAN_POINT('',(6.053149606299E-1,-7.066929133858E-1,
-3.344673824201E-1));
#691=DIRECTION('',(0.E0,0.E0,1.E0));
#692=DIRECTION('',(0.E0,-1.E0,0.E0));
#693=AXIS2_PLACEMENT_3D('',#690,#691,#692);
#695=CURVE_STYLE('',#22,POSITIVE_LENGTH_MEASURE(2.E-2),#1);
#696=PRESENTATION_STYLE_ASSIGNMENT((#695));
#697=STYLED_ITEM('',(#696),#694);
#698=CARTESIAN_POINT('',(6.053149606299E-1,-7.066929133858E-1,
-3.344673824201E-1));
#699=DIRECTION('',(0.E0,8.191520442890E-1,-5.735764363510E-1));
#700=DIRECTION('',(1.E0,0.E0,0.E0));
#701=AXIS2_PLACEMENT_3D('',#698,#699,#700);
#703=CURVE_STYLE('',#22,POSITIVE_LENGTH_MEASURE(2.E-2),#1);
#704=PRESENTATION_STYLE_ASSIGNMENT((#703));
#705=STYLED_ITEM('',(#704),#702);
#706=DIRECTION('',(1.E0,0.E0,0.E0));
#707=VECTOR('',#706,1.210629921260E0);
#708=CARTESIAN_POINT('',(-6.053149606299E-1,-7.145669291339E-1,
-3.344673824201E-1));
#709=LINE('',#708,#707);
#710=CURVE_STYLE('',#22,POSITIVE_LENGTH_MEASURE(2.E-2),#1);
#711=PRESENTATION_STYLE_ASSIGNMENT((#710));
#712=STYLED_ITEM('',(#711),#709);
#713=DIRECTION('',(-1.E0,0.E0,0.E0));
#714=VECTOR('',#713,1.210629921260E0);
#715=CARTESIAN_POINT('',(6.053149606299E-1,-7.112092632784E-1,
-3.409173985169E-1));
#716=LINE('',#715,#714);
#717=CURVE_STYLE('',#22,POSITIVE_LENGTH_MEASURE(2.E-2),#1);
#718=PRESENTATION_STYLE_ASSIGNMENT((#717));
#719=STYLED_ITEM('',(#718),#716);
#720=CARTESIAN_POINT('',(-6.053149606299E-1,-7.066929133858E-1,
-3.344673824201E-1));
#721=DIRECTION('',(0.E0,8.191520442890E-1,-5.735764363510E-1));
#722=DIRECTION('',(0.E0,-5.735764363510E-1,-8.191520442890E-1));
#723=AXIS2_PLACEMENT_3D('',#720,#721,#722);
#725=CURVE_STYLE('',#22,POSITIVE_LENGTH_MEASURE(2.E-2),#1);
#726=PRESENTATION_STYLE_ASSIGNMENT((#725));
#727=STYLED_ITEM('',(#726),#724);
#728=CARTESIAN_POINT('',(-6.053149606299E-1,-7.066929133858E-1,
-3.344673824201E-1));
#729=DIRECTION('',(0.E0,0.E0,1.E0));
#730=DIRECTION('',(-1.E0,0.E0,0.E0));
#731=AXIS2_PLACEMENT_3D('',#728,#729,#730);
#733=CURVE_STYLE('',#22,POSITIVE_LENGTH_MEASURE(2.E-2),#1);
#734=PRESENTATION_STYLE_ASSIGNMENT((#733));
#735=STYLED_ITEM('',(#734),#732);
#736=CARTESIAN_POINT('',(-6.053149606299E-1,-7.066929133858E-1,
-3.344673824201E-1));
#737=DIRECTION('',(1.E0,0.E0,0.E0));
#738=DIRECTION('',(0.E0,-1.E0,0.E0));
#739=AXIS2_PLACEMENT_3D('',#736,#737,#738);
#741=CURVE_STYLE('',#22,POSITIVE_LENGTH_MEASURE(2.E-2),#1);
#742=PRESENTATION_STYLE_ASSIGNMENT((#741));
#743=STYLED_ITEM('',(#742),#740);
#744=DIRECTION('',(0.E0,8.191520442890E-1,-5.735764363510E-1));
#745=VECTOR('',#744,7.209298752528E-2);
#746=CARTESIAN_POINT('',(-6.053149606299E-1,-7.112092632784E-1,
-3.409173985169E-1));
#747=LINE('',#746,#745);
#748=CURVE_STYLE('',#22,POSITIVE_LENGTH_MEASURE(2.E-2),#1);
#749=PRESENTATION_STYLE_ASSIGNMENT((#748));
#750=STYLED_ITEM('',(#749),#747);
#751=CARTESIAN_POINT('',(-6.919291338583E-1,-6.555118110236E-1,
-2.805118110236E-1));
#752=DIRECTION('',(0.E0,-1.E0,0.E0));
#753=DIRECTION('',(0.E0,0.E0,1.E0));
#754=AXIS2_PLACEMENT_3D('',#751,#752,#753);
#756=CURVE_STYLE('',#22,POSITIVE_LENGTH_MEASURE(2.E-2),#1);
#757=PRESENTATION_STYLE_ASSIGNMENT((#756));
#758=STYLED_ITEM('',(#757),#755);
#759=CARTESIAN_POINT('',(-6.919291338583E-1,-6.555118110236E-1,
-2.805118110236E-1));
#760=DIRECTION('',(0.E0,-1.E0,0.E0));
#761=DIRECTION('',(0.E0,0.E0,-1.E0));
#762=AXIS2_PLACEMENT_3D('',#759,#760,#761);
#764=CURVE_STYLE('',#22,POSITIVE_LENGTH_MEASURE(2.E-2),#1);
#765=PRESENTATION_STYLE_ASSIGNMENT((#764));
#766=STYLED_ITEM('',(#765),#763);
#767=CARTESIAN_POINT('',(-7.711105038834E-1,-6.555118110236E-1,
-3.758182288327E-1));
#768=CARTESIAN_POINT('',(-7.727853492946E-1,-6.555118110236E-1,
-3.758000206881E-1));
#769=CARTESIAN_POINT('',(-7.758848268206E-1,-6.555118110236E-1,
-3.754451184728E-1));
#770=CARTESIAN_POINT('',(-7.798581389116E-1,-6.555118110236E-1,
-3.738282597846E-1));
#771=CARTESIAN_POINT('',(-7.819069394578E-1,-6.555118110236E-1,
-3.722855360932E-1));
#772=CARTESIAN_POINT('',(-7.827937833453E-1,-6.555118110236E-1,
-3.713764605107E-1));
#774=CURVE_STYLE('',#22,POSITIVE_LENGTH_MEASURE(2.E-2),#1);
#775=PRESENTATION_STYLE_ASSIGNMENT((#774));
#776=STYLED_ITEM('',(#775),#773);
#777=CARTESIAN_POINT('',(-7.827937833453E-1,-6.555118110236E-1,
-3.713764605107E-1));
#778=CARTESIAN_POINT('',(-7.837252911716E-1,-6.555118110236E-1,
-3.704564087548E-1));
#779=CARTESIAN_POINT('',(-7.852974770019E-1,-6.555118110236E-1,
-3.683632030392E-1));
#780=CARTESIAN_POINT('',(-7.868766286395E-1,-6.555118110236E-1,
-3.643789459888E-1));
#781=CARTESIAN_POINT('',(-7.872231790742E-1,-6.555118110236E-1,
-3.613300181666E-1));
#782=CARTESIAN_POINT('',(-7.872355053451E-1,-6.555118110236E-1,
-3.596931810454E-1));
#784=CURVE_STYLE('',#22,POSITIVE_LENGTH_MEASURE(2.E-2),#1);
#785=PRESENTATION_STYLE_ASSIGNMENT((#784));
#786=STYLED_ITEM('',(#785),#783);
#787=CARTESIAN_POINT('',(-7.872355441254E-1,-6.555118110236E-1,
-2.003476538920E-1));
#788=CARTESIAN_POINT('',(-7.855316496064E-1,-6.555118110236E-1,
-2.013249676382E-1));
#789=CARTESIAN_POINT('',(-7.836863796482E-1,-6.555118110236E-1,
-2.017716535433E-1));
#790=CARTESIAN_POINT('',(-7.817220989426E-1,-6.555118110236E-1,
-2.017716535433E-1));
#792=CURVE_STYLE('',#22,POSITIVE_LENGTH_MEASURE(2.E-2),#1);
#793=PRESENTATION_STYLE_ASSIGNMENT((#792));
#794=STYLED_ITEM('',(#793),#791);
#795=CARTESIAN_POINT('',(-6.919291338583E-1,-6.555118110236E-1,
-2.805118110236E-1));
#796=DIRECTION('',(0.E0,1.E0,0.E0));
#797=DIRECTION('',(0.E0,0.E0,1.E0));
#798=AXIS2_PLACEMENT_3D('',#795,#796,#797);
#800=CURVE_STYLE('',#22,POSITIVE_LENGTH_MEASURE(2.E-2),#1);
#801=PRESENTATION_STYLE_ASSIGNMENT((#800));
#802=STYLED_ITEM('',(#801),#799);
#803=CARTESIAN_POINT('',(-6.131889763780E-1,-6.555118110236E-1,
-3.703047761080E-1));
#804=CARTESIAN_POINT('',(-6.131889763780E-1,-6.555118110236E-1,
-3.722690568136E-1));
#805=CARTESIAN_POINT('',(-6.127422904728E-1,-6.555118110236E-1,
-3.741143267717E-1));
#806=CARTESIAN_POINT('',(-6.117649767267E-1,-6.555118110236E-1,
-3.758182212907E-1));
#808=CURVE_STYLE('',#22,POSITIVE_LENGTH_MEASURE(2.E-2),#1);
#809=PRESENTATION_STYLE_ASSIGNMENT((#808));
#810=STYLED_ITEM('',(#809),#807);
#811=DIRECTION('',(0.E0,-1.E0,0.E0));
#812=VECTOR('',#811,2.755905511811E-1);
#813=CARTESIAN_POINT('',(-6.919291338583E-1,-3.799212598425E-1,
-2.362204724409E-1));
#814=LINE('',#813,#812);
#815=CURVE_STYLE('',#22,POSITIVE_LENGTH_MEASURE(2.E-2),#1);
#816=PRESENTATION_STYLE_ASSIGNMENT((#815));
#817=STYLED_ITEM('',(#816),#814);
#818=DIRECTION('',(0.E0,-1.E0,0.E0));
#819=VECTOR('',#818,2.755905511811E-1);
#820=CARTESIAN_POINT('',(-6.919291338583E-1,-3.799212598425E-1,
-3.248031496063E-1));
#821=LINE('',#820,#819);
#822=CURVE_STYLE('',#22,POSITIVE_LENGTH_MEASURE(2.E-2),#1);
#823=PRESENTATION_STYLE_ASSIGNMENT((#822));
#824=STYLED_ITEM('',(#823),#821);
#825=CARTESIAN_POINT('',(-7.711105038833E-1,-6.476377952756E-1,
-3.758182439166E-1));
#826=DIRECTION('',(9.999999999869E-1,0.E0,5.120427843332E-6));
#827=DIRECTION('',(-1.472022503890E-11,-9.999999999959E-1,2.873487902455E-6));
#828=AXIS2_PLACEMENT_3D('',#825,#826,#827);
#830=CURVE_STYLE('',#22,POSITIVE_LENGTH_MEASURE(2.E-2),#1);
#831=PRESENTATION_STYLE_ASSIGNMENT((#830));
#832=STYLED_ITEM('',(#831),#829);
#833=CARTESIAN_POINT('',(-7.711104956267E-1,-6.521541436718E-1,
-3.822682394175E-1));
#834=CARTESIAN_POINT('',(-7.721300199935E-1,-6.522671797266E-1,
-3.821890907199E-1));
#835=CARTESIAN_POINT('',(-7.740512391437E-1,-6.524573241827E-1,
-3.819360793066E-1));
#836=CARTESIAN_POINT('',(-7.765707095716E-1,-6.526860666688E-1,
-3.813268612231E-1));
#837=CARTESIAN_POINT('',(-7.786871378554E-1,-6.528501284604E-1,
-3.805999472072E-1));
#838=CARTESIAN_POINT('',(-7.804857280461E-1,-6.529687414444E-1,
-3.798081047834E-1));
#839=CARTESIAN_POINT('',(-7.820317699068E-1,-6.530526103144E-1,
-3.789817667092E-1));
#840=CARTESIAN_POINT('',(-7.833986996467E-1,-6.531113778468E-1,
-3.781217070625E-1));
#841=CARTESIAN_POINT('',(-7.846132209856E-1,-6.531496953318E-1,
-3.772391914989E-1));
#842=CARTESIAN_POINT('',(-7.857237483926E-1,-6.531721175396E-1,
-3.763191428466E-1));
#843=CARTESIAN_POINT('',(-7.864170323605E-1,-6.531774699136E-1,
-3.756665938803E-1));
#844=CARTESIAN_POINT('',(-7.867498627133E-1,-6.531781862848E-1,
-3.753327657477E-1));
#846=CURVE_STYLE('',#22,POSITIVE_LENGTH_MEASURE(2.E-2),#1);
#847=PRESENTATION_STYLE_ASSIGNMENT((#846));
#848=STYLED_ITEM('',(#847),#845);
#849=CARTESIAN_POINT('',(-7.867498627133E-1,-6.531781862848E-1,
-3.753327657477E-1));
#850=CARTESIAN_POINT('',(-7.870860564657E-1,-6.531774545229E-1,
-3.749976022412E-1));
#851=CARTESIAN_POINT('',(-7.877422739494E-1,-6.531719242318E-1,
-3.743002294609E-1));
#852=CARTESIAN_POINT('',(-7.886645641098E-1,-6.531493346527E-1,
-3.731857804705E-1));
#853=CARTESIAN_POINT('',(-7.895472698865E-1,-6.531108657139E-1,
-3.719693191950E-1));
#854=CARTESIAN_POINT('',(-7.904068032719E-1,-6.530519997269E-1,
-3.706011264512E-1));
#855=CARTESIAN_POINT('',(-7.912328851744E-1,-6.529678575099E-1,
-3.690530243112E-1));
#856=CARTESIAN_POINT('',(-7.920227568108E-1,-6.528490075665E-1,
-3.672553689748E-1));
#857=CARTESIAN_POINT('',(-7.927433545457E-1,-6.526860078583E-1,
-3.651530780268E-1));
#858=CARTESIAN_POINT('',(-7.933489016536E-1,-6.524594566645E-1,
-3.626573149560E-1));
#859=CARTESIAN_POINT('',(-7.936052035942E-1,-6.522688610636E-1,
-3.607234939050E-1));
#860=CARTESIAN_POINT('',(-7.936855252186E-1,-6.521541498957E-1,
-3.596932777304E-1));
#862=CURVE_STYLE('',#22,POSITIVE_LENGTH_MEASURE(2.E-2),#1);
#863=PRESENTATION_STYLE_ASSIGNMENT((#862));
#864=STYLED_ITEM('',(#863),#861);
#865=DIRECTION('',(2.433719717587E-7,0.E0,-1.E0));
#866=VECTOR('',#865,1.593455271534E-1);
#867=CARTESIAN_POINT('',(-7.872355441254E-1,-6.555118110236E-1,
-2.003476538920E-1));
#868=LINE('',#867,#866);
#869=CURVE_STYLE('',#22,POSITIVE_LENGTH_MEASURE(2.E-2),#1);
#870=PRESENTATION_STYLE_ASSIGNMENT((#869));
#871=STYLED_ITEM('',(#870),#868);
#872=CARTESIAN_POINT('',(-7.872355441254E-1,-6.476377952756E-1,
-3.596931810488E-1));
#873=DIRECTION('',(0.E0,0.E0,-1.E0));
#874=DIRECTION('',(0.E0,-1.E0,0.E0));
#875=AXIS2_PLACEMENT_3D('',#872,#873,#874);
#877=CURVE_STYLE('',#22,POSITIVE_LENGTH_MEASURE(2.E-2),#1);
#878=PRESENTATION_STYLE_ASSIGNMENT((#877));
#879=STYLED_ITEM('',(#878),#876);
#880=DIRECTION('',(-2.111244434025E-7,2.851475377400E-8,1.E0));
#881=VECTOR('',#880,1.657956399352E-1);
#882=CARTESIAN_POINT('',(-7.936855252186E-1,-6.521541498957E-1,
-3.596932777304E-1));
#883=LINE('',#882,#881);
#884=CURVE_STYLE('',#22,POSITIVE_LENGTH_MEASURE(2.E-2),#1);
#885=PRESENTATION_STYLE_ASSIGNMENT((#884));
#886=STYLED_ITEM('',(#885),#883);
#887=CARTESIAN_POINT('',(-7.872355441254E-1,-6.555118110236E-1,
-2.003476538920E-1));
#888=CARTESIAN_POINT('',(-7.880133102759E-1,-6.555118110236E-1,
-1.999015455551E-1));
#889=CARTESIAN_POINT('',(-7.896004639258E-1,-6.552858038427E-1,
-1.988055472615E-1));
#890=CARTESIAN_POINT('',(-7.919211390411E-1,-6.541413966290E-1,
-1.965378740671E-1));
#891=CARTESIAN_POINT('',(-7.931641685062E-1,-6.528987697080E-1,
-1.948066565117E-1));
#892=CARTESIAN_POINT('',(-7.936855602221E-1,-6.521541451681E-1,
-1.938976377953E-1));
#894=CURVE_STYLE('',#22,POSITIVE_LENGTH_MEASURE(2.E-2),#1);
#895=PRESENTATION_STYLE_ASSIGNMENT((#894));
#896=STYLED_ITEM('',(#895),#893);
#897=DIRECTION('',(5.735764363510E-1,-8.191520442890E-1,0.E0));
#898=VECTOR('',#897,7.209298752528E-2);
#899=CARTESIAN_POINT('',(-7.936855602221E-1,-6.521541451681E-1,
-1.938976377953E-1));
#900=LINE('',#899,#898);
#901=CURVE_STYLE('',#22,POSITIVE_LENGTH_MEASURE(2.E-2),#1);
#902=PRESENTATION_STYLE_ASSIGNMENT((#901));
#903=STYLED_ITEM('',(#902),#900);
#904=DIRECTION('',(-4.975450012010E-1,7.105658630319E-1,-4.975390698967E-1));
#905=VECTOR('',#904,2.220170829406E-2);
#906=CARTESIAN_POINT('',(-7.936855252186E-1,-6.521541498957E-1,
-3.596932777304E-1));
#907=LINE('',#906,#905);
#908=CURVE_STYLE('',#22,POSITIVE_LENGTH_MEASURE(2.E-2),#1);
#909=PRESENTATION_STYLE_ASSIGNMENT((#908));
#910=STYLED_ITEM('',(#909),#907);
#911=DIRECTION('',(4.975428132037E-1,-7.105647763187E-1,-4.975428099014E-1));
#912=VECTOR('',#911,2.220173561117E-2);
#913=CARTESIAN_POINT('',(-8.047318741985E-1,-6.363783738810E-1,
3.707394950252E-1));
#914=LINE('',#913,#912);
#915=CURVE_STYLE('',#22,POSITIVE_LENGTH_MEASURE(2.E-2),#1);
#916=PRESENTATION_STYLE_ASSIGNMENT((#915));
#917=STYLED_ITEM('',(#916),#914);
#918=DIRECTION('',(0.E0,1.E0,0.E0));
#919=VECTOR('',#918,2.165354330709E-1);
#920=CARTESIAN_POINT('',(-7.775590551181E-1,-6.358267716535E-1,
-3.937007874016E-1));
#921=LINE('',#920,#919);
#922=CURVE_STYLE('',#22,POSITIVE_LENGTH_MEASURE(2.E-2),#1);
#923=PRESENTATION_STYLE_ASSIGNMENT((#922));
#924=STYLED_ITEM('',(#923),#921);
#925=DIRECTION('',(0.E0,-1.E0,0.E0));
#926=VECTOR('',#925,2.165354330709E-1);
#927=CARTESIAN_POINT('',(-8.051181102362E-1,-4.192913385827E-1,
-3.661417322835E-1));
#928=LINE('',#927,#926);
#929=CURVE_STYLE('',#22,POSITIVE_LENGTH_MEASURE(2.E-2),#1);
#930=PRESENTATION_STYLE_ASSIGNMENT((#929));
#931=STYLED_ITEM('',(#930),#928);
#932=CARTESIAN_POINT('',(-8.051181102362E-1,-6.358267716535E-1,
-3.661417322835E-1));
#933=CARTESIAN_POINT('',(-8.051181102362E-1,-6.358267716535E-1,
-3.677067371374E-1));
#934=CARTESIAN_POINT('',(-8.049858590992E-1,-6.360156458513E-1,
-3.692384419817E-1));
#935=CARTESIAN_POINT('',(-8.047318741985E-1,-6.363783738810E-1,
-3.707394950252E-1));
#937=CURVE_STYLE('',#22,POSITIVE_LENGTH_MEASURE(2.E-2),#1);
#938=PRESENTATION_STYLE_ASSIGNMENT((#937));
#939=STYLED_ITEM('',(#938),#936);
#940=CARTESIAN_POINT('',(-8.047318741985E-1,-6.363783738810E-1,
-3.707394950252E-1));
#941=CARTESIAN_POINT('',(-8.044126127968E-1,-6.368343264154E-1,
-3.726263327752E-1));
#942=CARTESIAN_POINT('',(-8.033829716353E-1,-6.376079826119E-1,
-3.763161452611E-1));
#943=CARTESIAN_POINT('',(-8.007536461722E-1,-6.383166453944E-1,
-3.813814032382E-1));
#944=CARTESIAN_POINT('',(-7.983686393396E-1,-6.384737068312E-1,
-3.843065375762E-1));
#945=CARTESIAN_POINT('',(-7.970462498752E-1,-6.384737068312E-1,
-3.856289270406E-1));
#947=CURVE_STYLE('',#22,POSITIVE_LENGTH_MEASURE(2.E-2),#1);
#948=PRESENTATION_STYLE_ASSIGNMENT((#947));
#949=STYLED_ITEM('',(#948),#946);
#950=CARTESIAN_POINT('',(-7.970462498752E-1,-6.384737068312E-1,
-3.856289270406E-1));
#951=CARTESIAN_POINT('',(-7.957236405E-1,-6.384737068312E-1,
-3.869515364157E-1));
#952=CARTESIAN_POINT('',(-7.927981260874E-1,-6.383165927443E-1,
-3.893367424136E-1));
#953=CARTESIAN_POINT('',(-7.877327933706E-1,-6.376078566520E-1,
-3.919658906858E-1));
#954=CARTESIAN_POINT('',(-7.840433595311E-1,-6.368342548683E-1,
-3.929953400600E-1));
#955=CARTESIAN_POINT('',(-7.821568178598E-1,-6.363783738810E-1,
-3.933145513638E-1));
#957=CURVE_STYLE('',#22,POSITIVE_LENGTH_MEASURE(2.E-2),#1);
#958=PRESENTATION_STYLE_ASSIGNMENT((#957));
#959=STYLED_ITEM('',(#958),#956);
#960=CARTESIAN_POINT('',(-7.821568178598E-1,-6.363783738810E-1,
-3.933145513638E-1));
#961=CARTESIAN_POINT('',(-7.806557648163E-1,-6.360156458513E-1,
-3.935685362646E-1));
#962=CARTESIAN_POINT('',(-7.791240599720E-1,-6.358267716535E-1,
-3.937007874016E-1));
#963=CARTESIAN_POINT('',(-7.775590551181E-1,-6.358267716535E-1,
-3.937007874016E-1));
#965=CURVE_STYLE('',#22,POSITIVE_LENGTH_MEASURE(2.E-2),#1);
#966=PRESENTATION_STYLE_ASSIGNMENT((#965));
#967=STYLED_ITEM('',(#966),#964);
#968=DIRECTION('',(-1.E0,0.E0,0.E0));
#969=VECTOR('',#968,1.555118110236E0);
#970=CARTESIAN_POINT('',(7.775590551181E-1,-4.192913385827E-1,
-3.937007874016E-1));
#971=LINE('',#970,#969);
#972=CURVE_STYLE('',#22,POSITIVE_LENGTH_MEASURE(2.E-2),#1);
#973=PRESENTATION_STYLE_ASSIGNMENT((#972));
#974=STYLED_ITEM('',(#973),#971);
#975=DIRECTION('',(1.E0,0.E0,0.E0));
#976=VECTOR('',#975,1.555118110236E0);
#977=CARTESIAN_POINT('',(-7.775590551181E-1,-6.358267716535E-1,
-3.937007874016E-1));
#978=LINE('',#977,#976);
#979=CURVE_STYLE('',#22,POSITIVE_LENGTH_MEASURE(2.E-2),#1);
#980=PRESENTATION_STYLE_ASSIGNMENT((#979));
#981=STYLED_ITEM('',(#980),#978);
#982=DIRECTION('',(1.E0,0.E0,0.E0));
#983=VECTOR('',#982,3.444881889764E-2);
#984=CARTESIAN_POINT('',(-8.051181102362E-1,-4.192913385827E-1,
1.141732283465E-1));
#985=LINE('',#984,#983);
#986=CURVE_STYLE('',#22,POSITIVE_LENGTH_MEASURE(2.E-2),#1);
#987=PRESENTATION_STYLE_ASSIGNMENT((#986));
#988=STYLED_ITEM('',(#987),#985);
#989=CARTESIAN_POINT('',(-7.470472440945E-1,-4.192913385827E-1,
3.356299212598E-1));
#990=DIRECTION('',(0.E0,1.E0,0.E0));
#991=DIRECTION('',(-1.E0,0.E0,0.E0));
#992=AXIS2_PLACEMENT_3D('',#989,#990,#991);
#994=CURVE_STYLE('',#22,POSITIVE_LENGTH_MEASURE(2.E-2),#1);
#995=PRESENTATION_STYLE_ASSIGNMENT((#994));
#996=STYLED_ITEM('',(#995),#993);
#997=DIRECTION('',(1.E0,0.E0,0.E0));
#998=VECTOR('',#997,1.494094488189E0);
#999=CARTESIAN_POINT('',(-7.470472440945E-1,-4.192913385827E-1,
3.592519685039E-1));
#1000=LINE('',#999,#998);
#1001=CURVE_STYLE('',#22,POSITIVE_LENGTH_MEASURE(2.E-2),#1);
#1002=PRESENTATION_STYLE_ASSIGNMENT((#1001));
#1003=STYLED_ITEM('',(#1002),#1000);
#1004=CARTESIAN_POINT('',(7.470472440945E-1,-4.192913385827E-1,
3.356299212598E-1));
#1005=DIRECTION('',(0.E0,1.E0,0.E0));
#1006=DIRECTION('',(3.759955310064E-14,0.E0,1.E0));
#1007=AXIS2_PLACEMENT_3D('',#1004,#1005,#1006);
#1009=CURVE_STYLE('',#22,POSITIVE_LENGTH_MEASURE(2.E-2),#1);
#1010=PRESENTATION_STYLE_ASSIGNMENT((#1009));
#1011=STYLED_ITEM('',(#1010),#1008);
#1012=DIRECTION('',(0.E0,0.E0,-1.E0));
#1013=VECTOR('',#1012,6.712598425197E-1);
#1014=CARTESIAN_POINT('',(7.706692913386E-1,-4.192913385827E-1,
3.356299212598E-1));
#1015=LINE('',#1014,#1013);
#1016=CURVE_STYLE('',#22,POSITIVE_LENGTH_MEASURE(2.E-2),#1);
#1017=PRESENTATION_STYLE_ASSIGNMENT((#1016));
#1018=STYLED_ITEM('',(#1017),#1015);
#1019=CARTESIAN_POINT('',(7.470472440945E-1,-4.192913385827E-1,
-3.356299212598E-1));
#1020=DIRECTION('',(0.E0,1.E0,0.E0));
#1021=DIRECTION('',(1.E0,0.E0,1.409983241274E-14));
#1022=AXIS2_PLACEMENT_3D('',#1019,#1020,#1021);
#1024=CURVE_STYLE('',#22,POSITIVE_LENGTH_MEASURE(2.E-2),#1);
#1025=PRESENTATION_STYLE_ASSIGNMENT((#1024));
#1026=STYLED_ITEM('',(#1025),#1023);
#1027=DIRECTION('',(-1.E0,0.E0,0.E0));
#1028=VECTOR('',#1027,1.494094488189E0);
#1029=CARTESIAN_POINT('',(7.470472440945E-1,-4.192913385827E-1,
-3.592519685039E-1));
#1030=LINE('',#1029,#1028);
#1031=CURVE_STYLE('',#22,POSITIVE_LENGTH_MEASURE(2.E-2),#1);
#1032=PRESENTATION_STYLE_ASSIGNMENT((#1031));
#1033=STYLED_ITEM('',(#1032),#1030);
#1034=CARTESIAN_POINT('',(-7.470472440945E-1,-4.192913385827E-1,
-3.356299212598E-1));
#1035=DIRECTION('',(0.E0,1.E0,0.E0));
#1036=DIRECTION('',(-1.879977655032E-14,0.E0,-1.E0));
#1037=AXIS2_PLACEMENT_3D('',#1034,#1035,#1036);
#1039=CURVE_STYLE('',#22,POSITIVE_LENGTH_MEASURE(2.E-2),#1);
#1040=PRESENTATION_STYLE_ASSIGNMENT((#1039));
#1041=STYLED_ITEM('',(#1040),#1038);
#1042=DIRECTION('',(0.E0,0.E0,1.E0));
#1043=VECTOR('',#1042,2.214566929134E-1);
#1044=CARTESIAN_POINT('',(-7.706692913386E-1,-4.192913385827E-1,
-3.356299212598E-1));
#1045=LINE('',#1044,#1043);
#1046=CURVE_STYLE('',#22,POSITIVE_LENGTH_MEASURE(2.E-2),#1);
#1047=PRESENTATION_STYLE_ASSIGNMENT((#1046));
#1048=STYLED_ITEM('',(#1047),#1045);
#1049=DIRECTION('',(-1.E0,0.E0,0.E0));
#1050=VECTOR('',#1049,3.444881889764E-2);
#1051=CARTESIAN_POINT('',(-7.706692913386E-1,-4.192913385827E-1,
-1.141732283465E-1));
#1052=LINE('',#1051,#1050);
#1053=CURVE_STYLE('',#22,POSITIVE_LENGTH_MEASURE(2.E-2),#1);
#1054=PRESENTATION_STYLE_ASSIGNMENT((#1053));
#1055=STYLED_ITEM('',(#1054),#1052);
#1056=CARTESIAN_POINT('',(-7.775590551181E-1,-4.192913385827E-1,
-3.661417322835E-1));
#1057=DIRECTION('',(0.E0,-1.E0,0.E0));
#1058=DIRECTION('',(-1.E0,0.E0,0.E0));
#1059=AXIS2_PLACEMENT_3D('',#1056,#1057,#1058);
#1061=CURVE_STYLE('',#22,POSITIVE_LENGTH_MEASURE(2.E-2),#1);
#1062=PRESENTATION_STYLE_ASSIGNMENT((#1061));
#1063=STYLED_ITEM('',(#1062),#1060);
#1064=CARTESIAN_POINT('',(7.775590551181E-1,-4.192913385827E-1,
-3.661417322835E-1));
#1065=DIRECTION('',(0.E0,-1.E0,0.E0));
#1066=DIRECTION('',(0.E0,0.E0,-1.E0));
#1067=AXIS2_PLACEMENT_3D('',#1064,#1065,#1066);
#1069=CURVE_STYLE('',#22,POSITIVE_LENGTH_MEASURE(2.E-2),#1);
#1070=PRESENTATION_STYLE_ASSIGNMENT((#1069));
#1071=STYLED_ITEM('',(#1070),#1068);
#1072=CARTESIAN_POINT('',(7.775590551181E-1,-4.192913385827E-1,
3.661417322835E-1));
#1073=DIRECTION('',(0.E0,-1.E0,0.E0));
#1074=DIRECTION('',(1.E0,0.E0,0.E0));
#1075=AXIS2_PLACEMENT_3D('',#1072,#1073,#1074);
#1077=CURVE_STYLE('',#22,POSITIVE_LENGTH_MEASURE(2.E-2),#1);
#1078=PRESENTATION_STYLE_ASSIGNMENT((#1077));
#1079=STYLED_ITEM('',(#1078),#1076);
#1080=CARTESIAN_POINT('',(-7.775590551181E-1,-4.192913385827E-1,
3.661417322835E-1));
#1081=DIRECTION('',(0.E0,-1.E0,0.E0));
#1082=DIRECTION('',(0.E0,0.E0,1.E0));
#1083=AXIS2_PLACEMENT_3D('',#1080,#1081,#1082);
#1085=CURVE_STYLE('',#22,POSITIVE_LENGTH_MEASURE(2.E-2),#1);
#1086=PRESENTATION_STYLE_ASSIGNMENT((#1085));
#1087=STYLED_ITEM('',(#1086),#1084);
#1088=DIRECTION('',(0.E0,-1.E0,0.E0));
#1089=VECTOR('',#1088,3.937007874016E-2);
#1090=CARTESIAN_POINT('',(-7.470472440945E-1,-3.799212598425E-1,
3.592519685039E-1));
#1091=LINE('',#1090,#1089);
#1092=CURVE_STYLE('',#22,POSITIVE_LENGTH_MEASURE(2.E-2),#1);
#1093=PRESENTATION_STYLE_ASSIGNMENT((#1092));
#1094=STYLED_ITEM('',(#1093),#1091);
#1095=DIRECTION('',(0.E0,1.E0,0.E0));
#1096=VECTOR('',#1095,3.937007874016E-2);
#1097=CARTESIAN_POINT('',(-7.706692913386E-1,-4.192913385827E-1,
3.356299212598E-1));
#1098=LINE('',#1097,#1096);
#1099=CURVE_STYLE('',#22,POSITIVE_LENGTH_MEASURE(2.E-2),#1);
#1100=PRESENTATION_STYLE_ASSIGNMENT((#1099));
#1101=STYLED_ITEM('',(#1100),#1098);
#1102=DIRECTION('',(0.E0,-1.E0,0.E0));
#1103=VECTOR('',#1102,3.937007874016E-2);
#1104=CARTESIAN_POINT('',(7.706692913386E-1,-3.799212598425E-1,
3.356299212598E-1));
#1105=LINE('',#1104,#1103);
#1106=CURVE_STYLE('',#22,POSITIVE_LENGTH_MEASURE(2.E-2),#1);
#1107=PRESENTATION_STYLE_ASSIGNMENT((#1106));
#1108=STYLED_ITEM('',(#1107),#1105);
#1109=DIRECTION('',(0.E0,1.E0,0.E0));
#1110=VECTOR('',#1109,3.937007874016E-2);
#1111=CARTESIAN_POINT('',(7.470472440945E-1,-4.192913385827E-1,
3.592519685039E-1));
#1112=LINE('',#1111,#1110);
#1113=CURVE_STYLE('',#22,POSITIVE_LENGTH_MEASURE(2.E-2),#1);
#1114=PRESENTATION_STYLE_ASSIGNMENT((#1113));
#1115=STYLED_ITEM('',(#1114),#1112);
#1116=DIRECTION('',(0.E0,-1.E0,0.E0));
#1117=VECTOR('',#1116,3.937007874016E-2);
#1118=CARTESIAN_POINT('',(7.470472440945E-1,-3.799212598425E-1,
-3.592519685039E-1));
#1119=LINE('',#1118,#1117);
#1120=CURVE_STYLE('',#22,POSITIVE_LENGTH_MEASURE(2.E-2),#1);
#1121=PRESENTATION_STYLE_ASSIGNMENT((#1120));
#1122=STYLED_ITEM('',(#1121),#1119);
#1123=DIRECTION('',(0.E0,1.E0,0.E0));
#1124=VECTOR('',#1123,3.937007874016E-2);
#1125=CARTESIAN_POINT('',(7.706692913386E-1,-4.192913385827E-1,
-3.356299212598E-1));
#1126=LINE('',#1125,#1124);
#1127=CURVE_STYLE('',#22,POSITIVE_LENGTH_MEASURE(2.E-2),#1);
#1128=PRESENTATION_STYLE_ASSIGNMENT((#1127));
#1129=STYLED_ITEM('',(#1128),#1126);
#1130=DIRECTION('',(0.E0,-1.E0,0.E0));
#1131=VECTOR('',#1130,3.937007874016E-2);
#1132=CARTESIAN_POINT('',(-7.706692913386E-1,-3.799212598425E-1,
-3.356299212598E-1));
#1133=LINE('',#1132,#1131);
#1134=CURVE_STYLE('',#22,POSITIVE_LENGTH_MEASURE(2.E-2),#1);
#1135=PRESENTATION_STYLE_ASSIGNMENT((#1134));
#1136=STYLED_ITEM('',(#1135),#1133);
#1137=DIRECTION('',(0.E0,1.E0,0.E0));
#1138=VECTOR('',#1137,3.937007874016E-2);
#1139=CARTESIAN_POINT('',(-7.470472440945E-1,-4.192913385827E-1,
-3.592519685039E-1));
#1140=LINE('',#1139,#1138);
#1141=CURVE_STYLE('',#22,POSITIVE_LENGTH_MEASURE(2.E-2),#1);
#1142=PRESENTATION_STYLE_ASSIGNMENT((#1141));
#1143=STYLED_ITEM('',(#1142),#1140);
#1144=DIRECTION('',(0.E0,1.E0,0.E0));
#1145=VECTOR('',#1144,2.165354330709E-1);
#1146=CARTESIAN_POINT('',(8.051181102362E-1,-6.358267716535E-1,
-3.661417322835E-1));
#1147=LINE('',#1146,#1145);
#1148=CURVE_STYLE('',#22,POSITIVE_LENGTH_MEASURE(2.E-2),#1);
#1149=PRESENTATION_STYLE_ASSIGNMENT((#1148));
#1150=STYLED_ITEM('',(#1149),#1147);
#1151=DIRECTION('',(0.E0,-1.E0,0.E0));
#1152=VECTOR('',#1151,2.165354330709E-1);
#1153=CARTESIAN_POINT('',(7.775590551181E-1,-4.192913385827E-1,
-3.937007874016E-1));
#1154=LINE('',#1153,#1152);
#1155=CURVE_STYLE('',#22,POSITIVE_LENGTH_MEASURE(2.E-2),#1);
#1156=PRESENTATION_STYLE_ASSIGNMENT((#1155));
#1157=STYLED_ITEM('',(#1156),#1154);
#1158=CARTESIAN_POINT('',(7.775590551181E-1,-6.358267716535E-1,
-3.937007874016E-1));
#1159=CARTESIAN_POINT('',(7.791240599720E-1,-6.358267716535E-1,
-3.937007874016E-1));
#1160=CARTESIAN_POINT('',(7.806557648163E-1,-6.360156458513E-1,
-3.935685362646E-1));
#1161=CARTESIAN_POINT('',(7.821568178598E-1,-6.363783738810E-1,
-3.933145513638E-1));
#1163=CURVE_STYLE('',#22,POSITIVE_LENGTH_MEASURE(2.E-2),#1);
#1164=PRESENTATION_STYLE_ASSIGNMENT((#1163));
#1165=STYLED_ITEM('',(#1164),#1162);
#1166=CARTESIAN_POINT('',(7.821568178598E-1,-6.363783738810E-1,
-3.933145513638E-1));
#1167=CARTESIAN_POINT('',(7.840436556099E-1,-6.368343264154E-1,
-3.929952899622E-1));
#1168=CARTESIAN_POINT('',(7.877334680957E-1,-6.376079826119E-1,
-3.919656488006E-1));
#1169=CARTESIAN_POINT('',(7.927987260728E-1,-6.383166453944E-1,
-3.893363233375E-1));
#1170=CARTESIAN_POINT('',(7.957238604109E-1,-6.384737068312E-1,
-3.869513165049E-1));
#1171=CARTESIAN_POINT('',(7.970462498752E-1,-6.384737068312E-1,
-3.856289270406E-1));
#1173=CURVE_STYLE('',#22,POSITIVE_LENGTH_MEASURE(2.E-2),#1);
#1174=PRESENTATION_STYLE_ASSIGNMENT((#1173));
#1175=STYLED_ITEM('',(#1174),#1172);
#1176=CARTESIAN_POINT('',(7.970462498752E-1,-6.384737068312E-1,
-3.856289270406E-1));
#1177=CARTESIAN_POINT('',(7.983688592504E-1,-6.384737068312E-1,
-3.843063176654E-1));
#1178=CARTESIAN_POINT('',(8.007540652483E-1,-6.383165927443E-1,
-3.813808032528E-1));
#1179=CARTESIAN_POINT('',(8.033832135205E-1,-6.376078566520E-1,
-3.763154705360E-1));
#1180=CARTESIAN_POINT('',(8.044126628947E-1,-6.368342548683E-1,
-3.726260366965E-1));
#1181=CARTESIAN_POINT('',(8.047318741985E-1,-6.363783738810E-1,
-3.707394950251E-1));
#1183=CURVE_STYLE('',#22,POSITIVE_LENGTH_MEASURE(2.E-2),#1);
#1184=PRESENTATION_STYLE_ASSIGNMENT((#1183));
#1185=STYLED_ITEM('',(#1184),#1182);
#1186=CARTESIAN_POINT('',(8.047318741985E-1,-6.363783738810E-1,
-3.707394950252E-1));
#1187=CARTESIAN_POINT('',(8.049858590992E-1,-6.360156458513E-1,
-3.692384419817E-1));
#1188=CARTESIAN_POINT('',(8.051181102362E-1,-6.358267716535E-1,
-3.677067371374E-1));
#1189=CARTESIAN_POINT('',(8.051181102362E-1,-6.358267716535E-1,
-3.661417322835E-1));
#1191=CURVE_STYLE('',#22,POSITIVE_LENGTH_MEASURE(2.E-2),#1);
#1192=PRESENTATION_STYLE_ASSIGNMENT((#1191));
#1193=STYLED_ITEM('',(#1192),#1190);
#1194=DIRECTION('',(0.E0,0.E0,-1.E0));
#1195=VECTOR('',#1194,7.322834645669E-1);
#1196=CARTESIAN_POINT('',(8.051181102362E-1,-4.192913385827E-1,
3.661417322835E-1));
#1197=LINE('',#1196,#1195);
#1198=CURVE_STYLE('',#22,POSITIVE_LENGTH_MEASURE(2.E-2),#1);
#1199=PRESENTATION_STYLE_ASSIGNMENT((#1198));
#1200=STYLED_ITEM('',(#1199),#1197);
#1201=DIRECTION('',(0.E0,0.E0,1.E0));
#1202=VECTOR('',#1201,7.322834645669E-1);
#1203=CARTESIAN_POINT('',(8.051181102362E-1,-6.358267716535E-1,
-3.661417322835E-1));
#1204=LINE('',#1203,#1202);
#1205=CURVE_STYLE('',#22,POSITIVE_LENGTH_MEASURE(2.E-2),#1);
#1206=PRESENTATION_STYLE_ASSIGNMENT((#1205));
#1207=STYLED_ITEM('',(#1206),#1204);
#1208=DIRECTION('',(0.E0,1.E0,0.E0));
#1209=VECTOR('',#1208,2.165354330709E-1);
#1210=CARTESIAN_POINT('',(7.775590551181E-1,-6.358267716535E-1,
3.937007874016E-1));
#1211=LINE('',#1210,#1209);
#1212=CURVE_STYLE('',#22,POSITIVE_LENGTH_MEASURE(2.E-2),#1);
#1213=PRESENTATION_STYLE_ASSIGNMENT((#1212));
#1214=STYLED_ITEM('',(#1213),#1211);
#1215=DIRECTION('',(0.E0,-1.E0,0.E0));
#1216=VECTOR('',#1215,2.165354330709E-1);
#1217=CARTESIAN_POINT('',(8.051181102362E-1,-4.192913385827E-1,
3.661417322835E-1));
#1218=LINE('',#1217,#1216);
#1219=CURVE_STYLE('',#22,POSITIVE_LENGTH_MEASURE(2.E-2),#1);
#1220=PRESENTATION_STYLE_ASSIGNMENT((#1219));
#1221=STYLED_ITEM('',(#1220),#1218);
#1222=CARTESIAN_POINT('',(8.051181102362E-1,-6.358267716535E-1,
3.661417322835E-1));
#1223=CARTESIAN_POINT('',(8.051181102362E-1,-6.358267716535E-1,
3.677067371374E-1));
#1224=CARTESIAN_POINT('',(8.049858590992E-1,-6.360156458513E-1,
3.692384419817E-1));
#1225=CARTESIAN_POINT('',(8.047318741985E-1,-6.363783738810E-1,
3.707394950252E-1));
#1227=CURVE_STYLE('',#22,POSITIVE_LENGTH_MEASURE(2.E-2),#1);
#1228=PRESENTATION_STYLE_ASSIGNMENT((#1227));
#1229=STYLED_ITEM('',(#1228),#1226);
#1230=CARTESIAN_POINT('',(8.047318741985E-1,-6.363783738810E-1,
3.707394950252E-1));
#1231=CARTESIAN_POINT('',(8.044126127968E-1,-6.368343264154E-1,
3.726263327752E-1));
#1232=CARTESIAN_POINT('',(8.033829716353E-1,-6.376079826119E-1,
3.763161452611E-1));
#1233=CARTESIAN_POINT('',(8.007536461722E-1,-6.383166453944E-1,
3.813814032382E-1));
#1234=CARTESIAN_POINT('',(7.983686393396E-1,-6.384737068312E-1,
3.843065375762E-1));
#1235=CARTESIAN_POINT('',(7.970462498752E-1,-6.384737068312E-1,
3.856289270406E-1));
#1237=CURVE_STYLE('',#22,POSITIVE_LENGTH_MEASURE(2.E-2),#1);
#1238=PRESENTATION_STYLE_ASSIGNMENT((#1237));
#1239=STYLED_ITEM('',(#1238),#1236);
#1240=CARTESIAN_POINT('',(7.970462498752E-1,-6.384737068312E-1,
3.856289270406E-1));
#1241=CARTESIAN_POINT('',(7.957236405E-1,-6.384737068312E-1,3.869515364157E-1));
#1242=CARTESIAN_POINT('',(7.927981260874E-1,-6.383165927443E-1,
3.893367424136E-1));
#1243=CARTESIAN_POINT('',(7.877327933706E-1,-6.376078566520E-1,
3.919658906858E-1));
#1244=CARTESIAN_POINT('',(7.840433595311E-1,-6.368342548683E-1,
3.929953400600E-1));
#1245=CARTESIAN_POINT('',(7.821568178598E-1,-6.363783738810E-1,
3.933145513638E-1));
#1247=CURVE_STYLE('',#22,POSITIVE_LENGTH_MEASURE(2.E-2),#1);
#1248=PRESENTATION_STYLE_ASSIGNMENT((#1247));
#1249=STYLED_ITEM('',(#1248),#1246);
#1250=CARTESIAN_POINT('',(7.821568178598E-1,-6.363783738810E-1,
3.933145513638E-1));
#1251=CARTESIAN_POINT('',(7.806557648163E-1,-6.360156458513E-1,
3.935685362646E-1));
#1252=CARTESIAN_POINT('',(7.791240599720E-1,-6.358267716535E-1,
3.937007874016E-1));
#1253=CARTESIAN_POINT('',(7.775590551181E-1,-6.358267716535E-1,
3.937007874016E-1));
#1255=CURVE_STYLE('',#22,POSITIVE_LENGTH_MEASURE(2.E-2),#1);
#1256=PRESENTATION_STYLE_ASSIGNMENT((#1255));
#1257=STYLED_ITEM('',(#1256),#1254);
#1258=DIRECTION('',(1.E0,0.E0,0.E0));
#1259=VECTOR('',#1258,1.555118110236E0);
#1260=CARTESIAN_POINT('',(-7.775590551181E-1,-4.192913385827E-1,
3.937007874016E-1));
#1261=LINE('',#1260,#1259);
#1262=CURVE_STYLE('',#22,POSITIVE_LENGTH_MEASURE(2.E-2),#1);
#1263=PRESENTATION_STYLE_ASSIGNMENT((#1262));
#1264=STYLED_ITEM('',(#1263),#1261);
#1265=DIRECTION('',(-1.E0,0.E0,0.E0));
#1266=VECTOR('',#1265,1.555118110236E0);
#1267=CARTESIAN_POINT('',(7.775590551181E-1,-6.358267716535E-1,
3.937007874016E-1));
#1268=LINE('',#1267,#1266);
#1269=CURVE_STYLE('',#22,POSITIVE_LENGTH_MEASURE(2.E-2),#1);
#1270=PRESENTATION_STYLE_ASSIGNMENT((#1269));
#1271=STYLED_ITEM('',(#1270),#1268);
#1272=DIRECTION('',(0.E0,1.E0,0.E0));
#1273=VECTOR('',#1272,2.165354330709E-1);
#1274=CARTESIAN_POINT('',(-8.051181102362E-1,-6.358267716535E-1,
3.661417322835E-1));
#1275=LINE('',#1274,#1273);
#1276=CURVE_STYLE('',#22,POSITIVE_LENGTH_MEASURE(2.E-2),#1);
#1277=PRESENTATION_STYLE_ASSIGNMENT((#1276));
#1278=STYLED_ITEM('',(#1277),#1275);
#1279=DIRECTION('',(0.E0,-1.E0,0.E0));
#1280=VECTOR('',#1279,2.165354330709E-1);
#1281=CARTESIAN_POINT('',(-7.775590551181E-1,-4.192913385827E-1,
3.937007874016E-1));
#1282=LINE('',#1281,#1280);
#1283=CURVE_STYLE('',#22,POSITIVE_LENGTH_MEASURE(2.E-2),#1);
#1284=PRESENTATION_STYLE_ASSIGNMENT((#1283));
#1285=STYLED_ITEM('',(#1284),#1282);
#1286=CARTESIAN_POINT('',(-7.775590551181E-1,-6.358267716535E-1,
3.937007874016E-1));
#1287=CARTESIAN_POINT('',(-7.791240599720E-1,-6.358267716535E-1,
3.937007874016E-1));
#1288=CARTESIAN_POINT('',(-7.806557648163E-1,-6.360156458513E-1,
3.935685362646E-1));
#1289=CARTESIAN_POINT('',(-7.821568178598E-1,-6.363783738810E-1,
3.933145513638E-1));
#1291=CURVE_STYLE('',#22,POSITIVE_LENGTH_MEASURE(2.E-2),#1);
#1292=PRESENTATION_STYLE_ASSIGNMENT((#1291));
#1293=STYLED_ITEM('',(#1292),#1290);
#1294=CARTESIAN_POINT('',(-7.821568178598E-1,-6.363783738810E-1,
3.933145513638E-1));
#1295=CARTESIAN_POINT('',(-7.840436556099E-1,-6.368343264154E-1,
3.929952899622E-1));
#1296=CARTESIAN_POINT('',(-7.877334680957E-1,-6.376079826119E-1,
3.919656488006E-1));
#1297=CARTESIAN_POINT('',(-7.927987260728E-1,-6.383166453944E-1,
3.893363233375E-1));
#1298=CARTESIAN_POINT('',(-7.957238604109E-1,-6.384737068312E-1,
3.869513165049E-1));
#1299=CARTESIAN_POINT('',(-7.970462498752E-1,-6.384737068312E-1,
3.856289270406E-1));
#1301=CURVE_STYLE('',#22,POSITIVE_LENGTH_MEASURE(2.E-2),#1);
#1302=PRESENTATION_STYLE_ASSIGNMENT((#1301));
#1303=STYLED_ITEM('',(#1302),#1300);
#1304=CARTESIAN_POINT('',(-7.970462498752E-1,-6.384737068312E-1,
3.856289270406E-1));
#1305=CARTESIAN_POINT('',(-7.983688592504E-1,-6.384737068312E-1,
3.843063176654E-1));
#1306=CARTESIAN_POINT('',(-8.007540652483E-1,-6.383165927443E-1,
3.813808032528E-1));
#1307=CARTESIAN_POINT('',(-8.033832135205E-1,-6.376078566520E-1,
3.763154705360E-1));
#1308=CARTESIAN_POINT('',(-8.044126628947E-1,-6.368342548683E-1,
3.726260366964E-1));
#1309=CARTESIAN_POINT('',(-8.047318741985E-1,-6.363783738810E-1,
3.707394950252E-1));
#1311=CURVE_STYLE('',#22,POSITIVE_LENGTH_MEASURE(2.E-2),#1);
#1312=PRESENTATION_STYLE_ASSIGNMENT((#1311));
#1313=STYLED_ITEM('',(#1312),#1310);
#1314=CARTESIAN_POINT('',(-8.047318741985E-1,-6.363783738810E-1,
3.707394950252E-1));
#1315=CARTESIAN_POINT('',(-8.049858590992E-1,-6.360156458513E-1,
3.692384419817E-1));
#1316=CARTESIAN_POINT('',(-8.051181102362E-1,-6.358267716535E-1,
3.677067371374E-1));
#1317=CARTESIAN_POINT('',(-8.051181102362E-1,-6.358267716535E-1,
3.661417322835E-1));
#1319=CURVE_STYLE('',#22,POSITIVE_LENGTH_MEASURE(2.E-2),#1);
#1320=PRESENTATION_STYLE_ASSIGNMENT((#1319));
#1321=STYLED_ITEM('',(#1320),#1318);
#1322=DIRECTION('',(-3.946283029129E-10,0.E0,-1.E0));
#1323=VECTOR('',#1322,1.593455271568E-1);
#1324=CARTESIAN_POINT('',(-7.872355440625E-1,-6.555118110236E-1,
3.596931810488E-1));
#1325=LINE('',#1324,#1323);
#1326=CURVE_STYLE('',#22,POSITIVE_LENGTH_MEASURE(2.E-2),#1);
#1327=PRESENTATION_STYLE_ASSIGNMENT((#1326));
#1328=STYLED_ITEM('',(#1327),#1325);
#1329=CARTESIAN_POINT('',(-7.872355441254E-1,-6.555118110236E-1,
2.003476538920E-1));
#1330=CARTESIAN_POINT('',(-7.880133102759E-1,-6.555118110236E-1,
1.999015455551E-1));
#1331=CARTESIAN_POINT('',(-7.896007565157E-1,-6.552853859811E-1,
1.988060573764E-1));
#1332=CARTESIAN_POINT('',(-7.919209412938E-1,-6.541416790414E-1,
1.965375293052E-1));
#1333=CARTESIAN_POINT('',(-7.931641685062E-1,-6.528987697080E-1,
1.948066565117E-1));
#1334=CARTESIAN_POINT('',(-7.936855602221E-1,-6.521541451681E-1,
1.938976377953E-1));
#1336=CURVE_STYLE('',#22,POSITIVE_LENGTH_MEASURE(2.E-2),#1);
#1337=PRESENTATION_STYLE_ASSIGNMENT((#1336));
#1338=STYLED_ITEM('',(#1337),#1335);
#1339=DIRECTION('',(1.065253475650E-10,-6.816939217665E-11,1.E0));
#1340=VECTOR('',#1339,1.657955433092E-1);
#1341=CARTESIAN_POINT('',(-7.936855602221E-1,-6.521541451681E-1,
1.938976377953E-1));
#1342=LINE('',#1341,#1340);
#1343=CURVE_STYLE('',#22,POSITIVE_LENGTH_MEASURE(2.E-2),#1);
#1344=PRESENTATION_STYLE_ASSIGNMENT((#1343));
#1345=STYLED_ITEM('',(#1344),#1342);
#1346=DIRECTION('',(-5.735764363510E-1,8.191520442890E-1,0.E0));
#1347=VECTOR('',#1346,7.209298752528E-2);
#1348=CARTESIAN_POINT('',(-7.523347213515E-1,-7.112092632784E-1,
1.938976377953E-1));
#1349=LINE('',#1348,#1347);
#1350=CURVE_STYLE('',#22,POSITIVE_LENGTH_MEASURE(2.E-2),#1);
#1351=PRESENTATION_STYLE_ASSIGNMENT((#1350));
#1352=STYLED_ITEM('',(#1351),#1349);
#1353=DIRECTION('',(-5.735764363510E-1,8.191520442890E-1,0.E0));
#1354=VECTOR('',#1353,6.248058918858E-2);
#1355=CARTESIAN_POINT('',(-7.458847052547E-1,-7.066929133858E-1,
2.017716535433E-1));
#1356=LINE('',#1355,#1354);
#1357=CURVE_STYLE('',#22,POSITIVE_LENGTH_MEASURE(2.E-2),#1);
#1358=PRESENTATION_STYLE_ASSIGNMENT((#1357));
#1359=STYLED_ITEM('',(#1358),#1356);
#1360=DIRECTION('',(1.E0,0.E0,0.E0));
#1361=VECTOR('',#1360,8.979296508436E-2);
#1362=CARTESIAN_POINT('',(-7.817220989426E-1,-6.555118110236E-1,
2.017716535433E-1));
#1363=LINE('',#1362,#1361);
#1364=CURVE_STYLE('',#22,POSITIVE_LENGTH_MEASURE(2.E-2),#1);
#1365=PRESENTATION_STYLE_ASSIGNMENT((#1364));
#1366=STYLED_ITEM('',(#1365),#1363);
#1367=DIRECTION('',(0.E0,-1.E0,0.E0));
#1368=VECTOR('',#1367,5.118110236220E-2);
#1369=CARTESIAN_POINT('',(-6.131889763780E-1,-6.555118110236E-1,
2.805118110236E-1));
#1370=LINE('',#1369,#1368);
#1371=CURVE_STYLE('',#22,POSITIVE_LENGTH_MEASURE(2.E-2),#1);
#1372=PRESENTATION_STYLE_ASSIGNMENT((#1371));
#1373=STYLED_ITEM('',(#1372),#1370);
#1374=DIRECTION('',(1.084602493288E-14,1.E0,0.E0));
#1375=VECTOR('',#1374,5.118110236220E-2);
#1376=CARTESIAN_POINT('',(-6.919291338583E-1,-7.066929133858E-1,
2.017716535433E-1));
#1377=LINE('',#1376,#1375);
#1378=CURVE_STYLE('',#22,POSITIVE_LENGTH_MEASURE(2.E-2),#1);
#1379=PRESENTATION_STYLE_ASSIGNMENT((#1378));
#1380=STYLED_ITEM('',(#1379),#1377);
#1381=DIRECTION('',(0.E0,-8.191520442890E-1,-5.735764363510E-1));
#1382=VECTOR('',#1381,6.248058918858E-2);
#1383=CARTESIAN_POINT('',(-6.131889763780E-1,-6.555118110236E-1,
3.703047761080E-1));
#1384=LINE('',#1383,#1382);
#1385=CURVE_STYLE('',#22,POSITIVE_LENGTH_MEASURE(2.E-2),#1);
#1386=PRESENTATION_STYLE_ASSIGNMENT((#1385));
#1387=STYLED_ITEM('',(#1386),#1384);
#1388=DIRECTION('',(0.E0,0.E0,1.E0));
#1389=VECTOR('',#1388,8.979296508436E-2);
#1390=CARTESIAN_POINT('',(-6.131889763780E-1,-6.555118110236E-1,
2.805118110236E-1));
#1391=LINE('',#1390,#1389);
#1392=CURVE_STYLE('',#22,POSITIVE_LENGTH_MEASURE(2.E-2),#1);
#1393=PRESENTATION_STYLE_ASSIGNMENT((#1392));
#1394=STYLED_ITEM('',(#1393),#1391);
#1395=DIRECTION('',(0.E0,0.E0,-1.E0));
#1396=VECTOR('',#1395,5.395557139647E-2);
#1397=CARTESIAN_POINT('',(-6.053149606299E-1,-7.145669291339E-1,
3.344673824201E-1));
#1398=LINE('',#1397,#1396);
#1399=CURVE_STYLE('',#22,POSITIVE_LENGTH_MEASURE(2.E-2),#1);
#1400=PRESENTATION_STYLE_ASSIGNMENT((#1399));
#1401=STYLED_ITEM('',(#1400),#1398);
#1402=DIRECTION('',(0.E0,0.E0,1.E0));
#1403=VECTOR('',#1402,5.395557139647E-2);
#1404=CARTESIAN_POINT('',(-6.131889763780E-1,-7.066929133858E-1,
2.805118110236E-1));
#1405=LINE('',#1404,#1403);
#1406=CURVE_STYLE('',#22,POSITIVE_LENGTH_MEASURE(2.E-2),#1);
#1407=PRESENTATION_STYLE_ASSIGNMENT((#1406));
#1408=STYLED_ITEM('',(#1407),#1405);
#1409=CARTESIAN_POINT('',(-6.053149606299E-1,-7.066929133858E-1,
3.344673824201E-1));
#1410=DIRECTION('',(0.E0,8.191520442890E-1,5.735764363510E-1));
#1411=DIRECTION('',(-1.E0,-1.409983241274E-14,2.114974861911E-14));
#1412=AXIS2_PLACEMENT_3D('',#1409,#1410,#1411);
#1414=CURVE_STYLE('',#22,POSITIVE_LENGTH_MEASURE(2.E-2),#1);
#1415=PRESENTATION_STYLE_ASSIGNMENT((#1414));
#1416=STYLED_ITEM('',(#1415),#1413);
#1417=CARTESIAN_POINT('',(-6.053149606299E-1,-7.066929133858E-1,
3.344673824201E-1));
#1418=DIRECTION('',(1.E0,0.E0,0.E0));
#1419=DIRECTION('',(1.409983241274E-14,-5.735764363510E-1,8.191520442890E-1));
#1420=AXIS2_PLACEMENT_3D('',#1417,#1418,#1419);
#1422=CURVE_STYLE('',#22,POSITIVE_LENGTH_MEASURE(2.E-2),#1);
#1423=PRESENTATION_STYLE_ASSIGNMENT((#1422));
#1424=STYLED_ITEM('',(#1423),#1421);
#1425=CARTESIAN_POINT('',(-6.053149606299E-1,-7.066929133858E-1,
3.344673824201E-1));
#1426=DIRECTION('',(0.E0,0.E0,-1.E0));
#1427=DIRECTION('',(-1.409983241274E-14,-1.E0,0.E0));
#1428=AXIS2_PLACEMENT_3D('',#1425,#1426,#1427);
#1430=CURVE_STYLE('',#22,POSITIVE_LENGTH_MEASURE(2.E-2),#1);
#1431=PRESENTATION_STYLE_ASSIGNMENT((#1430));
#1432=STYLED_ITEM('',(#1431),#1429);
#1433=DIRECTION('',(-1.E0,0.E0,0.E0));
#1434=VECTOR('',#1433,1.210629921260E0);
#1435=CARTESIAN_POINT('',(6.053149606299E-1,-7.145669291339E-1,
3.344673824201E-1));
#1436=LINE('',#1435,#1434);
#1437=CURVE_STYLE('',#22,POSITIVE_LENGTH_MEASURE(2.E-2),#1);
#1438=PRESENTATION_STYLE_ASSIGNMENT((#1437));
#1439=STYLED_ITEM('',(#1438),#1436);
#1440=DIRECTION('',(1.E0,0.E0,0.E0));
#1441=VECTOR('',#1440,1.210629921260E0);
#1442=CARTESIAN_POINT('',(-6.053149606299E-1,-7.112092632784E-1,
3.409173985169E-1));
#1443=LINE('',#1442,#1441);
#1444=CURVE_STYLE('',#22,POSITIVE_LENGTH_MEASURE(2.E-2),#1);
#1445=PRESENTATION_STYLE_ASSIGNMENT((#1444));
#1446=STYLED_ITEM('',(#1445),#1443);
#1447=CARTESIAN_POINT('',(6.053149606299E-1,-7.066929133858E-1,
3.344673824201E-1));
#1448=DIRECTION('',(0.E0,8.191520442890E-1,5.735764363510E-1));
#1449=DIRECTION('',(0.E0,-5.735764363510E-1,8.191520442890E-1));
#1450=AXIS2_PLACEMENT_3D('',#1447,#1448,#1449);
#1452=CURVE_STYLE('',#22,POSITIVE_LENGTH_MEASURE(2.E-2),#1);
#1453=PRESENTATION_STYLE_ASSIGNMENT((#1452));
#1454=STYLED_ITEM('',(#1453),#1451);
#1455=CARTESIAN_POINT('',(6.053149606299E-1,-7.066929133858E-1,
3.344673824201E-1));
#1456=DIRECTION('',(0.E0,0.E0,-1.E0));
#1457=DIRECTION('',(1.E0,0.E0,0.E0));
#1458=AXIS2_PLACEMENT_3D('',#1455,#1456,#1457);
#1460=CURVE_STYLE('',#22,POSITIVE_LENGTH_MEASURE(2.E-2),#1);
#1461=PRESENTATION_STYLE_ASSIGNMENT((#1460));
#1462=STYLED_ITEM('',(#1461),#1459);
#1463=CARTESIAN_POINT('',(6.053149606299E-1,-7.066929133858E-1,
3.344673824201E-1));
#1464=DIRECTION('',(-1.E0,0.E0,0.E0));
#1465=DIRECTION('',(0.E0,-1.E0,0.E0));
#1466=AXIS2_PLACEMENT_3D('',#1463,#1464,#1465);
#1468=CURVE_STYLE('',#22,POSITIVE_LENGTH_MEASURE(2.E-2),#1);
#1469=PRESENTATION_STYLE_ASSIGNMENT((#1468));
#1470=STYLED_ITEM('',(#1469),#1467);
#1471=DIRECTION('',(0.E0,8.191520442890E-1,5.735764363510E-1));
#1472=VECTOR('',#1471,7.209298752528E-2);
#1473=CARTESIAN_POINT('',(6.053149606299E-1,-7.112092632784E-1,
3.409173985169E-1));
#1474=LINE('',#1473,#1472);
#1475=CURVE_STYLE('',#22,POSITIVE_LENGTH_MEASURE(2.E-2),#1);
#1476=PRESENTATION_STYLE_ASSIGNMENT((#1475));
#1477=STYLED_ITEM('',(#1476),#1474);
#1478=CARTESIAN_POINT('',(6.919291338583E-1,-6.555118110236E-1,
2.805118110236E-1));
#1479=DIRECTION('',(0.E0,-1.E0,0.E0));
#1480=DIRECTION('',(0.E0,0.E0,1.E0));
#1481=AXIS2_PLACEMENT_3D('',#1478,#1479,#1480);
#1483=CURVE_STYLE('',#22,POSITIVE_LENGTH_MEASURE(2.E-2),#1);
#1484=PRESENTATION_STYLE_ASSIGNMENT((#1483));
#1485=STYLED_ITEM('',(#1484),#1482);
#1486=CARTESIAN_POINT('',(6.919291338583E-1,-6.555118110236E-1,
2.805118110236E-1));
#1487=DIRECTION('',(0.E0,-1.E0,0.E0));
#1488=DIRECTION('',(0.E0,0.E0,-1.E0));
#1489=AXIS2_PLACEMENT_3D('',#1486,#1487,#1488);
#1491=CURVE_STYLE('',#22,POSITIVE_LENGTH_MEASURE(2.E-2),#1);
#1492=PRESENTATION_STYLE_ASSIGNMENT((#1491));
#1493=STYLED_ITEM('',(#1492),#1490);
#1494=CARTESIAN_POINT('',(6.131889763780E-1,-6.555118110236E-1,
3.703047761080E-1));
#1495=CARTESIAN_POINT('',(6.131889763780E-1,-6.555118110236E-1,
3.722690568136E-1));
#1496=CARTESIAN_POINT('',(6.127422904728E-1,-6.555118110236E-1,
3.741143267717E-1));
#1497=CARTESIAN_POINT('',(6.117649767267E-1,-6.555118110236E-1,
3.758182212907E-1));
#1499=CURVE_STYLE('',#22,POSITIVE_LENGTH_MEASURE(2.E-2),#1);
#1500=PRESENTATION_STYLE_ASSIGNMENT((#1499));
#1501=STYLED_ITEM('',(#1500),#1498);
#1502=CARTESIAN_POINT('',(7.711105038835E-1,-6.555118110236E-1,
3.758182212279E-1));
#1503=CARTESIAN_POINT('',(7.727853492946E-1,-6.555118110236E-1,
3.758000130832E-1));
#1504=CARTESIAN_POINT('',(7.758848276487E-1,-6.555118110236E-1,
3.754451228499E-1));
#1505=CARTESIAN_POINT('',(7.798581360131E-1,-6.555118110236E-1,
3.738282558721E-1));
#1506=CARTESIAN_POINT('',(7.819069456690E-1,-6.555118110236E-1,
3.722855423043E-1));
#1507=CARTESIAN_POINT('',(7.827937895565E-1,-6.555118110236E-1,
3.713764667218E-1));
#1509=CURVE_STYLE('',#22,POSITIVE_LENGTH_MEASURE(2.E-2),#1);
#1510=PRESENTATION_STYLE_ASSIGNMENT((#1509));
#1511=STYLED_ITEM('',(#1510),#1508);
#1512=CARTESIAN_POINT('',(7.827937895565E-1,-6.555118110236E-1,
3.713764667218E-1));
#1513=CARTESIAN_POINT('',(7.837252973828E-1,-6.555118110236E-1,
3.704564149660E-1));
#1514=CARTESIAN_POINT('',(7.852974795086E-1,-6.555118110236E-1,
3.683632001411E-1));
#1515=CARTESIAN_POINT('',(7.868766105492E-1,-6.555118110236E-1,
3.643789468153E-1));
#1516=CARTESIAN_POINT('',(7.872232196135E-1,-6.555118110236E-1,
3.613300181700E-1));
#1517=CARTESIAN_POINT('',(7.872355458845E-1,-6.555118110236E-1,
3.596931810488E-1));
#1519=CURVE_STYLE('',#22,POSITIVE_LENGTH_MEASURE(2.E-2),#1);
#1520=PRESENTATION_STYLE_ASSIGNMENT((#1519));
#1521=STYLED_ITEM('',(#1520),#1518);
#1522=CARTESIAN_POINT('',(7.872355441254E-1,-6.555118110236E-1,
2.003476538920E-1));
#1523=CARTESIAN_POINT('',(7.855316496064E-1,-6.555118110236E-1,
2.013249676382E-1));
#1524=CARTESIAN_POINT('',(7.836863796482E-1,-6.555118110236E-1,
2.017716535433E-1));
#1525=CARTESIAN_POINT('',(7.817220989426E-1,-6.555118110236E-1,
2.017716535433E-1));
#1527=CURVE_STYLE('',#22,POSITIVE_LENGTH_MEASURE(2.E-2),#1);
#1528=PRESENTATION_STYLE_ASSIGNMENT((#1527));
#1529=STYLED_ITEM('',(#1528),#1526);
#1530=CARTESIAN_POINT('',(6.919291338583E-1,-6.555118110236E-1,
2.805118110236E-1));
#1531=DIRECTION('',(0.E0,1.E0,0.E0));
#1532=DIRECTION('',(-3.665956427312E-14,0.E0,-1.E0));
#1533=AXIS2_PLACEMENT_3D('',#1530,#1531,#1532);
#1535=CURVE_STYLE('',#22,POSITIVE_LENGTH_MEASURE(2.E-2),#1);
#1536=PRESENTATION_STYLE_ASSIGNMENT((#1535));
#1537=STYLED_ITEM('',(#1536),#1534);
#1538=DIRECTION('',(0.E0,-1.E0,0.E0));
#1539=VECTOR('',#1538,2.755905511811E-1);
#1540=CARTESIAN_POINT('',(6.919291338583E-1,-3.799212598425E-1,
3.248031496063E-1));
#1541=LINE('',#1540,#1539);
#1542=CURVE_STYLE('',#22,POSITIVE_LENGTH_MEASURE(2.E-2),#1);
#1543=PRESENTATION_STYLE_ASSIGNMENT((#1542));
#1544=STYLED_ITEM('',(#1543),#1541);
#1545=DIRECTION('',(0.E0,-1.E0,0.E0));
#1546=VECTOR('',#1545,2.755905511811E-1);
#1547=CARTESIAN_POINT('',(6.919291338583E-1,-3.799212598425E-1,
2.362204724409E-1));
#1548=LINE('',#1547,#1546);
#1549=CURVE_STYLE('',#22,POSITIVE_LENGTH_MEASURE(2.E-2),#1);
#1550=PRESENTATION_STYLE_ASSIGNMENT((#1549));
#1551=STYLED_ITEM('',(#1550),#1548);
#1552=DIRECTION('',(0.E0,8.191520442890E-1,5.735764363510E-1));
#1553=VECTOR('',#1552,6.248058918858E-2);
#1554=CARTESIAN_POINT('',(6.131889763780E-1,-7.066929133858E-1,
3.344673824201E-1));
#1555=LINE('',#1554,#1553);
#1556=CURVE_STYLE('',#22,POSITIVE_LENGTH_MEASURE(2.E-2),#1);
#1557=PRESENTATION_STYLE_ASSIGNMENT((#1556));
#1558=STYLED_ITEM('',(#1557),#1555);
#1559=DIRECTION('',(0.E0,0.E0,-1.E0));
#1560=VECTOR('',#1559,8.979296508436E-2);
#1561=CARTESIAN_POINT('',(6.131889763780E-1,-6.555118110236E-1,
3.703047761080E-1));
#1562=LINE('',#1561,#1560);
#1563=CURVE_STYLE('',#22,POSITIVE_LENGTH_MEASURE(2.E-2),#1);
#1564=PRESENTATION_STYLE_ASSIGNMENT((#1563));
#1565=STYLED_ITEM('',(#1564),#1562);
#1566=DIRECTION('',(1.952284487918E-14,-1.E0,0.E0));
#1567=VECTOR('',#1566,5.118110236220E-2);
#1568=CARTESIAN_POINT('',(6.919291338583E-1,-6.555118110236E-1,
2.017716535433E-1));
#1569=LINE('',#1568,#1567);
#1570=CURVE_STYLE('',#22,POSITIVE_LENGTH_MEASURE(2.E-2),#1);
#1571=PRESENTATION_STYLE_ASSIGNMENT((#1570));
#1572=STYLED_ITEM('',(#1571),#1569);
#1573=DIRECTION('',(0.E0,1.E0,2.169204986575E-14));
#1574=VECTOR('',#1573,5.118110236220E-2);
#1575=CARTESIAN_POINT('',(6.131889763780E-1,-7.066929133858E-1,
2.805118110236E-1));
#1576=LINE('',#1575,#1574);
#1577=CURVE_STYLE('',#22,POSITIVE_LENGTH_MEASURE(2.E-2),#1);
#1578=PRESENTATION_STYLE_ASSIGNMENT((#1577));
#1579=STYLED_ITEM('',(#1578),#1576);
#1580=DIRECTION('',(-5.735764363510E-1,-8.191520442890E-1,0.E0));
#1581=VECTOR('',#1580,6.248058918858E-2);
#1582=CARTESIAN_POINT('',(7.817220989426E-1,-6.555118110236E-1,
2.017716535433E-1));
#1583=LINE('',#1582,#1581);
#1584=CURVE_STYLE('',#22,POSITIVE_LENGTH_MEASURE(2.E-2),#1);
#1585=PRESENTATION_STYLE_ASSIGNMENT((#1584));
#1586=STYLED_ITEM('',(#1585),#1583);
#1587=DIRECTION('',(1.E0,0.E0,0.E0));
#1588=VECTOR('',#1587,8.979296508437E-2);
#1589=CARTESIAN_POINT('',(6.919291338583E-1,-6.555118110236E-1,
2.017716535433E-1));
#1590=LINE('',#1589,#1588);
#1591=CURVE_STYLE('',#22,POSITIVE_LENGTH_MEASURE(2.E-2),#1);
#1592=PRESENTATION_STYLE_ASSIGNMENT((#1591));
#1593=STYLED_ITEM('',(#1592),#1590);
#1594=CARTESIAN_POINT('',(7.872355441254E-1,-6.555118110236E-1,
2.003476538920E-1));
#1595=CARTESIAN_POINT('',(7.880133102759E-1,-6.555118110236E-1,
1.999015455551E-1));
#1596=CARTESIAN_POINT('',(7.896004639258E-1,-6.552858038427E-1,
1.988055472615E-1));
#1597=CARTESIAN_POINT('',(7.919211390411E-1,-6.541413966290E-1,
1.965378740671E-1));
#1598=CARTESIAN_POINT('',(7.931641685062E-1,-6.528987697080E-1,
1.948066565117E-1));
#1599=CARTESIAN_POINT('',(7.936855602221E-1,-6.521541451681E-1,
1.938976377953E-1));
#1601=CURVE_STYLE('',#22,POSITIVE_LENGTH_MEASURE(2.E-2),#1);
#1602=PRESENTATION_STYLE_ASSIGNMENT((#1601));
#1603=STYLED_ITEM('',(#1602),#1600);
#1604=DIRECTION('',(-5.735764363510E-1,-8.191520442890E-1,0.E0));
#1605=VECTOR('',#1604,7.619194067923E-2);
#1606=CARTESIAN_POINT('',(7.936855602221E-1,-6.521541451681E-1,
1.938976377953E-1));
#1607=LINE('',#1606,#1605);
#1608=CURVE_STYLE('',#22,POSITIVE_LENGTH_MEASURE(2.E-2),#1);
#1609=PRESENTATION_STYLE_ASSIGNMENT((#1608));
#1610=STYLED_ITEM('',(#1609),#1607);
#1611=CARTESIAN_POINT('',(7.499836584087E-1,-7.145669291339E-1,
1.938976377953E-1));
#1612=CARTESIAN_POINT('',(7.499836584087E-1,-7.145669291339E-1,
1.948736466541E-1));
#1613=CARTESIAN_POINT('',(7.497912742743E-1,-7.141970347183E-1,
1.968473999684E-1));
#1614=CARTESIAN_POINT('',(7.489443364524E-1,-7.125706781880E-1,
1.994324630866E-1));
#1615=CARTESIAN_POINT('',(7.475996349674E-1,-7.099875678025E-1,
2.012873426493E-1));
#1616=CARTESIAN_POINT('',(7.464727017628E-1,-7.078224441686E-1,
2.017716535433E-1));
#1617=CARTESIAN_POINT('',(7.458847052547E-1,-7.066929133858E-1,
2.017716535433E-1));
#1619=CURVE_STYLE('',#22,POSITIVE_LENGTH_MEASURE(2.E-2),#1);
#1620=PRESENTATION_STYLE_ASSIGNMENT((#1619));
#1621=STYLED_ITEM('',(#1620),#1618);
#1622=DIRECTION('',(1.103966742921E-8,0.E0,1.E0));
#1623=VECTOR('',#1622,1.593455271568E-1);
#1624=CARTESIAN_POINT('',(7.872355441254E-1,-6.555118110236E-1,
2.003476538920E-1));
#1625=LINE('',#1624,#1623);
#1626=CURVE_STYLE('',#22,POSITIVE_LENGTH_MEASURE(2.E-2),#1);
#1627=PRESENTATION_STYLE_ASSIGNMENT((#1626));
#1628=STYLED_ITEM('',(#1627),#1625);
#1629=CARTESIAN_POINT('',(7.872355441254E-1,-6.476377952756E-1,
3.596931810488E-1));
#1630=DIRECTION('',(0.E0,0.E0,1.E0));
#1631=DIRECTION('',(0.E0,-1.E0,0.E0));
#1632=AXIS2_PLACEMENT_3D('',#1629,#1630,#1631);
#1634=CURVE_STYLE('',#22,POSITIVE_LENGTH_MEASURE(2.E-2),#1);
#1635=PRESENTATION_STYLE_ASSIGNMENT((#1634));
#1636=STYLED_ITEM('',(#1635),#1633);
#1637=DIRECTION('',(-2.258423235375E-8,1.515915038791E-9,-1.E0));
#1638=VECTOR('',#1637,1.657955418452E-1);
#1639=CARTESIAN_POINT('',(7.936855639665E-1,-6.521541454195E-1,
3.596931796405E-1));
#1640=LINE('',#1639,#1638);
#1641=CURVE_STYLE('',#22,POSITIVE_LENGTH_MEASURE(2.E-2),#1);
#1642=PRESENTATION_STYLE_ASSIGNMENT((#1641));
#1643=STYLED_ITEM('',(#1642),#1640);
#1644=CARTESIAN_POINT('',(7.711105038835E-1,-6.476377952756E-1,
3.758182211021E-1));
#1645=DIRECTION('',(-1.E0,0.E0,3.451330180874E-8));
#1646=DIRECTION('',(0.E0,-1.E0,2.395982406922E-8));
#1647=AXIS2_PLACEMENT_3D('',#1644,#1645,#1646);
#1649=CURVE_STYLE('',#22,POSITIVE_LENGTH_MEASURE(2.E-2),#1);
#1650=PRESENTATION_STYLE_ASSIGNMENT((#1649));
#1651=STYLED_ITEM('',(#1650),#1648);
#1652=CARTESIAN_POINT('',(7.711105039391E-1,-6.521541451794E-1,
3.822682373698E-1));
#1653=CARTESIAN_POINT('',(7.721298591994E-1,-6.522671628191E-1,
3.821891015666E-1));
#1654=CARTESIAN_POINT('',(7.740507469959E-1,-6.524572746661E-1,
3.819361535531E-1));
#1655=CARTESIAN_POINT('',(7.765696625822E-1,-6.526859752520E-1,
3.813271383332E-1));
#1656=CARTESIAN_POINT('',(7.786859047389E-1,-6.528500445817E-1,
3.806004691879E-1));
#1657=CARTESIAN_POINT('',(7.804875583036E-1,-6.529688683169E-1,
3.798073488736E-1));
#1658=CARTESIAN_POINT('',(7.820379493828E-1,-6.530529289695E-1,
3.789783313117E-1));
#1659=CARTESIAN_POINT('',(7.834088663008E-1,-6.531117747232E-1,
3.781149482410E-1));
#1660=CARTESIAN_POINT('',(7.846254848929E-1,-6.531500087753E-1,
3.772297309380E-1));
#1661=CARTESIAN_POINT('',(7.857333919603E-1,-6.531722607525E-1,
3.763103208943E-1));
#1662=CARTESIAN_POINT('',(7.864209419527E-1,-6.531774186647E-1,
3.756629352321E-1));
#1663=CARTESIAN_POINT('',(7.867500507470E-1,-6.531782030931E-1,
3.753327279124E-1));
#1665=CURVE_STYLE('',#22,POSITIVE_LENGTH_MEASURE(2.E-2),#1);
#1666=PRESENTATION_STYLE_ASSIGNMENT((#1665));
#1667=STYLED_ITEM('',(#1666),#1664);
#1668=CARTESIAN_POINT('',(7.867500507470E-1,-6.531782030931E-1,
3.753327279124E-1));
#1669=CARTESIAN_POINT('',(7.870838611767E-1,-6.531774208677E-1,
3.750000129229E-1));
#1670=CARTESIAN_POINT('',(7.877367039746E-1,-6.531720179852E-1,
3.743063101610E-1));
#1671=CARTESIAN_POINT('',(7.886592482404E-1,-6.531495147679E-1,
3.731927247589E-1));
#1672=CARTESIAN_POINT('',(7.895436156168E-1,-6.531110807756E-1,
3.719748186580E-1));
#1673=CARTESIAN_POINT('',(7.904041999368E-1,-6.530522162244E-1,
3.706056011814E-1));
#1674=CARTESIAN_POINT('',(7.912290029996E-1,-6.529682993165E-1,
3.690606814438E-1));
#1675=CARTESIAN_POINT('',(7.920177842682E-1,-6.528499202258E-1,
3.672680726458E-1));
#1676=CARTESIAN_POINT('',(7.927405843276E-1,-6.526868726328E-1,
3.651630985221E-1));
#1677=CARTESIAN_POINT('',(7.933478707172E-1,-6.524600761093E-1,
3.626637440804E-1));
#1678=CARTESIAN_POINT('',(7.936050445359E-1,-6.522691390837E-1,
3.607257280835E-1));
#1679=CARTESIAN_POINT('',(7.936855639665E-1,-6.521541454195E-1,
3.596931796405E-1));
#1681=CURVE_STYLE('',#22,POSITIVE_LENGTH_MEASURE(2.E-2),#1);
#1682=PRESENTATION_STYLE_ASSIGNMENT((#1681));
#1683=STYLED_ITEM('',(#1682),#1680);
#1684=DIRECTION('',(-1.E0,0.E0,3.946283029129E-10));
#1685=VECTOR('',#1684,1.593455271568E-1);
#1686=CARTESIAN_POINT('',(7.711105038835E-1,-6.555118110236E-1,
3.758182212279E-1));
#1687=LINE('',#1686,#1685);
#1688=CURVE_STYLE('',#22,POSITIVE_LENGTH_MEASURE(2.E-2),#1);
#1689=PRESENTATION_STYLE_ASSIGNMENT((#1688));
#1690=STYLED_ITEM('',(#1689),#1687);
#1691=CARTESIAN_POINT('',(6.117649767267E-1,-6.555118110236E-1,
3.758182212907E-1));
#1692=CARTESIAN_POINT('',(6.113188683898E-1,-6.555118110236E-1,
3.765959874413E-1));
#1693=CARTESIAN_POINT('',(6.102233802111E-1,-6.552853859811E-1,
3.781834336810E-1));
#1694=CARTESIAN_POINT('',(6.079548521399E-1,-6.541416790414E-1,
3.805036184592E-1));
#1695=CARTESIAN_POINT('',(6.062239793463E-1,-6.528987697080E-1,
3.817468456716E-1));
#1696=CARTESIAN_POINT('',(6.053149606299E-1,-6.521541451681E-1,
3.822682373875E-1));
#1698=CURVE_STYLE('',#22,POSITIVE_LENGTH_MEASURE(2.E-2),#1);
#1699=PRESENTATION_STYLE_ASSIGNMENT((#1698));
#1700=STYLED_ITEM('',(#1699),#1697);
#1701=DIRECTION('',(1.E0,-6.817006181047E-11,-1.065253475650E-10));
#1702=VECTOR('',#1701,1.657955433092E-1);
#1703=CARTESIAN_POINT('',(6.053149606299E-1,-6.521541451681E-1,
3.822682373875E-1));
#1704=LINE('',#1703,#1702);
#1705=CURVE_STYLE('',#22,POSITIVE_LENGTH_MEASURE(2.E-2),#1);
#1706=PRESENTATION_STYLE_ASSIGNMENT((#1705));
#1707=STYLED_ITEM('',(#1706),#1704);
#1708=DIRECTION('',(-1.E0,0.E0,0.E0));
#1709=VECTOR('',#1708,5.805452455042E-2);
#1710=CARTESIAN_POINT('',(7.499836584087E-1,-7.145669291339E-1,
1.938976377953E-1));
#1711=LINE('',#1710,#1709);
#1712=CURVE_STYLE('',#22,POSITIVE_LENGTH_MEASURE(2.E-2),#1);
#1713=PRESENTATION_STYLE_ASSIGNMENT((#1712));
#1714=STYLED_ITEM('',(#1713),#1711);
#1715=DIRECTION('',(1.E0,0.E0,0.E0));
#1716=VECTOR('',#1715,5.395557139647E-2);
#1717=CARTESIAN_POINT('',(6.919291338583E-1,-7.066929133858E-1,
2.017716535433E-1));
#1718=LINE('',#1717,#1716);
#1719=CURVE_STYLE('',#22,POSITIVE_LENGTH_MEASURE(2.E-2),#1);
#1720=PRESENTATION_STYLE_ASSIGNMENT((#1719));
#1721=STYLED_ITEM('',(#1720),#1718);
#1722=CARTESIAN_POINT('',(6.919291338583E-1,-7.145669291339E-1,
2.805118110236E-1));
#1723=DIRECTION('',(0.E0,-1.E0,0.E0));
#1724=DIRECTION('',(-1.E0,0.E0,3.717228545177E-14));
#1725=AXIS2_PLACEMENT_3D('',#1722,#1723,#1724);
#1727=CURVE_STYLE('',#22,POSITIVE_LENGTH_MEASURE(2.E-2),#1);
#1728=PRESENTATION_STYLE_ASSIGNMENT((#1727));
#1729=STYLED_ITEM('',(#1728),#1726);
#1730=DIRECTION('',(0.E0,0.E0,-1.E0));
#1731=VECTOR('',#1730,3.877952755906E-1);
#1732=CARTESIAN_POINT('',(7.499836584087E-1,-7.145669291339E-1,
1.938976377953E-1));
#1733=LINE('',#1732,#1731);
#1734=CURVE_STYLE('',#22,POSITIVE_LENGTH_MEASURE(2.E-2),#1);
#1735=PRESENTATION_STYLE_ASSIGNMENT((#1734));
#1736=STYLED_ITEM('',(#1735),#1733);
#1737=CARTESIAN_POINT('',(6.919291338583E-1,-7.145669291339E-1,
-2.805118110236E-1));
#1738=DIRECTION('',(0.E0,-1.E0,0.E0));
#1739=DIRECTION('',(-2.435425598564E-14,0.E0,1.E0));
#1740=AXIS2_PLACEMENT_3D('',#1737,#1738,#1739);
#1742=CURVE_STYLE('',#22,POSITIVE_LENGTH_MEASURE(2.E-2),#1);
#1743=PRESENTATION_STYLE_ASSIGNMENT((#1742));
#1744=STYLED_ITEM('',(#1743),#1741);
#1745=CARTESIAN_POINT('',(-6.919291338583E-1,-7.145669291339E-1,
-2.805118110236E-1));
#1746=DIRECTION('',(0.E0,-1.E0,0.E0));
#1747=DIRECTION('',(1.E0,0.E0,0.E0));
#1748=AXIS2_PLACEMENT_3D('',#1745,#1746,#1747);
#1750=CURVE_STYLE('',#22,POSITIVE_LENGTH_MEASURE(2.E-2),#1);
#1751=PRESENTATION_STYLE_ASSIGNMENT((#1750));
#1752=STYLED_ITEM('',(#1751),#1749);
#1753=CARTESIAN_POINT('',(-6.919291338583E-1,-7.145669291339E-1,
2.805118110236E-1));
#1754=DIRECTION('',(0.E0,-1.E0,0.E0));
#1755=DIRECTION('',(1.409983241274E-14,0.E0,-1.E0));
#1756=AXIS2_PLACEMENT_3D('',#1753,#1754,#1755);
#1758=CURVE_STYLE('',#22,POSITIVE_LENGTH_MEASURE(2.E-2),#1);
#1759=PRESENTATION_STYLE_ASSIGNMENT((#1758));
#1760=STYLED_ITEM('',(#1759),#1757);
#1761=CARTESIAN_POINT('',(6.919291338583E-1,-7.066929133858E-1,
1.938976377953E-1));
#1762=DIRECTION('',(1.E0,0.E0,0.E0));
#1763=DIRECTION('',(0.E0,0.E0,1.E0));
#1764=AXIS2_PLACEMENT_3D('',#1761,#1762,#1763);
#1766=CURVE_STYLE('',#22,POSITIVE_LENGTH_MEASURE(2.E-2),#1);
#1767=PRESENTATION_STYLE_ASSIGNMENT((#1766));
#1768=STYLED_ITEM('',(#1767),#1765);
#1769=CARTESIAN_POINT('',(6.053149606299E-1,-7.066929133858E-1,
2.805118110236E-1));
#1770=DIRECTION('',(0.E0,0.E0,1.E0));
#1771=DIRECTION('',(-2.819966482548E-14,-1.E0,0.E0));
#1772=AXIS2_PLACEMENT_3D('',#1769,#1770,#1771);
#1774=CURVE_STYLE('',#22,POSITIVE_LENGTH_MEASURE(2.E-2),#1);
#1775=PRESENTATION_STYLE_ASSIGNMENT((#1774));
#1776=STYLED_ITEM('',(#1775),#1773);
#1777=CARTESIAN_POINT('',(6.919291338583E-1,-7.066929133858E-1,
2.805118110236E-1));
#1778=DIRECTION('',(0.E0,-1.E0,0.E0));
#1779=DIRECTION('',(-1.E0,0.E0,0.E0));
#1780=AXIS2_PLACEMENT_3D('',#1777,#1778,#1779);
#1782=CURVE_STYLE('',#22,POSITIVE_LENGTH_MEASURE(2.E-2),#1);
#1783=PRESENTATION_STYLE_ASSIGNMENT((#1782));
#1784=STYLED_ITEM('',(#1783),#1781);
#1785=DIRECTION('',(0.E0,0.E0,1.E0));
#1786=VECTOR('',#1785,5.395557139646E-2);
#1787=CARTESIAN_POINT('',(6.053149606299E-1,-7.145669291339E-1,
2.805118110236E-1));
#1788=LINE('',#1787,#1786);
#1789=CURVE_STYLE('',#22,POSITIVE_LENGTH_MEASURE(2.E-2),#1);
#1790=PRESENTATION_STYLE_ASSIGNMENT((#1789));
#1791=STYLED_ITEM('',(#1790),#1788);
#1792=DIRECTION('',(0.E0,0.E0,-1.E0));
#1793=VECTOR('',#1792,5.395557139647E-2);
#1794=CARTESIAN_POINT('',(6.131889763780E-1,-7.066929133858E-1,
3.344673824201E-1));
#1795=LINE('',#1794,#1793);
#1796=CURVE_STYLE('',#22,POSITIVE_LENGTH_MEASURE(2.E-2),#1);
#1797=PRESENTATION_STYLE_ASSIGNMENT((#1796));
#1798=STYLED_ITEM('',(#1797),#1795);
#1799=DIRECTION('',(1.E0,0.E0,0.E0));
#1800=VECTOR('',#1799,5.805452455042E-2);
#1801=CARTESIAN_POINT('',(6.919291338583E-1,-7.145669291339E-1,
-1.938976377953E-1));
#1802=LINE('',#1801,#1800);
#1803=CURVE_STYLE('',#22,POSITIVE_LENGTH_MEASURE(2.E-2),#1);
#1804=PRESENTATION_STYLE_ASSIGNMENT((#1803));
#1805=STYLED_ITEM('',(#1804),#1802);
#1806=CARTESIAN_POINT('',(7.499836584087E-1,-7.145669291339E-1,
-1.938976377953E-1));
#1807=CARTESIAN_POINT('',(7.499836584087E-1,-7.145669291339E-1,
-1.948736466541E-1));
#1808=CARTESIAN_POINT('',(7.497910056482E-1,-7.141971745561E-1,
-1.968473999684E-1));
#1809=CARTESIAN_POINT('',(7.489445559494E-1,-7.125705639251E-1,
-1.994324630866E-1));
#1810=CARTESIAN_POINT('',(7.475998848822E-1,-7.099874377051E-1,
-2.012873426493E-1));
#1811=CARTESIAN_POINT('',(7.464727017628E-1,-7.078224441686E-1,
-2.017716535433E-1));
#1812=CARTESIAN_POINT('',(7.458847052547E-1,-7.066929133858E-1,
-2.017716535433E-1));
#1814=CURVE_STYLE('',#22,POSITIVE_LENGTH_MEASURE(2.E-2),#1);
#1815=PRESENTATION_STYLE_ASSIGNMENT((#1814));
#1816=STYLED_ITEM('',(#1815),#1813);
#1817=DIRECTION('',(-1.E0,0.E0,0.E0));
#1818=VECTOR('',#1817,5.395557139647E-2);
#1819=CARTESIAN_POINT('',(7.458847052547E-1,-7.066929133858E-1,
-2.017716535433E-1));
#1820=LINE('',#1819,#1818);
#1821=CURVE_STYLE('',#22,POSITIVE_LENGTH_MEASURE(2.E-2),#1);
#1822=PRESENTATION_STYLE_ASSIGNMENT((#1821));
#1823=STYLED_ITEM('',(#1822),#1820);
#1824=CARTESIAN_POINT('',(6.053149606299E-1,-7.066929133858E-1,
-2.805118110236E-1));
#1825=DIRECTION('',(0.E0,0.E0,-1.E0));
#1826=DIRECTION('',(1.E0,0.E0,0.E0));
#1827=AXIS2_PLACEMENT_3D('',#1824,#1825,#1826);
#1829=CURVE_STYLE('',#22,POSITIVE_LENGTH_MEASURE(2.E-2),#1);
#1830=PRESENTATION_STYLE_ASSIGNMENT((#1829));
#1831=STYLED_ITEM('',(#1830),#1828);
#1832=CARTESIAN_POINT('',(6.919291338583E-1,-7.066929133858E-1,
-1.938976377953E-1));
#1833=DIRECTION('',(1.E0,0.E0,0.E0));
#1834=DIRECTION('',(0.E0,-1.E0,-4.582445534140E-14));
#1835=AXIS2_PLACEMENT_3D('',#1832,#1833,#1834);
#1837=CURVE_STYLE('',#22,POSITIVE_LENGTH_MEASURE(2.E-2),#1);
#1838=PRESENTATION_STYLE_ASSIGNMENT((#1837));
#1839=STYLED_ITEM('',(#1838),#1836);
#1840=CARTESIAN_POINT('',(6.919291338583E-1,-7.066929133858E-1,
-2.805118110236E-1));
#1841=DIRECTION('',(0.E0,-1.E0,0.E0));
#1842=DIRECTION('',(0.E0,0.E0,1.E0));
#1843=AXIS2_PLACEMENT_3D('',#1840,#1841,#1842);
#1845=CURVE_STYLE('',#22,POSITIVE_LENGTH_MEASURE(2.E-2),#1);
#1846=PRESENTATION_STYLE_ASSIGNMENT((#1845));
#1847=STYLED_ITEM('',(#1846),#1844);
#1848=DIRECTION('',(0.E0,-1.E0,1.301522991945E-14));
#1849=VECTOR('',#1848,5.118110236220E-2);
#1850=CARTESIAN_POINT('',(6.131889763780E-1,-6.555118110236E-1,
-2.805118110236E-1));
#1851=LINE('',#1850,#1849);
#1852=CURVE_STYLE('',#22,POSITIVE_LENGTH_MEASURE(2.E-2),#1);
#1853=PRESENTATION_STYLE_ASSIGNMENT((#1852));
#1854=STYLED_ITEM('',(#1853),#1851);
#1855=DIRECTION('',(-1.301522991945E-14,1.E0,0.E0));
#1856=VECTOR('',#1855,5.118110236220E-2);
#1857=CARTESIAN_POINT('',(6.919291338583E-1,-7.066929133858E-1,
-2.017716535433E-1));
#1858=LINE('',#1857,#1856);
#1859=CURVE_STYLE('',#22,POSITIVE_LENGTH_MEASURE(2.E-2),#1);
#1860=PRESENTATION_STYLE_ASSIGNMENT((#1859));
#1861=STYLED_ITEM('',(#1860),#1858);
#1862=DIRECTION('',(5.735764363510E-1,8.191520442890E-1,0.E0));
#1863=VECTOR('',#1862,6.248058918858E-2);
#1864=CARTESIAN_POINT('',(7.458847052547E-1,-7.066929133858E-1,
-2.017716535433E-1));
#1865=LINE('',#1864,#1863);
#1866=CURVE_STYLE('',#22,POSITIVE_LENGTH_MEASURE(2.E-2),#1);
#1867=PRESENTATION_STYLE_ASSIGNMENT((#1866));
#1868=STYLED_ITEM('',(#1867),#1865);
#1869=DIRECTION('',(-1.E0,0.E0,0.E0));
#1870=VECTOR('',#1869,8.979296508437E-2);
#1871=CARTESIAN_POINT('',(7.817220989426E-1,-6.555118110236E-1,
-2.017716535433E-1));
#1872=LINE('',#1871,#1870);
#1873=CURVE_STYLE('',#22,POSITIVE_LENGTH_MEASURE(2.E-2),#1);
#1874=PRESENTATION_STYLE_ASSIGNMENT((#1873));
#1875=STYLED_ITEM('',(#1874),#1872);
#1876=DIRECTION('',(5.735764363510E-1,8.191520442890E-1,0.E0));
#1877=VECTOR('',#1876,7.619194067923E-2);
#1878=CARTESIAN_POINT('',(7.499836584087E-1,-7.145669291339E-1,
-1.938976377953E-1));
#1879=LINE('',#1878,#1877);
#1880=CURVE_STYLE('',#22,POSITIVE_LENGTH_MEASURE(2.E-2),#1);
#1881=PRESENTATION_STYLE_ASSIGNMENT((#1880));
#1882=STYLED_ITEM('',(#1881),#1879);
#1883=CARTESIAN_POINT('',(7.936855602221E-1,-6.521541451681E-1,
-1.938976377953E-1));
#1884=CARTESIAN_POINT('',(7.931657001328E-1,-6.528965823185E-1,
-1.948039862022E-1));
#1885=CARTESIAN_POINT('',(7.919261290867E-1,-6.541373370189E-1,
-1.965317003655E-1));
#1886=CARTESIAN_POINT('',(7.896076598338E-1,-6.552837946284E-1,
-1.987997714968E-1));
#1887=CARTESIAN_POINT('',(7.880167455692E-1,-6.555118110236E-1,
-1.998995751518E-1));
#1888=CARTESIAN_POINT('',(7.872355441254E-1,-6.555118110236E-1,
-2.003476538920E-1));
#1890=CURVE_STYLE('',#22,POSITIVE_LENGTH_MEASURE(2.E-2),#1);
#1891=PRESENTATION_STYLE_ASSIGNMENT((#1890));
#1892=STYLED_ITEM('',(#1891),#1889);
#1893=DIRECTION('',(1.224402928613E-8,9.024806737748E-9,-1.E0));
#1894=VECTOR('',#1893,1.657955349968E-1);
#1895=CARTESIAN_POINT('',(7.936855602221E-1,-6.521541451681E-1,
-1.938976377953E-1));
#1896=LINE('',#1895,#1894);
#1897=CURVE_STYLE('',#22,POSITIVE_LENGTH_MEASURE(2.E-2),#1);
#1898=PRESENTATION_STYLE_ASSIGNMENT((#1897));
#1899=STYLED_ITEM('',(#1898),#1896);
#1900=DIRECTION('',(-4.733089969001E-8,0.E0,1.E0));
#1901=VECTOR('',#1900,1.593455271567E-1);
#1902=CARTESIAN_POINT('',(7.872355516673E-1,-6.555118110236E-1,
-3.596931810488E-1));
#1903=LINE('',#1902,#1901);
#1904=CURVE_STYLE('',#22,POSITIVE_LENGTH_MEASURE(2.E-2),#1);
#1905=PRESENTATION_STYLE_ASSIGNMENT((#1904));
#1906=STYLED_ITEM('',(#1905),#1903);
#1907=CARTESIAN_POINT('',(7.872355667513E-1,-6.476377952756E-1,
-3.596931810486E-1));
#1908=DIRECTION('',(-5.120427842418E-6,0.E0,9.999999999869E-1));
#1909=DIRECTION('',(-2.873487895405E-6,-9.999999999959E-1,-1.471317512269E-11));
#1910=AXIS2_PLACEMENT_3D('',#1907,#1908,#1909);
#1912=CURVE_STYLE('',#22,POSITIVE_LENGTH_MEASURE(2.E-2),#1);
#1913=PRESENTATION_STYLE_ASSIGNMENT((#1912));
#1914=STYLED_ITEM('',(#1913),#1911);
#1915=CARTESIAN_POINT('',(7.936855622522E-1,-6.521541436718E-1,
-3.596931727921E-1));
#1916=CARTESIAN_POINT('',(7.936064102759E-1,-6.522671844090E-1,
-3.607127373740E-1));
#1917=CARTESIAN_POINT('',(7.933533851583E-1,-6.524573348452E-1,
-3.626340275004E-1));
#1918=CARTESIAN_POINT('',(7.927441325449E-1,-6.526860824766E-1,
-3.651535720453E-1));
#1919=CARTESIAN_POINT('',(7.920171808324E-1,-6.528501454315E-1,
-3.672700477361E-1));
#1920=CARTESIAN_POINT('',(7.912253013133E-1,-6.529687575256E-1,
-3.690686673501E-1));
#1921=CARTESIAN_POINT('',(7.903989263298E-1,-6.530526244122E-1,
-3.706147299045E-1));
#1922=CARTESIAN_POINT('',(7.895388282507E-1,-6.531113892836E-1,
-3.719816762434E-1));
#1923=CARTESIAN_POINT('',(7.886562715290E-1,-6.531497036137E-1,
-3.731962124627E-1));
#1924=CARTESIAN_POINT('',(7.877361763738E-1,-6.531721220756E-1,
-3.743067551400E-1));
#1925=CARTESIAN_POINT('',(7.870835896352E-1,-6.531774716097E-1,
-3.750000509516E-1));
#1926=CARTESIAN_POINT('',(7.867497411062E-1,-6.531781862842E-1,
-3.753328873474E-1));
#1928=CURVE_STYLE('',#22,POSITIVE_LENGTH_MEASURE(2.E-2),#1);
#1929=PRESENTATION_STYLE_ASSIGNMENT((#1928));
#1930=STYLED_ITEM('',(#1929),#1927);
#1931=CARTESIAN_POINT('',(7.867497411062E-1,-6.531781862842E-1,
-3.753328873474E-1));
#1932=CARTESIAN_POINT('',(7.864145833169E-1,-6.531774528195E-1,
-3.756690609208E-1));
#1933=CARTESIAN_POINT('',(7.857172218695E-1,-6.531719196656E-1,
-3.763252409494E-1));
#1934=CARTESIAN_POINT('',(7.846027876478E-1,-6.531493263086E-1,
-3.772474848231E-1));
#1935=CARTESIAN_POINT('',(7.833863414780E-1,-6.531108542025E-1,
-3.781301491498E-1));
#1936=CARTESIAN_POINT('',(7.820181663733E-1,-6.530519855868E-1,
-3.789896433984E-1));
#1937=CARTESIAN_POINT('',(7.804700873928E-1,-6.529678415285E-1,
-3.798156871497E-1));
#1938=CARTESIAN_POINT('',(7.786724646707E-1,-6.528489909786E-1,
-3.806055208159E-1));
#1939=CARTESIAN_POINT('',(7.765702195788E-1,-6.526859924031E-1,
-3.813260822104E-1));
#1940=CARTESIAN_POINT('',(7.740745269878E-1,-6.524594460746E-1,
-3.819315959175E-1));
#1941=CARTESIAN_POINT('',(7.721407764947E-1,-6.522688563274E-1,
-3.821878840759E-1));
#1942=CARTESIAN_POINT('',(7.711106005651E-1,-6.521541498958E-1,
-3.822682023840E-1));
#1944=CURVE_STYLE('',#22,POSITIVE_LENGTH_MEASURE(2.E-2),#1);
#1945=PRESENTATION_STYLE_ASSIGNMENT((#1944));
#1946=STYLED_ITEM('',(#1945),#1943);
#1947=DIRECTION('',(1.E0,0.E0,2.433719696685E-7));
#1948=VECTOR('',#1947,1.593455271534E-1);
#1949=CARTESIAN_POINT('',(6.117649767267E-1,-6.555118110236E-1,
-3.758182212907E-1));
#1950=LINE('',#1949,#1948);
#1951=CURVE_STYLE('',#22,POSITIVE_LENGTH_MEASURE(2.E-2),#1);
#1952=PRESENTATION_STYLE_ASSIGNMENT((#1951));
#1953=STYLED_ITEM('',(#1952),#1950);
#1954=CARTESIAN_POINT('',(7.711105038835E-1,-6.476377952756E-1,
-3.758182212907E-1));
#1955=DIRECTION('',(1.E0,0.E0,0.E0));
#1956=DIRECTION('',(0.E0,-1.E0,0.E0));
#1957=AXIS2_PLACEMENT_3D('',#1954,#1955,#1956);
#1959=CURVE_STYLE('',#22,POSITIVE_LENGTH_MEASURE(2.E-2),#1);
#1960=PRESENTATION_STYLE_ASSIGNMENT((#1959));
#1961=STYLED_ITEM('',(#1960),#1958);
#1962=DIRECTION('',(-1.E0,2.851490511115E-8,-2.111245485349E-7));
#1963=VECTOR('',#1962,1.657956399352E-1);
#1964=CARTESIAN_POINT('',(7.711106005651E-1,-6.521541498958E-1,
-3.822682023840E-1));
#1965=LINE('',#1964,#1963);
#1966=CURVE_STYLE('',#22,POSITIVE_LENGTH_MEASURE(2.E-2),#1);
#1967=PRESENTATION_STYLE_ASSIGNMENT((#1966));
#1968=STYLED_ITEM('',(#1967),#1965);
#1969=CARTESIAN_POINT('',(6.919291338583E-1,-6.555118110236E-1,
-2.805118110236E-1));
#1970=DIRECTION('',(0.E0,-1.E0,0.E0));
#1971=DIRECTION('',(0.E0,0.E0,-1.E0));
#1972=AXIS2_PLACEMENT_3D('',#1969,#1970,#1971);
#1974=CURVE_STYLE('',#22,POSITIVE_LENGTH_MEASURE(2.E-2),#1);
#1975=PRESENTATION_STYLE_ASSIGNMENT((#1974));
#1976=STYLED_ITEM('',(#1975),#1973);
#1977=CARTESIAN_POINT('',(6.919291338583E-1,-6.555118110236E-1,
-2.805118110236E-1));
#1978=DIRECTION('',(0.E0,-1.E0,0.E0));
#1979=DIRECTION('',(0.E0,0.E0,1.E0));
#1980=AXIS2_PLACEMENT_3D('',#1977,#1978,#1979);
#1982=CURVE_STYLE('',#22,POSITIVE_LENGTH_MEASURE(2.E-2),#1);
#1983=PRESENTATION_STYLE_ASSIGNMENT((#1982));
#1984=STYLED_ITEM('',(#1983),#1981);
#1985=CARTESIAN_POINT('',(7.817220989426E-1,-6.555118110236E-1,
-2.017716535433E-1));
#1986=CARTESIAN_POINT('',(7.836863796482E-1,-6.555118110236E-1,
-2.017716535433E-1));
#1987=CARTESIAN_POINT('',(7.855316496064E-1,-6.555118110236E-1,
-2.013249676382E-1));
#1988=CARTESIAN_POINT('',(7.872355441254E-1,-6.555118110236E-1,
-2.003476538920E-1));
#1990=CURVE_STYLE('',#22,POSITIVE_LENGTH_MEASURE(2.E-2),#1);
#1991=PRESENTATION_STYLE_ASSIGNMENT((#1990));
#1992=STYLED_ITEM('',(#1991),#1989);
#1993=CARTESIAN_POINT('',(7.872355516673E-1,-6.555118110236E-1,
-3.596931810488E-1));
#1994=CARTESIAN_POINT('',(7.872355674304E-1,-6.555118110236E-1,
-3.613681254322E-1));
#1995=CARTESIAN_POINT('',(7.868524634608E-1,-6.555118110236E-1,
-3.644659660961E-1));
#1996=CARTESIAN_POINT('',(7.852531692211E-1,-6.555118110236E-1,
-3.684460502332E-1));
#1997=CARTESIAN_POINT('',(7.836918087545E-1,-6.555118110236E-1,
-3.704784288520E-1));
#1998=CARTESIAN_POINT('',(7.827937833453E-1,-6.555118110236E-1,
-3.713764605107E-1));
#2000=CURVE_STYLE('',#22,POSITIVE_LENGTH_MEASURE(2.E-2),#1);
#2001=PRESENTATION_STYLE_ASSIGNMENT((#2000));
#2002=STYLED_ITEM('',(#2001),#1999);
#2003=CARTESIAN_POINT('',(7.827937833453E-1,-6.555118110236E-1,
-3.713764605107E-1));
#2004=CARTESIAN_POINT('',(7.818679890554E-1,-6.555118110236E-1,
-3.723022612433E-1));
#2005=CARTESIAN_POINT('',(7.797832119104E-1,-6.555118110236E-1,
-3.738844419510E-1));
#2006=CARTESIAN_POINT('',(7.757954814966E-1,-6.555118110236E-1,
-3.754528592022E-1));
#2007=CARTESIAN_POINT('',(7.727473874061E-1,-6.555118110236E-1,
-3.758180397898E-1));
#2008=CARTESIAN_POINT('',(7.711105038801E-1,-6.555118110236E-1,
-3.758181825105E-1));
#2010=CURVE_STYLE('',#22,POSITIVE_LENGTH_MEASURE(2.E-2),#1);
#2011=PRESENTATION_STYLE_ASSIGNMENT((#2010));
#2012=STYLED_ITEM('',(#2011),#2009);
#2013=CARTESIAN_POINT('',(6.117649767267E-1,-6.555118110236E-1,
-3.758182212907E-1));
#2014=CARTESIAN_POINT('',(6.127422904728E-1,-6.555118110236E-1,
-3.741143267717E-1));
#2015=CARTESIAN_POINT('',(6.131889763780E-1,-6.555118110236E-1,
-3.722690568136E-1));
#2016=CARTESIAN_POINT('',(6.131889763780E-1,-6.555118110236E-1,
-3.703047761080E-1));
#2018=CURVE_STYLE('',#22,POSITIVE_LENGTH_MEASURE(2.E-2),#1);
#2019=PRESENTATION_STYLE_ASSIGNMENT((#2018));
#2020=STYLED_ITEM('',(#2019),#2017);
#2021=CARTESIAN_POINT('',(6.919291338583E-1,-6.555118110236E-1,
-2.805118110236E-1));
#2022=DIRECTION('',(0.E0,1.E0,0.E0));
#2023=DIRECTION('',(-1.E0,0.E0,-2.819966482548E-14));
#2024=AXIS2_PLACEMENT_3D('',#2021,#2022,#2023);
#2026=CURVE_STYLE('',#22,POSITIVE_LENGTH_MEASURE(2.E-2),#1);
#2027=PRESENTATION_STYLE_ASSIGNMENT((#2026));
#2028=STYLED_ITEM('',(#2027),#2025);
#2029=DIRECTION('',(0.E0,-1.E0,0.E0));
#2030=VECTOR('',#2029,2.755905511811E-1);
#2031=CARTESIAN_POINT('',(6.919291338583E-1,-3.799212598425E-1,
-2.362204724409E-1));
#2032=LINE('',#2031,#2030);
#2033=CURVE_STYLE('',#22,POSITIVE_LENGTH_MEASURE(2.E-2),#1);
#2034=PRESENTATION_STYLE_ASSIGNMENT((#2033));
#2035=STYLED_ITEM('',(#2034),#2032);
#2036=DIRECTION('',(0.E0,-1.E0,0.E0));
#2037=VECTOR('',#2036,2.755905511811E-1);
#2038=CARTESIAN_POINT('',(6.919291338583E-1,-3.799212598425E-1,
-3.248031496063E-1));
#2039=LINE('',#2038,#2037);
#2040=CURVE_STYLE('',#22,POSITIVE_LENGTH_MEASURE(2.E-2),#1);
#2041=PRESENTATION_STYLE_ASSIGNMENT((#2040));
#2042=STYLED_ITEM('',(#2041),#2039);
#2043=DIRECTION('',(0.E0,0.E0,-1.E0));
#2044=VECTOR('',#2043,5.395557139647E-2);
#2045=CARTESIAN_POINT('',(-6.053149606299E-1,-7.145669291339E-1,
-2.805118110236E-1));
#2046=LINE('',#2045,#2044);
#2047=CURVE_STYLE('',#22,POSITIVE_LENGTH_MEASURE(2.E-2),#1);
#2048=PRESENTATION_STYLE_ASSIGNMENT((#2047));
#2049=STYLED_ITEM('',(#2048),#2046);
#2050=DIRECTION('',(0.E0,0.E0,1.E0));
#2051=VECTOR('',#2050,5.395557139647E-2);
#2052=CARTESIAN_POINT('',(-6.131889763780E-1,-7.066929133858E-1,
-3.344673824201E-1));
#2053=LINE('',#2052,#2051);
#2054=CURVE_STYLE('',#22,POSITIVE_LENGTH_MEASURE(2.E-2),#1);
#2055=PRESENTATION_STYLE_ASSIGNMENT((#2054));
#2056=STYLED_ITEM('',(#2055),#2053);
#2057=CARTESIAN_POINT('',(-6.919291338583E-1,-7.066929133858E-1,
-1.938976377953E-1));
#2058=DIRECTION('',(-1.E0,0.E0,0.E0));
#2059=DIRECTION('',(0.E0,0.E0,-1.E0));
#2060=AXIS2_PLACEMENT_3D('',#2057,#2058,#2059);
#2062=CURVE_STYLE('',#22,POSITIVE_LENGTH_MEASURE(2.E-2),#1);
#2063=PRESENTATION_STYLE_ASSIGNMENT((#2062));
#2064=STYLED_ITEM('',(#2063),#2061);
#2065=CARTESIAN_POINT('',(-6.053149606299E-1,-7.066929133858E-1,
-2.805118110236E-1));
#2066=DIRECTION('',(0.E0,0.E0,-1.E0));
#2067=DIRECTION('',(-1.409983241274E-14,-1.E0,0.E0));
#2068=AXIS2_PLACEMENT_3D('',#2065,#2066,#2067);
#2070=CURVE_STYLE('',#22,POSITIVE_LENGTH_MEASURE(2.E-2),#1);
#2071=PRESENTATION_STYLE_ASSIGNMENT((#2070));
#2072=STYLED_ITEM('',(#2071),#2069);
#2073=CARTESIAN_POINT('',(-6.919291338583E-1,-7.066929133858E-1,
-2.805118110236E-1));
#2074=DIRECTION('',(0.E0,-1.E0,0.E0));
#2075=DIRECTION('',(1.E0,0.E0,0.E0));
#2076=AXIS2_PLACEMENT_3D('',#2073,#2074,#2075);
#2078=CURVE_STYLE('',#22,POSITIVE_LENGTH_MEASURE(2.E-2),#1);
#2079=PRESENTATION_STYLE_ASSIGNMENT((#2078));
#2080=STYLED_ITEM('',(#2079),#2077);
#2081=DIRECTION('',(1.E0,0.E0,0.E0));
#2082=VECTOR('',#2081,5.395557139647E-2);
#2083=CARTESIAN_POINT('',(-7.458847052547E-1,-7.145669291339E-1,
-1.938976377953E-1));
#2084=LINE('',#2083,#2082);
#2085=CURVE_STYLE('',#22,POSITIVE_LENGTH_MEASURE(2.E-2),#1);
#2086=PRESENTATION_STYLE_ASSIGNMENT((#2085));
#2087=STYLED_ITEM('',(#2086),#2084);
#2088=DIRECTION('',(-1.E0,0.E0,0.E0));
#2089=VECTOR('',#2088,5.395557139647E-2);
#2090=CARTESIAN_POINT('',(-6.919291338583E-1,-7.066929133858E-1,
-2.017716535433E-1));
#2091=LINE('',#2090,#2089);
#2092=CURVE_STYLE('',#22,POSITIVE_LENGTH_MEASURE(2.E-2),#1);
#2093=PRESENTATION_STYLE_ASSIGNMENT((#2092));
#2094=STYLED_ITEM('',(#2093),#2091);
#2095=CARTESIAN_POINT('',(-7.458847052547E-1,-7.066929133858E-1,
-1.938976377953E-1));
#2096=DIRECTION('',(-5.735764363510E-1,8.191520442890E-1,0.E0));
#2097=DIRECTION('',(-1.409983241274E-14,0.E0,-1.E0));
#2098=AXIS2_PLACEMENT_3D('',#2095,#2096,#2097);
#2100=CURVE_STYLE('',#22,POSITIVE_LENGTH_MEASURE(2.E-2),#1);
#2101=PRESENTATION_STYLE_ASSIGNMENT((#2100));
#2102=STYLED_ITEM('',(#2101),#2099);
#2103=CARTESIAN_POINT('',(-7.458847052547E-1,-7.066929133858E-1,
-1.938976377953E-1));
#2104=DIRECTION('',(1.734723475977E-14,0.E0,1.E0));
#2105=DIRECTION('',(-8.191520442890E-1,-5.735764363510E-1,1.409983241274E-14));
#2106=AXIS2_PLACEMENT_3D('',#2103,#2104,#2105);
#2108=CURVE_STYLE('',#22,POSITIVE_LENGTH_MEASURE(2.E-2),#1);
#2109=PRESENTATION_STYLE_ASSIGNMENT((#2108));
#2110=STYLED_ITEM('',(#2109),#2107);
#2111=CARTESIAN_POINT('',(-7.458847052547E-1,-7.066929133858E-1,
-1.938976377953E-1));
#2112=DIRECTION('',(1.E0,-1.350637331537E-14,-1.734723475977E-14));
#2113=DIRECTION('',(-1.409983241274E-14,-1.E0,0.E0));
#2114=AXIS2_PLACEMENT_3D('',#2111,#2112,#2113);
#2116=CURVE_STYLE('',#22,POSITIVE_LENGTH_MEASURE(2.E-2),#1);
#2117=PRESENTATION_STYLE_ASSIGNMENT((#2116));
#2118=STYLED_ITEM('',(#2117),#2115);
#2119=DIRECTION('',(0.E0,0.E0,-1.E0));
#2120=VECTOR('',#2119,3.877952755906E-1);
#2121=CARTESIAN_POINT('',(-7.458847052547E-1,-7.145669291339E-1,
1.938976377953E-1));
#2122=LINE('',#2121,#2120);
#2123=CURVE_STYLE('',#22,POSITIVE_LENGTH_MEASURE(2.E-2),#1);
#2124=PRESENTATION_STYLE_ASSIGNMENT((#2123));
#2125=STYLED_ITEM('',(#2124),#2122);
#2126=DIRECTION('',(0.E0,0.E0,1.E0));
#2127=VECTOR('',#2126,3.877952755906E-1);
#2128=CARTESIAN_POINT('',(-7.523347213515E-1,-7.112092632784E-1,
-1.938976377953E-1));
#2129=LINE('',#2128,#2127);
#2130=CURVE_STYLE('',#22,POSITIVE_LENGTH_MEASURE(2.E-2),#1);
#2131=PRESENTATION_STYLE_ASSIGNMENT((#2130));
#2132=STYLED_ITEM('',(#2131),#2129);
#2133=CARTESIAN_POINT('',(-7.458847052547E-1,-7.066929133858E-1,
1.938976377953E-1));
#2134=DIRECTION('',(-5.735764363510E-1,8.191520442890E-1,-1.989993018811E-14));
#2135=DIRECTION('',(-8.191520442890E-1,-5.735764363510E-1,0.E0));
#2136=AXIS2_PLACEMENT_3D('',#2133,#2134,#2135);
#2138=CURVE_STYLE('',#22,POSITIVE_LENGTH_MEASURE(2.E-2),#1);
#2139=PRESENTATION_STYLE_ASSIGNMENT((#2138));
#2140=STYLED_ITEM('',(#2139),#2137);
#2141=CARTESIAN_POINT('',(-7.458847052547E-1,-7.066929133858E-1,
1.938976377953E-1));
#2142=DIRECTION('',(1.E0,2.594087119118E-14,3.469446951954E-14));
#2143=DIRECTION('',(-2.819966482548E-14,0.E0,1.E0));
#2144=AXIS2_PLACEMENT_3D('',#2141,#2142,#2143);
#2146=CURVE_STYLE('',#22,POSITIVE_LENGTH_MEASURE(2.E-2),#1);
#2147=PRESENTATION_STYLE_ASSIGNMENT((#2146));
#2148=STYLED_ITEM('',(#2147),#2145);
#2149=CARTESIAN_POINT('',(-7.458847052547E-1,-7.066929133858E-1,
1.938976377953E-1));
#2150=DIRECTION('',(3.469446951954E-14,0.E0,-1.E0));
#2151=DIRECTION('',(0.E0,-1.E0,0.E0));
#2152=AXIS2_PLACEMENT_3D('',#2149,#2150,#2151);
#2154=CURVE_STYLE('',#22,POSITIVE_LENGTH_MEASURE(2.E-2),#1);
#2155=PRESENTATION_STYLE_ASSIGNMENT((#2154));
#2156=STYLED_ITEM('',(#2155),#2153);
#2157=DIRECTION('',(-1.E0,0.E0,0.E0));
#2158=VECTOR('',#2157,5.395557139647E-2);
#2159=CARTESIAN_POINT('',(-6.919291338583E-1,-7.145669291339E-1,
1.938976377953E-1));
#2160=LINE('',#2159,#2158);
#2161=CURVE_STYLE('',#22,POSITIVE_LENGTH_MEASURE(2.E-2),#1);
#2162=PRESENTATION_STYLE_ASSIGNMENT((#2161));
#2163=STYLED_ITEM('',(#2162),#2160);
#2164=DIRECTION('',(1.E0,0.E0,0.E0));
#2165=VECTOR('',#2164,5.395557139647E-2);
#2166=CARTESIAN_POINT('',(-7.458847052547E-1,-7.066929133858E-1,
2.017716535433E-1));
#2167=LINE('',#2166,#2165);
#2168=CURVE_STYLE('',#22,POSITIVE_LENGTH_MEASURE(2.E-2),#1);
#2169=PRESENTATION_STYLE_ASSIGNMENT((#2168));
#2170=STYLED_ITEM('',(#2169),#2167);
#2171=CARTESIAN_POINT('',(-6.053149606299E-1,-7.066929133858E-1,
2.805118110236E-1));
#2172=DIRECTION('',(0.E0,0.E0,1.E0));
#2173=DIRECTION('',(-1.E0,0.E0,0.E0));
#2174=AXIS2_PLACEMENT_3D('',#2171,#2172,#2173);
#2176=CURVE_STYLE('',#22,POSITIVE_LENGTH_MEASURE(2.E-2),#1);
#2177=PRESENTATION_STYLE_ASSIGNMENT((#2176));
#2178=STYLED_ITEM('',(#2177),#2175);
#2179=CARTESIAN_POINT('',(-6.919291338583E-1,-7.066929133858E-1,
1.938976377953E-1));
#2180=DIRECTION('',(-1.E0,0.E0,0.E0));
#2181=DIRECTION('',(0.E0,-1.E0,5.287437154777E-14));
#2182=AXIS2_PLACEMENT_3D('',#2179,#2180,#2181);
#2184=CURVE_STYLE('',#22,POSITIVE_LENGTH_MEASURE(2.E-2),#1);
#2185=PRESENTATION_STYLE_ASSIGNMENT((#2184));
#2186=STYLED_ITEM('',(#2185),#2183);
#2187=CARTESIAN_POINT('',(-6.919291338583E-1,-7.066929133858E-1,
2.805118110236E-1));
#2188=DIRECTION('',(0.E0,-1.E0,0.E0));
#2189=DIRECTION('',(0.E0,0.E0,-1.E0));
#2190=AXIS2_PLACEMENT_3D('',#2187,#2188,#2189);
#2192=CURVE_STYLE('',#22,POSITIVE_LENGTH_MEASURE(2.E-2),#1);
#2193=PRESENTATION_STYLE_ASSIGNMENT((#2192));
#2194=STYLED_ITEM('',(#2193),#2191);
#2195=DIRECTION('',(5.735764363510E-1,-8.191520442890E-1,0.E0));
#2196=VECTOR('',#2195,6.248058918858E-2);
#2197=CARTESIAN_POINT('',(-7.817220989426E-1,-6.555118110236E-1,
-2.017716535433E-1));
#2198=LINE('',#2197,#2196);
#2199=CURVE_STYLE('',#22,POSITIVE_LENGTH_MEASURE(2.E-2),#1);
#2200=PRESENTATION_STYLE_ASSIGNMENT((#2199));
#2201=STYLED_ITEM('',(#2200),#2198);
#2202=DIRECTION('',(-1.E0,0.E0,0.E0));
#2203=VECTOR('',#2202,8.979296508436E-2);
#2204=CARTESIAN_POINT('',(-6.919291338583E-1,-6.555118110236E-1,
-2.017716535433E-1));
#2205=LINE('',#2204,#2203);
#2206=CURVE_STYLE('',#22,POSITIVE_LENGTH_MEASURE(2.E-2),#1);
#2207=PRESENTATION_STYLE_ASSIGNMENT((#2206));
#2208=STYLED_ITEM('',(#2207),#2205);
#2209=DIRECTION('',(0.E0,-1.E0,0.E0));
#2210=VECTOR('',#2209,5.118110236220E-2);
#2211=CARTESIAN_POINT('',(-6.919291338583E-1,-6.555118110236E-1,
-2.017716535433E-1));
#2212=LINE('',#2211,#2210);
#2213=CURVE_STYLE('',#22,POSITIVE_LENGTH_MEASURE(2.E-2),#1);
#2214=PRESENTATION_STYLE_ASSIGNMENT((#2213));
#2215=STYLED_ITEM('',(#2214),#2212);
#2216=DIRECTION('',(0.E0,1.E0,0.E0));
#2217=VECTOR('',#2216,5.118110236220E-2);
#2218=CARTESIAN_POINT('',(-6.131889763780E-1,-7.066929133858E-1,
-2.805118110236E-1));
#2219=LINE('',#2218,#2217);
#2220=CURVE_STYLE('',#22,POSITIVE_LENGTH_MEASURE(2.E-2),#1);
#2221=PRESENTATION_STYLE_ASSIGNMENT((#2220));
#2222=STYLED_ITEM('',(#2221),#2219);
#2223=DIRECTION('',(0.E0,8.191520442890E-1,-5.735764363510E-1));
#2224=VECTOR('',#2223,6.248058918858E-2);
#2225=CARTESIAN_POINT('',(-6.131889763780E-1,-7.066929133858E-1,
-3.344673824201E-1));
#2226=LINE('',#2225,#2224);
#2227=CURVE_STYLE('',#22,POSITIVE_LENGTH_MEASURE(2.E-2),#1);
#2228=PRESENTATION_STYLE_ASSIGNMENT((#2227));
#2229=STYLED_ITEM('',(#2228),#2226);
#2230=DIRECTION('',(0.E0,0.E0,1.E0));
#2231=VECTOR('',#2230,8.979296508436E-2);
#2232=CARTESIAN_POINT('',(-6.131889763780E-1,-6.555118110236E-1,
-3.703047761080E-1));
#2233=LINE('',#2232,#2231);
#2234=CURVE_STYLE('',#22,POSITIVE_LENGTH_MEASURE(2.E-2),#1);
#2235=PRESENTATION_STYLE_ASSIGNMENT((#2234));
#2236=STYLED_ITEM('',(#2235),#2233);
#2237=DIRECTION('',(1.E0,0.E0,4.733090143186E-8));
#2238=VECTOR('',#2237,1.593455271567E-1);
#2239=CARTESIAN_POINT('',(-7.711105038834E-1,-6.555118110236E-1,
-3.758182288327E-1));
#2240=LINE('',#2239,#2238);
#2241=CURVE_STYLE('',#22,POSITIVE_LENGTH_MEASURE(2.E-2),#1);
#2242=PRESENTATION_STYLE_ASSIGNMENT((#2241));
#2243=STYLED_ITEM('',(#2242),#2240);
#2244=CARTESIAN_POINT('',(-6.117649767267E-1,-6.555118110236E-1,
-3.758182212907E-1));
#2245=CARTESIAN_POINT('',(-6.113188683898E-1,-6.555118110236E-1,
-3.765959874413E-1));
#2246=CARTESIAN_POINT('',(-6.102233802111E-1,-6.552853859811E-1,
-3.781834336810E-1));
#2247=CARTESIAN_POINT('',(-6.079548521399E-1,-6.541416790414E-1,
-3.805036184592E-1));
#2248=CARTESIAN_POINT('',(-6.062239793463E-1,-6.528987697080E-1,
-3.817468456716E-1));
#2249=CARTESIAN_POINT('',(-6.053149606299E-1,-6.521541451681E-1,
-3.822682373875E-1));
#2251=CURVE_STYLE('',#22,POSITIVE_LENGTH_MEASURE(2.E-2),#1);
#2252=PRESENTATION_STYLE_ASSIGNMENT((#2251));
#2253=STYLED_ITEM('',(#2252),#2250);
#2254=DIRECTION('',(-1.E0,9.024820130425E-9,-1.224403732174E-8));
#2255=VECTOR('',#2254,1.657955349968E-1);
#2256=CARTESIAN_POINT('',(-6.053149606299E-1,-6.521541451681E-1,
-3.822682373875E-1));
#2257=LINE('',#2256,#2255);
#2258=CURVE_STYLE('',#22,POSITIVE_LENGTH_MEASURE(2.E-2),#1);
#2259=PRESENTATION_STYLE_ASSIGNMENT((#2258));
#2260=STYLED_ITEM('',(#2259),#2257);
#2261=DIRECTION('',(0.E0,1.E0,0.E0));
#2262=VECTOR('',#2261,1.968503937008E-1);
#2263=CARTESIAN_POINT('',(-6.103192718909E-1,-5.767716535433E-1,
3.149606299213E-1));
#2264=LINE('',#2263,#2262);
#2265=CURVE_STYLE('',#22,POSITIVE_LENGTH_MEASURE(2.E-2),#1);
#2266=PRESENTATION_STYLE_ASSIGNMENT((#2265));
#2267=STYLED_ITEM('',(#2266),#2264);
#2268=DIRECTION('',(0.E0,-1.E0,0.E0));
#2269=VECTOR('',#2268,1.968503937008E-1);
#2270=CARTESIAN_POINT('',(-7.263779527559E-1,-3.799212598425E-1,
1.989019490562E-1));
#2271=LINE('',#2270,#2269);
#2272=CURVE_STYLE('',#22,POSITIVE_LENGTH_MEASURE(2.E-2),#1);
#2273=PRESENTATION_STYLE_ASSIGNMENT((#2272));
#2274=STYLED_ITEM('',(#2273),#2271);
#2275=DIRECTION('',(1.E0,0.E0,0.E0));
#2276=VECTOR('',#2275,7.587045299322E-2);
#2277=CARTESIAN_POINT('',(5.344488188976E-1,-5.767716535433E-1,
3.149606299213E-1));
#2278=LINE('',#2277,#2276);
#2279=CURVE_STYLE('',#22,POSITIVE_LENGTH_MEASURE(2.E-2),#1);
#2280=PRESENTATION_STYLE_ASSIGNMENT((#2279));
#2281=STYLED_ITEM('',(#2280),#2278);
#2282=DIRECTION('',(1.E0,0.E0,0.E0));
#2283=VECTOR('',#2282,7.587045299322E-2);
#2284=CARTESIAN_POINT('',(-6.103192718909E-1,-5.767716535433E-1,
3.149606299213E-1));
#2285=LINE('',#2284,#2283);
#2286=CURVE_STYLE('',#22,POSITIVE_LENGTH_MEASURE(2.E-2),#1);
#2287=PRESENTATION_STYLE_ASSIGNMENT((#2286));
#2288=STYLED_ITEM('',(#2287),#2285);
#2289=DIRECTION('',(0.E0,-1.E0,0.E0));
#2290=VECTOR('',#2289,3.422844182055E-2);
#2291=CARTESIAN_POINT('',(-5.344488188976E-1,-5.767716535433E-1,
3.149606299213E-1));
#2292=LINE('',#2291,#2290);
#2293=CURVE_STYLE('',#22,POSITIVE_LENGTH_MEASURE(2.E-2),#1);
#2294=PRESENTATION_STYLE_ASSIGNMENT((#2293));
#2295=STYLED_ITEM('',(#2294),#2292);
#2296=DIRECTION('',(1.E0,0.E0,0.E0));
#2297=VECTOR('',#2296,1.068897637795E0);
#2298=CARTESIAN_POINT('',(-5.344488188976E-1,-6.110000953639E-1,
3.149606299213E-1));
#2299=LINE('',#2298,#2297);
#2300=CURVE_STYLE('',#22,POSITIVE_LENGTH_MEASURE(2.E-2),#1);
#2301=PRESENTATION_STYLE_ASSIGNMENT((#2300));
#2302=STYLED_ITEM('',(#2301),#2299);
#2303=DIRECTION('',(0.E0,1.E0,0.E0));
#2304=VECTOR('',#2303,3.422844182055E-2);
#2305=CARTESIAN_POINT('',(5.344488188976E-1,-6.110000953639E-1,
3.149606299213E-1));
#2306=LINE('',#2305,#2304);
#2307=CURVE_STYLE('',#22,POSITIVE_LENGTH_MEASURE(2.E-2),#1);
#2308=PRESENTATION_STYLE_ASSIGNMENT((#2307));
#2309=STYLED_ITEM('',(#2308),#2306);
#2310=CARTESIAN_POINT('',(6.919291338583E-1,-5.767716535433E-1,
2.805118110236E-1));
#2311=DIRECTION('',(0.E0,1.E0,0.E0));
#2312=DIRECTION('',(3.888888888889E-1,0.E0,-9.212846639876E-1));
#2313=AXIS2_PLACEMENT_3D('',#2310,#2311,#2312);
#2315=CURVE_STYLE('',#22,POSITIVE_LENGTH_MEASURE(2.E-2),#1);
#2316=PRESENTATION_STYLE_ASSIGNMENT((#2315));
#2317=STYLED_ITEM('',(#2316),#2314);
#2318=CARTESIAN_POINT('',(6.919291338583E-1,-5.767716535433E-1,
2.805118110236E-1));
#2319=DIRECTION('',(0.E0,1.E0,0.E0));
#2320=DIRECTION('',(0.E0,0.E0,-1.E0));
#2321=AXIS2_PLACEMENT_3D('',#2318,#2319,#2320);
#2323=CURVE_STYLE('',#22,POSITIVE_LENGTH_MEASURE(2.E-2),#1);
#2324=PRESENTATION_STYLE_ASSIGNMENT((#2323));
#2325=STYLED_ITEM('',(#2324),#2322);
#2326=CARTESIAN_POINT('',(6.919291338583E-1,-5.767716535433E-1,
2.805118110236E-1));
#2327=DIRECTION('',(0.E0,-1.E0,0.E0));
#2328=DIRECTION('',(-1.E0,0.E0,1.973976537784E-14));
#2329=AXIS2_PLACEMENT_3D('',#2326,#2327,#2328);
#2331=CURVE_STYLE('',#22,POSITIVE_LENGTH_MEASURE(2.E-2),#1);
#2332=PRESENTATION_STYLE_ASSIGNMENT((#2331));
#2333=STYLED_ITEM('',(#2332),#2330);
#2334=DIRECTION('',(0.E0,0.E0,-1.E0));
#2335=VECTOR('',#2334,7.587045299322E-2);
#2336=CARTESIAN_POINT('',(7.263779527559E-1,-5.767716535433E-1,
1.989019490562E-1));
#2337=LINE('',#2336,#2335);
#2338=CURVE_STYLE('',#22,POSITIVE_LENGTH_MEASURE(2.E-2),#1);
#2339=PRESENTATION_STYLE_ASSIGNMENT((#2338));
#2340=STYLED_ITEM('',(#2339),#2337);
#2341=DIRECTION('',(0.E0,-1.E0,0.E0));
#2342=VECTOR('',#2341,3.422844182055E-2);
#2343=CARTESIAN_POINT('',(7.263779527559E-1,-5.767716535433E-1,
1.230314960630E-1));
#2344=LINE('',#2343,#2342);
#2345=CURVE_STYLE('',#22,POSITIVE_LENGTH_MEASURE(2.E-2),#1);
#2346=PRESENTATION_STYLE_ASSIGNMENT((#2345));
#2347=STYLED_ITEM('',(#2346),#2344);
#2348=DIRECTION('',(0.E0,0.E0,-1.E0));
#2349=VECTOR('',#2348,2.460629921260E-1);
#2350=CARTESIAN_POINT('',(7.263779527559E-1,-6.110000953639E-1,
1.230314960630E-1));
#2351=LINE('',#2350,#2349);
#2352=CURVE_STYLE('',#22,POSITIVE_LENGTH_MEASURE(2.E-2),#1);
#2353=PRESENTATION_STYLE_ASSIGNMENT((#2352));
#2354=STYLED_ITEM('',(#2353),#2351);
#2355=DIRECTION('',(0.E0,1.E0,0.E0));
#2356=VECTOR('',#2355,3.422844182055E-2);
#2357=CARTESIAN_POINT('',(7.263779527559E-1,-6.110000953639E-1,
-1.230314960630E-1));
#2358=LINE('',#2357,#2356);
#2359=CURVE_STYLE('',#22,POSITIVE_LENGTH_MEASURE(2.E-2),#1);
#2360=PRESENTATION_STYLE_ASSIGNMENT((#2359));
#2361=STYLED_ITEM('',(#2360),#2358);
#2362=DIRECTION('',(0.E0,0.E0,1.E0));
#2363=VECTOR('',#2362,7.587045299322E-2);
#2364=CARTESIAN_POINT('',(7.263779527559E-1,-5.767716535433E-1,
-1.989019490562E-1));
#2365=LINE('',#2364,#2363);
#2366=CURVE_STYLE('',#22,POSITIVE_LENGTH_MEASURE(2.E-2),#1);
#2367=PRESENTATION_STYLE_ASSIGNMENT((#2366));
#2368=STYLED_ITEM('',(#2367),#2365);
#2369=DIRECTION('',(-1.E0,0.E0,0.E0));
#2370=VECTOR('',#2369,3.444881889764E-2);
#2371=CARTESIAN_POINT('',(7.263779527559E-1,-5.767716535433E-1,
-1.230314960630E-1));
#2372=LINE('',#2371,#2370);
#2373=CURVE_STYLE('',#22,POSITIVE_LENGTH_MEASURE(2.E-2),#1);
#2374=PRESENTATION_STYLE_ASSIGNMENT((#2373));
#2375=STYLED_ITEM('',(#2374),#2372);
#2376=CARTESIAN_POINT('',(6.919291338583E-1,-5.767716535433E-1,
-2.805118110236E-1));
#2377=DIRECTION('',(0.E0,-1.E0,0.E0));
#2378=DIRECTION('',(-1.691979889529E-14,0.E0,1.E0));
#2379=AXIS2_PLACEMENT_3D('',#2376,#2377,#2378);
#2381=CURVE_STYLE('',#22,POSITIVE_LENGTH_MEASURE(2.E-2),#1);
#2382=PRESENTATION_STYLE_ASSIGNMENT((#2381));
#2383=STYLED_ITEM('',(#2382),#2380);
#2384=DIRECTION('',(0.E0,0.E0,-1.E0));
#2385=VECTOR('',#2384,3.444881889764E-2);
#2386=CARTESIAN_POINT('',(5.344488188976E-1,-5.767716535433E-1,
-2.805118110236E-1));
#2387=LINE('',#2386,#2385);
#2388=CURVE_STYLE('',#22,POSITIVE_LENGTH_MEASURE(2.E-2),#1);
#2389=PRESENTATION_STYLE_ASSIGNMENT((#2388));
#2390=STYLED_ITEM('',(#2389),#2387);
#2391=DIRECTION('',(1.E0,0.E0,0.E0));
#2392=VECTOR('',#2391,7.587045299322E-2);
#2393=CARTESIAN_POINT('',(5.344488188976E-1,-5.767716535433E-1,
-3.149606299213E-1));
#2394=LINE('',#2393,#2392);
#2395=CURVE_STYLE('',#22,POSITIVE_LENGTH_MEASURE(2.E-2),#1);
#2396=PRESENTATION_STYLE_ASSIGNMENT((#2395));
#2397=STYLED_ITEM('',(#2396),#2394);
#2398=CARTESIAN_POINT('',(6.919291338583E-1,-5.767716535433E-1,
-2.805118110236E-1));
#2399=DIRECTION('',(0.E0,1.E0,0.E0));
#2400=DIRECTION('',(-9.212846639876E-1,0.E0,-3.888888888889E-1));
#2401=AXIS2_PLACEMENT_3D('',#2398,#2399,#2400);
#2403=CURVE_STYLE('',#22,POSITIVE_LENGTH_MEASURE(2.E-2),#1);
#2404=PRESENTATION_STYLE_ASSIGNMENT((#2403));
#2405=STYLED_ITEM('',(#2404),#2402);
#2406=CARTESIAN_POINT('',(6.919291338583E-1,-5.767716535433E-1,
-2.805118110236E-1));
#2407=DIRECTION('',(0.E0,1.E0,0.E0));
#2408=DIRECTION('',(0.E0,0.E0,1.E0));
#2409=AXIS2_PLACEMENT_3D('',#2406,#2407,#2408);
#2411=CURVE_STYLE('',#22,POSITIVE_LENGTH_MEASURE(2.E-2),#1);
#2412=PRESENTATION_STYLE_ASSIGNMENT((#2411));
#2413=STYLED_ITEM('',(#2412),#2410);
#2414=DIRECTION('',(-5.735764363510E-1,-8.191520442890E-1,0.E0));
#2415=VECTOR('',#2414,3.030777553785E-2);
#2416=CARTESIAN_POINT('',(7.263779527559E-1,-6.110000953639E-1,
-1.230314960630E-1));
#2417=LINE('',#2416,#2415);
#2418=CURVE_STYLE('',#22,POSITIVE_LENGTH_MEASURE(2.E-2),#1);
#2419=PRESENTATION_STYLE_ASSIGNMENT((#2418));
#2420=STYLED_ITEM('',(#2419),#2417);
#2421=DIRECTION('',(-1.E0,0.E0,0.E0));
#2422=VECTOR('',#2421,3.444881889764E-2);
#2423=CARTESIAN_POINT('',(7.263779527559E-1,-5.767716535433E-1,
1.230314960630E-1));
#2424=LINE('',#2423,#2422);
#2425=CURVE_STYLE('',#22,POSITIVE_LENGTH_MEASURE(2.E-2),#1);
#2426=PRESENTATION_STYLE_ASSIGNMENT((#2425));
#2427=STYLED_ITEM('',(#2426),#2424);
#2428=DIRECTION('',(5.735764363510E-1,8.191520442890E-1,0.E0));
#2429=VECTOR('',#2428,3.030777553785E-2);
#2430=CARTESIAN_POINT('',(7.089941268692E-1,-6.358267716535E-1,
1.230314960630E-1));
#2431=LINE('',#2430,#2429);
#2432=CURVE_STYLE('',#22,POSITIVE_LENGTH_MEASURE(2.E-2),#1);
#2433=PRESENTATION_STYLE_ASSIGNMENT((#2432));
#2434=STYLED_ITEM('',(#2433),#2431);
#2435=DIRECTION('',(0.E0,1.E0,0.E0));
#2436=VECTOR('',#2435,5.905511811024E-2);
#2437=CARTESIAN_POINT('',(6.919291338583E-1,-6.358267716535E-1,
1.230314960630E-1));
#2438=LINE('',#2437,#2436);
#2439=CURVE_STYLE('',#22,POSITIVE_LENGTH_MEASURE(2.E-2),#1);
#2440=PRESENTATION_STYLE_ASSIGNMENT((#2439));
#2441=STYLED_ITEM('',(#2440),#2438);
#2442=DIRECTION('',(0.E0,-1.E0,0.E0));
#2443=VECTOR('',#2442,5.905511811024E-2);
#2444=CARTESIAN_POINT('',(5.344488188976E-1,-5.767716535433E-1,
2.805118110236E-1));
#2445=LINE('',#2444,#2443);
#2446=CURVE_STYLE('',#22,POSITIVE_LENGTH_MEASURE(2.E-2),#1);
#2447=PRESENTATION_STYLE_ASSIGNMENT((#2446));
#2448=STYLED_ITEM('',(#2447),#2445);
#2449=DIRECTION('',(0.E0,0.E0,-1.E0));
#2450=VECTOR('',#2449,1.706499301091E-2);
#2451=CARTESIAN_POINT('',(-5.344488188976E-1,-6.358267716535E-1,
-2.805118110236E-1));
#2452=LINE('',#2451,#2450);
#2453=CURVE_STYLE('',#22,POSITIVE_LENGTH_MEASURE(2.E-2),#1);
#2454=PRESENTATION_STYLE_ASSIGNMENT((#2453));
#2455=STYLED_ITEM('',(#2454),#2452);
#2456=DIRECTION('',(1.E0,0.E0,0.E0));
#2457=VECTOR('',#2456,1.068897637795E0);
#2458=CARTESIAN_POINT('',(-5.344488188976E-1,-6.358267716535E-1,
-2.975768040345E-1));
#2459=LINE('',#2458,#2457);
#2460=CURVE_STYLE('',#22,POSITIVE_LENGTH_MEASURE(2.E-2),#1);
#2461=PRESENTATION_STYLE_ASSIGNMENT((#2460));
#2462=STYLED_ITEM('',(#2461),#2459);
#2463=DIRECTION('',(0.E0,0.E0,1.E0));
#2464=VECTOR('',#2463,1.706499301091E-2);
#2465=CARTESIAN_POINT('',(5.344488188976E-1,-6.358267716535E-1,
-2.975768040345E-1));
#2466=LINE('',#2465,#2464);
#2467=CURVE_STYLE('',#22,POSITIVE_LENGTH_MEASURE(2.E-2),#1);
#2468=PRESENTATION_STYLE_ASSIGNMENT((#2467));
#2469=STYLED_ITEM('',(#2468),#2466);
#2470=CARTESIAN_POINT('',(6.919291338583E-1,-6.358267716535E-1,
-2.805118110236E-1));
#2471=DIRECTION('',(0.E0,1.E0,0.E0));
#2472=DIRECTION('',(-1.E0,0.E0,-2.361721929134E-14));
#2473=AXIS2_PLACEMENT_3D('',#2470,#2471,#2472);
#2475=CURVE_STYLE('',#22,POSITIVE_LENGTH_MEASURE(2.E-2),#1);
#2476=PRESENTATION_STYLE_ASSIGNMENT((#2475));
#2477=STYLED_ITEM('',(#2476),#2474);
#2478=DIRECTION('',(1.E0,0.E0,-1.382493345189E-14));
#2479=VECTOR('',#2478,1.706499301091E-2);
#2480=CARTESIAN_POINT('',(6.919291338583E-1,-6.358267716535E-1,
-1.230314960630E-1));
#2481=LINE('',#2480,#2479);
#2482=CURVE_STYLE('',#22,POSITIVE_LENGTH_MEASURE(2.E-2),#1);
#2483=PRESENTATION_STYLE_ASSIGNMENT((#2482));
#2484=STYLED_ITEM('',(#2483),#2481);
#2485=DIRECTION('',(0.E0,0.E0,1.E0));
#2486=VECTOR('',#2485,2.460629921260E-1);
#2487=CARTESIAN_POINT('',(7.089941268692E-1,-6.358267716535E-1,
-1.230314960630E-1));
#2488=LINE('',#2487,#2486);
#2489=CURVE_STYLE('',#22,POSITIVE_LENGTH_MEASURE(2.E-2),#1);
#2490=PRESENTATION_STYLE_ASSIGNMENT((#2489));
#2491=STYLED_ITEM('',(#2490),#2488);
#2492=DIRECTION('',(-1.E0,0.E0,0.E0));
#2493=VECTOR('',#2492,1.706499301091E-2);
#2494=CARTESIAN_POINT('',(7.089941268692E-1,-6.358267716535E-1,
1.230314960630E-1));
#2495=LINE('',#2494,#2493);
#2496=CURVE_STYLE('',#22,POSITIVE_LENGTH_MEASURE(2.E-2),#1);
#2497=PRESENTATION_STYLE_ASSIGNMENT((#2496));
#2498=STYLED_ITEM('',(#2497),#2495);
#2499=CARTESIAN_POINT('',(6.919291338583E-1,-6.358267716535E-1,
2.805118110236E-1));
#2500=DIRECTION('',(0.E0,1.E0,0.E0));
#2501=DIRECTION('',(-2.044475699847E-14,0.E0,-1.E0));
#2502=AXIS2_PLACEMENT_3D('',#2499,#2500,#2501);
#2504=CURVE_STYLE('',#22,POSITIVE_LENGTH_MEASURE(2.E-2),#1);
#2505=PRESENTATION_STYLE_ASSIGNMENT((#2504));
#2506=STYLED_ITEM('',(#2505),#2503);
#2507=DIRECTION('',(0.E0,0.E0,1.E0));
#2508=VECTOR('',#2507,1.706499301091E-2);
#2509=CARTESIAN_POINT('',(5.344488188976E-1,-6.358267716535E-1,
2.805118110236E-1));
#2510=LINE('',#2509,#2508);
#2511=CURVE_STYLE('',#22,POSITIVE_LENGTH_MEASURE(2.E-2),#1);
#2512=PRESENTATION_STYLE_ASSIGNMENT((#2511));
#2513=STYLED_ITEM('',(#2512),#2510);
#2514=DIRECTION('',(-1.E0,0.E0,0.E0));
#2515=VECTOR('',#2514,1.068897637795E0);
#2516=CARTESIAN_POINT('',(5.344488188976E-1,-6.358267716535E-1,
2.975768040345E-1));
#2517=LINE('',#2516,#2515);
#2518=CURVE_STYLE('',#22,POSITIVE_LENGTH_MEASURE(2.E-2),#1);
#2519=PRESENTATION_STYLE_ASSIGNMENT((#2518));
#2520=STYLED_ITEM('',(#2519),#2517);
#2521=DIRECTION('',(0.E0,0.E0,-1.E0));
#2522=VECTOR('',#2521,1.706499301091E-2);
#2523=CARTESIAN_POINT('',(-5.344488188976E-1,-6.358267716535E-1,
2.975768040345E-1));
#2524=LINE('',#2523,#2522);
#2525=CURVE_STYLE('',#22,POSITIVE_LENGTH_MEASURE(2.E-2),#1);
#2526=PRESENTATION_STYLE_ASSIGNMENT((#2525));
#2527=STYLED_ITEM('',(#2526),#2524);
#2528=CARTESIAN_POINT('',(-6.919291338583E-1,-6.358267716535E-1,
2.805118110236E-1));
#2529=DIRECTION('',(0.E0,1.E0,0.E0));
#2530=DIRECTION('',(1.E0,0.E0,1.374733660242E-14));
#2531=AXIS2_PLACEMENT_3D('',#2528,#2529,#2530);
#2533=CURVE_STYLE('',#22,POSITIVE_LENGTH_MEASURE(2.E-2),#1);
#2534=PRESENTATION_STYLE_ASSIGNMENT((#2533));
#2535=STYLED_ITEM('',(#2534),#2532);
#2536=DIRECTION('',(-1.E0,0.E0,0.E0));
#2537=VECTOR('',#2536,1.706499301091E-2);
#2538=CARTESIAN_POINT('',(-6.919291338583E-1,-6.358267716535E-1,
1.230314960630E-1));
#2539=LINE('',#2538,#2537);
#2540=CURVE_STYLE('',#22,POSITIVE_LENGTH_MEASURE(2.E-2),#1);
#2541=PRESENTATION_STYLE_ASSIGNMENT((#2540));
#2542=STYLED_ITEM('',(#2541),#2539);
#2543=DIRECTION('',(0.E0,0.E0,-1.E0));
#2544=VECTOR('',#2543,2.460629921260E-1);
#2545=CARTESIAN_POINT('',(-7.089941268692E-1,-6.358267716535E-1,
1.230314960630E-1));
#2546=LINE('',#2545,#2544);
#2547=CURVE_STYLE('',#22,POSITIVE_LENGTH_MEASURE(2.E-2),#1);
#2548=PRESENTATION_STYLE_ASSIGNMENT((#2547));
#2549=STYLED_ITEM('',(#2548),#2546);
#2550=DIRECTION('',(1.E0,0.E0,0.E0));
#2551=VECTOR('',#2550,1.706499301091E-2);
#2552=CARTESIAN_POINT('',(-7.089941268692E-1,-6.358267716535E-1,
-1.230314960630E-1));
#2553=LINE('',#2552,#2551);
#2554=CURVE_STYLE('',#22,POSITIVE_LENGTH_MEASURE(2.E-2),#1);
#2555=PRESENTATION_STYLE_ASSIGNMENT((#2554));
#2556=STYLED_ITEM('',(#2555),#2553);
#2557=CARTESIAN_POINT('',(-6.919291338583E-1,-6.358267716535E-1,
-2.805118110236E-1));
#2558=DIRECTION('',(0.E0,1.E0,0.E0));
#2559=DIRECTION('',(0.E0,0.E0,1.E0));
#2560=AXIS2_PLACEMENT_3D('',#2557,#2558,#2559);
#2562=CURVE_STYLE('',#22,POSITIVE_LENGTH_MEASURE(2.E-2),#1);
#2563=PRESENTATION_STYLE_ASSIGNMENT((#2562));
#2564=STYLED_ITEM('',(#2563),#2561);
#2565=DIRECTION('',(0.E0,-8.191520442890E-1,5.735764363510E-1));
#2566=VECTOR('',#2565,3.030777553785E-2);
#2567=CARTESIAN_POINT('',(-5.344488188976E-1,-6.110000953639E-1,
-3.149606299213E-1));
#2568=LINE('',#2567,#2566);
#2569=CURVE_STYLE('',#22,POSITIVE_LENGTH_MEASURE(2.E-2),#1);
#2570=PRESENTATION_STYLE_ASSIGNMENT((#2569));
#2571=STYLED_ITEM('',(#2570),#2568);
#2572=DIRECTION('',(0.E0,0.E0,-1.E0));
#2573=VECTOR('',#2572,3.444881889764E-2);
#2574=CARTESIAN_POINT('',(-5.344488188976E-1,-5.767716535433E-1,
-2.805118110236E-1));
#2575=LINE('',#2574,#2573);
#2576=CURVE_STYLE('',#22,POSITIVE_LENGTH_MEASURE(2.E-2),#1);
#2577=PRESENTATION_STYLE_ASSIGNMENT((#2576));
#2578=STYLED_ITEM('',(#2577),#2575);
#2579=DIRECTION('',(0.E0,8.191520442890E-1,-5.735764363510E-1));
#2580=VECTOR('',#2579,3.030777553785E-2);
#2581=CARTESIAN_POINT('',(5.344488188976E-1,-6.358267716535E-1,
-2.975768040345E-1));
#2582=LINE('',#2581,#2580);
#2583=CURVE_STYLE('',#22,POSITIVE_LENGTH_MEASURE(2.E-2),#1);
#2584=PRESENTATION_STYLE_ASSIGNMENT((#2583));
#2585=STYLED_ITEM('',(#2584),#2582);
#2586=DIRECTION('',(-1.E0,0.E0,0.E0));
#2587=VECTOR('',#2586,7.587045299322E-2);
#2588=CARTESIAN_POINT('',(-5.344488188976E-1,-5.767716535433E-1,
-3.149606299213E-1));
#2589=LINE('',#2588,#2587);
#2590=CURVE_STYLE('',#22,POSITIVE_LENGTH_MEASURE(2.E-2),#1);
#2591=PRESENTATION_STYLE_ASSIGNMENT((#2590));
#2592=STYLED_ITEM('',(#2591),#2589);
#2593=DIRECTION('',(0.E0,-1.E0,0.E0));
#2594=VECTOR('',#2593,3.422844182055E-2);
#2595=CARTESIAN_POINT('',(5.344488188976E-1,-5.767716535433E-1,
-3.149606299213E-1));
#2596=LINE('',#2595,#2594);
#2597=CURVE_STYLE('',#22,POSITIVE_LENGTH_MEASURE(2.E-2),#1);
#2598=PRESENTATION_STYLE_ASSIGNMENT((#2597));
#2599=STYLED_ITEM('',(#2598),#2596);
#2600=DIRECTION('',(-1.E0,0.E0,0.E0));
#2601=VECTOR('',#2600,1.068897637795E0);
#2602=CARTESIAN_POINT('',(5.344488188976E-1,-6.110000953639E-1,
-3.149606299213E-1));
#2603=LINE('',#2602,#2601);
#2604=CURVE_STYLE('',#22,POSITIVE_LENGTH_MEASURE(2.E-2),#1);
#2605=PRESENTATION_STYLE_ASSIGNMENT((#2604));
#2606=STYLED_ITEM('',(#2605),#2603);
#2607=DIRECTION('',(0.E0,1.E0,0.E0));
#2608=VECTOR('',#2607,3.422844182055E-2);
#2609=CARTESIAN_POINT('',(-5.344488188976E-1,-6.110000953639E-1,
-3.149606299213E-1));
#2610=LINE('',#2609,#2608);
#2611=CURVE_STYLE('',#22,POSITIVE_LENGTH_MEASURE(2.E-2),#1);
#2612=PRESENTATION_STYLE_ASSIGNMENT((#2611));
#2613=STYLED_ITEM('',(#2612),#2610);
#2614=CARTESIAN_POINT('',(-6.919291338583E-1,-5.767716535433E-1,
-2.805118110236E-1));
#2615=DIRECTION('',(0.E0,-1.E0,0.E0));
#2616=DIRECTION('',(1.E0,0.E0,0.E0));
#2617=AXIS2_PLACEMENT_3D('',#2614,#2615,#2616);
#2619=CURVE_STYLE('',#22,POSITIVE_LENGTH_MEASURE(2.E-2),#1);
#2620=PRESENTATION_STYLE_ASSIGNMENT((#2619));
#2621=STYLED_ITEM('',(#2620),#2618);
#2622=CARTESIAN_POINT('',(-6.919291338583E-1,-5.767716535433E-1,
-2.805118110236E-1));
#2623=DIRECTION('',(0.E0,1.E0,0.E0));
#2624=DIRECTION('',(-3.888888888889E-1,0.E0,9.212846639876E-1));
#2625=AXIS2_PLACEMENT_3D('',#2622,#2623,#2624);
#2627=CURVE_STYLE('',#22,POSITIVE_LENGTH_MEASURE(2.E-2),#1);
#2628=PRESENTATION_STYLE_ASSIGNMENT((#2627));
#2629=STYLED_ITEM('',(#2628),#2626);
#2630=CARTESIAN_POINT('',(-6.919291338583E-1,-5.767716535433E-1,
-2.805118110236E-1));
#2631=DIRECTION('',(0.E0,1.E0,0.E0));
#2632=DIRECTION('',(0.E0,0.E0,1.E0));
#2633=AXIS2_PLACEMENT_3D('',#2630,#2631,#2632);
#2635=CURVE_STYLE('',#22,POSITIVE_LENGTH_MEASURE(2.E-2),#1);
#2636=PRESENTATION_STYLE_ASSIGNMENT((#2635));
#2637=STYLED_ITEM('',(#2636),#2634);
#2638=DIRECTION('',(0.E0,1.E0,0.E0));
#2639=VECTOR('',#2638,5.905511811024E-2);
#2640=CARTESIAN_POINT('',(-6.919291338583E-1,-6.358267716535E-1,
-1.230314960630E-1));
#2641=LINE('',#2640,#2639);
#2642=CURVE_STYLE('',#22,POSITIVE_LENGTH_MEASURE(2.E-2),#1);
#2643=PRESENTATION_STYLE_ASSIGNMENT((#2642));
#2644=STYLED_ITEM('',(#2643),#2641);
#2645=DIRECTION('',(0.E0,-1.E0,0.E0));
#2646=VECTOR('',#2645,5.905511811024E-2);
#2647=CARTESIAN_POINT('',(-5.344488188976E-1,-5.767716535433E-1,
-2.805118110236E-1));
#2648=LINE('',#2647,#2646);
#2649=CURVE_STYLE('',#22,POSITIVE_LENGTH_MEASURE(2.E-2),#1);
#2650=PRESENTATION_STYLE_ASSIGNMENT((#2649));
#2651=STYLED_ITEM('',(#2650),#2648);
#2652=DIRECTION('',(1.E0,0.E0,0.E0));
#2653=VECTOR('',#2652,3.444881889764E-2);
#2654=CARTESIAN_POINT('',(-7.263779527559E-1,-5.767716535433E-1,
-1.230314960630E-1));
#2655=LINE('',#2654,#2653);
#2656=CURVE_STYLE('',#22,POSITIVE_LENGTH_MEASURE(2.E-2),#1);
#2657=PRESENTATION_STYLE_ASSIGNMENT((#2656));
#2658=STYLED_ITEM('',(#2657),#2655);
#2659=DIRECTION('',(-5.735764363510E-1,8.191520442890E-1,0.E0));
#2660=VECTOR('',#2659,3.030777553785E-2);
#2661=CARTESIAN_POINT('',(-7.089941268692E-1,-6.358267716535E-1,
-1.230314960630E-1));
#2662=LINE('',#2661,#2660);
#2663=CURVE_STYLE('',#22,POSITIVE_LENGTH_MEASURE(2.E-2),#1);
#2664=PRESENTATION_STYLE_ASSIGNMENT((#2663));
#2665=STYLED_ITEM('',(#2664),#2662);
#2666=DIRECTION('',(5.735764363510E-1,-8.191520442890E-1,0.E0));
#2667=VECTOR('',#2666,3.030777553785E-2);
#2668=CARTESIAN_POINT('',(-7.263779527559E-1,-6.110000953639E-1,
1.230314960630E-1));
#2669=LINE('',#2668,#2667);
#2670=CURVE_STYLE('',#22,POSITIVE_LENGTH_MEASURE(2.E-2),#1);
#2671=PRESENTATION_STYLE_ASSIGNMENT((#2670));
#2672=STYLED_ITEM('',(#2671),#2669);
#2673=DIRECTION('',(0.E0,1.E0,0.E0));
#2674=VECTOR('',#2673,5.905511811024E-2);
#2675=CARTESIAN_POINT('',(-5.344488188976E-1,-6.358267716535E-1,
2.805118110236E-1));
#2676=LINE('',#2675,#2674);
#2677=CURVE_STYLE('',#22,POSITIVE_LENGTH_MEASURE(2.E-2),#1);
#2678=PRESENTATION_STYLE_ASSIGNMENT((#2677));
#2679=STYLED_ITEM('',(#2678),#2676);
#2680=DIRECTION('',(0.E0,-1.E0,0.E0));
#2681=VECTOR('',#2680,5.905511811024E-2);
#2682=CARTESIAN_POINT('',(-6.919291338583E-1,-5.767716535433E-1,
1.230314960630E-1));
#2683=LINE('',#2682,#2681);
#2684=CURVE_STYLE('',#22,POSITIVE_LENGTH_MEASURE(2.E-2),#1);
#2685=PRESENTATION_STYLE_ASSIGNMENT((#2684));
#2686=STYLED_ITEM('',(#2685),#2683);
#2687=DIRECTION('',(0.E0,8.191520442890E-1,5.735764363510E-1));
#2688=VECTOR('',#2687,3.030777553785E-2);
#2689=CARTESIAN_POINT('',(-5.344488188976E-1,-6.358267716535E-1,
2.975768040345E-1));
#2690=LINE('',#2689,#2688);
#2691=CURVE_STYLE('',#22,POSITIVE_LENGTH_MEASURE(2.E-2),#1);
#2692=PRESENTATION_STYLE_ASSIGNMENT((#2691));
#2693=STYLED_ITEM('',(#2692),#2690);
#2694=DIRECTION('',(1.E0,0.E0,0.E0));
#2695=VECTOR('',#2694,3.444881889764E-2);
#2696=CARTESIAN_POINT('',(-7.263779527559E-1,-5.767716535433E-1,
1.230314960630E-1));
#2697=LINE('',#2696,#2695);
#2698=CURVE_STYLE('',#22,POSITIVE_LENGTH_MEASURE(2.E-2),#1);
#2699=PRESENTATION_STYLE_ASSIGNMENT((#2698));
#2700=STYLED_ITEM('',(#2699),#2697);
#2701=CARTESIAN_POINT('',(-6.919291338583E-1,-5.767716535433E-1,
2.805118110236E-1));
#2702=DIRECTION('',(0.E0,-1.E0,0.E0));
#2703=DIRECTION('',(0.E0,0.E0,-1.E0));
#2704=AXIS2_PLACEMENT_3D('',#2701,#2702,#2703);
#2706=CURVE_STYLE('',#22,POSITIVE_LENGTH_MEASURE(2.E-2),#1);
#2707=PRESENTATION_STYLE_ASSIGNMENT((#2706));
#2708=STYLED_ITEM('',(#2707),#2705);
#2709=DIRECTION('',(0.E0,0.E0,1.E0));
#2710=VECTOR('',#2709,3.444881889764E-2);
#2711=CARTESIAN_POINT('',(-5.344488188976E-1,-5.767716535433E-1,
2.805118110236E-1));
#2712=LINE('',#2711,#2710);
#2713=CURVE_STYLE('',#22,POSITIVE_LENGTH_MEASURE(2.E-2),#1);
#2714=PRESENTATION_STYLE_ASSIGNMENT((#2713));
#2715=STYLED_ITEM('',(#2714),#2712);
#2716=CARTESIAN_POINT('',(-6.919291338583E-1,-5.767716535433E-1,
2.805118110236E-1));
#2717=DIRECTION('',(0.E0,1.E0,0.E0));
#2718=DIRECTION('',(9.212846639876E-1,0.E0,3.888888888889E-1));
#2719=AXIS2_PLACEMENT_3D('',#2716,#2717,#2718);
#2721=CURVE_STYLE('',#22,POSITIVE_LENGTH_MEASURE(2.E-2),#1);
#2722=PRESENTATION_STYLE_ASSIGNMENT((#2721));
#2723=STYLED_ITEM('',(#2722),#2720);
#2724=CARTESIAN_POINT('',(-6.919291338583E-1,-5.767716535433E-1,
2.805118110236E-1));
#2725=DIRECTION('',(0.E0,1.E0,0.E0));
#2726=DIRECTION('',(0.E0,0.E0,-1.E0));
#2727=AXIS2_PLACEMENT_3D('',#2724,#2725,#2726);
#2729=CURVE_STYLE('',#22,POSITIVE_LENGTH_MEASURE(2.E-2),#1);
#2730=PRESENTATION_STYLE_ASSIGNMENT((#2729));
#2731=STYLED_ITEM('',(#2730),#2728);
#2732=DIRECTION('',(0.E0,-8.191520442890E-1,-5.735764363510E-1));
#2733=VECTOR('',#2732,3.030777553785E-2);
#2734=CARTESIAN_POINT('',(5.344488188976E-1,-6.110000953639E-1,
3.149606299213E-1));
#2735=LINE('',#2734,#2733);
#2736=CURVE_STYLE('',#22,POSITIVE_LENGTH_MEASURE(2.E-2),#1);
#2737=PRESENTATION_STYLE_ASSIGNMENT((#2736));
#2738=STYLED_ITEM('',(#2737),#2735);
#2739=DIRECTION('',(0.E0,0.E0,1.E0));
#2740=VECTOR('',#2739,3.444881889764E-2);
#2741=CARTESIAN_POINT('',(5.344488188976E-1,-5.767716535433E-1,
2.805118110236E-1));
#2742=LINE('',#2741,#2740);
#2743=CURVE_STYLE('',#22,POSITIVE_LENGTH_MEASURE(2.E-2),#1);
#2744=PRESENTATION_STYLE_ASSIGNMENT((#2743));
#2745=STYLED_ITEM('',(#2744),#2742);
#2746=DIRECTION('',(0.E0,1.E0,0.E0));
#2747=VECTOR('',#2746,1.968503937008E-1);
#2748=CARTESIAN_POINT('',(-7.263779527559E-1,-5.767716535433E-1,
-1.989019490562E-1));
#2749=LINE('',#2748,#2747);
#2750=CURVE_STYLE('',#22,POSITIVE_LENGTH_MEASURE(2.E-2),#1);
#2751=PRESENTATION_STYLE_ASSIGNMENT((#2750));
#2752=STYLED_ITEM('',(#2751),#2749);
#2753=DIRECTION('',(0.E0,-1.E0,0.E0));
#2754=VECTOR('',#2753,1.968503937008E-1);
#2755=CARTESIAN_POINT('',(-6.103192718909E-1,-3.799212598425E-1,
-3.149606299213E-1));
#2756=LINE('',#2755,#2754);
#2757=CURVE_STYLE('',#22,POSITIVE_LENGTH_MEASURE(2.E-2),#1);
#2758=PRESENTATION_STYLE_ASSIGNMENT((#2757));
#2759=STYLED_ITEM('',(#2758),#2756);
#2760=DIRECTION('',(0.E0,1.E0,0.E0));
#2761=VECTOR('',#2760,1.968503937008E-1);
#2762=CARTESIAN_POINT('',(6.103192718909E-1,-5.767716535433E-1,
-3.149606299213E-1));
#2763=LINE('',#2762,#2761);
#2764=CURVE_STYLE('',#22,POSITIVE_LENGTH_MEASURE(2.E-2),#1);
#2765=PRESENTATION_STYLE_ASSIGNMENT((#2764));
#2766=STYLED_ITEM('',(#2765),#2763);
#2767=DIRECTION('',(0.E0,-1.E0,0.E0));
#2768=VECTOR('',#2767,1.968503937008E-1);
#2769=CARTESIAN_POINT('',(7.263779527559E-1,-3.799212598425E-1,
-1.989019490562E-1));
#2770=LINE('',#2769,#2768);
#2771=CURVE_STYLE('',#22,POSITIVE_LENGTH_MEASURE(2.E-2),#1);
#2772=PRESENTATION_STYLE_ASSIGNMENT((#2771));
#2773=STYLED_ITEM('',(#2772),#2770);
#2774=DIRECTION('',(0.E0,1.E0,0.E0));
#2775=VECTOR('',#2774,5.905511811024E-2);
#2776=CARTESIAN_POINT('',(5.344488188976E-1,-6.358267716535E-1,
-2.805118110236E-1));
#2777=LINE('',#2776,#2775);
#2778=CURVE_STYLE('',#22,POSITIVE_LENGTH_MEASURE(2.E-2),#1);
#2779=PRESENTATION_STYLE_ASSIGNMENT((#2778));
#2780=STYLED_ITEM('',(#2779),#2777);
#2781=DIRECTION('',(0.E0,-1.E0,0.E0));
#2782=VECTOR('',#2781,5.905511811024E-2);
#2783=CARTESIAN_POINT('',(6.919291338583E-1,-5.767716535433E-1,
-1.230314960630E-1));
#2784=LINE('',#2783,#2782);
#2785=CURVE_STYLE('',#22,POSITIVE_LENGTH_MEASURE(2.E-2),#1);
#2786=PRESENTATION_STYLE_ASSIGNMENT((#2785));
#2787=STYLED_ITEM('',(#2786),#2784);
#2788=DIRECTION('',(0.E0,1.E0,0.E0));
#2789=VECTOR('',#2788,1.968503937008E-1);
#2790=CARTESIAN_POINT('',(7.263779527559E-1,-5.767716535433E-1,
1.989019490562E-1));
#2791=LINE('',#2790,#2789);
#2792=CURVE_STYLE('',#22,POSITIVE_LENGTH_MEASURE(2.E-2),#1);
#2793=PRESENTATION_STYLE_ASSIGNMENT((#2792));
#2794=STYLED_ITEM('',(#2793),#2791);
#2795=DIRECTION('',(0.E0,-1.E0,0.E0));
#2796=VECTOR('',#2795,1.968503937008E-1);
#2797=CARTESIAN_POINT('',(6.103192718909E-1,-3.799212598425E-1,
3.149606299213E-1));
#2798=LINE('',#2797,#2796);
#2799=CURVE_STYLE('',#22,POSITIVE_LENGTH_MEASURE(2.E-2),#1);
#2800=PRESENTATION_STYLE_ASSIGNMENT((#2799));
#2801=STYLED_ITEM('',(#2800),#2798);
#2802=CARTESIAN_POINT('',(-7.263779527559E-1,-4.960629921260E-1,
1.141732283465E-1));
#2803=CARTESIAN_POINT('',(-7.263779527559E-1,-5.275590551181E-1,
8.267716535433E-2));
#2804=VERTEX_POINT('',#2802);
#2805=VERTEX_POINT('',#2803);
#2806=CARTESIAN_POINT('',(-8.051181102362E-1,-5.275590551181E-1,
8.267716535433E-2));
#2807=CARTESIAN_POINT('',(-8.051181102362E-1,-4.960629921260E-1,
1.141732283465E-1));
#2808=VERTEX_POINT('',#2806);
#2809=VERTEX_POINT('',#2807);
#2810=CARTESIAN_POINT('',(-7.263779527559E-1,-4.960629921260E-1,
-1.141732283465E-1));
#2811=CARTESIAN_POINT('',(-7.263779527559E-1,-3.799212598425E-1,
-1.141732283465E-1));
#2812=VERTEX_POINT('',#2810);
#2813=VERTEX_POINT('',#2811);
#2814=CARTESIAN_POINT('',(-7.263779527559E-1,-3.799212598425E-1,
-1.989019490562E-1));
#2815=VERTEX_POINT('',#2814);
#2816=CARTESIAN_POINT('',(-7.263779527559E-1,-5.275590551181E-1,
-8.267716535433E-2));
#2817=VERTEX_POINT('',#2816);
#2818=CARTESIAN_POINT('',(-7.263779527559E-1,-3.799212598425E-1,
1.141732283465E-1));
#2819=VERTEX_POINT('',#2818);
#2820=CARTESIAN_POINT('',(-8.051181102362E-1,-4.192913385827E-1,
-1.141732283465E-1));
#2821=CARTESIAN_POINT('',(-8.051181102362E-1,-4.960629921260E-1,
-1.141732283465E-1));
#2822=VERTEX_POINT('',#2820);
#2823=VERTEX_POINT('',#2821);
#2824=CARTESIAN_POINT('',(-7.706692913386E-1,-3.799212598425E-1,
-1.141732283465E-1));
#2825=VERTEX_POINT('',#2824);
#2826=CARTESIAN_POINT('',(-7.706692913386E-1,-4.192913385827E-1,
-1.141732283465E-1));
#2827=VERTEX_POINT('',#2826);
#2828=CARTESIAN_POINT('',(-7.706692913386E-1,-3.799212598425E-1,
1.141732283465E-1));
#2829=VERTEX_POINT('',#2828);
#2830=CARTESIAN_POINT('',(-6.919291338583E-1,-3.799212598425E-1,
-1.919291338583E-1));
#2831=VERTEX_POINT('',#2830);
#2832=CARTESIAN_POINT('',(-6.103192718909E-1,-3.799212598425E-1,
-3.149606299213E-1));
#2833=VERTEX_POINT('',#2832);
#2834=CARTESIAN_POINT('',(-6.103192718909E-1,-3.799212598425E-1,
3.149606299213E-1));
#2835=CARTESIAN_POINT('',(6.103192718909E-1,-3.799212598425E-1,
3.149606299213E-1));
#2836=VERTEX_POINT('',#2834);
#2837=VERTEX_POINT('',#2835);
#2838=CARTESIAN_POINT('',(-7.263779527559E-1,-3.799212598425E-1,
1.989019490562E-1));
#2839=VERTEX_POINT('',#2838);
#2840=CARTESIAN_POINT('',(7.263779527559E-1,-3.799212598425E-1,
1.989019490562E-1));
#2841=CARTESIAN_POINT('',(7.263779527559E-1,-3.799212598425E-1,
-1.989019490562E-1));
#2842=VERTEX_POINT('',#2840);
#2843=VERTEX_POINT('',#2841);
#2844=CARTESIAN_POINT('',(6.103192718909E-1,-3.799212598425E-1,
-3.149606299213E-1));
#2845=VERTEX_POINT('',#2844);
#2846=CARTESIAN_POINT('',(7.263779527559E-1,-6.110000953639E-1,
-1.230314960630E-1));
#2847=CARTESIAN_POINT('',(7.263779527559E-1,-5.767716535433E-1,
-1.230314960630E-1));
#2848=VERTEX_POINT('',#2846);
#2849=VERTEX_POINT('',#2847);
#2850=CARTESIAN_POINT('',(7.263779527559E-1,-5.767716535433E-1,
1.230314960630E-1));
#2851=CARTESIAN_POINT('',(7.263779527559E-1,-6.110000953639E-1,
1.230314960630E-1));
#2852=VERTEX_POINT('',#2850);
#2853=VERTEX_POINT('',#2851);
#2854=CARTESIAN_POINT('',(-7.089941268692E-1,-6.358267716535E-1,
-1.230314960630E-1));
#2855=CARTESIAN_POINT('',(-7.263779527559E-1,-6.110000953639E-1,
-1.230314960630E-1));
#2856=VERTEX_POINT('',#2854);
#2857=VERTEX_POINT('',#2855);
#2858=CARTESIAN_POINT('',(-5.344488188976E-1,-6.110000953639E-1,
-3.149606299213E-1));
#2859=CARTESIAN_POINT('',(-5.344488188976E-1,-5.767716535433E-1,
-3.149606299213E-1));
#2860=VERTEX_POINT('',#2858);
#2861=VERTEX_POINT('',#2859);
#2862=CARTESIAN_POINT('',(5.344488188976E-1,-5.767716535433E-1,
-3.149606299213E-1));
#2863=CARTESIAN_POINT('',(5.344488188976E-1,-6.110000953639E-1,
-3.149606299213E-1));
#2864=VERTEX_POINT('',#2862);
#2865=VERTEX_POINT('',#2863);
#2866=CARTESIAN_POINT('',(-7.263779527559E-1,-6.110000953639E-1,
1.230314960630E-1));
#2867=CARTESIAN_POINT('',(-7.263779527559E-1,-5.767716535433E-1,
1.230314960630E-1));
#2868=VERTEX_POINT('',#2866);
#2869=VERTEX_POINT('',#2867);
#2870=CARTESIAN_POINT('',(-7.263779527559E-1,-5.767716535433E-1,
-1.230314960630E-1));
#2871=VERTEX_POINT('',#2870);
#2872=CARTESIAN_POINT('',(5.344488188976E-1,-6.110000953639E-1,
3.149606299213E-1));
#2873=CARTESIAN_POINT('',(5.344488188976E-1,-5.767716535433E-1,
3.149606299213E-1));
#2874=VERTEX_POINT('',#2872);
#2875=VERTEX_POINT('',#2873);
#2876=CARTESIAN_POINT('',(-5.344488188976E-1,-5.767716535433E-1,
3.149606299213E-1));
#2877=CARTESIAN_POINT('',(-5.344488188976E-1,-6.110000953639E-1,
3.149606299213E-1));
#2878=VERTEX_POINT('',#2876);
#2879=VERTEX_POINT('',#2877);
#2880=CARTESIAN_POINT('',(-6.103192718909E-1,-5.767716535433E-1,
3.149606299213E-1));
#2881=VERTEX_POINT('',#2880);
#2882=CARTESIAN_POINT('',(6.103192718909E-1,-5.767716535433E-1,
3.149606299213E-1));
#2883=VERTEX_POINT('',#2882);
#2884=CARTESIAN_POINT('',(-7.263779527559E-1,-5.767716535433E-1,
-1.989019490562E-1));
#2885=VERTEX_POINT('',#2884);
#2886=CARTESIAN_POINT('',(7.263779527559E-1,-5.767716535433E-1,
1.989019490562E-1));
#2887=VERTEX_POINT('',#2886);
#2888=CARTESIAN_POINT('',(6.103192718909E-1,-5.767716535433E-1,
-3.149606299213E-1));
#2889=VERTEX_POINT('',#2888);
#2890=CARTESIAN_POINT('',(-6.103192718909E-1,-5.767716535433E-1,
-3.149606299213E-1));
#2891=VERTEX_POINT('',#2890);
#2892=CARTESIAN_POINT('',(-7.263779527559E-1,-5.767716535433E-1,
1.989019490562E-1));
#2893=VERTEX_POINT('',#2892);
#2894=CARTESIAN_POINT('',(7.263779527559E-1,-5.767716535433E-1,
-1.989019490562E-1));
#2895=VERTEX_POINT('',#2894);
#2896=VERTEX_POINT('',#1176);
#2897=VERTEX_POINT('',#1181);
#2898=VERTEX_POINT('',#1166);
#2899=VERTEX_POINT('',#1304);
#2900=VERTEX_POINT('',#1309);
#2901=VERTEX_POINT('',#1294);
#2902=CARTESIAN_POINT('',(-6.131889763780E-1,-6.555118110236E-1,
2.805118110236E-1));
#2903=CARTESIAN_POINT('',(-6.131889763780E-1,-6.555118110236E-1,
3.703047761080E-1));
#2904=VERTEX_POINT('',#2902);
#2905=VERTEX_POINT('',#2903);
#2906=CARTESIAN_POINT('',(-6.919291338583E-1,-6.555118110236E-1,
2.017716535433E-1));
#2907=VERTEX_POINT('',#2906);
#2908=CARTESIAN_POINT('',(-7.817220989426E-1,-6.555118110236E-1,
2.017716535433E-1));
#2909=VERTEX_POINT('',#2908);
#2910=CARTESIAN_POINT('',(-6.131889763780E-1,-7.066929133858E-1,
2.805118110236E-1));
#2911=VERTEX_POINT('',#2910);
#2912=CARTESIAN_POINT('',(-6.919291338583E-1,-7.066929133858E-1,
2.017716535433E-1));
#2913=VERTEX_POINT('',#2912);
#2914=CARTESIAN_POINT('',(6.919291338583E-1,-6.555118110236E-1,
2.017716535433E-1));
#2915=CARTESIAN_POINT('',(7.817220989426E-1,-6.555118110236E-1,
2.017716535433E-1));
#2916=VERTEX_POINT('',#2914);
#2917=VERTEX_POINT('',#2915);
#2918=CARTESIAN_POINT('',(-6.919291338583E-1,-6.555118110236E-1,
-2.017716535433E-1));
#2919=CARTESIAN_POINT('',(-7.817220989426E-1,-6.555118110236E-1,
-2.017716535433E-1));
#2920=VERTEX_POINT('',#2918);
#2921=VERTEX_POINT('',#2919);
#2922=CARTESIAN_POINT('',(-6.131889763780E-1,-6.555118110236E-1,
-2.805118110236E-1));
#2923=VERTEX_POINT('',#2922);
#2924=CARTESIAN_POINT('',(6.131889763780E-1,-7.066929133858E-1,
2.805118110236E-1));
#2925=CARTESIAN_POINT('',(6.131889763780E-1,-6.555118110236E-1,
2.805118110236E-1));
#2926=VERTEX_POINT('',#2924);
#2927=VERTEX_POINT('',#2925);
#2928=CARTESIAN_POINT('',(-6.131889763780E-1,-6.555118110236E-1,
-3.703047761080E-1));
#2929=VERTEX_POINT('',#2928);
#2930=CARTESIAN_POINT('',(-6.919291338583E-1,-7.066929133858E-1,
-2.017716535433E-1));
#2931=VERTEX_POINT('',#2930);
#2932=CARTESIAN_POINT('',(-6.131889763780E-1,-7.066929133858E-1,
-2.805118110236E-1));
#2933=VERTEX_POINT('',#2932);
#2934=CARTESIAN_POINT('',(6.131889763780E-1,-6.555118110236E-1,
-2.805118110236E-1));
#2935=CARTESIAN_POINT('',(6.131889763780E-1,-6.555118110236E-1,
-3.703047761080E-1));
#2936=VERTEX_POINT('',#2934);
#2937=VERTEX_POINT('',#2935);
#2938=CARTESIAN_POINT('',(6.131889763780E-1,-6.555118110236E-1,
3.703047761080E-1));
#2939=VERTEX_POINT('',#2938);
#2940=CARTESIAN_POINT('',(6.919291338583E-1,-7.066929133858E-1,
2.017716535433E-1));
#2941=VERTEX_POINT('',#2940);
#2942=CARTESIAN_POINT('',(6.919291338583E-1,-6.555118110236E-1,
-2.017716535433E-1));
#2943=VERTEX_POINT('',#2942);
#2944=CARTESIAN_POINT('',(7.817220989426E-1,-6.555118110236E-1,
-2.017716535433E-1));
#2945=VERTEX_POINT('',#2944);
#2946=CARTESIAN_POINT('',(6.131889763780E-1,-7.066929133858E-1,
-2.805118110236E-1));
#2947=VERTEX_POINT('',#2946);
#2948=CARTESIAN_POINT('',(6.919291338583E-1,-7.066929133858E-1,
-2.017716535433E-1));
#2949=VERTEX_POINT('',#2948);
#2950=CARTESIAN_POINT('',(7.499836584087E-1,-7.145669291339E-1,
1.938976377953E-1));
#2951=CARTESIAN_POINT('',(7.499836584087E-1,-7.145669291339E-1,
-1.938976377953E-1));
#2952=VERTEX_POINT('',#2950);
#2953=VERTEX_POINT('',#2951);
#2954=CARTESIAN_POINT('',(8.051181102362E-1,-6.358267716535E-1,
-3.661417322835E-1));
#2955=CARTESIAN_POINT('',(8.051181102362E-1,-6.358267716535E-1,
3.661417322835E-1));
#2956=VERTEX_POINT('',#2954);
#2957=VERTEX_POINT('',#2955);
#2958=CARTESIAN_POINT('',(7.775590551181E-1,-6.358267716535E-1,
3.937007874016E-1));
#2959=CARTESIAN_POINT('',(-7.775590551181E-1,-6.358267716535E-1,
3.937007874016E-1));
#2960=VERTEX_POINT('',#2958);
#2961=VERTEX_POINT('',#2959);
#2962=CARTESIAN_POINT('',(-8.051181102362E-1,-6.358267716535E-1,
3.661417322835E-1));
#2963=CARTESIAN_POINT('',(-8.051181102362E-1,-6.358267716535E-1,
-3.661417322835E-1));
#2964=VERTEX_POINT('',#2962);
#2965=VERTEX_POINT('',#2963);
#2966=CARTESIAN_POINT('',(-7.775590551181E-1,-6.358267716535E-1,
-3.937007874016E-1));
#2967=CARTESIAN_POINT('',(7.775590551181E-1,-6.358267716535E-1,
-3.937007874016E-1));
#2968=VERTEX_POINT('',#2966);
#2969=VERTEX_POINT('',#2967);
#2970=VERTEX_POINT('',#1250);
#2971=CARTESIAN_POINT('',(7.711105039391E-1,-6.521541451794E-1,
3.822682373698E-1));
#2972=VERTEX_POINT('',#2971);
#2973=CARTESIAN_POINT('',(-7.711105024751E-1,-6.521541454195E-1,
3.822682411319E-1));
#2974=VERTEX_POINT('',#2973);
#2975=CARTESIAN_POINT('',(-7.936855602045E-1,-6.521541451794E-1,
3.596931811045E-1));
#2976=VERTEX_POINT('',#2975);
#2977=VERTEX_POINT('',#935);
#2978=CARTESIAN_POINT('',(-7.936855252186E-1,-6.521541498957E-1,
-3.596932777304E-1));
#2979=VERTEX_POINT('',#2978);
#2980=CARTESIAN_POINT('',(7.711106005651E-1,-6.521541498958E-1,
-3.822682023840E-1));
#2981=VERTEX_POINT('',#2980);
#2982=VERTEX_POINT('',#960);
#2983=CARTESIAN_POINT('',(-7.711104956267E-1,-6.521541436718E-1,
-3.822682394175E-1));
#2984=VERTEX_POINT('',#2983);
#2985=CARTESIAN_POINT('',(7.936855622522E-1,-6.521541436718E-1,
-3.596931727921E-1));
#2986=VERTEX_POINT('',#2985);
#2987=VERTEX_POINT('',#1225);
#2988=CARTESIAN_POINT('',(7.936855639665E-1,-6.521541454195E-1,
3.596931796405E-1));
#2989=VERTEX_POINT('',#2988);
#2990=CARTESIAN_POINT('',(-8.051181102362E-1,-4.192913385827E-1,
3.661417322835E-1));
#2991=VERTEX_POINT('',#2990);
#2992=CARTESIAN_POINT('',(-8.051181102362E-1,-4.192913385827E-1,
-3.661417322835E-1));
#2993=VERTEX_POINT('',#2992);
#2994=CARTESIAN_POINT('',(7.775590551181E-1,-4.192913385827E-1,
-3.937007874016E-1));
#2995=VERTEX_POINT('',#2994);
#2996=CARTESIAN_POINT('',(-7.775590551181E-1,-4.192913385827E-1,
-3.937007874016E-1));
#2997=VERTEX_POINT('',#2996);
#2998=CARTESIAN_POINT('',(7.775590551181E-1,-4.192913385827E-1,
3.937007874016E-1));
#2999=VERTEX_POINT('',#2998);
#3000=CARTESIAN_POINT('',(-7.775590551181E-1,-4.192913385827E-1,
3.937007874016E-1));
#3001=VERTEX_POINT('',#3000);
#3002=CARTESIAN_POINT('',(8.051181102362E-1,-4.192913385827E-1,
-3.661417322835E-1));
#3003=VERTEX_POINT('',#3002);
#3004=CARTESIAN_POINT('',(8.051181102362E-1,-4.192913385827E-1,
3.661417322835E-1));
#3005=VERTEX_POINT('',#3004);
#3006=CARTESIAN_POINT('',(6.117649767267E-1,-6.555118110236E-1,
-3.758182212907E-1));
#3007=CARTESIAN_POINT('',(7.711105038801E-1,-6.555118110236E-1,
-3.758181825105E-1));
#3008=VERTEX_POINT('',#3006);
#3009=VERTEX_POINT('',#3007);
#3010=VERTEX_POINT('',#950);
#3011=VERTEX_POINT('',#1240);
#3012=VERTEX_POINT('',#2003);
#3013=VERTEX_POINT('',#1993);
#3014=CARTESIAN_POINT('',(7.872355441254E-1,-6.555118110236E-1,
-2.003476538920E-1));
#3015=VERTEX_POINT('',#3014);
#3016=CARTESIAN_POINT('',(7.936855602221E-1,-6.521541451681E-1,
1.938976377953E-1));
#3017=VERTEX_POINT('',#3016);
#3018=CARTESIAN_POINT('',(7.936855602221E-1,-6.521541451681E-1,
-1.938976377953E-1));
#3019=VERTEX_POINT('',#3018);
#3020=VERTEX_POINT('',#1926);
#3021=CARTESIAN_POINT('',(6.131889763780E-1,-7.066929133858E-1,
-3.344673824201E-1));
#3022=VERTEX_POINT('',#3021);
#3023=CARTESIAN_POINT('',(-6.053149606299E-1,-7.145669291339E-1,
-2.805118110236E-1));
#3024=CARTESIAN_POINT('',(-6.053149606299E-1,-7.145669291339E-1,
-3.344673824201E-1));
#3025=VERTEX_POINT('',#3023);
#3026=VERTEX_POINT('',#3024);
#3027=CARTESIAN_POINT('',(6.053149606299E-1,-7.145669291339E-1,
-3.344673824201E-1));
#3028=VERTEX_POINT('',#3027);
#3029=CARTESIAN_POINT('',(-6.919291338583E-1,-7.145669291339E-1,
-1.938976377953E-1));
#3030=VERTEX_POINT('',#3029);
#3031=CARTESIAN_POINT('',(-7.458847052547E-1,-7.145669291339E-1,
-1.938976377953E-1));
#3032=VERTEX_POINT('',#3031);
#3033=CARTESIAN_POINT('',(6.053149606299E-1,-7.145669291339E-1,
-2.805118110236E-1));
#3034=VERTEX_POINT('',#3033);
#3035=CARTESIAN_POINT('',(-7.458847052547E-1,-7.145669291339E-1,
1.938976377953E-1));
#3036=VERTEX_POINT('',#3035);
#3037=CARTESIAN_POINT('',(-6.919291338583E-1,-7.145669291339E-1,
1.938976377953E-1));
#3038=VERTEX_POINT('',#3037);
#3039=CARTESIAN_POINT('',(6.919291338583E-1,-7.145669291339E-1,
-1.938976377953E-1));
#3040=VERTEX_POINT('',#3039);
#3041=CARTESIAN_POINT('',(-6.053149606299E-1,-7.145669291339E-1,
2.805118110236E-1));
#3042=VERTEX_POINT('',#3041);
#3043=CARTESIAN_POINT('',(-6.053149606299E-1,-7.145669291339E-1,
3.344673824201E-1));
#3044=VERTEX_POINT('',#3043);
#3045=CARTESIAN_POINT('',(6.053149606299E-1,-7.145669291339E-1,
3.344673824201E-1));
#3046=VERTEX_POINT('',#3045);
#3047=CARTESIAN_POINT('',(6.053149606299E-1,-7.145669291339E-1,
2.805118110236E-1));
#3048=VERTEX_POINT('',#3047);
#3049=CARTESIAN_POINT('',(6.919291338583E-1,-7.145669291339E-1,
1.938976377953E-1));
#3050=VERTEX_POINT('',#3049);
#3051=CARTESIAN_POINT('',(-6.053149606299E-1,-6.521541451681E-1,
3.822682373875E-1));
#3052=CARTESIAN_POINT('',(-6.053149606299E-1,-7.112092632784E-1,
3.409173985169E-1));
#3053=VERTEX_POINT('',#3051);
#3054=VERTEX_POINT('',#3052);
#3055=CARTESIAN_POINT('',(6.053149606299E-1,-7.112092632784E-1,
3.409173985169E-1));
#3056=VERTEX_POINT('',#3055);
#3057=CARTESIAN_POINT('',(6.053149606299E-1,-6.521541451681E-1,
3.822682373875E-1));
#3058=VERTEX_POINT('',#3057);
#3059=CARTESIAN_POINT('',(7.872355441254E-1,-6.555118110236E-1,
2.003476538920E-1));
#3060=CARTESIAN_POINT('',(7.872355458845E-1,-6.555118110236E-1,
3.596931810488E-1));
#3061=VERTEX_POINT('',#3059);
#3062=VERTEX_POINT('',#3060);
#3063=VERTEX_POINT('',#1512);
#3064=VERTEX_POINT('',#1502);
#3065=CARTESIAN_POINT('',(6.117649767267E-1,-6.555118110236E-1,
3.758182212907E-1));
#3066=VERTEX_POINT('',#3065);
#3067=VERTEX_POINT('',#1663);
#3068=CARTESIAN_POINT('',(7.458847052547E-1,-7.066929133858E-1,
2.017716535433E-1));
#3069=VERTEX_POINT('',#3068);
#3070=CARTESIAN_POINT('',(-7.872355440625E-1,-6.555118110236E-1,
3.596931810488E-1));
#3071=CARTESIAN_POINT('',(-7.872355441254E-1,-6.555118110236E-1,
2.003476538920E-1));
#3072=VERTEX_POINT('',#3070);
#3073=VERTEX_POINT('',#3071);
#3074=VERTEX_POINT('',#468);
#3075=VERTEX_POINT('',#473);
#3076=CARTESIAN_POINT('',(-6.117649767267E-1,-6.555118110236E-1,
3.758182212907E-1));
#3077=VERTEX_POINT('',#3076);
#3078=VERTEX_POINT('',#535);
#3079=CARTESIAN_POINT('',(-6.131889763780E-1,-7.066929133858E-1,
3.344673824201E-1));
#3080=VERTEX_POINT('',#3079);
#3081=CARTESIAN_POINT('',(-7.458847052547E-1,-7.066929133858E-1,
2.017716535433E-1));
#3082=VERTEX_POINT('',#3081);
#3083=CARTESIAN_POINT('',(-7.936855602221E-1,-6.521541451681E-1,
-1.938976377953E-1));
#3084=CARTESIAN_POINT('',(-7.523347213515E-1,-7.112092632784E-1,
-1.938976377953E-1));
#3085=VERTEX_POINT('',#3083);
#3086=VERTEX_POINT('',#3084);
#3087=CARTESIAN_POINT('',(-7.523347213515E-1,-7.112092632784E-1,
1.938976377953E-1));
#3088=VERTEX_POINT('',#3087);
#3089=CARTESIAN_POINT('',(-7.936855602221E-1,-6.521541451681E-1,
1.938976377953E-1));
#3090=VERTEX_POINT('',#3089);
#3091=CARTESIAN_POINT('',(-7.711105038834E-1,-6.555118110236E-1,
-3.758182288327E-1));
#3092=CARTESIAN_POINT('',(-6.117649767267E-1,-6.555118110236E-1,
-3.758182212907E-1));
#3093=VERTEX_POINT('',#3091);
#3094=VERTEX_POINT('',#3092);
#3095=VERTEX_POINT('',#777);
#3096=VERTEX_POINT('',#782);
#3097=CARTESIAN_POINT('',(-7.872355441254E-1,-6.555118110236E-1,
-2.003476538920E-1));
#3098=VERTEX_POINT('',#3097);
#3099=VERTEX_POINT('',#844);
#3100=CARTESIAN_POINT('',(-7.458847052547E-1,-7.066929133858E-1,
-2.017716535433E-1));
#3101=VERTEX_POINT('',#3100);
#3102=CARTESIAN_POINT('',(-6.053149606299E-1,-7.112092632784E-1,
-3.409173985169E-1));
#3103=CARTESIAN_POINT('',(-6.053149606299E-1,-6.521541451681E-1,
-3.822682373875E-1));
#3104=VERTEX_POINT('',#3102);
#3105=VERTEX_POINT('',#3103);
#3106=CARTESIAN_POINT('',(6.053149606299E-1,-7.112092632784E-1,
-3.409173985169E-1));
#3107=VERTEX_POINT('',#3106);
#3108=CARTESIAN_POINT('',(6.053149606299E-1,-6.521541451681E-1,
-3.822682373875E-1));
#3109=VERTEX_POINT('',#3108);
#3110=CARTESIAN_POINT('',(7.458847052547E-1,-7.066929133858E-1,
-2.017716535433E-1));
#3111=VERTEX_POINT('',#3110);
#3112=CARTESIAN_POINT('',(6.131889763780E-1,-7.066929133858E-1,
3.344673824201E-1));
#3113=VERTEX_POINT('',#3112);
#3114=CARTESIAN_POINT('',(-6.131889763780E-1,-7.066929133858E-1,
-3.344673824201E-1));
#3115=VERTEX_POINT('',#3114);
#3116=CARTESIAN_POINT('',(-8.051181102362E-1,-4.192913385827E-1,
1.141732283465E-1));
#3117=CARTESIAN_POINT('',(-7.706692913386E-1,-4.192913385827E-1,
1.141732283465E-1));
#3118=VERTEX_POINT('',#3116);
#3119=VERTEX_POINT('',#3117);
#3120=CARTESIAN_POINT('',(-7.706692913386E-1,-4.192913385827E-1,
-3.356299212598E-1));
#3121=VERTEX_POINT('',#3120);
#3122=CARTESIAN_POINT('',(-7.706692913386E-1,-3.799212598425E-1,
-3.356299212598E-1));
#3123=VERTEX_POINT('',#3122);
#3124=CARTESIAN_POINT('',(-7.470472440945E-1,-4.192913385827E-1,
-3.592519685039E-1));
#3125=VERTEX_POINT('',#3124);
#3126=CARTESIAN_POINT('',(-7.706692913386E-1,-4.192913385827E-1,
3.356299212598E-1));
#3127=VERTEX_POINT('',#3126);
#3128=CARTESIAN_POINT('',(-7.470472440945E-1,-4.192913385827E-1,
3.592519685039E-1));
#3129=VERTEX_POINT('',#3128);
#3130=CARTESIAN_POINT('',(7.470472440945E-1,-4.192913385827E-1,
3.592519685039E-1));
#3131=VERTEX_POINT('',#3130);
#3132=CARTESIAN_POINT('',(7.470472440945E-1,-4.192913385827E-1,
-3.592519685039E-1));
#3133=VERTEX_POINT('',#3132);
#3134=CARTESIAN_POINT('',(7.706692913386E-1,-4.192913385827E-1,
-3.356299212598E-1));
#3135=CARTESIAN_POINT('',(7.706692913386E-1,-3.799212598425E-1,
-3.356299212598E-1));
#3136=VERTEX_POINT('',#3134);
#3137=VERTEX_POINT('',#3135);
#3138=CARTESIAN_POINT('',(7.470472440945E-1,-3.799212598425E-1,
-3.592519685039E-1));
#3139=VERTEX_POINT('',#3138);
#3140=CARTESIAN_POINT('',(7.706692913386E-1,-3.799212598425E-1,
3.356299212598E-1));
#3141=VERTEX_POINT('',#3140);
#3142=CARTESIAN_POINT('',(7.470472440945E-1,-3.799212598425E-1,
3.592519685039E-1));
#3143=VERTEX_POINT('',#3142);
#3144=CARTESIAN_POINT('',(-7.470472440945E-1,-3.799212598425E-1,
3.592519685039E-1));
#3145=VERTEX_POINT('',#3144);
#3146=CARTESIAN_POINT('',(-7.706692913386E-1,-3.799212598425E-1,
3.356299212598E-1));
#3147=VERTEX_POINT('',#3146);
#3148=CARTESIAN_POINT('',(-7.470472440945E-1,-3.799212598425E-1,
-3.592519685039E-1));
#3149=VERTEX_POINT('',#3148);
#3150=CARTESIAN_POINT('',(7.706692913386E-1,-4.192913385827E-1,
3.356299212598E-1));
#3151=VERTEX_POINT('',#3150);
#3152=CARTESIAN_POINT('',(-6.919291338583E-1,-3.799212598425E-1,
1.919291338583E-1));
#3153=VERTEX_POINT('',#3152);
#3154=CARTESIAN_POINT('',(6.919291338583E-1,-3.799212598425E-1,
-1.919291338583E-1));
#3155=VERTEX_POINT('',#3154);
#3156=CARTESIAN_POINT('',(6.919291338583E-1,-5.767716535433E-1,
-1.919291338583E-1));
#3157=VERTEX_POINT('',#3156);
#3158=CARTESIAN_POINT('',(6.919291338583E-1,-3.799212598425E-1,
1.919291338583E-1));
#3159=VERTEX_POINT('',#3158);
#3160=CARTESIAN_POINT('',(-6.919291338583E-1,-5.767716535433E-1,
-1.919291338583E-1));
#3161=VERTEX_POINT('',#3160);
#3162=CARTESIAN_POINT('',(-6.919291338583E-1,-5.767716535433E-1,
1.919291338583E-1));
#3163=VERTEX_POINT('',#3162);
#3164=CARTESIAN_POINT('',(6.919291338583E-1,-5.767716535433E-1,
1.919291338583E-1));
#3165=VERTEX_POINT('',#3164);
#3166=CARTESIAN_POINT('',(-5.344488188976E-1,-6.358267716535E-1,
2.975768040345E-1));
#3167=CARTESIAN_POINT('',(-5.344488188976E-1,-6.358267716535E-1,
2.805118110236E-1));
#3168=VERTEX_POINT('',#3166);
#3169=VERTEX_POINT('',#3167);
#3170=CARTESIAN_POINT('',(7.089941268692E-1,-6.358267716535E-1,
-1.230314960630E-1));
#3171=VERTEX_POINT('',#3170);
#3172=CARTESIAN_POINT('',(7.089941268692E-1,-6.358267716535E-1,
1.230314960630E-1));
#3173=VERTEX_POINT('',#3172);
#3174=CARTESIAN_POINT('',(5.344488188976E-1,-6.358267716535E-1,
2.975768040345E-1));
#3175=VERTEX_POINT('',#3174);
#3176=CARTESIAN_POINT('',(-7.089941268692E-1,-6.358267716535E-1,
1.230314960630E-1));
#3177=VERTEX_POINT('',#3176);
#3178=CARTESIAN_POINT('',(-5.344488188976E-1,-6.358267716535E-1,
-2.975768040345E-1));
#3179=VERTEX_POINT('',#3178);
#3180=CARTESIAN_POINT('',(-5.344488188976E-1,-6.358267716535E-1,
-2.805118110236E-1));
#3181=VERTEX_POINT('',#3180);
#3182=CARTESIAN_POINT('',(-6.919291338583E-1,-5.767716535433E-1,
-1.230314960630E-1));
#3183=VERTEX_POINT('',#3182);
#3184=CARTESIAN_POINT('',(-6.919291338583E-1,-6.358267716535E-1,
-1.230314960630E-1));
#3185=VERTEX_POINT('',#3184);
#3186=CARTESIAN_POINT('',(5.344488188976E-1,-5.767716535433E-1,
2.805118110236E-1));
#3187=CARTESIAN_POINT('',(5.344488188976E-1,-6.358267716535E-1,
2.805118110236E-1));
#3188=VERTEX_POINT('',#3186);
#3189=VERTEX_POINT('',#3187);
#3190=CARTESIAN_POINT('',(5.344488188976E-1,-6.358267716535E-1,
-2.975768040345E-1));
#3191=VERTEX_POINT('',#3190);
#3192=CARTESIAN_POINT('',(-6.919291338583E-1,-6.358267716535E-1,
1.230314960630E-1));
#3193=VERTEX_POINT('',#3192);
#3194=CARTESIAN_POINT('',(-5.344488188976E-1,-5.767716535433E-1,
2.805118110236E-1));
#3195=VERTEX_POINT('',#3194);
#3196=CARTESIAN_POINT('',(6.919291338583E-1,-5.767716535433E-1,
1.230314960630E-1));
#3197=VERTEX_POINT('',#3196);
#3198=CARTESIAN_POINT('',(6.919291338583E-1,-6.358267716535E-1,
1.230314960630E-1));
#3199=VERTEX_POINT('',#3198);
#3200=CARTESIAN_POINT('',(-6.919291338583E-1,-5.767716535433E-1,
1.230314960630E-1));
#3201=VERTEX_POINT('',#3200);
#3202=CARTESIAN_POINT('',(6.919291338583E-1,-6.358267716535E-1,
-1.230314960630E-1));
#3203=VERTEX_POINT('',#3202);
#3204=CARTESIAN_POINT('',(5.344488188976E-1,-5.767716535433E-1,
-2.805118110236E-1));
#3205=VERTEX_POINT('',#3204);
#3206=CARTESIAN_POINT('',(5.344488188976E-1,-6.358267716535E-1,
-2.805118110236E-1));
#3207=VERTEX_POINT('',#3206);
#3208=CARTESIAN_POINT('',(-5.344488188976E-1,-5.767716535433E-1,
-2.805118110236E-1));
#3209=VERTEX_POINT('',#3208);
#3210=CARTESIAN_POINT('',(6.919291338583E-1,-5.767716535433E-1,
-1.230314960630E-1));
#3211=VERTEX_POINT('',#3210);
#3212=CARTESIAN_POINT('',(-8.051181102362E-1,-5.275590551181E-1,
-8.267716535433E-2));
#3213=VERTEX_POINT('',#3212);
#3214=CARTESIAN_POINT('',(-6.919291338583E-1,-3.799212598425E-1,
-2.362204724409E-1));
#3215=CARTESIAN_POINT('',(-6.919291338583E-1,-6.555118110236E-1,
-2.362204724409E-1));
#3216=VERTEX_POINT('',#3214);
#3217=VERTEX_POINT('',#3215);
#3218=CARTESIAN_POINT('',(-6.919291338583E-1,-3.799212598425E-1,
-3.248031496063E-1));
#3219=CARTESIAN_POINT('',(-6.919291338583E-1,-6.555118110236E-1,
-3.248031496063E-1));
#3220=VERTEX_POINT('',#3218);
#3221=VERTEX_POINT('',#3219);
#3222=CARTESIAN_POINT('',(6.919291338583E-1,-3.799212598425E-1,
3.248031496063E-1));
#3223=CARTESIAN_POINT('',(6.919291338583E-1,-6.555118110236E-1,
3.248031496063E-1));
#3224=VERTEX_POINT('',#3222);
#3225=VERTEX_POINT('',#3223);
#3226=CARTESIAN_POINT('',(6.919291338583E-1,-3.799212598425E-1,
2.362204724409E-1));
#3227=CARTESIAN_POINT('',(6.919291338583E-1,-6.555118110236E-1,
2.362204724409E-1));
#3228=VERTEX_POINT('',#3226);
#3229=VERTEX_POINT('',#3227);
#3230=CARTESIAN_POINT('',(-6.919291338583E-1,-3.799212598425E-1,
3.248031496063E-1));
#3231=CARTESIAN_POINT('',(-6.919291338583E-1,-6.555118110236E-1,
3.248031496063E-1));
#3232=VERTEX_POINT('',#3230);
#3233=VERTEX_POINT('',#3231);
#3234=CARTESIAN_POINT('',(-6.919291338583E-1,-3.799212598425E-1,
2.362204724409E-1));
#3235=CARTESIAN_POINT('',(-6.919291338583E-1,-6.555118110236E-1,
2.362204724409E-1));
#3236=VERTEX_POINT('',#3234);
#3237=VERTEX_POINT('',#3235);
#3238=CARTESIAN_POINT('',(6.919291338583E-1,-3.799212598425E-1,
-2.362204724409E-1));
#3239=CARTESIAN_POINT('',(6.919291338583E-1,-6.555118110236E-1,
-2.362204724409E-1));
#3240=VERTEX_POINT('',#3238);
#3241=VERTEX_POINT('',#3239);
#3242=CARTESIAN_POINT('',(6.919291338583E-1,-3.799212598425E-1,
-3.248031496063E-1));
#3243=CARTESIAN_POINT('',(6.919291338583E-1,-6.555118110236E-1,
-3.248031496063E-1));
#3244=VERTEX_POINT('',#3242);
#3245=VERTEX_POINT('',#3243);
#3246=CARTESIAN_POINT('',(-7.706692913386E-1,-4.192913385827E-1,
3.356299212598E-1));
#3247=DIRECTION('',(1.E0,0.E0,0.E0));
#3248=DIRECTION('',(0.E0,0.E0,-1.E0));
#3249=AXIS2_PLACEMENT_3D('',#3246,#3247,#3248);
#3250=PLANE('',#3249);
#3252=ORIENTED_EDGE('',*,*,#3251,.T.);
#3254=ORIENTED_EDGE('',*,*,#3253,.T.);
#3256=ORIENTED_EDGE('',*,*,#3255,.F.);
#3258=ORIENTED_EDGE('',*,*,#3257,.T.);
#3259=EDGE_LOOP('',(#3252,#3254,#3256,#3258));
#3260=FACE_OUTER_BOUND('',#3259,.F.);
#3262=CARTESIAN_POINT('',(-7.706692913386E-1,-4.192913385827E-1,
3.356299212598E-1));
#3263=DIRECTION('',(1.E0,0.E0,0.E0));
#3264=DIRECTION('',(0.E0,0.E0,-1.E0));
#3265=AXIS2_PLACEMENT_3D('',#3262,#3263,#3264);
#3266=PLANE('',#3265);
#3268=ORIENTED_EDGE('',*,*,#3267,.T.);
#3270=ORIENTED_EDGE('',*,*,#3269,.F.);
#3272=ORIENTED_EDGE('',*,*,#3271,.F.);
#3274=ORIENTED_EDGE('',*,*,#3273,.F.);
#3275=EDGE_LOOP('',(#3268,#3270,#3272,#3274));
#3276=FACE_OUTER_BOUND('',#3275,.F.);
#3278=CARTESIAN_POINT('',(-8.051181102362E-1,-5.275590551181E-1,
1.141732283465E-1));
#3279=DIRECTION('',(0.E0,0.E0,-1.E0));
#3280=DIRECTION('',(-1.E0,0.E0,0.E0));
#3281=AXIS2_PLACEMENT_3D('',#3278,#3279,#3280);
#3282=PLANE('',#3281);
#3284=ORIENTED_EDGE('',*,*,#3283,.F.);
#3286=ORIENTED_EDGE('',*,*,#3285,.F.);
#3288=ORIENTED_EDGE('',*,*,#3287,.F.);
#3290=ORIENTED_EDGE('',*,*,#3289,.F.);
#3291=ORIENTED_EDGE('',*,*,#3251,.F.);
#3293=ORIENTED_EDGE('',*,*,#3292,.F.);
#3294=EDGE_LOOP('',(#3284,#3286,#3288,#3290,#3291,#3293));
#3295=FACE_OUTER_BOUND('',#3294,.F.);
#3297=CARTESIAN_POINT('',(-8.051181102362E-1,-7.145669291339E-1,
-3.937007874016E-1));
#3298=DIRECTION('',(-1.E0,0.E0,0.E0));
#3299=DIRECTION('',(0.E0,0.E0,1.E0));
#3300=AXIS2_PLACEMENT_3D('',#3297,#3298,#3299);
#3301=PLANE('',#3300);
#3303=ORIENTED_EDGE('',*,*,#3302,.T.);
#3305=ORIENTED_EDGE('',*,*,#3304,.T.);
#3306=ORIENTED_EDGE('',*,*,#3283,.T.);
#3308=ORIENTED_EDGE('',*,*,#3307,.T.);
#3310=ORIENTED_EDGE('',*,*,#3309,.F.);
#3312=ORIENTED_EDGE('',*,*,#3311,.T.);
#3314=ORIENTED_EDGE('',*,*,#3313,.F.);
#3316=ORIENTED_EDGE('',*,*,#3315,.T.);
#3318=ORIENTED_EDGE('',*,*,#3317,.T.);
#3320=ORIENTED_EDGE('',*,*,#3319,.T.);
#3321=EDGE_LOOP('',(#3303,#3305,#3306,#3308,#3310,#3312,#3314,#3316,#3318,
#3320));
#3322=FACE_OUTER_BOUND('',#3321,.F.);
#3324=CARTESIAN_POINT('',(0.E0,-5.275590551181E-1,0.E0));
#3325=DIRECTION('',(0.E0,-1.E0,0.E0));
#3326=DIRECTION('',(0.E0,0.E0,-1.E0));
#3327=AXIS2_PLACEMENT_3D('',#3324,#3325,#3326);
#3328=PLANE('',#3327);
#3329=ORIENTED_EDGE('',*,*,#3302,.F.);
#3331=ORIENTED_EDGE('',*,*,#3330,.F.);
#3333=ORIENTED_EDGE('',*,*,#3332,.F.);
#3335=ORIENTED_EDGE('',*,*,#3334,.F.);
#3336=EDGE_LOOP('',(#3329,#3331,#3333,#3335));
#3337=FACE_OUTER_BOUND('',#3336,.F.);
#3339=CARTESIAN_POINT('',(0.E0,-4.960629921260E-1,-8.267716535433E-2));
#3340=DIRECTION('',(-1.E0,0.E0,0.E0));
#3341=DIRECTION('',(0.E0,0.E0,1.E0));
#3342=AXIS2_PLACEMENT_3D('',#3339,#3340,#3341);
#3343=CYLINDRICAL_SURFACE('',#3342,3.149606299213E-2);
#3344=ORIENTED_EDGE('',*,*,#3319,.F.);
#3346=ORIENTED_EDGE('',*,*,#3345,.T.);
#3348=ORIENTED_EDGE('',*,*,#3347,.F.);
#3349=ORIENTED_EDGE('',*,*,#3330,.T.);
#3350=EDGE_LOOP('',(#3344,#3346,#3348,#3349));
#3351=FACE_OUTER_BOUND('',#3350,.F.);
#3353=CARTESIAN_POINT('',(-8.051181102362E-1,-5.275590551181E-1,
-1.141732283465E-1));
#3354=DIRECTION('',(0.E0,0.E0,1.E0));
#3355=DIRECTION('',(1.E0,0.E0,0.E0));
#3356=AXIS2_PLACEMENT_3D('',#3353,#3354,#3355);
#3357=PLANE('',#3356);
#3359=ORIENTED_EDGE('',*,*,#3358,.F.);
#3360=ORIENTED_EDGE('',*,*,#3345,.F.);
#3361=ORIENTED_EDGE('',*,*,#3317,.F.);
#3363=ORIENTED_EDGE('',*,*,#3362,.F.);
#3364=ORIENTED_EDGE('',*,*,#3267,.F.);
#3366=ORIENTED_EDGE('',*,*,#3365,.F.);
#3367=EDGE_LOOP('',(#3359,#3360,#3361,#3363,#3364,#3366));
#3368=FACE_OUTER_BOUND('',#3367,.F.);
#3370=CARTESIAN_POINT('',(-7.263779527559E-1,-7.145669291339E-1,
-3.937007874016E-1));
#3371=DIRECTION('',(-1.E0,0.E0,0.E0));
#3372=DIRECTION('',(0.E0,0.E0,1.E0));
#3373=AXIS2_PLACEMENT_3D('',#3370,#3371,#3372);
#3374=PLANE('',#3373);
#3375=ORIENTED_EDGE('',*,*,#3287,.T.);
#3377=ORIENTED_EDGE('',*,*,#3376,.T.);
#3378=ORIENTED_EDGE('',*,*,#3332,.T.);
#3379=ORIENTED_EDGE('',*,*,#3347,.T.);
#3380=ORIENTED_EDGE('',*,*,#3358,.T.);
#3382=ORIENTED_EDGE('',*,*,#3381,.F.);
#3384=ORIENTED_EDGE('',*,*,#3383,.F.);
#3386=ORIENTED_EDGE('',*,*,#3385,.T.);
#3388=ORIENTED_EDGE('',*,*,#3387,.T.);
#3390=ORIENTED_EDGE('',*,*,#3389,.T.);
#3392=ORIENTED_EDGE('',*,*,#3391,.T.);
#3394=ORIENTED_EDGE('',*,*,#3393,.T.);
#3396=ORIENTED_EDGE('',*,*,#3395,.F.);
#3398=ORIENTED_EDGE('',*,*,#3397,.F.);
#3399=EDGE_LOOP('',(#3375,#3377,#3378,#3379,#3380,#3382,#3384,#3386,#3388,#3390,
#3392,#3394,#3396,#3398));
#3400=FACE_OUTER_BOUND('',#3399,.F.);
#3402=CARTESIAN_POINT('',(0.E0,-4.960629921260E-1,8.267716535433E-2));
#3403=DIRECTION('',(1.E0,0.E0,0.E0));
#3404=DIRECTION('',(0.E0,0.E0,-1.E0));
#3405=AXIS2_PLACEMENT_3D('',#3402,#3403,#3404);
#3406=CYLINDRICAL_SURFACE('',#3405,3.149606299213E-2);
#3407=ORIENTED_EDGE('',*,*,#3376,.F.);
#3408=ORIENTED_EDGE('',*,*,#3285,.T.);
#3409=ORIENTED_EDGE('',*,*,#3304,.F.);
#3410=ORIENTED_EDGE('',*,*,#3334,.T.);
#3411=EDGE_LOOP('',(#3407,#3408,#3409,#3410));
#3412=FACE_OUTER_BOUND('',#3411,.F.);
#3414=CARTESIAN_POINT('',(0.E0,-3.799212598425E-1,0.E0));
#3415=DIRECTION('',(0.E0,1.E0,0.E0));
#3416=DIRECTION('',(0.E0,0.E0,1.E0));
#3417=AXIS2_PLACEMENT_3D('',#3414,#3415,#3416);
#3418=PLANE('',#3417);
#3419=ORIENTED_EDGE('',*,*,#3253,.F.);
#3420=ORIENTED_EDGE('',*,*,#3289,.T.);
#3421=ORIENTED_EDGE('',*,*,#3397,.T.);
#3423=ORIENTED_EDGE('',*,*,#3422,.T.);
#3425=ORIENTED_EDGE('',*,*,#3424,.T.);
#3427=ORIENTED_EDGE('',*,*,#3426,.T.);
#3429=ORIENTED_EDGE('',*,*,#3428,.T.);
#3431=ORIENTED_EDGE('',*,*,#3430,.T.);
#3433=ORIENTED_EDGE('',*,*,#3432,.T.);
#3435=ORIENTED_EDGE('',*,*,#3434,.T.);
#3437=ORIENTED_EDGE('',*,*,#3436,.T.);
#3439=ORIENTED_EDGE('',*,*,#3438,.T.);
#3441=ORIENTED_EDGE('',*,*,#3440,.T.);
#3443=ORIENTED_EDGE('',*,*,#3442,.T.);
#3444=ORIENTED_EDGE('',*,*,#3381,.T.);
#3445=ORIENTED_EDGE('',*,*,#3365,.T.);
#3446=ORIENTED_EDGE('',*,*,#3273,.T.);
#3448=ORIENTED_EDGE('',*,*,#3447,.T.);
#3450=ORIENTED_EDGE('',*,*,#3449,.T.);
#3452=ORIENTED_EDGE('',*,*,#3451,.T.);
#3454=ORIENTED_EDGE('',*,*,#3453,.T.);
#3456=ORIENTED_EDGE('',*,*,#3455,.T.);
#3458=ORIENTED_EDGE('',*,*,#3457,.T.);
#3460=ORIENTED_EDGE('',*,*,#3459,.T.);
#3461=EDGE_LOOP('',(#3419,#3420,#3421,#3423,#3425,#3427,#3429,#3431,#3433,#3435,
#3437,#3439,#3441,#3443,#3444,#3445,#3446,#3448,#3450,#3452,#3454,#3456,#3458,
#3460));
#3462=FACE_OUTER_BOUND('',#3461,.F.);
#3464=ORIENTED_EDGE('',*,*,#3463,.T.);
#3466=ORIENTED_EDGE('',*,*,#3465,.T.);
#3467=EDGE_LOOP('',(#3464,#3466));
#3468=FACE_BOUND('',#3467,.F.);
#3470=ORIENTED_EDGE('',*,*,#3469,.T.);
#3472=ORIENTED_EDGE('',*,*,#3471,.T.);
#3473=EDGE_LOOP('',(#3470,#3472));
#3474=FACE_BOUND('',#3473,.F.);
#3476=ORIENTED_EDGE('',*,*,#3475,.T.);
#3478=ORIENTED_EDGE('',*,*,#3477,.T.);
#3479=EDGE_LOOP('',(#3476,#3478));
#3480=FACE_BOUND('',#3479,.F.);
#3482=ORIENTED_EDGE('',*,*,#3481,.T.);
#3484=ORIENTED_EDGE('',*,*,#3483,.T.);
#3485=EDGE_LOOP('',(#3482,#3484));
#3486=FACE_BOUND('',#3485,.F.);
#3488=CARTESIAN_POINT('',(-6.919291338583E-1,7.729126187142E-1,
2.805118110236E-1));
#3489=DIRECTION('',(0.E0,1.E0,0.E0));
#3490=DIRECTION('',(0.E0,0.E0,1.E0));
#3491=AXIS2_PLACEMENT_3D('',#3488,#3489,#3490);
#3492=CYLINDRICAL_SURFACE('',#3491,4.429133858268E-2);
#3494=ORIENTED_EDGE('',*,*,#3493,.F.);
#3496=ORIENTED_EDGE('',*,*,#3495,.F.);
#3497=ORIENTED_EDGE('',*,*,#3481,.F.);
#3499=ORIENTED_EDGE('',*,*,#3498,.T.);
#3500=EDGE_LOOP('',(#3494,#3496,#3497,#3499));
#3501=FACE_OUTER_BOUND('',#3500,.F.);
#3503=CARTESIAN_POINT('',(-6.919291338583E-1,-6.555118110236E-1,
2.805118110236E-1));
#3504=DIRECTION('',(0.E0,-1.E0,0.E0));
#3505=DIRECTION('',(0.E0,0.E0,-1.E0));
#3506=AXIS2_PLACEMENT_3D('',#3503,#3504,#3505);
#3507=PLANE('',#3506);
#3509=ORIENTED_EDGE('',*,*,#3508,.T.);
#3511=ORIENTED_EDGE('',*,*,#3510,.T.);
#3513=ORIENTED_EDGE('',*,*,#3512,.F.);
#3515=ORIENTED_EDGE('',*,*,#3514,.T.);
#3517=ORIENTED_EDGE('',*,*,#3516,.F.);
#3519=ORIENTED_EDGE('',*,*,#3518,.T.);
#3521=ORIENTED_EDGE('',*,*,#3520,.F.);
#3523=ORIENTED_EDGE('',*,*,#3522,.T.);
#3525=ORIENTED_EDGE('',*,*,#3524,.F.);
#3526=EDGE_LOOP('',(#3509,#3511,#3513,#3515,#3517,#3519,#3521,#3523,#3525));
#3527=FACE_OUTER_BOUND('',#3526,.F.);
#3528=ORIENTED_EDGE('',*,*,#3493,.T.);
#3530=ORIENTED_EDGE('',*,*,#3529,.T.);
#3531=EDGE_LOOP('',(#3528,#3530));
#3532=FACE_BOUND('',#3531,.F.);
#3534=CARTESIAN_POINT('',(-6.919291338583E-1,7.729126187142E-1,
2.805118110236E-1));
#3535=DIRECTION('',(0.E0,1.E0,0.E0));
#3536=DIRECTION('',(0.E0,0.E0,1.E0));
#3537=AXIS2_PLACEMENT_3D('',#3534,#3535,#3536);
#3538=CYLINDRICAL_SURFACE('',#3537,4.429133858268E-2);
#3539=ORIENTED_EDGE('',*,*,#3529,.F.);
#3540=ORIENTED_EDGE('',*,*,#3498,.F.);
#3541=ORIENTED_EDGE('',*,*,#3483,.F.);
#3542=ORIENTED_EDGE('',*,*,#3495,.T.);
#3543=EDGE_LOOP('',(#3539,#3540,#3541,#3542));
#3544=FACE_OUTER_BOUND('',#3543,.F.);
#3546=CARTESIAN_POINT('',(-7.945804010712E-1,-6.502095186281E-1,
3.573002344838E-1));
#3547=CARTESIAN_POINT('',(-7.951545302455E-1,-6.502095186281E-1,
3.644172515260E-1));
#3548=CARTESIAN_POINT('',(-7.926508720412E-1,-6.502095186281E-1,
3.727854195794E-1));
#3549=CARTESIAN_POINT('',(-7.855181941788E-1,-6.502095186281E-1,
3.789297929263E-1));
#3550=CARTESIAN_POINT('',(-7.823544465348E-1,-6.502095186281E-1,
3.808609523660E-1));
#3551=CARTESIAN_POINT('',(-7.782941646926E-1,-6.502095186281E-1,
3.824412153696E-1));
#3552=CARTESIAN_POINT('',(-7.739930742287E-1,-6.502095186281E-1,
3.832418170101E-1));
#3553=CARTESIAN_POINT('',(-7.706462414568E-1,-6.502095186281E-1,
3.832952294144E-1));
#3554=CARTESIAN_POINT('',(-7.690071926162E-1,-6.502095186281E-1,
3.831864444963E-1));
#3555=CARTESIAN_POINT('',(-7.687175099862E-1,-6.502095186281E-1,
3.831630755805E-1));
#3556=CARTESIAN_POINT('',(-7.931429593125E-1,-6.543827467034E-1,
3.574161746026E-1));
#3557=CARTESIAN_POINT('',(-7.936901080310E-1,-6.543827467034E-1,
3.641987270649E-1));
#3558=CARTESIAN_POINT('',(-7.913198013934E-1,-6.543827467034E-1,
3.720263042545E-1));
#3559=CARTESIAN_POINT('',(-7.846695239407E-1,-6.543827467034E-1,
3.777558027786E-1));
#3560=CARTESIAN_POINT('',(-7.817136647037E-1,-6.543827467034E-1,
3.795606145029E-1));
#3561=CARTESIAN_POINT('',(-7.779058789099E-1,-6.543827467034E-1,
3.810434712633E-1));
#3562=CARTESIAN_POINT('',(-7.738483598269E-1,-6.543827467034E-1,
3.818001933671E-1));
#3563=CARTESIAN_POINT('',(-7.706707178676E-1,-6.543827467034E-1,
3.818515314168E-1));
#3564=CARTESIAN_POINT('',(-7.691095323942E-1,-6.543827467034E-1,
3.817479137073E-1));
#3565=CARTESIAN_POINT('',(-7.688334605544E-1,-6.543827467034E-1,
3.817256404509E-1));
#3566=CARTESIAN_POINT('',(-7.892391264775E-1,-6.564215370684E-1,
3.577310470765E-1));
#3567=CARTESIAN_POINT('',(-7.897130011392E-1,-6.564215370684E-1,
3.636052539998E-1));
#3568=CARTESIAN_POINT('',(-7.877048533308E-1,-6.564215370684E-1,
3.699646838008E-1));
#3569=CARTESIAN_POINT('',(-7.823646884777E-1,-6.564215370684E-1,
3.745674570537E-1));
#3570=CARTESIAN_POINT('',(-7.799734166993E-1,-6.564215370684E-1,
3.760291311465E-1));
#3571=CARTESIAN_POINT('',(-7.768513646810E-1,-6.564215370684E-1,
3.772474501002E-1));
#3572=CARTESIAN_POINT('',(-7.734553415847E-1,-6.564215370684E-1,
3.778850032878E-1));
#3573=CARTESIAN_POINT('',(-7.707371913896E-1,-6.564215370684E-1,
3.779307077644E-1));
#3574=CARTESIAN_POINT('',(-7.693874687929E-1,-6.564215370684E-1,
3.778411232621E-1));
#3575=CARTESIAN_POINT('',(-7.691483614069E-1,-6.564215370684E-1,
3.778218256193E-1));
#3576=CARTESIAN_POINT('',(-7.850071744617E-1,-6.552091697397E-1,
3.580723847457E-1));
#3577=CARTESIAN_POINT('',(-7.854016163440E-1,-6.552091697397E-1,
3.629618992148E-1));
#3578=CARTESIAN_POINT('',(-7.837860670028E-1,-6.552091697397E-1,
3.677297830754E-1));
#3579=CARTESIAN_POINT('',(-7.798661303950E-1,-6.552091697397E-1,
3.711111292118E-1));
#3580=CARTESIAN_POINT('',(-7.780868999447E-1,-6.552091697397E-1,
3.722008247767E-1));
#3581=CARTESIAN_POINT('',(-7.757082179825E-1,-6.552091697397E-1,
3.731323713834E-1));
#3582=CARTESIAN_POINT('',(-7.730292899548E-1,-6.552091697397E-1,
3.736407394454E-1));
#3583=CARTESIAN_POINT('',(-7.708092520457E-1,-6.552091697397E-1,
3.736803368441E-1));
#3584=CARTESIAN_POINT('',(-7.696887658905E-1,-6.552091697397E-1,
3.736059650475E-1));
#3585=CARTESIAN_POINT('',(-7.694897298399E-1,-6.552091697397E-1,
3.735898931202E-1));
#3586=(BOUNDED_SURFACE()B_SPLINE_SURFACE(3,3,((#3546,#3547,#3548,#3549,#3550,
#3551,#3552,#3553,#3554,#3555),(#3556,#3557,#3558,#3559,#3560,#3561,#3562,#3563,
#3564,#3565),(#3566,#3567,#3568,#3569,#3570,#3571,#3572,#3573,#3574,#3575),(
#3576,#3577,#3578,#3579,#3580,#3581,#3582,#3583,#3584,#3585)),.UNSPECIFIED.,.F.,
.F.,.F.)B_SPLINE_SURFACE_WITH_KNOTS((4,4),(4,1,1,1,1,1,1,4),(0.E0,1.E0),(
-1.107526758698E-1,0.E0,1.650978988219E-2,3.751398814855E-2,5.851818641492E-2,
8.524029178155E-2,1.062444900479E-1,1.107526832584E-1),.UNSPECIFIED.)GEOMETRIC_REPRESENTATION_ITEM()RATIONAL_B_SPLINE_SURFACE(((1.158660121982E0,
1.158660121982E0,1.158660121982E0,1.158660121982E0,1.158660121982E0,
1.158660121982E0,1.158660121982E0,1.158660121982E0,1.158660121982E0,
1.158660121982E0),(9.471132926726E-1,9.471132926726E-1,9.471132926726E-1,
9.471132926726E-1,9.471132926726E-1,9.471132926726E-1,9.471132926726E-1,
9.471132926726E-1,9.471132926726E-1,9.471132926726E-1),(9.471132926726E-1,
9.471132926726E-1,9.471132926726E-1,9.471132926726E-1,9.471132926726E-1,
9.471132926726E-1,9.471132926726E-1,9.471132926726E-1,9.471132926726E-1,
9.471132926726E-1),(1.158660121982E0,1.158660121982E0,1.158660121982E0,
1.158660121982E0,1.158660121982E0,1.158660121982E0,1.158660121982E0,
1.158660121982E0,1.158660121982E0,1.158660121982E0)))REPRESENTATION_ITEM('')SURFACE());
#3588=ORIENTED_EDGE('',*,*,#3587,.F.);
#3589=ORIENTED_EDGE('',*,*,#3510,.F.);
#3590=ORIENTED_EDGE('',*,*,#3508,.F.);
#3592=ORIENTED_EDGE('',*,*,#3591,.T.);
#3594=ORIENTED_EDGE('',*,*,#3593,.T.);
#3596=ORIENTED_EDGE('',*,*,#3595,.T.);
#3597=EDGE_LOOP('',(#3588,#3589,#3590,#3592,#3594,#3596));
#3598=FACE_OUTER_BOUND('',#3597,.F.);
#3600=CARTESIAN_POINT('',(-6.919291338583E-1,-6.476377952756E-1,
3.758182212907E-1));
#3601=DIRECTION('',(1.E0,0.E0,0.E0));
#3602=DIRECTION('',(0.E0,0.E0,-1.E0));
#3603=AXIS2_PLACEMENT_3D('',#3600,#3601,#3602);
#3604=CYLINDRICAL_SURFACE('',#3603,7.874015748031E-3);
#3606=ORIENTED_EDGE('',*,*,#3605,.F.);
#3607=ORIENTED_EDGE('',*,*,#3512,.T.);
#3608=ORIENTED_EDGE('',*,*,#3587,.T.);
#3610=ORIENTED_EDGE('',*,*,#3609,.T.);
#3611=EDGE_LOOP('',(#3606,#3607,#3608,#3610));
#3612=FACE_OUTER_BOUND('',#3611,.F.);
#3614=CARTESIAN_POINT('',(-6.053149606299E-1,-6.445192814394E-1,
3.780018281868E-1));
#3615=DIRECTION('',(0.E0,-8.191520442890E-1,-5.735764363510E-1));
#3616=DIRECTION('',(0.E0,5.735764363510E-1,-8.191520442890E-1));
#3617=AXIS2_PLACEMENT_3D('',#3614,#3615,#3616);
#3618=CYLINDRICAL_SURFACE('',#3617,7.874015748031E-3);
#3619=ORIENTED_EDGE('',*,*,#3605,.T.);
#3621=ORIENTED_EDGE('',*,*,#3620,.T.);
#3623=ORIENTED_EDGE('',*,*,#3622,.F.);
#3625=ORIENTED_EDGE('',*,*,#3624,.F.);
#3626=ORIENTED_EDGE('',*,*,#3514,.F.);
#3627=EDGE_LOOP('',(#3619,#3621,#3623,#3625,#3626));
#3628=FACE_OUTER_BOUND('',#3627,.F.);
#3630=CARTESIAN_POINT('',(0.E0,-7.145669291339E-1,3.385663355740E-1));
#3631=DIRECTION('',(0.E0,5.735764363510E-1,-8.191520442890E-1));
#3632=DIRECTION('',(-1.E0,0.E0,0.E0));
#3633=AXIS2_PLACEMENT_3D('',#3630,#3631,#3632);
#3634=PLANE('',#3633);
#3636=ORIENTED_EDGE('',*,*,#3635,.T.);
#3638=ORIENTED_EDGE('',*,*,#3637,.F.);
#3640=ORIENTED_EDGE('',*,*,#3639,.F.);
#3642=ORIENTED_EDGE('',*,*,#3641,.F.);
#3643=ORIENTED_EDGE('',*,*,#3620,.F.);
#3644=ORIENTED_EDGE('',*,*,#3609,.F.);
#3646=ORIENTED_EDGE('',*,*,#3645,.T.);
#3648=ORIENTED_EDGE('',*,*,#3647,.F.);
#3650=ORIENTED_EDGE('',*,*,#3649,.F.);
#3652=ORIENTED_EDGE('',*,*,#3651,.F.);
#3653=EDGE_LOOP('',(#3636,#3638,#3640,#3642,#3643,#3644,#3646,#3648,#3650,
#3652));
#3654=FACE_OUTER_BOUND('',#3653,.F.);
#3656=CARTESIAN_POINT('',(6.491853243053E-1,-8.104741227305E-1,
2.377680014707E-1));
#3657=DIRECTION('',(-4.975428121645E-1,-7.105647754616E-1,-4.975428121645E-1));
#3658=DIRECTION('',(0.E0,5.735764363510E-1,-8.191520442890E-1));
#3659=AXIS2_PLACEMENT_3D('',#3656,#3657,#3658);
#3660=CYLINDRICAL_SURFACE('',#3659,2.755905511811E-2);
#3662=ORIENTED_EDGE('',*,*,#3661,.F.);
#3664=ORIENTED_EDGE('',*,*,#3663,.F.);
#3666=ORIENTED_EDGE('',*,*,#3665,.F.);
#3667=ORIENTED_EDGE('',*,*,#3635,.F.);
#3669=ORIENTED_EDGE('',*,*,#3668,.F.);
#3671=ORIENTED_EDGE('',*,*,#3670,.F.);
#3672=EDGE_LOOP('',(#3662,#3664,#3666,#3667,#3669,#3671));
#3673=FACE_OUTER_BOUND('',#3672,.F.);
#3675=CARTESIAN_POINT('',(7.499836584087E-1,-7.145669291339E-1,0.E0));
#3676=DIRECTION('',(-8.191520442890E-1,5.735764363510E-1,0.E0));
#3677=DIRECTION('',(0.E0,0.E0,1.E0));
#3678=AXIS2_PLACEMENT_3D('',#3675,#3676,#3677);
#3679=PLANE('',#3678);
#3681=ORIENTED_EDGE('',*,*,#3680,.T.);
#3683=ORIENTED_EDGE('',*,*,#3682,.F.);
#3685=ORIENTED_EDGE('',*,*,#3684,.F.);
#3687=ORIENTED_EDGE('',*,*,#3686,.F.);
#3689=ORIENTED_EDGE('',*,*,#3688,.F.);
#3691=ORIENTED_EDGE('',*,*,#3690,.F.);
#3692=ORIENTED_EDGE('',*,*,#3661,.T.);
#3694=ORIENTED_EDGE('',*,*,#3693,.F.);
#3696=ORIENTED_EDGE('',*,*,#3695,.F.);
#3698=ORIENTED_EDGE('',*,*,#3697,.F.);
#3699=EDGE_LOOP('',(#3681,#3683,#3685,#3687,#3689,#3691,#3692,#3694,#3696,
#3698));
#3700=FACE_OUTER_BOUND('',#3699,.F.);
#3702=CARTESIAN_POINT('',(6.491853243053E-1,-8.104741227305E-1,
-2.377680014707E-1));
#3703=DIRECTION('',(4.975428121645E-1,7.105647754616E-1,-4.975428121645E-1));
#3704=DIRECTION('',(8.191520442890E-1,-5.735764363510E-1,0.E0));
#3705=AXIS2_PLACEMENT_3D('',#3702,#3703,#3704);
#3706=CYLINDRICAL_SURFACE('',#3705,2.755905511811E-2);
#3708=ORIENTED_EDGE('',*,*,#3707,.F.);
#3710=ORIENTED_EDGE('',*,*,#3709,.F.);
#3712=ORIENTED_EDGE('',*,*,#3711,.F.);
#3713=ORIENTED_EDGE('',*,*,#3680,.F.);
#3715=ORIENTED_EDGE('',*,*,#3714,.F.);
#3717=ORIENTED_EDGE('',*,*,#3716,.F.);
#3718=EDGE_LOOP('',(#3708,#3710,#3712,#3713,#3715,#3717));
#3719=FACE_OUTER_BOUND('',#3718,.F.);
#3721=CARTESIAN_POINT('',(0.E0,-7.145669291339E-1,-3.385663355740E-1));
#3722=DIRECTION('',(0.E0,5.735764363510E-1,8.191520442890E-1));
#3723=DIRECTION('',(1.E0,0.E0,0.E0));
#3724=AXIS2_PLACEMENT_3D('',#3721,#3722,#3723);
#3725=PLANE('',#3724);
#3727=ORIENTED_EDGE('',*,*,#3726,.F.);
#3729=ORIENTED_EDGE('',*,*,#3728,.F.);
#3730=ORIENTED_EDGE('',*,*,#3707,.T.);
#3732=ORIENTED_EDGE('',*,*,#3731,.F.);
#3734=ORIENTED_EDGE('',*,*,#3733,.F.);
#3736=ORIENTED_EDGE('',*,*,#3735,.F.);
#3738=ORIENTED_EDGE('',*,*,#3737,.T.);
#3740=ORIENTED_EDGE('',*,*,#3739,.F.);
#3742=ORIENTED_EDGE('',*,*,#3741,.F.);
#3744=ORIENTED_EDGE('',*,*,#3743,.F.);
#3745=EDGE_LOOP('',(#3727,#3729,#3730,#3732,#3734,#3736,#3738,#3740,#3742,
#3744));
#3746=FACE_OUTER_BOUND('',#3745,.F.);
#3748=CARTESIAN_POINT('',(6.053149606299E-1,-6.445192814394E-1,
-3.780018281868E-1));
#3749=DIRECTION('',(0.E0,-8.191520442890E-1,5.735764363510E-1));
#3750=DIRECTION('',(0.E0,-5.735764363510E-1,-8.191520442890E-1));
#3751=AXIS2_PLACEMENT_3D('',#3748,#3749,#3750);
#3752=CYLINDRICAL_SURFACE('',#3751,7.874015748031E-3);
#3754=ORIENTED_EDGE('',*,*,#3753,.F.);
#3756=ORIENTED_EDGE('',*,*,#3755,.F.);
#3758=ORIENTED_EDGE('',*,*,#3757,.T.);
#3759=ORIENTED_EDGE('',*,*,#3726,.T.);
#3761=ORIENTED_EDGE('',*,*,#3760,.F.);
#3762=EDGE_LOOP('',(#3754,#3756,#3758,#3759,#3761));
#3763=FACE_OUTER_BOUND('',#3762,.F.);
#3765=CARTESIAN_POINT('',(6.131889763780E-1,-6.555118110236E-1,
-3.937007874016E-1));
#3766=DIRECTION('',(1.E0,0.E0,0.E0));
#3767=DIRECTION('',(0.E0,0.E0,-1.E0));
#3768=AXIS2_PLACEMENT_3D('',#3765,#3766,#3767);
#3769=PLANE('',#3768);
#3770=ORIENTED_EDGE('',*,*,#3753,.T.);
#3772=ORIENTED_EDGE('',*,*,#3771,.F.);
#3774=ORIENTED_EDGE('',*,*,#3773,.F.);
#3776=ORIENTED_EDGE('',*,*,#3775,.T.);
#3777=EDGE_LOOP('',(#3770,#3772,#3774,#3776));
#3778=FACE_OUTER_BOUND('',#3777,.F.);
#3780=CARTESIAN_POINT('',(6.053149606299E-1,-7.066929133858E-1,
-3.937007874016E-1));
#3781=DIRECTION('',(0.E0,0.E0,1.E0));
#3782=DIRECTION('',(1.E0,0.E0,0.E0));
#3783=AXIS2_PLACEMENT_3D('',#3780,#3781,#3782);
#3784=CYLINDRICAL_SURFACE('',#3783,7.874015748031E-3);
#3786=ORIENTED_EDGE('',*,*,#3785,.F.);
#3788=ORIENTED_EDGE('',*,*,#3787,.T.);
#3790=ORIENTED_EDGE('',*,*,#3789,.F.);
#3791=ORIENTED_EDGE('',*,*,#3771,.T.);
#3792=EDGE_LOOP('',(#3786,#3788,#3790,#3791));
#3793=FACE_OUTER_BOUND('',#3792,.F.);
#3795=CARTESIAN_POINT('',(6.053149606299E-1,-7.066929133858E-1,
-3.344673824201E-1));
#3796=DIRECTION('',(-1.E0,0.E0,0.E0));
#3797=DIRECTION('',(0.E0,0.E0,1.E0));
#3798=AXIS2_PLACEMENT_3D('',#3795,#3796,#3797);
#3799=SPHERICAL_SURFACE('',#3798,7.874015748031E-3);
#3801=ORIENTED_EDGE('',*,*,#3800,.T.);
#3802=ORIENTED_EDGE('',*,*,#3785,.T.);
#3803=ORIENTED_EDGE('',*,*,#3760,.T.);
#3804=EDGE_LOOP('',(#3801,#3802,#3803));
#3805=FACE_OUTER_BOUND('',#3804,.F.);
#3807=CARTESIAN_POINT('',(0.E0,-7.066929133858E-1,-3.344673824201E-1));
#3808=DIRECTION('',(1.E0,0.E0,0.E0));
#3809=DIRECTION('',(0.E0,0.E0,-1.E0));
#3810=AXIS2_PLACEMENT_3D('',#3807,#3808,#3809);
#3811=CYLINDRICAL_SURFACE('',#3810,7.874015748031E-3);
#3813=ORIENTED_EDGE('',*,*,#3812,.F.);
#3815=ORIENTED_EDGE('',*,*,#3814,.T.);
#3816=ORIENTED_EDGE('',*,*,#3800,.F.);
#3817=ORIENTED_EDGE('',*,*,#3743,.T.);
#3818=EDGE_LOOP('',(#3813,#3815,#3816,#3817));
#3819=FACE_OUTER_BOUND('',#3818,.F.);
#3821=CARTESIAN_POINT('',(-6.053149606299E-1,-7.066929133858E-1,
-3.344673824201E-1));
#3822=DIRECTION('',(1.E0,0.E0,0.E0));
#3823=DIRECTION('',(0.E0,0.E0,-1.E0));
#3824=AXIS2_PLACEMENT_3D('',#3821,#3822,#3823);
#3825=SPHERICAL_SURFACE('',#3824,7.874015748031E-3);
#3827=ORIENTED_EDGE('',*,*,#3826,.T.);
#3829=ORIENTED_EDGE('',*,*,#3828,.T.);
#3830=ORIENTED_EDGE('',*,*,#3812,.T.);
#3831=EDGE_LOOP('',(#3827,#3829,#3830));
#3832=FACE_OUTER_BOUND('',#3831,.F.);
#3834=CARTESIAN_POINT('',(-6.053149606299E-1,-6.445192814394E-1,
-3.780018281868E-1));
#3835=DIRECTION('',(0.E0,8.191520442890E-1,-5.735764363510E-1));
#3836=DIRECTION('',(0.E0,5.735764363510E-1,8.191520442890E-1));
#3837=AXIS2_PLACEMENT_3D('',#3834,#3835,#3836);
#3838=CYLINDRICAL_SURFACE('',#3837,7.874015748031E-3);
#3840=ORIENTED_EDGE('',*,*,#3839,.F.);
#3842=ORIENTED_EDGE('',*,*,#3841,.F.);
#3843=ORIENTED_EDGE('',*,*,#3826,.F.);
#3844=ORIENTED_EDGE('',*,*,#3741,.T.);
#3846=ORIENTED_EDGE('',*,*,#3845,.F.);
#3847=EDGE_LOOP('',(#3840,#3842,#3843,#3844,#3846));
#3848=FACE_OUTER_BOUND('',#3847,.F.);
#3850=CARTESIAN_POINT('',(-6.919291338583E-1,-6.555118110236E-1,
-2.805118110236E-1));
#3851=DIRECTION('',(0.E0,1.E0,0.E0));
#3852=DIRECTION('',(0.E0,0.E0,1.E0));
#3853=AXIS2_PLACEMENT_3D('',#3850,#3851,#3852);
#3854=PLANE('',#3853);
#3856=ORIENTED_EDGE('',*,*,#3855,.T.);
#3858=ORIENTED_EDGE('',*,*,#3857,.T.);
#3860=ORIENTED_EDGE('',*,*,#3859,.F.);
#3862=ORIENTED_EDGE('',*,*,#3861,.T.);
#3864=ORIENTED_EDGE('',*,*,#3863,.F.);
#3866=ORIENTED_EDGE('',*,*,#3865,.T.);
#3868=ORIENTED_EDGE('',*,*,#3867,.F.);
#3869=ORIENTED_EDGE('',*,*,#3839,.T.);
#3871=ORIENTED_EDGE('',*,*,#3870,.F.);
#3872=EDGE_LOOP('',(#3856,#3858,#3860,#3862,#3864,#3866,#3868,#3869,#3871));
#3873=FACE_OUTER_BOUND('',#3872,.F.);
#3875=ORIENTED_EDGE('',*,*,#3874,.T.);
#3877=ORIENTED_EDGE('',*,*,#3876,.T.);
#3878=EDGE_LOOP('',(#3875,#3877));
#3879=FACE_BOUND('',#3878,.F.);
#3881=CARTESIAN_POINT('',(-6.919291338583E-1,7.729126187142E-1,
-2.805118110236E-1));
#3882=DIRECTION('',(0.E0,1.E0,0.E0));
#3883=DIRECTION('',(0.E0,0.E0,1.E0));
#3884=AXIS2_PLACEMENT_3D('',#3881,#3882,#3883);
#3885=CYLINDRICAL_SURFACE('',#3884,4.429133858268E-2);
#3886=ORIENTED_EDGE('',*,*,#3874,.F.);
#3888=ORIENTED_EDGE('',*,*,#3887,.F.);
#3889=ORIENTED_EDGE('',*,*,#3477,.F.);
#3891=ORIENTED_EDGE('',*,*,#3890,.T.);
#3892=EDGE_LOOP('',(#3886,#3888,#3889,#3891));
#3893=FACE_OUTER_BOUND('',#3892,.F.);
#3895=CARTESIAN_POINT('',(-6.919291338583E-1,7.729126187142E-1,
-2.805118110236E-1));
#3896=DIRECTION('',(0.E0,1.E0,0.E0));
#3897=DIRECTION('',(0.E0,0.E0,1.E0));
#3898=AXIS2_PLACEMENT_3D('',#3895,#3896,#3897);
#3899=CYLINDRICAL_SURFACE('',#3898,4.429133858268E-2);
#3900=ORIENTED_EDGE('',*,*,#3876,.F.);
#3901=ORIENTED_EDGE('',*,*,#3890,.F.);
#3902=ORIENTED_EDGE('',*,*,#3475,.F.);
#3903=ORIENTED_EDGE('',*,*,#3887,.T.);
#3904=EDGE_LOOP('',(#3900,#3901,#3902,#3903));
#3905=FACE_OUTER_BOUND('',#3904,.F.);
#3907=CARTESIAN_POINT('',(-7.687176223835E-1,-6.502095056539E-1,
-3.831631001681E-1));
#3908=CARTESIAN_POINT('',(-7.692058335584E-1,-6.502095056539E-1,
-3.832024802771E-1));
#3909=CARTESIAN_POINT('',(-7.709165332962E-1,-6.502095056539E-1,
-3.832992233591E-1));
#3910=CARTESIAN_POINT('',(-7.741693726844E-1,-6.502095056539E-1,
-3.832003194333E-1));
#3911=CARTESIAN_POINT('',(-7.781882218024E-1,-6.502095056539E-1,
-3.824544995414E-1));
#3912=CARTESIAN_POINT('',(-7.824557579937E-1,-6.502095056539E-1,
-3.808488923047E-1));
#3913=CARTESIAN_POINT('',(-7.864647803873E-1,-6.502095056539E-1,
-3.783361023358E-1));
#3914=CARTESIAN_POINT('',(-7.903579708811E-1,-6.502095056539E-1,
-3.743606780932E-1));
#3915=CARTESIAN_POINT('',(-7.930663590823E-1,-6.502095056539E-1,
-3.694857378476E-1));
#3916=CARTESIAN_POINT('',(-7.946115298326E-1,-6.502095056539E-1,
-3.636676885123E-1));
#3917=CARTESIAN_POINT('',(-7.947611677876E-1,-6.502095056539E-1,
-3.596766073016E-1));
#3918=CARTESIAN_POINT('',(-7.945881537243E-1,-6.502095056539E-1,
-3.573960713022E-1));
#3919=CARTESIAN_POINT('',(-7.945804273599E-1,-6.502095056539E-1,
-3.573002107384E-1));
#3920=CARTESIAN_POINT('',(-7.688335459684E-1,-6.543827448522E-1,
-3.817256507480E-1));
#3921=CARTESIAN_POINT('',(-7.692988238007E-1,-6.543827448522E-1,
-3.817631885936E-1));
#3922=CARTESIAN_POINT('',(-7.709276712219E-1,-6.543827448522E-1,
-3.818552995329E-1));
#3923=CARTESIAN_POINT('',(-7.740143331777E-1,-6.543827448522E-1,
-3.817609219001E-1));
#3924=CARTESIAN_POINT('',(-7.778058135164E-1,-6.543827448522E-1,
-3.810562013216E-1));
#3925=CARTESIAN_POINT('',(-7.818093252693E-1,-6.543827448522E-1,
-3.795489634141E-1));
#3926=CARTESIAN_POINT('',(-7.855530292365E-1,-6.543827448522E-1,
-3.772013652816E-1));
#3927=CARTESIAN_POINT('',(-7.891823465718E-1,-6.543827448522E-1,
-3.734954119268E-1));
#3928=CARTESIAN_POINT('',(-7.917153076994E-1,-6.543827448522E-1,
-3.689403946101E-1));
#3929=CARTESIAN_POINT('',(-7.931713403343E-1,-6.543827448522E-1,
-3.634663272915E-1));
#3930=CARTESIAN_POINT('',(-7.933152434573E-1,-6.543827448522E-1,
-3.596804635114E-1));
#3931=CARTESIAN_POINT('',(-7.931503626771E-1,-6.543827448522E-1,
-3.575075254957E-1));
#3932=CARTESIAN_POINT('',(-7.931429979875E-1,-6.543827448522E-1,
-3.574161708900E-1));
#3933=CARTESIAN_POINT('',(-7.691483750508E-1,-6.564215412538E-1,
-3.778217783614E-1));
#3934=CARTESIAN_POINT('',(-7.695513697575E-1,-6.564215412538E-1,
-3.778543129275E-1));
#3935=CARTESIAN_POINT('',(-7.709579199667E-1,-6.564215412538E-1,
-3.779338437413E-1));
#3936=CARTESIAN_POINT('',(-7.735932717888E-1,-6.564215412538E-1,
-3.778517587640E-1));
#3937=CARTESIAN_POINT('',(-7.767672565227E-1,-6.564215412538E-1,
-3.772586570514E-1));
#3938=CARTESIAN_POINT('',(-7.800537220270E-1,-6.564215412538E-1,
-3.760185738018E-1));
#3939=CARTESIAN_POINT('',(-7.830768654902E-1,-6.564215412538E-1,
-3.741196090888E-1));
#3940=CARTESIAN_POINT('',(-7.859895474279E-1,-6.564215412538E-1,
-3.711454936293E-1));
#3941=CARTESIAN_POINT('',(-7.880460779421E-1,-6.564215412538E-1,
-3.674593335194E-1));
#3942=CARTESIAN_POINT('',(-7.892600263529E-1,-6.564215412538E-1,
-3.629194638691E-1));
#3943=CARTESIAN_POINT('',(-7.893883546307E-1,-6.564215412538E-1,
-3.596909363325E-1));
#3944=CARTESIAN_POINT('',(-7.892455624884E-1,-6.564215412538E-1,
-3.578102164580E-1));
#3945=CARTESIAN_POINT('',(-7.892391800468E-1,-6.564215412538E-1,
-3.577310992814E-1));
#3946=CARTESIAN_POINT('',(-7.694896656857E-1,-6.552091679919E-1,
-3.735897834167E-1));
#3947=CARTESIAN_POINT('',(-7.698251423368E-1,-6.552091679919E-1,
-3.736168941750E-1));
#3948=CARTESIAN_POINT('',(-7.709907111346E-1,-6.552091679919E-1,
-3.736827874970E-1));
#3949=CARTESIAN_POINT('',(-7.731368199655E-1,-6.552091679919E-1,
-3.736140283794E-1));
#3950=CARTESIAN_POINT('',(-7.756414082593E-1,-6.552091679919E-1,
-3.731419271582E-1));
#3951=CARTESIAN_POINT('',(-7.781505593949E-1,-6.552091679919E-1,
-3.721914530581E-1));
#3952=CARTESIAN_POINT('',(-7.803925788592E-1,-6.552091679919E-1,
-3.707788296429E-1));
#3953=CARTESIAN_POINT('',(-7.825283918115E-1,-6.552091679919E-1,
-3.685980634445E-1));
#3954=CARTESIAN_POINT('',(-7.840684474650E-1,-6.552091679919E-1,
-3.658537884534E-1));
#3955=CARTESIAN_POINT('',(-7.850199643435E-1,-6.552091679919E-1,
-3.623266362842E-1));
#3956=CARTESIAN_POINT('',(-7.851314087021E-1,-6.552091679919E-1,
-3.597022893999E-1));
#3957=CARTESIAN_POINT('',(-7.850125617593E-1,-6.552091679919E-1,
-3.581383487572E-1));
#3958=CARTESIAN_POINT('',(-7.850072441242E-1,-6.552091679919E-1,
-3.580724975723E-1));
#3959=(BOUNDED_SURFACE()B_SPLINE_SURFACE(3,3,((#3907,#3908,#3909,#3910,#3911,
#3912,#3913,#3914,#3915,#3916,#3917,#3918,#3919),(#3920,#3921,#3922,#3923,#3924,
#3925,#3926,#3927,#3928,#3929,#3930,#3931,#3932),(#3933,#3934,#3935,#3936,#3937,
#3938,#3939,#3940,#3941,#3942,#3943,#3944,#3945),(#3946,#3947,#3948,#3949,#3950,
#3951,#3952,#3953,#3954,#3955,#3956,#3957,#3958)),.UNSPECIFIED.,.F.,.F.,.F.)B_SPLINE_SURFACE_WITH_KNOTS((4,4),(4,1,1,1,1,1,1,1,1,1,4),(0.E0,1.E0),(
3.892473039069E-1,3.968455367714E-1,4.158803275379E-1,4.400968997700E-1,
4.611010980364E-1,4.878232034030E-1,5.145453087696E-1,5.485418891756E-1,
5.752639945422E-1,6.092605749482E-1,6.107522363250E-1),.UNSPECIFIED.)GEOMETRIC_REPRESENTATION_ITEM()RATIONAL_B_SPLINE_SURFACE(((1.158660710819E0,
1.158660710819E0,1.158660710819E0,1.158660710819E0,1.158660710819E0,
1.158660710819E0,1.158660710819E0,1.158660710819E0,1.158660710819E0,
1.158660710819E0,1.158660710819E0,1.158660710819E0,1.158660710819E0),(
9.471130963936E-1,9.471130963936E-1,9.471130963936E-1,9.471130963936E-1,
9.471130963936E-1,9.471130963936E-1,9.471130963936E-1,9.471130963936E-1,
9.471130963936E-1,9.471130963936E-1,9.471130963936E-1,9.471130963936E-1,
9.471130963936E-1),(9.471130963936E-1,9.471130963936E-1,9.471130963936E-1,
9.471130963936E-1,9.471130963936E-1,9.471130963936E-1,9.471130963936E-1,
9.471130963936E-1,9.471130963936E-1,9.471130963936E-1,9.471130963936E-1,
9.471130963936E-1,9.471130963936E-1),(1.158660710819E0,1.158660710819E0,
1.158660710819E0,1.158660710819E0,1.158660710819E0,1.158660710819E0,
1.158660710819E0,1.158660710819E0,1.158660710819E0,1.158660710819E0,
1.158660710819E0,1.158660710819E0,1.158660710819E0)))REPRESENTATION_ITEM('')SURFACE());
#3961=ORIENTED_EDGE('',*,*,#3960,.F.);
#3962=ORIENTED_EDGE('',*,*,#3857,.F.);
#3963=ORIENTED_EDGE('',*,*,#3855,.F.);
#3965=ORIENTED_EDGE('',*,*,#3964,.T.);
#3967=ORIENTED_EDGE('',*,*,#3966,.T.);
#3969=ORIENTED_EDGE('',*,*,#3968,.T.);
#3970=EDGE_LOOP('',(#3961,#3962,#3963,#3965,#3967,#3969));
#3971=FACE_OUTER_BOUND('',#3970,.F.);
#3973=CARTESIAN_POINT('',(-7.872355441254E-1,-6.476377952756E-1,0.E0));
#3974=DIRECTION('',(0.E0,0.E0,1.E0));
#3975=DIRECTION('',(1.E0,0.E0,0.E0));
#3976=AXIS2_PLACEMENT_3D('',#3973,#3974,#3975);
#3977=CYLINDRICAL_SURFACE('',#3976,7.874015748031E-3);
#3979=ORIENTED_EDGE('',*,*,#3978,.F.);
#3980=ORIENTED_EDGE('',*,*,#3859,.T.);
#3981=ORIENTED_EDGE('',*,*,#3960,.T.);
#3983=ORIENTED_EDGE('',*,*,#3982,.T.);
#3984=EDGE_LOOP('',(#3979,#3980,#3981,#3983));
#3985=FACE_OUTER_BOUND('',#3984,.F.);
#3987=CARTESIAN_POINT('',(-7.894191510215E-1,-6.445192814394E-1,
-1.938976377953E-1));
#3988=DIRECTION('',(5.735764363510E-1,-8.191520442890E-1,0.E0));
#3989=DIRECTION('',(-8.191520442890E-1,-5.735764363510E-1,0.E0));
#3990=AXIS2_PLACEMENT_3D('',#3987,#3988,#3989);
#3991=CYLINDRICAL_SURFACE('',#3990,7.874015748031E-3);
#3992=ORIENTED_EDGE('',*,*,#3978,.T.);
#3994=ORIENTED_EDGE('',*,*,#3993,.T.);
#3996=ORIENTED_EDGE('',*,*,#3995,.F.);
#3998=ORIENTED_EDGE('',*,*,#3997,.F.);
#3999=ORIENTED_EDGE('',*,*,#3861,.F.);
#4000=EDGE_LOOP('',(#3992,#3994,#3996,#3998,#3999));
#4001=FACE_OUTER_BOUND('',#4000,.F.);
#4003=CARTESIAN_POINT('',(-7.499836584087E-1,-7.145669291339E-1,0.E0));
#4004=DIRECTION('',(8.191520442890E-1,5.735764363510E-1,0.E0));
#4005=DIRECTION('',(0.E0,0.E0,-1.E0));
#4006=AXIS2_PLACEMENT_3D('',#4003,#4004,#4005);
#4007=PLANE('',#4006);
#4008=ORIENTED_EDGE('',*,*,#3993,.F.);
#4009=ORIENTED_EDGE('',*,*,#3982,.F.);
#4011=ORIENTED_EDGE('',*,*,#4010,.T.);
#4013=ORIENTED_EDGE('',*,*,#4012,.F.);
#4014=ORIENTED_EDGE('',*,*,#3311,.F.);
#4016=ORIENTED_EDGE('',*,*,#4015,.F.);
#4018=ORIENTED_EDGE('',*,*,#4017,.T.);
#4020=ORIENTED_EDGE('',*,*,#4019,.F.);
#4022=ORIENTED_EDGE('',*,*,#4021,.F.);
#4024=ORIENTED_EDGE('',*,*,#4023,.F.);
#4025=EDGE_LOOP('',(#4008,#4009,#4011,#4013,#4014,#4016,#4018,#4020,#4022,
#4024));
#4026=FACE_OUTER_BOUND('',#4025,.F.);
#4028=CARTESIAN_POINT('',(-5.473394391936E-1,-9.559251205477E-1,
-1.359221163590E-1));
#4029=DIRECTION('',(-4.975428121645E-1,7.105647754616E-1,-4.975428121645E-1));
#4030=DIRECTION('',(0.E0,5.735764363510E-1,8.191520442890E-1));
#4031=AXIS2_PLACEMENT_3D('',#4028,#4029,#4030);
#4032=CYLINDRICAL_SURFACE('',#4031,2.755905511811E-2);
#4033=ORIENTED_EDGE('',*,*,#4010,.F.);
#4034=ORIENTED_EDGE('',*,*,#3968,.F.);
#4035=ORIENTED_EDGE('',*,*,#3966,.F.);
#4036=ORIENTED_EDGE('',*,*,#3737,.F.);
#4038=ORIENTED_EDGE('',*,*,#4037,.F.);
#4040=ORIENTED_EDGE('',*,*,#4039,.F.);
#4041=EDGE_LOOP('',(#4033,#4034,#4035,#4036,#4038,#4040));
#4042=FACE_OUTER_BOUND('',#4041,.F.);
#4044=CARTESIAN_POINT('',(-7.775590551181E-1,-7.145669291339E-1,
-3.661417322835E-1));
#4045=DIRECTION('',(0.E0,-1.E0,0.E0));
#4046=DIRECTION('',(0.E0,0.E0,-1.E0));
#4047=AXIS2_PLACEMENT_3D('',#4044,#4045,#4046);
#4048=CYLINDRICAL_SURFACE('',#4047,2.755905511811E-2);
#4050=ORIENTED_EDGE('',*,*,#4049,.T.);
#4052=ORIENTED_EDGE('',*,*,#4051,.F.);
#4053=ORIENTED_EDGE('',*,*,#3313,.T.);
#4054=ORIENTED_EDGE('',*,*,#4012,.T.);
#4055=ORIENTED_EDGE('',*,*,#4039,.T.);
#4056=ORIENTED_EDGE('',*,*,#4037,.T.);
#4057=ORIENTED_EDGE('',*,*,#3735,.T.);
#4058=EDGE_LOOP('',(#4050,#4052,#4053,#4054,#4055,#4056,#4057));
#4059=FACE_OUTER_BOUND('',#4058,.F.);
#4061=CARTESIAN_POINT('',(8.051181102362E-1,-7.145669291339E-1,
-3.937007874016E-1));
#4062=DIRECTION('',(0.E0,0.E0,-1.E0));
#4063=DIRECTION('',(-1.E0,0.E0,0.E0));
#4064=AXIS2_PLACEMENT_3D('',#4061,#4062,#4063);
#4065=PLANE('',#4064);
#4067=ORIENTED_EDGE('',*,*,#4066,.T.);
#4068=ORIENTED_EDGE('',*,*,#4049,.F.);
#4069=ORIENTED_EDGE('',*,*,#3733,.T.);
#4071=ORIENTED_EDGE('',*,*,#4070,.F.);
#4072=EDGE_LOOP('',(#4067,#4068,#4069,#4071));
#4073=FACE_OUTER_BOUND('',#4072,.F.);
#4075=CARTESIAN_POINT('',(-7.775590551181E-1,-4.192913385827E-1,
-3.661417322835E-1));
#4076=DIRECTION('',(0.E0,-1.E0,0.E0));
#4077=DIRECTION('',(0.E0,0.E0,-1.E0));
#4078=AXIS2_PLACEMENT_3D('',#4075,#4076,#4077);
#4079=PLANE('',#4078);
#4080=ORIENTED_EDGE('',*,*,#3292,.T.);
#4081=ORIENTED_EDGE('',*,*,#3257,.F.);
#4083=ORIENTED_EDGE('',*,*,#4082,.T.);
#4085=ORIENTED_EDGE('',*,*,#4084,.T.);
#4087=ORIENTED_EDGE('',*,*,#4086,.T.);
#4089=ORIENTED_EDGE('',*,*,#4088,.T.);
#4091=ORIENTED_EDGE('',*,*,#4090,.T.);
#4093=ORIENTED_EDGE('',*,*,#4092,.T.);
#4095=ORIENTED_EDGE('',*,*,#4094,.T.);
#4096=ORIENTED_EDGE('',*,*,#3269,.T.);
#4097=ORIENTED_EDGE('',*,*,#3362,.T.);
#4098=ORIENTED_EDGE('',*,*,#3315,.F.);
#4099=ORIENTED_EDGE('',*,*,#4051,.T.);
#4100=ORIENTED_EDGE('',*,*,#4066,.F.);
#4102=ORIENTED_EDGE('',*,*,#4101,.T.);
#4104=ORIENTED_EDGE('',*,*,#4103,.F.);
#4106=ORIENTED_EDGE('',*,*,#4105,.T.);
#4108=ORIENTED_EDGE('',*,*,#4107,.F.);
#4110=ORIENTED_EDGE('',*,*,#4109,.T.);
#4111=ORIENTED_EDGE('',*,*,#3307,.F.);
#4112=EDGE_LOOP('',(#4080,#4081,#4083,#4085,#4087,#4089,#4091,#4093,#4095,#4096,
#4097,#4098,#4099,#4100,#4102,#4104,#4106,#4108,#4110,#4111));
#4113=FACE_OUTER_BOUND('',#4112,.F.);
#4115=CARTESIAN_POINT('',(-7.470472440945E-1,-4.192913385827E-1,
3.356299212598E-1));
#4116=DIRECTION('',(0.E0,-1.E0,0.E0));
#4117=DIRECTION('',(0.E0,0.E0,-1.E0));
#4118=AXIS2_PLACEMENT_3D('',#4115,#4116,#4117);
#4119=CYLINDRICAL_SURFACE('',#4118,2.362204724409E-2);
#4120=ORIENTED_EDGE('',*,*,#3459,.F.);
#4122=ORIENTED_EDGE('',*,*,#4121,.T.);
#4123=ORIENTED_EDGE('',*,*,#4082,.F.);
#4124=ORIENTED_EDGE('',*,*,#3255,.T.);
#4125=EDGE_LOOP('',(#4120,#4122,#4123,#4124));
#4126=FACE_OUTER_BOUND('',#4125,.F.);
#4128=CARTESIAN_POINT('',(-7.470472440945E-1,-4.192913385827E-1,
3.592519685039E-1));
#4129=DIRECTION('',(0.E0,0.E0,-1.E0));
#4130=DIRECTION('',(-1.E0,0.E0,0.E0));
#4131=AXIS2_PLACEMENT_3D('',#4128,#4129,#4130);
#4132=PLANE('',#4131);
#4133=ORIENTED_EDGE('',*,*,#3457,.F.);
#4135=ORIENTED_EDGE('',*,*,#4134,.F.);
#4136=ORIENTED_EDGE('',*,*,#4084,.F.);
#4137=ORIENTED_EDGE('',*,*,#4121,.F.);
#4138=EDGE_LOOP('',(#4133,#4135,#4136,#4137));
#4139=FACE_OUTER_BOUND('',#4138,.F.);
#4141=CARTESIAN_POINT('',(7.470472440945E-1,-4.192913385827E-1,
3.356299212598E-1));
#4142=DIRECTION('',(0.E0,-1.E0,0.E0));
#4143=DIRECTION('',(0.E0,0.E0,-1.E0));
#4144=AXIS2_PLACEMENT_3D('',#4141,#4142,#4143);
#4145=CYLINDRICAL_SURFACE('',#4144,2.362204724409E-2);
#4146=ORIENTED_EDGE('',*,*,#3455,.F.);
#4148=ORIENTED_EDGE('',*,*,#4147,.T.);
#4149=ORIENTED_EDGE('',*,*,#4086,.F.);
#4150=ORIENTED_EDGE('',*,*,#4134,.T.);
#4151=EDGE_LOOP('',(#4146,#4148,#4149,#4150));
#4152=FACE_OUTER_BOUND('',#4151,.F.);
#4154=CARTESIAN_POINT('',(7.706692913386E-1,-4.192913385827E-1,
3.356299212598E-1));
#4155=DIRECTION('',(-1.E0,0.E0,0.E0));
#4156=DIRECTION('',(0.E0,0.E0,1.E0));
#4157=AXIS2_PLACEMENT_3D('',#4154,#4155,#4156);
#4158=PLANE('',#4157);
#4159=ORIENTED_EDGE('',*,*,#3453,.F.);
#4161=ORIENTED_EDGE('',*,*,#4160,.F.);
#4162=ORIENTED_EDGE('',*,*,#4088,.F.);
#4163=ORIENTED_EDGE('',*,*,#4147,.F.);
#4164=EDGE_LOOP('',(#4159,#4161,#4162,#4163));
#4165=FACE_OUTER_BOUND('',#4164,.F.);
#4167=CARTESIAN_POINT('',(7.470472440945E-1,-4.192913385827E-1,
-3.356299212598E-1));
#4168=DIRECTION('',(0.E0,-1.E0,0.E0));
#4169=DIRECTION('',(0.E0,0.E0,-1.E0));
#4170=AXIS2_PLACEMENT_3D('',#4167,#4168,#4169);
#4171=CYLINDRICAL_SURFACE('',#4170,2.362204724409E-2);
#4172=ORIENTED_EDGE('',*,*,#3451,.F.);
#4174=ORIENTED_EDGE('',*,*,#4173,.T.);
#4175=ORIENTED_EDGE('',*,*,#4090,.F.);
#4176=ORIENTED_EDGE('',*,*,#4160,.T.);
#4177=EDGE_LOOP('',(#4172,#4174,#4175,#4176));
#4178=FACE_OUTER_BOUND('',#4177,.F.);
#4180=CARTESIAN_POINT('',(-7.470472440945E-1,-4.192913385827E-1,
-3.592519685039E-1));
#4181=DIRECTION('',(0.E0,0.E0,1.E0));
#4182=DIRECTION('',(1.E0,0.E0,0.E0));
#4183=AXIS2_PLACEMENT_3D('',#4180,#4181,#4182);
#4184=PLANE('',#4183);
#4185=ORIENTED_EDGE('',*,*,#3449,.F.);
#4187=ORIENTED_EDGE('',*,*,#4186,.F.);
#4188=ORIENTED_EDGE('',*,*,#4092,.F.);
#4189=ORIENTED_EDGE('',*,*,#4173,.F.);
#4190=EDGE_LOOP('',(#4185,#4187,#4188,#4189));
#4191=FACE_OUTER_BOUND('',#4190,.F.);
#4193=CARTESIAN_POINT('',(-7.470472440945E-1,-4.192913385827E-1,
-3.356299212598E-1));
#4194=DIRECTION('',(0.E0,-1.E0,0.E0));
#4195=DIRECTION('',(0.E0,0.E0,-1.E0));
#4196=AXIS2_PLACEMENT_3D('',#4193,#4194,#4195);
#4197=CYLINDRICAL_SURFACE('',#4196,2.362204724409E-2);
#4198=ORIENTED_EDGE('',*,*,#3447,.F.);
#4199=ORIENTED_EDGE('',*,*,#3271,.T.);
#4200=ORIENTED_EDGE('',*,*,#4094,.F.);
#4201=ORIENTED_EDGE('',*,*,#4186,.T.);
#4202=EDGE_LOOP('',(#4198,#4199,#4200,#4201));
#4203=FACE_OUTER_BOUND('',#4202,.F.);
#4205=CARTESIAN_POINT('',(7.775590551181E-1,-7.145669291339E-1,
-3.661417322835E-1));
#4206=DIRECTION('',(0.E0,-1.E0,0.E0));
#4207=DIRECTION('',(0.E0,0.E0,-1.E0));
#4208=AXIS2_PLACEMENT_3D('',#4205,#4206,#4207);
#4209=CYLINDRICAL_SURFACE('',#4208,2.755905511811E-2);
#4211=ORIENTED_EDGE('',*,*,#4210,.T.);
#4212=ORIENTED_EDGE('',*,*,#4101,.F.);
#4213=ORIENTED_EDGE('',*,*,#4070,.T.);
#4214=ORIENTED_EDGE('',*,*,#3731,.T.);
#4215=ORIENTED_EDGE('',*,*,#3716,.T.);
#4216=ORIENTED_EDGE('',*,*,#3714,.T.);
#4217=ORIENTED_EDGE('',*,*,#3697,.T.);
#4218=EDGE_LOOP('',(#4211,#4212,#4213,#4214,#4215,#4216,#4217));
#4219=FACE_OUTER_BOUND('',#4218,.F.);
#4221=CARTESIAN_POINT('',(8.051181102362E-1,-7.145669291339E-1,
3.937007874016E-1));
#4222=DIRECTION('',(1.E0,0.E0,0.E0));
#4223=DIRECTION('',(0.E0,0.E0,-1.E0));
#4224=AXIS2_PLACEMENT_3D('',#4221,#4222,#4223);
#4225=PLANE('',#4224);
#4226=ORIENTED_EDGE('',*,*,#4103,.T.);
#4227=ORIENTED_EDGE('',*,*,#4210,.F.);
#4228=ORIENTED_EDGE('',*,*,#3695,.T.);
#4230=ORIENTED_EDGE('',*,*,#4229,.F.);
#4231=EDGE_LOOP('',(#4226,#4227,#4228,#4230));
#4232=FACE_OUTER_BOUND('',#4231,.F.);
#4234=CARTESIAN_POINT('',(7.775590551181E-1,-7.145669291339E-1,
3.661417322835E-1));
#4235=DIRECTION('',(0.E0,-1.E0,0.E0));
#4236=DIRECTION('',(0.E0,0.E0,-1.E0));
#4237=AXIS2_PLACEMENT_3D('',#4234,#4235,#4236);
#4238=CYLINDRICAL_SURFACE('',#4237,2.755905511811E-2);
#4240=ORIENTED_EDGE('',*,*,#4239,.T.);
#4241=ORIENTED_EDGE('',*,*,#4105,.F.);
#4242=ORIENTED_EDGE('',*,*,#4229,.T.);
#4243=ORIENTED_EDGE('',*,*,#3693,.T.);
#4244=ORIENTED_EDGE('',*,*,#3670,.T.);
#4245=ORIENTED_EDGE('',*,*,#3668,.T.);
#4246=ORIENTED_EDGE('',*,*,#3651,.T.);
#4247=EDGE_LOOP('',(#4240,#4241,#4242,#4243,#4244,#4245,#4246));
#4248=FACE_OUTER_BOUND('',#4247,.F.);
#4250=CARTESIAN_POINT('',(-8.051181102362E-1,-7.145669291339E-1,
3.937007874016E-1));
#4251=DIRECTION('',(0.E0,0.E0,1.E0));
#4252=DIRECTION('',(1.E0,0.E0,0.E0));
#4253=AXIS2_PLACEMENT_3D('',#4250,#4251,#4252);
#4254=PLANE('',#4253);
#4255=ORIENTED_EDGE('',*,*,#4107,.T.);
#4256=ORIENTED_EDGE('',*,*,#4239,.F.);
#4257=ORIENTED_EDGE('',*,*,#3649,.T.);
#4259=ORIENTED_EDGE('',*,*,#4258,.F.);
#4260=EDGE_LOOP('',(#4255,#4256,#4257,#4259));
#4261=FACE_OUTER_BOUND('',#4260,.F.);
#4263=CARTESIAN_POINT('',(-7.775590551181E-1,-7.145669291339E-1,
3.661417322835E-1));
#4264=DIRECTION('',(0.E0,-1.E0,0.E0));
#4265=DIRECTION('',(0.E0,0.E0,-1.E0));
#4266=AXIS2_PLACEMENT_3D('',#4263,#4264,#4265);
#4267=CYLINDRICAL_SURFACE('',#4266,2.755905511811E-2);
#4268=ORIENTED_EDGE('',*,*,#3309,.T.);
#4269=ORIENTED_EDGE('',*,*,#4109,.F.);
#4270=ORIENTED_EDGE('',*,*,#4258,.T.);
#4271=ORIENTED_EDGE('',*,*,#3647,.T.);
#4273=ORIENTED_EDGE('',*,*,#4272,.T.);
#4275=ORIENTED_EDGE('',*,*,#4274,.T.);
#4276=ORIENTED_EDGE('',*,*,#4015,.T.);
#4277=EDGE_LOOP('',(#4268,#4269,#4270,#4271,#4273,#4275,#4276));
#4278=FACE_OUTER_BOUND('',#4277,.F.);
#4280=CARTESIAN_POINT('',(-5.473394391936E-1,-9.559251205477E-1,
1.359221163590E-1));
#4281=DIRECTION('',(4.975428121645E-1,-7.105647754616E-1,-4.975428121645E-1));
#4282=DIRECTION('',(-8.191520442890E-1,-5.735764363510E-1,0.E0));
#4283=AXIS2_PLACEMENT_3D('',#4280,#4281,#4282);
#4284=CYLINDRICAL_SURFACE('',#4283,2.755905511811E-2);
#4285=ORIENTED_EDGE('',*,*,#3645,.F.);
#4286=ORIENTED_EDGE('',*,*,#3595,.F.);
#4287=ORIENTED_EDGE('',*,*,#3593,.F.);
#4288=ORIENTED_EDGE('',*,*,#4017,.F.);
#4289=ORIENTED_EDGE('',*,*,#4274,.F.);
#4290=ORIENTED_EDGE('',*,*,#4272,.F.);
#4291=EDGE_LOOP('',(#4285,#4286,#4287,#4288,#4289,#4290));
#4292=FACE_OUTER_BOUND('',#4291,.F.);
#4294=CARTESIAN_POINT('',(-7.872355441254E-1,-6.476377952756E-1,
2.805118110236E-1));
#4295=DIRECTION('',(0.E0,0.E0,1.E0));
#4296=DIRECTION('',(1.E0,0.E0,0.E0));
#4297=AXIS2_PLACEMENT_3D('',#4294,#4295,#4296);
#4298=CYLINDRICAL_SURFACE('',#4297,7.874015748031E-3);
#4299=ORIENTED_EDGE('',*,*,#3524,.T.);
#4301=ORIENTED_EDGE('',*,*,#4300,.T.);
#4302=ORIENTED_EDGE('',*,*,#4019,.T.);
#4303=ORIENTED_EDGE('',*,*,#3591,.F.);
#4304=EDGE_LOOP('',(#4299,#4301,#4302,#4303));
#4305=FACE_OUTER_BOUND('',#4304,.F.);
#4307=CARTESIAN_POINT('',(-7.894191510215E-1,-6.445192814394E-1,
1.938976377953E-1));
#4308=DIRECTION('',(-5.735764363510E-1,8.191520442890E-1,0.E0));
#4309=DIRECTION('',(8.191520442890E-1,5.735764363510E-1,0.E0));
#4310=AXIS2_PLACEMENT_3D('',#4307,#4308,#4309);
#4311=CYLINDRICAL_SURFACE('',#4310,7.874015748031E-3);
#4312=ORIENTED_EDGE('',*,*,#3522,.F.);
#4314=ORIENTED_EDGE('',*,*,#4313,.F.);
#4316=ORIENTED_EDGE('',*,*,#4315,.F.);
#4317=ORIENTED_EDGE('',*,*,#4021,.T.);
#4318=ORIENTED_EDGE('',*,*,#4300,.F.);
#4319=EDGE_LOOP('',(#4312,#4314,#4316,#4317,#4318));
#4320=FACE_OUTER_BOUND('',#4319,.F.);
#4322=CARTESIAN_POINT('',(-8.051181102362E-1,-6.555118110236E-1,
2.017716535433E-1));
#4323=DIRECTION('',(0.E0,0.E0,1.E0));
#4324=DIRECTION('',(1.E0,0.E0,0.E0));
#4325=AXIS2_PLACEMENT_3D('',#4322,#4323,#4324);
#4326=PLANE('',#4325);
#4328=ORIENTED_EDGE('',*,*,#4327,.F.);
#4330=ORIENTED_EDGE('',*,*,#4329,.F.);
#4331=ORIENTED_EDGE('',*,*,#4313,.T.);
#4332=ORIENTED_EDGE('',*,*,#3520,.T.);
#4333=EDGE_LOOP('',(#4328,#4330,#4331,#4332));
#4334=FACE_OUTER_BOUND('',#4333,.F.);
#4336=CARTESIAN_POINT('',(-6.919291338583E-1,-6.555118110236E-1,
2.805118110236E-1));
#4337=DIRECTION('',(0.E0,1.E0,0.E0));
#4338=DIRECTION('',(0.E0,0.E0,1.E0));
#4339=AXIS2_PLACEMENT_3D('',#4336,#4337,#4338);
#4340=CYLINDRICAL_SURFACE('',#4339,7.874015748031E-2);
#4342=ORIENTED_EDGE('',*,*,#4341,.T.);
#4344=ORIENTED_EDGE('',*,*,#4343,.F.);
#4345=ORIENTED_EDGE('',*,*,#4327,.T.);
#4346=ORIENTED_EDGE('',*,*,#3518,.F.);
#4347=EDGE_LOOP('',(#4342,#4344,#4345,#4346));
#4348=FACE_OUTER_BOUND('',#4347,.F.);
#4350=CARTESIAN_POINT('',(-6.131889763780E-1,-6.555118110236E-1,
3.937007874016E-1));
#4351=DIRECTION('',(-1.E0,0.E0,0.E0));
#4352=DIRECTION('',(0.E0,0.E0,1.E0));
#4353=AXIS2_PLACEMENT_3D('',#4350,#4351,#4352);
#4354=PLANE('',#4353);
#4355=ORIENTED_EDGE('',*,*,#3624,.T.);
#4357=ORIENTED_EDGE('',*,*,#4356,.F.);
#4358=ORIENTED_EDGE('',*,*,#4341,.F.);
#4359=ORIENTED_EDGE('',*,*,#3516,.T.);
#4360=EDGE_LOOP('',(#4355,#4357,#4358,#4359));
#4361=FACE_OUTER_BOUND('',#4360,.F.);
#4363=CARTESIAN_POINT('',(-6.053149606299E-1,-7.066929133858E-1,
3.937007874016E-1));
#4364=DIRECTION('',(0.E0,0.E0,-1.E0));
#4365=DIRECTION('',(-1.E0,0.E0,0.E0));
#4366=AXIS2_PLACEMENT_3D('',#4363,#4364,#4365);
#4367=CYLINDRICAL_SURFACE('',#4366,7.874015748031E-3);
#4369=ORIENTED_EDGE('',*,*,#4368,.F.);
#4371=ORIENTED_EDGE('',*,*,#4370,.T.);
#4373=ORIENTED_EDGE('',*,*,#4372,.F.);
#4374=ORIENTED_EDGE('',*,*,#4356,.T.);
#4375=EDGE_LOOP('',(#4369,#4371,#4373,#4374));
#4376=FACE_OUTER_BOUND('',#4375,.F.);
#4378=CARTESIAN_POINT('',(-6.053149606299E-1,-7.066929133858E-1,
3.344673824201E-1));
#4379=DIRECTION('',(1.E0,0.E0,0.E0));
#4380=DIRECTION('',(0.E0,0.E0,-1.E0));
#4381=AXIS2_PLACEMENT_3D('',#4378,#4379,#4380);
#4382=SPHERICAL_SURFACE('',#4381,7.874015748031E-3);
#4383=ORIENTED_EDGE('',*,*,#3622,.T.);
#4385=ORIENTED_EDGE('',*,*,#4384,.T.);
#4386=ORIENTED_EDGE('',*,*,#4368,.T.);
#4387=EDGE_LOOP('',(#4383,#4385,#4386));
#4388=FACE_OUTER_BOUND('',#4387,.F.);
#4390=CARTESIAN_POINT('',(0.E0,-7.066929133858E-1,3.344673824201E-1));
#4391=DIRECTION('',(-1.E0,0.E0,0.E0));
#4392=DIRECTION('',(0.E0,0.E0,1.E0));
#4393=AXIS2_PLACEMENT_3D('',#4390,#4391,#4392);
#4394=CYLINDRICAL_SURFACE('',#4393,7.874015748031E-3);
#4396=ORIENTED_EDGE('',*,*,#4395,.F.);
#4398=ORIENTED_EDGE('',*,*,#4397,.T.);
#4399=ORIENTED_EDGE('',*,*,#4384,.F.);
#4400=ORIENTED_EDGE('',*,*,#3641,.T.);
#4401=EDGE_LOOP('',(#4396,#4398,#4399,#4400));
#4402=FACE_OUTER_BOUND('',#4401,.F.);
#4404=CARTESIAN_POINT('',(6.053149606299E-1,-7.066929133858E-1,
3.344673824201E-1));
#4405=DIRECTION('',(-1.E0,0.E0,0.E0));
#4406=DIRECTION('',(0.E0,0.E0,1.E0));
#4407=AXIS2_PLACEMENT_3D('',#4404,#4405,#4406);
#4408=SPHERICAL_SURFACE('',#4407,7.874015748031E-3);
#4410=ORIENTED_EDGE('',*,*,#4409,.T.);
#4412=ORIENTED_EDGE('',*,*,#4411,.T.);
#4413=ORIENTED_EDGE('',*,*,#4395,.T.);
#4414=EDGE_LOOP('',(#4410,#4412,#4413));
#4415=FACE_OUTER_BOUND('',#4414,.F.);
#4417=CARTESIAN_POINT('',(6.053149606299E-1,-6.445192814394E-1,
3.780018281868E-1));
#4418=DIRECTION('',(0.E0,8.191520442890E-1,5.735764363510E-1));
#4419=DIRECTION('',(0.E0,-5.735764363510E-1,8.191520442890E-1));
#4420=AXIS2_PLACEMENT_3D('',#4417,#4418,#4419);
#4421=CYLINDRICAL_SURFACE('',#4420,7.874015748031E-3);
#4423=ORIENTED_EDGE('',*,*,#4422,.F.);
#4425=ORIENTED_EDGE('',*,*,#4424,.F.);
#4426=ORIENTED_EDGE('',*,*,#4409,.F.);
#4427=ORIENTED_EDGE('',*,*,#3639,.T.);
#4429=ORIENTED_EDGE('',*,*,#4428,.F.);
#4430=EDGE_LOOP('',(#4423,#4425,#4426,#4427,#4429));
#4431=FACE_OUTER_BOUND('',#4430,.F.);
#4433=CARTESIAN_POINT('',(6.919291338583E-1,-6.555118110236E-1,
2.805118110236E-1));
#4434=DIRECTION('',(0.E0,1.E0,0.E0));
#4435=DIRECTION('',(0.E0,0.E0,1.E0));
#4436=AXIS2_PLACEMENT_3D('',#4433,#4434,#4435);
#4437=PLANE('',#4436);
#4439=ORIENTED_EDGE('',*,*,#4438,.F.);
#4440=ORIENTED_EDGE('',*,*,#4422,.T.);
#4442=ORIENTED_EDGE('',*,*,#4441,.F.);
#4444=ORIENTED_EDGE('',*,*,#4443,.T.);
#4446=ORIENTED_EDGE('',*,*,#4445,.T.);
#4448=ORIENTED_EDGE('',*,*,#4447,.F.);
#4450=ORIENTED_EDGE('',*,*,#4449,.T.);
#4452=ORIENTED_EDGE('',*,*,#4451,.F.);
#4454=ORIENTED_EDGE('',*,*,#4453,.T.);
#4455=EDGE_LOOP('',(#4439,#4440,#4442,#4444,#4446,#4448,#4450,#4452,#4454));
#4456=FACE_OUTER_BOUND('',#4455,.F.);
#4458=ORIENTED_EDGE('',*,*,#4457,.T.);
#4460=ORIENTED_EDGE('',*,*,#4459,.T.);
#4461=EDGE_LOOP('',(#4458,#4460));
#4462=FACE_BOUND('',#4461,.F.);
#4464=CARTESIAN_POINT('',(6.919291338583E-1,7.729126187142E-1,
2.805118110236E-1));
#4465=DIRECTION('',(0.E0,1.E0,0.E0));
#4466=DIRECTION('',(0.E0,0.E0,1.E0));
#4467=AXIS2_PLACEMENT_3D('',#4464,#4465,#4466);
#4468=CYLINDRICAL_SURFACE('',#4467,4.429133858268E-2);
#4469=ORIENTED_EDGE('',*,*,#4457,.F.);
#4471=ORIENTED_EDGE('',*,*,#4470,.F.);
#4472=ORIENTED_EDGE('',*,*,#3465,.F.);
#4474=ORIENTED_EDGE('',*,*,#4473,.T.);
#4475=EDGE_LOOP('',(#4469,#4471,#4472,#4474));
#4476=FACE_OUTER_BOUND('',#4475,.F.);
#4478=CARTESIAN_POINT('',(6.919291338583E-1,7.729126187142E-1,
2.805118110236E-1));
#4479=DIRECTION('',(0.E0,1.E0,0.E0));
#4480=DIRECTION('',(0.E0,0.E0,1.E0));
#4481=AXIS2_PLACEMENT_3D('',#4478,#4479,#4480);
#4482=CYLINDRICAL_SURFACE('',#4481,4.429133858268E-2);
#4483=ORIENTED_EDGE('',*,*,#4459,.F.);
#4484=ORIENTED_EDGE('',*,*,#4473,.F.);
#4485=ORIENTED_EDGE('',*,*,#3463,.F.);
#4486=ORIENTED_EDGE('',*,*,#4470,.T.);
#4487=EDGE_LOOP('',(#4483,#4484,#4485,#4486));
#4488=FACE_OUTER_BOUND('',#4487,.F.);
#4490=CARTESIAN_POINT('',(6.131889763780E-1,-6.555118110236E-1,
3.937007874016E-1));
#4491=DIRECTION('',(1.E0,0.E0,0.E0));
#4492=DIRECTION('',(0.E0,0.E0,-1.E0));
#4493=AXIS2_PLACEMENT_3D('',#4490,#4491,#4492);
#4494=PLANE('',#4493);
#4496=ORIENTED_EDGE('',*,*,#4495,.F.);
#4498=ORIENTED_EDGE('',*,*,#4497,.F.);
#4499=ORIENTED_EDGE('',*,*,#4424,.T.);
#4500=ORIENTED_EDGE('',*,*,#4438,.T.);
#4501=EDGE_LOOP('',(#4496,#4498,#4499,#4500));
#4502=FACE_OUTER_BOUND('',#4501,.F.);
#4504=CARTESIAN_POINT('',(6.919291338583E-1,-6.555118110236E-1,
2.805118110236E-1));
#4505=DIRECTION('',(0.E0,1.E0,0.E0));
#4506=DIRECTION('',(0.E0,0.E0,1.E0));
#4507=AXIS2_PLACEMENT_3D('',#4504,#4505,#4506);
#4508=CYLINDRICAL_SURFACE('',#4507,7.874015748031E-2);
#4510=ORIENTED_EDGE('',*,*,#4509,.T.);
#4512=ORIENTED_EDGE('',*,*,#4511,.F.);
#4513=ORIENTED_EDGE('',*,*,#4495,.T.);
#4514=ORIENTED_EDGE('',*,*,#4453,.F.);
#4515=EDGE_LOOP('',(#4510,#4512,#4513,#4514));
#4516=FACE_OUTER_BOUND('',#4515,.F.);
#4518=CARTESIAN_POINT('',(8.051181102362E-1,-6.555118110236E-1,
2.017716535433E-1));
#4519=DIRECTION('',(0.E0,0.E0,1.E0));
#4520=DIRECTION('',(1.E0,0.E0,0.E0));
#4521=AXIS2_PLACEMENT_3D('',#4518,#4519,#4520);
#4522=PLANE('',#4521);
#4524=ORIENTED_EDGE('',*,*,#4523,.T.);
#4526=ORIENTED_EDGE('',*,*,#4525,.F.);
#4527=ORIENTED_EDGE('',*,*,#4509,.F.);
#4528=ORIENTED_EDGE('',*,*,#4451,.T.);
#4529=EDGE_LOOP('',(#4524,#4526,#4527,#4528));
#4530=FACE_OUTER_BOUND('',#4529,.F.);
#4532=CARTESIAN_POINT('',(7.894191510215E-1,-6.445192814394E-1,
1.938976377953E-1));
#4533=DIRECTION('',(-5.735764363510E-1,-8.191520442890E-1,0.E0));
#4534=DIRECTION('',(-8.191520442890E-1,5.735764363510E-1,0.E0));
#4535=AXIS2_PLACEMENT_3D('',#4532,#4533,#4534);
#4536=CYLINDRICAL_SURFACE('',#4535,7.874015748031E-3);
#4537=ORIENTED_EDGE('',*,*,#4523,.F.);
#4538=ORIENTED_EDGE('',*,*,#4449,.F.);
#4540=ORIENTED_EDGE('',*,*,#4539,.T.);
#4541=ORIENTED_EDGE('',*,*,#3688,.T.);
#4543=ORIENTED_EDGE('',*,*,#4542,.T.);
#4544=EDGE_LOOP('',(#4537,#4538,#4540,#4541,#4543));
#4545=FACE_OUTER_BOUND('',#4544,.F.);
#4547=CARTESIAN_POINT('',(7.872355441254E-1,-6.476377952756E-1,0.E0));
#4548=DIRECTION('',(0.E0,0.E0,-1.E0));
#4549=DIRECTION('',(-1.E0,0.E0,0.E0));
#4550=AXIS2_PLACEMENT_3D('',#4547,#4548,#4549);
#4551=CYLINDRICAL_SURFACE('',#4550,7.874015748031E-3);
#4552=ORIENTED_EDGE('',*,*,#4539,.F.);
#4553=ORIENTED_EDGE('',*,*,#4447,.T.);
#4555=ORIENTED_EDGE('',*,*,#4554,.T.);
#4556=ORIENTED_EDGE('',*,*,#3690,.T.);
#4557=EDGE_LOOP('',(#4552,#4553,#4555,#4556));
#4558=FACE_OUTER_BOUND('',#4557,.F.);
#4560=CARTESIAN_POINT('',(7.687175573184E-1,-6.502095186281E-1,
3.831630782365E-1));
#4561=CARTESIAN_POINT('',(7.758345743607E-1,-6.502095186281E-1,
3.837372074109E-1));
#4562=CARTESIAN_POINT('',(7.842027424141E-1,-6.502095186281E-1,
3.812335492066E-1));
#4563=CARTESIAN_POINT('',(7.903471157609E-1,-6.502095186281E-1,
3.741008713441E-1));
#4564=CARTESIAN_POINT('',(7.922782752007E-1,-6.502095186281E-1,
3.709371237001E-1));
#4565=CARTESIAN_POINT('',(7.938585382042E-1,-6.502095186281E-1,
3.668768418579E-1));
#4566=CARTESIAN_POINT('',(7.946591398448E-1,-6.502095186281E-1,
3.625757513941E-1));
#4567=CARTESIAN_POINT('',(7.947125522490E-1,-6.502095186281E-1,
3.592289186221E-1));
#4568=CARTESIAN_POINT('',(7.946037673310E-1,-6.502095186281E-1,
3.575898697815E-1));
#4569=CARTESIAN_POINT('',(7.945803984151E-1,-6.502095186281E-1,
3.573001871515E-1));
#4570=CARTESIAN_POINT('',(7.688334974372E-1,-6.543827467034E-1,
3.817256364778E-1));
#4571=CARTESIAN_POINT('',(7.756160498996E-1,-6.543827467034E-1,
3.822727851964E-1));
#4572=CARTESIAN_POINT('',(7.834436270892E-1,-6.543827467034E-1,
3.799024785587E-1));
#4573=CARTESIAN_POINT('',(7.891731256133E-1,-6.543827467034E-1,
3.732522011060E-1));
#4574=CARTESIAN_POINT('',(7.909779373375E-1,-6.543827467034E-1,
3.702963418691E-1));
#4575=CARTESIAN_POINT('',(7.924607940980E-1,-6.543827467034E-1,
3.664885560752E-1));
#4576=CARTESIAN_POINT('',(7.932175162018E-1,-6.543827467034E-1,
3.624310369923E-1));
#4577=CARTESIAN_POINT('',(7.932688542515E-1,-6.543827467034E-1,
3.592533950330E-1));
#4578=CARTESIAN_POINT('',(7.931652365419E-1,-6.543827467034E-1,
3.576922095596E-1));
#4579=CARTESIAN_POINT('',(7.931429632855E-1,-6.543827467034E-1,
3.574161377197E-1));
#4580=CARTESIAN_POINT('',(7.691483699112E-1,-6.564215370684E-1,
3.778218036428E-1));
#4581=CARTESIAN_POINT('',(7.750225768344E-1,-6.564215370684E-1,
3.782956783046E-1));
#4582=CARTESIAN_POINT('',(7.813820066355E-1,-6.564215370684E-1,
3.762875304962E-1));
#4583=CARTESIAN_POINT('',(7.859847798884E-1,-6.564215370684E-1,
3.709473656431E-1));
#4584=CARTESIAN_POINT('',(7.874464539811E-1,-6.564215370684E-1,
3.685560938647E-1));
#4585=CARTESIAN_POINT('',(7.886647729349E-1,-6.564215370684E-1,
3.654340418463E-1));
#4586=CARTESIAN_POINT('',(7.893023261225E-1,-6.564215370684E-1,
3.620380187501E-1));
#4587=CARTESIAN_POINT('',(7.893480305991E-1,-6.564215370684E-1,
3.593198685550E-1));
#4588=CARTESIAN_POINT('',(7.892584460968E-1,-6.564215370684E-1,
3.579701459583E-1));
#4589=CARTESIAN_POINT('',(7.892391484540E-1,-6.564215370684E-1,
3.577310385722E-1));
#4590=CARTESIAN_POINT('',(7.694897075803E-1,-6.552091697397E-1,
3.735898516271E-1));
#4591=CARTESIAN_POINT('',(7.743792220494E-1,-6.552091697397E-1,
3.739842935094E-1));
#4592=CARTESIAN_POINT('',(7.791471059100E-1,-6.552091697397E-1,
3.723687441682E-1));
#4593=CARTESIAN_POINT('',(7.825284520465E-1,-6.552091697397E-1,
3.684488075603E-1));
#4594=CARTESIAN_POINT('',(7.836181476113E-1,-6.552091697397E-1,
3.666695771101E-1));
#4595=CARTESIAN_POINT('',(7.845496942180E-1,-6.552091697397E-1,
3.642908951479E-1));
#4596=CARTESIAN_POINT('',(7.850580622801E-1,-6.552091697397E-1,
3.616119671201E-1));
#4597=CARTESIAN_POINT('',(7.850976596788E-1,-6.552091697397E-1,
3.593919292111E-1));
#4598=CARTESIAN_POINT('',(7.850232878821E-1,-6.552091697397E-1,
3.582714430559E-1));
#4599=CARTESIAN_POINT('',(7.850072159548E-1,-6.552091697397E-1,
3.580724070052E-1));
#4600=(BOUNDED_SURFACE()B_SPLINE_SURFACE(3,3,((#4560,#4561,#4562,#4563,#4564,
#4565,#4566,#4567,#4568,#4569),(#4570,#4571,#4572,#4573,#4574,#4575,#4576,#4577,
#4578,#4579),(#4580,#4581,#4582,#4583,#4584,#4585,#4586,#4587,#4588,#4589),(
#4590,#4591,#4592,#4593,#4594,#4595,#4596,#4597,#4598,#4599)),.UNSPECIFIED.,.F.,
.F.,.F.)B_SPLINE_SURFACE_WITH_KNOTS((4,4),(4,1,1,1,1,1,1,4),(0.E0,1.E0),(
-1.107526758698E-1,0.E0,1.650978988219E-2,3.751398814855E-2,5.851818641492E-2,
8.524029178155E-2,1.062444900479E-1,1.107526832584E-1),.UNSPECIFIED.)GEOMETRIC_REPRESENTATION_ITEM()RATIONAL_B_SPLINE_SURFACE(((1.158660121982E0,
1.158660121982E0,1.158660121982E0,1.158660121982E0,1.158660121982E0,
1.158660121982E0,1.158660121982E0,1.158660121982E0,1.158660121982E0,
1.158660121982E0),(9.471132926726E-1,9.471132926726E-1,9.471132926726E-1,
9.471132926726E-1,9.471132926726E-1,9.471132926726E-1,9.471132926726E-1,
9.471132926726E-1,9.471132926726E-1,9.471132926726E-1),(9.471132926726E-1,
9.471132926726E-1,9.471132926726E-1,9.471132926726E-1,9.471132926726E-1,
9.471132926726E-1,9.471132926726E-1,9.471132926726E-1,9.471132926726E-1,
9.471132926726E-1),(1.158660121982E0,1.158660121982E0,1.158660121982E0,
1.158660121982E0,1.158660121982E0,1.158660121982E0,1.158660121982E0,
1.158660121982E0,1.158660121982E0,1.158660121982E0)))REPRESENTATION_ITEM('')SURFACE());
#4601=ORIENTED_EDGE('',*,*,#4554,.F.);
#4602=ORIENTED_EDGE('',*,*,#4445,.F.);
#4603=ORIENTED_EDGE('',*,*,#4443,.F.);
#4605=ORIENTED_EDGE('',*,*,#4604,.T.);
#4606=ORIENTED_EDGE('',*,*,#3665,.T.);
#4607=ORIENTED_EDGE('',*,*,#3663,.T.);
#4608=EDGE_LOOP('',(#4601,#4602,#4603,#4605,#4606,#4607));
#4609=FACE_OUTER_BOUND('',#4608,.F.);
#4611=CARTESIAN_POINT('',(0.E0,-6.476377952756E-1,3.758182212907E-1));
#4612=DIRECTION('',(1.E0,0.E0,0.E0));
#4613=DIRECTION('',(0.E0,0.E0,-1.E0));
#4614=AXIS2_PLACEMENT_3D('',#4611,#4612,#4613);
#4615=CYLINDRICAL_SURFACE('',#4614,7.874015748031E-3);
#4616=ORIENTED_EDGE('',*,*,#4441,.T.);
#4617=ORIENTED_EDGE('',*,*,#4428,.T.);
#4618=ORIENTED_EDGE('',*,*,#3637,.T.);
#4619=ORIENTED_EDGE('',*,*,#4604,.F.);
#4620=EDGE_LOOP('',(#4616,#4617,#4618,#4619));
#4621=FACE_OUTER_BOUND('',#4620,.F.);
#4623=CARTESIAN_POINT('',(8.051181102362E-1,-7.066929133858E-1,
1.938976377953E-1));
#4624=DIRECTION('',(-1.E0,0.E0,0.E0));
#4625=DIRECTION('',(0.E0,0.E0,1.E0));
#4626=AXIS2_PLACEMENT_3D('',#4623,#4624,#4625);
#4627=CYLINDRICAL_SURFACE('',#4626,7.874015748031E-3);
#4628=ORIENTED_EDGE('',*,*,#4542,.F.);
#4630=ORIENTED_EDGE('',*,*,#4629,.T.);
#4632=ORIENTED_EDGE('',*,*,#4631,.F.);
#4633=ORIENTED_EDGE('',*,*,#4525,.T.);
#4634=EDGE_LOOP('',(#4628,#4630,#4632,#4633));
#4635=FACE_OUTER_BOUND('',#4634,.F.);
#4637=CARTESIAN_POINT('',(0.E0,-7.145669291339E-1,0.E0));
#4638=DIRECTION('',(0.E0,1.E0,0.E0));
#4639=DIRECTION('',(0.E0,0.E0,1.E0));
#4640=AXIS2_PLACEMENT_3D('',#4637,#4638,#4639);
#4641=PLANE('',#4640);
#4643=ORIENTED_EDGE('',*,*,#4642,.T.);
#4644=ORIENTED_EDGE('',*,*,#4629,.F.);
#4645=ORIENTED_EDGE('',*,*,#3686,.T.);
#4647=ORIENTED_EDGE('',*,*,#4646,.F.);
#4649=ORIENTED_EDGE('',*,*,#4648,.T.);
#4650=ORIENTED_EDGE('',*,*,#3787,.F.);
#4651=ORIENTED_EDGE('',*,*,#3814,.F.);
#4653=ORIENTED_EDGE('',*,*,#4652,.F.);
#4655=ORIENTED_EDGE('',*,*,#4654,.T.);
#4657=ORIENTED_EDGE('',*,*,#4656,.F.);
#4659=ORIENTED_EDGE('',*,*,#4658,.F.);
#4661=ORIENTED_EDGE('',*,*,#4660,.F.);
#4663=ORIENTED_EDGE('',*,*,#4662,.T.);
#4664=ORIENTED_EDGE('',*,*,#4370,.F.);
#4665=ORIENTED_EDGE('',*,*,#4397,.F.);
#4667=ORIENTED_EDGE('',*,*,#4666,.F.);
#4668=EDGE_LOOP('',(#4643,#4644,#4645,#4647,#4649,#4650,#4651,#4653,#4655,#4657,
#4659,#4661,#4663,#4664,#4665,#4667));
#4669=FACE_OUTER_BOUND('',#4668,.F.);
#4671=CARTESIAN_POINT('',(6.919291338583E-1,-7.066929133858E-1,
2.805118110236E-1));
#4672=DIRECTION('',(0.E0,1.E0,0.E0));
#4673=DIRECTION('',(0.E0,0.E0,1.E0));
#4674=AXIS2_PLACEMENT_3D('',#4671,#4672,#4673);
#4675=TOROIDAL_SURFACE('',#4674,8.661417322835E-2,7.874015748031E-3);
#4676=ORIENTED_EDGE('',*,*,#4631,.T.);
#4677=ORIENTED_EDGE('',*,*,#4642,.F.);
#4679=ORIENTED_EDGE('',*,*,#4678,.T.);
#4680=ORIENTED_EDGE('',*,*,#4511,.T.);
#4681=EDGE_LOOP('',(#4676,#4677,#4679,#4680));
#4682=FACE_OUTER_BOUND('',#4681,.F.);
#4684=CARTESIAN_POINT('',(6.053149606299E-1,-7.066929133858E-1,
3.937007874016E-1));
#4685=DIRECTION('',(0.E0,0.E0,1.E0));
#4686=DIRECTION('',(1.E0,0.E0,0.E0));
#4687=AXIS2_PLACEMENT_3D('',#4684,#4685,#4686);
#4688=CYLINDRICAL_SURFACE('',#4687,7.874015748031E-3);
#4689=ORIENTED_EDGE('',*,*,#4678,.F.);
#4690=ORIENTED_EDGE('',*,*,#4666,.T.);
#4691=ORIENTED_EDGE('',*,*,#4411,.F.);
#4692=ORIENTED_EDGE('',*,*,#4497,.T.);
#4693=EDGE_LOOP('',(#4689,#4690,#4691,#4692));
#4694=FACE_OUTER_BOUND('',#4693,.F.);
#4696=CARTESIAN_POINT('',(8.051181102362E-1,-7.066929133858E-1,
-1.938976377953E-1));
#4697=DIRECTION('',(1.E0,0.E0,0.E0));
#4698=DIRECTION('',(0.E0,0.E0,-1.E0));
#4699=AXIS2_PLACEMENT_3D('',#4696,#4697,#4698);
#4700=CYLINDRICAL_SURFACE('',#4699,7.874015748031E-3);
#4702=ORIENTED_EDGE('',*,*,#4701,.F.);
#4703=ORIENTED_EDGE('',*,*,#4646,.T.);
#4705=ORIENTED_EDGE('',*,*,#4704,.T.);
#4707=ORIENTED_EDGE('',*,*,#4706,.T.);
#4708=EDGE_LOOP('',(#4702,#4703,#4705,#4707));
#4709=FACE_OUTER_BOUND('',#4708,.F.);
#4711=CARTESIAN_POINT('',(6.919291338583E-1,-7.066929133858E-1,
-2.805118110236E-1));
#4712=DIRECTION('',(0.E0,1.E0,0.E0));
#4713=DIRECTION('',(0.E0,0.E0,1.E0));
#4714=AXIS2_PLACEMENT_3D('',#4711,#4712,#4713);
#4715=TOROIDAL_SURFACE('',#4714,8.661417322835E-2,7.874015748031E-3);
#4716=ORIENTED_EDGE('',*,*,#3789,.T.);
#4717=ORIENTED_EDGE('',*,*,#4648,.F.);
#4718=ORIENTED_EDGE('',*,*,#4701,.T.);
#4720=ORIENTED_EDGE('',*,*,#4719,.T.);
#4721=EDGE_LOOP('',(#4716,#4717,#4718,#4720));
#4722=FACE_OUTER_BOUND('',#4721,.F.);
#4724=CARTESIAN_POINT('',(6.919291338583E-1,-6.555118110236E-1,
-2.805118110236E-1));
#4725=DIRECTION('',(0.E0,1.E0,0.E0));
#4726=DIRECTION('',(0.E0,0.E0,1.E0));
#4727=AXIS2_PLACEMENT_3D('',#4724,#4725,#4726);
#4728=CYLINDRICAL_SURFACE('',#4727,7.874015748031E-2);
#4729=ORIENTED_EDGE('',*,*,#3773,.T.);
#4730=ORIENTED_EDGE('',*,*,#4719,.F.);
#4732=ORIENTED_EDGE('',*,*,#4731,.T.);
#4734=ORIENTED_EDGE('',*,*,#4733,.F.);
#4735=EDGE_LOOP('',(#4729,#4730,#4732,#4734));
#4736=FACE_OUTER_BOUND('',#4735,.F.);
#4738=CARTESIAN_POINT('',(8.051181102362E-1,-6.555118110236E-1,
-2.017716535433E-1));
#4739=DIRECTION('',(0.E0,0.E0,-1.E0));
#4740=DIRECTION('',(-1.E0,0.E0,0.E0));
#4741=AXIS2_PLACEMENT_3D('',#4738,#4739,#4740);
#4742=PLANE('',#4741);
#4743=ORIENTED_EDGE('',*,*,#4731,.F.);
#4744=ORIENTED_EDGE('',*,*,#4706,.F.);
#4746=ORIENTED_EDGE('',*,*,#4745,.T.);
#4748=ORIENTED_EDGE('',*,*,#4747,.T.);
#4749=EDGE_LOOP('',(#4743,#4744,#4746,#4748));
#4750=FACE_OUTER_BOUND('',#4749,.F.);
#4752=CARTESIAN_POINT('',(7.894191510215E-1,-6.445192814394E-1,
-1.938976377953E-1));
#4753=DIRECTION('',(5.735764363510E-1,8.191520442890E-1,0.E0));
#4754=DIRECTION('',(8.191520442890E-1,-5.735764363510E-1,0.E0));
#4755=AXIS2_PLACEMENT_3D('',#4752,#4753,#4754);
#4756=CYLINDRICAL_SURFACE('',#4755,7.874015748031E-3);
#4757=ORIENTED_EDGE('',*,*,#4704,.F.);
#4758=ORIENTED_EDGE('',*,*,#3684,.T.);
#4760=ORIENTED_EDGE('',*,*,#4759,.T.);
#4762=ORIENTED_EDGE('',*,*,#4761,.F.);
#4763=ORIENTED_EDGE('',*,*,#4745,.F.);
#4764=EDGE_LOOP('',(#4757,#4758,#4760,#4762,#4763));
#4765=FACE_OUTER_BOUND('',#4764,.F.);
#4767=CARTESIAN_POINT('',(7.872355441254E-1,-6.476377952756E-1,
-2.805118110236E-1));
#4768=DIRECTION('',(0.E0,0.E0,-1.E0));
#4769=DIRECTION('',(-1.E0,0.E0,0.E0));
#4770=AXIS2_PLACEMENT_3D('',#4767,#4768,#4769);
#4771=CYLINDRICAL_SURFACE('',#4770,7.874015748031E-3);
#4772=ORIENTED_EDGE('',*,*,#4759,.F.);
#4773=ORIENTED_EDGE('',*,*,#3682,.T.);
#4775=ORIENTED_EDGE('',*,*,#4774,.F.);
#4777=ORIENTED_EDGE('',*,*,#4776,.T.);
#4778=EDGE_LOOP('',(#4772,#4773,#4775,#4777));
#4779=FACE_OUTER_BOUND('',#4778,.F.);
#4781=CARTESIAN_POINT('',(7.945804230027E-1,-6.502095056539E-1,
-3.573002995488E-1));
#4782=CARTESIAN_POINT('',(7.946198031117E-1,-6.502095056539E-1,
-3.577885107237E-1));
#4783=CARTESIAN_POINT('',(7.947165461938E-1,-6.502095056539E-1,
-3.594992104616E-1));
#4784=CARTESIAN_POINT('',(7.946176422679E-1,-6.502095056539E-1,
-3.627520498498E-1));
#4785=CARTESIAN_POINT('',(7.938718223760E-1,-6.502095056539E-1,
-3.667708989678E-1));
#4786=CARTESIAN_POINT('',(7.922662151393E-1,-6.502095056539E-1,
-3.710384351591E-1));
#4787=CARTESIAN_POINT('',(7.897534251705E-1,-6.502095056539E-1,
-3.750474575526E-1));
#4788=CARTESIAN_POINT('',(7.857780009278E-1,-6.502095056539E-1,
-3.789406480464E-1));
#4789=CARTESIAN_POINT('',(7.809030606822E-1,-6.502095056539E-1,
-3.816490362476E-1));
#4790=CARTESIAN_POINT('',(7.750850113469E-1,-6.502095056539E-1,
-3.831942069980E-1));
#4791=CARTESIAN_POINT('',(7.710939301363E-1,-6.502095056539E-1,
-3.833438449530E-1));
#4792=CARTESIAN_POINT('',(7.688133941369E-1,-6.502095056539E-1,
-3.831708308896E-1));
#4793=CARTESIAN_POINT('',(7.687175335731E-1,-6.502095056539E-1,
-3.831631045253E-1));
#4794=CARTESIAN_POINT('',(7.931429735826E-1,-6.543827448522E-1,
-3.574162231337E-1));
#4795=CARTESIAN_POINT('',(7.931805114283E-1,-6.543827448522E-1,
-3.578815009660E-1));
#4796=CARTESIAN_POINT('',(7.932726223676E-1,-6.543827448522E-1,
-3.595103483873E-1));
#4797=CARTESIAN_POINT('',(7.931782447348E-1,-6.543827448522E-1,
-3.625970103430E-1));
#4798=CARTESIAN_POINT('',(7.924735241562E-1,-6.543827448522E-1,
-3.663884906817E-1));
#4799=CARTESIAN_POINT('',(7.909662862487E-1,-6.543827448522E-1,
-3.703920024347E-1));
#4800=CARTESIAN_POINT('',(7.886186881162E-1,-6.543827448522E-1,
-3.741357064018E-1));
#4801=CARTESIAN_POINT('',(7.849127347614E-1,-6.543827448522E-1,
-3.777650237372E-1));
#4802=CARTESIAN_POINT('',(7.803577174448E-1,-6.543827448522E-1,
-3.802979848647E-1));
#4803=CARTESIAN_POINT('',(7.748836501262E-1,-6.543827448522E-1,
-3.817540174996E-1));
#4804=CARTESIAN_POINT('',(7.710977863460E-1,-6.543827448522E-1,
-3.818979206226E-1));
#4805=CARTESIAN_POINT('',(7.689248483303E-1,-6.543827448522E-1,
-3.817330398425E-1));
#4806=CARTESIAN_POINT('',(7.688334937247E-1,-6.543827448522E-1,
-3.817256751528E-1));
#4807=CARTESIAN_POINT('',(7.892391011961E-1,-6.564215412538E-1,
-3.577310522162E-1));
#4808=CARTESIAN_POINT('',(7.892716357622E-1,-6.564215412538E-1,
-3.581340469228E-1));
#4809=CARTESIAN_POINT('',(7.893511665760E-1,-6.564215412538E-1,
-3.595405971321E-1));
#4810=CARTESIAN_POINT('',(7.892690815986E-1,-6.564215412538E-1,
-3.621759489542E-1));
#4811=CARTESIAN_POINT('',(7.886759798861E-1,-6.564215412538E-1,
-3.653499336880E-1));
#4812=CARTESIAN_POINT('',(7.874358966365E-1,-6.564215412538E-1,
-3.686363991923E-1));
#4813=CARTESIAN_POINT('',(7.855369319234E-1,-6.564215412538E-1,
-3.716595426555E-1));
#4814=CARTESIAN_POINT('',(7.825628164640E-1,-6.564215412538E-1,
-3.745722245932E-1));
#4815=CARTESIAN_POINT('',(7.788766563540E-1,-6.564215412538E-1,
-3.766287551074E-1));
#4816=CARTESIAN_POINT('',(7.743367867038E-1,-6.564215412538E-1,
-3.778427035183E-1));
#4817=CARTESIAN_POINT('',(7.711082591672E-1,-6.564215412538E-1,
-3.779710317961E-1));
#4818=CARTESIAN_POINT('',(7.692275392926E-1,-6.564215412538E-1,
-3.778282396537E-1));
#4819=CARTESIAN_POINT('',(7.691484221161E-1,-6.564215412538E-1,
-3.778218572121E-1));
#4820=CARTESIAN_POINT('',(7.850071062514E-1,-6.552091679919E-1,
-3.580723428511E-1));
#4821=CARTESIAN_POINT('',(7.850342170097E-1,-6.552091679919E-1,
-3.584078195022E-1));
#4822=CARTESIAN_POINT('',(7.851001103317E-1,-6.552091679919E-1,
-3.595733883E-1));
#4823=CARTESIAN_POINT('',(7.850313512140E-1,-6.552091679919E-1,
-3.617194971308E-1));
#4824=CARTESIAN_POINT('',(7.845592499929E-1,-6.552091679919E-1,
-3.642240854246E-1));
#4825=CARTESIAN_POINT('',(7.836087758927E-1,-6.552091679919E-1,
-3.667332365602E-1));
#4826=CARTESIAN_POINT('',(7.821961524775E-1,-6.552091679919E-1,
-3.689752560245E-1));
#4827=CARTESIAN_POINT('',(7.800153862791E-1,-6.552091679919E-1,
-3.711110689768E-1));
#4828=CARTESIAN_POINT('',(7.772711112880E-1,-6.552091679919E-1,
-3.726511246304E-1));
#4829=CARTESIAN_POINT('',(7.737439591188E-1,-6.552091679919E-1,
-3.736026415089E-1));
#4830=CARTESIAN_POINT('',(7.711196122346E-1,-6.552091679919E-1,
-3.737140858674E-1));
#4831=CARTESIAN_POINT('',(7.695556715919E-1,-6.552091679919E-1,
-3.735952389247E-1));
#4832=CARTESIAN_POINT('',(7.694898204069E-1,-6.552091679919E-1,
-3.735899212896E-1));
#4833=(BOUNDED_SURFACE()B_SPLINE_SURFACE(3,3,((#4781,#4782,#4783,#4784,#4785,
#4786,#4787,#4788,#4789,#4790,#4791,#4792,#4793),(#4794,#4795,#4796,#4797,#4798,
#4799,#4800,#4801,#4802,#4803,#4804,#4805,#4806),(#4807,#4808,#4809,#4810,#4811,
#4812,#4813,#4814,#4815,#4816,#4817,#4818,#4819),(#4820,#4821,#4822,#4823,#4824,
#4825,#4826,#4827,#4828,#4829,#4830,#4831,#4832)),.UNSPECIFIED.,.F.,.F.,.F.)B_SPLINE_SURFACE_WITH_KNOTS((4,4),(4,1,1,1,1,1,1,1,1,1,4),(0.E0,1.E0),(
3.892473039069E-1,3.968455367714E-1,4.158803275379E-1,4.400968997700E-1,
4.611010980364E-1,4.878232034030E-1,5.145453087696E-1,5.485418891756E-1,
5.752639945422E-1,6.092605749482E-1,6.107522363250E-1),.UNSPECIFIED.)GEOMETRIC_REPRESENTATION_ITEM()RATIONAL_B_SPLINE_SURFACE(((1.158660710819E0,
1.158660710819E0,1.158660710819E0,1.158660710819E0,1.158660710819E0,
1.158660710819E0,1.158660710819E0,1.158660710819E0,1.158660710819E0,
1.158660710819E0,1.158660710819E0,1.158660710819E0,1.158660710819E0),(
9.471130963937E-1,9.471130963937E-1,9.471130963937E-1,9.471130963937E-1,
9.471130963937E-1,9.471130963937E-1,9.471130963937E-1,9.471130963937E-1,
9.471130963937E-1,9.471130963937E-1,9.471130963937E-1,9.471130963937E-1,
9.471130963937E-1),(9.471130963937E-1,9.471130963937E-1,9.471130963937E-1,
9.471130963937E-1,9.471130963937E-1,9.471130963937E-1,9.471130963937E-1,
9.471130963937E-1,9.471130963937E-1,9.471130963937E-1,9.471130963937E-1,
9.471130963937E-1,9.471130963937E-1),(1.158660710819E0,1.158660710819E0,
1.158660710819E0,1.158660710819E0,1.158660710819E0,1.158660710819E0,
1.158660710819E0,1.158660710819E0,1.158660710819E0,1.158660710819E0,
1.158660710819E0,1.158660710819E0,1.158660710819E0)))REPRESENTATION_ITEM('')SURFACE());
#4835=ORIENTED_EDGE('',*,*,#4834,.F.);
#4837=ORIENTED_EDGE('',*,*,#4836,.F.);
#4839=ORIENTED_EDGE('',*,*,#4838,.F.);
#4840=ORIENTED_EDGE('',*,*,#4774,.T.);
#4841=ORIENTED_EDGE('',*,*,#3711,.T.);
#4842=ORIENTED_EDGE('',*,*,#3709,.T.);
#4843=EDGE_LOOP('',(#4835,#4837,#4839,#4840,#4841,#4842));
#4844=FACE_OUTER_BOUND('',#4843,.F.);
#4846=CARTESIAN_POINT('',(6.919291338583E-1,-6.476377952756E-1,
-3.758182212907E-1));
#4847=DIRECTION('',(-1.E0,0.E0,0.E0));
#4848=DIRECTION('',(0.E0,0.E0,1.E0));
#4849=AXIS2_PLACEMENT_3D('',#4846,#4847,#4848);
#4850=CYLINDRICAL_SURFACE('',#4849,7.874015748031E-3);
#4851=ORIENTED_EDGE('',*,*,#3757,.F.);
#4853=ORIENTED_EDGE('',*,*,#4852,.T.);
#4854=ORIENTED_EDGE('',*,*,#4834,.T.);
#4855=ORIENTED_EDGE('',*,*,#3728,.T.);
#4856=EDGE_LOOP('',(#4851,#4853,#4854,#4855));
#4857=FACE_OUTER_BOUND('',#4856,.F.);
#4859=CARTESIAN_POINT('',(6.919291338583E-1,-6.555118110236E-1,
-2.805118110236E-1));
#4860=DIRECTION('',(0.E0,-1.E0,0.E0));
#4861=DIRECTION('',(0.E0,0.E0,-1.E0));
#4862=AXIS2_PLACEMENT_3D('',#4859,#4860,#4861);
#4863=PLANE('',#4862);
#4864=ORIENTED_EDGE('',*,*,#4747,.F.);
#4865=ORIENTED_EDGE('',*,*,#4761,.T.);
#4866=ORIENTED_EDGE('',*,*,#4776,.F.);
#4867=ORIENTED_EDGE('',*,*,#4838,.T.);
#4868=ORIENTED_EDGE('',*,*,#4836,.T.);
#4869=ORIENTED_EDGE('',*,*,#4852,.F.);
#4870=ORIENTED_EDGE('',*,*,#3755,.T.);
#4871=ORIENTED_EDGE('',*,*,#3775,.F.);
#4872=ORIENTED_EDGE('',*,*,#4733,.T.);
#4873=EDGE_LOOP('',(#4864,#4865,#4866,#4867,#4868,#4869,#4870,#4871,#4872));
#4874=FACE_OUTER_BOUND('',#4873,.F.);
#4876=ORIENTED_EDGE('',*,*,#4875,.T.);
#4878=ORIENTED_EDGE('',*,*,#4877,.T.);
#4879=EDGE_LOOP('',(#4876,#4878));
#4880=FACE_BOUND('',#4879,.F.);
#4882=CARTESIAN_POINT('',(6.919291338583E-1,7.729126187142E-1,
-2.805118110236E-1));
#4883=DIRECTION('',(0.E0,1.E0,0.E0));
#4884=DIRECTION('',(0.E0,0.E0,1.E0));
#4885=AXIS2_PLACEMENT_3D('',#4882,#4883,#4884);
#4886=CYLINDRICAL_SURFACE('',#4885,4.429133858268E-2);
#4887=ORIENTED_EDGE('',*,*,#4875,.F.);
#4889=ORIENTED_EDGE('',*,*,#4888,.F.);
#4890=ORIENTED_EDGE('',*,*,#3469,.F.);
#4892=ORIENTED_EDGE('',*,*,#4891,.T.);
#4893=EDGE_LOOP('',(#4887,#4889,#4890,#4892));
#4894=FACE_OUTER_BOUND('',#4893,.F.);
#4896=CARTESIAN_POINT('',(6.919291338583E-1,7.729126187142E-1,
-2.805118110236E-1));
#4897=DIRECTION('',(0.E0,1.E0,0.E0));
#4898=DIRECTION('',(0.E0,0.E0,1.E0));
#4899=AXIS2_PLACEMENT_3D('',#4896,#4897,#4898);
#4900=CYLINDRICAL_SURFACE('',#4899,4.429133858268E-2);
#4901=ORIENTED_EDGE('',*,*,#4877,.F.);
#4902=ORIENTED_EDGE('',*,*,#4891,.F.);
#4903=ORIENTED_EDGE('',*,*,#3471,.F.);
#4904=ORIENTED_EDGE('',*,*,#4888,.T.);
#4905=EDGE_LOOP('',(#4901,#4902,#4903,#4904));
#4906=FACE_OUTER_BOUND('',#4905,.F.);
#4908=CARTESIAN_POINT('',(-6.053149606299E-1,-7.066929133858E-1,
-3.937007874016E-1));
#4909=DIRECTION('',(0.E0,0.E0,-1.E0));
#4910=DIRECTION('',(-1.E0,0.E0,0.E0));
#4911=AXIS2_PLACEMENT_3D('',#4908,#4909,#4910);
#4912=CYLINDRICAL_SURFACE('',#4911,7.874015748031E-3);
#4914=ORIENTED_EDGE('',*,*,#4913,.F.);
#4915=ORIENTED_EDGE('',*,*,#4652,.T.);
#4916=ORIENTED_EDGE('',*,*,#3828,.F.);
#4918=ORIENTED_EDGE('',*,*,#4917,.T.);
#4919=EDGE_LOOP('',(#4914,#4915,#4916,#4918));
#4920=FACE_OUTER_BOUND('',#4919,.F.);
#4922=CARTESIAN_POINT('',(-6.919291338583E-1,-7.066929133858E-1,
-2.805118110236E-1));
#4923=DIRECTION('',(0.E0,1.E0,0.E0));
#4924=DIRECTION('',(0.E0,0.E0,1.E0));
#4925=AXIS2_PLACEMENT_3D('',#4922,#4923,#4924);
#4926=TOROIDAL_SURFACE('',#4925,8.661417322835E-2,7.874015748031E-3);
#4928=ORIENTED_EDGE('',*,*,#4927,.T.);
#4929=ORIENTED_EDGE('',*,*,#4654,.F.);
#4930=ORIENTED_EDGE('',*,*,#4913,.T.);
#4932=ORIENTED_EDGE('',*,*,#4931,.T.);
#4933=EDGE_LOOP('',(#4928,#4929,#4930,#4932));
#4934=FACE_OUTER_BOUND('',#4933,.F.);
#4936=CARTESIAN_POINT('',(-8.051181102362E-1,-7.066929133858E-1,
-1.938976377953E-1));
#4937=DIRECTION('',(1.E0,0.E0,0.E0));
#4938=DIRECTION('',(0.E0,0.E0,-1.E0));
#4939=AXIS2_PLACEMENT_3D('',#4936,#4937,#4938);
#4940=CYLINDRICAL_SURFACE('',#4939,7.874015748031E-3);
#4942=ORIENTED_EDGE('',*,*,#4941,.F.);
#4943=ORIENTED_EDGE('',*,*,#4656,.T.);
#4944=ORIENTED_EDGE('',*,*,#4927,.F.);
#4946=ORIENTED_EDGE('',*,*,#4945,.T.);
#4947=EDGE_LOOP('',(#4942,#4943,#4944,#4946));
#4948=FACE_OUTER_BOUND('',#4947,.F.);
#4950=CARTESIAN_POINT('',(-7.458847052547E-1,-7.066929133858E-1,
-1.938976377953E-1));
#4951=DIRECTION('',(1.734723475977E-14,0.E0,1.E0));
#4952=DIRECTION('',(1.E0,0.E0,-1.734723475977E-14));
#4953=AXIS2_PLACEMENT_3D('',#4950,#4951,#4952);
#4954=SPHERICAL_SURFACE('',#4953,7.874015748031E-3);
#4955=ORIENTED_EDGE('',*,*,#3995,.T.);
#4957=ORIENTED_EDGE('',*,*,#4956,.T.);
#4958=ORIENTED_EDGE('',*,*,#4941,.T.);
#4959=EDGE_LOOP('',(#4955,#4957,#4958));
#4960=FACE_OUTER_BOUND('',#4959,.F.);
#4962=CARTESIAN_POINT('',(-7.458847052547E-1,-7.066929133858E-1,0.E0));
#4963=DIRECTION('',(0.E0,0.E0,-1.E0));
#4964=DIRECTION('',(-1.E0,0.E0,0.E0));
#4965=AXIS2_PLACEMENT_3D('',#4962,#4963,#4964);
#4966=CYLINDRICAL_SURFACE('',#4965,7.874015748031E-3);
#4968=ORIENTED_EDGE('',*,*,#4967,.F.);
#4969=ORIENTED_EDGE('',*,*,#4658,.T.);
#4970=ORIENTED_EDGE('',*,*,#4956,.F.);
#4971=ORIENTED_EDGE('',*,*,#4023,.T.);
#4972=EDGE_LOOP('',(#4968,#4969,#4970,#4971));
#4973=FACE_OUTER_BOUND('',#4972,.F.);
#4975=CARTESIAN_POINT('',(-7.458847052547E-1,-7.066929133858E-1,
1.938976377953E-1));
#4976=DIRECTION('',(3.469446951954E-14,0.E0,-1.E0));
#4977=DIRECTION('',(-1.E0,0.E0,-3.469446951954E-14));
#4978=AXIS2_PLACEMENT_3D('',#4975,#4976,#4977);
#4979=SPHERICAL_SURFACE('',#4978,7.874015748031E-3);
#4980=ORIENTED_EDGE('',*,*,#4315,.T.);
#4982=ORIENTED_EDGE('',*,*,#4981,.T.);
#4983=ORIENTED_EDGE('',*,*,#4967,.T.);
#4984=EDGE_LOOP('',(#4980,#4982,#4983));
#4985=FACE_OUTER_BOUND('',#4984,.F.);
#4987=CARTESIAN_POINT('',(-8.051181102362E-1,-7.066929133858E-1,
1.938976377953E-1));
#4988=DIRECTION('',(-1.E0,0.E0,0.E0));
#4989=DIRECTION('',(0.E0,0.E0,1.E0));
#4990=AXIS2_PLACEMENT_3D('',#4987,#4988,#4989);
#4991=CYLINDRICAL_SURFACE('',#4990,7.874015748031E-3);
#4993=ORIENTED_EDGE('',*,*,#4992,.F.);
#4994=ORIENTED_EDGE('',*,*,#4660,.T.);
#4995=ORIENTED_EDGE('',*,*,#4981,.F.);
#4996=ORIENTED_EDGE('',*,*,#4329,.T.);
#4997=EDGE_LOOP('',(#4993,#4994,#4995,#4996));
#4998=FACE_OUTER_BOUND('',#4997,.F.);
#5000=CARTESIAN_POINT('',(-6.919291338583E-1,-7.066929133858E-1,
2.805118110236E-1));
#5001=DIRECTION('',(0.E0,1.E0,0.E0));
#5002=DIRECTION('',(0.E0,0.E0,1.E0));
#5003=AXIS2_PLACEMENT_3D('',#5000,#5001,#5002);
#5004=TOROIDAL_SURFACE('',#5003,8.661417322835E-2,7.874015748031E-3);
#5005=ORIENTED_EDGE('',*,*,#4372,.T.);
#5006=ORIENTED_EDGE('',*,*,#4662,.F.);
#5007=ORIENTED_EDGE('',*,*,#4992,.T.);
#5008=ORIENTED_EDGE('',*,*,#4343,.T.);
#5009=EDGE_LOOP('',(#5005,#5006,#5007,#5008));
#5010=FACE_OUTER_BOUND('',#5009,.F.);
#5012=CARTESIAN_POINT('',(-8.051181102362E-1,-6.555118110236E-1,
-2.017716535433E-1));
#5013=DIRECTION('',(0.E0,0.E0,-1.E0));
#5014=DIRECTION('',(-1.E0,0.E0,0.E0));
#5015=AXIS2_PLACEMENT_3D('',#5012,#5013,#5014);
#5016=PLANE('',#5015);
#5017=ORIENTED_EDGE('',*,*,#3997,.T.);
#5018=ORIENTED_EDGE('',*,*,#4945,.F.);
#5020=ORIENTED_EDGE('',*,*,#5019,.F.);
#5021=ORIENTED_EDGE('',*,*,#3863,.T.);
#5022=EDGE_LOOP('',(#5017,#5018,#5020,#5021));
#5023=FACE_OUTER_BOUND('',#5022,.F.);
#5025=CARTESIAN_POINT('',(-6.919291338583E-1,-6.555118110236E-1,
-2.805118110236E-1));
#5026=DIRECTION('',(0.E0,1.E0,0.E0));
#5027=DIRECTION('',(0.E0,0.E0,1.E0));
#5028=AXIS2_PLACEMENT_3D('',#5025,#5026,#5027);
#5029=CYLINDRICAL_SURFACE('',#5028,7.874015748031E-2);
#5030=ORIENTED_EDGE('',*,*,#5019,.T.);
#5031=ORIENTED_EDGE('',*,*,#4931,.F.);
#5033=ORIENTED_EDGE('',*,*,#5032,.T.);
#5034=ORIENTED_EDGE('',*,*,#3865,.F.);
#5035=EDGE_LOOP('',(#5030,#5031,#5033,#5034));
#5036=FACE_OUTER_BOUND('',#5035,.F.);
#5038=CARTESIAN_POINT('',(-6.131889763780E-1,-6.555118110236E-1,
-3.937007874016E-1));
#5039=DIRECTION('',(-1.E0,0.E0,0.E0));
#5040=DIRECTION('',(0.E0,0.E0,1.E0));
#5041=AXIS2_PLACEMENT_3D('',#5038,#5039,#5040);
#5042=PLANE('',#5041);
#5043=ORIENTED_EDGE('',*,*,#4917,.F.);
#5044=ORIENTED_EDGE('',*,*,#3841,.T.);
#5045=ORIENTED_EDGE('',*,*,#3867,.T.);
#5046=ORIENTED_EDGE('',*,*,#5032,.F.);
#5047=EDGE_LOOP('',(#5043,#5044,#5045,#5046));
#5048=FACE_OUTER_BOUND('',#5047,.F.);
#5050=CARTESIAN_POINT('',(0.E0,-6.476377952756E-1,-3.758182212907E-1));
#5051=DIRECTION('',(-1.E0,0.E0,0.E0));
#5052=DIRECTION('',(0.E0,0.E0,1.E0));
#5053=AXIS2_PLACEMENT_3D('',#5050,#5051,#5052);
#5054=CYLINDRICAL_SURFACE('',#5053,7.874015748031E-3);
#5055=ORIENTED_EDGE('',*,*,#3870,.T.);
#5056=ORIENTED_EDGE('',*,*,#3845,.T.);
#5057=ORIENTED_EDGE('',*,*,#3739,.T.);
#5058=ORIENTED_EDGE('',*,*,#3964,.F.);
#5059=EDGE_LOOP('',(#5055,#5056,#5057,#5058));
#5060=FACE_OUTER_BOUND('',#5059,.F.);
#5062=CARTESIAN_POINT('',(-6.919291338583E-1,-7.994824507674E-1,
2.805118110236E-1));
#5063=DIRECTION('',(0.E0,-1.E0,0.E0));
#5064=DIRECTION('',(0.E0,0.E0,-1.E0));
#5065=AXIS2_PLACEMENT_3D('',#5062,#5063,#5064);
#5066=CYLINDRICAL_SURFACE('',#5065,8.858267716535E-2);
#5068=ORIENTED_EDGE('',*,*,#5067,.T.);
#5069=ORIENTED_EDGE('',*,*,#3424,.F.);
#5070=ORIENTED_EDGE('',*,*,#3422,.F.);
#5071=ORIENTED_EDGE('',*,*,#3395,.T.);
#5073=ORIENTED_EDGE('',*,*,#5072,.F.);
#5075=ORIENTED_EDGE('',*,*,#5074,.F.);
#5076=EDGE_LOOP('',(#5068,#5069,#5070,#5071,#5073,#5075));
#5077=FACE_OUTER_BOUND('',#5076,.F.);
#5079=CARTESIAN_POINT('',(-8.051181102362E-1,-7.145669291339E-1,
3.149606299213E-1));
#5080=DIRECTION('',(0.E0,0.E0,1.E0));
#5081=DIRECTION('',(1.E0,0.E0,0.E0));
#5082=AXIS2_PLACEMENT_3D('',#5079,#5080,#5081);
#5083=PLANE('',#5082);
#5085=ORIENTED_EDGE('',*,*,#5084,.T.);
#5087=ORIENTED_EDGE('',*,*,#5086,.F.);
#5088=ORIENTED_EDGE('',*,*,#3426,.F.);
#5089=ORIENTED_EDGE('',*,*,#5067,.F.);
#5091=ORIENTED_EDGE('',*,*,#5090,.T.);
#5093=ORIENTED_EDGE('',*,*,#5092,.T.);
#5095=ORIENTED_EDGE('',*,*,#5094,.T.);
#5097=ORIENTED_EDGE('',*,*,#5096,.T.);
#5098=EDGE_LOOP('',(#5085,#5087,#5088,#5089,#5091,#5093,#5095,#5097));
#5099=FACE_OUTER_BOUND('',#5098,.F.);
#5101=CARTESIAN_POINT('',(6.919291338583E-1,-5.767716535433E-1,
2.805118110236E-1));
#5102=DIRECTION('',(0.E0,1.E0,0.E0));
#5103=DIRECTION('',(0.E0,0.E0,1.E0));
#5104=AXIS2_PLACEMENT_3D('',#5101,#5102,#5103);
#5105=PLANE('',#5104);
#5107=ORIENTED_EDGE('',*,*,#5106,.F.);
#5109=ORIENTED_EDGE('',*,*,#5108,.T.);
#5111=ORIENTED_EDGE('',*,*,#5110,.T.);
#5112=ORIENTED_EDGE('',*,*,#5084,.F.);
#5114=ORIENTED_EDGE('',*,*,#5113,.F.);
#5116=ORIENTED_EDGE('',*,*,#5115,.T.);
#5118=ORIENTED_EDGE('',*,*,#5117,.F.);
#5119=EDGE_LOOP('',(#5107,#5109,#5111,#5112,#5114,#5116,#5118));
#5120=FACE_OUTER_BOUND('',#5119,.F.);
#5122=CARTESIAN_POINT('',(7.263779527559E-1,-7.145669291339E-1,
3.937007874016E-1));
#5123=DIRECTION('',(1.E0,0.E0,0.E0));
#5124=DIRECTION('',(0.E0,0.E0,-1.E0));
#5125=AXIS2_PLACEMENT_3D('',#5122,#5123,#5124);
#5126=PLANE('',#5125);
#5128=ORIENTED_EDGE('',*,*,#5127,.F.);
#5130=ORIENTED_EDGE('',*,*,#5129,.F.);
#5131=ORIENTED_EDGE('',*,*,#3432,.F.);
#5133=ORIENTED_EDGE('',*,*,#5132,.F.);
#5134=ORIENTED_EDGE('',*,*,#5106,.T.);
#5136=ORIENTED_EDGE('',*,*,#5135,.T.);
#5138=ORIENTED_EDGE('',*,*,#5137,.T.);
#5140=ORIENTED_EDGE('',*,*,#5139,.T.);
#5141=EDGE_LOOP('',(#5128,#5130,#5131,#5133,#5134,#5136,#5138,#5140));
#5142=FACE_OUTER_BOUND('',#5141,.F.);
#5144=CARTESIAN_POINT('',(6.919291338583E-1,-5.767716535433E-1,
-2.805118110236E-1));
#5145=DIRECTION('',(0.E0,-1.E0,0.E0));
#5146=DIRECTION('',(0.E0,0.E0,-1.E0));
#5147=AXIS2_PLACEMENT_3D('',#5144,#5145,#5146);
#5148=PLANE('',#5147);
#5149=ORIENTED_EDGE('',*,*,#5127,.T.);
#5151=ORIENTED_EDGE('',*,*,#5150,.T.);
#5153=ORIENTED_EDGE('',*,*,#5152,.T.);
#5155=ORIENTED_EDGE('',*,*,#5154,.T.);
#5157=ORIENTED_EDGE('',*,*,#5156,.T.);
#5159=ORIENTED_EDGE('',*,*,#5158,.T.);
#5161=ORIENTED_EDGE('',*,*,#5160,.T.);
#5162=EDGE_LOOP('',(#5149,#5151,#5153,#5155,#5157,#5159,#5161));
#5163=FACE_OUTER_BOUND('',#5162,.F.);
#5165=CARTESIAN_POINT('',(8.051181102362E-1,-6.555118110236E-1,
-1.230314960630E-1));
#5166=DIRECTION('',(0.E0,0.E0,-1.E0));
#5167=DIRECTION('',(-1.E0,0.E0,0.E0));
#5168=AXIS2_PLACEMENT_3D('',#5165,#5166,#5167);
#5169=PLANE('',#5168);
#5171=ORIENTED_EDGE('',*,*,#5170,.T.);
#5173=ORIENTED_EDGE('',*,*,#5172,.F.);
#5175=ORIENTED_EDGE('',*,*,#5174,.F.);
#5176=ORIENTED_EDGE('',*,*,#5150,.F.);
#5177=ORIENTED_EDGE('',*,*,#5139,.F.);
#5178=EDGE_LOOP('',(#5171,#5173,#5175,#5176,#5177));
#5179=FACE_OUTER_BOUND('',#5178,.F.);
#5181=CARTESIAN_POINT('',(6.854834974410E-1,-6.694034302086E-1,0.E0));
#5182=DIRECTION('',(-8.191520442890E-1,5.735764363510E-1,0.E0));
#5183=DIRECTION('',(0.E0,0.E0,1.E0));
#5184=AXIS2_PLACEMENT_3D('',#5181,#5182,#5183);
#5185=PLANE('',#5184);
#5187=ORIENTED_EDGE('',*,*,#5186,.F.);
#5189=ORIENTED_EDGE('',*,*,#5188,.F.);
#5190=ORIENTED_EDGE('',*,*,#5170,.F.);
#5191=ORIENTED_EDGE('',*,*,#5137,.F.);
#5192=EDGE_LOOP('',(#5187,#5189,#5190,#5191));
#5193=FACE_OUTER_BOUND('',#5192,.F.);
#5195=CARTESIAN_POINT('',(8.051181102362E-1,-6.555118110236E-1,
1.230314960630E-1));
#5196=DIRECTION('',(0.E0,0.E0,1.E0));
#5197=DIRECTION('',(1.E0,0.E0,0.E0));
#5198=AXIS2_PLACEMENT_3D('',#5195,#5196,#5197);
#5199=PLANE('',#5198);
#5200=ORIENTED_EDGE('',*,*,#5135,.F.);
#5201=ORIENTED_EDGE('',*,*,#5117,.T.);
#5203=ORIENTED_EDGE('',*,*,#5202,.F.);
#5205=ORIENTED_EDGE('',*,*,#5204,.F.);
#5206=ORIENTED_EDGE('',*,*,#5186,.T.);
#5207=EDGE_LOOP('',(#5200,#5201,#5203,#5205,#5206));
#5208=FACE_OUTER_BOUND('',#5207,.F.);
#5210=CARTESIAN_POINT('',(6.919291338583E-1,-6.555118110236E-1,
2.805118110236E-1));
#5211=DIRECTION('',(0.E0,1.E0,0.E0));
#5212=DIRECTION('',(0.E0,0.E0,1.E0));
#5213=AXIS2_PLACEMENT_3D('',#5210,#5211,#5212);
#5214=CYLINDRICAL_SURFACE('',#5213,1.574803149606E-1);
#5216=ORIENTED_EDGE('',*,*,#5215,.F.);
#5217=ORIENTED_EDGE('',*,*,#5202,.T.);
#5218=ORIENTED_EDGE('',*,*,#5115,.F.);
#5220=ORIENTED_EDGE('',*,*,#5219,.T.);
#5221=EDGE_LOOP('',(#5216,#5217,#5218,#5220));
#5222=FACE_OUTER_BOUND('',#5221,.F.);
#5224=CARTESIAN_POINT('',(0.E0,-6.358267716535E-1,0.E0));
#5225=DIRECTION('',(0.E0,1.E0,0.E0));
#5226=DIRECTION('',(0.E0,0.E0,1.E0));
#5227=AXIS2_PLACEMENT_3D('',#5224,#5225,#5226);
#5228=PLANE('',#5227);
#5230=ORIENTED_EDGE('',*,*,#5229,.T.);
#5232=ORIENTED_EDGE('',*,*,#5231,.T.);
#5234=ORIENTED_EDGE('',*,*,#5233,.T.);
#5236=ORIENTED_EDGE('',*,*,#5235,.T.);
#5237=ORIENTED_EDGE('',*,*,#5172,.T.);
#5238=ORIENTED_EDGE('',*,*,#5188,.T.);
#5239=ORIENTED_EDGE('',*,*,#5204,.T.);
#5240=ORIENTED_EDGE('',*,*,#5215,.T.);
#5242=ORIENTED_EDGE('',*,*,#5241,.T.);
#5244=ORIENTED_EDGE('',*,*,#5243,.T.);
#5246=ORIENTED_EDGE('',*,*,#5245,.T.);
#5248=ORIENTED_EDGE('',*,*,#5247,.T.);
#5250=ORIENTED_EDGE('',*,*,#5249,.T.);
#5252=ORIENTED_EDGE('',*,*,#5251,.T.);
#5254=ORIENTED_EDGE('',*,*,#5253,.T.);
#5256=ORIENTED_EDGE('',*,*,#5255,.T.);
#5257=EDGE_LOOP('',(#5230,#5232,#5234,#5236,#5237,#5238,#5239,#5240,#5242,#5244,
#5246,#5248,#5250,#5252,#5254,#5256));
#5258=FACE_OUTER_BOUND('',#5257,.F.);
#5260=CARTESIAN_POINT('',(-5.344488188976E-1,-6.555118110236E-1,
-3.937007874016E-1));
#5261=DIRECTION('',(-1.E0,0.E0,0.E0));
#5262=DIRECTION('',(0.E0,0.E0,1.E0));
#5263=AXIS2_PLACEMENT_3D('',#5260,#5261,#5262);
#5264=PLANE('',#5263);
#5266=ORIENTED_EDGE('',*,*,#5265,.T.);
#5267=ORIENTED_EDGE('',*,*,#5229,.F.);
#5269=ORIENTED_EDGE('',*,*,#5268,.F.);
#5271=ORIENTED_EDGE('',*,*,#5270,.T.);
#5273=ORIENTED_EDGE('',*,*,#5272,.F.);
#5274=EDGE_LOOP('',(#5266,#5267,#5269,#5271,#5273));
#5275=FACE_OUTER_BOUND('',#5274,.F.);
#5277=CARTESIAN_POINT('',(0.E0,-6.694034302086E-1,-2.740661746064E-1));
#5278=DIRECTION('',(0.E0,5.735764363510E-1,8.191520442890E-1));
#5279=DIRECTION('',(1.E0,0.E0,0.E0));
#5280=AXIS2_PLACEMENT_3D('',#5277,#5278,#5279);
#5281=PLANE('',#5280);
#5283=ORIENTED_EDGE('',*,*,#5282,.F.);
#5284=ORIENTED_EDGE('',*,*,#5231,.F.);
#5285=ORIENTED_EDGE('',*,*,#5265,.F.);
#5287=ORIENTED_EDGE('',*,*,#5286,.F.);
#5288=EDGE_LOOP('',(#5283,#5284,#5285,#5287));
#5289=FACE_OUTER_BOUND('',#5288,.F.);
#5291=CARTESIAN_POINT('',(5.344488188976E-1,-6.555118110236E-1,
-3.937007874016E-1));
#5292=DIRECTION('',(1.E0,0.E0,0.E0));
#5293=DIRECTION('',(0.E0,0.E0,-1.E0));
#5294=AXIS2_PLACEMENT_3D('',#5291,#5292,#5293);
#5295=PLANE('',#5294);
#5297=ORIENTED_EDGE('',*,*,#5296,.F.);
#5298=ORIENTED_EDGE('',*,*,#5154,.F.);
#5300=ORIENTED_EDGE('',*,*,#5299,.F.);
#5301=ORIENTED_EDGE('',*,*,#5233,.F.);
#5302=ORIENTED_EDGE('',*,*,#5282,.T.);
#5303=EDGE_LOOP('',(#5297,#5298,#5300,#5301,#5302));
#5304=FACE_OUTER_BOUND('',#5303,.F.);
#5306=CARTESIAN_POINT('',(8.051181102362E-1,-7.145669291339E-1,
-3.149606299213E-1));
#5307=DIRECTION('',(0.E0,0.E0,-1.E0));
#5308=DIRECTION('',(-1.E0,0.E0,0.E0));
#5309=AXIS2_PLACEMENT_3D('',#5306,#5307,#5308);
#5310=PLANE('',#5309);
#5312=ORIENTED_EDGE('',*,*,#5311,.T.);
#5314=ORIENTED_EDGE('',*,*,#5313,.F.);
#5315=ORIENTED_EDGE('',*,*,#3438,.F.);
#5317=ORIENTED_EDGE('',*,*,#5316,.F.);
#5318=ORIENTED_EDGE('',*,*,#5156,.F.);
#5319=ORIENTED_EDGE('',*,*,#5296,.T.);
#5320=ORIENTED_EDGE('',*,*,#5286,.T.);
#5321=ORIENTED_EDGE('',*,*,#5272,.T.);
#5322=EDGE_LOOP('',(#5312,#5314,#5315,#5317,#5318,#5319,#5320,#5321));
#5323=FACE_OUTER_BOUND('',#5322,.F.);
#5325=CARTESIAN_POINT('',(-6.919291338583E-1,-5.767716535433E-1,
-2.805118110236E-1));
#5326=DIRECTION('',(0.E0,1.E0,0.E0));
#5327=DIRECTION('',(0.E0,0.E0,1.E0));
#5328=AXIS2_PLACEMENT_3D('',#5325,#5326,#5327);
#5329=PLANE('',#5328);
#5330=ORIENTED_EDGE('',*,*,#5270,.F.);
#5332=ORIENTED_EDGE('',*,*,#5331,.T.);
#5334=ORIENTED_EDGE('',*,*,#5333,.F.);
#5335=ORIENTED_EDGE('',*,*,#3385,.F.);
#5337=ORIENTED_EDGE('',*,*,#5336,.T.);
#5339=ORIENTED_EDGE('',*,*,#5338,.T.);
#5340=ORIENTED_EDGE('',*,*,#5311,.F.);
#5341=EDGE_LOOP('',(#5330,#5332,#5334,#5335,#5337,#5339,#5340));
#5342=FACE_OUTER_BOUND('',#5341,.F.);
#5344=CARTESIAN_POINT('',(-6.919291338583E-1,-6.555118110236E-1,
-2.805118110236E-1));
#5345=DIRECTION('',(0.E0,1.E0,0.E0));
#5346=DIRECTION('',(0.E0,0.E0,1.E0));
#5347=AXIS2_PLACEMENT_3D('',#5344,#5345,#5346);
#5348=CYLINDRICAL_SURFACE('',#5347,1.574803149606E-1);
#5349=ORIENTED_EDGE('',*,*,#5255,.F.);
#5351=ORIENTED_EDGE('',*,*,#5350,.T.);
#5352=ORIENTED_EDGE('',*,*,#5331,.F.);
#5353=ORIENTED_EDGE('',*,*,#5268,.T.);
#5354=EDGE_LOOP('',(#5349,#5351,#5352,#5353));
#5355=FACE_OUTER_BOUND('',#5354,.F.);
#5357=CARTESIAN_POINT('',(-8.051181102362E-1,-6.555118110236E-1,
-1.230314960630E-1));
#5358=DIRECTION('',(0.E0,0.E0,-1.E0));
#5359=DIRECTION('',(-1.E0,0.E0,0.E0));
#5360=AXIS2_PLACEMENT_3D('',#5357,#5358,#5359);
#5361=PLANE('',#5360);
#5362=ORIENTED_EDGE('',*,*,#3387,.F.);
#5363=ORIENTED_EDGE('',*,*,#5333,.T.);
#5364=ORIENTED_EDGE('',*,*,#5350,.F.);
#5365=ORIENTED_EDGE('',*,*,#5253,.F.);
#5367=ORIENTED_EDGE('',*,*,#5366,.T.);
#5368=EDGE_LOOP('',(#5362,#5363,#5364,#5365,#5367));
#5369=FACE_OUTER_BOUND('',#5368,.F.);
#5371=CARTESIAN_POINT('',(-6.854834974410E-1,-6.694034302086E-1,0.E0));
#5372=DIRECTION('',(8.191520442890E-1,5.735764363510E-1,0.E0));
#5373=DIRECTION('',(0.E0,0.E0,-1.E0));
#5374=AXIS2_PLACEMENT_3D('',#5371,#5372,#5373);
#5375=PLANE('',#5374);
#5376=ORIENTED_EDGE('',*,*,#5366,.F.);
#5377=ORIENTED_EDGE('',*,*,#5251,.F.);
#5379=ORIENTED_EDGE('',*,*,#5378,.F.);
#5380=ORIENTED_EDGE('',*,*,#3389,.F.);
#5381=EDGE_LOOP('',(#5376,#5377,#5379,#5380));
#5382=FACE_OUTER_BOUND('',#5381,.F.);
#5384=CARTESIAN_POINT('',(-8.051181102362E-1,-6.555118110236E-1,
1.230314960630E-1));
#5385=DIRECTION('',(0.E0,0.E0,1.E0));
#5386=DIRECTION('',(1.E0,0.E0,0.E0));
#5387=AXIS2_PLACEMENT_3D('',#5384,#5385,#5386);
#5388=PLANE('',#5387);
#5389=ORIENTED_EDGE('',*,*,#5378,.T.);
#5390=ORIENTED_EDGE('',*,*,#5249,.F.);
#5392=ORIENTED_EDGE('',*,*,#5391,.F.);
#5394=ORIENTED_EDGE('',*,*,#5393,.F.);
#5395=ORIENTED_EDGE('',*,*,#3391,.F.);
#5396=EDGE_LOOP('',(#5389,#5390,#5392,#5394,#5395));
#5397=FACE_OUTER_BOUND('',#5396,.F.);
#5399=CARTESIAN_POINT('',(-6.919291338583E-1,-6.555118110236E-1,
2.805118110236E-1));
#5400=DIRECTION('',(0.E0,1.E0,0.E0));
#5401=DIRECTION('',(0.E0,0.E0,1.E0));
#5402=AXIS2_PLACEMENT_3D('',#5399,#5400,#5401);
#5403=CYLINDRICAL_SURFACE('',#5402,1.574803149606E-1);
#5404=ORIENTED_EDGE('',*,*,#5247,.F.);
#5406=ORIENTED_EDGE('',*,*,#5405,.T.);
#5408=ORIENTED_EDGE('',*,*,#5407,.F.);
#5409=ORIENTED_EDGE('',*,*,#5391,.T.);
#5410=EDGE_LOOP('',(#5404,#5406,#5408,#5409));
#5411=FACE_OUTER_BOUND('',#5410,.F.);
#5413=CARTESIAN_POINT('',(-5.344488188976E-1,-6.555118110236E-1,
3.937007874016E-1));
#5414=DIRECTION('',(-1.E0,0.E0,0.E0));
#5415=DIRECTION('',(0.E0,0.E0,1.E0));
#5416=AXIS2_PLACEMENT_3D('',#5413,#5414,#5415);
#5417=PLANE('',#5416);
#5418=ORIENTED_EDGE('',*,*,#5092,.F.);
#5420=ORIENTED_EDGE('',*,*,#5419,.F.);
#5421=ORIENTED_EDGE('',*,*,#5405,.F.);
#5422=ORIENTED_EDGE('',*,*,#5245,.F.);
#5424=ORIENTED_EDGE('',*,*,#5423,.T.);
#5425=EDGE_LOOP('',(#5418,#5420,#5421,#5422,#5424));
#5426=FACE_OUTER_BOUND('',#5425,.F.);
#5428=CARTESIAN_POINT('',(-6.919291338583E-1,-5.767716535433E-1,
2.805118110236E-1));
#5429=DIRECTION('',(0.E0,-1.E0,0.E0));
#5430=DIRECTION('',(0.E0,0.E0,-1.E0));
#5431=AXIS2_PLACEMENT_3D('',#5428,#5429,#5430);
#5432=PLANE('',#5431);
#5433=ORIENTED_EDGE('',*,*,#5393,.T.);
#5434=ORIENTED_EDGE('',*,*,#5407,.T.);
#5435=ORIENTED_EDGE('',*,*,#5419,.T.);
#5436=ORIENTED_EDGE('',*,*,#5090,.F.);
#5437=ORIENTED_EDGE('',*,*,#5074,.T.);
#5438=ORIENTED_EDGE('',*,*,#5072,.T.);
#5439=ORIENTED_EDGE('',*,*,#3393,.F.);
#5440=EDGE_LOOP('',(#5433,#5434,#5435,#5436,#5437,#5438,#5439));
#5441=FACE_OUTER_BOUND('',#5440,.F.);
#5443=CARTESIAN_POINT('',(0.E0,-6.694034302086E-1,2.740661746064E-1));
#5444=DIRECTION('',(0.E0,5.735764363510E-1,-8.191520442890E-1));
#5445=DIRECTION('',(-1.E0,0.E0,0.E0));
#5446=AXIS2_PLACEMENT_3D('',#5443,#5444,#5445);
#5447=PLANE('',#5446);
#5448=ORIENTED_EDGE('',*,*,#5423,.F.);
#5449=ORIENTED_EDGE('',*,*,#5243,.F.);
#5451=ORIENTED_EDGE('',*,*,#5450,.F.);
#5452=ORIENTED_EDGE('',*,*,#5094,.F.);
#5453=EDGE_LOOP('',(#5448,#5449,#5451,#5452));
#5454=FACE_OUTER_BOUND('',#5453,.F.);
#5456=CARTESIAN_POINT('',(5.344488188976E-1,-6.555118110236E-1,
3.937007874016E-1));
#5457=DIRECTION('',(1.E0,0.E0,0.E0));
#5458=DIRECTION('',(0.E0,0.E0,-1.E0));
#5459=AXIS2_PLACEMENT_3D('',#5456,#5457,#5458);
#5460=PLANE('',#5459);
#5461=ORIENTED_EDGE('',*,*,#5450,.T.);
#5462=ORIENTED_EDGE('',*,*,#5241,.F.);
#5463=ORIENTED_EDGE('',*,*,#5219,.F.);
#5464=ORIENTED_EDGE('',*,*,#5113,.T.);
#5465=ORIENTED_EDGE('',*,*,#5096,.F.);
#5466=EDGE_LOOP('',(#5461,#5462,#5463,#5464,#5465));
#5467=FACE_OUTER_BOUND('',#5466,.F.);
#5469=CARTESIAN_POINT('',(-6.919291338583E-1,-7.994824507674E-1,
-2.805118110236E-1));
#5470=DIRECTION('',(0.E0,-1.E0,0.E0));
#5471=DIRECTION('',(0.E0,0.E0,-1.E0));
#5472=AXIS2_PLACEMENT_3D('',#5469,#5470,#5471);
#5473=CYLINDRICAL_SURFACE('',#5472,8.858267716535E-2);
#5474=ORIENTED_EDGE('',*,*,#3383,.T.);
#5475=ORIENTED_EDGE('',*,*,#3442,.F.);
#5476=ORIENTED_EDGE('',*,*,#3440,.F.);
#5477=ORIENTED_EDGE('',*,*,#5313,.T.);
#5478=ORIENTED_EDGE('',*,*,#5338,.F.);
#5479=ORIENTED_EDGE('',*,*,#5336,.F.);
#5480=EDGE_LOOP('',(#5474,#5475,#5476,#5477,#5478,#5479));
#5481=FACE_OUTER_BOUND('',#5480,.F.);
#5483=CARTESIAN_POINT('',(6.919291338583E-1,-7.994824507674E-1,
-2.805118110236E-1));
#5484=DIRECTION('',(0.E0,-1.E0,0.E0));
#5485=DIRECTION('',(0.E0,0.E0,-1.E0));
#5486=AXIS2_PLACEMENT_3D('',#5483,#5484,#5485);
#5487=CYLINDRICAL_SURFACE('',#5486,8.858267716535E-2);
#5488=ORIENTED_EDGE('',*,*,#5316,.T.);
#5489=ORIENTED_EDGE('',*,*,#3436,.F.);
#5490=ORIENTED_EDGE('',*,*,#3434,.F.);
#5491=ORIENTED_EDGE('',*,*,#5129,.T.);
#5492=ORIENTED_EDGE('',*,*,#5160,.F.);
#5493=ORIENTED_EDGE('',*,*,#5158,.F.);
#5494=EDGE_LOOP('',(#5488,#5489,#5490,#5491,#5492,#5493));
#5495=FACE_OUTER_BOUND('',#5494,.F.);
#5497=CARTESIAN_POINT('',(6.919291338583E-1,-6.555118110236E-1,
-2.805118110236E-1));
#5498=DIRECTION('',(0.E0,1.E0,0.E0));
#5499=DIRECTION('',(0.E0,0.E0,1.E0));
#5500=AXIS2_PLACEMENT_3D('',#5497,#5498,#5499);
#5501=CYLINDRICAL_SURFACE('',#5500,1.574803149606E-1);
#5502=ORIENTED_EDGE('',*,*,#5235,.F.);
#5503=ORIENTED_EDGE('',*,*,#5299,.T.);
#5504=ORIENTED_EDGE('',*,*,#5152,.F.);
#5505=ORIENTED_EDGE('',*,*,#5174,.T.);
#5506=EDGE_LOOP('',(#5502,#5503,#5504,#5505));
#5507=FACE_OUTER_BOUND('',#5506,.F.);
#5509=CARTESIAN_POINT('',(6.919291338583E-1,-7.994824507674E-1,
2.805118110236E-1));
#5510=DIRECTION('',(0.E0,-1.E0,0.E0));
#5511=DIRECTION('',(0.E0,0.E0,-1.E0));
#5512=AXIS2_PLACEMENT_3D('',#5509,#5510,#5511);
#5513=CYLINDRICAL_SURFACE('',#5512,8.858267716535E-2);
#5514=ORIENTED_EDGE('',*,*,#5132,.T.);
#5515=ORIENTED_EDGE('',*,*,#3430,.F.);
#5516=ORIENTED_EDGE('',*,*,#3428,.F.);
#5517=ORIENTED_EDGE('',*,*,#5086,.T.);
#5518=ORIENTED_EDGE('',*,*,#5110,.F.);
#5519=ORIENTED_EDGE('',*,*,#5108,.F.);
#5520=EDGE_LOOP('',(#5514,#5515,#5516,#5517,#5518,#5519));
#5521=FACE_OUTER_BOUND('',#5520,.F.);
#5525=FILL_AREA_STYLE_COLOUR('',#1);
#5526=FILL_AREA_STYLE('',(#5525));
#5527=SURFACE_STYLE_FILL_AREA(#5526);
#5528=SURFACE_SIDE_STYLE('',(#5527));
#5529=SURFACE_STYLE_USAGE(.BOTH.,#5528);
#5530=PRESENTATION_STYLE_ASSIGNMENT((#5529));
#17=STYLED_ITEM('',(#5530),#5524);
#5532=LENGTH_MEASURE_WITH_UNIT(LENGTH_MEASURE(2.54E1),#5531);
#5533=(CONVERSION_BASED_UNIT('INCH',#5532)LENGTH_UNIT()NAMED_UNIT(*));
#5535=PLANE_ANGLE_MEASURE_WITH_UNIT(PLANE_ANGLE_MEASURE(1.745329251994E-2),
#5534);
#5536=(CONVERSION_BASED_UNIT('DEGREE',#5535)NAMED_UNIT(*)PLANE_ANGLE_UNIT());
#5538=UNCERTAINTY_MEASURE_WITH_UNIT(LENGTH_MEASURE(1.825070057065E-4),#5533,
'closure',
'Maximum model space distance between geometric entities at asserted connectivities');
#5540=CARTESIAN_POINT('',(0.E0,0.E0,0.E0));
#5541=DIRECTION('',(0.E0,0.E0,1.E0));
#5542=DIRECTION('',(1.E0,0.E0,0.E0));
#5545=MECHANICAL_DESIGN_GEOMETRIC_PRESENTATION_REPRESENTATION('',(#25,#32,#39,
#46,#53,#61,#68,#75,#82,#89,#96,#104,#111,#118,#125,#133,#140,#148,#155,#162,
#169,#176,#183,#190,#197,#204,#212,#220,#228,#236,#244,#252,#260,#268,#275,#282,
#290,#298,#305,#313,#321,#328,#336,#344,#351,#359,#367,#374,#381,#388,#396,#403,
#411,#418,#426,#433,#441,#449,#457,#467,#477,#485,#493,#501,#508,#515,#523,#539,
#555,#562,#570,#577,#587,#594,#601,#608,#615,#622,#629,#636,#646,#653,#660,#667,
#674,#681,#689,#697,#705,#712,#719,#727,#735,#743,#750,#758,#766,#776,#786,#794,
#802,#810,#817,#824,#832,#848,#864,#871,#879,#886,#896,#903,#910,#917,#924,#931,
#939,#949,#959,#967,#974,#981,#988,#996,#1003,#1011,#1018,#1026,#1033,#1041,
#1048,#1055,#1063,#1071,#1079,#1087,#1094,#1101,#1108,#1115,#1122,#1129,#1136,
#1143,#1150,#1157,#1165,#1175,#1185,#1193,#1200,#1207,#1214,#1221,#1229,#1239,
#1249,#1257,#1264,#1271,#1278,#1285,#1293,#1303,#1313,#1321,#1328,#1338,#1345,
#1352,#1359,#1366,#1373,#1380,#1387,#1394,#1401,#1408,#1416,#1424,#1432,#1439,
#1446,#1454,#1462,#1470,#1477,#1485,#1493,#1501,#1511,#1521,#1529,#1537,#1544,
#1551,#1558,#1565,#1572,#1579,#1586,#1593,#1603,#1610,#1621,#1628,#1636,#1643,
#1651,#1667,#1683,#1690,#1700,#1707,#1714,#1721,#1729,#1736,#1744,#1752,#1760,
#1768,#1776,#1784,#1791,#1798,#1805,#1816,#1823,#1831,#1839,#1847,#1854,#1861,
#1868,#1875,#1882,#1892,#1899,#1906,#1914,#1930,#1946,#1953,#1961,#1968,#1976,
#1984,#1992,#2002,#2012,#2020,#2028,#2035,#2042,#2049,#2056,#2064,#2072,#2080,
#2087,#2094,#2102,#2110,#2118,#2125,#2132,#2140,#2148,#2156,#2163,#2170,#2178,
#2186,#2194,#2201,#2208,#2215,#2222,#2229,#2236,#2243,#2253,#2260,#2267,#2274,
#2281,#2288,#2295,#2302,#2309,#2317,#2325,#2333,#2340,#2347,#2354,#2361,#2368,
#2375,#2383,#2390,#2397,#2405,#2413,#2420,#2427,#2434,#2441,#2448,#2455,#2462,
#2469,#2477,#2484,#2491,#2498,#2506,#2513,#2520,#2527,#2535,#2542,#2549,#2556,
#2564,#2571,#2578,#2585,#2592,#2599,#2606,#2613,#2621,#2629,#2637,#2644,#2651,
#2658,#2665,#2672,#2679,#2686,#2693,#2700,#2708,#2715,#2723,#2731,#2738,#2745,
#2752,#2759,#2766,#2773,#2780,#2787,#2794,#2801,#17),#5539);
#5546=APPLICATION_CONTEXT('automotive design');
#5547=APPLICATION_PROTOCOL_DEFINITION('international standard',
'config_control_design',1994,#5546);
#5548=PRODUCT_DEFINITION_CONTEXT('',#5546,'design');
#5549=PRODUCT_CONTEXT('',#5546,'mechanical');
#5550=PRODUCT('FILLET25_MIR1','FILLET25_MIR1','NOT SPECIFIED',(#5549));
#5551=PRODUCT_DEFINITION_FORMATION_WITH_SPECIFIED_SOURCE('1','LAST_VERSION',
#5550,.MADE.);
#5559=LENGTH_MEASURE_WITH_UNIT(LENGTH_MEASURE(2.54E1),#5558);
#5560=(CONVERSION_BASED_UNIT('INCH',#5559)LENGTH_UNIT()NAMED_UNIT(*));
#5561=DERIVED_UNIT_ELEMENT(#5560,2.E0);
#5562=AREA_UNIT((#5561));
#5563=MEASURE_REPRESENTATION_ITEM('surface area measure',AREA_MEASURE(
3.325596974433E3),#5562);
#5568=LENGTH_MEASURE_WITH_UNIT(LENGTH_MEASURE(2.54E1),#5567);
#5569=(CONVERSION_BASED_UNIT('INCH',#5568)LENGTH_UNIT()NAMED_UNIT(*));
#5570=DERIVED_UNIT_ELEMENT(#5569,3.E0);
#5571=VOLUME_UNIT((#5570));
#5572=MEASURE_REPRESENTATION_ITEM('volume measure',VOLUME_MEASURE(
2.905533742793E3),#5571);
#5576=CARTESIAN_POINT('centre point',(2.526695881889E-1,-1.506666588673E1,
1.849268906099E-8));
#5581=LENGTH_MEASURE_WITH_UNIT(LENGTH_MEASURE(2.54E1),#5580);
#5582=(CONVERSION_BASED_UNIT('INCH',#5581)LENGTH_UNIT()NAMED_UNIT(*));
#5583=DERIVED_UNIT_ELEMENT(#5582,2.E0);
#5584=AREA_UNIT((#5583));
#5585=MEASURE_REPRESENTATION_ITEM('surface area measure',AREA_MEASURE(
3.325596974433E3),#5584);
#5590=LENGTH_MEASURE_WITH_UNIT(LENGTH_MEASURE(2.54E1),#5589);
#5591=(CONVERSION_BASED_UNIT('INCH',#5590)LENGTH_UNIT()NAMED_UNIT(*));
#5592=DERIVED_UNIT_ELEMENT(#5591,3.E0);
#5593=VOLUME_UNIT((#5592));
#5594=MEASURE_REPRESENTATION_ITEM('volume measure',VOLUME_MEASURE(
2.905533742793E3),#5593);
#5598=CARTESIAN_POINT('centre point',(2.526695881889E-1,-1.506666588673E1,
1.849268906099E-8));
#1=COLOUR_RGB('',2.352941176471E-1,2.352941176471E-1,2.352941176471E-1);
#2=DRAUGHTING_PRE_DEFINED_COLOUR('green');
#3=COLOUR_RGB('',1.1E-2,1.2E-2,1.E0);
#4=COLOUR_RGB('',1.019607843137E-1,1.019607843137E-1,1.019607843137E-1);
#5=COLOUR_RGB('',2.352941176471E-1,2.352941176471E-1,2.352941176471E-1);
#6=COLOUR_RGB('',4.1E-1,2.61589E-1,1.12848E-1);
#7=COLOUR_RGB('',5.04854E-1,1.5455E-2,1.5455E-2);
#8=COLOUR_RGB('',6.35294E-1,6.86275E-1,7.4902E-1);
#9=COLOUR_RGB('',6.40777E-1,6.40777E-1,6.40777E-1);
#10=COLOUR_RGB('',6.69062E-1,6.69903E-1,6.55217E-1);
#11=COLOUR_RGB('',9.21569E-1,7.05882E-1,4.70588E-1);
#12=DRAUGHTING_PRE_DEFINED_COLOUR('red');
#13=DRAUGHTING_PRE_DEFINED_COLOUR('yellow');
#14=COLOUR_RGB('',1.E0,1.E0,5.3E-1);
#15=COLOUR_RGB('',1.E0,1.E0,9.49E-1);
#16=DRAUGHTING_PRE_DEFINED_COLOUR('white');
#58=CIRCLE('',#57,3.149606299213E-2);
#101=CIRCLE('',#100,3.149606299213E-2);
#130=CIRCLE('',#129,3.149606299213E-2);
#145=CIRCLE('',#144,3.149606299213E-2);
#209=CIRCLE('',#208,4.429133858268E-2);
#217=CIRCLE('',#216,4.429133858268E-2);
#225=CIRCLE('',#224,4.429133858268E-2);
#233=CIRCLE('',#232,4.429133858268E-2);
#241=CIRCLE('',#240,4.429133858268E-2);
#249=CIRCLE('',#248,4.429133858268E-2);
#257=CIRCLE('',#256,4.429133858268E-2);
#265=CIRCLE('',#264,4.429133858268E-2);
#287=CIRCLE('',#286,8.858267716535E-2);
#295=CIRCLE('',#294,8.858267716535E-2);
#310=CIRCLE('',#309,8.858267716535E-2);
#318=CIRCLE('',#317,8.858267716535E-2);
#333=CIRCLE('',#332,8.858267716535E-2);
#341=CIRCLE('',#340,8.858267716535E-2);
#356=CIRCLE('',#355,8.858267716535E-2);
#364=CIRCLE('',#363,8.858267716535E-2);
#393=CIRCLE('',#392,2.362204724409E-2);
#408=CIRCLE('',#407,2.362204724409E-2);
#423=CIRCLE('',#422,2.362204724409E-2);
#438=CIRCLE('',#437,2.362204724409E-2);
#446=CIRCLE('',#445,4.429133858268E-2);
#454=CIRCLE('',#453,4.429133858268E-2);
#464=B_SPLINE_CURVE_WITH_KNOTS('',3,(#458,#459,#460,#461,#462,#463),
.UNSPECIFIED.,.F.,.F.,(4,1,1,4),(0.E0,3.333333333333E-1,6.666666666667E-1,1.E0),
.UNSPECIFIED.);
#474=B_SPLINE_CURVE_WITH_KNOTS('',3,(#468,#469,#470,#471,#472,#473),
.UNSPECIFIED.,.F.,.F.,(4,1,1,4),(0.E0,3.333333333333E-1,6.666666666667E-1,1.E0),
.UNSPECIFIED.);
#482=B_SPLINE_CURVE_WITH_KNOTS('',3,(#478,#479,#480,#481),.UNSPECIFIED.,.F.,.F.,
(4,4),(0.E0,1.E0),.UNSPECIFIED.);
#490=CIRCLE('',#489,7.874015748031E-2);
#498=B_SPLINE_CURVE_WITH_KNOTS('',3,(#494,#495,#496,#497),.UNSPECIFIED.,.F.,.F.,
(4,4),(0.E0,1.E0),.UNSPECIFIED.);
#520=CIRCLE('',#519,7.874015748031E-3);
#536=B_SPLINE_CURVE_WITH_KNOTS('',3,(#524,#525,#526,#527,#528,#529,#530,#531,
#532,#533,#534,#535),.UNSPECIFIED.,.F.,.F.,(4,1,1,1,1,1,1,1,1,4),(0.E0,
1.111111111111E-1,2.222222222222E-1,3.333333333333E-1,4.444444444444E-1,
5.555555555556E-1,6.666666666667E-1,7.777777777778E-1,8.888888888889E-1,1.E0),
.UNSPECIFIED.);
#552=B_SPLINE_CURVE_WITH_KNOTS('',3,(#540,#541,#542,#543,#544,#545,#546,#547,
#548,#549,#550,#551),.UNSPECIFIED.,.F.,.F.,(4,1,1,1,1,1,1,1,1,4),(0.E0,
1.111111111111E-1,2.222222222222E-1,3.333333333333E-1,4.444444444444E-1,
5.555555555556E-1,6.666666666667E-1,7.777777777778E-1,8.888888888889E-1,1.E0),
.UNSPECIFIED.);
#567=CIRCLE('',#566,7.874015748031E-3);
#584=B_SPLINE_CURVE_WITH_KNOTS('',3,(#578,#579,#580,#581,#582,#583),
.UNSPECIFIED.,.F.,.F.,(4,1,1,4),(0.E0,3.333333333333E-1,6.666666666667E-1,1.E0),
.UNSPECIFIED.);
#643=B_SPLINE_CURVE_WITH_KNOTS('',3,(#637,#638,#639,#640,#641,#642),
.UNSPECIFIED.,.F.,.F.,(4,1,1,4),(0.E0,3.333333333333E-1,6.666666666667E-1,1.E0),
.UNSPECIFIED.);
#686=CIRCLE('',#685,7.874015748031E-3);
#694=CIRCLE('',#693,7.874015748031E-3);
#702=CIRCLE('',#701,7.874015748031E-3);
#724=CIRCLE('',#723,7.874015748031E-3);
#732=CIRCLE('',#731,7.874015748031E-3);
#740=CIRCLE('',#739,7.874015748031E-3);
#755=CIRCLE('',#754,4.429133858268E-2);
#763=CIRCLE('',#762,4.429133858268E-2);
#773=B_SPLINE_CURVE_WITH_KNOTS('',3,(#767,#768,#769,#770,#771,#772),
.UNSPECIFIED.,.F.,.F.,(4,1,1,4),(0.E0,3.333333333333E-1,6.666666666667E-1,1.E0),
.UNSPECIFIED.);
#783=B_SPLINE_CURVE_WITH_KNOTS('',3,(#777,#778,#779,#780,#781,#782),
.UNSPECIFIED.,.F.,.F.,(4,1,1,4),(0.E0,3.333333333333E-1,6.666666666667E-1,1.E0),
.UNSPECIFIED.);
#791=B_SPLINE_CURVE_WITH_KNOTS('',3,(#787,#788,#789,#790),.UNSPECIFIED.,.F.,.F.,
(4,4),(0.E0,1.E0),.UNSPECIFIED.);
#799=CIRCLE('',#798,7.874015748031E-2);
#807=B_SPLINE_CURVE_WITH_KNOTS('',3,(#803,#804,#805,#806),.UNSPECIFIED.,.F.,.F.,
(4,4),(0.E0,1.E0),.UNSPECIFIED.);
#829=CIRCLE('',#828,7.874015748031E-3);
#845=B_SPLINE_CURVE_WITH_KNOTS('',3,(#833,#834,#835,#836,#837,#838,#839,#840,
#841,#842,#843,#844),.UNSPECIFIED.,.F.,.F.,(4,1,1,1,1,1,1,1,1,4),(0.E0,
1.111111111111E-1,2.222222222222E-1,3.333333333333E-1,4.444444444444E-1,
5.555555555556E-1,6.666666666667E-1,7.777777777778E-1,8.888888888889E-1,1.E0),
.UNSPECIFIED.);
#861=B_SPLINE_CURVE_WITH_KNOTS('',3,(#849,#850,#851,#852,#853,#854,#855,#856,
#857,#858,#859,#860),.UNSPECIFIED.,.F.,.F.,(4,1,1,1,1,1,1,1,1,4),(0.E0,
1.111111111111E-1,2.222222222222E-1,3.333333333333E-1,4.444444444444E-1,
5.555555555556E-1,6.666666666667E-1,7.777777777778E-1,8.888888888889E-1,1.E0),
.UNSPECIFIED.);
#876=CIRCLE('',#875,7.874015748031E-3);
#893=B_SPLINE_CURVE_WITH_KNOTS('',3,(#887,#888,#889,#890,#891,#892),
.UNSPECIFIED.,.F.,.F.,(4,1,1,4),(0.E0,3.333333333333E-1,6.666666666667E-1,1.E0),
.UNSPECIFIED.);
#936=B_SPLINE_CURVE_WITH_KNOTS('',3,(#932,#933,#934,#935),.UNSPECIFIED.,.F.,.F.,
(4,4),(0.E0,1.E0),.UNSPECIFIED.);
#946=B_SPLINE_CURVE_WITH_KNOTS('',3,(#940,#941,#942,#943,#944,#945),
.UNSPECIFIED.,.F.,.F.,(4,1,1,4),(0.E0,3.333333333333E-1,6.666666666667E-1,1.E0),
.UNSPECIFIED.);
#956=B_SPLINE_CURVE_WITH_KNOTS('',3,(#950,#951,#952,#953,#954,#955),
.UNSPECIFIED.,.F.,.F.,(4,1,1,4),(0.E0,3.333333333333E-1,6.666666666667E-1,1.E0),
.UNSPECIFIED.);
#964=B_SPLINE_CURVE_WITH_KNOTS('',3,(#960,#961,#962,#963),.UNSPECIFIED.,.F.,.F.,
(4,4),(0.E0,1.E0),.UNSPECIFIED.);
#993=CIRCLE('',#992,2.362204724409E-2);
#1008=CIRCLE('',#1007,2.362204724409E-2);
#1023=CIRCLE('',#1022,2.362204724409E-2);
#1038=CIRCLE('',#1037,2.362204724409E-2);
#1060=CIRCLE('',#1059,2.755905511811E-2);
#1068=CIRCLE('',#1067,2.755905511811E-2);
#1076=CIRCLE('',#1075,2.755905511811E-2);
#1084=CIRCLE('',#1083,2.755905511811E-2);
#1162=B_SPLINE_CURVE_WITH_KNOTS('',3,(#1158,#1159,#1160,#1161),.UNSPECIFIED.,
.F.,.F.,(4,4),(0.E0,1.E0),.UNSPECIFIED.);
#1172=B_SPLINE_CURVE_WITH_KNOTS('',3,(#1166,#1167,#1168,#1169,#1170,#1171),
.UNSPECIFIED.,.F.,.F.,(4,1,1,4),(0.E0,3.333333333333E-1,6.666666666667E-1,1.E0),
.UNSPECIFIED.);
#1182=B_SPLINE_CURVE_WITH_KNOTS('',3,(#1176,#1177,#1178,#1179,#1180,#1181),
.UNSPECIFIED.,.F.,.F.,(4,1,1,4),(0.E0,3.333333333333E-1,6.666666666667E-1,1.E0),
.UNSPECIFIED.);
#1190=B_SPLINE_CURVE_WITH_KNOTS('',3,(#1186,#1187,#1188,#1189),.UNSPECIFIED.,
.F.,.F.,(4,4),(0.E0,1.E0),.UNSPECIFIED.);
#1226=B_SPLINE_CURVE_WITH_KNOTS('',3,(#1222,#1223,#1224,#1225),.UNSPECIFIED.,
.F.,.F.,(4,4),(0.E0,1.E0),.UNSPECIFIED.);
#1236=B_SPLINE_CURVE_WITH_KNOTS('',3,(#1230,#1231,#1232,#1233,#1234,#1235),
.UNSPECIFIED.,.F.,.F.,(4,1,1,4),(0.E0,3.333333333333E-1,6.666666666667E-1,1.E0),
.UNSPECIFIED.);
#1246=B_SPLINE_CURVE_WITH_KNOTS('',3,(#1240,#1241,#1242,#1243,#1244,#1245),
.UNSPECIFIED.,.F.,.F.,(4,1,1,4),(0.E0,3.333333333333E-1,6.666666666667E-1,1.E0),
.UNSPECIFIED.);
#1254=B_SPLINE_CURVE_WITH_KNOTS('',3,(#1250,#1251,#1252,#1253),.UNSPECIFIED.,
.F.,.F.,(4,4),(0.E0,1.E0),.UNSPECIFIED.);
#1290=B_SPLINE_CURVE_WITH_KNOTS('',3,(#1286,#1287,#1288,#1289),.UNSPECIFIED.,
.F.,.F.,(4,4),(0.E0,1.E0),.UNSPECIFIED.);
#1300=B_SPLINE_CURVE_WITH_KNOTS('',3,(#1294,#1295,#1296,#1297,#1298,#1299),
.UNSPECIFIED.,.F.,.F.,(4,1,1,4),(0.E0,3.333333333333E-1,6.666666666667E-1,1.E0),
.UNSPECIFIED.);
#1310=B_SPLINE_CURVE_WITH_KNOTS('',3,(#1304,#1305,#1306,#1307,#1308,#1309),
.UNSPECIFIED.,.F.,.F.,(4,1,1,4),(0.E0,3.333333333333E-1,6.666666666667E-1,1.E0),
.UNSPECIFIED.);
#1318=B_SPLINE_CURVE_WITH_KNOTS('',3,(#1314,#1315,#1316,#1317),.UNSPECIFIED.,
.F.,.F.,(4,4),(0.E0,1.E0),.UNSPECIFIED.);
#1335=B_SPLINE_CURVE_WITH_KNOTS('',3,(#1329,#1330,#1331,#1332,#1333,#1334),
.UNSPECIFIED.,.F.,.F.,(4,1,1,4),(0.E0,3.333333333333E-1,6.666666666667E-1,1.E0),
.UNSPECIFIED.);
#1413=CIRCLE('',#1412,7.874015748031E-3);
#1421=CIRCLE('',#1420,7.874015748031E-3);
#1429=CIRCLE('',#1428,7.874015748031E-3);
#1451=CIRCLE('',#1450,7.874015748031E-3);
#1459=CIRCLE('',#1458,7.874015748031E-3);
#1467=CIRCLE('',#1466,7.874015748031E-3);
#1482=CIRCLE('',#1481,4.429133858268E-2);
#1490=CIRCLE('',#1489,4.429133858268E-2);
#1498=B_SPLINE_CURVE_WITH_KNOTS('',3,(#1494,#1495,#1496,#1497),.UNSPECIFIED.,
.F.,.F.,(4,4),(0.E0,1.E0),.UNSPECIFIED.);
#1508=B_SPLINE_CURVE_WITH_KNOTS('',3,(#1502,#1503,#1504,#1505,#1506,#1507),
.UNSPECIFIED.,.F.,.F.,(4,1,1,4),(0.E0,3.333333333333E-1,6.666666666667E-1,1.E0),
.UNSPECIFIED.);
#1518=B_SPLINE_CURVE_WITH_KNOTS('',3,(#1512,#1513,#1514,#1515,#1516,#1517),
.UNSPECIFIED.,.F.,.F.,(4,1,1,4),(0.E0,3.333333333333E-1,6.666666666667E-1,1.E0),
.UNSPECIFIED.);
#1526=B_SPLINE_CURVE_WITH_KNOTS('',3,(#1522,#1523,#1524,#1525),.UNSPECIFIED.,
.F.,.F.,(4,4),(0.E0,1.E0),.UNSPECIFIED.);
#1534=CIRCLE('',#1533,7.874015748031E-2);
#1600=B_SPLINE_CURVE_WITH_KNOTS('',3,(#1594,#1595,#1596,#1597,#1598,#1599),
.UNSPECIFIED.,.F.,.F.,(4,1,1,4),(0.E0,3.333333333333E-1,6.666666666667E-1,1.E0),
.UNSPECIFIED.);
#1618=B_SPLINE_CURVE_WITH_KNOTS('',3,(#1611,#1612,#1613,#1614,#1615,#1616,
#1617),.UNSPECIFIED.,.F.,.F.,(4,1,1,1,4),(0.E0,2.5E-1,5.E-1,7.5E-1,1.E0),
.UNSPECIFIED.);
#1633=CIRCLE('',#1632,7.874015748031E-3);
#1648=CIRCLE('',#1647,7.874015748031E-3);
#1664=B_SPLINE_CURVE_WITH_KNOTS('',3,(#1652,#1653,#1654,#1655,#1656,#1657,#1658,
#1659,#1660,#1661,#1662,#1663),.UNSPECIFIED.,.F.,.F.,(4,1,1,1,1,1,1,1,1,4),
(0.E0,1.111111111111E-1,2.222222222222E-1,3.333333333333E-1,4.444444444444E-1,
5.555555555556E-1,6.666666666667E-1,7.777777777778E-1,8.888888888889E-1,1.E0),
.UNSPECIFIED.);
#1680=B_SPLINE_CURVE_WITH_KNOTS('',3,(#1668,#1669,#1670,#1671,#1672,#1673,#1674,
#1675,#1676,#1677,#1678,#1679),.UNSPECIFIED.,.F.,.F.,(4,1,1,1,1,1,1,1,1,4),
(0.E0,1.111111111111E-1,2.222222222222E-1,3.333333333333E-1,4.444444444444E-1,
5.555555555556E-1,6.666666666667E-1,7.777777777778E-1,8.888888888889E-1,1.E0),
.UNSPECIFIED.);
#1697=B_SPLINE_CURVE_WITH_KNOTS('',3,(#1691,#1692,#1693,#1694,#1695,#1696),
.UNSPECIFIED.,.F.,.F.,(4,1,1,4),(0.E0,3.333333333333E-1,6.666666666667E-1,1.E0),
.UNSPECIFIED.);
#1726=CIRCLE('',#1725,8.661417322835E-2);
#1741=CIRCLE('',#1740,8.661417322835E-2);
#1749=CIRCLE('',#1748,8.661417322835E-2);
#1757=CIRCLE('',#1756,8.661417322835E-2);
#1765=CIRCLE('',#1764,7.874015748031E-3);
#1773=CIRCLE('',#1772,7.874015748031E-3);
#1781=CIRCLE('',#1780,7.874015748031E-2);
#1813=B_SPLINE_CURVE_WITH_KNOTS('',3,(#1806,#1807,#1808,#1809,#1810,#1811,
#1812),.UNSPECIFIED.,.F.,.F.,(4,1,1,1,4),(0.E0,2.5E-1,5.E-1,7.5E-1,1.E0),
.UNSPECIFIED.);
#1828=CIRCLE('',#1827,7.874015748031E-3);
#1836=CIRCLE('',#1835,7.874015748031E-3);
#1844=CIRCLE('',#1843,7.874015748031E-2);
#1889=B_SPLINE_CURVE_WITH_KNOTS('',3,(#1883,#1884,#1885,#1886,#1887,#1888),
.UNSPECIFIED.,.F.,.F.,(4,1,1,4),(0.E0,3.333333333333E-1,6.666666666667E-1,1.E0),
.UNSPECIFIED.);
#1911=CIRCLE('',#1910,7.874015748031E-3);
#1927=B_SPLINE_CURVE_WITH_KNOTS('',3,(#1915,#1916,#1917,#1918,#1919,#1920,#1921,
#1922,#1923,#1924,#1925,#1926),.UNSPECIFIED.,.F.,.F.,(4,1,1,1,1,1,1,1,1,4),
(0.E0,1.111111111111E-1,2.222222222222E-1,3.333333333333E-1,4.444444444444E-1,
5.555555555556E-1,6.666666666667E-1,7.777777777778E-1,8.888888888889E-1,1.E0),
.UNSPECIFIED.);
#1943=B_SPLINE_CURVE_WITH_KNOTS('',3,(#1931,#1932,#1933,#1934,#1935,#1936,#1937,
#1938,#1939,#1940,#1941,#1942),.UNSPECIFIED.,.F.,.F.,(4,1,1,1,1,1,1,1,1,4),
(0.E0,1.111111111111E-1,2.222222222222E-1,3.333333333333E-1,4.444444444444E-1,
5.555555555556E-1,6.666666666667E-1,7.777777777778E-1,8.888888888889E-1,1.E0),
.UNSPECIFIED.);
#1958=CIRCLE('',#1957,7.874015748031E-3);
#1973=CIRCLE('',#1972,4.429133858268E-2);
#1981=CIRCLE('',#1980,4.429133858268E-2);
#1989=B_SPLINE_CURVE_WITH_KNOTS('',3,(#1985,#1986,#1987,#1988),.UNSPECIFIED.,
.F.,.F.,(4,4),(0.E0,1.E0),.UNSPECIFIED.);
#1999=B_SPLINE_CURVE_WITH_KNOTS('',3,(#1993,#1994,#1995,#1996,#1997,#1998),
.UNSPECIFIED.,.F.,.F.,(4,1,1,4),(0.E0,3.333333333333E-1,6.666666666667E-1,1.E0),
.UNSPECIFIED.);
#2009=B_SPLINE_CURVE_WITH_KNOTS('',3,(#2003,#2004,#2005,#2006,#2007,#2008),
.UNSPECIFIED.,.F.,.F.,(4,1,1,4),(0.E0,3.333333333333E-1,6.666666666667E-1,1.E0),
.UNSPECIFIED.);
#2017=B_SPLINE_CURVE_WITH_KNOTS('',3,(#2013,#2014,#2015,#2016),.UNSPECIFIED.,
.F.,.F.,(4,4),(0.E0,1.E0),.UNSPECIFIED.);
#2025=CIRCLE('',#2024,7.874015748031E-2);
#2061=CIRCLE('',#2060,7.874015748031E-3);
#2069=CIRCLE('',#2068,7.874015748031E-3);
#2077=CIRCLE('',#2076,7.874015748031E-2);
#2099=CIRCLE('',#2098,7.874015748031E-3);
#2107=CIRCLE('',#2106,7.874015748031E-3);
#2115=CIRCLE('',#2114,7.874015748031E-3);
#2137=CIRCLE('',#2136,7.874015748031E-3);
#2145=CIRCLE('',#2144,7.874015748031E-3);
#2153=CIRCLE('',#2152,7.874015748031E-3);
#2175=CIRCLE('',#2174,7.874015748031E-3);
#2183=CIRCLE('',#2182,7.874015748031E-3);
#2191=CIRCLE('',#2190,7.874015748031E-2);
#2250=B_SPLINE_CURVE_WITH_KNOTS('',3,(#2244,#2245,#2246,#2247,#2248,#2249),
.UNSPECIFIED.,.F.,.F.,(4,1,1,4),(0.E0,3.333333333333E-1,6.666666666667E-1,1.E0),
.UNSPECIFIED.);
#2314=CIRCLE('',#2313,8.858267716535E-2);
#2322=CIRCLE('',#2321,8.858267716535E-2);
#2330=CIRCLE('',#2329,1.574803149606E-1);
#2380=CIRCLE('',#2379,1.574803149606E-1);
#2402=CIRCLE('',#2401,8.858267716535E-2);
#2410=CIRCLE('',#2409,8.858267716535E-2);
#2474=CIRCLE('',#2473,1.574803149606E-1);
#2503=CIRCLE('',#2502,1.574803149606E-1);
#2532=CIRCLE('',#2531,1.574803149606E-1);
#2561=CIRCLE('',#2560,1.574803149606E-1);
#2618=CIRCLE('',#2617,1.574803149606E-1);
#2626=CIRCLE('',#2625,8.858267716535E-2);
#2634=CIRCLE('',#2633,8.858267716535E-2);
#2705=CIRCLE('',#2704,1.574803149606E-1);
#2720=CIRCLE('',#2719,8.858267716535E-2);
#2728=CIRCLE('',#2727,8.858267716535E-2);
#3251=EDGE_CURVE('',#3119,#2829,#21,.T.);
#3253=EDGE_CURVE('',#2829,#3147,#29,.T.);
#3255=EDGE_CURVE('',#3127,#3147,#1098,.T.);
#3257=EDGE_CURVE('',#3127,#3119,#36,.T.);
#3261=ADVANCED_FACE('',(#3260),#3250,.F.);
#3267=EDGE_CURVE('',#2825,#2827,#43,.T.);
#3269=EDGE_CURVE('',#3121,#2827,#1045,.T.);
#3271=EDGE_CURVE('',#3123,#3121,#1133,.T.);
#3273=EDGE_CURVE('',#2825,#3123,#385,.T.);
#3277=ADVANCED_FACE('',(#3276),#3266,.F.);
#3283=EDGE_CURVE('',#2809,#3118,#65,.T.);
#3285=EDGE_CURVE('',#2804,#2809,#194,.T.);
#3287=EDGE_CURVE('',#2819,#2804,#122,.T.);
#3289=EDGE_CURVE('',#2829,#2819,#272,.T.);
#3292=EDGE_CURVE('',#3118,#3119,#985,.T.);
#3296=ADVANCED_FACE('',(#3295),#3282,.T.);
#3302=EDGE_CURVE('',#3213,#2808,#50,.T.);
#3304=EDGE_CURVE('',#2808,#2809,#58,.T.);
#3307=EDGE_CURVE('',#3118,#2991,#72,.T.);
#3309=EDGE_CURVE('',#2964,#2991,#1275,.T.);
#3311=EDGE_CURVE('',#2964,#2965,#79,.T.);
#3313=EDGE_CURVE('',#2993,#2965,#928,.T.);
#3315=EDGE_CURVE('',#2993,#2822,#86,.T.);
#3317=EDGE_CURVE('',#2822,#2823,#93,.T.);
#3319=EDGE_CURVE('',#2823,#3213,#101,.T.);
#3323=ADVANCED_FACE('',(#3322),#3301,.T.);
#3330=EDGE_CURVE('',#2817,#3213,#115,.T.);
#3332=EDGE_CURVE('',#2805,#2817,#137,.T.);
#3334=EDGE_CURVE('',#2808,#2805,#201,.T.);
#3338=ADVANCED_FACE('',(#3337),#3328,.F.);
#3345=EDGE_CURVE('',#2823,#2812,#108,.T.);
#3347=EDGE_CURVE('',#2817,#2812,#145,.T.);
#3352=ADVANCED_FACE('',(#3351),#3343,.F.);
#3358=EDGE_CURVE('',#2812,#2813,#152,.T.);
#3362=EDGE_CURVE('',#2827,#2822,#1052,.T.);
#3365=EDGE_CURVE('',#2813,#2825,#378,.T.);
#3369=ADVANCED_FACE('',(#3368),#3357,.T.);
#3376=EDGE_CURVE('',#2804,#2805,#130,.T.);
#3381=EDGE_CURVE('',#2815,#2813,#371,.T.);
#3383=EDGE_CURVE('',#2885,#2815,#2749,.T.);
#3385=EDGE_CURVE('',#2885,#2871,#159,.T.);
#3387=EDGE_CURVE('',#2871,#2857,#166,.T.);
#3389=EDGE_CURVE('',#2857,#2868,#173,.T.);
#3391=EDGE_CURVE('',#2868,#2869,#180,.T.);
#3393=EDGE_CURVE('',#2869,#2893,#187,.T.);
#3395=EDGE_CURVE('',#2839,#2893,#2271,.T.);
#3397=EDGE_CURVE('',#2819,#2839,#279,.T.);
#3401=ADVANCED_FACE('',(#3400),#3374,.F.);
#3413=ADVANCED_FACE('',(#3412),#3406,.F.);
#3422=EDGE_CURVE('',#2839,#3153,#287,.T.);
#3424=EDGE_CURVE('',#3153,#2836,#295,.T.);
#3426=EDGE_CURVE('',#2836,#2837,#302,.T.);
#3428=EDGE_CURVE('',#2837,#3159,#310,.T.);
#3430=EDGE_CURVE('',#3159,#2842,#318,.T.);
#3432=EDGE_CURVE('',#2842,#2843,#325,.T.);
#3434=EDGE_CURVE('',#2843,#3155,#333,.T.);
#3436=EDGE_CURVE('',#3155,#2845,#341,.T.);
#3438=EDGE_CURVE('',#2845,#2833,#348,.T.);
#3440=EDGE_CURVE('',#2833,#2831,#356,.T.);
#3442=EDGE_CURVE('',#2831,#2815,#364,.T.);
#3447=EDGE_CURVE('',#3123,#3149,#393,.T.);
#3449=EDGE_CURVE('',#3149,#3139,#400,.T.);
#3451=EDGE_CURVE('',#3139,#3137,#408,.T.);
#3453=EDGE_CURVE('',#3137,#3141,#415,.T.);
#3455=EDGE_CURVE('',#3141,#3143,#423,.T.);
#3457=EDGE_CURVE('',#3143,#3145,#430,.T.);
#3459=EDGE_CURVE('',#3145,#3147,#438,.T.);
#3463=EDGE_CURVE('',#3224,#3228,#225,.T.);
#3465=EDGE_CURVE('',#3228,#3224,#233,.T.);
#3469=EDGE_CURVE('',#3240,#3244,#241,.T.);
#3471=EDGE_CURVE('',#3244,#3240,#249,.T.);
#3475=EDGE_CURVE('',#3216,#3220,#257,.T.);
#3477=EDGE_CURVE('',#3220,#3216,#265,.T.);
#3481=EDGE_CURVE('',#3232,#3236,#209,.T.);
#3483=EDGE_CURVE('',#3236,#3232,#217,.T.);
#3487=ADVANCED_FACE('',(#3462,#3468,#3474,#3480,#3486),#3418,.T.);
#3493=EDGE_CURVE('',#3237,#3233,#446,.T.);
#3495=EDGE_CURVE('',#3236,#3237,#512,.T.);
#3498=EDGE_CURVE('',#3232,#3233,#505,.T.);
#3502=ADVANCED_FACE('',(#3501),#3492,.F.);
#3508=EDGE_CURVE('',#3072,#3074,#464,.T.);
#3510=EDGE_CURVE('',#3074,#3075,#474,.T.);
#3512=EDGE_CURVE('',#3077,#3075,#559,.T.);
#3514=EDGE_CURVE('',#3077,#2905,#482,.T.);
#3516=EDGE_CURVE('',#2904,#2905,#1391,.T.);
#3518=EDGE_CURVE('',#2904,#2907,#490,.T.);
#3520=EDGE_CURVE('',#2909,#2907,#1363,.T.);
#3522=EDGE_CURVE('',#2909,#3073,#498,.T.);
#3524=EDGE_CURVE('',#3072,#3073,#1325,.T.);
#3529=EDGE_CURVE('',#3233,#3237,#454,.T.);
#3533=ADVANCED_FACE('',(#3527,#3532),#3507,.T.);
#3545=ADVANCED_FACE('',(#3544),#3538,.F.);
#3587=EDGE_CURVE('',#3075,#2974,#567,.T.);
#3591=EDGE_CURVE('',#3072,#2976,#520,.T.);
#3593=EDGE_CURVE('',#2976,#3078,#536,.T.);
#3595=EDGE_CURVE('',#3078,#2974,#552,.T.);
#3599=ADVANCED_FACE('',(#3598),#3586,.T.);
#3605=EDGE_CURVE('',#3077,#3053,#584,.T.);
#3609=EDGE_CURVE('',#2974,#3053,#574,.T.);
#3613=ADVANCED_FACE('',(#3612),#3604,.T.);
#3620=EDGE_CURVE('',#3053,#3054,#591,.T.);
#3622=EDGE_CURVE('',#3080,#3054,#1413,.T.);
#3624=EDGE_CURVE('',#2905,#3080,#1384,.T.);
#3629=ADVANCED_FACE('',(#3628),#3618,.T.);
#3635=EDGE_CURVE('',#2970,#2972,#598,.T.);
#3637=EDGE_CURVE('',#3058,#2972,#1704,.T.);
#3639=EDGE_CURVE('',#3056,#3058,#1474,.T.);
#3641=EDGE_CURVE('',#3054,#3056,#1443,.T.);
#3645=EDGE_CURVE('',#2974,#2901,#605,.T.);
#3647=EDGE_CURVE('',#2961,#2901,#1290,.T.);
#3649=EDGE_CURVE('',#2960,#2961,#1268,.T.);
#3651=EDGE_CURVE('',#2970,#2960,#1254,.T.);
#3655=ADVANCED_FACE('',(#3654),#3634,.F.);
#3661=EDGE_CURVE('',#2989,#2987,#619,.T.);
#3663=EDGE_CURVE('',#3067,#2989,#1680,.T.);
#3665=EDGE_CURVE('',#2972,#3067,#1664,.T.);
#3668=EDGE_CURVE('',#3011,#2970,#1246,.T.);
#3670=EDGE_CURVE('',#2987,#3011,#1236,.T.);
#3674=ADVANCED_FACE('',(#3673),#3660,.T.);
#3680=EDGE_CURVE('',#2897,#2986,#612,.T.);
#3682=EDGE_CURVE('',#3019,#2986,#1896,.T.);
#3684=EDGE_CURVE('',#2953,#3019,#1879,.T.);
#3686=EDGE_CURVE('',#2952,#2953,#1733,.T.);
#3688=EDGE_CURVE('',#3017,#2952,#1607,.T.);
#3690=EDGE_CURVE('',#2989,#3017,#1640,.T.);
#3693=EDGE_CURVE('',#2957,#2987,#1226,.T.);
#3695=EDGE_CURVE('',#2956,#2957,#1204,.T.);
#3697=EDGE_CURVE('',#2897,#2956,#1190,.T.);
#3701=ADVANCED_FACE('',(#3700),#3679,.F.);
#3707=EDGE_CURVE('',#2981,#2898,#626,.T.);
#3709=EDGE_CURVE('',#3020,#2981,#1943,.T.);
#3711=EDGE_CURVE('',#2986,#3020,#1927,.T.);
#3714=EDGE_CURVE('',#2896,#2897,#1182,.T.);
#3716=EDGE_CURVE('',#2898,#2896,#1172,.T.);
#3720=ADVANCED_FACE('',(#3719),#3706,.T.);
#3726=EDGE_CURVE('',#3109,#3107,#650,.T.);
#3728=EDGE_CURVE('',#2981,#3109,#1965,.T.);
#3731=EDGE_CURVE('',#2969,#2898,#1162,.T.);
#3733=EDGE_CURVE('',#2968,#2969,#978,.T.);
#3735=EDGE_CURVE('',#2982,#2968,#964,.T.);
#3737=EDGE_CURVE('',#2982,#2984,#633,.T.);
#3739=EDGE_CURVE('',#3105,#2984,#2257,.T.);
#3741=EDGE_CURVE('',#3104,#3105,#747,.T.);
#3743=EDGE_CURVE('',#3107,#3104,#716,.T.);
#3747=ADVANCED_FACE('',(#3746),#3725,.F.);
#3753=EDGE_CURVE('',#2937,#3022,#657,.T.);
#3755=EDGE_CURVE('',#3008,#2937,#2017,.T.);
#3757=EDGE_CURVE('',#3008,#3109,#643,.T.);
#3760=EDGE_CURVE('',#3022,#3107,#702,.T.);
#3764=ADVANCED_FACE('',(#3763),#3752,.T.);
#3771=EDGE_CURVE('',#2947,#3022,#678,.T.);
#3773=EDGE_CURVE('',#2936,#2947,#1851,.T.);
#3775=EDGE_CURVE('',#2936,#2937,#664,.T.);
#3779=ADVANCED_FACE('',(#3778),#3769,.T.);
#3785=EDGE_CURVE('',#3028,#3022,#694,.T.);
#3787=EDGE_CURVE('',#3028,#3034,#671,.T.);
#3789=EDGE_CURVE('',#2947,#3034,#1828,.T.);
#3794=ADVANCED_FACE('',(#3793),#3784,.T.);
#3800=EDGE_CURVE('',#3107,#3028,#686,.T.);
#3806=ADVANCED_FACE('',(#3805),#3799,.T.);
#3812=EDGE_CURVE('',#3026,#3104,#740,.T.);
#3814=EDGE_CURVE('',#3026,#3028,#709,.T.);
#3820=ADVANCED_FACE('',(#3819),#3811,.T.);
#3826=EDGE_CURVE('',#3104,#3115,#724,.T.);
#3828=EDGE_CURVE('',#3115,#3026,#732,.T.);
#3833=ADVANCED_FACE('',(#3832),#3825,.T.);
#3839=EDGE_CURVE('',#2929,#3094,#807,.T.);
#3841=EDGE_CURVE('',#3115,#2929,#2226,.T.);
#3845=EDGE_CURVE('',#3094,#3105,#2250,.T.);
#3849=ADVANCED_FACE('',(#3848),#3838,.T.);
#3855=EDGE_CURVE('',#3093,#3095,#773,.T.);
#3857=EDGE_CURVE('',#3095,#3096,#783,.T.);
#3859=EDGE_CURVE('',#3098,#3096,#868,.T.);
#3861=EDGE_CURVE('',#3098,#2921,#791,.T.);
#3863=EDGE_CURVE('',#2920,#2921,#2205,.T.);
#3865=EDGE_CURVE('',#2920,#2923,#799,.T.);
#3867=EDGE_CURVE('',#2929,#2923,#2233,.T.);
#3870=EDGE_CURVE('',#3093,#3094,#2240,.T.);
#3874=EDGE_CURVE('',#3217,#3221,#755,.T.);
#3876=EDGE_CURVE('',#3221,#3217,#763,.T.);
#3880=ADVANCED_FACE('',(#3873,#3879),#3854,.F.);
#3887=EDGE_CURVE('',#3216,#3217,#814,.T.);
#3890=EDGE_CURVE('',#3220,#3221,#821,.T.);
#3894=ADVANCED_FACE('',(#3893),#3885,.F.);
#3906=ADVANCED_FACE('',(#3905),#3899,.F.);
#3960=EDGE_CURVE('',#3096,#2979,#876,.T.);
#3964=EDGE_CURVE('',#3093,#2984,#829,.T.);
#3966=EDGE_CURVE('',#2984,#3099,#845,.T.);
#3968=EDGE_CURVE('',#3099,#2979,#861,.T.);
#3972=ADVANCED_FACE('',(#3971),#3959,.T.);
#3978=EDGE_CURVE('',#3098,#3085,#893,.T.);
#3982=EDGE_CURVE('',#2979,#3085,#883,.T.);
#3986=ADVANCED_FACE('',(#3985),#3977,.T.);
#3993=EDGE_CURVE('',#3085,#3086,#900,.T.);
#3995=EDGE_CURVE('',#3101,#3086,#2099,.T.);
#3997=EDGE_CURVE('',#2921,#3101,#2198,.T.);
#4002=ADVANCED_FACE('',(#4001),#3991,.T.);
#4010=EDGE_CURVE('',#2979,#2977,#907,.T.);
#4012=EDGE_CURVE('',#2965,#2977,#936,.T.);
#4015=EDGE_CURVE('',#2900,#2964,#1318,.T.);
#4017=EDGE_CURVE('',#2900,#2976,#914,.T.);
#4019=EDGE_CURVE('',#3090,#2976,#1342,.T.);
#4021=EDGE_CURVE('',#3088,#3090,#1349,.T.);
#4023=EDGE_CURVE('',#3086,#3088,#2129,.T.);
#4027=ADVANCED_FACE('',(#4026),#4007,.F.);
#4037=EDGE_CURVE('',#3010,#2982,#956,.T.);
#4039=EDGE_CURVE('',#2977,#3010,#946,.T.);
#4043=ADVANCED_FACE('',(#4042),#4032,.T.);
#4049=EDGE_CURVE('',#2968,#2997,#921,.T.);
#4051=EDGE_CURVE('',#2993,#2997,#1060,.T.);
#4060=ADVANCED_FACE('',(#4059),#4048,.T.);
#4066=EDGE_CURVE('',#2995,#2997,#971,.T.);
#4070=EDGE_CURVE('',#2995,#2969,#1154,.T.);
#4074=ADVANCED_FACE('',(#4073),#4065,.T.);
#4082=EDGE_CURVE('',#3127,#3129,#993,.T.);
#4084=EDGE_CURVE('',#3129,#3131,#1000,.T.);
#4086=EDGE_CURVE('',#3131,#3151,#1008,.T.);
#4088=EDGE_CURVE('',#3151,#3136,#1015,.T.);
#4090=EDGE_CURVE('',#3136,#3133,#1023,.T.);
#4092=EDGE_CURVE('',#3133,#3125,#1030,.T.);
#4094=EDGE_CURVE('',#3125,#3121,#1038,.T.);
#4101=EDGE_CURVE('',#2995,#3003,#1068,.T.);
#4103=EDGE_CURVE('',#3005,#3003,#1197,.T.);
#4105=EDGE_CURVE('',#3005,#2999,#1076,.T.);
#4107=EDGE_CURVE('',#3001,#2999,#1261,.T.);
#4109=EDGE_CURVE('',#3001,#2991,#1084,.T.);
#4114=ADVANCED_FACE('',(#4113),#4079,.F.);
#4121=EDGE_CURVE('',#3145,#3129,#1091,.T.);
#4127=ADVANCED_FACE('',(#4126),#4119,.T.);
#4134=EDGE_CURVE('',#3131,#3143,#1112,.T.);
#4140=ADVANCED_FACE('',(#4139),#4132,.F.);
#4147=EDGE_CURVE('',#3141,#3151,#1105,.T.);
#4153=ADVANCED_FACE('',(#4152),#4145,.T.);
#4160=EDGE_CURVE('',#3136,#3137,#1126,.T.);
#4166=ADVANCED_FACE('',(#4165),#4158,.F.);
#4173=EDGE_CURVE('',#3139,#3133,#1119,.T.);
#4179=ADVANCED_FACE('',(#4178),#4171,.T.);
#4186=EDGE_CURVE('',#3125,#3149,#1140,.T.);
#4192=ADVANCED_FACE('',(#4191),#4184,.F.);
#4204=ADVANCED_FACE('',(#4203),#4197,.T.);
#4210=EDGE_CURVE('',#2956,#3003,#1147,.T.);
#4220=ADVANCED_FACE('',(#4219),#4209,.T.);
#4229=EDGE_CURVE('',#3005,#2957,#1218,.T.);
#4233=ADVANCED_FACE('',(#4232),#4225,.T.);
#4239=EDGE_CURVE('',#2960,#2999,#1211,.T.);
#4249=ADVANCED_FACE('',(#4248),#4238,.T.);
#4258=EDGE_CURVE('',#3001,#2961,#1282,.T.);
#4262=ADVANCED_FACE('',(#4261),#4254,.T.);
#4272=EDGE_CURVE('',#2901,#2899,#1300,.T.);
#4274=EDGE_CURVE('',#2899,#2900,#1310,.T.);
#4279=ADVANCED_FACE('',(#4278),#4267,.T.);
#4293=ADVANCED_FACE('',(#4292),#4284,.T.);
#4300=EDGE_CURVE('',#3073,#3090,#1335,.T.);
#4306=ADVANCED_FACE('',(#4305),#4298,.T.);
#4313=EDGE_CURVE('',#3082,#2909,#1356,.T.);
#4315=EDGE_CURVE('',#3088,#3082,#2137,.T.);
#4321=ADVANCED_FACE('',(#4320),#4311,.T.);
#4327=EDGE_CURVE('',#2913,#2907,#1377,.T.);
#4329=EDGE_CURVE('',#3082,#2913,#2167,.T.);
#4335=ADVANCED_FACE('',(#4334),#4326,.T.);
#4341=EDGE_CURVE('',#2904,#2911,#1370,.T.);
#4343=EDGE_CURVE('',#2913,#2911,#2191,.T.);
#4349=ADVANCED_FACE('',(#4348),#4340,.F.);
#4356=EDGE_CURVE('',#2911,#3080,#1405,.T.);
#4362=ADVANCED_FACE('',(#4361),#4354,.T.);
#4368=EDGE_CURVE('',#3044,#3080,#1429,.T.);
#4370=EDGE_CURVE('',#3044,#3042,#1398,.T.);
#4372=EDGE_CURVE('',#2911,#3042,#2175,.T.);
#4377=ADVANCED_FACE('',(#4376),#4367,.T.);
#4384=EDGE_CURVE('',#3054,#3044,#1421,.T.);
#4389=ADVANCED_FACE('',(#4388),#4382,.T.);
#4395=EDGE_CURVE('',#3046,#3056,#1467,.T.);
#4397=EDGE_CURVE('',#3046,#3044,#1436,.T.);
#4403=ADVANCED_FACE('',(#4402),#4394,.T.);
#4409=EDGE_CURVE('',#3056,#3113,#1451,.T.);
#4411=EDGE_CURVE('',#3113,#3046,#1459,.T.);
#4416=ADVANCED_FACE('',(#4415),#4408,.T.);
#4422=EDGE_CURVE('',#2939,#3066,#1498,.T.);
#4424=EDGE_CURVE('',#3113,#2939,#1555,.T.);
#4428=EDGE_CURVE('',#3066,#3058,#1697,.T.);
#4432=ADVANCED_FACE('',(#4431),#4421,.T.);
#4438=EDGE_CURVE('',#2939,#2927,#1562,.T.);
#4441=EDGE_CURVE('',#3064,#3066,#1687,.T.);
#4443=EDGE_CURVE('',#3064,#3063,#1508,.T.);
#4445=EDGE_CURVE('',#3063,#3062,#1518,.T.);
#4447=EDGE_CURVE('',#3061,#3062,#1625,.T.);
#4449=EDGE_CURVE('',#3061,#2917,#1526,.T.);
#4451=EDGE_CURVE('',#2916,#2917,#1590,.T.);
#4453=EDGE_CURVE('',#2916,#2927,#1534,.T.);
#4457=EDGE_CURVE('',#3225,#3229,#1482,.T.);
#4459=EDGE_CURVE('',#3229,#3225,#1490,.T.);
#4463=ADVANCED_FACE('',(#4456,#4462),#4437,.F.);
#4470=EDGE_CURVE('',#3224,#3225,#1541,.T.);
#4473=EDGE_CURVE('',#3228,#3229,#1548,.T.);
#4477=ADVANCED_FACE('',(#4476),#4468,.F.);
#4489=ADVANCED_FACE('',(#4488),#4482,.F.);
#4495=EDGE_CURVE('',#2926,#2927,#1576,.T.);
#4497=EDGE_CURVE('',#3113,#2926,#1795,.T.);
#4503=ADVANCED_FACE('',(#4502),#4494,.T.);
#4509=EDGE_CURVE('',#2916,#2941,#1569,.T.);
#4511=EDGE_CURVE('',#2926,#2941,#1781,.T.);
#4517=ADVANCED_FACE('',(#4516),#4508,.F.);
#4523=EDGE_CURVE('',#2917,#3069,#1583,.T.);
#4525=EDGE_CURVE('',#2941,#3069,#1718,.T.);
#4531=ADVANCED_FACE('',(#4530),#4522,.T.);
#4539=EDGE_CURVE('',#3061,#3017,#1600,.T.);
#4542=EDGE_CURVE('',#2952,#3069,#1618,.T.);
#4546=ADVANCED_FACE('',(#4545),#4536,.T.);
#4554=EDGE_CURVE('',#3062,#2989,#1633,.T.);
#4559=ADVANCED_FACE('',(#4558),#4551,.T.);
#4604=EDGE_CURVE('',#3064,#2972,#1648,.T.);
#4610=ADVANCED_FACE('',(#4609),#4600,.T.);
#4622=ADVANCED_FACE('',(#4621),#4615,.T.);
#4629=EDGE_CURVE('',#2952,#3050,#1711,.T.);
#4631=EDGE_CURVE('',#2941,#3050,#1765,.T.);
#4636=ADVANCED_FACE('',(#4635),#4627,.T.);
#4642=EDGE_CURVE('',#3048,#3050,#1726,.T.);
#4646=EDGE_CURVE('',#3040,#2953,#1802,.T.);
#4648=EDGE_CURVE('',#3040,#3034,#1741,.T.);
#4652=EDGE_CURVE('',#3025,#3026,#2046,.T.);
#4654=EDGE_CURVE('',#3025,#3030,#1749,.T.);
#4656=EDGE_CURVE('',#3032,#3030,#2084,.T.);
#4658=EDGE_CURVE('',#3036,#3032,#2122,.T.);
#4660=EDGE_CURVE('',#3038,#3036,#2160,.T.);
#4662=EDGE_CURVE('',#3038,#3042,#1757,.T.);
#4666=EDGE_CURVE('',#3048,#3046,#1788,.T.);
#4670=ADVANCED_FACE('',(#4669),#4641,.F.);
#4678=EDGE_CURVE('',#3048,#2926,#1773,.T.);
#4683=ADVANCED_FACE('',(#4682),#4675,.T.);
#4695=ADVANCED_FACE('',(#4694),#4688,.T.);
#4701=EDGE_CURVE('',#3040,#2949,#1836,.T.);
#4704=EDGE_CURVE('',#2953,#3111,#1813,.T.);
#4706=EDGE_CURVE('',#3111,#2949,#1820,.T.);
#4710=ADVANCED_FACE('',(#4709),#4700,.T.);
#4719=EDGE_CURVE('',#2949,#2947,#1844,.T.);
#4723=ADVANCED_FACE('',(#4722),#4715,.T.);
#4731=EDGE_CURVE('',#2949,#2943,#1858,.T.);
#4733=EDGE_CURVE('',#2936,#2943,#2025,.T.);
#4737=ADVANCED_FACE('',(#4736),#4728,.F.);
#4745=EDGE_CURVE('',#3111,#2945,#1865,.T.);
#4747=EDGE_CURVE('',#2945,#2943,#1872,.T.);
#4751=ADVANCED_FACE('',(#4750),#4742,.T.);
#4759=EDGE_CURVE('',#3019,#3015,#1889,.T.);
#4761=EDGE_CURVE('',#2945,#3015,#1989,.T.);
#4766=ADVANCED_FACE('',(#4765),#4756,.T.);
#4774=EDGE_CURVE('',#3013,#2986,#1911,.T.);
#4776=EDGE_CURVE('',#3013,#3015,#1903,.T.);
#4780=ADVANCED_FACE('',(#4779),#4771,.T.);
#4834=EDGE_CURVE('',#3009,#2981,#1958,.T.);
#4836=EDGE_CURVE('',#3012,#3009,#2009,.T.);
#4838=EDGE_CURVE('',#3013,#3012,#1999,.T.);
#4845=ADVANCED_FACE('',(#4844),#4833,.T.);
#4852=EDGE_CURVE('',#3008,#3009,#1950,.T.);
#4858=ADVANCED_FACE('',(#4857),#4850,.T.);
#4875=EDGE_CURVE('',#3245,#3241,#1973,.T.);
#4877=EDGE_CURVE('',#3241,#3245,#1981,.T.);
#4881=ADVANCED_FACE('',(#4874,#4880),#4863,.T.);
#4888=EDGE_CURVE('',#3244,#3245,#2039,.T.);
#4891=EDGE_CURVE('',#3240,#3241,#2032,.T.);
#4895=ADVANCED_FACE('',(#4894),#4886,.F.);
#4907=ADVANCED_FACE('',(#4906),#4900,.F.);
#4913=EDGE_CURVE('',#3025,#2933,#2069,.T.);
#4917=EDGE_CURVE('',#3115,#2933,#2053,.T.);
#4921=ADVANCED_FACE('',(#4920),#4912,.T.);
#4927=EDGE_CURVE('',#2931,#3030,#2061,.T.);
#4931=EDGE_CURVE('',#2933,#2931,#2077,.T.);
#4935=ADVANCED_FACE('',(#4934),#4926,.T.);
#4941=EDGE_CURVE('',#3032,#3101,#2115,.T.);
#4945=EDGE_CURVE('',#2931,#3101,#2091,.T.);
#4949=ADVANCED_FACE('',(#4948),#4940,.T.);
#4956=EDGE_CURVE('',#3086,#3032,#2107,.T.);
#4961=ADVANCED_FACE('',(#4960),#4954,.T.);
#4967=EDGE_CURVE('',#3036,#3088,#2153,.T.);
#4974=ADVANCED_FACE('',(#4973),#4966,.T.);
#4981=EDGE_CURVE('',#3082,#3036,#2145,.T.);
#4986=ADVANCED_FACE('',(#4985),#4979,.T.);
#4992=EDGE_CURVE('',#3038,#2913,#2183,.T.);
#4999=ADVANCED_FACE('',(#4998),#4991,.T.);
#5011=ADVANCED_FACE('',(#5010),#5004,.T.);
#5019=EDGE_CURVE('',#2920,#2931,#2212,.T.);
#5024=ADVANCED_FACE('',(#5023),#5016,.T.);
#5032=EDGE_CURVE('',#2933,#2923,#2219,.T.);
#5037=ADVANCED_FACE('',(#5036),#5029,.F.);
#5049=ADVANCED_FACE('',(#5048),#5042,.T.);
#5061=ADVANCED_FACE('',(#5060),#5054,.T.);
#5067=EDGE_CURVE('',#2881,#2836,#2264,.T.);
#5072=EDGE_CURVE('',#3163,#2893,#2728,.T.);
#5074=EDGE_CURVE('',#2881,#3163,#2720,.T.);
#5078=ADVANCED_FACE('',(#5077),#5066,.T.);
#5084=EDGE_CURVE('',#2875,#2883,#2278,.T.);
#5086=EDGE_CURVE('',#2837,#2883,#2798,.T.);
#5090=EDGE_CURVE('',#2881,#2878,#2285,.T.);
#5092=EDGE_CURVE('',#2878,#2879,#2292,.T.);
#5094=EDGE_CURVE('',#2879,#2874,#2299,.T.);
#5096=EDGE_CURVE('',#2874,#2875,#2306,.T.);
#5100=ADVANCED_FACE('',(#5099),#5083,.F.);
#5106=EDGE_CURVE('',#2887,#2852,#2337,.T.);
#5108=EDGE_CURVE('',#2887,#3165,#2314,.T.);
#5110=EDGE_CURVE('',#3165,#2883,#2322,.T.);
#5113=EDGE_CURVE('',#3188,#2875,#2742,.T.);
#5115=EDGE_CURVE('',#3188,#3197,#2330,.T.);
#5117=EDGE_CURVE('',#2852,#3197,#2424,.T.);
#5121=ADVANCED_FACE('',(#5120),#5105,.T.);
#5127=EDGE_CURVE('',#2895,#2849,#2365,.T.);
#5129=EDGE_CURVE('',#2843,#2895,#2770,.T.);
#5132=EDGE_CURVE('',#2887,#2842,#2791,.T.);
#5135=EDGE_CURVE('',#2852,#2853,#2344,.T.);
#5137=EDGE_CURVE('',#2853,#2848,#2351,.T.);
#5139=EDGE_CURVE('',#2848,#2849,#2358,.T.);
#5143=ADVANCED_FACE('',(#5142),#5126,.F.);
#5150=EDGE_CURVE('',#2849,#3211,#2372,.T.);
#5152=EDGE_CURVE('',#3211,#3205,#2380,.T.);
#5154=EDGE_CURVE('',#3205,#2864,#2387,.T.);
#5156=EDGE_CURVE('',#2864,#2889,#2394,.T.);
#5158=EDGE_CURVE('',#2889,#3157,#2402,.T.);
#5160=EDGE_CURVE('',#3157,#2895,#2410,.T.);
#5164=ADVANCED_FACE('',(#5163),#5148,.F.);
#5170=EDGE_CURVE('',#2848,#3171,#2417,.T.);
#5172=EDGE_CURVE('',#3203,#3171,#2481,.T.);
#5174=EDGE_CURVE('',#3211,#3203,#2784,.T.);
#5180=ADVANCED_FACE('',(#5179),#5169,.F.);
#5186=EDGE_CURVE('',#3173,#2853,#2431,.T.);
#5188=EDGE_CURVE('',#3171,#3173,#2488,.T.);
#5194=ADVANCED_FACE('',(#5193),#5185,.T.);
#5202=EDGE_CURVE('',#3199,#3197,#2438,.T.);
#5204=EDGE_CURVE('',#3173,#3199,#2495,.T.);
#5209=ADVANCED_FACE('',(#5208),#5199,.F.);
#5215=EDGE_CURVE('',#3199,#3189,#2503,.T.);
#5219=EDGE_CURVE('',#3188,#3189,#2445,.T.);
#5223=ADVANCED_FACE('',(#5222),#5214,.T.);
#5229=EDGE_CURVE('',#3181,#3179,#2452,.T.);
#5231=EDGE_CURVE('',#3179,#3191,#2459,.T.);
#5233=EDGE_CURVE('',#3191,#3207,#2466,.T.);
#5235=EDGE_CURVE('',#3207,#3203,#2474,.T.);
#5241=EDGE_CURVE('',#3189,#3175,#2510,.T.);
#5243=EDGE_CURVE('',#3175,#3168,#2517,.T.);
#5245=EDGE_CURVE('',#3168,#3169,#2524,.T.);
#5247=EDGE_CURVE('',#3169,#3193,#2532,.T.);
#5249=EDGE_CURVE('',#3193,#3177,#2539,.T.);
#5251=EDGE_CURVE('',#3177,#2856,#2546,.T.);
#5253=EDGE_CURVE('',#2856,#3185,#2553,.T.);
#5255=EDGE_CURVE('',#3185,#3181,#2561,.T.);
#5259=ADVANCED_FACE('',(#5258),#5228,.T.);
#5265=EDGE_CURVE('',#2860,#3179,#2568,.T.);
#5268=EDGE_CURVE('',#3209,#3181,#2648,.T.);
#5270=EDGE_CURVE('',#3209,#2861,#2575,.T.);
#5272=EDGE_CURVE('',#2860,#2861,#2610,.T.);
#5276=ADVANCED_FACE('',(#5275),#5264,.F.);
#5282=EDGE_CURVE('',#3191,#2865,#2582,.T.);
#5286=EDGE_CURVE('',#2865,#2860,#2603,.T.);
#5290=ADVANCED_FACE('',(#5289),#5281,.T.);
#5296=EDGE_CURVE('',#2864,#2865,#2596,.T.);
#5299=EDGE_CURVE('',#3207,#3205,#2777,.T.);
#5305=ADVANCED_FACE('',(#5304),#5295,.F.);
#5311=EDGE_CURVE('',#2861,#2891,#2589,.T.);
#5313=EDGE_CURVE('',#2833,#2891,#2756,.T.);
#5316=EDGE_CURVE('',#2889,#2845,#2763,.T.);
#5324=ADVANCED_FACE('',(#5323),#5310,.F.);
#5331=EDGE_CURVE('',#3209,#3183,#2618,.T.);
#5333=EDGE_CURVE('',#2871,#3183,#2655,.T.);
#5336=EDGE_CURVE('',#2885,#3161,#2626,.T.);
#5338=EDGE_CURVE('',#3161,#2891,#2634,.T.);
#5343=ADVANCED_FACE('',(#5342),#5329,.T.);
#5350=EDGE_CURVE('',#3185,#3183,#2641,.T.);
#5356=ADVANCED_FACE('',(#5355),#5348,.T.);
#5366=EDGE_CURVE('',#2856,#2857,#2662,.T.);
#5370=ADVANCED_FACE('',(#5369),#5361,.F.);
#5378=EDGE_CURVE('',#2868,#3177,#2669,.T.);
#5383=ADVANCED_FACE('',(#5382),#5375,.T.);
#5391=EDGE_CURVE('',#3201,#3193,#2683,.T.);
#5393=EDGE_CURVE('',#2869,#3201,#2697,.T.);
#5398=ADVANCED_FACE('',(#5397),#5388,.F.);
#5405=EDGE_CURVE('',#3169,#3195,#2676,.T.);
#5407=EDGE_CURVE('',#3201,#3195,#2705,.T.);
#5412=ADVANCED_FACE('',(#5411),#5403,.T.);
#5419=EDGE_CURVE('',#3195,#2878,#2712,.T.);
#5423=EDGE_CURVE('',#3168,#2879,#2690,.T.);
#5427=ADVANCED_FACE('',(#5426),#5417,.F.);
#5442=ADVANCED_FACE('',(#5441),#5432,.F.);
#5450=EDGE_CURVE('',#2874,#3175,#2735,.T.);
#5455=ADVANCED_FACE('',(#5454),#5447,.T.);
#5468=ADVANCED_FACE('',(#5467),#5460,.F.);
#5482=ADVANCED_FACE('',(#5481),#5473,.T.);
#5496=ADVANCED_FACE('',(#5495),#5487,.T.);
#5508=ADVANCED_FACE('',(#5507),#5501,.T.);
#5522=ADVANCED_FACE('',(#5521),#5513,.T.);
#5523=CLOSED_SHELL('',(#3261,#3277,#3296,#3323,#3338,#3352,#3369,#3401,#3413,
#3487,#3502,#3533,#3545,#3599,#3613,#3629,#3655,#3674,#3701,#3720,#3747,#3764,
#3779,#3794,#3806,#3820,#3833,#3849,#3880,#3894,#3906,#3972,#3986,#4002,#4027,
#4043,#4060,#4074,#4114,#4127,#4140,#4153,#4166,#4179,#4192,#4204,#4220,#4233,
#4249,#4262,#4279,#4293,#4306,#4321,#4335,#4349,#4362,#4377,#4389,#4403,#4416,
#4432,#4463,#4477,#4489,#4503,#4517,#4531,#4546,#4559,#4610,#4622,#4636,#4670,
#4683,#4695,#4710,#4723,#4737,#4751,#4766,#4780,#4845,#4858,#4881,#4895,#4907,
#4921,#4935,#4949,#4961,#4974,#4986,#4999,#5011,#5024,#5037,#5049,#5061,#5078,
#5100,#5121,#5143,#5164,#5180,#5194,#5209,#5223,#5259,#5276,#5290,#5305,#5324,
#5343,#5356,#5370,#5383,#5398,#5412,#5427,#5442,#5455,#5468,#5482,#5496,#5508,
#5522));
#5524=MANIFOLD_SOLID_BREP('',#5523);
#5531=(LENGTH_UNIT()NAMED_UNIT(*)SI_UNIT(.MILLI.,.METRE.));
#5534=(NAMED_UNIT(*)PLANE_ANGLE_UNIT()SI_UNIT($,.RADIAN.));
#5537=(NAMED_UNIT(*)SI_UNIT($,.STERADIAN.)SOLID_ANGLE_UNIT());
#5539=(GEOMETRIC_REPRESENTATION_CONTEXT(3)GLOBAL_UNCERTAINTY_ASSIGNED_CONTEXT((
#5538))GLOBAL_UNIT_ASSIGNED_CONTEXT((#5533,#5536,#5537))REPRESENTATION_CONTEXT(
'ID1','3'));
#5543=AXIS2_PLACEMENT_3D('',#5540,#5541,#5542);
#5544=ADVANCED_BREP_SHAPE_REPRESENTATION('',(#5543,#5524),#5539);
#5552=PRODUCT_DEFINITION('design','',#5551,#5548);
#5553=PRODUCT_DEFINITION_SHAPE('','SHAPE FOR FILLET25_MIR1.',#5552);
#5554=SHAPE_ASPECT('','solid data associated with FILLET25_MIR1',#5553,.F.);
#5555=PROPERTY_DEFINITION('',
'shape for solid data with which properties are associated',#5554);
#5556=SHAPE_REPRESENTATION('',(#5524),#5539);
#5557=SHAPE_DEFINITION_REPRESENTATION(#5555,#5556);
#5558=(LENGTH_UNIT()NAMED_UNIT(*)SI_UNIT(.MILLI.,.METRE.));
#5564=PROPERTY_DEFINITION('geometric validation property',
'area of FILLET25_MIR1',#5554);
#5565=REPRESENTATION('surface area',(#5563),#5539);
#5566=PROPERTY_DEFINITION_REPRESENTATION(#5564,#5565);
#5567=(LENGTH_UNIT()NAMED_UNIT(*)SI_UNIT(.MILLI.,.METRE.));
#5573=PROPERTY_DEFINITION('geometric validation property',
'volume of FILLET25_MIR1',#5554);
#5574=REPRESENTATION('volume',(#5572),#5539);
#5575=PROPERTY_DEFINITION_REPRESENTATION(#5573,#5574);
#5577=PROPERTY_DEFINITION('geometric validation property',
'centroid of FILLET25_MIR1',#5554);
#5578=REPRESENTATION('centroid',(#5576),#5539);
#5579=PROPERTY_DEFINITION_REPRESENTATION(#5577,#5578);
#5580=(LENGTH_UNIT()NAMED_UNIT(*)SI_UNIT(.MILLI.,.METRE.));
#5586=PROPERTY_DEFINITION('geometric validation property',
'area of FILLET25_MIR1',#5553);
#5587=REPRESENTATION('surface area',(#5585),#5539);
#5588=PROPERTY_DEFINITION_REPRESENTATION(#5586,#5587);
#5589=(LENGTH_UNIT()NAMED_UNIT(*)SI_UNIT(.MILLI.,.METRE.));
#5595=PROPERTY_DEFINITION('geometric validation property',
'volume of FILLET25_MIR1',#5553);
#5596=REPRESENTATION('volume',(#5594),#5539);
#5597=PROPERTY_DEFINITION_REPRESENTATION(#5595,#5596);
#5599=PROPERTY_DEFINITION('geometric validation property',
'centroid of FILLET25_MIR1',#5553);
#5600=REPRESENTATION('centroid',(#5598),#5539);
#5601=PROPERTY_DEFINITION_REPRESENTATION(#5599,#5600);
#5602=SHAPE_DEFINITION_REPRESENTATION(#5553,#5544);
ENDSEC;
END-ISO-10303-21;
