ISO-10303-21;
HEADER;
FILE_DESCRIPTION((''),'2;1');
FILE_NAME('HIP_CONNECTOR_PULLEY_ABOVE','2026-06-15T13:45:12',('Esia'),(''),
'CREO PARAMETRIC BY PTC INC, 2025102','CREO PARAMETRIC BY PTC INC, 2025102','');
FILE_SCHEMA((
'AP242_MANAGED_MODEL_BASED_3D_ENGINEERING_MIM_LF { 1 0 10303 442 1 1 4 }'));
ENDSEC;
DATA;
#16=CARTESIAN_POINT('',(0.E0,2.519685039370E-1,0.E0));
#17=DIRECTION('',(0.E0,-1.E0,0.E0));
#18=DIRECTION('',(-1.056993707129E-2,0.E0,-9.999441366548E-1));
#19=AXIS2_PLACEMENT_3D('',#16,#17,#18);
#21=DRAUGHTING_PRE_DEFINED_CURVE_FONT('continuous');
#22=CURVE_STYLE('',#21,POSITIVE_LENGTH_MEASURE(2.E-2),#3);
#23=PRESENTATION_STYLE_ASSIGNMENT((#22));
#24=STYLED_ITEM('',(#23),#20);
#25=DIRECTION('',(0.E0,-1.E0,0.E0));
#26=VECTOR('',#25,2.519685039370E-1);
#27=CARTESIAN_POINT('',(-1.305642886014E-2,2.519685039370E-1,
-1.235172867756E0));
#28=LINE('',#27,#26);
#29=CURVE_STYLE('',#21,POSITIVE_LENGTH_MEASURE(2.E-2),#3);
#30=PRESENTATION_STYLE_ASSIGNMENT((#29));
#31=STYLED_ITEM('',(#30),#28);
#32=CARTESIAN_POINT('',(0.E0,0.E0,0.E0));
#33=DIRECTION('',(0.E0,1.E0,0.E0));
#34=DIRECTION('',(1.056993707129E-2,0.E0,-9.999441366548E-1));
#35=AXIS2_PLACEMENT_3D('',#32,#33,#34);
#37=CURVE_STYLE('',#21,POSITIVE_LENGTH_MEASURE(2.E-2),#3);
#38=PRESENTATION_STYLE_ASSIGNMENT((#37));
#39=STYLED_ITEM('',(#38),#36);
#40=CARTESIAN_POINT('',(1.294823265389E-2,2.519685039370E-1,-1.224937219113E0));
#41=DIRECTION('',(0.E0,1.E0,0.E0));
#42=DIRECTION('',(9.979444034473E-1,0.E0,6.408562731448E-2));
#43=AXIS2_PLACEMENT_3D('',#40,#41,#42);
#45=CURVE_STYLE('',#21,POSITIVE_LENGTH_MEASURE(2.E-2),#3);
#46=PRESENTATION_STYLE_ASSIGNMENT((#45));
#47=STYLED_ITEM('',(#46),#44);
#48=DIRECTION('',(0.E0,-1.E0,0.E0));
#49=VECTOR('',#48,2.519685039370E-1);
#50=CARTESIAN_POINT('',(1.305642886014E-2,2.519685039370E-1,-1.235172867756E0));
#51=LINE('',#50,#49);
#52=CURVE_STYLE('',#21,POSITIVE_LENGTH_MEASURE(2.E-2),#3);
#53=PRESENTATION_STYLE_ASSIGNMENT((#52));
#54=STYLED_ITEM('',(#53),#51);
#55=CARTESIAN_POINT('',(1.294823265389E-2,0.E0,-1.224937219113E0));
#56=DIRECTION('',(0.E0,1.E0,0.E0));
#57=DIRECTION('',(9.979444034473E-1,0.E0,6.408562731448E-2));
#58=AXIS2_PLACEMENT_3D('',#55,#56,#57);
#60=CURVE_STYLE('',#21,POSITIVE_LENGTH_MEASURE(2.E-2),#3);
#61=PRESENTATION_STYLE_ASSIGNMENT((#60));
#62=STYLED_ITEM('',(#61),#59);
#63=CARTESIAN_POINT('',(0.E0,2.519685039370E-1,0.E0));
#64=DIRECTION('',(0.E0,-1.E0,0.E0));
#65=DIRECTION('',(1.E0,0.E0,0.E0));
#66=AXIS2_PLACEMENT_3D('',#63,#64,#65);
#68=CURVE_STYLE('',#21,POSITIVE_LENGTH_MEASURE(2.E-2),#3);
#69=PRESENTATION_STYLE_ASSIGNMENT((#68));
#70=STYLED_ITEM('',(#69),#67);
#71=CARTESIAN_POINT('',(0.E0,2.519685039370E-1,0.E0));
#72=DIRECTION('',(0.E0,-1.E0,0.E0));
#73=DIRECTION('',(9.982146618517E-1,0.E0,-5.972845941743E-2));
#74=AXIS2_PLACEMENT_3D('',#71,#72,#73);
#76=CURVE_STYLE('',#21,POSITIVE_LENGTH_MEASURE(2.E-2),#3);
#77=PRESENTATION_STYLE_ASSIGNMENT((#76));
#78=STYLED_ITEM('',(#77),#75);
#79=CARTESIAN_POINT('',(0.E0,2.519685039370E-1,0.E0));
#80=DIRECTION('',(0.E0,-1.E0,0.E0));
#81=DIRECTION('',(-1.E0,0.E0,0.E0));
#82=AXIS2_PLACEMENT_3D('',#79,#80,#81);
#84=CURVE_STYLE('',#21,POSITIVE_LENGTH_MEASURE(2.E-2),#3);
#85=PRESENTATION_STYLE_ASSIGNMENT((#84));
#86=STYLED_ITEM('',(#85),#83);
#87=CARTESIAN_POINT('',(0.E0,2.519685039370E-1,0.E0));
#88=DIRECTION('',(0.E0,-1.E0,0.E0));
#89=DIRECTION('',(-9.999171236445E-1,0.E0,1.287423172749E-2));
#90=AXIS2_PLACEMENT_3D('',#87,#88,#89);
#92=CURVE_STYLE('',#21,POSITIVE_LENGTH_MEASURE(2.E-2),#3);
#93=PRESENTATION_STYLE_ASSIGNMENT((#92));
#94=STYLED_ITEM('',(#93),#91);
#95=CARTESIAN_POINT('',(0.E0,2.519685039370E-1,0.E0));
#96=DIRECTION('',(0.E0,-1.E0,0.E0));
#97=DIRECTION('',(1.056993707129E-2,0.E0,-9.999441366548E-1));
#98=AXIS2_PLACEMENT_3D('',#95,#96,#97);
#100=CURVE_STYLE('',#21,POSITIVE_LENGTH_MEASURE(2.E-2),#3);
#101=PRESENTATION_STYLE_ASSIGNMENT((#100));
#102=STYLED_ITEM('',(#101),#99);
#103=CARTESIAN_POINT('',(0.E0,2.519685039370E-1,0.E0));
#104=DIRECTION('',(0.E0,-1.E0,0.E0));
#105=DIRECTION('',(-8.311276582972E-2,0.E0,-9.965401487929E-1));
#106=AXIS2_PLACEMENT_3D('',#103,#104,#105);
#108=CURVE_STYLE('',#21,POSITIVE_LENGTH_MEASURE(2.E-2),#3);
#109=PRESENTATION_STYLE_ASSIGNMENT((#108));
#110=STYLED_ITEM('',(#109),#107);
#111=CARTESIAN_POINT('',(0.E0,2.519685039370E-1,0.E0));
#112=DIRECTION('',(0.E0,-1.E0,0.E0));
#113=DIRECTION('',(-1.760650707562E-1,0.E0,-9.843785302716E-1));
#114=AXIS2_PLACEMENT_3D('',#111,#112,#113);
#116=CURVE_STYLE('',#21,POSITIVE_LENGTH_MEASURE(2.E-2),#3);
#117=PRESENTATION_STYLE_ASSIGNMENT((#116));
#118=STYLED_ITEM('',(#117),#115);
#119=CARTESIAN_POINT('',(0.E0,2.519685039370E-1,0.E0));
#120=DIRECTION('',(0.E0,-1.E0,0.E0));
#121=DIRECTION('',(-2.674701095103E-1,0.E0,-9.635661578317E-1));
#122=AXIS2_PLACEMENT_3D('',#119,#120,#121);
#124=CURVE_STYLE('',#21,POSITIVE_LENGTH_MEASURE(2.E-2),#3);
#125=PRESENTATION_STYLE_ASSIGNMENT((#124));
#126=STYLED_ITEM('',(#125),#123);
#127=CARTESIAN_POINT('',(0.E0,2.519685039370E-1,0.E0));
#128=DIRECTION('',(0.E0,-1.E0,0.E0));
#129=DIRECTION('',(-3.565246113247E-1,0.E0,-9.342859313507E-1));
#130=AXIS2_PLACEMENT_3D('',#127,#128,#129);
#132=CURVE_STYLE('',#21,POSITIVE_LENGTH_MEASURE(2.E-2),#3);
#133=PRESENTATION_STYLE_ASSIGNMENT((#132));
#134=STYLED_ITEM('',(#133),#131);
#135=CARTESIAN_POINT('',(0.E0,2.519685039370E-1,0.E0));
#136=DIRECTION('',(0.E0,-1.E0,0.E0));
#137=DIRECTION('',(-4.424459620356E-1,0.E0,-8.967951665115E-1));
#138=AXIS2_PLACEMENT_3D('',#135,#136,#137);
#140=CURVE_STYLE('',#21,POSITIVE_LENGTH_MEASURE(2.E-2),#3);
#141=PRESENTATION_STYLE_ASSIGNMENT((#140));
#142=STYLED_ITEM('',(#141),#139);
#143=CARTESIAN_POINT('',(0.E0,2.519685039370E-1,0.E0));
#144=DIRECTION('',(0.E0,-1.E0,0.E0));
#145=DIRECTION('',(-5.244790817234E-1,0.E0,-8.514233335037E-1));
#146=AXIS2_PLACEMENT_3D('',#143,#144,#145);
#148=CURVE_STYLE('',#21,POSITIVE_LENGTH_MEASURE(2.E-2),#3);
#149=PRESENTATION_STYLE_ASSIGNMENT((#148));
#150=STYLED_ITEM('',(#149),#147);
#151=CARTESIAN_POINT('',(0.E0,2.519685039370E-1,0.E0));
#152=DIRECTION('',(0.E0,-1.E0,0.E0));
#153=DIRECTION('',(-6.019030603828E-1,0.E0,-7.985691616271E-1));
#154=AXIS2_PLACEMENT_3D('',#151,#152,#153);
#156=CURVE_STYLE('',#21,POSITIVE_LENGTH_MEASURE(2.E-2),#3);
#157=PRESENTATION_STYLE_ASSIGNMENT((#156));
#158=STYLED_ITEM('',(#157),#155);
#159=CARTESIAN_POINT('',(0.E0,2.519685039370E-1,0.E0));
#160=DIRECTION('',(0.E0,-1.E0,0.E0));
#161=DIRECTION('',(-6.740374933053E-1,0.E0,-7.386971352447E-1));
#162=AXIS2_PLACEMENT_3D('',#159,#160,#161);
#164=CURVE_STYLE('',#21,POSITIVE_LENGTH_MEASURE(2.E-2),#3);
#165=PRESENTATION_STYLE_ASSIGNMENT((#164));
#166=STYLED_ITEM('',(#165),#163);
#167=CARTESIAN_POINT('',(0.E0,2.519685039370E-1,0.E0));
#168=DIRECTION('',(0.E0,-1.E0,0.E0));
#169=DIRECTION('',(-7.402484605009E-1,0.E0,-6.723334118769E-1));
#170=AXIS2_PLACEMENT_3D('',#167,#168,#169);
#172=CURVE_STYLE('',#21,POSITIVE_LENGTH_MEASURE(2.E-2),#3);
#173=PRESENTATION_STYLE_ASSIGNMENT((#172));
#174=STYLED_ITEM('',(#173),#171);
#175=CARTESIAN_POINT('',(0.E0,2.519685039370E-1,0.E0));
#176=DIRECTION('',(0.E0,-1.E0,0.E0));
#177=DIRECTION('',(-7.999540976091E-1,0.E0,-6.000611983110E-1));
#178=AXIS2_PLACEMENT_3D('',#175,#176,#177);
#180=CURVE_STYLE('',#21,POSITIVE_LENGTH_MEASURE(2.E-2),#3);
#181=PRESENTATION_STYLE_ASSIGNMENT((#180));
#182=STYLED_ITEM('',(#181),#179);
#183=CARTESIAN_POINT('',(0.E0,2.519685039370E-1,0.E0));
#184=DIRECTION('',(0.E0,-1.E0,0.E0));
#185=DIRECTION('',(-8.526297093441E-1,0.E0,-5.225156253585E-1));
#186=AXIS2_PLACEMENT_3D('',#183,#184,#185);
#188=CURVE_STYLE('',#21,POSITIVE_LENGTH_MEASURE(2.E-2),#3);
#189=PRESENTATION_STYLE_ASSIGNMENT((#188));
#190=STYLED_ITEM('',(#189),#187);
#191=CARTESIAN_POINT('',(0.E0,2.519685039370E-1,0.E0));
#192=DIRECTION('',(0.E0,-1.E0,0.E0));
#193=DIRECTION('',(-8.978123805361E-1,0.E0,-4.403781663026E-1));
#194=AXIS2_PLACEMENT_3D('',#191,#192,#193);
#196=CURVE_STYLE('',#21,POSITIVE_LENGTH_MEASURE(2.E-2),#3);
#197=PRESENTATION_STYLE_ASSIGNMENT((#196));
#198=STYLED_ITEM('',(#197),#195);
#199=CARTESIAN_POINT('',(0.E0,2.519685039370E-1,0.E0));
#200=DIRECTION('',(0.E0,-1.E0,0.E0));
#201=DIRECTION('',(-9.351050442461E-1,0.E0,-3.543706480869E-1));
#202=AXIS2_PLACEMENT_3D('',#199,#200,#201);
#204=CURVE_STYLE('',#21,POSITIVE_LENGTH_MEASURE(2.E-2),#3);
#205=PRESENTATION_STYLE_ASSIGNMENT((#204));
#206=STYLED_ITEM('',(#205),#203);
#207=CARTESIAN_POINT('',(0.E0,2.519685039370E-1,0.E0));
#208=DIRECTION('',(0.E0,-1.E0,0.E0));
#209=DIRECTION('',(-9.641799712044E-1,0.E0,-2.652489078740E-1));
#210=AXIS2_PLACEMENT_3D('',#207,#208,#209);
#212=CURVE_STYLE('',#21,POSITIVE_LENGTH_MEASURE(2.E-2),#3);
#213=PRESENTATION_STYLE_ASSIGNMENT((#212));
#214=STYLED_ITEM('',(#213),#211);
#215=CARTESIAN_POINT('',(0.E0,2.519685039370E-1,0.E0));
#216=DIRECTION('',(0.E0,-1.E0,0.E0));
#217=DIRECTION('',(-9.847816499074E-1,0.E0,-1.737961507214E-1));
#218=AXIS2_PLACEMENT_3D('',#215,#216,#217);
#220=CURVE_STYLE('',#21,POSITIVE_LENGTH_MEASURE(2.E-2),#3);
#221=PRESENTATION_STYLE_ASSIGNMENT((#220));
#222=STYLED_ITEM('',(#221),#219);
#223=CARTESIAN_POINT('',(0.E0,2.519685039370E-1,0.E0));
#224=DIRECTION('',(0.E0,-1.E0,0.E0));
#225=DIRECTION('',(-9.967290320621E-1,0.E0,-8.081606674715E-2));
#226=AXIS2_PLACEMENT_3D('',#223,#224,#225);
#228=CURVE_STYLE('',#21,POSITIVE_LENGTH_MEASURE(2.E-2),#3);
#229=PRESENTATION_STYLE_ASSIGNMENT((#228));
#230=STYLED_ITEM('',(#229),#227);
#231=CARTESIAN_POINT('',(0.E0,2.519685039370E-1,0.E0));
#232=DIRECTION('',(0.E0,-1.E0,0.E0));
#233=DIRECTION('',(-9.943179075910E-1,0.E0,1.064513909908E-1));
#234=AXIS2_PLACEMENT_3D('',#231,#232,#233);
#236=CURVE_STYLE('',#21,POSITIVE_LENGTH_MEASURE(2.E-2),#3);
#237=PRESENTATION_STYLE_ASSIGNMENT((#236));
#238=STYLED_ITEM('',(#237),#235);
#239=CARTESIAN_POINT('',(0.E0,2.519685039370E-1,0.E0));
#240=DIRECTION('',(0.E0,-1.E0,0.E0));
#241=DIRECTION('',(-9.799805900137E-1,0.E0,1.990930516025E-1));
#242=AXIS2_PLACEMENT_3D('',#239,#240,#241);
#244=CURVE_STYLE('',#21,POSITIVE_LENGTH_MEASURE(2.E-2),#3);
#245=PRESENTATION_STYLE_ASSIGNMENT((#244));
#246=STYLED_ITEM('',(#245),#243);
#247=CARTESIAN_POINT('',(0.E0,2.519685039370E-1,0.E0));
#248=DIRECTION('',(0.E0,-1.E0,0.E0));
#249=DIRECTION('',(-9.570311677750E-1,0.E0,2.899850753181E-1));
#250=AXIS2_PLACEMENT_3D('',#247,#248,#249);
#252=CURVE_STYLE('',#21,POSITIVE_LENGTH_MEASURE(2.E-2),#3);
#253=PRESENTATION_STYLE_ASSIGNMENT((#252));
#254=STYLED_ITEM('',(#253),#251);
#255=CARTESIAN_POINT('',(0.E0,2.519685039370E-1,0.E0));
#256=DIRECTION('',(0.E0,-1.E0,0.E0));
#257=DIRECTION('',(-9.256713212227E-1,0.E0,3.783286997650E-1));
#258=AXIS2_PLACEMENT_3D('',#255,#256,#257);
#260=CURVE_STYLE('',#21,POSITIVE_LENGTH_MEASURE(2.E-2),#3);
#261=PRESENTATION_STYLE_ASSIGNMENT((#260));
#262=STYLED_ITEM('',(#261),#259);
#263=CARTESIAN_POINT('',(0.E0,2.519685039370E-1,0.E0));
#264=DIRECTION('',(0.E0,-1.E0,0.E0));
#265=DIRECTION('',(-8.861766418158E-1,0.E0,4.633475579951E-1));
#266=AXIS2_PLACEMENT_3D('',#263,#264,#265);
#268=CURVE_STYLE('',#21,POSITIVE_LENGTH_MEASURE(2.E-2),#3);
#269=PRESENTATION_STYLE_ASSIGNMENT((#268));
#270=STYLED_ITEM('',(#269),#267);
#271=CARTESIAN_POINT('',(0.E0,2.519685039370E-1,0.E0));
#272=DIRECTION('',(0.E0,-1.E0,0.E0));
#273=DIRECTION('',(-8.388942102171E-1,0.E0,5.442945012254E-1));
#274=AXIS2_PLACEMENT_3D('',#271,#272,#273);
#276=CURVE_STYLE('',#21,POSITIVE_LENGTH_MEASURE(2.E-2),#3);
#277=PRESENTATION_STYLE_ASSIGNMENT((#276));
#278=STYLED_ITEM('',(#277),#275);
#279=CARTESIAN_POINT('',(0.E0,2.519685039370E-1,0.E0));
#280=DIRECTION('',(0.E0,-1.E0,0.E0));
#281=DIRECTION('',(-7.842395461356E-1,0.E0,6.204581648081E-1));
#282=AXIS2_PLACEMENT_3D('',#279,#280,#281);
#284=CURVE_STYLE('',#21,POSITIVE_LENGTH_MEASURE(2.E-2),#3);
#285=PRESENTATION_STYLE_ASSIGNMENT((#284));
#286=STYLED_ITEM('',(#285),#283);
#287=CARTESIAN_POINT('',(0.E0,2.519685039370E-1,0.E0));
#288=DIRECTION('',(0.E0,-1.E0,0.E0));
#289=DIRECTION('',(-7.226929567244E-1,0.E0,6.911692197291E-1));
#290=AXIS2_PLACEMENT_3D('',#287,#288,#289);
#292=CURVE_STYLE('',#21,POSITIVE_LENGTH_MEASURE(2.E-2),#3);
#293=PRESENTATION_STYLE_ASSIGNMENT((#292));
#294=STYLED_ITEM('',(#293),#291);
#295=CARTESIAN_POINT('',(0.E0,2.519685039370E-1,0.E0));
#296=DIRECTION('',(0.E0,-1.E0,0.E0));
#297=DIRECTION('',(-6.547953156242E-1,0.E0,7.558062546954E-1));
#298=AXIS2_PLACEMENT_3D('',#295,#296,#297);
#300=CURVE_STYLE('',#21,POSITIVE_LENGTH_MEASURE(2.E-2),#3);
#301=PRESENTATION_STYLE_ASSIGNMENT((#300));
#302=STYLED_ITEM('',(#301),#299);
#303=CARTESIAN_POINT('',(0.E0,2.519685039370E-1,0.E0));
#304=DIRECTION('',(0.E0,-1.E0,0.E0));
#305=DIRECTION('',(-5.811433097463E-1,0.E0,8.138012371194E-1));
#306=AXIS2_PLACEMENT_3D('',#303,#304,#305);
#308=CURVE_STYLE('',#21,POSITIVE_LENGTH_MEASURE(2.E-2),#3);
#309=PRESENTATION_STYLE_ASSIGNMENT((#308));
#310=STYLED_ITEM('',(#309),#307);
#311=CARTESIAN_POINT('',(0.E0,2.519685039370E-1,0.E0));
#312=DIRECTION('',(0.E0,-1.E0,0.E0));
#313=DIRECTION('',(-5.023841955666E-1,0.E0,8.646445050105E-1));
#314=AXIS2_PLACEMENT_3D('',#311,#312,#313);
#316=CURVE_STYLE('',#21,POSITIVE_LENGTH_MEASURE(2.E-2),#3);
#317=PRESENTATION_STYLE_ASSIGNMENT((#316));
#318=STYLED_ITEM('',(#317),#315);
#319=CARTESIAN_POINT('',(0.E0,2.519685039370E-1,0.E0));
#320=DIRECTION('',(0.E0,-1.E0,0.E0));
#321=DIRECTION('',(-4.192101110125E-1,0.E0,9.078892459022E-1));
#322=AXIS2_PLACEMENT_3D('',#319,#320,#321);
#324=CURVE_STYLE('',#21,POSITIVE_LENGTH_MEASURE(2.E-2),#3);
#325=PRESENTATION_STYLE_ASSIGNMENT((#324));
#326=STYLED_ITEM('',(#325),#323);
#327=CARTESIAN_POINT('',(0.E0,2.519685039370E-1,0.E0));
#328=DIRECTION('',(0.E0,-1.E0,0.E0));
#329=DIRECTION('',(9.994215505889E-1,0.E0,3.400829631788E-2));
#330=AXIS2_PLACEMENT_3D('',#327,#328,#329);
#332=CURVE_STYLE('',#21,POSITIVE_LENGTH_MEASURE(2.E-2),#3);
#333=PRESENTATION_STYLE_ASSIGNMENT((#332));
#334=STYLED_ITEM('',(#333),#331);
#335=CARTESIAN_POINT('',(0.E0,2.519685039370E-1,0.E0));
#336=DIRECTION('',(0.E0,-1.E0,0.E0));
#337=DIRECTION('',(9.918454868042E-1,0.E0,1.274461859223E-1));
#338=AXIS2_PLACEMENT_3D('',#335,#336,#337);
#340=CURVE_STYLE('',#21,POSITIVE_LENGTH_MEASURE(2.E-2),#3);
#341=PRESENTATION_STYLE_ASSIGNMENT((#340));
#342=STYLED_ITEM('',(#341),#339);
#343=CARTESIAN_POINT('',(0.E0,2.519685039370E-1,0.E0));
#344=DIRECTION('',(0.E0,-1.E0,0.E0));
#345=DIRECTION('',(9.755530492184E-1,0.E0,2.197640738624E-1));
#346=AXIS2_PLACEMENT_3D('',#343,#344,#345);
#348=CURVE_STYLE('',#21,POSITIVE_LENGTH_MEASURE(2.E-2),#3);
#349=PRESENTATION_STYLE_ASSIGNMENT((#348));
#350=STYLED_ITEM('',(#349),#347);
#351=CARTESIAN_POINT('',(0.E0,2.519685039370E-1,0.E0));
#352=DIRECTION('',(0.E0,-1.E0,0.E0));
#353=DIRECTION('',(9.506874163590E-1,0.E0,3.101506672195E-1));
#354=AXIS2_PLACEMENT_3D('',#351,#352,#353);
#356=CURVE_STYLE('',#21,POSITIVE_LENGTH_MEASURE(2.E-2),#3);
#357=PRESENTATION_STYLE_ASSIGNMENT((#356));
#358=STYLED_ITEM('',(#357),#355);
#359=CARTESIAN_POINT('',(0.E0,2.519685039370E-1,0.E0));
#360=DIRECTION('',(0.E0,-1.E0,0.E0));
#361=DIRECTION('',(9.174671083014E-1,0.E0,3.978116453613E-1));
#362=AXIS2_PLACEMENT_3D('',#359,#360,#361);
#364=CURVE_STYLE('',#21,POSITIVE_LENGTH_MEASURE(2.E-2),#3);
#365=PRESENTATION_STYLE_ASSIGNMENT((#364));
#366=STYLED_ITEM('',(#365),#363);
#367=CARTESIAN_POINT('',(0.E0,2.519685039370E-1,0.E0));
#368=DIRECTION('',(0.E0,-1.E0,0.E0));
#369=DIRECTION('',(8.761840663075E-1,0.E0,4.819766404598E-1));
#370=AXIS2_PLACEMENT_3D('',#367,#368,#369);
#372=CURVE_STYLE('',#21,POSITIVE_LENGTH_MEASURE(2.E-2),#3);
#373=PRESENTATION_STYLE_ASSIGNMENT((#372));
#374=STYLED_ITEM('',(#373),#371);
#375=CARTESIAN_POINT('',(0.E0,2.519685039370E-1,0.E0));
#376=DIRECTION('',(0.E0,-1.E0,0.E0));
#377=DIRECTION('',(8.272010872346E-1,0.E0,5.619060075118E-1));
#378=AXIS2_PLACEMENT_3D('',#375,#376,#377);
#380=CURVE_STYLE('',#21,POSITIVE_LENGTH_MEASURE(2.E-2),#3);
#381=PRESENTATION_STYLE_ASSIGNMENT((#380));
#382=STYLED_ITEM('',(#381),#379);
#383=CARTESIAN_POINT('',(0.E0,2.519685039370E-1,0.E0));
#384=DIRECTION('',(0.E0,-1.E0,0.E0));
#385=DIRECTION('',(7.709486352641E-1,0.E0,6.368973243659E-1));
#386=AXIS2_PLACEMENT_3D('',#383,#384,#385);
#388=CURVE_STYLE('',#21,POSITIVE_LENGTH_MEASURE(2.E-2),#3);
#389=PRESENTATION_STYLE_ASSIGNMENT((#388));
#390=STYLED_ITEM('',(#389),#387);
#391=CARTESIAN_POINT('',(0.E0,2.519685039370E-1,0.E0));
#392=DIRECTION('',(0.E0,-1.E0,0.E0));
#393=DIRECTION('',(7.079210589665E-1,0.E0,7.062915646330E-1));
#394=AXIS2_PLACEMENT_3D('',#391,#392,#393);
#396=CURVE_STYLE('',#21,POSITIVE_LENGTH_MEASURE(2.E-2),#3);
#397=PRESENTATION_STYLE_ASSIGNMENT((#396));
#398=STYLED_ITEM('',(#397),#395);
#399=CARTESIAN_POINT('',(0.E0,2.519685039370E-1,0.E0));
#400=DIRECTION('',(0.E0,-1.E0,0.E0));
#401=DIRECTION('',(6.386722469485E-1,0.E0,7.694788892346E-1));
#402=AXIS2_PLACEMENT_3D('',#399,#400,#401);
#404=CURVE_STYLE('',#21,POSITIVE_LENGTH_MEASURE(2.E-2),#3);
#405=PRESENTATION_STYLE_ASSIGNMENT((#404));
#406=STYLED_ITEM('',(#405),#403);
#407=CARTESIAN_POINT('',(0.E0,2.519685039370E-1,0.E0));
#408=DIRECTION('',(0.E0,-1.E0,0.E0));
#409=DIRECTION('',(5.638107602601E-1,0.E0,8.259040056901E-1));
#410=AXIS2_PLACEMENT_3D('',#407,#408,#409);
#412=CURVE_STYLE('',#21,POSITIVE_LENGTH_MEASURE(2.E-2),#3);
#413=PRESENTATION_STYLE_ASSIGNMENT((#412));
#414=STYLED_ITEM('',(#413),#411);
#415=CARTESIAN_POINT('',(0.E0,2.519685039370E-1,0.E0));
#416=DIRECTION('',(0.E0,-1.E0,0.E0));
#417=DIRECTION('',(4.839944843381E-1,0.E0,8.750710480471E-1));
#418=AXIS2_PLACEMENT_3D('',#415,#416,#417);
#420=CURVE_STYLE('',#21,POSITIVE_LENGTH_MEASURE(2.E-2),#3);
#421=PRESENTATION_STYLE_ASSIGNMENT((#420));
#422=STYLED_ITEM('',(#421),#419);
#423=CARTESIAN_POINT('',(0.E0,2.519685039370E-1,0.E0));
#424=DIRECTION('',(0.E0,-1.E0,0.E0));
#425=DIRECTION('',(3.999248474851E-1,0.E0,9.165479345697E-1));
#426=AXIS2_PLACEMENT_3D('',#423,#424,#425);
#428=CURVE_STYLE('',#21,POSITIVE_LENGTH_MEASURE(2.E-2),#3);
#429=PRESENTATION_STYLE_ASSIGNMENT((#428));
#430=STYLED_ITEM('',(#429),#427);
#431=CARTESIAN_POINT('',(0.E0,2.519685039370E-1,0.E0));
#432=DIRECTION('',(0.E0,-1.E0,0.E0));
#433=DIRECTION('',(3.123406566926E-1,0.E0,9.499701648877E-1));
#434=AXIS2_PLACEMENT_3D('',#431,#432,#433);
#436=CURVE_STYLE('',#21,POSITIVE_LENGTH_MEASURE(2.E-2),#3);
#437=PRESENTATION_STYLE_ASSIGNMENT((#436));
#438=STYLED_ITEM('',(#437),#435);
#439=CARTESIAN_POINT('',(0.E0,2.519685039370E-1,0.E0));
#440=DIRECTION('',(0.E0,-1.E0,0.E0));
#441=DIRECTION('',(2.220116049785E-1,0.E0,9.750440232394E-1));
#442=AXIS2_PLACEMENT_3D('',#439,#440,#441);
#444=CURVE_STYLE('',#21,POSITIVE_LENGTH_MEASURE(2.E-2),#3);
#445=PRESENTATION_STYLE_ASSIGNMENT((#444));
#446=STYLED_ITEM('',(#445),#443);
#447=CARTESIAN_POINT('',(0.E0,2.519685039370E-1,0.E0));
#448=DIRECTION('',(0.E0,-1.E0,0.E0));
#449=DIRECTION('',(1.297315072972E-1,0.E0,9.915491596559E-1));
#450=AXIS2_PLACEMENT_3D('',#447,#448,#449);
#452=CURVE_STYLE('',#21,POSITIVE_LENGTH_MEASURE(2.E-2),#3);
#453=PRESENTATION_STYLE_ASSIGNMENT((#452));
#454=STYLED_ITEM('',(#453),#451);
#455=CARTESIAN_POINT('',(0.E0,2.519685039370E-1,0.E0));
#456=DIRECTION('',(0.E0,-1.E0,0.E0));
#457=DIRECTION('',(3.631132446510E-2,0.E0,9.993405264051E-1));
#458=AXIS2_PLACEMENT_3D('',#455,#456,#457);
#460=CURVE_STYLE('',#21,POSITIVE_LENGTH_MEASURE(2.E-2),#3);
#461=PRESENTATION_STYLE_ASSIGNMENT((#460));
#462=STYLED_ITEM('',(#461),#459);
#463=CARTESIAN_POINT('',(0.E0,2.519685039370E-1,0.E0));
#464=DIRECTION('',(0.E0,-1.E0,0.E0));
#465=DIRECTION('',(-5.742796359202E-2,0.E0,9.983496526757E-1));
#466=AXIS2_PLACEMENT_3D('',#463,#464,#465);
#468=CURVE_STYLE('',#21,POSITIVE_LENGTH_MEASURE(2.E-2),#3);
#469=PRESENTATION_STYLE_ASSIGNMENT((#468));
#470=STYLED_ITEM('',(#469),#467);
#471=CARTESIAN_POINT('',(0.E0,2.519685039370E-1,0.E0));
#472=DIRECTION('',(0.E0,-1.E0,0.E0));
#473=DIRECTION('',(-1.506625726402E-1,0.E0,9.885852463017E-1));
#474=AXIS2_PLACEMENT_3D('',#471,#472,#473);
#476=CURVE_STYLE('',#21,POSITIVE_LENGTH_MEASURE(2.E-2),#3);
#477=PRESENTATION_STYLE_ASSIGNMENT((#476));
#478=STYLED_ITEM('',(#477),#475);
#479=CARTESIAN_POINT('',(0.E0,2.519685039370E-1,0.E0));
#480=DIRECTION('',(0.E0,-1.E0,0.E0));
#481=DIRECTION('',(-2.425731535828E-1,0.E0,9.701331172375E-1));
#482=AXIS2_PLACEMENT_3D('',#479,#480,#481);
#484=CURVE_STYLE('',#21,POSITIVE_LENGTH_MEASURE(2.E-2),#3);
#485=PRESENTATION_STYLE_ASSIGNMENT((#484));
#486=STYLED_ITEM('',(#485),#483);
#487=CARTESIAN_POINT('',(0.E0,2.519685039370E-1,0.E0));
#488=DIRECTION('',(0.E0,-1.E0,0.E0));
#489=DIRECTION('',(-3.323519929296E-1,0.E0,9.431554234567E-1));
#490=AXIS2_PLACEMENT_3D('',#487,#488,#489);
#492=CURVE_STYLE('',#21,POSITIVE_LENGTH_MEASURE(2.E-2),#3);
#493=PRESENTATION_STYLE_ASSIGNMENT((#492));
#494=STYLED_ITEM('',(#493),#491);
#495=CARTESIAN_POINT('',(0.E0,2.519685039370E-1,0.E0));
#496=DIRECTION('',(0.E0,-1.E0,0.E0));
#497=DIRECTION('',(1.041597509853E-1,0.E0,-9.945605794896E-1));
#498=AXIS2_PLACEMENT_3D('',#495,#496,#497);
#500=CURVE_STYLE('',#21,POSITIVE_LENGTH_MEASURE(2.E-2),#3);
#501=PRESENTATION_STYLE_ASSIGNMENT((#500));
#502=STYLED_ITEM('',(#501),#499);
#503=CARTESIAN_POINT('',(0.E0,2.519685039370E-1,0.E0));
#504=DIRECTION('',(0.E0,-1.E0,0.E0));
#505=DIRECTION('',(1.968342052624E-1,0.E0,-9.804367881912E-1));
#506=AXIS2_PLACEMENT_3D('',#503,#504,#505);
#508=CURVE_STYLE('',#21,POSITIVE_LENGTH_MEASURE(2.E-2),#3);
#509=PRESENTATION_STYLE_ASSIGNMENT((#508));
#510=STYLED_ITEM('',(#509),#507);
#511=CARTESIAN_POINT('',(0.E0,2.519685039370E-1,0.E0));
#512=DIRECTION('',(0.E0,-1.E0,0.E0));
#513=DIRECTION('',(2.877788734663E-1,0.E0,-9.576968831454E-1));
#514=AXIS2_PLACEMENT_3D('',#511,#512,#513);
#516=CURVE_STYLE('',#21,POSITIVE_LENGTH_MEASURE(2.E-2),#3);
#517=PRESENTATION_STYLE_ASSIGNMENT((#516));
#518=STYLED_ITEM('',(#517),#515);
#519=CARTESIAN_POINT('',(0.E0,2.519685039370E-1,0.E0));
#520=DIRECTION('',(0.E0,-1.E0,0.E0));
#521=DIRECTION('',(3.761945305827E-1,0.E0,-9.265407034554E-1));
#522=AXIS2_PLACEMENT_3D('',#519,#520,#521);
#524=CURVE_STYLE('',#21,POSITIVE_LENGTH_MEASURE(2.E-2),#3);
#525=PRESENTATION_STYLE_ASSIGNMENT((#524));
#526=STYLED_ITEM('',(#525),#523);
#527=CARTESIAN_POINT('',(0.E0,2.519685039370E-1,0.E0));
#528=DIRECTION('',(0.E0,-1.E0,0.E0));
#529=DIRECTION('',(4.613041766378E-1,0.E0,-8.872420507486E-1));
#530=AXIS2_PLACEMENT_3D('',#527,#528,#529);
#532=CURVE_STYLE('',#21,POSITIVE_LENGTH_MEASURE(2.E-2),#3);
#533=PRESENTATION_STYLE_ASSIGNMENT((#532));
#534=STYLED_ITEM('',(#533),#531);
#535=CARTESIAN_POINT('',(0.E0,2.519685039370E-1,0.E0));
#536=DIRECTION('',(0.E0,-1.E0,0.E0));
#537=DIRECTION('',(5.423598650019E-1,0.E0,-8.401462829979E-1));
#538=AXIS2_PLACEMENT_3D('',#535,#536,#537);
#540=CURVE_STYLE('',#21,POSITIVE_LENGTH_MEASURE(2.E-2),#3);
#541=PRESENTATION_STYLE_ASSIGNMENT((#540));
#542=STYLED_ITEM('',(#541),#539);
#543=CARTESIAN_POINT('',(0.E0,2.519685039370E-1,0.E0));
#544=DIRECTION('',(0.E0,-1.E0,0.E0));
#545=DIRECTION('',(6.186492753711E-1,0.E0,-7.856672795037E-1));
#546=AXIS2_PLACEMENT_3D('',#543,#544,#545);
#548=CURVE_STYLE('',#21,POSITIVE_LENGTH_MEASURE(2.E-2),#3);
#549=PRESENTATION_STYLE_ASSIGNMENT((#548));
#550=STYLED_ITEM('',(#549),#547);
#551=CARTESIAN_POINT('',(0.E0,2.519685039370E-1,0.E0));
#552=DIRECTION('',(0.E0,-1.E0,0.E0));
#553=DIRECTION('',(6.895019736642E-1,0.E0,-7.242838037077E-1));
#554=AXIS2_PLACEMENT_3D('',#551,#552,#553);
#556=CURVE_STYLE('',#21,POSITIVE_LENGTH_MEASURE(2.E-2),#3);
#557=PRESENTATION_STYLE_ASSIGNMENT((#556));
#558=STYLED_ITEM('',(#557),#555);
#559=CARTESIAN_POINT('',(0.E0,2.519685039370E-1,0.E0));
#560=DIRECTION('',(0.E0,-1.E0,0.E0));
#561=DIRECTION('',(7.542953038207E-1,0.E0,-6.565352958021E-1));
#562=AXIS2_PLACEMENT_3D('',#559,#560,#561);
#564=CURVE_STYLE('',#21,POSITIVE_LENGTH_MEASURE(2.E-2),#3);
#565=PRESENTATION_STYLE_ASSIGNMENT((#564));
#566=STYLED_ITEM('',(#565),#563);
#567=CARTESIAN_POINT('',(0.E0,2.519685039370E-1,0.E0));
#568=DIRECTION('',(0.E0,-1.E0,0.E0));
#569=DIRECTION('',(8.124598597257E-1,0.E0,-5.830171321106E-1));
#570=AXIS2_PLACEMENT_3D('',#567,#568,#569);
#572=CURVE_STYLE('',#21,POSITIVE_LENGTH_MEASURE(2.E-2),#3);
#573=PRESENTATION_STYLE_ASSIGNMENT((#572));
#574=STYLED_ITEM('',(#573),#571);
#575=CARTESIAN_POINT('',(0.E0,2.519685039370E-1,0.E0));
#576=DIRECTION('',(0.E0,-1.E0,0.E0));
#577=DIRECTION('',(8.634844891705E-1,0.E0,-5.043753928990E-1));
#578=AXIS2_PLACEMENT_3D('',#575,#576,#577);
#580=CURVE_STYLE('',#21,POSITIVE_LENGTH_MEASURE(2.E-2),#3);
#581=PRESENTATION_STYLE_ASSIGNMENT((#580));
#582=STYLED_ITEM('',(#581),#579);
#583=CARTESIAN_POINT('',(0.E0,2.519685039370E-1,0.E0));
#584=DIRECTION('',(0.E0,-1.E0,0.E0));
#585=DIRECTION('',(9.069207858768E-1,0.E0,-4.213011845991E-1));
#586=AXIS2_PLACEMENT_3D('',#583,#584,#585);
#588=CURVE_STYLE('',#21,POSITIVE_LENGTH_MEASURE(2.E-2),#3);
#589=PRESENTATION_STYLE_ASSIGNMENT((#588));
#590=STYLED_ITEM('',(#589),#587);
#591=CARTESIAN_POINT('',(0.E0,2.519685039370E-1,0.E0));
#592=DIRECTION('',(0.E0,-1.E0,0.E0));
#593=DIRECTION('',(9.423870301074E-1,0.E0,-3.345245663406E-1));
#594=AXIS2_PLACEMENT_3D('',#591,#592,#593);
#596=CURVE_STYLE('',#21,POSITIVE_LENGTH_MEASURE(2.E-2),#3);
#597=PRESENTATION_STYLE_ASSIGNMENT((#596));
#598=STYLED_ITEM('',(#597),#595);
#599=CARTESIAN_POINT('',(0.E0,2.519685039370E-1,0.E0));
#600=DIRECTION('',(0.E0,-1.E0,0.E0));
#601=DIRECTION('',(9.695715432327E-1,0.E0,-2.448081341649E-1));
#602=AXIS2_PLACEMENT_3D('',#599,#600,#601);
#604=CURVE_STYLE('',#21,POSITIVE_LENGTH_MEASURE(2.E-2),#3);
#605=PRESENTATION_STYLE_ASSIGNMENT((#604));
#606=STYLED_ITEM('',(#605),#603);
#607=CARTESIAN_POINT('',(0.E0,2.519685039370E-1,0.E0));
#608=DIRECTION('',(0.E0,-1.E0,0.E0));
#609=DIRECTION('',(9.882354267740E-1,0.E0,-1.529403193038E-1));
#610=AXIS2_PLACEMENT_3D('',#607,#608,#609);
#612=CURVE_STYLE('',#21,POSITIVE_LENGTH_MEASURE(2.E-2),#3);
#613=PRESENTATION_STYLE_ASSIGNMENT((#612));
#614=STYLED_ITEM('',(#613),#611);
#615=DIRECTION('',(7.071067811866E-1,7.071067811865E-1,1.220329087090E-9));
#616=VECTOR('',#615,3.424178507455E-2);
#617=CARTESIAN_POINT('',(1.235241872495E0,2.519685039330E-1,
-1.775861144715E-10));
#618=LINE('',#617,#616);
#619=CURVE_STYLE('',#21,POSITIVE_LENGTH_MEASURE(2.E-2),#3);
#620=PRESENTATION_STYLE_ASSIGNMENT((#619));
#621=STYLED_ITEM('',(#620),#618);
#622=CARTESIAN_POINT('',(0.E0,2.519685039370E-1,0.E0));
#623=DIRECTION('',(0.E0,-1.E0,0.E0));
#624=DIRECTION('',(9.999171236445E-1,0.E0,1.287423172749E-2));
#625=AXIS2_PLACEMENT_3D('',#622,#623,#624);
#627=CURVE_STYLE('',#21,POSITIVE_LENGTH_MEASURE(2.E-2),#3);
#628=PRESENTATION_STYLE_ASSIGNMENT((#627));
#629=STYLED_ITEM('',(#628),#626);
#630=DIRECTION('',(0.E0,-1.E0,0.E0));
#631=VECTOR('',#630,2.519685039336E-1);
#632=CARTESIAN_POINT('',(1.235139500153E0,2.519685039353E-1,1.590279010602E-2));
#633=LINE('',#632,#631);
#634=CURVE_STYLE('',#21,POSITIVE_LENGTH_MEASURE(2.E-2),#3);
#635=PRESENTATION_STYLE_ASSIGNMENT((#634));
#636=STYLED_ITEM('',(#635),#633);
#637=CARTESIAN_POINT('',(0.E0,0.E0,0.E0));
#638=DIRECTION('',(0.E0,1.E0,0.E0));
#639=DIRECTION('',(9.994215505889E-1,0.E0,3.400829631787E-2));
#640=AXIS2_PLACEMENT_3D('',#637,#638,#639);
#642=CURVE_STYLE('',#21,POSITIVE_LENGTH_MEASURE(2.E-2),#3);
#643=PRESENTATION_STYLE_ASSIGNMENT((#642));
#644=STYLED_ITEM('',(#643),#641);
#645=CARTESIAN_POINT('',(1.224904128022E0,2.519685039370E-1,1.577100663166E-2));
#646=DIRECTION('',(0.E0,1.E0,0.E0));
#647=DIRECTION('',(9.999171236445E-1,0.E0,1.287423172746E-2));
#648=AXIS2_PLACEMENT_3D('',#645,#646,#647);
#650=CURVE_STYLE('',#21,POSITIVE_LENGTH_MEASURE(2.E-2),#3);
#651=PRESENTATION_STYLE_ASSIGNMENT((#650));
#652=STYLED_ITEM('',(#651),#649);
#653=DIRECTION('',(0.E0,-1.E0,0.E0));
#654=VECTOR('',#653,2.519685039370E-1);
#655=CARTESIAN_POINT('',(1.224487783773E0,2.519685039370E-1,5.543256780081E-3));
#656=LINE('',#655,#654);
#657=CURVE_STYLE('',#21,POSITIVE_LENGTH_MEASURE(2.E-2),#3);
#658=PRESENTATION_STYLE_ASSIGNMENT((#657));
#659=STYLED_ITEM('',(#658),#656);
#660=CARTESIAN_POINT('',(1.224904128022E0,0.E0,1.577100663166E-2));
#661=DIRECTION('',(0.E0,1.E0,0.E0));
#662=DIRECTION('',(9.999171236445E-1,0.E0,1.287423172749E-2));
#663=AXIS2_PLACEMENT_3D('',#660,#661,#662);
#665=CURVE_STYLE('',#21,POSITIVE_LENGTH_MEASURE(2.E-2),#3);
#666=PRESENTATION_STYLE_ASSIGNMENT((#665));
#667=STYLED_ITEM('',(#666),#664);
#668=CARTESIAN_POINT('',(1.223094631862E0,0.E0,-2.868036772329E-2));
#669=DIRECTION('',(0.E0,1.E0,0.E0));
#670=DIRECTION('',(-6.204549226644E-3,0.E0,-9.999807515992E-1));
#671=AXIS2_PLACEMENT_3D('',#668,#669,#670);
#673=CURVE_STYLE('',#21,POSITIVE_LENGTH_MEASURE(2.E-2),#3);
#674=PRESENTATION_STYLE_ASSIGNMENT((#673));
#675=STYLED_ITEM('',(#674),#672);
#676=CARTESIAN_POINT('',(1.223094631862E0,2.519685039370E-1,
-2.868036772329E-2));
#677=DIRECTION('',(0.E0,1.E0,0.E0));
#678=DIRECTION('',(-6.204549226644E-3,0.E0,-9.999807515992E-1));
#679=AXIS2_PLACEMENT_3D('',#676,#677,#678);
#681=CURVE_STYLE('',#21,POSITIVE_LENGTH_MEASURE(2.E-2),#3);
#682=PRESENTATION_STYLE_ASSIGNMENT((#681));
#683=STYLED_ITEM('',(#682),#680);
#684=DIRECTION('',(0.E0,-1.E0,0.E0));
#685=VECTOR('',#684,2.519685039370E-1);
#686=CARTESIAN_POINT('',(1.222882113838E0,2.519685039370E-1,
-6.293167693161E-2));
#687=LINE('',#686,#685);
#688=CURVE_STYLE('',#21,POSITIVE_LENGTH_MEASURE(2.E-2),#3);
#689=PRESENTATION_STYLE_ASSIGNMENT((#688));
#690=STYLED_ITEM('',(#689),#687);
#691=CARTESIAN_POINT('',(0.E0,0.E0,0.E0));
#692=DIRECTION('',(0.E0,1.E0,0.E0));
#693=DIRECTION('',(-1.E0,0.E0,0.E0));
#694=AXIS2_PLACEMENT_3D('',#691,#692,#693);
#696=CURVE_STYLE('',#21,POSITIVE_LENGTH_MEASURE(2.E-2),#3);
#697=PRESENTATION_STYLE_ASSIGNMENT((#696));
#698=STYLED_ITEM('',(#697),#695);
#699=CARTESIAN_POINT('',(0.E0,0.E0,0.E0));
#700=DIRECTION('',(0.E0,1.E0,0.E0));
#701=DIRECTION('',(-9.982146618517E-1,0.E0,-5.972845941743E-2));
#702=AXIS2_PLACEMENT_3D('',#699,#700,#701);
#704=CURVE_STYLE('',#21,POSITIVE_LENGTH_MEASURE(2.E-2),#3);
#705=PRESENTATION_STYLE_ASSIGNMENT((#704));
#706=STYLED_ITEM('',(#705),#703);
#707=CARTESIAN_POINT('',(0.E0,0.E0,0.E0));
#708=DIRECTION('',(0.E0,1.E0,0.E0));
#709=DIRECTION('',(1.E0,0.E0,0.E0));
#710=AXIS2_PLACEMENT_3D('',#707,#708,#709);
#712=CURVE_STYLE('',#21,POSITIVE_LENGTH_MEASURE(2.E-2),#3);
#713=PRESENTATION_STYLE_ASSIGNMENT((#712));
#714=STYLED_ITEM('',(#713),#711);
#715=CARTESIAN_POINT('',(0.E0,0.E0,0.E0));
#716=DIRECTION('',(0.E0,1.E0,0.E0));
#717=DIRECTION('',(9.999171236445E-1,0.E0,1.287423172749E-2));
#718=AXIS2_PLACEMENT_3D('',#715,#716,#717);
#720=CURVE_STYLE('',#21,POSITIVE_LENGTH_MEASURE(2.E-2),#3);
#721=PRESENTATION_STYLE_ASSIGNMENT((#720));
#722=STYLED_ITEM('',(#721),#719);
#723=CARTESIAN_POINT('',(0.E0,0.E0,0.E0));
#724=DIRECTION('',(0.E0,1.E0,0.E0));
#725=DIRECTION('',(8.311276582972E-2,0.E0,-9.965401487929E-1));
#726=AXIS2_PLACEMENT_3D('',#723,#724,#725);
#728=CURVE_STYLE('',#21,POSITIVE_LENGTH_MEASURE(2.E-2),#3);
#729=PRESENTATION_STYLE_ASSIGNMENT((#728));
#730=STYLED_ITEM('',(#729),#727);
#731=CARTESIAN_POINT('',(0.E0,0.E0,0.E0));
#732=DIRECTION('',(0.E0,1.E0,0.E0));
#733=DIRECTION('',(-1.056993707129E-2,0.E0,-9.999441366548E-1));
#734=AXIS2_PLACEMENT_3D('',#731,#732,#733);
#736=CURVE_STYLE('',#21,POSITIVE_LENGTH_MEASURE(2.E-2),#3);
#737=PRESENTATION_STYLE_ASSIGNMENT((#736));
#738=STYLED_ITEM('',(#737),#735);
#739=CARTESIAN_POINT('',(0.E0,0.E0,0.E0));
#740=DIRECTION('',(0.E0,1.E0,0.E0));
#741=DIRECTION('',(-1.041597509853E-1,0.E0,-9.945605794896E-1));
#742=AXIS2_PLACEMENT_3D('',#739,#740,#741);
#744=CURVE_STYLE('',#21,POSITIVE_LENGTH_MEASURE(2.E-2),#3);
#745=PRESENTATION_STYLE_ASSIGNMENT((#744));
#746=STYLED_ITEM('',(#745),#743);
#747=CARTESIAN_POINT('',(0.E0,0.E0,0.E0));
#748=DIRECTION('',(0.E0,1.E0,0.E0));
#749=DIRECTION('',(-1.968342052624E-1,0.E0,-9.804367881912E-1));
#750=AXIS2_PLACEMENT_3D('',#747,#748,#749);
#752=CURVE_STYLE('',#21,POSITIVE_LENGTH_MEASURE(2.E-2),#3);
#753=PRESENTATION_STYLE_ASSIGNMENT((#752));
#754=STYLED_ITEM('',(#753),#751);
#755=CARTESIAN_POINT('',(0.E0,0.E0,0.E0));
#756=DIRECTION('',(0.E0,1.E0,0.E0));
#757=DIRECTION('',(-2.877788734663E-1,0.E0,-9.576968831454E-1));
#758=AXIS2_PLACEMENT_3D('',#755,#756,#757);
#760=CURVE_STYLE('',#21,POSITIVE_LENGTH_MEASURE(2.E-2),#3);
#761=PRESENTATION_STYLE_ASSIGNMENT((#760));
#762=STYLED_ITEM('',(#761),#759);
#763=CARTESIAN_POINT('',(0.E0,0.E0,0.E0));
#764=DIRECTION('',(0.E0,1.E0,0.E0));
#765=DIRECTION('',(-3.761945305827E-1,0.E0,-9.265407034554E-1));
#766=AXIS2_PLACEMENT_3D('',#763,#764,#765);
#768=CURVE_STYLE('',#21,POSITIVE_LENGTH_MEASURE(2.E-2),#3);
#769=PRESENTATION_STYLE_ASSIGNMENT((#768));
#770=STYLED_ITEM('',(#769),#767);
#771=CARTESIAN_POINT('',(0.E0,0.E0,0.E0));
#772=DIRECTION('',(0.E0,1.E0,0.E0));
#773=DIRECTION('',(-4.613041766378E-1,0.E0,-8.872420507486E-1));
#774=AXIS2_PLACEMENT_3D('',#771,#772,#773);
#776=CURVE_STYLE('',#21,POSITIVE_LENGTH_MEASURE(2.E-2),#3);
#777=PRESENTATION_STYLE_ASSIGNMENT((#776));
#778=STYLED_ITEM('',(#777),#775);
#779=CARTESIAN_POINT('',(0.E0,0.E0,0.E0));
#780=DIRECTION('',(0.E0,1.E0,0.E0));
#781=DIRECTION('',(-5.423598650019E-1,0.E0,-8.401462829979E-1));
#782=AXIS2_PLACEMENT_3D('',#779,#780,#781);
#784=CURVE_STYLE('',#21,POSITIVE_LENGTH_MEASURE(2.E-2),#3);
#785=PRESENTATION_STYLE_ASSIGNMENT((#784));
#786=STYLED_ITEM('',(#785),#783);
#787=CARTESIAN_POINT('',(0.E0,0.E0,0.E0));
#788=DIRECTION('',(0.E0,1.E0,0.E0));
#789=DIRECTION('',(-6.186492753711E-1,0.E0,-7.856672795037E-1));
#790=AXIS2_PLACEMENT_3D('',#787,#788,#789);
#792=CURVE_STYLE('',#21,POSITIVE_LENGTH_MEASURE(2.E-2),#3);
#793=PRESENTATION_STYLE_ASSIGNMENT((#792));
#794=STYLED_ITEM('',(#793),#791);
#795=CARTESIAN_POINT('',(0.E0,0.E0,0.E0));
#796=DIRECTION('',(0.E0,1.E0,0.E0));
#797=DIRECTION('',(-6.895019736642E-1,0.E0,-7.242838037077E-1));
#798=AXIS2_PLACEMENT_3D('',#795,#796,#797);
#800=CURVE_STYLE('',#21,POSITIVE_LENGTH_MEASURE(2.E-2),#3);
#801=PRESENTATION_STYLE_ASSIGNMENT((#800));
#802=STYLED_ITEM('',(#801),#799);
#803=CARTESIAN_POINT('',(0.E0,0.E0,0.E0));
#804=DIRECTION('',(0.E0,1.E0,0.E0));
#805=DIRECTION('',(-7.542953038207E-1,0.E0,-6.565352958021E-1));
#806=AXIS2_PLACEMENT_3D('',#803,#804,#805);
#808=CURVE_STYLE('',#21,POSITIVE_LENGTH_MEASURE(2.E-2),#3);
#809=PRESENTATION_STYLE_ASSIGNMENT((#808));
#810=STYLED_ITEM('',(#809),#807);
#811=CARTESIAN_POINT('',(0.E0,0.E0,0.E0));
#812=DIRECTION('',(0.E0,1.E0,0.E0));
#813=DIRECTION('',(-8.124598597257E-1,0.E0,-5.830171321106E-1));
#814=AXIS2_PLACEMENT_3D('',#811,#812,#813);
#816=CURVE_STYLE('',#21,POSITIVE_LENGTH_MEASURE(2.E-2),#3);
#817=PRESENTATION_STYLE_ASSIGNMENT((#816));
#818=STYLED_ITEM('',(#817),#815);
#819=CARTESIAN_POINT('',(0.E0,0.E0,0.E0));
#820=DIRECTION('',(0.E0,1.E0,0.E0));
#821=DIRECTION('',(-8.634844891705E-1,0.E0,-5.043753928990E-1));
#822=AXIS2_PLACEMENT_3D('',#819,#820,#821);
#824=CURVE_STYLE('',#21,POSITIVE_LENGTH_MEASURE(2.E-2),#3);
#825=PRESENTATION_STYLE_ASSIGNMENT((#824));
#826=STYLED_ITEM('',(#825),#823);
#827=CARTESIAN_POINT('',(0.E0,0.E0,0.E0));
#828=DIRECTION('',(0.E0,1.E0,0.E0));
#829=DIRECTION('',(-9.069207858768E-1,0.E0,-4.213011845991E-1));
#830=AXIS2_PLACEMENT_3D('',#827,#828,#829);
#832=CURVE_STYLE('',#21,POSITIVE_LENGTH_MEASURE(2.E-2),#3);
#833=PRESENTATION_STYLE_ASSIGNMENT((#832));
#834=STYLED_ITEM('',(#833),#831);
#835=CARTESIAN_POINT('',(0.E0,0.E0,0.E0));
#836=DIRECTION('',(0.E0,1.E0,0.E0));
#837=DIRECTION('',(-9.423870301074E-1,0.E0,-3.345245663406E-1));
#838=AXIS2_PLACEMENT_3D('',#835,#836,#837);
#840=CURVE_STYLE('',#21,POSITIVE_LENGTH_MEASURE(2.E-2),#3);
#841=PRESENTATION_STYLE_ASSIGNMENT((#840));
#842=STYLED_ITEM('',(#841),#839);
#843=CARTESIAN_POINT('',(0.E0,0.E0,0.E0));
#844=DIRECTION('',(0.E0,1.E0,0.E0));
#845=DIRECTION('',(-9.695715432327E-1,0.E0,-2.448081341649E-1));
#846=AXIS2_PLACEMENT_3D('',#843,#844,#845);
#848=CURVE_STYLE('',#21,POSITIVE_LENGTH_MEASURE(2.E-2),#3);
#849=PRESENTATION_STYLE_ASSIGNMENT((#848));
#850=STYLED_ITEM('',(#849),#847);
#851=CARTESIAN_POINT('',(0.E0,0.E0,0.E0));
#852=DIRECTION('',(0.E0,1.E0,0.E0));
#853=DIRECTION('',(-9.882354267740E-1,0.E0,-1.529403193038E-1));
#854=AXIS2_PLACEMENT_3D('',#851,#852,#853);
#856=CURVE_STYLE('',#21,POSITIVE_LENGTH_MEASURE(2.E-2),#3);
#857=PRESENTATION_STYLE_ASSIGNMENT((#856));
#858=STYLED_ITEM('',(#857),#855);
#859=CARTESIAN_POINT('',(0.E0,0.E0,0.E0));
#860=DIRECTION('',(0.E0,1.E0,0.E0));
#861=DIRECTION('',(-9.994215505889E-1,0.E0,3.400829631788E-2));
#862=AXIS2_PLACEMENT_3D('',#859,#860,#861);
#864=CURVE_STYLE('',#21,POSITIVE_LENGTH_MEASURE(2.E-2),#3);
#865=PRESENTATION_STYLE_ASSIGNMENT((#864));
#866=STYLED_ITEM('',(#865),#863);
#867=CARTESIAN_POINT('',(0.E0,0.E0,0.E0));
#868=DIRECTION('',(0.E0,1.E0,0.E0));
#869=DIRECTION('',(-9.918454868042E-1,0.E0,1.274461859223E-1));
#870=AXIS2_PLACEMENT_3D('',#867,#868,#869);
#872=CURVE_STYLE('',#21,POSITIVE_LENGTH_MEASURE(2.E-2),#3);
#873=PRESENTATION_STYLE_ASSIGNMENT((#872));
#874=STYLED_ITEM('',(#873),#871);
#875=CARTESIAN_POINT('',(0.E0,0.E0,0.E0));
#876=DIRECTION('',(0.E0,1.E0,0.E0));
#877=DIRECTION('',(-9.755530492184E-1,0.E0,2.197640738624E-1));
#878=AXIS2_PLACEMENT_3D('',#875,#876,#877);
#880=CURVE_STYLE('',#21,POSITIVE_LENGTH_MEASURE(2.E-2),#3);
#881=PRESENTATION_STYLE_ASSIGNMENT((#880));
#882=STYLED_ITEM('',(#881),#879);
#883=CARTESIAN_POINT('',(0.E0,0.E0,0.E0));
#884=DIRECTION('',(0.E0,1.E0,0.E0));
#885=DIRECTION('',(-9.506874163590E-1,0.E0,3.101506672195E-1));
#886=AXIS2_PLACEMENT_3D('',#883,#884,#885);
#888=CURVE_STYLE('',#21,POSITIVE_LENGTH_MEASURE(2.E-2),#3);
#889=PRESENTATION_STYLE_ASSIGNMENT((#888));
#890=STYLED_ITEM('',(#889),#887);
#891=CARTESIAN_POINT('',(0.E0,0.E0,0.E0));
#892=DIRECTION('',(0.E0,1.E0,0.E0));
#893=DIRECTION('',(-9.174671083014E-1,0.E0,3.978116453613E-1));
#894=AXIS2_PLACEMENT_3D('',#891,#892,#893);
#896=CURVE_STYLE('',#21,POSITIVE_LENGTH_MEASURE(2.E-2),#3);
#897=PRESENTATION_STYLE_ASSIGNMENT((#896));
#898=STYLED_ITEM('',(#897),#895);
#899=CARTESIAN_POINT('',(0.E0,0.E0,0.E0));
#900=DIRECTION('',(0.E0,1.E0,0.E0));
#901=DIRECTION('',(-8.761840663075E-1,0.E0,4.819766404598E-1));
#902=AXIS2_PLACEMENT_3D('',#899,#900,#901);
#904=CURVE_STYLE('',#21,POSITIVE_LENGTH_MEASURE(2.E-2),#3);
#905=PRESENTATION_STYLE_ASSIGNMENT((#904));
#906=STYLED_ITEM('',(#905),#903);
#907=CARTESIAN_POINT('',(0.E0,0.E0,0.E0));
#908=DIRECTION('',(0.E0,1.E0,0.E0));
#909=DIRECTION('',(-8.272010872346E-1,0.E0,5.619060075118E-1));
#910=AXIS2_PLACEMENT_3D('',#907,#908,#909);
#912=CURVE_STYLE('',#21,POSITIVE_LENGTH_MEASURE(2.E-2),#3);
#913=PRESENTATION_STYLE_ASSIGNMENT((#912));
#914=STYLED_ITEM('',(#913),#911);
#915=CARTESIAN_POINT('',(0.E0,0.E0,0.E0));
#916=DIRECTION('',(0.E0,1.E0,0.E0));
#917=DIRECTION('',(-7.709486352641E-1,0.E0,6.368973243659E-1));
#918=AXIS2_PLACEMENT_3D('',#915,#916,#917);
#920=CURVE_STYLE('',#21,POSITIVE_LENGTH_MEASURE(2.E-2),#3);
#921=PRESENTATION_STYLE_ASSIGNMENT((#920));
#922=STYLED_ITEM('',(#921),#919);
#923=CARTESIAN_POINT('',(0.E0,0.E0,0.E0));
#924=DIRECTION('',(0.E0,1.E0,0.E0));
#925=DIRECTION('',(-7.079210589665E-1,0.E0,7.062915646331E-1));
#926=AXIS2_PLACEMENT_3D('',#923,#924,#925);
#928=CURVE_STYLE('',#21,POSITIVE_LENGTH_MEASURE(2.E-2),#3);
#929=PRESENTATION_STYLE_ASSIGNMENT((#928));
#930=STYLED_ITEM('',(#929),#927);
#931=CARTESIAN_POINT('',(0.E0,0.E0,0.E0));
#932=DIRECTION('',(0.E0,1.E0,0.E0));
#933=DIRECTION('',(-6.386722469485E-1,0.E0,7.694788892346E-1));
#934=AXIS2_PLACEMENT_3D('',#931,#932,#933);
#936=CURVE_STYLE('',#21,POSITIVE_LENGTH_MEASURE(2.E-2),#3);
#937=PRESENTATION_STYLE_ASSIGNMENT((#936));
#938=STYLED_ITEM('',(#937),#935);
#939=CARTESIAN_POINT('',(0.E0,0.E0,0.E0));
#940=DIRECTION('',(0.E0,1.E0,0.E0));
#941=DIRECTION('',(-5.638107602601E-1,0.E0,8.259040056901E-1));
#942=AXIS2_PLACEMENT_3D('',#939,#940,#941);
#944=CURVE_STYLE('',#21,POSITIVE_LENGTH_MEASURE(2.E-2),#3);
#945=PRESENTATION_STYLE_ASSIGNMENT((#944));
#946=STYLED_ITEM('',(#945),#943);
#947=CARTESIAN_POINT('',(0.E0,0.E0,0.E0));
#948=DIRECTION('',(0.E0,1.E0,0.E0));
#949=DIRECTION('',(-4.839944843381E-1,0.E0,8.750710480471E-1));
#950=AXIS2_PLACEMENT_3D('',#947,#948,#949);
#952=CURVE_STYLE('',#21,POSITIVE_LENGTH_MEASURE(2.E-2),#3);
#953=PRESENTATION_STYLE_ASSIGNMENT((#952));
#954=STYLED_ITEM('',(#953),#951);
#955=CARTESIAN_POINT('',(0.E0,0.E0,0.E0));
#956=DIRECTION('',(0.E0,1.E0,0.E0));
#957=DIRECTION('',(-3.999248474851E-1,0.E0,9.165479345697E-1));
#958=AXIS2_PLACEMENT_3D('',#955,#956,#957);
#960=CURVE_STYLE('',#21,POSITIVE_LENGTH_MEASURE(2.E-2),#3);
#961=PRESENTATION_STYLE_ASSIGNMENT((#960));
#962=STYLED_ITEM('',(#961),#959);
#963=CARTESIAN_POINT('',(0.E0,0.E0,0.E0));
#964=DIRECTION('',(0.E0,1.E0,0.E0));
#965=DIRECTION('',(-3.123406566926E-1,0.E0,9.499701648877E-1));
#966=AXIS2_PLACEMENT_3D('',#963,#964,#965);
#968=CURVE_STYLE('',#21,POSITIVE_LENGTH_MEASURE(2.E-2),#3);
#969=PRESENTATION_STYLE_ASSIGNMENT((#968));
#970=STYLED_ITEM('',(#969),#967);
#971=CARTESIAN_POINT('',(0.E0,0.E0,0.E0));
#972=DIRECTION('',(0.E0,1.E0,0.E0));
#973=DIRECTION('',(-2.220116049785E-1,0.E0,9.750440232394E-1));
#974=AXIS2_PLACEMENT_3D('',#971,#972,#973);
#976=CURVE_STYLE('',#21,POSITIVE_LENGTH_MEASURE(2.E-2),#3);
#977=PRESENTATION_STYLE_ASSIGNMENT((#976));
#978=STYLED_ITEM('',(#977),#975);
#979=CARTESIAN_POINT('',(0.E0,0.E0,0.E0));
#980=DIRECTION('',(0.E0,1.E0,0.E0));
#981=DIRECTION('',(9.967290320621E-1,0.E0,-8.081606674715E-2));
#982=AXIS2_PLACEMENT_3D('',#979,#980,#981);
#984=CURVE_STYLE('',#21,POSITIVE_LENGTH_MEASURE(2.E-2),#3);
#985=PRESENTATION_STYLE_ASSIGNMENT((#984));
#986=STYLED_ITEM('',(#985),#983);
#987=CARTESIAN_POINT('',(0.E0,0.E0,0.E0));
#988=DIRECTION('',(0.E0,1.E0,0.E0));
#989=DIRECTION('',(9.847816499074E-1,0.E0,-1.737961507214E-1));
#990=AXIS2_PLACEMENT_3D('',#987,#988,#989);
#992=CURVE_STYLE('',#21,POSITIVE_LENGTH_MEASURE(2.E-2),#3);
#993=PRESENTATION_STYLE_ASSIGNMENT((#992));
#994=STYLED_ITEM('',(#993),#991);
#995=CARTESIAN_POINT('',(0.E0,0.E0,0.E0));
#996=DIRECTION('',(0.E0,1.E0,0.E0));
#997=DIRECTION('',(9.641799712044E-1,0.E0,-2.652489078740E-1));
#998=AXIS2_PLACEMENT_3D('',#995,#996,#997);
#1000=CURVE_STYLE('',#21,POSITIVE_LENGTH_MEASURE(2.E-2),#3);
#1001=PRESENTATION_STYLE_ASSIGNMENT((#1000));
#1002=STYLED_ITEM('',(#1001),#999);
#1003=CARTESIAN_POINT('',(0.E0,0.E0,0.E0));
#1004=DIRECTION('',(0.E0,1.E0,0.E0));
#1005=DIRECTION('',(9.351050442461E-1,0.E0,-3.543706480869E-1));
#1006=AXIS2_PLACEMENT_3D('',#1003,#1004,#1005);
#1008=CURVE_STYLE('',#21,POSITIVE_LENGTH_MEASURE(2.E-2),#3);
#1009=PRESENTATION_STYLE_ASSIGNMENT((#1008));
#1010=STYLED_ITEM('',(#1009),#1007);
#1011=CARTESIAN_POINT('',(0.E0,0.E0,0.E0));
#1012=DIRECTION('',(0.E0,1.E0,0.E0));
#1013=DIRECTION('',(8.978123805361E-1,0.E0,-4.403781663026E-1));
#1014=AXIS2_PLACEMENT_3D('',#1011,#1012,#1013);
#1016=CURVE_STYLE('',#21,POSITIVE_LENGTH_MEASURE(2.E-2),#3);
#1017=PRESENTATION_STYLE_ASSIGNMENT((#1016));
#1018=STYLED_ITEM('',(#1017),#1015);
#1019=CARTESIAN_POINT('',(0.E0,0.E0,0.E0));
#1020=DIRECTION('',(0.E0,1.E0,0.E0));
#1021=DIRECTION('',(8.526297093441E-1,0.E0,-5.225156253585E-1));
#1022=AXIS2_PLACEMENT_3D('',#1019,#1020,#1021);
#1024=CURVE_STYLE('',#21,POSITIVE_LENGTH_MEASURE(2.E-2),#3);
#1025=PRESENTATION_STYLE_ASSIGNMENT((#1024));
#1026=STYLED_ITEM('',(#1025),#1023);
#1027=CARTESIAN_POINT('',(0.E0,0.E0,0.E0));
#1028=DIRECTION('',(0.E0,1.E0,0.E0));
#1029=DIRECTION('',(7.999540976091E-1,0.E0,-6.000611983110E-1));
#1030=AXIS2_PLACEMENT_3D('',#1027,#1028,#1029);
#1032=CURVE_STYLE('',#21,POSITIVE_LENGTH_MEASURE(2.E-2),#3);
#1033=PRESENTATION_STYLE_ASSIGNMENT((#1032));
#1034=STYLED_ITEM('',(#1033),#1031);
#1035=CARTESIAN_POINT('',(0.E0,0.E0,0.E0));
#1036=DIRECTION('',(0.E0,1.E0,0.E0));
#1037=DIRECTION('',(7.402484605009E-1,0.E0,-6.723334118769E-1));
#1038=AXIS2_PLACEMENT_3D('',#1035,#1036,#1037);
#1040=CURVE_STYLE('',#21,POSITIVE_LENGTH_MEASURE(2.E-2),#3);
#1041=PRESENTATION_STYLE_ASSIGNMENT((#1040));
#1042=STYLED_ITEM('',(#1041),#1039);
#1043=CARTESIAN_POINT('',(0.E0,0.E0,0.E0));
#1044=DIRECTION('',(0.E0,1.E0,0.E0));
#1045=DIRECTION('',(6.740374933053E-1,0.E0,-7.386971352447E-1));
#1046=AXIS2_PLACEMENT_3D('',#1043,#1044,#1045);
#1048=CURVE_STYLE('',#21,POSITIVE_LENGTH_MEASURE(2.E-2),#3);
#1049=PRESENTATION_STYLE_ASSIGNMENT((#1048));
#1050=STYLED_ITEM('',(#1049),#1047);
#1051=CARTESIAN_POINT('',(0.E0,0.E0,0.E0));
#1052=DIRECTION('',(0.E0,1.E0,0.E0));
#1053=DIRECTION('',(6.019030603828E-1,0.E0,-7.985691616271E-1));
#1054=AXIS2_PLACEMENT_3D('',#1051,#1052,#1053);
#1056=CURVE_STYLE('',#21,POSITIVE_LENGTH_MEASURE(2.E-2),#3);
#1057=PRESENTATION_STYLE_ASSIGNMENT((#1056));
#1058=STYLED_ITEM('',(#1057),#1055);
#1059=CARTESIAN_POINT('',(0.E0,0.E0,0.E0));
#1060=DIRECTION('',(0.E0,1.E0,0.E0));
#1061=DIRECTION('',(5.244790817234E-1,0.E0,-8.514233335037E-1));
#1062=AXIS2_PLACEMENT_3D('',#1059,#1060,#1061);
#1064=CURVE_STYLE('',#21,POSITIVE_LENGTH_MEASURE(2.E-2),#3);
#1065=PRESENTATION_STYLE_ASSIGNMENT((#1064));
#1066=STYLED_ITEM('',(#1065),#1063);
#1067=CARTESIAN_POINT('',(0.E0,0.E0,0.E0));
#1068=DIRECTION('',(0.E0,1.E0,0.E0));
#1069=DIRECTION('',(4.424459620356E-1,0.E0,-8.967951665115E-1));
#1070=AXIS2_PLACEMENT_3D('',#1067,#1068,#1069);
#1072=CURVE_STYLE('',#21,POSITIVE_LENGTH_MEASURE(2.E-2),#3);
#1073=PRESENTATION_STYLE_ASSIGNMENT((#1072));
#1074=STYLED_ITEM('',(#1073),#1071);
#1075=CARTESIAN_POINT('',(0.E0,0.E0,0.E0));
#1076=DIRECTION('',(0.E0,1.E0,0.E0));
#1077=DIRECTION('',(3.565246113247E-1,0.E0,-9.342859313507E-1));
#1078=AXIS2_PLACEMENT_3D('',#1075,#1076,#1077);
#1080=CURVE_STYLE('',#21,POSITIVE_LENGTH_MEASURE(2.E-2),#3);
#1081=PRESENTATION_STYLE_ASSIGNMENT((#1080));
#1082=STYLED_ITEM('',(#1081),#1079);
#1083=CARTESIAN_POINT('',(0.E0,0.E0,0.E0));
#1084=DIRECTION('',(0.E0,1.E0,0.E0));
#1085=DIRECTION('',(2.674701095103E-1,0.E0,-9.635661578317E-1));
#1086=AXIS2_PLACEMENT_3D('',#1083,#1084,#1085);
#1088=CURVE_STYLE('',#21,POSITIVE_LENGTH_MEASURE(2.E-2),#3);
#1089=PRESENTATION_STYLE_ASSIGNMENT((#1088));
#1090=STYLED_ITEM('',(#1089),#1087);
#1091=CARTESIAN_POINT('',(0.E0,0.E0,0.E0));
#1092=DIRECTION('',(0.E0,1.E0,0.E0));
#1093=DIRECTION('',(1.760650707562E-1,0.E0,-9.843785302716E-1));
#1094=AXIS2_PLACEMENT_3D('',#1091,#1092,#1093);
#1096=CURVE_STYLE('',#21,POSITIVE_LENGTH_MEASURE(2.E-2),#3);
#1097=PRESENTATION_STYLE_ASSIGNMENT((#1096));
#1098=STYLED_ITEM('',(#1097),#1095);
#1099=CARTESIAN_POINT('',(0.E0,0.E0,0.E0));
#1100=DIRECTION('',(0.E0,1.E0,0.E0));
#1101=DIRECTION('',(-1.297315072972E-1,0.E0,9.915491596559E-1));
#1102=AXIS2_PLACEMENT_3D('',#1099,#1100,#1101);
#1104=CURVE_STYLE('',#21,POSITIVE_LENGTH_MEASURE(2.E-2),#3);
#1105=PRESENTATION_STYLE_ASSIGNMENT((#1104));
#1106=STYLED_ITEM('',(#1105),#1103);
#1107=CARTESIAN_POINT('',(0.E0,0.E0,0.E0));
#1108=DIRECTION('',(0.E0,1.E0,0.E0));
#1109=DIRECTION('',(-3.631132446510E-2,0.E0,9.993405264051E-1));
#1110=AXIS2_PLACEMENT_3D('',#1107,#1108,#1109);
#1112=CURVE_STYLE('',#21,POSITIVE_LENGTH_MEASURE(2.E-2),#3);
#1113=PRESENTATION_STYLE_ASSIGNMENT((#1112));
#1114=STYLED_ITEM('',(#1113),#1111);
#1115=CARTESIAN_POINT('',(0.E0,0.E0,0.E0));
#1116=DIRECTION('',(0.E0,1.E0,0.E0));
#1117=DIRECTION('',(5.742796359202E-2,0.E0,9.983496526757E-1));
#1118=AXIS2_PLACEMENT_3D('',#1115,#1116,#1117);
#1120=CURVE_STYLE('',#21,POSITIVE_LENGTH_MEASURE(2.E-2),#3);
#1121=PRESENTATION_STYLE_ASSIGNMENT((#1120));
#1122=STYLED_ITEM('',(#1121),#1119);
#1123=CARTESIAN_POINT('',(0.E0,0.E0,0.E0));
#1124=DIRECTION('',(0.E0,1.E0,0.E0));
#1125=DIRECTION('',(1.506625726402E-1,0.E0,9.885852463017E-1));
#1126=AXIS2_PLACEMENT_3D('',#1123,#1124,#1125);
#1128=CURVE_STYLE('',#21,POSITIVE_LENGTH_MEASURE(2.E-2),#3);
#1129=PRESENTATION_STYLE_ASSIGNMENT((#1128));
#1130=STYLED_ITEM('',(#1129),#1127);
#1131=CARTESIAN_POINT('',(0.E0,0.E0,0.E0));
#1132=DIRECTION('',(0.E0,1.E0,0.E0));
#1133=DIRECTION('',(2.425731535828E-1,0.E0,9.701331172375E-1));
#1134=AXIS2_PLACEMENT_3D('',#1131,#1132,#1133);
#1136=CURVE_STYLE('',#21,POSITIVE_LENGTH_MEASURE(2.E-2),#3);
#1137=PRESENTATION_STYLE_ASSIGNMENT((#1136));
#1138=STYLED_ITEM('',(#1137),#1135);
#1139=CARTESIAN_POINT('',(0.E0,0.E0,0.E0));
#1140=DIRECTION('',(0.E0,1.E0,0.E0));
#1141=DIRECTION('',(3.323519929296E-1,0.E0,9.431554234566E-1));
#1142=AXIS2_PLACEMENT_3D('',#1139,#1140,#1141);
#1144=CURVE_STYLE('',#21,POSITIVE_LENGTH_MEASURE(2.E-2),#3);
#1145=PRESENTATION_STYLE_ASSIGNMENT((#1144));
#1146=STYLED_ITEM('',(#1145),#1143);
#1147=CARTESIAN_POINT('',(0.E0,0.E0,0.E0));
#1148=DIRECTION('',(0.E0,1.E0,0.E0));
#1149=DIRECTION('',(4.192101110125E-1,0.E0,9.078892459022E-1));
#1150=AXIS2_PLACEMENT_3D('',#1147,#1148,#1149);
#1152=CURVE_STYLE('',#21,POSITIVE_LENGTH_MEASURE(2.E-2),#3);
#1153=PRESENTATION_STYLE_ASSIGNMENT((#1152));
#1154=STYLED_ITEM('',(#1153),#1151);
#1155=CARTESIAN_POINT('',(0.E0,0.E0,0.E0));
#1156=DIRECTION('',(0.E0,1.E0,0.E0));
#1157=DIRECTION('',(5.023841955666E-1,0.E0,8.646445050105E-1));
#1158=AXIS2_PLACEMENT_3D('',#1155,#1156,#1157);
#1160=CURVE_STYLE('',#21,POSITIVE_LENGTH_MEASURE(2.E-2),#3);
#1161=PRESENTATION_STYLE_ASSIGNMENT((#1160));
#1162=STYLED_ITEM('',(#1161),#1159);
#1163=CARTESIAN_POINT('',(0.E0,0.E0,0.E0));
#1164=DIRECTION('',(0.E0,1.E0,0.E0));
#1165=DIRECTION('',(5.811433097463E-1,0.E0,8.138012371194E-1));
#1166=AXIS2_PLACEMENT_3D('',#1163,#1164,#1165);
#1168=CURVE_STYLE('',#21,POSITIVE_LENGTH_MEASURE(2.E-2),#3);
#1169=PRESENTATION_STYLE_ASSIGNMENT((#1168));
#1170=STYLED_ITEM('',(#1169),#1167);
#1171=CARTESIAN_POINT('',(0.E0,0.E0,0.E0));
#1172=DIRECTION('',(0.E0,1.E0,0.E0));
#1173=DIRECTION('',(6.547953156242E-1,0.E0,7.558062546954E-1));
#1174=AXIS2_PLACEMENT_3D('',#1171,#1172,#1173);
#1176=CURVE_STYLE('',#21,POSITIVE_LENGTH_MEASURE(2.E-2),#3);
#1177=PRESENTATION_STYLE_ASSIGNMENT((#1176));
#1178=STYLED_ITEM('',(#1177),#1175);
#1179=CARTESIAN_POINT('',(0.E0,0.E0,0.E0));
#1180=DIRECTION('',(0.E0,1.E0,0.E0));
#1181=DIRECTION('',(7.226929567244E-1,0.E0,6.911692197291E-1));
#1182=AXIS2_PLACEMENT_3D('',#1179,#1180,#1181);
#1184=CURVE_STYLE('',#21,POSITIVE_LENGTH_MEASURE(2.E-2),#3);
#1185=PRESENTATION_STYLE_ASSIGNMENT((#1184));
#1186=STYLED_ITEM('',(#1185),#1183);
#1187=CARTESIAN_POINT('',(0.E0,0.E0,0.E0));
#1188=DIRECTION('',(0.E0,1.E0,0.E0));
#1189=DIRECTION('',(7.842395461356E-1,0.E0,6.204581648081E-1));
#1190=AXIS2_PLACEMENT_3D('',#1187,#1188,#1189);
#1192=CURVE_STYLE('',#21,POSITIVE_LENGTH_MEASURE(2.E-2),#3);
#1193=PRESENTATION_STYLE_ASSIGNMENT((#1192));
#1194=STYLED_ITEM('',(#1193),#1191);
#1195=CARTESIAN_POINT('',(0.E0,0.E0,0.E0));
#1196=DIRECTION('',(0.E0,1.E0,0.E0));
#1197=DIRECTION('',(8.388942102171E-1,0.E0,5.442945012254E-1));
#1198=AXIS2_PLACEMENT_3D('',#1195,#1196,#1197);
#1200=CURVE_STYLE('',#21,POSITIVE_LENGTH_MEASURE(2.E-2),#3);
#1201=PRESENTATION_STYLE_ASSIGNMENT((#1200));
#1202=STYLED_ITEM('',(#1201),#1199);
#1203=CARTESIAN_POINT('',(0.E0,0.E0,0.E0));
#1204=DIRECTION('',(0.E0,1.E0,0.E0));
#1205=DIRECTION('',(8.861766418158E-1,0.E0,4.633475579951E-1));
#1206=AXIS2_PLACEMENT_3D('',#1203,#1204,#1205);
#1208=CURVE_STYLE('',#21,POSITIVE_LENGTH_MEASURE(2.E-2),#3);
#1209=PRESENTATION_STYLE_ASSIGNMENT((#1208));
#1210=STYLED_ITEM('',(#1209),#1207);
#1211=CARTESIAN_POINT('',(0.E0,0.E0,0.E0));
#1212=DIRECTION('',(0.E0,1.E0,0.E0));
#1213=DIRECTION('',(9.256713212227E-1,0.E0,3.783286997650E-1));
#1214=AXIS2_PLACEMENT_3D('',#1211,#1212,#1213);
#1216=CURVE_STYLE('',#21,POSITIVE_LENGTH_MEASURE(2.E-2),#3);
#1217=PRESENTATION_STYLE_ASSIGNMENT((#1216));
#1218=STYLED_ITEM('',(#1217),#1215);
#1219=CARTESIAN_POINT('',(0.E0,0.E0,0.E0));
#1220=DIRECTION('',(0.E0,1.E0,0.E0));
#1221=DIRECTION('',(9.570311677750E-1,0.E0,2.899850753181E-1));
#1222=AXIS2_PLACEMENT_3D('',#1219,#1220,#1221);
#1224=CURVE_STYLE('',#21,POSITIVE_LENGTH_MEASURE(2.E-2),#3);
#1225=PRESENTATION_STYLE_ASSIGNMENT((#1224));
#1226=STYLED_ITEM('',(#1225),#1223);
#1227=CARTESIAN_POINT('',(0.E0,0.E0,0.E0));
#1228=DIRECTION('',(0.E0,1.E0,0.E0));
#1229=DIRECTION('',(9.799805900137E-1,0.E0,1.990930516025E-1));
#1230=AXIS2_PLACEMENT_3D('',#1227,#1228,#1229);
#1232=CURVE_STYLE('',#21,POSITIVE_LENGTH_MEASURE(2.E-2),#3);
#1233=PRESENTATION_STYLE_ASSIGNMENT((#1232));
#1234=STYLED_ITEM('',(#1233),#1231);
#1235=CARTESIAN_POINT('',(0.E0,0.E0,0.E0));
#1236=DIRECTION('',(0.E0,1.E0,0.E0));
#1237=DIRECTION('',(9.943179075910E-1,0.E0,1.064513909908E-1));
#1238=AXIS2_PLACEMENT_3D('',#1235,#1236,#1237);
#1240=CURVE_STYLE('',#21,POSITIVE_LENGTH_MEASURE(2.E-2),#3);
#1241=PRESENTATION_STYLE_ASSIGNMENT((#1240));
#1242=STYLED_ITEM('',(#1241),#1239);
#1243=DIRECTION('',(-7.071067811865E-1,-7.071067811865E-1,-1.220311905420E-9));
#1244=VECTOR('',#1243,3.424178507455E-2);
#1245=CARTESIAN_POINT('',(-1.235241872495E0,4.028777311760E-12,
1.775857552539E-10));
#1246=LINE('',#1245,#1244);
#1247=CURVE_STYLE('',#21,POSITIVE_LENGTH_MEASURE(2.E-2),#3);
#1248=PRESENTATION_STYLE_ASSIGNMENT((#1247));
#1249=STYLED_ITEM('',(#1248),#1246);
#1250=CARTESIAN_POINT('',(0.E0,2.519685039370E-1,0.E0));
#1251=DIRECTION('',(0.E0,-1.E0,0.E0));
#1252=DIRECTION('',(-9.994215505889E-1,0.E0,3.400829631787E-2));
#1253=AXIS2_PLACEMENT_3D('',#1250,#1251,#1252);
#1255=CURVE_STYLE('',#21,POSITIVE_LENGTH_MEASURE(2.E-2),#3);
#1256=PRESENTATION_STYLE_ASSIGNMENT((#1255));
#1257=STYLED_ITEM('',(#1256),#1254);
#1258=DIRECTION('',(0.E0,-1.E0,0.E0));
#1259=VECTOR('',#1258,2.519685039356E-1);
#1260=CARTESIAN_POINT('',(-1.234527347564E0,2.519685039363E-1,
4.200847162416E-2));
#1261=LINE('',#1260,#1259);
#1262=CURVE_STYLE('',#21,POSITIVE_LENGTH_MEASURE(2.E-2),#3);
#1263=PRESENTATION_STYLE_ASSIGNMENT((#1262));
#1264=STYLED_ITEM('',(#1263),#1261);
#1265=CARTESIAN_POINT('',(0.E0,0.E0,0.E0));
#1266=DIRECTION('',(0.E0,1.E0,0.E0));
#1267=DIRECTION('',(-9.999171236445E-1,0.E0,1.287423172748E-2));
#1268=AXIS2_PLACEMENT_3D('',#1265,#1266,#1267);
#1270=CURVE_STYLE('',#21,POSITIVE_LENGTH_MEASURE(2.E-2),#3);
#1271=PRESENTATION_STYLE_ASSIGNMENT((#1270));
#1272=STYLED_ITEM('',(#1271),#1269);
#1273=CARTESIAN_POINT('',(-1.224904128022E0,2.519685039370E-1,
1.577100663167E-2));
#1274=DIRECTION('',(0.E0,1.E0,0.E0));
#1275=DIRECTION('',(4.067363050009E-2,0.E0,-9.991724855008E-1));
#1276=AXIS2_PLACEMENT_3D('',#1273,#1274,#1275);
#1278=CURVE_STYLE('',#21,POSITIVE_LENGTH_MEASURE(2.E-2),#3);
#1279=PRESENTATION_STYLE_ASSIGNMENT((#1278));
#1280=STYLED_ITEM('',(#1279),#1277);
#1281=DIRECTION('',(0.E0,-1.E0,0.E0));
#1282=VECTOR('',#1281,2.519685039352E-1);
#1283=CARTESIAN_POINT('',(-1.235139500153E0,2.519685039361E-1,
1.590279010603E-2));
#1284=LINE('',#1283,#1282);
#1285=CURVE_STYLE('',#21,POSITIVE_LENGTH_MEASURE(2.E-2),#3);
#1286=PRESENTATION_STYLE_ASSIGNMENT((#1285));
#1287=STYLED_ITEM('',(#1286),#1284);
#1288=CARTESIAN_POINT('',(-1.224904128022E0,0.E0,1.577100663167E-2));
#1289=DIRECTION('',(0.E0,1.E0,0.E0));
#1290=DIRECTION('',(4.067363050009E-2,0.E0,-9.991724855008E-1));
#1291=AXIS2_PLACEMENT_3D('',#1288,#1289,#1290);
#1293=CURVE_STYLE('',#21,POSITIVE_LENGTH_MEASURE(2.E-2),#3);
#1294=PRESENTATION_STYLE_ASSIGNMENT((#1293));
#1295=STYLED_ITEM('',(#1294),#1292);
#1296=CARTESIAN_POINT('',(-1.223094631862E0,0.E0,-2.868036772329E-2));
#1297=DIRECTION('',(0.E0,1.E0,0.E0));
#1298=DIRECTION('',(-4.067363050007E-2,0.E0,9.991724855008E-1));
#1299=AXIS2_PLACEMENT_3D('',#1296,#1297,#1298);
#1301=CURVE_STYLE('',#21,POSITIVE_LENGTH_MEASURE(2.E-2),#3);
#1302=PRESENTATION_STYLE_ASSIGNMENT((#1301));
#1303=STYLED_ITEM('',(#1302),#1300);
#1304=CARTESIAN_POINT('',(-1.223094631862E0,2.519685039370E-1,
-2.868036772329E-2));
#1305=DIRECTION('',(0.E0,1.E0,0.E0));
#1306=DIRECTION('',(-4.067363050007E-2,0.E0,9.991724855008E-1));
#1307=AXIS2_PLACEMENT_3D('',#1304,#1305,#1306);
#1309=CURVE_STYLE('',#21,POSITIVE_LENGTH_MEASURE(2.E-2),#3);
#1310=PRESENTATION_STYLE_ASSIGNMENT((#1309));
#1311=STYLED_ITEM('',(#1310),#1308);
#1312=DIRECTION('',(0.E0,-1.E0,0.E0));
#1313=VECTOR('',#1312,2.519685039370E-1);
#1314=CARTESIAN_POINT('',(-1.224487783773E0,2.519685039370E-1,
5.543256780082E-3));
#1315=LINE('',#1314,#1313);
#1316=CURVE_STYLE('',#21,POSITIVE_LENGTH_MEASURE(2.E-2),#3);
#1317=PRESENTATION_STYLE_ASSIGNMENT((#1316));
#1318=STYLED_ITEM('',(#1317),#1315);
#1319=CARTESIAN_POINT('',(-1.222818602704E0,2.519685039370E-1,
-7.316770037318E-2));
#1320=DIRECTION('',(0.E0,1.E0,0.E0));
#1321=DIRECTION('',(-9.982146618517E-1,0.E0,-5.972845941744E-2));
#1322=AXIS2_PLACEMENT_3D('',#1319,#1320,#1321);
#1324=CURVE_STYLE('',#21,POSITIVE_LENGTH_MEASURE(2.E-2),#3);
#1325=PRESENTATION_STYLE_ASSIGNMENT((#1324));
#1326=STYLED_ITEM('',(#1325),#1323);
#1327=DIRECTION('',(0.E0,-1.E0,0.E0));
#1328=VECTOR('',#1327,2.519685039370E-1);
#1329=CARTESIAN_POINT('',(-1.222882113838E0,2.519685039370E-1,
-6.293167693161E-2));
#1330=LINE('',#1329,#1328);
#1331=CURVE_STYLE('',#21,POSITIVE_LENGTH_MEASURE(2.E-2),#3);
#1332=PRESENTATION_STYLE_ASSIGNMENT((#1331));
#1333=STYLED_ITEM('',(#1332),#1330);
#1334=CARTESIAN_POINT('',(-1.222818602704E0,0.E0,-7.316770037318E-2));
#1335=DIRECTION('',(0.E0,1.E0,0.E0));
#1336=DIRECTION('',(-9.982146618517E-1,0.E0,-5.972845941736E-2));
#1337=AXIS2_PLACEMENT_3D('',#1334,#1335,#1336);
#1339=CURVE_STYLE('',#21,POSITIVE_LENGTH_MEASURE(2.E-2),#3);
#1340=PRESENTATION_STYLE_ASSIGNMENT((#1339));
#1341=STYLED_ITEM('',(#1340),#1338);
#1342=CARTESIAN_POINT('',(0.E0,2.519685039370E-1,0.E0));
#1343=DIRECTION('',(0.E0,-1.E0,0.E0));
#1344=DIRECTION('',(-9.982146618517E-1,0.E0,-5.972845941743E-2));
#1345=AXIS2_PLACEMENT_3D('',#1342,#1343,#1344);
#1347=CURVE_STYLE('',#21,POSITIVE_LENGTH_MEASURE(2.E-2),#3);
#1348=PRESENTATION_STYLE_ASSIGNMENT((#1347));
#1349=STYLED_ITEM('',(#1348),#1346);
#1350=DIRECTION('',(0.E0,-1.E0,0.E0));
#1351=VECTOR('',#1350,2.519685039353E-1);
#1352=CARTESIAN_POINT('',(-1.233036548061E0,2.519685039361E-1,
-7.377909405220E-2));
#1353=LINE('',#1352,#1351);
#1354=CURVE_STYLE('',#21,POSITIVE_LENGTH_MEASURE(2.E-2),#3);
#1355=PRESENTATION_STYLE_ASSIGNMENT((#1354));
#1356=STYLED_ITEM('',(#1355),#1353);
#1357=CARTESIAN_POINT('',(0.E0,0.E0,0.E0));
#1358=DIRECTION('',(0.E0,1.E0,0.E0));
#1359=DIRECTION('',(-9.967290320621E-1,0.E0,-8.081606674715E-2));
#1360=AXIS2_PLACEMENT_3D('',#1357,#1358,#1359);
#1362=CURVE_STYLE('',#21,POSITIVE_LENGTH_MEASURE(2.E-2),#3);
#1363=PRESENTATION_STYLE_ASSIGNMENT((#1362));
#1364=STYLED_ITEM('',(#1363),#1361);
#1365=CARTESIAN_POINT('',(-1.220998697815E0,2.519685039370E-1,
-9.900013853981E-2));
#1366=DIRECTION('',(0.E0,1.E0,0.E0));
#1367=DIRECTION('',(1.340589096806E-1,0.E0,-9.909733642915E-1));
#1368=AXIS2_PLACEMENT_3D('',#1365,#1366,#1367);
#1370=CURVE_STYLE('',#21,POSITIVE_LENGTH_MEASURE(2.E-2),#3);
#1371=PRESENTATION_STYLE_ASSIGNMENT((#1370));
#1372=STYLED_ITEM('',(#1371),#1369);
#1373=DIRECTION('',(0.E0,-1.E0,0.E0));
#1374=VECTOR('',#1373,2.519685039359E-1);
#1375=CARTESIAN_POINT('',(-1.231201435938E0,2.519685039364E-1,
-9.982738961670E-2));
#1376=LINE('',#1375,#1374);
#1377=CURVE_STYLE('',#21,POSITIVE_LENGTH_MEASURE(2.E-2),#3);
#1378=PRESENTATION_STYLE_ASSIGNMENT((#1377));
#1379=STYLED_ITEM('',(#1378),#1376);
#1380=CARTESIAN_POINT('',(-1.220998697815E0,0.E0,-9.900013853981E-2));
#1381=DIRECTION('',(0.E0,1.E0,0.E0));
#1382=DIRECTION('',(1.340589096806E-1,0.E0,-9.909733642915E-1));
#1383=AXIS2_PLACEMENT_3D('',#1380,#1381,#1382);
#1385=CURVE_STYLE('',#21,POSITIVE_LENGTH_MEASURE(2.E-2),#3);
#1386=PRESENTATION_STYLE_ASSIGNMENT((#1385));
#1387=STYLED_ITEM('',(#1386),#1384);
#1388=CARTESIAN_POINT('',(-1.215034659707E0,0.E0,-1.430867488410E-1));
#1389=DIRECTION('',(0.E0,1.E0,0.E0));
#1390=DIRECTION('',(-1.340589096804E-1,0.E0,9.909733642915E-1));
#1391=AXIS2_PLACEMENT_3D('',#1388,#1389,#1390);
#1393=CURVE_STYLE('',#21,POSITIVE_LENGTH_MEASURE(2.E-2),#3);
#1394=PRESENTATION_STYLE_ASSIGNMENT((#1393));
#1395=STYLED_ITEM('',(#1394),#1392);
#1396=CARTESIAN_POINT('',(-1.215034659707E0,2.519685039370E-1,
-1.430867488410E-1));
#1397=DIRECTION('',(0.E0,1.E0,0.E0));
#1398=DIRECTION('',(-1.340589096804E-1,0.E0,9.909733642915E-1));
#1399=AXIS2_PLACEMENT_3D('',#1396,#1397,#1398);
#1401=CURVE_STYLE('',#21,POSITIVE_LENGTH_MEASURE(2.E-2),#3);
#1402=PRESENTATION_STYLE_ASSIGNMENT((#1401));
#1403=STYLED_ITEM('',(#1402),#1400);
#1404=DIRECTION('',(0.E0,-1.E0,0.E0));
#1405=VECTOR('',#1404,2.519685039370E-1);
#1406=CARTESIAN_POINT('',(-1.219626441259E0,2.519685039370E-1,
-1.091439603790E-1));
#1407=LINE('',#1406,#1405);
#1408=CURVE_STYLE('',#21,POSITIVE_LENGTH_MEASURE(2.E-2),#3);
#1409=PRESENTATION_STYLE_ASSIGNMENT((#1408));
#1410=STYLED_ITEM('',(#1409),#1407);
#1411=CARTESIAN_POINT('',(-1.210593983331E0,2.519685039370E-1,
-1.873527555698E-1));
#1412=DIRECTION('',(0.E0,1.E0,0.E0));
#1413=DIRECTION('',(-9.882354267740E-1,0.E0,-1.529403193038E-1));
#1414=AXIS2_PLACEMENT_3D('',#1411,#1412,#1413);
#1416=CURVE_STYLE('',#21,POSITIVE_LENGTH_MEASURE(2.E-2),#3);
#1417=PRESENTATION_STYLE_ASSIGNMENT((#1416));
#1418=STYLED_ITEM('',(#1417),#1415);
#1419=DIRECTION('',(0.E0,-1.E0,0.E0));
#1420=VECTOR('',#1419,2.519685039370E-1);
#1421=CARTESIAN_POINT('',(-1.211615731878E0,2.519685039370E-1,
-1.771676566765E-1));
#1422=LINE('',#1421,#1420);
#1423=CURVE_STYLE('',#21,POSITIVE_LENGTH_MEASURE(2.E-2),#3);
#1424=PRESENTATION_STYLE_ASSIGNMENT((#1423));
#1425=STYLED_ITEM('',(#1424),#1422);
#1426=CARTESIAN_POINT('',(-1.210593983331E0,0.E0,-1.873527555698E-1));
#1427=DIRECTION('',(0.E0,1.E0,0.E0));
#1428=DIRECTION('',(-9.882354267740E-1,0.E0,-1.529403193038E-1));
#1429=AXIS2_PLACEMENT_3D('',#1426,#1427,#1428);
#1431=CURVE_STYLE('',#21,POSITIVE_LENGTH_MEASURE(2.E-2),#3);
#1432=PRESENTATION_STYLE_ASSIGNMENT((#1431));
#1433=STYLED_ITEM('',(#1432),#1430);
#1434=CARTESIAN_POINT('',(0.E0,2.519685039370E-1,0.E0));
#1435=DIRECTION('',(0.E0,-1.E0,0.E0));
#1436=DIRECTION('',(-9.882354267740E-1,0.E0,-1.529403193038E-1));
#1437=AXIS2_PLACEMENT_3D('',#1434,#1435,#1436);
#1439=CURVE_STYLE('',#21,POSITIVE_LENGTH_MEASURE(2.E-2),#3);
#1440=PRESENTATION_STYLE_ASSIGNMENT((#1439));
#1441=STYLED_ITEM('',(#1440),#1438);
#1442=DIRECTION('',(0.E0,-1.E0,0.E0));
#1443=VECTOR('',#1442,2.519685039372E-1);
#1444=CARTESIAN_POINT('',(-1.220709779038E0,2.519685039371E-1,
-1.889182863974E-1));
#1445=LINE('',#1444,#1443);
#1446=CURVE_STYLE('',#21,POSITIVE_LENGTH_MEASURE(2.E-2),#3);
#1447=PRESENTATION_STYLE_ASSIGNMENT((#1446));
#1448=STYLED_ITEM('',(#1447),#1445);
#1449=CARTESIAN_POINT('',(0.E0,0.E0,0.E0));
#1450=DIRECTION('',(0.E0,1.E0,0.E0));
#1451=DIRECTION('',(-9.847816499074E-1,0.E0,-1.737961507214E-1));
#1452=AXIS2_PLACEMENT_3D('',#1449,#1450,#1451);
#1454=CURVE_STYLE('',#21,POSITIVE_LENGTH_MEASURE(2.E-2),#3);
#1455=PRESENTATION_STYLE_ASSIGNMENT((#1454));
#1456=STYLED_ITEM('',(#1455),#1453);
#1457=CARTESIAN_POINT('',(-1.206363087149E0,2.519685039370E-1,
-2.129012669341E-1));
#1458=DIRECTION('',(0.E0,1.E0,0.E0));
#1459=DIRECTION('',(2.262660743425E-1,0.E0,-9.740655335252E-1));
#1460=AXIS2_PLACEMENT_3D('',#1457,#1458,#1459);
#1462=CURVE_STYLE('',#21,POSITIVE_LENGTH_MEASURE(2.E-2),#3);
#1463=PRESENTATION_STYLE_ASSIGNMENT((#1462));
#1464=STYLED_ITEM('',(#1463),#1461);
#1465=DIRECTION('',(0.E0,-1.E0,0.E0));
#1466=VECTOR('',#1465,2.519685039373E-1);
#1467=CARTESIAN_POINT('',(-1.216443529234E0,2.519685039372E-1,
-2.146802826502E-1));
#1468=LINE('',#1467,#1466);
#1469=CURVE_STYLE('',#21,POSITIVE_LENGTH_MEASURE(2.E-2),#3);
#1470=PRESENTATION_STYLE_ASSIGNMENT((#1469));
#1471=STYLED_ITEM('',(#1470),#1468);
#1472=CARTESIAN_POINT('',(-1.206363087149E0,0.E0,-2.129012669341E-1));
#1473=DIRECTION('',(0.E0,1.E0,0.E0));
#1474=DIRECTION('',(2.262660743425E-1,0.E0,-9.740655335252E-1));
#1475=AXIS2_PLACEMENT_3D('',#1472,#1473,#1474);
#1477=CURVE_STYLE('',#21,POSITIVE_LENGTH_MEASURE(2.E-2),#3);
#1478=PRESENTATION_STYLE_ASSIGNMENT((#1477));
#1479=STYLED_ITEM('',(#1478),#1476);
#1480=CARTESIAN_POINT('',(-1.196296919274E0,0.E0,-2.562356784650E-1));
#1481=DIRECTION('',(0.E0,1.E0,0.E0));
#1482=DIRECTION('',(-2.262660743423E-1,0.E0,9.740655335252E-1));
#1483=AXIS2_PLACEMENT_3D('',#1480,#1481,#1482);
#1485=CURVE_STYLE('',#21,POSITIVE_LENGTH_MEASURE(2.E-2),#3);
#1486=PRESENTATION_STYLE_ASSIGNMENT((#1485));
#1487=STYLED_ITEM('',(#1486),#1484);
#1488=CARTESIAN_POINT('',(-1.196296919274E0,2.519685039370E-1,
-2.562356784650E-1));
#1489=DIRECTION('',(0.E0,1.E0,0.E0));
#1490=DIRECTION('',(-2.262660743423E-1,0.E0,9.740655335252E-1));
#1491=AXIS2_PLACEMENT_3D('',#1488,#1489,#1490);
#1493=CURVE_STYLE('',#21,POSITIVE_LENGTH_MEASURE(2.E-2),#3);
#1494=PRESENTATION_STYLE_ASSIGNMENT((#1493));
#1495=STYLED_ITEM('',(#1494),#1492);
#1496=DIRECTION('',(0.E0,-1.E0,0.E0));
#1497=VECTOR('',#1496,2.519685039370E-1);
#1498=CARTESIAN_POINT('',(-1.204046977726E0,2.519685039370E-1,
-2.228720164899E-1));
#1499=LINE('',#1498,#1497);
#1500=CURVE_STYLE('',#21,POSITIVE_LENGTH_MEASURE(2.E-2),#3);
#1501=PRESENTATION_STYLE_ASSIGNMENT((#1500));
#1502=STYLED_ITEM('',(#1501),#1499);
#1503=CARTESIAN_POINT('',(-1.187730620504E0,2.519685039370E-1,
-2.998913480140E-1));
#1504=DIRECTION('',(0.E0,1.E0,0.E0));
#1505=DIRECTION('',(-9.695715432327E-1,0.E0,-2.448081341650E-1));
#1506=AXIS2_PLACEMENT_3D('',#1503,#1504,#1505);
#1508=CURVE_STYLE('',#21,POSITIVE_LENGTH_MEASURE(2.E-2),#3);
#1509=PRESENTATION_STYLE_ASSIGNMENT((#1508));
#1510=STYLED_ITEM('',(#1509),#1507);
#1511=DIRECTION('',(0.E0,-1.E0,0.E0));
#1512=VECTOR('',#1511,2.519685039370E-1);
#1513=CARTESIAN_POINT('',(-1.189701627301E0,2.519685039370E-1,
-2.898466806842E-1));
#1514=LINE('',#1513,#1512);
#1515=CURVE_STYLE('',#21,POSITIVE_LENGTH_MEASURE(2.E-2),#3);
#1516=PRESENTATION_STYLE_ASSIGNMENT((#1515));
#1517=STYLED_ITEM('',(#1516),#1514);
#1518=CARTESIAN_POINT('',(-1.187730620504E0,0.E0,-2.998913480140E-1));
#1519=DIRECTION('',(0.E0,1.E0,0.E0));
#1520=DIRECTION('',(-9.695715432327E-1,0.E0,-2.448081341649E-1));
#1521=AXIS2_PLACEMENT_3D('',#1518,#1519,#1520);
#1523=CURVE_STYLE('',#21,POSITIVE_LENGTH_MEASURE(2.E-2),#3);
#1524=PRESENTATION_STYLE_ASSIGNMENT((#1523));
#1525=STYLED_ITEM('',(#1524),#1522);
#1526=CARTESIAN_POINT('',(0.E0,2.519685039370E-1,0.E0));
#1527=DIRECTION('',(0.E0,-1.E0,0.E0));
#1528=DIRECTION('',(-9.695715432327E-1,0.E0,-2.448081341649E-1));
#1529=AXIS2_PLACEMENT_3D('',#1526,#1527,#1528);
#1531=CURVE_STYLE('',#21,POSITIVE_LENGTH_MEASURE(2.E-2),#3);
#1532=PRESENTATION_STYLE_ASSIGNMENT((#1531));
#1533=STYLED_ITEM('',(#1532),#1530);
#1534=DIRECTION('',(0.E0,-1.E0,0.E0));
#1535=VECTOR('',#1534,2.519685039371E-1);
#1536=CARTESIAN_POINT('',(-1.197655368584E0,2.519685039370E-1,
-3.023972580488E-1));
#1537=LINE('',#1536,#1535);
#1538=CURVE_STYLE('',#21,POSITIVE_LENGTH_MEASURE(2.E-2),#3);
#1539=PRESENTATION_STYLE_ASSIGNMENT((#1538));
#1540=STYLED_ITEM('',(#1539),#1537);
#1541=CARTESIAN_POINT('',(0.E0,0.E0,0.E0));
#1542=DIRECTION('',(0.E0,1.E0,0.E0));
#1543=DIRECTION('',(-9.641799712044E-1,0.E0,-2.652489078740E-1));
#1544=AXIS2_PLACEMENT_3D('',#1541,#1542,#1543);
#1546=CURVE_STYLE('',#21,POSITIVE_LENGTH_MEASURE(2.E-2),#3);
#1547=PRESENTATION_STYLE_ASSIGNMENT((#1546));
#1548=STYLED_ITEM('',(#1547),#1545);
#1549=CARTESIAN_POINT('',(-1.181125914296E0,2.519685039370E-1,
-3.249314113395E-1));
#1550=DIRECTION('',(0.E0,1.E0,0.E0));
#1551=DIRECTION('',(3.164848046072E-1,0.E0,-9.485975798265E-1));
#1552=AXIS2_PLACEMENT_3D('',#1549,#1550,#1551);
#1554=CURVE_STYLE('',#21,POSITIVE_LENGTH_MEASURE(2.E-2),#3);
#1555=PRESENTATION_STYLE_ASSIGNMENT((#1554));
#1556=STYLED_ITEM('',(#1555),#1553);
#1557=DIRECTION('',(0.E0,-1.E0,0.E0));
#1558=VECTOR('',#1557,2.519685039370E-1);
#1559=CARTESIAN_POINT('',(-1.190995473056E0,2.519685039370E-1,
-3.276465576406E-1));
#1560=LINE('',#1559,#1558);
#1561=CURVE_STYLE('',#21,POSITIVE_LENGTH_MEASURE(2.E-2),#3);
#1562=PRESENTATION_STYLE_ASSIGNMENT((#1561));
#1563=STYLED_ITEM('',(#1562),#1560);
#1564=CARTESIAN_POINT('',(-1.181125914296E0,0.E0,-3.249314113395E-1));
#1565=DIRECTION('',(0.E0,1.E0,0.E0));
#1566=DIRECTION('',(3.164848046072E-1,0.E0,-9.485975798265E-1));
#1567=AXIS2_PLACEMENT_3D('',#1564,#1565,#1566);
#1569=CURVE_STYLE('',#21,POSITIVE_LENGTH_MEASURE(2.E-2),#3);
#1570=PRESENTATION_STYLE_ASSIGNMENT((#1569));
#1571=STYLED_ITEM('',(#1570),#1568);
#1572=CARTESIAN_POINT('',(-1.167046078500E0,0.E0,-3.671327997334E-1));
#1573=DIRECTION('',(0.E0,1.E0,0.E0));
#1574=DIRECTION('',(-3.164848046072E-1,0.E0,9.485975798265E-1));
#1575=AXIS2_PLACEMENT_3D('',#1572,#1573,#1574);
#1577=CURVE_STYLE('',#21,POSITIVE_LENGTH_MEASURE(2.E-2),#3);
#1578=PRESENTATION_STYLE_ASSIGNMENT((#1577));
#1579=STYLED_ITEM('',(#1578),#1576);
#1580=CARTESIAN_POINT('',(-1.167046078500E0,2.519685039370E-1,
-3.671327997334E-1));
#1581=DIRECTION('',(0.E0,1.E0,0.E0));
#1582=DIRECTION('',(-3.164848046072E-1,0.E0,9.485975798265E-1));
#1583=AXIS2_PLACEMENT_3D('',#1580,#1581,#1582);
#1585=CURVE_STYLE('',#21,POSITIVE_LENGTH_MEASURE(2.E-2),#3);
#1586=PRESENTATION_STYLE_ASSIGNMENT((#1585));
#1587=STYLED_ITEM('',(#1586),#1584);
#1588=DIRECTION('',(0.E0,-1.E0,0.E0));
#1589=VECTOR('',#1588,2.519685039370E-1);
#1590=CARTESIAN_POINT('',(-1.177886306060E0,2.519685039370E-1,
-3.346414653062E-1));
#1591=LINE('',#1590,#1589);
#1592=CURVE_STYLE('',#21,POSITIVE_LENGTH_MEASURE(2.E-2),#3);
#1593=PRESENTATION_STYLE_ASSIGNMENT((#1592));
#1594=STYLED_ITEM('',(#1593),#1591);
#1595=CARTESIAN_POINT('',(-1.154429438278E0,2.519685039370E-1,
-4.097944845090E-1));
#1596=DIRECTION('',(0.E0,1.E0,0.E0));
#1597=DIRECTION('',(-9.423870301074E-1,0.E0,-3.345245663407E-1));
#1598=AXIS2_PLACEMENT_3D('',#1595,#1596,#1597);
#1600=CURVE_STYLE('',#21,POSITIVE_LENGTH_MEASURE(2.E-2),#3);
#1601=PRESENTATION_STYLE_ASSIGNMENT((#1600));
#1602=STYLED_ITEM('',(#1601),#1599);
#1603=DIRECTION('',(0.E0,-1.E0,0.E0));
#1604=VECTOR('',#1603,2.519685039370E-1);
#1605=CARTESIAN_POINT('',(-1.157332382046E0,2.519685039370E-1,
-3.999785216402E-1));
#1606=LINE('',#1605,#1604);
#1607=CURVE_STYLE('',#21,POSITIVE_LENGTH_MEASURE(2.E-2),#3);
#1608=PRESENTATION_STYLE_ASSIGNMENT((#1607));
#1609=STYLED_ITEM('',(#1608),#1606);
#1610=CARTESIAN_POINT('',(-1.154429438278E0,0.E0,-4.097944845090E-1));
#1611=DIRECTION('',(0.E0,1.E0,0.E0));
#1612=DIRECTION('',(-9.423870301074E-1,0.E0,-3.345245663406E-1));
#1613=AXIS2_PLACEMENT_3D('',#1610,#1611,#1612);
#1615=CURVE_STYLE('',#21,POSITIVE_LENGTH_MEASURE(2.E-2),#3);
#1616=PRESENTATION_STYLE_ASSIGNMENT((#1615));
#1617=STYLED_ITEM('',(#1616),#1614);
#1618=CARTESIAN_POINT('',(0.E0,2.519685039370E-1,0.E0));
#1619=DIRECTION('',(0.E0,-1.E0,0.E0));
#1620=DIRECTION('',(-9.423870301074E-1,0.E0,-3.345245663406E-1));
#1621=AXIS2_PLACEMENT_3D('',#1618,#1619,#1620);
#1623=CURVE_STYLE('',#21,POSITIVE_LENGTH_MEASURE(2.E-2),#3);
#1624=PRESENTATION_STYLE_ASSIGNMENT((#1623));
#1625=STYLED_ITEM('',(#1624),#1622);
#1626=DIRECTION('',(0.E0,-1.E0,0.E0));
#1627=VECTOR('',#1626,2.519685039370E-1);
#1628=CARTESIAN_POINT('',(-1.164075919688E0,2.519685039370E-1,
-4.132187517235E-1));
#1629=LINE('',#1628,#1627);
#1630=CURVE_STYLE('',#21,POSITIVE_LENGTH_MEASURE(2.E-2),#3);
#1631=PRESENTATION_STYLE_ASSIGNMENT((#1630));
#1632=STYLED_ITEM('',(#1631),#1629);
#1633=CARTESIAN_POINT('',(0.E0,0.E0,0.E0));
#1634=DIRECTION('',(0.E0,1.E0,0.E0));
#1635=DIRECTION('',(-9.351050442461E-1,0.E0,-3.543706480869E-1));
#1636=AXIS2_PLACEMENT_3D('',#1633,#1634,#1635);
#1638=CURVE_STYLE('',#21,POSITIVE_LENGTH_MEASURE(2.E-2),#3);
#1639=PRESENTATION_STYLE_ASSIGNMENT((#1638));
#1640=STYLED_ITEM('',(#1639),#1637);
#1641=CARTESIAN_POINT('',(-1.145508964440E0,2.519685039370E-1,
-4.341060468187E-1));
#1642=DIRECTION('',(0.E0,1.E0,0.E0));
#1643=DIRECTION('',(4.039222550296E-1,0.E0,-9.147933164884E-1));
#1644=AXIS2_PLACEMENT_3D('',#1641,#1642,#1643);
#1646=CURVE_STYLE('',#21,POSITIVE_LENGTH_MEASURE(2.E-2),#3);
#1647=PRESENTATION_STYLE_ASSIGNMENT((#1646));
#1648=STYLED_ITEM('',(#1647),#1645);
#1649=DIRECTION('',(0.E0,-1.E0,0.E0));
#1650=VECTOR('',#1649,2.519685039370E-1);
#1651=CARTESIAN_POINT('',(-1.155080905838E0,2.519685039370E-1,
-4.377334629015E-1));
#1652=LINE('',#1651,#1650);
#1653=CURVE_STYLE('',#21,POSITIVE_LENGTH_MEASURE(2.E-2),#3);
#1654=PRESENTATION_STYLE_ASSIGNMENT((#1653));
#1655=STYLED_ITEM('',(#1654),#1652);
#1656=CARTESIAN_POINT('',(-1.145508964440E0,0.E0,-4.341060468187E-1));
#1657=DIRECTION('',(0.E0,1.E0,0.E0));
#1658=DIRECTION('',(4.039222550296E-1,0.E0,-9.147933164884E-1));
#1659=AXIS2_PLACEMENT_3D('',#1656,#1657,#1658);
#1661=CURVE_STYLE('',#21,POSITIVE_LENGTH_MEASURE(2.E-2),#3);
#1662=PRESENTATION_STYLE_ASSIGNMENT((#1661));
#1663=STYLED_ITEM('',(#1662),#1660);
#1664=CARTESIAN_POINT('',(-1.127539194826E0,0.E0,-4.748035447570E-1));
#1665=DIRECTION('',(0.E0,1.E0,0.E0));
#1666=DIRECTION('',(-4.039222550296E-1,0.E0,9.147933164884E-1));
#1667=AXIS2_PLACEMENT_3D('',#1664,#1665,#1666);
#1669=CURVE_STYLE('',#21,POSITIVE_LENGTH_MEASURE(2.E-2),#3);
#1670=PRESENTATION_STYLE_ASSIGNMENT((#1669));
#1671=STYLED_ITEM('',(#1670),#1668);
#1672=CARTESIAN_POINT('',(-1.127539194826E0,2.519685039370E-1,
-4.748035447570E-1));
#1673=DIRECTION('',(0.E0,1.E0,0.E0));
#1674=DIRECTION('',(-4.039222550296E-1,0.E0,9.147933164884E-1));
#1675=AXIS2_PLACEMENT_3D('',#1672,#1673,#1674);
#1677=CURVE_STYLE('',#21,POSITIVE_LENGTH_MEASURE(2.E-2),#3);
#1678=PRESENTATION_STYLE_ASSIGNMENT((#1677));
#1679=STYLED_ITEM('',(#1678),#1676);
#1680=DIRECTION('',(0.E0,-1.E0,0.E0));
#1681=VECTOR('',#1680,2.519685039370E-1);
#1682=CARTESIAN_POINT('',(-1.141374327184E0,2.519685039370E-1,
-4.434700728930E-1));
#1683=LINE('',#1682,#1681);
#1684=CURVE_STYLE('',#21,POSITIVE_LENGTH_MEASURE(2.E-2),#3);
#1685=PRESENTATION_STYLE_ASSIGNMENT((#1684));
#1686=STYLED_ITEM('',(#1685),#1683);
#1687=CARTESIAN_POINT('',(-1.110983088639E0,2.519685039370E-1,
-5.160963323393E-1));
#1688=DIRECTION('',(0.E0,1.E0,0.E0));
#1689=DIRECTION('',(-9.069207858768E-1,0.E0,-4.213011845991E-1));
#1690=AXIS2_PLACEMENT_3D('',#1687,#1688,#1689);
#1692=CURVE_STYLE('',#21,POSITIVE_LENGTH_MEASURE(2.E-2),#3);
#1693=PRESENTATION_STYLE_ASSIGNMENT((#1692));
#1694=STYLED_ITEM('',(#1693),#1691);
#1695=DIRECTION('',(0.E0,-1.E0,0.E0));
#1696=VECTOR('',#1695,2.519685039370E-1);
#1697=CARTESIAN_POINT('',(-1.114792458204E0,2.519685039370E-1,
-5.065953369664E-1));
#1698=LINE('',#1697,#1696);
#1699=CURVE_STYLE('',#21,POSITIVE_LENGTH_MEASURE(2.E-2),#3);
#1700=PRESENTATION_STYLE_ASSIGNMENT((#1699));
#1701=STYLED_ITEM('',(#1700),#1698);
#1702=CARTESIAN_POINT('',(-1.110983088639E0,0.E0,-5.160963323393E-1));
#1703=DIRECTION('',(0.E0,1.E0,0.E0));
#1704=DIRECTION('',(-9.069207858768E-1,0.E0,-4.213011845991E-1));
#1705=AXIS2_PLACEMENT_3D('',#1702,#1703,#1704);
#1707=CURVE_STYLE('',#21,POSITIVE_LENGTH_MEASURE(2.E-2),#3);
#1708=PRESENTATION_STYLE_ASSIGNMENT((#1707));
#1709=STYLED_ITEM('',(#1708),#1706);
#1710=CARTESIAN_POINT('',(0.E0,2.519685039370E-1,0.E0));
#1711=DIRECTION('',(0.E0,-1.E0,0.E0));
#1712=DIRECTION('',(-9.069207858768E-1,0.E0,-4.213011845991E-1));
#1713=AXIS2_PLACEMENT_3D('',#1710,#1711,#1712);
#1715=CURVE_STYLE('',#21,POSITIVE_LENGTH_MEASURE(2.E-2),#3);
#1716=PRESENTATION_STYLE_ASSIGNMENT((#1715));
#1717=STYLED_ITEM('',(#1716),#1714);
#1718=DIRECTION('',(0.E0,-1.E0,0.E0));
#1719=VECTOR('',#1718,2.519685039370E-1);
#1720=CARTESIAN_POINT('',(-1.120266529755E0,2.519685039370E-1,
-5.204088641502E-1));
#1721=LINE('',#1720,#1719);
#1722=CURVE_STYLE('',#21,POSITIVE_LENGTH_MEASURE(2.E-2),#3);
#1723=PRESENTATION_STYLE_ASSIGNMENT((#1722));
#1724=STYLED_ITEM('',(#1723),#1721);
#1725=CARTESIAN_POINT('',(0.E0,0.E0,0.E0));
#1726=DIRECTION('',(0.E0,1.E0,0.E0));
#1727=DIRECTION('',(-8.978123805361E-1,0.E0,-4.403781663026E-1));
#1728=AXIS2_PLACEMENT_3D('',#1725,#1726,#1727);
#1730=CURVE_STYLE('',#21,POSITIVE_LENGTH_MEASURE(2.E-2),#3);
#1731=PRESENTATION_STYLE_ASSIGNMENT((#1730));
#1732=STYLED_ITEM('',(#1731),#1729);
#1733=CARTESIAN_POINT('',(-1.099825240616E0,2.519685039370E-1,
-5.394657427497E-1));
#1734=DIRECTION('',(0.E0,1.E0,0.E0));
#1735=DIRECTION('',(4.878100221514E-1,0.E0,-8.729498165924E-1));
#1736=AXIS2_PLACEMENT_3D('',#1733,#1734,#1735);
#1738=CURVE_STYLE('',#21,POSITIVE_LENGTH_MEASURE(2.E-2),#3);
#1739=PRESENTATION_STYLE_ASSIGNMENT((#1738));
#1740=STYLED_ITEM('',(#1739),#1737);
#1741=DIRECTION('',(0.E0,-1.E0,0.E0));
#1742=VECTOR('',#1741,2.519685039370E-1);
#1743=CARTESIAN_POINT('',(-1.109015446086E0,2.519685039370E-1,
-5.439735507512E-1));
#1744=LINE('',#1743,#1742);
#1745=CURVE_STYLE('',#21,POSITIVE_LENGTH_MEASURE(2.E-2),#3);
#1746=PRESENTATION_STYLE_ASSIGNMENT((#1745));
#1747=STYLED_ITEM('',(#1746),#1744);
#1748=CARTESIAN_POINT('',(-1.099825240616E0,0.E0,-5.394657427497E-1));
#1749=DIRECTION('',(0.E0,1.E0,0.E0));
#1750=DIRECTION('',(4.878100221514E-1,0.E0,-8.729498165924E-1));
#1751=AXIS2_PLACEMENT_3D('',#1748,#1749,#1750);
#1753=CURVE_STYLE('',#21,POSITIVE_LENGTH_MEASURE(2.E-2),#3);
#1754=PRESENTATION_STYLE_ASSIGNMENT((#1753));
#1755=STYLED_ITEM('',(#1754),#1752);
#1756=CARTESIAN_POINT('',(-1.078123456166E0,0.E0,-5.783016991572E-1));
#1757=DIRECTION('',(0.E0,1.E0,0.E0));
#1758=DIRECTION('',(-4.878100221513E-1,0.E0,8.729498165924E-1));
#1759=AXIS2_PLACEMENT_3D('',#1756,#1757,#1758);
#1761=CURVE_STYLE('',#21,POSITIVE_LENGTH_MEASURE(2.E-2),#3);
#1762=PRESENTATION_STYLE_ASSIGNMENT((#1761));
#1763=STYLED_ITEM('',(#1762),#1760);
#1764=CARTESIAN_POINT('',(-1.078123456166E0,2.519685039370E-1,
-5.783016991572E-1));
#1765=DIRECTION('',(0.E0,1.E0,0.E0));
#1766=DIRECTION('',(-4.878100221513E-1,0.E0,8.729498165924E-1));
#1767=AXIS2_PLACEMENT_3D('',#1764,#1765,#1766);
#1769=CURVE_STYLE('',#21,POSITIVE_LENGTH_MEASURE(2.E-2),#3);
#1770=PRESENTATION_STYLE_ASSIGNMENT((#1769));
#1771=STYLED_ITEM('',(#1770),#1768);
#1772=DIRECTION('',(0.E0,-1.E0,0.E0));
#1773=VECTOR('',#1772,2.519685039370E-1);
#1774=CARTESIAN_POINT('',(-1.094831909681E0,2.519685039370E-1,
-5.484014495337E-1));
#1775=LINE('',#1774,#1773);
#1776=CURVE_STYLE('',#21,POSITIVE_LENGTH_MEASURE(2.E-2),#3);
#1777=PRESENTATION_STYLE_ASSIGNMENT((#1776));
#1778=STYLED_ITEM('',(#1777),#1775);
#1779=CARTESIAN_POINT('',(-1.057773379671E0,2.519685039370E-1,
-6.178627070443E-1));
#1780=DIRECTION('',(0.E0,1.E0,0.E0));
#1781=DIRECTION('',(-8.634844891705E-1,0.E0,-5.043753928989E-1));
#1782=AXIS2_PLACEMENT_3D('',#1779,#1780,#1781);
#1784=CURVE_STYLE('',#21,POSITIVE_LENGTH_MEASURE(2.E-2),#3);
#1785=PRESENTATION_STYLE_ASSIGNMENT((#1784));
#1786=STYLED_ITEM('',(#1785),#1783);
#1787=DIRECTION('',(0.E0,-1.E0,0.E0));
#1788=VECTOR('',#1787,2.519685039370E-1);
#1789=CARTESIAN_POINT('',(-1.062455698157E0,2.519685039370E-1,
-6.087601742561E-1));
#1790=LINE('',#1789,#1788);
#1791=CURVE_STYLE('',#21,POSITIVE_LENGTH_MEASURE(2.E-2),#3);
#1792=PRESENTATION_STYLE_ASSIGNMENT((#1791));
#1793=STYLED_ITEM('',(#1792),#1790);
#1794=CARTESIAN_POINT('',(-1.057773379671E0,0.E0,-6.178627070443E-1));
#1795=DIRECTION('',(0.E0,1.E0,0.E0));
#1796=DIRECTION('',(-8.634844891705E-1,0.E0,-5.043753928989E-1));
#1797=AXIS2_PLACEMENT_3D('',#1794,#1795,#1796);
#1799=CURVE_STYLE('',#21,POSITIVE_LENGTH_MEASURE(2.E-2),#3);
#1800=PRESENTATION_STYLE_ASSIGNMENT((#1799));
#1801=STYLED_ITEM('',(#1800),#1798);
#1802=CARTESIAN_POINT('',(0.E0,2.519685039370E-1,0.E0));
#1803=DIRECTION('',(0.E0,-1.E0,0.E0));
#1804=DIRECTION('',(-8.634844891705E-1,0.E0,-5.043753928990E-1));
#1805=AXIS2_PLACEMENT_3D('',#1802,#1803,#1804);
#1807=CURVE_STYLE('',#21,POSITIVE_LENGTH_MEASURE(2.E-2),#3);
#1808=PRESENTATION_STYLE_ASSIGNMENT((#1807));
#1809=STYLED_ITEM('',(#1808),#1806);
#1810=DIRECTION('',(0.E0,-1.E0,0.E0));
#1811=VECTOR('',#1810,2.519685039370E-1);
#1812=CARTESIAN_POINT('',(-1.066612197277E0,2.519685039370E-1,
-6.230256047669E-1));
#1813=LINE('',#1812,#1811);
#1814=CURVE_STYLE('',#21,POSITIVE_LENGTH_MEASURE(2.E-2),#3);
#1815=PRESENTATION_STYLE_ASSIGNMENT((#1814));
#1816=STYLED_ITEM('',(#1815),#1813);
#1817=CARTESIAN_POINT('',(0.E0,0.E0,0.E0));
#1818=DIRECTION('',(0.E0,1.E0,0.E0));
#1819=DIRECTION('',(-8.526297093441E-1,0.E0,-5.225156253585E-1));
#1820=AXIS2_PLACEMENT_3D('',#1817,#1818,#1819);
#1822=CURVE_STYLE('',#21,POSITIVE_LENGTH_MEASURE(2.E-2),#3);
#1823=PRESENTATION_STYLE_ASSIGNMENT((#1822));
#1824=STYLED_ITEM('',(#1823),#1821);
#1825=CARTESIAN_POINT('',(-1.044476213032E0,2.519685039370E-1,
-6.400845943362E-1));
#1826=DIRECTION('',(0.E0,1.E0,0.E0));
#1827=DIRECTION('',(5.674108972585E-1,0.E0,-8.234348023203E-1));
#1828=AXIS2_PLACEMENT_3D('',#1825,#1826,#1827);
#1830=CURVE_STYLE('',#21,POSITIVE_LENGTH_MEASURE(2.E-2),#3);
#1831=PRESENTATION_STYLE_ASSIGNMENT((#1830));
#1832=STYLED_ITEM('',(#1831),#1829);
#1833=DIRECTION('',(0.E0,-1.E0,0.E0));
#1834=VECTOR('',#1833,2.519685039370E-1);
#1835=CARTESIAN_POINT('',(-1.053203918718E0,2.519685039370E-1,
-6.454331794777E-1));
#1836=LINE('',#1835,#1834);
#1837=CURVE_STYLE('',#21,POSITIVE_LENGTH_MEASURE(2.E-2),#3);
#1838=PRESENTATION_STYLE_ASSIGNMENT((#1837));
#1839=STYLED_ITEM('',(#1838),#1836);
#1840=CARTESIAN_POINT('',(-1.044476213032E0,0.E0,-6.400845943362E-1));
#1841=DIRECTION('',(0.E0,1.E0,0.E0));
#1842=DIRECTION('',(5.674108972585E-1,0.E0,-8.234348023203E-1));
#1843=AXIS2_PLACEMENT_3D('',#1840,#1841,#1842);
#1845=CURVE_STYLE('',#21,POSITIVE_LENGTH_MEASURE(2.E-2),#3);
#1846=PRESENTATION_STYLE_ASSIGNMENT((#1845));
#1847=STYLED_ITEM('',(#1846),#1844);
#1848=CARTESIAN_POINT('',(-1.019233129808E0,0.E0,-6.767177174316E-1));
#1849=DIRECTION('',(0.E0,1.E0,0.E0));
#1850=DIRECTION('',(-5.674108972585E-1,0.E0,8.234348023203E-1));
#1851=AXIS2_PLACEMENT_3D('',#1848,#1849,#1850);
#1853=CURVE_STYLE('',#21,POSITIVE_LENGTH_MEASURE(2.E-2),#3);
#1854=PRESENTATION_STYLE_ASSIGNMENT((#1853));
#1855=STYLED_ITEM('',(#1854),#1852);
#1856=CARTESIAN_POINT('',(-1.019233129808E0,2.519685039370E-1,
-6.767177174316E-1));
#1857=DIRECTION('',(0.E0,1.E0,0.E0));
#1858=DIRECTION('',(-5.674108972585E-1,0.E0,8.234348023203E-1));
#1859=AXIS2_PLACEMENT_3D('',#1856,#1857,#1858);
#1861=CURVE_STYLE('',#21,POSITIVE_LENGTH_MEASURE(2.E-2),#3);
#1862=PRESENTATION_STYLE_ASSIGNMENT((#1861));
#1863=STYLED_ITEM('',(#1862),#1860);
#1864=DIRECTION('',(0.E0,-1.E0,0.E0));
#1865=VECTOR('',#1864,2.519685039370E-1);
#1866=CARTESIAN_POINT('',(-1.038668069989E0,2.519685039370E-1,
-6.485134545175E-1));
#1867=LINE('',#1866,#1865);
#1868=CURVE_STYLE('',#21,POSITIVE_LENGTH_MEASURE(2.E-2),#3);
#1869=PRESENTATION_STYLE_ASSIGNMENT((#1868));
#1870=STYLED_ITEM('',(#1869),#1867);
#1871=CARTESIAN_POINT('',(-9.952679202086E-1,2.519685039370E-1,
-7.141992820637E-1));
#1872=DIRECTION('',(0.E0,1.E0,0.E0));
#1873=DIRECTION('',(-8.124598597257E-1,0.E0,-5.830171321106E-1));
#1874=AXIS2_PLACEMENT_3D('',#1871,#1872,#1873);
#1876=CURVE_STYLE('',#21,POSITIVE_LENGTH_MEASURE(2.E-2),#3);
#1877=PRESENTATION_STYLE_ASSIGNMENT((#1876));
#1878=STYLED_ITEM('',(#1877),#1875);
#1879=DIRECTION('',(0.E0,-1.E0,0.E0));
#1880=VECTOR('',#1879,2.519685039370E-1);
#1881=CARTESIAN_POINT('',(-1.000782039231E0,2.519685039370E-1,
-7.055752052457E-1));
#1882=LINE('',#1881,#1880);
#1883=CURVE_STYLE('',#21,POSITIVE_LENGTH_MEASURE(2.E-2),#3);
#1884=PRESENTATION_STYLE_ASSIGNMENT((#1883));
#1885=STYLED_ITEM('',(#1884),#1882);
#1886=CARTESIAN_POINT('',(-9.952679202086E-1,0.E0,-7.141992820637E-1));
#1887=DIRECTION('',(0.E0,1.E0,0.E0));
#1888=DIRECTION('',(-8.124598597257E-1,0.E0,-5.830171321106E-1));
#1889=AXIS2_PLACEMENT_3D('',#1886,#1887,#1888);
#1891=CURVE_STYLE('',#21,POSITIVE_LENGTH_MEASURE(2.E-2),#3);
#1892=PRESENTATION_STYLE_ASSIGNMENT((#1891));
#1893=STYLED_ITEM('',(#1892),#1890);
#1894=CARTESIAN_POINT('',(0.E0,2.519685039370E-1,0.E0));
#1895=DIRECTION('',(0.E0,-1.E0,0.E0));
#1896=DIRECTION('',(-8.124598597257E-1,0.E0,-5.830171321106E-1));
#1897=AXIS2_PLACEMENT_3D('',#1894,#1895,#1896);
#1899=CURVE_STYLE('',#21,POSITIVE_LENGTH_MEASURE(2.E-2),#3);
#1900=PRESENTATION_STYLE_ASSIGNMENT((#1899));
#1901=STYLED_ITEM('',(#1900),#1898);
#1902=DIRECTION('',(0.E0,-1.E0,0.E0));
#1903=VECTOR('',#1902,2.519685039370E-1);
#1904=CARTESIAN_POINT('',(-1.003584438458E0,2.519685039370E-1,
-7.201671739672E-1));
#1905=LINE('',#1904,#1903);
#1906=CURVE_STYLE('',#21,POSITIVE_LENGTH_MEASURE(2.E-2),#3);
#1907=PRESENTATION_STYLE_ASSIGNMENT((#1906));
#1908=STYLED_ITEM('',(#1907),#1905);
#1909=CARTESIAN_POINT('',(0.E0,0.E0,0.E0));
#1910=DIRECTION('',(0.E0,1.E0,0.E0));
#1911=DIRECTION('',(-7.999540976091E-1,0.E0,-6.000611983110E-1));
#1912=AXIS2_PLACEMENT_3D('',#1909,#1910,#1911);
#1914=CURVE_STYLE('',#21,POSITIVE_LENGTH_MEASURE(2.E-2),#3);
#1915=PRESENTATION_STYLE_ASSIGNMENT((#1914));
#1916=STYLED_ITEM('',(#1915),#1913);
#1917=CARTESIAN_POINT('',(-9.799482909328E-1,2.519685039370E-1,
-7.350783594928E-1));
#1918=DIRECTION('',(0.E0,1.E0,0.E0));
#1919=DIRECTION('',(6.420253449987E-1,0.E0,-7.666834133978E-1));
#1920=AXIS2_PLACEMENT_3D('',#1917,#1918,#1919);
#1922=CURVE_STYLE('',#21,POSITIVE_LENGTH_MEASURE(2.E-2),#3);
#1923=PRESENTATION_STYLE_ASSIGNMENT((#1922));
#1924=STYLED_ITEM('',(#1923),#1921);
#1925=DIRECTION('',(0.E0,-1.E0,0.E0));
#1926=VECTOR('',#1925,2.519685039370E-1);
#1927=CARTESIAN_POINT('',(-9.881367974437E-1,2.519685039370E-1,
-7.412207182156E-1));
#1928=LINE('',#1927,#1926);
#1929=CURVE_STYLE('',#21,POSITIVE_LENGTH_MEASURE(2.E-2),#3);
#1930=PRESENTATION_STYLE_ASSIGNMENT((#1929));
#1931=STYLED_ITEM('',(#1930),#1928);
#1932=CARTESIAN_POINT('',(-9.799482909328E-1,0.E0,-7.350783594928E-1));
#1933=DIRECTION('',(0.E0,1.E0,0.E0));
#1934=DIRECTION('',(6.420253449987E-1,0.E0,-7.666834133978E-1));
#1935=AXIS2_PLACEMENT_3D('',#1932,#1933,#1934);
#1937=CURVE_STYLE('',#21,POSITIVE_LENGTH_MEASURE(2.E-2),#3);
#1938=PRESENTATION_STYLE_ASSIGNMENT((#1937));
#1939=STYLED_ITEM('',(#1938),#1936);
#1940=CARTESIAN_POINT('',(-9.513857460569E-1,0.E0,-7.691867160731E-1));
#1941=DIRECTION('',(0.E0,1.E0,0.E0));
#1942=DIRECTION('',(-6.420253449987E-1,0.E0,7.666834133978E-1));
#1943=AXIS2_PLACEMENT_3D('',#1940,#1941,#1942);
#1945=CURVE_STYLE('',#21,POSITIVE_LENGTH_MEASURE(2.E-2),#3);
#1946=PRESENTATION_STYLE_ASSIGNMENT((#1945));
#1947=STYLED_ITEM('',(#1946),#1944);
#1948=CARTESIAN_POINT('',(-9.513857460569E-1,2.519685039370E-1,
-7.691867160731E-1));
#1949=DIRECTION('',(0.E0,1.E0,0.E0));
#1950=DIRECTION('',(-6.420253449987E-1,0.E0,7.666834133978E-1));
#1951=AXIS2_PLACEMENT_3D('',#1948,#1949,#1950);
#1953=CURVE_STYLE('',#21,POSITIVE_LENGTH_MEASURE(2.E-2),#3);
#1954=PRESENTATION_STYLE_ASSIGNMENT((#1953));
#1955=STYLED_ITEM('',(#1954),#1952);
#1956=DIRECTION('',(0.E0,-1.E0,0.E0));
#1957=VECTOR('',#1956,2.519685039370E-1);
#1958=CARTESIAN_POINT('',(-9.733763779525E-1,2.519685039370E-1,
-7.429262999449E-1));
#1959=LINE('',#1958,#1957);
#1960=CURVE_STYLE('',#21,POSITIVE_LENGTH_MEASURE(2.E-2),#3);
#1961=PRESENTATION_STYLE_ASSIGNMENT((#1960));
#1962=STYLED_ITEM('',(#1961),#1959);
#1963=CARTESIAN_POINT('',(-9.240160104774E-1,2.519685039370E-1,
-8.042594481124E-1));
#1964=DIRECTION('',(0.E0,1.E0,0.E0));
#1965=DIRECTION('',(-7.542953038208E-1,0.E0,-6.565352958021E-1));
#1966=AXIS2_PLACEMENT_3D('',#1963,#1964,#1965);
#1968=CURVE_STYLE('',#21,POSITIVE_LENGTH_MEASURE(2.E-2),#3);
#1969=PRESENTATION_STYLE_ASSIGNMENT((#1968));
#1970=STYLED_ITEM('',(#1969),#1967);
#1971=DIRECTION('',(0.E0,-1.E0,0.E0));
#1972=VECTOR('',#1971,2.519685039370E-1);
#1973=CARTESIAN_POINT('',(-9.303134717612E-1,2.519685039370E-1,
-7.961896159618E-1));
#1974=LINE('',#1973,#1972);
#1975=CURVE_STYLE('',#21,POSITIVE_LENGTH_MEASURE(2.E-2),#3);
#1976=PRESENTATION_STYLE_ASSIGNMENT((#1975));
#1977=STYLED_ITEM('',(#1976),#1974);
#1978=CARTESIAN_POINT('',(-9.240160104774E-1,0.E0,-8.042594481124E-1));
#1979=DIRECTION('',(0.E0,1.E0,0.E0));
#1980=DIRECTION('',(-7.542953038208E-1,0.E0,-6.565352958021E-1));
#1981=AXIS2_PLACEMENT_3D('',#1978,#1979,#1980);
#1983=CURVE_STYLE('',#21,POSITIVE_LENGTH_MEASURE(2.E-2),#3);
#1984=PRESENTATION_STYLE_ASSIGNMENT((#1983));
#1985=STYLED_ITEM('',(#1984),#1982);
#1986=CARTESIAN_POINT('',(0.E0,2.519685039370E-1,0.E0));
#1987=DIRECTION('',(0.E0,-1.E0,0.E0));
#1988=DIRECTION('',(-7.542953038207E-1,0.E0,-6.565352958021E-1));
#1989=AXIS2_PLACEMENT_3D('',#1986,#1987,#1988);
#1991=CURVE_STYLE('',#21,POSITIVE_LENGTH_MEASURE(2.E-2),#3);
#1992=PRESENTATION_STYLE_ASSIGNMENT((#1991));
#1993=STYLED_ITEM('',(#1992),#1990);
#1994=DIRECTION('',(0.E0,-1.E0,0.E0));
#1995=VECTOR('',#1994,2.519685039370E-1);
#1996=CARTESIAN_POINT('',(-9.317371435086E-1,2.519685039370E-1,
-8.109798881482E-1));
#1997=LINE('',#1996,#1995);
#1998=CURVE_STYLE('',#21,POSITIVE_LENGTH_MEASURE(2.E-2),#3);
#1999=PRESENTATION_STYLE_ASSIGNMENT((#1998));
#2000=STYLED_ITEM('',(#1999),#1997);
#2001=CARTESIAN_POINT('',(0.E0,0.E0,0.E0));
#2002=DIRECTION('',(0.E0,1.E0,0.E0));
#2003=DIRECTION('',(-7.402484605009E-1,0.E0,-6.723334118769E-1));
#2004=AXIS2_PLACEMENT_3D('',#2001,#2002,#2003);
#2006=CURVE_STYLE('',#21,POSITIVE_LENGTH_MEASURE(2.E-2),#3);
#2007=PRESENTATION_STYLE_ASSIGNMENT((#2006));
#2008=STYLED_ITEM('',(#2007),#2005);
#2009=CARTESIAN_POINT('',(-9.068085480175E-1,2.519685039370E-1,
-8.236122295954E-1));
#2010=DIRECTION('',(0.E0,1.E0,0.E0));
#2011=DIRECTION('',(7.109976509223E-1,0.E0,-7.031943830713E-1));
#2012=AXIS2_PLACEMENT_3D('',#2009,#2010,#2011);
#2014=CURVE_STYLE('',#21,POSITIVE_LENGTH_MEASURE(2.E-2),#3);
#2015=PRESENTATION_STYLE_ASSIGNMENT((#2014));
#2016=STYLED_ITEM('',(#2015),#2013);
#2017=DIRECTION('',(0.E0,-1.E0,0.E0));
#2018=VECTOR('',#2017,2.519685039370E-1);
#2019=CARTESIAN_POINT('',(-9.143858944635E-1,2.519685039370E-1,
-8.304943826304E-1));
#2020=LINE('',#2019,#2018);
#2021=CURVE_STYLE('',#21,POSITIVE_LENGTH_MEASURE(2.E-2),#3);
#2022=PRESENTATION_STYLE_ASSIGNMENT((#2021));
#2023=STYLED_ITEM('',(#2022),#2020);
#2024=CARTESIAN_POINT('',(-9.068085480175E-1,0.E0,-8.236122295954E-1));
#2025=DIRECTION('',(0.E0,1.E0,0.E0));
#2026=DIRECTION('',(7.109976509222E-1,0.E0,-7.031943830714E-1));
#2027=AXIS2_PLACEMENT_3D('',#2024,#2025,#2026);
#2029=CURVE_STYLE('',#21,POSITIVE_LENGTH_MEASURE(2.E-2),#3);
#2030=PRESENTATION_STYLE_ASSIGNMENT((#2029));
#2031=STYLED_ITEM('',(#2030),#2028);
#2032=CARTESIAN_POINT('',(-8.751775501615E-1,0.E0,-8.548960741966E-1));
#2033=DIRECTION('',(0.E0,1.E0,0.E0));
#2034=DIRECTION('',(-7.109976509222E-1,0.E0,7.031943830713E-1));
#2035=AXIS2_PLACEMENT_3D('',#2032,#2033,#2034);
#2037=CURVE_STYLE('',#21,POSITIVE_LENGTH_MEASURE(2.E-2),#3);
#2038=PRESENTATION_STYLE_ASSIGNMENT((#2037));
#2039=STYLED_ITEM('',(#2038),#2036);
#2040=CARTESIAN_POINT('',(-8.751775501615E-1,2.519685039370E-1,
-8.548960741966E-1));
#2041=DIRECTION('',(0.E0,1.E0,0.E0));
#2042=DIRECTION('',(-7.109976509222E-1,0.E0,7.031943830714E-1));
#2043=AXIS2_PLACEMENT_3D('',#2040,#2041,#2042);
#2045=CURVE_STYLE('',#21,POSITIVE_LENGTH_MEASURE(2.E-2),#3);
#2046=PRESENTATION_STYLE_ASSIGNMENT((#2045));
#2047=STYLED_ITEM('',(#2046),#2044);
#2048=DIRECTION('',(0.E0,-1.E0,0.E0));
#2049=VECTOR('',#2048,2.519685039370E-1);
#2050=CARTESIAN_POINT('',(-8.995306193072E-1,2.519685039370E-1,
-8.308102823355E-1));
#2051=LINE('',#2050,#2049);
#2052=CURVE_STYLE('',#21,POSITIVE_LENGTH_MEASURE(2.E-2),#3);
#2053=PRESENTATION_STYLE_ASSIGNMENT((#2052));
#2054=STYLED_ITEM('',(#2053),#2051);
#2055=CARTESIAN_POINT('',(-8.446438148220E-1,2.519685039370E-1,
-8.872517532131E-1));
#2056=DIRECTION('',(0.E0,1.E0,0.E0));
#2057=DIRECTION('',(-6.895019736641E-1,0.E0,-7.242838037077E-1));
#2058=AXIS2_PLACEMENT_3D('',#2055,#2056,#2057);
#2060=CURVE_STYLE('',#21,POSITIVE_LENGTH_MEASURE(2.E-2),#3);
#2061=PRESENTATION_STYLE_ASSIGNMENT((#2060));
#2062=STYLED_ITEM('',(#2061),#2059);
#2063=DIRECTION('',(0.E0,-1.E0,0.E0));
#2064=VECTOR('',#2063,2.519685039370E-1);
#2065=CARTESIAN_POINT('',(-8.516692760505E-1,2.519685039370E-1,
-8.798070837049E-1));
#2066=LINE('',#2065,#2064);
#2067=CURVE_STYLE('',#21,POSITIVE_LENGTH_MEASURE(2.E-2),#3);
#2068=PRESENTATION_STYLE_ASSIGNMENT((#2067));
#2069=STYLED_ITEM('',(#2068),#2066);
#2070=CARTESIAN_POINT('',(-8.446438148220E-1,0.E0,-8.872517532131E-1));
#2071=DIRECTION('',(0.E0,1.E0,0.E0));
#2072=DIRECTION('',(-6.895019736641E-1,0.E0,-7.242838037077E-1));
#2073=AXIS2_PLACEMENT_3D('',#2070,#2071,#2072);
#2075=CURVE_STYLE('',#21,POSITIVE_LENGTH_MEASURE(2.E-2),#3);
#2076=PRESENTATION_STYLE_ASSIGNMENT((#2075));
#2077=STYLED_ITEM('',(#2076),#2074);
#2078=CARTESIAN_POINT('',(0.E0,2.519685039370E-1,0.E0));
#2079=DIRECTION('',(0.E0,-1.E0,0.E0));
#2080=DIRECTION('',(-6.895019736642E-1,0.E0,-7.242838037077E-1));
#2081=AXIS2_PLACEMENT_3D('',#2078,#2079,#2080);
#2083=CURVE_STYLE('',#21,POSITIVE_LENGTH_MEASURE(2.E-2),#3);
#2084=PRESENTATION_STYLE_ASSIGNMENT((#2083));
#2085=STYLED_ITEM('',(#2084),#2082);
#2086=DIRECTION('',(0.E0,-1.E0,0.E0));
#2087=VECTOR('',#2086,2.519685039370E-1);
#2088=CARTESIAN_POINT('',(-8.517017090406E-1,2.519685039370E-1,
-8.946656819124E-1));
#2089=LINE('',#2088,#2087);
#2090=CURVE_STYLE('',#21,POSITIVE_LENGTH_MEASURE(2.E-2),#3);
#2091=PRESENTATION_STYLE_ASSIGNMENT((#2090));
#2092=STYLED_ITEM('',(#2091),#2089);
#2093=CARTESIAN_POINT('',(0.E0,0.E0,0.E0));
#2094=DIRECTION('',(0.E0,1.E0,0.E0));
#2095=DIRECTION('',(-6.740374933053E-1,0.E0,-7.386971352447E-1));
#2096=AXIS2_PLACEMENT_3D('',#2093,#2094,#2095);
#2098=CURVE_STYLE('',#21,POSITIVE_LENGTH_MEASURE(2.E-2),#3);
#2099=PRESENTATION_STYLE_ASSIGNMENT((#2098));
#2100=STYLED_ITEM('',(#2099),#2097);
#2101=CARTESIAN_POINT('',(-8.256997389767E-1,2.519685039370E-1,
-9.049081658104E-1));
#2102=DIRECTION('',(0.E0,1.E0,0.E0));
#2103=DIRECTION('',(7.737216839244E-1,0.E0,-6.335256552226E-1));
#2104=AXIS2_PLACEMENT_3D('',#2101,#2102,#2103);
#2106=CURVE_STYLE('',#21,POSITIVE_LENGTH_MEASURE(2.E-2),#3);
#2107=PRESENTATION_STYLE_ASSIGNMENT((#2106));
#2108=STYLED_ITEM('',(#2107),#2105);
#2109=DIRECTION('',(0.E0,-1.E0,0.E0));
#2110=VECTOR('',#2109,2.519685039370E-1);
#2111=CARTESIAN_POINT('',(-8.325993353649E-1,2.519685039370E-1,
-9.124696325492E-1));
#2112=LINE('',#2111,#2110);
#2113=CURVE_STYLE('',#21,POSITIVE_LENGTH_MEASURE(2.E-2),#3);
#2114=PRESENTATION_STYLE_ASSIGNMENT((#2113));
#2115=STYLED_ITEM('',(#2114),#2112);
#2116=CARTESIAN_POINT('',(-8.256997389767E-1,0.E0,-9.049081658104E-1));
#2117=DIRECTION('',(0.E0,1.E0,0.E0));
#2118=DIRECTION('',(7.737216839244E-1,0.E0,-6.335256552226E-1));
#2119=AXIS2_PLACEMENT_3D('',#2116,#2117,#2118);
#2121=CURVE_STYLE('',#21,POSITIVE_LENGTH_MEASURE(2.E-2),#3);
#2122=PRESENTATION_STYLE_ASSIGNMENT((#2121));
#2123=STYLED_ITEM('',(#2122),#2120);
#2124=CARTESIAN_POINT('',(-7.912782624872E-1,0.E0,-9.330925748813E-1));
#2125=DIRECTION('',(0.E0,1.E0,0.E0));
#2126=DIRECTION('',(-7.737216839247E-1,0.E0,6.335256552222E-1));
#2127=AXIS2_PLACEMENT_3D('',#2124,#2125,#2126);
#2129=CURVE_STYLE('',#21,POSITIVE_LENGTH_MEASURE(2.E-2),#3);
#2130=PRESENTATION_STYLE_ASSIGNMENT((#2129));
#2131=STYLED_ITEM('',(#2130),#2128);
#2132=CARTESIAN_POINT('',(-7.912782624872E-1,2.519685039370E-1,
-9.330925748813E-1));
#2133=DIRECTION('',(0.E0,1.E0,0.E0));
#2134=DIRECTION('',(-7.737216839247E-1,0.E0,6.335256552222E-1));
#2135=AXIS2_PLACEMENT_3D('',#2132,#2133,#2134);
#2137=CURVE_STYLE('',#21,POSITIVE_LENGTH_MEASURE(2.E-2),#3);
#2138=PRESENTATION_STYLE_ASSIGNMENT((#2137));
#2139=STYLED_ITEM('',(#2138),#2136);
#2140=DIRECTION('',(0.E0,-1.E0,0.E0));
#2141=VECTOR('',#2140,2.519685039370E-1);
#2142=CARTESIAN_POINT('',(-8.177797532358E-1,2.519685039370E-1,
-9.113930740922E-1));
#2143=LINE('',#2142,#2141);
#2144=CURVE_STYLE('',#21,POSITIVE_LENGTH_MEASURE(2.E-2),#3);
#2145=PRESENTATION_STYLE_ASSIGNMENT((#2144));
#2146=STYLED_ITEM('',(#2145),#2143);
#2147=CARTESIAN_POINT('',(-7.578488589517E-1,2.519685039370E-1,
-9.624468580043E-1));
#2148=DIRECTION('',(0.E0,1.E0,0.E0));
#2149=DIRECTION('',(-6.186492753711E-1,0.E0,-7.856672795037E-1));
#2150=AXIS2_PLACEMENT_3D('',#2147,#2148,#2149);
#2152=CURVE_STYLE('',#21,POSITIVE_LENGTH_MEASURE(2.E-2),#3);
#2153=PRESENTATION_STYLE_ASSIGNMENT((#2152));
#2154=STYLED_ITEM('',(#2153),#2151);
#2155=DIRECTION('',(0.E0,-1.E0,0.E0));
#2156=VECTOR('',#2155,2.519685039370E-1);
#2157=CARTESIAN_POINT('',(-7.655405801192E-1,2.519685039370E-1,
-9.556927751618E-1));
#2158=LINE('',#2157,#2156);
#2159=CURVE_STYLE('',#21,POSITIVE_LENGTH_MEASURE(2.E-2),#3);
#2160=PRESENTATION_STYLE_ASSIGNMENT((#2159));
#2161=STYLED_ITEM('',(#2160),#2158);
#2162=CARTESIAN_POINT('',(-7.578488589517E-1,0.E0,-9.624468580043E-1));
#2163=DIRECTION('',(0.E0,1.E0,0.E0));
#2164=DIRECTION('',(-6.186492753711E-1,0.E0,-7.856672795037E-1));
#2165=AXIS2_PLACEMENT_3D('',#2162,#2163,#2164);
#2167=CURVE_STYLE('',#21,POSITIVE_LENGTH_MEASURE(2.E-2),#3);
#2168=PRESENTATION_STYLE_ASSIGNMENT((#2167));
#2169=STYLED_ITEM('',(#2168),#2166);
#2170=CARTESIAN_POINT('',(0.E0,2.519685039370E-1,0.E0));
#2171=DIRECTION('',(0.E0,-1.E0,0.E0));
#2172=DIRECTION('',(-6.186492753711E-1,0.E0,-7.856672795037E-1));
#2173=AXIS2_PLACEMENT_3D('',#2170,#2171,#2172);
#2175=CURVE_STYLE('',#21,POSITIVE_LENGTH_MEASURE(2.E-2),#3);
#2176=PRESENTATION_STYLE_ASSIGNMENT((#2175));
#2177=STYLED_ITEM('',(#2176),#2174);
#2178=DIRECTION('',(0.E0,-1.E0,0.E0));
#2179=VECTOR('',#2178,2.519685039370E-1);
#2180=CARTESIAN_POINT('',(-7.641814893295E-1,2.519685039370E-1,
-9.704891214952E-1));
#2181=LINE('',#2180,#2179);
#2182=CURVE_STYLE('',#21,POSITIVE_LENGTH_MEASURE(2.E-2),#3);
#2183=PRESENTATION_STYLE_ASSIGNMENT((#2182));
#2184=STYLED_ITEM('',(#2183),#2181);
#2185=CARTESIAN_POINT('',(0.E0,0.E0,0.E0));
#2186=DIRECTION('',(0.E0,1.E0,0.E0));
#2187=DIRECTION('',(-6.019030603828E-1,0.E0,-7.985691616271E-1));
#2188=AXIS2_PLACEMENT_3D('',#2185,#2186,#2187);
#2190=CURVE_STYLE('',#21,POSITIVE_LENGTH_MEASURE(2.E-2),#3);
#2191=PRESENTATION_STYLE_ASSIGNMENT((#2190));
#2192=STYLED_ITEM('',(#2191),#2189);
#2193=CARTESIAN_POINT('',(-7.373346509409E-1,2.519685039370E-1,
-9.782517365272E-1));
#2194=DIRECTION('',(0.E0,1.E0,0.E0));
#2195=DIRECTION('',(8.296462229486E-1,0.E0,-5.582894811361E-1));
#2196=AXIS2_PLACEMENT_3D('',#2193,#2194,#2195);
#2198=CURVE_STYLE('',#21,POSITIVE_LENGTH_MEASURE(2.E-2),#3);
#2199=PRESENTATION_STYLE_ASSIGNMENT((#2198));
#2200=STYLED_ITEM('',(#2199),#2197);
#2201=DIRECTION('',(0.E0,-1.E0,0.E0));
#2202=VECTOR('',#2201,2.519685039370E-1);
#2203=CARTESIAN_POINT('',(-7.434958633700E-1,2.519685039370E-1,
-9.864260665281E-1));
#2204=LINE('',#2203,#2202);
#2205=CURVE_STYLE('',#21,POSITIVE_LENGTH_MEASURE(2.E-2),#3);
#2206=PRESENTATION_STYLE_ASSIGNMENT((#2205));
#2207=STYLED_ITEM('',(#2206),#2204);
#2208=CARTESIAN_POINT('',(-7.373346509409E-1,0.E0,-9.782517365272E-1));
#2209=DIRECTION('',(0.E0,1.E0,0.E0));
#2210=DIRECTION('',(8.296462229486E-1,0.E0,-5.582894811361E-1));
#2211=AXIS2_PLACEMENT_3D('',#2208,#2209,#2210);
#2213=CURVE_STYLE('',#21,POSITIVE_LENGTH_MEASURE(2.E-2),#3);
#2214=PRESENTATION_STYLE_ASSIGNMENT((#2213));
#2215=STYLED_ITEM('',(#2214),#2212);
#2216=CARTESIAN_POINT('',(-7.004251929908E-1,0.E0,-1.003089024468E0));
#2217=DIRECTION('',(0.E0,1.E0,0.E0));
#2218=DIRECTION('',(-8.296462229487E-1,0.E0,5.582894811358E-1));
#2219=AXIS2_PLACEMENT_3D('',#2216,#2217,#2218);
#2221=CURVE_STYLE('',#21,POSITIVE_LENGTH_MEASURE(2.E-2),#3);
#2222=PRESENTATION_STYLE_ASSIGNMENT((#2221));
#2223=STYLED_ITEM('',(#2222),#2220);
#2224=CARTESIAN_POINT('',(-7.004251929908E-1,2.519685039370E-1,
-1.003089024468E0));
#2225=DIRECTION('',(0.E0,1.E0,0.E0));
#2226=DIRECTION('',(-8.296462229487E-1,0.E0,5.582894811358E-1));
#2227=AXIS2_PLACEMENT_3D('',#2224,#2225,#2226);
#2229=CURVE_STYLE('',#21,POSITIVE_LENGTH_MEASURE(2.E-2),#3);
#2230=PRESENTATION_STYLE_ASSIGNMENT((#2229));
#2231=STYLED_ITEM('',(#2230),#2228);
#2232=DIRECTION('',(0.E0,-1.E0,0.E0));
#2233=VECTOR('',#2232,2.519685039370E-1);
#2234=CARTESIAN_POINT('',(-7.288422092886E-1,2.519685039370E-1,
-9.839665107436E-1));
#2235=LINE('',#2234,#2233);
#2236=CURVE_STYLE('',#21,POSITIVE_LENGTH_MEASURE(2.E-2),#3);
#2237=PRESENTATION_STYLE_ASSIGNMENT((#2236));
#2238=STYLED_ITEM('',(#2237),#2235);
#2239=CARTESIAN_POINT('',(-6.643939000596E-1,2.519685039370E-1,
-1.029183945201E0));
#2240=DIRECTION('',(0.E0,1.E0,0.E0));
#2241=DIRECTION('',(-5.423598650019E-1,0.E0,-8.401462829979E-1));
#2242=AXIS2_PLACEMENT_3D('',#2239,#2240,#2241);
#2244=CURVE_STYLE('',#21,POSITIVE_LENGTH_MEASURE(2.E-2),#3);
#2245=PRESENTATION_STYLE_ASSIGNMENT((#2244));
#2246=STYLED_ITEM('',(#2245),#2243);
#2247=DIRECTION('',(0.E0,-1.E0,0.E0));
#2248=VECTOR('',#2247,2.519685039370E-1);
#2249=CARTESIAN_POINT('',(-6.726842860438E-1,2.519685039370E-1,
-1.023179804148E0));
#2250=LINE('',#2249,#2248);
#2251=CURVE_STYLE('',#21,POSITIVE_LENGTH_MEASURE(2.E-2),#3);
#2252=PRESENTATION_STYLE_ASSIGNMENT((#2251));
#2253=STYLED_ITEM('',(#2252),#2250);
#2254=CARTESIAN_POINT('',(-6.643939000596E-1,0.E0,-1.029183945201E0));
#2255=DIRECTION('',(0.E0,1.E0,0.E0));
#2256=DIRECTION('',(-5.423598650019E-1,0.E0,-8.401462829979E-1));
#2257=AXIS2_PLACEMENT_3D('',#2254,#2255,#2256);
#2259=CURVE_STYLE('',#21,POSITIVE_LENGTH_MEASURE(2.E-2),#3);
#2260=PRESENTATION_STYLE_ASSIGNMENT((#2259));
#2261=STYLED_ITEM('',(#2260),#2258);
#2262=CARTESIAN_POINT('',(0.E0,2.519685039370E-1,0.E0));
#2263=DIRECTION('',(0.E0,-1.E0,0.E0));
#2264=DIRECTION('',(-5.423598650019E-1,0.E0,-8.401462829979E-1));
#2265=AXIS2_PLACEMENT_3D('',#2262,#2263,#2264);
#2267=CURVE_STYLE('',#21,POSITIVE_LENGTH_MEASURE(2.E-2),#3);
#2268=PRESENTATION_STYLE_ASSIGNMENT((#2267));
#2269=STYLED_ITEM('',(#2268),#2266);
#2270=DIRECTION('',(0.E0,-1.E0,0.E0));
#2271=VECTOR('',#2270,2.519685039370E-1);
#2272=CARTESIAN_POINT('',(-6.699456152132E-1,2.519685039370E-1,
-1.037783867783E0));
#2273=LINE('',#2272,#2271);
#2274=CURVE_STYLE('',#21,POSITIVE_LENGTH_MEASURE(2.E-2),#3);
#2275=PRESENTATION_STYLE_ASSIGNMENT((#2274));
#2276=STYLED_ITEM('',(#2275),#2273);
#2277=CARTESIAN_POINT('',(0.E0,0.E0,0.E0));
#2278=DIRECTION('',(0.E0,1.E0,0.E0));
#2279=DIRECTION('',(-5.244790817234E-1,0.E0,-8.514233335037E-1));
#2280=AXIS2_PLACEMENT_3D('',#2277,#2278,#2279);
#2282=CURVE_STYLE('',#21,POSITIVE_LENGTH_MEASURE(2.E-2),#3);
#2283=PRESENTATION_STYLE_ASSIGNMENT((#2282));
#2284=STYLED_ITEM('',(#2283),#2281);
#2285=CARTESIAN_POINT('',(-6.424898394808E-1,2.519685039370E-1,
-1.042998395809E0));
#2286=DIRECTION('',(0.E0,1.E0,0.E0));
#2287=DIRECTION('',(8.782798011344E-1,0.E0,-4.781470390156E-1));
#2288=AXIS2_PLACEMENT_3D('',#2285,#2286,#2287);
#2290=CURVE_STYLE('',#21,POSITIVE_LENGTH_MEASURE(2.E-2),#3);
#2291=PRESENTATION_STYLE_ASSIGNMENT((#2290));
#2292=STYLED_ITEM('',(#2291),#2289);
#2293=DIRECTION('',(0.E0,-1.E0,0.E0));
#2294=VECTOR('',#2293,2.519685039370E-1);
#2295=CARTESIAN_POINT('',(-6.478585229945E-1,2.519685039370E-1,
-1.051713752766E0));
#2296=LINE('',#2295,#2294);
#2297=CURVE_STYLE('',#21,POSITIVE_LENGTH_MEASURE(2.E-2),#3);
#2298=PRESENTATION_STYLE_ASSIGNMENT((#2297));
#2299=STYLED_ITEM('',(#2298),#2296);
#2300=CARTESIAN_POINT('',(-6.424898394808E-1,0.E0,-1.042998395809E0));
#2301=DIRECTION('',(0.E0,1.E0,0.E0));
#2302=DIRECTION('',(8.782798011343E-1,0.E0,-4.781470390157E-1));
#2303=AXIS2_PLACEMENT_3D('',#2300,#2301,#2302);
#2305=CURVE_STYLE('',#21,POSITIVE_LENGTH_MEASURE(2.E-2),#3);
#2306=PRESENTATION_STYLE_ASSIGNMENT((#2305));
#2307=STYLED_ITEM('',(#2306),#2304);
#2308=CARTESIAN_POINT('',(-6.034167617138E-1,0.E0,-1.064270291639E0));
#2309=DIRECTION('',(0.E0,1.E0,0.E0));
#2310=DIRECTION('',(-8.782798011346E-1,0.E0,4.781470390152E-1));
#2311=AXIS2_PLACEMENT_3D('',#2308,#2309,#2310);
#2313=CURVE_STYLE('',#21,POSITIVE_LENGTH_MEASURE(2.E-2),#3);
#2314=PRESENTATION_STYLE_ASSIGNMENT((#2313));
#2315=STYLED_ITEM('',(#2314),#2312);
#2316=CARTESIAN_POINT('',(-6.034167617138E-1,2.519685039370E-1,
-1.064270291639E0));
#2317=DIRECTION('',(0.E0,1.E0,0.E0));
#2318=DIRECTION('',(-8.782798011345E-1,0.E0,4.781470390153E-1));
#2319=AXIS2_PLACEMENT_3D('',#2316,#2317,#2318);
#2321=CURVE_STYLE('',#21,POSITIVE_LENGTH_MEASURE(2.E-2),#3);
#2322=PRESENTATION_STYLE_ASSIGNMENT((#2321));
#2323=STYLED_ITEM('',(#2322),#2320);
#2324=DIRECTION('',(0.E0,-1.E0,0.E0));
#2325=VECTOR('',#2324,2.519685039370E-1);
#2326=CARTESIAN_POINT('',(-6.334995737999E-1,2.519685039370E-1,
-1.047892814319E0));
#2327=LINE('',#2326,#2325);
#2328=CURVE_STYLE('',#21,POSITIVE_LENGTH_MEASURE(2.E-2),#3);
#2329=PRESENTATION_STYLE_ASSIGNMENT((#2328));
#2330=STYLED_ITEM('',(#2329),#2327);
#2331=CARTESIAN_POINT('',(-5.651002236847E-1,2.519685039370E-1,
-1.086876526882E0));
#2332=DIRECTION('',(0.E0,1.E0,0.E0));
#2333=DIRECTION('',(-4.613041766378E-1,0.E0,-8.872420507486E-1));
#2334=AXIS2_PLACEMENT_3D('',#2331,#2332,#2333);
#2336=CURVE_STYLE('',#21,POSITIVE_LENGTH_MEASURE(2.E-2),#3);
#2337=PRESENTATION_STYLE_ASSIGNMENT((#2336));
#2338=STYLED_ITEM('',(#2337),#2335);
#2339=DIRECTION('',(0.E0,-1.E0,0.E0));
#2340=VECTOR('',#2339,2.519685039370E-1);
#2341=CARTESIAN_POINT('',(-5.739164182755E-1,2.519685039370E-1,
-1.081675092225E0));
#2342=LINE('',#2341,#2340);
#2343=CURVE_STYLE('',#21,POSITIVE_LENGTH_MEASURE(2.E-2),#3);
#2344=PRESENTATION_STYLE_ASSIGNMENT((#2343));
#2345=STYLED_ITEM('',(#2344),#2342);
#2346=CARTESIAN_POINT('',(-5.651002236847E-1,0.E0,-1.086876526882E0));
#2347=DIRECTION('',(0.E0,1.E0,0.E0));
#2348=DIRECTION('',(-4.613041766378E-1,0.E0,-8.872420507486E-1));
#2349=AXIS2_PLACEMENT_3D('',#2346,#2347,#2348);
#2351=CURVE_STYLE('',#21,POSITIVE_LENGTH_MEASURE(2.E-2),#3);
#2352=PRESENTATION_STYLE_ASSIGNMENT((#2351));
#2353=STYLED_ITEM('',(#2352),#2350);
#2354=CARTESIAN_POINT('',(0.E0,2.519685039370E-1,0.E0));
#2355=DIRECTION('',(0.E0,-1.E0,0.E0));
#2356=DIRECTION('',(-4.613041766378E-1,0.E0,-8.872420507486E-1));
#2357=AXIS2_PLACEMENT_3D('',#2354,#2355,#2356);
#2359=CURVE_STYLE('',#21,POSITIVE_LENGTH_MEASURE(2.E-2),#3);
#2360=PRESENTATION_STYLE_ASSIGNMENT((#2359));
#2361=STYLED_ITEM('',(#2360),#2358);
#2362=DIRECTION('',(0.E0,-1.E0,0.E0));
#2363=VECTOR('',#2362,2.519685039370E-1);
#2364=CARTESIAN_POINT('',(-5.698222349416E-1,2.519685039370E-1,
-1.095958532126E0));
#2365=LINE('',#2364,#2363);
#2366=CURVE_STYLE('',#21,POSITIVE_LENGTH_MEASURE(2.E-2),#3);
#2367=PRESENTATION_STYLE_ASSIGNMENT((#2366));
#2368=STYLED_ITEM('',(#2367),#2365);
#2369=CARTESIAN_POINT('',(0.E0,0.E0,0.E0));
#2370=DIRECTION('',(0.E0,1.E0,0.E0));
#2371=DIRECTION('',(-4.424459620356E-1,0.E0,-8.967951665115E-1));
#2372=AXIS2_PLACEMENT_3D('',#2369,#2370,#2371);
#2374=CURVE_STYLE('',#21,POSITIVE_LENGTH_MEASURE(2.E-2),#3);
#2375=PRESENTATION_STYLE_ASSIGNMENT((#2374));
#2376=STYLED_ITEM('',(#2375),#2373);
#2377=CARTESIAN_POINT('',(-5.419988042099E-1,2.519685039370E-1,
-1.098579147687E0));
#2378=DIRECTION('',(0.E0,1.E0,0.E0));
#2379=DIRECTION('',(9.191950248484E-1,0.E0,-3.938026235235E-1));
#2380=AXIS2_PLACEMENT_3D('',#2377,#2378,#2379);
#2382=CURVE_STYLE('',#21,POSITIVE_LENGTH_MEASURE(2.E-2),#3);
#2383=PRESENTATION_STYLE_ASSIGNMENT((#2382));
#2384=STYLED_ITEM('',(#2383),#2381);
#2385=DIRECTION('',(0.E0,-1.E0,0.E0));
#2386=VECTOR('',#2385,2.519685039370E-1);
#2387=CARTESIAN_POINT('',(-5.465277786244E-1,2.519685039370E-1,
-1.107758940730E0));
#2388=LINE('',#2387,#2386);
#2389=CURVE_STYLE('',#21,POSITIVE_LENGTH_MEASURE(2.E-2),#3);
#2390=PRESENTATION_STYLE_ASSIGNMENT((#2389));
#2391=STYLED_ITEM('',(#2390),#2388);
#2392=CARTESIAN_POINT('',(-5.419988042099E-1,0.E0,-1.098579147687E0));
#2393=DIRECTION('',(0.E0,1.E0,0.E0));
#2394=DIRECTION('',(9.191950248484E-1,0.E0,-3.938026235235E-1));
#2395=AXIS2_PLACEMENT_3D('',#2392,#2393,#2394);
#2397=CURVE_STYLE('',#21,POSITIVE_LENGTH_MEASURE(2.E-2),#3);
#2398=PRESENTATION_STYLE_ASSIGNMENT((#2397));
#2399=STYLED_ITEM('',(#2398),#2396);
#2400=CARTESIAN_POINT('',(-5.011054822383E-1,0.E0,-1.116098713221E0));
#2401=DIRECTION('',(0.E0,1.E0,0.E0));
#2402=DIRECTION('',(-9.191950248484E-1,0.E0,3.938026235236E-1));
#2403=AXIS2_PLACEMENT_3D('',#2400,#2401,#2402);
#2405=CURVE_STYLE('',#21,POSITIVE_LENGTH_MEASURE(2.E-2),#3);
#2406=PRESENTATION_STYLE_ASSIGNMENT((#2405));
#2407=STYLED_ITEM('',(#2406),#2404);
#2408=CARTESIAN_POINT('',(-5.011054822383E-1,2.519685039370E-1,
-1.116098713221E0));
#2409=DIRECTION('',(0.E0,1.E0,0.E0));
#2410=DIRECTION('',(-9.191950248484E-1,0.E0,3.938026235236E-1));
#2411=AXIS2_PLACEMENT_3D('',#2408,#2409,#2410);
#2413=CURVE_STYLE('',#21,POSITIVE_LENGTH_MEASURE(2.E-2),#3);
#2414=PRESENTATION_STYLE_ASSIGNMENT((#2413));
#2415=STYLED_ITEM('',(#2414),#2412);
#2416=DIRECTION('',(0.E0,-1.E0,0.E0));
#2417=VECTOR('',#2416,2.519685039370E-1);
#2418=CARTESIAN_POINT('',(-5.325897212783E-1,2.519685039370E-1,
-1.102610198164E0));
#2419=LINE('',#2418,#2417);
#2420=CURVE_STYLE('',#21,POSITIVE_LENGTH_MEASURE(2.E-2),#3);
#2421=PRESENTATION_STYLE_ASSIGNMENT((#2420));
#2422=STYLED_ITEM('',(#2421),#2419);
#2423=CARTESIAN_POINT('',(-4.608404262252E-1,2.519685039370E-1,
-1.135017598565E0));
#2424=DIRECTION('',(0.E0,1.E0,0.E0));
#2425=DIRECTION('',(-3.761945305827E-1,0.E0,-9.265407034554E-1));
#2426=AXIS2_PLACEMENT_3D('',#2423,#2424,#2425);
#2428=CURVE_STYLE('',#21,POSITIVE_LENGTH_MEASURE(2.E-2),#3);
#2429=PRESENTATION_STYLE_ASSIGNMENT((#2428));
#2430=STYLED_ITEM('',(#2429),#2427);
#2431=DIRECTION('',(0.E0,-1.E0,0.E0));
#2432=VECTOR('',#2431,2.519685039370E-1);
#2433=CARTESIAN_POINT('',(-4.701049523875E-1,2.519685039370E-1,
-1.130664580699E0));
#2434=LINE('',#2433,#2432);
#2435=CURVE_STYLE('',#21,POSITIVE_LENGTH_MEASURE(2.E-2),#3);
#2436=PRESENTATION_STYLE_ASSIGNMENT((#2435));
#2437=STYLED_ITEM('',(#2436),#2434);
#2438=CARTESIAN_POINT('',(-4.608404262252E-1,0.E0,-1.135017598565E0));
#2439=DIRECTION('',(0.E0,1.E0,0.E0));
#2440=DIRECTION('',(-3.761945305827E-1,0.E0,-9.265407034554E-1));
#2441=AXIS2_PLACEMENT_3D('',#2438,#2439,#2440);
#2443=CURVE_STYLE('',#21,POSITIVE_LENGTH_MEASURE(2.E-2),#3);
#2444=PRESENTATION_STYLE_ASSIGNMENT((#2443));
#2445=STYLED_ITEM('',(#2444),#2442);
#2446=CARTESIAN_POINT('',(0.E0,2.519685039370E-1,0.E0));
#2447=DIRECTION('',(0.E0,-1.E0,0.E0));
#2448=DIRECTION('',(-3.761945305827E-1,0.E0,-9.265407034554E-1));
#2449=AXIS2_PLACEMENT_3D('',#2446,#2447,#2448);
#2451=CURVE_STYLE('',#21,POSITIVE_LENGTH_MEASURE(2.E-2),#3);
#2452=PRESENTATION_STYLE_ASSIGNMENT((#2451));
#2453=STYLED_ITEM('',(#2452),#2450);
#2454=DIRECTION('',(0.E0,-1.E0,0.E0));
#2455=VECTOR('',#2454,2.519685039370E-1);
#2456=CARTESIAN_POINT('',(-4.646912363808E-1,2.519685039370E-1,
-1.144501873483E0));
#2457=LINE('',#2456,#2455);
#2458=CURVE_STYLE('',#21,POSITIVE_LENGTH_MEASURE(2.E-2),#3);
#2459=PRESENTATION_STYLE_ASSIGNMENT((#2458));
#2460=STYLED_ITEM('',(#2459),#2457);
#2461=CARTESIAN_POINT('',(0.E0,0.E0,0.E0));
#2462=DIRECTION('',(0.E0,1.E0,0.E0));
#2463=DIRECTION('',(-3.565246113247E-1,0.E0,-9.342859313507E-1));
#2464=AXIS2_PLACEMENT_3D('',#2461,#2462,#2463);
#2466=CURVE_STYLE('',#21,POSITIVE_LENGTH_MEASURE(2.E-2),#3);
#2467=PRESENTATION_STYLE_ASSIGNMENT((#2466));
#2468=STYLED_ITEM('',(#2467),#2465);
#2469=CARTESIAN_POINT('',(-4.367446639593E-1,2.519685039370E-1,
-1.144505546513E0));
#2470=DIRECTION('',(0.E0,1.E0,0.E0));
#2471=DIRECTION('',(9.520323296331E-1,0.E0,-3.059974564166E-1));
#2472=AXIS2_PLACEMENT_3D('',#2469,#2470,#2471);
#2474=CURVE_STYLE('',#21,POSITIVE_LENGTH_MEASURE(2.E-2),#3);
#2475=PRESENTATION_STYLE_ASSIGNMENT((#2474));
#2476=STYLED_ITEM('',(#2475),#2473);
#2477=DIRECTION('',(0.E0,-1.E0,0.E0));
#2478=VECTOR('',#2477,2.519685039370E-1);
#2479=CARTESIAN_POINT('',(-4.403941284847E-1,2.519685039370E-1,
-1.154069103291E0));
#2480=LINE('',#2479,#2478);
#2481=CURVE_STYLE('',#21,POSITIVE_LENGTH_MEASURE(2.E-2),#3);
#2482=PRESENTATION_STYLE_ASSIGNMENT((#2481));
#2483=STYLED_ITEM('',(#2482),#2480);
#2484=CARTESIAN_POINT('',(-4.367446639593E-1,0.E0,-1.144505546513E0));
#2485=DIRECTION('',(0.E0,1.E0,0.E0));
#2486=DIRECTION('',(9.520323296331E-1,0.E0,-3.059974564166E-1));
#2487=AXIS2_PLACEMENT_3D('',#2484,#2485,#2486);
#2489=CURVE_STYLE('',#21,POSITIVE_LENGTH_MEASURE(2.E-2),#3);
#2490=PRESENTATION_STYLE_ASSIGNMENT((#2489));
#2491=STYLED_ITEM('',(#2490),#2488);
#2492=CARTESIAN_POINT('',(-3.943904697670E-1,0.E0,-1.158118819181E0));
#2493=DIRECTION('',(0.E0,1.E0,0.E0));
#2494=DIRECTION('',(-9.520323296331E-1,0.E0,3.059974564166E-1));
#2495=AXIS2_PLACEMENT_3D('',#2492,#2493,#2494);
#2497=CURVE_STYLE('',#21,POSITIVE_LENGTH_MEASURE(2.E-2),#3);
#2498=PRESENTATION_STYLE_ASSIGNMENT((#2497));
#2499=STYLED_ITEM('',(#2498),#2496);
#2500=CARTESIAN_POINT('',(-3.943904697670E-1,2.519685039370E-1,
-1.158118819181E0));
#2501=DIRECTION('',(0.E0,1.E0,0.E0));
#2502=DIRECTION('',(-9.520323296331E-1,0.E0,3.059974564166E-1));
#2503=AXIS2_PLACEMENT_3D('',#2500,#2501,#2502);
#2505=CURVE_STYLE('',#21,POSITIVE_LENGTH_MEASURE(2.E-2),#3);
#2506=PRESENTATION_STYLE_ASSIGNMENT((#2505));
#2507=STYLED_ITEM('',(#2506),#2504);
#2508=DIRECTION('',(0.E0,-1.E0,0.E0));
#2509=VECTOR('',#2508,2.519685039370E-1);
#2510=CARTESIAN_POINT('',(-4.269994511363E-1,2.519685039370E-1,
-1.147637803941E0));
#2511=LINE('',#2510,#2509);
#2512=CURVE_STYLE('',#21,POSITIVE_LENGTH_MEASURE(2.E-2),#3);
#2513=PRESENTATION_STYLE_ASSIGNMENT((#2512));
#2514=STYLED_ITEM('',(#2513),#2511);
#2515=CARTESIAN_POINT('',(-3.525307465300E-1,2.519685039370E-1,
-1.173184094781E0));
#2516=DIRECTION('',(0.E0,1.E0,0.E0));
#2517=DIRECTION('',(-2.877788734663E-1,0.E0,-9.576968831454E-1));
#2518=AXIS2_PLACEMENT_3D('',#2515,#2516,#2517);
#2520=CURVE_STYLE('',#21,POSITIVE_LENGTH_MEASURE(2.E-2),#3);
#2521=PRESENTATION_STYLE_ASSIGNMENT((#2520));
#2522=STYLED_ITEM('',(#2521),#2519);
#2523=DIRECTION('',(0.E0,-1.E0,0.E0));
#2524=VECTOR('',#2523,2.519685039370E-1);
#2525=CARTESIAN_POINT('',(-3.621621872748E-1,2.519685039370E-1,
-1.169717748183E0));
#2526=LINE('',#2525,#2524);
#2527=CURVE_STYLE('',#21,POSITIVE_LENGTH_MEASURE(2.E-2),#3);
#2528=PRESENTATION_STYLE_ASSIGNMENT((#2527));
#2529=STYLED_ITEM('',(#2528),#2526);
#2530=CARTESIAN_POINT('',(-3.525307465300E-1,0.E0,-1.173184094781E0));
#2531=DIRECTION('',(0.E0,1.E0,0.E0));
#2532=DIRECTION('',(-2.877788734662E-1,0.E0,-9.576968831455E-1));
#2533=AXIS2_PLACEMENT_3D('',#2530,#2531,#2532);
#2535=CURVE_STYLE('',#21,POSITIVE_LENGTH_MEASURE(2.E-2),#3);
#2536=PRESENTATION_STYLE_ASSIGNMENT((#2535));
#2537=STYLED_ITEM('',(#2536),#2534);
#2538=CARTESIAN_POINT('',(0.E0,2.519685039370E-1,0.E0));
#2539=DIRECTION('',(0.E0,-1.E0,0.E0));
#2540=DIRECTION('',(-2.877788734663E-1,0.E0,-9.576968831454E-1));
#2541=AXIS2_PLACEMENT_3D('',#2538,#2539,#2540);
#2543=CURVE_STYLE('',#21,POSITIVE_LENGTH_MEASURE(2.E-2),#3);
#2544=PRESENTATION_STYLE_ASSIGNMENT((#2543));
#2545=STYLED_ITEM('',(#2544),#2542);
#2546=DIRECTION('',(0.E0,-1.E0,0.E0));
#2547=VECTOR('',#2546,2.519685039370E-1);
#2548=CARTESIAN_POINT('',(-3.554765145261E-1,2.519685039370E-1,
-1.182987291223E0));
#2549=LINE('',#2548,#2547);
#2550=CURVE_STYLE('',#21,POSITIVE_LENGTH_MEASURE(2.E-2),#3);
#2551=PRESENTATION_STYLE_ASSIGNMENT((#2550));
#2552=STYLED_ITEM('',(#2551),#2549);
#2553=CARTESIAN_POINT('',(0.E0,0.E0,0.E0));
#2554=DIRECTION('',(0.E0,1.E0,0.E0));
#2555=DIRECTION('',(-2.674701095103E-1,0.E0,-9.635661578317E-1));
#2556=AXIS2_PLACEMENT_3D('',#2553,#2554,#2555);
#2558=CURVE_STYLE('',#21,POSITIVE_LENGTH_MEASURE(2.E-2),#3);
#2559=PRESENTATION_STYLE_ASSIGNMENT((#2558));
#2560=STYLED_ITEM('',(#2559),#2557);
#2561=CARTESIAN_POINT('',(-3.276523958982E-1,2.519685039370E-1,
-1.180373989445E0));
#2562=DIRECTION('',(0.E0,1.E0,0.E0));
#2563=DIRECTION('',(9.765031400735E-1,0.E0,-2.155031726600E-1));
#2564=AXIS2_PLACEMENT_3D('',#2561,#2562,#2563);
#2566=CURVE_STYLE('',#21,POSITIVE_LENGTH_MEASURE(2.E-2),#3);
#2567=PRESENTATION_STYLE_ASSIGNMENT((#2566));
#2568=STYLED_ITEM('',(#2567),#2565);
#2569=DIRECTION('',(0.E0,-1.E0,0.E0));
#2570=VECTOR('',#2569,2.519685039370E-1);
#2571=CARTESIAN_POINT('',(-3.303902789089E-1,2.519685039370E-1,
-1.190237265077E0));
#2572=LINE('',#2571,#2570);
#2573=CURVE_STYLE('',#21,POSITIVE_LENGTH_MEASURE(2.E-2),#3);
#2574=PRESENTATION_STYLE_ASSIGNMENT((#2573));
#2575=STYLED_ITEM('',(#2574),#2572);
#2576=CARTESIAN_POINT('',(-3.276523958982E-1,0.E0,-1.180373989445E0));
#2577=DIRECTION('',(0.E0,1.E0,0.E0));
#2578=DIRECTION('',(9.765031400735E-1,0.E0,-2.155031726600E-1));
#2579=AXIS2_PLACEMENT_3D('',#2576,#2577,#2578);
#2581=CURVE_STYLE('',#21,POSITIVE_LENGTH_MEASURE(2.E-2),#3);
#2582=PRESENTATION_STYLE_ASSIGNMENT((#2581));
#2583=STYLED_ITEM('',(#2582),#2580);
#2584=CARTESIAN_POINT('',(-2.842095396666E-1,0.E0,-1.189961335316E0));
#2585=DIRECTION('',(0.E0,1.E0,0.E0));
#2586=DIRECTION('',(-9.765031400735E-1,0.E0,2.155031726602E-1));
#2587=AXIS2_PLACEMENT_3D('',#2584,#2585,#2586);
#2589=CURVE_STYLE('',#21,POSITIVE_LENGTH_MEASURE(2.E-2),#3);
#2590=PRESENTATION_STYLE_ASSIGNMENT((#2589));
#2591=STYLED_ITEM('',(#2590),#2588);
#2592=CARTESIAN_POINT('',(-2.842095396666E-1,2.519685039370E-1,
-1.189961335316E0));
#2593=DIRECTION('',(0.E0,1.E0,0.E0));
#2594=DIRECTION('',(-9.765031400735E-1,0.E0,2.155031726602E-1));
#2595=AXIS2_PLACEMENT_3D('',#2592,#2593,#2594);
#2597=CURVE_STYLE('',#21,POSITIVE_LENGTH_MEASURE(2.E-2),#3);
#2598=PRESENTATION_STYLE_ASSIGNMENT((#2597));
#2599=STYLED_ITEM('',(#2598),#2596);
#2600=DIRECTION('',(0.E0,-1.E0,0.E0));
#2601=VECTOR('',#2600,2.519685039370E-1);
#2602=CARTESIAN_POINT('',(-3.176566944644E-1,2.519685039370E-1,
-1.182579927433E0));
#2603=LINE('',#2602,#2601);
#2604=CURVE_STYLE('',#21,POSITIVE_LENGTH_MEASURE(2.E-2),#3);
#2605=PRESENTATION_STYLE_ASSIGNMENT((#2604));
#2606=STYLED_ITEM('',(#2605),#2603);
#2607=CARTESIAN_POINT('',(-2.411230139586E-1,2.519685039370E-1,
-1.201040606989E0));
#2608=DIRECTION('',(0.E0,1.E0,0.E0));
#2609=DIRECTION('',(-1.968342052623E-1,0.E0,-9.804367881912E-1));
#2610=AXIS2_PLACEMENT_3D('',#2607,#2608,#2609);
#2612=CURVE_STYLE('',#21,POSITIVE_LENGTH_MEASURE(2.E-2),#3);
#2613=PRESENTATION_STYLE_ASSIGNMENT((#2612));
#2614=STYLED_ITEM('',(#2613),#2611);
#2615=DIRECTION('',(0.E0,-1.E0,0.E0));
#2616=VECTOR('',#2615,2.519685039370E-1);
#2617=CARTESIAN_POINT('',(-2.510367278383E-1,2.519685039370E-1,
-1.198491394037E0));
#2618=LINE('',#2617,#2616);
#2619=CURVE_STYLE('',#21,POSITIVE_LENGTH_MEASURE(2.E-2),#3);
#2620=PRESENTATION_STYLE_ASSIGNMENT((#2619));
#2621=STYLED_ITEM('',(#2620),#2618);
#2622=CARTESIAN_POINT('',(-2.411230139586E-1,0.E0,-1.201040606989E0));
#2623=DIRECTION('',(0.E0,1.E0,0.E0));
#2624=DIRECTION('',(-1.968342052625E-1,0.E0,-9.804367881912E-1));
#2625=AXIS2_PLACEMENT_3D('',#2622,#2623,#2624);
#2627=CURVE_STYLE('',#21,POSITIVE_LENGTH_MEASURE(2.E-2),#3);
#2628=PRESENTATION_STYLE_ASSIGNMENT((#2627));
#2629=STYLED_ITEM('',(#2628),#2626);
#2630=CARTESIAN_POINT('',(0.E0,2.519685039370E-1,0.E0));
#2631=DIRECTION('',(0.E0,-1.E0,0.E0));
#2632=DIRECTION('',(-1.968342052624E-1,0.E0,-9.804367881912E-1));
#2633=AXIS2_PLACEMENT_3D('',#2630,#2631,#2632);
#2635=CURVE_STYLE('',#21,POSITIVE_LENGTH_MEASURE(2.E-2),#3);
#2636=PRESENTATION_STYLE_ASSIGNMENT((#2635));
#2637=STYLED_ITEM('',(#2636),#2634);
#2638=DIRECTION('',(0.E0,-1.E0,0.E0));
#2639=VECTOR('',#2638,2.519685039370E-1);
#2640=CARTESIAN_POINT('',(-2.431378522801E-1,2.519685039370E-1,
-1.211076574112E0));
#2641=LINE('',#2640,#2639);
#2642=CURVE_STYLE('',#21,POSITIVE_LENGTH_MEASURE(2.E-2),#3);
#2643=PRESENTATION_STYLE_ASSIGNMENT((#2642));
#2644=STYLED_ITEM('',(#2643),#2641);
#2645=CARTESIAN_POINT('',(0.E0,0.E0,0.E0));
#2646=DIRECTION('',(0.E0,1.E0,0.E0));
#2647=DIRECTION('',(-1.760650707562E-1,0.E0,-9.843785302716E-1));
#2648=AXIS2_PLACEMENT_3D('',#2645,#2646,#2647);
#2650=CURVE_STYLE('',#21,POSITIVE_LENGTH_MEASURE(2.E-2),#3);
#2651=PRESENTATION_STYLE_ASSIGNMENT((#2650));
#2652=STYLED_ITEM('',(#2651),#2649);
#2653=CARTESIAN_POINT('',(-2.156807068008E-1,2.519685039370E-1,
-1.205869263316E0));
#2654=DIRECTION('',(0.E0,1.E0,0.E0));
#2655=DIRECTION('',(9.923924058076E-1,0.E0,-1.231150392738E-1));
#2656=AXIS2_PLACEMENT_3D('',#2653,#2654,#2655);
#2658=CURVE_STYLE('',#21,POSITIVE_LENGTH_MEASURE(2.E-2),#3);
#2659=PRESENTATION_STYLE_ASSIGNMENT((#2658));
#2660=STYLED_ITEM('',(#2659),#2657);
#2661=DIRECTION('',(0.E0,-1.E0,0.E0));
#2662=VECTOR('',#2661,2.519685039370E-1);
#2663=CARTESIAN_POINT('',(-2.174829476825E-1,2.519685039370E-1,
-1.215945578980E0));
#2664=LINE('',#2663,#2662);
#2665=CURVE_STYLE('',#21,POSITIVE_LENGTH_MEASURE(2.E-2),#3);
#2666=PRESENTATION_STYLE_ASSIGNMENT((#2665));
#2667=STYLED_ITEM('',(#2666),#2664);
#2668=CARTESIAN_POINT('',(-2.156807068008E-1,0.E0,-1.205869263316E0));
#2669=DIRECTION('',(0.E0,1.E0,0.E0));
#2670=DIRECTION('',(9.923924058076E-1,0.E0,-1.231150392738E-1));
#2671=AXIS2_PLACEMENT_3D('',#2668,#2669,#2670);
#2673=CURVE_STYLE('',#21,POSITIVE_LENGTH_MEASURE(2.E-2),#3);
#2674=PRESENTATION_STYLE_ASSIGNMENT((#2673));
#2675=STYLED_ITEM('',(#2674),#2672);
#2676=CARTESIAN_POINT('',(-1.715309659125E-1,0.E0,-1.211346428449E0));
#2677=DIRECTION('',(0.E0,1.E0,0.E0));
#2678=DIRECTION('',(-9.923924058076E-1,0.E0,1.231150392736E-1));
#2679=AXIS2_PLACEMENT_3D('',#2676,#2677,#2678);
#2681=CURVE_STYLE('',#21,POSITIVE_LENGTH_MEASURE(2.E-2),#3);
#2682=PRESENTATION_STYLE_ASSIGNMENT((#2681));
#2683=STYLED_ITEM('',(#2682),#2680);
#2684=CARTESIAN_POINT('',(-1.715309659125E-1,2.519685039370E-1,
-1.211346428449E0));
#2685=DIRECTION('',(0.E0,1.E0,0.E0));
#2686=DIRECTION('',(-9.923924058076E-1,0.E0,1.231150392736E-1));
#2687=AXIS2_PLACEMENT_3D('',#2684,#2685,#2686);
#2689=CURVE_STYLE('',#21,POSITIVE_LENGTH_MEASURE(2.E-2),#3);
#2690=PRESENTATION_STYLE_ASSIGNMENT((#2689));
#2691=STYLED_ITEM('',(#2690),#2688);
#2692=DIRECTION('',(0.E0,-1.E0,0.E0));
#2693=VECTOR('',#2692,2.519685039370E-1);
#2694=CARTESIAN_POINT('',(-2.055223593398E-1,2.519685039370E-1,
-1.207129496002E0));
#2695=LINE('',#2694,#2693);
#2696=CURVE_STYLE('',#21,POSITIVE_LENGTH_MEASURE(2.E-2),#3);
#2697=PRESENTATION_STYLE_ASSIGNMENT((#2696));
#2698=STYLED_ITEM('',(#2697),#2695);
#2699=CARTESIAN_POINT('',(-1.275962836706E-1,2.519685039370E-1,
-1.218342331157E0));
#2700=DIRECTION('',(0.E0,1.E0,0.E0));
#2701=DIRECTION('',(-1.041597509853E-1,0.E0,-9.945605794896E-1));
#2702=AXIS2_PLACEMENT_3D('',#2699,#2700,#2701);
#2704=CURVE_STYLE('',#21,POSITIVE_LENGTH_MEASURE(2.E-2),#3);
#2705=PRESENTATION_STYLE_ASSIGNMENT((#2704));
#2706=STYLED_ITEM('',(#2705),#2703);
#2707=DIRECTION('',(0.E0,-1.E0,0.E0));
#2708=VECTOR('',#2707,2.519685039370E-1);
#2709=CARTESIAN_POINT('',(-1.377051486112E-1,2.519685039370E-1,
-1.216732654428E0));
#2710=LINE('',#2709,#2708);
#2711=CURVE_STYLE('',#21,POSITIVE_LENGTH_MEASURE(2.E-2),#3);
#2712=PRESENTATION_STYLE_ASSIGNMENT((#2711));
#2713=STYLED_ITEM('',(#2712),#2710);
#2714=CARTESIAN_POINT('',(-1.275962836706E-1,0.E0,-1.218342331157E0));
#2715=DIRECTION('',(0.E0,1.E0,0.E0));
#2716=DIRECTION('',(-1.041597509853E-1,0.E0,-9.945605794896E-1));
#2717=AXIS2_PLACEMENT_3D('',#2714,#2715,#2716);
#2719=CURVE_STYLE('',#21,POSITIVE_LENGTH_MEASURE(2.E-2),#3);
#2720=PRESENTATION_STYLE_ASSIGNMENT((#2719));
#2721=STYLED_ITEM('',(#2720),#2718);
#2722=CARTESIAN_POINT('',(0.E0,2.519685039370E-1,0.E0));
#2723=DIRECTION('',(0.E0,-1.E0,0.E0));
#2724=DIRECTION('',(-1.041597509853E-1,0.E0,-9.945605794896E-1));
#2725=AXIS2_PLACEMENT_3D('',#2722,#2723,#2724);
#2727=CURVE_STYLE('',#21,POSITIVE_LENGTH_MEASURE(2.E-2),#3);
#2728=PRESENTATION_STYLE_ASSIGNMENT((#2727));
#2729=STYLED_ITEM('',(#2728),#2726);
#2730=DIRECTION('',(0.E0,-1.E0,0.E0));
#2731=VECTOR('',#2730,2.519685039370E-1);
#2732=CARTESIAN_POINT('',(-1.286624858461E-1,2.519685039370E-1,
-1.228522872522E0));
#2733=LINE('',#2732,#2731);
#2734=CURVE_STYLE('',#21,POSITIVE_LENGTH_MEASURE(2.E-2),#3);
#2735=PRESENTATION_STYLE_ASSIGNMENT((#2734));
#2736=STYLED_ITEM('',(#2735),#2733);
#2737=CARTESIAN_POINT('',(0.E0,0.E0,0.E0));
#2738=DIRECTION('',(0.E0,1.E0,0.E0));
#2739=DIRECTION('',(-8.311276582972E-2,0.E0,-9.965401487929E-1));
#2740=AXIS2_PLACEMENT_3D('',#2737,#2738,#2739);
#2742=CURVE_STYLE('',#21,POSITIVE_LENGTH_MEASURE(2.E-2),#3);
#2743=PRESENTATION_STYLE_ASSIGNMENT((#2742));
#2744=STYLED_ITEM('',(#2743),#2741);
#2745=CARTESIAN_POINT('',(-1.018136078970E-1,2.519685039370E-1,
-1.220767314743E0));
#2746=DIRECTION('',(0.E0,1.E0,0.E0));
#2747=DIRECTION('',(9.995604913968E-1,0.E0,-2.964496649536E-2));
#2748=AXIS2_PLACEMENT_3D('',#2745,#2746,#2747);
#2750=CURVE_STYLE('',#21,POSITIVE_LENGTH_MEASURE(2.E-2),#3);
#2751=PRESENTATION_STYLE_ASSIGNMENT((#2750));
#2752=STYLED_ITEM('',(#2751),#2749);
#2753=DIRECTION('',(0.E0,-1.E0,0.E0));
#2754=VECTOR('',#2753,2.519685039370E-1);
#2755=CARTESIAN_POINT('',(-1.026643684921E-1,2.519685039370E-1,
-1.230968119415E0));
#2756=LINE('',#2755,#2754);
#2757=CURVE_STYLE('',#21,POSITIVE_LENGTH_MEASURE(2.E-2),#3);
#2758=PRESENTATION_STYLE_ASSIGNMENT((#2757));
#2759=STYLED_ITEM('',(#2758),#2756);
#2760=CARTESIAN_POINT('',(-1.018136078970E-1,0.E0,-1.220767314743E0));
#2761=DIRECTION('',(0.E0,1.E0,0.E0));
#2762=DIRECTION('',(9.995604913968E-1,0.E0,-2.964496649536E-2));
#2763=AXIS2_PLACEMENT_3D('',#2760,#2761,#2762);
#2765=CURVE_STYLE('',#21,POSITIVE_LENGTH_MEASURE(2.E-2),#3);
#2766=PRESENTATION_STYLE_ASSIGNMENT((#2765));
#2767=STYLED_ITEM('',(#2766),#2764);
#2768=CARTESIAN_POINT('',(-5.734497186238E-2,0.E0,-1.222086165614E0));
#2769=DIRECTION('',(0.E0,1.E0,0.E0));
#2770=DIRECTION('',(-9.995604913968E-1,0.E0,2.964496649534E-2));
#2771=AXIS2_PLACEMENT_3D('',#2768,#2769,#2770);
#2773=CURVE_STYLE('',#21,POSITIVE_LENGTH_MEASURE(2.E-2),#3);
#2774=PRESENTATION_STYLE_ASSIGNMENT((#2773));
#2775=STYLED_ITEM('',(#2774),#2772);
#2776=CARTESIAN_POINT('',(-5.734497186238E-2,2.519685039370E-1,
-1.222086165614E0));
#2777=DIRECTION('',(0.E0,1.E0,0.E0));
#2778=DIRECTION('',(-9.995604913968E-1,0.E0,2.964496649534E-2));
#2779=AXIS2_PLACEMENT_3D('',#2776,#2777,#2778);
#2781=CURVE_STYLE('',#21,POSITIVE_LENGTH_MEASURE(2.E-2),#3);
#2782=PRESENTATION_STYLE_ASSIGNMENT((#2781));
#2783=STYLED_ITEM('',(#2782),#2780);
#2784=DIRECTION('',(0.E0,-1.E0,0.E0));
#2785=VECTOR('',#2784,2.519685039370E-1);
#2786=CARTESIAN_POINT('',(-9.158188633148E-2,2.519685039370E-1,
-1.221070767155E0));
#2787=LINE('',#2786,#2785);
#2788=CURVE_STYLE('',#21,POSITIVE_LENGTH_MEASURE(2.E-2),#3);
#2789=PRESENTATION_STYLE_ASSIGNMENT((#2788));
#2790=STYLED_ITEM('',(#2789),#2787);
#2791=CARTESIAN_POINT('',(-1.294823265390E-2,2.519685039370E-1,
-1.224937219113E0));
#2792=DIRECTION('',(0.E0,1.E0,0.E0));
#2793=DIRECTION('',(-1.056993707130E-2,0.E0,-9.999441366548E-1));
#2794=AXIS2_PLACEMENT_3D('',#2791,#2792,#2793);
#2796=CURVE_STYLE('',#21,POSITIVE_LENGTH_MEASURE(2.E-2),#3);
#2797=PRESENTATION_STYLE_ASSIGNMENT((#2796));
#2798=STYLED_ITEM('',(#2797),#2795);
#2799=DIRECTION('',(0.E0,-1.E0,0.E0));
#2800=VECTOR('',#2799,2.519685039370E-1);
#2801=CARTESIAN_POINT('',(-2.316341158682E-2,2.519685039370E-1,
-1.224281224502E0));
#2802=LINE('',#2801,#2800);
#2803=CURVE_STYLE('',#21,POSITIVE_LENGTH_MEASURE(2.E-2),#3);
#2804=PRESENTATION_STYLE_ASSIGNMENT((#2803));
#2805=STYLED_ITEM('',(#2804),#2802);
#2806=CARTESIAN_POINT('',(-1.294823265390E-2,0.E0,-1.224937219113E0));
#2807=DIRECTION('',(0.E0,1.E0,0.E0));
#2808=DIRECTION('',(-1.056993707129E-2,0.E0,-9.999441366548E-1));
#2809=AXIS2_PLACEMENT_3D('',#2806,#2807,#2808);
#2811=CURVE_STYLE('',#21,POSITIVE_LENGTH_MEASURE(2.E-2),#3);
#2812=PRESENTATION_STYLE_ASSIGNMENT((#2811));
#2813=STYLED_ITEM('',(#2812),#2810);
#2814=DIRECTION('',(-7.071067811866E-1,7.071067811865E-1,-1.220319287229E-9));
#2815=VECTOR('',#2814,3.424178507455E-2);
#2816=CARTESIAN_POINT('',(-1.235241872495E0,2.519685039330E-1,
1.775859381064E-10));
#2817=LINE('',#2816,#2815);
#2818=CURVE_STYLE('',#21,POSITIVE_LENGTH_MEASURE(2.E-2),#3);
#2819=PRESENTATION_STYLE_ASSIGNMENT((#2818));
#2820=STYLED_ITEM('',(#2819),#2817);
#2821=CARTESIAN_POINT('',(0.E0,2.761811023622E-1,0.E0));
#2822=DIRECTION('',(0.E0,-1.E0,0.E0));
#2823=DIRECTION('',(-1.E0,0.E0,0.E0));
#2824=AXIS2_PLACEMENT_3D('',#2821,#2822,#2823);
#2826=CURVE_STYLE('',#21,POSITIVE_LENGTH_MEASURE(2.E-2),#3);
#2827=PRESENTATION_STYLE_ASSIGNMENT((#2826));
#2828=STYLED_ITEM('',(#2827),#2825);
#2829=DIRECTION('',(5.649298918437E-11,1.E0,2.490484164987E-9));
#2830=VECTOR('',#2829,5.452755905820E-2);
#2831=CARTESIAN_POINT('',(1.259454470921E0,2.761811023591E-1,
-1.357998681511E-10));
#2832=LINE('',#2831,#2830);
#2833=CURVE_STYLE('',#21,POSITIVE_LENGTH_MEASURE(2.E-2),#3);
#2834=PRESENTATION_STYLE_ASSIGNMENT((#2833));
#2835=STYLED_ITEM('',(#2834),#2832);
#2836=CARTESIAN_POINT('',(0.E0,2.761811023622E-1,0.E0));
#2837=DIRECTION('',(0.E0,-1.E0,0.E0));
#2838=DIRECTION('',(1.E0,0.E0,0.E0));
#2839=AXIS2_PLACEMENT_3D('',#2836,#2837,#2838);
#2841=CURVE_STYLE('',#21,POSITIVE_LENGTH_MEASURE(2.E-2),#3);
#2842=PRESENTATION_STYLE_ASSIGNMENT((#2841));
#2843=STYLED_ITEM('',(#2842),#2840);
#2844=DIRECTION('',(-5.649298918437E-11,1.E0,-2.490487084605E-9));
#2845=VECTOR('',#2844,5.452755905820E-2);
#2846=CARTESIAN_POINT('',(-1.259454470921E0,2.761811023591E-1,
1.358000273508E-10));
#2847=LINE('',#2846,#2845);
#2848=CURVE_STYLE('',#21,POSITIVE_LENGTH_MEASURE(2.E-2),#3);
#2849=PRESENTATION_STYLE_ASSIGNMENT((#2848));
#2850=STYLED_ITEM('',(#2849),#2847);
#2851=CARTESIAN_POINT('',(0.E0,3.307086614173E-1,0.E0));
#2852=DIRECTION('',(0.E0,1.E0,0.E0));
#2853=DIRECTION('',(1.E0,0.E0,0.E0));
#2854=AXIS2_PLACEMENT_3D('',#2851,#2852,#2853);
#2856=CURVE_STYLE('',#21,POSITIVE_LENGTH_MEASURE(2.E-2),#3);
#2857=PRESENTATION_STYLE_ASSIGNMENT((#2856));
#2858=STYLED_ITEM('',(#2857),#2855);
#2859=CARTESIAN_POINT('',(0.E0,3.307086614173E-1,0.E0));
#2860=DIRECTION('',(0.E0,1.E0,0.E0));
#2861=DIRECTION('',(-1.E0,0.E0,0.E0));
#2862=AXIS2_PLACEMENT_3D('',#2859,#2860,#2861);
#2864=CURVE_STYLE('',#21,POSITIVE_LENGTH_MEASURE(2.E-2),#3);
#2865=PRESENTATION_STYLE_ASSIGNMENT((#2864));
#2866=STYLED_ITEM('',(#2865),#2863);
#2867=CARTESIAN_POINT('',(0.E0,3.307086614173E-1,0.E0));
#2868=DIRECTION('',(0.E0,1.E0,0.E0));
#2869=DIRECTION('',(0.E0,0.E0,1.E0));
#2870=AXIS2_PLACEMENT_3D('',#2867,#2868,#2869);
#2872=CURVE_STYLE('',#21,POSITIVE_LENGTH_MEASURE(2.E-2),#3);
#2873=PRESENTATION_STYLE_ASSIGNMENT((#2872));
#2874=STYLED_ITEM('',(#2873),#2871);
#2875=CARTESIAN_POINT('',(0.E0,3.307086614173E-1,0.E0));
#2876=DIRECTION('',(0.E0,1.E0,0.E0));
#2877=DIRECTION('',(0.E0,0.E0,-1.E0));
#2878=AXIS2_PLACEMENT_3D('',#2875,#2876,#2877);
#2880=CURVE_STYLE('',#21,POSITIVE_LENGTH_MEASURE(2.E-2),#3);
#2881=PRESENTATION_STYLE_ASSIGNMENT((#2880));
#2882=STYLED_ITEM('',(#2881),#2879);
#2883=DIRECTION('',(0.E0,-1.E0,0.E0));
#2884=VECTOR('',#2883,1.968503937008E-1);
#2885=CARTESIAN_POINT('',(0.E0,3.307086614173E-1,3.179133858268E-1));
#2886=LINE('',#2885,#2884);
#2887=CURVE_STYLE('',#21,POSITIVE_LENGTH_MEASURE(2.E-2),#3);
#2888=PRESENTATION_STYLE_ASSIGNMENT((#2887));
#2889=STYLED_ITEM('',(#2888),#2886);
#2890=DIRECTION('',(0.E0,-1.E0,0.E0));
#2891=VECTOR('',#2890,1.968503937008E-1);
#2892=CARTESIAN_POINT('',(0.E0,3.307086614173E-1,-3.179133858268E-1));
#2893=LINE('',#2892,#2891);
#2894=CURVE_STYLE('',#21,POSITIVE_LENGTH_MEASURE(2.E-2),#3);
#2895=PRESENTATION_STYLE_ASSIGNMENT((#2894));
#2896=STYLED_ITEM('',(#2895),#2893);
#2897=CARTESIAN_POINT('',(0.E0,1.338582677165E-1,0.E0));
#2898=DIRECTION('',(0.E0,1.E0,0.E0));
#2899=DIRECTION('',(0.E0,0.E0,1.E0));
#2900=AXIS2_PLACEMENT_3D('',#2897,#2898,#2899);
#2902=CURVE_STYLE('',#21,POSITIVE_LENGTH_MEASURE(2.E-2),#3);
#2903=PRESENTATION_STYLE_ASSIGNMENT((#2902));
#2904=STYLED_ITEM('',(#2903),#2901);
#2905=CARTESIAN_POINT('',(0.E0,1.338582677165E-1,0.E0));
#2906=DIRECTION('',(0.E0,1.E0,0.E0));
#2907=DIRECTION('',(0.E0,0.E0,-1.E0));
#2908=AXIS2_PLACEMENT_3D('',#2905,#2906,#2907);
#2910=CURVE_STYLE('',#21,POSITIVE_LENGTH_MEASURE(2.E-2),#3);
#2911=PRESENTATION_STYLE_ASSIGNMENT((#2910));
#2912=STYLED_ITEM('',(#2911),#2909);
#2913=CARTESIAN_POINT('',(0.E0,1.338582677165E-1,0.E0));
#2914=DIRECTION('',(0.E0,-1.E0,0.E0));
#2915=DIRECTION('',(1.E0,0.E0,0.E0));
#2916=AXIS2_PLACEMENT_3D('',#2913,#2914,#2915);
#2918=CURVE_STYLE('',#21,POSITIVE_LENGTH_MEASURE(2.E-2),#3);
#2919=PRESENTATION_STYLE_ASSIGNMENT((#2918));
#2920=STYLED_ITEM('',(#2919),#2917);
#2921=CARTESIAN_POINT('',(0.E0,1.338582677165E-1,0.E0));
#2922=DIRECTION('',(0.E0,-1.E0,0.E0));
#2923=DIRECTION('',(-1.E0,0.E0,0.E0));
#2924=AXIS2_PLACEMENT_3D('',#2921,#2922,#2923);
#2926=CURVE_STYLE('',#21,POSITIVE_LENGTH_MEASURE(2.E-2),#3);
#2927=PRESENTATION_STYLE_ASSIGNMENT((#2926));
#2928=STYLED_ITEM('',(#2927),#2925);
#2929=DIRECTION('',(0.E0,1.E0,0.E0));
#2930=VECTOR('',#2929,6.363385826772E-1);
#2931=CARTESIAN_POINT('',(1.604330708661E-1,-5.024803149606E-1,0.E0));
#2932=LINE('',#2931,#2930);
#2933=CURVE_STYLE('',#21,POSITIVE_LENGTH_MEASURE(2.E-2),#3);
#2934=PRESENTATION_STYLE_ASSIGNMENT((#2933));
#2935=STYLED_ITEM('',(#2934),#2932);
#2936=DIRECTION('',(0.E0,1.E0,0.E0));
#2937=VECTOR('',#2936,6.363385826772E-1);
#2938=CARTESIAN_POINT('',(-1.604330708661E-1,-5.024803149606E-1,0.E0));
#2939=LINE('',#2938,#2937);
#2940=CURVE_STYLE('',#21,POSITIVE_LENGTH_MEASURE(2.E-2),#3);
#2941=PRESENTATION_STYLE_ASSIGNMENT((#2940));
#2942=STYLED_ITEM('',(#2941),#2939);
#2943=CARTESIAN_POINT('',(0.E0,-5.024803149606E-1,0.E0));
#2944=DIRECTION('',(0.E0,-1.E0,0.E0));
#2945=DIRECTION('',(1.E0,0.E0,0.E0));
#2946=AXIS2_PLACEMENT_3D('',#2943,#2944,#2945);
#2948=CURVE_STYLE('',#21,POSITIVE_LENGTH_MEASURE(2.E-2),#3);
#2949=PRESENTATION_STYLE_ASSIGNMENT((#2948));
#2950=STYLED_ITEM('',(#2949),#2947);
#2951=CARTESIAN_POINT('',(0.E0,-5.024803149606E-1,0.E0));
#2952=DIRECTION('',(0.E0,-1.E0,0.E0));
#2953=DIRECTION('',(-1.E0,0.E0,0.E0));
#2954=AXIS2_PLACEMENT_3D('',#2951,#2952,#2953);
#2956=CURVE_STYLE('',#21,POSITIVE_LENGTH_MEASURE(2.E-2),#3);
#2957=PRESENTATION_STYLE_ASSIGNMENT((#2956));
#2958=STYLED_ITEM('',(#2957),#2955);
#2959=CARTESIAN_POINT('',(0.E0,-5.024803149606E-1,0.E0));
#2960=DIRECTION('',(0.E0,-1.E0,0.E0));
#2961=DIRECTION('',(1.E0,0.E0,0.E0));
#2962=AXIS2_PLACEMENT_3D('',#2959,#2960,#2961);
#2964=CURVE_STYLE('',#21,POSITIVE_LENGTH_MEASURE(2.E-2),#3);
#2965=PRESENTATION_STYLE_ASSIGNMENT((#2964));
#2966=STYLED_ITEM('',(#2965),#2963);
#2967=CARTESIAN_POINT('',(0.E0,-5.024803149606E-1,0.E0));
#2968=DIRECTION('',(0.E0,-1.E0,0.E0));
#2969=DIRECTION('',(-1.E0,0.E0,0.E0));
#2970=AXIS2_PLACEMENT_3D('',#2967,#2968,#2969);
#2972=CURVE_STYLE('',#21,POSITIVE_LENGTH_MEASURE(2.E-2),#3);
#2973=PRESENTATION_STYLE_ASSIGNMENT((#2972));
#2974=STYLED_ITEM('',(#2973),#2971);
#2975=DIRECTION('',(0.E0,1.E0,0.E0));
#2976=VECTOR('',#2975,1.968503937008E-1);
#2977=CARTESIAN_POINT('',(3.179133858268E-1,-6.993307086614E-1,0.E0));
#2978=LINE('',#2977,#2976);
#2979=CURVE_STYLE('',#21,POSITIVE_LENGTH_MEASURE(2.E-2),#3);
#2980=PRESENTATION_STYLE_ASSIGNMENT((#2979));
#2981=STYLED_ITEM('',(#2980),#2978);
#2982=CARTESIAN_POINT('',(0.E0,-6.993307086614E-1,0.E0));
#2983=DIRECTION('',(0.E0,-1.E0,0.E0));
#2984=DIRECTION('',(1.E0,0.E0,0.E0));
#2985=AXIS2_PLACEMENT_3D('',#2982,#2983,#2984);
#2987=CURVE_STYLE('',#21,POSITIVE_LENGTH_MEASURE(2.E-2),#3);
#2988=PRESENTATION_STYLE_ASSIGNMENT((#2987));
#2989=STYLED_ITEM('',(#2988),#2986);
#2990=CARTESIAN_POINT('',(0.E0,-6.993307086614E-1,0.E0));
#2991=DIRECTION('',(0.E0,-1.E0,0.E0));
#2992=DIRECTION('',(-1.E0,0.E0,0.E0));
#2993=AXIS2_PLACEMENT_3D('',#2990,#2991,#2992);
#2995=CURVE_STYLE('',#21,POSITIVE_LENGTH_MEASURE(2.E-2),#3);
#2996=PRESENTATION_STYLE_ASSIGNMENT((#2995));
#2997=STYLED_ITEM('',(#2996),#2994);
#2998=CARTESIAN_POINT('',(0.E0,-6.993307086614E-1,0.E0));
#2999=DIRECTION('',(0.E0,-1.E0,0.E0));
#3000=DIRECTION('',(1.E0,0.E0,0.E0));
#3001=AXIS2_PLACEMENT_3D('',#2998,#2999,#3000);
#3003=CURVE_STYLE('',#21,POSITIVE_LENGTH_MEASURE(2.E-2),#3);
#3004=PRESENTATION_STYLE_ASSIGNMENT((#3003));
#3005=STYLED_ITEM('',(#3004),#3002);
#3006=CARTESIAN_POINT('',(0.E0,-6.993307086614E-1,0.E0));
#3007=DIRECTION('',(0.E0,-1.E0,0.E0));
#3008=DIRECTION('',(-1.E0,0.E0,0.E0));
#3009=AXIS2_PLACEMENT_3D('',#3006,#3007,#3008);
#3011=CURVE_STYLE('',#21,POSITIVE_LENGTH_MEASURE(2.E-2),#3);
#3012=PRESENTATION_STYLE_ASSIGNMENT((#3011));
#3013=STYLED_ITEM('',(#3012),#3010);
#3014=CARTESIAN_POINT('',(0.E0,-3.843700787402E-1,0.E0));
#3015=DIRECTION('',(0.E0,-1.E0,0.E0));
#3016=DIRECTION('',(1.E0,0.E0,0.E0));
#3017=AXIS2_PLACEMENT_3D('',#3014,#3015,#3016);
#3019=CURVE_STYLE('',#21,POSITIVE_LENGTH_MEASURE(2.E-2),#3);
#3020=PRESENTATION_STYLE_ASSIGNMENT((#3019));
#3021=STYLED_ITEM('',(#3020),#3018);
#3022=DIRECTION('',(0.E0,-1.E0,0.E0));
#3023=VECTOR('',#3022,3.149606299213E-1);
#3024=CARTESIAN_POINT('',(4.163385826772E-1,-3.843700787402E-1,0.E0));
#3025=LINE('',#3024,#3023);
#3026=CURVE_STYLE('',#21,POSITIVE_LENGTH_MEASURE(2.E-2),#3);
#3027=PRESENTATION_STYLE_ASSIGNMENT((#3026));
#3028=STYLED_ITEM('',(#3027),#3025);
#3029=DIRECTION('',(0.E0,-1.E0,0.E0));
#3030=VECTOR('',#3029,1.375196850394E-1);
#3031=CARTESIAN_POINT('',(4.163385826772E-1,-7.874015748031E-2,0.E0));
#3032=LINE('',#3031,#3030);
#3033=CURVE_STYLE('',#21,POSITIVE_LENGTH_MEASURE(2.E-2),#3);
#3034=PRESENTATION_STYLE_ASSIGNMENT((#3033));
#3035=STYLED_ITEM('',(#3034),#3032);
#3036=CARTESIAN_POINT('',(0.E0,-2.162598425197E-1,0.E0));
#3037=DIRECTION('',(0.E0,-1.E0,0.E0));
#3038=DIRECTION('',(1.E0,0.E0,0.E0));
#3039=AXIS2_PLACEMENT_3D('',#3036,#3037,#3038);
#3041=CURVE_STYLE('',#21,POSITIVE_LENGTH_MEASURE(2.E-2),#3);
#3042=PRESENTATION_STYLE_ASSIGNMENT((#3041));
#3043=STYLED_ITEM('',(#3042),#3040);
#3044=DIRECTION('',(0.E0,-1.E0,0.E0));
#3045=VECTOR('',#3044,1.681102362205E-1);
#3046=CARTESIAN_POINT('',(1.354160456704E-1,-2.162598425197E-1,
3.937007874016E-1));
#3047=LINE('',#3046,#3045);
#3048=CURVE_STYLE('',#21,POSITIVE_LENGTH_MEASURE(2.E-2),#3);
#3049=PRESENTATION_STYLE_ASSIGNMENT((#3048));
#3050=STYLED_ITEM('',(#3049),#3047);
#3051=DIRECTION('',(-1.E0,0.E0,0.E0));
#3052=VECTOR('',#3051,1.417322834646E0);
#3053=CARTESIAN_POINT('',(1.552738880316E0,-3.843700787402E-1,
3.937007874016E-1));
#3054=LINE('',#3053,#3052);
#3055=CURVE_STYLE('',#21,POSITIVE_LENGTH_MEASURE(2.E-2),#3);
#3056=PRESENTATION_STYLE_ASSIGNMENT((#3055));
#3057=STYLED_ITEM('',(#3056),#3054);
#3058=DIRECTION('',(0.E0,0.E0,1.E0));
#3059=VECTOR('',#3058,7.874015748031E-1);
#3060=CARTESIAN_POINT('',(1.552738880316E0,-3.843700787402E-1,
-3.937007874016E-1));
#3061=LINE('',#3060,#3059);
#3062=CURVE_STYLE('',#21,POSITIVE_LENGTH_MEASURE(2.E-2),#3);
#3063=PRESENTATION_STYLE_ASSIGNMENT((#3062));
#3064=STYLED_ITEM('',(#3063),#3061);
#3065=DIRECTION('',(1.E0,0.E0,0.E0));
#3066=VECTOR('',#3065,1.417322834646E0);
#3067=CARTESIAN_POINT('',(1.354160456704E-1,-3.843700787402E-1,
-3.937007874016E-1));
#3068=LINE('',#3067,#3066);
#3069=CURVE_STYLE('',#21,POSITIVE_LENGTH_MEASURE(2.E-2),#3);
#3070=PRESENTATION_STYLE_ASSIGNMENT((#3069));
#3071=STYLED_ITEM('',(#3070),#3068);
#3072=CARTESIAN_POINT('',(1.302738880316E0,-3.843700787402E-1,0.E0));
#3073=DIRECTION('',(0.E0,-1.E0,0.E0));
#3074=DIRECTION('',(1.E0,0.E0,0.E0));
#3075=AXIS2_PLACEMENT_3D('',#3072,#3073,#3074);
#3077=CURVE_STYLE('',#21,POSITIVE_LENGTH_MEASURE(2.E-2),#3);
#3078=PRESENTATION_STYLE_ASSIGNMENT((#3077));
#3079=STYLED_ITEM('',(#3078),#3076);
#3080=CARTESIAN_POINT('',(1.302738880316E0,-3.843700787402E-1,0.E0));
#3081=DIRECTION('',(0.E0,-1.E0,0.E0));
#3082=DIRECTION('',(-1.E0,0.E0,0.E0));
#3083=AXIS2_PLACEMENT_3D('',#3080,#3081,#3082);
#3085=CURVE_STYLE('',#21,POSITIVE_LENGTH_MEASURE(2.E-2),#3);
#3086=PRESENTATION_STYLE_ASSIGNMENT((#3085));
#3087=STYLED_ITEM('',(#3086),#3084);
#3088=CARTESIAN_POINT('',(1.052738880316E0,-3.843700787402E-1,0.E0));
#3089=DIRECTION('',(0.E0,-1.E0,0.E0));
#3090=DIRECTION('',(1.E0,0.E0,0.E0));
#3091=AXIS2_PLACEMENT_3D('',#3088,#3089,#3090);
#3093=CURVE_STYLE('',#21,POSITIVE_LENGTH_MEASURE(2.E-2),#3);
#3094=PRESENTATION_STYLE_ASSIGNMENT((#3093));
#3095=STYLED_ITEM('',(#3094),#3092);
#3096=CARTESIAN_POINT('',(1.052738880316E0,-3.843700787402E-1,0.E0));
#3097=DIRECTION('',(0.E0,-1.E0,0.E0));
#3098=DIRECTION('',(-1.E0,0.E0,0.E0));
#3099=AXIS2_PLACEMENT_3D('',#3096,#3097,#3098);
#3101=CURVE_STYLE('',#21,POSITIVE_LENGTH_MEASURE(2.E-2),#3);
#3102=PRESENTATION_STYLE_ASSIGNMENT((#3101));
#3103=STYLED_ITEM('',(#3102),#3100);
#3104=CARTESIAN_POINT('',(8.027388803161E-1,-3.843700787402E-1,0.E0));
#3105=DIRECTION('',(0.E0,-1.E0,0.E0));
#3106=DIRECTION('',(1.E0,0.E0,0.E0));
#3107=AXIS2_PLACEMENT_3D('',#3104,#3105,#3106);
#3109=CURVE_STYLE('',#21,POSITIVE_LENGTH_MEASURE(2.E-2),#3);
#3110=PRESENTATION_STYLE_ASSIGNMENT((#3109));
#3111=STYLED_ITEM('',(#3110),#3108);
#3112=CARTESIAN_POINT('',(8.027388803161E-1,-3.843700787402E-1,0.E0));
#3113=DIRECTION('',(0.E0,-1.E0,0.E0));
#3114=DIRECTION('',(-1.E0,0.E0,0.E0));
#3115=AXIS2_PLACEMENT_3D('',#3112,#3113,#3114);
#3117=CURVE_STYLE('',#21,POSITIVE_LENGTH_MEASURE(2.E-2),#3);
#3118=PRESENTATION_STYLE_ASSIGNMENT((#3117));
#3119=STYLED_ITEM('',(#3118),#3116);
#3120=DIRECTION('',(0.E0,1.E0,0.E0));
#3121=VECTOR('',#3120,1.681102362205E-1);
#3122=CARTESIAN_POINT('',(1.552738880316E0,-3.843700787402E-1,
3.937007874016E-1));
#3123=LINE('',#3122,#3121);
#3124=CURVE_STYLE('',#21,POSITIVE_LENGTH_MEASURE(2.E-2),#3);
#3125=PRESENTATION_STYLE_ASSIGNMENT((#3124));
#3126=STYLED_ITEM('',(#3125),#3123);
#3127=DIRECTION('',(1.E0,0.E0,0.E0));
#3128=VECTOR('',#3127,1.417322834646E0);
#3129=CARTESIAN_POINT('',(1.354160456704E-1,-2.162598425197E-1,
-3.937007874016E-1));
#3130=LINE('',#3129,#3128);
#3131=CURVE_STYLE('',#21,POSITIVE_LENGTH_MEASURE(2.E-2),#3);
#3132=PRESENTATION_STYLE_ASSIGNMENT((#3131));
#3133=STYLED_ITEM('',(#3132),#3130);
#3134=DIRECTION('',(0.E0,0.E0,1.E0));
#3135=VECTOR('',#3134,7.874015748031E-1);
#3136=CARTESIAN_POINT('',(1.552738880316E0,-2.162598425197E-1,
-3.937007874016E-1));
#3137=LINE('',#3136,#3135);
#3138=CURVE_STYLE('',#21,POSITIVE_LENGTH_MEASURE(2.E-2),#3);
#3139=PRESENTATION_STYLE_ASSIGNMENT((#3138));
#3140=STYLED_ITEM('',(#3139),#3137);
#3141=DIRECTION('',(-1.E0,0.E0,0.E0));
#3142=VECTOR('',#3141,1.417322834646E0);
#3143=CARTESIAN_POINT('',(1.552738880316E0,-2.162598425197E-1,
3.937007874016E-1));
#3144=LINE('',#3143,#3142);
#3145=CURVE_STYLE('',#21,POSITIVE_LENGTH_MEASURE(2.E-2),#3);
#3146=PRESENTATION_STYLE_ASSIGNMENT((#3145));
#3147=STYLED_ITEM('',(#3146),#3144);
#3148=CARTESIAN_POINT('',(1.302738880316E0,-2.162598425197E-1,0.E0));
#3149=DIRECTION('',(0.E0,-1.E0,0.E0));
#3150=DIRECTION('',(1.E0,0.E0,0.E0));
#3151=AXIS2_PLACEMENT_3D('',#3148,#3149,#3150);
#3153=CURVE_STYLE('',#21,POSITIVE_LENGTH_MEASURE(2.E-2),#3);
#3154=PRESENTATION_STYLE_ASSIGNMENT((#3153));
#3155=STYLED_ITEM('',(#3154),#3152);
#3156=CARTESIAN_POINT('',(1.302738880316E0,-2.162598425197E-1,0.E0));
#3157=DIRECTION('',(0.E0,-1.E0,0.E0));
#3158=DIRECTION('',(-1.E0,0.E0,0.E0));
#3159=AXIS2_PLACEMENT_3D('',#3156,#3157,#3158);
#3161=CURVE_STYLE('',#21,POSITIVE_LENGTH_MEASURE(2.E-2),#3);
#3162=PRESENTATION_STYLE_ASSIGNMENT((#3161));
#3163=STYLED_ITEM('',(#3162),#3160);
#3164=CARTESIAN_POINT('',(1.052738880316E0,-2.162598425197E-1,0.E0));
#3165=DIRECTION('',(0.E0,-1.E0,0.E0));
#3166=DIRECTION('',(1.E0,0.E0,0.E0));
#3167=AXIS2_PLACEMENT_3D('',#3164,#3165,#3166);
#3169=CURVE_STYLE('',#21,POSITIVE_LENGTH_MEASURE(2.E-2),#3);
#3170=PRESENTATION_STYLE_ASSIGNMENT((#3169));
#3171=STYLED_ITEM('',(#3170),#3168);
#3172=CARTESIAN_POINT('',(1.052738880316E0,-2.162598425197E-1,0.E0));
#3173=DIRECTION('',(0.E0,-1.E0,0.E0));
#3174=DIRECTION('',(-1.E0,0.E0,0.E0));
#3175=AXIS2_PLACEMENT_3D('',#3172,#3173,#3174);
#3177=CURVE_STYLE('',#21,POSITIVE_LENGTH_MEASURE(2.E-2),#3);
#3178=PRESENTATION_STYLE_ASSIGNMENT((#3177));
#3179=STYLED_ITEM('',(#3178),#3176);
#3180=CARTESIAN_POINT('',(8.027388803161E-1,-2.162598425197E-1,0.E0));
#3181=DIRECTION('',(0.E0,-1.E0,0.E0));
#3182=DIRECTION('',(1.E0,0.E0,0.E0));
#3183=AXIS2_PLACEMENT_3D('',#3180,#3181,#3182);
#3185=CURVE_STYLE('',#21,POSITIVE_LENGTH_MEASURE(2.E-2),#3);
#3186=PRESENTATION_STYLE_ASSIGNMENT((#3185));
#3187=STYLED_ITEM('',(#3186),#3184);
#3188=CARTESIAN_POINT('',(8.027388803161E-1,-2.162598425197E-1,0.E0));
#3189=DIRECTION('',(0.E0,-1.E0,0.E0));
#3190=DIRECTION('',(-1.E0,0.E0,0.E0));
#3191=AXIS2_PLACEMENT_3D('',#3188,#3189,#3190);
#3193=CURVE_STYLE('',#21,POSITIVE_LENGTH_MEASURE(2.E-2),#3);
#3194=PRESENTATION_STYLE_ASSIGNMENT((#3193));
#3195=STYLED_ITEM('',(#3194),#3192);
#3196=CARTESIAN_POINT('',(0.E0,-3.843700787402E-1,0.E0));
#3197=DIRECTION('',(0.E0,-1.E0,0.E0));
#3198=DIRECTION('',(3.252546156055E-1,0.E0,-9.456264775414E-1));
#3199=AXIS2_PLACEMENT_3D('',#3196,#3197,#3198);
#3201=CURVE_STYLE('',#21,POSITIVE_LENGTH_MEASURE(2.E-2),#3);
#3202=PRESENTATION_STYLE_ASSIGNMENT((#3201));
#3203=STYLED_ITEM('',(#3202),#3200);
#3204=DIRECTION('',(0.E0,-1.E0,0.E0));
#3205=VECTOR('',#3204,1.681102362205E-1);
#3206=CARTESIAN_POINT('',(1.354160456704E-1,-2.162598425197E-1,
-3.937007874016E-1));
#3207=LINE('',#3206,#3205);
#3208=CURVE_STYLE('',#21,POSITIVE_LENGTH_MEASURE(2.E-2),#3);
#3209=PRESENTATION_STYLE_ASSIGNMENT((#3208));
#3210=STYLED_ITEM('',(#3209),#3207);
#3211=CARTESIAN_POINT('',(0.E0,-2.162598425197E-1,0.E0));
#3212=DIRECTION('',(0.E0,-1.E0,0.E0));
#3213=DIRECTION('',(3.252546156055E-1,0.E0,-9.456264775414E-1));
#3214=AXIS2_PLACEMENT_3D('',#3211,#3212,#3213);
#3216=CURVE_STYLE('',#21,POSITIVE_LENGTH_MEASURE(2.E-2),#3);
#3217=PRESENTATION_STYLE_ASSIGNMENT((#3216));
#3218=STYLED_ITEM('',(#3217),#3215);
#3219=DIRECTION('',(0.E0,-1.E0,0.E0));
#3220=VECTOR('',#3219,6.205905511811E-1);
#3221=CARTESIAN_POINT('',(-4.163385826772E-1,-7.874015748031E-2,0.E0));
#3222=LINE('',#3221,#3220);
#3223=CURVE_STYLE('',#21,POSITIVE_LENGTH_MEASURE(2.E-2),#3);
#3224=PRESENTATION_STYLE_ASSIGNMENT((#3223));
#3225=STYLED_ITEM('',(#3224),#3222);
#3226=DIRECTION('',(0.E0,1.E0,0.E0));
#3227=VECTOR('',#3226,1.681102362205E-1);
#3228=CARTESIAN_POINT('',(1.552738880316E0,-3.843700787402E-1,
-3.937007874016E-1));
#3229=LINE('',#3228,#3227);
#3230=CURVE_STYLE('',#21,POSITIVE_LENGTH_MEASURE(2.E-2),#3);
#3231=PRESENTATION_STYLE_ASSIGNMENT((#3230));
#3232=STYLED_ITEM('',(#3231),#3229);
#3233=CARTESIAN_POINT('',(0.E0,-7.874015748031E-2,0.E0));
#3234=DIRECTION('',(0.E0,1.E0,0.E0));
#3235=DIRECTION('',(1.E0,0.E0,0.E0));
#3236=AXIS2_PLACEMENT_3D('',#3233,#3234,#3235);
#3238=CURVE_STYLE('',#21,POSITIVE_LENGTH_MEASURE(2.E-2),#3);
#3239=PRESENTATION_STYLE_ASSIGNMENT((#3238));
#3240=STYLED_ITEM('',(#3239),#3237);
#3241=CARTESIAN_POINT('',(0.E0,-7.874015748031E-2,0.E0));
#3242=DIRECTION('',(0.E0,1.E0,0.E0));
#3243=DIRECTION('',(-1.E0,0.E0,0.E0));
#3244=AXIS2_PLACEMENT_3D('',#3241,#3242,#3243);
#3246=CURVE_STYLE('',#21,POSITIVE_LENGTH_MEASURE(2.E-2),#3);
#3247=PRESENTATION_STYLE_ASSIGNMENT((#3246));
#3248=STYLED_ITEM('',(#3247),#3245);
#3249=CARTESIAN_POINT('',(0.E0,-7.874015748031E-2,0.E0));
#3250=DIRECTION('',(0.E0,-1.E0,0.E0));
#3251=DIRECTION('',(1.E0,0.E0,0.E0));
#3252=AXIS2_PLACEMENT_3D('',#3249,#3250,#3251);
#3254=CURVE_STYLE('',#21,POSITIVE_LENGTH_MEASURE(2.E-2),#3);
#3255=PRESENTATION_STYLE_ASSIGNMENT((#3254));
#3256=STYLED_ITEM('',(#3255),#3253);
#3257=CARTESIAN_POINT('',(0.E0,-7.874015748031E-2,0.E0));
#3258=DIRECTION('',(0.E0,-1.E0,0.E0));
#3259=DIRECTION('',(-1.E0,0.E0,0.E0));
#3260=AXIS2_PLACEMENT_3D('',#3257,#3258,#3259);
#3262=CURVE_STYLE('',#21,POSITIVE_LENGTH_MEASURE(2.E-2),#3);
#3263=PRESENTATION_STYLE_ASSIGNMENT((#3262));
#3264=STYLED_ITEM('',(#3263),#3261);
#3265=CARTESIAN_POINT('',(0.E0,-2.421259842520E-2,0.E0));
#3266=DIRECTION('',(0.E0,1.E0,0.E0));
#3267=DIRECTION('',(1.E0,0.E0,0.E0));
#3268=AXIS2_PLACEMENT_3D('',#3265,#3266,#3267);
#3270=CURVE_STYLE('',#21,POSITIVE_LENGTH_MEASURE(2.E-2),#3);
#3271=PRESENTATION_STYLE_ASSIGNMENT((#3270));
#3272=STYLED_ITEM('',(#3271),#3269);
#3273=DIRECTION('',(5.650113349190E-11,-1.E0,2.490484164987E-9));
#3274=VECTOR('',#3273,5.452755905820E-2);
#3275=CARTESIAN_POINT('',(1.259454470921E0,-2.421259842212E-2,
-1.357998681511E-10));
#3276=LINE('',#3275,#3274);
#3277=CURVE_STYLE('',#21,POSITIVE_LENGTH_MEASURE(2.E-2),#3);
#3278=PRESENTATION_STYLE_ASSIGNMENT((#3277));
#3279=STYLED_ITEM('',(#3278),#3276);
#3280=DIRECTION('',(7.071067811865E-1,-7.071067811865E-1,1.220315736988E-9));
#3281=VECTOR('',#3280,3.424178507455E-2);
#3282=CARTESIAN_POINT('',(1.235241872495E0,4.028777311760E-12,
-1.775856573402E-10));
#3283=LINE('',#3282,#3281);
#3284=CURVE_STYLE('',#21,POSITIVE_LENGTH_MEASURE(2.E-2),#3);
#3285=PRESENTATION_STYLE_ASSIGNMENT((#3284));
#3286=STYLED_ITEM('',(#3285),#3283);
#3287=CARTESIAN_POINT('',(0.E0,2.519685039370E-1,0.E0));
#3288=DIRECTION('',(0.E0,-1.E0,0.E0));
#3289=DIRECTION('',(9.967290320621E-1,0.E0,-8.081606674715E-2));
#3290=AXIS2_PLACEMENT_3D('',#3287,#3288,#3289);
#3292=CURVE_STYLE('',#21,POSITIVE_LENGTH_MEASURE(2.E-2),#3);
#3293=PRESENTATION_STYLE_ASSIGNMENT((#3292));
#3294=STYLED_ITEM('',(#3293),#3291);
#3295=DIRECTION('',(0.E0,-1.E0,0.E0));
#3296=VECTOR('',#3295,2.519685039364E-1);
#3297=CARTESIAN_POINT('',(1.231201435938E0,2.519685039367E-1,
-9.982738961672E-2));
#3298=LINE('',#3297,#3296);
#3299=CURVE_STYLE('',#21,POSITIVE_LENGTH_MEASURE(2.E-2),#3);
#3300=PRESENTATION_STYLE_ASSIGNMENT((#3299));
#3301=STYLED_ITEM('',(#3300),#3298);
#3302=CARTESIAN_POINT('',(0.E0,0.E0,0.E0));
#3303=DIRECTION('',(0.E0,1.E0,0.E0));
#3304=DIRECTION('',(9.982146618517E-1,0.E0,-5.972845941743E-2));
#3305=AXIS2_PLACEMENT_3D('',#3302,#3303,#3304);
#3307=CURVE_STYLE('',#21,POSITIVE_LENGTH_MEASURE(2.E-2),#3);
#3308=PRESENTATION_STYLE_ASSIGNMENT((#3307));
#3309=STYLED_ITEM('',(#3308),#3306);
#3310=CARTESIAN_POINT('',(1.220998697815E0,2.519685039370E-1,
-9.900013853981E-2));
#3311=DIRECTION('',(0.E0,1.E0,0.E0));
#3312=DIRECTION('',(9.967290320621E-1,0.E0,-8.081606674714E-2));
#3313=AXIS2_PLACEMENT_3D('',#3310,#3311,#3312);
#3315=CURVE_STYLE('',#21,POSITIVE_LENGTH_MEASURE(2.E-2),#3);
#3316=PRESENTATION_STYLE_ASSIGNMENT((#3315));
#3317=STYLED_ITEM('',(#3316),#3314);
#3318=DIRECTION('',(0.E0,-1.E0,0.E0));
#3319=VECTOR('',#3318,2.519685039370E-1);
#3320=CARTESIAN_POINT('',(1.219626441259E0,2.519685039370E-1,
-1.091439603790E-1));
#3321=LINE('',#3320,#3319);
#3322=CURVE_STYLE('',#21,POSITIVE_LENGTH_MEASURE(2.E-2),#3);
#3323=PRESENTATION_STYLE_ASSIGNMENT((#3322));
#3324=STYLED_ITEM('',(#3323),#3321);
#3325=CARTESIAN_POINT('',(1.220998697815E0,0.E0,-9.900013853981E-2));
#3326=DIRECTION('',(0.E0,1.E0,0.E0));
#3327=DIRECTION('',(9.967290320621E-1,0.E0,-8.081606674715E-2));
#3328=AXIS2_PLACEMENT_3D('',#3325,#3326,#3327);
#3330=CURVE_STYLE('',#21,POSITIVE_LENGTH_MEASURE(2.E-2),#3);
#3331=PRESENTATION_STYLE_ASSIGNMENT((#3330));
#3332=STYLED_ITEM('',(#3331),#3329);
#3333=CARTESIAN_POINT('',(1.215034659707E0,0.E0,-1.430867488410E-1));
#3334=DIRECTION('',(0.E0,1.E0,0.E0));
#3335=DIRECTION('',(-9.981697341128E-2,0.E0,-9.950058149674E-1));
#3336=AXIS2_PLACEMENT_3D('',#3333,#3334,#3335);
#3338=CURVE_STYLE('',#21,POSITIVE_LENGTH_MEASURE(2.E-2),#3);
#3339=PRESENTATION_STYLE_ASSIGNMENT((#3338));
#3340=STYLED_ITEM('',(#3339),#3337);
#3341=CARTESIAN_POINT('',(1.215034659707E0,2.519685039370E-1,
-1.430867488410E-1));
#3342=DIRECTION('',(0.E0,1.E0,0.E0));
#3343=DIRECTION('',(-9.981697341128E-2,0.E0,-9.950058149674E-1));
#3344=AXIS2_PLACEMENT_3D('',#3341,#3342,#3343);
#3346=CURVE_STYLE('',#21,POSITIVE_LENGTH_MEASURE(2.E-2),#3);
#3347=PRESENTATION_STYLE_ASSIGNMENT((#3346));
#3348=STYLED_ITEM('',(#3347),#3345);
#3349=DIRECTION('',(0.E0,-1.E0,0.E0));
#3350=VECTOR('',#3349,2.519685039370E-1);
#3351=CARTESIAN_POINT('',(1.211615731878E0,2.519685039370E-1,
-1.771676566765E-1));
#3352=LINE('',#3351,#3350);
#3353=CURVE_STYLE('',#21,POSITIVE_LENGTH_MEASURE(2.E-2),#3);
#3354=PRESENTATION_STYLE_ASSIGNMENT((#3353));
#3355=STYLED_ITEM('',(#3354),#3352);
#3356=CARTESIAN_POINT('',(1.210593983331E0,2.519685039370E-1,
-1.873527555698E-1));
#3357=DIRECTION('',(0.E0,1.E0,0.E0));
#3358=DIRECTION('',(9.981697341109E-2,0.E0,9.950058149675E-1));
#3359=AXIS2_PLACEMENT_3D('',#3356,#3357,#3358);
#3361=CURVE_STYLE('',#21,POSITIVE_LENGTH_MEASURE(2.E-2),#3);
#3362=PRESENTATION_STYLE_ASSIGNMENT((#3361));
#3363=STYLED_ITEM('',(#3362),#3360);
#3364=DIRECTION('',(0.E0,-1.E0,0.E0));
#3365=VECTOR('',#3364,2.519685039371E-1);
#3366=CARTESIAN_POINT('',(1.220709779038E0,2.519685039371E-1,
-1.889182863974E-1));
#3367=LINE('',#3366,#3365);
#3368=CURVE_STYLE('',#21,POSITIVE_LENGTH_MEASURE(2.E-2),#3);
#3369=PRESENTATION_STYLE_ASSIGNMENT((#3368));
#3370=STYLED_ITEM('',(#3369),#3367);
#3371=CARTESIAN_POINT('',(1.210593983331E0,0.E0,-1.873527555698E-1));
#3372=DIRECTION('',(0.E0,1.E0,0.E0));
#3373=DIRECTION('',(9.981697341109E-2,0.E0,9.950058149675E-1));
#3374=AXIS2_PLACEMENT_3D('',#3371,#3372,#3373);
#3376=CURVE_STYLE('',#21,POSITIVE_LENGTH_MEASURE(2.E-2),#3);
#3377=PRESENTATION_STYLE_ASSIGNMENT((#3376));
#3378=STYLED_ITEM('',(#3377),#3375);
#3379=CARTESIAN_POINT('',(0.E0,2.519685039370E-1,0.E0));
#3380=DIRECTION('',(0.E0,-1.E0,0.E0));
#3381=DIRECTION('',(9.847816499074E-1,0.E0,-1.737961507214E-1));
#3382=AXIS2_PLACEMENT_3D('',#3379,#3380,#3381);
#3384=CURVE_STYLE('',#21,POSITIVE_LENGTH_MEASURE(2.E-2),#3);
#3385=PRESENTATION_STYLE_ASSIGNMENT((#3384));
#3386=STYLED_ITEM('',(#3385),#3383);
#3387=DIRECTION('',(0.E0,-1.E0,0.E0));
#3388=VECTOR('',#3387,2.519685039372E-1);
#3389=CARTESIAN_POINT('',(1.216443529234E0,2.519685039371E-1,
-2.146802826502E-1));
#3390=LINE('',#3389,#3388);
#3391=CURVE_STYLE('',#21,POSITIVE_LENGTH_MEASURE(2.E-2),#3);
#3392=PRESENTATION_STYLE_ASSIGNMENT((#3391));
#3393=STYLED_ITEM('',(#3392),#3390);
#3394=CARTESIAN_POINT('',(0.E0,0.E0,0.E0));
#3395=DIRECTION('',(0.E0,1.E0,0.E0));
#3396=DIRECTION('',(9.882354267740E-1,0.E0,-1.529403193038E-1));
#3397=AXIS2_PLACEMENT_3D('',#3394,#3395,#3396);
#3399=CURVE_STYLE('',#21,POSITIVE_LENGTH_MEASURE(2.E-2),#3);
#3400=PRESENTATION_STYLE_ASSIGNMENT((#3399));
#3401=STYLED_ITEM('',(#3400),#3398);
#3402=CARTESIAN_POINT('',(1.206363087149E0,2.519685039370E-1,
-2.129012669341E-1));
#3403=DIRECTION('',(0.E0,1.E0,0.E0));
#3404=DIRECTION('',(9.847816499075E-1,0.E0,-1.737961507213E-1));
#3405=AXIS2_PLACEMENT_3D('',#3402,#3403,#3404);
#3407=CURVE_STYLE('',#21,POSITIVE_LENGTH_MEASURE(2.E-2),#3);
#3408=PRESENTATION_STYLE_ASSIGNMENT((#3407));
#3409=STYLED_ITEM('',(#3408),#3406);
#3410=DIRECTION('',(0.E0,-1.E0,0.E0));
#3411=VECTOR('',#3410,2.519685039370E-1);
#3412=CARTESIAN_POINT('',(1.204046977726E0,2.519685039370E-1,
-2.228720164899E-1));
#3413=LINE('',#3412,#3411);
#3414=CURVE_STYLE('',#21,POSITIVE_LENGTH_MEASURE(2.E-2),#3);
#3415=PRESENTATION_STYLE_ASSIGNMENT((#3414));
#3416=STYLED_ITEM('',(#3415),#3413);
#3417=CARTESIAN_POINT('',(1.206363087149E0,0.E0,-2.129012669341E-1));
#3418=DIRECTION('',(0.E0,1.E0,0.E0));
#3419=DIRECTION('',(9.847816499075E-1,0.E0,-1.737961507213E-1));
#3420=AXIS2_PLACEMENT_3D('',#3417,#3418,#3419);
#3422=CURVE_STYLE('',#21,POSITIVE_LENGTH_MEASURE(2.E-2),#3);
#3423=PRESENTATION_STYLE_ASSIGNMENT((#3422));
#3424=STYLED_ITEM('',(#3423),#3421);
#3425=CARTESIAN_POINT('',(1.196296919274E0,0.E0,-2.562356784650E-1));
#3426=DIRECTION('',(0.E0,1.E0,0.E0));
#3427=DIRECTION('',(-1.925522024444E-1,0.E0,-9.812867314571E-1));
#3428=AXIS2_PLACEMENT_3D('',#3425,#3426,#3427);
#3430=CURVE_STYLE('',#21,POSITIVE_LENGTH_MEASURE(2.E-2),#3);
#3431=PRESENTATION_STYLE_ASSIGNMENT((#3430));
#3432=STYLED_ITEM('',(#3431),#3429);
#3433=CARTESIAN_POINT('',(1.196296919274E0,2.519685039370E-1,
-2.562356784650E-1));
#3434=DIRECTION('',(0.E0,1.E0,0.E0));
#3435=DIRECTION('',(-1.925522024444E-1,0.E0,-9.812867314571E-1));
#3436=AXIS2_PLACEMENT_3D('',#3433,#3434,#3435);
#3438=CURVE_STYLE('',#21,POSITIVE_LENGTH_MEASURE(2.E-2),#3);
#3439=PRESENTATION_STYLE_ASSIGNMENT((#3438));
#3440=STYLED_ITEM('',(#3439),#3437);
#3441=DIRECTION('',(0.E0,-1.E0,0.E0));
#3442=VECTOR('',#3441,2.519685039370E-1);
#3443=CARTESIAN_POINT('',(1.189701627301E0,2.519685039370E-1,
-2.898466806842E-1));
#3444=LINE('',#3443,#3442);
#3445=CURVE_STYLE('',#21,POSITIVE_LENGTH_MEASURE(2.E-2),#3);
#3446=PRESENTATION_STYLE_ASSIGNMENT((#3445));
#3447=STYLED_ITEM('',(#3446),#3444);
#3448=CARTESIAN_POINT('',(1.187730620504E0,2.519685039370E-1,
-2.998913480140E-1));
#3449=DIRECTION('',(0.E0,1.E0,0.E0));
#3450=DIRECTION('',(1.925522024444E-1,0.E0,9.812867314571E-1));
#3451=AXIS2_PLACEMENT_3D('',#3448,#3449,#3450);
#3453=CURVE_STYLE('',#21,POSITIVE_LENGTH_MEASURE(2.E-2),#3);
#3454=PRESENTATION_STYLE_ASSIGNMENT((#3453));
#3455=STYLED_ITEM('',(#3454),#3452);
#3456=DIRECTION('',(0.E0,-1.E0,0.E0));
#3457=VECTOR('',#3456,2.519685039370E-1);
#3458=CARTESIAN_POINT('',(1.197655368584E0,2.519685039370E-1,
-3.023972580488E-1));
#3459=LINE('',#3458,#3457);
#3460=CURVE_STYLE('',#21,POSITIVE_LENGTH_MEASURE(2.E-2),#3);
#3461=PRESENTATION_STYLE_ASSIGNMENT((#3460));
#3462=STYLED_ITEM('',(#3461),#3459);
#3463=CARTESIAN_POINT('',(1.187730620504E0,0.E0,-2.998913480140E-1));
#3464=DIRECTION('',(0.E0,1.E0,0.E0));
#3465=DIRECTION('',(1.925522024444E-1,0.E0,9.812867314571E-1));
#3466=AXIS2_PLACEMENT_3D('',#3463,#3464,#3465);
#3468=CURVE_STYLE('',#21,POSITIVE_LENGTH_MEASURE(2.E-2),#3);
#3469=PRESENTATION_STYLE_ASSIGNMENT((#3468));
#3470=STYLED_ITEM('',(#3469),#3467);
#3471=CARTESIAN_POINT('',(0.E0,2.519685039370E-1,0.E0));
#3472=DIRECTION('',(0.E0,-1.E0,0.E0));
#3473=DIRECTION('',(9.641799712044E-1,0.E0,-2.652489078740E-1));
#3474=AXIS2_PLACEMENT_3D('',#3471,#3472,#3473);
#3476=CURVE_STYLE('',#21,POSITIVE_LENGTH_MEASURE(2.E-2),#3);
#3477=PRESENTATION_STYLE_ASSIGNMENT((#3476));
#3478=STYLED_ITEM('',(#3477),#3475);
#3479=DIRECTION('',(0.E0,-1.E0,0.E0));
#3480=VECTOR('',#3479,2.519685039370E-1);
#3481=CARTESIAN_POINT('',(1.190995473056E0,2.519685039370E-1,
-3.276465576406E-1));
#3482=LINE('',#3481,#3480);
#3483=CURVE_STYLE('',#21,POSITIVE_LENGTH_MEASURE(2.E-2),#3);
#3484=PRESENTATION_STYLE_ASSIGNMENT((#3483));
#3485=STYLED_ITEM('',(#3484),#3482);
#3486=CARTESIAN_POINT('',(0.E0,0.E0,0.E0));
#3487=DIRECTION('',(0.E0,1.E0,0.E0));
#3488=DIRECTION('',(9.695715432327E-1,0.E0,-2.448081341649E-1));
#3489=AXIS2_PLACEMENT_3D('',#3486,#3487,#3488);
#3491=CURVE_STYLE('',#21,POSITIVE_LENGTH_MEASURE(2.E-2),#3);
#3492=PRESENTATION_STYLE_ASSIGNMENT((#3491));
#3493=STYLED_ITEM('',(#3492),#3490);
#3494=CARTESIAN_POINT('',(1.181125914296E0,2.519685039370E-1,
-3.249314113395E-1));
#3495=DIRECTION('',(0.E0,1.E0,0.E0));
#3496=DIRECTION('',(9.641799712043E-1,0.E0,-2.652489078741E-1));
#3497=AXIS2_PLACEMENT_3D('',#3494,#3495,#3496);
#3499=CURVE_STYLE('',#21,POSITIVE_LENGTH_MEASURE(2.E-2),#3);
#3500=PRESENTATION_STYLE_ASSIGNMENT((#3499));
#3501=STYLED_ITEM('',(#3500),#3498);
#3502=DIRECTION('',(0.E0,-1.E0,0.E0));
#3503=VECTOR('',#3502,2.519685039370E-1);
#3504=CARTESIAN_POINT('',(1.177886306060E0,2.519685039370E-1,
-3.346414653062E-1));
#3505=LINE('',#3504,#3503);
#3506=CURVE_STYLE('',#21,POSITIVE_LENGTH_MEASURE(2.E-2),#3);
#3507=PRESENTATION_STYLE_ASSIGNMENT((#3506));
#3508=STYLED_ITEM('',(#3507),#3505);
#3509=CARTESIAN_POINT('',(1.181125914296E0,0.E0,-3.249314113395E-1));
#3510=DIRECTION('',(0.E0,1.E0,0.E0));
#3511=DIRECTION('',(9.641799712043E-1,0.E0,-2.652489078741E-1));
#3512=AXIS2_PLACEMENT_3D('',#3509,#3510,#3511);
#3514=CURVE_STYLE('',#21,POSITIVE_LENGTH_MEASURE(2.E-2),#3);
#3515=PRESENTATION_STYLE_ASSIGNMENT((#3514));
#3516=STYLED_ITEM('',(#3515),#3513);
#3517=CARTESIAN_POINT('',(1.167046078500E0,0.E0,-3.671327997334E-1));
#3518=DIRECTION('',(0.E0,1.E0,0.E0));
#3519=DIRECTION('',(-2.835952757991E-1,0.E0,-9.589440648674E-1));
#3520=AXIS2_PLACEMENT_3D('',#3517,#3518,#3519);
#3522=CURVE_STYLE('',#21,POSITIVE_LENGTH_MEASURE(2.E-2),#3);
#3523=PRESENTATION_STYLE_ASSIGNMENT((#3522));
#3524=STYLED_ITEM('',(#3523),#3521);
#3525=CARTESIAN_POINT('',(1.167046078500E0,2.519685039370E-1,
-3.671327997334E-1));
#3526=DIRECTION('',(0.E0,1.E0,0.E0));
#3527=DIRECTION('',(-2.835952757991E-1,0.E0,-9.589440648674E-1));
#3528=AXIS2_PLACEMENT_3D('',#3525,#3526,#3527);
#3530=CURVE_STYLE('',#21,POSITIVE_LENGTH_MEASURE(2.E-2),#3);
#3531=PRESENTATION_STYLE_ASSIGNMENT((#3530));
#3532=STYLED_ITEM('',(#3531),#3529);
#3533=DIRECTION('',(0.E0,-1.E0,0.E0));
#3534=VECTOR('',#3533,2.519685039370E-1);
#3535=CARTESIAN_POINT('',(1.157332382046E0,2.519685039370E-1,
-3.999785216402E-1));
#3536=LINE('',#3535,#3534);
#3537=CURVE_STYLE('',#21,POSITIVE_LENGTH_MEASURE(2.E-2),#3);
#3538=PRESENTATION_STYLE_ASSIGNMENT((#3537));
#3539=STYLED_ITEM('',(#3538),#3536);
#3540=CARTESIAN_POINT('',(1.154429438278E0,2.519685039370E-1,
-4.097944845090E-1));
#3541=DIRECTION('',(0.E0,1.E0,0.E0));
#3542=DIRECTION('',(2.835952757991E-1,0.E0,9.589440648674E-1));
#3543=AXIS2_PLACEMENT_3D('',#3540,#3541,#3542);
#3545=CURVE_STYLE('',#21,POSITIVE_LENGTH_MEASURE(2.E-2),#3);
#3546=PRESENTATION_STYLE_ASSIGNMENT((#3545));
#3547=STYLED_ITEM('',(#3546),#3544);
#3548=DIRECTION('',(0.E0,-1.E0,0.E0));
#3549=VECTOR('',#3548,2.519685039370E-1);
#3550=CARTESIAN_POINT('',(1.164075919688E0,2.519685039370E-1,
-4.132187517235E-1));
#3551=LINE('',#3550,#3549);
#3552=CURVE_STYLE('',#21,POSITIVE_LENGTH_MEASURE(2.E-2),#3);
#3553=PRESENTATION_STYLE_ASSIGNMENT((#3552));
#3554=STYLED_ITEM('',(#3553),#3551);
#3555=CARTESIAN_POINT('',(1.154429438278E0,0.E0,-4.097944845090E-1));
#3556=DIRECTION('',(0.E0,1.E0,0.E0));
#3557=DIRECTION('',(2.835952757991E-1,0.E0,9.589440648674E-1));
#3558=AXIS2_PLACEMENT_3D('',#3555,#3556,#3557);
#3560=CURVE_STYLE('',#21,POSITIVE_LENGTH_MEASURE(2.E-2),#3);
#3561=PRESENTATION_STYLE_ASSIGNMENT((#3560));
#3562=STYLED_ITEM('',(#3561),#3559);
#3563=CARTESIAN_POINT('',(0.E0,2.519685039370E-1,0.E0));
#3564=DIRECTION('',(0.E0,-1.E0,0.E0));
#3565=DIRECTION('',(9.351050442461E-1,0.E0,-3.543706480869E-1));
#3566=AXIS2_PLACEMENT_3D('',#3563,#3564,#3565);
#3568=CURVE_STYLE('',#21,POSITIVE_LENGTH_MEASURE(2.E-2),#3);
#3569=PRESENTATION_STYLE_ASSIGNMENT((#3568));
#3570=STYLED_ITEM('',(#3569),#3567);
#3571=DIRECTION('',(0.E0,-1.E0,0.E0));
#3572=VECTOR('',#3571,2.519685039370E-1);
#3573=CARTESIAN_POINT('',(1.155080905838E0,2.519685039370E-1,
-4.377334629015E-1));
#3574=LINE('',#3573,#3572);
#3575=CURVE_STYLE('',#21,POSITIVE_LENGTH_MEASURE(2.E-2),#3);
#3576=PRESENTATION_STYLE_ASSIGNMENT((#3575));
#3577=STYLED_ITEM('',(#3576),#3574);
#3578=CARTESIAN_POINT('',(0.E0,0.E0,0.E0));
#3579=DIRECTION('',(0.E0,1.E0,0.E0));
#3580=DIRECTION('',(9.423870301074E-1,0.E0,-3.345245663406E-1));
#3581=AXIS2_PLACEMENT_3D('',#3578,#3579,#3580);
#3583=CURVE_STYLE('',#21,POSITIVE_LENGTH_MEASURE(2.E-2),#3);
#3584=PRESENTATION_STYLE_ASSIGNMENT((#3583));
#3585=STYLED_ITEM('',(#3584),#3582);
#3586=CARTESIAN_POINT('',(1.145508964440E0,2.519685039370E-1,
-4.341060468187E-1));
#3587=DIRECTION('',(0.E0,1.E0,0.E0));
#3588=DIRECTION('',(9.351050442461E-1,0.E0,-3.543706480869E-1));
#3589=AXIS2_PLACEMENT_3D('',#3586,#3587,#3588);
#3591=CURVE_STYLE('',#21,POSITIVE_LENGTH_MEASURE(2.E-2),#3);
#3592=PRESENTATION_STYLE_ASSIGNMENT((#3591));
#3593=STYLED_ITEM('',(#3592),#3590);
#3594=DIRECTION('',(0.E0,-1.E0,0.E0));
#3595=VECTOR('',#3594,2.519685039370E-1);
#3596=CARTESIAN_POINT('',(1.141374327184E0,2.519685039370E-1,
-4.434700728930E-1));
#3597=LINE('',#3596,#3595);
#3598=CURVE_STYLE('',#21,POSITIVE_LENGTH_MEASURE(2.E-2),#3);
#3599=PRESENTATION_STYLE_ASSIGNMENT((#3598));
#3600=STYLED_ITEM('',(#3599),#3597);
#3601=CARTESIAN_POINT('',(1.145508964440E0,0.E0,-4.341060468187E-1));
#3602=DIRECTION('',(0.E0,1.E0,0.E0));
#3603=DIRECTION('',(9.351050442461E-1,0.E0,-3.543706480868E-1));
#3604=AXIS2_PLACEMENT_3D('',#3601,#3602,#3603);
#3606=CURVE_STYLE('',#21,POSITIVE_LENGTH_MEASURE(2.E-2),#3);
#3607=PRESENTATION_STYLE_ASSIGNMENT((#3606));
#3608=STYLED_ITEM('',(#3607),#3605);
#3609=CARTESIAN_POINT('',(1.127539194826E0,0.E0,-4.748035447570E-1));
#3610=DIRECTION('',(0.E0,1.E0,0.E0));
#3611=DIRECTION('',(-3.721461036731E-1,0.E0,-9.281741633556E-1));
#3612=AXIS2_PLACEMENT_3D('',#3609,#3610,#3611);
#3614=CURVE_STYLE('',#21,POSITIVE_LENGTH_MEASURE(2.E-2),#3);
#3615=PRESENTATION_STYLE_ASSIGNMENT((#3614));
#3616=STYLED_ITEM('',(#3615),#3613);
#3617=CARTESIAN_POINT('',(1.127539194826E0,2.519685039370E-1,
-4.748035447570E-1));
#3618=DIRECTION('',(0.E0,1.E0,0.E0));
#3619=DIRECTION('',(-3.721461036731E-1,0.E0,-9.281741633556E-1));
#3620=AXIS2_PLACEMENT_3D('',#3617,#3618,#3619);
#3622=CURVE_STYLE('',#21,POSITIVE_LENGTH_MEASURE(2.E-2),#3);
#3623=PRESENTATION_STYLE_ASSIGNMENT((#3622));
#3624=STYLED_ITEM('',(#3623),#3621);
#3625=DIRECTION('',(0.E0,-1.E0,0.E0));
#3626=VECTOR('',#3625,2.519685039370E-1);
#3627=CARTESIAN_POINT('',(1.114792458204E0,2.519685039370E-1,
-5.065953369664E-1));
#3628=LINE('',#3627,#3626);
#3629=CURVE_STYLE('',#21,POSITIVE_LENGTH_MEASURE(2.E-2),#3);
#3630=PRESENTATION_STYLE_ASSIGNMENT((#3629));
#3631=STYLED_ITEM('',(#3630),#3628);
#3632=CARTESIAN_POINT('',(1.110983088639E0,2.519685039370E-1,
-5.160963323393E-1));
#3633=DIRECTION('',(0.E0,1.E0,0.E0));
#3634=DIRECTION('',(3.721461036729E-1,0.E0,9.281741633557E-1));
#3635=AXIS2_PLACEMENT_3D('',#3632,#3633,#3634);
#3637=CURVE_STYLE('',#21,POSITIVE_LENGTH_MEASURE(2.E-2),#3);
#3638=PRESENTATION_STYLE_ASSIGNMENT((#3637));
#3639=STYLED_ITEM('',(#3638),#3636);
#3640=DIRECTION('',(0.E0,-1.E0,0.E0));
#3641=VECTOR('',#3640,2.519685039370E-1);
#3642=CARTESIAN_POINT('',(1.120266529755E0,2.519685039370E-1,
-5.204088641502E-1));
#3643=LINE('',#3642,#3641);
#3644=CURVE_STYLE('',#21,POSITIVE_LENGTH_MEASURE(2.E-2),#3);
#3645=PRESENTATION_STYLE_ASSIGNMENT((#3644));
#3646=STYLED_ITEM('',(#3645),#3643);
#3647=CARTESIAN_POINT('',(1.110983088639E0,0.E0,-5.160963323393E-1));
#3648=DIRECTION('',(0.E0,1.E0,0.E0));
#3649=DIRECTION('',(3.721461036729E-1,0.E0,9.281741633557E-1));
#3650=AXIS2_PLACEMENT_3D('',#3647,#3648,#3649);
#3652=CURVE_STYLE('',#21,POSITIVE_LENGTH_MEASURE(2.E-2),#3);
#3653=PRESENTATION_STYLE_ASSIGNMENT((#3652));
#3654=STYLED_ITEM('',(#3653),#3651);
#3655=CARTESIAN_POINT('',(0.E0,2.519685039370E-1,0.E0));
#3656=DIRECTION('',(0.E0,-1.E0,0.E0));
#3657=DIRECTION('',(8.978123805361E-1,0.E0,-4.403781663026E-1));
#3658=AXIS2_PLACEMENT_3D('',#3655,#3656,#3657);
#3660=CURVE_STYLE('',#21,POSITIVE_LENGTH_MEASURE(2.E-2),#3);
#3661=PRESENTATION_STYLE_ASSIGNMENT((#3660));
#3662=STYLED_ITEM('',(#3661),#3659);
#3663=DIRECTION('',(0.E0,-1.E0,0.E0));
#3664=VECTOR('',#3663,2.519685039370E-1);
#3665=CARTESIAN_POINT('',(1.109015446086E0,2.519685039370E-1,
-5.439735507512E-1));
#3666=LINE('',#3665,#3664);
#3667=CURVE_STYLE('',#21,POSITIVE_LENGTH_MEASURE(2.E-2),#3);
#3668=PRESENTATION_STYLE_ASSIGNMENT((#3667));
#3669=STYLED_ITEM('',(#3668),#3666);
#3670=CARTESIAN_POINT('',(0.E0,0.E0,0.E0));
#3671=DIRECTION('',(0.E0,1.E0,0.E0));
#3672=DIRECTION('',(9.069207858768E-1,0.E0,-4.213011845991E-1));
#3673=AXIS2_PLACEMENT_3D('',#3670,#3671,#3672);
#3675=CURVE_STYLE('',#21,POSITIVE_LENGTH_MEASURE(2.E-2),#3);
#3676=PRESENTATION_STYLE_ASSIGNMENT((#3675));
#3677=STYLED_ITEM('',(#3676),#3674);
#3678=CARTESIAN_POINT('',(1.099825240616E0,2.519685039370E-1,
-5.394657427497E-1));
#3679=DIRECTION('',(0.E0,1.E0,0.E0));
#3680=DIRECTION('',(8.978123805361E-1,0.E0,-4.403781663026E-1));
#3681=AXIS2_PLACEMENT_3D('',#3678,#3679,#3680);
#3683=CURVE_STYLE('',#21,POSITIVE_LENGTH_MEASURE(2.E-2),#3);
#3684=PRESENTATION_STYLE_ASSIGNMENT((#3683));
#3685=STYLED_ITEM('',(#3684),#3682);
#3686=DIRECTION('',(0.E0,-1.E0,0.E0));
#3687=VECTOR('',#3686,2.519685039370E-1);
#3688=CARTESIAN_POINT('',(1.094831909681E0,2.519685039370E-1,
-5.484014495337E-1));
#3689=LINE('',#3688,#3687);
#3690=CURVE_STYLE('',#21,POSITIVE_LENGTH_MEASURE(2.E-2),#3);
#3691=PRESENTATION_STYLE_ASSIGNMENT((#3690));
#3692=STYLED_ITEM('',(#3691),#3689);
#3693=CARTESIAN_POINT('',(1.099825240616E0,0.E0,-5.394657427497E-1));
#3694=DIRECTION('',(0.E0,1.E0,0.E0));
#3695=DIRECTION('',(8.978123805361E-1,0.E0,-4.403781663026E-1));
#3696=AXIS2_PLACEMENT_3D('',#3693,#3694,#3695);
#3698=CURVE_STYLE('',#21,POSITIVE_LENGTH_MEASURE(2.E-2),#3);
#3699=PRESENTATION_STYLE_ASSIGNMENT((#3698));
#3700=STYLED_ITEM('',(#3699),#3697);
#3701=CARTESIAN_POINT('',(1.078123456166E0,0.E0,-5.783016991572E-1));
#3702=DIRECTION('',(0.E0,1.E0,0.E0));
#3703=DIRECTION('',(-4.574264982069E-1,0.E0,-8.892474339227E-1));
#3704=AXIS2_PLACEMENT_3D('',#3701,#3702,#3703);
#3706=CURVE_STYLE('',#21,POSITIVE_LENGTH_MEASURE(2.E-2),#3);
#3707=PRESENTATION_STYLE_ASSIGNMENT((#3706));
#3708=STYLED_ITEM('',(#3707),#3705);
#3709=CARTESIAN_POINT('',(1.078123456166E0,2.519685039370E-1,
-5.783016991572E-1));
#3710=DIRECTION('',(0.E0,1.E0,0.E0));
#3711=DIRECTION('',(-4.574264982069E-1,0.E0,-8.892474339227E-1));
#3712=AXIS2_PLACEMENT_3D('',#3709,#3710,#3711);
#3714=CURVE_STYLE('',#21,POSITIVE_LENGTH_MEASURE(2.E-2),#3);
#3715=PRESENTATION_STYLE_ASSIGNMENT((#3714));
#3716=STYLED_ITEM('',(#3715),#3713);
#3717=DIRECTION('',(0.E0,-1.E0,0.E0));
#3718=VECTOR('',#3717,2.519685039370E-1);
#3719=CARTESIAN_POINT('',(1.062455698157E0,2.519685039370E-1,
-6.087601742561E-1));
#3720=LINE('',#3719,#3718);
#3721=CURVE_STYLE('',#21,POSITIVE_LENGTH_MEASURE(2.E-2),#3);
#3722=PRESENTATION_STYLE_ASSIGNMENT((#3721));
#3723=STYLED_ITEM('',(#3722),#3720);
#3724=CARTESIAN_POINT('',(1.057773379671E0,2.519685039370E-1,
-6.178627070443E-1));
#3725=DIRECTION('',(0.E0,1.E0,0.E0));
#3726=DIRECTION('',(4.574264982071E-1,0.E0,8.892474339226E-1));
#3727=AXIS2_PLACEMENT_3D('',#3724,#3725,#3726);
#3729=CURVE_STYLE('',#21,POSITIVE_LENGTH_MEASURE(2.E-2),#3);
#3730=PRESENTATION_STYLE_ASSIGNMENT((#3729));
#3731=STYLED_ITEM('',(#3730),#3728);
#3732=DIRECTION('',(0.E0,-1.E0,0.E0));
#3733=VECTOR('',#3732,2.519685039370E-1);
#3734=CARTESIAN_POINT('',(1.066612197277E0,2.519685039370E-1,
-6.230256047669E-1));
#3735=LINE('',#3734,#3733);
#3736=CURVE_STYLE('',#21,POSITIVE_LENGTH_MEASURE(2.E-2),#3);
#3737=PRESENTATION_STYLE_ASSIGNMENT((#3736));
#3738=STYLED_ITEM('',(#3737),#3735);
#3739=CARTESIAN_POINT('',(1.057773379671E0,0.E0,-6.178627070443E-1));
#3740=DIRECTION('',(0.E0,1.E0,0.E0));
#3741=DIRECTION('',(4.574264982071E-1,0.E0,8.892474339226E-1));
#3742=AXIS2_PLACEMENT_3D('',#3739,#3740,#3741);
#3744=CURVE_STYLE('',#21,POSITIVE_LENGTH_MEASURE(2.E-2),#3);
#3745=PRESENTATION_STYLE_ASSIGNMENT((#3744));
#3746=STYLED_ITEM('',(#3745),#3743);
#3747=CARTESIAN_POINT('',(0.E0,2.519685039370E-1,0.E0));
#3748=DIRECTION('',(0.E0,-1.E0,0.E0));
#3749=DIRECTION('',(8.526297093441E-1,0.E0,-5.225156253585E-1));
#3750=AXIS2_PLACEMENT_3D('',#3747,#3748,#3749);
#3752=CURVE_STYLE('',#21,POSITIVE_LENGTH_MEASURE(2.E-2),#3);
#3753=PRESENTATION_STYLE_ASSIGNMENT((#3752));
#3754=STYLED_ITEM('',(#3753),#3751);
#3755=DIRECTION('',(0.E0,-1.E0,0.E0));
#3756=VECTOR('',#3755,2.519685039370E-1);
#3757=CARTESIAN_POINT('',(1.053203918718E0,2.519685039370E-1,
-6.454331794777E-1));
#3758=LINE('',#3757,#3756);
#3759=CURVE_STYLE('',#21,POSITIVE_LENGTH_MEASURE(2.E-2),#3);
#3760=PRESENTATION_STYLE_ASSIGNMENT((#3759));
#3761=STYLED_ITEM('',(#3760),#3758);
#3762=CARTESIAN_POINT('',(0.E0,0.E0,0.E0));
#3763=DIRECTION('',(0.E0,1.E0,0.E0));
#3764=DIRECTION('',(8.634844891705E-1,0.E0,-5.043753928990E-1));
#3765=AXIS2_PLACEMENT_3D('',#3762,#3763,#3764);
#3767=CURVE_STYLE('',#21,POSITIVE_LENGTH_MEASURE(2.E-2),#3);
#3768=PRESENTATION_STYLE_ASSIGNMENT((#3767));
#3769=STYLED_ITEM('',(#3768),#3766);
#3770=CARTESIAN_POINT('',(1.044476213032E0,2.519685039370E-1,
-6.400845943362E-1));
#3771=DIRECTION('',(0.E0,1.E0,0.E0));
#3772=DIRECTION('',(8.526297093442E-1,0.E0,-5.225156253584E-1));
#3773=AXIS2_PLACEMENT_3D('',#3770,#3771,#3772);
#3775=CURVE_STYLE('',#21,POSITIVE_LENGTH_MEASURE(2.E-2),#3);
#3776=PRESENTATION_STYLE_ASSIGNMENT((#3775));
#3777=STYLED_ITEM('',(#3776),#3774);
#3778=DIRECTION('',(0.E0,-1.E0,0.E0));
#3779=VECTOR('',#3778,2.519685039370E-1);
#3780=CARTESIAN_POINT('',(1.038668069989E0,2.519685039370E-1,
-6.485134545175E-1));
#3781=LINE('',#3780,#3779);
#3782=CURVE_STYLE('',#21,POSITIVE_LENGTH_MEASURE(2.E-2),#3);
#3783=PRESENTATION_STYLE_ASSIGNMENT((#3782));
#3784=STYLED_ITEM('',(#3783),#3781);
#3785=CARTESIAN_POINT('',(1.044476213032E0,0.E0,-6.400845943362E-1));
#3786=DIRECTION('',(0.E0,1.E0,0.E0));
#3787=DIRECTION('',(8.526297093442E-1,0.E0,-5.225156253584E-1));
#3788=AXIS2_PLACEMENT_3D('',#3785,#3786,#3787);
#3790=CURVE_STYLE('',#21,POSITIVE_LENGTH_MEASURE(2.E-2),#3);
#3791=PRESENTATION_STYLE_ASSIGNMENT((#3790));
#3792=STYLED_ITEM('',(#3791),#3789);
#3793=CARTESIAN_POINT('',(1.019233129808E0,0.E0,-6.767177174316E-1));
#3794=DIRECTION('',(0.E0,1.E0,0.E0));
#3795=DIRECTION('',(-5.386870122273E-1,0.E0,-8.425059660665E-1));
#3796=AXIS2_PLACEMENT_3D('',#3793,#3794,#3795);
#3798=CURVE_STYLE('',#21,POSITIVE_LENGTH_MEASURE(2.E-2),#3);
#3799=PRESENTATION_STYLE_ASSIGNMENT((#3798));
#3800=STYLED_ITEM('',(#3799),#3797);
#3801=CARTESIAN_POINT('',(1.019233129808E0,2.519685039370E-1,
-6.767177174316E-1));
#3802=DIRECTION('',(0.E0,1.E0,0.E0));
#3803=DIRECTION('',(-5.386870122273E-1,0.E0,-8.425059660665E-1));
#3804=AXIS2_PLACEMENT_3D('',#3801,#3802,#3803);
#3806=CURVE_STYLE('',#21,POSITIVE_LENGTH_MEASURE(2.E-2),#3);
#3807=PRESENTATION_STYLE_ASSIGNMENT((#3806));
#3808=STYLED_ITEM('',(#3807),#3805);
#3809=DIRECTION('',(0.E0,-1.E0,0.E0));
#3810=VECTOR('',#3809,2.519685039370E-1);
#3811=CARTESIAN_POINT('',(1.000782039231E0,2.519685039370E-1,
-7.055752052457E-1));
#3812=LINE('',#3811,#3810);
#3813=CURVE_STYLE('',#21,POSITIVE_LENGTH_MEASURE(2.E-2),#3);
#3814=PRESENTATION_STYLE_ASSIGNMENT((#3813));
#3815=STYLED_ITEM('',(#3814),#3812);
#3816=CARTESIAN_POINT('',(9.952679202086E-1,2.519685039370E-1,
-7.141992820637E-1));
#3817=DIRECTION('',(0.E0,1.E0,0.E0));
#3818=DIRECTION('',(5.386870122273E-1,0.E0,8.425059660665E-1));
#3819=AXIS2_PLACEMENT_3D('',#3816,#3817,#3818);
#3821=CURVE_STYLE('',#21,POSITIVE_LENGTH_MEASURE(2.E-2),#3);
#3822=PRESENTATION_STYLE_ASSIGNMENT((#3821));
#3823=STYLED_ITEM('',(#3822),#3820);
#3824=DIRECTION('',(0.E0,-1.E0,0.E0));
#3825=VECTOR('',#3824,2.519685039370E-1);
#3826=CARTESIAN_POINT('',(1.003584438458E0,2.519685039370E-1,
-7.201671739672E-1));
#3827=LINE('',#3826,#3825);
#3828=CURVE_STYLE('',#21,POSITIVE_LENGTH_MEASURE(2.E-2),#3);
#3829=PRESENTATION_STYLE_ASSIGNMENT((#3828));
#3830=STYLED_ITEM('',(#3829),#3827);
#3831=CARTESIAN_POINT('',(9.952679202086E-1,0.E0,-7.141992820637E-1));
#3832=DIRECTION('',(0.E0,1.E0,0.E0));
#3833=DIRECTION('',(5.386870122273E-1,0.E0,8.425059660665E-1));
#3834=AXIS2_PLACEMENT_3D('',#3831,#3832,#3833);
#3836=CURVE_STYLE('',#21,POSITIVE_LENGTH_MEASURE(2.E-2),#3);
#3837=PRESENTATION_STYLE_ASSIGNMENT((#3836));
#3838=STYLED_ITEM('',(#3837),#3835);
#3839=CARTESIAN_POINT('',(0.E0,2.519685039370E-1,0.E0));
#3840=DIRECTION('',(0.E0,-1.E0,0.E0));
#3841=DIRECTION('',(7.999540976091E-1,0.E0,-6.000611983110E-1));
#3842=AXIS2_PLACEMENT_3D('',#3839,#3840,#3841);
#3844=CURVE_STYLE('',#21,POSITIVE_LENGTH_MEASURE(2.E-2),#3);
#3845=PRESENTATION_STYLE_ASSIGNMENT((#3844));
#3846=STYLED_ITEM('',(#3845),#3843);
#3847=DIRECTION('',(0.E0,-1.E0,0.E0));
#3848=VECTOR('',#3847,2.519685039370E-1);
#3849=CARTESIAN_POINT('',(9.881367974437E-1,2.519685039370E-1,
-7.412207182156E-1));
#3850=LINE('',#3849,#3848);
#3851=CURVE_STYLE('',#21,POSITIVE_LENGTH_MEASURE(2.E-2),#3);
#3852=PRESENTATION_STYLE_ASSIGNMENT((#3851));
#3853=STYLED_ITEM('',(#3852),#3850);
#3854=CARTESIAN_POINT('',(0.E0,0.E0,0.E0));
#3855=DIRECTION('',(0.E0,1.E0,0.E0));
#3856=DIRECTION('',(8.124598597257E-1,0.E0,-5.830171321106E-1));
#3857=AXIS2_PLACEMENT_3D('',#3854,#3855,#3856);
#3859=CURVE_STYLE('',#21,POSITIVE_LENGTH_MEASURE(2.E-2),#3);
#3860=PRESENTATION_STYLE_ASSIGNMENT((#3859));
#3861=STYLED_ITEM('',(#3860),#3858);
#3862=CARTESIAN_POINT('',(9.799482909328E-1,2.519685039370E-1,
-7.350783594928E-1));
#3863=DIRECTION('',(0.E0,1.E0,0.E0));
#3864=DIRECTION('',(7.999540976091E-1,0.E0,-6.000611983109E-1));
#3865=AXIS2_PLACEMENT_3D('',#3862,#3863,#3864);
#3867=CURVE_STYLE('',#21,POSITIVE_LENGTH_MEASURE(2.E-2),#3);
#3868=PRESENTATION_STYLE_ASSIGNMENT((#3867));
#3869=STYLED_ITEM('',(#3868),#3866);
#3870=DIRECTION('',(0.E0,-1.E0,0.E0));
#3871=VECTOR('',#3870,2.519685039370E-1);
#3872=CARTESIAN_POINT('',(9.733763779525E-1,2.519685039370E-1,
-7.429262999449E-1));
#3873=LINE('',#3872,#3871);
#3874=CURVE_STYLE('',#21,POSITIVE_LENGTH_MEASURE(2.E-2),#3);
#3875=PRESENTATION_STYLE_ASSIGNMENT((#3874));
#3876=STYLED_ITEM('',(#3875),#3873);
#3877=CARTESIAN_POINT('',(9.799482909328E-1,0.E0,-7.350783594928E-1));
#3878=DIRECTION('',(0.E0,1.E0,0.E0));
#3879=DIRECTION('',(7.999540976091E-1,0.E0,-6.000611983110E-1));
#3880=AXIS2_PLACEMENT_3D('',#3877,#3878,#3879);
#3882=CURVE_STYLE('',#21,POSITIVE_LENGTH_MEASURE(2.E-2),#3);
#3883=PRESENTATION_STYLE_ASSIGNMENT((#3882));
#3884=STYLED_ITEM('',(#3883),#3881);
#3885=CARTESIAN_POINT('',(9.513857460569E-1,0.E0,-7.691867160731E-1));
#3886=DIRECTION('',(0.E0,1.E0,0.E0));
#3887=DIRECTION('',(-6.152135254150E-1,0.E0,-7.883605254872E-1));
#3888=AXIS2_PLACEMENT_3D('',#3885,#3886,#3887);
#3890=CURVE_STYLE('',#21,POSITIVE_LENGTH_MEASURE(2.E-2),#3);
#3891=PRESENTATION_STYLE_ASSIGNMENT((#3890));
#3892=STYLED_ITEM('',(#3891),#3889);
#3893=CARTESIAN_POINT('',(9.513857460569E-1,2.519685039370E-1,
-7.691867160731E-1));
#3894=DIRECTION('',(0.E0,1.E0,0.E0));
#3895=DIRECTION('',(-6.152135254150E-1,0.E0,-7.883605254872E-1));
#3896=AXIS2_PLACEMENT_3D('',#3893,#3894,#3895);
#3898=CURVE_STYLE('',#21,POSITIVE_LENGTH_MEASURE(2.E-2),#3);
#3899=PRESENTATION_STYLE_ASSIGNMENT((#3898));
#3900=STYLED_ITEM('',(#3899),#3897);
#3901=DIRECTION('',(0.E0,-1.E0,0.E0));
#3902=VECTOR('',#3901,2.519685039370E-1);
#3903=CARTESIAN_POINT('',(9.303134717612E-1,2.519685039370E-1,
-7.961896159618E-1));
#3904=LINE('',#3903,#3902);
#3905=CURVE_STYLE('',#21,POSITIVE_LENGTH_MEASURE(2.E-2),#3);
#3906=PRESENTATION_STYLE_ASSIGNMENT((#3905));
#3907=STYLED_ITEM('',(#3906),#3904);
#3908=CARTESIAN_POINT('',(9.240160104774E-1,2.519685039370E-1,
-8.042594481124E-1));
#3909=DIRECTION('',(0.E0,1.E0,0.E0));
#3910=DIRECTION('',(6.152135254152E-1,0.E0,7.883605254870E-1));
#3911=AXIS2_PLACEMENT_3D('',#3908,#3909,#3910);
#3913=CURVE_STYLE('',#21,POSITIVE_LENGTH_MEASURE(2.E-2),#3);
#3914=PRESENTATION_STYLE_ASSIGNMENT((#3913));
#3915=STYLED_ITEM('',(#3914),#3912);
#3916=DIRECTION('',(0.E0,-1.E0,0.E0));
#3917=VECTOR('',#3916,2.519685039370E-1);
#3918=CARTESIAN_POINT('',(9.317371435086E-1,2.519685039370E-1,
-8.109798881482E-1));
#3919=LINE('',#3918,#3917);
#3920=CURVE_STYLE('',#21,POSITIVE_LENGTH_MEASURE(2.E-2),#3);
#3921=PRESENTATION_STYLE_ASSIGNMENT((#3920));
#3922=STYLED_ITEM('',(#3921),#3919);
#3923=CARTESIAN_POINT('',(9.240160104774E-1,0.E0,-8.042594481124E-1));
#3924=DIRECTION('',(0.E0,1.E0,0.E0));
#3925=DIRECTION('',(6.152135254152E-1,0.E0,7.883605254870E-1));
#3926=AXIS2_PLACEMENT_3D('',#3923,#3924,#3925);
#3928=CURVE_STYLE('',#21,POSITIVE_LENGTH_MEASURE(2.E-2),#3);
#3929=PRESENTATION_STYLE_ASSIGNMENT((#3928));
#3930=STYLED_ITEM('',(#3929),#3927);
#3931=CARTESIAN_POINT('',(0.E0,2.519685039370E-1,0.E0));
#3932=DIRECTION('',(0.E0,-1.E0,0.E0));
#3933=DIRECTION('',(7.402484605009E-1,0.E0,-6.723334118769E-1));
#3934=AXIS2_PLACEMENT_3D('',#3931,#3932,#3933);
#3936=CURVE_STYLE('',#21,POSITIVE_LENGTH_MEASURE(2.E-2),#3);
#3937=PRESENTATION_STYLE_ASSIGNMENT((#3936));
#3938=STYLED_ITEM('',(#3937),#3935);
#3939=DIRECTION('',(0.E0,-1.E0,0.E0));
#3940=VECTOR('',#3939,2.519685039370E-1);
#3941=CARTESIAN_POINT('',(9.143858944635E-1,2.519685039370E-1,
-8.304943826304E-1));
#3942=LINE('',#3941,#3940);
#3943=CURVE_STYLE('',#21,POSITIVE_LENGTH_MEASURE(2.E-2),#3);
#3944=PRESENTATION_STYLE_ASSIGNMENT((#3943));
#3945=STYLED_ITEM('',(#3944),#3942);
#3946=CARTESIAN_POINT('',(0.E0,0.E0,0.E0));
#3947=DIRECTION('',(0.E0,1.E0,0.E0));
#3948=DIRECTION('',(7.542953038207E-1,0.E0,-6.565352958021E-1));
#3949=AXIS2_PLACEMENT_3D('',#3946,#3947,#3948);
#3951=CURVE_STYLE('',#21,POSITIVE_LENGTH_MEASURE(2.E-2),#3);
#3952=PRESENTATION_STYLE_ASSIGNMENT((#3951));
#3953=STYLED_ITEM('',(#3952),#3950);
#3954=CARTESIAN_POINT('',(9.068085480175E-1,2.519685039370E-1,
-8.236122295954E-1));
#3955=DIRECTION('',(0.E0,1.E0,0.E0));
#3956=DIRECTION('',(7.402484605010E-1,0.E0,-6.723334118768E-1));
#3957=AXIS2_PLACEMENT_3D('',#3954,#3955,#3956);
#3959=CURVE_STYLE('',#21,POSITIVE_LENGTH_MEASURE(2.E-2),#3);
#3960=PRESENTATION_STYLE_ASSIGNMENT((#3959));
#3961=STYLED_ITEM('',(#3960),#3958);
#3962=DIRECTION('',(0.E0,-1.E0,0.E0));
#3963=VECTOR('',#3962,2.519685039370E-1);
#3964=CARTESIAN_POINT('',(8.995306193072E-1,2.519685039370E-1,
-8.308102823355E-1));
#3965=LINE('',#3964,#3963);
#3966=CURVE_STYLE('',#21,POSITIVE_LENGTH_MEASURE(2.E-2),#3);
#3967=PRESENTATION_STYLE_ASSIGNMENT((#3966));
#3968=STYLED_ITEM('',(#3967),#3965);
#3969=CARTESIAN_POINT('',(9.068085480175E-1,0.E0,-8.236122295954E-1));
#3970=DIRECTION('',(0.E0,1.E0,0.E0));
#3971=DIRECTION('',(7.402484605009E-1,0.E0,-6.723334118769E-1));
#3972=AXIS2_PLACEMENT_3D('',#3969,#3970,#3971);
#3974=CURVE_STYLE('',#21,POSITIVE_LENGTH_MEASURE(2.E-2),#3);
#3975=PRESENTATION_STYLE_ASSIGNMENT((#3974));
#3976=STYLED_ITEM('',(#3975),#3973);
#3977=CARTESIAN_POINT('',(8.751775501615E-1,0.E0,-8.548960741966E-1));
#3978=DIRECTION('',(0.E0,1.E0,0.E0));
#3979=DIRECTION('',(-6.863335200208E-1,0.E0,-7.272869442634E-1));
#3980=AXIS2_PLACEMENT_3D('',#3977,#3978,#3979);
#3982=CURVE_STYLE('',#21,POSITIVE_LENGTH_MEASURE(2.E-2),#3);
#3983=PRESENTATION_STYLE_ASSIGNMENT((#3982));
#3984=STYLED_ITEM('',(#3983),#3981);
#3985=CARTESIAN_POINT('',(8.751775501615E-1,2.519685039370E-1,
-8.548960741966E-1));
#3986=DIRECTION('',(0.E0,1.E0,0.E0));
#3987=DIRECTION('',(-6.863335200208E-1,0.E0,-7.272869442634E-1));
#3988=AXIS2_PLACEMENT_3D('',#3985,#3986,#3987);
#3990=CURVE_STYLE('',#21,POSITIVE_LENGTH_MEASURE(2.E-2),#3);
#3991=PRESENTATION_STYLE_ASSIGNMENT((#3990));
#3992=STYLED_ITEM('',(#3991),#3989);
#3993=DIRECTION('',(0.E0,-1.E0,0.E0));
#3994=VECTOR('',#3993,2.519685039370E-1);
#3995=CARTESIAN_POINT('',(8.516692760505E-1,2.519685039370E-1,
-8.798070837049E-1));
#3996=LINE('',#3995,#3994);
#3997=CURVE_STYLE('',#21,POSITIVE_LENGTH_MEASURE(2.E-2),#3);
#3998=PRESENTATION_STYLE_ASSIGNMENT((#3997));
#3999=STYLED_ITEM('',(#3998),#3996);
#4000=CARTESIAN_POINT('',(8.446438148220E-1,2.519685039370E-1,
-8.872517532131E-1));
#4001=DIRECTION('',(0.E0,1.E0,0.E0));
#4002=DIRECTION('',(6.863335200205E-1,0.E0,7.272869442636E-1));
#4003=AXIS2_PLACEMENT_3D('',#4000,#4001,#4002);
#4005=CURVE_STYLE('',#21,POSITIVE_LENGTH_MEASURE(2.E-2),#3);
#4006=PRESENTATION_STYLE_ASSIGNMENT((#4005));
#4007=STYLED_ITEM('',(#4006),#4004);
#4008=DIRECTION('',(0.E0,-1.E0,0.E0));
#4009=VECTOR('',#4008,2.519685039370E-1);
#4010=CARTESIAN_POINT('',(8.517017090406E-1,2.519685039370E-1,
-8.946656819124E-1));
#4011=LINE('',#4010,#4009);
#4012=CURVE_STYLE('',#21,POSITIVE_LENGTH_MEASURE(2.E-2),#3);
#4013=PRESENTATION_STYLE_ASSIGNMENT((#4012));
#4014=STYLED_ITEM('',(#4013),#4011);
#4015=CARTESIAN_POINT('',(8.446438148220E-1,0.E0,-8.872517532131E-1));
#4016=DIRECTION('',(0.E0,1.E0,0.E0));
#4017=DIRECTION('',(6.863335200205E-1,0.E0,7.272869442636E-1));
#4018=AXIS2_PLACEMENT_3D('',#4015,#4016,#4017);
#4020=CURVE_STYLE('',#21,POSITIVE_LENGTH_MEASURE(2.E-2),#3);
#4021=PRESENTATION_STYLE_ASSIGNMENT((#4020));
#4022=STYLED_ITEM('',(#4021),#4019);
#4023=CARTESIAN_POINT('',(0.E0,2.519685039370E-1,0.E0));
#4024=DIRECTION('',(0.E0,-1.E0,0.E0));
#4025=DIRECTION('',(6.740374933053E-1,0.E0,-7.386971352447E-1));
#4026=AXIS2_PLACEMENT_3D('',#4023,#4024,#4025);
#4028=CURVE_STYLE('',#21,POSITIVE_LENGTH_MEASURE(2.E-2),#3);
#4029=PRESENTATION_STYLE_ASSIGNMENT((#4028));
#4030=STYLED_ITEM('',(#4029),#4027);
#4031=DIRECTION('',(0.E0,-1.E0,0.E0));
#4032=VECTOR('',#4031,2.519685039370E-1);
#4033=CARTESIAN_POINT('',(8.325993353649E-1,2.519685039370E-1,
-9.124696325492E-1));
#4034=LINE('',#4033,#4032);
#4035=CURVE_STYLE('',#21,POSITIVE_LENGTH_MEASURE(2.E-2),#3);
#4036=PRESENTATION_STYLE_ASSIGNMENT((#4035));
#4037=STYLED_ITEM('',(#4036),#4034);
#4038=CARTESIAN_POINT('',(0.E0,0.E0,0.E0));
#4039=DIRECTION('',(0.E0,1.E0,0.E0));
#4040=DIRECTION('',(6.895019736642E-1,0.E0,-7.242838037077E-1));
#4041=AXIS2_PLACEMENT_3D('',#4038,#4039,#4040);
#4043=CURVE_STYLE('',#21,POSITIVE_LENGTH_MEASURE(2.E-2),#3);
#4044=PRESENTATION_STYLE_ASSIGNMENT((#4043));
#4045=STYLED_ITEM('',(#4044),#4042);
#4046=CARTESIAN_POINT('',(8.256997389767E-1,2.519685039370E-1,
-9.049081658104E-1));
#4047=DIRECTION('',(0.E0,1.E0,0.E0));
#4048=DIRECTION('',(6.740374933053E-1,0.E0,-7.386971352447E-1));
#4049=AXIS2_PLACEMENT_3D('',#4046,#4047,#4048);
#4051=CURVE_STYLE('',#21,POSITIVE_LENGTH_MEASURE(2.E-2),#3);
#4052=PRESENTATION_STYLE_ASSIGNMENT((#4051));
#4053=STYLED_ITEM('',(#4052),#4050);
#4054=DIRECTION('',(0.E0,-1.E0,0.E0));
#4055=VECTOR('',#4054,2.519685039370E-1);
#4056=CARTESIAN_POINT('',(8.177797532358E-1,2.519685039370E-1,
-9.113930740922E-1));
#4057=LINE('',#4056,#4055);
#4058=CURVE_STYLE('',#21,POSITIVE_LENGTH_MEASURE(2.E-2),#3);
#4059=PRESENTATION_STYLE_ASSIGNMENT((#4058));
#4060=STYLED_ITEM('',(#4059),#4057);
#4061=CARTESIAN_POINT('',(8.256997389767E-1,0.E0,-9.049081658104E-1));
#4062=DIRECTION('',(0.E0,1.E0,0.E0));
#4063=DIRECTION('',(6.740374933054E-1,0.E0,-7.386971352446E-1));
#4064=AXIS2_PLACEMENT_3D('',#4061,#4062,#4063);
#4066=CURVE_STYLE('',#21,POSITIVE_LENGTH_MEASURE(2.E-2),#3);
#4067=PRESENTATION_STYLE_ASSIGNMENT((#4066));
#4068=STYLED_ITEM('',(#4067),#4065);
#4069=CARTESIAN_POINT('',(7.912782624872E-1,0.E0,-9.330925748813E-1));
#4070=DIRECTION('',(0.E0,1.E0,0.E0));
#4071=DIRECTION('',(-7.514219909745E-1,0.E0,-6.598219392229E-1));
#4072=AXIS2_PLACEMENT_3D('',#4069,#4070,#4071);
#4074=CURVE_STYLE('',#21,POSITIVE_LENGTH_MEASURE(2.E-2),#3);
#4075=PRESENTATION_STYLE_ASSIGNMENT((#4074));
#4076=STYLED_ITEM('',(#4075),#4073);
#4077=CARTESIAN_POINT('',(7.912782624872E-1,2.519685039370E-1,
-9.330925748813E-1));
#4078=DIRECTION('',(0.E0,1.E0,0.E0));
#4079=DIRECTION('',(-7.514219909745E-1,0.E0,-6.598219392229E-1));
#4080=AXIS2_PLACEMENT_3D('',#4077,#4078,#4079);
#4082=CURVE_STYLE('',#21,POSITIVE_LENGTH_MEASURE(2.E-2),#3);
#4083=PRESENTATION_STYLE_ASSIGNMENT((#4082));
#4084=STYLED_ITEM('',(#4083),#4081);
#4085=DIRECTION('',(0.E0,-1.E0,0.E0));
#4086=VECTOR('',#4085,2.519685039370E-1);
#4087=CARTESIAN_POINT('',(7.655405801192E-1,2.519685039370E-1,
-9.556927751618E-1));
#4088=LINE('',#4087,#4086);
#4089=CURVE_STYLE('',#21,POSITIVE_LENGTH_MEASURE(2.E-2),#3);
#4090=PRESENTATION_STYLE_ASSIGNMENT((#4089));
#4091=STYLED_ITEM('',(#4090),#4088);
#4092=CARTESIAN_POINT('',(7.578488589517E-1,2.519685039370E-1,
-9.624468580043E-1));
#4093=DIRECTION('',(0.E0,1.E0,0.E0));
#4094=DIRECTION('',(7.514219909743E-1,0.E0,6.598219392232E-1));
#4095=AXIS2_PLACEMENT_3D('',#4092,#4093,#4094);
#4097=CURVE_STYLE('',#21,POSITIVE_LENGTH_MEASURE(2.E-2),#3);
#4098=PRESENTATION_STYLE_ASSIGNMENT((#4097));
#4099=STYLED_ITEM('',(#4098),#4096);
#4100=DIRECTION('',(0.E0,-1.E0,0.E0));
#4101=VECTOR('',#4100,2.519685039370E-1);
#4102=CARTESIAN_POINT('',(7.641814893295E-1,2.519685039370E-1,
-9.704891214952E-1));
#4103=LINE('',#4102,#4101);
#4104=CURVE_STYLE('',#21,POSITIVE_LENGTH_MEASURE(2.E-2),#3);
#4105=PRESENTATION_STYLE_ASSIGNMENT((#4104));
#4106=STYLED_ITEM('',(#4105),#4103);
#4107=CARTESIAN_POINT('',(7.578488589517E-1,0.E0,-9.624468580043E-1));
#4108=DIRECTION('',(0.E0,1.E0,0.E0));
#4109=DIRECTION('',(7.514219909743E-1,0.E0,6.598219392232E-1));
#4110=AXIS2_PLACEMENT_3D('',#4107,#4108,#4109);
#4112=CURVE_STYLE('',#21,POSITIVE_LENGTH_MEASURE(2.E-2),#3);
#4113=PRESENTATION_STYLE_ASSIGNMENT((#4112));
#4114=STYLED_ITEM('',(#4113),#4111);
#4115=CARTESIAN_POINT('',(0.E0,2.519685039370E-1,0.E0));
#4116=DIRECTION('',(0.E0,-1.E0,0.E0));
#4117=DIRECTION('',(6.019030603828E-1,0.E0,-7.985691616271E-1));
#4118=AXIS2_PLACEMENT_3D('',#4115,#4116,#4117);
#4120=CURVE_STYLE('',#21,POSITIVE_LENGTH_MEASURE(2.E-2),#3);
#4121=PRESENTATION_STYLE_ASSIGNMENT((#4120));
#4122=STYLED_ITEM('',(#4121),#4119);
#4123=DIRECTION('',(0.E0,-1.E0,0.E0));
#4124=VECTOR('',#4123,2.519685039370E-1);
#4125=CARTESIAN_POINT('',(7.434958633700E-1,2.519685039370E-1,
-9.864260665281E-1));
#4126=LINE('',#4125,#4124);
#4127=CURVE_STYLE('',#21,POSITIVE_LENGTH_MEASURE(2.E-2),#3);
#4128=PRESENTATION_STYLE_ASSIGNMENT((#4127));
#4129=STYLED_ITEM('',(#4128),#4126);
#4130=CARTESIAN_POINT('',(0.E0,0.E0,0.E0));
#4131=DIRECTION('',(0.E0,1.E0,0.E0));
#4132=DIRECTION('',(6.186492753711E-1,0.E0,-7.856672795037E-1));
#4133=AXIS2_PLACEMENT_3D('',#4130,#4131,#4132);
#4135=CURVE_STYLE('',#21,POSITIVE_LENGTH_MEASURE(2.E-2),#3);
#4136=PRESENTATION_STYLE_ASSIGNMENT((#4135));
#4137=STYLED_ITEM('',(#4136),#4134);
#4138=CARTESIAN_POINT('',(7.373346509409E-1,2.519685039370E-1,
-9.782517365272E-1));
#4139=DIRECTION('',(0.E0,1.E0,0.E0));
#4140=DIRECTION('',(6.019030603828E-1,0.E0,-7.985691616271E-1));
#4141=AXIS2_PLACEMENT_3D('',#4138,#4139,#4140);
#4143=CURVE_STYLE('',#21,POSITIVE_LENGTH_MEASURE(2.E-2),#3);
#4144=PRESENTATION_STYLE_ASSIGNMENT((#4143));
#4145=STYLED_ITEM('',(#4144),#4142);
#4146=DIRECTION('',(0.E0,-1.E0,0.E0));
#4147=VECTOR('',#4146,2.519685039370E-1);
#4148=CARTESIAN_POINT('',(7.288422092886E-1,2.519685039370E-1,
-9.839665107436E-1));
#4149=LINE('',#4148,#4147);
#4150=CURVE_STYLE('',#21,POSITIVE_LENGTH_MEASURE(2.E-2),#3);
#4151=PRESENTATION_STYLE_ASSIGNMENT((#4150));
#4152=STYLED_ITEM('',(#4151),#4149);
#4153=CARTESIAN_POINT('',(7.373346509409E-1,0.E0,-9.782517365272E-1));
#4154=DIRECTION('',(0.E0,1.E0,0.E0));
#4155=DIRECTION('',(6.019030603828E-1,0.E0,-7.985691616271E-1));
#4156=AXIS2_PLACEMENT_3D('',#4153,#4154,#4155);
#4158=CURVE_STYLE('',#21,POSITIVE_LENGTH_MEASURE(2.E-2),#3);
#4159=PRESENTATION_STYLE_ASSIGNMENT((#4158));
#4160=STYLED_ITEM('',(#4159),#4157);
#4161=CARTESIAN_POINT('',(7.004251929908E-1,0.E0,-1.003089024468E0));
#4162=DIRECTION('',(0.E0,1.E0,0.E0));
#4163=DIRECTION('',(-8.099069384532E-1,0.E0,-5.865583952560E-1));
#4164=AXIS2_PLACEMENT_3D('',#4161,#4162,#4163);
#4166=CURVE_STYLE('',#21,POSITIVE_LENGTH_MEASURE(2.E-2),#3);
#4167=PRESENTATION_STYLE_ASSIGNMENT((#4166));
#4168=STYLED_ITEM('',(#4167),#4165);
#4169=CARTESIAN_POINT('',(7.004251929908E-1,2.519685039370E-1,
-1.003089024468E0));
#4170=DIRECTION('',(0.E0,1.E0,0.E0));
#4171=DIRECTION('',(-8.099069384532E-1,0.E0,-5.865583952560E-1));
#4172=AXIS2_PLACEMENT_3D('',#4169,#4170,#4171);
#4174=CURVE_STYLE('',#21,POSITIVE_LENGTH_MEASURE(2.E-2),#3);
#4175=PRESENTATION_STYLE_ASSIGNMENT((#4174));
#4176=STYLED_ITEM('',(#4175),#4173);
#4177=DIRECTION('',(0.E0,-1.E0,0.E0));
#4178=VECTOR('',#4177,2.519685039370E-1);
#4179=CARTESIAN_POINT('',(6.726842860438E-1,2.519685039370E-1,
-1.023179804148E0));
#4180=LINE('',#4179,#4178);
#4181=CURVE_STYLE('',#21,POSITIVE_LENGTH_MEASURE(2.E-2),#3);
#4182=PRESENTATION_STYLE_ASSIGNMENT((#4181));
#4183=STYLED_ITEM('',(#4182),#4180);
#4184=CARTESIAN_POINT('',(6.643939000596E-1,2.519685039370E-1,
-1.029183945201E0));
#4185=DIRECTION('',(0.E0,1.E0,0.E0));
#4186=DIRECTION('',(8.099069384533E-1,0.E0,5.865583952559E-1));
#4187=AXIS2_PLACEMENT_3D('',#4184,#4185,#4186);
#4189=CURVE_STYLE('',#21,POSITIVE_LENGTH_MEASURE(2.E-2),#3);
#4190=PRESENTATION_STYLE_ASSIGNMENT((#4189));
#4191=STYLED_ITEM('',(#4190),#4188);
#4192=DIRECTION('',(0.E0,-1.E0,0.E0));
#4193=VECTOR('',#4192,2.519685039370E-1);
#4194=CARTESIAN_POINT('',(6.699456152132E-1,2.519685039370E-1,
-1.037783867783E0));
#4195=LINE('',#4194,#4193);
#4196=CURVE_STYLE('',#21,POSITIVE_LENGTH_MEASURE(2.E-2),#3);
#4197=PRESENTATION_STYLE_ASSIGNMENT((#4196));
#4198=STYLED_ITEM('',(#4197),#4195);
#4199=CARTESIAN_POINT('',(6.643939000596E-1,0.E0,-1.029183945201E0));
#4200=DIRECTION('',(0.E0,1.E0,0.E0));
#4201=DIRECTION('',(8.099069384533E-1,0.E0,5.865583952559E-1));
#4202=AXIS2_PLACEMENT_3D('',#4199,#4200,#4201);
#4204=CURVE_STYLE('',#21,POSITIVE_LENGTH_MEASURE(2.E-2),#3);
#4205=PRESENTATION_STYLE_ASSIGNMENT((#4204));
#4206=STYLED_ITEM('',(#4205),#4203);
#4207=CARTESIAN_POINT('',(0.E0,2.519685039370E-1,0.E0));
#4208=DIRECTION('',(0.E0,-1.E0,0.E0));
#4209=DIRECTION('',(5.244790817234E-1,0.E0,-8.514233335037E-1));
#4210=AXIS2_PLACEMENT_3D('',#4207,#4208,#4209);
#4212=CURVE_STYLE('',#21,POSITIVE_LENGTH_MEASURE(2.E-2),#3);
#4213=PRESENTATION_STYLE_ASSIGNMENT((#4212));
#4214=STYLED_ITEM('',(#4213),#4211);
#4215=DIRECTION('',(0.E0,-1.E0,0.E0));
#4216=VECTOR('',#4215,2.519685039370E-1);
#4217=CARTESIAN_POINT('',(6.478585229945E-1,2.519685039370E-1,
-1.051713752766E0));
#4218=LINE('',#4217,#4216);
#4219=CURVE_STYLE('',#21,POSITIVE_LENGTH_MEASURE(2.E-2),#3);
#4220=PRESENTATION_STYLE_ASSIGNMENT((#4219));
#4221=STYLED_ITEM('',(#4220),#4218);
#4222=CARTESIAN_POINT('',(0.E0,0.E0,0.E0));
#4223=DIRECTION('',(0.E0,1.E0,0.E0));
#4224=DIRECTION('',(5.423598650019E-1,0.E0,-8.401462829979E-1));
#4225=AXIS2_PLACEMENT_3D('',#4222,#4223,#4224);
#4227=CURVE_STYLE('',#21,POSITIVE_LENGTH_MEASURE(2.E-2),#3);
#4228=PRESENTATION_STYLE_ASSIGNMENT((#4227));
#4229=STYLED_ITEM('',(#4228),#4226);
#4230=CARTESIAN_POINT('',(6.424898394808E-1,2.519685039370E-1,
-1.042998395809E0));
#4231=DIRECTION('',(0.E0,1.E0,0.E0));
#4232=DIRECTION('',(5.244790817234E-1,0.E0,-8.514233335037E-1));
#4233=AXIS2_PLACEMENT_3D('',#4230,#4231,#4232);
#4235=CURVE_STYLE('',#21,POSITIVE_LENGTH_MEASURE(2.E-2),#3);
#4236=PRESENTATION_STYLE_ASSIGNMENT((#4235));
#4237=STYLED_ITEM('',(#4236),#4234);
#4238=DIRECTION('',(0.E0,-1.E0,0.E0));
#4239=VECTOR('',#4238,2.519685039370E-1);
#4240=CARTESIAN_POINT('',(6.334995737999E-1,2.519685039370E-1,
-1.047892814319E0));
#4241=LINE('',#4240,#4239);
#4242=CURVE_STYLE('',#21,POSITIVE_LENGTH_MEASURE(2.E-2),#3);
#4243=PRESENTATION_STYLE_ASSIGNMENT((#4242));
#4244=STYLED_ITEM('',(#4243),#4241);
#4245=CARTESIAN_POINT('',(6.424898394808E-1,0.E0,-1.042998395809E0));
#4246=DIRECTION('',(0.E0,1.E0,0.E0));
#4247=DIRECTION('',(5.244790817234E-1,0.E0,-8.514233335037E-1));
#4248=AXIS2_PLACEMENT_3D('',#4245,#4246,#4247);
#4250=CURVE_STYLE('',#21,POSITIVE_LENGTH_MEASURE(2.E-2),#3);
#4251=PRESENTATION_STYLE_ASSIGNMENT((#4250));
#4252=STYLED_ITEM('',(#4251),#4249);
#4253=CARTESIAN_POINT('',(6.034167617138E-1,0.E0,-1.064270291639E0));
#4254=DIRECTION('',(0.E0,1.E0,0.E0));
#4255=DIRECTION('',(-8.612743946358E-1,0.E0,-5.081401550210E-1));
#4256=AXIS2_PLACEMENT_3D('',#4253,#4254,#4255);
#4258=CURVE_STYLE('',#21,POSITIVE_LENGTH_MEASURE(2.E-2),#3);
#4259=PRESENTATION_STYLE_ASSIGNMENT((#4258));
#4260=STYLED_ITEM('',(#4259),#4257);
#4261=CARTESIAN_POINT('',(6.034167617138E-1,2.519685039370E-1,
-1.064270291639E0));
#4262=DIRECTION('',(0.E0,1.E0,0.E0));
#4263=DIRECTION('',(-8.612743946358E-1,0.E0,-5.081401550210E-1));
#4264=AXIS2_PLACEMENT_3D('',#4261,#4262,#4263);
#4266=CURVE_STYLE('',#21,POSITIVE_LENGTH_MEASURE(2.E-2),#3);
#4267=PRESENTATION_STYLE_ASSIGNMENT((#4266));
#4268=STYLED_ITEM('',(#4267),#4265);
#4269=DIRECTION('',(0.E0,-1.E0,0.E0));
#4270=VECTOR('',#4269,2.519685039370E-1);
#4271=CARTESIAN_POINT('',(5.739164182755E-1,2.519685039370E-1,
-1.081675092225E0));
#4272=LINE('',#4271,#4270);
#4273=CURVE_STYLE('',#21,POSITIVE_LENGTH_MEASURE(2.E-2),#3);
#4274=PRESENTATION_STYLE_ASSIGNMENT((#4273));
#4275=STYLED_ITEM('',(#4274),#4272);
#4276=CARTESIAN_POINT('',(5.651002236847E-1,2.519685039370E-1,
-1.086876526882E0));
#4277=DIRECTION('',(0.E0,1.E0,0.E0));
#4278=DIRECTION('',(8.612743946358E-1,0.E0,5.081401550210E-1));
#4279=AXIS2_PLACEMENT_3D('',#4276,#4277,#4278);
#4281=CURVE_STYLE('',#21,POSITIVE_LENGTH_MEASURE(2.E-2),#3);
#4282=PRESENTATION_STYLE_ASSIGNMENT((#4281));
#4283=STYLED_ITEM('',(#4282),#4280);
#4284=DIRECTION('',(0.E0,-1.E0,0.E0));
#4285=VECTOR('',#4284,2.519685039370E-1);
#4286=CARTESIAN_POINT('',(5.698222349416E-1,2.519685039370E-1,
-1.095958532126E0));
#4287=LINE('',#4286,#4285);
#4288=CURVE_STYLE('',#21,POSITIVE_LENGTH_MEASURE(2.E-2),#3);
#4289=PRESENTATION_STYLE_ASSIGNMENT((#4288));
#4290=STYLED_ITEM('',(#4289),#4287);
#4291=CARTESIAN_POINT('',(5.651002236847E-1,0.E0,-1.086876526882E0));
#4292=DIRECTION('',(0.E0,1.E0,0.E0));
#4293=DIRECTION('',(8.612743946358E-1,0.E0,5.081401550210E-1));
#4294=AXIS2_PLACEMENT_3D('',#4291,#4292,#4293);
#4296=CURVE_STYLE('',#21,POSITIVE_LENGTH_MEASURE(2.E-2),#3);
#4297=PRESENTATION_STYLE_ASSIGNMENT((#4296));
#4298=STYLED_ITEM('',(#4297),#4295);
#4299=CARTESIAN_POINT('',(0.E0,2.519685039370E-1,0.E0));
#4300=DIRECTION('',(0.E0,-1.E0,0.E0));
#4301=DIRECTION('',(4.424459620356E-1,0.E0,-8.967951665115E-1));
#4302=AXIS2_PLACEMENT_3D('',#4299,#4300,#4301);
#4304=CURVE_STYLE('',#21,POSITIVE_LENGTH_MEASURE(2.E-2),#3);
#4305=PRESENTATION_STYLE_ASSIGNMENT((#4304));
#4306=STYLED_ITEM('',(#4305),#4303);
#4307=DIRECTION('',(0.E0,-1.E0,0.E0));
#4308=VECTOR('',#4307,2.519685039370E-1);
#4309=CARTESIAN_POINT('',(5.465277786244E-1,2.519685039370E-1,
-1.107758940730E0));
#4310=LINE('',#4309,#4308);
#4311=CURVE_STYLE('',#21,POSITIVE_LENGTH_MEASURE(2.E-2),#3);
#4312=PRESENTATION_STYLE_ASSIGNMENT((#4311));
#4313=STYLED_ITEM('',(#4312),#4310);
#4314=CARTESIAN_POINT('',(0.E0,0.E0,0.E0));
#4315=DIRECTION('',(0.E0,1.E0,0.E0));
#4316=DIRECTION('',(4.613041766378E-1,0.E0,-8.872420507486E-1));
#4317=AXIS2_PLACEMENT_3D('',#4314,#4315,#4316);
#4319=CURVE_STYLE('',#21,POSITIVE_LENGTH_MEASURE(2.E-2),#3);
#4320=PRESENTATION_STYLE_ASSIGNMENT((#4319));
#4321=STYLED_ITEM('',(#4320),#4318);
#4322=CARTESIAN_POINT('',(5.419988042098E-1,2.519685039370E-1,
-1.098579147687E0));
#4323=DIRECTION('',(0.E0,1.E0,0.E0));
#4324=DIRECTION('',(4.424459620355E-1,0.E0,-8.967951665115E-1));
#4325=AXIS2_PLACEMENT_3D('',#4322,#4323,#4324);
#4327=CURVE_STYLE('',#21,POSITIVE_LENGTH_MEASURE(2.E-2),#3);
#4328=PRESENTATION_STYLE_ASSIGNMENT((#4327));
#4329=STYLED_ITEM('',(#4328),#4326);
#4330=DIRECTION('',(0.E0,-1.E0,0.E0));
#4331=VECTOR('',#4330,2.519685039370E-1);
#4332=CARTESIAN_POINT('',(5.325897212783E-1,2.519685039370E-1,
-1.102610198164E0));
#4333=LINE('',#4332,#4331);
#4334=CURVE_STYLE('',#21,POSITIVE_LENGTH_MEASURE(2.E-2),#3);
#4335=PRESENTATION_STYLE_ASSIGNMENT((#4334));
#4336=STYLED_ITEM('',(#4335),#4333);
#4337=CARTESIAN_POINT('',(5.419988042098E-1,0.E0,-1.098579147687E0));
#4338=DIRECTION('',(0.E0,1.E0,0.E0));
#4339=DIRECTION('',(4.424459620356E-1,0.E0,-8.967951665115E-1));
#4340=AXIS2_PLACEMENT_3D('',#4337,#4338,#4339);
#4342=CURVE_STYLE('',#21,POSITIVE_LENGTH_MEASURE(2.E-2),#3);
#4343=PRESENTATION_STYLE_ASSIGNMENT((#4342));
#4344=STYLED_ITEM('',(#4343),#4341);
#4345=CARTESIAN_POINT('',(5.011054822382E-1,0.E0,-1.116098713221E0));
#4346=DIRECTION('',(0.E0,1.E0,0.E0));
#4347=DIRECTION('',(-9.050729404700E-1,0.E0,-4.252563608330E-1));
#4348=AXIS2_PLACEMENT_3D('',#4345,#4346,#4347);
#4350=CURVE_STYLE('',#21,POSITIVE_LENGTH_MEASURE(2.E-2),#3);
#4351=PRESENTATION_STYLE_ASSIGNMENT((#4350));
#4352=STYLED_ITEM('',(#4351),#4349);
#4353=CARTESIAN_POINT('',(5.011054822382E-1,2.519685039370E-1,
-1.116098713221E0));
#4354=DIRECTION('',(0.E0,1.E0,0.E0));
#4355=DIRECTION('',(-9.050729404700E-1,0.E0,-4.252563608330E-1));
#4356=AXIS2_PLACEMENT_3D('',#4353,#4354,#4355);
#4358=CURVE_STYLE('',#21,POSITIVE_LENGTH_MEASURE(2.E-2),#3);
#4359=PRESENTATION_STYLE_ASSIGNMENT((#4358));
#4360=STYLED_ITEM('',(#4359),#4357);
#4361=DIRECTION('',(0.E0,-1.E0,0.E0));
#4362=VECTOR('',#4361,2.519685039370E-1);
#4363=CARTESIAN_POINT('',(4.701049523875E-1,2.519685039370E-1,
-1.130664580699E0));
#4364=LINE('',#4363,#4362);
#4365=CURVE_STYLE('',#21,POSITIVE_LENGTH_MEASURE(2.E-2),#3);
#4366=PRESENTATION_STYLE_ASSIGNMENT((#4365));
#4367=STYLED_ITEM('',(#4366),#4364);
#4368=CARTESIAN_POINT('',(4.608404262252E-1,2.519685039370E-1,
-1.135017598565E0));
#4369=DIRECTION('',(0.E0,1.E0,0.E0));
#4370=DIRECTION('',(9.050729404700E-1,0.E0,4.252563608330E-1));
#4371=AXIS2_PLACEMENT_3D('',#4368,#4369,#4370);
#4373=CURVE_STYLE('',#21,POSITIVE_LENGTH_MEASURE(2.E-2),#3);
#4374=PRESENTATION_STYLE_ASSIGNMENT((#4373));
#4375=STYLED_ITEM('',(#4374),#4372);
#4376=DIRECTION('',(0.E0,-1.E0,0.E0));
#4377=VECTOR('',#4376,2.519685039370E-1);
#4378=CARTESIAN_POINT('',(4.646912363808E-1,2.519685039370E-1,
-1.144501873483E0));
#4379=LINE('',#4378,#4377);
#4380=CURVE_STYLE('',#21,POSITIVE_LENGTH_MEASURE(2.E-2),#3);
#4381=PRESENTATION_STYLE_ASSIGNMENT((#4380));
#4382=STYLED_ITEM('',(#4381),#4379);
#4383=CARTESIAN_POINT('',(4.608404262252E-1,0.E0,-1.135017598565E0));
#4384=DIRECTION('',(0.E0,1.E0,0.E0));
#4385=DIRECTION('',(9.050729404700E-1,0.E0,4.252563608330E-1));
#4386=AXIS2_PLACEMENT_3D('',#4383,#4384,#4385);
#4388=CURVE_STYLE('',#21,POSITIVE_LENGTH_MEASURE(2.E-2),#3);
#4389=PRESENTATION_STYLE_ASSIGNMENT((#4388));
#4390=STYLED_ITEM('',(#4389),#4387);
#4391=CARTESIAN_POINT('',(0.E0,2.519685039370E-1,0.E0));
#4392=DIRECTION('',(0.E0,-1.E0,0.E0));
#4393=DIRECTION('',(3.565246113247E-1,0.E0,-9.342859313507E-1));
#4394=AXIS2_PLACEMENT_3D('',#4391,#4392,#4393);
#4396=CURVE_STYLE('',#21,POSITIVE_LENGTH_MEASURE(2.E-2),#3);
#4397=PRESENTATION_STYLE_ASSIGNMENT((#4396));
#4398=STYLED_ITEM('',(#4397),#4395);
#4399=DIRECTION('',(0.E0,-1.E0,0.E0));
#4400=VECTOR('',#4399,2.519685039370E-1);
#4401=CARTESIAN_POINT('',(4.403941284847E-1,2.519685039370E-1,
-1.154069103291E0));
#4402=LINE('',#4401,#4400);
#4403=CURVE_STYLE('',#21,POSITIVE_LENGTH_MEASURE(2.E-2),#3);
#4404=PRESENTATION_STYLE_ASSIGNMENT((#4403));
#4405=STYLED_ITEM('',(#4404),#4402);
#4406=CARTESIAN_POINT('',(0.E0,0.E0,0.E0));
#4407=DIRECTION('',(0.E0,1.E0,0.E0));
#4408=DIRECTION('',(3.761945305827E-1,0.E0,-9.265407034554E-1));
#4409=AXIS2_PLACEMENT_3D('',#4406,#4407,#4408);
#4411=CURVE_STYLE('',#21,POSITIVE_LENGTH_MEASURE(2.E-2),#3);
#4412=PRESENTATION_STYLE_ASSIGNMENT((#4411));
#4413=STYLED_ITEM('',(#4412),#4410);
#4414=CARTESIAN_POINT('',(4.367446639593E-1,2.519685039370E-1,
-1.144505546513E0));
#4415=DIRECTION('',(0.E0,1.E0,0.E0));
#4416=DIRECTION('',(3.565246113247E-1,0.E0,-9.342859313506E-1));
#4417=AXIS2_PLACEMENT_3D('',#4414,#4415,#4416);
#4419=CURVE_STYLE('',#21,POSITIVE_LENGTH_MEASURE(2.E-2),#3);
#4420=PRESENTATION_STYLE_ASSIGNMENT((#4419));
#4421=STYLED_ITEM('',(#4420),#4418);
#4422=DIRECTION('',(0.E0,-1.E0,0.E0));
#4423=VECTOR('',#4422,2.519685039370E-1);
#4424=CARTESIAN_POINT('',(4.269994511363E-1,2.519685039370E-1,
-1.147637803941E0));
#4425=LINE('',#4424,#4423);
#4426=CURVE_STYLE('',#21,POSITIVE_LENGTH_MEASURE(2.E-2),#3);
#4427=PRESENTATION_STYLE_ASSIGNMENT((#4426));
#4428=STYLED_ITEM('',(#4427),#4425);
#4429=CARTESIAN_POINT('',(4.367446639593E-1,0.E0,-1.144505546513E0));
#4430=DIRECTION('',(0.E0,1.E0,0.E0));
#4431=DIRECTION('',(3.565246113247E-1,0.E0,-9.342859313507E-1));
#4432=AXIS2_PLACEMENT_3D('',#4429,#4430,#4431);
#4434=CURVE_STYLE('',#21,POSITIVE_LENGTH_MEASURE(2.E-2),#3);
#4435=PRESENTATION_STYLE_ASSIGNMENT((#4434));
#4436=STYLED_ITEM('',(#4435),#4433);
#4437=CARTESIAN_POINT('',(3.943904697670E-1,0.E0,-1.158118819181E0));
#4438=DIRECTION('',(0.E0,1.E0,0.E0));
#4439=DIRECTION('',(-9.409176727605E-1,0.E0,-3.386353984554E-1));
#4440=AXIS2_PLACEMENT_3D('',#4437,#4438,#4439);
#4442=CURVE_STYLE('',#21,POSITIVE_LENGTH_MEASURE(2.E-2),#3);
#4443=PRESENTATION_STYLE_ASSIGNMENT((#4442));
#4444=STYLED_ITEM('',(#4443),#4441);
#4445=CARTESIAN_POINT('',(3.943904697670E-1,2.519685039370E-1,
-1.158118819181E0));
#4446=DIRECTION('',(0.E0,1.E0,0.E0));
#4447=DIRECTION('',(-9.409176727605E-1,0.E0,-3.386353984554E-1));
#4448=AXIS2_PLACEMENT_3D('',#4445,#4446,#4447);
#4450=CURVE_STYLE('',#21,POSITIVE_LENGTH_MEASURE(2.E-2),#3);
#4451=PRESENTATION_STYLE_ASSIGNMENT((#4450));
#4452=STYLED_ITEM('',(#4451),#4449);
#4453=DIRECTION('',(0.E0,-1.E0,0.E0));
#4454=VECTOR('',#4453,2.519685039370E-1);
#4455=CARTESIAN_POINT('',(3.621621872748E-1,2.519685039370E-1,
-1.169717748183E0));
#4456=LINE('',#4455,#4454);
#4457=CURVE_STYLE('',#21,POSITIVE_LENGTH_MEASURE(2.E-2),#3);
#4458=PRESENTATION_STYLE_ASSIGNMENT((#4457));
#4459=STYLED_ITEM('',(#4458),#4456);
#4460=CARTESIAN_POINT('',(3.525307465300E-1,2.519685039370E-1,
-1.173184094781E0));
#4461=DIRECTION('',(0.E0,1.E0,0.E0));
#4462=DIRECTION('',(9.409176727605E-1,0.E0,3.386353984552E-1));
#4463=AXIS2_PLACEMENT_3D('',#4460,#4461,#4462);
#4465=CURVE_STYLE('',#21,POSITIVE_LENGTH_MEASURE(2.E-2),#3);
#4466=PRESENTATION_STYLE_ASSIGNMENT((#4465));
#4467=STYLED_ITEM('',(#4466),#4464);
#4468=DIRECTION('',(0.E0,-1.E0,0.E0));
#4469=VECTOR('',#4468,2.519685039370E-1);
#4470=CARTESIAN_POINT('',(3.554765145261E-1,2.519685039370E-1,
-1.182987291223E0));
#4471=LINE('',#4470,#4469);
#4472=CURVE_STYLE('',#21,POSITIVE_LENGTH_MEASURE(2.E-2),#3);
#4473=PRESENTATION_STYLE_ASSIGNMENT((#4472));
#4474=STYLED_ITEM('',(#4473),#4471);
#4475=CARTESIAN_POINT('',(3.525307465300E-1,0.E0,-1.173184094781E0));
#4476=DIRECTION('',(0.E0,1.E0,0.E0));
#4477=DIRECTION('',(9.409176727605E-1,0.E0,3.386353984552E-1));
#4478=AXIS2_PLACEMENT_3D('',#4475,#4476,#4477);
#4480=CURVE_STYLE('',#21,POSITIVE_LENGTH_MEASURE(2.E-2),#3);
#4481=PRESENTATION_STYLE_ASSIGNMENT((#4480));
#4482=STYLED_ITEM('',(#4481),#4479);
#4483=CARTESIAN_POINT('',(0.E0,2.519685039370E-1,0.E0));
#4484=DIRECTION('',(0.E0,-1.E0,0.E0));
#4485=DIRECTION('',(2.674701095103E-1,0.E0,-9.635661578317E-1));
#4486=AXIS2_PLACEMENT_3D('',#4483,#4484,#4485);
#4488=CURVE_STYLE('',#21,POSITIVE_LENGTH_MEASURE(2.E-2),#3);
#4489=PRESENTATION_STYLE_ASSIGNMENT((#4488));
#4490=STYLED_ITEM('',(#4489),#4487);
#4491=DIRECTION('',(0.E0,-1.E0,0.E0));
#4492=VECTOR('',#4491,2.519685039370E-1);
#4493=CARTESIAN_POINT('',(3.303902789089E-1,2.519685039370E-1,
-1.190237265077E0));
#4494=LINE('',#4493,#4492);
#4495=CURVE_STYLE('',#21,POSITIVE_LENGTH_MEASURE(2.E-2),#3);
#4496=PRESENTATION_STYLE_ASSIGNMENT((#4495));
#4497=STYLED_ITEM('',(#4496),#4494);
#4498=CARTESIAN_POINT('',(0.E0,0.E0,0.E0));
#4499=DIRECTION('',(0.E0,1.E0,0.E0));
#4500=DIRECTION('',(2.877788734663E-1,0.E0,-9.576968831454E-1));
#4501=AXIS2_PLACEMENT_3D('',#4498,#4499,#4500);
#4503=CURVE_STYLE('',#21,POSITIVE_LENGTH_MEASURE(2.E-2),#3);
#4504=PRESENTATION_STYLE_ASSIGNMENT((#4503));
#4505=STYLED_ITEM('',(#4504),#4502);
#4506=CARTESIAN_POINT('',(3.276523958982E-1,2.519685039370E-1,
-1.180373989445E0));
#4507=DIRECTION('',(0.E0,1.E0,0.E0));
#4508=DIRECTION('',(2.674701095102E-1,0.E0,-9.635661578317E-1));
#4509=AXIS2_PLACEMENT_3D('',#4506,#4507,#4508);
#4511=CURVE_STYLE('',#21,POSITIVE_LENGTH_MEASURE(2.E-2),#3);
#4512=PRESENTATION_STYLE_ASSIGNMENT((#4511));
#4513=STYLED_ITEM('',(#4512),#4510);
#4514=DIRECTION('',(0.E0,-1.E0,0.E0));
#4515=VECTOR('',#4514,2.519685039370E-1);
#4516=CARTESIAN_POINT('',(3.176566944644E-1,2.519685039370E-1,
-1.182579927433E0));
#4517=LINE('',#4516,#4515);
#4518=CURVE_STYLE('',#21,POSITIVE_LENGTH_MEASURE(2.E-2),#3);
#4519=PRESENTATION_STYLE_ASSIGNMENT((#4518));
#4520=STYLED_ITEM('',(#4519),#4517);
#4521=CARTESIAN_POINT('',(3.276523958982E-1,0.E0,-1.180373989445E0));
#4522=DIRECTION('',(0.E0,1.E0,0.E0));
#4523=DIRECTION('',(2.674701095102E-1,0.E0,-9.635661578317E-1));
#4524=AXIS2_PLACEMENT_3D('',#4521,#4522,#4523);
#4526=CURVE_STYLE('',#21,POSITIVE_LENGTH_MEASURE(2.E-2),#3);
#4527=PRESENTATION_STYLE_ASSIGNMENT((#4526));
#4528=STYLED_ITEM('',(#4527),#4525);
#4529=CARTESIAN_POINT('',(2.842095396666E-1,0.E0,-1.189961335316E0));
#4530=DIRECTION('',(0.E0,1.E0,0.E0));
#4531=DIRECTION('',(-9.684935867109E-1,0.E0,-2.490384960200E-1));
#4532=AXIS2_PLACEMENT_3D('',#4529,#4530,#4531);
#4534=CURVE_STYLE('',#21,POSITIVE_LENGTH_MEASURE(2.E-2),#3);
#4535=PRESENTATION_STYLE_ASSIGNMENT((#4534));
#4536=STYLED_ITEM('',(#4535),#4533);
#4537=CARTESIAN_POINT('',(2.842095396666E-1,2.519685039370E-1,
-1.189961335316E0));
#4538=DIRECTION('',(0.E0,1.E0,0.E0));
#4539=DIRECTION('',(-9.684935867109E-1,0.E0,-2.490384960200E-1));
#4540=AXIS2_PLACEMENT_3D('',#4537,#4538,#4539);
#4542=CURVE_STYLE('',#21,POSITIVE_LENGTH_MEASURE(2.E-2),#3);
#4543=PRESENTATION_STYLE_ASSIGNMENT((#4542));
#4544=STYLED_ITEM('',(#4543),#4541);
#4545=DIRECTION('',(0.E0,-1.E0,0.E0));
#4546=VECTOR('',#4545,2.519685039370E-1);
#4547=CARTESIAN_POINT('',(2.510367278383E-1,2.519685039370E-1,
-1.198491394037E0));
#4548=LINE('',#4547,#4546);
#4549=CURVE_STYLE('',#21,POSITIVE_LENGTH_MEASURE(2.E-2),#3);
#4550=PRESENTATION_STYLE_ASSIGNMENT((#4549));
#4551=STYLED_ITEM('',(#4550),#4548);
#4552=CARTESIAN_POINT('',(2.411230139586E-1,2.519685039370E-1,
-1.201040606989E0));
#4553=DIRECTION('',(0.E0,1.E0,0.E0));
#4554=DIRECTION('',(9.684935867109E-1,0.E0,2.490384960200E-1));
#4555=AXIS2_PLACEMENT_3D('',#4552,#4553,#4554);
#4557=CURVE_STYLE('',#21,POSITIVE_LENGTH_MEASURE(2.E-2),#3);
#4558=PRESENTATION_STYLE_ASSIGNMENT((#4557));
#4559=STYLED_ITEM('',(#4558),#4556);
#4560=DIRECTION('',(0.E0,-1.E0,0.E0));
#4561=VECTOR('',#4560,2.519685039370E-1);
#4562=CARTESIAN_POINT('',(2.431378522801E-1,2.519685039370E-1,
-1.211076574112E0));
#4563=LINE('',#4562,#4561);
#4564=CURVE_STYLE('',#21,POSITIVE_LENGTH_MEASURE(2.E-2),#3);
#4565=PRESENTATION_STYLE_ASSIGNMENT((#4564));
#4566=STYLED_ITEM('',(#4565),#4563);
#4567=CARTESIAN_POINT('',(2.411230139586E-1,0.E0,-1.201040606989E0));
#4568=DIRECTION('',(0.E0,1.E0,0.E0));
#4569=DIRECTION('',(9.684935867109E-1,0.E0,2.490384960200E-1));
#4570=AXIS2_PLACEMENT_3D('',#4567,#4568,#4569);
#4572=CURVE_STYLE('',#21,POSITIVE_LENGTH_MEASURE(2.E-2),#3);
#4573=PRESENTATION_STYLE_ASSIGNMENT((#4572));
#4574=STYLED_ITEM('',(#4573),#4571);
#4575=CARTESIAN_POINT('',(0.E0,2.519685039370E-1,0.E0));
#4576=DIRECTION('',(0.E0,-1.E0,0.E0));
#4577=DIRECTION('',(1.760650707562E-1,0.E0,-9.843785302716E-1));
#4578=AXIS2_PLACEMENT_3D('',#4575,#4576,#4577);
#4580=CURVE_STYLE('',#21,POSITIVE_LENGTH_MEASURE(2.E-2),#3);
#4581=PRESENTATION_STYLE_ASSIGNMENT((#4580));
#4582=STYLED_ITEM('',(#4581),#4579);
#4583=DIRECTION('',(0.E0,-1.E0,0.E0));
#4584=VECTOR('',#4583,2.519685039370E-1);
#4585=CARTESIAN_POINT('',(2.174829476825E-1,2.519685039370E-1,
-1.215945578980E0));
#4586=LINE('',#4585,#4584);
#4587=CURVE_STYLE('',#21,POSITIVE_LENGTH_MEASURE(2.E-2),#3);
#4588=PRESENTATION_STYLE_ASSIGNMENT((#4587));
#4589=STYLED_ITEM('',(#4588),#4586);
#4590=CARTESIAN_POINT('',(0.E0,0.E0,0.E0));
#4591=DIRECTION('',(0.E0,1.E0,0.E0));
#4592=DIRECTION('',(1.968342052624E-1,0.E0,-9.804367881912E-1));
#4593=AXIS2_PLACEMENT_3D('',#4590,#4591,#4592);
#4595=CURVE_STYLE('',#21,POSITIVE_LENGTH_MEASURE(2.E-2),#3);
#4596=PRESENTATION_STYLE_ASSIGNMENT((#4595));
#4597=STYLED_ITEM('',(#4596),#4594);
#4598=CARTESIAN_POINT('',(2.156807068008E-1,2.519685039370E-1,
-1.205869263316E0));
#4599=DIRECTION('',(0.E0,1.E0,0.E0));
#4600=DIRECTION('',(1.760650707563E-1,0.E0,-9.843785302716E-1));
#4601=AXIS2_PLACEMENT_3D('',#4598,#4599,#4600);
#4603=CURVE_STYLE('',#21,POSITIVE_LENGTH_MEASURE(2.E-2),#3);
#4604=PRESENTATION_STYLE_ASSIGNMENT((#4603));
#4605=STYLED_ITEM('',(#4604),#4602);
#4606=DIRECTION('',(0.E0,-1.E0,0.E0));
#4607=VECTOR('',#4606,2.519685039370E-1);
#4608=CARTESIAN_POINT('',(2.055223593398E-1,2.519685039370E-1,
-1.207129496002E0));
#4609=LINE('',#4608,#4607);
#4610=CURVE_STYLE('',#21,POSITIVE_LENGTH_MEASURE(2.E-2),#3);
#4611=PRESENTATION_STYLE_ASSIGNMENT((#4610));
#4612=STYLED_ITEM('',(#4611),#4609);
#4613=CARTESIAN_POINT('',(2.156807068008E-1,0.E0,-1.205869263316E0));
#4614=DIRECTION('',(0.E0,1.E0,0.E0));
#4615=DIRECTION('',(1.760650707563E-1,0.E0,-9.843785302716E-1));
#4616=AXIS2_PLACEMENT_3D('',#4613,#4614,#4615);
#4618=CURVE_STYLE('',#21,POSITIVE_LENGTH_MEASURE(2.E-2),#3);
#4619=PRESENTATION_STYLE_ASSIGNMENT((#4618));
#4620=STYLED_ITEM('',(#4619),#4617);
#4621=CARTESIAN_POINT('',(1.715309659125E-1,0.E0,-1.211346428449E0));
#4622=DIRECTION('',(0.E0,1.E0,0.E0));
#4623=DIRECTION('',(-9.875583441979E-1,0.E0,-1.572530343272E-1));
#4624=AXIS2_PLACEMENT_3D('',#4621,#4622,#4623);
#4626=CURVE_STYLE('',#21,POSITIVE_LENGTH_MEASURE(2.E-2),#3);
#4627=PRESENTATION_STYLE_ASSIGNMENT((#4626));
#4628=STYLED_ITEM('',(#4627),#4625);
#4629=CARTESIAN_POINT('',(1.715309659125E-1,2.519685039370E-1,
-1.211346428449E0));
#4630=DIRECTION('',(0.E0,1.E0,0.E0));
#4631=DIRECTION('',(-9.875583441979E-1,0.E0,-1.572530343272E-1));
#4632=AXIS2_PLACEMENT_3D('',#4629,#4630,#4631);
#4634=CURVE_STYLE('',#21,POSITIVE_LENGTH_MEASURE(2.E-2),#3);
#4635=PRESENTATION_STYLE_ASSIGNMENT((#4634));
#4636=STYLED_ITEM('',(#4635),#4633);
#4637=DIRECTION('',(0.E0,-1.E0,0.E0));
#4638=VECTOR('',#4637,2.519685039370E-1);
#4639=CARTESIAN_POINT('',(1.377051486112E-1,2.519685039370E-1,
-1.216732654428E0));
#4640=LINE('',#4639,#4638);
#4641=CURVE_STYLE('',#21,POSITIVE_LENGTH_MEASURE(2.E-2),#3);
#4642=PRESENTATION_STYLE_ASSIGNMENT((#4641));
#4643=STYLED_ITEM('',(#4642),#4640);
#4644=CARTESIAN_POINT('',(1.275962836706E-1,2.519685039370E-1,
-1.218342331157E0));
#4645=DIRECTION('',(0.E0,1.E0,0.E0));
#4646=DIRECTION('',(9.875583441979E-1,0.E0,1.572530343271E-1));
#4647=AXIS2_PLACEMENT_3D('',#4644,#4645,#4646);
#4649=CURVE_STYLE('',#21,POSITIVE_LENGTH_MEASURE(2.E-2),#3);
#4650=PRESENTATION_STYLE_ASSIGNMENT((#4649));
#4651=STYLED_ITEM('',(#4650),#4648);
#4652=DIRECTION('',(0.E0,-1.E0,0.E0));
#4653=VECTOR('',#4652,2.519685039370E-1);
#4654=CARTESIAN_POINT('',(1.286624858461E-1,2.519685039370E-1,
-1.228522872522E0));
#4655=LINE('',#4654,#4653);
#4656=CURVE_STYLE('',#21,POSITIVE_LENGTH_MEASURE(2.E-2),#3);
#4657=PRESENTATION_STYLE_ASSIGNMENT((#4656));
#4658=STYLED_ITEM('',(#4657),#4655);
#4659=CARTESIAN_POINT('',(1.275962836706E-1,0.E0,-1.218342331157E0));
#4660=DIRECTION('',(0.E0,1.E0,0.E0));
#4661=DIRECTION('',(9.875583441979E-1,0.E0,1.572530343271E-1));
#4662=AXIS2_PLACEMENT_3D('',#4659,#4660,#4661);
#4664=CURVE_STYLE('',#21,POSITIVE_LENGTH_MEASURE(2.E-2),#3);
#4665=PRESENTATION_STYLE_ASSIGNMENT((#4664));
#4666=STYLED_ITEM('',(#4665),#4663);
#4667=DIRECTION('',(0.E0,-1.E0,0.E0));
#4668=VECTOR('',#4667,2.519685039370E-1);
#4669=CARTESIAN_POINT('',(1.026643684921E-1,2.519685039370E-1,
-1.230968119415E0));
#4670=LINE('',#4669,#4668);
#4671=CURVE_STYLE('',#21,POSITIVE_LENGTH_MEASURE(2.E-2),#3);
#4672=PRESENTATION_STYLE_ASSIGNMENT((#4671));
#4673=STYLED_ITEM('',(#4672),#4670);
#4674=CARTESIAN_POINT('',(0.E0,0.E0,0.E0));
#4675=DIRECTION('',(0.E0,1.E0,0.E0));
#4676=DIRECTION('',(1.041597509853E-1,0.E0,-9.945605794896E-1));
#4677=AXIS2_PLACEMENT_3D('',#4674,#4675,#4676);
#4679=CURVE_STYLE('',#21,POSITIVE_LENGTH_MEASURE(2.E-2),#3);
#4680=PRESENTATION_STYLE_ASSIGNMENT((#4679));
#4681=STYLED_ITEM('',(#4680),#4678);
#4682=CARTESIAN_POINT('',(0.E0,2.519685039370E-1,0.E0));
#4683=DIRECTION('',(0.E0,-1.E0,0.E0));
#4684=DIRECTION('',(8.311276582973E-2,0.E0,-9.965401487929E-1));
#4685=AXIS2_PLACEMENT_3D('',#4682,#4683,#4684);
#4687=CURVE_STYLE('',#21,POSITIVE_LENGTH_MEASURE(2.E-2),#3);
#4688=PRESENTATION_STYLE_ASSIGNMENT((#4687));
#4689=STYLED_ITEM('',(#4688),#4686);
#4690=CARTESIAN_POINT('',(1.018136078970E-1,2.519685039370E-1,
-1.220767314743E0));
#4691=DIRECTION('',(0.E0,1.E0,0.E0));
#4692=DIRECTION('',(8.311276582970E-2,0.E0,-9.965401487929E-1));
#4693=AXIS2_PLACEMENT_3D('',#4690,#4691,#4692);
#4695=CURVE_STYLE('',#21,POSITIVE_LENGTH_MEASURE(2.E-2),#3);
#4696=PRESENTATION_STYLE_ASSIGNMENT((#4695));
#4697=STYLED_ITEM('',(#4696),#4694);
#4698=DIRECTION('',(0.E0,-1.E0,0.E0));
#4699=VECTOR('',#4698,2.519685039370E-1);
#4700=CARTESIAN_POINT('',(9.158188633148E-2,2.519685039370E-1,
-1.221070767155E0));
#4701=LINE('',#4700,#4699);
#4702=CURVE_STYLE('',#21,POSITIVE_LENGTH_MEASURE(2.E-2),#3);
#4703=PRESENTATION_STYLE_ASSIGNMENT((#4702));
#4704=STYLED_ITEM('',(#4703),#4701);
#4705=CARTESIAN_POINT('',(1.018136078970E-1,0.E0,-1.220767314743E0));
#4706=DIRECTION('',(0.E0,1.E0,0.E0));
#4707=DIRECTION('',(8.311276582973E-2,0.E0,-9.965401487929E-1));
#4708=AXIS2_PLACEMENT_3D('',#4705,#4706,#4707);
#4710=CURVE_STYLE('',#21,POSITIVE_LENGTH_MEASURE(2.E-2),#3);
#4711=PRESENTATION_STYLE_ASSIGNMENT((#4710));
#4712=STYLED_ITEM('',(#4711),#4709);
#4713=CARTESIAN_POINT('',(5.734497186238E-2,0.E0,-1.222086165614E0));
#4714=DIRECTION('',(0.E0,1.E0,0.E0));
#4715=DIRECTION('',(-9.979444034473E-1,0.E0,-6.408562731449E-2));
#4716=AXIS2_PLACEMENT_3D('',#4713,#4714,#4715);
#4718=CURVE_STYLE('',#21,POSITIVE_LENGTH_MEASURE(2.E-2),#3);
#4719=PRESENTATION_STYLE_ASSIGNMENT((#4718));
#4720=STYLED_ITEM('',(#4719),#4717);
#4721=CARTESIAN_POINT('',(5.734497186238E-2,2.519685039370E-1,
-1.222086165614E0));
#4722=DIRECTION('',(0.E0,1.E0,0.E0));
#4723=DIRECTION('',(-9.979444034473E-1,0.E0,-6.408562731449E-2));
#4724=AXIS2_PLACEMENT_3D('',#4721,#4722,#4723);
#4726=CURVE_STYLE('',#21,POSITIVE_LENGTH_MEASURE(2.E-2),#3);
#4727=PRESENTATION_STYLE_ASSIGNMENT((#4726));
#4728=STYLED_ITEM('',(#4727),#4725);
#4729=DIRECTION('',(0.E0,-1.E0,0.E0));
#4730=VECTOR('',#4729,2.519685039370E-1);
#4731=CARTESIAN_POINT('',(2.316341158682E-2,2.519685039370E-1,
-1.224281224502E0));
#4732=LINE('',#4731,#4730);
#4733=CURVE_STYLE('',#21,POSITIVE_LENGTH_MEASURE(2.E-2),#3);
#4734=PRESENTATION_STYLE_ASSIGNMENT((#4733));
#4735=STYLED_ITEM('',(#4734),#4732);
#4736=CARTESIAN_POINT('',(1.222818602704E0,2.519685039370E-1,
-7.316770037318E-2));
#4737=DIRECTION('',(0.E0,1.E0,0.E0));
#4738=DIRECTION('',(6.204549226670E-3,0.E0,9.999807515992E-1));
#4739=AXIS2_PLACEMENT_3D('',#4736,#4737,#4738);
#4741=CURVE_STYLE('',#21,POSITIVE_LENGTH_MEASURE(2.E-2),#3);
#4742=PRESENTATION_STYLE_ASSIGNMENT((#4741));
#4743=STYLED_ITEM('',(#4742),#4740);
#4744=DIRECTION('',(0.E0,-1.E0,0.E0));
#4745=VECTOR('',#4744,2.519685039361E-1);
#4746=CARTESIAN_POINT('',(1.233036548061E0,2.519685039365E-1,
-7.377909405223E-2));
#4747=LINE('',#4746,#4745);
#4748=CURVE_STYLE('',#21,POSITIVE_LENGTH_MEASURE(2.E-2),#3);
#4749=PRESENTATION_STYLE_ASSIGNMENT((#4748));
#4750=STYLED_ITEM('',(#4749),#4747);
#4751=CARTESIAN_POINT('',(1.222818602704E0,0.E0,-7.316770037318E-2));
#4752=DIRECTION('',(0.E0,1.E0,0.E0));
#4753=DIRECTION('',(6.204549226670E-3,0.E0,9.999807515992E-1));
#4754=AXIS2_PLACEMENT_3D('',#4751,#4752,#4753);
#4756=CURVE_STYLE('',#21,POSITIVE_LENGTH_MEASURE(2.E-2),#3);
#4757=PRESENTATION_STYLE_ASSIGNMENT((#4756));
#4758=STYLED_ITEM('',(#4757),#4755);
#4759=CARTESIAN_POINT('',(0.E0,-2.421259842520E-2,0.E0));
#4760=DIRECTION('',(0.E0,1.E0,0.E0));
#4761=DIRECTION('',(-1.E0,0.E0,0.E0));
#4762=AXIS2_PLACEMENT_3D('',#4759,#4760,#4761);
#4764=CURVE_STYLE('',#21,POSITIVE_LENGTH_MEASURE(2.E-2),#3);
#4765=PRESENTATION_STYLE_ASSIGNMENT((#4764));
#4766=STYLED_ITEM('',(#4765),#4763);
#4767=DIRECTION('',(-5.650113349190E-11,-1.E0,-2.490488366778E-9));
#4768=VECTOR('',#4767,5.452755905820E-2);
#4769=CARTESIAN_POINT('',(-1.259454470921E0,-2.421259842212E-2,
1.358000972646E-10));
#4770=LINE('',#4769,#4768);
#4771=CURVE_STYLE('',#21,POSITIVE_LENGTH_MEASURE(2.E-2),#3);
#4772=PRESENTATION_STYLE_ASSIGNMENT((#4771));
#4773=STYLED_ITEM('',(#4772),#4770);
#4774=DIRECTION('',(0.E0,1.E0,0.E0));
#4775=VECTOR('',#4774,1.681102362205E-1);
#4776=CARTESIAN_POINT('',(1.369668014174E0,-3.843700787402E-1,0.E0));
#4777=LINE('',#4776,#4775);
#4778=CURVE_STYLE('',#21,POSITIVE_LENGTH_MEASURE(2.E-2),#3);
#4779=PRESENTATION_STYLE_ASSIGNMENT((#4778));
#4780=STYLED_ITEM('',(#4779),#4777);
#4781=DIRECTION('',(0.E0,1.E0,0.E0));
#4782=VECTOR('',#4781,1.681102362205E-1);
#4783=CARTESIAN_POINT('',(1.235809746458E0,-3.843700787402E-1,0.E0));
#4784=LINE('',#4783,#4782);
#4785=CURVE_STYLE('',#21,POSITIVE_LENGTH_MEASURE(2.E-2),#3);
#4786=PRESENTATION_STYLE_ASSIGNMENT((#4785));
#4787=STYLED_ITEM('',(#4786),#4784);
#4788=DIRECTION('',(0.E0,1.E0,0.E0));
#4789=VECTOR('',#4788,1.681102362205E-1);
#4790=CARTESIAN_POINT('',(1.119668014174E0,-3.843700787402E-1,0.E0));
#4791=LINE('',#4790,#4789);
#4792=CURVE_STYLE('',#21,POSITIVE_LENGTH_MEASURE(2.E-2),#3);
#4793=PRESENTATION_STYLE_ASSIGNMENT((#4792));
#4794=STYLED_ITEM('',(#4793),#4791);
#4795=DIRECTION('',(0.E0,1.E0,0.E0));
#4796=VECTOR('',#4795,1.681102362205E-1);
#4797=CARTESIAN_POINT('',(9.858097464578E-1,-3.843700787402E-1,0.E0));
#4798=LINE('',#4797,#4796);
#4799=CURVE_STYLE('',#21,POSITIVE_LENGTH_MEASURE(2.E-2),#3);
#4800=PRESENTATION_STYLE_ASSIGNMENT((#4799));
#4801=STYLED_ITEM('',(#4800),#4798);
#4802=DIRECTION('',(0.E0,1.E0,0.E0));
#4803=VECTOR('',#4802,1.681102362205E-1);
#4804=CARTESIAN_POINT('',(8.696680141743E-1,-3.843700787402E-1,0.E0));
#4805=LINE('',#4804,#4803);
#4806=CURVE_STYLE('',#21,POSITIVE_LENGTH_MEASURE(2.E-2),#3);
#4807=PRESENTATION_STYLE_ASSIGNMENT((#4806));
#4808=STYLED_ITEM('',(#4807),#4805);
#4809=DIRECTION('',(0.E0,1.E0,0.E0));
#4810=VECTOR('',#4809,1.681102362205E-1);
#4811=CARTESIAN_POINT('',(7.358097464578E-1,-3.843700787402E-1,0.E0));
#4812=LINE('',#4811,#4810);
#4813=CURVE_STYLE('',#21,POSITIVE_LENGTH_MEASURE(2.E-2),#3);
#4814=PRESENTATION_STYLE_ASSIGNMENT((#4813));
#4815=STYLED_ITEM('',(#4814),#4812);
#4816=DIRECTION('',(0.E0,1.E0,0.E0));
#4817=VECTOR('',#4816,1.968503937008E-1);
#4818=CARTESIAN_POINT('',(-3.179133858268E-1,-6.993307086614E-1,0.E0));
#4819=LINE('',#4818,#4817);
#4820=CURVE_STYLE('',#21,POSITIVE_LENGTH_MEASURE(2.E-2),#3);
#4821=PRESENTATION_STYLE_ASSIGNMENT((#4820));
#4822=STYLED_ITEM('',(#4821),#4819);
#4823=CARTESIAN_POINT('',(-1.224297048228E0,2.519685039370E-1,
4.166035520519E-2));
#4824=DIRECTION('',(0.E0,1.E0,0.E0));
#4825=DIRECTION('',(-9.994215505889E-1,0.E0,3.400829631794E-2));
#4826=AXIS2_PLACEMENT_3D('',#4823,#4824,#4825);
#4828=CURVE_STYLE('',#21,POSITIVE_LENGTH_MEASURE(2.E-2),#3);
#4829=PRESENTATION_STYLE_ASSIGNMENT((#4828));
#4830=STYLED_ITEM('',(#4829),#4827);
#4831=DIRECTION('',(0.E0,-1.E0,0.E0));
#4832=VECTOR('',#4831,2.519685039370E-1);
#4833=CARTESIAN_POINT('',(-1.223401763811E0,2.519685039370E-1,
5.185734865290E-2));
#4834=LINE('',#4833,#4832);
#4835=CURVE_STYLE('',#21,POSITIVE_LENGTH_MEASURE(2.E-2),#3);
#4836=PRESENTATION_STYLE_ASSIGNMENT((#4835));
#4837=STYLED_ITEM('',(#4836),#4834);
#4838=CARTESIAN_POINT('',(-1.224297048228E0,0.E0,4.166035520519E-2));
#4839=DIRECTION('',(0.E0,1.E0,0.E0));
#4840=DIRECTION('',(-9.994215505889E-1,0.E0,3.400829631788E-2));
#4841=AXIS2_PLACEMENT_3D('',#4838,#4839,#4840);
#4843=CURVE_STYLE('',#21,POSITIVE_LENGTH_MEASURE(2.E-2),#3);
#4844=PRESENTATION_STYLE_ASSIGNMENT((#4843));
#4845=STYLED_ITEM('',(#4844),#4842);
#4846=CARTESIAN_POINT('',(-1.220406004415E0,0.E0,8.597805749717E-2));
#4847=DIRECTION('',(0.E0,1.E0,0.E0));
#4848=DIRECTION('',(5.306909000765E-2,0.E0,9.985908429811E-1));
#4849=AXIS2_PLACEMENT_3D('',#4846,#4847,#4848);
#4851=CURVE_STYLE('',#21,POSITIVE_LENGTH_MEASURE(2.E-2),#3);
#4852=PRESENTATION_STYLE_ASSIGNMENT((#4851));
#4853=STYLED_ITEM('',(#4852),#4850);
#4854=CARTESIAN_POINT('',(-1.220406004415E0,2.519685039370E-1,
8.597805749717E-2));
#4855=DIRECTION('',(0.E0,1.E0,0.E0));
#4856=DIRECTION('',(5.306909000765E-2,0.E0,9.985908429811E-1));
#4857=AXIS2_PLACEMENT_3D('',#4854,#4855,#4856);
#4859=CURVE_STYLE('',#21,POSITIVE_LENGTH_MEASURE(2.E-2),#3);
#4860=PRESENTATION_STYLE_ASSIGNMENT((#4859));
#4861=STYLED_ITEM('',(#4860),#4858);
#4862=DIRECTION('',(0.E0,-1.E0,0.E0));
#4863=VECTOR('',#4862,2.519685039370E-1);
#4864=CARTESIAN_POINT('',(-1.218588283616E0,2.519685039370E-1,
1.201817595993E-1));
#4865=LINE('',#4864,#4863);
#4866=CURVE_STYLE('',#21,POSITIVE_LENGTH_MEASURE(2.E-2),#3);
#4867=PRESENTATION_STYLE_ASSIGNMENT((#4866));
#4868=STYLED_ITEM('',(#4867),#4865);
#4869=CARTESIAN_POINT('',(-1.218045056710E0,2.519685039370E-1,
1.304035556298E-1));
#4870=DIRECTION('',(0.E0,1.E0,0.E0));
#4871=DIRECTION('',(-5.306909000751E-2,0.E0,-9.985908429811E-1));
#4872=AXIS2_PLACEMENT_3D('',#4869,#4870,#4871);
#4874=CURVE_STYLE('',#21,POSITIVE_LENGTH_MEASURE(2.E-2),#3);
#4875=PRESENTATION_STYLE_ASSIGNMENT((#4874));
#4876=STYLED_ITEM('',(#4875),#4873);
#4877=DIRECTION('',(0.E0,-1.E0,0.E0));
#4878=VECTOR('',#4877,2.519685039367E-1);
#4879=CARTESIAN_POINT('',(-1.228223114032E0,2.519685039369E-1,
1.314932155376E-1));
#4880=LINE('',#4879,#4878);
#4881=CURVE_STYLE('',#21,POSITIVE_LENGTH_MEASURE(2.E-2),#3);
#4882=PRESENTATION_STYLE_ASSIGNMENT((#4881));
#4883=STYLED_ITEM('',(#4882),#4880);
#4884=CARTESIAN_POINT('',(-1.218045056710E0,0.E0,1.304035556298E-1));
#4885=DIRECTION('',(0.E0,1.E0,0.E0));
#4886=DIRECTION('',(-5.306909000751E-2,0.E0,-9.985908429811E-1));
#4887=AXIS2_PLACEMENT_3D('',#4884,#4885,#4886);
#4889=CURVE_STYLE('',#21,POSITIVE_LENGTH_MEASURE(2.E-2),#3);
#4890=PRESENTATION_STYLE_ASSIGNMENT((#4889));
#4891=STYLED_ITEM('',(#4890),#4888);
#4892=CARTESIAN_POINT('',(0.E0,2.519685039370E-1,0.E0));
#4893=DIRECTION('',(0.E0,-1.E0,0.E0));
#4894=DIRECTION('',(-9.918454868042E-1,0.E0,1.274461859223E-1));
#4895=AXIS2_PLACEMENT_3D('',#4892,#4893,#4894);
#4897=CURVE_STYLE('',#21,POSITIVE_LENGTH_MEASURE(2.E-2),#3);
#4898=PRESENTATION_STYLE_ASSIGNMENT((#4897));
#4899=STYLED_ITEM('',(#4898),#4896);
#4900=DIRECTION('',(0.E0,-1.E0,0.E0));
#4901=VECTOR('',#4900,2.519685039369E-1);
#4902=CARTESIAN_POINT('',(-1.225169076350E0,2.519685039370E-1,
1.574268653415E-1));
#4903=LINE('',#4902,#4901);
#4904=CURVE_STYLE('',#21,POSITIVE_LENGTH_MEASURE(2.E-2),#3);
#4905=PRESENTATION_STYLE_ASSIGNMENT((#4904));
#4906=STYLED_ITEM('',(#4905),#4903);
#4907=CARTESIAN_POINT('',(0.E0,0.E0,0.E0));
#4908=DIRECTION('',(0.E0,1.E0,0.E0));
#4909=DIRECTION('',(-9.943179075910E-1,0.E0,1.064513909908E-1));
#4910=AXIS2_PLACEMENT_3D('',#4907,#4908,#4909);
#4912=CURVE_STYLE('',#21,POSITIVE_LENGTH_MEASURE(2.E-2),#3);
#4913=PRESENTATION_STYLE_ASSIGNMENT((#4912));
#4914=STYLED_ITEM('',(#4913),#4911);
#4915=CARTESIAN_POINT('',(-1.215016327272E0,2.519685039370E-1,
1.561222980841E-1));
#4916=DIRECTION('',(0.E0,1.E0,0.E0));
#4917=DIRECTION('',(-9.918454868042E-1,0.E0,1.274461859224E-1));
#4918=AXIS2_PLACEMENT_3D('',#4915,#4916,#4917);
#4920=CURVE_STYLE('',#21,POSITIVE_LENGTH_MEASURE(2.E-2),#3);
#4921=PRESENTATION_STYLE_ASSIGNMENT((#4920));
#4922=STYLED_ITEM('',(#4921),#4919);
#4923=DIRECTION('',(0.E0,-1.E0,0.E0));
#4924=VECTOR('',#4923,2.519685039370E-1);
#4925=CARTESIAN_POINT('',(-1.213170115095E0,2.519685039370E-1,
1.661906499929E-1));
#4926=LINE('',#4925,#4924);
#4927=CURVE_STYLE('',#21,POSITIVE_LENGTH_MEASURE(2.E-2),#3);
#4928=PRESENTATION_STYLE_ASSIGNMENT((#4927));
#4929=STYLED_ITEM('',(#4928),#4926);
#4930=CARTESIAN_POINT('',(-1.215016327272E0,0.E0,1.561222980841E-1));
#4931=DIRECTION('',(0.E0,1.E0,0.E0));
#4932=DIRECTION('',(-9.918454868042E-1,0.E0,1.274461859223E-1));
#4933=AXIS2_PLACEMENT_3D('',#4930,#4931,#4932);
#4935=CURVE_STYLE('',#21,POSITIVE_LENGTH_MEASURE(2.E-2),#3);
#4936=PRESENTATION_STYLE_ASSIGNMENT((#4935));
#4937=STYLED_ITEM('',(#4936),#4934);
#4938=CARTESIAN_POINT('',(-1.206992405120E0,0.E0,1.998809044569E-1));
#4939=DIRECTION('',(0.E0,1.E0,0.E0));
#4940=DIRECTION('',(1.463454374442E-1,0.E0,9.892335482278E-1));
#4941=AXIS2_PLACEMENT_3D('',#4938,#4939,#4940);
#4943=CURVE_STYLE('',#21,POSITIVE_LENGTH_MEASURE(2.E-2),#3);
#4944=PRESENTATION_STYLE_ASSIGNMENT((#4943));
#4945=STYLED_ITEM('',(#4944),#4942);
#4946=CARTESIAN_POINT('',(-1.206992405120E0,2.519685039370E-1,
1.998809044569E-1));
#4947=DIRECTION('',(0.E0,1.E0,0.E0));
#4948=DIRECTION('',(1.463454374442E-1,0.E0,9.892335482278E-1));
#4949=AXIS2_PLACEMENT_3D('',#4946,#4947,#4948);
#4951=CURVE_STYLE('',#21,POSITIVE_LENGTH_MEASURE(2.E-2),#3);
#4952=PRESENTATION_STYLE_ASSIGNMENT((#4951));
#4953=STYLED_ITEM('',(#4952),#4950);
#4954=DIRECTION('',(0.E0,-1.E0,0.E0));
#4955=VECTOR('',#4954,2.519685039370E-1);
#4956=CARTESIAN_POINT('',(-1.201979785806E0,2.519685039370E-1,
2.337641007938E-1));
#4957=LINE('',#4956,#4955);
#4958=CURVE_STYLE('',#21,POSITIVE_LENGTH_MEASURE(2.E-2),#3);
#4959=PRESENTATION_STYLE_ASSIGNMENT((#4958));
#4960=STYLED_ITEM('',(#4959),#4957);
#4961=CARTESIAN_POINT('',(-1.200481761643E0,2.519685039370E-1,
2.438901134922E-1));
#4962=DIRECTION('',(0.E0,1.E0,0.E0));
#4963=DIRECTION('',(-1.463454374441E-1,0.E0,-9.892335482278E-1));
#4964=AXIS2_PLACEMENT_3D('',#4961,#4962,#4963);
#4966=CURVE_STYLE('',#21,POSITIVE_LENGTH_MEASURE(2.E-2),#3);
#4967=PRESENTATION_STYLE_ASSIGNMENT((#4966));
#4968=STYLED_ITEM('',(#4967),#4965);
#4969=DIRECTION('',(0.E0,-1.E0,0.E0));
#4970=VECTOR('',#4969,2.519685039371E-1);
#4971=CARTESIAN_POINT('',(-1.210513059021E0,2.519685039371E-1,
2.459280738630E-1));
#4972=LINE('',#4971,#4970);
#4973=CURVE_STYLE('',#21,POSITIVE_LENGTH_MEASURE(2.E-2),#3);
#4974=PRESENTATION_STYLE_ASSIGNMENT((#4973));
#4975=STYLED_ITEM('',(#4974),#4972);
#4976=CARTESIAN_POINT('',(-1.200481761643E0,0.E0,2.438901134922E-1));
#4977=DIRECTION('',(0.E0,1.E0,0.E0));
#4978=DIRECTION('',(-1.463454374441E-1,0.E0,-9.892335482278E-1));
#4979=AXIS2_PLACEMENT_3D('',#4976,#4977,#4978);
#4981=CURVE_STYLE('',#21,POSITIVE_LENGTH_MEASURE(2.E-2),#3);
#4982=PRESENTATION_STYLE_ASSIGNMENT((#4981));
#4983=STYLED_ITEM('',(#4982),#4980);
#4984=CARTESIAN_POINT('',(0.E0,2.519685039370E-1,0.E0));
#4985=DIRECTION('',(0.E0,-1.E0,0.E0));
#4986=DIRECTION('',(-9.755530492184E-1,0.E0,2.197640738624E-1));
#4987=AXIS2_PLACEMENT_3D('',#4984,#4985,#4986);
#4989=CURVE_STYLE('',#21,POSITIVE_LENGTH_MEASURE(2.E-2),#3);
#4990=PRESENTATION_STYLE_ASSIGNMENT((#4989));
#4991=STYLED_ITEM('',(#4990),#4988);
#4992=DIRECTION('',(0.E0,-1.E0,0.E0));
#4993=VECTOR('',#4992,2.519685039371E-1);
#4994=CARTESIAN_POINT('',(-1.205043975239E0,2.519685039371E-1,
2.714617861058E-1));
#4995=LINE('',#4994,#4993);
#4996=CURVE_STYLE('',#21,POSITIVE_LENGTH_MEASURE(2.E-2),#3);
#4997=PRESENTATION_STYLE_ASSIGNMENT((#4996));
#4998=STYLED_ITEM('',(#4997),#4995);
#4999=CARTESIAN_POINT('',(0.E0,0.E0,0.E0));
#5000=DIRECTION('',(0.E0,1.E0,0.E0));
#5001=DIRECTION('',(-9.799805900137E-1,0.E0,1.990930516025E-1));
#5002=AXIS2_PLACEMENT_3D('',#4999,#5000,#5001);
#5004=CURVE_STYLE('',#21,POSITIVE_LENGTH_MEASURE(2.E-2),#3);
#5005=PRESENTATION_STYLE_ASSIGNMENT((#5004));
#5006=STYLED_ITEM('',(#5005),#5003);
#5007=CARTESIAN_POINT('',(-1.195057999144E0,2.519685039370E-1,
2.692122325938E-1));
#5008=DIRECTION('',(0.E0,1.E0,0.E0));
#5009=DIRECTION('',(-9.755530492184E-1,0.E0,2.197640738626E-1));
#5010=AXIS2_PLACEMENT_3D('',#5007,#5008,#5009);
#5012=CURVE_STYLE('',#21,POSITIVE_LENGTH_MEASURE(2.E-2),#3);
#5013=PRESENTATION_STYLE_ASSIGNMENT((#5012));
#5014=STYLED_ITEM('',(#5013),#5011);
#5015=DIRECTION('',(0.E0,-1.E0,0.E0));
#5016=VECTOR('',#5015,2.519685039370E-1);
#5017=CARTESIAN_POINT('',(-1.192277083787E0,2.519685039370E-1,
2.790634619251E-1));
#5018=LINE('',#5017,#5016);
#5019=CURVE_STYLE('',#21,POSITIVE_LENGTH_MEASURE(2.E-2),#3);
#5020=PRESENTATION_STYLE_ASSIGNMENT((#5019));
#5021=STYLED_ITEM('',(#5020),#5018);
#5022=CARTESIAN_POINT('',(-1.195057999144E0,0.E0,2.692122325938E-1));
#5023=DIRECTION('',(0.E0,1.E0,0.E0));
#5024=DIRECTION('',(-9.755530492184E-1,0.E0,2.197640738624E-1));
#5025=AXIS2_PLACEMENT_3D('',#5022,#5023,#5024);
#5027=CURVE_STYLE('',#21,POSITIVE_LENGTH_MEASURE(2.E-2),#3);
#5028=PRESENTATION_STYLE_ASSIGNMENT((#5027));
#5029=STYLED_ITEM('',(#5028),#5026);
#5030=CARTESIAN_POINT('',(-1.182971713169E0,0.E0,3.120271908413E-1));
#5031=DIRECTION('',(0.E0,1.E0,0.E0));
#5032=DIRECTION('',(2.383356959144E-1,0.E0,9.711828334835E-1));
#5033=AXIS2_PLACEMENT_3D('',#5030,#5031,#5032);
#5035=CURVE_STYLE('',#21,POSITIVE_LENGTH_MEASURE(2.E-2),#3);
#5036=PRESENTATION_STYLE_ASSIGNMENT((#5035));
#5037=STYLED_ITEM('',(#5036),#5034);
#5038=CARTESIAN_POINT('',(-1.182971713169E0,2.519685039370E-1,
3.120271908413E-1));
#5039=DIRECTION('',(0.E0,1.E0,0.E0));
#5040=DIRECTION('',(2.383356959144E-1,0.E0,9.711828334835E-1));
#5041=AXIS2_PLACEMENT_3D('',#5038,#5039,#5040);
#5043=CURVE_STYLE('',#21,POSITIVE_LENGTH_MEASURE(2.E-2),#3);
#5044=PRESENTATION_STYLE_ASSIGNMENT((#5043));
#5045=STYLED_ITEM('',(#5044),#5042);
#5046=DIRECTION('',(0.E0,-1.E0,0.E0));
#5047=VECTOR('',#5046,2.519685039370E-1);
#5048=CARTESIAN_POINT('',(-1.174808246420E0,2.519685039370E-1,
3.452921146653E-1));
#5049=LINE('',#5048,#5047);
#5050=CURVE_STYLE('',#21,POSITIVE_LENGTH_MEASURE(2.E-2),#3);
#5051=PRESENTATION_STYLE_ASSIGNMENT((#5050));
#5052=STYLED_ITEM('',(#5051),#5049);
#5053=CARTESIAN_POINT('',(-1.172368589690E0,2.519685039370E-1,
3.552333562679E-1));
#5054=DIRECTION('',(0.E0,1.E0,0.E0));
#5055=DIRECTION('',(-2.383356959144E-1,0.E0,-9.711828334835E-1));
#5056=AXIS2_PLACEMENT_3D('',#5053,#5054,#5055);
#5058=CURVE_STYLE('',#21,POSITIVE_LENGTH_MEASURE(2.E-2),#3);
#5059=PRESENTATION_STYLE_ASSIGNMENT((#5058));
#5060=STYLED_ITEM('',(#5059),#5057);
#5061=DIRECTION('',(0.E0,-1.E0,0.E0));
#5062=VECTOR('',#5061,2.519685039370E-1);
#5063=CARTESIAN_POINT('',(-1.182164971722E0,2.519685039370E-1,
3.582017074326E-1));
#5064=LINE('',#5063,#5062);
#5065=CURVE_STYLE('',#21,POSITIVE_LENGTH_MEASURE(2.E-2),#3);
#5066=PRESENTATION_STYLE_ASSIGNMENT((#5065));
#5067=STYLED_ITEM('',(#5066),#5064);
#5068=CARTESIAN_POINT('',(-1.172368589690E0,0.E0,3.552333562679E-1));
#5069=DIRECTION('',(0.E0,1.E0,0.E0));
#5070=DIRECTION('',(-2.383356959144E-1,0.E0,-9.711828334835E-1));
#5071=AXIS2_PLACEMENT_3D('',#5068,#5069,#5070);
#5073=CURVE_STYLE('',#21,POSITIVE_LENGTH_MEASURE(2.E-2),#3);
#5074=PRESENTATION_STYLE_ASSIGNMENT((#5073));
#5075=STYLED_ITEM('',(#5074),#5072);
#5076=CARTESIAN_POINT('',(0.E0,2.519685039370E-1,0.E0));
#5077=DIRECTION('',(0.E0,-1.E0,0.E0));
#5078=DIRECTION('',(-9.506874163590E-1,0.E0,3.101506672195E-1));
#5079=AXIS2_PLACEMENT_3D('',#5076,#5077,#5078);
#5081=CURVE_STYLE('',#21,POSITIVE_LENGTH_MEASURE(2.E-2),#3);
#5082=PRESENTATION_STYLE_ASSIGNMENT((#5081));
#5083=STYLED_ITEM('',(#5082),#5080);
#5084=DIRECTION('',(0.E0,-1.E0,0.E0));
#5085=VECTOR('',#5084,2.519685039370E-1);
#5086=CARTESIAN_POINT('',(-1.174328904344E0,2.519685039370E-1,
3.831110909330E-1));
#5087=LINE('',#5086,#5085);
#5088=CURVE_STYLE('',#21,POSITIVE_LENGTH_MEASURE(2.E-2),#3);
#5089=PRESENTATION_STYLE_ASSIGNMENT((#5088));
#5090=STYLED_ITEM('',(#5089),#5087);
#5091=CARTESIAN_POINT('',(0.E0,0.E0,0.E0));
#5092=DIRECTION('',(0.E0,1.E0,0.E0));
#5093=DIRECTION('',(-9.570311677750E-1,0.E0,2.899850753181E-1));
#5094=AXIS2_PLACEMENT_3D('',#5091,#5092,#5093);
#5096=CURVE_STYLE('',#21,POSITIVE_LENGTH_MEASURE(2.E-2),#3);
#5097=PRESENTATION_STYLE_ASSIGNMENT((#5096));
#5098=STYLED_ITEM('',(#5097),#5095);
#5099=CARTESIAN_POINT('',(-1.164597458350E0,2.519685039370E-1,
3.799363203237E-1));
#5100=DIRECTION('',(0.E0,1.E0,0.E0));
#5101=DIRECTION('',(-9.506874163589E-1,0.E0,3.101506672197E-1));
#5102=AXIS2_PLACEMENT_3D('',#5099,#5100,#5101);
#5104=CURVE_STYLE('',#21,POSITIVE_LENGTH_MEASURE(2.E-2),#3);
#5105=PRESENTATION_STYLE_ASSIGNMENT((#5104));
#5106=STYLED_ITEM('',(#5105),#5103);
#5107=DIRECTION('',(0.E0,-1.E0,0.E0));
#5108=VECTOR('',#5107,2.519685039370E-1);
#5109=CARTESIAN_POINT('',(-1.160906278597E0,2.519685039370E-1,
3.894838541199E-1));
#5110=LINE('',#5109,#5108);
#5111=CURVE_STYLE('',#21,POSITIVE_LENGTH_MEASURE(2.E-2),#3);
#5112=PRESENTATION_STYLE_ASSIGNMENT((#5111));
#5113=STYLED_ITEM('',(#5112),#5110);
#5114=CARTESIAN_POINT('',(-1.164597458350E0,0.E0,3.799363203237E-1));
#5115=DIRECTION('',(0.E0,1.E0,0.E0));
#5116=DIRECTION('',(-9.506874163590E-1,0.E0,3.101506672195E-1));
#5117=AXIS2_PLACEMENT_3D('',#5114,#5115,#5116);
#5119=CURVE_STYLE('',#21,POSITIVE_LENGTH_MEASURE(2.E-2),#3);
#5120=PRESENTATION_STYLE_ASSIGNMENT((#5119));
#5121=STYLED_ITEM('',(#5120),#5118);
#5122=CARTESIAN_POINT('',(-1.148555023269E0,0.E0,4.214313710533E-1));
#5123=DIRECTION('',(0.E0,1.E0,0.E0));
#5124=DIRECTION('',(3.282314517194E-1,0.E0,9.445973290785E-1));
#5125=AXIS2_PLACEMENT_3D('',#5122,#5123,#5124);
#5127=CURVE_STYLE('',#21,POSITIVE_LENGTH_MEASURE(2.E-2),#3);
#5128=PRESENTATION_STYLE_ASSIGNMENT((#5127));
#5129=STYLED_ITEM('',(#5128),#5126);
#5130=CARTESIAN_POINT('',(-1.148555023269E0,2.519685039370E-1,
4.214313710533E-1));
#5131=DIRECTION('',(0.E0,1.E0,0.E0));
#5132=DIRECTION('',(3.282314517194E-1,0.E0,9.445973290785E-1));
#5133=AXIS2_PLACEMENT_3D('',#5130,#5131,#5132);
#5135=CURVE_STYLE('',#21,POSITIVE_LENGTH_MEASURE(2.E-2),#3);
#5136=PRESENTATION_STYLE_ASSIGNMENT((#5135));
#5137=STYLED_ITEM('',(#5136),#5134);
#5138=DIRECTION('',(0.E0,-1.E0,0.E0));
#5139=VECTOR('',#5138,2.519685039370E-1);
#5140=CARTESIAN_POINT('',(-1.137312449922E0,2.519685039370E-1,
4.537856890178E-1));
#5141=LINE('',#5140,#5139);
#5142=CURVE_STYLE('',#21,POSITIVE_LENGTH_MEASURE(2.E-2),#3);
#5143=PRESENTATION_STYLE_ASSIGNMENT((#5142));
#5144=STYLED_ITEM('',(#5143),#5141);
#5145=CARTESIAN_POINT('',(-1.133952600417E0,2.519685039370E-1,
4.634547955359E-1));
#5146=DIRECTION('',(0.E0,1.E0,0.E0));
#5147=DIRECTION('',(-3.282314517192E-1,0.E0,-9.445973290785E-1));
#5148=AXIS2_PLACEMENT_3D('',#5145,#5146,#5147);
#5150=CURVE_STYLE('',#21,POSITIVE_LENGTH_MEASURE(2.E-2),#3);
#5151=PRESENTATION_STYLE_ASSIGNMENT((#5150));
#5152=STYLED_ITEM('',(#5151),#5149);
#5153=DIRECTION('',(0.E0,-1.E0,0.E0));
#5154=VECTOR('',#5153,2.519685039370E-1);
#5155=CARTESIAN_POINT('',(-1.143427976146E0,2.519685039370E-1,
4.673274515178E-1));
#5156=LINE('',#5155,#5154);
#5157=CURVE_STYLE('',#21,POSITIVE_LENGTH_MEASURE(2.E-2),#3);
#5158=PRESENTATION_STYLE_ASSIGNMENT((#5157));
#5159=STYLED_ITEM('',(#5158),#5156);
#5160=CARTESIAN_POINT('',(-1.133952600417E0,0.E0,4.634547955359E-1));
#5161=DIRECTION('',(0.E0,1.E0,0.E0));
#5162=DIRECTION('',(-3.282314517192E-1,0.E0,-9.445973290785E-1));
#5163=AXIS2_PLACEMENT_3D('',#5160,#5161,#5162);
#5165=CURVE_STYLE('',#21,POSITIVE_LENGTH_MEASURE(2.E-2),#3);
#5166=PRESENTATION_STYLE_ASSIGNMENT((#5165));
#5167=STYLED_ITEM('',(#5166),#5164);
#5168=CARTESIAN_POINT('',(0.E0,2.519685039370E-1,0.E0));
#5169=DIRECTION('',(0.E0,-1.E0,0.E0));
#5170=DIRECTION('',(-9.174671083014E-1,0.E0,3.978116453612E-1));
#5171=AXIS2_PLACEMENT_3D('',#5168,#5169,#5170);
#5173=CURVE_STYLE('',#21,POSITIVE_LENGTH_MEASURE(2.E-2),#3);
#5174=PRESENTATION_STYLE_ASSIGNMENT((#5173));
#5175=STYLED_ITEM('',(#5174),#5172);
#5176=DIRECTION('',(0.E0,-1.E0,0.E0));
#5177=VECTOR('',#5176,2.519685039370E-1);
#5178=CARTESIAN_POINT('',(-1.133293788814E0,2.519685039370E-1,
4.913936017179E-1));
#5179=LINE('',#5178,#5177);
#5180=CURVE_STYLE('',#21,POSITIVE_LENGTH_MEASURE(2.E-2),#3);
#5181=PRESENTATION_STYLE_ASSIGNMENT((#5180));
#5182=STYLED_ITEM('',(#5181),#5179);
#5183=CARTESIAN_POINT('',(0.E0,0.E0,0.E0));
#5184=DIRECTION('',(0.E0,1.E0,0.E0));
#5185=DIRECTION('',(-9.256713212227E-1,0.E0,3.783286997650E-1));
#5186=AXIS2_PLACEMENT_3D('',#5183,#5184,#5185);
#5188=CURVE_STYLE('',#21,POSITIVE_LENGTH_MEASURE(2.E-2),#3);
#5189=PRESENTATION_STYLE_ASSIGNMENT((#5188));
#5190=STYLED_ITEM('',(#5189),#5187);
#5191=CARTESIAN_POINT('',(-1.123902393218E0,2.519685039370E-1,
4.873215140095E-1));
#5192=DIRECTION('',(0.E0,1.E0,0.E0));
#5193=DIRECTION('',(-9.174671083012E-1,0.E0,3.978116453617E-1));
#5194=AXIS2_PLACEMENT_3D('',#5191,#5192,#5193);
#5196=CURVE_STYLE('',#21,POSITIVE_LENGTH_MEASURE(2.E-2),#3);
#5197=PRESENTATION_STYLE_ASSIGNMENT((#5196));
#5198=STYLED_ITEM('',(#5197),#5195);
#5199=DIRECTION('',(0.E0,-1.E0,0.E0));
#5200=VECTOR('',#5199,2.519685039370E-1);
#5201=CARTESIAN_POINT('',(-1.119333387288E0,2.519685039370E-1,
4.964814482003E-1));
#5202=LINE('',#5201,#5200);
#5203=CURVE_STYLE('',#21,POSITIVE_LENGTH_MEASURE(2.E-2),#3);
#5204=PRESENTATION_STYLE_ASSIGNMENT((#5203));
#5205=STYLED_ITEM('',(#5204),#5202);
#5206=CARTESIAN_POINT('',(-1.123902393218E0,0.E0,4.873215140095E-1));
#5207=DIRECTION('',(0.E0,1.E0,0.E0));
#5208=DIRECTION('',(-9.174671083014E-1,0.E0,3.978116453613E-1));
#5209=AXIS2_PLACEMENT_3D('',#5206,#5207,#5208);
#5211=CURVE_STYLE('',#21,POSITIVE_LENGTH_MEASURE(2.E-2),#3);
#5212=PRESENTATION_STYLE_ASSIGNMENT((#5211));
#5213=STYLED_ITEM('',(#5212),#5210);
#5214=CARTESIAN_POINT('',(-1.104044790526E0,0.E0,5.271319972234E-1));
#5215=DIRECTION('',(0.E0,1.E0,0.E0));
#5216=DIRECTION('',(4.152426977245E-1,0.E0,9.097106693815E-1));
#5217=AXIS2_PLACEMENT_3D('',#5214,#5215,#5216);
#5219=CURVE_STYLE('',#21,POSITIVE_LENGTH_MEASURE(2.E-2),#3);
#5220=PRESENTATION_STYLE_ASSIGNMENT((#5219));
#5221=STYLED_ITEM('',(#5220),#5218);
#5222=CARTESIAN_POINT('',(-1.104044790526E0,2.519685039370E-1,
5.271319972234E-1));
#5223=DIRECTION('',(0.E0,1.E0,0.E0));
#5224=DIRECTION('',(4.152426977245E-1,0.E0,9.097106693815E-1));
#5225=AXIS2_PLACEMENT_3D('',#5222,#5223,#5224);
#5227=CURVE_STYLE('',#21,POSITIVE_LENGTH_MEASURE(2.E-2),#3);
#5228=PRESENTATION_STYLE_ASSIGNMENT((#5227));
#5229=STYLED_ITEM('',(#5228),#5226);
#5230=DIRECTION('',(0.E0,-1.E0,0.E0));
#5231=VECTOR('',#5230,2.519685039370E-1);
#5232=CARTESIAN_POINT('',(-1.089821910722E0,2.519685039370E-1,
5.582913784187E-1));
#5233=LINE('',#5232,#5231);
#5234=CURVE_STYLE('',#21,POSITIVE_LENGTH_MEASURE(2.E-2),#3);
#5235=PRESENTATION_STYLE_ASSIGNMENT((#5234));
#5236=STYLED_ITEM('',(#5235),#5233);
#5237=CARTESIAN_POINT('',(-1.085571394918E0,2.519685039370E-1,
5.676033773966E-1));
#5238=DIRECTION('',(0.E0,1.E0,0.E0));
#5239=DIRECTION('',(-4.152426977247E-1,0.E0,-9.097106693814E-1));
#5240=AXIS2_PLACEMENT_3D('',#5237,#5238,#5239);
#5242=CURVE_STYLE('',#21,POSITIVE_LENGTH_MEASURE(2.E-2),#3);
#5243=PRESENTATION_STYLE_ASSIGNMENT((#5242));
#5244=STYLED_ITEM('',(#5243),#5241);
#5245=DIRECTION('',(0.E0,-1.E0,0.E0));
#5246=VECTOR('',#5245,2.519685039370E-1);
#5247=CARTESIAN_POINT('',(-1.094642494401E0,2.519685039370E-1,
5.723463051556E-1));
#5248=LINE('',#5247,#5246);
#5249=CURVE_STYLE('',#21,POSITIVE_LENGTH_MEASURE(2.E-2),#3);
#5250=PRESENTATION_STYLE_ASSIGNMENT((#5249));
#5251=STYLED_ITEM('',(#5250),#5248);
#5252=CARTESIAN_POINT('',(-1.085571394918E0,0.E0,5.676033773966E-1));
#5253=DIRECTION('',(0.E0,1.E0,0.E0));
#5254=DIRECTION('',(-4.152426977247E-1,0.E0,-9.097106693814E-1));
#5255=AXIS2_PLACEMENT_3D('',#5252,#5253,#5254);
#5257=CURVE_STYLE('',#21,POSITIVE_LENGTH_MEASURE(2.E-2),#3);
#5258=PRESENTATION_STYLE_ASSIGNMENT((#5257));
#5259=STYLED_ITEM('',(#5258),#5256);
#5260=CARTESIAN_POINT('',(0.E0,2.519685039370E-1,0.E0));
#5261=DIRECTION('',(0.E0,-1.E0,0.E0));
#5262=DIRECTION('',(-8.761840663075E-1,0.E0,4.819766404597E-1));
#5263=AXIS2_PLACEMENT_3D('',#5260,#5261,#5262);
#5265=CURVE_STYLE('',#21,POSITIVE_LENGTH_MEASURE(2.E-2),#3);
#5266=PRESENTATION_STYLE_ASSIGNMENT((#5265));
#5267=STYLED_ITEM('',(#5266),#5264);
#5268=DIRECTION('',(0.E0,-1.E0,0.E0));
#5269=VECTOR('',#5268,2.519685039370E-1);
#5270=CARTESIAN_POINT('',(-1.082299246719E0,2.519685039370E-1,
5.953577278622E-1));
#5271=LINE('',#5270,#5269);
#5272=CURVE_STYLE('',#21,POSITIVE_LENGTH_MEASURE(2.E-2),#3);
#5273=PRESENTATION_STYLE_ASSIGNMENT((#5272));
#5274=STYLED_ITEM('',(#5273),#5271);
#5275=CARTESIAN_POINT('',(0.E0,0.E0,0.E0));
#5276=DIRECTION('',(0.E0,1.E0,0.E0));
#5277=DIRECTION('',(-8.861766418158E-1,0.E0,4.633475579951E-1));
#5278=AXIS2_PLACEMENT_3D('',#5275,#5276,#5277);
#5280=CURVE_STYLE('',#21,POSITIVE_LENGTH_MEASURE(2.E-2),#3);
#5281=PRESENTATION_STYLE_ASSIGNMENT((#5280));
#5282=STYLED_ITEM('',(#5281),#5279);
#5283=CARTESIAN_POINT('',(-1.073330433442E0,2.519685039370E-1,
5.904241087079E-1));
#5284=DIRECTION('',(0.E0,1.E0,0.E0));
#5285=DIRECTION('',(-8.761840663073E-1,0.E0,4.819766404602E-1));
#5286=AXIS2_PLACEMENT_3D('',#5283,#5284,#5285);
#5288=CURVE_STYLE('',#21,POSITIVE_LENGTH_MEASURE(2.E-2),#3);
#5289=PRESENTATION_STYLE_ASSIGNMENT((#5288));
#5290=STYLED_ITEM('',(#5289),#5287);
#5291=DIRECTION('',(0.E0,-1.E0,0.E0));
#5292=VECTOR('',#5291,2.519685039370E-1);
#5293=CARTESIAN_POINT('',(-1.067923753926E0,2.519685039370E-1,
5.991159454623E-1));
#5294=LINE('',#5293,#5292);
#5295=CURVE_STYLE('',#21,POSITIVE_LENGTH_MEASURE(2.E-2),#3);
#5296=PRESENTATION_STYLE_ASSIGNMENT((#5295));
#5297=STYLED_ITEM('',(#5296),#5294);
#5298=CARTESIAN_POINT('',(-1.073330433442E0,0.E0,5.904241087079E-1));
#5299=DIRECTION('',(0.E0,1.E0,0.E0));
#5300=DIRECTION('',(-8.761840663075E-1,0.E0,4.819766404598E-1));
#5301=AXIS2_PLACEMENT_3D('',#5298,#5299,#5300);
#5303=CURVE_STYLE('',#21,POSITIVE_LENGTH_MEASURE(2.E-2),#3);
#5304=PRESENTATION_STYLE_ASSIGNMENT((#5303));
#5305=STYLED_ITEM('',(#5304),#5302);
#5306=CARTESIAN_POINT('',(-1.049832172466E0,0.E0,6.282001684482E-1));
#5307=DIRECTION('',(0.E0,1.E0,0.E0));
#5308=DIRECTION('',(4.986047759717E-1,0.E0,8.668294396121E-1));
#5309=AXIS2_PLACEMENT_3D('',#5306,#5307,#5308);
#5311=CURVE_STYLE('',#21,POSITIVE_LENGTH_MEASURE(2.E-2),#3);
#5312=PRESENTATION_STYLE_ASSIGNMENT((#5311));
#5313=STYLED_ITEM('',(#5312),#5310);
#5314=CARTESIAN_POINT('',(-1.049832172466E0,2.519685039370E-1,
6.282001684482E-1));
#5315=DIRECTION('',(0.E0,1.E0,0.E0));
#5316=DIRECTION('',(4.986047759717E-1,0.E0,8.668294396121E-1));
#5317=AXIS2_PLACEMENT_3D('',#5314,#5315,#5316);
#5319=CURVE_STYLE('',#21,POSITIVE_LENGTH_MEASURE(2.E-2),#3);
#5320=PRESENTATION_STYLE_ASSIGNMENT((#5319));
#5321=STYLED_ITEM('',(#5320),#5318);
#5322=DIRECTION('',(0.E0,-1.E0,0.E0));
#5323=VECTOR('',#5322,2.519685039370E-1);
#5324=CARTESIAN_POINT('',(-1.032753977384E0,2.519685039370E-1,
6.578907831121E-1));
#5325=LINE('',#5324,#5323);
#5326=CURVE_STYLE('',#21,POSITIVE_LENGTH_MEASURE(2.E-2),#3);
#5327=PRESENTATION_STYLE_ASSIGNMENT((#5326));
#5328=STYLED_ITEM('',(#5327),#5325);
#5329=CARTESIAN_POINT('',(-1.027650148968E0,2.519685039370E-1,
6.667638403679E-1));
#5330=DIRECTION('',(0.E0,1.E0,0.E0));
#5331=DIRECTION('',(-4.986047759717E-1,0.E0,-8.668294396121E-1));
#5332=AXIS2_PLACEMENT_3D('',#5329,#5330,#5331);
#5334=CURVE_STYLE('',#21,POSITIVE_LENGTH_MEASURE(2.E-2),#3);
#5335=PRESENTATION_STYLE_ASSIGNMENT((#5334));
#5336=STYLED_ITEM('',(#5335),#5333);
#5337=DIRECTION('',(0.E0,-1.E0,0.E0));
#5338=VECTOR('',#5337,2.519685039370E-1);
#5339=CARTESIAN_POINT('',(-1.036237255057E0,2.519685039370E-1,
6.723353588844E-1));
#5340=LINE('',#5339,#5338);
#5341=CURVE_STYLE('',#21,POSITIVE_LENGTH_MEASURE(2.E-2),#3);
#5342=PRESENTATION_STYLE_ASSIGNMENT((#5341));
#5343=STYLED_ITEM('',(#5342),#5340);
#5344=CARTESIAN_POINT('',(-1.027650148968E0,0.E0,6.667638403679E-1));
#5345=DIRECTION('',(0.E0,1.E0,0.E0));
#5346=DIRECTION('',(-4.986047759717E-1,0.E0,-8.668294396121E-1));
#5347=AXIS2_PLACEMENT_3D('',#5344,#5345,#5346);
#5349=CURVE_STYLE('',#21,POSITIVE_LENGTH_MEASURE(2.E-2),#3);
#5350=PRESENTATION_STYLE_ASSIGNMENT((#5349));
#5351=STYLED_ITEM('',(#5350),#5348);
#5352=CARTESIAN_POINT('',(0.E0,2.519685039370E-1,0.E0));
#5353=DIRECTION('',(0.E0,-1.E0,0.E0));
#5354=DIRECTION('',(-8.272010872346E-1,0.E0,5.619060075118E-1));
#5355=AXIS2_PLACEMENT_3D('',#5352,#5353,#5354);
#5357=CURVE_STYLE('',#21,POSITIVE_LENGTH_MEASURE(2.E-2),#3);
#5358=PRESENTATION_STYLE_ASSIGNMENT((#5357));
#5359=STYLED_ITEM('',(#5358),#5356);
#5360=DIRECTION('',(0.E0,-1.E0,0.E0));
#5361=VECTOR('',#5360,2.519685039370E-1);
#5362=CARTESIAN_POINT('',(-1.021793419929E0,2.519685039370E-1,
6.940898288873E-1));
#5363=LINE('',#5362,#5361);
#5364=CURVE_STYLE('',#21,POSITIVE_LENGTH_MEASURE(2.E-2),#3);
#5365=PRESENTATION_STYLE_ASSIGNMENT((#5364));
#5366=STYLED_ITEM('',(#5365),#5363);
#5367=CARTESIAN_POINT('',(0.E0,0.E0,0.E0));
#5368=DIRECTION('',(0.E0,1.E0,0.E0));
#5369=DIRECTION('',(-8.388942102171E-1,0.E0,5.442945012253E-1));
#5370=AXIS2_PLACEMENT_3D('',#5367,#5368,#5369);
#5372=CURVE_STYLE('',#21,POSITIVE_LENGTH_MEASURE(2.E-2),#3);
#5373=PRESENTATION_STYLE_ASSIGNMENT((#5372));
#5374=STYLED_ITEM('',(#5373),#5371);
#5375=CARTESIAN_POINT('',(-1.013326007225E0,2.519685039370E-1,
6.883380351096E-1));
#5376=DIRECTION('',(0.E0,1.E0,0.E0));
#5377=DIRECTION('',(-8.272010872343E-1,0.E0,5.619060075123E-1));
#5378=AXIS2_PLACEMENT_3D('',#5375,#5376,#5377);
#5380=CURVE_STYLE('',#21,POSITIVE_LENGTH_MEASURE(2.E-2),#3);
#5381=PRESENTATION_STYLE_ASSIGNMENT((#5380));
#5382=STYLED_ITEM('',(#5381),#5379);
#5383=DIRECTION('',(0.E0,-1.E0,0.E0));
#5384=VECTOR('',#5383,2.519685039370E-1);
#5385=CARTESIAN_POINT('',(-1.007129168215E0,2.519685039370E-1,
6.964853902537E-1));
#5386=LINE('',#5385,#5384);
#5387=CURVE_STYLE('',#21,POSITIVE_LENGTH_MEASURE(2.E-2),#3);
#5388=PRESENTATION_STYLE_ASSIGNMENT((#5387));
#5389=STYLED_ITEM('',(#5388),#5386);
#5390=CARTESIAN_POINT('',(-1.013326007225E0,0.E0,6.883380351096E-1));
#5391=DIRECTION('',(0.E0,1.E0,0.E0));
#5392=DIRECTION('',(-8.272010872346E-1,0.E0,5.619060075118E-1));
#5393=AXIS2_PLACEMENT_3D('',#5390,#5391,#5392);
#5395=CURVE_STYLE('',#21,POSITIVE_LENGTH_MEASURE(2.E-2),#3);
#5396=PRESENTATION_STYLE_ASSIGNMENT((#5395));
#5397=STYLED_ITEM('',(#5396),#5394);
#5398=CARTESIAN_POINT('',(-9.863935915272E-1,0.E0,7.237476940050E-1));
#5399=DIRECTION('',(0.E0,1.E0,0.E0));
#5400=DIRECTION('',(5.775850975196E-1,0.E0,8.163304815596E-1));
#5401=AXIS2_PLACEMENT_3D('',#5398,#5399,#5400);
#5403=CURVE_STYLE('',#21,POSITIVE_LENGTH_MEASURE(2.E-2),#3);
#5404=PRESENTATION_STYLE_ASSIGNMENT((#5403));
#5405=STYLED_ITEM('',(#5404),#5402);
#5406=CARTESIAN_POINT('',(-9.863935915272E-1,2.519685039370E-1,
7.237476940050E-1));
#5407=DIRECTION('',(0.E0,1.E0,0.E0));
#5408=DIRECTION('',(5.775850975196E-1,0.E0,8.163304815596E-1));
#5409=AXIS2_PLACEMENT_3D('',#5406,#5407,#5408);
#5411=CURVE_STYLE('',#21,POSITIVE_LENGTH_MEASURE(2.E-2),#3);
#5412=PRESENTATION_STYLE_ASSIGNMENT((#5411));
#5413=STYLED_ITEM('',(#5412),#5410);
#5414=DIRECTION('',(0.E0,-1.E0,0.E0));
#5415=VECTOR('',#5414,2.519685039370E-1);
#5416=CARTESIAN_POINT('',(-9.666101649586E-1,2.519685039370E-1,
7.517086199482E-1));
#5417=LINE('',#5416,#5415);
#5418=CURVE_STYLE('',#21,POSITIVE_LENGTH_MEASURE(2.E-2),#3);
#5419=PRESENTATION_STYLE_ASSIGNMENT((#5418));
#5420=STYLED_ITEM('',(#5419),#5417);
#5421=CARTESIAN_POINT('',(-9.606978765588E-1,2.519685039370E-1,
7.600647587358E-1));
#5422=DIRECTION('',(0.E0,1.E0,0.E0));
#5423=DIRECTION('',(-5.775850975196E-1,0.E0,-8.163304815596E-1));
#5424=AXIS2_PLACEMENT_3D('',#5421,#5422,#5423);
#5426=CURVE_STYLE('',#21,POSITIVE_LENGTH_MEASURE(2.E-2),#3);
#5427=PRESENTATION_STYLE_ASSIGNMENT((#5426));
#5428=STYLED_ITEM('',(#5427),#5425);
#5429=DIRECTION('',(0.E0,-1.E0,0.E0));
#5430=VECTOR('',#5429,2.519685039370E-1);
#5431=CARTESIAN_POINT('',(-9.687255254562E-1,2.519685039370E-1,
7.664159053047E-1));
#5432=LINE('',#5431,#5430);
#5433=CURVE_STYLE('',#21,POSITIVE_LENGTH_MEASURE(2.E-2),#3);
#5434=PRESENTATION_STYLE_ASSIGNMENT((#5433));
#5435=STYLED_ITEM('',(#5434),#5432);
#5436=CARTESIAN_POINT('',(-9.606978765588E-1,0.E0,7.600647587358E-1));
#5437=DIRECTION('',(0.E0,1.E0,0.E0));
#5438=DIRECTION('',(-5.775850975196E-1,0.E0,-8.163304815596E-1));
#5439=AXIS2_PLACEMENT_3D('',#5436,#5437,#5438);
#5441=CURVE_STYLE('',#21,POSITIVE_LENGTH_MEASURE(2.E-2),#3);
#5442=PRESENTATION_STYLE_ASSIGNMENT((#5441));
#5443=STYLED_ITEM('',(#5442),#5440);
#5444=CARTESIAN_POINT('',(0.E0,2.519685039370E-1,0.E0));
#5445=DIRECTION('',(0.E0,-1.E0,0.E0));
#5446=DIRECTION('',(-7.709486352641E-1,0.E0,6.368973243659E-1));
#5447=AXIS2_PLACEMENT_3D('',#5444,#5445,#5446);
#5449=CURVE_STYLE('',#21,POSITIVE_LENGTH_MEASURE(2.E-2),#3);
#5450=PRESENTATION_STYLE_ASSIGNMENT((#5449));
#5451=STYLED_ITEM('',(#5450),#5448);
#5452=DIRECTION('',(0.E0,-1.E0,0.E0));
#5453=VECTOR('',#5452,2.519685039370E-1);
#5454=CARTESIAN_POINT('',(-9.523080358240E-1,2.519685039370E-1,
7.867222435393E-1));
#5455=LINE('',#5454,#5453);
#5456=CURVE_STYLE('',#21,POSITIVE_LENGTH_MEASURE(2.E-2),#3);
#5457=PRESENTATION_STYLE_ASSIGNMENT((#5456));
#5458=STYLED_ITEM('',(#5457),#5455);
#5459=CARTESIAN_POINT('',(0.E0,0.E0,0.E0));
#5460=DIRECTION('',(0.E0,1.E0,0.E0));
#5461=DIRECTION('',(-7.842395461356E-1,0.E0,6.204581648081E-1));
#5462=AXIS2_PLACEMENT_3D('',#5459,#5460,#5461);
#5464=CURVE_STYLE('',#21,POSITIVE_LENGTH_MEASURE(2.E-2),#3);
#5465=PRESENTATION_STYLE_ASSIGNMENT((#5464));
#5466=STYLED_ITEM('',(#5465),#5463);
#5467=CARTESIAN_POINT('',(-9.444164356205E-1,2.519685039370E-1,
7.802028221087E-1));
#5468=DIRECTION('',(0.E0,1.E0,0.E0));
#5469=DIRECTION('',(-7.709486352637E-1,0.E0,6.368973243664E-1));
#5470=AXIS2_PLACEMENT_3D('',#5467,#5468,#5469);
#5472=CURVE_STYLE('',#21,POSITIVE_LENGTH_MEASURE(2.E-2),#3);
#5473=PRESENTATION_STYLE_ASSIGNMENT((#5472));
#5474=STYLED_ITEM('',(#5473),#5471);
#5475=DIRECTION('',(0.E0,-1.E0,0.E0));
#5476=VECTOR('',#5475,2.519685039370E-1);
#5477=CARTESIAN_POINT('',(-9.374838951610E-1,2.519685039370E-1,
7.877340963925E-1));
#5478=LINE('',#5477,#5476);
#5479=CURVE_STYLE('',#21,POSITIVE_LENGTH_MEASURE(2.E-2),#3);
#5480=PRESENTATION_STYLE_ASSIGNMENT((#5479));
#5481=STYLED_ITEM('',(#5480),#5478);
#5482=CARTESIAN_POINT('',(-9.444164356205E-1,0.E0,7.802028221087E-1));
#5483=DIRECTION('',(0.E0,1.E0,0.E0));
#5484=DIRECTION('',(-7.709486352641E-1,0.E0,6.368973243659E-1));
#5485=AXIS2_PLACEMENT_3D('',#5482,#5483,#5484);
#5487=CURVE_STYLE('',#21,POSITIVE_LENGTH_MEASURE(2.E-2),#3);
#5488=PRESENTATION_STYLE_ASSIGNMENT((#5487));
#5489=STYLED_ITEM('',(#5488),#5486);
#5490=CARTESIAN_POINT('',(-9.142865482388E-1,0.E0,8.129348988037E-1));
#5491=DIRECTION('',(0.E0,1.E0,0.E0));
#5492=DIRECTION('',(6.514895804628E-1,0.E0,7.586575818829E-1));
#5493=AXIS2_PLACEMENT_3D('',#5490,#5491,#5492);
#5495=CURVE_STYLE('',#21,POSITIVE_LENGTH_MEASURE(2.E-2),#3);
#5496=PRESENTATION_STYLE_ASSIGNMENT((#5495));
#5497=STYLED_ITEM('',(#5496),#5494);
#5498=CARTESIAN_POINT('',(-9.142865482388E-1,2.519685039370E-1,
8.129348988037E-1));
#5499=DIRECTION('',(0.E0,1.E0,0.E0));
#5500=DIRECTION('',(6.514895804628E-1,0.E0,7.586575818829E-1));
#5501=AXIS2_PLACEMENT_3D('',#5498,#5499,#5500);
#5503=CURVE_STYLE('',#21,POSITIVE_LENGTH_MEASURE(2.E-2),#3);
#5504=PRESENTATION_STYLE_ASSIGNMENT((#5503));
#5505=STYLED_ITEM('',(#5504),#5502);
#5506=DIRECTION('',(0.E0,-1.E0,0.E0));
#5507=VECTOR('',#5506,2.519685039370E-1);
#5508=CARTESIAN_POINT('',(-8.919717476482E-1,2.519685039370E-1,
8.389204144036E-1));
#5509=LINE('',#5508,#5507);
#5510=CURVE_STYLE('',#21,POSITIVE_LENGTH_MEASURE(2.E-2),#3);
#5511=PRESENTATION_STYLE_ASSIGNMENT((#5510));
#5512=STYLED_ITEM('',(#5511),#5509);
#5513=CARTESIAN_POINT('',(-8.853029566671E-1,2.519685039370E-1,
8.466862006749E-1));
#5514=DIRECTION('',(0.E0,1.E0,0.E0));
#5515=DIRECTION('',(-6.514895804625E-1,0.E0,-7.586575818831E-1));
#5516=AXIS2_PLACEMENT_3D('',#5513,#5514,#5515);
#5518=CURVE_STYLE('',#21,POSITIVE_LENGTH_MEASURE(2.E-2),#3);
#5519=PRESENTATION_STYLE_ASSIGNMENT((#5518));
#5520=STYLED_ITEM('',(#5519),#5517);
#5521=DIRECTION('',(0.E0,-1.E0,0.E0));
#5522=VECTOR('',#5521,2.519685039370E-1);
#5523=CARTESIAN_POINT('',(-8.927006011060E-1,2.519685039370E-1,
8.537611611918E-1));
#5524=LINE('',#5523,#5522);
#5525=CURVE_STYLE('',#21,POSITIVE_LENGTH_MEASURE(2.E-2),#3);
#5526=PRESENTATION_STYLE_ASSIGNMENT((#5525));
#5527=STYLED_ITEM('',(#5526),#5524);
#5528=CARTESIAN_POINT('',(-8.853029566671E-1,0.E0,8.466862006749E-1));
#5529=DIRECTION('',(0.E0,1.E0,0.E0));
#5530=DIRECTION('',(-6.514895804625E-1,0.E0,-7.586575818831E-1));
#5531=AXIS2_PLACEMENT_3D('',#5528,#5529,#5530);
#5533=CURVE_STYLE('',#21,POSITIVE_LENGTH_MEASURE(2.E-2),#3);
#5534=PRESENTATION_STYLE_ASSIGNMENT((#5533));
#5535=STYLED_ITEM('',(#5534),#5532);
#5536=CARTESIAN_POINT('',(0.E0,2.519685039370E-1,0.E0));
#5537=DIRECTION('',(0.E0,-1.E0,0.E0));
#5538=DIRECTION('',(-7.079210589665E-1,0.E0,7.062915646330E-1));
#5539=AXIS2_PLACEMENT_3D('',#5536,#5537,#5538);
#5541=CURVE_STYLE('',#21,POSITIVE_LENGTH_MEASURE(2.E-2),#3);
#5542=PRESENTATION_STYLE_ASSIGNMENT((#5541));
#5543=STYLED_ITEM('',(#5542),#5540);
#5544=DIRECTION('',(0.E0,-1.E0,0.E0));
#5545=VECTOR('',#5544,2.519685039370E-1);
#5546=CARTESIAN_POINT('',(-8.744537344591E-1,2.519685039370E-1,
8.724409148275E-1));
#5547=LINE('',#5546,#5545);
#5548=CURVE_STYLE('',#21,POSITIVE_LENGTH_MEASURE(2.E-2),#3);
#5549=PRESENTATION_STYLE_ASSIGNMENT((#5548));
#5550=STYLED_ITEM('',(#5549),#5547);
#5551=CARTESIAN_POINT('',(0.E0,0.E0,0.E0));
#5552=DIRECTION('',(0.E0,1.E0,0.E0));
#5553=DIRECTION('',(-7.226929567244E-1,0.E0,6.911692197291E-1));
#5554=AXIS2_PLACEMENT_3D('',#5551,#5552,#5553);
#5556=CURVE_STYLE('',#21,POSITIVE_LENGTH_MEASURE(2.E-2),#3);
#5557=PRESENTATION_STYLE_ASSIGNMENT((#5556));
#5558=STYLED_ITEM('',(#5557),#5555);
#5559=CARTESIAN_POINT('',(-8.672072984224E-1,2.519685039370E-1,
8.652111586541E-1));
#5560=DIRECTION('',(0.E0,1.E0,0.E0));
#5561=DIRECTION('',(-7.079210589659E-1,0.E0,7.062915646336E-1));
#5562=AXIS2_PLACEMENT_3D('',#5559,#5560,#5561);
#5564=CURVE_STYLE('',#21,POSITIVE_LENGTH_MEASURE(2.E-2),#3);
#5565=PRESENTATION_STYLE_ASSIGNMENT((#5564));
#5566=STYLED_ITEM('',(#5565),#5563);
#5567=DIRECTION('',(0.E0,-1.E0,0.E0));
#5568=VECTOR('',#5567,2.519685039370E-1);
#5569=CARTESIAN_POINT('',(-8.595999799283E-1,2.519685039370E-1,
8.720601669684E-1));
#5570=LINE('',#5569,#5568);
#5571=CURVE_STYLE('',#21,POSITIVE_LENGTH_MEASURE(2.E-2),#3);
#5572=PRESENTATION_STYLE_ASSIGNMENT((#5571));
#5573=STYLED_ITEM('',(#5572),#5570);
#5574=CARTESIAN_POINT('',(-8.672072984224E-1,0.E0,8.652111586541E-1));
#5575=DIRECTION('',(0.E0,1.E0,0.E0));
#5576=DIRECTION('',(-7.079210589665E-1,0.E0,7.062915646330E-1));
#5577=AXIS2_PLACEMENT_3D('',#5574,#5575,#5576);
#5579=CURVE_STYLE('',#21,POSITIVE_LENGTH_MEASURE(2.E-2),#3);
#5580=PRESENTATION_STYLE_ASSIGNMENT((#5579));
#5581=STYLED_ITEM('',(#5580),#5578);
#5582=CARTESIAN_POINT('',(-8.341447218903E-1,0.E0,8.949780024816E-1));
#5583=DIRECTION('',(0.E0,1.E0,0.E0));
#5584=DIRECTION('',(7.196687495476E-1,0.E0,6.943175720983E-1));
#5585=AXIS2_PLACEMENT_3D('',#5582,#5583,#5584);
#5587=CURVE_STYLE('',#21,POSITIVE_LENGTH_MEASURE(2.E-2),#3);
#5588=PRESENTATION_STYLE_ASSIGNMENT((#5587));
#5589=STYLED_ITEM('',(#5588),#5586);
#5590=CARTESIAN_POINT('',(-8.341447218903E-1,2.519685039370E-1,
8.949780024816E-1));
#5591=DIRECTION('',(0.E0,1.E0,0.E0));
#5592=DIRECTION('',(7.196687495476E-1,0.E0,6.943175720983E-1));
#5593=AXIS2_PLACEMENT_3D('',#5590,#5591,#5592);
#5595=CURVE_STYLE('',#21,POSITIVE_LENGTH_MEASURE(2.E-2),#3);
#5596=PRESENTATION_STYLE_ASSIGNMENT((#5595));
#5597=STYLED_ITEM('',(#5596),#5594);
#5598=DIRECTION('',(0.E0,-1.E0,0.E0));
#5599=VECTOR('',#5598,2.519685039370E-1);
#5600=CARTESIAN_POINT('',(-8.094946505475E-1,2.519685039370E-1,
9.187597460929E-1));
#5601=LINE('',#5600,#5599);
#5602=CURVE_STYLE('',#21,POSITIVE_LENGTH_MEASURE(2.E-2),#3);
#5603=PRESENTATION_STYLE_ASSIGNMENT((#5602));
#5604=STYLED_ITEM('',(#5603),#5601);
#5605=CARTESIAN_POINT('',(-8.021279625600E-1,2.519685039370E-1,
9.258669338387E-1));
#5606=DIRECTION('',(0.E0,1.E0,0.E0));
#5607=DIRECTION('',(-7.196687495478E-1,0.E0,-6.943175720982E-1));
#5608=AXIS2_PLACEMENT_3D('',#5605,#5606,#5607);
#5610=CURVE_STYLE('',#21,POSITIVE_LENGTH_MEASURE(2.E-2),#3);
#5611=PRESENTATION_STYLE_ASSIGNMENT((#5610));
#5612=STYLED_ITEM('',(#5611),#5609);
#5613=DIRECTION('',(0.E0,-1.E0,0.E0));
#5614=VECTOR('',#5613,2.519685039370E-1);
#5615=CARTESIAN_POINT('',(-8.088305917751E-1,2.519685039370E-1,
9.336035332963E-1));
#5616=LINE('',#5615,#5614);
#5617=CURVE_STYLE('',#21,POSITIVE_LENGTH_MEASURE(2.E-2),#3);
#5618=PRESENTATION_STYLE_ASSIGNMENT((#5617));
#5619=STYLED_ITEM('',(#5618),#5616);
#5620=CARTESIAN_POINT('',(-8.021279625600E-1,0.E0,9.258669338387E-1));
#5621=DIRECTION('',(0.E0,1.E0,0.E0));
#5622=DIRECTION('',(-7.196687495478E-1,0.E0,-6.943175720982E-1));
#5623=AXIS2_PLACEMENT_3D('',#5620,#5621,#5622);
#5625=CURVE_STYLE('',#21,POSITIVE_LENGTH_MEASURE(2.E-2),#3);
#5626=PRESENTATION_STYLE_ASSIGNMENT((#5625));
#5627=STYLED_ITEM('',(#5626),#5624);
#5628=CARTESIAN_POINT('',(0.E0,2.519685039370E-1,0.E0));
#5629=DIRECTION('',(0.E0,-1.E0,0.E0));
#5630=DIRECTION('',(-6.386722469485E-1,0.E0,7.694788892346E-1));
#5631=AXIS2_PLACEMENT_3D('',#5628,#5629,#5630);
#5633=CURVE_STYLE('',#21,POSITIVE_LENGTH_MEASURE(2.E-2),#3);
#5634=PRESENTATION_STYLE_ASSIGNMENT((#5633));
#5635=STYLED_ITEM('',(#5634),#5632);
#5636=DIRECTION('',(0.E0,-1.E0,0.E0));
#5637=VECTOR('',#5636,2.519685039370E-1);
#5638=CARTESIAN_POINT('',(-7.889147022337E-1,2.519685039370E-1,
9.504925439865E-1));
#5639=LINE('',#5638,#5637);
#5640=CURVE_STYLE('',#21,POSITIVE_LENGTH_MEASURE(2.E-2),#3);
#5641=PRESENTATION_STYLE_ASSIGNMENT((#5640));
#5642=STYLED_ITEM('',(#5641),#5639);
#5643=CARTESIAN_POINT('',(0.E0,0.E0,0.E0));
#5644=DIRECTION('',(0.E0,1.E0,0.E0));
#5645=DIRECTION('',(-6.547953156242E-1,0.E0,7.558062546954E-1));
#5646=AXIS2_PLACEMENT_3D('',#5643,#5644,#5645);
#5648=CURVE_STYLE('',#21,POSITIVE_LENGTH_MEASURE(2.E-2),#3);
#5649=PRESENTATION_STYLE_ASSIGNMENT((#5648));
#5650=STYLED_ITEM('',(#5649),#5647);
#5651=CARTESIAN_POINT('',(-7.823771123043E-1,2.519685039370E-1,
9.426159884274E-1));
#5652=DIRECTION('',(0.E0,1.E0,0.E0));
#5653=DIRECTION('',(-6.386722469479E-1,0.E0,7.694788892351E-1));
#5654=AXIS2_PLACEMENT_3D('',#5651,#5652,#5653);
#5656=CURVE_STYLE('',#21,POSITIVE_LENGTH_MEASURE(2.E-2),#3);
#5657=PRESENTATION_STYLE_ASSIGNMENT((#5656));
#5658=STYLED_ITEM('',(#5657),#5655);
#5659=DIRECTION('',(0.E0,-1.E0,0.E0));
#5660=VECTOR('',#5659,2.519685039370E-1);
#5661=CARTESIAN_POINT('',(-7.741618691640E-1,2.519685039370E-1,
9.487225414409E-1));
#5662=LINE('',#5661,#5660);
#5663=CURVE_STYLE('',#21,POSITIVE_LENGTH_MEASURE(2.E-2),#3);
#5664=PRESENTATION_STYLE_ASSIGNMENT((#5663));
#5665=STYLED_ITEM('',(#5664),#5662);
#5666=CARTESIAN_POINT('',(-7.823771123043E-1,0.E0,9.426159884274E-1));
#5667=DIRECTION('',(0.E0,1.E0,0.E0));
#5668=DIRECTION('',(-6.386722469485E-1,0.E0,7.694788892347E-1));
#5669=AXIS2_PLACEMENT_3D('',#5666,#5667,#5668);
#5671=CURVE_STYLE('',#21,POSITIVE_LENGTH_MEASURE(2.E-2),#3);
#5672=PRESENTATION_STYLE_ASSIGNMENT((#5671));
#5673=STYLED_ITEM('',(#5672),#5670);
#5674=CARTESIAN_POINT('',(-7.466724017331E-1,0.E0,9.691560072937E-1));
#5675=DIRECTION('',(0.E0,1.E0,0.E0));
#5676=DIRECTION('',(7.815234437850E-1,0.E0,6.238758745251E-1));
#5677=AXIS2_PLACEMENT_3D('',#5674,#5675,#5676);
#5679=CURVE_STYLE('',#21,POSITIVE_LENGTH_MEASURE(2.E-2),#3);
#5680=PRESENTATION_STYLE_ASSIGNMENT((#5679));
#5681=STYLED_ITEM('',(#5680),#5678);
#5682=CARTESIAN_POINT('',(-7.466724017331E-1,2.519685039370E-1,
9.691560072937E-1));
#5683=DIRECTION('',(0.E0,1.E0,0.E0));
#5684=DIRECTION('',(7.815234437850E-1,0.E0,6.238758745251E-1));
#5685=AXIS2_PLACEMENT_3D('',#5682,#5683,#5684);
#5687=CURVE_STYLE('',#21,POSITIVE_LENGTH_MEASURE(2.E-2),#3);
#5688=PRESENTATION_STYLE_ASSIGNMENT((#5687));
#5689=STYLED_ITEM('',(#5688),#5686);
#5690=DIRECTION('',(0.E0,-1.E0,0.E0));
#5691=VECTOR('',#5690,2.519685039370E-1);
#5692=CARTESIAN_POINT('',(-7.199036853515E-1,2.519685039370E-1,
9.905249840983E-1));
#5693=LINE('',#5692,#5691);
#5694=CURVE_STYLE('',#21,POSITIVE_LENGTH_MEASURE(2.E-2),#3);
#5695=PRESENTATION_STYLE_ASSIGNMENT((#5694));
#5696=STYLED_ITEM('',(#5695),#5693);
#5697=CARTESIAN_POINT('',(-7.119038390765E-1,2.519685039370E-1,
9.969111150974E-1));
#5698=DIRECTION('',(0.E0,1.E0,0.E0));
#5699=DIRECTION('',(-7.815234437851E-1,0.E0,-6.238758745249E-1));
#5700=AXIS2_PLACEMENT_3D('',#5697,#5698,#5699);
#5702=CURVE_STYLE('',#21,POSITIVE_LENGTH_MEASURE(2.E-2),#3);
#5703=PRESENTATION_STYLE_ASSIGNMENT((#5702));
#5704=STYLED_ITEM('',(#5703),#5701);
#5705=DIRECTION('',(0.E0,-1.E0,0.E0));
#5706=VECTOR('',#5705,2.519685039370E-1);
#5707=CARTESIAN_POINT('',(-7.178525501212E-1,2.519685039370E-1,
1.005241363981E0));
#5708=LINE('',#5707,#5706);
#5709=CURVE_STYLE('',#21,POSITIVE_LENGTH_MEASURE(2.E-2),#3);
#5710=PRESENTATION_STYLE_ASSIGNMENT((#5709));
#5711=STYLED_ITEM('',(#5710),#5708);
#5712=CARTESIAN_POINT('',(-7.119038390765E-1,0.E0,9.969111150974E-1));
#5713=DIRECTION('',(0.E0,1.E0,0.E0));
#5714=DIRECTION('',(-7.815234437851E-1,0.E0,-6.238758745249E-1));
#5715=AXIS2_PLACEMENT_3D('',#5712,#5713,#5714);
#5717=CURVE_STYLE('',#21,POSITIVE_LENGTH_MEASURE(2.E-2),#3);
#5718=PRESENTATION_STYLE_ASSIGNMENT((#5717));
#5719=STYLED_ITEM('',(#5718),#5716);
#5720=CARTESIAN_POINT('',(0.E0,2.519685039370E-1,0.E0));
#5721=DIRECTION('',(0.E0,-1.E0,0.E0));
#5722=DIRECTION('',(-5.638107602601E-1,0.E0,8.259040056901E-1));
#5723=AXIS2_PLACEMENT_3D('',#5720,#5721,#5722);
#5725=CURVE_STYLE('',#21,POSITIVE_LENGTH_MEASURE(2.E-2),#3);
#5726=PRESENTATION_STYLE_ASSIGNMENT((#5725));
#5727=STYLED_ITEM('',(#5726),#5724);
#5728=DIRECTION('',(0.E0,-1.E0,0.E0));
#5729=VECTOR('',#5728,2.519685039370E-1);
#5730=CARTESIAN_POINT('',(-6.964426592387E-1,2.519685039370E-1,
1.020191210493E0));
#5731=LINE('',#5730,#5729);
#5732=CURVE_STYLE('',#21,POSITIVE_LENGTH_MEASURE(2.E-2),#3);
#5733=PRESENTATION_STYLE_ASSIGNMENT((#5732));
#5734=STYLED_ITEM('',(#5733),#5731);
#5735=CARTESIAN_POINT('',(0.E0,0.E0,0.E0));
#5736=DIRECTION('',(0.E0,1.E0,0.E0));
#5737=DIRECTION('',(-5.811433097463E-1,0.E0,8.138012371194E-1));
#5738=AXIS2_PLACEMENT_3D('',#5735,#5736,#5737);
#5740=CURVE_STYLE('',#21,POSITIVE_LENGTH_MEASURE(2.E-2),#3);
#5741=PRESENTATION_STYLE_ASSIGNMENT((#5740));
#5742=STYLED_ITEM('',(#5741),#5739);
#5743=CARTESIAN_POINT('',(-6.906713679920E-1,2.519685039370E-1,
1.011737075002E0));
#5744=DIRECTION('',(0.E0,1.E0,0.E0));
#5745=DIRECTION('',(-5.638107602594E-1,0.E0,8.259040056905E-1));
#5746=AXIS2_PLACEMENT_3D('',#5743,#5744,#5745);
#5748=CURVE_STYLE('',#21,POSITIVE_LENGTH_MEASURE(2.E-2),#3);
#5749=PRESENTATION_STYLE_ASSIGNMENT((#5748));
#5750=STYLED_ITEM('',(#5749),#5747);
#5751=DIRECTION('',(0.E0,-1.E0,0.E0));
#5752=VECTOR('',#5751,2.519685039370E-1);
#5753=CARTESIAN_POINT('',(-6.819203960576E-1,2.519685039370E-1,
1.017047508107E0));
#5754=LINE('',#5753,#5752);
#5755=CURVE_STYLE('',#21,POSITIVE_LENGTH_MEASURE(2.E-2),#3);
#5756=PRESENTATION_STYLE_ASSIGNMENT((#5755));
#5757=STYLED_ITEM('',(#5756),#5754);
#5758=CARTESIAN_POINT('',(-6.906713679920E-1,0.E0,1.011737075002E0));
#5759=DIRECTION('',(0.E0,1.E0,0.E0));
#5760=DIRECTION('',(-5.638107602601E-1,0.E0,8.259040056901E-1));
#5761=AXIS2_PLACEMENT_3D('',#5758,#5759,#5760);
#5763=CURVE_STYLE('',#21,POSITIVE_LENGTH_MEASURE(2.E-2),#3);
#5764=PRESENTATION_STYLE_ASSIGNMENT((#5763));
#5765=STYLED_ITEM('',(#5764),#5762);
#5766=CARTESIAN_POINT('',(-6.526382976620E-1,0.E0,1.034817034267E0));
#5767=DIRECTION('',(0.E0,1.E0,0.E0));
#5768=DIRECTION('',(8.365100818978E-1,0.E0,5.479515333342E-1));
#5769=AXIS2_PLACEMENT_3D('',#5766,#5767,#5768);
#5771=CURVE_STYLE('',#21,POSITIVE_LENGTH_MEASURE(2.E-2),#3);
#5772=PRESENTATION_STYLE_ASSIGNMENT((#5771));
#5773=STYLED_ITEM('',(#5772),#5770);
#5774=CARTESIAN_POINT('',(-6.526382976620E-1,2.519685039370E-1,
1.034817034267E0));
#5775=DIRECTION('',(0.E0,1.E0,0.E0));
#5776=DIRECTION('',(8.365100818978E-1,0.E0,5.479515333342E-1));
#5777=AXIS2_PLACEMENT_3D('',#5774,#5775,#5776);
#5779=CURVE_STYLE('',#21,POSITIVE_LENGTH_MEASURE(2.E-2),#3);
#5780=PRESENTATION_STYLE_ASSIGNMENT((#5779));
#5781=STYLED_ITEM('',(#5780),#5778);
#5782=DIRECTION('',(0.E0,-1.E0,0.E0));
#5783=VECTOR('',#5782,2.519685039370E-1);
#5784=CARTESIAN_POINT('',(-6.239861806836E-1,2.519685039370E-1,
1.053585452928E0));
#5785=LINE('',#5784,#5783);
#5786=CURVE_STYLE('',#21,POSITIVE_LENGTH_MEASURE(2.E-2),#3);
#5787=PRESENTATION_STYLE_ASSIGNMENT((#5786));
#5788=STYLED_ITEM('',(#5787),#5785);
#5789=CARTESIAN_POINT('',(-6.154234790579E-1,2.519685039370E-1,
1.059194405631E0));
#5790=DIRECTION('',(0.E0,1.E0,0.E0));
#5791=DIRECTION('',(-8.365100818978E-1,0.E0,-5.479515333342E-1));
#5792=AXIS2_PLACEMENT_3D('',#5789,#5790,#5791);
#5794=CURVE_STYLE('',#21,POSITIVE_LENGTH_MEASURE(2.E-2),#3);
#5795=PRESENTATION_STYLE_ASSIGNMENT((#5794));
#5796=STYLED_ITEM('',(#5795),#5793);
#5797=DIRECTION('',(0.E0,-1.E0,0.E0));
#5798=VECTOR('',#5797,2.519685039370E-1);
#5799=CARTESIAN_POINT('',(-6.205659944456E-1,2.519685039370E-1,
1.068045097415E0));
#5800=LINE('',#5799,#5798);
#5801=CURVE_STYLE('',#21,POSITIVE_LENGTH_MEASURE(2.E-2),#3);
#5802=PRESENTATION_STYLE_ASSIGNMENT((#5801));
#5803=STYLED_ITEM('',(#5802),#5800);
#5804=CARTESIAN_POINT('',(-6.154234790579E-1,0.E0,1.059194405631E0));
#5805=DIRECTION('',(0.E0,1.E0,0.E0));
#5806=DIRECTION('',(-8.365100818978E-1,0.E0,-5.479515333342E-1));
#5807=AXIS2_PLACEMENT_3D('',#5804,#5805,#5806);
#5809=CURVE_STYLE('',#21,POSITIVE_LENGTH_MEASURE(2.E-2),#3);
#5810=PRESENTATION_STYLE_ASSIGNMENT((#5809));
#5811=STYLED_ITEM('',(#5810),#5808);
#5812=CARTESIAN_POINT('',(0.E0,2.519685039370E-1,0.E0));
#5813=DIRECTION('',(0.E0,-1.E0,0.E0));
#5814=DIRECTION('',(-4.839944843381E-1,0.E0,8.750710480471E-1));
#5815=AXIS2_PLACEMENT_3D('',#5812,#5813,#5814);
#5817=CURVE_STYLE('',#21,POSITIVE_LENGTH_MEASURE(2.E-2),#3);
#5818=PRESENTATION_STYLE_ASSIGNMENT((#5817));
#5819=STYLED_ITEM('',(#5818),#5816);
#5820=DIRECTION('',(0.E0,-1.E0,0.E0));
#5821=VECTOR('',#5820,2.519685039370E-1);
#5822=CARTESIAN_POINT('',(-5.978502531129E-1,2.519685039370E-1,
1.080924399959E0));
#5823=LINE('',#5822,#5821);
#5824=CURVE_STYLE('',#21,POSITIVE_LENGTH_MEASURE(2.E-2),#3);
#5825=PRESENTATION_STYLE_ASSIGNMENT((#5824));
#5826=STYLED_ITEM('',(#5825),#5823);
#5827=CARTESIAN_POINT('',(0.E0,0.E0,0.E0));
#5828=DIRECTION('',(0.E0,1.E0,0.E0));
#5829=DIRECTION('',(-5.023841955666E-1,0.E0,8.646445050105E-1));
#5830=AXIS2_PLACEMENT_3D('',#5827,#5828,#5829);
#5832=CURVE_STYLE('',#21,POSITIVE_LENGTH_MEASURE(2.E-2),#3);
#5833=PRESENTATION_STYLE_ASSIGNMENT((#5832));
#5834=STYLED_ITEM('',(#5833),#5831);
#5835=CARTESIAN_POINT('',(-5.928959788638E-1,2.519685039370E-1,
1.071966979782E0));
#5836=DIRECTION('',(0.E0,1.E0,0.E0));
#5837=DIRECTION('',(-4.839944843373E-1,0.E0,8.750710480476E-1));
#5838=AXIS2_PLACEMENT_3D('',#5835,#5836,#5837);
#5840=CURVE_STYLE('',#21,POSITIVE_LENGTH_MEASURE(2.E-2),#3);
#5841=PRESENTATION_STYLE_ASSIGNMENT((#5840));
#5842=STYLED_ITEM('',(#5841),#5839);
#5843=DIRECTION('',(0.E0,-1.E0,0.E0));
#5844=VECTOR('',#5843,2.519685039370E-1);
#5845=CARTESIAN_POINT('',(-5.836861819914E-1,2.519685039370E-1,
1.076434624702E0));
#5846=LINE('',#5845,#5844);
#5847=CURVE_STYLE('',#21,POSITIVE_LENGTH_MEASURE(2.E-2),#3);
#5848=PRESENTATION_STYLE_ASSIGNMENT((#5847));
#5849=STYLED_ITEM('',(#5848),#5846);
#5850=CARTESIAN_POINT('',(-5.928959788638E-1,0.E0,1.071966979782E0));
#5851=DIRECTION('',(0.E0,1.E0,0.E0));
#5852=DIRECTION('',(-4.839944843380E-1,0.E0,8.750710480472E-1));
#5853=AXIS2_PLACEMENT_3D('',#5850,#5851,#5852);
#5855=CURVE_STYLE('',#21,POSITIVE_LENGTH_MEASURE(2.E-2),#3);
#5856=PRESENTATION_STYLE_ASSIGNMENT((#5855));
#5857=STYLED_ITEM('',(#5856),#5854);
#5858=CARTESIAN_POINT('',(-5.528687847646E-1,0.E0,1.091384051934E0));
#5859=DIRECTION('',(0.E0,1.E0,0.E0));
#5860=DIRECTION('',(8.841454393331E-1,0.E0,4.672117743662E-1));
#5861=AXIS2_PLACEMENT_3D('',#5858,#5859,#5860);
#5863=CURVE_STYLE('',#21,POSITIVE_LENGTH_MEASURE(2.E-2),#3);
#5864=PRESENTATION_STYLE_ASSIGNMENT((#5863));
#5865=STYLED_ITEM('',(#5864),#5862);
#5866=CARTESIAN_POINT('',(-5.528687847646E-1,2.519685039370E-1,
1.091384051934E0));
#5867=DIRECTION('',(0.E0,1.E0,0.E0));
#5868=DIRECTION('',(8.841454393331E-1,0.E0,4.672117743662E-1));
#5869=AXIS2_PLACEMENT_3D('',#5866,#5867,#5868);
#5871=CURVE_STYLE('',#21,POSITIVE_LENGTH_MEASURE(2.E-2),#3);
#5872=PRESENTATION_STYLE_ASSIGNMENT((#5871));
#5873=STYLED_ITEM('',(#5872),#5870);
#5874=DIRECTION('',(0.E0,-1.E0,0.E0));
#5875=VECTOR('',#5874,2.519685039370E-1);
#5876=CARTESIAN_POINT('',(-5.225850630237E-1,2.519685039370E-1,
1.107386974914E0));
#5877=LINE('',#5876,#5875);
#5878=CURVE_STYLE('',#21,POSITIVE_LENGTH_MEASURE(2.E-2),#3);
#5879=PRESENTATION_STYLE_ASSIGNMENT((#5878));
#5880=STYLED_ITEM('',(#5879),#5877);
#5881=CARTESIAN_POINT('',(-5.135347553770E-1,2.519685039370E-1,
1.112169457644E0));
#5882=DIRECTION('',(0.E0,1.E0,0.E0));
#5883=DIRECTION('',(-8.841454393331E-1,0.E0,-4.672117743662E-1));
#5884=AXIS2_PLACEMENT_3D('',#5881,#5882,#5883);
#5886=CURVE_STYLE('',#21,POSITIVE_LENGTH_MEASURE(2.E-2),#3);
#5887=PRESENTATION_STYLE_ASSIGNMENT((#5886));
#5888=STYLED_ITEM('',(#5887),#5885);
#5889=DIRECTION('',(0.E0,-1.E0,0.E0));
#5890=VECTOR('',#5889,2.519685039370E-1);
#5891=CARTESIAN_POINT('',(-5.178258824976E-1,2.519685039370E-1,
1.121462812130E0));
#5892=LINE('',#5891,#5890);
#5893=CURVE_STYLE('',#21,POSITIVE_LENGTH_MEASURE(2.E-2),#3);
#5894=PRESENTATION_STYLE_ASSIGNMENT((#5893));
#5895=STYLED_ITEM('',(#5894),#5892);
#5896=CARTESIAN_POINT('',(-5.135347553770E-1,0.E0,1.112169457644E0));
#5897=DIRECTION('',(0.E0,1.E0,0.E0));
#5898=DIRECTION('',(-8.841454393331E-1,0.E0,-4.672117743662E-1));
#5899=AXIS2_PLACEMENT_3D('',#5896,#5897,#5898);
#5901=CURVE_STYLE('',#21,POSITIVE_LENGTH_MEASURE(2.E-2),#3);
#5902=PRESENTATION_STYLE_ASSIGNMENT((#5901));
#5903=STYLED_ITEM('',(#5902),#5900);
#5904=CARTESIAN_POINT('',(0.E0,2.519685039370E-1,0.E0));
#5905=DIRECTION('',(0.E0,-1.E0,0.E0));
#5906=DIRECTION('',(-3.999248474851E-1,0.E0,9.165479345697E-1));
#5907=AXIS2_PLACEMENT_3D('',#5904,#5905,#5906);
#5909=CURVE_STYLE('',#21,POSITIVE_LENGTH_MEASURE(2.E-2),#3);
#5910=PRESENTATION_STYLE_ASSIGNMENT((#5909));
#5911=STYLED_ITEM('',(#5910),#5908);
#5912=DIRECTION('',(0.E0,-1.E0,0.E0));
#5913=VECTOR('',#5912,2.519685039370E-1);
#5914=CARTESIAN_POINT('',(-4.940039174663E-1,2.519685039370E-1,
1.132158386933E0));
#5915=LINE('',#5914,#5913);
#5916=CURVE_STYLE('',#21,POSITIVE_LENGTH_MEASURE(2.E-2),#3);
#5917=PRESENTATION_STYLE_ASSIGNMENT((#5916));
#5918=STYLED_ITEM('',(#5917),#5915);
#5919=CARTESIAN_POINT('',(0.E0,0.E0,0.E0));
#5920=DIRECTION('',(0.E0,1.E0,0.E0));
#5921=DIRECTION('',(-4.192101110125E-1,0.E0,9.078892459022E-1));
#5922=AXIS2_PLACEMENT_3D('',#5919,#5920,#5921);
#5924=CURVE_STYLE('',#21,POSITIVE_LENGTH_MEASURE(2.E-2),#3);
#5925=PRESENTATION_STYLE_ASSIGNMENT((#5924));
#5926=STYLED_ITEM('',(#5925),#5923);
#5927=CARTESIAN_POINT('',(-4.899101985550E-1,2.519685039370E-1,
1.122776400201E0));
#5928=DIRECTION('',(0.E0,1.E0,0.E0));
#5929=DIRECTION('',(-3.999248474843E-1,0.E0,9.165479345701E-1));
#5930=AXIS2_PLACEMENT_3D('',#5927,#5928,#5929);
#5932=CURVE_STYLE('',#21,POSITIVE_LENGTH_MEASURE(2.E-2),#3);
#5933=PRESENTATION_STYLE_ASSIGNMENT((#5932));
#5934=STYLED_ITEM('',(#5933),#5931);
#5935=DIRECTION('',(0.E0,-1.E0,0.E0));
#5936=VECTOR('',#5935,2.519685039370E-1);
#5937=CARTESIAN_POINT('',(-4.803225127707E-1,2.519685039370E-1,
1.126361995111E0));
#5938=LINE('',#5937,#5936);
#5939=CURVE_STYLE('',#21,POSITIVE_LENGTH_MEASURE(2.E-2),#3);
#5940=PRESENTATION_STYLE_ASSIGNMENT((#5939));
#5941=STYLED_ITEM('',(#5940),#5938);
#5942=CARTESIAN_POINT('',(-4.899101985550E-1,0.E0,1.122776400201E0));
#5943=DIRECTION('',(0.E0,1.E0,0.E0));
#5944=DIRECTION('',(-3.999248474851E-1,0.E0,9.165479345697E-1));
#5945=AXIS2_PLACEMENT_3D('',#5942,#5943,#5944);
#5947=CURVE_STYLE('',#21,POSITIVE_LENGTH_MEASURE(2.E-2),#3);
#5948=PRESENTATION_STYLE_ASSIGNMENT((#5947));
#5949=STYLED_ITEM('',(#5948),#5946);
#5950=CARTESIAN_POINT('',(-4.482406411077E-1,0.E0,1.138359947311E0));
#5951=DIRECTION('',(0.E0,1.E0,0.E0));
#5952=DIRECTION('',(9.240108948571E-1,0.E0,3.823661415258E-1));
#5953=AXIS2_PLACEMENT_3D('',#5950,#5951,#5952);
#5955=CURVE_STYLE('',#21,POSITIVE_LENGTH_MEASURE(2.E-2),#3);
#5956=PRESENTATION_STYLE_ASSIGNMENT((#5955));
#5957=STYLED_ITEM('',(#5956),#5954);
#5958=CARTESIAN_POINT('',(-4.482406411077E-1,2.519685039370E-1,
1.138359947311E0));
#5959=DIRECTION('',(0.E0,1.E0,0.E0));
#5960=DIRECTION('',(9.240108948571E-1,0.E0,3.823661415258E-1));
#5961=AXIS2_PLACEMENT_3D('',#5958,#5959,#5960);
#5963=CURVE_STYLE('',#21,POSITIVE_LENGTH_MEASURE(2.E-2),#3);
#5964=PRESENTATION_STYLE_ASSIGNMENT((#5963));
#5965=STYLED_ITEM('',(#5964),#5962);
#5966=DIRECTION('',(0.E0,-1.E0,0.E0));
#5967=VECTOR('',#5966,2.519685039370E-1);
#5968=CARTESIAN_POINT('',(-4.165914490398E-1,2.519685039370E-1,
1.151456740348E0));
#5969=LINE('',#5968,#5967);
#5970=CURVE_STYLE('',#21,POSITIVE_LENGTH_MEASURE(2.E-2),#3);
#5971=PRESENTATION_STYLE_ASSIGNMENT((#5970));
#5972=STYLED_ITEM('',(#5971),#5969);
#5973=CARTESIAN_POINT('',(-4.071330698011E-1,2.519685039370E-1,
1.155370724474E0));
#5974=DIRECTION('',(0.E0,1.E0,0.E0));
#5975=DIRECTION('',(-9.240108948570E-1,0.E0,-3.823661415260E-1));
#5976=AXIS2_PLACEMENT_3D('',#5973,#5974,#5975);
#5978=CURVE_STYLE('',#21,POSITIVE_LENGTH_MEASURE(2.E-2),#3);
#5979=PRESENTATION_STYLE_ASSIGNMENT((#5978));
#5980=STYLED_ITEM('',(#5979),#5977);
#5981=DIRECTION('',(0.E0,-1.E0,0.E0));
#5982=VECTOR('',#5981,2.519685039370E-1);
#5983=CARTESIAN_POINT('',(-4.105350980751E-1,2.519685039370E-1,
1.165025071328E0));
#5984=LINE('',#5983,#5982);
#5985=CURVE_STYLE('',#21,POSITIVE_LENGTH_MEASURE(2.E-2),#3);
#5986=PRESENTATION_STYLE_ASSIGNMENT((#5985));
#5987=STYLED_ITEM('',(#5986),#5984);
#5988=CARTESIAN_POINT('',(-4.071330698011E-1,0.E0,1.155370724474E0));
#5989=DIRECTION('',(0.E0,1.E0,0.E0));
#5990=DIRECTION('',(-9.240108948570E-1,0.E0,-3.823661415260E-1));
#5991=AXIS2_PLACEMENT_3D('',#5988,#5989,#5990);
#5993=CURVE_STYLE('',#21,POSITIVE_LENGTH_MEASURE(2.E-2),#3);
#5994=PRESENTATION_STYLE_ASSIGNMENT((#5993));
#5995=STYLED_ITEM('',(#5994),#5992);
#5996=CARTESIAN_POINT('',(0.E0,2.519685039370E-1,0.E0));
#5997=DIRECTION('',(0.E0,-1.E0,0.E0));
#5998=DIRECTION('',(-3.123406566926E-1,0.E0,9.499701648877E-1));
#5999=AXIS2_PLACEMENT_3D('',#5996,#5997,#5998);
#6001=CURVE_STYLE('',#21,POSITIVE_LENGTH_MEASURE(2.E-2),#3);
#6002=PRESENTATION_STYLE_ASSIGNMENT((#6001));
#6003=STYLED_ITEM('',(#6002),#6000);
#6004=DIRECTION('',(0.E0,-1.E0,0.E0));
#6005=VECTOR('',#6004,2.519685039370E-1);
#6006=CARTESIAN_POINT('',(-3.858162576305E-1,2.519685039370E-1,
1.173442925294E0));
#6007=LINE('',#6006,#6005);
#6008=CURVE_STYLE('',#21,POSITIVE_LENGTH_MEASURE(2.E-2),#3);
#6009=PRESENTATION_STYLE_ASSIGNMENT((#6008));
#6010=STYLED_ITEM('',(#6009),#6007);
#6011=CARTESIAN_POINT('',(0.E0,0.E0,0.E0));
#6012=DIRECTION('',(0.E0,1.E0,0.E0));
#6013=DIRECTION('',(-3.323519929296E-1,0.E0,9.431554234566E-1));
#6014=AXIS2_PLACEMENT_3D('',#6011,#6012,#6013);
#6016=CURVE_STYLE('',#21,POSITIVE_LENGTH_MEASURE(2.E-2),#3);
#6017=PRESENTATION_STYLE_ASSIGNMENT((#6016));
#6018=STYLED_ITEM('',(#6017),#6015);
#6019=CARTESIAN_POINT('',(-3.826190698061E-1,2.519685039370E-1,
1.163718821244E0));
#6020=DIRECTION('',(0.E0,1.E0,0.E0));
#6021=DIRECTION('',(-3.123406566917E-1,0.E0,9.499701648880E-1));
#6022=AXIS2_PLACEMENT_3D('',#6019,#6020,#6021);
#6024=CURVE_STYLE('',#21,POSITIVE_LENGTH_MEASURE(2.E-2),#3);
#6025=PRESENTATION_STYLE_ASSIGNMENT((#6024));
#6026=STYLED_ITEM('',(#6025),#6023);
#6027=DIRECTION('',(0.E0,-1.E0,0.E0));
#6028=VECTOR('',#6027,2.519685039370E-1);
#6029=CARTESIAN_POINT('',(-3.727377520372E-1,2.519685039370E-1,
1.166390855808E0));
#6030=LINE('',#6029,#6028);
#6031=CURVE_STYLE('',#21,POSITIVE_LENGTH_MEASURE(2.E-2),#3);
#6032=PRESENTATION_STYLE_ASSIGNMENT((#6031));
#6033=STYLED_ITEM('',(#6032),#6030);
#6034=CARTESIAN_POINT('',(-3.826190698061E-1,0.E0,1.163718821244E0));
#6035=DIRECTION('',(0.E0,1.E0,0.E0));
#6036=DIRECTION('',(-3.123406566925E-1,0.E0,9.499701648878E-1));
#6037=AXIS2_PLACEMENT_3D('',#6034,#6035,#6036);
#6039=CURVE_STYLE('',#21,POSITIVE_LENGTH_MEASURE(2.E-2),#3);
#6040=PRESENTATION_STYLE_ASSIGNMENT((#6039));
#6041=STYLED_ITEM('',(#6040),#6038);
#6042=CARTESIAN_POINT('',(-3.396733425797E-1,0.E0,1.175331894541E0));
#6043=DIRECTION('',(0.E0,1.E0,0.E0));
#6044=DIRECTION('',(9.557561094131E-1,0.E0,2.941602612854E-1));
#6045=AXIS2_PLACEMENT_3D('',#6042,#6043,#6044);
#6047=CURVE_STYLE('',#21,POSITIVE_LENGTH_MEASURE(2.E-2),#3);
#6048=PRESENTATION_STYLE_ASSIGNMENT((#6047));
#6049=STYLED_ITEM('',(#6048),#6046);
#6050=CARTESIAN_POINT('',(-3.396733425797E-1,2.519685039370E-1,
1.175331894541E0));
#6051=DIRECTION('',(0.E0,1.E0,0.E0));
#6052=DIRECTION('',(9.557561094131E-1,0.E0,2.941602612854E-1));
#6053=AXIS2_PLACEMENT_3D('',#6050,#6051,#6052);
#6055=CURVE_STYLE('',#21,POSITIVE_LENGTH_MEASURE(2.E-2),#3);
#6056=PRESENTATION_STYLE_ASSIGNMENT((#6055));
#6057=STYLED_ITEM('',(#6056),#6054);
#6058=DIRECTION('',(0.E0,-1.E0,0.E0));
#6059=VECTOR('',#6058,2.519685039370E-1);
#6060=CARTESIAN_POINT('',(-3.069368144226E-1,2.519685039370E-1,
1.185407462545E0));
#6061=LINE('',#6060,#6059);
#6062=CURVE_STYLE('',#21,POSITIVE_LENGTH_MEASURE(2.E-2),#3);
#6063=PRESENTATION_STYLE_ASSIGNMENT((#6062));
#6064=STYLED_ITEM('',(#6063),#6061);
#6065=CARTESIAN_POINT('',(-2.971534841688E-1,2.519685039370E-1,
1.188418551834E0));
#6066=DIRECTION('',(0.E0,1.E0,0.E0));
#6067=DIRECTION('',(-9.557561094131E-1,0.E0,-2.941602612854E-1));
#6068=AXIS2_PLACEMENT_3D('',#6065,#6066,#6067);
#6070=CURVE_STYLE('',#21,POSITIVE_LENGTH_MEASURE(2.E-2),#3);
#6071=PRESENTATION_STYLE_ASSIGNMENT((#6070));
#6072=STYLED_ITEM('',(#6071),#6069);
#6073=DIRECTION('',(0.E0,-1.E0,0.E0));
#6074=VECTOR('',#6073,2.519685039370E-1);
#6075=CARTESIAN_POINT('',(-2.996365164495E-1,2.519685039370E-1,
1.198349048310E0));
#6076=LINE('',#6075,#6074);
#6077=CURVE_STYLE('',#21,POSITIVE_LENGTH_MEASURE(2.E-2),#3);
#6078=PRESENTATION_STYLE_ASSIGNMENT((#6077));
#6079=STYLED_ITEM('',(#6078),#6076);
#6080=CARTESIAN_POINT('',(-2.971534841688E-1,0.E0,1.188418551834E0));
#6081=DIRECTION('',(0.E0,1.E0,0.E0));
#6082=DIRECTION('',(-9.557561094131E-1,0.E0,-2.941602612854E-1));
#6083=AXIS2_PLACEMENT_3D('',#6080,#6081,#6082);
#6085=CURVE_STYLE('',#21,POSITIVE_LENGTH_MEASURE(2.E-2),#3);
#6086=PRESENTATION_STYLE_ASSIGNMENT((#6085));
#6087=STYLED_ITEM('',(#6086),#6084);
#6088=CARTESIAN_POINT('',(0.E0,2.519685039370E-1,0.E0));
#6089=DIRECTION('',(0.E0,-1.E0,0.E0));
#6090=DIRECTION('',(-2.220116049785E-1,0.E0,9.750440232394E-1));
#6091=AXIS2_PLACEMENT_3D('',#6088,#6089,#6090);
#6093=CURVE_STYLE('',#21,POSITIVE_LENGTH_MEASURE(2.E-2),#3);
#6094=PRESENTATION_STYLE_ASSIGNMENT((#6093));
#6095=STYLED_ITEM('',(#6094),#6092);
#6096=DIRECTION('',(0.E0,-1.E0,0.E0));
#6097=VECTOR('',#6096,2.519685039370E-1);
#6098=CARTESIAN_POINT('',(-2.742380306502E-1,2.519685039370E-1,
1.204415205035E0));
#6099=LINE('',#6098,#6097);
#6100=CURVE_STYLE('',#21,POSITIVE_LENGTH_MEASURE(2.E-2),#3);
#6101=PRESENTATION_STYLE_ASSIGNMENT((#6100));
#6102=STYLED_ITEM('',(#6101),#6099);
#6103=CARTESIAN_POINT('',(0.E0,0.E0,0.E0));
#6104=DIRECTION('',(0.E0,1.E0,0.E0));
#6105=DIRECTION('',(-2.425731535828E-1,0.E0,9.701331172375E-1));
#6106=AXIS2_PLACEMENT_3D('',#6103,#6104,#6105);
#6108=CURVE_STYLE('',#21,POSITIVE_LENGTH_MEASURE(2.E-2),#3);
#6109=PRESENTATION_STYLE_ASSIGNMENT((#6108));
#6110=STYLED_ITEM('',(#6109),#6107);
#6111=CARTESIAN_POINT('',(-2.719654709142E-1,2.519685039370E-1,
1.194434439443E0));
#6112=DIRECTION('',(0.E0,1.E0,0.E0));
#6113=DIRECTION('',(-2.220116049776E-1,0.E0,9.750440232396E-1));
#6114=AXIS2_PLACEMENT_3D('',#6111,#6112,#6113);
#6116=CURVE_STYLE('',#21,POSITIVE_LENGTH_MEASURE(2.E-2),#3);
#6117=PRESENTATION_STYLE_ASSIGNMENT((#6116));
#6118=STYLED_ITEM('',(#6117),#6115);
#6119=DIRECTION('',(0.E0,-1.E0,0.E0));
#6120=VECTOR('',#6119,2.519685039370E-1);
#6121=CARTESIAN_POINT('',(-2.618773585365E-1,2.519685039370E-1,
1.196169431724E0));
#6122=LINE('',#6121,#6120);
#6123=CURVE_STYLE('',#21,POSITIVE_LENGTH_MEASURE(2.E-2),#3);
#6124=PRESENTATION_STYLE_ASSIGNMENT((#6123));
#6125=STYLED_ITEM('',(#6124),#6122);
#6126=CARTESIAN_POINT('',(-2.719654709142E-1,0.E0,1.194434439443E0));
#6127=DIRECTION('',(0.E0,1.E0,0.E0));
#6128=DIRECTION('',(-2.220116049785E-1,0.E0,9.750440232394E-1));
#6129=AXIS2_PLACEMENT_3D('',#6126,#6127,#6128);
#6131=CURVE_STYLE('',#21,POSITIVE_LENGTH_MEASURE(2.E-2),#3);
#6132=PRESENTATION_STYLE_ASSIGNMENT((#6131));
#6133=STYLED_ITEM('',(#6132),#6130);
#6134=CARTESIAN_POINT('',(-2.281209825037E-1,0.E0,1.201974982820E0));
#6135=DIRECTION('',(0.E0,1.E0,0.E0));
#6136=DIRECTION('',(9.791021049143E-1,0.E0,2.033692900919E-1));
#6137=AXIS2_PLACEMENT_3D('',#6134,#6135,#6136);
#6139=CURVE_STYLE('',#21,POSITIVE_LENGTH_MEASURE(2.E-2),#3);
#6140=PRESENTATION_STYLE_ASSIGNMENT((#6139));
#6141=STYLED_ITEM('',(#6140),#6138);
#6142=CARTESIAN_POINT('',(-2.281209825037E-1,2.519685039370E-1,
1.201974982820E0));
#6143=DIRECTION('',(0.E0,1.E0,0.E0));
#6144=DIRECTION('',(9.791021049143E-1,0.E0,2.033692900919E-1));
#6145=AXIS2_PLACEMENT_3D('',#6142,#6143,#6144);
#6147=CURVE_STYLE('',#21,POSITIVE_LENGTH_MEASURE(2.E-2),#3);
#6148=PRESENTATION_STYLE_ASSIGNMENT((#6147));
#6149=STYLED_ITEM('',(#6148),#6146);
#6150=DIRECTION('',(0.E0,-1.E0,0.E0));
#6151=VECTOR('',#6150,2.519685039370E-1);
#6152=CARTESIAN_POINT('',(-1.945848080440E-1,2.519685039370E-1,
1.208940781339E0));
#6153=LINE('',#6152,#6151);
#6154=CURVE_STYLE('',#21,POSITIVE_LENGTH_MEASURE(2.E-2),#3);
#6155=PRESENTATION_STYLE_ASSIGNMENT((#6154));
#6156=STYLED_ITEM('',(#6155),#6153);
#6157=CARTESIAN_POINT('',(-1.845625030331E-1,2.519685039370E-1,
1.211022514230E0));
#6158=DIRECTION('',(0.E0,1.E0,0.E0));
#6159=DIRECTION('',(-9.791021049142E-1,0.E0,-2.033692900920E-1));
#6160=AXIS2_PLACEMENT_3D('',#6157,#6158,#6159);
#6162=CURVE_STYLE('',#21,POSITIVE_LENGTH_MEASURE(2.E-2),#3);
#6163=PRESENTATION_STYLE_ASSIGNMENT((#6162));
#6164=STYLED_ITEM('',(#6163),#6161);
#6165=DIRECTION('',(-1.013425454666E-14,-1.E0,0.E0));
#6166=VECTOR('',#6165,2.519685039370E-1);
#6167=CARTESIAN_POINT('',(-1.861047183436E-1,2.519685039370E-1,
1.221141890766E0));
#6168=LINE('',#6167,#6166);
#6169=CURVE_STYLE('',#21,POSITIVE_LENGTH_MEASURE(2.E-2),#3);
#6170=PRESENTATION_STYLE_ASSIGNMENT((#6169));
#6171=STYLED_ITEM('',(#6170),#6168);
#6172=CARTESIAN_POINT('',(-1.845625030331E-1,0.E0,1.211022514230E0));
#6173=DIRECTION('',(0.E0,1.E0,0.E0));
#6174=DIRECTION('',(-9.791021049142E-1,0.E0,-2.033692900920E-1));
#6175=AXIS2_PLACEMENT_3D('',#6172,#6173,#6174);
#6177=CURVE_STYLE('',#21,POSITIVE_LENGTH_MEASURE(2.E-2),#3);
#6178=PRESENTATION_STYLE_ASSIGNMENT((#6177));
#6179=STYLED_ITEM('',(#6178),#6176);
#6180=CARTESIAN_POINT('',(0.E0,2.519685039370E-1,0.E0));
#6181=DIRECTION('',(0.E0,-1.E0,0.E0));
#6182=DIRECTION('',(-1.297315072972E-1,0.E0,9.915491596559E-1));
#6183=AXIS2_PLACEMENT_3D('',#6180,#6181,#6182);
#6185=CURVE_STYLE('',#21,POSITIVE_LENGTH_MEASURE(2.E-2),#3);
#6186=PRESENTATION_STYLE_ASSIGNMENT((#6185));
#6187=STYLED_ITEM('',(#6186),#6184);
#6188=DIRECTION('',(0.E0,-1.E0,0.E0));
#6189=VECTOR('',#6188,2.519685039370E-1);
#6190=CARTESIAN_POINT('',(-1.602497899959E-1,2.519685039370E-1,
1.224803040648E0));
#6191=LINE('',#6190,#6189);
#6192=CURVE_STYLE('',#21,POSITIVE_LENGTH_MEASURE(2.E-2),#3);
#6193=PRESENTATION_STYLE_ASSIGNMENT((#6192));
#6194=STYLED_ITEM('',(#6193),#6191);
#6195=CARTESIAN_POINT('',(0.E0,0.E0,0.E0));
#6196=DIRECTION('',(0.E0,1.E0,0.E0));
#6197=DIRECTION('',(-1.506625726402E-1,0.E0,9.885852463017E-1));
#6198=AXIS2_PLACEMENT_3D('',#6195,#6196,#6197);
#6200=CURVE_STYLE('',#21,POSITIVE_LENGTH_MEASURE(2.E-2),#3);
#6201=PRESENTATION_STYLE_ASSIGNMENT((#6200));
#6202=STYLED_ITEM('',(#6201),#6199);
#6203=CARTESIAN_POINT('',(-1.589218296850E-1,2.519685039370E-1,
1.214653324841E0));
#6204=DIRECTION('',(0.E0,1.E0,0.E0));
#6205=DIRECTION('',(-1.297315072963E-1,0.E0,9.915491596561E-1));
#6206=AXIS2_PLACEMENT_3D('',#6203,#6204,#6205);
#6208=CURVE_STYLE('',#21,POSITIVE_LENGTH_MEASURE(2.E-2),#3);
#6209=PRESENTATION_STYLE_ASSIGNMENT((#6208));
#6210=STYLED_ITEM('',(#6209),#6207);
#6211=DIRECTION('',(0.E0,-1.E0,0.E0));
#6212=VECTOR('',#6211,2.519685039370E-1);
#6213=CARTESIAN_POINT('',(-1.487155773929E-1,2.519685039370E-1,
1.215436027665E0));
#6214=LINE('',#6213,#6212);
#6215=CURVE_STYLE('',#21,POSITIVE_LENGTH_MEASURE(2.E-2),#3);
#6216=PRESENTATION_STYLE_ASSIGNMENT((#6215));
#6217=STYLED_ITEM('',(#6216),#6214);
#6218=CARTESIAN_POINT('',(-1.589218296850E-1,0.E0,1.214653324841E0));
#6219=DIRECTION('',(0.E0,1.E0,0.E0));
#6220=DIRECTION('',(-1.297315072972E-1,0.E0,9.915491596559E-1));
#6221=AXIS2_PLACEMENT_3D('',#6218,#6219,#6220);
#6223=CURVE_STYLE('',#21,POSITIVE_LENGTH_MEASURE(2.E-2),#3);
#6224=PRESENTATION_STYLE_ASSIGNMENT((#6223));
#6225=STYLED_ITEM('',(#6224),#6222);
#6226=CARTESIAN_POINT('',(-1.145638870311E-1,0.E0,1.218055071732E0));
#6227=DIRECTION('',(0.E0,1.E0,0.E0));
#6228=DIRECTION('',(9.938437159126E-1,0.E0,1.107911022646E-1));
#6229=AXIS2_PLACEMENT_3D('',#6226,#6227,#6228);
#6231=CURVE_STYLE('',#21,POSITIVE_LENGTH_MEASURE(2.E-2),#3);
#6232=PRESENTATION_STYLE_ASSIGNMENT((#6231));
#6233=STYLED_ITEM('',(#6232),#6230);
#6234=CARTESIAN_POINT('',(-1.145638870311E-1,2.519685039370E-1,
1.218055071732E0));
#6235=DIRECTION('',(0.E0,1.E0,0.E0));
#6236=DIRECTION('',(9.938437159126E-1,0.E0,1.107911022646E-1));
#6237=AXIS2_PLACEMENT_3D('',#6234,#6235,#6236);
#6239=CURVE_STYLE('',#21,POSITIVE_LENGTH_MEASURE(2.E-2),#3);
#6240=PRESENTATION_STYLE_ASSIGNMENT((#6239));
#6241=STYLED_ITEM('',(#6240),#6238);
#6242=DIRECTION('',(0.E0,-1.E0,0.E0));
#6243=VECTOR('',#6242,2.519685039370E-1);
#6244=CARTESIAN_POINT('',(-8.052278337582E-2,2.519685039370E-1,
1.221849885077E0));
#6245=LINE('',#6244,#6243);
#6246=CURVE_STYLE('',#21,POSITIVE_LENGTH_MEASURE(2.E-2),#3);
#6247=PRESENTATION_STYLE_ASSIGNMENT((#6246));
#6248=STYLED_ITEM('',(#6247),#6245);
#6249=CARTESIAN_POINT('',(-7.034957998459E-2,2.519685039370E-1,
1.222983967226E0));
#6250=DIRECTION('',(0.E0,1.E0,0.E0));
#6251=DIRECTION('',(-9.938437159126E-1,0.E0,-1.107911022646E-1));
#6252=AXIS2_PLACEMENT_3D('',#6249,#6250,#6251);
#6254=CURVE_STYLE('',#21,POSITIVE_LENGTH_MEASURE(2.E-2),#3);
#6255=PRESENTATION_STYLE_ASSIGNMENT((#6254));
#6256=STYLED_ITEM('',(#6255),#6253);
#6257=DIRECTION('',(-1.167642371680E-14,-1.E0,0.E0));
#6258=VECTOR('',#6257,2.519685039370E-1);
#6259=CARTESIAN_POINT('',(-7.093742528120E-2,2.519685039370E-1,
1.233203294380E0));
#6260=LINE('',#6259,#6258);
#6261=CURVE_STYLE('',#21,POSITIVE_LENGTH_MEASURE(2.E-2),#3);
#6262=PRESENTATION_STYLE_ASSIGNMENT((#6261));
#6263=STYLED_ITEM('',(#6262),#6260);
#6264=CARTESIAN_POINT('',(-7.034957998459E-2,0.E0,1.222983967226E0));
#6265=DIRECTION('',(0.E0,1.E0,0.E0));
#6266=DIRECTION('',(-9.938437159126E-1,0.E0,-1.107911022646E-1));
#6267=AXIS2_PLACEMENT_3D('',#6264,#6265,#6266);
#6269=CURVE_STYLE('',#21,POSITIVE_LENGTH_MEASURE(2.E-2),#3);
#6270=PRESENTATION_STYLE_ASSIGNMENT((#6269));
#6271=STYLED_ITEM('',(#6270),#6268);
#6272=CARTESIAN_POINT('',(0.E0,2.519685039370E-1,0.E0));
#6273=DIRECTION('',(0.E0,-1.E0,0.E0));
#6274=DIRECTION('',(-3.631132446510E-2,0.E0,9.993405264051E-1));
#6275=AXIS2_PLACEMENT_3D('',#6272,#6273,#6274);
#6277=CURVE_STYLE('',#21,POSITIVE_LENGTH_MEASURE(2.E-2),#3);
#6278=PRESENTATION_STYLE_ASSIGNMENT((#6277));
#6279=STYLED_ITEM('',(#6278),#6276);
#6280=DIRECTION('',(0.E0,-1.E0,0.E0));
#6281=VECTOR('',#6280,2.519685039370E-1);
#6282=CARTESIAN_POINT('',(-4.485326842518E-2,2.519685039370E-1,
1.234427263101E0));
#6283=LINE('',#6282,#6281);
#6284=CURVE_STYLE('',#21,POSITIVE_LENGTH_MEASURE(2.E-2),#3);
#6285=PRESENTATION_STYLE_ASSIGNMENT((#6284));
#6286=STYLED_ITEM('',(#6285),#6283);
#6287=CARTESIAN_POINT('',(0.E0,0.E0,0.E0));
#6288=DIRECTION('',(0.E0,1.E0,0.E0));
#6289=DIRECTION('',(-5.742796359202E-2,0.E0,9.983496526757E-1));
#6290=AXIS2_PLACEMENT_3D('',#6287,#6288,#6289);
#6292=CURVE_STYLE('',#21,POSITIVE_LENGTH_MEASURE(2.E-2),#3);
#6293=PRESENTATION_STYLE_ASSIGNMENT((#6292));
#6294=STYLED_ITEM('',(#6293),#6291);
#6295=CARTESIAN_POINT('',(-4.448157770231E-2,2.519685039370E-1,
1.224197793145E0));
#6296=DIRECTION('',(0.E0,1.E0,0.E0));
#6297=DIRECTION('',(-3.631132446418E-2,0.E0,9.993405264051E-1));
#6298=AXIS2_PLACEMENT_3D('',#6295,#6296,#6297);
#6300=CURVE_STYLE('',#21,POSITIVE_LENGTH_MEASURE(2.E-2),#3);
#6301=PRESENTATION_STYLE_ASSIGNMENT((#6300));
#6302=STYLED_ITEM('',(#6301),#6299);
#6303=DIRECTION('',(0.E0,-1.E0,0.E0));
#6304=VECTOR('',#6303,2.519685039370E-1);
#6305=CARTESIAN_POINT('',(-3.424687840798E-2,2.519685039370E-1,
1.224021328092E0));
#6306=LINE('',#6305,#6304);
#6307=CURVE_STYLE('',#21,POSITIVE_LENGTH_MEASURE(2.E-2),#3);
#6308=PRESENTATION_STYLE_ASSIGNMENT((#6307));
#6309=STYLED_ITEM('',(#6308),#6306);
#6310=CARTESIAN_POINT('',(-4.448157770231E-2,0.E0,1.224197793145E0));
#6311=DIRECTION('',(0.E0,1.E0,0.E0));
#6312=DIRECTION('',(-3.631132446510E-2,0.E0,9.993405264051E-1));
#6313=AXIS2_PLACEMENT_3D('',#6310,#6311,#6312);
#6315=CURVE_STYLE('',#21,POSITIVE_LENGTH_MEASURE(2.E-2),#3);
#6316=PRESENTATION_STYLE_ASSIGNMENT((#6315));
#6317=STYLED_ITEM('',(#6316),#6314);
#6318=CARTESIAN_POINT('',(0.E0,0.E0,1.223430848877E0));
#6319=DIRECTION('',(0.E0,1.E0,0.E0));
#6320=DIRECTION('',(9.998513926007E-1,0.E0,1.723927824705E-2));
#6321=AXIS2_PLACEMENT_3D('',#6318,#6319,#6320);
#6323=CURVE_STYLE('',#21,POSITIVE_LENGTH_MEASURE(2.E-2),#3);
#6324=PRESENTATION_STYLE_ASSIGNMENT((#6323));
#6325=STYLED_ITEM('',(#6324),#6322);
#6326=CARTESIAN_POINT('',(0.E0,2.519685039370E-1,1.223430848877E0));
#6327=DIRECTION('',(0.E0,1.E0,0.E0));
#6328=DIRECTION('',(9.998513926007E-1,0.E0,1.723927824705E-2));
#6329=AXIS2_PLACEMENT_3D('',#6326,#6327,#6328);
#6331=CURVE_STYLE('',#21,POSITIVE_LENGTH_MEASURE(2.E-2),#3);
#6332=PRESENTATION_STYLE_ASSIGNMENT((#6331));
#6333=STYLED_ITEM('',(#6332),#6330);
#6334=DIRECTION('',(0.E0,-1.E0,0.E0));
#6335=VECTOR('',#6334,2.519685039370E-1);
#6336=CARTESIAN_POINT('',(3.424687840798E-2,2.519685039370E-1,
1.224021328092E0));
#6337=LINE('',#6336,#6335);
#6338=CURVE_STYLE('',#21,POSITIVE_LENGTH_MEASURE(2.E-2),#3);
#6339=PRESENTATION_STYLE_ASSIGNMENT((#6338));
#6340=STYLED_ITEM('',(#6339),#6337);
#6341=CARTESIAN_POINT('',(4.448157770231E-2,2.519685039370E-1,
1.224197793145E0));
#6342=DIRECTION('',(0.E0,1.E0,0.E0));
#6343=DIRECTION('',(-9.998513926007E-1,0.E0,-1.723927824714E-2));
#6344=AXIS2_PLACEMENT_3D('',#6341,#6342,#6343);
#6346=CURVE_STYLE('',#21,POSITIVE_LENGTH_MEASURE(2.E-2),#3);
#6347=PRESENTATION_STYLE_ASSIGNMENT((#6346));
#6348=STYLED_ITEM('',(#6347),#6345);
#6349=DIRECTION('',(0.E0,-1.E0,0.E0));
#6350=VECTOR('',#6349,2.519685039370E-1);
#6351=CARTESIAN_POINT('',(4.485326842519E-2,2.519685039370E-1,
1.234427263101E0));
#6352=LINE('',#6351,#6350);
#6353=CURVE_STYLE('',#21,POSITIVE_LENGTH_MEASURE(2.E-2),#3);
#6354=PRESENTATION_STYLE_ASSIGNMENT((#6353));
#6355=STYLED_ITEM('',(#6354),#6352);
#6356=CARTESIAN_POINT('',(4.448157770231E-2,0.E0,1.224197793145E0));
#6357=DIRECTION('',(0.E0,1.E0,0.E0));
#6358=DIRECTION('',(-9.998513926007E-1,0.E0,-1.723927824714E-2));
#6359=AXIS2_PLACEMENT_3D('',#6356,#6357,#6358);
#6361=CURVE_STYLE('',#21,POSITIVE_LENGTH_MEASURE(2.E-2),#3);
#6362=PRESENTATION_STYLE_ASSIGNMENT((#6361));
#6363=STYLED_ITEM('',(#6362),#6360);
#6364=CARTESIAN_POINT('',(0.E0,2.519685039370E-1,0.E0));
#6365=DIRECTION('',(0.E0,-1.E0,0.E0));
#6366=DIRECTION('',(5.742796359202E-2,0.E0,9.983496526757E-1));
#6367=AXIS2_PLACEMENT_3D('',#6364,#6365,#6366);
#6369=CURVE_STYLE('',#21,POSITIVE_LENGTH_MEASURE(2.E-2),#3);
#6370=PRESENTATION_STYLE_ASSIGNMENT((#6369));
#6371=STYLED_ITEM('',(#6370),#6368);
#6372=DIRECTION('',(0.E0,-1.E0,0.E0));
#6373=VECTOR('',#6372,2.519685039370E-1);
#6374=CARTESIAN_POINT('',(7.093742528121E-2,2.519685039370E-1,
1.233203294380E0));
#6375=LINE('',#6374,#6373);
#6376=CURVE_STYLE('',#21,POSITIVE_LENGTH_MEASURE(2.E-2),#3);
#6377=PRESENTATION_STYLE_ASSIGNMENT((#6376));
#6378=STYLED_ITEM('',(#6377),#6375);
#6379=CARTESIAN_POINT('',(0.E0,0.E0,0.E0));
#6380=DIRECTION('',(0.E0,1.E0,0.E0));
#6381=DIRECTION('',(3.631132446510E-2,0.E0,9.993405264051E-1));
#6382=AXIS2_PLACEMENT_3D('',#6379,#6380,#6381);
#6384=CURVE_STYLE('',#21,POSITIVE_LENGTH_MEASURE(2.E-2),#3);
#6385=PRESENTATION_STYLE_ASSIGNMENT((#6384));
#6386=STYLED_ITEM('',(#6385),#6383);
#6387=CARTESIAN_POINT('',(7.034957998459E-2,2.519685039370E-1,
1.222983967226E0));
#6388=DIRECTION('',(0.E0,1.E0,0.E0));
#6389=DIRECTION('',(5.742796359291E-2,0.E0,9.983496526756E-1));
#6390=AXIS2_PLACEMENT_3D('',#6387,#6388,#6389);
#6392=CURVE_STYLE('',#21,POSITIVE_LENGTH_MEASURE(2.E-2),#3);
#6393=PRESENTATION_STYLE_ASSIGNMENT((#6392));
#6394=STYLED_ITEM('',(#6393),#6391);
#6395=DIRECTION('',(0.E0,-1.E0,0.E0));
#6396=VECTOR('',#6395,2.519685039370E-1);
#6397=CARTESIAN_POINT('',(8.052278337583E-2,2.519685039370E-1,
1.221849885077E0));
#6398=LINE('',#6397,#6396);
#6399=CURVE_STYLE('',#21,POSITIVE_LENGTH_MEASURE(2.E-2),#3);
#6400=PRESENTATION_STYLE_ASSIGNMENT((#6399));
#6401=STYLED_ITEM('',(#6400),#6398);
#6402=CARTESIAN_POINT('',(7.034957998459E-2,0.E0,1.222983967226E0));
#6403=DIRECTION('',(0.E0,1.E0,0.E0));
#6404=DIRECTION('',(5.742796359202E-2,0.E0,9.983496526757E-1));
#6405=AXIS2_PLACEMENT_3D('',#6402,#6403,#6404);
#6407=CURVE_STYLE('',#21,POSITIVE_LENGTH_MEASURE(2.E-2),#3);
#6408=PRESENTATION_STYLE_ASSIGNMENT((#6407));
#6409=STYLED_ITEM('',(#6408),#6406);
#6410=CARTESIAN_POINT('',(1.145638870311E-1,0.E0,1.218055071732E0));
#6411=DIRECTION('',(0.E0,1.E0,0.E0));
#6412=DIRECTION('',(9.970723392997E-1,0.E0,-7.646404516758E-2));
#6413=AXIS2_PLACEMENT_3D('',#6410,#6411,#6412);
#6415=CURVE_STYLE('',#21,POSITIVE_LENGTH_MEASURE(2.E-2),#3);
#6416=PRESENTATION_STYLE_ASSIGNMENT((#6415));
#6417=STYLED_ITEM('',(#6416),#6414);
#6418=CARTESIAN_POINT('',(1.145638870311E-1,2.519685039370E-1,
1.218055071732E0));
#6419=DIRECTION('',(0.E0,1.E0,0.E0));
#6420=DIRECTION('',(9.970723392997E-1,0.E0,-7.646404516758E-2));
#6421=AXIS2_PLACEMENT_3D('',#6418,#6419,#6420);
#6423=CURVE_STYLE('',#21,POSITIVE_LENGTH_MEASURE(2.E-2),#3);
#6424=PRESENTATION_STYLE_ASSIGNMENT((#6423));
#6425=STYLED_ITEM('',(#6424),#6422);
#6426=DIRECTION('',(0.E0,-1.E0,0.E0));
#6427=VECTOR('',#6426,2.519685039370E-1);
#6428=CARTESIAN_POINT('',(1.487155773929E-1,2.519685039370E-1,
1.215436027665E0));
#6429=LINE('',#6428,#6427);
#6430=CURVE_STYLE('',#21,POSITIVE_LENGTH_MEASURE(2.E-2),#3);
#6431=PRESENTATION_STYLE_ASSIGNMENT((#6430));
#6432=STYLED_ITEM('',(#6431),#6429);
#6433=CARTESIAN_POINT('',(1.589218296850E-1,2.519685039370E-1,
1.214653324841E0));
#6434=DIRECTION('',(0.E0,1.E0,0.E0));
#6435=DIRECTION('',(-9.970723392997E-1,0.E0,7.646404516768E-2));
#6436=AXIS2_PLACEMENT_3D('',#6433,#6434,#6435);
#6438=CURVE_STYLE('',#21,POSITIVE_LENGTH_MEASURE(2.E-2),#3);
#6439=PRESENTATION_STYLE_ASSIGNMENT((#6438));
#6440=STYLED_ITEM('',(#6439),#6437);
#6441=DIRECTION('',(-1.013425454666E-14,-1.E0,0.E0));
#6442=VECTOR('',#6441,2.519685039370E-1);
#6443=CARTESIAN_POINT('',(1.602497899959E-1,2.519685039370E-1,
1.224803040648E0));
#6444=LINE('',#6443,#6442);
#6445=CURVE_STYLE('',#21,POSITIVE_LENGTH_MEASURE(2.E-2),#3);
#6446=PRESENTATION_STYLE_ASSIGNMENT((#6445));
#6447=STYLED_ITEM('',(#6446),#6444);
#6448=CARTESIAN_POINT('',(1.589218296850E-1,0.E0,1.214653324841E0));
#6449=DIRECTION('',(0.E0,1.E0,0.E0));
#6450=DIRECTION('',(-9.970723392997E-1,0.E0,7.646404516768E-2));
#6451=AXIS2_PLACEMENT_3D('',#6448,#6449,#6450);
#6453=CURVE_STYLE('',#21,POSITIVE_LENGTH_MEASURE(2.E-2),#3);
#6454=PRESENTATION_STYLE_ASSIGNMENT((#6453));
#6455=STYLED_ITEM('',(#6454),#6452);
#6456=CARTESIAN_POINT('',(0.E0,2.519685039370E-1,0.E0));
#6457=DIRECTION('',(0.E0,-1.E0,0.E0));
#6458=DIRECTION('',(1.506625726402E-1,0.E0,9.885852463017E-1));
#6459=AXIS2_PLACEMENT_3D('',#6456,#6457,#6458);
#6461=CURVE_STYLE('',#21,POSITIVE_LENGTH_MEASURE(2.E-2),#3);
#6462=PRESENTATION_STYLE_ASSIGNMENT((#6461));
#6463=STYLED_ITEM('',(#6462),#6460);
#6464=DIRECTION('',(0.E0,-1.E0,0.E0));
#6465=VECTOR('',#6464,2.519685039370E-1);
#6466=CARTESIAN_POINT('',(1.861047183436E-1,2.519685039370E-1,
1.221141890766E0));
#6467=LINE('',#6466,#6465);
#6468=CURVE_STYLE('',#21,POSITIVE_LENGTH_MEASURE(2.E-2),#3);
#6469=PRESENTATION_STYLE_ASSIGNMENT((#6468));
#6470=STYLED_ITEM('',(#6469),#6467);
#6471=CARTESIAN_POINT('',(0.E0,0.E0,0.E0));
#6472=DIRECTION('',(0.E0,1.E0,0.E0));
#6473=DIRECTION('',(1.297315072972E-1,0.E0,9.915491596559E-1));
#6474=AXIS2_PLACEMENT_3D('',#6471,#6472,#6473);
#6476=CURVE_STYLE('',#21,POSITIVE_LENGTH_MEASURE(2.E-2),#3);
#6477=PRESENTATION_STYLE_ASSIGNMENT((#6476));
#6478=STYLED_ITEM('',(#6477),#6475);
#6479=CARTESIAN_POINT('',(1.845625030331E-1,2.519685039370E-1,
1.211022514230E0));
#6480=DIRECTION('',(0.E0,1.E0,0.E0));
#6481=DIRECTION('',(1.506625726412E-1,0.E0,9.885852463016E-1));
#6482=AXIS2_PLACEMENT_3D('',#6479,#6480,#6481);
#6484=CURVE_STYLE('',#21,POSITIVE_LENGTH_MEASURE(2.E-2),#3);
#6485=PRESENTATION_STYLE_ASSIGNMENT((#6484));
#6486=STYLED_ITEM('',(#6485),#6483);
#6487=DIRECTION('',(0.E0,-1.E0,0.E0));
#6488=VECTOR('',#6487,2.519685039370E-1);
#6489=CARTESIAN_POINT('',(1.945848080440E-1,2.519685039370E-1,
1.208940781339E0));
#6490=LINE('',#6489,#6488);
#6491=CURVE_STYLE('',#21,POSITIVE_LENGTH_MEASURE(2.E-2),#3);
#6492=PRESENTATION_STYLE_ASSIGNMENT((#6491));
#6493=STYLED_ITEM('',(#6492),#6490);
#6494=CARTESIAN_POINT('',(1.845625030331E-1,0.E0,1.211022514230E0));
#6495=DIRECTION('',(0.E0,1.E0,0.E0));
#6496=DIRECTION('',(1.506625726402E-1,0.E0,9.885852463017E-1));
#6497=AXIS2_PLACEMENT_3D('',#6494,#6495,#6496);
#6499=CURVE_STYLE('',#21,POSITIVE_LENGTH_MEASURE(2.E-2),#3);
#6500=PRESENTATION_STYLE_ASSIGNMENT((#6499));
#6501=STYLED_ITEM('',(#6500),#6498);
#6502=CARTESIAN_POINT('',(2.281209825037E-1,0.E0,1.201974982820E0));
#6503=DIRECTION('',(0.E0,1.E0,0.E0));
#6504=DIRECTION('',(9.855309784301E-1,0.E0,-1.694953998040E-1));
#6505=AXIS2_PLACEMENT_3D('',#6502,#6503,#6504);
#6507=CURVE_STYLE('',#21,POSITIVE_LENGTH_MEASURE(2.E-2),#3);
#6508=PRESENTATION_STYLE_ASSIGNMENT((#6507));
#6509=STYLED_ITEM('',(#6508),#6506);
#6510=CARTESIAN_POINT('',(2.281209825037E-1,2.519685039370E-1,
1.201974982820E0));
#6511=DIRECTION('',(0.E0,1.E0,0.E0));
#6512=DIRECTION('',(9.855309784301E-1,0.E0,-1.694953998040E-1));
#6513=AXIS2_PLACEMENT_3D('',#6510,#6511,#6512);
#6515=CURVE_STYLE('',#21,POSITIVE_LENGTH_MEASURE(2.E-2),#3);
#6516=PRESENTATION_STYLE_ASSIGNMENT((#6515));
#6517=STYLED_ITEM('',(#6516),#6514);
#6518=DIRECTION('',(0.E0,-1.E0,0.E0));
#6519=VECTOR('',#6518,2.519685039370E-1);
#6520=CARTESIAN_POINT('',(2.618773585365E-1,2.519685039370E-1,
1.196169431724E0));
#6521=LINE('',#6520,#6519);
#6522=CURVE_STYLE('',#21,POSITIVE_LENGTH_MEASURE(2.E-2),#3);
#6523=PRESENTATION_STYLE_ASSIGNMENT((#6522));
#6524=STYLED_ITEM('',(#6523),#6521);
#6525=CARTESIAN_POINT('',(2.719654709142E-1,2.519685039370E-1,
1.194434439443E0));
#6526=DIRECTION('',(0.E0,1.E0,0.E0));
#6527=DIRECTION('',(-9.855309784300E-1,0.E0,1.694953998040E-1));
#6528=AXIS2_PLACEMENT_3D('',#6525,#6526,#6527);
#6530=CURVE_STYLE('',#21,POSITIVE_LENGTH_MEASURE(2.E-2),#3);
#6531=PRESENTATION_STYLE_ASSIGNMENT((#6530));
#6532=STYLED_ITEM('',(#6531),#6529);
#6533=DIRECTION('',(0.E0,-1.E0,0.E0));
#6534=VECTOR('',#6533,2.519685039370E-1);
#6535=CARTESIAN_POINT('',(2.742380306502E-1,2.519685039370E-1,
1.204415205035E0));
#6536=LINE('',#6535,#6534);
#6537=CURVE_STYLE('',#21,POSITIVE_LENGTH_MEASURE(2.E-2),#3);
#6538=PRESENTATION_STYLE_ASSIGNMENT((#6537));
#6539=STYLED_ITEM('',(#6538),#6536);
#6540=CARTESIAN_POINT('',(2.719654709142E-1,0.E0,1.194434439443E0));
#6541=DIRECTION('',(0.E0,1.E0,0.E0));
#6542=DIRECTION('',(-9.855309784300E-1,0.E0,1.694953998040E-1));
#6543=AXIS2_PLACEMENT_3D('',#6540,#6541,#6542);
#6545=CURVE_STYLE('',#21,POSITIVE_LENGTH_MEASURE(2.E-2),#3);
#6546=PRESENTATION_STYLE_ASSIGNMENT((#6545));
#6547=STYLED_ITEM('',(#6546),#6544);
#6548=CARTESIAN_POINT('',(0.E0,2.519685039370E-1,0.E0));
#6549=DIRECTION('',(0.E0,-1.E0,0.E0));
#6550=DIRECTION('',(2.425731535828E-1,0.E0,9.701331172375E-1));
#6551=AXIS2_PLACEMENT_3D('',#6548,#6549,#6550);
#6553=CURVE_STYLE('',#21,POSITIVE_LENGTH_MEASURE(2.E-2),#3);
#6554=PRESENTATION_STYLE_ASSIGNMENT((#6553));
#6555=STYLED_ITEM('',(#6554),#6552);
#6556=DIRECTION('',(-1.035456442811E-14,-1.E0,0.E0));
#6557=VECTOR('',#6556,2.519685039370E-1);
#6558=CARTESIAN_POINT('',(2.996365164495E-1,2.519685039370E-1,
1.198349048310E0));
#6559=LINE('',#6558,#6557);
#6560=CURVE_STYLE('',#21,POSITIVE_LENGTH_MEASURE(2.E-2),#3);
#6561=PRESENTATION_STYLE_ASSIGNMENT((#6560));
#6562=STYLED_ITEM('',(#6561),#6559);
#6563=CARTESIAN_POINT('',(0.E0,0.E0,0.E0));
#6564=DIRECTION('',(0.E0,1.E0,0.E0));
#6565=DIRECTION('',(2.220116049785E-1,0.E0,9.750440232394E-1));
#6566=AXIS2_PLACEMENT_3D('',#6563,#6564,#6565);
#6568=CURVE_STYLE('',#21,POSITIVE_LENGTH_MEASURE(2.E-2),#3);
#6569=PRESENTATION_STYLE_ASSIGNMENT((#6568));
#6570=STYLED_ITEM('',(#6569),#6567);
#6571=CARTESIAN_POINT('',(2.971534841688E-1,2.519685039370E-1,
1.188418551834E0));
#6572=DIRECTION('',(0.E0,1.E0,0.E0));
#6573=DIRECTION('',(2.425731535837E-1,0.E0,9.701331172373E-1));
#6574=AXIS2_PLACEMENT_3D('',#6571,#6572,#6573);
#6576=CURVE_STYLE('',#21,POSITIVE_LENGTH_MEASURE(2.E-2),#3);
#6577=PRESENTATION_STYLE_ASSIGNMENT((#6576));
#6578=STYLED_ITEM('',(#6577),#6575);
#6579=DIRECTION('',(0.E0,-1.E0,0.E0));
#6580=VECTOR('',#6579,2.519685039370E-1);
#6581=CARTESIAN_POINT('',(3.069368144226E-1,2.519685039370E-1,
1.185407462545E0));
#6582=LINE('',#6581,#6580);
#6583=CURVE_STYLE('',#21,POSITIVE_LENGTH_MEASURE(2.E-2),#3);
#6584=PRESENTATION_STYLE_ASSIGNMENT((#6583));
#6585=STYLED_ITEM('',(#6584),#6582);
#6586=CARTESIAN_POINT('',(2.971534841688E-1,0.E0,1.188418551834E0));
#6587=DIRECTION('',(0.E0,1.E0,0.E0));
#6588=DIRECTION('',(2.425731535828E-1,0.E0,9.701331172375E-1));
#6589=AXIS2_PLACEMENT_3D('',#6586,#6587,#6588);
#6591=CURVE_STYLE('',#21,POSITIVE_LENGTH_MEASURE(2.E-2),#3);
#6592=PRESENTATION_STYLE_ASSIGNMENT((#6591));
#6593=STYLED_ITEM('',(#6592),#6590);
#6594=CARTESIAN_POINT('',(3.396733425797E-1,0.E0,1.175331894541E0));
#6595=DIRECTION('',(0.E0,1.E0,0.E0));
#6596=DIRECTION('',(9.653287358860E-1,0.E0,-2.610372227725E-1));
#6597=AXIS2_PLACEMENT_3D('',#6594,#6595,#6596);
#6599=CURVE_STYLE('',#21,POSITIVE_LENGTH_MEASURE(2.E-2),#3);
#6600=PRESENTATION_STYLE_ASSIGNMENT((#6599));
#6601=STYLED_ITEM('',(#6600),#6598);
#6602=CARTESIAN_POINT('',(3.396733425797E-1,2.519685039370E-1,
1.175331894541E0));
#6603=DIRECTION('',(0.E0,1.E0,0.E0));
#6604=DIRECTION('',(9.653287358860E-1,0.E0,-2.610372227725E-1));
#6605=AXIS2_PLACEMENT_3D('',#6602,#6603,#6604);
#6607=CURVE_STYLE('',#21,POSITIVE_LENGTH_MEASURE(2.E-2),#3);
#6608=PRESENTATION_STYLE_ASSIGNMENT((#6607));
#6609=STYLED_ITEM('',(#6608),#6606);
#6610=DIRECTION('',(0.E0,-1.E0,0.E0));
#6611=VECTOR('',#6610,2.519685039370E-1);
#6612=CARTESIAN_POINT('',(3.727377520372E-1,2.519685039370E-1,
1.166390855808E0));
#6613=LINE('',#6612,#6611);
#6614=CURVE_STYLE('',#21,POSITIVE_LENGTH_MEASURE(2.E-2),#3);
#6615=PRESENTATION_STYLE_ASSIGNMENT((#6614));
#6616=STYLED_ITEM('',(#6615),#6613);
#6617=CARTESIAN_POINT('',(3.826190698061E-1,2.519685039370E-1,
1.163718821244E0));
#6618=DIRECTION('',(0.E0,1.E0,0.E0));
#6619=DIRECTION('',(-9.653287358860E-1,0.E0,2.610372227725E-1));
#6620=AXIS2_PLACEMENT_3D('',#6617,#6618,#6619);
#6622=CURVE_STYLE('',#21,POSITIVE_LENGTH_MEASURE(2.E-2),#3);
#6623=PRESENTATION_STYLE_ASSIGNMENT((#6622));
#6624=STYLED_ITEM('',(#6623),#6621);
#6625=DIRECTION('',(0.E0,-1.E0,0.E0));
#6626=VECTOR('',#6625,2.519685039370E-1);
#6627=CARTESIAN_POINT('',(3.858162576305E-1,2.519685039370E-1,
1.173442925294E0));
#6628=LINE('',#6627,#6626);
#6629=CURVE_STYLE('',#21,POSITIVE_LENGTH_MEASURE(2.E-2),#3);
#6630=PRESENTATION_STYLE_ASSIGNMENT((#6629));
#6631=STYLED_ITEM('',(#6630),#6628);
#6632=CARTESIAN_POINT('',(3.826190698061E-1,0.E0,1.163718821244E0));
#6633=DIRECTION('',(0.E0,1.E0,0.E0));
#6634=DIRECTION('',(-9.653287358860E-1,0.E0,2.610372227725E-1));
#6635=AXIS2_PLACEMENT_3D('',#6632,#6633,#6634);
#6637=CURVE_STYLE('',#21,POSITIVE_LENGTH_MEASURE(2.E-2),#3);
#6638=PRESENTATION_STYLE_ASSIGNMENT((#6637));
#6639=STYLED_ITEM('',(#6638),#6636);
#6640=CARTESIAN_POINT('',(0.E0,2.519685039370E-1,0.E0));
#6641=DIRECTION('',(0.E0,-1.E0,0.E0));
#6642=DIRECTION('',(3.323519929296E-1,0.E0,9.431554234567E-1));
#6643=AXIS2_PLACEMENT_3D('',#6640,#6641,#6642);
#6645=CURVE_STYLE('',#21,POSITIVE_LENGTH_MEASURE(2.E-2),#3);
#6646=PRESENTATION_STYLE_ASSIGNMENT((#6645));
#6647=STYLED_ITEM('',(#6646),#6644);
#6648=DIRECTION('',(0.E0,-1.E0,0.E0));
#6649=VECTOR('',#6648,2.519685039370E-1);
#6650=CARTESIAN_POINT('',(4.105350980751E-1,2.519685039370E-1,
1.165025071328E0));
#6651=LINE('',#6650,#6649);
#6652=CURVE_STYLE('',#21,POSITIVE_LENGTH_MEASURE(2.E-2),#3);
#6653=PRESENTATION_STYLE_ASSIGNMENT((#6652));
#6654=STYLED_ITEM('',(#6653),#6651);
#6655=CARTESIAN_POINT('',(0.E0,0.E0,0.E0));
#6656=DIRECTION('',(0.E0,1.E0,0.E0));
#6657=DIRECTION('',(3.123406566926E-1,0.E0,9.499701648877E-1));
#6658=AXIS2_PLACEMENT_3D('',#6655,#6656,#6657);
#6660=CURVE_STYLE('',#21,POSITIVE_LENGTH_MEASURE(2.E-2),#3);
#6661=PRESENTATION_STYLE_ASSIGNMENT((#6660));
#6662=STYLED_ITEM('',(#6661),#6659);
#6663=CARTESIAN_POINT('',(4.071330698011E-1,2.519685039370E-1,
1.155370724474E0));
#6664=DIRECTION('',(0.E0,1.E0,0.E0));
#6665=DIRECTION('',(3.323519929305E-1,0.E0,9.431554234563E-1));
#6666=AXIS2_PLACEMENT_3D('',#6663,#6664,#6665);
#6668=CURVE_STYLE('',#21,POSITIVE_LENGTH_MEASURE(2.E-2),#3);
#6669=PRESENTATION_STYLE_ASSIGNMENT((#6668));
#6670=STYLED_ITEM('',(#6669),#6667);
#6671=DIRECTION('',(0.E0,-1.E0,0.E0));
#6672=VECTOR('',#6671,2.519685039370E-1);
#6673=CARTESIAN_POINT('',(4.165914490398E-1,2.519685039370E-1,
1.151456740348E0));
#6674=LINE('',#6673,#6672);
#6675=CURVE_STYLE('',#21,POSITIVE_LENGTH_MEASURE(2.E-2),#3);
#6676=PRESENTATION_STYLE_ASSIGNMENT((#6675));
#6677=STYLED_ITEM('',(#6676),#6674);
#6678=CARTESIAN_POINT('',(4.071330698011E-1,0.E0,1.155370724474E0));
#6679=DIRECTION('',(0.E0,1.E0,0.E0));
#6680=DIRECTION('',(3.323519929297E-1,0.E0,9.431554234566E-1));
#6681=AXIS2_PLACEMENT_3D('',#6678,#6679,#6680);
#6683=CURVE_STYLE('',#21,POSITIVE_LENGTH_MEASURE(2.E-2),#3);
#6684=PRESENTATION_STYLE_ASSIGNMENT((#6683));
#6685=STYLED_ITEM('',(#6684),#6682);
#6686=CARTESIAN_POINT('',(4.482406411077E-1,0.E0,1.138359947311E0));
#6687=DIRECTION('',(0.E0,1.E0,0.E0));
#6688=DIRECTION('',(9.366431497014E-1,0.E0,-3.502850412413E-1));
#6689=AXIS2_PLACEMENT_3D('',#6686,#6687,#6688);
#6691=CURVE_STYLE('',#21,POSITIVE_LENGTH_MEASURE(2.E-2),#3);
#6692=PRESENTATION_STYLE_ASSIGNMENT((#6691));
#6693=STYLED_ITEM('',(#6692),#6690);
#6694=CARTESIAN_POINT('',(4.482406411077E-1,2.519685039370E-1,
1.138359947311E0));
#6695=DIRECTION('',(0.E0,1.E0,0.E0));
#6696=DIRECTION('',(9.366431497014E-1,0.E0,-3.502850412413E-1));
#6697=AXIS2_PLACEMENT_3D('',#6694,#6695,#6696);
#6699=CURVE_STYLE('',#21,POSITIVE_LENGTH_MEASURE(2.E-2),#3);
#6700=PRESENTATION_STYLE_ASSIGNMENT((#6699));
#6701=STYLED_ITEM('',(#6700),#6698);
#6702=DIRECTION('',(0.E0,-1.E0,0.E0));
#6703=VECTOR('',#6702,2.519685039370E-1);
#6704=CARTESIAN_POINT('',(4.803225127707E-1,2.519685039370E-1,
1.126361995111E0));
#6705=LINE('',#6704,#6703);
#6706=CURVE_STYLE('',#21,POSITIVE_LENGTH_MEASURE(2.E-2),#3);
#6707=PRESENTATION_STYLE_ASSIGNMENT((#6706));
#6708=STYLED_ITEM('',(#6707),#6705);
#6709=CARTESIAN_POINT('',(4.899101985550E-1,2.519685039370E-1,
1.122776400201E0));
#6710=DIRECTION('',(0.E0,1.E0,0.E0));
#6711=DIRECTION('',(-9.366431497014E-1,0.E0,3.502850412413E-1));
#6712=AXIS2_PLACEMENT_3D('',#6709,#6710,#6711);
#6714=CURVE_STYLE('',#21,POSITIVE_LENGTH_MEASURE(2.E-2),#3);
#6715=PRESENTATION_STYLE_ASSIGNMENT((#6714));
#6716=STYLED_ITEM('',(#6715),#6713);
#6717=DIRECTION('',(-1.013425454666E-14,-1.E0,0.E0));
#6718=VECTOR('',#6717,2.519685039370E-1);
#6719=CARTESIAN_POINT('',(4.940039174663E-1,2.519685039370E-1,
1.132158386933E0));
#6720=LINE('',#6719,#6718);
#6721=CURVE_STYLE('',#21,POSITIVE_LENGTH_MEASURE(2.E-2),#3);
#6722=PRESENTATION_STYLE_ASSIGNMENT((#6721));
#6723=STYLED_ITEM('',(#6722),#6720);
#6724=CARTESIAN_POINT('',(4.899101985550E-1,0.E0,1.122776400201E0));
#6725=DIRECTION('',(0.E0,1.E0,0.E0));
#6726=DIRECTION('',(-9.366431497014E-1,0.E0,3.502850412413E-1));
#6727=AXIS2_PLACEMENT_3D('',#6724,#6725,#6726);
#6729=CURVE_STYLE('',#21,POSITIVE_LENGTH_MEASURE(2.E-2),#3);
#6730=PRESENTATION_STYLE_ASSIGNMENT((#6729));
#6731=STYLED_ITEM('',(#6730),#6728);
#6732=CARTESIAN_POINT('',(0.E0,2.519685039370E-1,0.E0));
#6733=DIRECTION('',(0.E0,-1.E0,0.E0));
#6734=DIRECTION('',(4.192101110125E-1,0.E0,9.078892459022E-1));
#6735=AXIS2_PLACEMENT_3D('',#6732,#6733,#6734);
#6737=CURVE_STYLE('',#21,POSITIVE_LENGTH_MEASURE(2.E-2),#3);
#6738=PRESENTATION_STYLE_ASSIGNMENT((#6737));
#6739=STYLED_ITEM('',(#6738),#6736);
#6740=DIRECTION('',(0.E0,-1.E0,0.E0));
#6741=VECTOR('',#6740,2.519685039370E-1);
#6742=CARTESIAN_POINT('',(5.178258824976E-1,2.519685039370E-1,
1.121462812130E0));
#6743=LINE('',#6742,#6741);
#6744=CURVE_STYLE('',#21,POSITIVE_LENGTH_MEASURE(2.E-2),#3);
#6745=PRESENTATION_STYLE_ASSIGNMENT((#6744));
#6746=STYLED_ITEM('',(#6745),#6743);
#6747=CARTESIAN_POINT('',(0.E0,0.E0,0.E0));
#6748=DIRECTION('',(0.E0,1.E0,0.E0));
#6749=DIRECTION('',(3.999248474851E-1,0.E0,9.165479345697E-1));
#6750=AXIS2_PLACEMENT_3D('',#6747,#6748,#6749);
#6752=CURVE_STYLE('',#21,POSITIVE_LENGTH_MEASURE(2.E-2),#3);
#6753=PRESENTATION_STYLE_ASSIGNMENT((#6752));
#6754=STYLED_ITEM('',(#6753),#6751);
#6755=CARTESIAN_POINT('',(5.135347553770E-1,2.519685039370E-1,
1.112169457644E0));
#6756=DIRECTION('',(0.E0,1.E0,0.E0));
#6757=DIRECTION('',(4.192101110133E-1,0.E0,9.078892459018E-1));
#6758=AXIS2_PLACEMENT_3D('',#6755,#6756,#6757);
#6760=CURVE_STYLE('',#21,POSITIVE_LENGTH_MEASURE(2.E-2),#3);
#6761=PRESENTATION_STYLE_ASSIGNMENT((#6760));
#6762=STYLED_ITEM('',(#6761),#6759);
#6763=DIRECTION('',(0.E0,-1.E0,0.E0));
#6764=VECTOR('',#6763,2.519685039370E-1);
#6765=CARTESIAN_POINT('',(5.225850630237E-1,2.519685039370E-1,
1.107386974914E0));
#6766=LINE('',#6765,#6764);
#6767=CURVE_STYLE('',#21,POSITIVE_LENGTH_MEASURE(2.E-2),#3);
#6768=PRESENTATION_STYLE_ASSIGNMENT((#6767));
#6769=STYLED_ITEM('',(#6768),#6766);
#6770=CARTESIAN_POINT('',(5.135347553770E-1,0.E0,1.112169457644E0));
#6771=DIRECTION('',(0.E0,1.E0,0.E0));
#6772=DIRECTION('',(4.192101110126E-1,0.E0,9.078892459022E-1));
#6773=AXIS2_PLACEMENT_3D('',#6770,#6771,#6772);
#6775=CURVE_STYLE('',#21,POSITIVE_LENGTH_MEASURE(2.E-2),#3);
#6776=PRESENTATION_STYLE_ASSIGNMENT((#6775));
#6777=STYLED_ITEM('',(#6776),#6774);
#6778=CARTESIAN_POINT('',(5.528687847646E-1,0.E0,1.091384051934E0));
#6779=DIRECTION('',(0.E0,1.E0,0.E0));
#6780=DIRECTION('',(8.997263098391E-1,0.E0,-4.364545421728E-1));
#6781=AXIS2_PLACEMENT_3D('',#6778,#6779,#6780);
#6783=CURVE_STYLE('',#21,POSITIVE_LENGTH_MEASURE(2.E-2),#3);
#6784=PRESENTATION_STYLE_ASSIGNMENT((#6783));
#6785=STYLED_ITEM('',(#6784),#6782);
#6786=CARTESIAN_POINT('',(5.528687847646E-1,2.519685039370E-1,
1.091384051934E0));
#6787=DIRECTION('',(0.E0,1.E0,0.E0));
#6788=DIRECTION('',(8.997263098391E-1,0.E0,-4.364545421728E-1));
#6789=AXIS2_PLACEMENT_3D('',#6786,#6787,#6788);
#6791=CURVE_STYLE('',#21,POSITIVE_LENGTH_MEASURE(2.E-2),#3);
#6792=PRESENTATION_STYLE_ASSIGNMENT((#6791));
#6793=STYLED_ITEM('',(#6792),#6790);
#6794=DIRECTION('',(0.E0,-1.E0,0.E0));
#6795=VECTOR('',#6794,2.519685039370E-1);
#6796=CARTESIAN_POINT('',(5.836861819914E-1,2.519685039370E-1,
1.076434624702E0));
#6797=LINE('',#6796,#6795);
#6798=CURVE_STYLE('',#21,POSITIVE_LENGTH_MEASURE(2.E-2),#3);
#6799=PRESENTATION_STYLE_ASSIGNMENT((#6798));
#6800=STYLED_ITEM('',(#6799),#6797);
#6801=CARTESIAN_POINT('',(5.928959788638E-1,2.519685039370E-1,
1.071966979782E0));
#6802=DIRECTION('',(0.E0,1.E0,0.E0));
#6803=DIRECTION('',(-8.997263098390E-1,0.E0,4.364545421730E-1));
#6804=AXIS2_PLACEMENT_3D('',#6801,#6802,#6803);
#6806=CURVE_STYLE('',#21,POSITIVE_LENGTH_MEASURE(2.E-2),#3);
#6807=PRESENTATION_STYLE_ASSIGNMENT((#6806));
#6808=STYLED_ITEM('',(#6807),#6805);
#6809=DIRECTION('',(0.E0,-1.E0,0.E0));
#6810=VECTOR('',#6809,2.519685039370E-1);
#6811=CARTESIAN_POINT('',(5.978502531129E-1,2.519685039370E-1,
1.080924399959E0));
#6812=LINE('',#6811,#6810);
#6813=CURVE_STYLE('',#21,POSITIVE_LENGTH_MEASURE(2.E-2),#3);
#6814=PRESENTATION_STYLE_ASSIGNMENT((#6813));
#6815=STYLED_ITEM('',(#6814),#6812);
#6816=CARTESIAN_POINT('',(5.928959788638E-1,0.E0,1.071966979782E0));
#6817=DIRECTION('',(0.E0,1.E0,0.E0));
#6818=DIRECTION('',(-8.997263098390E-1,0.E0,4.364545421730E-1));
#6819=AXIS2_PLACEMENT_3D('',#6816,#6817,#6818);
#6821=CURVE_STYLE('',#21,POSITIVE_LENGTH_MEASURE(2.E-2),#3);
#6822=PRESENTATION_STYLE_ASSIGNMENT((#6821));
#6823=STYLED_ITEM('',(#6822),#6820);
#6824=CARTESIAN_POINT('',(0.E0,2.519685039370E-1,0.E0));
#6825=DIRECTION('',(0.E0,-1.E0,0.E0));
#6826=DIRECTION('',(5.023841955666E-1,0.E0,8.646445050105E-1));
#6827=AXIS2_PLACEMENT_3D('',#6824,#6825,#6826);
#6829=CURVE_STYLE('',#21,POSITIVE_LENGTH_MEASURE(2.E-2),#3);
#6830=PRESENTATION_STYLE_ASSIGNMENT((#6829));
#6831=STYLED_ITEM('',(#6830),#6828);
#6832=DIRECTION('',(0.E0,-1.E0,0.E0));
#6833=VECTOR('',#6832,2.519685039370E-1);
#6834=CARTESIAN_POINT('',(6.205659944456E-1,2.519685039370E-1,
1.068045097415E0));
#6835=LINE('',#6834,#6833);
#6836=CURVE_STYLE('',#21,POSITIVE_LENGTH_MEASURE(2.E-2),#3);
#6837=PRESENTATION_STYLE_ASSIGNMENT((#6836));
#6838=STYLED_ITEM('',(#6837),#6835);
#6839=CARTESIAN_POINT('',(0.E0,0.E0,0.E0));
#6840=DIRECTION('',(0.E0,1.E0,0.E0));
#6841=DIRECTION('',(4.839944843381E-1,0.E0,8.750710480471E-1));
#6842=AXIS2_PLACEMENT_3D('',#6839,#6840,#6841);
#6844=CURVE_STYLE('',#21,POSITIVE_LENGTH_MEASURE(2.E-2),#3);
#6845=PRESENTATION_STYLE_ASSIGNMENT((#6844));
#6846=STYLED_ITEM('',(#6845),#6843);
#6847=CARTESIAN_POINT('',(6.154234790579E-1,2.519685039370E-1,
1.059194405631E0));
#6848=DIRECTION('',(0.E0,1.E0,0.E0));
#6849=DIRECTION('',(5.023841955674E-1,0.E0,8.646445050101E-1));
#6850=AXIS2_PLACEMENT_3D('',#6847,#6848,#6849);
#6852=CURVE_STYLE('',#21,POSITIVE_LENGTH_MEASURE(2.E-2),#3);
#6853=PRESENTATION_STYLE_ASSIGNMENT((#6852));
#6854=STYLED_ITEM('',(#6853),#6851);
#6855=DIRECTION('',(0.E0,-1.E0,0.E0));
#6856=VECTOR('',#6855,2.519685039370E-1);
#6857=CARTESIAN_POINT('',(6.239861806836E-1,2.519685039370E-1,
1.053585452928E0));
#6858=LINE('',#6857,#6856);
#6859=CURVE_STYLE('',#21,POSITIVE_LENGTH_MEASURE(2.E-2),#3);
#6860=PRESENTATION_STYLE_ASSIGNMENT((#6859));
#6861=STYLED_ITEM('',(#6860),#6858);
#6862=CARTESIAN_POINT('',(6.154234790579E-1,0.E0,1.059194405631E0));
#6863=DIRECTION('',(0.E0,1.E0,0.E0));
#6864=DIRECTION('',(5.023841955666E-1,0.E0,8.646445050105E-1));
#6865=AXIS2_PLACEMENT_3D('',#6862,#6863,#6864);
#6867=CURVE_STYLE('',#21,POSITIVE_LENGTH_MEASURE(2.E-2),#3);
#6868=PRESENTATION_STYLE_ASSIGNMENT((#6867));
#6869=STYLED_ITEM('',(#6868),#6866);
#6870=CARTESIAN_POINT('',(6.526382976620E-1,0.E0,1.034817034267E0));
#6871=DIRECTION('',(0.E0,1.E0,0.E0));
#6872=DIRECTION('',(8.549026428152E-1,0.E0,-5.187884648945E-1));
#6873=AXIS2_PLACEMENT_3D('',#6870,#6871,#6872);
#6875=CURVE_STYLE('',#21,POSITIVE_LENGTH_MEASURE(2.E-2),#3);
#6876=PRESENTATION_STYLE_ASSIGNMENT((#6875));
#6877=STYLED_ITEM('',(#6876),#6874);
#6878=CARTESIAN_POINT('',(6.526382976620E-1,2.519685039370E-1,
1.034817034267E0));
#6879=DIRECTION('',(0.E0,1.E0,0.E0));
#6880=DIRECTION('',(8.549026428152E-1,0.E0,-5.187884648945E-1));
#6881=AXIS2_PLACEMENT_3D('',#6878,#6879,#6880);
#6883=CURVE_STYLE('',#21,POSITIVE_LENGTH_MEASURE(2.E-2),#3);
#6884=PRESENTATION_STYLE_ASSIGNMENT((#6883));
#6885=STYLED_ITEM('',(#6884),#6882);
#6886=DIRECTION('',(0.E0,-1.E0,0.E0));
#6887=VECTOR('',#6886,2.519685039370E-1);
#6888=CARTESIAN_POINT('',(6.819203960576E-1,2.519685039370E-1,
1.017047508107E0));
#6889=LINE('',#6888,#6887);
#6890=CURVE_STYLE('',#21,POSITIVE_LENGTH_MEASURE(2.E-2),#3);
#6891=PRESENTATION_STYLE_ASSIGNMENT((#6890));
#6892=STYLED_ITEM('',(#6891),#6889);
#6893=CARTESIAN_POINT('',(6.906713679920E-1,2.519685039370E-1,
1.011737075002E0));
#6894=DIRECTION('',(0.E0,1.E0,0.E0));
#6895=DIRECTION('',(-8.549026428152E-1,0.E0,5.187884648945E-1));
#6896=AXIS2_PLACEMENT_3D('',#6893,#6894,#6895);
#6898=CURVE_STYLE('',#21,POSITIVE_LENGTH_MEASURE(2.E-2),#3);
#6899=PRESENTATION_STYLE_ASSIGNMENT((#6898));
#6900=STYLED_ITEM('',(#6899),#6897);
#6901=DIRECTION('',(0.E0,-1.E0,0.E0));
#6902=VECTOR('',#6901,2.519685039370E-1);
#6903=CARTESIAN_POINT('',(6.964426592387E-1,2.519685039370E-1,
1.020191210493E0));
#6904=LINE('',#6903,#6902);
#6905=CURVE_STYLE('',#21,POSITIVE_LENGTH_MEASURE(2.E-2),#3);
#6906=PRESENTATION_STYLE_ASSIGNMENT((#6905));
#6907=STYLED_ITEM('',(#6906),#6904);
#6908=CARTESIAN_POINT('',(6.906713679920E-1,0.E0,1.011737075002E0));
#6909=DIRECTION('',(0.E0,1.E0,0.E0));
#6910=DIRECTION('',(-8.549026428152E-1,0.E0,5.187884648945E-1));
#6911=AXIS2_PLACEMENT_3D('',#6908,#6909,#6910);
#6913=CURVE_STYLE('',#21,POSITIVE_LENGTH_MEASURE(2.E-2),#3);
#6914=PRESENTATION_STYLE_ASSIGNMENT((#6913));
#6915=STYLED_ITEM('',(#6914),#6912);
#6916=CARTESIAN_POINT('',(0.E0,2.519685039370E-1,0.E0));
#6917=DIRECTION('',(0.E0,-1.E0,0.E0));
#6918=DIRECTION('',(5.811433097463E-1,0.E0,8.138012371194E-1));
#6919=AXIS2_PLACEMENT_3D('',#6916,#6917,#6918);
#6921=CURVE_STYLE('',#21,POSITIVE_LENGTH_MEASURE(2.E-2),#3);
#6922=PRESENTATION_STYLE_ASSIGNMENT((#6921));
#6923=STYLED_ITEM('',(#6922),#6920);
#6924=DIRECTION('',(0.E0,-1.E0,0.E0));
#6925=VECTOR('',#6924,2.519685039370E-1);
#6926=CARTESIAN_POINT('',(7.178525501212E-1,2.519685039370E-1,
1.005241363981E0));
#6927=LINE('',#6926,#6925);
#6928=CURVE_STYLE('',#21,POSITIVE_LENGTH_MEASURE(2.E-2),#3);
#6929=PRESENTATION_STYLE_ASSIGNMENT((#6928));
#6930=STYLED_ITEM('',(#6929),#6927);
#6931=CARTESIAN_POINT('',(0.E0,0.E0,0.E0));
#6932=DIRECTION('',(0.E0,1.E0,0.E0));
#6933=DIRECTION('',(5.638107602601E-1,0.E0,8.259040056901E-1));
#6934=AXIS2_PLACEMENT_3D('',#6931,#6932,#6933);
#6936=CURVE_STYLE('',#21,POSITIVE_LENGTH_MEASURE(2.E-2),#3);
#6937=PRESENTATION_STYLE_ASSIGNMENT((#6936));
#6938=STYLED_ITEM('',(#6937),#6935);
#6939=CARTESIAN_POINT('',(7.119038390765E-1,2.519685039370E-1,
9.969111150974E-1));
#6940=DIRECTION('',(0.E0,1.E0,0.E0));
#6941=DIRECTION('',(5.811433097469E-1,0.E0,8.138012371190E-1));
#6942=AXIS2_PLACEMENT_3D('',#6939,#6940,#6941);
#6944=CURVE_STYLE('',#21,POSITIVE_LENGTH_MEASURE(2.E-2),#3);
#6945=PRESENTATION_STYLE_ASSIGNMENT((#6944));
#6946=STYLED_ITEM('',(#6945),#6943);
#6947=DIRECTION('',(0.E0,-1.E0,0.E0));
#6948=VECTOR('',#6947,2.519685039370E-1);
#6949=CARTESIAN_POINT('',(7.199036853515E-1,2.519685039370E-1,
9.905249840983E-1));
#6950=LINE('',#6949,#6948);
#6951=CURVE_STYLE('',#21,POSITIVE_LENGTH_MEASURE(2.E-2),#3);
#6952=PRESENTATION_STYLE_ASSIGNMENT((#6951));
#6953=STYLED_ITEM('',(#6952),#6950);
#6954=CARTESIAN_POINT('',(7.119038390765E-1,0.E0,9.969111150974E-1));
#6955=DIRECTION('',(0.E0,1.E0,0.E0));
#6956=DIRECTION('',(5.811433097463E-1,0.E0,8.138012371194E-1));
#6957=AXIS2_PLACEMENT_3D('',#6954,#6955,#6956);
#6959=CURVE_STYLE('',#21,POSITIVE_LENGTH_MEASURE(2.E-2),#3);
#6960=PRESENTATION_STYLE_ASSIGNMENT((#6959));
#6961=STYLED_ITEM('',(#6960),#6958);
#6962=CARTESIAN_POINT('',(7.466724017331E-1,0.E0,9.691560072937E-1));
#6963=DIRECTION('',(0.E0,1.E0,0.E0));
#6964=DIRECTION('',(8.025660606272E-1,0.E0,-5.965632559330E-1));
#6965=AXIS2_PLACEMENT_3D('',#6962,#6963,#6964);
#6967=CURVE_STYLE('',#21,POSITIVE_LENGTH_MEASURE(2.E-2),#3);
#6968=PRESENTATION_STYLE_ASSIGNMENT((#6967));
#6969=STYLED_ITEM('',(#6968),#6966);
#6970=CARTESIAN_POINT('',(7.466724017331E-1,2.519685039370E-1,
9.691560072937E-1));
#6971=DIRECTION('',(0.E0,1.E0,0.E0));
#6972=DIRECTION('',(8.025660606272E-1,0.E0,-5.965632559330E-1));
#6973=AXIS2_PLACEMENT_3D('',#6970,#6971,#6972);
#6975=CURVE_STYLE('',#21,POSITIVE_LENGTH_MEASURE(2.E-2),#3);
#6976=PRESENTATION_STYLE_ASSIGNMENT((#6975));
#6977=STYLED_ITEM('',(#6976),#6974);
#6978=DIRECTION('',(0.E0,-1.E0,0.E0));
#6979=VECTOR('',#6978,2.519685039370E-1);
#6980=CARTESIAN_POINT('',(7.741618691641E-1,2.519685039370E-1,
9.487225414409E-1));
#6981=LINE('',#6980,#6979);
#6982=CURVE_STYLE('',#21,POSITIVE_LENGTH_MEASURE(2.E-2),#3);
#6983=PRESENTATION_STYLE_ASSIGNMENT((#6982));
#6984=STYLED_ITEM('',(#6983),#6981);
#6985=CARTESIAN_POINT('',(7.823771123043E-1,2.519685039370E-1,
9.426159884274E-1));
#6986=DIRECTION('',(0.E0,1.E0,0.E0));
#6987=DIRECTION('',(-8.025660606272E-1,0.E0,5.965632559330E-1));
#6988=AXIS2_PLACEMENT_3D('',#6985,#6986,#6987);
#6990=CURVE_STYLE('',#21,POSITIVE_LENGTH_MEASURE(2.E-2),#3);
#6991=PRESENTATION_STYLE_ASSIGNMENT((#6990));
#6992=STYLED_ITEM('',(#6991),#6989);
#6993=DIRECTION('',(0.E0,-1.E0,0.E0));
#6994=VECTOR('',#6993,2.519685039370E-1);
#6995=CARTESIAN_POINT('',(7.889147022337E-1,2.519685039370E-1,
9.504925439865E-1));
#6996=LINE('',#6995,#6994);
#6997=CURVE_STYLE('',#21,POSITIVE_LENGTH_MEASURE(2.E-2),#3);
#6998=PRESENTATION_STYLE_ASSIGNMENT((#6997));
#6999=STYLED_ITEM('',(#6998),#6996);
#7000=CARTESIAN_POINT('',(7.823771123043E-1,0.E0,9.426159884274E-1));
#7001=DIRECTION('',(0.E0,1.E0,0.E0));
#7002=DIRECTION('',(-8.025660606272E-1,0.E0,5.965632559330E-1));
#7003=AXIS2_PLACEMENT_3D('',#7000,#7001,#7002);
#7005=CURVE_STYLE('',#21,POSITIVE_LENGTH_MEASURE(2.E-2),#3);
#7006=PRESENTATION_STYLE_ASSIGNMENT((#7005));
#7007=STYLED_ITEM('',(#7006),#7004);
#7008=CARTESIAN_POINT('',(0.E0,2.519685039370E-1,0.E0));
#7009=DIRECTION('',(0.E0,-1.E0,0.E0));
#7010=DIRECTION('',(6.547953156242E-1,0.E0,7.558062546954E-1));
#7011=AXIS2_PLACEMENT_3D('',#7008,#7009,#7010);
#7013=CURVE_STYLE('',#21,POSITIVE_LENGTH_MEASURE(2.E-2),#3);
#7014=PRESENTATION_STYLE_ASSIGNMENT((#7013));
#7015=STYLED_ITEM('',(#7014),#7012);
#7016=DIRECTION('',(0.E0,-1.E0,0.E0));
#7017=VECTOR('',#7016,2.519685039370E-1);
#7018=CARTESIAN_POINT('',(8.088305917751E-1,2.519685039370E-1,
9.336035332963E-1));
#7019=LINE('',#7018,#7017);
#7020=CURVE_STYLE('',#21,POSITIVE_LENGTH_MEASURE(2.E-2),#3);
#7021=PRESENTATION_STYLE_ASSIGNMENT((#7020));
#7022=STYLED_ITEM('',(#7021),#7019);
#7023=CARTESIAN_POINT('',(0.E0,0.E0,0.E0));
#7024=DIRECTION('',(0.E0,1.E0,0.E0));
#7025=DIRECTION('',(6.386722469485E-1,0.E0,7.694788892346E-1));
#7026=AXIS2_PLACEMENT_3D('',#7023,#7024,#7025);
#7028=CURVE_STYLE('',#21,POSITIVE_LENGTH_MEASURE(2.E-2),#3);
#7029=PRESENTATION_STYLE_ASSIGNMENT((#7028));
#7030=STYLED_ITEM('',(#7029),#7027);
#7031=CARTESIAN_POINT('',(8.021279625600E-1,2.519685039370E-1,
9.258669338387E-1));
#7032=DIRECTION('',(0.E0,1.E0,0.E0));
#7033=DIRECTION('',(6.547953156248E-1,0.E0,7.558062546949E-1));
#7034=AXIS2_PLACEMENT_3D('',#7031,#7032,#7033);
#7036=CURVE_STYLE('',#21,POSITIVE_LENGTH_MEASURE(2.E-2),#3);
#7037=PRESENTATION_STYLE_ASSIGNMENT((#7036));
#7038=STYLED_ITEM('',(#7037),#7035);
#7039=DIRECTION('',(0.E0,-1.E0,0.E0));
#7040=VECTOR('',#7039,2.519685039370E-1);
#7041=CARTESIAN_POINT('',(8.094946505475E-1,2.519685039370E-1,
9.187597460929E-1));
#7042=LINE('',#7041,#7040);
#7043=CURVE_STYLE('',#21,POSITIVE_LENGTH_MEASURE(2.E-2),#3);
#7044=PRESENTATION_STYLE_ASSIGNMENT((#7043));
#7045=STYLED_ITEM('',(#7044),#7042);
#7046=CARTESIAN_POINT('',(8.021279625600E-1,0.E0,9.258669338387E-1));
#7047=DIRECTION('',(0.E0,1.E0,0.E0));
#7048=DIRECTION('',(6.547953156242E-1,0.E0,7.558062546954E-1));
#7049=AXIS2_PLACEMENT_3D('',#7046,#7047,#7048);
#7051=CURVE_STYLE('',#21,POSITIVE_LENGTH_MEASURE(2.E-2),#3);
#7052=PRESENTATION_STYLE_ASSIGNMENT((#7051));
#7053=STYLED_ITEM('',(#7052),#7050);
#7054=CARTESIAN_POINT('',(8.341447218903E-1,0.E0,8.949780024816E-1));
#7055=DIRECTION('',(0.E0,1.E0,0.E0));
#7056=DIRECTION('',(7.431764990412E-1,0.E0,-6.690954276282E-1));
#7057=AXIS2_PLACEMENT_3D('',#7054,#7055,#7056);
#7059=CURVE_STYLE('',#21,POSITIVE_LENGTH_MEASURE(2.E-2),#3);
#7060=PRESENTATION_STYLE_ASSIGNMENT((#7059));
#7061=STYLED_ITEM('',(#7060),#7058);
#7062=CARTESIAN_POINT('',(8.341447218903E-1,2.519685039370E-1,
8.949780024816E-1));
#7063=DIRECTION('',(0.E0,1.E0,0.E0));
#7064=DIRECTION('',(7.431764990412E-1,0.E0,-6.690954276282E-1));
#7065=AXIS2_PLACEMENT_3D('',#7062,#7063,#7064);
#7067=CURVE_STYLE('',#21,POSITIVE_LENGTH_MEASURE(2.E-2),#3);
#7068=PRESENTATION_STYLE_ASSIGNMENT((#7067));
#7069=STYLED_ITEM('',(#7068),#7066);
#7070=DIRECTION('',(0.E0,-1.E0,0.E0));
#7071=VECTOR('',#7070,2.519685039370E-1);
#7072=CARTESIAN_POINT('',(8.595999799283E-1,2.519685039370E-1,
8.720601669684E-1));
#7073=LINE('',#7072,#7071);
#7074=CURVE_STYLE('',#21,POSITIVE_LENGTH_MEASURE(2.E-2),#3);
#7075=PRESENTATION_STYLE_ASSIGNMENT((#7074));
#7076=STYLED_ITEM('',(#7075),#7073);
#7077=CARTESIAN_POINT('',(8.672072984224E-1,2.519685039370E-1,
8.652111586541E-1));
#7078=DIRECTION('',(0.E0,1.E0,0.E0));
#7079=DIRECTION('',(-7.431764990411E-1,0.E0,6.690954276282E-1));
#7080=AXIS2_PLACEMENT_3D('',#7077,#7078,#7079);
#7082=CURVE_STYLE('',#21,POSITIVE_LENGTH_MEASURE(2.E-2),#3);
#7083=PRESENTATION_STYLE_ASSIGNMENT((#7082));
#7084=STYLED_ITEM('',(#7083),#7081);
#7085=DIRECTION('',(0.E0,-1.E0,0.E0));
#7086=VECTOR('',#7085,2.519685039370E-1);
#7087=CARTESIAN_POINT('',(8.744537344591E-1,2.519685039370E-1,
8.724409148275E-1));
#7088=LINE('',#7087,#7086);
#7089=CURVE_STYLE('',#21,POSITIVE_LENGTH_MEASURE(2.E-2),#3);
#7090=PRESENTATION_STYLE_ASSIGNMENT((#7089));
#7091=STYLED_ITEM('',(#7090),#7088);
#7092=CARTESIAN_POINT('',(8.672072984224E-1,0.E0,8.652111586541E-1));
#7093=DIRECTION('',(0.E0,1.E0,0.E0));
#7094=DIRECTION('',(-7.431764990411E-1,0.E0,6.690954276282E-1));
#7095=AXIS2_PLACEMENT_3D('',#7092,#7093,#7094);
#7097=CURVE_STYLE('',#21,POSITIVE_LENGTH_MEASURE(2.E-2),#3);
#7098=PRESENTATION_STYLE_ASSIGNMENT((#7097));
#7099=STYLED_ITEM('',(#7098),#7096);
#7100=CARTESIAN_POINT('',(0.E0,2.519685039370E-1,0.E0));
#7101=DIRECTION('',(0.E0,-1.E0,0.E0));
#7102=DIRECTION('',(7.226929567244E-1,0.E0,6.911692197291E-1));
#7103=AXIS2_PLACEMENT_3D('',#7100,#7101,#7102);
#7105=CURVE_STYLE('',#21,POSITIVE_LENGTH_MEASURE(2.E-2),#3);
#7106=PRESENTATION_STYLE_ASSIGNMENT((#7105));
#7107=STYLED_ITEM('',(#7106),#7104);
#7108=DIRECTION('',(0.E0,-1.E0,0.E0));
#7109=VECTOR('',#7108,2.519685039370E-1);
#7110=CARTESIAN_POINT('',(8.927006011060E-1,2.519685039370E-1,
8.537611611918E-1));
#7111=LINE('',#7110,#7109);
#7112=CURVE_STYLE('',#21,POSITIVE_LENGTH_MEASURE(2.E-2),#3);
#7113=PRESENTATION_STYLE_ASSIGNMENT((#7112));
#7114=STYLED_ITEM('',(#7113),#7111);
#7115=CARTESIAN_POINT('',(0.E0,0.E0,0.E0));
#7116=DIRECTION('',(0.E0,1.E0,0.E0));
#7117=DIRECTION('',(7.079210589665E-1,0.E0,7.062915646330E-1));
#7118=AXIS2_PLACEMENT_3D('',#7115,#7116,#7117);
#7120=CURVE_STYLE('',#21,POSITIVE_LENGTH_MEASURE(2.E-2),#3);
#7121=PRESENTATION_STYLE_ASSIGNMENT((#7120));
#7122=STYLED_ITEM('',(#7121),#7119);
#7123=CARTESIAN_POINT('',(8.853029566671E-1,2.519685039370E-1,
8.466862006749E-1));
#7124=DIRECTION('',(0.E0,1.E0,0.E0));
#7125=DIRECTION('',(7.226929567248E-1,0.E0,6.911692197286E-1));
#7126=AXIS2_PLACEMENT_3D('',#7123,#7124,#7125);
#7128=CURVE_STYLE('',#21,POSITIVE_LENGTH_MEASURE(2.E-2),#3);
#7129=PRESENTATION_STYLE_ASSIGNMENT((#7128));
#7130=STYLED_ITEM('',(#7129),#7127);
#7131=DIRECTION('',(0.E0,-1.E0,0.E0));
#7132=VECTOR('',#7131,2.519685039370E-1);
#7133=CARTESIAN_POINT('',(8.919717476482E-1,2.519685039370E-1,
8.389204144036E-1));
#7134=LINE('',#7133,#7132);
#7135=CURVE_STYLE('',#21,POSITIVE_LENGTH_MEASURE(2.E-2),#3);
#7136=PRESENTATION_STYLE_ASSIGNMENT((#7135));
#7137=STYLED_ITEM('',(#7136),#7134);
#7138=CARTESIAN_POINT('',(8.853029566671E-1,0.E0,8.466862006749E-1));
#7139=DIRECTION('',(0.E0,1.E0,0.E0));
#7140=DIRECTION('',(7.226929567243E-1,0.E0,6.911692197292E-1));
#7141=AXIS2_PLACEMENT_3D('',#7138,#7139,#7140);
#7143=CURVE_STYLE('',#21,POSITIVE_LENGTH_MEASURE(2.E-2),#3);
#7144=PRESENTATION_STYLE_ASSIGNMENT((#7143));
#7145=STYLED_ITEM('',(#7144),#7142);
#7146=CARTESIAN_POINT('',(9.142865482388E-1,0.E0,8.129348988037E-1));
#7147=DIRECTION('',(0.E0,1.E0,0.E0));
#7148=DIRECTION('',(6.772558756597E-1,0.E0,-7.357475646473E-1));
#7149=AXIS2_PLACEMENT_3D('',#7146,#7147,#7148);
#7151=CURVE_STYLE('',#21,POSITIVE_LENGTH_MEASURE(2.E-2),#3);
#7152=PRESENTATION_STYLE_ASSIGNMENT((#7151));
#7153=STYLED_ITEM('',(#7152),#7150);
#7154=CARTESIAN_POINT('',(9.142865482388E-1,2.519685039370E-1,
8.129348988037E-1));
#7155=DIRECTION('',(0.E0,1.E0,0.E0));
#7156=DIRECTION('',(6.772558756597E-1,0.E0,-7.357475646473E-1));
#7157=AXIS2_PLACEMENT_3D('',#7154,#7155,#7156);
#7159=CURVE_STYLE('',#21,POSITIVE_LENGTH_MEASURE(2.E-2),#3);
#7160=PRESENTATION_STYLE_ASSIGNMENT((#7159));
#7161=STYLED_ITEM('',(#7160),#7158);
#7162=DIRECTION('',(0.E0,-1.E0,0.E0));
#7163=VECTOR('',#7162,2.519685039370E-1);
#7164=CARTESIAN_POINT('',(9.374838951610E-1,2.519685039370E-1,
7.877340963925E-1));
#7165=LINE('',#7164,#7163);
#7166=CURVE_STYLE('',#21,POSITIVE_LENGTH_MEASURE(2.E-2),#3);
#7167=PRESENTATION_STYLE_ASSIGNMENT((#7166));
#7168=STYLED_ITEM('',(#7167),#7165);
#7169=CARTESIAN_POINT('',(9.444164356205E-1,2.519685039370E-1,
7.802028221087E-1));
#7170=DIRECTION('',(0.E0,1.E0,0.E0));
#7171=DIRECTION('',(-6.772558756599E-1,0.E0,7.357475646471E-1));
#7172=AXIS2_PLACEMENT_3D('',#7169,#7170,#7171);
#7174=CURVE_STYLE('',#21,POSITIVE_LENGTH_MEASURE(2.E-2),#3);
#7175=PRESENTATION_STYLE_ASSIGNMENT((#7174));
#7176=STYLED_ITEM('',(#7175),#7173);
#7177=DIRECTION('',(0.E0,-1.E0,0.E0));
#7178=VECTOR('',#7177,2.519685039370E-1);
#7179=CARTESIAN_POINT('',(9.523080358240E-1,2.519685039370E-1,
7.867222435393E-1));
#7180=LINE('',#7179,#7178);
#7181=CURVE_STYLE('',#21,POSITIVE_LENGTH_MEASURE(2.E-2),#3);
#7182=PRESENTATION_STYLE_ASSIGNMENT((#7181));
#7183=STYLED_ITEM('',(#7182),#7180);
#7184=CARTESIAN_POINT('',(9.444164356205E-1,0.E0,7.802028221087E-1));
#7185=DIRECTION('',(0.E0,1.E0,0.E0));
#7186=DIRECTION('',(-6.772558756599E-1,0.E0,7.357475646471E-1));
#7187=AXIS2_PLACEMENT_3D('',#7184,#7185,#7186);
#7189=CURVE_STYLE('',#21,POSITIVE_LENGTH_MEASURE(2.E-2),#3);
#7190=PRESENTATION_STYLE_ASSIGNMENT((#7189));
#7191=STYLED_ITEM('',(#7190),#7188);
#7192=CARTESIAN_POINT('',(0.E0,2.519685039370E-1,0.E0));
#7193=DIRECTION('',(0.E0,-1.E0,0.E0));
#7194=DIRECTION('',(7.842395461356E-1,0.E0,6.204581648081E-1));
#7195=AXIS2_PLACEMENT_3D('',#7192,#7193,#7194);
#7197=CURVE_STYLE('',#21,POSITIVE_LENGTH_MEASURE(2.E-2),#3);
#7198=PRESENTATION_STYLE_ASSIGNMENT((#7197));
#7199=STYLED_ITEM('',(#7198),#7196);
#7200=DIRECTION('',(0.E0,-1.E0,0.E0));
#7201=VECTOR('',#7200,2.519685039370E-1);
#7202=CARTESIAN_POINT('',(9.687255254562E-1,2.519685039370E-1,
7.664159053047E-1));
#7203=LINE('',#7202,#7201);
#7204=CURVE_STYLE('',#21,POSITIVE_LENGTH_MEASURE(2.E-2),#3);
#7205=PRESENTATION_STYLE_ASSIGNMENT((#7204));
#7206=STYLED_ITEM('',(#7205),#7203);
#7207=CARTESIAN_POINT('',(0.E0,0.E0,0.E0));
#7208=DIRECTION('',(0.E0,1.E0,0.E0));
#7209=DIRECTION('',(7.709486352641E-1,0.E0,6.368973243659E-1));
#7210=AXIS2_PLACEMENT_3D('',#7207,#7208,#7209);
#7212=CURVE_STYLE('',#21,POSITIVE_LENGTH_MEASURE(2.E-2),#3);
#7213=PRESENTATION_STYLE_ASSIGNMENT((#7212));
#7214=STYLED_ITEM('',(#7213),#7211);
#7215=CARTESIAN_POINT('',(9.606978765588E-1,2.519685039370E-1,
7.600647587358E-1));
#7216=DIRECTION('',(0.E0,1.E0,0.E0));
#7217=DIRECTION('',(7.842395461360E-1,0.E0,6.204581648076E-1));
#7218=AXIS2_PLACEMENT_3D('',#7215,#7216,#7217);
#7220=CURVE_STYLE('',#21,POSITIVE_LENGTH_MEASURE(2.E-2),#3);
#7221=PRESENTATION_STYLE_ASSIGNMENT((#7220));
#7222=STYLED_ITEM('',(#7221),#7219);
#7223=DIRECTION('',(0.E0,-1.E0,0.E0));
#7224=VECTOR('',#7223,2.519685039370E-1);
#7225=CARTESIAN_POINT('',(9.666101649586E-1,2.519685039370E-1,
7.517086199482E-1));
#7226=LINE('',#7225,#7224);
#7227=CURVE_STYLE('',#21,POSITIVE_LENGTH_MEASURE(2.E-2),#3);
#7228=PRESENTATION_STYLE_ASSIGNMENT((#7227));
#7229=STYLED_ITEM('',(#7228),#7226);
#7230=CARTESIAN_POINT('',(9.606978765588E-1,0.E0,7.600647587358E-1));
#7231=DIRECTION('',(0.E0,1.E0,0.E0));
#7232=DIRECTION('',(7.842395461356E-1,0.E0,6.204581648081E-1));
#7233=AXIS2_PLACEMENT_3D('',#7230,#7231,#7232);
#7235=CURVE_STYLE('',#21,POSITIVE_LENGTH_MEASURE(2.E-2),#3);
#7236=PRESENTATION_STYLE_ASSIGNMENT((#7235));
#7237=STYLED_ITEM('',(#7236),#7234);
#7238=CARTESIAN_POINT('',(9.863935915272E-1,0.E0,7.237476940050E-1));
#7239=DIRECTION('',(0.E0,1.E0,0.E0));
#7240=DIRECTION('',(6.053835032914E-1,0.E0,-7.959339256136E-1));
#7241=AXIS2_PLACEMENT_3D('',#7238,#7239,#7240);
#7243=CURVE_STYLE('',#21,POSITIVE_LENGTH_MEASURE(2.E-2),#3);
#7244=PRESENTATION_STYLE_ASSIGNMENT((#7243));
#7245=STYLED_ITEM('',(#7244),#7242);
#7246=CARTESIAN_POINT('',(9.863935915272E-1,2.519685039370E-1,
7.237476940050E-1));
#7247=DIRECTION('',(0.E0,1.E0,0.E0));
#7248=DIRECTION('',(6.053835032914E-1,0.E0,-7.959339256136E-1));
#7249=AXIS2_PLACEMENT_3D('',#7246,#7247,#7248);
#7251=CURVE_STYLE('',#21,POSITIVE_LENGTH_MEASURE(2.E-2),#3);
#7252=PRESENTATION_STYLE_ASSIGNMENT((#7251));
#7253=STYLED_ITEM('',(#7252),#7250);
#7254=DIRECTION('',(0.E0,-1.E0,0.E0));
#7255=VECTOR('',#7254,2.519685039370E-1);
#7256=CARTESIAN_POINT('',(1.007129168215E0,2.519685039370E-1,
6.964853902537E-1));
#7257=LINE('',#7256,#7255);
#7258=CURVE_STYLE('',#21,POSITIVE_LENGTH_MEASURE(2.E-2),#3);
#7259=PRESENTATION_STYLE_ASSIGNMENT((#7258));
#7260=STYLED_ITEM('',(#7259),#7257);
#7261=CARTESIAN_POINT('',(1.013326007225E0,2.519685039370E-1,
6.883380351096E-1));
#7262=DIRECTION('',(0.E0,1.E0,0.E0));
#7263=DIRECTION('',(-6.053835032918E-1,0.E0,7.959339256133E-1));
#7264=AXIS2_PLACEMENT_3D('',#7261,#7262,#7263);
#7266=CURVE_STYLE('',#21,POSITIVE_LENGTH_MEASURE(2.E-2),#3);
#7267=PRESENTATION_STYLE_ASSIGNMENT((#7266));
#7268=STYLED_ITEM('',(#7267),#7265);
#7269=DIRECTION('',(0.E0,-1.E0,0.E0));
#7270=VECTOR('',#7269,2.519685039370E-1);
#7271=CARTESIAN_POINT('',(1.021793419929E0,2.519685039370E-1,
6.940898288873E-1));
#7272=LINE('',#7271,#7270);
#7273=CURVE_STYLE('',#21,POSITIVE_LENGTH_MEASURE(2.E-2),#3);
#7274=PRESENTATION_STYLE_ASSIGNMENT((#7273));
#7275=STYLED_ITEM('',(#7274),#7272);
#7276=CARTESIAN_POINT('',(1.013326007225E0,0.E0,6.883380351096E-1));
#7277=DIRECTION('',(0.E0,1.E0,0.E0));
#7278=DIRECTION('',(-6.053835032918E-1,0.E0,7.959339256133E-1));
#7279=AXIS2_PLACEMENT_3D('',#7276,#7277,#7278);
#7281=CURVE_STYLE('',#21,POSITIVE_LENGTH_MEASURE(2.E-2),#3);
#7282=PRESENTATION_STYLE_ASSIGNMENT((#7281));
#7283=STYLED_ITEM('',(#7282),#7280);
#7284=CARTESIAN_POINT('',(0.E0,2.519685039370E-1,0.E0));
#7285=DIRECTION('',(0.E0,-1.E0,0.E0));
#7286=DIRECTION('',(8.388942102171E-1,0.E0,5.442945012254E-1));
#7287=AXIS2_PLACEMENT_3D('',#7284,#7285,#7286);
#7289=CURVE_STYLE('',#21,POSITIVE_LENGTH_MEASURE(2.E-2),#3);
#7290=PRESENTATION_STYLE_ASSIGNMENT((#7289));
#7291=STYLED_ITEM('',(#7290),#7288);
#7292=DIRECTION('',(0.E0,-1.E0,0.E0));
#7293=VECTOR('',#7292,2.519685039370E-1);
#7294=CARTESIAN_POINT('',(1.036237255057E0,2.519685039370E-1,
6.723353588844E-1));
#7295=LINE('',#7294,#7293);
#7296=CURVE_STYLE('',#21,POSITIVE_LENGTH_MEASURE(2.E-2),#3);
#7297=PRESENTATION_STYLE_ASSIGNMENT((#7296));
#7298=STYLED_ITEM('',(#7297),#7295);
#7299=CARTESIAN_POINT('',(0.E0,0.E0,0.E0));
#7300=DIRECTION('',(0.E0,1.E0,0.E0));
#7301=DIRECTION('',(8.272010872346E-1,0.E0,5.619060075118E-1));
#7302=AXIS2_PLACEMENT_3D('',#7299,#7300,#7301);
#7304=CURVE_STYLE('',#21,POSITIVE_LENGTH_MEASURE(2.E-2),#3);
#7305=PRESENTATION_STYLE_ASSIGNMENT((#7304));
#7306=STYLED_ITEM('',(#7305),#7303);
#7307=CARTESIAN_POINT('',(1.027650148968E0,2.519685039370E-1,
6.667638403679E-1));
#7308=DIRECTION('',(0.E0,1.E0,0.E0));
#7309=DIRECTION('',(8.388942102174E-1,0.E0,5.442945012249E-1));
#7310=AXIS2_PLACEMENT_3D('',#7307,#7308,#7309);
#7312=CURVE_STYLE('',#21,POSITIVE_LENGTH_MEASURE(2.E-2),#3);
#7313=PRESENTATION_STYLE_ASSIGNMENT((#7312));
#7314=STYLED_ITEM('',(#7313),#7311);
#7315=DIRECTION('',(0.E0,-1.E0,0.E0));
#7316=VECTOR('',#7315,2.519685039370E-1);
#7317=CARTESIAN_POINT('',(1.032753977384E0,2.519685039370E-1,
6.578907831121E-1));
#7318=LINE('',#7317,#7316);
#7319=CURVE_STYLE('',#21,POSITIVE_LENGTH_MEASURE(2.E-2),#3);
#7320=PRESENTATION_STYLE_ASSIGNMENT((#7319));
#7321=STYLED_ITEM('',(#7320),#7318);
#7322=CARTESIAN_POINT('',(1.027650148968E0,0.E0,6.667638403679E-1));
#7323=DIRECTION('',(0.E0,1.E0,0.E0));
#7324=DIRECTION('',(8.388942102172E-1,0.E0,5.442945012252E-1));
#7325=AXIS2_PLACEMENT_3D('',#7322,#7323,#7324);
#7327=CURVE_STYLE('',#21,POSITIVE_LENGTH_MEASURE(2.E-2),#3);
#7328=PRESENTATION_STYLE_ASSIGNMENT((#7327));
#7329=STYLED_ITEM('',(#7328),#7326);
#7330=CARTESIAN_POINT('',(1.049832172466E0,0.E0,6.282001684482E-1));
#7331=DIRECTION('',(0.E0,1.E0,0.E0));
#7332=DIRECTION('',(5.281909989291E-1,0.E0,-8.491255906227E-1));
#7333=AXIS2_PLACEMENT_3D('',#7330,#7331,#7332);
#7335=CURVE_STYLE('',#21,POSITIVE_LENGTH_MEASURE(2.E-2),#3);
#7336=PRESENTATION_STYLE_ASSIGNMENT((#7335));
#7337=STYLED_ITEM('',(#7336),#7334);
#7338=CARTESIAN_POINT('',(1.049832172466E0,2.519685039370E-1,
6.282001684482E-1));
#7339=DIRECTION('',(0.E0,1.E0,0.E0));
#7340=DIRECTION('',(5.281909989291E-1,0.E0,-8.491255906227E-1));
#7341=AXIS2_PLACEMENT_3D('',#7338,#7339,#7340);
#7343=CURVE_STYLE('',#21,POSITIVE_LENGTH_MEASURE(2.E-2),#3);
#7344=PRESENTATION_STYLE_ASSIGNMENT((#7343));
#7345=STYLED_ITEM('',(#7344),#7342);
#7346=DIRECTION('',(0.E0,-1.E0,0.E0));
#7347=VECTOR('',#7346,2.519685039370E-1);
#7348=CARTESIAN_POINT('',(1.067923753926E0,2.519685039370E-1,
5.991159454623E-1));
#7349=LINE('',#7348,#7347);
#7350=CURVE_STYLE('',#21,POSITIVE_LENGTH_MEASURE(2.E-2),#3);
#7351=PRESENTATION_STYLE_ASSIGNMENT((#7350));
#7352=STYLED_ITEM('',(#7351),#7349);
#7353=CARTESIAN_POINT('',(1.073330433442E0,2.519685039370E-1,
5.904241087079E-1));
#7354=DIRECTION('',(0.E0,1.E0,0.E0));
#7355=DIRECTION('',(-5.281909989288E-1,0.E0,8.491255906229E-1));
#7356=AXIS2_PLACEMENT_3D('',#7353,#7354,#7355);
#7358=CURVE_STYLE('',#21,POSITIVE_LENGTH_MEASURE(2.E-2),#3);
#7359=PRESENTATION_STYLE_ASSIGNMENT((#7358));
#7360=STYLED_ITEM('',(#7359),#7357);
#7361=DIRECTION('',(0.E0,-1.E0,0.E0));
#7362=VECTOR('',#7361,2.519685039370E-1);
#7363=CARTESIAN_POINT('',(1.082299246719E0,2.519685039370E-1,
5.953577278622E-1));
#7364=LINE('',#7363,#7362);
#7365=CURVE_STYLE('',#21,POSITIVE_LENGTH_MEASURE(2.E-2),#3);
#7366=PRESENTATION_STYLE_ASSIGNMENT((#7365));
#7367=STYLED_ITEM('',(#7366),#7364);
#7368=CARTESIAN_POINT('',(1.073330433442E0,0.E0,5.904241087079E-1));
#7369=DIRECTION('',(0.E0,1.E0,0.E0));
#7370=DIRECTION('',(-5.281909989288E-1,0.E0,8.491255906229E-1));
#7371=AXIS2_PLACEMENT_3D('',#7368,#7369,#7370);
#7373=CURVE_STYLE('',#21,POSITIVE_LENGTH_MEASURE(2.E-2),#3);
#7374=PRESENTATION_STYLE_ASSIGNMENT((#7373));
#7375=STYLED_ITEM('',(#7374),#7372);
#7376=CARTESIAN_POINT('',(0.E0,2.519685039370E-1,0.E0));
#7377=DIRECTION('',(0.E0,-1.E0,0.E0));
#7378=DIRECTION('',(8.861766418158E-1,0.E0,4.633475579951E-1));
#7379=AXIS2_PLACEMENT_3D('',#7376,#7377,#7378);
#7381=CURVE_STYLE('',#21,POSITIVE_LENGTH_MEASURE(2.E-2),#3);
#7382=PRESENTATION_STYLE_ASSIGNMENT((#7381));
#7383=STYLED_ITEM('',(#7382),#7380);
#7384=DIRECTION('',(0.E0,-1.E0,0.E0));
#7385=VECTOR('',#7384,2.519685039370E-1);
#7386=CARTESIAN_POINT('',(1.094642494401E0,2.519685039370E-1,
5.723463051556E-1));
#7387=LINE('',#7386,#7385);
#7388=CURVE_STYLE('',#21,POSITIVE_LENGTH_MEASURE(2.E-2),#3);
#7389=PRESENTATION_STYLE_ASSIGNMENT((#7388));
#7390=STYLED_ITEM('',(#7389),#7387);
#7391=CARTESIAN_POINT('',(0.E0,0.E0,0.E0));
#7392=DIRECTION('',(0.E0,1.E0,0.E0));
#7393=DIRECTION('',(8.761840663075E-1,0.E0,4.819766404597E-1));
#7394=AXIS2_PLACEMENT_3D('',#7391,#7392,#7393);
#7396=CURVE_STYLE('',#21,POSITIVE_LENGTH_MEASURE(2.E-2),#3);
#7397=PRESENTATION_STYLE_ASSIGNMENT((#7396));
#7398=STYLED_ITEM('',(#7397),#7395);
#7399=CARTESIAN_POINT('',(1.085571394918E0,2.519685039370E-1,
5.676033773966E-1));
#7400=DIRECTION('',(0.E0,1.E0,0.E0));
#7401=DIRECTION('',(8.861766418160E-1,0.E0,4.633475579947E-1));
#7402=AXIS2_PLACEMENT_3D('',#7399,#7400,#7401);
#7404=CURVE_STYLE('',#21,POSITIVE_LENGTH_MEASURE(2.E-2),#3);
#7405=PRESENTATION_STYLE_ASSIGNMENT((#7404));
#7406=STYLED_ITEM('',(#7405),#7403);
#7407=DIRECTION('',(0.E0,-1.E0,0.E0));
#7408=VECTOR('',#7407,2.519685039370E-1);
#7409=CARTESIAN_POINT('',(1.089821910722E0,2.519685039370E-1,
5.582913784187E-1));
#7410=LINE('',#7409,#7408);
#7411=CURVE_STYLE('',#21,POSITIVE_LENGTH_MEASURE(2.E-2),#3);
#7412=PRESENTATION_STYLE_ASSIGNMENT((#7411));
#7413=STYLED_ITEM('',(#7412),#7410);
#7414=CARTESIAN_POINT('',(1.085571394918E0,0.E0,5.676033773966E-1));
#7415=DIRECTION('',(0.E0,1.E0,0.E0));
#7416=DIRECTION('',(8.861766418158E-1,0.E0,4.633475579951E-1));
#7417=AXIS2_PLACEMENT_3D('',#7414,#7415,#7416);
#7419=CURVE_STYLE('',#21,POSITIVE_LENGTH_MEASURE(2.E-2),#3);
#7420=PRESENTATION_STYLE_ASSIGNMENT((#7419));
#7421=STYLED_ITEM('',(#7420),#7418);
#7422=CARTESIAN_POINT('',(1.104044790526E0,0.E0,5.271319972234E-1));
#7423=DIRECTION('',(0.E0,1.E0,0.E0));
#7424=DIRECTION('',(4.463567330762E-1,0.E0,-8.948551094102E-1));
#7425=AXIS2_PLACEMENT_3D('',#7422,#7423,#7424);
#7427=CURVE_STYLE('',#21,POSITIVE_LENGTH_MEASURE(2.E-2),#3);
#7428=PRESENTATION_STYLE_ASSIGNMENT((#7427));
#7429=STYLED_ITEM('',(#7428),#7426);
#7430=CARTESIAN_POINT('',(1.104044790526E0,2.519685039370E-1,
5.271319972234E-1));
#7431=DIRECTION('',(0.E0,1.E0,0.E0));
#7432=DIRECTION('',(4.463567330762E-1,0.E0,-8.948551094102E-1));
#7433=AXIS2_PLACEMENT_3D('',#7430,#7431,#7432);
#7435=CURVE_STYLE('',#21,POSITIVE_LENGTH_MEASURE(2.E-2),#3);
#7436=PRESENTATION_STYLE_ASSIGNMENT((#7435));
#7437=STYLED_ITEM('',(#7436),#7434);
#7438=DIRECTION('',(0.E0,-1.E0,0.E0));
#7439=VECTOR('',#7438,2.519685039370E-1);
#7440=CARTESIAN_POINT('',(1.119333387288E0,2.519685039370E-1,
4.964814482003E-1));
#7441=LINE('',#7440,#7439);
#7442=CURVE_STYLE('',#21,POSITIVE_LENGTH_MEASURE(2.E-2),#3);
#7443=PRESENTATION_STYLE_ASSIGNMENT((#7442));
#7444=STYLED_ITEM('',(#7443),#7441);
#7445=CARTESIAN_POINT('',(1.123902393218E0,2.519685039370E-1,
4.873215140095E-1));
#7446=DIRECTION('',(0.E0,1.E0,0.E0));
#7447=DIRECTION('',(-4.463567330761E-1,0.E0,8.948551094103E-1));
#7448=AXIS2_PLACEMENT_3D('',#7445,#7446,#7447);
#7450=CURVE_STYLE('',#21,POSITIVE_LENGTH_MEASURE(2.E-2),#3);
#7451=PRESENTATION_STYLE_ASSIGNMENT((#7450));
#7452=STYLED_ITEM('',(#7451),#7449);
#7453=DIRECTION('',(0.E0,-1.E0,0.E0));
#7454=VECTOR('',#7453,2.519685039370E-1);
#7455=CARTESIAN_POINT('',(1.133293788814E0,2.519685039370E-1,
4.913936017179E-1));
#7456=LINE('',#7455,#7454);
#7457=CURVE_STYLE('',#21,POSITIVE_LENGTH_MEASURE(2.E-2),#3);
#7458=PRESENTATION_STYLE_ASSIGNMENT((#7457));
#7459=STYLED_ITEM('',(#7458),#7456);
#7460=CARTESIAN_POINT('',(1.123902393218E0,0.E0,4.873215140095E-1));
#7461=DIRECTION('',(0.E0,1.E0,0.E0));
#7462=DIRECTION('',(-4.463567330760E-1,0.E0,8.948551094103E-1));
#7463=AXIS2_PLACEMENT_3D('',#7460,#7461,#7462);
#7465=CURVE_STYLE('',#21,POSITIVE_LENGTH_MEASURE(2.E-2),#3);
#7466=PRESENTATION_STYLE_ASSIGNMENT((#7465));
#7467=STYLED_ITEM('',(#7466),#7464);
#7468=CARTESIAN_POINT('',(0.E0,2.519685039370E-1,0.E0));
#7469=DIRECTION('',(0.E0,-1.E0,0.E0));
#7470=DIRECTION('',(9.256713212227E-1,0.E0,3.783286997650E-1));
#7471=AXIS2_PLACEMENT_3D('',#7468,#7469,#7470);
#7473=CURVE_STYLE('',#21,POSITIVE_LENGTH_MEASURE(2.E-2),#3);
#7474=PRESENTATION_STYLE_ASSIGNMENT((#7473));
#7475=STYLED_ITEM('',(#7474),#7472);
#7476=DIRECTION('',(0.E0,-1.E0,0.E0));
#7477=VECTOR('',#7476,2.519685039370E-1);
#7478=CARTESIAN_POINT('',(1.143427976146E0,2.519685039370E-1,
4.673274515178E-1));
#7479=LINE('',#7478,#7477);
#7480=CURVE_STYLE('',#21,POSITIVE_LENGTH_MEASURE(2.E-2),#3);
#7481=PRESENTATION_STYLE_ASSIGNMENT((#7480));
#7482=STYLED_ITEM('',(#7481),#7479);
#7483=CARTESIAN_POINT('',(0.E0,0.E0,0.E0));
#7484=DIRECTION('',(0.E0,1.E0,0.E0));
#7485=DIRECTION('',(9.174671083014E-1,0.E0,3.978116453612E-1));
#7486=AXIS2_PLACEMENT_3D('',#7483,#7484,#7485);
#7488=CURVE_STYLE('',#21,POSITIVE_LENGTH_MEASURE(2.E-2),#3);
#7489=PRESENTATION_STYLE_ASSIGNMENT((#7488));
#7490=STYLED_ITEM('',(#7489),#7487);
#7491=CARTESIAN_POINT('',(1.133952600417E0,2.519685039370E-1,
4.634547955359E-1));
#7492=DIRECTION('',(0.E0,1.E0,0.E0));
#7493=DIRECTION('',(9.256713212228E-1,0.E0,3.783286997647E-1));
#7494=AXIS2_PLACEMENT_3D('',#7491,#7492,#7493);
#7496=CURVE_STYLE('',#21,POSITIVE_LENGTH_MEASURE(2.E-2),#3);
#7497=PRESENTATION_STYLE_ASSIGNMENT((#7496));
#7498=STYLED_ITEM('',(#7497),#7495);
#7499=DIRECTION('',(0.E0,-1.E0,0.E0));
#7500=VECTOR('',#7499,2.519685039370E-1);
#7501=CARTESIAN_POINT('',(1.137312449922E0,2.519685039370E-1,
4.537856890178E-1));
#7502=LINE('',#7501,#7500);
#7503=CURVE_STYLE('',#21,POSITIVE_LENGTH_MEASURE(2.E-2),#3);
#7504=PRESENTATION_STYLE_ASSIGNMENT((#7503));
#7505=STYLED_ITEM('',(#7504),#7502);
#7506=CARTESIAN_POINT('',(1.133952600417E0,0.E0,4.634547955359E-1));
#7507=DIRECTION('',(0.E0,1.E0,0.E0));
#7508=DIRECTION('',(9.256713212227E-1,0.E0,3.783286997650E-1));
#7509=AXIS2_PLACEMENT_3D('',#7506,#7507,#7508);
#7511=CURVE_STYLE('',#21,POSITIVE_LENGTH_MEASURE(2.E-2),#3);
#7512=PRESENTATION_STYLE_ASSIGNMENT((#7511));
#7513=STYLED_ITEM('',(#7512),#7510);
#7514=CARTESIAN_POINT('',(1.148555023269E0,0.E0,4.214313710533E-1));
#7515=DIRECTION('',(0.E0,1.E0,0.E0));
#7516=DIRECTION('',(3.605998682038E-1,0.E0,-9.327206093206E-1));
#7517=AXIS2_PLACEMENT_3D('',#7514,#7515,#7516);
#7519=CURVE_STYLE('',#21,POSITIVE_LENGTH_MEASURE(2.E-2),#3);
#7520=PRESENTATION_STYLE_ASSIGNMENT((#7519));
#7521=STYLED_ITEM('',(#7520),#7518);
#7522=CARTESIAN_POINT('',(1.148555023269E0,2.519685039370E-1,
4.214313710533E-1));
#7523=DIRECTION('',(0.E0,1.E0,0.E0));
#7524=DIRECTION('',(3.605998682038E-1,0.E0,-9.327206093206E-1));
#7525=AXIS2_PLACEMENT_3D('',#7522,#7523,#7524);
#7527=CURVE_STYLE('',#21,POSITIVE_LENGTH_MEASURE(2.E-2),#3);
#7528=PRESENTATION_STYLE_ASSIGNMENT((#7527));
#7529=STYLED_ITEM('',(#7528),#7526);
#7530=DIRECTION('',(0.E0,-1.E0,0.E0));
#7531=VECTOR('',#7530,2.519685039370E-1);
#7532=CARTESIAN_POINT('',(1.160906278597E0,2.519685039370E-1,
3.894838541199E-1));
#7533=LINE('',#7532,#7531);
#7534=CURVE_STYLE('',#21,POSITIVE_LENGTH_MEASURE(2.E-2),#3);
#7535=PRESENTATION_STYLE_ASSIGNMENT((#7534));
#7536=STYLED_ITEM('',(#7535),#7533);
#7537=CARTESIAN_POINT('',(1.164597458350E0,2.519685039370E-1,
3.799363203237E-1));
#7538=DIRECTION('',(0.E0,1.E0,0.E0));
#7539=DIRECTION('',(-3.605998682037E-1,0.E0,9.327206093206E-1));
#7540=AXIS2_PLACEMENT_3D('',#7537,#7538,#7539);
#7542=CURVE_STYLE('',#21,POSITIVE_LENGTH_MEASURE(2.E-2),#3);
#7543=PRESENTATION_STYLE_ASSIGNMENT((#7542));
#7544=STYLED_ITEM('',(#7543),#7541);
#7545=DIRECTION('',(0.E0,-1.E0,0.E0));
#7546=VECTOR('',#7545,2.519685039370E-1);
#7547=CARTESIAN_POINT('',(1.174328904344E0,2.519685039370E-1,
3.831110909330E-1));
#7548=LINE('',#7547,#7546);
#7549=CURVE_STYLE('',#21,POSITIVE_LENGTH_MEASURE(2.E-2),#3);
#7550=PRESENTATION_STYLE_ASSIGNMENT((#7549));
#7551=STYLED_ITEM('',(#7550),#7548);
#7552=CARTESIAN_POINT('',(1.164597458350E0,0.E0,3.799363203237E-1));
#7553=DIRECTION('',(0.E0,1.E0,0.E0));
#7554=DIRECTION('',(-3.605998682037E-1,0.E0,9.327206093206E-1));
#7555=AXIS2_PLACEMENT_3D('',#7552,#7553,#7554);
#7557=CURVE_STYLE('',#21,POSITIVE_LENGTH_MEASURE(2.E-2),#3);
#7558=PRESENTATION_STYLE_ASSIGNMENT((#7557));
#7559=STYLED_ITEM('',(#7558),#7556);
#7560=CARTESIAN_POINT('',(0.E0,2.519685039370E-1,0.E0));
#7561=DIRECTION('',(0.E0,-1.E0,0.E0));
#7562=DIRECTION('',(9.570311677750E-1,0.E0,2.899850753181E-1));
#7563=AXIS2_PLACEMENT_3D('',#7560,#7561,#7562);
#7565=CURVE_STYLE('',#21,POSITIVE_LENGTH_MEASURE(2.E-2),#3);
#7566=PRESENTATION_STYLE_ASSIGNMENT((#7565));
#7567=STYLED_ITEM('',(#7566),#7564);
#7568=DIRECTION('',(0.E0,-1.E0,0.E0));
#7569=VECTOR('',#7568,2.519685039370E-1);
#7570=CARTESIAN_POINT('',(1.182164971722E0,2.519685039370E-1,
3.582017074326E-1));
#7571=LINE('',#7570,#7569);
#7572=CURVE_STYLE('',#21,POSITIVE_LENGTH_MEASURE(2.E-2),#3);
#7573=PRESENTATION_STYLE_ASSIGNMENT((#7572));
#7574=STYLED_ITEM('',(#7573),#7571);
#7575=CARTESIAN_POINT('',(0.E0,0.E0,0.E0));
#7576=DIRECTION('',(0.E0,1.E0,0.E0));
#7577=DIRECTION('',(9.506874163590E-1,0.E0,3.101506672195E-1));
#7578=AXIS2_PLACEMENT_3D('',#7575,#7576,#7577);
#7580=CURVE_STYLE('',#21,POSITIVE_LENGTH_MEASURE(2.E-2),#3);
#7581=PRESENTATION_STYLE_ASSIGNMENT((#7580));
#7582=STYLED_ITEM('',(#7581),#7579);
#7583=CARTESIAN_POINT('',(1.172368589690E0,2.519685039370E-1,
3.552333562679E-1));
#7584=DIRECTION('',(0.E0,1.E0,0.E0));
#7585=DIRECTION('',(9.570311677751E-1,0.E0,2.899850753179E-1));
#7586=AXIS2_PLACEMENT_3D('',#7583,#7584,#7585);
#7588=CURVE_STYLE('',#21,POSITIVE_LENGTH_MEASURE(2.E-2),#3);
#7589=PRESENTATION_STYLE_ASSIGNMENT((#7588));
#7590=STYLED_ITEM('',(#7589),#7587);
#7591=DIRECTION('',(0.E0,-1.E0,0.E0));
#7592=VECTOR('',#7591,2.519685039370E-1);
#7593=CARTESIAN_POINT('',(1.174808246420E0,2.519685039370E-1,
3.452921146653E-1));
#7594=LINE('',#7593,#7592);
#7595=CURVE_STYLE('',#21,POSITIVE_LENGTH_MEASURE(2.E-2),#3);
#7596=PRESENTATION_STYLE_ASSIGNMENT((#7595));
#7597=STYLED_ITEM('',(#7596),#7594);
#7598=CARTESIAN_POINT('',(1.172368589690E0,0.E0,3.552333562679E-1));
#7599=DIRECTION('',(0.E0,1.E0,0.E0));
#7600=DIRECTION('',(9.570311677750E-1,0.E0,2.899850753181E-1));
#7601=AXIS2_PLACEMENT_3D('',#7598,#7599,#7600);
#7603=CURVE_STYLE('',#21,POSITIVE_LENGTH_MEASURE(2.E-2),#3);
#7604=PRESENTATION_STYLE_ASSIGNMENT((#7603));
#7605=STYLED_ITEM('',(#7604),#7602);
#7606=CARTESIAN_POINT('',(1.182971713169E0,0.E0,3.120271908413E-1));
#7607=DIRECTION('',(0.E0,1.E0,0.E0));
#7608=DIRECTION('',(2.716740387238E-1,0.E0,-9.623893269792E-1));
#7609=AXIS2_PLACEMENT_3D('',#7606,#7607,#7608);
#7611=CURVE_STYLE('',#21,POSITIVE_LENGTH_MEASURE(2.E-2),#3);
#7612=PRESENTATION_STYLE_ASSIGNMENT((#7611));
#7613=STYLED_ITEM('',(#7612),#7610);
#7614=CARTESIAN_POINT('',(1.182971713169E0,2.519685039370E-1,
3.120271908413E-1));
#7615=DIRECTION('',(0.E0,1.E0,0.E0));
#7616=DIRECTION('',(2.716740387238E-1,0.E0,-9.623893269792E-1));
#7617=AXIS2_PLACEMENT_3D('',#7614,#7615,#7616);
#7619=CURVE_STYLE('',#21,POSITIVE_LENGTH_MEASURE(2.E-2),#3);
#7620=PRESENTATION_STYLE_ASSIGNMENT((#7619));
#7621=STYLED_ITEM('',(#7620),#7618);
#7622=DIRECTION('',(0.E0,-1.E0,0.E0));
#7623=VECTOR('',#7622,2.519685039370E-1);
#7624=CARTESIAN_POINT('',(1.192277083787E0,2.519685039370E-1,
2.790634619251E-1));
#7625=LINE('',#7624,#7623);
#7626=CURVE_STYLE('',#21,POSITIVE_LENGTH_MEASURE(2.E-2),#3);
#7627=PRESENTATION_STYLE_ASSIGNMENT((#7626));
#7628=STYLED_ITEM('',(#7627),#7625);
#7629=CARTESIAN_POINT('',(1.195057999144E0,2.519685039370E-1,
2.692122325938E-1));
#7630=DIRECTION('',(0.E0,1.E0,0.E0));
#7631=DIRECTION('',(-2.716740387239E-1,0.E0,9.623893269792E-1));
#7632=AXIS2_PLACEMENT_3D('',#7629,#7630,#7631);
#7634=CURVE_STYLE('',#21,POSITIVE_LENGTH_MEASURE(2.E-2),#3);
#7635=PRESENTATION_STYLE_ASSIGNMENT((#7634));
#7636=STYLED_ITEM('',(#7635),#7633);
#7637=DIRECTION('',(0.E0,-1.E0,0.E0));
#7638=VECTOR('',#7637,2.519685039372E-1);
#7639=CARTESIAN_POINT('',(1.205043975239E0,2.519685039371E-1,
2.714617861058E-1));
#7640=LINE('',#7639,#7638);
#7641=CURVE_STYLE('',#21,POSITIVE_LENGTH_MEASURE(2.E-2),#3);
#7642=PRESENTATION_STYLE_ASSIGNMENT((#7641));
#7643=STYLED_ITEM('',(#7642),#7640);
#7644=CARTESIAN_POINT('',(1.195057999144E0,0.E0,2.692122325938E-1));
#7645=DIRECTION('',(0.E0,1.E0,0.E0));
#7646=DIRECTION('',(-2.716740387239E-1,0.E0,9.623893269792E-1));
#7647=AXIS2_PLACEMENT_3D('',#7644,#7645,#7646);
#7649=CURVE_STYLE('',#21,POSITIVE_LENGTH_MEASURE(2.E-2),#3);
#7650=PRESENTATION_STYLE_ASSIGNMENT((#7649));
#7651=STYLED_ITEM('',(#7650),#7648);
#7652=CARTESIAN_POINT('',(0.E0,2.519685039370E-1,0.E0));
#7653=DIRECTION('',(0.E0,-1.E0,0.E0));
#7654=DIRECTION('',(9.799805900137E-1,0.E0,1.990930516025E-1));
#7655=AXIS2_PLACEMENT_3D('',#7652,#7653,#7654);
#7657=CURVE_STYLE('',#21,POSITIVE_LENGTH_MEASURE(2.E-2),#3);
#7658=PRESENTATION_STYLE_ASSIGNMENT((#7657));
#7659=STYLED_ITEM('',(#7658),#7656);
#7660=DIRECTION('',(0.E0,-1.E0,0.E0));
#7661=VECTOR('',#7660,2.519685039373E-1);
#7662=CARTESIAN_POINT('',(1.210513059021E0,2.519685039371E-1,
2.459280738630E-1));
#7663=LINE('',#7662,#7661);
#7664=CURVE_STYLE('',#21,POSITIVE_LENGTH_MEASURE(2.E-2),#3);
#7665=PRESENTATION_STYLE_ASSIGNMENT((#7664));
#7666=STYLED_ITEM('',(#7665),#7663);
#7667=CARTESIAN_POINT('',(0.E0,0.E0,0.E0));
#7668=DIRECTION('',(0.E0,1.E0,0.E0));
#7669=DIRECTION('',(9.755530492184E-1,0.E0,2.197640738624E-1));
#7670=AXIS2_PLACEMENT_3D('',#7667,#7668,#7669);
#7672=CURVE_STYLE('',#21,POSITIVE_LENGTH_MEASURE(2.E-2),#3);
#7673=PRESENTATION_STYLE_ASSIGNMENT((#7672));
#7674=STYLED_ITEM('',(#7673),#7671);
#7675=CARTESIAN_POINT('',(1.200481761643E0,2.519685039370E-1,
2.438901134922E-1));
#7676=DIRECTION('',(0.E0,1.E0,0.E0));
#7677=DIRECTION('',(9.799805900137E-1,0.E0,1.990930516023E-1));
#7678=AXIS2_PLACEMENT_3D('',#7675,#7676,#7677);
#7680=CURVE_STYLE('',#21,POSITIVE_LENGTH_MEASURE(2.E-2),#3);
#7681=PRESENTATION_STYLE_ASSIGNMENT((#7680));
#7682=STYLED_ITEM('',(#7681),#7679);
#7683=DIRECTION('',(0.E0,-1.E0,0.E0));
#7684=VECTOR('',#7683,2.519685039370E-1);
#7685=CARTESIAN_POINT('',(1.201979785806E0,2.519685039370E-1,
2.337641007938E-1));
#7686=LINE('',#7685,#7684);
#7687=CURVE_STYLE('',#21,POSITIVE_LENGTH_MEASURE(2.E-2),#3);
#7688=PRESENTATION_STYLE_ASSIGNMENT((#7687));
#7689=STYLED_ITEM('',(#7688),#7686);
#7690=CARTESIAN_POINT('',(1.200481761643E0,0.E0,2.438901134922E-1));
#7691=DIRECTION('',(0.E0,1.E0,0.E0));
#7692=DIRECTION('',(9.799805900137E-1,0.E0,1.990930516025E-1));
#7693=AXIS2_PLACEMENT_3D('',#7690,#7691,#7692);
#7695=CURVE_STYLE('',#21,POSITIVE_LENGTH_MEASURE(2.E-2),#3);
#7696=PRESENTATION_STYLE_ASSIGNMENT((#7695));
#7697=STYLED_ITEM('',(#7696),#7694);
#7698=CARTESIAN_POINT('',(1.206992405120E0,0.E0,1.998809044569E-1));
#7699=DIRECTION('',(0.E0,1.E0,0.E0));
#7700=DIRECTION('',(1.803607280232E-1,0.E0,-9.836005326284E-1));
#7701=AXIS2_PLACEMENT_3D('',#7698,#7699,#7700);
#7703=CURVE_STYLE('',#21,POSITIVE_LENGTH_MEASURE(2.E-2),#3);
#7704=PRESENTATION_STYLE_ASSIGNMENT((#7703));
#7705=STYLED_ITEM('',(#7704),#7702);
#7706=CARTESIAN_POINT('',(1.206992405120E0,2.519685039370E-1,
1.998809044569E-1));
#7707=DIRECTION('',(0.E0,1.E0,0.E0));
#7708=DIRECTION('',(1.803607280232E-1,0.E0,-9.836005326284E-1));
#7709=AXIS2_PLACEMENT_3D('',#7706,#7707,#7708);
#7711=CURVE_STYLE('',#21,POSITIVE_LENGTH_MEASURE(2.E-2),#3);
#7712=PRESENTATION_STYLE_ASSIGNMENT((#7711));
#7713=STYLED_ITEM('',(#7712),#7710);
#7714=DIRECTION('',(0.E0,-1.E0,0.E0));
#7715=VECTOR('',#7714,2.519685039370E-1);
#7716=CARTESIAN_POINT('',(1.213170115095E0,2.519685039370E-1,
1.661906499929E-1));
#7717=LINE('',#7716,#7715);
#7718=CURVE_STYLE('',#21,POSITIVE_LENGTH_MEASURE(2.E-2),#3);
#7719=PRESENTATION_STYLE_ASSIGNMENT((#7718));
#7720=STYLED_ITEM('',(#7719),#7717);
#7721=CARTESIAN_POINT('',(1.215016327272E0,2.519685039370E-1,
1.561222980841E-1));
#7722=DIRECTION('',(0.E0,1.E0,0.E0));
#7723=DIRECTION('',(-1.803607280232E-1,0.E0,9.836005326284E-1));
#7724=AXIS2_PLACEMENT_3D('',#7721,#7722,#7723);
#7726=CURVE_STYLE('',#21,POSITIVE_LENGTH_MEASURE(2.E-2),#3);
#7727=PRESENTATION_STYLE_ASSIGNMENT((#7726));
#7728=STYLED_ITEM('',(#7727),#7725);
#7729=DIRECTION('',(0.E0,-1.E0,0.E0));
#7730=VECTOR('',#7729,2.519685039369E-1);
#7731=CARTESIAN_POINT('',(1.225169076349E0,2.519685039369E-1,
1.574268653415E-1));
#7732=LINE('',#7731,#7730);
#7733=CURVE_STYLE('',#21,POSITIVE_LENGTH_MEASURE(2.E-2),#3);
#7734=PRESENTATION_STYLE_ASSIGNMENT((#7733));
#7735=STYLED_ITEM('',(#7734),#7732);
#7736=CARTESIAN_POINT('',(1.215016327272E0,0.E0,1.561222980841E-1));
#7737=DIRECTION('',(0.E0,1.E0,0.E0));
#7738=DIRECTION('',(-1.803607280232E-1,0.E0,9.836005326284E-1));
#7739=AXIS2_PLACEMENT_3D('',#7736,#7737,#7738);
#7741=CURVE_STYLE('',#21,POSITIVE_LENGTH_MEASURE(2.E-2),#3);
#7742=PRESENTATION_STYLE_ASSIGNMENT((#7741));
#7743=STYLED_ITEM('',(#7742),#7740);
#7744=CARTESIAN_POINT('',(0.E0,2.519685039370E-1,0.E0));
#7745=DIRECTION('',(0.E0,-1.E0,0.E0));
#7746=DIRECTION('',(9.943179075910E-1,0.E0,1.064513909908E-1));
#7747=AXIS2_PLACEMENT_3D('',#7744,#7745,#7746);
#7749=CURVE_STYLE('',#21,POSITIVE_LENGTH_MEASURE(2.E-2),#3);
#7750=PRESENTATION_STYLE_ASSIGNMENT((#7749));
#7751=STYLED_ITEM('',(#7750),#7748);
#7752=DIRECTION('',(0.E0,-1.E0,0.E0));
#7753=VECTOR('',#7752,2.519685039365E-1);
#7754=CARTESIAN_POINT('',(1.228223114032E0,2.519685039367E-1,
1.314932155375E-1));
#7755=LINE('',#7754,#7753);
#7756=CURVE_STYLE('',#21,POSITIVE_LENGTH_MEASURE(2.E-2),#3);
#7757=PRESENTATION_STYLE_ASSIGNMENT((#7756));
#7758=STYLED_ITEM('',(#7757),#7755);
#7759=CARTESIAN_POINT('',(0.E0,0.E0,0.E0));
#7760=DIRECTION('',(0.E0,1.E0,0.E0));
#7761=DIRECTION('',(9.918454868042E-1,0.E0,1.274461859223E-1));
#7762=AXIS2_PLACEMENT_3D('',#7759,#7760,#7761);
#7764=CURVE_STYLE('',#21,POSITIVE_LENGTH_MEASURE(2.E-2),#3);
#7765=PRESENTATION_STYLE_ASSIGNMENT((#7764));
#7766=STYLED_ITEM('',(#7765),#7763);
#7767=CARTESIAN_POINT('',(1.218045056710E0,2.519685039370E-1,
1.304035556298E-1));
#7768=DIRECTION('',(0.E0,1.E0,0.E0));
#7769=DIRECTION('',(9.943179075910E-1,0.E0,1.064513909907E-1));
#7770=AXIS2_PLACEMENT_3D('',#7767,#7768,#7769);
#7772=CURVE_STYLE('',#21,POSITIVE_LENGTH_MEASURE(2.E-2),#3);
#7773=PRESENTATION_STYLE_ASSIGNMENT((#7772));
#7774=STYLED_ITEM('',(#7773),#7771);
#7775=DIRECTION('',(0.E0,-1.E0,0.E0));
#7776=VECTOR('',#7775,2.519685039370E-1);
#7777=CARTESIAN_POINT('',(1.218588283616E0,2.519685039370E-1,
1.201817595993E-1));
#7778=LINE('',#7777,#7776);
#7779=CURVE_STYLE('',#21,POSITIVE_LENGTH_MEASURE(2.E-2),#3);
#7780=PRESENTATION_STYLE_ASSIGNMENT((#7779));
#7781=STYLED_ITEM('',(#7780),#7778);
#7782=CARTESIAN_POINT('',(1.218045056710E0,0.E0,1.304035556298E-1));
#7783=DIRECTION('',(0.E0,1.E0,0.E0));
#7784=DIRECTION('',(9.943179075910E-1,0.E0,1.064513909908E-1));
#7785=AXIS2_PLACEMENT_3D('',#7782,#7783,#7784);
#7787=CURVE_STYLE('',#21,POSITIVE_LENGTH_MEASURE(2.E-2),#3);
#7788=PRESENTATION_STYLE_ASSIGNMENT((#7787));
#7789=STYLED_ITEM('',(#7788),#7786);
#7790=CARTESIAN_POINT('',(1.220406004415E0,0.E0,8.597805749717E-2));
#7791=DIRECTION('',(0.E0,1.E0,0.E0));
#7792=DIRECTION('',(8.746240075963E-2,0.E0,-9.961678214304E-1));
#7793=AXIS2_PLACEMENT_3D('',#7790,#7791,#7792);
#7795=CURVE_STYLE('',#21,POSITIVE_LENGTH_MEASURE(2.E-2),#3);
#7796=PRESENTATION_STYLE_ASSIGNMENT((#7795));
#7797=STYLED_ITEM('',(#7796),#7794);
#7798=CARTESIAN_POINT('',(1.220406004415E0,2.519685039370E-1,
8.597805749717E-2));
#7799=DIRECTION('',(0.E0,1.E0,0.E0));
#7800=DIRECTION('',(8.746240075963E-2,0.E0,-9.961678214304E-1));
#7801=AXIS2_PLACEMENT_3D('',#7798,#7799,#7800);
#7803=CURVE_STYLE('',#21,POSITIVE_LENGTH_MEASURE(2.E-2),#3);
#7804=PRESENTATION_STYLE_ASSIGNMENT((#7803));
#7805=STYLED_ITEM('',(#7804),#7802);
#7806=DIRECTION('',(0.E0,-1.E0,0.E0));
#7807=VECTOR('',#7806,2.519685039370E-1);
#7808=CARTESIAN_POINT('',(1.223401763811E0,2.519685039370E-1,
5.185734865290E-2));
#7809=LINE('',#7808,#7807);
#7810=CURVE_STYLE('',#21,POSITIVE_LENGTH_MEASURE(2.E-2),#3);
#7811=PRESENTATION_STYLE_ASSIGNMENT((#7810));
#7812=STYLED_ITEM('',(#7811),#7809);
#7813=CARTESIAN_POINT('',(1.224297048228E0,2.519685039370E-1,
4.166035520518E-2));
#7814=DIRECTION('',(0.E0,1.E0,0.E0));
#7815=DIRECTION('',(-8.746240075963E-2,0.E0,9.961678214304E-1));
#7816=AXIS2_PLACEMENT_3D('',#7813,#7814,#7815);
#7818=CURVE_STYLE('',#21,POSITIVE_LENGTH_MEASURE(2.E-2),#3);
#7819=PRESENTATION_STYLE_ASSIGNMENT((#7818));
#7820=STYLED_ITEM('',(#7819),#7817);
#7821=DIRECTION('',(0.E0,-1.E0,0.E0));
#7822=VECTOR('',#7821,2.519685039344E-1);
#7823=CARTESIAN_POINT('',(1.234527347564E0,2.519685039357E-1,
4.200847162414E-2));
#7824=LINE('',#7823,#7822);
#7825=CURVE_STYLE('',#21,POSITIVE_LENGTH_MEASURE(2.E-2),#3);
#7826=PRESENTATION_STYLE_ASSIGNMENT((#7825));
#7827=STYLED_ITEM('',(#7826),#7824);
#7828=CARTESIAN_POINT('',(1.224297048228E0,0.E0,4.166035520518E-2));
#7829=DIRECTION('',(0.E0,1.E0,0.E0));
#7830=DIRECTION('',(-8.746240075963E-2,0.E0,9.961678214304E-1));
#7831=AXIS2_PLACEMENT_3D('',#7828,#7829,#7830);
#7833=CURVE_STYLE('',#21,POSITIVE_LENGTH_MEASURE(2.E-2),#3);
#7834=PRESENTATION_STYLE_ASSIGNMENT((#7833));
#7835=STYLED_ITEM('',(#7834),#7832);
#7836=CARTESIAN_POINT('',(1.259454470924E0,3.307086614173E-1,0.E0));
#7837=CARTESIAN_POINT('',(-1.259454470924E0,3.307086614173E-1,0.E0));
#7838=VERTEX_POINT('',#7836);
#7839=VERTEX_POINT('',#7837);
#7840=CARTESIAN_POINT('',(2.316341158682E-2,2.519685039370E-1,
-1.224281224502E0));
#7841=CARTESIAN_POINT('',(9.158188633148E-2,2.519685039370E-1,
-1.221070767155E0));
#7842=VERTEX_POINT('',#7840);
#7843=VERTEX_POINT('',#7841);
#7844=CARTESIAN_POINT('',(-9.158188633148E-2,2.519685039370E-1,
-1.221070767155E0));
#7845=CARTESIAN_POINT('',(-2.316341158682E-2,2.519685039370E-1,
-1.224281224502E0));
#7846=VERTEX_POINT('',#7844);
#7847=VERTEX_POINT('',#7845);
#7848=CARTESIAN_POINT('',(-2.055223593398E-1,2.519685039370E-1,
-1.207129496002E0));
#7849=CARTESIAN_POINT('',(-1.377051486112E-1,2.519685039370E-1,
-1.216732654428E0));
#7850=VERTEX_POINT('',#7848);
#7851=VERTEX_POINT('',#7849);
#7852=CARTESIAN_POINT('',(-3.176566944644E-1,2.519685039370E-1,
-1.182579927433E0));
#7853=CARTESIAN_POINT('',(-2.510367278383E-1,2.519685039370E-1,
-1.198491394037E0));
#7854=VERTEX_POINT('',#7852);
#7855=VERTEX_POINT('',#7853);
#7856=CARTESIAN_POINT('',(-4.269994511363E-1,2.519685039370E-1,
-1.147637803941E0));
#7857=CARTESIAN_POINT('',(-3.621621872748E-1,2.519685039370E-1,
-1.169717748183E0));
#7858=VERTEX_POINT('',#7856);
#7859=VERTEX_POINT('',#7857);
#7860=CARTESIAN_POINT('',(-5.325897212783E-1,2.519685039370E-1,
-1.102610198164E0));
#7861=CARTESIAN_POINT('',(-4.701049523875E-1,2.519685039370E-1,
-1.130664580699E0));
#7862=VERTEX_POINT('',#7860);
#7863=VERTEX_POINT('',#7861);
#7864=CARTESIAN_POINT('',(-6.334995737999E-1,2.519685039370E-1,
-1.047892814319E0));
#7865=CARTESIAN_POINT('',(-5.739164182755E-1,2.519685039370E-1,
-1.081675092225E0));
#7866=VERTEX_POINT('',#7864);
#7867=VERTEX_POINT('',#7865);
#7868=CARTESIAN_POINT('',(-7.288422092886E-1,2.519685039370E-1,
-9.839665107436E-1));
#7869=CARTESIAN_POINT('',(-6.726842860438E-1,2.519685039370E-1,
-1.023179804148E0));
#7870=VERTEX_POINT('',#7868);
#7871=VERTEX_POINT('',#7869);
#7872=CARTESIAN_POINT('',(-8.177797532358E-1,2.519685039370E-1,
-9.113930740922E-1));
#7873=CARTESIAN_POINT('',(-7.655405801192E-1,2.519685039370E-1,
-9.556927751618E-1));
#7874=VERTEX_POINT('',#7872);
#7875=VERTEX_POINT('',#7873);
#7876=CARTESIAN_POINT('',(-8.995306193072E-1,2.519685039370E-1,
-8.308102823355E-1));
#7877=CARTESIAN_POINT('',(-8.516692760505E-1,2.519685039370E-1,
-8.798070837049E-1));
#7878=VERTEX_POINT('',#7876);
#7879=VERTEX_POINT('',#7877);
#7880=CARTESIAN_POINT('',(-9.733763779525E-1,2.519685039370E-1,
-7.429262999449E-1));
#7881=CARTESIAN_POINT('',(-9.303134717612E-1,2.519685039370E-1,
-7.961896159618E-1));
#7882=VERTEX_POINT('',#7880);
#7883=VERTEX_POINT('',#7881);
#7884=CARTESIAN_POINT('',(-1.038668069989E0,2.519685039370E-1,
-6.485134545175E-1));
#7885=CARTESIAN_POINT('',(-1.000782039231E0,2.519685039370E-1,
-7.055752052457E-1));
#7886=VERTEX_POINT('',#7884);
#7887=VERTEX_POINT('',#7885);
#7888=CARTESIAN_POINT('',(-1.094831909681E0,2.519685039370E-1,
-5.484014495337E-1));
#7889=CARTESIAN_POINT('',(-1.062455698157E0,2.519685039370E-1,
-6.087601742561E-1));
#7890=VERTEX_POINT('',#7888);
#7891=VERTEX_POINT('',#7889);
#7892=CARTESIAN_POINT('',(-1.141374327184E0,2.519685039370E-1,
-4.434700728930E-1));
#7893=CARTESIAN_POINT('',(-1.114792458204E0,2.519685039370E-1,
-5.065953369664E-1));
#7894=VERTEX_POINT('',#7892);
#7895=VERTEX_POINT('',#7893);
#7896=CARTESIAN_POINT('',(-1.177886306060E0,2.519685039370E-1,
-3.346414653062E-1));
#7897=CARTESIAN_POINT('',(-1.157332382046E0,2.519685039370E-1,
-3.999785216402E-1));
#7898=VERTEX_POINT('',#7896);
#7899=VERTEX_POINT('',#7897);
#7900=CARTESIAN_POINT('',(-1.204046977726E0,2.519685039370E-1,
-2.228720164899E-1));
#7901=CARTESIAN_POINT('',(-1.189701627301E0,2.519685039370E-1,
-2.898466806842E-1));
#7902=VERTEX_POINT('',#7900);
#7903=VERTEX_POINT('',#7901);
#7904=CARTESIAN_POINT('',(-1.219626441259E0,2.519685039370E-1,
-1.091439603790E-1));
#7905=CARTESIAN_POINT('',(-1.211615731878E0,2.519685039370E-1,
-1.771676566765E-1));
#7906=VERTEX_POINT('',#7904);
#7907=VERTEX_POINT('',#7905);
#7908=CARTESIAN_POINT('',(-1.224487783773E0,2.519685039370E-1,
5.543256780082E-3));
#7909=CARTESIAN_POINT('',(-1.222882113838E0,2.519685039370E-1,
-6.293167693161E-2));
#7910=VERTEX_POINT('',#7908);
#7911=VERTEX_POINT('',#7909);
#7912=CARTESIAN_POINT('',(-1.218588283616E0,2.519685039370E-1,
1.201817595993E-1));
#7913=CARTESIAN_POINT('',(-1.223401763811E0,2.519685039370E-1,
5.185734865290E-2));
#7914=VERTEX_POINT('',#7912);
#7915=VERTEX_POINT('',#7913);
#7916=CARTESIAN_POINT('',(-1.201979785806E0,2.519685039370E-1,
2.337641007938E-1));
#7917=CARTESIAN_POINT('',(-1.213170115095E0,2.519685039370E-1,
1.661906499929E-1));
#7918=VERTEX_POINT('',#7916);
#7919=VERTEX_POINT('',#7917);
#7920=CARTESIAN_POINT('',(-1.174808246420E0,2.519685039370E-1,
3.452921146653E-1));
#7921=CARTESIAN_POINT('',(-1.192277083787E0,2.519685039370E-1,
2.790634619251E-1));
#7922=VERTEX_POINT('',#7920);
#7923=VERTEX_POINT('',#7921);
#7924=CARTESIAN_POINT('',(-1.137312449922E0,2.519685039370E-1,
4.537856890178E-1));
#7925=CARTESIAN_POINT('',(-1.160906278597E0,2.519685039370E-1,
3.894838541199E-1));
#7926=VERTEX_POINT('',#7924);
#7927=VERTEX_POINT('',#7925);
#7928=CARTESIAN_POINT('',(-1.089821910722E0,2.519685039370E-1,
5.582913784187E-1));
#7929=CARTESIAN_POINT('',(-1.119333387288E0,2.519685039370E-1,
4.964814482003E-1));
#7930=VERTEX_POINT('',#7928);
#7931=VERTEX_POINT('',#7929);
#7932=CARTESIAN_POINT('',(-1.032753977384E0,2.519685039370E-1,
6.578907831121E-1));
#7933=CARTESIAN_POINT('',(-1.067923753926E0,2.519685039370E-1,
5.991159454623E-1));
#7934=VERTEX_POINT('',#7932);
#7935=VERTEX_POINT('',#7933);
#7936=CARTESIAN_POINT('',(-9.666101649586E-1,2.519685039370E-1,
7.517086199482E-1));
#7937=CARTESIAN_POINT('',(-1.007129168215E0,2.519685039370E-1,
6.964853902537E-1));
#7938=VERTEX_POINT('',#7936);
#7939=VERTEX_POINT('',#7937);
#7940=CARTESIAN_POINT('',(-8.919717476482E-1,2.519685039370E-1,
8.389204144036E-1));
#7941=CARTESIAN_POINT('',(-9.374838951610E-1,2.519685039370E-1,
7.877340963925E-1));
#7942=VERTEX_POINT('',#7940);
#7943=VERTEX_POINT('',#7941);
#7944=CARTESIAN_POINT('',(-8.094946505475E-1,2.519685039370E-1,
9.187597460929E-1));
#7945=CARTESIAN_POINT('',(-8.595999799283E-1,2.519685039370E-1,
8.720601669684E-1));
#7946=VERTEX_POINT('',#7944);
#7947=VERTEX_POINT('',#7945);
#7948=CARTESIAN_POINT('',(-7.199036853515E-1,2.519685039370E-1,
9.905249840983E-1));
#7949=CARTESIAN_POINT('',(-7.741618691640E-1,2.519685039370E-1,
9.487225414409E-1));
#7950=VERTEX_POINT('',#7948);
#7951=VERTEX_POINT('',#7949);
#7952=CARTESIAN_POINT('',(-6.239861806836E-1,2.519685039370E-1,
1.053585452928E0));
#7953=CARTESIAN_POINT('',(-6.819203960576E-1,2.519685039370E-1,
1.017047508107E0));
#7954=VERTEX_POINT('',#7952);
#7955=VERTEX_POINT('',#7953);
#7956=CARTESIAN_POINT('',(-5.225850630237E-1,2.519685039370E-1,
1.107386974914E0));
#7957=CARTESIAN_POINT('',(-5.836861819914E-1,2.519685039370E-1,
1.076434624702E0));
#7958=VERTEX_POINT('',#7956);
#7959=VERTEX_POINT('',#7957);
#7960=CARTESIAN_POINT('',(1.259454470924E0,-7.874015748031E-2,0.E0));
#7961=CARTESIAN_POINT('',(-1.259454470924E0,-7.874015748031E-2,0.E0));
#7962=VERTEX_POINT('',#7960);
#7963=VERTEX_POINT('',#7961);
#7964=CARTESIAN_POINT('',(2.316341158682E-2,0.E0,-1.224281224502E0));
#7965=CARTESIAN_POINT('',(9.158188633148E-2,0.E0,-1.221070767155E0));
#7966=VERTEX_POINT('',#7964);
#7967=VERTEX_POINT('',#7965);
#7968=CARTESIAN_POINT('',(-9.158188633148E-2,0.E0,-1.221070767155E0));
#7969=CARTESIAN_POINT('',(-2.316341158682E-2,0.E0,-1.224281224502E0));
#7970=VERTEX_POINT('',#7968);
#7971=VERTEX_POINT('',#7969);
#7972=CARTESIAN_POINT('',(-2.055223593398E-1,0.E0,-1.207129496002E0));
#7973=CARTESIAN_POINT('',(-1.377051486112E-1,0.E0,-1.216732654428E0));
#7974=VERTEX_POINT('',#7972);
#7975=VERTEX_POINT('',#7973);
#7976=CARTESIAN_POINT('',(-3.176566944644E-1,0.E0,-1.182579927433E0));
#7977=CARTESIAN_POINT('',(-2.510367278383E-1,0.E0,-1.198491394037E0));
#7978=VERTEX_POINT('',#7976);
#7979=VERTEX_POINT('',#7977);
#7980=CARTESIAN_POINT('',(-4.269994511363E-1,0.E0,-1.147637803941E0));
#7981=CARTESIAN_POINT('',(-3.621621872748E-1,0.E0,-1.169717748183E0));
#7982=VERTEX_POINT('',#7980);
#7983=VERTEX_POINT('',#7981);
#7984=CARTESIAN_POINT('',(-5.325897212783E-1,0.E0,-1.102610198164E0));
#7985=CARTESIAN_POINT('',(-4.701049523875E-1,0.E0,-1.130664580699E0));
#7986=VERTEX_POINT('',#7984);
#7987=VERTEX_POINT('',#7985);
#7988=CARTESIAN_POINT('',(-6.334995737999E-1,0.E0,-1.047892814319E0));
#7989=CARTESIAN_POINT('',(-5.739164182755E-1,0.E0,-1.081675092225E0));
#7990=VERTEX_POINT('',#7988);
#7991=VERTEX_POINT('',#7989);
#7992=CARTESIAN_POINT('',(-7.288422092886E-1,0.E0,-9.839665107436E-1));
#7993=CARTESIAN_POINT('',(-6.726842860438E-1,0.E0,-1.023179804148E0));
#7994=VERTEX_POINT('',#7992);
#7995=VERTEX_POINT('',#7993);
#7996=CARTESIAN_POINT('',(-8.177797532358E-1,0.E0,-9.113930740922E-1));
#7997=CARTESIAN_POINT('',(-7.655405801192E-1,0.E0,-9.556927751618E-1));
#7998=VERTEX_POINT('',#7996);
#7999=VERTEX_POINT('',#7997);
#8000=CARTESIAN_POINT('',(-8.995306193072E-1,0.E0,-8.308102823355E-1));
#8001=CARTESIAN_POINT('',(-8.516692760505E-1,0.E0,-8.798070837049E-1));
#8002=VERTEX_POINT('',#8000);
#8003=VERTEX_POINT('',#8001);
#8004=CARTESIAN_POINT('',(-9.733763779525E-1,0.E0,-7.429262999449E-1));
#8005=CARTESIAN_POINT('',(-9.303134717612E-1,0.E0,-7.961896159618E-1));
#8006=VERTEX_POINT('',#8004);
#8007=VERTEX_POINT('',#8005);
#8008=CARTESIAN_POINT('',(-1.038668069989E0,0.E0,-6.485134545175E-1));
#8009=CARTESIAN_POINT('',(-1.000782039231E0,0.E0,-7.055752052457E-1));
#8010=VERTEX_POINT('',#8008);
#8011=VERTEX_POINT('',#8009);
#8012=CARTESIAN_POINT('',(-1.094831909681E0,0.E0,-5.484014495337E-1));
#8013=CARTESIAN_POINT('',(-1.062455698157E0,0.E0,-6.087601742561E-1));
#8014=VERTEX_POINT('',#8012);
#8015=VERTEX_POINT('',#8013);
#8016=CARTESIAN_POINT('',(-1.141374327184E0,0.E0,-4.434700728930E-1));
#8017=CARTESIAN_POINT('',(-1.114792458204E0,0.E0,-5.065953369664E-1));
#8018=VERTEX_POINT('',#8016);
#8019=VERTEX_POINT('',#8017);
#8020=CARTESIAN_POINT('',(-1.177886306060E0,0.E0,-3.346414653062E-1));
#8021=CARTESIAN_POINT('',(-1.157332382046E0,0.E0,-3.999785216402E-1));
#8022=VERTEX_POINT('',#8020);
#8023=VERTEX_POINT('',#8021);
#8024=CARTESIAN_POINT('',(-1.204046977726E0,0.E0,-2.228720164899E-1));
#8025=CARTESIAN_POINT('',(-1.189701627301E0,0.E0,-2.898466806842E-1));
#8026=VERTEX_POINT('',#8024);
#8027=VERTEX_POINT('',#8025);
#8028=CARTESIAN_POINT('',(-1.219626441259E0,0.E0,-1.091439603790E-1));
#8029=CARTESIAN_POINT('',(-1.211615731878E0,0.E0,-1.771676566765E-1));
#8030=VERTEX_POINT('',#8028);
#8031=VERTEX_POINT('',#8029);
#8032=CARTESIAN_POINT('',(-1.224487783773E0,0.E0,5.543256780082E-3));
#8033=CARTESIAN_POINT('',(-1.222882113838E0,0.E0,-6.293167693161E-2));
#8034=VERTEX_POINT('',#8032);
#8035=VERTEX_POINT('',#8033);
#8036=CARTESIAN_POINT('',(-1.218588283616E0,0.E0,1.201817595993E-1));
#8037=CARTESIAN_POINT('',(-1.223401763811E0,0.E0,5.185734865290E-2));
#8038=VERTEX_POINT('',#8036);
#8039=VERTEX_POINT('',#8037);
#8040=CARTESIAN_POINT('',(-1.201979785806E0,0.E0,2.337641007938E-1));
#8041=CARTESIAN_POINT('',(-1.213170115095E0,0.E0,1.661906499929E-1));
#8042=VERTEX_POINT('',#8040);
#8043=VERTEX_POINT('',#8041);
#8044=CARTESIAN_POINT('',(-1.174808246420E0,0.E0,3.452921146653E-1));
#8045=CARTESIAN_POINT('',(-1.192277083787E0,0.E0,2.790634619251E-1));
#8046=VERTEX_POINT('',#8044);
#8047=VERTEX_POINT('',#8045);
#8048=CARTESIAN_POINT('',(-1.137312449922E0,0.E0,4.537856890178E-1));
#8049=CARTESIAN_POINT('',(-1.160906278597E0,0.E0,3.894838541199E-1));
#8050=VERTEX_POINT('',#8048);
#8051=VERTEX_POINT('',#8049);
#8052=CARTESIAN_POINT('',(-1.089821910722E0,0.E0,5.582913784187E-1));
#8053=CARTESIAN_POINT('',(-1.119333387288E0,0.E0,4.964814482003E-1));
#8054=VERTEX_POINT('',#8052);
#8055=VERTEX_POINT('',#8053);
#8056=CARTESIAN_POINT('',(-1.032753977384E0,0.E0,6.578907831121E-1));
#8057=CARTESIAN_POINT('',(-1.067923753926E0,0.E0,5.991159454623E-1));
#8058=VERTEX_POINT('',#8056);
#8059=VERTEX_POINT('',#8057);
#8060=CARTESIAN_POINT('',(-9.666101649586E-1,0.E0,7.517086199482E-1));
#8061=CARTESIAN_POINT('',(-1.007129168215E0,0.E0,6.964853902537E-1));
#8062=VERTEX_POINT('',#8060);
#8063=VERTEX_POINT('',#8061);
#8064=CARTESIAN_POINT('',(-8.919717476482E-1,0.E0,8.389204144036E-1));
#8065=CARTESIAN_POINT('',(-9.374838951610E-1,0.E0,7.877340963925E-1));
#8066=VERTEX_POINT('',#8064);
#8067=VERTEX_POINT('',#8065);
#8068=CARTESIAN_POINT('',(-8.094946505475E-1,0.E0,9.187597460929E-1));
#8069=CARTESIAN_POINT('',(-8.595999799283E-1,0.E0,8.720601669684E-1));
#8070=VERTEX_POINT('',#8068);
#8071=VERTEX_POINT('',#8069);
#8072=CARTESIAN_POINT('',(-7.199036853515E-1,0.E0,9.905249840983E-1));
#8073=CARTESIAN_POINT('',(-7.741618691640E-1,0.E0,9.487225414409E-1));
#8074=VERTEX_POINT('',#8072);
#8075=VERTEX_POINT('',#8073);
#8076=CARTESIAN_POINT('',(-6.239861806836E-1,0.E0,1.053585452928E0));
#8077=CARTESIAN_POINT('',(-6.819203960576E-1,0.E0,1.017047508107E0));
#8078=VERTEX_POINT('',#8076);
#8079=VERTEX_POINT('',#8077);
#8080=CARTESIAN_POINT('',(-5.225850630237E-1,0.E0,1.107386974914E0));
#8081=CARTESIAN_POINT('',(-5.836861819914E-1,0.E0,1.076434624702E0));
#8082=VERTEX_POINT('',#8080);
#8083=VERTEX_POINT('',#8081);
#8084=CARTESIAN_POINT('',(1.235241872499E0,2.519685039370E-1,0.E0));
#8085=CARTESIAN_POINT('',(1.235139500154E0,2.519685039370E-1,
1.590279010604E-2));
#8086=VERTEX_POINT('',#8084);
#8087=VERTEX_POINT('',#8085);
#8088=CARTESIAN_POINT('',(1.259454470924E0,2.761811023622E-1,0.E0));
#8089=CARTESIAN_POINT('',(-1.259454470924E0,2.761811023622E-1,0.E0));
#8090=VERTEX_POINT('',#8088);
#8091=VERTEX_POINT('',#8089);
#8092=CARTESIAN_POINT('',(-1.235241872499E0,2.519685039370E-1,0.E0));
#8093=CARTESIAN_POINT('',(-1.233036548061E0,2.519685039370E-1,
-7.377909405226E-2));
#8094=VERTEX_POINT('',#8092);
#8095=VERTEX_POINT('',#8093);
#8096=CARTESIAN_POINT('',(-1.235241872499E0,0.E0,0.E0));
#8097=CARTESIAN_POINT('',(-1.235139500154E0,0.E0,1.590279010604E-2));
#8098=VERTEX_POINT('',#8096);
#8099=VERTEX_POINT('',#8097);
#8100=CARTESIAN_POINT('',(-1.259454470924E0,-2.421259842520E-2,0.E0));
#8101=CARTESIAN_POINT('',(1.259454470924E0,-2.421259842520E-2,0.E0));
#8102=VERTEX_POINT('',#8100);
#8103=VERTEX_POINT('',#8101);
#8104=CARTESIAN_POINT('',(1.235241872499E0,0.E0,0.E0));
#8105=CARTESIAN_POINT('',(1.233036548061E0,0.E0,-7.377909405226E-2));
#8106=VERTEX_POINT('',#8104);
#8107=VERTEX_POINT('',#8105);
#8108=CARTESIAN_POINT('',(1.305642886014E-2,2.519685039370E-1,
-1.235172867756E0));
#8109=VERTEX_POINT('',#8108);
#8110=CARTESIAN_POINT('',(-1.026643684921E-1,2.519685039370E-1,
-1.230968119415E0));
#8111=VERTEX_POINT('',#8110);
#8112=CARTESIAN_POINT('',(-2.174829476825E-1,2.519685039370E-1,
-1.215945578980E0));
#8113=VERTEX_POINT('',#8112);
#8114=CARTESIAN_POINT('',(-3.303902789089E-1,2.519685039370E-1,
-1.190237265077E0));
#8115=VERTEX_POINT('',#8114);
#8116=CARTESIAN_POINT('',(-4.403941284847E-1,2.519685039370E-1,
-1.154069103291E0));
#8117=VERTEX_POINT('',#8116);
#8118=CARTESIAN_POINT('',(-5.465277786244E-1,2.519685039370E-1,
-1.107758940730E0));
#8119=VERTEX_POINT('',#8118);
#8120=CARTESIAN_POINT('',(-6.478585229945E-1,2.519685039370E-1,
-1.051713752766E0));
#8121=VERTEX_POINT('',#8120);
#8122=CARTESIAN_POINT('',(-7.434958633700E-1,2.519685039370E-1,
-9.864260665281E-1));
#8123=VERTEX_POINT('',#8122);
#8124=CARTESIAN_POINT('',(-8.325993353649E-1,2.519685039370E-1,
-9.124696325492E-1));
#8125=VERTEX_POINT('',#8124);
#8126=CARTESIAN_POINT('',(-9.143858944635E-1,2.519685039370E-1,
-8.304943826304E-1));
#8127=VERTEX_POINT('',#8126);
#8128=CARTESIAN_POINT('',(-9.881367974437E-1,2.519685039370E-1,
-7.412207182156E-1));
#8129=VERTEX_POINT('',#8128);
#8130=CARTESIAN_POINT('',(-1.053203918718E0,2.519685039370E-1,
-6.454331794777E-1));
#8131=VERTEX_POINT('',#8130);
#8132=CARTESIAN_POINT('',(-1.109015446086E0,2.519685039370E-1,
-5.439735507512E-1));
#8133=VERTEX_POINT('',#8132);
#8134=CARTESIAN_POINT('',(-1.155080905838E0,2.519685039370E-1,
-4.377334629015E-1));
#8135=VERTEX_POINT('',#8134);
#8136=CARTESIAN_POINT('',(-1.190995473056E0,2.519685039370E-1,
-3.276465576406E-1));
#8137=VERTEX_POINT('',#8136);
#8138=CARTESIAN_POINT('',(-1.216443529234E0,2.519685039370E-1,
-2.146802826502E-1));
#8139=VERTEX_POINT('',#8138);
#8140=CARTESIAN_POINT('',(-1.231201435938E0,2.519685039370E-1,
-9.982738961675E-2));
#8141=VERTEX_POINT('',#8140);
#8142=CARTESIAN_POINT('',(-1.235139500154E0,2.519685039370E-1,
1.590279010604E-2));
#8143=VERTEX_POINT('',#8142);
#8144=CARTESIAN_POINT('',(-1.228223114032E0,2.519685039370E-1,
1.314932155376E-1));
#8145=VERTEX_POINT('',#8144);
#8146=CARTESIAN_POINT('',(-1.210513059021E0,2.519685039370E-1,
2.459280738630E-1));
#8147=VERTEX_POINT('',#8146);
#8148=CARTESIAN_POINT('',(-1.182164971722E0,2.519685039370E-1,
3.582017074326E-1));
#8149=VERTEX_POINT('',#8148);
#8150=CARTESIAN_POINT('',(-1.143427976146E0,2.519685039370E-1,
4.673274515178E-1));
#8151=VERTEX_POINT('',#8150);
#8152=CARTESIAN_POINT('',(-1.094642494401E0,2.519685039370E-1,
5.723463051556E-1));
#8153=VERTEX_POINT('',#8152);
#8154=CARTESIAN_POINT('',(-1.036237255057E0,2.519685039370E-1,
6.723353588844E-1));
#8155=VERTEX_POINT('',#8154);
#8156=CARTESIAN_POINT('',(-9.687255254562E-1,2.519685039370E-1,
7.664159053047E-1));
#8157=VERTEX_POINT('',#8156);
#8158=CARTESIAN_POINT('',(-8.927006011060E-1,2.519685039370E-1,
8.537611611918E-1));
#8159=VERTEX_POINT('',#8158);
#8160=CARTESIAN_POINT('',(-8.088305917751E-1,2.519685039370E-1,
9.336035332963E-1));
#8161=VERTEX_POINT('',#8160);
#8162=CARTESIAN_POINT('',(-7.178525501212E-1,2.519685039370E-1,
1.005241363981E0));
#8163=VERTEX_POINT('',#8162);
#8164=CARTESIAN_POINT('',(-6.205659944456E-1,2.519685039370E-1,
1.068045097415E0));
#8165=VERTEX_POINT('',#8164);
#8166=CARTESIAN_POINT('',(-5.178258824976E-1,2.519685039370E-1,
1.121462812130E0));
#8167=VERTEX_POINT('',#8166);
#8168=CARTESIAN_POINT('',(1.305642886014E-2,0.E0,-1.235172867756E0));
#8169=VERTEX_POINT('',#8168);
#8170=CARTESIAN_POINT('',(-1.026643684921E-1,0.E0,-1.230968119415E0));
#8171=VERTEX_POINT('',#8170);
#8172=CARTESIAN_POINT('',(-2.174829476825E-1,0.E0,-1.215945578980E0));
#8173=VERTEX_POINT('',#8172);
#8174=CARTESIAN_POINT('',(-3.303902789089E-1,0.E0,-1.190237265077E0));
#8175=VERTEX_POINT('',#8174);
#8176=CARTESIAN_POINT('',(-4.403941284847E-1,0.E0,-1.154069103291E0));
#8177=VERTEX_POINT('',#8176);
#8178=CARTESIAN_POINT('',(-5.465277786244E-1,0.E0,-1.107758940730E0));
#8179=VERTEX_POINT('',#8178);
#8180=CARTESIAN_POINT('',(-6.478585229945E-1,0.E0,-1.051713752766E0));
#8181=VERTEX_POINT('',#8180);
#8182=CARTESIAN_POINT('',(-7.434958633700E-1,0.E0,-9.864260665281E-1));
#8183=VERTEX_POINT('',#8182);
#8184=CARTESIAN_POINT('',(-8.325993353649E-1,0.E0,-9.124696325492E-1));
#8185=VERTEX_POINT('',#8184);
#8186=CARTESIAN_POINT('',(-9.143858944635E-1,0.E0,-8.304943826304E-1));
#8187=VERTEX_POINT('',#8186);
#8188=CARTESIAN_POINT('',(-9.881367974437E-1,0.E0,-7.412207182156E-1));
#8189=VERTEX_POINT('',#8188);
#8190=CARTESIAN_POINT('',(-1.053203918718E0,0.E0,-6.454331794777E-1));
#8191=VERTEX_POINT('',#8190);
#8192=CARTESIAN_POINT('',(-1.109015446086E0,0.E0,-5.439735507512E-1));
#8193=VERTEX_POINT('',#8192);
#8194=CARTESIAN_POINT('',(-1.155080905838E0,0.E0,-4.377334629015E-1));
#8195=VERTEX_POINT('',#8194);
#8196=CARTESIAN_POINT('',(-1.190995473056E0,0.E0,-3.276465576406E-1));
#8197=VERTEX_POINT('',#8196);
#8198=CARTESIAN_POINT('',(-1.216443529234E0,0.E0,-2.146802826502E-1));
#8199=VERTEX_POINT('',#8198);
#8200=CARTESIAN_POINT('',(-1.231201435938E0,0.E0,-9.982738961675E-2));
#8201=VERTEX_POINT('',#8200);
#8202=CARTESIAN_POINT('',(-1.228223114032E0,0.E0,1.314932155376E-1));
#8203=VERTEX_POINT('',#8202);
#8204=CARTESIAN_POINT('',(-1.210513059021E0,0.E0,2.459280738630E-1));
#8205=VERTEX_POINT('',#8204);
#8206=CARTESIAN_POINT('',(-1.182164971722E0,0.E0,3.582017074326E-1));
#8207=VERTEX_POINT('',#8206);
#8208=CARTESIAN_POINT('',(-1.143427976146E0,0.E0,4.673274515178E-1));
#8209=VERTEX_POINT('',#8208);
#8210=CARTESIAN_POINT('',(-1.094642494401E0,0.E0,5.723463051556E-1));
#8211=VERTEX_POINT('',#8210);
#8212=CARTESIAN_POINT('',(-1.036237255057E0,0.E0,6.723353588844E-1));
#8213=VERTEX_POINT('',#8212);
#8214=CARTESIAN_POINT('',(-9.687255254562E-1,0.E0,7.664159053047E-1));
#8215=VERTEX_POINT('',#8214);
#8216=CARTESIAN_POINT('',(-8.927006011060E-1,0.E0,8.537611611918E-1));
#8217=VERTEX_POINT('',#8216);
#8218=CARTESIAN_POINT('',(-8.088305917751E-1,0.E0,9.336035332963E-1));
#8219=VERTEX_POINT('',#8218);
#8220=CARTESIAN_POINT('',(-7.178525501212E-1,0.E0,1.005241363981E0));
#8221=VERTEX_POINT('',#8220);
#8222=CARTESIAN_POINT('',(-6.205659944456E-1,0.E0,1.068045097415E0));
#8223=VERTEX_POINT('',#8222);
#8224=CARTESIAN_POINT('',(-5.178258824976E-1,0.E0,1.121462812130E0));
#8225=VERTEX_POINT('',#8224);
#8226=CARTESIAN_POINT('',(1.026643684921E-1,2.519685039370E-1,
-1.230968119415E0));
#8227=VERTEX_POINT('',#8226);
#8228=CARTESIAN_POINT('',(-1.305642886014E-2,2.519685039370E-1,
-1.235172867756E0));
#8229=VERTEX_POINT('',#8228);
#8230=CARTESIAN_POINT('',(-1.286624858461E-1,2.519685039370E-1,
-1.228522872522E0));
#8231=VERTEX_POINT('',#8230);
#8232=CARTESIAN_POINT('',(-2.431378522801E-1,2.519685039370E-1,
-1.211076574112E0));
#8233=VERTEX_POINT('',#8232);
#8234=CARTESIAN_POINT('',(-3.554765145261E-1,2.519685039370E-1,
-1.182987291223E0));
#8235=VERTEX_POINT('',#8234);
#8236=CARTESIAN_POINT('',(-4.646912363808E-1,2.519685039370E-1,
-1.144501873483E0));
#8237=VERTEX_POINT('',#8236);
#8238=CARTESIAN_POINT('',(-5.698222349416E-1,2.519685039370E-1,
-1.095958532126E0));
#8239=VERTEX_POINT('',#8238);
#8240=CARTESIAN_POINT('',(-6.699456152132E-1,2.519685039370E-1,
-1.037783867783E0));
#8241=VERTEX_POINT('',#8240);
#8242=CARTESIAN_POINT('',(-7.641814893295E-1,2.519685039370E-1,
-9.704891214952E-1));
#8243=VERTEX_POINT('',#8242);
#8244=CARTESIAN_POINT('',(-8.517017090406E-1,2.519685039370E-1,
-8.946656819124E-1));
#8245=VERTEX_POINT('',#8244);
#8246=CARTESIAN_POINT('',(-9.317371435086E-1,2.519685039370E-1,
-8.109798881482E-1));
#8247=VERTEX_POINT('',#8246);
#8248=CARTESIAN_POINT('',(-1.003584438458E0,2.519685039370E-1,
-7.201671739672E-1));
#8249=VERTEX_POINT('',#8248);
#8250=CARTESIAN_POINT('',(-1.066612197277E0,2.519685039370E-1,
-6.230256047669E-1));
#8251=VERTEX_POINT('',#8250);
#8252=CARTESIAN_POINT('',(-1.120266529755E0,2.519685039370E-1,
-5.204088641502E-1));
#8253=VERTEX_POINT('',#8252);
#8254=CARTESIAN_POINT('',(-1.164075919688E0,2.519685039370E-1,
-4.132187517235E-1));
#8255=VERTEX_POINT('',#8254);
#8256=CARTESIAN_POINT('',(-1.197655368584E0,2.519685039370E-1,
-3.023972580488E-1));
#8257=VERTEX_POINT('',#8256);
#8258=CARTESIAN_POINT('',(-1.220709779038E0,2.519685039370E-1,
-1.889182863974E-1));
#8259=VERTEX_POINT('',#8258);
#8260=CARTESIAN_POINT('',(-1.234527347565E0,2.519685039370E-1,
4.200847162419E-2));
#8261=VERTEX_POINT('',#8260);
#8262=CARTESIAN_POINT('',(-1.225169076350E0,2.519685039370E-1,
1.574268653415E-1));
#8263=VERTEX_POINT('',#8262);
#8264=CARTESIAN_POINT('',(-1.205043975239E0,2.519685039370E-1,
2.714617861058E-1));
#8265=VERTEX_POINT('',#8264);
#8266=CARTESIAN_POINT('',(-1.174328904344E0,2.519685039370E-1,
3.831110909330E-1));
#8267=VERTEX_POINT('',#8266);
#8268=CARTESIAN_POINT('',(-1.133293788814E0,2.519685039370E-1,
4.913936017179E-1));
#8269=VERTEX_POINT('',#8268);
#8270=CARTESIAN_POINT('',(-1.082299246719E0,2.519685039370E-1,
5.953577278622E-1));
#8271=VERTEX_POINT('',#8270);
#8272=CARTESIAN_POINT('',(-1.021793419929E0,2.519685039370E-1,
6.940898288873E-1));
#8273=VERTEX_POINT('',#8272);
#8274=CARTESIAN_POINT('',(-9.523080358240E-1,2.519685039370E-1,
7.867222435393E-1));
#8275=VERTEX_POINT('',#8274);
#8276=CARTESIAN_POINT('',(-8.744537344591E-1,2.519685039370E-1,
8.724409148275E-1));
#8277=VERTEX_POINT('',#8276);
#8278=CARTESIAN_POINT('',(-7.889147022337E-1,2.519685039370E-1,
9.504925439865E-1));
#8279=VERTEX_POINT('',#8278);
#8280=CARTESIAN_POINT('',(-6.964426592387E-1,2.519685039370E-1,
1.020191210493E0));
#8281=VERTEX_POINT('',#8280);
#8282=CARTESIAN_POINT('',(-5.978502531129E-1,2.519685039370E-1,
1.080924399959E0));
#8283=VERTEX_POINT('',#8282);
#8284=CARTESIAN_POINT('',(1.026643684921E-1,0.E0,-1.230968119415E0));
#8285=VERTEX_POINT('',#8284);
#8286=CARTESIAN_POINT('',(-1.305642886014E-2,0.E0,-1.235172867756E0));
#8287=VERTEX_POINT('',#8286);
#8288=CARTESIAN_POINT('',(-1.286624858461E-1,0.E0,-1.228522872522E0));
#8289=VERTEX_POINT('',#8288);
#8290=CARTESIAN_POINT('',(-2.431378522801E-1,0.E0,-1.211076574112E0));
#8291=VERTEX_POINT('',#8290);
#8292=CARTESIAN_POINT('',(-3.554765145261E-1,0.E0,-1.182987291223E0));
#8293=VERTEX_POINT('',#8292);
#8294=CARTESIAN_POINT('',(-4.646912363808E-1,0.E0,-1.144501873483E0));
#8295=VERTEX_POINT('',#8294);
#8296=CARTESIAN_POINT('',(-5.698222349416E-1,0.E0,-1.095958532126E0));
#8297=VERTEX_POINT('',#8296);
#8298=CARTESIAN_POINT('',(-6.699456152132E-1,0.E0,-1.037783867783E0));
#8299=VERTEX_POINT('',#8298);
#8300=CARTESIAN_POINT('',(-7.641814893295E-1,0.E0,-9.704891214952E-1));
#8301=VERTEX_POINT('',#8300);
#8302=CARTESIAN_POINT('',(-8.517017090406E-1,0.E0,-8.946656819124E-1));
#8303=VERTEX_POINT('',#8302);
#8304=CARTESIAN_POINT('',(-9.317371435086E-1,0.E0,-8.109798881482E-1));
#8305=VERTEX_POINT('',#8304);
#8306=CARTESIAN_POINT('',(-1.003584438458E0,0.E0,-7.201671739672E-1));
#8307=VERTEX_POINT('',#8306);
#8308=CARTESIAN_POINT('',(-1.066612197277E0,0.E0,-6.230256047669E-1));
#8309=VERTEX_POINT('',#8308);
#8310=CARTESIAN_POINT('',(-1.120266529755E0,0.E0,-5.204088641502E-1));
#8311=VERTEX_POINT('',#8310);
#8312=CARTESIAN_POINT('',(-1.164075919688E0,0.E0,-4.132187517235E-1));
#8313=VERTEX_POINT('',#8312);
#8314=CARTESIAN_POINT('',(-1.197655368584E0,0.E0,-3.023972580488E-1));
#8315=VERTEX_POINT('',#8314);
#8316=CARTESIAN_POINT('',(-1.220709779038E0,0.E0,-1.889182863974E-1));
#8317=VERTEX_POINT('',#8316);
#8318=CARTESIAN_POINT('',(-1.233036548061E0,0.E0,-7.377909405225E-2));
#8319=VERTEX_POINT('',#8318);
#8320=CARTESIAN_POINT('',(-1.234527347565E0,0.E0,4.200847162419E-2));
#8321=VERTEX_POINT('',#8320);
#8322=CARTESIAN_POINT('',(-1.225169076350E0,0.E0,1.574268653415E-1));
#8323=VERTEX_POINT('',#8322);
#8324=CARTESIAN_POINT('',(-1.205043975239E0,0.E0,2.714617861058E-1));
#8325=VERTEX_POINT('',#8324);
#8326=CARTESIAN_POINT('',(-1.174328904344E0,0.E0,3.831110909330E-1));
#8327=VERTEX_POINT('',#8326);
#8328=CARTESIAN_POINT('',(-1.133293788814E0,0.E0,4.913936017179E-1));
#8329=VERTEX_POINT('',#8328);
#8330=CARTESIAN_POINT('',(-1.082299246719E0,0.E0,5.953577278622E-1));
#8331=VERTEX_POINT('',#8330);
#8332=CARTESIAN_POINT('',(-1.021793419929E0,0.E0,6.940898288873E-1));
#8333=VERTEX_POINT('',#8332);
#8334=CARTESIAN_POINT('',(-9.523080358240E-1,0.E0,7.867222435393E-1));
#8335=VERTEX_POINT('',#8334);
#8336=CARTESIAN_POINT('',(-8.744537344591E-1,0.E0,8.724409148275E-1));
#8337=VERTEX_POINT('',#8336);
#8338=CARTESIAN_POINT('',(-7.889147022337E-1,0.E0,9.504925439865E-1));
#8339=VERTEX_POINT('',#8338);
#8340=CARTESIAN_POINT('',(-6.964426592387E-1,0.E0,1.020191210493E0));
#8341=VERTEX_POINT('',#8340);
#8342=CARTESIAN_POINT('',(-5.978502531129E-1,0.E0,1.080924399959E0));
#8343=VERTEX_POINT('',#8342);
#8344=CARTESIAN_POINT('',(1.234527347565E0,2.519685039370E-1,
4.200847162419E-2));
#8345=CARTESIAN_POINT('',(1.228223114032E0,2.519685039370E-1,
1.314932155376E-1));
#8346=VERTEX_POINT('',#8344);
#8347=VERTEX_POINT('',#8345);
#8348=CARTESIAN_POINT('',(1.225169076350E0,2.519685039370E-1,
1.574268653415E-1));
#8349=CARTESIAN_POINT('',(1.210513059021E0,2.519685039370E-1,
2.459280738630E-1));
#8350=VERTEX_POINT('',#8348);
#8351=VERTEX_POINT('',#8349);
#8352=CARTESIAN_POINT('',(1.205043975239E0,2.519685039370E-1,
2.714617861058E-1));
#8353=CARTESIAN_POINT('',(1.182164971722E0,2.519685039370E-1,
3.582017074326E-1));
#8354=VERTEX_POINT('',#8352);
#8355=VERTEX_POINT('',#8353);
#8356=CARTESIAN_POINT('',(1.174328904344E0,2.519685039370E-1,
3.831110909330E-1));
#8357=CARTESIAN_POINT('',(1.143427976146E0,2.519685039370E-1,
4.673274515177E-1));
#8358=VERTEX_POINT('',#8356);
#8359=VERTEX_POINT('',#8357);
#8360=CARTESIAN_POINT('',(1.133293788814E0,2.519685039370E-1,
4.913936017179E-1));
#8361=CARTESIAN_POINT('',(1.094642494401E0,2.519685039370E-1,
5.723463051556E-1));
#8362=VERTEX_POINT('',#8360);
#8363=VERTEX_POINT('',#8361);
#8364=CARTESIAN_POINT('',(1.082299246719E0,2.519685039370E-1,
5.953577278622E-1));
#8365=CARTESIAN_POINT('',(1.036237255057E0,2.519685039370E-1,
6.723353588844E-1));
#8366=VERTEX_POINT('',#8364);
#8367=VERTEX_POINT('',#8365);
#8368=CARTESIAN_POINT('',(1.021793419929E0,2.519685039370E-1,
6.940898288873E-1));
#8369=CARTESIAN_POINT('',(9.687255254562E-1,2.519685039370E-1,
7.664159053047E-1));
#8370=VERTEX_POINT('',#8368);
#8371=VERTEX_POINT('',#8369);
#8372=CARTESIAN_POINT('',(9.523080358240E-1,2.519685039370E-1,
7.867222435393E-1));
#8373=CARTESIAN_POINT('',(8.927006011060E-1,2.519685039370E-1,
8.537611611918E-1));
#8374=VERTEX_POINT('',#8372);
#8375=VERTEX_POINT('',#8373);
#8376=CARTESIAN_POINT('',(8.744537344591E-1,2.519685039370E-1,
8.724409148275E-1));
#8377=CARTESIAN_POINT('',(8.088305917751E-1,2.519685039370E-1,
9.336035332962E-1));
#8378=VERTEX_POINT('',#8376);
#8379=VERTEX_POINT('',#8377);
#8380=CARTESIAN_POINT('',(7.889147022337E-1,2.519685039370E-1,
9.504925439865E-1));
#8381=CARTESIAN_POINT('',(7.178525501212E-1,2.519685039370E-1,
1.005241363981E0));
#8382=VERTEX_POINT('',#8380);
#8383=VERTEX_POINT('',#8381);
#8384=CARTESIAN_POINT('',(6.964426592387E-1,2.519685039370E-1,
1.020191210493E0));
#8385=CARTESIAN_POINT('',(6.205659944456E-1,2.519685039370E-1,
1.068045097415E0));
#8386=VERTEX_POINT('',#8384);
#8387=VERTEX_POINT('',#8385);
#8388=CARTESIAN_POINT('',(5.978502531129E-1,2.519685039370E-1,
1.080924399959E0));
#8389=CARTESIAN_POINT('',(5.178258824976E-1,2.519685039370E-1,
1.121462812130E0));
#8390=VERTEX_POINT('',#8388);
#8391=VERTEX_POINT('',#8389);
#8392=CARTESIAN_POINT('',(4.940039174663E-1,2.519685039370E-1,
1.132158386933E0));
#8393=CARTESIAN_POINT('',(4.105350980752E-1,2.519685039370E-1,
1.165025071328E0));
#8394=VERTEX_POINT('',#8392);
#8395=VERTEX_POINT('',#8393);
#8396=CARTESIAN_POINT('',(3.858162576305E-1,2.519685039370E-1,
1.173442925294E0));
#8397=CARTESIAN_POINT('',(2.996365164495E-1,2.519685039370E-1,
1.198349048310E0));
#8398=VERTEX_POINT('',#8396);
#8399=VERTEX_POINT('',#8397);
#8400=CARTESIAN_POINT('',(2.742380306502E-1,2.519685039370E-1,
1.204415205035E0));
#8401=CARTESIAN_POINT('',(1.861047183436E-1,2.519685039370E-1,
1.221141890766E0));
#8402=VERTEX_POINT('',#8400);
#8403=VERTEX_POINT('',#8401);
#8404=CARTESIAN_POINT('',(1.286624858461E-1,2.519685039370E-1,
-1.228522872522E0));
#8405=VERTEX_POINT('',#8404);
#8406=CARTESIAN_POINT('',(-4.940039174663E-1,0.E0,1.132158386933E0));
#8407=CARTESIAN_POINT('',(-4.105350980751E-1,0.E0,1.165025071328E0));
#8408=VERTEX_POINT('',#8406);
#8409=VERTEX_POINT('',#8407);
#8410=CARTESIAN_POINT('',(-3.858162576305E-1,0.E0,1.173442925294E0));
#8411=CARTESIAN_POINT('',(-2.996365164495E-1,0.E0,1.198349048310E0));
#8412=VERTEX_POINT('',#8410);
#8413=VERTEX_POINT('',#8411);
#8414=CARTESIAN_POINT('',(-2.742380306502E-1,0.E0,1.204415205035E0));
#8415=CARTESIAN_POINT('',(-1.861047183436E-1,0.E0,1.221141890766E0));
#8416=VERTEX_POINT('',#8414);
#8417=VERTEX_POINT('',#8415);
#8418=CARTESIAN_POINT('',(1.231201435938E0,0.E0,-9.982738961675E-2));
#8419=CARTESIAN_POINT('',(1.220709779038E0,0.E0,-1.889182863974E-1));
#8420=VERTEX_POINT('',#8418);
#8421=VERTEX_POINT('',#8419);
#8422=CARTESIAN_POINT('',(1.216443529234E0,0.E0,-2.146802826502E-1));
#8423=CARTESIAN_POINT('',(1.197655368584E0,0.E0,-3.023972580488E-1));
#8424=VERTEX_POINT('',#8422);
#8425=VERTEX_POINT('',#8423);
#8426=CARTESIAN_POINT('',(1.190995473056E0,0.E0,-3.276465576406E-1));
#8427=CARTESIAN_POINT('',(1.164075919688E0,0.E0,-4.132187517235E-1));
#8428=VERTEX_POINT('',#8426);
#8429=VERTEX_POINT('',#8427);
#8430=CARTESIAN_POINT('',(1.155080905838E0,0.E0,-4.377334629015E-1));
#8431=CARTESIAN_POINT('',(1.120266529755E0,0.E0,-5.204088641502E-1));
#8432=VERTEX_POINT('',#8430);
#8433=VERTEX_POINT('',#8431);
#8434=CARTESIAN_POINT('',(1.109015446086E0,0.E0,-5.439735507512E-1));
#8435=CARTESIAN_POINT('',(1.066612197277E0,0.E0,-6.230256047669E-1));
#8436=VERTEX_POINT('',#8434);
#8437=VERTEX_POINT('',#8435);
#8438=CARTESIAN_POINT('',(1.053203918718E0,0.E0,-6.454331794777E-1));
#8439=CARTESIAN_POINT('',(1.003584438458E0,0.E0,-7.201671739672E-1));
#8440=VERTEX_POINT('',#8438);
#8441=VERTEX_POINT('',#8439);
#8442=CARTESIAN_POINT('',(1.286624858461E-1,0.E0,-1.228522872522E0));
#8443=VERTEX_POINT('',#8442);
#8444=CARTESIAN_POINT('',(9.881367974437E-1,0.E0,-7.412207182156E-1));
#8445=CARTESIAN_POINT('',(9.317371435086E-1,0.E0,-8.109798881482E-1));
#8446=VERTEX_POINT('',#8444);
#8447=VERTEX_POINT('',#8445);
#8448=CARTESIAN_POINT('',(9.143858944635E-1,0.E0,-8.304943826304E-1));
#8449=CARTESIAN_POINT('',(8.517017090406E-1,0.E0,-8.946656819124E-1));
#8450=VERTEX_POINT('',#8448);
#8451=VERTEX_POINT('',#8449);
#8452=CARTESIAN_POINT('',(8.325993353649E-1,0.E0,-9.124696325492E-1));
#8453=CARTESIAN_POINT('',(7.641814893295E-1,0.E0,-9.704891214952E-1));
#8454=VERTEX_POINT('',#8452);
#8455=VERTEX_POINT('',#8453);
#8456=CARTESIAN_POINT('',(7.434958633700E-1,0.E0,-9.864260665281E-1));
#8457=CARTESIAN_POINT('',(6.699456152132E-1,0.E0,-1.037783867783E0));
#8458=VERTEX_POINT('',#8456);
#8459=VERTEX_POINT('',#8457);
#8460=CARTESIAN_POINT('',(6.478585229945E-1,0.E0,-1.051713752766E0));
#8461=CARTESIAN_POINT('',(5.698222349416E-1,0.E0,-1.095958532126E0));
#8462=VERTEX_POINT('',#8460);
#8463=VERTEX_POINT('',#8461);
#8464=CARTESIAN_POINT('',(5.465277786244E-1,0.E0,-1.107758940730E0));
#8465=CARTESIAN_POINT('',(4.646912363808E-1,0.E0,-1.144501873483E0));
#8466=VERTEX_POINT('',#8464);
#8467=VERTEX_POINT('',#8465);
#8468=CARTESIAN_POINT('',(4.403941284847E-1,0.E0,-1.154069103291E0));
#8469=CARTESIAN_POINT('',(3.554765145261E-1,0.E0,-1.182987291223E0));
#8470=VERTEX_POINT('',#8468);
#8471=VERTEX_POINT('',#8469);
#8472=CARTESIAN_POINT('',(3.303902789089E-1,0.E0,-1.190237265077E0));
#8473=CARTESIAN_POINT('',(2.431378522801E-1,0.E0,-1.211076574112E0));
#8474=VERTEX_POINT('',#8472);
#8475=VERTEX_POINT('',#8473);
#8476=CARTESIAN_POINT('',(2.174829476825E-1,0.E0,-1.215945578980E0));
#8477=VERTEX_POINT('',#8476);
#8478=CARTESIAN_POINT('',(-4.940039174663E-1,2.519685039370E-1,
1.132158386933E0));
#8479=VERTEX_POINT('',#8478);
#8480=CARTESIAN_POINT('',(-4.165914490398E-1,2.519685039370E-1,
1.151456740348E0));
#8481=CARTESIAN_POINT('',(-4.803225127707E-1,2.519685039370E-1,
1.126361995111E0));
#8482=VERTEX_POINT('',#8480);
#8483=VERTEX_POINT('',#8481);
#8484=CARTESIAN_POINT('',(-3.069368144226E-1,2.519685039370E-1,
1.185407462545E0));
#8485=CARTESIAN_POINT('',(-3.727377520372E-1,2.519685039370E-1,
1.166390855808E0));
#8486=VERTEX_POINT('',#8484);
#8487=VERTEX_POINT('',#8485);
#8488=CARTESIAN_POINT('',(-1.945848080440E-1,2.519685039370E-1,
1.208940781339E0));
#8489=CARTESIAN_POINT('',(-2.618773585365E-1,2.519685039370E-1,
1.196169431724E0));
#8490=VERTEX_POINT('',#8488);
#8491=VERTEX_POINT('',#8489);
#8492=CARTESIAN_POINT('',(-8.052278337582E-2,2.519685039370E-1,
1.221849885077E0));
#8493=CARTESIAN_POINT('',(-1.487155773929E-1,2.519685039370E-1,
1.215436027665E0));
#8494=VERTEX_POINT('',#8492);
#8495=VERTEX_POINT('',#8493);
#8496=CARTESIAN_POINT('',(3.424687840798E-2,2.519685039370E-1,
1.224021328092E0));
#8497=CARTESIAN_POINT('',(-3.424687840798E-2,2.519685039370E-1,
1.224021328092E0));
#8498=VERTEX_POINT('',#8496);
#8499=VERTEX_POINT('',#8497);
#8500=CARTESIAN_POINT('',(1.487155773929E-1,2.519685039370E-1,
1.215436027665E0));
#8501=CARTESIAN_POINT('',(8.052278337583E-2,2.519685039370E-1,
1.221849885077E0));
#8502=VERTEX_POINT('',#8500);
#8503=VERTEX_POINT('',#8501);
#8504=CARTESIAN_POINT('',(2.618773585365E-1,2.519685039370E-1,
1.196169431724E0));
#8505=CARTESIAN_POINT('',(1.945848080440E-1,2.519685039370E-1,
1.208940781339E0));
#8506=VERTEX_POINT('',#8504);
#8507=VERTEX_POINT('',#8505);
#8508=CARTESIAN_POINT('',(3.727377520372E-1,2.519685039370E-1,
1.166390855808E0));
#8509=CARTESIAN_POINT('',(3.069368144226E-1,2.519685039370E-1,
1.185407462545E0));
#8510=VERTEX_POINT('',#8508);
#8511=VERTEX_POINT('',#8509);
#8512=CARTESIAN_POINT('',(4.803225127707E-1,2.519685039370E-1,
1.126361995111E0));
#8513=CARTESIAN_POINT('',(4.165914490398E-1,2.519685039370E-1,
1.151456740348E0));
#8514=VERTEX_POINT('',#8512);
#8515=VERTEX_POINT('',#8513);
#8516=CARTESIAN_POINT('',(5.836861819914E-1,2.519685039370E-1,
1.076434624702E0));
#8517=CARTESIAN_POINT('',(5.225850630237E-1,2.519685039370E-1,
1.107386974914E0));
#8518=VERTEX_POINT('',#8516);
#8519=VERTEX_POINT('',#8517);
#8520=CARTESIAN_POINT('',(6.819203960576E-1,2.519685039370E-1,
1.017047508107E0));
#8521=CARTESIAN_POINT('',(6.239861806836E-1,2.519685039370E-1,
1.053585452928E0));
#8522=VERTEX_POINT('',#8520);
#8523=VERTEX_POINT('',#8521);
#8524=CARTESIAN_POINT('',(7.741618691641E-1,2.519685039370E-1,
9.487225414409E-1));
#8525=CARTESIAN_POINT('',(7.199036853515E-1,2.519685039370E-1,
9.905249840983E-1));
#8526=VERTEX_POINT('',#8524);
#8527=VERTEX_POINT('',#8525);
#8528=CARTESIAN_POINT('',(8.595999799283E-1,2.519685039370E-1,
8.720601669684E-1));
#8529=CARTESIAN_POINT('',(8.094946505475E-1,2.519685039370E-1,
9.187597460929E-1));
#8530=VERTEX_POINT('',#8528);
#8531=VERTEX_POINT('',#8529);
#8532=CARTESIAN_POINT('',(9.374838951610E-1,2.519685039370E-1,
7.877340963925E-1));
#8533=CARTESIAN_POINT('',(8.919717476482E-1,2.519685039370E-1,
8.389204144036E-1));
#8534=VERTEX_POINT('',#8532);
#8535=VERTEX_POINT('',#8533);
#8536=CARTESIAN_POINT('',(1.007129168215E0,2.519685039370E-1,
6.964853902537E-1));
#8537=CARTESIAN_POINT('',(9.666101649586E-1,2.519685039370E-1,
7.517086199482E-1));
#8538=VERTEX_POINT('',#8536);
#8539=VERTEX_POINT('',#8537);
#8540=CARTESIAN_POINT('',(1.067923753926E0,2.519685039370E-1,
5.991159454623E-1));
#8541=CARTESIAN_POINT('',(1.032753977384E0,2.519685039370E-1,
6.578907831121E-1));
#8542=VERTEX_POINT('',#8540);
#8543=VERTEX_POINT('',#8541);
#8544=CARTESIAN_POINT('',(1.119333387288E0,2.519685039370E-1,
4.964814482003E-1));
#8545=CARTESIAN_POINT('',(1.089821910722E0,2.519685039370E-1,
5.582913784187E-1));
#8546=VERTEX_POINT('',#8544);
#8547=VERTEX_POINT('',#8545);
#8548=CARTESIAN_POINT('',(1.160906278597E0,2.519685039370E-1,
3.894838541199E-1));
#8549=CARTESIAN_POINT('',(1.137312449922E0,2.519685039370E-1,
4.537856890178E-1));
#8550=VERTEX_POINT('',#8548);
#8551=VERTEX_POINT('',#8549);
#8552=CARTESIAN_POINT('',(1.192277083787E0,2.519685039370E-1,
2.790634619251E-1));
#8553=CARTESIAN_POINT('',(1.174808246420E0,2.519685039370E-1,
3.452921146653E-1));
#8554=VERTEX_POINT('',#8552);
#8555=VERTEX_POINT('',#8553);
#8556=CARTESIAN_POINT('',(1.213170115095E0,2.519685039370E-1,
1.661906499929E-1));
#8557=CARTESIAN_POINT('',(1.201979785806E0,2.519685039370E-1,
2.337641007938E-1));
#8558=VERTEX_POINT('',#8556);
#8559=VERTEX_POINT('',#8557);
#8560=CARTESIAN_POINT('',(1.223401763811E0,2.519685039370E-1,
5.185734865290E-2));
#8561=CARTESIAN_POINT('',(1.218588283616E0,2.519685039370E-1,
1.201817595993E-1));
#8562=VERTEX_POINT('',#8560);
#8563=VERTEX_POINT('',#8561);
#8564=CARTESIAN_POINT('',(1.222882113838E0,2.519685039370E-1,
-6.293167693161E-2));
#8565=CARTESIAN_POINT('',(1.224487783773E0,2.519685039370E-1,
5.543256780081E-3));
#8566=VERTEX_POINT('',#8564);
#8567=VERTEX_POINT('',#8565);
#8568=CARTESIAN_POINT('',(1.211615731878E0,2.519685039370E-1,
-1.771676566765E-1));
#8569=CARTESIAN_POINT('',(1.219626441259E0,2.519685039370E-1,
-1.091439603790E-1));
#8570=VERTEX_POINT('',#8568);
#8571=VERTEX_POINT('',#8569);
#8572=CARTESIAN_POINT('',(1.189701627301E0,2.519685039370E-1,
-2.898466806842E-1));
#8573=CARTESIAN_POINT('',(1.204046977726E0,2.519685039370E-1,
-2.228720164899E-1));
#8574=VERTEX_POINT('',#8572);
#8575=VERTEX_POINT('',#8573);
#8576=CARTESIAN_POINT('',(1.157332382046E0,2.519685039370E-1,
-3.999785216402E-1));
#8577=CARTESIAN_POINT('',(1.177886306060E0,2.519685039370E-1,
-3.346414653062E-1));
#8578=VERTEX_POINT('',#8576);
#8579=VERTEX_POINT('',#8577);
#8580=CARTESIAN_POINT('',(1.114792458204E0,2.519685039370E-1,
-5.065953369664E-1));
#8581=CARTESIAN_POINT('',(1.141374327184E0,2.519685039370E-1,
-4.434700728930E-1));
#8582=VERTEX_POINT('',#8580);
#8583=VERTEX_POINT('',#8581);
#8584=CARTESIAN_POINT('',(1.062455698157E0,2.519685039370E-1,
-6.087601742561E-1));
#8585=CARTESIAN_POINT('',(1.094831909681E0,2.519685039370E-1,
-5.484014495337E-1));
#8586=VERTEX_POINT('',#8584);
#8587=VERTEX_POINT('',#8585);
#8588=CARTESIAN_POINT('',(1.000782039231E0,2.519685039370E-1,
-7.055752052457E-1));
#8589=CARTESIAN_POINT('',(1.038668069989E0,2.519685039370E-1,
-6.485134545175E-1));
#8590=VERTEX_POINT('',#8588);
#8591=VERTEX_POINT('',#8589);
#8592=CARTESIAN_POINT('',(9.303134717612E-1,2.519685039370E-1,
-7.961896159618E-1));
#8593=CARTESIAN_POINT('',(9.733763779525E-1,2.519685039370E-1,
-7.429262999449E-1));
#8594=VERTEX_POINT('',#8592);
#8595=VERTEX_POINT('',#8593);
#8596=CARTESIAN_POINT('',(8.516692760505E-1,2.519685039370E-1,
-8.798070837049E-1));
#8597=CARTESIAN_POINT('',(8.995306193072E-1,2.519685039370E-1,
-8.308102823355E-1));
#8598=VERTEX_POINT('',#8596);
#8599=VERTEX_POINT('',#8597);
#8600=CARTESIAN_POINT('',(7.655405801192E-1,2.519685039370E-1,
-9.556927751618E-1));
#8601=CARTESIAN_POINT('',(8.177797532358E-1,2.519685039370E-1,
-9.113930740922E-1));
#8602=VERTEX_POINT('',#8600);
#8603=VERTEX_POINT('',#8601);
#8604=CARTESIAN_POINT('',(6.726842860438E-1,2.519685039370E-1,
-1.023179804148E0));
#8605=CARTESIAN_POINT('',(7.288422092886E-1,2.519685039370E-1,
-9.839665107436E-1));
#8606=VERTEX_POINT('',#8604);
#8607=VERTEX_POINT('',#8605);
#8608=CARTESIAN_POINT('',(5.739164182755E-1,2.519685039370E-1,
-1.081675092225E0));
#8609=CARTESIAN_POINT('',(6.334995737999E-1,2.519685039370E-1,
-1.047892814319E0));
#8610=VERTEX_POINT('',#8608);
#8611=VERTEX_POINT('',#8609);
#8612=CARTESIAN_POINT('',(4.701049523875E-1,2.519685039370E-1,
-1.130664580699E0));
#8613=CARTESIAN_POINT('',(5.325897212783E-1,2.519685039370E-1,
-1.102610198164E0));
#8614=VERTEX_POINT('',#8612);
#8615=VERTEX_POINT('',#8613);
#8616=CARTESIAN_POINT('',(3.621621872748E-1,2.519685039370E-1,
-1.169717748183E0));
#8617=CARTESIAN_POINT('',(4.269994511363E-1,2.519685039370E-1,
-1.147637803941E0));
#8618=VERTEX_POINT('',#8616);
#8619=VERTEX_POINT('',#8617);
#8620=CARTESIAN_POINT('',(2.510367278383E-1,2.519685039370E-1,
-1.198491394037E0));
#8621=CARTESIAN_POINT('',(3.176566944644E-1,2.519685039370E-1,
-1.182579927433E0));
#8622=VERTEX_POINT('',#8620);
#8623=VERTEX_POINT('',#8621);
#8624=CARTESIAN_POINT('',(1.377051486112E-1,2.519685039370E-1,
-1.216732654428E0));
#8625=CARTESIAN_POINT('',(2.055223593398E-1,2.519685039370E-1,
-1.207129496002E0));
#8626=VERTEX_POINT('',#8624);
#8627=VERTEX_POINT('',#8625);
#8628=CARTESIAN_POINT('',(-4.165914490398E-1,0.E0,1.151456740348E0));
#8629=CARTESIAN_POINT('',(-4.803225127707E-1,0.E0,1.126361995111E0));
#8630=VERTEX_POINT('',#8628);
#8631=VERTEX_POINT('',#8629);
#8632=CARTESIAN_POINT('',(-3.069368144226E-1,0.E0,1.185407462545E0));
#8633=CARTESIAN_POINT('',(-3.727377520372E-1,0.E0,1.166390855808E0));
#8634=VERTEX_POINT('',#8632);
#8635=VERTEX_POINT('',#8633);
#8636=CARTESIAN_POINT('',(-1.945848080440E-1,0.E0,1.208940781339E0));
#8637=CARTESIAN_POINT('',(-2.618773585365E-1,0.E0,1.196169431724E0));
#8638=VERTEX_POINT('',#8636);
#8639=VERTEX_POINT('',#8637);
#8640=CARTESIAN_POINT('',(-8.052278337582E-2,0.E0,1.221849885077E0));
#8641=CARTESIAN_POINT('',(-1.487155773929E-1,0.E0,1.215436027665E0));
#8642=VERTEX_POINT('',#8640);
#8643=VERTEX_POINT('',#8641);
#8644=CARTESIAN_POINT('',(3.424687840798E-2,0.E0,1.224021328092E0));
#8645=CARTESIAN_POINT('',(-3.424687840798E-2,0.E0,1.224021328092E0));
#8646=VERTEX_POINT('',#8644);
#8647=VERTEX_POINT('',#8645);
#8648=CARTESIAN_POINT('',(1.487155773929E-1,0.E0,1.215436027665E0));
#8649=CARTESIAN_POINT('',(8.052278337583E-2,0.E0,1.221849885077E0));
#8650=VERTEX_POINT('',#8648);
#8651=VERTEX_POINT('',#8649);
#8652=CARTESIAN_POINT('',(2.618773585365E-1,0.E0,1.196169431724E0));
#8653=CARTESIAN_POINT('',(1.945848080440E-1,0.E0,1.208940781339E0));
#8654=VERTEX_POINT('',#8652);
#8655=VERTEX_POINT('',#8653);
#8656=CARTESIAN_POINT('',(3.727377520372E-1,0.E0,1.166390855808E0));
#8657=CARTESIAN_POINT('',(3.069368144226E-1,0.E0,1.185407462545E0));
#8658=VERTEX_POINT('',#8656);
#8659=VERTEX_POINT('',#8657);
#8660=CARTESIAN_POINT('',(4.803225127707E-1,0.E0,1.126361995111E0));
#8661=CARTESIAN_POINT('',(4.165914490398E-1,0.E0,1.151456740348E0));
#8662=VERTEX_POINT('',#8660);
#8663=VERTEX_POINT('',#8661);
#8664=CARTESIAN_POINT('',(5.836861819914E-1,0.E0,1.076434624702E0));
#8665=CARTESIAN_POINT('',(5.225850630237E-1,0.E0,1.107386974914E0));
#8666=VERTEX_POINT('',#8664);
#8667=VERTEX_POINT('',#8665);
#8668=CARTESIAN_POINT('',(6.819203960576E-1,0.E0,1.017047508107E0));
#8669=CARTESIAN_POINT('',(6.239861806836E-1,0.E0,1.053585452928E0));
#8670=VERTEX_POINT('',#8668);
#8671=VERTEX_POINT('',#8669);
#8672=CARTESIAN_POINT('',(7.741618691641E-1,0.E0,9.487225414409E-1));
#8673=CARTESIAN_POINT('',(7.199036853515E-1,0.E0,9.905249840983E-1));
#8674=VERTEX_POINT('',#8672);
#8675=VERTEX_POINT('',#8673);
#8676=CARTESIAN_POINT('',(8.595999799283E-1,0.E0,8.720601669684E-1));
#8677=CARTESIAN_POINT('',(8.094946505475E-1,0.E0,9.187597460929E-1));
#8678=VERTEX_POINT('',#8676);
#8679=VERTEX_POINT('',#8677);
#8680=CARTESIAN_POINT('',(9.374838951610E-1,0.E0,7.877340963925E-1));
#8681=CARTESIAN_POINT('',(8.919717476482E-1,0.E0,8.389204144036E-1));
#8682=VERTEX_POINT('',#8680);
#8683=VERTEX_POINT('',#8681);
#8684=CARTESIAN_POINT('',(1.007129168215E0,0.E0,6.964853902537E-1));
#8685=CARTESIAN_POINT('',(9.666101649586E-1,0.E0,7.517086199482E-1));
#8686=VERTEX_POINT('',#8684);
#8687=VERTEX_POINT('',#8685);
#8688=CARTESIAN_POINT('',(1.067923753926E0,0.E0,5.991159454623E-1));
#8689=CARTESIAN_POINT('',(1.032753977384E0,0.E0,6.578907831121E-1));
#8690=VERTEX_POINT('',#8688);
#8691=VERTEX_POINT('',#8689);
#8692=CARTESIAN_POINT('',(1.119333387288E0,0.E0,4.964814482003E-1));
#8693=CARTESIAN_POINT('',(1.089821910722E0,0.E0,5.582913784187E-1));
#8694=VERTEX_POINT('',#8692);
#8695=VERTEX_POINT('',#8693);
#8696=CARTESIAN_POINT('',(1.160906278597E0,0.E0,3.894838541199E-1));
#8697=CARTESIAN_POINT('',(1.137312449922E0,0.E0,4.537856890178E-1));
#8698=VERTEX_POINT('',#8696);
#8699=VERTEX_POINT('',#8697);
#8700=CARTESIAN_POINT('',(1.192277083787E0,0.E0,2.790634619251E-1));
#8701=CARTESIAN_POINT('',(1.174808246420E0,0.E0,3.452921146653E-1));
#8702=VERTEX_POINT('',#8700);
#8703=VERTEX_POINT('',#8701);
#8704=CARTESIAN_POINT('',(1.213170115095E0,0.E0,1.661906499929E-1));
#8705=CARTESIAN_POINT('',(1.201979785806E0,0.E0,2.337641007938E-1));
#8706=VERTEX_POINT('',#8704);
#8707=VERTEX_POINT('',#8705);
#8708=CARTESIAN_POINT('',(1.223401763811E0,0.E0,5.185734865290E-2));
#8709=CARTESIAN_POINT('',(1.218588283616E0,0.E0,1.201817595993E-1));
#8710=VERTEX_POINT('',#8708);
#8711=VERTEX_POINT('',#8709);
#8712=CARTESIAN_POINT('',(1.222882113838E0,0.E0,-6.293167693161E-2));
#8713=CARTESIAN_POINT('',(1.224487783773E0,0.E0,5.543256780081E-3));
#8714=VERTEX_POINT('',#8712);
#8715=VERTEX_POINT('',#8713);
#8716=CARTESIAN_POINT('',(1.211615731878E0,0.E0,-1.771676566765E-1));
#8717=CARTESIAN_POINT('',(1.219626441259E0,0.E0,-1.091439603790E-1));
#8718=VERTEX_POINT('',#8716);
#8719=VERTEX_POINT('',#8717);
#8720=CARTESIAN_POINT('',(1.189701627301E0,0.E0,-2.898466806842E-1));
#8721=CARTESIAN_POINT('',(1.204046977726E0,0.E0,-2.228720164899E-1));
#8722=VERTEX_POINT('',#8720);
#8723=VERTEX_POINT('',#8721);
#8724=CARTESIAN_POINT('',(1.157332382046E0,0.E0,-3.999785216402E-1));
#8725=CARTESIAN_POINT('',(1.177886306060E0,0.E0,-3.346414653062E-1));
#8726=VERTEX_POINT('',#8724);
#8727=VERTEX_POINT('',#8725);
#8728=CARTESIAN_POINT('',(1.114792458204E0,0.E0,-5.065953369664E-1));
#8729=CARTESIAN_POINT('',(1.141374327184E0,0.E0,-4.434700728930E-1));
#8730=VERTEX_POINT('',#8728);
#8731=VERTEX_POINT('',#8729);
#8732=CARTESIAN_POINT('',(1.062455698157E0,0.E0,-6.087601742561E-1));
#8733=CARTESIAN_POINT('',(1.094831909681E0,0.E0,-5.484014495337E-1));
#8734=VERTEX_POINT('',#8732);
#8735=VERTEX_POINT('',#8733);
#8736=CARTESIAN_POINT('',(1.000782039231E0,0.E0,-7.055752052457E-1));
#8737=CARTESIAN_POINT('',(1.038668069989E0,0.E0,-6.485134545175E-1));
#8738=VERTEX_POINT('',#8736);
#8739=VERTEX_POINT('',#8737);
#8740=CARTESIAN_POINT('',(9.303134717612E-1,0.E0,-7.961896159618E-1));
#8741=CARTESIAN_POINT('',(9.733763779525E-1,0.E0,-7.429262999449E-1));
#8742=VERTEX_POINT('',#8740);
#8743=VERTEX_POINT('',#8741);
#8744=CARTESIAN_POINT('',(8.516692760505E-1,0.E0,-8.798070837049E-1));
#8745=CARTESIAN_POINT('',(8.995306193072E-1,0.E0,-8.308102823355E-1));
#8746=VERTEX_POINT('',#8744);
#8747=VERTEX_POINT('',#8745);
#8748=CARTESIAN_POINT('',(7.655405801192E-1,0.E0,-9.556927751618E-1));
#8749=CARTESIAN_POINT('',(8.177797532358E-1,0.E0,-9.113930740922E-1));
#8750=VERTEX_POINT('',#8748);
#8751=VERTEX_POINT('',#8749);
#8752=CARTESIAN_POINT('',(6.726842860438E-1,0.E0,-1.023179804148E0));
#8753=CARTESIAN_POINT('',(7.288422092886E-1,0.E0,-9.839665107436E-1));
#8754=VERTEX_POINT('',#8752);
#8755=VERTEX_POINT('',#8753);
#8756=CARTESIAN_POINT('',(5.739164182755E-1,0.E0,-1.081675092225E0));
#8757=CARTESIAN_POINT('',(6.334995737999E-1,0.E0,-1.047892814319E0));
#8758=VERTEX_POINT('',#8756);
#8759=VERTEX_POINT('',#8757);
#8760=CARTESIAN_POINT('',(4.701049523875E-1,0.E0,-1.130664580699E0));
#8761=CARTESIAN_POINT('',(5.325897212783E-1,0.E0,-1.102610198164E0));
#8762=VERTEX_POINT('',#8760);
#8763=VERTEX_POINT('',#8761);
#8764=CARTESIAN_POINT('',(3.621621872748E-1,0.E0,-1.169717748183E0));
#8765=CARTESIAN_POINT('',(4.269994511363E-1,0.E0,-1.147637803941E0));
#8766=VERTEX_POINT('',#8764);
#8767=VERTEX_POINT('',#8765);
#8768=CARTESIAN_POINT('',(2.510367278383E-1,0.E0,-1.198491394037E0));
#8769=CARTESIAN_POINT('',(3.176566944644E-1,0.E0,-1.182579927433E0));
#8770=VERTEX_POINT('',#8768);
#8771=VERTEX_POINT('',#8769);
#8772=CARTESIAN_POINT('',(1.377051486112E-1,0.E0,-1.216732654428E0));
#8773=CARTESIAN_POINT('',(2.055223593398E-1,0.E0,-1.207129496002E0));
#8774=VERTEX_POINT('',#8772);
#8775=VERTEX_POINT('',#8773);
#8776=CARTESIAN_POINT('',(1.602497899959E-1,2.519685039370E-1,
1.224803040648E0));
#8777=VERTEX_POINT('',#8776);
#8778=CARTESIAN_POINT('',(7.093742528121E-2,2.519685039370E-1,
1.233203294380E0));
#8779=VERTEX_POINT('',#8778);
#8780=CARTESIAN_POINT('',(4.485326842519E-2,2.519685039370E-1,
1.234427263101E0));
#8781=VERTEX_POINT('',#8780);
#8782=CARTESIAN_POINT('',(-4.485326842517E-2,2.519685039370E-1,
1.234427263101E0));
#8783=VERTEX_POINT('',#8782);
#8784=CARTESIAN_POINT('',(-7.093742528120E-2,2.519685039370E-1,
1.233203294380E0));
#8785=VERTEX_POINT('',#8784);
#8786=CARTESIAN_POINT('',(-1.602497899959E-1,2.519685039370E-1,
1.224803040648E0));
#8787=VERTEX_POINT('',#8786);
#8788=CARTESIAN_POINT('',(-1.861047183436E-1,2.519685039370E-1,
1.221141890766E0));
#8789=VERTEX_POINT('',#8788);
#8790=CARTESIAN_POINT('',(-2.742380306501E-1,2.519685039370E-1,
1.204415205035E0));
#8791=VERTEX_POINT('',#8790);
#8792=CARTESIAN_POINT('',(-2.996365164495E-1,2.519685039370E-1,
1.198349048310E0));
#8793=VERTEX_POINT('',#8792);
#8794=CARTESIAN_POINT('',(-3.858162576305E-1,2.519685039370E-1,
1.173442925294E0));
#8795=VERTEX_POINT('',#8794);
#8796=CARTESIAN_POINT('',(-4.105350980751E-1,2.519685039370E-1,
1.165025071328E0));
#8797=VERTEX_POINT('',#8796);
#8798=CARTESIAN_POINT('',(2.174829476825E-1,2.519685039370E-1,
-1.215945578980E0));
#8799=VERTEX_POINT('',#8798);
#8800=CARTESIAN_POINT('',(2.431378522801E-1,2.519685039370E-1,
-1.211076574112E0));
#8801=VERTEX_POINT('',#8800);
#8802=CARTESIAN_POINT('',(3.303902789089E-1,2.519685039370E-1,
-1.190237265077E0));
#8803=VERTEX_POINT('',#8802);
#8804=CARTESIAN_POINT('',(3.554765145261E-1,2.519685039370E-1,
-1.182987291223E0));
#8805=VERTEX_POINT('',#8804);
#8806=CARTESIAN_POINT('',(4.403941284847E-1,2.519685039370E-1,
-1.154069103291E0));
#8807=VERTEX_POINT('',#8806);
#8808=CARTESIAN_POINT('',(4.646912363808E-1,2.519685039370E-1,
-1.144501873483E0));
#8809=VERTEX_POINT('',#8808);
#8810=CARTESIAN_POINT('',(5.465277786244E-1,2.519685039370E-1,
-1.107758940730E0));
#8811=VERTEX_POINT('',#8810);
#8812=CARTESIAN_POINT('',(5.698222349416E-1,2.519685039370E-1,
-1.095958532126E0));
#8813=VERTEX_POINT('',#8812);
#8814=CARTESIAN_POINT('',(6.478585229945E-1,2.519685039370E-1,
-1.051713752766E0));
#8815=VERTEX_POINT('',#8814);
#8816=CARTESIAN_POINT('',(6.699456152132E-1,2.519685039370E-1,
-1.037783867783E0));
#8817=VERTEX_POINT('',#8816);
#8818=CARTESIAN_POINT('',(7.434958633700E-1,2.519685039370E-1,
-9.864260665281E-1));
#8819=VERTEX_POINT('',#8818);
#8820=CARTESIAN_POINT('',(7.641814893295E-1,2.519685039370E-1,
-9.704891214952E-1));
#8821=VERTEX_POINT('',#8820);
#8822=CARTESIAN_POINT('',(8.325993353649E-1,2.519685039370E-1,
-9.124696325492E-1));
#8823=VERTEX_POINT('',#8822);
#8824=CARTESIAN_POINT('',(8.517017090406E-1,2.519685039370E-1,
-8.946656819124E-1));
#8825=VERTEX_POINT('',#8824);
#8826=CARTESIAN_POINT('',(9.143858944635E-1,2.519685039370E-1,
-8.304943826304E-1));
#8827=VERTEX_POINT('',#8826);
#8828=CARTESIAN_POINT('',(9.317371435086E-1,2.519685039370E-1,
-8.109798881482E-1));
#8829=VERTEX_POINT('',#8828);
#8830=CARTESIAN_POINT('',(9.881367974437E-1,2.519685039370E-1,
-7.412207182156E-1));
#8831=VERTEX_POINT('',#8830);
#8832=CARTESIAN_POINT('',(1.003584438458E0,2.519685039370E-1,
-7.201671739672E-1));
#8833=VERTEX_POINT('',#8832);
#8834=CARTESIAN_POINT('',(1.053203918718E0,2.519685039370E-1,
-6.454331794777E-1));
#8835=VERTEX_POINT('',#8834);
#8836=CARTESIAN_POINT('',(1.066612197277E0,2.519685039370E-1,
-6.230256047669E-1));
#8837=VERTEX_POINT('',#8836);
#8838=CARTESIAN_POINT('',(1.109015446086E0,2.519685039370E-1,
-5.439735507512E-1));
#8839=VERTEX_POINT('',#8838);
#8840=CARTESIAN_POINT('',(1.120266529755E0,2.519685039370E-1,
-5.204088641502E-1));
#8841=VERTEX_POINT('',#8840);
#8842=CARTESIAN_POINT('',(1.155080905838E0,2.519685039370E-1,
-4.377334629015E-1));
#8843=VERTEX_POINT('',#8842);
#8844=CARTESIAN_POINT('',(1.164075919688E0,2.519685039370E-1,
-4.132187517235E-1));
#8845=VERTEX_POINT('',#8844);
#8846=CARTESIAN_POINT('',(1.190995473056E0,2.519685039370E-1,
-3.276465576406E-1));
#8847=VERTEX_POINT('',#8846);
#8848=CARTESIAN_POINT('',(1.197655368584E0,2.519685039370E-1,
-3.023972580488E-1));
#8849=VERTEX_POINT('',#8848);
#8850=CARTESIAN_POINT('',(1.216443529234E0,2.519685039370E-1,
-2.146802826502E-1));
#8851=VERTEX_POINT('',#8850);
#8852=CARTESIAN_POINT('',(1.220709779038E0,2.519685039370E-1,
-1.889182863974E-1));
#8853=VERTEX_POINT('',#8852);
#8854=CARTESIAN_POINT('',(1.231201435938E0,2.519685039370E-1,
-9.982738961675E-2));
#8855=VERTEX_POINT('',#8854);
#8856=CARTESIAN_POINT('',(1.233036548061E0,2.519685039370E-1,
-7.377909405226E-2));
#8857=VERTEX_POINT('',#8856);
#8858=CARTESIAN_POINT('',(-1.602497899959E-1,0.E0,1.224803040648E0));
#8859=VERTEX_POINT('',#8858);
#8860=CARTESIAN_POINT('',(-7.093742528121E-2,0.E0,1.233203294380E0));
#8861=VERTEX_POINT('',#8860);
#8862=CARTESIAN_POINT('',(-4.485326842519E-2,0.E0,1.234427263101E0));
#8863=VERTEX_POINT('',#8862);
#8864=CARTESIAN_POINT('',(4.485326842517E-2,0.E0,1.234427263101E0));
#8865=VERTEX_POINT('',#8864);
#8866=CARTESIAN_POINT('',(7.093742528120E-2,0.E0,1.233203294380E0));
#8867=VERTEX_POINT('',#8866);
#8868=CARTESIAN_POINT('',(1.602497899959E-1,0.E0,1.224803040648E0));
#8869=VERTEX_POINT('',#8868);
#8870=CARTESIAN_POINT('',(1.861047183436E-1,0.E0,1.221141890766E0));
#8871=VERTEX_POINT('',#8870);
#8872=CARTESIAN_POINT('',(2.742380306501E-1,0.E0,1.204415205035E0));
#8873=VERTEX_POINT('',#8872);
#8874=CARTESIAN_POINT('',(2.996365164495E-1,0.E0,1.198349048310E0));
#8875=VERTEX_POINT('',#8874);
#8876=CARTESIAN_POINT('',(3.858162576305E-1,0.E0,1.173442925294E0));
#8877=VERTEX_POINT('',#8876);
#8878=CARTESIAN_POINT('',(4.105350980751E-1,0.E0,1.165025071328E0));
#8879=VERTEX_POINT('',#8878);
#8880=CARTESIAN_POINT('',(4.940039174663E-1,0.E0,1.132158386933E0));
#8881=VERTEX_POINT('',#8880);
#8882=CARTESIAN_POINT('',(5.178258824976E-1,0.E0,1.121462812130E0));
#8883=VERTEX_POINT('',#8882);
#8884=CARTESIAN_POINT('',(5.978502531129E-1,0.E0,1.080924399959E0));
#8885=VERTEX_POINT('',#8884);
#8886=CARTESIAN_POINT('',(6.205659944456E-1,0.E0,1.068045097415E0));
#8887=VERTEX_POINT('',#8886);
#8888=CARTESIAN_POINT('',(6.964426592387E-1,0.E0,1.020191210493E0));
#8889=VERTEX_POINT('',#8888);
#8890=CARTESIAN_POINT('',(7.178525501212E-1,0.E0,1.005241363981E0));
#8891=VERTEX_POINT('',#8890);
#8892=CARTESIAN_POINT('',(7.889147022337E-1,0.E0,9.504925439865E-1));
#8893=VERTEX_POINT('',#8892);
#8894=CARTESIAN_POINT('',(8.088305917751E-1,0.E0,9.336035332963E-1));
#8895=VERTEX_POINT('',#8894);
#8896=CARTESIAN_POINT('',(8.744537344591E-1,0.E0,8.724409148275E-1));
#8897=VERTEX_POINT('',#8896);
#8898=CARTESIAN_POINT('',(8.927006011060E-1,0.E0,8.537611611918E-1));
#8899=VERTEX_POINT('',#8898);
#8900=CARTESIAN_POINT('',(9.523080358240E-1,0.E0,7.867222435393E-1));
#8901=VERTEX_POINT('',#8900);
#8902=CARTESIAN_POINT('',(9.687255254562E-1,0.E0,7.664159053047E-1));
#8903=VERTEX_POINT('',#8902);
#8904=CARTESIAN_POINT('',(1.021793419929E0,0.E0,6.940898288873E-1));
#8905=VERTEX_POINT('',#8904);
#8906=CARTESIAN_POINT('',(1.036237255057E0,0.E0,6.723353588844E-1));
#8907=VERTEX_POINT('',#8906);
#8908=CARTESIAN_POINT('',(1.082299246719E0,0.E0,5.953577278622E-1));
#8909=VERTEX_POINT('',#8908);
#8910=CARTESIAN_POINT('',(1.094642494401E0,0.E0,5.723463051556E-1));
#8911=VERTEX_POINT('',#8910);
#8912=CARTESIAN_POINT('',(1.133293788814E0,0.E0,4.913936017179E-1));
#8913=VERTEX_POINT('',#8912);
#8914=CARTESIAN_POINT('',(1.143427976146E0,0.E0,4.673274515178E-1));
#8915=VERTEX_POINT('',#8914);
#8916=CARTESIAN_POINT('',(1.174328904344E0,0.E0,3.831110909330E-1));
#8917=VERTEX_POINT('',#8916);
#8918=CARTESIAN_POINT('',(1.182164971722E0,0.E0,3.582017074326E-1));
#8919=VERTEX_POINT('',#8918);
#8920=CARTESIAN_POINT('',(1.205043975239E0,0.E0,2.714617861058E-1));
#8921=VERTEX_POINT('',#8920);
#8922=CARTESIAN_POINT('',(1.210513059021E0,0.E0,2.459280738630E-1));
#8923=VERTEX_POINT('',#8922);
#8924=CARTESIAN_POINT('',(1.225169076350E0,0.E0,1.574268653415E-1));
#8925=VERTEX_POINT('',#8924);
#8926=CARTESIAN_POINT('',(1.228223114032E0,0.E0,1.314932155376E-1));
#8927=VERTEX_POINT('',#8926);
#8928=CARTESIAN_POINT('',(1.234527347565E0,0.E0,4.200847162419E-2));
#8929=VERTEX_POINT('',#8928);
#8930=CARTESIAN_POINT('',(1.235139500154E0,0.E0,1.590279010605E-2));
#8931=VERTEX_POINT('',#8930);
#8932=CARTESIAN_POINT('',(0.E0,1.338582677165E-1,3.179133858268E-1));
#8933=CARTESIAN_POINT('',(0.E0,1.338582677165E-1,-3.179133858268E-1));
#8934=VERTEX_POINT('',#8932);
#8935=VERTEX_POINT('',#8933);
#8936=CARTESIAN_POINT('',(0.E0,3.307086614173E-1,3.179133858268E-1));
#8937=CARTESIAN_POINT('',(0.E0,3.307086614173E-1,-3.179133858268E-1));
#8938=VERTEX_POINT('',#8936);
#8939=VERTEX_POINT('',#8937);
#8940=CARTESIAN_POINT('',(4.163385826772E-1,-6.993307086614E-1,0.E0));
#8941=CARTESIAN_POINT('',(-4.163385826772E-1,-6.993307086614E-1,0.E0));
#8942=VERTEX_POINT('',#8940);
#8943=VERTEX_POINT('',#8941);
#8944=CARTESIAN_POINT('',(4.163385826772E-1,-7.874015748031E-2,0.E0));
#8945=CARTESIAN_POINT('',(-4.163385826772E-1,-7.874015748031E-2,0.E0));
#8946=VERTEX_POINT('',#8944);
#8947=VERTEX_POINT('',#8945);
#8948=CARTESIAN_POINT('',(1.552738880316E0,-3.843700787402E-1,
-3.937007874016E-1));
#8949=CARTESIAN_POINT('',(1.552738880316E0,-3.843700787402E-1,
3.937007874016E-1));
#8950=VERTEX_POINT('',#8948);
#8951=VERTEX_POINT('',#8949);
#8952=CARTESIAN_POINT('',(1.552738880316E0,-2.162598425197E-1,
-3.937007874016E-1));
#8953=CARTESIAN_POINT('',(1.552738880316E0,-2.162598425197E-1,
3.937007874016E-1));
#8954=VERTEX_POINT('',#8952);
#8955=VERTEX_POINT('',#8953);
#8956=CARTESIAN_POINT('',(4.163385826772E-1,-3.843700787402E-1,0.E0));
#8957=CARTESIAN_POINT('',(1.354160456704E-1,-3.843700787402E-1,
3.937007874016E-1));
#8958=VERTEX_POINT('',#8956);
#8959=VERTEX_POINT('',#8957);
#8960=CARTESIAN_POINT('',(4.163385826772E-1,-2.162598425197E-1,0.E0));
#8961=CARTESIAN_POINT('',(1.354160456704E-1,-2.162598425197E-1,
3.937007874016E-1));
#8962=VERTEX_POINT('',#8960);
#8963=VERTEX_POINT('',#8961);
#8964=CARTESIAN_POINT('',(1.354160456704E-1,-3.843700787402E-1,
-3.937007874016E-1));
#8965=VERTEX_POINT('',#8964);
#8966=CARTESIAN_POINT('',(1.354160456704E-1,-2.162598425197E-1,
-3.937007874016E-1));
#8967=VERTEX_POINT('',#8966);
#8968=CARTESIAN_POINT('',(1.369668014174E0,-3.843700787402E-1,0.E0));
#8969=CARTESIAN_POINT('',(1.235809746458E0,-3.843700787402E-1,0.E0));
#8970=VERTEX_POINT('',#8968);
#8971=VERTEX_POINT('',#8969);
#8972=CARTESIAN_POINT('',(1.119668014174E0,-3.843700787402E-1,0.E0));
#8973=CARTESIAN_POINT('',(9.858097464578E-1,-3.843700787402E-1,0.E0));
#8974=VERTEX_POINT('',#8972);
#8975=VERTEX_POINT('',#8973);
#8976=CARTESIAN_POINT('',(8.696680141743E-1,-3.843700787402E-1,0.E0));
#8977=CARTESIAN_POINT('',(7.358097464578E-1,-3.843700787402E-1,0.E0));
#8978=VERTEX_POINT('',#8976);
#8979=VERTEX_POINT('',#8977);
#8980=CARTESIAN_POINT('',(1.369668014174E0,-2.162598425197E-1,0.E0));
#8981=CARTESIAN_POINT('',(1.235809746458E0,-2.162598425197E-1,0.E0));
#8982=VERTEX_POINT('',#8980);
#8983=VERTEX_POINT('',#8981);
#8984=CARTESIAN_POINT('',(1.119668014174E0,-2.162598425197E-1,0.E0));
#8985=CARTESIAN_POINT('',(9.858097464578E-1,-2.162598425197E-1,0.E0));
#8986=VERTEX_POINT('',#8984);
#8987=VERTEX_POINT('',#8985);
#8988=CARTESIAN_POINT('',(8.696680141743E-1,-2.162598425197E-1,0.E0));
#8989=CARTESIAN_POINT('',(7.358097464578E-1,-2.162598425197E-1,0.E0));
#8990=VERTEX_POINT('',#8988);
#8991=VERTEX_POINT('',#8989);
#8992=CARTESIAN_POINT('',(3.179133858268E-1,-5.024803149606E-1,0.E0));
#8993=CARTESIAN_POINT('',(-3.179133858268E-1,-5.024803149606E-1,0.E0));
#8994=VERTEX_POINT('',#8992);
#8995=VERTEX_POINT('',#8993);
#8996=CARTESIAN_POINT('',(3.179133858268E-1,-6.993307086614E-1,0.E0));
#8997=CARTESIAN_POINT('',(-3.179133858268E-1,-6.993307086614E-1,0.E0));
#8998=VERTEX_POINT('',#8996);
#8999=VERTEX_POINT('',#8997);
#9000=CARTESIAN_POINT('',(1.604330708661E-1,1.338582677165E-1,0.E0));
#9001=CARTESIAN_POINT('',(-1.604330708661E-1,1.338582677165E-1,0.E0));
#9002=VERTEX_POINT('',#9000);
#9003=VERTEX_POINT('',#9001);
#9004=CARTESIAN_POINT('',(1.604330708661E-1,-5.024803149606E-1,0.E0));
#9005=CARTESIAN_POINT('',(-1.604330708661E-1,-5.024803149606E-1,0.E0));
#9006=VERTEX_POINT('',#9004);
#9007=VERTEX_POINT('',#9005);
#9008=CARTESIAN_POINT('',(0.E0,2.519685039370E-1,0.E0));
#9009=DIRECTION('',(0.E0,1.E0,0.E0));
#9010=DIRECTION('',(1.E0,0.E0,0.E0));
#9011=AXIS2_PLACEMENT_3D('',#9008,#9009,#9010);
#9012=CYLINDRICAL_SURFACE('',#9011,1.235241872499E0);
#9014=ORIENTED_EDGE('',*,*,#9013,.F.);
#9016=ORIENTED_EDGE('',*,*,#9015,.F.);
#9018=ORIENTED_EDGE('',*,*,#9017,.T.);
#9020=ORIENTED_EDGE('',*,*,#9019,.F.);
#9021=EDGE_LOOP('',(#9014,#9016,#9018,#9020));
#9022=FACE_OUTER_BOUND('',#9021,.F.);
#9024=CARTESIAN_POINT('',(1.294823265389E-2,2.519685039370E-1,
-1.224937219113E0));
#9025=DIRECTION('',(0.E0,1.E0,0.E0));
#9026=DIRECTION('',(1.E0,0.E0,0.E0));
#9027=AXIS2_PLACEMENT_3D('',#9024,#9025,#9026);
#9028=CYLINDRICAL_SURFACE('',#9027,1.023622047244E-2);
#9030=ORIENTED_EDGE('',*,*,#9029,.T.);
#9031=ORIENTED_EDGE('',*,*,#9013,.T.);
#9033=ORIENTED_EDGE('',*,*,#9032,.F.);
#9035=ORIENTED_EDGE('',*,*,#9034,.F.);
#9036=EDGE_LOOP('',(#9030,#9031,#9033,#9035));
#9037=FACE_OUTER_BOUND('',#9036,.F.);
#9039=CARTESIAN_POINT('',(0.E0,2.519685039370E-1,0.E0));
#9040=DIRECTION('',(0.E0,1.E0,0.E0));
#9041=DIRECTION('',(1.E0,0.E0,0.E0));
#9042=AXIS2_PLACEMENT_3D('',#9039,#9040,#9041);
#9043=PLANE('',#9042);
#9045=ORIENTED_EDGE('',*,*,#9044,.F.);
#9047=ORIENTED_EDGE('',*,*,#9046,.F.);
#9049=ORIENTED_EDGE('',*,*,#9048,.F.);
#9051=ORIENTED_EDGE('',*,*,#9050,.T.);
#9053=ORIENTED_EDGE('',*,*,#9052,.F.);
#9054=EDGE_LOOP('',(#9045,#9047,#9049,#9051,#9053));
#9055=FACE_OUTER_BOUND('',#9054,.F.);
#9057=CARTESIAN_POINT('',(0.E0,2.519685039370E-1,0.E0));
#9058=DIRECTION('',(0.E0,1.E0,0.E0));
#9059=DIRECTION('',(1.E0,0.E0,0.E0));
#9060=AXIS2_PLACEMENT_3D('',#9057,#9058,#9059);
#9061=PLANE('',#9060);
#9063=ORIENTED_EDGE('',*,*,#9062,.F.);
#9065=ORIENTED_EDGE('',*,*,#9064,.F.);
#9067=ORIENTED_EDGE('',*,*,#9066,.F.);
#9069=ORIENTED_EDGE('',*,*,#9068,.T.);
#9071=ORIENTED_EDGE('',*,*,#9070,.F.);
#9072=EDGE_LOOP('',(#9063,#9065,#9067,#9069,#9071));
#9073=FACE_OUTER_BOUND('',#9072,.F.);
#9075=CARTESIAN_POINT('',(0.E0,2.519685039370E-1,0.E0));
#9076=DIRECTION('',(0.E0,1.E0,0.E0));
#9077=DIRECTION('',(1.E0,0.E0,0.E0));
#9078=AXIS2_PLACEMENT_3D('',#9075,#9076,#9077);
#9079=PLANE('',#9078);
#9080=ORIENTED_EDGE('',*,*,#9029,.F.);
#9082=ORIENTED_EDGE('',*,*,#9081,.T.);
#9084=ORIENTED_EDGE('',*,*,#9083,.F.);
#9086=ORIENTED_EDGE('',*,*,#9085,.F.);
#9087=EDGE_LOOP('',(#9080,#9082,#9084,#9086));
#9088=FACE_OUTER_BOUND('',#9087,.F.);
#9090=CARTESIAN_POINT('',(0.E0,2.519685039370E-1,0.E0));
#9091=DIRECTION('',(0.E0,1.E0,0.E0));
#9092=DIRECTION('',(1.E0,0.E0,0.E0));
#9093=AXIS2_PLACEMENT_3D('',#9090,#9091,#9092);
#9094=PLANE('',#9093);
#9096=ORIENTED_EDGE('',*,*,#9095,.F.);
#9098=ORIENTED_EDGE('',*,*,#9097,.T.);
#9100=ORIENTED_EDGE('',*,*,#9099,.F.);
#9102=ORIENTED_EDGE('',*,*,#9101,.F.);
#9103=EDGE_LOOP('',(#9096,#9098,#9100,#9102));
#9104=FACE_OUTER_BOUND('',#9103,.F.);
#9106=CARTESIAN_POINT('',(0.E0,2.519685039370E-1,0.E0));
#9107=DIRECTION('',(0.E0,1.E0,0.E0));
#9108=DIRECTION('',(1.E0,0.E0,0.E0));
#9109=AXIS2_PLACEMENT_3D('',#9106,#9107,#9108);
#9110=PLANE('',#9109);
#9112=ORIENTED_EDGE('',*,*,#9111,.F.);
#9114=ORIENTED_EDGE('',*,*,#9113,.T.);
#9116=ORIENTED_EDGE('',*,*,#9115,.F.);
#9118=ORIENTED_EDGE('',*,*,#9117,.F.);
#9119=EDGE_LOOP('',(#9112,#9114,#9116,#9118));
#9120=FACE_OUTER_BOUND('',#9119,.F.);
#9122=CARTESIAN_POINT('',(0.E0,2.519685039370E-1,0.E0));
#9123=DIRECTION('',(0.E0,1.E0,0.E0));
#9124=DIRECTION('',(1.E0,0.E0,0.E0));
#9125=AXIS2_PLACEMENT_3D('',#9122,#9123,#9124);
#9126=PLANE('',#9125);
#9128=ORIENTED_EDGE('',*,*,#9127,.F.);
#9130=ORIENTED_EDGE('',*,*,#9129,.T.);
#9132=ORIENTED_EDGE('',*,*,#9131,.F.);
#9134=ORIENTED_EDGE('',*,*,#9133,.F.);
#9135=EDGE_LOOP('',(#9128,#9130,#9132,#9134));
#9136=FACE_OUTER_BOUND('',#9135,.F.);
#9138=CARTESIAN_POINT('',(0.E0,2.519685039370E-1,0.E0));
#9139=DIRECTION('',(0.E0,1.E0,0.E0));
#9140=DIRECTION('',(1.E0,0.E0,0.E0));
#9141=AXIS2_PLACEMENT_3D('',#9138,#9139,#9140);
#9142=PLANE('',#9141);
#9144=ORIENTED_EDGE('',*,*,#9143,.F.);
#9146=ORIENTED_EDGE('',*,*,#9145,.T.);
#9148=ORIENTED_EDGE('',*,*,#9147,.F.);
#9150=ORIENTED_EDGE('',*,*,#9149,.F.);
#9151=EDGE_LOOP('',(#9144,#9146,#9148,#9150));
#9152=FACE_OUTER_BOUND('',#9151,.F.);
#9154=CARTESIAN_POINT('',(0.E0,2.519685039370E-1,0.E0));
#9155=DIRECTION('',(0.E0,1.E0,0.E0));
#9156=DIRECTION('',(1.E0,0.E0,0.E0));
#9157=AXIS2_PLACEMENT_3D('',#9154,#9155,#9156);
#9158=PLANE('',#9157);
#9160=ORIENTED_EDGE('',*,*,#9159,.F.);
#9162=ORIENTED_EDGE('',*,*,#9161,.T.);
#9164=ORIENTED_EDGE('',*,*,#9163,.F.);
#9166=ORIENTED_EDGE('',*,*,#9165,.F.);
#9167=EDGE_LOOP('',(#9160,#9162,#9164,#9166));
#9168=FACE_OUTER_BOUND('',#9167,.F.);
#9170=CARTESIAN_POINT('',(0.E0,2.519685039370E-1,0.E0));
#9171=DIRECTION('',(0.E0,1.E0,0.E0));
#9172=DIRECTION('',(1.E0,0.E0,0.E0));
#9173=AXIS2_PLACEMENT_3D('',#9170,#9171,#9172);
#9174=PLANE('',#9173);
#9176=ORIENTED_EDGE('',*,*,#9175,.F.);
#9178=ORIENTED_EDGE('',*,*,#9177,.T.);
#9180=ORIENTED_EDGE('',*,*,#9179,.F.);
#9182=ORIENTED_EDGE('',*,*,#9181,.F.);
#9183=EDGE_LOOP('',(#9176,#9178,#9180,#9182));
#9184=FACE_OUTER_BOUND('',#9183,.F.);
#9186=CARTESIAN_POINT('',(0.E0,2.519685039370E-1,0.E0));
#9187=DIRECTION('',(0.E0,1.E0,0.E0));
#9188=DIRECTION('',(1.E0,0.E0,0.E0));
#9189=AXIS2_PLACEMENT_3D('',#9186,#9187,#9188);
#9190=PLANE('',#9189);
#9192=ORIENTED_EDGE('',*,*,#9191,.F.);
#9194=ORIENTED_EDGE('',*,*,#9193,.T.);
#9196=ORIENTED_EDGE('',*,*,#9195,.F.);
#9198=ORIENTED_EDGE('',*,*,#9197,.F.);
#9199=EDGE_LOOP('',(#9192,#9194,#9196,#9198));
#9200=FACE_OUTER_BOUND('',#9199,.F.);
#9202=CARTESIAN_POINT('',(0.E0,2.519685039370E-1,0.E0));
#9203=DIRECTION('',(0.E0,1.E0,0.E0));
#9204=DIRECTION('',(1.E0,0.E0,0.E0));
#9205=AXIS2_PLACEMENT_3D('',#9202,#9203,#9204);
#9206=PLANE('',#9205);
#9208=ORIENTED_EDGE('',*,*,#9207,.F.);
#9210=ORIENTED_EDGE('',*,*,#9209,.T.);
#9212=ORIENTED_EDGE('',*,*,#9211,.F.);
#9214=ORIENTED_EDGE('',*,*,#9213,.F.);
#9215=EDGE_LOOP('',(#9208,#9210,#9212,#9214));
#9216=FACE_OUTER_BOUND('',#9215,.F.);
#9218=CARTESIAN_POINT('',(0.E0,2.519685039370E-1,0.E0));
#9219=DIRECTION('',(0.E0,1.E0,0.E0));
#9220=DIRECTION('',(1.E0,0.E0,0.E0));
#9221=AXIS2_PLACEMENT_3D('',#9218,#9219,#9220);
#9222=PLANE('',#9221);
#9224=ORIENTED_EDGE('',*,*,#9223,.F.);
#9226=ORIENTED_EDGE('',*,*,#9225,.T.);
#9228=ORIENTED_EDGE('',*,*,#9227,.F.);
#9230=ORIENTED_EDGE('',*,*,#9229,.F.);
#9231=EDGE_LOOP('',(#9224,#9226,#9228,#9230));
#9232=FACE_OUTER_BOUND('',#9231,.F.);
#9234=CARTESIAN_POINT('',(0.E0,2.519685039370E-1,0.E0));
#9235=DIRECTION('',(0.E0,1.E0,0.E0));
#9236=DIRECTION('',(1.E0,0.E0,0.E0));
#9237=AXIS2_PLACEMENT_3D('',#9234,#9235,#9236);
#9238=PLANE('',#9237);
#9240=ORIENTED_EDGE('',*,*,#9239,.F.);
#9242=ORIENTED_EDGE('',*,*,#9241,.T.);
#9244=ORIENTED_EDGE('',*,*,#9243,.F.);
#9246=ORIENTED_EDGE('',*,*,#9245,.F.);
#9247=EDGE_LOOP('',(#9240,#9242,#9244,#9246));
#9248=FACE_OUTER_BOUND('',#9247,.F.);
#9250=CARTESIAN_POINT('',(0.E0,2.519685039370E-1,0.E0));
#9251=DIRECTION('',(0.E0,1.E0,0.E0));
#9252=DIRECTION('',(1.E0,0.E0,0.E0));
#9253=AXIS2_PLACEMENT_3D('',#9250,#9251,#9252);
#9254=PLANE('',#9253);
#9256=ORIENTED_EDGE('',*,*,#9255,.F.);
#9258=ORIENTED_EDGE('',*,*,#9257,.T.);
#9260=ORIENTED_EDGE('',*,*,#9259,.F.);
#9262=ORIENTED_EDGE('',*,*,#9261,.F.);
#9263=EDGE_LOOP('',(#9256,#9258,#9260,#9262));
#9264=FACE_OUTER_BOUND('',#9263,.F.);
#9266=CARTESIAN_POINT('',(0.E0,2.519685039370E-1,0.E0));
#9267=DIRECTION('',(0.E0,1.E0,0.E0));
#9268=DIRECTION('',(1.E0,0.E0,0.E0));
#9269=AXIS2_PLACEMENT_3D('',#9266,#9267,#9268);
#9270=PLANE('',#9269);
#9272=ORIENTED_EDGE('',*,*,#9271,.F.);
#9274=ORIENTED_EDGE('',*,*,#9273,.T.);
#9276=ORIENTED_EDGE('',*,*,#9275,.F.);
#9278=ORIENTED_EDGE('',*,*,#9277,.F.);
#9279=EDGE_LOOP('',(#9272,#9274,#9276,#9278));
#9280=FACE_OUTER_BOUND('',#9279,.F.);
#9282=CARTESIAN_POINT('',(0.E0,2.519685039370E-1,0.E0));
#9283=DIRECTION('',(0.E0,1.E0,0.E0));
#9284=DIRECTION('',(1.E0,0.E0,0.E0));
#9285=AXIS2_PLACEMENT_3D('',#9282,#9283,#9284);
#9286=PLANE('',#9285);
#9288=ORIENTED_EDGE('',*,*,#9287,.F.);
#9290=ORIENTED_EDGE('',*,*,#9289,.T.);
#9292=ORIENTED_EDGE('',*,*,#9291,.F.);
#9294=ORIENTED_EDGE('',*,*,#9293,.F.);
#9295=EDGE_LOOP('',(#9288,#9290,#9292,#9294));
#9296=FACE_OUTER_BOUND('',#9295,.F.);
#9298=CARTESIAN_POINT('',(0.E0,2.519685039370E-1,0.E0));
#9299=DIRECTION('',(0.E0,1.E0,0.E0));
#9300=DIRECTION('',(1.E0,0.E0,0.E0));
#9301=AXIS2_PLACEMENT_3D('',#9298,#9299,#9300);
#9302=PLANE('',#9301);
#9304=ORIENTED_EDGE('',*,*,#9303,.F.);
#9306=ORIENTED_EDGE('',*,*,#9305,.T.);
#9308=ORIENTED_EDGE('',*,*,#9307,.F.);
#9310=ORIENTED_EDGE('',*,*,#9309,.F.);
#9311=EDGE_LOOP('',(#9304,#9306,#9308,#9310));
#9312=FACE_OUTER_BOUND('',#9311,.F.);
#9314=CARTESIAN_POINT('',(0.E0,2.519685039370E-1,0.E0));
#9315=DIRECTION('',(0.E0,1.E0,0.E0));
#9316=DIRECTION('',(1.E0,0.E0,0.E0));
#9317=AXIS2_PLACEMENT_3D('',#9314,#9315,#9316);
#9318=PLANE('',#9317);
#9320=ORIENTED_EDGE('',*,*,#9319,.F.);
#9322=ORIENTED_EDGE('',*,*,#9321,.T.);
#9324=ORIENTED_EDGE('',*,*,#9323,.F.);
#9326=ORIENTED_EDGE('',*,*,#9325,.F.);
#9327=EDGE_LOOP('',(#9320,#9322,#9324,#9326));
#9328=FACE_OUTER_BOUND('',#9327,.F.);
#9330=CARTESIAN_POINT('',(0.E0,2.519685039370E-1,0.E0));
#9331=DIRECTION('',(0.E0,1.E0,0.E0));
#9332=DIRECTION('',(1.E0,0.E0,0.E0));
#9333=AXIS2_PLACEMENT_3D('',#9330,#9331,#9332);
#9334=PLANE('',#9333);
#9336=ORIENTED_EDGE('',*,*,#9335,.F.);
#9338=ORIENTED_EDGE('',*,*,#9337,.T.);
#9340=ORIENTED_EDGE('',*,*,#9339,.F.);
#9342=ORIENTED_EDGE('',*,*,#9341,.F.);
#9343=EDGE_LOOP('',(#9336,#9338,#9340,#9342));
#9344=FACE_OUTER_BOUND('',#9343,.F.);
#9346=CARTESIAN_POINT('',(0.E0,2.519685039370E-1,0.E0));
#9347=DIRECTION('',(0.E0,1.E0,0.E0));
#9348=DIRECTION('',(1.E0,0.E0,0.E0));
#9349=AXIS2_PLACEMENT_3D('',#9346,#9347,#9348);
#9350=PLANE('',#9349);
#9352=ORIENTED_EDGE('',*,*,#9351,.F.);
#9354=ORIENTED_EDGE('',*,*,#9353,.T.);
#9356=ORIENTED_EDGE('',*,*,#9355,.F.);
#9358=ORIENTED_EDGE('',*,*,#9357,.F.);
#9359=EDGE_LOOP('',(#9352,#9354,#9356,#9358));
#9360=FACE_OUTER_BOUND('',#9359,.F.);
#9362=CARTESIAN_POINT('',(0.E0,2.519685039370E-1,0.E0));
#9363=DIRECTION('',(0.E0,1.E0,0.E0));
#9364=DIRECTION('',(1.E0,0.E0,0.E0));
#9365=AXIS2_PLACEMENT_3D('',#9362,#9363,#9364);
#9366=PLANE('',#9365);
#9368=ORIENTED_EDGE('',*,*,#9367,.F.);
#9370=ORIENTED_EDGE('',*,*,#9369,.T.);
#9372=ORIENTED_EDGE('',*,*,#9371,.F.);
#9374=ORIENTED_EDGE('',*,*,#9373,.F.);
#9375=EDGE_LOOP('',(#9368,#9370,#9372,#9374));
#9376=FACE_OUTER_BOUND('',#9375,.F.);
#9378=CARTESIAN_POINT('',(0.E0,2.519685039370E-1,0.E0));
#9379=DIRECTION('',(0.E0,1.E0,0.E0));
#9380=DIRECTION('',(1.E0,0.E0,0.E0));
#9381=AXIS2_PLACEMENT_3D('',#9378,#9379,#9380);
#9382=PLANE('',#9381);
#9384=ORIENTED_EDGE('',*,*,#9383,.F.);
#9386=ORIENTED_EDGE('',*,*,#9385,.T.);
#9388=ORIENTED_EDGE('',*,*,#9387,.F.);
#9390=ORIENTED_EDGE('',*,*,#9389,.F.);
#9391=EDGE_LOOP('',(#9384,#9386,#9388,#9390));
#9392=FACE_OUTER_BOUND('',#9391,.F.);
#9394=CARTESIAN_POINT('',(0.E0,2.519685039370E-1,0.E0));
#9395=DIRECTION('',(0.E0,1.E0,0.E0));
#9396=DIRECTION('',(1.E0,0.E0,0.E0));
#9397=AXIS2_PLACEMENT_3D('',#9394,#9395,#9396);
#9398=PLANE('',#9397);
#9400=ORIENTED_EDGE('',*,*,#9399,.F.);
#9402=ORIENTED_EDGE('',*,*,#9401,.T.);
#9404=ORIENTED_EDGE('',*,*,#9403,.F.);
#9406=ORIENTED_EDGE('',*,*,#9405,.F.);
#9407=EDGE_LOOP('',(#9400,#9402,#9404,#9406));
#9408=FACE_OUTER_BOUND('',#9407,.F.);
#9410=CARTESIAN_POINT('',(0.E0,2.519685039370E-1,0.E0));
#9411=DIRECTION('',(0.E0,1.E0,0.E0));
#9412=DIRECTION('',(1.E0,0.E0,0.E0));
#9413=AXIS2_PLACEMENT_3D('',#9410,#9411,#9412);
#9414=PLANE('',#9413);
#9416=ORIENTED_EDGE('',*,*,#9415,.F.);
#9418=ORIENTED_EDGE('',*,*,#9417,.T.);
#9420=ORIENTED_EDGE('',*,*,#9419,.F.);
#9422=ORIENTED_EDGE('',*,*,#9421,.F.);
#9423=EDGE_LOOP('',(#9416,#9418,#9420,#9422));
#9424=FACE_OUTER_BOUND('',#9423,.F.);
#9426=CARTESIAN_POINT('',(0.E0,2.519685039370E-1,0.E0));
#9427=DIRECTION('',(0.E0,1.E0,0.E0));
#9428=DIRECTION('',(1.E0,0.E0,0.E0));
#9429=AXIS2_PLACEMENT_3D('',#9426,#9427,#9428);
#9430=PLANE('',#9429);
#9432=ORIENTED_EDGE('',*,*,#9431,.F.);
#9434=ORIENTED_EDGE('',*,*,#9433,.T.);
#9436=ORIENTED_EDGE('',*,*,#9435,.F.);
#9438=ORIENTED_EDGE('',*,*,#9437,.F.);
#9439=EDGE_LOOP('',(#9432,#9434,#9436,#9438));
#9440=FACE_OUTER_BOUND('',#9439,.F.);
#9442=CARTESIAN_POINT('',(0.E0,2.519685039370E-1,0.E0));
#9443=DIRECTION('',(0.E0,1.E0,0.E0));
#9444=DIRECTION('',(1.E0,0.E0,0.E0));
#9445=AXIS2_PLACEMENT_3D('',#9442,#9443,#9444);
#9446=PLANE('',#9445);
#9448=ORIENTED_EDGE('',*,*,#9447,.F.);
#9450=ORIENTED_EDGE('',*,*,#9449,.T.);
#9452=ORIENTED_EDGE('',*,*,#9451,.F.);
#9454=ORIENTED_EDGE('',*,*,#9453,.F.);
#9455=EDGE_LOOP('',(#9448,#9450,#9452,#9454));
#9456=FACE_OUTER_BOUND('',#9455,.F.);
#9458=CARTESIAN_POINT('',(0.E0,2.519685039370E-1,0.E0));
#9459=DIRECTION('',(0.E0,1.E0,0.E0));
#9460=DIRECTION('',(1.E0,0.E0,0.E0));
#9461=AXIS2_PLACEMENT_3D('',#9458,#9459,#9460);
#9462=PLANE('',#9461);
#9464=ORIENTED_EDGE('',*,*,#9463,.F.);
#9466=ORIENTED_EDGE('',*,*,#9465,.T.);
#9468=ORIENTED_EDGE('',*,*,#9467,.F.);
#9470=ORIENTED_EDGE('',*,*,#9469,.F.);
#9471=EDGE_LOOP('',(#9464,#9466,#9468,#9470));
#9472=FACE_OUTER_BOUND('',#9471,.F.);
#9474=CARTESIAN_POINT('',(0.E0,2.519685039370E-1,0.E0));
#9475=DIRECTION('',(0.E0,1.E0,0.E0));
#9476=DIRECTION('',(1.E0,0.E0,0.E0));
#9477=AXIS2_PLACEMENT_3D('',#9474,#9475,#9476);
#9478=PLANE('',#9477);
#9480=ORIENTED_EDGE('',*,*,#9479,.F.);
#9482=ORIENTED_EDGE('',*,*,#9481,.T.);
#9484=ORIENTED_EDGE('',*,*,#9483,.F.);
#9486=ORIENTED_EDGE('',*,*,#9485,.F.);
#9487=EDGE_LOOP('',(#9480,#9482,#9484,#9486));
#9488=FACE_OUTER_BOUND('',#9487,.F.);
#9490=CARTESIAN_POINT('',(0.E0,2.519685039370E-1,0.E0));
#9491=DIRECTION('',(0.E0,1.E0,0.E0));
#9492=DIRECTION('',(1.E0,0.E0,0.E0));
#9493=AXIS2_PLACEMENT_3D('',#9490,#9491,#9492);
#9494=PLANE('',#9493);
#9496=ORIENTED_EDGE('',*,*,#9495,.F.);
#9498=ORIENTED_EDGE('',*,*,#9497,.T.);
#9500=ORIENTED_EDGE('',*,*,#9499,.F.);
#9502=ORIENTED_EDGE('',*,*,#9501,.F.);
#9503=EDGE_LOOP('',(#9496,#9498,#9500,#9502));
#9504=FACE_OUTER_BOUND('',#9503,.F.);
#9506=CARTESIAN_POINT('',(0.E0,2.519685039370E-1,0.E0));
#9507=DIRECTION('',(0.E0,1.E0,0.E0));
#9508=DIRECTION('',(1.E0,0.E0,0.E0));
#9509=AXIS2_PLACEMENT_3D('',#9506,#9507,#9508);
#9510=PLANE('',#9509);
#9512=ORIENTED_EDGE('',*,*,#9511,.F.);
#9514=ORIENTED_EDGE('',*,*,#9513,.T.);
#9516=ORIENTED_EDGE('',*,*,#9515,.F.);
#9518=ORIENTED_EDGE('',*,*,#9517,.F.);
#9519=EDGE_LOOP('',(#9512,#9514,#9516,#9518));
#9520=FACE_OUTER_BOUND('',#9519,.F.);
#9522=CARTESIAN_POINT('',(0.E0,2.519685039370E-1,0.E0));
#9523=DIRECTION('',(0.E0,1.E0,0.E0));
#9524=DIRECTION('',(1.E0,0.E0,0.E0));
#9525=AXIS2_PLACEMENT_3D('',#9522,#9523,#9524);
#9526=PLANE('',#9525);
#9528=ORIENTED_EDGE('',*,*,#9527,.F.);
#9530=ORIENTED_EDGE('',*,*,#9529,.T.);
#9532=ORIENTED_EDGE('',*,*,#9531,.F.);
#9534=ORIENTED_EDGE('',*,*,#9533,.F.);
#9535=EDGE_LOOP('',(#9528,#9530,#9532,#9534));
#9536=FACE_OUTER_BOUND('',#9535,.F.);
#9538=CARTESIAN_POINT('',(0.E0,2.519685039370E-1,0.E0));
#9539=DIRECTION('',(0.E0,1.E0,0.E0));
#9540=DIRECTION('',(1.E0,0.E0,0.E0));
#9541=AXIS2_PLACEMENT_3D('',#9538,#9539,#9540);
#9542=PLANE('',#9541);
#9544=ORIENTED_EDGE('',*,*,#9543,.F.);
#9546=ORIENTED_EDGE('',*,*,#9545,.F.);
#9548=ORIENTED_EDGE('',*,*,#9547,.T.);
#9550=ORIENTED_EDGE('',*,*,#9549,.F.);
#9551=EDGE_LOOP('',(#9544,#9546,#9548,#9550));
#9552=FACE_OUTER_BOUND('',#9551,.F.);
#9554=CARTESIAN_POINT('',(0.E0,2.519685039370E-1,0.E0));
#9555=DIRECTION('',(0.E0,1.E0,0.E0));
#9556=DIRECTION('',(1.E0,0.E0,0.E0));
#9557=AXIS2_PLACEMENT_3D('',#9554,#9555,#9556);
#9558=PLANE('',#9557);
#9560=ORIENTED_EDGE('',*,*,#9559,.F.);
#9562=ORIENTED_EDGE('',*,*,#9561,.F.);
#9564=ORIENTED_EDGE('',*,*,#9563,.T.);
#9566=ORIENTED_EDGE('',*,*,#9565,.F.);
#9567=EDGE_LOOP('',(#9560,#9562,#9564,#9566));
#9568=FACE_OUTER_BOUND('',#9567,.F.);
#9570=CARTESIAN_POINT('',(0.E0,2.519685039370E-1,0.E0));
#9571=DIRECTION('',(0.E0,1.E0,0.E0));
#9572=DIRECTION('',(1.E0,0.E0,0.E0));
#9573=AXIS2_PLACEMENT_3D('',#9570,#9571,#9572);
#9574=PLANE('',#9573);
#9576=ORIENTED_EDGE('',*,*,#9575,.F.);
#9578=ORIENTED_EDGE('',*,*,#9577,.F.);
#9580=ORIENTED_EDGE('',*,*,#9579,.T.);
#9582=ORIENTED_EDGE('',*,*,#9581,.F.);
#9583=EDGE_LOOP('',(#9576,#9578,#9580,#9582));
#9584=FACE_OUTER_BOUND('',#9583,.F.);
#9586=CARTESIAN_POINT('',(0.E0,2.519685039370E-1,0.E0));
#9587=DIRECTION('',(0.E0,1.E0,0.E0));
#9588=DIRECTION('',(1.E0,0.E0,0.E0));
#9589=AXIS2_PLACEMENT_3D('',#9586,#9587,#9588);
#9590=PLANE('',#9589);
#9592=ORIENTED_EDGE('',*,*,#9591,.F.);
#9594=ORIENTED_EDGE('',*,*,#9593,.F.);
#9596=ORIENTED_EDGE('',*,*,#9595,.T.);
#9598=ORIENTED_EDGE('',*,*,#9597,.F.);
#9599=EDGE_LOOP('',(#9592,#9594,#9596,#9598));
#9600=FACE_OUTER_BOUND('',#9599,.F.);
#9602=CARTESIAN_POINT('',(0.E0,2.519685039370E-1,0.E0));
#9603=DIRECTION('',(0.E0,1.E0,0.E0));
#9604=DIRECTION('',(1.E0,0.E0,0.E0));
#9605=AXIS2_PLACEMENT_3D('',#9602,#9603,#9604);
#9606=PLANE('',#9605);
#9608=ORIENTED_EDGE('',*,*,#9607,.F.);
#9610=ORIENTED_EDGE('',*,*,#9609,.F.);
#9612=ORIENTED_EDGE('',*,*,#9611,.T.);
#9614=ORIENTED_EDGE('',*,*,#9613,.F.);
#9615=EDGE_LOOP('',(#9608,#9610,#9612,#9614));
#9616=FACE_OUTER_BOUND('',#9615,.F.);
#9618=CARTESIAN_POINT('',(0.E0,2.519685039370E-1,0.E0));
#9619=DIRECTION('',(0.E0,1.E0,0.E0));
#9620=DIRECTION('',(1.E0,0.E0,0.E0));
#9621=AXIS2_PLACEMENT_3D('',#9618,#9619,#9620);
#9622=PLANE('',#9621);
#9624=ORIENTED_EDGE('',*,*,#9623,.F.);
#9626=ORIENTED_EDGE('',*,*,#9625,.F.);
#9628=ORIENTED_EDGE('',*,*,#9627,.T.);
#9630=ORIENTED_EDGE('',*,*,#9629,.F.);
#9631=EDGE_LOOP('',(#9624,#9626,#9628,#9630));
#9632=FACE_OUTER_BOUND('',#9631,.F.);
#9634=CARTESIAN_POINT('',(0.E0,2.519685039370E-1,0.E0));
#9635=DIRECTION('',(0.E0,1.E0,0.E0));
#9636=DIRECTION('',(1.E0,0.E0,0.E0));
#9637=AXIS2_PLACEMENT_3D('',#9634,#9635,#9636);
#9638=PLANE('',#9637);
#9640=ORIENTED_EDGE('',*,*,#9639,.F.);
#9642=ORIENTED_EDGE('',*,*,#9641,.F.);
#9644=ORIENTED_EDGE('',*,*,#9643,.T.);
#9646=ORIENTED_EDGE('',*,*,#9645,.F.);
#9647=EDGE_LOOP('',(#9640,#9642,#9644,#9646));
#9648=FACE_OUTER_BOUND('',#9647,.F.);
#9650=CARTESIAN_POINT('',(0.E0,2.519685039370E-1,0.E0));
#9651=DIRECTION('',(0.E0,1.E0,0.E0));
#9652=DIRECTION('',(1.E0,0.E0,0.E0));
#9653=AXIS2_PLACEMENT_3D('',#9650,#9651,#9652);
#9654=PLANE('',#9653);
#9656=ORIENTED_EDGE('',*,*,#9655,.F.);
#9658=ORIENTED_EDGE('',*,*,#9657,.F.);
#9660=ORIENTED_EDGE('',*,*,#9659,.T.);
#9662=ORIENTED_EDGE('',*,*,#9661,.F.);
#9663=EDGE_LOOP('',(#9656,#9658,#9660,#9662));
#9664=FACE_OUTER_BOUND('',#9663,.F.);
#9666=CARTESIAN_POINT('',(0.E0,2.519685039370E-1,0.E0));
#9667=DIRECTION('',(0.E0,1.E0,0.E0));
#9668=DIRECTION('',(1.E0,0.E0,0.E0));
#9669=AXIS2_PLACEMENT_3D('',#9666,#9667,#9668);
#9670=PLANE('',#9669);
#9672=ORIENTED_EDGE('',*,*,#9671,.F.);
#9674=ORIENTED_EDGE('',*,*,#9673,.F.);
#9676=ORIENTED_EDGE('',*,*,#9675,.T.);
#9678=ORIENTED_EDGE('',*,*,#9677,.F.);
#9679=EDGE_LOOP('',(#9672,#9674,#9676,#9678));
#9680=FACE_OUTER_BOUND('',#9679,.F.);
#9682=CARTESIAN_POINT('',(0.E0,2.519685039370E-1,0.E0));
#9683=DIRECTION('',(0.E0,1.E0,0.E0));
#9684=DIRECTION('',(1.E0,0.E0,0.E0));
#9685=AXIS2_PLACEMENT_3D('',#9682,#9683,#9684);
#9686=PLANE('',#9685);
#9688=ORIENTED_EDGE('',*,*,#9687,.F.);
#9690=ORIENTED_EDGE('',*,*,#9689,.F.);
#9692=ORIENTED_EDGE('',*,*,#9691,.T.);
#9694=ORIENTED_EDGE('',*,*,#9693,.F.);
#9695=EDGE_LOOP('',(#9688,#9690,#9692,#9694));
#9696=FACE_OUTER_BOUND('',#9695,.F.);
#9698=CARTESIAN_POINT('',(0.E0,2.519685039370E-1,0.E0));
#9699=DIRECTION('',(0.E0,1.E0,0.E0));
#9700=DIRECTION('',(1.E0,0.E0,0.E0));
#9701=AXIS2_PLACEMENT_3D('',#9698,#9699,#9700);
#9702=PLANE('',#9701);
#9704=ORIENTED_EDGE('',*,*,#9703,.F.);
#9706=ORIENTED_EDGE('',*,*,#9705,.F.);
#9708=ORIENTED_EDGE('',*,*,#9707,.T.);
#9710=ORIENTED_EDGE('',*,*,#9709,.F.);
#9711=EDGE_LOOP('',(#9704,#9706,#9708,#9710));
#9712=FACE_OUTER_BOUND('',#9711,.F.);
#9714=CARTESIAN_POINT('',(0.E0,2.519685039370E-1,0.E0));
#9715=DIRECTION('',(0.E0,1.E0,0.E0));
#9716=DIRECTION('',(1.E0,0.E0,0.E0));
#9717=AXIS2_PLACEMENT_3D('',#9714,#9715,#9716);
#9718=PLANE('',#9717);
#9720=ORIENTED_EDGE('',*,*,#9719,.F.);
#9722=ORIENTED_EDGE('',*,*,#9721,.F.);
#9724=ORIENTED_EDGE('',*,*,#9723,.T.);
#9726=ORIENTED_EDGE('',*,*,#9725,.F.);
#9727=EDGE_LOOP('',(#9720,#9722,#9724,#9726));
#9728=FACE_OUTER_BOUND('',#9727,.F.);
#9730=CARTESIAN_POINT('',(0.E0,2.519685039370E-1,0.E0));
#9731=DIRECTION('',(0.E0,1.E0,0.E0));
#9732=DIRECTION('',(1.E0,0.E0,0.E0));
#9733=AXIS2_PLACEMENT_3D('',#9730,#9731,#9732);
#9734=PLANE('',#9733);
#9736=ORIENTED_EDGE('',*,*,#9735,.F.);
#9738=ORIENTED_EDGE('',*,*,#9737,.F.);
#9740=ORIENTED_EDGE('',*,*,#9739,.T.);
#9742=ORIENTED_EDGE('',*,*,#9741,.F.);
#9743=EDGE_LOOP('',(#9736,#9738,#9740,#9742));
#9744=FACE_OUTER_BOUND('',#9743,.F.);
#9746=CARTESIAN_POINT('',(0.E0,2.519685039370E-1,0.E0));
#9747=DIRECTION('',(0.E0,1.E0,0.E0));
#9748=DIRECTION('',(1.E0,0.E0,0.E0));
#9749=AXIS2_PLACEMENT_3D('',#9746,#9747,#9748);
#9750=PLANE('',#9749);
#9752=ORIENTED_EDGE('',*,*,#9751,.F.);
#9754=ORIENTED_EDGE('',*,*,#9753,.F.);
#9756=ORIENTED_EDGE('',*,*,#9755,.T.);
#9758=ORIENTED_EDGE('',*,*,#9757,.F.);
#9759=EDGE_LOOP('',(#9752,#9754,#9756,#9758));
#9760=FACE_OUTER_BOUND('',#9759,.F.);
#9762=CARTESIAN_POINT('',(0.E0,2.519685039370E-1,0.E0));
#9763=DIRECTION('',(0.E0,1.E0,0.E0));
#9764=DIRECTION('',(1.E0,0.E0,0.E0));
#9765=AXIS2_PLACEMENT_3D('',#9762,#9763,#9764);
#9766=PLANE('',#9765);
#9768=ORIENTED_EDGE('',*,*,#9767,.F.);
#9770=ORIENTED_EDGE('',*,*,#9769,.F.);
#9772=ORIENTED_EDGE('',*,*,#9771,.T.);
#9774=ORIENTED_EDGE('',*,*,#9773,.F.);
#9775=EDGE_LOOP('',(#9768,#9770,#9772,#9774));
#9776=FACE_OUTER_BOUND('',#9775,.F.);
#9778=CARTESIAN_POINT('',(0.E0,2.519685039370E-1,0.E0));
#9779=DIRECTION('',(0.E0,1.E0,0.E0));
#9780=DIRECTION('',(1.E0,0.E0,0.E0));
#9781=AXIS2_PLACEMENT_3D('',#9778,#9779,#9780);
#9782=PLANE('',#9781);
#9784=ORIENTED_EDGE('',*,*,#9783,.F.);
#9786=ORIENTED_EDGE('',*,*,#9785,.F.);
#9788=ORIENTED_EDGE('',*,*,#9787,.T.);
#9790=ORIENTED_EDGE('',*,*,#9789,.F.);
#9791=EDGE_LOOP('',(#9784,#9786,#9788,#9790));
#9792=FACE_OUTER_BOUND('',#9791,.F.);
#9794=CARTESIAN_POINT('',(0.E0,2.519685039370E-1,0.E0));
#9795=DIRECTION('',(0.E0,1.E0,0.E0));
#9796=DIRECTION('',(1.E0,0.E0,0.E0));
#9797=AXIS2_PLACEMENT_3D('',#9794,#9795,#9796);
#9798=PLANE('',#9797);
#9800=ORIENTED_EDGE('',*,*,#9799,.F.);
#9802=ORIENTED_EDGE('',*,*,#9801,.F.);
#9804=ORIENTED_EDGE('',*,*,#9803,.T.);
#9806=ORIENTED_EDGE('',*,*,#9805,.F.);
#9807=EDGE_LOOP('',(#9800,#9802,#9804,#9806));
#9808=FACE_OUTER_BOUND('',#9807,.F.);
#9810=CARTESIAN_POINT('',(0.E0,2.519685039370E-1,0.E0));
#9811=DIRECTION('',(0.E0,1.E0,0.E0));
#9812=DIRECTION('',(1.E0,0.E0,0.E0));
#9813=AXIS2_PLACEMENT_3D('',#9810,#9811,#9812);
#9814=PLANE('',#9813);
#9816=ORIENTED_EDGE('',*,*,#9815,.F.);
#9818=ORIENTED_EDGE('',*,*,#9817,.F.);
#9820=ORIENTED_EDGE('',*,*,#9819,.T.);
#9822=ORIENTED_EDGE('',*,*,#9821,.F.);
#9823=EDGE_LOOP('',(#9816,#9818,#9820,#9822));
#9824=FACE_OUTER_BOUND('',#9823,.F.);
#9826=CARTESIAN_POINT('',(0.E0,2.519685039370E-1,0.E0));
#9827=DIRECTION('',(0.E0,1.E0,0.E0));
#9828=DIRECTION('',(1.E0,0.E0,0.E0));
#9829=AXIS2_PLACEMENT_3D('',#9826,#9827,#9828);
#9830=PLANE('',#9829);
#9832=ORIENTED_EDGE('',*,*,#9831,.F.);
#9834=ORIENTED_EDGE('',*,*,#9833,.F.);
#9836=ORIENTED_EDGE('',*,*,#9835,.T.);
#9838=ORIENTED_EDGE('',*,*,#9837,.F.);
#9839=EDGE_LOOP('',(#9832,#9834,#9836,#9838));
#9840=FACE_OUTER_BOUND('',#9839,.F.);
#9842=CARTESIAN_POINT('',(0.E0,2.519685039370E-1,0.E0));
#9843=DIRECTION('',(0.E0,1.E0,0.E0));
#9844=DIRECTION('',(1.E0,0.E0,0.E0));
#9845=AXIS2_PLACEMENT_3D('',#9842,#9843,#9844);
#9846=PLANE('',#9845);
#9848=ORIENTED_EDGE('',*,*,#9847,.F.);
#9850=ORIENTED_EDGE('',*,*,#9849,.F.);
#9852=ORIENTED_EDGE('',*,*,#9851,.T.);
#9854=ORIENTED_EDGE('',*,*,#9853,.F.);
#9855=EDGE_LOOP('',(#9848,#9850,#9852,#9854));
#9856=FACE_OUTER_BOUND('',#9855,.F.);
#9858=CARTESIAN_POINT('',(0.E0,2.519685039370E-1,0.E0));
#9859=DIRECTION('',(0.E0,1.E0,0.E0));
#9860=DIRECTION('',(1.E0,0.E0,0.E0));
#9861=AXIS2_PLACEMENT_3D('',#9858,#9859,#9860);
#9862=PLANE('',#9861);
#9864=ORIENTED_EDGE('',*,*,#9863,.F.);
#9866=ORIENTED_EDGE('',*,*,#9865,.F.);
#9868=ORIENTED_EDGE('',*,*,#9867,.T.);
#9870=ORIENTED_EDGE('',*,*,#9869,.F.);
#9871=EDGE_LOOP('',(#9864,#9866,#9868,#9870));
#9872=FACE_OUTER_BOUND('',#9871,.F.);
#9874=CARTESIAN_POINT('',(0.E0,2.519685039370E-1,0.E0));
#9875=DIRECTION('',(0.E0,1.E0,0.E0));
#9876=DIRECTION('',(1.E0,0.E0,0.E0));
#9877=AXIS2_PLACEMENT_3D('',#9874,#9875,#9876);
#9878=PLANE('',#9877);
#9880=ORIENTED_EDGE('',*,*,#9879,.F.);
#9882=ORIENTED_EDGE('',*,*,#9881,.F.);
#9884=ORIENTED_EDGE('',*,*,#9883,.T.);
#9886=ORIENTED_EDGE('',*,*,#9885,.F.);
#9887=EDGE_LOOP('',(#9880,#9882,#9884,#9886));
#9888=FACE_OUTER_BOUND('',#9887,.F.);
#9890=CARTESIAN_POINT('',(0.E0,2.519685039370E-1,0.E0));
#9891=DIRECTION('',(0.E0,1.E0,0.E0));
#9892=DIRECTION('',(1.E0,0.E0,0.E0));
#9893=AXIS2_PLACEMENT_3D('',#9890,#9891,#9892);
#9894=PLANE('',#9893);
#9896=ORIENTED_EDGE('',*,*,#9895,.F.);
#9898=ORIENTED_EDGE('',*,*,#9897,.F.);
#9900=ORIENTED_EDGE('',*,*,#9899,.T.);
#9902=ORIENTED_EDGE('',*,*,#9901,.F.);
#9903=EDGE_LOOP('',(#9896,#9898,#9900,#9902));
#9904=FACE_OUTER_BOUND('',#9903,.F.);
#9906=CARTESIAN_POINT('',(0.E0,2.519685039370E-1,0.E0));
#9907=DIRECTION('',(0.E0,1.E0,0.E0));
#9908=DIRECTION('',(1.E0,0.E0,0.E0));
#9909=AXIS2_PLACEMENT_3D('',#9906,#9907,#9908);
#9910=PLANE('',#9909);
#9912=ORIENTED_EDGE('',*,*,#9911,.F.);
#9914=ORIENTED_EDGE('',*,*,#9913,.F.);
#9916=ORIENTED_EDGE('',*,*,#9915,.T.);
#9918=ORIENTED_EDGE('',*,*,#9917,.F.);
#9919=EDGE_LOOP('',(#9912,#9914,#9916,#9918));
#9920=FACE_OUTER_BOUND('',#9919,.F.);
#9922=CARTESIAN_POINT('',(0.E0,2.519685039370E-1,0.E0));
#9923=DIRECTION('',(0.E0,1.E0,0.E0));
#9924=DIRECTION('',(1.E0,0.E0,0.E0));
#9925=AXIS2_PLACEMENT_3D('',#9922,#9923,#9924);
#9926=PLANE('',#9925);
#9928=ORIENTED_EDGE('',*,*,#9927,.F.);
#9930=ORIENTED_EDGE('',*,*,#9929,.F.);
#9932=ORIENTED_EDGE('',*,*,#9931,.T.);
#9934=ORIENTED_EDGE('',*,*,#9933,.F.);
#9935=EDGE_LOOP('',(#9928,#9930,#9932,#9934));
#9936=FACE_OUTER_BOUND('',#9935,.F.);
#9938=CARTESIAN_POINT('',(0.E0,2.519685039370E-1,0.E0));
#9939=DIRECTION('',(0.E0,1.E0,0.E0));
#9940=DIRECTION('',(1.E0,0.E0,0.E0));
#9941=AXIS2_PLACEMENT_3D('',#9938,#9939,#9940);
#9942=PLANE('',#9941);
#9944=ORIENTED_EDGE('',*,*,#9943,.F.);
#9946=ORIENTED_EDGE('',*,*,#9945,.F.);
#9948=ORIENTED_EDGE('',*,*,#9947,.T.);
#9950=ORIENTED_EDGE('',*,*,#9949,.F.);
#9951=EDGE_LOOP('',(#9944,#9946,#9948,#9950));
#9952=FACE_OUTER_BOUND('',#9951,.F.);
#9954=CARTESIAN_POINT('',(0.E0,2.519685039370E-1,0.E0));
#9955=DIRECTION('',(0.E0,1.E0,0.E0));
#9956=DIRECTION('',(1.E0,0.E0,0.E0));
#9957=AXIS2_PLACEMENT_3D('',#9954,#9955,#9956);
#9958=PLANE('',#9957);
#9960=ORIENTED_EDGE('',*,*,#9959,.F.);
#9962=ORIENTED_EDGE('',*,*,#9961,.F.);
#9964=ORIENTED_EDGE('',*,*,#9963,.T.);
#9966=ORIENTED_EDGE('',*,*,#9965,.F.);
#9967=EDGE_LOOP('',(#9960,#9962,#9964,#9966));
#9968=FACE_OUTER_BOUND('',#9967,.F.);
#9970=CARTESIAN_POINT('',(0.E0,2.519685039370E-1,0.E0));
#9971=DIRECTION('',(0.E0,1.E0,0.E0));
#9972=DIRECTION('',(1.E0,0.E0,0.E0));
#9973=AXIS2_PLACEMENT_3D('',#9970,#9971,#9972);
#9974=PLANE('',#9973);
#9976=ORIENTED_EDGE('',*,*,#9975,.F.);
#9978=ORIENTED_EDGE('',*,*,#9977,.F.);
#9980=ORIENTED_EDGE('',*,*,#9979,.T.);
#9982=ORIENTED_EDGE('',*,*,#9981,.F.);
#9983=EDGE_LOOP('',(#9976,#9978,#9980,#9982));
#9984=FACE_OUTER_BOUND('',#9983,.F.);
#9986=CARTESIAN_POINT('',(0.E0,2.519685039370E-1,0.E0));
#9987=DIRECTION('',(0.E0,1.E0,0.E0));
#9988=DIRECTION('',(1.E0,0.E0,0.E0));
#9989=AXIS2_PLACEMENT_3D('',#9986,#9987,#9988);
#9990=PLANE('',#9989);
#9992=ORIENTED_EDGE('',*,*,#9991,.F.);
#9994=ORIENTED_EDGE('',*,*,#9993,.F.);
#9996=ORIENTED_EDGE('',*,*,#9995,.T.);
#9998=ORIENTED_EDGE('',*,*,#9997,.F.);
#9999=EDGE_LOOP('',(#9992,#9994,#9996,#9998));
#10000=FACE_OUTER_BOUND('',#9999,.F.);
#10002=CARTESIAN_POINT('',(0.E0,2.519685039370E-1,0.E0));
#10003=DIRECTION('',(0.E0,1.E0,0.E0));
#10004=DIRECTION('',(1.E0,0.E0,0.E0));
#10005=AXIS2_PLACEMENT_3D('',#10002,#10003,#10004);
#10006=PLANE('',#10005);
#10008=ORIENTED_EDGE('',*,*,#10007,.F.);
#10010=ORIENTED_EDGE('',*,*,#10009,.F.);
#10012=ORIENTED_EDGE('',*,*,#10011,.T.);
#10014=ORIENTED_EDGE('',*,*,#10013,.F.);
#10015=EDGE_LOOP('',(#10008,#10010,#10012,#10014));
#10016=FACE_OUTER_BOUND('',#10015,.F.);
#10018=CARTESIAN_POINT('',(0.E0,2.519685039370E-1,0.E0));
#10019=DIRECTION('',(0.E0,1.E0,0.E0));
#10020=DIRECTION('',(1.E0,0.E0,0.E0));
#10021=AXIS2_PLACEMENT_3D('',#10018,#10019,#10020);
#10022=PLANE('',#10021);
#10024=ORIENTED_EDGE('',*,*,#10023,.F.);
#10026=ORIENTED_EDGE('',*,*,#10025,.F.);
#10028=ORIENTED_EDGE('',*,*,#10027,.T.);
#10030=ORIENTED_EDGE('',*,*,#10029,.F.);
#10031=EDGE_LOOP('',(#10024,#10026,#10028,#10030));
#10032=FACE_OUTER_BOUND('',#10031,.F.);
#10034=CARTESIAN_POINT('',(0.E0,2.519685039370E-1,0.E0));
#10035=DIRECTION('',(0.E0,1.E0,0.E0));
#10036=DIRECTION('',(1.E0,0.E0,0.E0));
#10037=AXIS2_PLACEMENT_3D('',#10034,#10035,#10036);
#10038=PLANE('',#10037);
#10040=ORIENTED_EDGE('',*,*,#10039,.F.);
#10042=ORIENTED_EDGE('',*,*,#10041,.F.);
#10044=ORIENTED_EDGE('',*,*,#10043,.T.);
#10046=ORIENTED_EDGE('',*,*,#10045,.F.);
#10047=EDGE_LOOP('',(#10040,#10042,#10044,#10046));
#10048=FACE_OUTER_BOUND('',#10047,.F.);
#10050=CARTESIAN_POINT('',(0.E0,2.519685039370E-1,0.E0));
#10051=DIRECTION('',(0.E0,1.E0,0.E0));
#10052=DIRECTION('',(1.E0,0.E0,0.E0));
#10053=AXIS2_PLACEMENT_3D('',#10050,#10051,#10052);
#10054=PLANE('',#10053);
#10056=ORIENTED_EDGE('',*,*,#10055,.F.);
#10058=ORIENTED_EDGE('',*,*,#10057,.F.);
#10060=ORIENTED_EDGE('',*,*,#10059,.T.);
#10062=ORIENTED_EDGE('',*,*,#10061,.F.);
#10063=EDGE_LOOP('',(#10056,#10058,#10060,#10062));
#10064=FACE_OUTER_BOUND('',#10063,.F.);
#10066=CARTESIAN_POINT('',(0.E0,2.519685039370E-1,0.E0));
#10067=DIRECTION('',(0.E0,1.E0,0.E0));
#10068=DIRECTION('',(1.E0,0.E0,0.E0));
#10069=AXIS2_PLACEMENT_3D('',#10066,#10067,#10068);
#10070=PLANE('',#10069);
#10072=ORIENTED_EDGE('',*,*,#10071,.F.);
#10074=ORIENTED_EDGE('',*,*,#10073,.F.);
#10076=ORIENTED_EDGE('',*,*,#10075,.T.);
#10078=ORIENTED_EDGE('',*,*,#10077,.F.);
#10079=EDGE_LOOP('',(#10072,#10074,#10076,#10078));
#10080=FACE_OUTER_BOUND('',#10079,.F.);
#10082=CARTESIAN_POINT('',(0.E0,2.519685039370E-1,0.E0));
#10083=DIRECTION('',(0.E0,1.E0,0.E0));
#10084=DIRECTION('',(1.E0,0.E0,0.E0));
#10085=AXIS2_PLACEMENT_3D('',#10082,#10083,#10084);
#10086=PLANE('',#10085);
#10088=ORIENTED_EDGE('',*,*,#10087,.F.);
#10090=ORIENTED_EDGE('',*,*,#10089,.F.);
#10092=ORIENTED_EDGE('',*,*,#10091,.T.);
#10094=ORIENTED_EDGE('',*,*,#10093,.F.);
#10095=EDGE_LOOP('',(#10088,#10090,#10092,#10094));
#10096=FACE_OUTER_BOUND('',#10095,.F.);
#10098=CARTESIAN_POINT('',(0.E0,2.519685039370E-1,0.E0));
#10099=DIRECTION('',(0.E0,1.E0,0.E0));
#10100=DIRECTION('',(1.E0,0.E0,0.E0));
#10101=AXIS2_PLACEMENT_3D('',#10098,#10099,#10100);
#10102=PLANE('',#10101);
#10104=ORIENTED_EDGE('',*,*,#10103,.F.);
#10106=ORIENTED_EDGE('',*,*,#10105,.F.);
#10108=ORIENTED_EDGE('',*,*,#10107,.T.);
#10110=ORIENTED_EDGE('',*,*,#10109,.F.);
#10111=EDGE_LOOP('',(#10104,#10106,#10108,#10110));
#10112=FACE_OUTER_BOUND('',#10111,.F.);
#10114=CARTESIAN_POINT('',(0.E0,2.640748031456E-1,0.E0));
#10115=DIRECTION('',(0.E0,1.E0,0.E0));
#10116=DIRECTION('',(0.E0,0.E0,-1.E0));
#10117=AXIS2_PLACEMENT_3D('',#10114,#10115,#10116);
#10118=CONICAL_SURFACE('',#10117,1.247348171707E0,4.5E1);
#10119=ORIENTED_EDGE('',*,*,#9044,.T.);
#10121=ORIENTED_EDGE('',*,*,#10120,.T.);
#10122=ORIENTED_EDGE('',*,*,#9543,.T.);
#10124=ORIENTED_EDGE('',*,*,#10123,.T.);
#10125=ORIENTED_EDGE('',*,*,#9559,.T.);
#10127=ORIENTED_EDGE('',*,*,#10126,.T.);
#10128=ORIENTED_EDGE('',*,*,#9575,.T.);
#10130=ORIENTED_EDGE('',*,*,#10129,.T.);
#10131=ORIENTED_EDGE('',*,*,#9591,.T.);
#10133=ORIENTED_EDGE('',*,*,#10132,.T.);
#10134=ORIENTED_EDGE('',*,*,#9607,.T.);
#10136=ORIENTED_EDGE('',*,*,#10135,.T.);
#10137=ORIENTED_EDGE('',*,*,#9623,.T.);
#10139=ORIENTED_EDGE('',*,*,#10138,.T.);
#10140=ORIENTED_EDGE('',*,*,#9639,.T.);
#10142=ORIENTED_EDGE('',*,*,#10141,.T.);
#10143=ORIENTED_EDGE('',*,*,#9655,.T.);
#10145=ORIENTED_EDGE('',*,*,#10144,.T.);
#10146=ORIENTED_EDGE('',*,*,#9671,.T.);
#10148=ORIENTED_EDGE('',*,*,#10147,.T.);
#10149=ORIENTED_EDGE('',*,*,#9687,.T.);
#10151=ORIENTED_EDGE('',*,*,#10150,.T.);
#10152=ORIENTED_EDGE('',*,*,#9703,.T.);
#10154=ORIENTED_EDGE('',*,*,#10153,.T.);
#10155=ORIENTED_EDGE('',*,*,#9719,.T.);
#10157=ORIENTED_EDGE('',*,*,#10156,.T.);
#10158=ORIENTED_EDGE('',*,*,#9735,.T.);
#10160=ORIENTED_EDGE('',*,*,#10159,.T.);
#10161=ORIENTED_EDGE('',*,*,#9751,.T.);
#10163=ORIENTED_EDGE('',*,*,#10162,.T.);
#10164=ORIENTED_EDGE('',*,*,#9767,.T.);
#10166=ORIENTED_EDGE('',*,*,#10165,.T.);
#10167=ORIENTED_EDGE('',*,*,#9783,.T.);
#10169=ORIENTED_EDGE('',*,*,#10168,.T.);
#10170=ORIENTED_EDGE('',*,*,#9799,.T.);
#10172=ORIENTED_EDGE('',*,*,#10171,.T.);
#10173=ORIENTED_EDGE('',*,*,#9815,.T.);
#10175=ORIENTED_EDGE('',*,*,#10174,.T.);
#10176=ORIENTED_EDGE('',*,*,#9831,.T.);
#10178=ORIENTED_EDGE('',*,*,#10177,.T.);
#10179=ORIENTED_EDGE('',*,*,#9847,.T.);
#10181=ORIENTED_EDGE('',*,*,#10180,.T.);
#10182=ORIENTED_EDGE('',*,*,#9863,.T.);
#10184=ORIENTED_EDGE('',*,*,#10183,.T.);
#10185=ORIENTED_EDGE('',*,*,#9533,.T.);
#10187=ORIENTED_EDGE('',*,*,#10186,.T.);
#10188=ORIENTED_EDGE('',*,*,#9517,.T.);
#10190=ORIENTED_EDGE('',*,*,#10189,.T.);
#10191=ORIENTED_EDGE('',*,*,#9501,.T.);
#10193=ORIENTED_EDGE('',*,*,#10192,.T.);
#10194=ORIENTED_EDGE('',*,*,#9485,.T.);
#10196=ORIENTED_EDGE('',*,*,#10195,.T.);
#10197=ORIENTED_EDGE('',*,*,#9469,.T.);
#10199=ORIENTED_EDGE('',*,*,#10198,.T.);
#10200=ORIENTED_EDGE('',*,*,#9453,.T.);
#10202=ORIENTED_EDGE('',*,*,#10201,.T.);
#10203=ORIENTED_EDGE('',*,*,#9437,.T.);
#10205=ORIENTED_EDGE('',*,*,#10204,.T.);
#10206=ORIENTED_EDGE('',*,*,#9421,.T.);
#10208=ORIENTED_EDGE('',*,*,#10207,.T.);
#10209=ORIENTED_EDGE('',*,*,#9405,.T.);
#10211=ORIENTED_EDGE('',*,*,#10210,.T.);
#10212=ORIENTED_EDGE('',*,*,#9389,.T.);
#10214=ORIENTED_EDGE('',*,*,#10213,.T.);
#10215=ORIENTED_EDGE('',*,*,#9373,.T.);
#10217=ORIENTED_EDGE('',*,*,#10216,.T.);
#10218=ORIENTED_EDGE('',*,*,#9357,.T.);
#10220=ORIENTED_EDGE('',*,*,#10219,.T.);
#10221=ORIENTED_EDGE('',*,*,#9064,.T.);
#10223=ORIENTED_EDGE('',*,*,#10222,.T.);
#10225=ORIENTED_EDGE('',*,*,#10224,.F.);
#10227=ORIENTED_EDGE('',*,*,#10226,.F.);
#10228=EDGE_LOOP('',(#10119,#10121,#10122,#10124,#10125,#10127,#10128,#10130,
#10131,#10133,#10134,#10136,#10137,#10139,#10140,#10142,#10143,#10145,#10146,
#10148,#10149,#10151,#10152,#10154,#10155,#10157,#10158,#10160,#10161,#10163,
#10164,#10166,#10167,#10169,#10170,#10172,#10173,#10175,#10176,#10178,#10179,
#10181,#10182,#10184,#10185,#10187,#10188,#10190,#10191,#10193,#10194,#10196,
#10197,#10199,#10200,#10202,#10203,#10205,#10206,#10208,#10209,#10211,#10212,
#10214,#10215,#10217,#10218,#10220,#10221,#10223,#10225,#10227));
#10229=FACE_OUTER_BOUND('',#10228,.F.);
#10231=CARTESIAN_POINT('',(0.E0,2.519685039370E-1,0.E0));
#10232=DIRECTION('',(0.E0,1.E0,0.E0));
#10233=DIRECTION('',(-2.344257360326E-2,0.E0,9.997251851098E-1));
#10234=AXIS2_PLACEMENT_3D('',#10231,#10232,#10233);
#10235=CYLINDRICAL_SURFACE('',#10234,1.235241872499E0);
#10236=ORIENTED_EDGE('',*,*,#10120,.F.);
#10238=ORIENTED_EDGE('',*,*,#10237,.T.);
#10240=ORIENTED_EDGE('',*,*,#10239,.F.);
#10242=ORIENTED_EDGE('',*,*,#10241,.F.);
#10243=EDGE_LOOP('',(#10236,#10238,#10240,#10242));
#10244=FACE_OUTER_BOUND('',#10243,.F.);
#10246=CARTESIAN_POINT('',(1.224904128022E0,2.519685039370E-1,
1.577100663166E-2));
#10247=DIRECTION('',(0.E0,1.E0,0.E0));
#10248=DIRECTION('',(7.027618894529E-2,0.E0,9.975275721840E-1));
#10249=AXIS2_PLACEMENT_3D('',#10246,#10247,#10248);
#10250=CYLINDRICAL_SURFACE('',#10249,1.023622047244E-2);
#10251=ORIENTED_EDGE('',*,*,#9052,.T.);
#10253=ORIENTED_EDGE('',*,*,#10252,.T.);
#10255=ORIENTED_EDGE('',*,*,#10254,.F.);
#10256=ORIENTED_EDGE('',*,*,#10237,.F.);
#10257=EDGE_LOOP('',(#10251,#10253,#10255,#10256));
#10258=FACE_OUTER_BOUND('',#10257,.F.);
#10260=CARTESIAN_POINT('',(1.223094631862E0,2.519685039370E-1,
-2.868036772329E-2));
#10261=DIRECTION('',(0.E0,1.E0,0.E0));
#10262=DIRECTION('',(7.027618894529E-2,0.E0,9.975275721840E-1));
#10263=AXIS2_PLACEMENT_3D('',#10260,#10261,#10262);
#10264=CYLINDRICAL_SURFACE('',#10263,3.425196850394E-2);
#10266=ORIENTED_EDGE('',*,*,#10265,.T.);
#10267=ORIENTED_EDGE('',*,*,#10252,.F.);
#10268=ORIENTED_EDGE('',*,*,#9050,.F.);
#10270=ORIENTED_EDGE('',*,*,#10269,.T.);
#10271=EDGE_LOOP('',(#10266,#10267,#10268,#10270));
#10272=FACE_OUTER_BOUND('',#10271,.F.);
#10274=CARTESIAN_POINT('',(0.E0,0.E0,0.E0));
#10275=DIRECTION('',(0.E0,1.E0,0.E0));
#10276=DIRECTION('',(1.E0,0.E0,0.E0));
#10277=AXIS2_PLACEMENT_3D('',#10274,#10275,#10276);
#10278=PLANE('',#10277);
#10280=ORIENTED_EDGE('',*,*,#10279,.F.);
#10282=ORIENTED_EDGE('',*,*,#10281,.F.);
#10284=ORIENTED_EDGE('',*,*,#10283,.T.);
#10286=ORIENTED_EDGE('',*,*,#10285,.F.);
#10288=ORIENTED_EDGE('',*,*,#10287,.T.);
#10289=EDGE_LOOP('',(#10280,#10282,#10284,#10286,#10288));
#10290=FACE_OUTER_BOUND('',#10289,.F.);
#10292=CARTESIAN_POINT('',(0.E0,0.E0,0.E0));
#10293=DIRECTION('',(0.E0,1.E0,0.E0));
#10294=DIRECTION('',(1.E0,0.E0,0.E0));
#10295=AXIS2_PLACEMENT_3D('',#10292,#10293,#10294);
#10296=PLANE('',#10295);
#10298=ORIENTED_EDGE('',*,*,#10297,.F.);
#10300=ORIENTED_EDGE('',*,*,#10299,.F.);
#10301=ORIENTED_EDGE('',*,*,#10254,.T.);
#10302=ORIENTED_EDGE('',*,*,#10265,.F.);
#10304=ORIENTED_EDGE('',*,*,#10303,.T.);
#10305=EDGE_LOOP('',(#10298,#10300,#10301,#10302,#10304));
#10306=FACE_OUTER_BOUND('',#10305,.F.);
#10308=CARTESIAN_POINT('',(0.E0,0.E0,0.E0));
#10309=DIRECTION('',(0.E0,1.E0,0.E0));
#10310=DIRECTION('',(1.E0,0.E0,0.E0));
#10311=AXIS2_PLACEMENT_3D('',#10308,#10309,#10310);
#10312=PLANE('',#10311);
#10313=ORIENTED_EDGE('',*,*,#9032,.T.);
#10315=ORIENTED_EDGE('',*,*,#10314,.F.);
#10317=ORIENTED_EDGE('',*,*,#10316,.T.);
#10319=ORIENTED_EDGE('',*,*,#10318,.F.);
#10320=EDGE_LOOP('',(#10313,#10315,#10317,#10319));
#10321=FACE_OUTER_BOUND('',#10320,.F.);
#10323=CARTESIAN_POINT('',(0.E0,0.E0,0.E0));
#10324=DIRECTION('',(0.E0,1.E0,0.E0));
#10325=DIRECTION('',(1.E0,0.E0,0.E0));
#10326=AXIS2_PLACEMENT_3D('',#10323,#10324,#10325);
#10327=PLANE('',#10326);
#10329=ORIENTED_EDGE('',*,*,#10328,.T.);
#10331=ORIENTED_EDGE('',*,*,#10330,.F.);
#10333=ORIENTED_EDGE('',*,*,#10332,.T.);
#10335=ORIENTED_EDGE('',*,*,#10334,.F.);
#10336=EDGE_LOOP('',(#10329,#10331,#10333,#10335));
#10337=FACE_OUTER_BOUND('',#10336,.F.);
#10339=CARTESIAN_POINT('',(0.E0,0.E0,0.E0));
#10340=DIRECTION('',(0.E0,1.E0,0.E0));
#10341=DIRECTION('',(1.E0,0.E0,0.E0));
#10342=AXIS2_PLACEMENT_3D('',#10339,#10340,#10341);
#10343=PLANE('',#10342);
#10345=ORIENTED_EDGE('',*,*,#10344,.T.);
#10347=ORIENTED_EDGE('',*,*,#10346,.F.);
#10349=ORIENTED_EDGE('',*,*,#10348,.T.);
#10351=ORIENTED_EDGE('',*,*,#10350,.F.);
#10352=EDGE_LOOP('',(#10345,#10347,#10349,#10351));
#10353=FACE_OUTER_BOUND('',#10352,.F.);
#10355=CARTESIAN_POINT('',(0.E0,0.E0,0.E0));
#10356=DIRECTION('',(0.E0,1.E0,0.E0));
#10357=DIRECTION('',(1.E0,0.E0,0.E0));
#10358=AXIS2_PLACEMENT_3D('',#10355,#10356,#10357);
#10359=PLANE('',#10358);
#10361=ORIENTED_EDGE('',*,*,#10360,.T.);
#10363=ORIENTED_EDGE('',*,*,#10362,.F.);
#10365=ORIENTED_EDGE('',*,*,#10364,.T.);
#10367=ORIENTED_EDGE('',*,*,#10366,.F.);
#10368=EDGE_LOOP('',(#10361,#10363,#10365,#10367));
#10369=FACE_OUTER_BOUND('',#10368,.F.);
#10371=CARTESIAN_POINT('',(0.E0,0.E0,0.E0));
#10372=DIRECTION('',(0.E0,1.E0,0.E0));
#10373=DIRECTION('',(1.E0,0.E0,0.E0));
#10374=AXIS2_PLACEMENT_3D('',#10371,#10372,#10373);
#10375=PLANE('',#10374);
#10377=ORIENTED_EDGE('',*,*,#10376,.T.);
#10379=ORIENTED_EDGE('',*,*,#10378,.F.);
#10381=ORIENTED_EDGE('',*,*,#10380,.T.);
#10383=ORIENTED_EDGE('',*,*,#10382,.F.);
#10384=EDGE_LOOP('',(#10377,#10379,#10381,#10383));
#10385=FACE_OUTER_BOUND('',#10384,.F.);
#10387=CARTESIAN_POINT('',(0.E0,0.E0,0.E0));
#10388=DIRECTION('',(0.E0,1.E0,0.E0));
#10389=DIRECTION('',(1.E0,0.E0,0.E0));
#10390=AXIS2_PLACEMENT_3D('',#10387,#10388,#10389);
#10391=PLANE('',#10390);
#10393=ORIENTED_EDGE('',*,*,#10392,.T.);
#10395=ORIENTED_EDGE('',*,*,#10394,.F.);
#10397=ORIENTED_EDGE('',*,*,#10396,.T.);
#10399=ORIENTED_EDGE('',*,*,#10398,.F.);
#10400=EDGE_LOOP('',(#10393,#10395,#10397,#10399));
#10401=FACE_OUTER_BOUND('',#10400,.F.);
#10403=CARTESIAN_POINT('',(0.E0,0.E0,0.E0));
#10404=DIRECTION('',(0.E0,1.E0,0.E0));
#10405=DIRECTION('',(1.E0,0.E0,0.E0));
#10406=AXIS2_PLACEMENT_3D('',#10403,#10404,#10405);
#10407=PLANE('',#10406);
#10409=ORIENTED_EDGE('',*,*,#10408,.T.);
#10411=ORIENTED_EDGE('',*,*,#10410,.F.);
#10413=ORIENTED_EDGE('',*,*,#10412,.T.);
#10415=ORIENTED_EDGE('',*,*,#10414,.F.);
#10416=EDGE_LOOP('',(#10409,#10411,#10413,#10415));
#10417=FACE_OUTER_BOUND('',#10416,.F.);
#10419=CARTESIAN_POINT('',(0.E0,0.E0,0.E0));
#10420=DIRECTION('',(0.E0,1.E0,0.E0));
#10421=DIRECTION('',(1.E0,0.E0,0.E0));
#10422=AXIS2_PLACEMENT_3D('',#10419,#10420,#10421);
#10423=PLANE('',#10422);
#10425=ORIENTED_EDGE('',*,*,#10424,.T.);
#10427=ORIENTED_EDGE('',*,*,#10426,.F.);
#10429=ORIENTED_EDGE('',*,*,#10428,.T.);
#10431=ORIENTED_EDGE('',*,*,#10430,.F.);
#10432=EDGE_LOOP('',(#10425,#10427,#10429,#10431));
#10433=FACE_OUTER_BOUND('',#10432,.F.);
#10435=CARTESIAN_POINT('',(0.E0,0.E0,0.E0));
#10436=DIRECTION('',(0.E0,1.E0,0.E0));
#10437=DIRECTION('',(1.E0,0.E0,0.E0));
#10438=AXIS2_PLACEMENT_3D('',#10435,#10436,#10437);
#10439=PLANE('',#10438);
#10441=ORIENTED_EDGE('',*,*,#10440,.T.);
#10443=ORIENTED_EDGE('',*,*,#10442,.F.);
#10445=ORIENTED_EDGE('',*,*,#10444,.T.);
#10447=ORIENTED_EDGE('',*,*,#10446,.F.);
#10448=EDGE_LOOP('',(#10441,#10443,#10445,#10447));
#10449=FACE_OUTER_BOUND('',#10448,.F.);
#10451=CARTESIAN_POINT('',(0.E0,0.E0,0.E0));
#10452=DIRECTION('',(0.E0,1.E0,0.E0));
#10453=DIRECTION('',(1.E0,0.E0,0.E0));
#10454=AXIS2_PLACEMENT_3D('',#10451,#10452,#10453);
#10455=PLANE('',#10454);
#10457=ORIENTED_EDGE('',*,*,#10456,.T.);
#10459=ORIENTED_EDGE('',*,*,#10458,.F.);
#10461=ORIENTED_EDGE('',*,*,#10460,.T.);
#10463=ORIENTED_EDGE('',*,*,#10462,.F.);
#10464=EDGE_LOOP('',(#10457,#10459,#10461,#10463));
#10465=FACE_OUTER_BOUND('',#10464,.F.);
#10467=CARTESIAN_POINT('',(0.E0,0.E0,0.E0));
#10468=DIRECTION('',(0.E0,1.E0,0.E0));
#10469=DIRECTION('',(1.E0,0.E0,0.E0));
#10470=AXIS2_PLACEMENT_3D('',#10467,#10468,#10469);
#10471=PLANE('',#10470);
#10473=ORIENTED_EDGE('',*,*,#10472,.T.);
#10475=ORIENTED_EDGE('',*,*,#10474,.F.);
#10477=ORIENTED_EDGE('',*,*,#10476,.T.);
#10479=ORIENTED_EDGE('',*,*,#10478,.F.);
#10480=EDGE_LOOP('',(#10473,#10475,#10477,#10479));
#10481=FACE_OUTER_BOUND('',#10480,.F.);
#10483=CARTESIAN_POINT('',(0.E0,0.E0,0.E0));
#10484=DIRECTION('',(0.E0,1.E0,0.E0));
#10485=DIRECTION('',(1.E0,0.E0,0.E0));
#10486=AXIS2_PLACEMENT_3D('',#10483,#10484,#10485);
#10487=PLANE('',#10486);
#10489=ORIENTED_EDGE('',*,*,#10488,.T.);
#10491=ORIENTED_EDGE('',*,*,#10490,.F.);
#10493=ORIENTED_EDGE('',*,*,#10492,.T.);
#10495=ORIENTED_EDGE('',*,*,#10494,.F.);
#10496=EDGE_LOOP('',(#10489,#10491,#10493,#10495));
#10497=FACE_OUTER_BOUND('',#10496,.F.);
#10499=CARTESIAN_POINT('',(0.E0,0.E0,0.E0));
#10500=DIRECTION('',(0.E0,1.E0,0.E0));
#10501=DIRECTION('',(1.E0,0.E0,0.E0));
#10502=AXIS2_PLACEMENT_3D('',#10499,#10500,#10501);
#10503=PLANE('',#10502);
#10505=ORIENTED_EDGE('',*,*,#10504,.T.);
#10507=ORIENTED_EDGE('',*,*,#10506,.F.);
#10509=ORIENTED_EDGE('',*,*,#10508,.T.);
#10511=ORIENTED_EDGE('',*,*,#10510,.F.);
#10512=EDGE_LOOP('',(#10505,#10507,#10509,#10511));
#10513=FACE_OUTER_BOUND('',#10512,.F.);
#10515=CARTESIAN_POINT('',(0.E0,0.E0,0.E0));
#10516=DIRECTION('',(0.E0,1.E0,0.E0));
#10517=DIRECTION('',(1.E0,0.E0,0.E0));
#10518=AXIS2_PLACEMENT_3D('',#10515,#10516,#10517);
#10519=PLANE('',#10518);
#10521=ORIENTED_EDGE('',*,*,#10520,.T.);
#10523=ORIENTED_EDGE('',*,*,#10522,.F.);
#10525=ORIENTED_EDGE('',*,*,#10524,.T.);
#10527=ORIENTED_EDGE('',*,*,#10526,.F.);
#10528=EDGE_LOOP('',(#10521,#10523,#10525,#10527));
#10529=FACE_OUTER_BOUND('',#10528,.F.);
#10531=CARTESIAN_POINT('',(0.E0,0.E0,0.E0));
#10532=DIRECTION('',(0.E0,1.E0,0.E0));
#10533=DIRECTION('',(1.E0,0.E0,0.E0));
#10534=AXIS2_PLACEMENT_3D('',#10531,#10532,#10533);
#10535=PLANE('',#10534);
#10537=ORIENTED_EDGE('',*,*,#10536,.T.);
#10539=ORIENTED_EDGE('',*,*,#10538,.F.);
#10541=ORIENTED_EDGE('',*,*,#10540,.T.);
#10543=ORIENTED_EDGE('',*,*,#10542,.F.);
#10544=EDGE_LOOP('',(#10537,#10539,#10541,#10543));
#10545=FACE_OUTER_BOUND('',#10544,.F.);
#10547=CARTESIAN_POINT('',(0.E0,0.E0,0.E0));
#10548=DIRECTION('',(0.E0,1.E0,0.E0));
#10549=DIRECTION('',(1.E0,0.E0,0.E0));
#10550=AXIS2_PLACEMENT_3D('',#10547,#10548,#10549);
#10551=PLANE('',#10550);
#10553=ORIENTED_EDGE('',*,*,#10552,.T.);
#10555=ORIENTED_EDGE('',*,*,#10554,.F.);
#10557=ORIENTED_EDGE('',*,*,#10556,.T.);
#10559=ORIENTED_EDGE('',*,*,#10558,.F.);
#10560=EDGE_LOOP('',(#10553,#10555,#10557,#10559));
#10561=FACE_OUTER_BOUND('',#10560,.F.);
#10563=CARTESIAN_POINT('',(0.E0,0.E0,0.E0));
#10564=DIRECTION('',(0.E0,1.E0,0.E0));
#10565=DIRECTION('',(1.E0,0.E0,0.E0));
#10566=AXIS2_PLACEMENT_3D('',#10563,#10564,#10565);
#10567=PLANE('',#10566);
#10569=ORIENTED_EDGE('',*,*,#10568,.T.);
#10571=ORIENTED_EDGE('',*,*,#10570,.F.);
#10573=ORIENTED_EDGE('',*,*,#10572,.T.);
#10575=ORIENTED_EDGE('',*,*,#10574,.F.);
#10576=EDGE_LOOP('',(#10569,#10571,#10573,#10575));
#10577=FACE_OUTER_BOUND('',#10576,.F.);
#10579=CARTESIAN_POINT('',(0.E0,0.E0,0.E0));
#10580=DIRECTION('',(0.E0,1.E0,0.E0));
#10581=DIRECTION('',(1.E0,0.E0,0.E0));
#10582=AXIS2_PLACEMENT_3D('',#10579,#10580,#10581);
#10583=PLANE('',#10582);
#10585=ORIENTED_EDGE('',*,*,#10584,.T.);
#10587=ORIENTED_EDGE('',*,*,#10586,.F.);
#10589=ORIENTED_EDGE('',*,*,#10588,.T.);
#10591=ORIENTED_EDGE('',*,*,#10590,.F.);
#10592=EDGE_LOOP('',(#10585,#10587,#10589,#10591));
#10593=FACE_OUTER_BOUND('',#10592,.F.);
#10595=CARTESIAN_POINT('',(0.E0,0.E0,0.E0));
#10596=DIRECTION('',(0.E0,1.E0,0.E0));
#10597=DIRECTION('',(1.E0,0.E0,0.E0));
#10598=AXIS2_PLACEMENT_3D('',#10595,#10596,#10597);
#10599=PLANE('',#10598);
#10601=ORIENTED_EDGE('',*,*,#10600,.T.);
#10603=ORIENTED_EDGE('',*,*,#10602,.F.);
#10605=ORIENTED_EDGE('',*,*,#10604,.T.);
#10607=ORIENTED_EDGE('',*,*,#10606,.F.);
#10608=EDGE_LOOP('',(#10601,#10603,#10605,#10607));
#10609=FACE_OUTER_BOUND('',#10608,.F.);
#10611=CARTESIAN_POINT('',(0.E0,0.E0,0.E0));
#10612=DIRECTION('',(0.E0,1.E0,0.E0));
#10613=DIRECTION('',(1.E0,0.E0,0.E0));
#10614=AXIS2_PLACEMENT_3D('',#10611,#10612,#10613);
#10615=PLANE('',#10614);
#10617=ORIENTED_EDGE('',*,*,#10616,.T.);
#10619=ORIENTED_EDGE('',*,*,#10618,.F.);
#10621=ORIENTED_EDGE('',*,*,#10620,.T.);
#10623=ORIENTED_EDGE('',*,*,#10622,.F.);
#10624=EDGE_LOOP('',(#10617,#10619,#10621,#10623));
#10625=FACE_OUTER_BOUND('',#10624,.F.);
#10627=CARTESIAN_POINT('',(0.E0,0.E0,0.E0));
#10628=DIRECTION('',(0.E0,1.E0,0.E0));
#10629=DIRECTION('',(1.E0,0.E0,0.E0));
#10630=AXIS2_PLACEMENT_3D('',#10627,#10628,#10629);
#10631=PLANE('',#10630);
#10633=ORIENTED_EDGE('',*,*,#10632,.T.);
#10635=ORIENTED_EDGE('',*,*,#10634,.F.);
#10637=ORIENTED_EDGE('',*,*,#10636,.T.);
#10639=ORIENTED_EDGE('',*,*,#10638,.F.);
#10640=EDGE_LOOP('',(#10633,#10635,#10637,#10639));
#10641=FACE_OUTER_BOUND('',#10640,.F.);
#10643=CARTESIAN_POINT('',(0.E0,0.E0,0.E0));
#10644=DIRECTION('',(0.E0,1.E0,0.E0));
#10645=DIRECTION('',(1.E0,0.E0,0.E0));
#10646=AXIS2_PLACEMENT_3D('',#10643,#10644,#10645);
#10647=PLANE('',#10646);
#10649=ORIENTED_EDGE('',*,*,#10648,.T.);
#10651=ORIENTED_EDGE('',*,*,#10650,.F.);
#10653=ORIENTED_EDGE('',*,*,#10652,.T.);
#10655=ORIENTED_EDGE('',*,*,#10654,.F.);
#10656=EDGE_LOOP('',(#10649,#10651,#10653,#10655));
#10657=FACE_OUTER_BOUND('',#10656,.F.);
#10659=CARTESIAN_POINT('',(0.E0,0.E0,0.E0));
#10660=DIRECTION('',(0.E0,1.E0,0.E0));
#10661=DIRECTION('',(1.E0,0.E0,0.E0));
#10662=AXIS2_PLACEMENT_3D('',#10659,#10660,#10661);
#10663=PLANE('',#10662);
#10665=ORIENTED_EDGE('',*,*,#10664,.T.);
#10667=ORIENTED_EDGE('',*,*,#10666,.F.);
#10669=ORIENTED_EDGE('',*,*,#10668,.T.);
#10671=ORIENTED_EDGE('',*,*,#10670,.F.);
#10672=EDGE_LOOP('',(#10665,#10667,#10669,#10671));
#10673=FACE_OUTER_BOUND('',#10672,.F.);
#10675=CARTESIAN_POINT('',(0.E0,0.E0,0.E0));
#10676=DIRECTION('',(0.E0,1.E0,0.E0));
#10677=DIRECTION('',(1.E0,0.E0,0.E0));
#10678=AXIS2_PLACEMENT_3D('',#10675,#10676,#10677);
#10679=PLANE('',#10678);
#10681=ORIENTED_EDGE('',*,*,#10680,.T.);
#10683=ORIENTED_EDGE('',*,*,#10682,.F.);
#10685=ORIENTED_EDGE('',*,*,#10684,.T.);
#10687=ORIENTED_EDGE('',*,*,#10686,.F.);
#10688=EDGE_LOOP('',(#10681,#10683,#10685,#10687));
#10689=FACE_OUTER_BOUND('',#10688,.F.);
#10691=CARTESIAN_POINT('',(0.E0,0.E0,0.E0));
#10692=DIRECTION('',(0.E0,1.E0,0.E0));
#10693=DIRECTION('',(1.E0,0.E0,0.E0));
#10694=AXIS2_PLACEMENT_3D('',#10691,#10692,#10693);
#10695=PLANE('',#10694);
#10697=ORIENTED_EDGE('',*,*,#10696,.T.);
#10699=ORIENTED_EDGE('',*,*,#10698,.F.);
#10701=ORIENTED_EDGE('',*,*,#10700,.T.);
#10703=ORIENTED_EDGE('',*,*,#10702,.F.);
#10704=EDGE_LOOP('',(#10697,#10699,#10701,#10703));
#10705=FACE_OUTER_BOUND('',#10704,.F.);
#10707=CARTESIAN_POINT('',(0.E0,0.E0,0.E0));
#10708=DIRECTION('',(0.E0,1.E0,0.E0));
#10709=DIRECTION('',(1.E0,0.E0,0.E0));
#10710=AXIS2_PLACEMENT_3D('',#10707,#10708,#10709);
#10711=PLANE('',#10710);
#10713=ORIENTED_EDGE('',*,*,#10712,.T.);
#10715=ORIENTED_EDGE('',*,*,#10714,.F.);
#10717=ORIENTED_EDGE('',*,*,#10716,.T.);
#10719=ORIENTED_EDGE('',*,*,#10718,.F.);
#10720=EDGE_LOOP('',(#10713,#10715,#10717,#10719));
#10721=FACE_OUTER_BOUND('',#10720,.F.);
#10723=CARTESIAN_POINT('',(0.E0,0.E0,0.E0));
#10724=DIRECTION('',(0.E0,1.E0,0.E0));
#10725=DIRECTION('',(1.E0,0.E0,0.E0));
#10726=AXIS2_PLACEMENT_3D('',#10723,#10724,#10725);
#10727=PLANE('',#10726);
#10729=ORIENTED_EDGE('',*,*,#10728,.T.);
#10731=ORIENTED_EDGE('',*,*,#10730,.F.);
#10733=ORIENTED_EDGE('',*,*,#10732,.T.);
#10735=ORIENTED_EDGE('',*,*,#10734,.F.);
#10736=EDGE_LOOP('',(#10729,#10731,#10733,#10735));
#10737=FACE_OUTER_BOUND('',#10736,.F.);
#10739=CARTESIAN_POINT('',(0.E0,0.E0,0.E0));
#10740=DIRECTION('',(0.E0,1.E0,0.E0));
#10741=DIRECTION('',(1.E0,0.E0,0.E0));
#10742=AXIS2_PLACEMENT_3D('',#10739,#10740,#10741);
#10743=PLANE('',#10742);
#10745=ORIENTED_EDGE('',*,*,#10744,.T.);
#10747=ORIENTED_EDGE('',*,*,#10746,.F.);
#10749=ORIENTED_EDGE('',*,*,#10748,.T.);
#10751=ORIENTED_EDGE('',*,*,#10750,.F.);
#10752=EDGE_LOOP('',(#10745,#10747,#10749,#10751));
#10753=FACE_OUTER_BOUND('',#10752,.F.);
#10755=CARTESIAN_POINT('',(0.E0,0.E0,0.E0));
#10756=DIRECTION('',(0.E0,1.E0,0.E0));
#10757=DIRECTION('',(1.E0,0.E0,0.E0));
#10758=AXIS2_PLACEMENT_3D('',#10755,#10756,#10757);
#10759=PLANE('',#10758);
#10761=ORIENTED_EDGE('',*,*,#10760,.T.);
#10763=ORIENTED_EDGE('',*,*,#10762,.F.);
#10765=ORIENTED_EDGE('',*,*,#10764,.T.);
#10767=ORIENTED_EDGE('',*,*,#10766,.F.);
#10768=EDGE_LOOP('',(#10761,#10763,#10765,#10767));
#10769=FACE_OUTER_BOUND('',#10768,.F.);
#10771=CARTESIAN_POINT('',(0.E0,0.E0,0.E0));
#10772=DIRECTION('',(0.E0,1.E0,0.E0));
#10773=DIRECTION('',(1.E0,0.E0,0.E0));
#10774=AXIS2_PLACEMENT_3D('',#10771,#10772,#10773);
#10775=PLANE('',#10774);
#10777=ORIENTED_EDGE('',*,*,#10776,.F.);
#10779=ORIENTED_EDGE('',*,*,#10778,.T.);
#10781=ORIENTED_EDGE('',*,*,#10780,.F.);
#10783=ORIENTED_EDGE('',*,*,#10782,.T.);
#10784=EDGE_LOOP('',(#10777,#10779,#10781,#10783));
#10785=FACE_OUTER_BOUND('',#10784,.F.);
#10787=CARTESIAN_POINT('',(0.E0,0.E0,0.E0));
#10788=DIRECTION('',(0.E0,1.E0,0.E0));
#10789=DIRECTION('',(1.E0,0.E0,0.E0));
#10790=AXIS2_PLACEMENT_3D('',#10787,#10788,#10789);
#10791=PLANE('',#10790);
#10793=ORIENTED_EDGE('',*,*,#10792,.F.);
#10795=ORIENTED_EDGE('',*,*,#10794,.T.);
#10797=ORIENTED_EDGE('',*,*,#10796,.F.);
#10799=ORIENTED_EDGE('',*,*,#10798,.T.);
#10800=EDGE_LOOP('',(#10793,#10795,#10797,#10799));
#10801=FACE_OUTER_BOUND('',#10800,.F.);
#10803=CARTESIAN_POINT('',(0.E0,0.E0,0.E0));
#10804=DIRECTION('',(0.E0,1.E0,0.E0));
#10805=DIRECTION('',(1.E0,0.E0,0.E0));
#10806=AXIS2_PLACEMENT_3D('',#10803,#10804,#10805);
#10807=PLANE('',#10806);
#10809=ORIENTED_EDGE('',*,*,#10808,.F.);
#10811=ORIENTED_EDGE('',*,*,#10810,.T.);
#10813=ORIENTED_EDGE('',*,*,#10812,.F.);
#10815=ORIENTED_EDGE('',*,*,#10814,.T.);
#10816=EDGE_LOOP('',(#10809,#10811,#10813,#10815));
#10817=FACE_OUTER_BOUND('',#10816,.F.);
#10819=CARTESIAN_POINT('',(0.E0,0.E0,0.E0));
#10820=DIRECTION('',(0.E0,1.E0,0.E0));
#10821=DIRECTION('',(1.E0,0.E0,0.E0));
#10822=AXIS2_PLACEMENT_3D('',#10819,#10820,#10821);
#10823=PLANE('',#10822);
#10825=ORIENTED_EDGE('',*,*,#10824,.F.);
#10827=ORIENTED_EDGE('',*,*,#10826,.T.);
#10829=ORIENTED_EDGE('',*,*,#10828,.F.);
#10831=ORIENTED_EDGE('',*,*,#10830,.T.);
#10832=EDGE_LOOP('',(#10825,#10827,#10829,#10831));
#10833=FACE_OUTER_BOUND('',#10832,.F.);
#10835=CARTESIAN_POINT('',(0.E0,0.E0,0.E0));
#10836=DIRECTION('',(0.E0,1.E0,0.E0));
#10837=DIRECTION('',(1.E0,0.E0,0.E0));
#10838=AXIS2_PLACEMENT_3D('',#10835,#10836,#10837);
#10839=PLANE('',#10838);
#10841=ORIENTED_EDGE('',*,*,#10840,.F.);
#10843=ORIENTED_EDGE('',*,*,#10842,.T.);
#10845=ORIENTED_EDGE('',*,*,#10844,.F.);
#10847=ORIENTED_EDGE('',*,*,#10846,.T.);
#10848=EDGE_LOOP('',(#10841,#10843,#10845,#10847));
#10849=FACE_OUTER_BOUND('',#10848,.F.);
#10851=CARTESIAN_POINT('',(0.E0,0.E0,0.E0));
#10852=DIRECTION('',(0.E0,1.E0,0.E0));
#10853=DIRECTION('',(1.E0,0.E0,0.E0));
#10854=AXIS2_PLACEMENT_3D('',#10851,#10852,#10853);
#10855=PLANE('',#10854);
#10857=ORIENTED_EDGE('',*,*,#10856,.F.);
#10859=ORIENTED_EDGE('',*,*,#10858,.T.);
#10861=ORIENTED_EDGE('',*,*,#10860,.F.);
#10863=ORIENTED_EDGE('',*,*,#10862,.T.);
#10864=EDGE_LOOP('',(#10857,#10859,#10861,#10863));
#10865=FACE_OUTER_BOUND('',#10864,.F.);
#10867=CARTESIAN_POINT('',(0.E0,0.E0,0.E0));
#10868=DIRECTION('',(0.E0,1.E0,0.E0));
#10869=DIRECTION('',(1.E0,0.E0,0.E0));
#10870=AXIS2_PLACEMENT_3D('',#10867,#10868,#10869);
#10871=PLANE('',#10870);
#10873=ORIENTED_EDGE('',*,*,#10872,.F.);
#10875=ORIENTED_EDGE('',*,*,#10874,.T.);
#10877=ORIENTED_EDGE('',*,*,#10876,.F.);
#10879=ORIENTED_EDGE('',*,*,#10878,.T.);
#10880=EDGE_LOOP('',(#10873,#10875,#10877,#10879));
#10881=FACE_OUTER_BOUND('',#10880,.F.);
#10883=CARTESIAN_POINT('',(0.E0,0.E0,0.E0));
#10884=DIRECTION('',(0.E0,1.E0,0.E0));
#10885=DIRECTION('',(1.E0,0.E0,0.E0));
#10886=AXIS2_PLACEMENT_3D('',#10883,#10884,#10885);
#10887=PLANE('',#10886);
#10889=ORIENTED_EDGE('',*,*,#10888,.F.);
#10891=ORIENTED_EDGE('',*,*,#10890,.T.);
#10893=ORIENTED_EDGE('',*,*,#10892,.F.);
#10895=ORIENTED_EDGE('',*,*,#10894,.T.);
#10896=EDGE_LOOP('',(#10889,#10891,#10893,#10895));
#10897=FACE_OUTER_BOUND('',#10896,.F.);
#10899=CARTESIAN_POINT('',(0.E0,0.E0,0.E0));
#10900=DIRECTION('',(0.E0,1.E0,0.E0));
#10901=DIRECTION('',(1.E0,0.E0,0.E0));
#10902=AXIS2_PLACEMENT_3D('',#10899,#10900,#10901);
#10903=PLANE('',#10902);
#10905=ORIENTED_EDGE('',*,*,#10904,.F.);
#10907=ORIENTED_EDGE('',*,*,#10906,.T.);
#10909=ORIENTED_EDGE('',*,*,#10908,.F.);
#10911=ORIENTED_EDGE('',*,*,#10910,.T.);
#10912=EDGE_LOOP('',(#10905,#10907,#10909,#10911));
#10913=FACE_OUTER_BOUND('',#10912,.F.);
#10915=CARTESIAN_POINT('',(0.E0,0.E0,0.E0));
#10916=DIRECTION('',(0.E0,1.E0,0.E0));
#10917=DIRECTION('',(1.E0,0.E0,0.E0));
#10918=AXIS2_PLACEMENT_3D('',#10915,#10916,#10917);
#10919=PLANE('',#10918);
#10921=ORIENTED_EDGE('',*,*,#10920,.F.);
#10923=ORIENTED_EDGE('',*,*,#10922,.T.);
#10925=ORIENTED_EDGE('',*,*,#10924,.F.);
#10927=ORIENTED_EDGE('',*,*,#10926,.T.);
#10928=EDGE_LOOP('',(#10921,#10923,#10925,#10927));
#10929=FACE_OUTER_BOUND('',#10928,.F.);
#10931=CARTESIAN_POINT('',(0.E0,0.E0,0.E0));
#10932=DIRECTION('',(0.E0,1.E0,0.E0));
#10933=DIRECTION('',(1.E0,0.E0,0.E0));
#10934=AXIS2_PLACEMENT_3D('',#10931,#10932,#10933);
#10935=PLANE('',#10934);
#10937=ORIENTED_EDGE('',*,*,#10936,.F.);
#10939=ORIENTED_EDGE('',*,*,#10938,.T.);
#10941=ORIENTED_EDGE('',*,*,#10940,.F.);
#10943=ORIENTED_EDGE('',*,*,#10942,.T.);
#10944=EDGE_LOOP('',(#10937,#10939,#10941,#10943));
#10945=FACE_OUTER_BOUND('',#10944,.F.);
#10947=CARTESIAN_POINT('',(0.E0,0.E0,0.E0));
#10948=DIRECTION('',(0.E0,1.E0,0.E0));
#10949=DIRECTION('',(1.E0,0.E0,0.E0));
#10950=AXIS2_PLACEMENT_3D('',#10947,#10948,#10949);
#10951=PLANE('',#10950);
#10953=ORIENTED_EDGE('',*,*,#10952,.F.);
#10955=ORIENTED_EDGE('',*,*,#10954,.T.);
#10957=ORIENTED_EDGE('',*,*,#10956,.F.);
#10959=ORIENTED_EDGE('',*,*,#10958,.T.);
#10960=EDGE_LOOP('',(#10953,#10955,#10957,#10959));
#10961=FACE_OUTER_BOUND('',#10960,.F.);
#10963=CARTESIAN_POINT('',(0.E0,0.E0,0.E0));
#10964=DIRECTION('',(0.E0,1.E0,0.E0));
#10965=DIRECTION('',(1.E0,0.E0,0.E0));
#10966=AXIS2_PLACEMENT_3D('',#10963,#10964,#10965);
#10967=PLANE('',#10966);
#10969=ORIENTED_EDGE('',*,*,#10968,.F.);
#10971=ORIENTED_EDGE('',*,*,#10970,.T.);
#10973=ORIENTED_EDGE('',*,*,#10972,.F.);
#10975=ORIENTED_EDGE('',*,*,#10974,.T.);
#10976=EDGE_LOOP('',(#10969,#10971,#10973,#10975));
#10977=FACE_OUTER_BOUND('',#10976,.F.);
#10979=CARTESIAN_POINT('',(0.E0,0.E0,0.E0));
#10980=DIRECTION('',(0.E0,1.E0,0.E0));
#10981=DIRECTION('',(1.E0,0.E0,0.E0));
#10982=AXIS2_PLACEMENT_3D('',#10979,#10980,#10981);
#10983=PLANE('',#10982);
#10985=ORIENTED_EDGE('',*,*,#10984,.F.);
#10987=ORIENTED_EDGE('',*,*,#10986,.T.);
#10989=ORIENTED_EDGE('',*,*,#10988,.F.);
#10991=ORIENTED_EDGE('',*,*,#10990,.T.);
#10992=EDGE_LOOP('',(#10985,#10987,#10989,#10991));
#10993=FACE_OUTER_BOUND('',#10992,.F.);
#10995=CARTESIAN_POINT('',(0.E0,0.E0,0.E0));
#10996=DIRECTION('',(0.E0,1.E0,0.E0));
#10997=DIRECTION('',(1.E0,0.E0,0.E0));
#10998=AXIS2_PLACEMENT_3D('',#10995,#10996,#10997);
#10999=PLANE('',#10998);
#11001=ORIENTED_EDGE('',*,*,#11000,.F.);
#11003=ORIENTED_EDGE('',*,*,#11002,.T.);
#11005=ORIENTED_EDGE('',*,*,#11004,.F.);
#11007=ORIENTED_EDGE('',*,*,#11006,.T.);
#11008=EDGE_LOOP('',(#11001,#11003,#11005,#11007));
#11009=FACE_OUTER_BOUND('',#11008,.F.);
#11011=CARTESIAN_POINT('',(0.E0,0.E0,0.E0));
#11012=DIRECTION('',(0.E0,1.E0,0.E0));
#11013=DIRECTION('',(1.E0,0.E0,0.E0));
#11014=AXIS2_PLACEMENT_3D('',#11011,#11012,#11013);
#11015=PLANE('',#11014);
#11017=ORIENTED_EDGE('',*,*,#11016,.F.);
#11019=ORIENTED_EDGE('',*,*,#11018,.T.);
#11021=ORIENTED_EDGE('',*,*,#11020,.F.);
#11023=ORIENTED_EDGE('',*,*,#11022,.T.);
#11024=EDGE_LOOP('',(#11017,#11019,#11021,#11023));
#11025=FACE_OUTER_BOUND('',#11024,.F.);
#11027=CARTESIAN_POINT('',(0.E0,0.E0,0.E0));
#11028=DIRECTION('',(0.E0,1.E0,0.E0));
#11029=DIRECTION('',(1.E0,0.E0,0.E0));
#11030=AXIS2_PLACEMENT_3D('',#11027,#11028,#11029);
#11031=PLANE('',#11030);
#11033=ORIENTED_EDGE('',*,*,#11032,.F.);
#11035=ORIENTED_EDGE('',*,*,#11034,.T.);
#11037=ORIENTED_EDGE('',*,*,#11036,.F.);
#11039=ORIENTED_EDGE('',*,*,#11038,.T.);
#11040=EDGE_LOOP('',(#11033,#11035,#11037,#11039));
#11041=FACE_OUTER_BOUND('',#11040,.F.);
#11043=CARTESIAN_POINT('',(0.E0,0.E0,0.E0));
#11044=DIRECTION('',(0.E0,1.E0,0.E0));
#11045=DIRECTION('',(1.E0,0.E0,0.E0));
#11046=AXIS2_PLACEMENT_3D('',#11043,#11044,#11045);
#11047=PLANE('',#11046);
#11049=ORIENTED_EDGE('',*,*,#11048,.F.);
#11051=ORIENTED_EDGE('',*,*,#11050,.T.);
#11053=ORIENTED_EDGE('',*,*,#11052,.F.);
#11055=ORIENTED_EDGE('',*,*,#11054,.T.);
#11056=EDGE_LOOP('',(#11049,#11051,#11053,#11055));
#11057=FACE_OUTER_BOUND('',#11056,.F.);
#11059=CARTESIAN_POINT('',(0.E0,0.E0,0.E0));
#11060=DIRECTION('',(0.E0,1.E0,0.E0));
#11061=DIRECTION('',(1.E0,0.E0,0.E0));
#11062=AXIS2_PLACEMENT_3D('',#11059,#11060,#11061);
#11063=PLANE('',#11062);
#11065=ORIENTED_EDGE('',*,*,#11064,.F.);
#11067=ORIENTED_EDGE('',*,*,#11066,.T.);
#11069=ORIENTED_EDGE('',*,*,#11068,.F.);
#11071=ORIENTED_EDGE('',*,*,#11070,.T.);
#11072=EDGE_LOOP('',(#11065,#11067,#11069,#11071));
#11073=FACE_OUTER_BOUND('',#11072,.F.);
#11075=CARTESIAN_POINT('',(0.E0,0.E0,0.E0));
#11076=DIRECTION('',(0.E0,1.E0,0.E0));
#11077=DIRECTION('',(1.E0,0.E0,0.E0));
#11078=AXIS2_PLACEMENT_3D('',#11075,#11076,#11077);
#11079=PLANE('',#11078);
#11081=ORIENTED_EDGE('',*,*,#11080,.F.);
#11083=ORIENTED_EDGE('',*,*,#11082,.T.);
#11085=ORIENTED_EDGE('',*,*,#11084,.F.);
#11087=ORIENTED_EDGE('',*,*,#11086,.T.);
#11088=EDGE_LOOP('',(#11081,#11083,#11085,#11087));
#11089=FACE_OUTER_BOUND('',#11088,.F.);
#11091=CARTESIAN_POINT('',(0.E0,0.E0,0.E0));
#11092=DIRECTION('',(0.E0,1.E0,0.E0));
#11093=DIRECTION('',(1.E0,0.E0,0.E0));
#11094=AXIS2_PLACEMENT_3D('',#11091,#11092,#11093);
#11095=PLANE('',#11094);
#11097=ORIENTED_EDGE('',*,*,#11096,.F.);
#11099=ORIENTED_EDGE('',*,*,#11098,.T.);
#11101=ORIENTED_EDGE('',*,*,#11100,.F.);
#11103=ORIENTED_EDGE('',*,*,#11102,.T.);
#11104=EDGE_LOOP('',(#11097,#11099,#11101,#11103));
#11105=FACE_OUTER_BOUND('',#11104,.F.);
#11107=CARTESIAN_POINT('',(0.E0,0.E0,0.E0));
#11108=DIRECTION('',(0.E0,1.E0,0.E0));
#11109=DIRECTION('',(1.E0,0.E0,0.E0));
#11110=AXIS2_PLACEMENT_3D('',#11107,#11108,#11109);
#11111=PLANE('',#11110);
#11113=ORIENTED_EDGE('',*,*,#11112,.F.);
#11115=ORIENTED_EDGE('',*,*,#11114,.T.);
#11117=ORIENTED_EDGE('',*,*,#11116,.F.);
#11119=ORIENTED_EDGE('',*,*,#11118,.T.);
#11120=EDGE_LOOP('',(#11113,#11115,#11117,#11119));
#11121=FACE_OUTER_BOUND('',#11120,.F.);
#11123=CARTESIAN_POINT('',(0.E0,0.E0,0.E0));
#11124=DIRECTION('',(0.E0,1.E0,0.E0));
#11125=DIRECTION('',(1.E0,0.E0,0.E0));
#11126=AXIS2_PLACEMENT_3D('',#11123,#11124,#11125);
#11127=PLANE('',#11126);
#11129=ORIENTED_EDGE('',*,*,#11128,.F.);
#11131=ORIENTED_EDGE('',*,*,#11130,.T.);
#11133=ORIENTED_EDGE('',*,*,#11132,.F.);
#11135=ORIENTED_EDGE('',*,*,#11134,.T.);
#11136=EDGE_LOOP('',(#11129,#11131,#11133,#11135));
#11137=FACE_OUTER_BOUND('',#11136,.F.);
#11139=CARTESIAN_POINT('',(0.E0,0.E0,0.E0));
#11140=DIRECTION('',(0.E0,1.E0,0.E0));
#11141=DIRECTION('',(1.E0,0.E0,0.E0));
#11142=AXIS2_PLACEMENT_3D('',#11139,#11140,#11141);
#11143=PLANE('',#11142);
#11145=ORIENTED_EDGE('',*,*,#11144,.F.);
#11147=ORIENTED_EDGE('',*,*,#11146,.T.);
#11149=ORIENTED_EDGE('',*,*,#11148,.F.);
#11151=ORIENTED_EDGE('',*,*,#11150,.T.);
#11152=EDGE_LOOP('',(#11145,#11147,#11149,#11151));
#11153=FACE_OUTER_BOUND('',#11152,.F.);
#11155=CARTESIAN_POINT('',(0.E0,0.E0,0.E0));
#11156=DIRECTION('',(0.E0,1.E0,0.E0));
#11157=DIRECTION('',(1.E0,0.E0,0.E0));
#11158=AXIS2_PLACEMENT_3D('',#11155,#11156,#11157);
#11159=PLANE('',#11158);
#11161=ORIENTED_EDGE('',*,*,#11160,.F.);
#11163=ORIENTED_EDGE('',*,*,#11162,.T.);
#11165=ORIENTED_EDGE('',*,*,#11164,.F.);
#11167=ORIENTED_EDGE('',*,*,#11166,.T.);
#11168=EDGE_LOOP('',(#11161,#11163,#11165,#11167));
#11169=FACE_OUTER_BOUND('',#11168,.F.);
#11171=CARTESIAN_POINT('',(0.E0,0.E0,0.E0));
#11172=DIRECTION('',(0.E0,1.E0,0.E0));
#11173=DIRECTION('',(1.E0,0.E0,0.E0));
#11174=AXIS2_PLACEMENT_3D('',#11171,#11172,#11173);
#11175=PLANE('',#11174);
#11177=ORIENTED_EDGE('',*,*,#11176,.F.);
#11179=ORIENTED_EDGE('',*,*,#11178,.T.);
#11181=ORIENTED_EDGE('',*,*,#11180,.F.);
#11183=ORIENTED_EDGE('',*,*,#11182,.T.);
#11184=EDGE_LOOP('',(#11177,#11179,#11181,#11183));
#11185=FACE_OUTER_BOUND('',#11184,.F.);
#11187=CARTESIAN_POINT('',(0.E0,0.E0,0.E0));
#11188=DIRECTION('',(0.E0,1.E0,0.E0));
#11189=DIRECTION('',(1.E0,0.E0,0.E0));
#11190=AXIS2_PLACEMENT_3D('',#11187,#11188,#11189);
#11191=PLANE('',#11190);
#11193=ORIENTED_EDGE('',*,*,#11192,.F.);
#11195=ORIENTED_EDGE('',*,*,#11194,.T.);
#11197=ORIENTED_EDGE('',*,*,#11196,.F.);
#11199=ORIENTED_EDGE('',*,*,#11198,.T.);
#11200=EDGE_LOOP('',(#11193,#11195,#11197,#11199));
#11201=FACE_OUTER_BOUND('',#11200,.F.);
#11203=CARTESIAN_POINT('',(0.E0,0.E0,0.E0));
#11204=DIRECTION('',(0.E0,1.E0,0.E0));
#11205=DIRECTION('',(1.E0,0.E0,0.E0));
#11206=AXIS2_PLACEMENT_3D('',#11203,#11204,#11205);
#11207=PLANE('',#11206);
#11209=ORIENTED_EDGE('',*,*,#11208,.F.);
#11211=ORIENTED_EDGE('',*,*,#11210,.T.);
#11213=ORIENTED_EDGE('',*,*,#11212,.F.);
#11215=ORIENTED_EDGE('',*,*,#11214,.T.);
#11216=EDGE_LOOP('',(#11209,#11211,#11213,#11215));
#11217=FACE_OUTER_BOUND('',#11216,.F.);
#11219=CARTESIAN_POINT('',(0.E0,0.E0,0.E0));
#11220=DIRECTION('',(0.E0,1.E0,0.E0));
#11221=DIRECTION('',(1.E0,0.E0,0.E0));
#11222=AXIS2_PLACEMENT_3D('',#11219,#11220,#11221);
#11223=PLANE('',#11222);
#11225=ORIENTED_EDGE('',*,*,#11224,.F.);
#11227=ORIENTED_EDGE('',*,*,#11226,.T.);
#11229=ORIENTED_EDGE('',*,*,#11228,.F.);
#11231=ORIENTED_EDGE('',*,*,#11230,.T.);
#11232=EDGE_LOOP('',(#11225,#11227,#11229,#11231));
#11233=FACE_OUTER_BOUND('',#11232,.F.);
#11235=CARTESIAN_POINT('',(0.E0,0.E0,0.E0));
#11236=DIRECTION('',(0.E0,1.E0,0.E0));
#11237=DIRECTION('',(1.E0,0.E0,0.E0));
#11238=AXIS2_PLACEMENT_3D('',#11235,#11236,#11237);
#11239=PLANE('',#11238);
#11241=ORIENTED_EDGE('',*,*,#11240,.F.);
#11243=ORIENTED_EDGE('',*,*,#11242,.T.);
#11245=ORIENTED_EDGE('',*,*,#11244,.F.);
#11247=ORIENTED_EDGE('',*,*,#11246,.T.);
#11248=EDGE_LOOP('',(#11241,#11243,#11245,#11247));
#11249=FACE_OUTER_BOUND('',#11248,.F.);
#11251=CARTESIAN_POINT('',(0.E0,0.E0,0.E0));
#11252=DIRECTION('',(0.E0,1.E0,0.E0));
#11253=DIRECTION('',(1.E0,0.E0,0.E0));
#11254=AXIS2_PLACEMENT_3D('',#11251,#11252,#11253);
#11255=PLANE('',#11254);
#11257=ORIENTED_EDGE('',*,*,#11256,.F.);
#11259=ORIENTED_EDGE('',*,*,#11258,.T.);
#11261=ORIENTED_EDGE('',*,*,#11260,.F.);
#11263=ORIENTED_EDGE('',*,*,#11262,.T.);
#11264=EDGE_LOOP('',(#11257,#11259,#11261,#11263));
#11265=FACE_OUTER_BOUND('',#11264,.F.);
#11267=CARTESIAN_POINT('',(0.E0,0.E0,0.E0));
#11268=DIRECTION('',(0.E0,1.E0,0.E0));
#11269=DIRECTION('',(1.E0,0.E0,0.E0));
#11270=AXIS2_PLACEMENT_3D('',#11267,#11268,#11269);
#11271=PLANE('',#11270);
#11273=ORIENTED_EDGE('',*,*,#11272,.F.);
#11275=ORIENTED_EDGE('',*,*,#11274,.T.);
#11277=ORIENTED_EDGE('',*,*,#11276,.F.);
#11279=ORIENTED_EDGE('',*,*,#11278,.T.);
#11280=EDGE_LOOP('',(#11273,#11275,#11277,#11279));
#11281=FACE_OUTER_BOUND('',#11280,.F.);
#11283=CARTESIAN_POINT('',(0.E0,0.E0,0.E0));
#11284=DIRECTION('',(0.E0,1.E0,0.E0));
#11285=DIRECTION('',(1.E0,0.E0,0.E0));
#11286=AXIS2_PLACEMENT_3D('',#11283,#11284,#11285);
#11287=PLANE('',#11286);
#11289=ORIENTED_EDGE('',*,*,#11288,.F.);
#11291=ORIENTED_EDGE('',*,*,#11290,.T.);
#11293=ORIENTED_EDGE('',*,*,#11292,.F.);
#11295=ORIENTED_EDGE('',*,*,#11294,.T.);
#11296=EDGE_LOOP('',(#11289,#11291,#11293,#11295));
#11297=FACE_OUTER_BOUND('',#11296,.F.);
#11299=CARTESIAN_POINT('',(0.E0,0.E0,0.E0));
#11300=DIRECTION('',(0.E0,1.E0,0.E0));
#11301=DIRECTION('',(1.E0,0.E0,0.E0));
#11302=AXIS2_PLACEMENT_3D('',#11299,#11300,#11301);
#11303=PLANE('',#11302);
#11305=ORIENTED_EDGE('',*,*,#11304,.F.);
#11307=ORIENTED_EDGE('',*,*,#11306,.T.);
#11309=ORIENTED_EDGE('',*,*,#11308,.F.);
#11311=ORIENTED_EDGE('',*,*,#11310,.T.);
#11312=EDGE_LOOP('',(#11305,#11307,#11309,#11311));
#11313=FACE_OUTER_BOUND('',#11312,.F.);
#11315=CARTESIAN_POINT('',(0.E0,0.E0,0.E0));
#11316=DIRECTION('',(0.E0,1.E0,0.E0));
#11317=DIRECTION('',(1.E0,0.E0,0.E0));
#11318=AXIS2_PLACEMENT_3D('',#11315,#11316,#11317);
#11319=PLANE('',#11318);
#11321=ORIENTED_EDGE('',*,*,#11320,.F.);
#11323=ORIENTED_EDGE('',*,*,#11322,.T.);
#11325=ORIENTED_EDGE('',*,*,#11324,.F.);
#11327=ORIENTED_EDGE('',*,*,#11326,.T.);
#11328=EDGE_LOOP('',(#11321,#11323,#11325,#11327));
#11329=FACE_OUTER_BOUND('',#11328,.F.);
#11331=CARTESIAN_POINT('',(0.E0,0.E0,0.E0));
#11332=DIRECTION('',(0.E0,1.E0,0.E0));
#11333=DIRECTION('',(1.E0,0.E0,0.E0));
#11334=AXIS2_PLACEMENT_3D('',#11331,#11332,#11333);
#11335=PLANE('',#11334);
#11337=ORIENTED_EDGE('',*,*,#11336,.F.);
#11339=ORIENTED_EDGE('',*,*,#11338,.T.);
#11341=ORIENTED_EDGE('',*,*,#11340,.F.);
#11343=ORIENTED_EDGE('',*,*,#11342,.T.);
#11344=EDGE_LOOP('',(#11337,#11339,#11341,#11343));
#11345=FACE_OUTER_BOUND('',#11344,.F.);
#11347=CARTESIAN_POINT('',(0.E0,-1.210629920864E-2,0.E0));
#11348=DIRECTION('',(0.E0,-1.E0,0.E0));
#11349=DIRECTION('',(0.E0,0.E0,-1.E0));
#11350=AXIS2_PLACEMENT_3D('',#11347,#11348,#11349);
#11351=CONICAL_SURFACE('',#11350,1.247348171707E0,4.5E1);
#11352=ORIENTED_EDGE('',*,*,#10279,.T.);
#11354=ORIENTED_EDGE('',*,*,#11353,.T.);
#11355=ORIENTED_EDGE('',*,*,#10586,.T.);
#11357=ORIENTED_EDGE('',*,*,#11356,.T.);
#11358=ORIENTED_EDGE('',*,*,#10602,.T.);
#11360=ORIENTED_EDGE('',*,*,#11359,.T.);
#11361=ORIENTED_EDGE('',*,*,#10618,.T.);
#11363=ORIENTED_EDGE('',*,*,#11362,.T.);
#11364=ORIENTED_EDGE('',*,*,#10634,.T.);
#11366=ORIENTED_EDGE('',*,*,#11365,.T.);
#11367=ORIENTED_EDGE('',*,*,#10650,.T.);
#11369=ORIENTED_EDGE('',*,*,#11368,.T.);
#11370=ORIENTED_EDGE('',*,*,#10666,.T.);
#11372=ORIENTED_EDGE('',*,*,#11371,.T.);
#11373=ORIENTED_EDGE('',*,*,#10682,.T.);
#11375=ORIENTED_EDGE('',*,*,#11374,.T.);
#11376=ORIENTED_EDGE('',*,*,#10698,.T.);
#11378=ORIENTED_EDGE('',*,*,#11377,.T.);
#11379=ORIENTED_EDGE('',*,*,#10714,.T.);
#11381=ORIENTED_EDGE('',*,*,#11380,.T.);
#11382=ORIENTED_EDGE('',*,*,#10730,.T.);
#11384=ORIENTED_EDGE('',*,*,#11383,.T.);
#11385=ORIENTED_EDGE('',*,*,#10746,.T.);
#11387=ORIENTED_EDGE('',*,*,#11386,.T.);
#11388=ORIENTED_EDGE('',*,*,#10762,.T.);
#11390=ORIENTED_EDGE('',*,*,#11389,.T.);
#11391=ORIENTED_EDGE('',*,*,#10776,.T.);
#11393=ORIENTED_EDGE('',*,*,#11392,.T.);
#11394=ORIENTED_EDGE('',*,*,#10792,.T.);
#11396=ORIENTED_EDGE('',*,*,#11395,.T.);
#11397=ORIENTED_EDGE('',*,*,#10808,.T.);
#11399=ORIENTED_EDGE('',*,*,#11398,.T.);
#11400=ORIENTED_EDGE('',*,*,#11064,.T.);
#11402=ORIENTED_EDGE('',*,*,#11401,.T.);
#11403=ORIENTED_EDGE('',*,*,#11080,.T.);
#11405=ORIENTED_EDGE('',*,*,#11404,.T.);
#11406=ORIENTED_EDGE('',*,*,#11096,.T.);
#11408=ORIENTED_EDGE('',*,*,#11407,.T.);
#11409=ORIENTED_EDGE('',*,*,#11112,.T.);
#11411=ORIENTED_EDGE('',*,*,#11410,.T.);
#11412=ORIENTED_EDGE('',*,*,#11128,.T.);
#11414=ORIENTED_EDGE('',*,*,#11413,.T.);
#11415=ORIENTED_EDGE('',*,*,#11144,.T.);
#11417=ORIENTED_EDGE('',*,*,#11416,.T.);
#11418=ORIENTED_EDGE('',*,*,#11160,.T.);
#11420=ORIENTED_EDGE('',*,*,#11419,.T.);
#11421=ORIENTED_EDGE('',*,*,#11176,.T.);
#11423=ORIENTED_EDGE('',*,*,#11422,.T.);
#11424=ORIENTED_EDGE('',*,*,#11192,.T.);
#11426=ORIENTED_EDGE('',*,*,#11425,.T.);
#11427=ORIENTED_EDGE('',*,*,#11208,.T.);
#11429=ORIENTED_EDGE('',*,*,#11428,.T.);
#11430=ORIENTED_EDGE('',*,*,#11224,.T.);
#11432=ORIENTED_EDGE('',*,*,#11431,.T.);
#11433=ORIENTED_EDGE('',*,*,#11240,.T.);
#11435=ORIENTED_EDGE('',*,*,#11434,.T.);
#11436=ORIENTED_EDGE('',*,*,#11256,.T.);
#11438=ORIENTED_EDGE('',*,*,#11437,.T.);
#11439=ORIENTED_EDGE('',*,*,#11272,.T.);
#11441=ORIENTED_EDGE('',*,*,#11440,.T.);
#11442=ORIENTED_EDGE('',*,*,#11288,.T.);
#11444=ORIENTED_EDGE('',*,*,#11443,.T.);
#11445=ORIENTED_EDGE('',*,*,#11304,.T.);
#11447=ORIENTED_EDGE('',*,*,#11446,.T.);
#11448=ORIENTED_EDGE('',*,*,#11320,.T.);
#11450=ORIENTED_EDGE('',*,*,#11449,.T.);
#11451=ORIENTED_EDGE('',*,*,#11336,.T.);
#11452=ORIENTED_EDGE('',*,*,#10239,.T.);
#11453=ORIENTED_EDGE('',*,*,#10299,.T.);
#11455=ORIENTED_EDGE('',*,*,#11454,.T.);
#11457=ORIENTED_EDGE('',*,*,#11456,.F.);
#11459=ORIENTED_EDGE('',*,*,#11458,.F.);
#11460=EDGE_LOOP('',(#11352,#11354,#11355,#11357,#11358,#11360,#11361,#11363,
#11364,#11366,#11367,#11369,#11370,#11372,#11373,#11375,#11376,#11378,#11379,
#11381,#11382,#11384,#11385,#11387,#11388,#11390,#11391,#11393,#11394,#11396,
#11397,#11399,#11400,#11402,#11403,#11405,#11406,#11408,#11409,#11411,#11412,
#11414,#11415,#11417,#11418,#11420,#11421,#11423,#11424,#11426,#11427,#11429,
#11430,#11432,#11433,#11435,#11436,#11438,#11439,#11441,#11442,#11444,#11445,
#11447,#11448,#11450,#11451,#11452,#11453,#11455,#11457,#11459));
#11461=FACE_OUTER_BOUND('',#11460,.F.);
#11463=CARTESIAN_POINT('',(0.E0,2.519685039370E-1,0.E0));
#11464=DIRECTION('',(0.E0,1.E0,0.E0));
#11465=DIRECTION('',(-2.344257360326E-2,0.E0,-9.997251851098E-1));
#11466=AXIS2_PLACEMENT_3D('',#11463,#11464,#11465);
#11467=CYLINDRICAL_SURFACE('',#11466,1.235241872499E0);
#11469=ORIENTED_EDGE('',*,*,#11468,.F.);
#11470=ORIENTED_EDGE('',*,*,#10219,.F.);
#11472=ORIENTED_EDGE('',*,*,#11471,.T.);
#11473=ORIENTED_EDGE('',*,*,#11353,.F.);
#11474=EDGE_LOOP('',(#11469,#11470,#11472,#11473));
#11475=FACE_OUTER_BOUND('',#11474,.F.);
#11477=CARTESIAN_POINT('',(-1.224904128022E0,2.519685039370E-1,
1.577100663167E-2));
#11478=DIRECTION('',(0.E0,1.E0,0.E0));
#11479=DIRECTION('',(-2.344257360326E-2,0.E0,-9.997251851098E-1));
#11480=AXIS2_PLACEMENT_3D('',#11477,#11478,#11479);
#11481=CYLINDRICAL_SURFACE('',#11480,1.023622047244E-2);
#11482=ORIENTED_EDGE('',*,*,#9066,.T.);
#11483=ORIENTED_EDGE('',*,*,#11468,.T.);
#11484=ORIENTED_EDGE('',*,*,#10287,.F.);
#11486=ORIENTED_EDGE('',*,*,#11485,.F.);
#11487=EDGE_LOOP('',(#11482,#11483,#11484,#11486));
#11488=FACE_OUTER_BOUND('',#11487,.F.);
#11490=CARTESIAN_POINT('',(-1.223094631862E0,2.519685039370E-1,
-2.868036772329E-2));
#11491=DIRECTION('',(0.E0,1.E0,0.E0));
#11492=DIRECTION('',(-2.344257360326E-2,0.E0,-9.997251851098E-1));
#11493=AXIS2_PLACEMENT_3D('',#11490,#11491,#11492);
#11494=CYLINDRICAL_SURFACE('',#11493,3.425196850394E-2);
#11495=ORIENTED_EDGE('',*,*,#10285,.T.);
#11497=ORIENTED_EDGE('',*,*,#11496,.F.);
#11498=ORIENTED_EDGE('',*,*,#9068,.F.);
#11499=ORIENTED_EDGE('',*,*,#11485,.T.);
#11500=EDGE_LOOP('',(#11495,#11497,#11498,#11499));
#11501=FACE_OUTER_BOUND('',#11500,.F.);
#11503=CARTESIAN_POINT('',(-1.222818602704E0,2.519685039370E-1,
-7.316770037318E-2));
#11504=DIRECTION('',(0.E0,1.E0,0.E0));
#11505=DIRECTION('',(-2.344257360326E-2,0.E0,-9.997251851098E-1));
#11506=AXIS2_PLACEMENT_3D('',#11503,#11504,#11505);
#11507=CYLINDRICAL_SURFACE('',#11506,1.023622047244E-2);
#11508=ORIENTED_EDGE('',*,*,#9070,.T.);
#11509=ORIENTED_EDGE('',*,*,#11496,.T.);
#11510=ORIENTED_EDGE('',*,*,#10283,.F.);
#11512=ORIENTED_EDGE('',*,*,#11511,.F.);
#11513=EDGE_LOOP('',(#11508,#11509,#11510,#11512));
#11514=FACE_OUTER_BOUND('',#11513,.F.);
#11516=CARTESIAN_POINT('',(0.E0,2.519685039370E-1,0.E0));
#11517=DIRECTION('',(0.E0,1.E0,0.E0));
#11518=DIRECTION('',(7.027618894529E-2,0.E0,-9.975275721840E-1));
#11519=AXIS2_PLACEMENT_3D('',#11516,#11517,#11518);
#11520=CYLINDRICAL_SURFACE('',#11519,1.235241872499E0);
#11522=ORIENTED_EDGE('',*,*,#11521,.F.);
#11524=ORIENTED_EDGE('',*,*,#11523,.F.);
#11525=ORIENTED_EDGE('',*,*,#11511,.T.);
#11527=ORIENTED_EDGE('',*,*,#11526,.F.);
#11528=EDGE_LOOP('',(#11522,#11524,#11525,#11527));
#11529=FACE_OUTER_BOUND('',#11528,.F.);
#11531=CARTESIAN_POINT('',(-1.220998697815E0,2.519685039370E-1,
-9.900013853981E-2));
#11532=DIRECTION('',(0.E0,1.E0,0.E0));
#11533=DIRECTION('',(7.027618894529E-2,0.E0,-9.975275721840E-1));
#11534=AXIS2_PLACEMENT_3D('',#11531,#11532,#11533);
#11535=CYLINDRICAL_SURFACE('',#11534,1.023622047244E-2);
#11536=ORIENTED_EDGE('',*,*,#9335,.T.);
#11537=ORIENTED_EDGE('',*,*,#11521,.T.);
#11538=ORIENTED_EDGE('',*,*,#10568,.F.);
#11540=ORIENTED_EDGE('',*,*,#11539,.F.);
#11541=EDGE_LOOP('',(#11536,#11537,#11538,#11540));
#11542=FACE_OUTER_BOUND('',#11541,.F.);
#11544=CARTESIAN_POINT('',(-1.215034659707E0,2.519685039370E-1,
-1.430867488410E-1));
#11545=DIRECTION('',(0.E0,1.E0,0.E0));
#11546=DIRECTION('',(7.027618894529E-2,0.E0,-9.975275721840E-1));
#11547=AXIS2_PLACEMENT_3D('',#11544,#11545,#11546);
#11548=CYLINDRICAL_SURFACE('',#11547,3.425196850394E-2);
#11549=ORIENTED_EDGE('',*,*,#10574,.T.);
#11551=ORIENTED_EDGE('',*,*,#11550,.F.);
#11552=ORIENTED_EDGE('',*,*,#9337,.F.);
#11553=ORIENTED_EDGE('',*,*,#11539,.T.);
#11554=EDGE_LOOP('',(#11549,#11551,#11552,#11553));
#11555=FACE_OUTER_BOUND('',#11554,.F.);
#11557=CARTESIAN_POINT('',(-1.210593983331E0,2.519685039370E-1,
-1.873527555698E-1));
#11558=DIRECTION('',(0.E0,1.E0,0.E0));
#11559=DIRECTION('',(7.027618894529E-2,0.E0,-9.975275721840E-1));
#11560=AXIS2_PLACEMENT_3D('',#11557,#11558,#11559);
#11561=CYLINDRICAL_SURFACE('',#11560,1.023622047244E-2);
#11562=ORIENTED_EDGE('',*,*,#9339,.T.);
#11563=ORIENTED_EDGE('',*,*,#11550,.T.);
#11564=ORIENTED_EDGE('',*,*,#10572,.F.);
#11566=ORIENTED_EDGE('',*,*,#11565,.F.);
#11567=EDGE_LOOP('',(#11562,#11563,#11564,#11566));
#11568=FACE_OUTER_BOUND('',#11567,.F.);
#11570=CARTESIAN_POINT('',(0.E0,2.519685039370E-1,0.E0));
#11571=DIRECTION('',(0.E0,1.E0,0.E0));
#11572=DIRECTION('',(1.633773618185E-1,0.E0,-9.865636510865E-1));
#11573=AXIS2_PLACEMENT_3D('',#11570,#11571,#11572);
#11574=CYLINDRICAL_SURFACE('',#11573,1.235241872499E0);
#11576=ORIENTED_EDGE('',*,*,#11575,.F.);
#11578=ORIENTED_EDGE('',*,*,#11577,.F.);
#11579=ORIENTED_EDGE('',*,*,#11565,.T.);
#11581=ORIENTED_EDGE('',*,*,#11580,.F.);
#11582=EDGE_LOOP('',(#11576,#11578,#11579,#11581));
#11583=FACE_OUTER_BOUND('',#11582,.F.);
#11585=CARTESIAN_POINT('',(-1.206363087149E0,2.519685039370E-1,
-2.129012669341E-1));
#11586=DIRECTION('',(0.E0,1.E0,0.E0));
#11587=DIRECTION('',(1.633773618185E-1,0.E0,-9.865636510865E-1));
#11588=AXIS2_PLACEMENT_3D('',#11585,#11586,#11587);
#11589=CYLINDRICAL_SURFACE('',#11588,1.023622047244E-2);
#11590=ORIENTED_EDGE('',*,*,#9319,.T.);
#11591=ORIENTED_EDGE('',*,*,#11575,.T.);
#11592=ORIENTED_EDGE('',*,*,#10552,.F.);
#11594=ORIENTED_EDGE('',*,*,#11593,.F.);
#11595=EDGE_LOOP('',(#11590,#11591,#11592,#11594));
#11596=FACE_OUTER_BOUND('',#11595,.F.);
#11598=CARTESIAN_POINT('',(-1.196296919274E0,2.519685039370E-1,
-2.562356784650E-1));
#11599=DIRECTION('',(0.E0,1.E0,0.E0));
#11600=DIRECTION('',(1.633773618185E-1,0.E0,-9.865636510865E-1));
#11601=AXIS2_PLACEMENT_3D('',#11598,#11599,#11600);
#11602=CYLINDRICAL_SURFACE('',#11601,3.425196850394E-2);
#11603=ORIENTED_EDGE('',*,*,#10558,.T.);
#11605=ORIENTED_EDGE('',*,*,#11604,.F.);
#11606=ORIENTED_EDGE('',*,*,#9321,.F.);
#11607=ORIENTED_EDGE('',*,*,#11593,.T.);
#11608=EDGE_LOOP('',(#11603,#11605,#11606,#11607));
#11609=FACE_OUTER_BOUND('',#11608,.F.);
#11611=CARTESIAN_POINT('',(-1.187730620504E0,2.519685039370E-1,
-2.998913480140E-1));
#11612=DIRECTION('',(0.E0,1.E0,0.E0));
#11613=DIRECTION('',(1.633773618185E-1,0.E0,-9.865636510865E-1));
#11614=AXIS2_PLACEMENT_3D('',#11611,#11612,#11613);
#11615=CYLINDRICAL_SURFACE('',#11614,1.023622047244E-2);
#11616=ORIENTED_EDGE('',*,*,#9323,.T.);
#11617=ORIENTED_EDGE('',*,*,#11604,.T.);
#11618=ORIENTED_EDGE('',*,*,#10556,.F.);
#11620=ORIENTED_EDGE('',*,*,#11619,.F.);
#11621=EDGE_LOOP('',(#11616,#11617,#11618,#11620));
#11622=FACE_OUTER_BOUND('',#11621,.F.);
#11624=CARTESIAN_POINT('',(0.E0,2.519685039370E-1,0.E0));
#11625=DIRECTION('',(0.E0,1.E0,0.E0));
#11626=DIRECTION('',(2.550427685617E-1,0.E0,-9.669297731503E-1));
#11627=AXIS2_PLACEMENT_3D('',#11624,#11625,#11626);
#11628=CYLINDRICAL_SURFACE('',#11627,1.235241872499E0);
#11630=ORIENTED_EDGE('',*,*,#11629,.F.);
#11632=ORIENTED_EDGE('',*,*,#11631,.F.);
#11633=ORIENTED_EDGE('',*,*,#11619,.T.);
#11635=ORIENTED_EDGE('',*,*,#11634,.F.);
#11636=EDGE_LOOP('',(#11630,#11632,#11633,#11635));
#11637=FACE_OUTER_BOUND('',#11636,.F.);
#11639=CARTESIAN_POINT('',(-1.181125914296E0,2.519685039370E-1,
-3.249314113395E-1));
#11640=DIRECTION('',(0.E0,1.E0,0.E0));
#11641=DIRECTION('',(2.550427685617E-1,0.E0,-9.669297731503E-1));
#11642=AXIS2_PLACEMENT_3D('',#11639,#11640,#11641);
#11643=CYLINDRICAL_SURFACE('',#11642,1.023622047244E-2);
#11644=ORIENTED_EDGE('',*,*,#9303,.T.);
#11645=ORIENTED_EDGE('',*,*,#11629,.T.);
#11646=ORIENTED_EDGE('',*,*,#10536,.F.);
#11648=ORIENTED_EDGE('',*,*,#11647,.F.);
#11649=EDGE_LOOP('',(#11644,#11645,#11646,#11648));
#11650=FACE_OUTER_BOUND('',#11649,.F.);
#11652=CARTESIAN_POINT('',(-1.167046078500E0,2.519685039370E-1,
-3.671327997334E-1));
#11653=DIRECTION('',(0.E0,1.E0,0.E0));
#11654=DIRECTION('',(2.550427685617E-1,0.E0,-9.669297731503E-1));
#11655=AXIS2_PLACEMENT_3D('',#11652,#11653,#11654);
#11656=CYLINDRICAL_SURFACE('',#11655,3.425196850394E-2);
#11657=ORIENTED_EDGE('',*,*,#10542,.T.);
#11659=ORIENTED_EDGE('',*,*,#11658,.F.);
#11660=ORIENTED_EDGE('',*,*,#9305,.F.);
#11661=ORIENTED_EDGE('',*,*,#11647,.T.);
#11662=EDGE_LOOP('',(#11657,#11659,#11660,#11661));
#11663=FACE_OUTER_BOUND('',#11662,.F.);
#11665=CARTESIAN_POINT('',(-1.154429438278E0,2.519685039370E-1,
-4.097944845090E-1));
#11666=DIRECTION('',(0.E0,1.E0,0.E0));
#11667=DIRECTION('',(2.550427685617E-1,0.E0,-9.669297731503E-1));
#11668=AXIS2_PLACEMENT_3D('',#11665,#11666,#11667);
#11669=CYLINDRICAL_SURFACE('',#11668,1.023622047244E-2);
#11670=ORIENTED_EDGE('',*,*,#9307,.T.);
#11671=ORIENTED_EDGE('',*,*,#11658,.T.);
#11672=ORIENTED_EDGE('',*,*,#10540,.F.);
#11674=ORIENTED_EDGE('',*,*,#11673,.F.);
#11675=EDGE_LOOP('',(#11670,#11671,#11672,#11674));
#11676=FACE_OUTER_BOUND('',#11675,.F.);
#11678=CARTESIAN_POINT('',(0.E0,2.519685039370E-1,0.E0));
#11679=DIRECTION('',(0.E0,1.E0,0.E0));
#11680=DIRECTION('',(3.444668502843E-1,0.E0,-9.387984816004E-1));
#11681=AXIS2_PLACEMENT_3D('',#11678,#11679,#11680);
#11682=CYLINDRICAL_SURFACE('',#11681,1.235241872499E0);
#11684=ORIENTED_EDGE('',*,*,#11683,.F.);
#11686=ORIENTED_EDGE('',*,*,#11685,.F.);
#11687=ORIENTED_EDGE('',*,*,#11673,.T.);
#11689=ORIENTED_EDGE('',*,*,#11688,.F.);
#11690=EDGE_LOOP('',(#11684,#11686,#11687,#11689));
#11691=FACE_OUTER_BOUND('',#11690,.F.);
#11693=CARTESIAN_POINT('',(-1.145508964440E0,2.519685039370E-1,
-4.341060468187E-1));
#11694=DIRECTION('',(0.E0,1.E0,0.E0));
#11695=DIRECTION('',(3.444668502843E-1,0.E0,-9.387984816004E-1));
#11696=AXIS2_PLACEMENT_3D('',#11693,#11694,#11695);
#11697=CYLINDRICAL_SURFACE('',#11696,1.023622047244E-2);
#11698=ORIENTED_EDGE('',*,*,#9287,.T.);
#11699=ORIENTED_EDGE('',*,*,#11683,.T.);
#11700=ORIENTED_EDGE('',*,*,#10520,.F.);
#11702=ORIENTED_EDGE('',*,*,#11701,.F.);
#11703=EDGE_LOOP('',(#11698,#11699,#11700,#11702));
#11704=FACE_OUTER_BOUND('',#11703,.F.);
#11706=CARTESIAN_POINT('',(-1.127539194826E0,2.519685039370E-1,
-4.748035447570E-1));
#11707=DIRECTION('',(0.E0,1.E0,0.E0));
#11708=DIRECTION('',(3.444668502843E-1,0.E0,-9.387984816004E-1));
#11709=AXIS2_PLACEMENT_3D('',#11706,#11707,#11708);
#11710=CYLINDRICAL_SURFACE('',#11709,3.425196850394E-2);
#11711=ORIENTED_EDGE('',*,*,#10526,.T.);
#11713=ORIENTED_EDGE('',*,*,#11712,.F.);
#11714=ORIENTED_EDGE('',*,*,#9289,.F.);
#11715=ORIENTED_EDGE('',*,*,#11701,.T.);
#11716=EDGE_LOOP('',(#11711,#11713,#11714,#11715));
#11717=FACE_OUTER_BOUND('',#11716,.F.);
#11719=CARTESIAN_POINT('',(-1.110983088639E0,2.519685039370E-1,
-5.160963323393E-1));
#11720=DIRECTION('',(0.E0,1.E0,0.E0));
#11721=DIRECTION('',(3.444668502843E-1,0.E0,-9.387984816004E-1));
#11722=AXIS2_PLACEMENT_3D('',#11719,#11720,#11721);
#11723=CYLINDRICAL_SURFACE('',#11722,1.023622047244E-2);
#11724=ORIENTED_EDGE('',*,*,#9291,.T.);
#11725=ORIENTED_EDGE('',*,*,#11712,.T.);
#11726=ORIENTED_EDGE('',*,*,#10524,.F.);
#11728=ORIENTED_EDGE('',*,*,#11727,.F.);
#11729=EDGE_LOOP('',(#11724,#11725,#11726,#11728));
#11730=FACE_OUTER_BOUND('',#11729,.F.);
#11732=CARTESIAN_POINT('',(0.E0,2.519685039370E-1,0.E0));
#11733=DIRECTION('',(0.E0,1.E0,0.E0));
#11734=DIRECTION('',(4.308637449410E-1,0.E0,-9.024169952386E-1));
#11735=AXIS2_PLACEMENT_3D('',#11732,#11733,#11734);
#11736=CYLINDRICAL_SURFACE('',#11735,1.235241872499E0);
#11738=ORIENTED_EDGE('',*,*,#11737,.F.);
#11740=ORIENTED_EDGE('',*,*,#11739,.F.);
#11741=ORIENTED_EDGE('',*,*,#11727,.T.);
#11743=ORIENTED_EDGE('',*,*,#11742,.F.);
#11744=EDGE_LOOP('',(#11738,#11740,#11741,#11743));
#11745=FACE_OUTER_BOUND('',#11744,.F.);
#11747=CARTESIAN_POINT('',(-1.099825240616E0,2.519685039370E-1,
-5.394657427497E-1));
#11748=DIRECTION('',(0.E0,1.E0,0.E0));
#11749=DIRECTION('',(4.308637449410E-1,0.E0,-9.024169952386E-1));
#11750=AXIS2_PLACEMENT_3D('',#11747,#11748,#11749);
#11751=CYLINDRICAL_SURFACE('',#11750,1.023622047244E-2);
#11752=ORIENTED_EDGE('',*,*,#9271,.T.);
#11753=ORIENTED_EDGE('',*,*,#11737,.T.);
#11754=ORIENTED_EDGE('',*,*,#10504,.F.);
#11756=ORIENTED_EDGE('',*,*,#11755,.F.);
#11757=EDGE_LOOP('',(#11752,#11753,#11754,#11756));
#11758=FACE_OUTER_BOUND('',#11757,.F.);
#11760=CARTESIAN_POINT('',(-1.078123456166E0,2.519685039370E-1,
-5.783016991572E-1));
#11761=DIRECTION('',(0.E0,1.E0,0.E0));
#11762=DIRECTION('',(4.308637449410E-1,0.E0,-9.024169952386E-1));
#11763=AXIS2_PLACEMENT_3D('',#11760,#11761,#11762);
#11764=CYLINDRICAL_SURFACE('',#11763,3.425196850394E-2);
#11765=ORIENTED_EDGE('',*,*,#10510,.T.);
#11767=ORIENTED_EDGE('',*,*,#11766,.F.);
#11768=ORIENTED_EDGE('',*,*,#9273,.F.);
#11769=ORIENTED_EDGE('',*,*,#11755,.T.);
#11770=EDGE_LOOP('',(#11765,#11767,#11768,#11769));
#11771=FACE_OUTER_BOUND('',#11770,.F.);
#11773=CARTESIAN_POINT('',(-1.057773379671E0,2.519685039370E-1,
-6.178627070443E-1));
#11774=DIRECTION('',(0.E0,1.E0,0.E0));
#11775=DIRECTION('',(4.308637449410E-1,0.E0,-9.024169952386E-1));
#11776=AXIS2_PLACEMENT_3D('',#11773,#11774,#11775);
#11777=CYLINDRICAL_SURFACE('',#11776,1.023622047244E-2);
#11778=ORIENTED_EDGE('',*,*,#9275,.T.);
#11779=ORIENTED_EDGE('',*,*,#11766,.T.);
#11780=ORIENTED_EDGE('',*,*,#10508,.F.);
#11782=ORIENTED_EDGE('',*,*,#11781,.F.);
#11783=EDGE_LOOP('',(#11778,#11779,#11780,#11782));
#11784=FACE_OUTER_BOUND('',#11783,.F.);
#11786=CARTESIAN_POINT('',(0.E0,2.519685039370E-1,0.E0));
#11787=DIRECTION('',(0.E0,1.E0,0.E0));
#11788=DIRECTION('',(5.134741935148E-1,0.E0,-8.581050358751E-1));
#11789=AXIS2_PLACEMENT_3D('',#11786,#11787,#11788);
#11790=CYLINDRICAL_SURFACE('',#11789,1.235241872499E0);
#11792=ORIENTED_EDGE('',*,*,#11791,.F.);
#11794=ORIENTED_EDGE('',*,*,#11793,.F.);
#11795=ORIENTED_EDGE('',*,*,#11781,.T.);
#11797=ORIENTED_EDGE('',*,*,#11796,.F.);
#11798=EDGE_LOOP('',(#11792,#11794,#11795,#11797));
#11799=FACE_OUTER_BOUND('',#11798,.F.);
#11801=CARTESIAN_POINT('',(-1.044476213032E0,2.519685039370E-1,
-6.400845943362E-1));
#11802=DIRECTION('',(0.E0,1.E0,0.E0));
#11803=DIRECTION('',(5.134741935148E-1,0.E0,-8.581050358751E-1));
#11804=AXIS2_PLACEMENT_3D('',#11801,#11802,#11803);
#11805=CYLINDRICAL_SURFACE('',#11804,1.023622047244E-2);
#11806=ORIENTED_EDGE('',*,*,#9255,.T.);
#11807=ORIENTED_EDGE('',*,*,#11791,.T.);
#11808=ORIENTED_EDGE('',*,*,#10488,.F.);
#11810=ORIENTED_EDGE('',*,*,#11809,.F.);
#11811=EDGE_LOOP('',(#11806,#11807,#11808,#11810));
#11812=FACE_OUTER_BOUND('',#11811,.F.);
#11814=CARTESIAN_POINT('',(-1.019233129808E0,2.519685039370E-1,
-6.767177174316E-1));
#11815=DIRECTION('',(0.E0,1.E0,0.E0));
#11816=DIRECTION('',(5.134741935148E-1,0.E0,-8.581050358751E-1));
#11817=AXIS2_PLACEMENT_3D('',#11814,#11815,#11816);
#11818=CYLINDRICAL_SURFACE('',#11817,3.425196850394E-2);
#11819=ORIENTED_EDGE('',*,*,#10494,.T.);
#11821=ORIENTED_EDGE('',*,*,#11820,.F.);
#11822=ORIENTED_EDGE('',*,*,#9257,.F.);
#11823=ORIENTED_EDGE('',*,*,#11809,.T.);
#11824=EDGE_LOOP('',(#11819,#11821,#11822,#11823));
#11825=FACE_OUTER_BOUND('',#11824,.F.);
#11827=CARTESIAN_POINT('',(-9.952679202086E-1,2.519685039370E-1,
-7.141992820637E-1));
#11828=DIRECTION('',(0.E0,1.E0,0.E0));
#11829=DIRECTION('',(5.134741935148E-1,0.E0,-8.581050358751E-1));
#11830=AXIS2_PLACEMENT_3D('',#11827,#11828,#11829);
#11831=CYLINDRICAL_SURFACE('',#11830,1.023622047244E-2);
#11832=ORIENTED_EDGE('',*,*,#9259,.T.);
#11833=ORIENTED_EDGE('',*,*,#11820,.T.);
#11834=ORIENTED_EDGE('',*,*,#10492,.F.);
#11836=ORIENTED_EDGE('',*,*,#11835,.F.);
#11837=EDGE_LOOP('',(#11832,#11833,#11834,#11836));
#11838=FACE_OUTER_BOUND('',#11837,.F.);
#11840=CARTESIAN_POINT('',(0.E0,2.519685039370E-1,0.E0));
#11841=DIRECTION('',(0.E0,1.E0,0.E0));
#11842=DIRECTION('',(5.915722124135E-1,0.E0,-8.062520186022E-1));
#11843=AXIS2_PLACEMENT_3D('',#11840,#11841,#11842);
#11844=CYLINDRICAL_SURFACE('',#11843,1.235241872499E0);
#11846=ORIENTED_EDGE('',*,*,#11845,.F.);
#11848=ORIENTED_EDGE('',*,*,#11847,.F.);
#11849=ORIENTED_EDGE('',*,*,#11835,.T.);
#11851=ORIENTED_EDGE('',*,*,#11850,.F.);
#11852=EDGE_LOOP('',(#11846,#11848,#11849,#11851));
#11853=FACE_OUTER_BOUND('',#11852,.F.);
#11855=CARTESIAN_POINT('',(-9.799482909328E-1,2.519685039370E-1,
-7.350783594928E-1));
#11856=DIRECTION('',(0.E0,1.E0,0.E0));
#11857=DIRECTION('',(5.915722124135E-1,0.E0,-8.062520186022E-1));
#11858=AXIS2_PLACEMENT_3D('',#11855,#11856,#11857);
#11859=CYLINDRICAL_SURFACE('',#11858,1.023622047244E-2);
#11860=ORIENTED_EDGE('',*,*,#9239,.T.);
#11861=ORIENTED_EDGE('',*,*,#11845,.T.);
#11862=ORIENTED_EDGE('',*,*,#10472,.F.);
#11864=ORIENTED_EDGE('',*,*,#11863,.F.);
#11865=EDGE_LOOP('',(#11860,#11861,#11862,#11864));
#11866=FACE_OUTER_BOUND('',#11865,.F.);
#11868=CARTESIAN_POINT('',(-9.513857460569E-1,2.519685039370E-1,
-7.691867160731E-1));
#11869=DIRECTION('',(0.E0,1.E0,0.E0));
#11870=DIRECTION('',(5.915722124135E-1,0.E0,-8.062520186022E-1));
#11871=AXIS2_PLACEMENT_3D('',#11868,#11869,#11870);
#11872=CYLINDRICAL_SURFACE('',#11871,3.425196850394E-2);
#11873=ORIENTED_EDGE('',*,*,#10478,.T.);
#11875=ORIENTED_EDGE('',*,*,#11874,.F.);
#11876=ORIENTED_EDGE('',*,*,#9241,.F.);
#11877=ORIENTED_EDGE('',*,*,#11863,.T.);
#11878=EDGE_LOOP('',(#11873,#11875,#11876,#11877));
#11879=FACE_OUTER_BOUND('',#11878,.F.);
#11881=CARTESIAN_POINT('',(-9.240160104774E-1,2.519685039370E-1,
-8.042594481124E-1));
#11882=DIRECTION('',(0.E0,1.E0,0.E0));
#11883=DIRECTION('',(5.915722124135E-1,0.E0,-8.062520186022E-1));
#11884=AXIS2_PLACEMENT_3D('',#11881,#11882,#11883);
#11885=CYLINDRICAL_SURFACE('',#11884,1.023622047244E-2);
#11886=ORIENTED_EDGE('',*,*,#9243,.T.);
#11887=ORIENTED_EDGE('',*,*,#11874,.T.);
#11888=ORIENTED_EDGE('',*,*,#10476,.F.);
#11890=ORIENTED_EDGE('',*,*,#11889,.F.);
#11891=EDGE_LOOP('',(#11886,#11887,#11888,#11890));
#11892=FACE_OUTER_BOUND('',#11891,.F.);
#11894=CARTESIAN_POINT('',(0.E0,2.519685039370E-1,0.E0));
#11895=DIRECTION('',(0.E0,1.E0,0.E0));
#11896=DIRECTION('',(6.644714734388E-1,0.E0,-7.473136296001E-1));
#11897=AXIS2_PLACEMENT_3D('',#11894,#11895,#11896);
#11898=CYLINDRICAL_SURFACE('',#11897,1.235241872499E0);
#11900=ORIENTED_EDGE('',*,*,#11899,.F.);
#11902=ORIENTED_EDGE('',*,*,#11901,.F.);
#11903=ORIENTED_EDGE('',*,*,#11889,.T.);
#11905=ORIENTED_EDGE('',*,*,#11904,.F.);
#11906=EDGE_LOOP('',(#11900,#11902,#11903,#11905));
#11907=FACE_OUTER_BOUND('',#11906,.F.);
#11909=CARTESIAN_POINT('',(-9.068085480175E-1,2.519685039370E-1,
-8.236122295954E-1));
#11910=DIRECTION('',(0.E0,1.E0,0.E0));
#11911=DIRECTION('',(6.644714734388E-1,0.E0,-7.473136296001E-1));
#11912=AXIS2_PLACEMENT_3D('',#11909,#11910,#11911);
#11913=CYLINDRICAL_SURFACE('',#11912,1.023622047244E-2);
#11914=ORIENTED_EDGE('',*,*,#9223,.T.);
#11915=ORIENTED_EDGE('',*,*,#11899,.T.);
#11916=ORIENTED_EDGE('',*,*,#10456,.F.);
#11918=ORIENTED_EDGE('',*,*,#11917,.F.);
#11919=EDGE_LOOP('',(#11914,#11915,#11916,#11918));
#11920=FACE_OUTER_BOUND('',#11919,.F.);
#11922=CARTESIAN_POINT('',(-8.751775501615E-1,2.519685039370E-1,
-8.548960741966E-1));
#11923=DIRECTION('',(0.E0,1.E0,0.E0));
#11924=DIRECTION('',(6.644714734388E-1,0.E0,-7.473136296001E-1));
#11925=AXIS2_PLACEMENT_3D('',#11922,#11923,#11924);
#11926=CYLINDRICAL_SURFACE('',#11925,3.425196850394E-2);
#11927=ORIENTED_EDGE('',*,*,#10462,.T.);
#11929=ORIENTED_EDGE('',*,*,#11928,.F.);
#11930=ORIENTED_EDGE('',*,*,#9225,.F.);
#11931=ORIENTED_EDGE('',*,*,#11917,.T.);
#11932=EDGE_LOOP('',(#11927,#11929,#11930,#11931));
#11933=FACE_OUTER_BOUND('',#11932,.F.);
#11935=CARTESIAN_POINT('',(-8.446438148220E-1,2.519685039370E-1,
-8.872517532131E-1));
#11936=DIRECTION('',(0.E0,1.E0,0.E0));
#11937=DIRECTION('',(6.644714734388E-1,0.E0,-7.473136296001E-1));
#11938=AXIS2_PLACEMENT_3D('',#11935,#11936,#11937);
#11939=CYLINDRICAL_SURFACE('',#11938,1.023622047244E-2);
#11940=ORIENTED_EDGE('',*,*,#9227,.T.);
#11941=ORIENTED_EDGE('',*,*,#11928,.T.);
#11942=ORIENTED_EDGE('',*,*,#10460,.F.);
#11944=ORIENTED_EDGE('',*,*,#11943,.F.);
#11945=EDGE_LOOP('',(#11940,#11941,#11942,#11944));
#11946=FACE_OUTER_BOUND('',#11945,.F.);
#11948=CARTESIAN_POINT('',(0.E0,2.519685039370E-1,0.E0));
#11949=DIRECTION('',(0.E0,1.E0,0.E0));
#11950=DIRECTION('',(7.315313352637E-1,0.E0,-6.818078215504E-1));
#11951=AXIS2_PLACEMENT_3D('',#11948,#11949,#11950);
#11952=CYLINDRICAL_SURFACE('',#11951,1.235241872499E0);
#11954=ORIENTED_EDGE('',*,*,#11953,.F.);
#11956=ORIENTED_EDGE('',*,*,#11955,.F.);
#11957=ORIENTED_EDGE('',*,*,#11943,.T.);
#11959=ORIENTED_EDGE('',*,*,#11958,.F.);
#11960=EDGE_LOOP('',(#11954,#11956,#11957,#11959));
#11961=FACE_OUTER_BOUND('',#11960,.F.);
#11963=CARTESIAN_POINT('',(-8.256997389767E-1,2.519685039370E-1,
-9.049081658104E-1));
#11964=DIRECTION('',(0.E0,1.E0,0.E0));
#11965=DIRECTION('',(7.315313352637E-1,0.E0,-6.818078215504E-1));
#11966=AXIS2_PLACEMENT_3D('',#11963,#11964,#11965);
#11967=CYLINDRICAL_SURFACE('',#11966,1.023622047244E-2);
#11968=ORIENTED_EDGE('',*,*,#9207,.T.);
#11969=ORIENTED_EDGE('',*,*,#11953,.T.);
#11970=ORIENTED_EDGE('',*,*,#10440,.F.);
#11972=ORIENTED_EDGE('',*,*,#11971,.F.);
#11973=EDGE_LOOP('',(#11968,#11969,#11970,#11972));
#11974=FACE_OUTER_BOUND('',#11973,.F.);
#11976=CARTESIAN_POINT('',(-7.912782624872E-1,2.519685039370E-1,
-9.330925748813E-1));
#11977=DIRECTION('',(0.E0,1.E0,0.E0));
#11978=DIRECTION('',(7.315313352637E-1,0.E0,-6.818078215504E-1));
#11979=AXIS2_PLACEMENT_3D('',#11976,#11977,#11978);
#11980=CYLINDRICAL_SURFACE('',#11979,3.425196850394E-2);
#11981=ORIENTED_EDGE('',*,*,#10446,.T.);
#11983=ORIENTED_EDGE('',*,*,#11982,.F.);
#11984=ORIENTED_EDGE('',*,*,#9209,.F.);
#11985=ORIENTED_EDGE('',*,*,#11971,.T.);
#11986=EDGE_LOOP('',(#11981,#11983,#11984,#11985));
#11987=FACE_OUTER_BOUND('',#11986,.F.);
#11989=CARTESIAN_POINT('',(-7.578488589517E-1,2.519685039370E-1,
-9.624468580043E-1));
#11990=DIRECTION('',(0.E0,1.E0,0.E0));
#11991=DIRECTION('',(7.315313352637E-1,0.E0,-6.818078215504E-1));
#11992=AXIS2_PLACEMENT_3D('',#11989,#11990,#11991);
#11993=CYLINDRICAL_SURFACE('',#11992,1.023622047244E-2);
#11994=ORIENTED_EDGE('',*,*,#9211,.T.);
#11995=ORIENTED_EDGE('',*,*,#11982,.T.);
#11996=ORIENTED_EDGE('',*,*,#10444,.F.);
#11998=ORIENTED_EDGE('',*,*,#11997,.F.);
#11999=EDGE_LOOP('',(#11994,#11995,#11996,#11998));
#12000=FACE_OUTER_BOUND('',#11999,.F.);
#12002=CARTESIAN_POINT('',(0.E0,2.519685039370E-1,0.E0));
#12003=DIRECTION('',(0.E0,1.E0,0.E0));
#12004=DIRECTION('',(7.921624734111E-1,0.E0,-6.103102618498E-1));
#12005=AXIS2_PLACEMENT_3D('',#12002,#12003,#12004);
#12006=CYLINDRICAL_SURFACE('',#12005,1.235241872499E0);
#12008=ORIENTED_EDGE('',*,*,#12007,.F.);
#12010=ORIENTED_EDGE('',*,*,#12009,.F.);
#12011=ORIENTED_EDGE('',*,*,#11997,.T.);
#12013=ORIENTED_EDGE('',*,*,#12012,.F.);
#12014=EDGE_LOOP('',(#12008,#12010,#12011,#12013));
#12015=FACE_OUTER_BOUND('',#12014,.F.);
#12017=CARTESIAN_POINT('',(-7.373346509409E-1,2.519685039370E-1,
-9.782517365272E-1));
#12018=DIRECTION('',(0.E0,1.E0,0.E0));
#12019=DIRECTION('',(7.921624734111E-1,0.E0,-6.103102618498E-1));
#12020=AXIS2_PLACEMENT_3D('',#12017,#12018,#12019);
#12021=CYLINDRICAL_SURFACE('',#12020,1.023622047244E-2);
#12022=ORIENTED_EDGE('',*,*,#9191,.T.);
#12023=ORIENTED_EDGE('',*,*,#12007,.T.);
#12024=ORIENTED_EDGE('',*,*,#10424,.F.);
#12026=ORIENTED_EDGE('',*,*,#12025,.F.);
#12027=EDGE_LOOP('',(#12022,#12023,#12024,#12026));
#12028=FACE_OUTER_BOUND('',#12027,.F.);
#12030=CARTESIAN_POINT('',(-7.004251929908E-1,2.519685039370E-1,
-1.003089024468E0));
#12031=DIRECTION('',(0.E0,1.E0,0.E0));
#12032=DIRECTION('',(7.921624734111E-1,0.E0,-6.103102618498E-1));
#12033=AXIS2_PLACEMENT_3D('',#12030,#12031,#12032);
#12034=CYLINDRICAL_SURFACE('',#12033,3.425196850394E-2);
#12035=ORIENTED_EDGE('',*,*,#10430,.T.);
#12037=ORIENTED_EDGE('',*,*,#12036,.F.);
#12038=ORIENTED_EDGE('',*,*,#9193,.F.);
#12039=ORIENTED_EDGE('',*,*,#12025,.T.);
#12040=EDGE_LOOP('',(#12035,#12037,#12038,#12039));
#12041=FACE_OUTER_BOUND('',#12040,.F.);
#12043=CARTESIAN_POINT('',(-6.643939000596E-1,2.519685039370E-1,
-1.029183945201E0));
#12044=DIRECTION('',(0.E0,1.E0,0.E0));
#12045=DIRECTION('',(7.921624734111E-1,0.E0,-6.103102618498E-1));
#12046=AXIS2_PLACEMENT_3D('',#12043,#12044,#12045);
#12047=CYLINDRICAL_SURFACE('',#12046,1.023622047244E-2);
#12048=ORIENTED_EDGE('',*,*,#9195,.T.);
#12049=ORIENTED_EDGE('',*,*,#12036,.T.);
#12050=ORIENTED_EDGE('',*,*,#10428,.F.);
#12052=ORIENTED_EDGE('',*,*,#12051,.F.);
#12053=EDGE_LOOP('',(#12048,#12049,#12050,#12052));
#12054=FACE_OUTER_BOUND('',#12053,.F.);
#12056=CARTESIAN_POINT('',(0.E0,2.519685039370E-1,0.E0));
#12057=DIRECTION('',(0.E0,1.E0,0.E0));
#12058=DIRECTION('',(8.458320592591E-1,0.E0,-5.334492736236E-1));
#12059=AXIS2_PLACEMENT_3D('',#12056,#12057,#12058);
#12060=CYLINDRICAL_SURFACE('',#12059,1.235241872499E0);
#12062=ORIENTED_EDGE('',*,*,#12061,.F.);
#12064=ORIENTED_EDGE('',*,*,#12063,.F.);
#12065=ORIENTED_EDGE('',*,*,#12051,.T.);
#12067=ORIENTED_EDGE('',*,*,#12066,.F.);
#12068=EDGE_LOOP('',(#12062,#12064,#12065,#12067));
#12069=FACE_OUTER_BOUND('',#12068,.F.);
#12071=CARTESIAN_POINT('',(-6.424898394808E-1,2.519685039370E-1,
-1.042998395809E0));
#12072=DIRECTION('',(0.E0,1.E0,0.E0));
#12073=DIRECTION('',(8.458320592591E-1,0.E0,-5.334492736236E-1));
#12074=AXIS2_PLACEMENT_3D('',#12071,#12072,#12073);
#12075=CYLINDRICAL_SURFACE('',#12074,1.023622047244E-2);
#12076=ORIENTED_EDGE('',*,*,#9175,.T.);
#12077=ORIENTED_EDGE('',*,*,#12061,.T.);
#12078=ORIENTED_EDGE('',*,*,#10408,.F.);
#12080=ORIENTED_EDGE('',*,*,#12079,.F.);
#12081=EDGE_LOOP('',(#12076,#12077,#12078,#12080));
#12082=FACE_OUTER_BOUND('',#12081,.F.);
#12084=CARTESIAN_POINT('',(-6.034167617138E-1,2.519685039370E-1,
-1.064270291639E0));
#12085=DIRECTION('',(0.E0,1.E0,0.E0));
#12086=DIRECTION('',(8.458320592591E-1,0.E0,-5.334492736236E-1));
#12087=AXIS2_PLACEMENT_3D('',#12084,#12085,#12086);
#12088=CYLINDRICAL_SURFACE('',#12087,3.425196850394E-2);
#12089=ORIENTED_EDGE('',*,*,#10414,.T.);
#12091=ORIENTED_EDGE('',*,*,#12090,.F.);
#12092=ORIENTED_EDGE('',*,*,#9177,.F.);
#12093=ORIENTED_EDGE('',*,*,#12079,.T.);
#12094=EDGE_LOOP('',(#12089,#12091,#12092,#12093));
#12095=FACE_OUTER_BOUND('',#12094,.F.);
#12097=CARTESIAN_POINT('',(-5.651002236847E-1,2.519685039370E-1,
-1.086876526882E0));
#12098=DIRECTION('',(0.E0,1.E0,0.E0));
#12099=DIRECTION('',(8.458320592591E-1,0.E0,-5.334492736236E-1));
#12100=AXIS2_PLACEMENT_3D('',#12097,#12098,#12099);
#12101=CYLINDRICAL_SURFACE('',#12100,1.023622047244E-2);
#12102=ORIENTED_EDGE('',*,*,#9179,.T.);
#12103=ORIENTED_EDGE('',*,*,#12090,.T.);
#12104=ORIENTED_EDGE('',*,*,#10412,.F.);
#12106=ORIENTED_EDGE('',*,*,#12105,.F.);
#12107=EDGE_LOOP('',(#12102,#12103,#12104,#12106));
#12108=FACE_OUTER_BOUND('',#12107,.F.);
#12110=CARTESIAN_POINT('',(0.E0,2.519685039370E-1,0.E0));
#12111=DIRECTION('',(0.E0,1.E0,0.E0));
#12112=DIRECTION('',(8.920684425574E-1,0.E0,-4.519003139999E-1));
#12113=AXIS2_PLACEMENT_3D('',#12110,#12111,#12112);
#12114=CYLINDRICAL_SURFACE('',#12113,1.235241872499E0);
#12116=ORIENTED_EDGE('',*,*,#12115,.F.);
#12118=ORIENTED_EDGE('',*,*,#12117,.F.);
#12119=ORIENTED_EDGE('',*,*,#12105,.T.);
#12121=ORIENTED_EDGE('',*,*,#12120,.F.);
#12122=EDGE_LOOP('',(#12116,#12118,#12119,#12121));
#12123=FACE_OUTER_BOUND('',#12122,.F.);
#12125=CARTESIAN_POINT('',(-5.419988042099E-1,2.519685039370E-1,
-1.098579147687E0));
#12126=DIRECTION('',(0.E0,1.E0,0.E0));
#12127=DIRECTION('',(8.920684425574E-1,0.E0,-4.519003139999E-1));
#12128=AXIS2_PLACEMENT_3D('',#12125,#12126,#12127);
#12129=CYLINDRICAL_SURFACE('',#12128,1.023622047244E-2);
#12130=ORIENTED_EDGE('',*,*,#9159,.T.);
#12131=ORIENTED_EDGE('',*,*,#12115,.T.);
#12132=ORIENTED_EDGE('',*,*,#10392,.F.);
#12134=ORIENTED_EDGE('',*,*,#12133,.F.);
#12135=EDGE_LOOP('',(#12130,#12131,#12132,#12134));
#12136=FACE_OUTER_BOUND('',#12135,.F.);
#12138=CARTESIAN_POINT('',(-5.011054822383E-1,2.519685039370E-1,
-1.116098713221E0));
#12139=DIRECTION('',(0.E0,1.E0,0.E0));
#12140=DIRECTION('',(8.920684425574E-1,0.E0,-4.519003139999E-1));
#12141=AXIS2_PLACEMENT_3D('',#12138,#12139,#12140);
#12142=CYLINDRICAL_SURFACE('',#12141,3.425196850394E-2);
#12143=ORIENTED_EDGE('',*,*,#10398,.T.);
#12145=ORIENTED_EDGE('',*,*,#12144,.F.);
#12146=ORIENTED_EDGE('',*,*,#9161,.F.);
#12147=ORIENTED_EDGE('',*,*,#12133,.T.);
#12148=EDGE_LOOP('',(#12143,#12145,#12146,#12147));
#12149=FACE_OUTER_BOUND('',#12148,.F.);
#12151=CARTESIAN_POINT('',(-4.608404262252E-1,2.519685039370E-1,
-1.135017598565E0));
#12152=DIRECTION('',(0.E0,1.E0,0.E0));
#12153=DIRECTION('',(8.920684425574E-1,0.E0,-4.519003139999E-1));
#12154=AXIS2_PLACEMENT_3D('',#12151,#12152,#12153);
#12155=CYLINDRICAL_SURFACE('',#12154,1.023622047244E-2);
#12156=ORIENTED_EDGE('',*,*,#9163,.T.);
#12157=ORIENTED_EDGE('',*,*,#12144,.T.);
#12158=ORIENTED_EDGE('',*,*,#10396,.F.);
#12160=ORIENTED_EDGE('',*,*,#12159,.F.);
#12161=EDGE_LOOP('',(#12156,#12157,#12158,#12160));
#12162=FACE_OUTER_BOUND('',#12161,.F.);
#12164=CARTESIAN_POINT('',(0.E0,2.519685039370E-1,0.E0));
#12165=DIRECTION('',(0.E0,1.E0,0.E0));
#12166=DIRECTION('',(9.304652963071E-1,0.E0,-3.663800381682E-1));
#12167=AXIS2_PLACEMENT_3D('',#12164,#12165,#12166);
#12168=CYLINDRICAL_SURFACE('',#12167,1.235241872499E0);
#12170=ORIENTED_EDGE('',*,*,#12169,.F.);
#12172=ORIENTED_EDGE('',*,*,#12171,.F.);
#12173=ORIENTED_EDGE('',*,*,#12159,.T.);
#12175=ORIENTED_EDGE('',*,*,#12174,.F.);
#12176=EDGE_LOOP('',(#12170,#12172,#12173,#12175));
#12177=FACE_OUTER_BOUND('',#12176,.F.);
#12179=CARTESIAN_POINT('',(-4.367446639593E-1,2.519685039370E-1,
-1.144505546513E0));
#12180=DIRECTION('',(0.E0,1.E0,0.E0));
#12181=DIRECTION('',(9.304652963071E-1,0.E0,-3.663800381682E-1));
#12182=AXIS2_PLACEMENT_3D('',#12179,#12180,#12181);
#12183=CYLINDRICAL_SURFACE('',#12182,1.023622047244E-2);
#12184=ORIENTED_EDGE('',*,*,#9143,.T.);
#12185=ORIENTED_EDGE('',*,*,#12169,.T.);
#12186=ORIENTED_EDGE('',*,*,#10376,.F.);
#12188=ORIENTED_EDGE('',*,*,#12187,.F.);
#12189=EDGE_LOOP('',(#12184,#12185,#12186,#12188));
#12190=FACE_OUTER_BOUND('',#12189,.F.);
#12192=CARTESIAN_POINT('',(-3.943904697670E-1,2.519685039370E-1,
-1.158118819181E0));
#12193=DIRECTION('',(0.E0,1.E0,0.E0));
#12194=DIRECTION('',(9.304652963071E-1,0.E0,-3.663800381682E-1));
#12195=AXIS2_PLACEMENT_3D('',#12192,#12193,#12194);
#12196=CYLINDRICAL_SURFACE('',#12195,3.425196850394E-2);
#12197=ORIENTED_EDGE('',*,*,#10382,.T.);
#12199=ORIENTED_EDGE('',*,*,#12198,.F.);
#12200=ORIENTED_EDGE('',*,*,#9145,.F.);
#12201=ORIENTED_EDGE('',*,*,#12187,.T.);
#12202=EDGE_LOOP('',(#12197,#12199,#12200,#12201));
#12203=FACE_OUTER_BOUND('',#12202,.F.);
#12205=CARTESIAN_POINT('',(-3.525307465300E-1,2.519685039370E-1,
-1.173184094781E0));
#12206=DIRECTION('',(0.E0,1.E0,0.E0));
#12207=DIRECTION('',(9.304652963071E-1,0.E0,-3.663800381682E-1));
#12208=AXIS2_PLACEMENT_3D('',#12205,#12206,#12207);
#12209=CYLINDRICAL_SURFACE('',#12208,1.023622047244E-2);
#12210=ORIENTED_EDGE('',*,*,#9147,.T.);
#12211=ORIENTED_EDGE('',*,*,#12198,.T.);
#12212=ORIENTED_EDGE('',*,*,#10380,.F.);
#12214=ORIENTED_EDGE('',*,*,#12213,.F.);
#12215=EDGE_LOOP('',(#12210,#12211,#12212,#12214));
#12216=FACE_OUTER_BOUND('',#12215,.F.);
#12218=CARTESIAN_POINT('',(0.E0,2.519685039370E-1,0.E0));
#12219=DIRECTION('',(0.E0,1.E0,0.E0));
#12220=DIRECTION('',(9.606851875768E-1,0.E0,-2.776400013875E-1));
#12221=AXIS2_PLACEMENT_3D('',#12218,#12219,#12220);
#12222=CYLINDRICAL_SURFACE('',#12221,1.235241872499E0);
#12224=ORIENTED_EDGE('',*,*,#12223,.F.);
#12226=ORIENTED_EDGE('',*,*,#12225,.F.);
#12227=ORIENTED_EDGE('',*,*,#12213,.T.);
#12229=ORIENTED_EDGE('',*,*,#12228,.F.);
#12230=EDGE_LOOP('',(#12224,#12226,#12227,#12229));
#12231=FACE_OUTER_BOUND('',#12230,.F.);
#12233=CARTESIAN_POINT('',(-3.276523958982E-1,2.519685039370E-1,
-1.180373989445E0));
#12234=DIRECTION('',(0.E0,1.E0,0.E0));
#12235=DIRECTION('',(9.606851875768E-1,0.E0,-2.776400013875E-1));
#12236=AXIS2_PLACEMENT_3D('',#12233,#12234,#12235);
#12237=CYLINDRICAL_SURFACE('',#12236,1.023622047244E-2);
#12238=ORIENTED_EDGE('',*,*,#9127,.T.);
#12239=ORIENTED_EDGE('',*,*,#12223,.T.);
#12240=ORIENTED_EDGE('',*,*,#10360,.F.);
#12242=ORIENTED_EDGE('',*,*,#12241,.F.);
#12243=EDGE_LOOP('',(#12238,#12239,#12240,#12242));
#12244=FACE_OUTER_BOUND('',#12243,.F.);
#12246=CARTESIAN_POINT('',(-2.842095396666E-1,2.519685039370E-1,
-1.189961335316E0));
#12247=DIRECTION('',(0.E0,1.E0,0.E0));
#12248=DIRECTION('',(9.606851875768E-1,0.E0,-2.776400013875E-1));
#12249=AXIS2_PLACEMENT_3D('',#12246,#12247,#12248);
#12250=CYLINDRICAL_SURFACE('',#12249,3.425196850394E-2);
#12251=ORIENTED_EDGE('',*,*,#10366,.T.);
#12253=ORIENTED_EDGE('',*,*,#12252,.F.);
#12254=ORIENTED_EDGE('',*,*,#9129,.F.);
#12255=ORIENTED_EDGE('',*,*,#12241,.T.);
#12256=EDGE_LOOP('',(#12251,#12253,#12254,#12255));
#12257=FACE_OUTER_BOUND('',#12256,.F.);
#12259=CARTESIAN_POINT('',(-2.411230139586E-1,2.519685039370E-1,
-1.201040606989E0));
#12260=DIRECTION('',(0.E0,1.E0,0.E0));
#12261=DIRECTION('',(9.606851875768E-1,0.E0,-2.776400013875E-1));
#12262=AXIS2_PLACEMENT_3D('',#12259,#12260,#12261);
#12263=CYLINDRICAL_SURFACE('',#12262,1.023622047244E-2);
#12264=ORIENTED_EDGE('',*,*,#9131,.T.);
#12265=ORIENTED_EDGE('',*,*,#12252,.T.);
#12266=ORIENTED_EDGE('',*,*,#10364,.F.);
#12268=ORIENTED_EDGE('',*,*,#12267,.F.);
#12269=EDGE_LOOP('',(#12264,#12265,#12266,#12268));
#12270=FACE_OUTER_BOUND('',#12269,.F.);
#12272=CARTESIAN_POINT('',(0.E0,2.519685039370E-1,0.E0));
#12273=DIRECTION('',(0.E0,1.E0,0.E0));
#12274=DIRECTION('',(9.824625428756E-1,0.E0,-1.864600542917E-1));
#12275=AXIS2_PLACEMENT_3D('',#12272,#12273,#12274);
#12276=CYLINDRICAL_SURFACE('',#12275,1.235241872499E0);
#12278=ORIENTED_EDGE('',*,*,#12277,.F.);
#12280=ORIENTED_EDGE('',*,*,#12279,.F.);
#12281=ORIENTED_EDGE('',*,*,#12267,.T.);
#12283=ORIENTED_EDGE('',*,*,#12282,.F.);
#12284=EDGE_LOOP('',(#12278,#12280,#12281,#12283));
#12285=FACE_OUTER_BOUND('',#12284,.F.);
#12287=CARTESIAN_POINT('',(-2.156807068008E-1,2.519685039370E-1,
-1.205869263316E0));
#12288=DIRECTION('',(0.E0,1.E0,0.E0));
#12289=DIRECTION('',(9.824625428756E-1,0.E0,-1.864600542917E-1));
#12290=AXIS2_PLACEMENT_3D('',#12287,#12288,#12289);
#12291=CYLINDRICAL_SURFACE('',#12290,1.023622047244E-2);
#12292=ORIENTED_EDGE('',*,*,#9111,.T.);
#12293=ORIENTED_EDGE('',*,*,#12277,.T.);
#12294=ORIENTED_EDGE('',*,*,#10344,.F.);
#12296=ORIENTED_EDGE('',*,*,#12295,.F.);
#12297=EDGE_LOOP('',(#12292,#12293,#12294,#12296));
#12298=FACE_OUTER_BOUND('',#12297,.F.);
#12300=CARTESIAN_POINT('',(-1.715309659125E-1,2.519685039370E-1,
-1.211346428449E0));
#12301=DIRECTION('',(0.E0,1.E0,0.E0));
#12302=DIRECTION('',(9.824625428756E-1,0.E0,-1.864600542917E-1));
#12303=AXIS2_PLACEMENT_3D('',#12300,#12301,#12302);
#12304=CYLINDRICAL_SURFACE('',#12303,3.425196850394E-2);
#12305=ORIENTED_EDGE('',*,*,#10350,.T.);
#12307=ORIENTED_EDGE('',*,*,#12306,.F.);
#12308=ORIENTED_EDGE('',*,*,#9113,.F.);
#12309=ORIENTED_EDGE('',*,*,#12295,.T.);
#12310=EDGE_LOOP('',(#12305,#12307,#12308,#12309));
#12311=FACE_OUTER_BOUND('',#12310,.F.);
#12313=CARTESIAN_POINT('',(-1.275962836706E-1,2.519685039370E-1,
-1.218342331157E0));
#12314=DIRECTION('',(0.E0,1.E0,0.E0));
#12315=DIRECTION('',(9.824625428756E-1,0.E0,-1.864600542917E-1));
#12316=AXIS2_PLACEMENT_3D('',#12313,#12314,#12315);
#12317=CYLINDRICAL_SURFACE('',#12316,1.023622047244E-2);
#12318=ORIENTED_EDGE('',*,*,#9115,.T.);
#12319=ORIENTED_EDGE('',*,*,#12306,.T.);
#12320=ORIENTED_EDGE('',*,*,#10348,.F.);
#12322=ORIENTED_EDGE('',*,*,#12321,.F.);
#12323=EDGE_LOOP('',(#12318,#12319,#12320,#12322));
#12324=FACE_OUTER_BOUND('',#12323,.F.);
#12326=CARTESIAN_POINT('',(0.E0,2.519685039370E-1,0.E0));
#12327=DIRECTION('',(0.E0,1.E0,0.E0));
#12328=DIRECTION('',(9.956059820219E-1,0.E0,-9.364148953435E-2));
#12329=AXIS2_PLACEMENT_3D('',#12326,#12327,#12328);
#12330=CYLINDRICAL_SURFACE('',#12329,1.235241872499E0);
#12332=ORIENTED_EDGE('',*,*,#12331,.F.);
#12334=ORIENTED_EDGE('',*,*,#12333,.F.);
#12335=ORIENTED_EDGE('',*,*,#12321,.T.);
#12337=ORIENTED_EDGE('',*,*,#12336,.F.);
#12338=EDGE_LOOP('',(#12332,#12334,#12335,#12337));
#12339=FACE_OUTER_BOUND('',#12338,.F.);
#12341=CARTESIAN_POINT('',(-1.018136078970E-1,2.519685039370E-1,
-1.220767314743E0));
#12342=DIRECTION('',(0.E0,1.E0,0.E0));
#12343=DIRECTION('',(9.956059820219E-1,0.E0,-9.364148953435E-2));
#12344=AXIS2_PLACEMENT_3D('',#12341,#12342,#12343);
#12345=CYLINDRICAL_SURFACE('',#12344,1.023622047244E-2);
#12346=ORIENTED_EDGE('',*,*,#9095,.T.);
#12347=ORIENTED_EDGE('',*,*,#12331,.T.);
#12348=ORIENTED_EDGE('',*,*,#10328,.F.);
#12350=ORIENTED_EDGE('',*,*,#12349,.F.);
#12351=EDGE_LOOP('',(#12346,#12347,#12348,#12350));
#12352=FACE_OUTER_BOUND('',#12351,.F.);
#12354=CARTESIAN_POINT('',(-5.734497186238E-2,2.519685039370E-1,
-1.222086165614E0));
#12355=DIRECTION('',(0.E0,1.E0,0.E0));
#12356=DIRECTION('',(9.956059820219E-1,0.E0,-9.364148953435E-2));
#12357=AXIS2_PLACEMENT_3D('',#12354,#12355,#12356);
#12358=CYLINDRICAL_SURFACE('',#12357,3.425196850394E-2);
#12359=ORIENTED_EDGE('',*,*,#10334,.T.);
#12361=ORIENTED_EDGE('',*,*,#12360,.F.);
#12362=ORIENTED_EDGE('',*,*,#9097,.F.);
#12363=ORIENTED_EDGE('',*,*,#12349,.T.);
#12364=EDGE_LOOP('',(#12359,#12361,#12362,#12363));
#12365=FACE_OUTER_BOUND('',#12364,.F.);
#12367=CARTESIAN_POINT('',(-1.294823265390E-2,2.519685039370E-1,
-1.224937219113E0));
#12368=DIRECTION('',(0.E0,1.E0,0.E0));
#12369=DIRECTION('',(9.956059820219E-1,0.E0,-9.364148953435E-2));
#12370=AXIS2_PLACEMENT_3D('',#12367,#12368,#12369);
#12371=CYLINDRICAL_SURFACE('',#12370,1.023622047244E-2);
#12372=ORIENTED_EDGE('',*,*,#9099,.T.);
#12373=ORIENTED_EDGE('',*,*,#12360,.T.);
#12374=ORIENTED_EDGE('',*,*,#10332,.F.);
#12375=ORIENTED_EDGE('',*,*,#9017,.F.);
#12376=EDGE_LOOP('',(#12372,#12373,#12374,#12375));
#12377=FACE_OUTER_BOUND('',#12376,.F.);
#12379=CARTESIAN_POINT('',(0.E0,2.640748031456E-1,0.E0));
#12380=DIRECTION('',(0.E0,1.E0,0.E0));
#12381=DIRECTION('',(0.E0,0.E0,-1.E0));
#12382=AXIS2_PLACEMENT_3D('',#12379,#12380,#12381);
#12383=CONICAL_SURFACE('',#12382,1.247348171707E0,4.5E1);
#12385=ORIENTED_EDGE('',*,*,#12384,.F.);
#12386=ORIENTED_EDGE('',*,*,#10222,.F.);
#12387=ORIENTED_EDGE('',*,*,#9062,.T.);
#12388=ORIENTED_EDGE('',*,*,#11523,.T.);
#12389=ORIENTED_EDGE('',*,*,#9341,.T.);
#12390=ORIENTED_EDGE('',*,*,#11577,.T.);
#12391=ORIENTED_EDGE('',*,*,#9325,.T.);
#12392=ORIENTED_EDGE('',*,*,#11631,.T.);
#12393=ORIENTED_EDGE('',*,*,#9309,.T.);
#12394=ORIENTED_EDGE('',*,*,#11685,.T.);
#12395=ORIENTED_EDGE('',*,*,#9293,.T.);
#12396=ORIENTED_EDGE('',*,*,#11739,.T.);
#12397=ORIENTED_EDGE('',*,*,#9277,.T.);
#12398=ORIENTED_EDGE('',*,*,#11793,.T.);
#12399=ORIENTED_EDGE('',*,*,#9261,.T.);
#12400=ORIENTED_EDGE('',*,*,#11847,.T.);
#12401=ORIENTED_EDGE('',*,*,#9245,.T.);
#12402=ORIENTED_EDGE('',*,*,#11901,.T.);
#12403=ORIENTED_EDGE('',*,*,#9229,.T.);
#12404=ORIENTED_EDGE('',*,*,#11955,.T.);
#12405=ORIENTED_EDGE('',*,*,#9213,.T.);
#12406=ORIENTED_EDGE('',*,*,#12009,.T.);
#12407=ORIENTED_EDGE('',*,*,#9197,.T.);
#12408=ORIENTED_EDGE('',*,*,#12063,.T.);
#12409=ORIENTED_EDGE('',*,*,#9181,.T.);
#12410=ORIENTED_EDGE('',*,*,#12117,.T.);
#12411=ORIENTED_EDGE('',*,*,#9165,.T.);
#12412=ORIENTED_EDGE('',*,*,#12171,.T.);
#12413=ORIENTED_EDGE('',*,*,#9149,.T.);
#12414=ORIENTED_EDGE('',*,*,#12225,.T.);
#12415=ORIENTED_EDGE('',*,*,#9133,.T.);
#12416=ORIENTED_EDGE('',*,*,#12279,.T.);
#12417=ORIENTED_EDGE('',*,*,#9117,.T.);
#12418=ORIENTED_EDGE('',*,*,#12333,.T.);
#12419=ORIENTED_EDGE('',*,*,#9101,.T.);
#12420=ORIENTED_EDGE('',*,*,#9015,.T.);
#12421=ORIENTED_EDGE('',*,*,#9085,.T.);
#12423=ORIENTED_EDGE('',*,*,#12422,.T.);
#12424=ORIENTED_EDGE('',*,*,#9879,.T.);
#12426=ORIENTED_EDGE('',*,*,#12425,.T.);
#12427=ORIENTED_EDGE('',*,*,#9895,.T.);
#12429=ORIENTED_EDGE('',*,*,#12428,.T.);
#12430=ORIENTED_EDGE('',*,*,#9911,.T.);
#12432=ORIENTED_EDGE('',*,*,#12431,.T.);
#12433=ORIENTED_EDGE('',*,*,#9927,.T.);
#12435=ORIENTED_EDGE('',*,*,#12434,.T.);
#12436=ORIENTED_EDGE('',*,*,#9943,.T.);
#12438=ORIENTED_EDGE('',*,*,#12437,.T.);
#12439=ORIENTED_EDGE('',*,*,#9959,.T.);
#12441=ORIENTED_EDGE('',*,*,#12440,.T.);
#12442=ORIENTED_EDGE('',*,*,#9975,.T.);
#12444=ORIENTED_EDGE('',*,*,#12443,.T.);
#12445=ORIENTED_EDGE('',*,*,#9991,.T.);
#12447=ORIENTED_EDGE('',*,*,#12446,.T.);
#12448=ORIENTED_EDGE('',*,*,#10007,.T.);
#12450=ORIENTED_EDGE('',*,*,#12449,.T.);
#12451=ORIENTED_EDGE('',*,*,#10023,.T.);
#12453=ORIENTED_EDGE('',*,*,#12452,.T.);
#12454=ORIENTED_EDGE('',*,*,#10039,.T.);
#12456=ORIENTED_EDGE('',*,*,#12455,.T.);
#12457=ORIENTED_EDGE('',*,*,#10055,.T.);
#12459=ORIENTED_EDGE('',*,*,#12458,.T.);
#12460=ORIENTED_EDGE('',*,*,#10071,.T.);
#12462=ORIENTED_EDGE('',*,*,#12461,.T.);
#12463=ORIENTED_EDGE('',*,*,#10087,.T.);
#12465=ORIENTED_EDGE('',*,*,#12464,.T.);
#12466=ORIENTED_EDGE('',*,*,#10103,.T.);
#12468=ORIENTED_EDGE('',*,*,#12467,.T.);
#12469=ORIENTED_EDGE('',*,*,#9046,.T.);
#12470=ORIENTED_EDGE('',*,*,#10226,.T.);
#12471=EDGE_LOOP('',(#12385,#12386,#12387,#12388,#12389,#12390,#12391,#12392,
#12393,#12394,#12395,#12396,#12397,#12398,#12399,#12400,#12401,#12402,#12403,
#12404,#12405,#12406,#12407,#12408,#12409,#12410,#12411,#12412,#12413,#12414,
#12415,#12416,#12417,#12418,#12419,#12420,#12421,#12423,#12424,#12426,#12427,
#12429,#12430,#12432,#12433,#12435,#12436,#12438,#12439,#12441,#12442,#12444,
#12445,#12447,#12448,#12450,#12451,#12453,#12454,#12456,#12457,#12459,#12460,
#12462,#12463,#12465,#12466,#12468,#12469,#12470));
#12472=FACE_OUTER_BOUND('',#12471,.F.);
#12474=CARTESIAN_POINT('',(0.E0,2.519685039370E-1,0.E0));
#12475=DIRECTION('',(0.E0,1.E0,0.E0));
#12476=DIRECTION('',(1.E0,0.E0,0.E0));
#12477=AXIS2_PLACEMENT_3D('',#12474,#12475,#12476);
#12478=CYLINDRICAL_SURFACE('',#12477,1.259454470924E0);
#12479=ORIENTED_EDGE('',*,*,#12384,.T.);
#12481=ORIENTED_EDGE('',*,*,#12480,.T.);
#12483=ORIENTED_EDGE('',*,*,#12482,.T.);
#12485=ORIENTED_EDGE('',*,*,#12484,.F.);
#12486=EDGE_LOOP('',(#12479,#12481,#12483,#12485));
#12487=FACE_OUTER_BOUND('',#12486,.F.);
#12489=CARTESIAN_POINT('',(0.E0,2.519685039370E-1,0.E0));
#12490=DIRECTION('',(0.E0,1.E0,0.E0));
#12491=DIRECTION('',(1.E0,0.E0,0.E0));
#12492=AXIS2_PLACEMENT_3D('',#12489,#12490,#12491);
#12493=CYLINDRICAL_SURFACE('',#12492,1.259454470924E0);
#12494=ORIENTED_EDGE('',*,*,#10224,.T.);
#12495=ORIENTED_EDGE('',*,*,#12484,.T.);
#12497=ORIENTED_EDGE('',*,*,#12496,.T.);
#12498=ORIENTED_EDGE('',*,*,#12480,.F.);
#12499=EDGE_LOOP('',(#12494,#12495,#12497,#12498));
#12500=FACE_OUTER_BOUND('',#12499,.F.);
#12502=CARTESIAN_POINT('',(0.E0,3.307086614173E-1,0.E0));
#12503=DIRECTION('',(0.E0,1.E0,0.E0));
#12504=DIRECTION('',(1.E0,0.E0,0.E0));
#12505=AXIS2_PLACEMENT_3D('',#12502,#12503,#12504);
#12506=PLANE('',#12505);
#12507=ORIENTED_EDGE('',*,*,#12482,.F.);
#12508=ORIENTED_EDGE('',*,*,#12496,.F.);
#12509=EDGE_LOOP('',(#12507,#12508));
#12510=FACE_OUTER_BOUND('',#12509,.F.);
#12512=ORIENTED_EDGE('',*,*,#12511,.T.);
#12514=ORIENTED_EDGE('',*,*,#12513,.T.);
#12515=EDGE_LOOP('',(#12512,#12514));
#12516=FACE_BOUND('',#12515,.F.);
#12518=CARTESIAN_POINT('',(0.E0,3.307086614173E-1,0.E0));
#12519=DIRECTION('',(0.E0,1.E0,0.E0));
#12520=DIRECTION('',(0.E0,0.E0,1.E0));
#12521=AXIS2_PLACEMENT_3D('',#12518,#12519,#12520);
#12522=CYLINDRICAL_SURFACE('',#12521,3.179133858268E-1);
#12523=ORIENTED_EDGE('',*,*,#12511,.F.);
#12525=ORIENTED_EDGE('',*,*,#12524,.T.);
#12527=ORIENTED_EDGE('',*,*,#12526,.T.);
#12529=ORIENTED_EDGE('',*,*,#12528,.F.);
#12530=EDGE_LOOP('',(#12523,#12525,#12527,#12529));
#12531=FACE_OUTER_BOUND('',#12530,.F.);
#12533=CARTESIAN_POINT('',(0.E0,3.307086614173E-1,0.E0));
#12534=DIRECTION('',(0.E0,1.E0,0.E0));
#12535=DIRECTION('',(0.E0,0.E0,1.E0));
#12536=AXIS2_PLACEMENT_3D('',#12533,#12534,#12535);
#12537=CYLINDRICAL_SURFACE('',#12536,3.179133858268E-1);
#12538=ORIENTED_EDGE('',*,*,#12513,.F.);
#12539=ORIENTED_EDGE('',*,*,#12528,.T.);
#12541=ORIENTED_EDGE('',*,*,#12540,.T.);
#12542=ORIENTED_EDGE('',*,*,#12524,.F.);
#12543=EDGE_LOOP('',(#12538,#12539,#12541,#12542));
#12544=FACE_OUTER_BOUND('',#12543,.F.);
#12546=CARTESIAN_POINT('',(0.E0,1.338582677165E-1,0.E0));
#12547=DIRECTION('',(0.E0,1.E0,0.E0));
#12548=DIRECTION('',(0.E0,0.E0,1.E0));
#12549=AXIS2_PLACEMENT_3D('',#12546,#12547,#12548);
#12550=PLANE('',#12549);
#12551=ORIENTED_EDGE('',*,*,#12526,.F.);
#12552=ORIENTED_EDGE('',*,*,#12540,.F.);
#12553=EDGE_LOOP('',(#12551,#12552));
#12554=FACE_OUTER_BOUND('',#12553,.F.);
#12556=ORIENTED_EDGE('',*,*,#12555,.F.);
#12558=ORIENTED_EDGE('',*,*,#12557,.F.);
#12559=EDGE_LOOP('',(#12556,#12558));
#12560=FACE_BOUND('',#12559,.F.);
#12562=CARTESIAN_POINT('',(0.E0,-5.024803149606E-1,0.E0));
#12563=DIRECTION('',(0.E0,-1.E0,0.E0));
#12564=DIRECTION('',(1.E0,0.E0,0.E0));
#12565=AXIS2_PLACEMENT_3D('',#12562,#12563,#12564);
#12566=CYLINDRICAL_SURFACE('',#12565,1.604330708661E-1);
#12567=ORIENTED_EDGE('',*,*,#12555,.T.);
#12569=ORIENTED_EDGE('',*,*,#12568,.F.);
#12571=ORIENTED_EDGE('',*,*,#12570,.F.);
#12573=ORIENTED_EDGE('',*,*,#12572,.T.);
#12574=EDGE_LOOP('',(#12567,#12569,#12571,#12573));
#12575=FACE_OUTER_BOUND('',#12574,.F.);
#12577=CARTESIAN_POINT('',(0.E0,-5.024803149606E-1,0.E0));
#12578=DIRECTION('',(0.E0,-1.E0,0.E0));
#12579=DIRECTION('',(1.E0,0.E0,0.E0));
#12580=AXIS2_PLACEMENT_3D('',#12577,#12578,#12579);
#12581=CYLINDRICAL_SURFACE('',#12580,1.604330708661E-1);
#12582=ORIENTED_EDGE('',*,*,#12557,.T.);
#12583=ORIENTED_EDGE('',*,*,#12572,.F.);
#12585=ORIENTED_EDGE('',*,*,#12584,.F.);
#12586=ORIENTED_EDGE('',*,*,#12568,.T.);
#12587=EDGE_LOOP('',(#12582,#12583,#12585,#12586));
#12588=FACE_OUTER_BOUND('',#12587,.F.);
#12590=CARTESIAN_POINT('',(0.E0,-5.024803149606E-1,0.E0));
#12591=DIRECTION('',(0.E0,-1.E0,0.E0));
#12592=DIRECTION('',(1.E0,0.E0,0.E0));
#12593=AXIS2_PLACEMENT_3D('',#12590,#12591,#12592);
#12594=PLANE('',#12593);
#12596=ORIENTED_EDGE('',*,*,#12595,.F.);
#12598=ORIENTED_EDGE('',*,*,#12597,.F.);
#12599=EDGE_LOOP('',(#12596,#12598));
#12600=FACE_OUTER_BOUND('',#12599,.F.);
#12601=ORIENTED_EDGE('',*,*,#12570,.T.);
#12602=ORIENTED_EDGE('',*,*,#12584,.T.);
#12603=EDGE_LOOP('',(#12601,#12602));
#12604=FACE_BOUND('',#12603,.F.);
#12606=CARTESIAN_POINT('',(0.E0,-6.993307086614E-1,0.E0));
#12607=DIRECTION('',(0.E0,-1.E0,0.E0));
#12608=DIRECTION('',(1.E0,0.E0,0.E0));
#12609=AXIS2_PLACEMENT_3D('',#12606,#12607,#12608);
#12610=CYLINDRICAL_SURFACE('',#12609,3.179133858268E-1);
#12612=ORIENTED_EDGE('',*,*,#12611,.F.);
#12614=ORIENTED_EDGE('',*,*,#12613,.T.);
#12615=ORIENTED_EDGE('',*,*,#12595,.T.);
#12617=ORIENTED_EDGE('',*,*,#12616,.F.);
#12618=EDGE_LOOP('',(#12612,#12614,#12615,#12617));
#12619=FACE_OUTER_BOUND('',#12618,.F.);
#12621=CARTESIAN_POINT('',(0.E0,-6.993307086614E-1,0.E0));
#12622=DIRECTION('',(0.E0,-1.E0,0.E0));
#12623=DIRECTION('',(1.E0,0.E0,0.E0));
#12624=AXIS2_PLACEMENT_3D('',#12621,#12622,#12623);
#12625=PLANE('',#12624);
#12627=ORIENTED_EDGE('',*,*,#12626,.F.);
#12629=ORIENTED_EDGE('',*,*,#12628,.F.);
#12630=EDGE_LOOP('',(#12627,#12629));
#12631=FACE_OUTER_BOUND('',#12630,.F.);
#12632=ORIENTED_EDGE('',*,*,#12611,.T.);
#12634=ORIENTED_EDGE('',*,*,#12633,.T.);
#12635=EDGE_LOOP('',(#12632,#12634));
#12636=FACE_BOUND('',#12635,.F.);
#12638=CARTESIAN_POINT('',(0.E0,-7.874015748031E-2,0.E0));
#12639=DIRECTION('',(0.E0,-1.E0,0.E0));
#12640=DIRECTION('',(1.E0,0.E0,0.E0));
#12641=AXIS2_PLACEMENT_3D('',#12638,#12639,#12640);
#12642=CYLINDRICAL_SURFACE('',#12641,4.163385826772E-1);
#12644=ORIENTED_EDGE('',*,*,#12643,.F.);
#12646=ORIENTED_EDGE('',*,*,#12645,.T.);
#12647=ORIENTED_EDGE('',*,*,#12626,.T.);
#12649=ORIENTED_EDGE('',*,*,#12648,.F.);
#12651=ORIENTED_EDGE('',*,*,#12650,.F.);
#12653=ORIENTED_EDGE('',*,*,#12652,.T.);
#12655=ORIENTED_EDGE('',*,*,#12654,.T.);
#12657=ORIENTED_EDGE('',*,*,#12656,.T.);
#12658=EDGE_LOOP('',(#12644,#12646,#12647,#12649,#12651,#12653,#12655,#12657));
#12659=FACE_OUTER_BOUND('',#12658,.F.);
#12661=CARTESIAN_POINT('',(0.E0,-3.843700787402E-1,0.E0));
#12662=DIRECTION('',(0.E0,-1.E0,0.E0));
#12663=DIRECTION('',(1.E0,0.E0,0.E0));
#12664=AXIS2_PLACEMENT_3D('',#12661,#12662,#12663);
#12665=PLANE('',#12664);
#12666=ORIENTED_EDGE('',*,*,#12643,.T.);
#12668=ORIENTED_EDGE('',*,*,#12667,.F.);
#12670=ORIENTED_EDGE('',*,*,#12669,.F.);
#12672=ORIENTED_EDGE('',*,*,#12671,.F.);
#12674=ORIENTED_EDGE('',*,*,#12673,.T.);
#12675=EDGE_LOOP('',(#12666,#12668,#12670,#12672,#12674));
#12676=FACE_OUTER_BOUND('',#12675,.F.);
#12678=ORIENTED_EDGE('',*,*,#12677,.T.);
#12680=ORIENTED_EDGE('',*,*,#12679,.T.);
#12681=EDGE_LOOP('',(#12678,#12680));
#12682=FACE_BOUND('',#12681,.F.);
#12684=ORIENTED_EDGE('',*,*,#12683,.T.);
#12686=ORIENTED_EDGE('',*,*,#12685,.T.);
#12687=EDGE_LOOP('',(#12684,#12686));
#12688=FACE_BOUND('',#12687,.F.);
#12690=ORIENTED_EDGE('',*,*,#12689,.T.);
#12692=ORIENTED_EDGE('',*,*,#12691,.T.);
#12693=EDGE_LOOP('',(#12690,#12692));
#12694=FACE_BOUND('',#12693,.F.);
#12696=CARTESIAN_POINT('',(1.552738880316E0,-3.843700787402E-1,
3.937007874016E-1));
#12697=DIRECTION('',(0.E0,0.E0,1.E0));
#12698=DIRECTION('',(-1.E0,0.E0,0.E0));
#12699=AXIS2_PLACEMENT_3D('',#12696,#12697,#12698);
#12700=PLANE('',#12699);
#12701=ORIENTED_EDGE('',*,*,#12656,.F.);
#12703=ORIENTED_EDGE('',*,*,#12702,.F.);
#12705=ORIENTED_EDGE('',*,*,#12704,.F.);
#12706=ORIENTED_EDGE('',*,*,#12667,.T.);
#12707=EDGE_LOOP('',(#12701,#12703,#12705,#12706));
#12708=FACE_OUTER_BOUND('',#12707,.F.);
#12710=CARTESIAN_POINT('',(0.E0,-2.162598425197E-1,0.E0));
#12711=DIRECTION('',(0.E0,-1.E0,0.E0));
#12712=DIRECTION('',(1.E0,0.E0,0.E0));
#12713=AXIS2_PLACEMENT_3D('',#12710,#12711,#12712);
#12714=PLANE('',#12713);
#12715=ORIENTED_EDGE('',*,*,#12654,.F.);
#12717=ORIENTED_EDGE('',*,*,#12716,.F.);
#12719=ORIENTED_EDGE('',*,*,#12718,.T.);
#12721=ORIENTED_EDGE('',*,*,#12720,.T.);
#12722=ORIENTED_EDGE('',*,*,#12702,.T.);
#12723=EDGE_LOOP('',(#12715,#12717,#12719,#12721,#12722));
#12724=FACE_OUTER_BOUND('',#12723,.F.);
#12726=ORIENTED_EDGE('',*,*,#12725,.F.);
#12728=ORIENTED_EDGE('',*,*,#12727,.F.);
#12729=EDGE_LOOP('',(#12726,#12728));
#12730=FACE_BOUND('',#12729,.F.);
#12732=ORIENTED_EDGE('',*,*,#12731,.F.);
#12734=ORIENTED_EDGE('',*,*,#12733,.F.);
#12735=EDGE_LOOP('',(#12732,#12734));
#12736=FACE_BOUND('',#12735,.F.);
#12738=ORIENTED_EDGE('',*,*,#12737,.F.);
#12740=ORIENTED_EDGE('',*,*,#12739,.F.);
#12741=EDGE_LOOP('',(#12738,#12740));
#12742=FACE_BOUND('',#12741,.F.);
#12744=CARTESIAN_POINT('',(0.E0,-7.874015748031E-2,0.E0));
#12745=DIRECTION('',(0.E0,-1.E0,0.E0));
#12746=DIRECTION('',(1.E0,0.E0,0.E0));
#12747=AXIS2_PLACEMENT_3D('',#12744,#12745,#12746);
#12748=CYLINDRICAL_SURFACE('',#12747,4.163385826772E-1);
#12749=ORIENTED_EDGE('',*,*,#12673,.F.);
#12751=ORIENTED_EDGE('',*,*,#12750,.F.);
#12752=ORIENTED_EDGE('',*,*,#12716,.T.);
#12753=ORIENTED_EDGE('',*,*,#12652,.F.);
#12755=ORIENTED_EDGE('',*,*,#12754,.F.);
#12756=ORIENTED_EDGE('',*,*,#12648,.T.);
#12757=ORIENTED_EDGE('',*,*,#12628,.T.);
#12758=ORIENTED_EDGE('',*,*,#12645,.F.);
#12759=EDGE_LOOP('',(#12749,#12751,#12752,#12753,#12755,#12756,#12757,#12758));
#12760=FACE_OUTER_BOUND('',#12759,.F.);
#12762=CARTESIAN_POINT('',(1.354160456704E-1,-3.843700787402E-1,
-3.937007874016E-1));
#12763=DIRECTION('',(0.E0,0.E0,-1.E0));
#12764=DIRECTION('',(1.E0,0.E0,0.E0));
#12765=AXIS2_PLACEMENT_3D('',#12762,#12763,#12764);
#12766=PLANE('',#12765);
#12767=ORIENTED_EDGE('',*,*,#12750,.T.);
#12768=ORIENTED_EDGE('',*,*,#12671,.T.);
#12770=ORIENTED_EDGE('',*,*,#12769,.T.);
#12771=ORIENTED_EDGE('',*,*,#12718,.F.);
#12772=EDGE_LOOP('',(#12767,#12768,#12770,#12771));
#12773=FACE_OUTER_BOUND('',#12772,.F.);
#12775=CARTESIAN_POINT('',(1.552738880316E0,-3.843700787402E-1,
-3.937007874016E-1));
#12776=DIRECTION('',(1.E0,0.E0,0.E0));
#12777=DIRECTION('',(0.E0,0.E0,1.E0));
#12778=AXIS2_PLACEMENT_3D('',#12775,#12776,#12777);
#12779=PLANE('',#12778);
#12780=ORIENTED_EDGE('',*,*,#12669,.T.);
#12781=ORIENTED_EDGE('',*,*,#12704,.T.);
#12782=ORIENTED_EDGE('',*,*,#12720,.F.);
#12783=ORIENTED_EDGE('',*,*,#12769,.F.);
#12784=EDGE_LOOP('',(#12780,#12781,#12782,#12783));
#12785=FACE_OUTER_BOUND('',#12784,.F.);
#12787=CARTESIAN_POINT('',(0.E0,-7.874015748031E-2,0.E0));
#12788=DIRECTION('',(0.E0,1.E0,0.E0));
#12789=DIRECTION('',(1.E0,0.E0,0.E0));
#12790=AXIS2_PLACEMENT_3D('',#12787,#12788,#12789);
#12791=PLANE('',#12790);
#12793=ORIENTED_EDGE('',*,*,#12792,.T.);
#12795=ORIENTED_EDGE('',*,*,#12794,.T.);
#12796=EDGE_LOOP('',(#12793,#12795));
#12797=FACE_OUTER_BOUND('',#12796,.F.);
#12798=ORIENTED_EDGE('',*,*,#12650,.T.);
#12799=ORIENTED_EDGE('',*,*,#12754,.T.);
#12800=EDGE_LOOP('',(#12798,#12799));
#12801=FACE_BOUND('',#12800,.F.);
#12803=CARTESIAN_POINT('',(0.E0,0.E0,0.E0));
#12804=DIRECTION('',(0.E0,1.E0,0.E0));
#12805=DIRECTION('',(1.E0,0.E0,0.E0));
#12806=AXIS2_PLACEMENT_3D('',#12803,#12804,#12805);
#12807=CYLINDRICAL_SURFACE('',#12806,1.259454470924E0);
#12809=ORIENTED_EDGE('',*,*,#12808,.T.);
#12811=ORIENTED_EDGE('',*,*,#12810,.T.);
#12812=ORIENTED_EDGE('',*,*,#12792,.F.);
#12814=ORIENTED_EDGE('',*,*,#12813,.F.);
#12815=EDGE_LOOP('',(#12809,#12811,#12812,#12814));
#12816=FACE_OUTER_BOUND('',#12815,.F.);
#12818=CARTESIAN_POINT('',(0.E0,-1.210629920863E-2,0.E0));
#12819=DIRECTION('',(0.E0,-1.E0,0.E0));
#12820=DIRECTION('',(0.E0,0.E0,-1.E0));
#12821=AXIS2_PLACEMENT_3D('',#12818,#12819,#12820);
#12822=CONICAL_SURFACE('',#12821,1.247348171707E0,4.5E1);
#12823=ORIENTED_EDGE('',*,*,#12808,.F.);
#12824=ORIENTED_EDGE('',*,*,#11454,.F.);
#12825=ORIENTED_EDGE('',*,*,#10297,.T.);
#12827=ORIENTED_EDGE('',*,*,#12826,.T.);
#12828=ORIENTED_EDGE('',*,*,#10824,.T.);
#12830=ORIENTED_EDGE('',*,*,#12829,.T.);
#12831=ORIENTED_EDGE('',*,*,#10840,.T.);
#12833=ORIENTED_EDGE('',*,*,#12832,.T.);
#12834=ORIENTED_EDGE('',*,*,#10856,.T.);
#12836=ORIENTED_EDGE('',*,*,#12835,.T.);
#12837=ORIENTED_EDGE('',*,*,#10872,.T.);
#12839=ORIENTED_EDGE('',*,*,#12838,.T.);
#12840=ORIENTED_EDGE('',*,*,#10888,.T.);
#12842=ORIENTED_EDGE('',*,*,#12841,.T.);
#12843=ORIENTED_EDGE('',*,*,#10904,.T.);
#12845=ORIENTED_EDGE('',*,*,#12844,.T.);
#12846=ORIENTED_EDGE('',*,*,#10920,.T.);
#12848=ORIENTED_EDGE('',*,*,#12847,.T.);
#12849=ORIENTED_EDGE('',*,*,#10936,.T.);
#12851=ORIENTED_EDGE('',*,*,#12850,.T.);
#12852=ORIENTED_EDGE('',*,*,#10952,.T.);
#12854=ORIENTED_EDGE('',*,*,#12853,.T.);
#12855=ORIENTED_EDGE('',*,*,#10968,.T.);
#12857=ORIENTED_EDGE('',*,*,#12856,.T.);
#12858=ORIENTED_EDGE('',*,*,#10984,.T.);
#12860=ORIENTED_EDGE('',*,*,#12859,.T.);
#12861=ORIENTED_EDGE('',*,*,#11000,.T.);
#12863=ORIENTED_EDGE('',*,*,#12862,.T.);
#12864=ORIENTED_EDGE('',*,*,#11016,.T.);
#12866=ORIENTED_EDGE('',*,*,#12865,.T.);
#12867=ORIENTED_EDGE('',*,*,#11032,.T.);
#12869=ORIENTED_EDGE('',*,*,#12868,.T.);
#12870=ORIENTED_EDGE('',*,*,#11048,.T.);
#12872=ORIENTED_EDGE('',*,*,#12871,.T.);
#12873=ORIENTED_EDGE('',*,*,#10314,.T.);
#12874=ORIENTED_EDGE('',*,*,#9019,.T.);
#12875=ORIENTED_EDGE('',*,*,#10330,.T.);
#12876=ORIENTED_EDGE('',*,*,#12336,.T.);
#12877=ORIENTED_EDGE('',*,*,#10346,.T.);
#12878=ORIENTED_EDGE('',*,*,#12282,.T.);
#12879=ORIENTED_EDGE('',*,*,#10362,.T.);
#12880=ORIENTED_EDGE('',*,*,#12228,.T.);
#12881=ORIENTED_EDGE('',*,*,#10378,.T.);
#12882=ORIENTED_EDGE('',*,*,#12174,.T.);
#12883=ORIENTED_EDGE('',*,*,#10394,.T.);
#12884=ORIENTED_EDGE('',*,*,#12120,.T.);
#12885=ORIENTED_EDGE('',*,*,#10410,.T.);
#12886=ORIENTED_EDGE('',*,*,#12066,.T.);
#12887=ORIENTED_EDGE('',*,*,#10426,.T.);
#12888=ORIENTED_EDGE('',*,*,#12012,.T.);
#12889=ORIENTED_EDGE('',*,*,#10442,.T.);
#12890=ORIENTED_EDGE('',*,*,#11958,.T.);
#12891=ORIENTED_EDGE('',*,*,#10458,.T.);
#12892=ORIENTED_EDGE('',*,*,#11904,.T.);
#12893=ORIENTED_EDGE('',*,*,#10474,.T.);
#12894=ORIENTED_EDGE('',*,*,#11850,.T.);
#12895=ORIENTED_EDGE('',*,*,#10490,.T.);
#12896=ORIENTED_EDGE('',*,*,#11796,.T.);
#12897=ORIENTED_EDGE('',*,*,#10506,.T.);
#12898=ORIENTED_EDGE('',*,*,#11742,.T.);
#12899=ORIENTED_EDGE('',*,*,#10522,.T.);
#12900=ORIENTED_EDGE('',*,*,#11688,.T.);
#12901=ORIENTED_EDGE('',*,*,#10538,.T.);
#12902=ORIENTED_EDGE('',*,*,#11634,.T.);
#12903=ORIENTED_EDGE('',*,*,#10554,.T.);
#12904=ORIENTED_EDGE('',*,*,#11580,.T.);
#12905=ORIENTED_EDGE('',*,*,#10570,.T.);
#12906=ORIENTED_EDGE('',*,*,#11526,.T.);
#12907=ORIENTED_EDGE('',*,*,#10281,.T.);
#12908=ORIENTED_EDGE('',*,*,#11458,.T.);
#12909=EDGE_LOOP('',(#12823,#12824,#12825,#12827,#12828,#12830,#12831,#12833,
#12834,#12836,#12837,#12839,#12840,#12842,#12843,#12845,#12846,#12848,#12849,
#12851,#12852,#12854,#12855,#12857,#12858,#12860,#12861,#12863,#12864,#12866,
#12867,#12869,#12870,#12872,#12873,#12874,#12875,#12876,#12877,#12878,#12879,
#12880,#12881,#12882,#12883,#12884,#12885,#12886,#12887,#12888,#12889,#12890,
#12891,#12892,#12893,#12894,#12895,#12896,#12897,#12898,#12899,#12900,#12901,
#12902,#12903,#12904,#12905,#12906,#12907,#12908));
#12910=FACE_OUTER_BOUND('',#12909,.F.);
#12912=CARTESIAN_POINT('',(0.E0,2.519685039370E-1,0.E0));
#12913=DIRECTION('',(0.E0,1.E0,0.E0));
#12914=DIRECTION('',(7.027618894529E-2,0.E0,9.975275721840E-1));
#12915=AXIS2_PLACEMENT_3D('',#12912,#12913,#12914);
#12916=CYLINDRICAL_SURFACE('',#12915,1.235241872499E0);
#12917=ORIENTED_EDGE('',*,*,#12467,.F.);
#12919=ORIENTED_EDGE('',*,*,#12918,.T.);
#12920=ORIENTED_EDGE('',*,*,#12826,.F.);
#12922=ORIENTED_EDGE('',*,*,#12921,.F.);
#12923=EDGE_LOOP('',(#12917,#12919,#12920,#12922));
#12924=FACE_OUTER_BOUND('',#12923,.F.);
#12926=CARTESIAN_POINT('',(1.220998697815E0,2.519685039370E-1,
-9.900013853981E-2));
#12927=DIRECTION('',(0.E0,1.E0,0.E0));
#12928=DIRECTION('',(1.633773618185E-1,0.E0,9.865636510865E-1));
#12929=AXIS2_PLACEMENT_3D('',#12926,#12927,#12928);
#12930=CYLINDRICAL_SURFACE('',#12929,1.023622047244E-2);
#12931=ORIENTED_EDGE('',*,*,#10109,.T.);
#12933=ORIENTED_EDGE('',*,*,#12932,.T.);
#12934=ORIENTED_EDGE('',*,*,#10826,.F.);
#12935=ORIENTED_EDGE('',*,*,#12918,.F.);
#12936=EDGE_LOOP('',(#12931,#12933,#12934,#12935));
#12937=FACE_OUTER_BOUND('',#12936,.F.);
#12939=CARTESIAN_POINT('',(1.215034659707E0,2.519685039370E-1,
-1.430867488410E-1));
#12940=DIRECTION('',(0.E0,1.E0,0.E0));
#12941=DIRECTION('',(1.633773618185E-1,0.E0,9.865636510865E-1));
#12942=AXIS2_PLACEMENT_3D('',#12939,#12940,#12941);
#12943=CYLINDRICAL_SURFACE('',#12942,3.425196850394E-2);
#12944=ORIENTED_EDGE('',*,*,#10828,.T.);
#12945=ORIENTED_EDGE('',*,*,#12932,.F.);
#12946=ORIENTED_EDGE('',*,*,#10107,.F.);
#12948=ORIENTED_EDGE('',*,*,#12947,.T.);
#12949=EDGE_LOOP('',(#12944,#12945,#12946,#12948));
#12950=FACE_OUTER_BOUND('',#12949,.F.);
#12952=CARTESIAN_POINT('',(1.210593983331E0,2.519685039370E-1,
-1.873527555698E-1));
#12953=DIRECTION('',(0.E0,1.E0,0.E0));
#12954=DIRECTION('',(1.633773618185E-1,0.E0,9.865636510865E-1));
#12955=AXIS2_PLACEMENT_3D('',#12952,#12953,#12954);
#12956=CYLINDRICAL_SURFACE('',#12955,1.023622047244E-2);
#12957=ORIENTED_EDGE('',*,*,#10105,.T.);
#12959=ORIENTED_EDGE('',*,*,#12958,.T.);
#12960=ORIENTED_EDGE('',*,*,#10830,.F.);
#12961=ORIENTED_EDGE('',*,*,#12947,.F.);
#12962=EDGE_LOOP('',(#12957,#12959,#12960,#12961));
#12963=FACE_OUTER_BOUND('',#12962,.F.);
#12965=CARTESIAN_POINT('',(0.E0,2.519685039370E-1,0.E0));
#12966=DIRECTION('',(0.E0,1.E0,0.E0));
#12967=DIRECTION('',(1.633773618185E-1,0.E0,9.865636510865E-1));
#12968=AXIS2_PLACEMENT_3D('',#12965,#12966,#12967);
#12969=CYLINDRICAL_SURFACE('',#12968,1.235241872499E0);
#12970=ORIENTED_EDGE('',*,*,#12464,.F.);
#12972=ORIENTED_EDGE('',*,*,#12971,.T.);
#12973=ORIENTED_EDGE('',*,*,#12829,.F.);
#12974=ORIENTED_EDGE('',*,*,#12958,.F.);
#12975=EDGE_LOOP('',(#12970,#12972,#12973,#12974));
#12976=FACE_OUTER_BOUND('',#12975,.F.);
#12978=CARTESIAN_POINT('',(1.206363087149E0,2.519685039370E-1,
-2.129012669341E-1));
#12979=DIRECTION('',(0.E0,1.E0,0.E0));
#12980=DIRECTION('',(2.550427685617E-1,0.E0,9.669297731503E-1));
#12981=AXIS2_PLACEMENT_3D('',#12978,#12979,#12980);
#12982=CYLINDRICAL_SURFACE('',#12981,1.023622047244E-2);
#12983=ORIENTED_EDGE('',*,*,#10093,.T.);
#12985=ORIENTED_EDGE('',*,*,#12984,.T.);
#12986=ORIENTED_EDGE('',*,*,#10842,.F.);
#12987=ORIENTED_EDGE('',*,*,#12971,.F.);
#12988=EDGE_LOOP('',(#12983,#12985,#12986,#12987));
#12989=FACE_OUTER_BOUND('',#12988,.F.);
#12991=CARTESIAN_POINT('',(1.196296919274E0,2.519685039370E-1,
-2.562356784650E-1));
#12992=DIRECTION('',(0.E0,1.E0,0.E0));
#12993=DIRECTION('',(2.550427685617E-1,0.E0,9.669297731503E-1));
#12994=AXIS2_PLACEMENT_3D('',#12991,#12992,#12993);
#12995=CYLINDRICAL_SURFACE('',#12994,3.425196850394E-2);
#12996=ORIENTED_EDGE('',*,*,#10844,.T.);
#12997=ORIENTED_EDGE('',*,*,#12984,.F.);
#12998=ORIENTED_EDGE('',*,*,#10091,.F.);
#13000=ORIENTED_EDGE('',*,*,#12999,.T.);
#13001=EDGE_LOOP('',(#12996,#12997,#12998,#13000));
#13002=FACE_OUTER_BOUND('',#13001,.F.);
#13004=CARTESIAN_POINT('',(1.187730620504E0,2.519685039370E-1,
-2.998913480140E-1));
#13005=DIRECTION('',(0.E0,1.E0,0.E0));
#13006=DIRECTION('',(2.550427685617E-1,0.E0,9.669297731503E-1));
#13007=AXIS2_PLACEMENT_3D('',#13004,#13005,#13006);
#13008=CYLINDRICAL_SURFACE('',#13007,1.023622047244E-2);
#13009=ORIENTED_EDGE('',*,*,#10089,.T.);
#13011=ORIENTED_EDGE('',*,*,#13010,.T.);
#13012=ORIENTED_EDGE('',*,*,#10846,.F.);
#13013=ORIENTED_EDGE('',*,*,#12999,.F.);
#13014=EDGE_LOOP('',(#13009,#13011,#13012,#13013));
#13015=FACE_OUTER_BOUND('',#13014,.F.);
#13017=CARTESIAN_POINT('',(0.E0,2.519685039370E-1,0.E0));
#13018=DIRECTION('',(0.E0,1.E0,0.E0));
#13019=DIRECTION('',(2.550427685617E-1,0.E0,9.669297731503E-1));
#13020=AXIS2_PLACEMENT_3D('',#13017,#13018,#13019);
#13021=CYLINDRICAL_SURFACE('',#13020,1.235241872499E0);
#13022=ORIENTED_EDGE('',*,*,#12461,.F.);
#13024=ORIENTED_EDGE('',*,*,#13023,.T.);
#13025=ORIENTED_EDGE('',*,*,#12832,.F.);
#13026=ORIENTED_EDGE('',*,*,#13010,.F.);
#13027=EDGE_LOOP('',(#13022,#13024,#13025,#13026));
#13028=FACE_OUTER_BOUND('',#13027,.F.);
#13030=CARTESIAN_POINT('',(1.181125914296E0,2.519685039370E-1,
-3.249314113395E-1));
#13031=DIRECTION('',(0.E0,1.E0,0.E0));
#13032=DIRECTION('',(3.444668502843E-1,0.E0,9.387984816004E-1));
#13033=AXIS2_PLACEMENT_3D('',#13030,#13031,#13032);
#13034=CYLINDRICAL_SURFACE('',#13033,1.023622047244E-2);
#13035=ORIENTED_EDGE('',*,*,#10077,.T.);
#13037=ORIENTED_EDGE('',*,*,#13036,.T.);
#13038=ORIENTED_EDGE('',*,*,#10858,.F.);
#13039=ORIENTED_EDGE('',*,*,#13023,.F.);
#13040=EDGE_LOOP('',(#13035,#13037,#13038,#13039));
#13041=FACE_OUTER_BOUND('',#13040,.F.);
#13043=CARTESIAN_POINT('',(1.167046078500E0,2.519685039370E-1,
-3.671327997334E-1));
#13044=DIRECTION('',(0.E0,1.E0,0.E0));
#13045=DIRECTION('',(3.444668502843E-1,0.E0,9.387984816004E-1));
#13046=AXIS2_PLACEMENT_3D('',#13043,#13044,#13045);
#13047=CYLINDRICAL_SURFACE('',#13046,3.425196850394E-2);
#13048=ORIENTED_EDGE('',*,*,#10860,.T.);
#13049=ORIENTED_EDGE('',*,*,#13036,.F.);
#13050=ORIENTED_EDGE('',*,*,#10075,.F.);
#13052=ORIENTED_EDGE('',*,*,#13051,.T.);
#13053=EDGE_LOOP('',(#13048,#13049,#13050,#13052));
#13054=FACE_OUTER_BOUND('',#13053,.F.);
#13056=CARTESIAN_POINT('',(1.154429438278E0,2.519685039370E-1,
-4.097944845090E-1));
#13057=DIRECTION('',(0.E0,1.E0,0.E0));
#13058=DIRECTION('',(3.444668502843E-1,0.E0,9.387984816004E-1));
#13059=AXIS2_PLACEMENT_3D('',#13056,#13057,#13058);
#13060=CYLINDRICAL_SURFACE('',#13059,1.023622047244E-2);
#13061=ORIENTED_EDGE('',*,*,#10073,.T.);
#13063=ORIENTED_EDGE('',*,*,#13062,.T.);
#13064=ORIENTED_EDGE('',*,*,#10862,.F.);
#13065=ORIENTED_EDGE('',*,*,#13051,.F.);
#13066=EDGE_LOOP('',(#13061,#13063,#13064,#13065));
#13067=FACE_OUTER_BOUND('',#13066,.F.);
#13069=CARTESIAN_POINT('',(0.E0,2.519685039370E-1,0.E0));
#13070=DIRECTION('',(0.E0,1.E0,0.E0));
#13071=DIRECTION('',(3.444668502843E-1,0.E0,9.387984816004E-1));
#13072=AXIS2_PLACEMENT_3D('',#13069,#13070,#13071);
#13073=CYLINDRICAL_SURFACE('',#13072,1.235241872499E0);
#13074=ORIENTED_EDGE('',*,*,#12458,.F.);
#13076=ORIENTED_EDGE('',*,*,#13075,.T.);
#13077=ORIENTED_EDGE('',*,*,#12835,.F.);
#13078=ORIENTED_EDGE('',*,*,#13062,.F.);
#13079=EDGE_LOOP('',(#13074,#13076,#13077,#13078));
#13080=FACE_OUTER_BOUND('',#13079,.F.);
#13082=CARTESIAN_POINT('',(1.145508964440E0,2.519685039370E-1,
-4.341060468187E-1));
#13083=DIRECTION('',(0.E0,1.E0,0.E0));
#13084=DIRECTION('',(4.308637449410E-1,0.E0,9.024169952386E-1));
#13085=AXIS2_PLACEMENT_3D('',#13082,#13083,#13084);
#13086=CYLINDRICAL_SURFACE('',#13085,1.023622047244E-2);
#13087=ORIENTED_EDGE('',*,*,#10061,.T.);
#13089=ORIENTED_EDGE('',*,*,#13088,.T.);
#13090=ORIENTED_EDGE('',*,*,#10874,.F.);
#13091=ORIENTED_EDGE('',*,*,#13075,.F.);
#13092=EDGE_LOOP('',(#13087,#13089,#13090,#13091));
#13093=FACE_OUTER_BOUND('',#13092,.F.);
#13095=CARTESIAN_POINT('',(1.127539194826E0,2.519685039370E-1,
-4.748035447570E-1));
#13096=DIRECTION('',(0.E0,1.E0,0.E0));
#13097=DIRECTION('',(4.308637449410E-1,0.E0,9.024169952386E-1));
#13098=AXIS2_PLACEMENT_3D('',#13095,#13096,#13097);
#13099=CYLINDRICAL_SURFACE('',#13098,3.425196850394E-2);
#13100=ORIENTED_EDGE('',*,*,#10876,.T.);
#13101=ORIENTED_EDGE('',*,*,#13088,.F.);
#13102=ORIENTED_EDGE('',*,*,#10059,.F.);
#13104=ORIENTED_EDGE('',*,*,#13103,.T.);
#13105=EDGE_LOOP('',(#13100,#13101,#13102,#13104));
#13106=FACE_OUTER_BOUND('',#13105,.F.);
#13108=CARTESIAN_POINT('',(1.110983088639E0,2.519685039370E-1,
-5.160963323393E-1));
#13109=DIRECTION('',(0.E0,1.E0,0.E0));
#13110=DIRECTION('',(4.308637449410E-1,0.E0,9.024169952386E-1));
#13111=AXIS2_PLACEMENT_3D('',#13108,#13109,#13110);
#13112=CYLINDRICAL_SURFACE('',#13111,1.023622047244E-2);
#13113=ORIENTED_EDGE('',*,*,#10057,.T.);
#13115=ORIENTED_EDGE('',*,*,#13114,.T.);
#13116=ORIENTED_EDGE('',*,*,#10878,.F.);
#13117=ORIENTED_EDGE('',*,*,#13103,.F.);
#13118=EDGE_LOOP('',(#13113,#13115,#13116,#13117));
#13119=FACE_OUTER_BOUND('',#13118,.F.);
#13121=CARTESIAN_POINT('',(0.E0,2.519685039370E-1,0.E0));
#13122=DIRECTION('',(0.E0,1.E0,0.E0));
#13123=DIRECTION('',(4.308637449410E-1,0.E0,9.024169952386E-1));
#13124=AXIS2_PLACEMENT_3D('',#13121,#13122,#13123);
#13125=CYLINDRICAL_SURFACE('',#13124,1.235241872499E0);
#13126=ORIENTED_EDGE('',*,*,#12455,.F.);
#13128=ORIENTED_EDGE('',*,*,#13127,.T.);
#13129=ORIENTED_EDGE('',*,*,#12838,.F.);
#13130=ORIENTED_EDGE('',*,*,#13114,.F.);
#13131=EDGE_LOOP('',(#13126,#13128,#13129,#13130));
#13132=FACE_OUTER_BOUND('',#13131,.F.);
#13134=CARTESIAN_POINT('',(1.099825240616E0,2.519685039370E-1,
-5.394657427497E-1));
#13135=DIRECTION('',(0.E0,1.E0,0.E0));
#13136=DIRECTION('',(5.134741935148E-1,0.E0,8.581050358751E-1));
#13137=AXIS2_PLACEMENT_3D('',#13134,#13135,#13136);
#13138=CYLINDRICAL_SURFACE('',#13137,1.023622047244E-2);
#13139=ORIENTED_EDGE('',*,*,#10045,.T.);
#13141=ORIENTED_EDGE('',*,*,#13140,.T.);
#13142=ORIENTED_EDGE('',*,*,#10890,.F.);
#13143=ORIENTED_EDGE('',*,*,#13127,.F.);
#13144=EDGE_LOOP('',(#13139,#13141,#13142,#13143));
#13145=FACE_OUTER_BOUND('',#13144,.F.);
#13147=CARTESIAN_POINT('',(1.078123456166E0,2.519685039370E-1,
-5.783016991572E-1));
#13148=DIRECTION('',(0.E0,1.E0,0.E0));
#13149=DIRECTION('',(5.134741935148E-1,0.E0,8.581050358751E-1));
#13150=AXIS2_PLACEMENT_3D('',#13147,#13148,#13149);
#13151=CYLINDRICAL_SURFACE('',#13150,3.425196850394E-2);
#13152=ORIENTED_EDGE('',*,*,#10892,.T.);
#13153=ORIENTED_EDGE('',*,*,#13140,.F.);
#13154=ORIENTED_EDGE('',*,*,#10043,.F.);
#13156=ORIENTED_EDGE('',*,*,#13155,.T.);
#13157=EDGE_LOOP('',(#13152,#13153,#13154,#13156));
#13158=FACE_OUTER_BOUND('',#13157,.F.);
#13160=CARTESIAN_POINT('',(1.057773379671E0,2.519685039370E-1,
-6.178627070443E-1));
#13161=DIRECTION('',(0.E0,1.E0,0.E0));
#13162=DIRECTION('',(5.134741935148E-1,0.E0,8.581050358751E-1));
#13163=AXIS2_PLACEMENT_3D('',#13160,#13161,#13162);
#13164=CYLINDRICAL_SURFACE('',#13163,1.023622047244E-2);
#13165=ORIENTED_EDGE('',*,*,#10041,.T.);
#13167=ORIENTED_EDGE('',*,*,#13166,.T.);
#13168=ORIENTED_EDGE('',*,*,#10894,.F.);
#13169=ORIENTED_EDGE('',*,*,#13155,.F.);
#13170=EDGE_LOOP('',(#13165,#13167,#13168,#13169));
#13171=FACE_OUTER_BOUND('',#13170,.F.);
#13173=CARTESIAN_POINT('',(0.E0,2.519685039370E-1,0.E0));
#13174=DIRECTION('',(0.E0,1.E0,0.E0));
#13175=DIRECTION('',(5.134741935148E-1,0.E0,8.581050358751E-1));
#13176=AXIS2_PLACEMENT_3D('',#13173,#13174,#13175);
#13177=CYLINDRICAL_SURFACE('',#13176,1.235241872499E0);
#13178=ORIENTED_EDGE('',*,*,#12452,.F.);
#13180=ORIENTED_EDGE('',*,*,#13179,.T.);
#13181=ORIENTED_EDGE('',*,*,#12841,.F.);
#13182=ORIENTED_EDGE('',*,*,#13166,.F.);
#13183=EDGE_LOOP('',(#13178,#13180,#13181,#13182));
#13184=FACE_OUTER_BOUND('',#13183,.F.);
#13186=CARTESIAN_POINT('',(1.044476213032E0,2.519685039370E-1,
-6.400845943362E-1));
#13187=DIRECTION('',(0.E0,1.E0,0.E0));
#13188=DIRECTION('',(5.915722124135E-1,0.E0,8.062520186022E-1));
#13189=AXIS2_PLACEMENT_3D('',#13186,#13187,#13188);
#13190=CYLINDRICAL_SURFACE('',#13189,1.023622047244E-2);
#13191=ORIENTED_EDGE('',*,*,#10029,.T.);
#13193=ORIENTED_EDGE('',*,*,#13192,.T.);
#13194=ORIENTED_EDGE('',*,*,#10906,.F.);
#13195=ORIENTED_EDGE('',*,*,#13179,.F.);
#13196=EDGE_LOOP('',(#13191,#13193,#13194,#13195));
#13197=FACE_OUTER_BOUND('',#13196,.F.);
#13199=CARTESIAN_POINT('',(1.019233129808E0,2.519685039370E-1,
-6.767177174316E-1));
#13200=DIRECTION('',(0.E0,1.E0,0.E0));
#13201=DIRECTION('',(5.915722124135E-1,0.E0,8.062520186022E-1));
#13202=AXIS2_PLACEMENT_3D('',#13199,#13200,#13201);
#13203=CYLINDRICAL_SURFACE('',#13202,3.425196850394E-2);
#13204=ORIENTED_EDGE('',*,*,#10908,.T.);
#13205=ORIENTED_EDGE('',*,*,#13192,.F.);
#13206=ORIENTED_EDGE('',*,*,#10027,.F.);
#13208=ORIENTED_EDGE('',*,*,#13207,.T.);
#13209=EDGE_LOOP('',(#13204,#13205,#13206,#13208));
#13210=FACE_OUTER_BOUND('',#13209,.F.);
#13212=CARTESIAN_POINT('',(9.952679202086E-1,2.519685039370E-1,
-7.141992820637E-1));
#13213=DIRECTION('',(0.E0,1.E0,0.E0));
#13214=DIRECTION('',(5.915722124135E-1,0.E0,8.062520186022E-1));
#13215=AXIS2_PLACEMENT_3D('',#13212,#13213,#13214);
#13216=CYLINDRICAL_SURFACE('',#13215,1.023622047244E-2);
#13217=ORIENTED_EDGE('',*,*,#10025,.T.);
#13219=ORIENTED_EDGE('',*,*,#13218,.T.);
#13220=ORIENTED_EDGE('',*,*,#10910,.F.);
#13221=ORIENTED_EDGE('',*,*,#13207,.F.);
#13222=EDGE_LOOP('',(#13217,#13219,#13220,#13221));
#13223=FACE_OUTER_BOUND('',#13222,.F.);
#13225=CARTESIAN_POINT('',(0.E0,2.519685039370E-1,0.E0));
#13226=DIRECTION('',(0.E0,1.E0,0.E0));
#13227=DIRECTION('',(5.915722124135E-1,0.E0,8.062520186022E-1));
#13228=AXIS2_PLACEMENT_3D('',#13225,#13226,#13227);
#13229=CYLINDRICAL_SURFACE('',#13228,1.235241872499E0);
#13230=ORIENTED_EDGE('',*,*,#12449,.F.);
#13232=ORIENTED_EDGE('',*,*,#13231,.T.);
#13233=ORIENTED_EDGE('',*,*,#12844,.F.);
#13234=ORIENTED_EDGE('',*,*,#13218,.F.);
#13235=EDGE_LOOP('',(#13230,#13232,#13233,#13234));
#13236=FACE_OUTER_BOUND('',#13235,.F.);
#13238=CARTESIAN_POINT('',(9.799482909328E-1,2.519685039370E-1,
-7.350783594928E-1));
#13239=DIRECTION('',(0.E0,1.E0,0.E0));
#13240=DIRECTION('',(6.644714734388E-1,0.E0,7.473136296001E-1));
#13241=AXIS2_PLACEMENT_3D('',#13238,#13239,#13240);
#13242=CYLINDRICAL_SURFACE('',#13241,1.023622047244E-2);
#13243=ORIENTED_EDGE('',*,*,#10013,.T.);
#13245=ORIENTED_EDGE('',*,*,#13244,.T.);
#13246=ORIENTED_EDGE('',*,*,#10922,.F.);
#13247=ORIENTED_EDGE('',*,*,#13231,.F.);
#13248=EDGE_LOOP('',(#13243,#13245,#13246,#13247));
#13249=FACE_OUTER_BOUND('',#13248,.F.);
#13251=CARTESIAN_POINT('',(9.513857460569E-1,2.519685039370E-1,
-7.691867160731E-1));
#13252=DIRECTION('',(0.E0,1.E0,0.E0));
#13253=DIRECTION('',(6.644714734388E-1,0.E0,7.473136296001E-1));
#13254=AXIS2_PLACEMENT_3D('',#13251,#13252,#13253);
#13255=CYLINDRICAL_SURFACE('',#13254,3.425196850394E-2);
#13256=ORIENTED_EDGE('',*,*,#10924,.T.);
#13257=ORIENTED_EDGE('',*,*,#13244,.F.);
#13258=ORIENTED_EDGE('',*,*,#10011,.F.);
#13260=ORIENTED_EDGE('',*,*,#13259,.T.);
#13261=EDGE_LOOP('',(#13256,#13257,#13258,#13260));
#13262=FACE_OUTER_BOUND('',#13261,.F.);
#13264=CARTESIAN_POINT('',(9.240160104774E-1,2.519685039370E-1,
-8.042594481124E-1));
#13265=DIRECTION('',(0.E0,1.E0,0.E0));
#13266=DIRECTION('',(6.644714734388E-1,0.E0,7.473136296001E-1));
#13267=AXIS2_PLACEMENT_3D('',#13264,#13265,#13266);
#13268=CYLINDRICAL_SURFACE('',#13267,1.023622047244E-2);
#13269=ORIENTED_EDGE('',*,*,#10009,.T.);
#13271=ORIENTED_EDGE('',*,*,#13270,.T.);
#13272=ORIENTED_EDGE('',*,*,#10926,.F.);
#13273=ORIENTED_EDGE('',*,*,#13259,.F.);
#13274=EDGE_LOOP('',(#13269,#13271,#13272,#13273));
#13275=FACE_OUTER_BOUND('',#13274,.F.);
#13277=CARTESIAN_POINT('',(0.E0,2.519685039370E-1,0.E0));
#13278=DIRECTION('',(0.E0,1.E0,0.E0));
#13279=DIRECTION('',(6.644714734388E-1,0.E0,7.473136296001E-1));
#13280=AXIS2_PLACEMENT_3D('',#13277,#13278,#13279);
#13281=CYLINDRICAL_SURFACE('',#13280,1.235241872499E0);
#13282=ORIENTED_EDGE('',*,*,#12446,.F.);
#13284=ORIENTED_EDGE('',*,*,#13283,.T.);
#13285=ORIENTED_EDGE('',*,*,#12847,.F.);
#13286=ORIENTED_EDGE('',*,*,#13270,.F.);
#13287=EDGE_LOOP('',(#13282,#13284,#13285,#13286));
#13288=FACE_OUTER_BOUND('',#13287,.F.);
#13290=CARTESIAN_POINT('',(9.068085480175E-1,2.519685039370E-1,
-8.236122295954E-1));
#13291=DIRECTION('',(0.E0,1.E0,0.E0));
#13292=DIRECTION('',(7.315313352637E-1,0.E0,6.818078215504E-1));
#13293=AXIS2_PLACEMENT_3D('',#13290,#13291,#13292);
#13294=CYLINDRICAL_SURFACE('',#13293,1.023622047244E-2);
#13295=ORIENTED_EDGE('',*,*,#9997,.T.);
#13297=ORIENTED_EDGE('',*,*,#13296,.T.);
#13298=ORIENTED_EDGE('',*,*,#10938,.F.);
#13299=ORIENTED_EDGE('',*,*,#13283,.F.);
#13300=EDGE_LOOP('',(#13295,#13297,#13298,#13299));
#13301=FACE_OUTER_BOUND('',#13300,.F.);
#13303=CARTESIAN_POINT('',(8.751775501615E-1,2.519685039370E-1,
-8.548960741966E-1));
#13304=DIRECTION('',(0.E0,1.E0,0.E0));
#13305=DIRECTION('',(7.315313352637E-1,0.E0,6.818078215504E-1));
#13306=AXIS2_PLACEMENT_3D('',#13303,#13304,#13305);
#13307=CYLINDRICAL_SURFACE('',#13306,3.425196850394E-2);
#13308=ORIENTED_EDGE('',*,*,#10940,.T.);
#13309=ORIENTED_EDGE('',*,*,#13296,.F.);
#13310=ORIENTED_EDGE('',*,*,#9995,.F.);
#13312=ORIENTED_EDGE('',*,*,#13311,.T.);
#13313=EDGE_LOOP('',(#13308,#13309,#13310,#13312));
#13314=FACE_OUTER_BOUND('',#13313,.F.);
#13316=CARTESIAN_POINT('',(8.446438148220E-1,2.519685039370E-1,
-8.872517532131E-1));
#13317=DIRECTION('',(0.E0,1.E0,0.E0));
#13318=DIRECTION('',(7.315313352637E-1,0.E0,6.818078215504E-1));
#13319=AXIS2_PLACEMENT_3D('',#13316,#13317,#13318);
#13320=CYLINDRICAL_SURFACE('',#13319,1.023622047244E-2);
#13321=ORIENTED_EDGE('',*,*,#9993,.T.);
#13323=ORIENTED_EDGE('',*,*,#13322,.T.);
#13324=ORIENTED_EDGE('',*,*,#10942,.F.);
#13325=ORIENTED_EDGE('',*,*,#13311,.F.);
#13326=EDGE_LOOP('',(#13321,#13323,#13324,#13325));
#13327=FACE_OUTER_BOUND('',#13326,.F.);
#13329=CARTESIAN_POINT('',(0.E0,2.519685039370E-1,0.E0));
#13330=DIRECTION('',(0.E0,1.E0,0.E0));
#13331=DIRECTION('',(7.315313352637E-1,0.E0,6.818078215504E-1));
#13332=AXIS2_PLACEMENT_3D('',#13329,#13330,#13331);
#13333=CYLINDRICAL_SURFACE('',#13332,1.235241872499E0);
#13334=ORIENTED_EDGE('',*,*,#12443,.F.);
#13336=ORIENTED_EDGE('',*,*,#13335,.T.);
#13337=ORIENTED_EDGE('',*,*,#12850,.F.);
#13338=ORIENTED_EDGE('',*,*,#13322,.F.);
#13339=EDGE_LOOP('',(#13334,#13336,#13337,#13338));
#13340=FACE_OUTER_BOUND('',#13339,.F.);
#13342=CARTESIAN_POINT('',(8.256997389767E-1,2.519685039370E-1,
-9.049081658104E-1));
#13343=DIRECTION('',(0.E0,1.E0,0.E0));
#13344=DIRECTION('',(7.921624734111E-1,0.E0,6.103102618498E-1));
#13345=AXIS2_PLACEMENT_3D('',#13342,#13343,#13344);
#13346=CYLINDRICAL_SURFACE('',#13345,1.023622047244E-2);
#13347=ORIENTED_EDGE('',*,*,#9981,.T.);
#13349=ORIENTED_EDGE('',*,*,#13348,.T.);
#13350=ORIENTED_EDGE('',*,*,#10954,.F.);
#13351=ORIENTED_EDGE('',*,*,#13335,.F.);
#13352=EDGE_LOOP('',(#13347,#13349,#13350,#13351));
#13353=FACE_OUTER_BOUND('',#13352,.F.);
#13355=CARTESIAN_POINT('',(7.912782624872E-1,2.519685039370E-1,
-9.330925748813E-1));
#13356=DIRECTION('',(0.E0,1.E0,0.E0));
#13357=DIRECTION('',(7.921624734111E-1,0.E0,6.103102618498E-1));
#13358=AXIS2_PLACEMENT_3D('',#13355,#13356,#13357);
#13359=CYLINDRICAL_SURFACE('',#13358,3.425196850394E-2);
#13360=ORIENTED_EDGE('',*,*,#10956,.T.);
#13361=ORIENTED_EDGE('',*,*,#13348,.F.);
#13362=ORIENTED_EDGE('',*,*,#9979,.F.);
#13364=ORIENTED_EDGE('',*,*,#13363,.T.);
#13365=EDGE_LOOP('',(#13360,#13361,#13362,#13364));
#13366=FACE_OUTER_BOUND('',#13365,.F.);
#13368=CARTESIAN_POINT('',(7.578488589517E-1,2.519685039370E-1,
-9.624468580043E-1));
#13369=DIRECTION('',(0.E0,1.E0,0.E0));
#13370=DIRECTION('',(7.921624734111E-1,0.E0,6.103102618498E-1));
#13371=AXIS2_PLACEMENT_3D('',#13368,#13369,#13370);
#13372=CYLINDRICAL_SURFACE('',#13371,1.023622047244E-2);
#13373=ORIENTED_EDGE('',*,*,#9977,.T.);
#13375=ORIENTED_EDGE('',*,*,#13374,.T.);
#13376=ORIENTED_EDGE('',*,*,#10958,.F.);
#13377=ORIENTED_EDGE('',*,*,#13363,.F.);
#13378=EDGE_LOOP('',(#13373,#13375,#13376,#13377));
#13379=FACE_OUTER_BOUND('',#13378,.F.);
#13381=CARTESIAN_POINT('',(0.E0,2.519685039370E-1,0.E0));
#13382=DIRECTION('',(0.E0,1.E0,0.E0));
#13383=DIRECTION('',(7.921624734111E-1,0.E0,6.103102618498E-1));
#13384=AXIS2_PLACEMENT_3D('',#13381,#13382,#13383);
#13385=CYLINDRICAL_SURFACE('',#13384,1.235241872499E0);
#13386=ORIENTED_EDGE('',*,*,#12440,.F.);
#13388=ORIENTED_EDGE('',*,*,#13387,.T.);
#13389=ORIENTED_EDGE('',*,*,#12853,.F.);
#13390=ORIENTED_EDGE('',*,*,#13374,.F.);
#13391=EDGE_LOOP('',(#13386,#13388,#13389,#13390));
#13392=FACE_OUTER_BOUND('',#13391,.F.);
#13394=CARTESIAN_POINT('',(7.373346509409E-1,2.519685039370E-1,
-9.782517365272E-1));
#13395=DIRECTION('',(0.E0,1.E0,0.E0));
#13396=DIRECTION('',(8.458320592591E-1,0.E0,5.334492736236E-1));
#13397=AXIS2_PLACEMENT_3D('',#13394,#13395,#13396);
#13398=CYLINDRICAL_SURFACE('',#13397,1.023622047244E-2);
#13399=ORIENTED_EDGE('',*,*,#9965,.T.);
#13401=ORIENTED_EDGE('',*,*,#13400,.T.);
#13402=ORIENTED_EDGE('',*,*,#10970,.F.);
#13403=ORIENTED_EDGE('',*,*,#13387,.F.);
#13404=EDGE_LOOP('',(#13399,#13401,#13402,#13403));
#13405=FACE_OUTER_BOUND('',#13404,.F.);
#13407=CARTESIAN_POINT('',(7.004251929908E-1,2.519685039370E-1,
-1.003089024468E0));
#13408=DIRECTION('',(0.E0,1.E0,0.E0));
#13409=DIRECTION('',(8.458320592591E-1,0.E0,5.334492736236E-1));
#13410=AXIS2_PLACEMENT_3D('',#13407,#13408,#13409);
#13411=CYLINDRICAL_SURFACE('',#13410,3.425196850394E-2);
#13412=ORIENTED_EDGE('',*,*,#10972,.T.);
#13413=ORIENTED_EDGE('',*,*,#13400,.F.);
#13414=ORIENTED_EDGE('',*,*,#9963,.F.);
#13416=ORIENTED_EDGE('',*,*,#13415,.T.);
#13417=EDGE_LOOP('',(#13412,#13413,#13414,#13416));
#13418=FACE_OUTER_BOUND('',#13417,.F.);
#13420=CARTESIAN_POINT('',(6.643939000596E-1,2.519685039370E-1,
-1.029183945201E0));
#13421=DIRECTION('',(0.E0,1.E0,0.E0));
#13422=DIRECTION('',(8.458320592591E-1,0.E0,5.334492736236E-1));
#13423=AXIS2_PLACEMENT_3D('',#13420,#13421,#13422);
#13424=CYLINDRICAL_SURFACE('',#13423,1.023622047244E-2);
#13425=ORIENTED_EDGE('',*,*,#9961,.T.);
#13427=ORIENTED_EDGE('',*,*,#13426,.T.);
#13428=ORIENTED_EDGE('',*,*,#10974,.F.);
#13429=ORIENTED_EDGE('',*,*,#13415,.F.);
#13430=EDGE_LOOP('',(#13425,#13427,#13428,#13429));
#13431=FACE_OUTER_BOUND('',#13430,.F.);
#13433=CARTESIAN_POINT('',(0.E0,2.519685039370E-1,0.E0));
#13434=DIRECTION('',(0.E0,1.E0,0.E0));
#13435=DIRECTION('',(8.458320592591E-1,0.E0,5.334492736236E-1));
#13436=AXIS2_PLACEMENT_3D('',#13433,#13434,#13435);
#13437=CYLINDRICAL_SURFACE('',#13436,1.235241872499E0);
#13438=ORIENTED_EDGE('',*,*,#12437,.F.);
#13440=ORIENTED_EDGE('',*,*,#13439,.T.);
#13441=ORIENTED_EDGE('',*,*,#12856,.F.);
#13442=ORIENTED_EDGE('',*,*,#13426,.F.);
#13443=EDGE_LOOP('',(#13438,#13440,#13441,#13442));
#13444=FACE_OUTER_BOUND('',#13443,.F.);
#13446=CARTESIAN_POINT('',(6.424898394808E-1,2.519685039370E-1,
-1.042998395809E0));
#13447=DIRECTION('',(0.E0,1.E0,0.E0));
#13448=DIRECTION('',(8.920684425574E-1,0.E0,4.519003139999E-1));
#13449=AXIS2_PLACEMENT_3D('',#13446,#13447,#13448);
#13450=CYLINDRICAL_SURFACE('',#13449,1.023622047244E-2);
#13451=ORIENTED_EDGE('',*,*,#9949,.T.);
#13453=ORIENTED_EDGE('',*,*,#13452,.T.);
#13454=ORIENTED_EDGE('',*,*,#10986,.F.);
#13455=ORIENTED_EDGE('',*,*,#13439,.F.);
#13456=EDGE_LOOP('',(#13451,#13453,#13454,#13455));
#13457=FACE_OUTER_BOUND('',#13456,.F.);
#13459=CARTESIAN_POINT('',(6.034167617138E-1,2.519685039370E-1,
-1.064270291639E0));
#13460=DIRECTION('',(0.E0,1.E0,0.E0));
#13461=DIRECTION('',(8.920684425574E-1,0.E0,4.519003139999E-1));
#13462=AXIS2_PLACEMENT_3D('',#13459,#13460,#13461);
#13463=CYLINDRICAL_SURFACE('',#13462,3.425196850394E-2);
#13464=ORIENTED_EDGE('',*,*,#10988,.T.);
#13465=ORIENTED_EDGE('',*,*,#13452,.F.);
#13466=ORIENTED_EDGE('',*,*,#9947,.F.);
#13468=ORIENTED_EDGE('',*,*,#13467,.T.);
#13469=EDGE_LOOP('',(#13464,#13465,#13466,#13468));
#13470=FACE_OUTER_BOUND('',#13469,.F.);
#13472=CARTESIAN_POINT('',(5.651002236847E-1,2.519685039370E-1,
-1.086876526882E0));
#13473=DIRECTION('',(0.E0,1.E0,0.E0));
#13474=DIRECTION('',(8.920684425574E-1,0.E0,4.519003139999E-1));
#13475=AXIS2_PLACEMENT_3D('',#13472,#13473,#13474);
#13476=CYLINDRICAL_SURFACE('',#13475,1.023622047244E-2);
#13477=ORIENTED_EDGE('',*,*,#9945,.T.);
#13479=ORIENTED_EDGE('',*,*,#13478,.T.);
#13480=ORIENTED_EDGE('',*,*,#10990,.F.);
#13481=ORIENTED_EDGE('',*,*,#13467,.F.);
#13482=EDGE_LOOP('',(#13477,#13479,#13480,#13481));
#13483=FACE_OUTER_BOUND('',#13482,.F.);
#13485=CARTESIAN_POINT('',(0.E0,2.519685039370E-1,0.E0));
#13486=DIRECTION('',(0.E0,1.E0,0.E0));
#13487=DIRECTION('',(8.920684425574E-1,0.E0,4.519003139999E-1));
#13488=AXIS2_PLACEMENT_3D('',#13485,#13486,#13487);
#13489=CYLINDRICAL_SURFACE('',#13488,1.235241872499E0);
#13490=ORIENTED_EDGE('',*,*,#12434,.F.);
#13492=ORIENTED_EDGE('',*,*,#13491,.T.);
#13493=ORIENTED_EDGE('',*,*,#12859,.F.);
#13494=ORIENTED_EDGE('',*,*,#13478,.F.);
#13495=EDGE_LOOP('',(#13490,#13492,#13493,#13494));
#13496=FACE_OUTER_BOUND('',#13495,.F.);
#13498=CARTESIAN_POINT('',(5.419988042098E-1,2.519685039370E-1,
-1.098579147687E0));
#13499=DIRECTION('',(0.E0,1.E0,0.E0));
#13500=DIRECTION('',(9.304652963071E-1,0.E0,3.663800381682E-1));
#13501=AXIS2_PLACEMENT_3D('',#13498,#13499,#13500);
#13502=CYLINDRICAL_SURFACE('',#13501,1.023622047244E-2);
#13503=ORIENTED_EDGE('',*,*,#9933,.T.);
#13505=ORIENTED_EDGE('',*,*,#13504,.T.);
#13506=ORIENTED_EDGE('',*,*,#11002,.F.);
#13507=ORIENTED_EDGE('',*,*,#13491,.F.);
#13508=EDGE_LOOP('',(#13503,#13505,#13506,#13507));
#13509=FACE_OUTER_BOUND('',#13508,.F.);
#13511=CARTESIAN_POINT('',(5.011054822382E-1,2.519685039370E-1,
-1.116098713221E0));
#13512=DIRECTION('',(0.E0,1.E0,0.E0));
#13513=DIRECTION('',(9.304652963071E-1,0.E0,3.663800381682E-1));
#13514=AXIS2_PLACEMENT_3D('',#13511,#13512,#13513);
#13515=CYLINDRICAL_SURFACE('',#13514,3.425196850394E-2);
#13516=ORIENTED_EDGE('',*,*,#11004,.T.);
#13517=ORIENTED_EDGE('',*,*,#13504,.F.);
#13518=ORIENTED_EDGE('',*,*,#9931,.F.);
#13520=ORIENTED_EDGE('',*,*,#13519,.T.);
#13521=EDGE_LOOP('',(#13516,#13517,#13518,#13520));
#13522=FACE_OUTER_BOUND('',#13521,.F.);
#13524=CARTESIAN_POINT('',(4.608404262252E-1,2.519685039370E-1,
-1.135017598565E0));
#13525=DIRECTION('',(0.E0,1.E0,0.E0));
#13526=DIRECTION('',(9.304652963071E-1,0.E0,3.663800381682E-1));
#13527=AXIS2_PLACEMENT_3D('',#13524,#13525,#13526);
#13528=CYLINDRICAL_SURFACE('',#13527,1.023622047244E-2);
#13529=ORIENTED_EDGE('',*,*,#9929,.T.);
#13531=ORIENTED_EDGE('',*,*,#13530,.T.);
#13532=ORIENTED_EDGE('',*,*,#11006,.F.);
#13533=ORIENTED_EDGE('',*,*,#13519,.F.);
#13534=EDGE_LOOP('',(#13529,#13531,#13532,#13533));
#13535=FACE_OUTER_BOUND('',#13534,.F.);
#13537=CARTESIAN_POINT('',(0.E0,2.519685039370E-1,0.E0));
#13538=DIRECTION('',(0.E0,1.E0,0.E0));
#13539=DIRECTION('',(9.304652963071E-1,0.E0,3.663800381682E-1));
#13540=AXIS2_PLACEMENT_3D('',#13537,#13538,#13539);
#13541=CYLINDRICAL_SURFACE('',#13540,1.235241872499E0);
#13542=ORIENTED_EDGE('',*,*,#12431,.F.);
#13544=ORIENTED_EDGE('',*,*,#13543,.T.);
#13545=ORIENTED_EDGE('',*,*,#12862,.F.);
#13546=ORIENTED_EDGE('',*,*,#13530,.F.);
#13547=EDGE_LOOP('',(#13542,#13544,#13545,#13546));
#13548=FACE_OUTER_BOUND('',#13547,.F.);
#13550=CARTESIAN_POINT('',(4.367446639593E-1,2.519685039370E-1,
-1.144505546513E0));
#13551=DIRECTION('',(0.E0,1.E0,0.E0));
#13552=DIRECTION('',(9.606851875768E-1,0.E0,2.776400013875E-1));
#13553=AXIS2_PLACEMENT_3D('',#13550,#13551,#13552);
#13554=CYLINDRICAL_SURFACE('',#13553,1.023622047244E-2);
#13555=ORIENTED_EDGE('',*,*,#9917,.T.);
#13557=ORIENTED_EDGE('',*,*,#13556,.T.);
#13558=ORIENTED_EDGE('',*,*,#11018,.F.);
#13559=ORIENTED_EDGE('',*,*,#13543,.F.);
#13560=EDGE_LOOP('',(#13555,#13557,#13558,#13559));
#13561=FACE_OUTER_BOUND('',#13560,.F.);
#13563=CARTESIAN_POINT('',(3.943904697670E-1,2.519685039370E-1,
-1.158118819181E0));
#13564=DIRECTION('',(0.E0,1.E0,0.E0));
#13565=DIRECTION('',(9.606851875768E-1,0.E0,2.776400013875E-1));
#13566=AXIS2_PLACEMENT_3D('',#13563,#13564,#13565);
#13567=CYLINDRICAL_SURFACE('',#13566,3.425196850394E-2);
#13568=ORIENTED_EDGE('',*,*,#11020,.T.);
#13569=ORIENTED_EDGE('',*,*,#13556,.F.);
#13570=ORIENTED_EDGE('',*,*,#9915,.F.);
#13572=ORIENTED_EDGE('',*,*,#13571,.T.);
#13573=EDGE_LOOP('',(#13568,#13569,#13570,#13572));
#13574=FACE_OUTER_BOUND('',#13573,.F.);
#13576=CARTESIAN_POINT('',(3.525307465300E-1,2.519685039370E-1,
-1.173184094781E0));
#13577=DIRECTION('',(0.E0,1.E0,0.E0));
#13578=DIRECTION('',(9.606851875768E-1,0.E0,2.776400013875E-1));
#13579=AXIS2_PLACEMENT_3D('',#13576,#13577,#13578);
#13580=CYLINDRICAL_SURFACE('',#13579,1.023622047244E-2);
#13581=ORIENTED_EDGE('',*,*,#9913,.T.);
#13583=ORIENTED_EDGE('',*,*,#13582,.T.);
#13584=ORIENTED_EDGE('',*,*,#11022,.F.);
#13585=ORIENTED_EDGE('',*,*,#13571,.F.);
#13586=EDGE_LOOP('',(#13581,#13583,#13584,#13585));
#13587=FACE_OUTER_BOUND('',#13586,.F.);
#13589=CARTESIAN_POINT('',(0.E0,2.519685039370E-1,0.E0));
#13590=DIRECTION('',(0.E0,1.E0,0.E0));
#13591=DIRECTION('',(9.606851875768E-1,0.E0,2.776400013875E-1));
#13592=AXIS2_PLACEMENT_3D('',#13589,#13590,#13591);
#13593=CYLINDRICAL_SURFACE('',#13592,1.235241872499E0);
#13594=ORIENTED_EDGE('',*,*,#12428,.F.);
#13596=ORIENTED_EDGE('',*,*,#13595,.T.);
#13597=ORIENTED_EDGE('',*,*,#12865,.F.);
#13598=ORIENTED_EDGE('',*,*,#13582,.F.);
#13599=EDGE_LOOP('',(#13594,#13596,#13597,#13598));
#13600=FACE_OUTER_BOUND('',#13599,.F.);
#13602=CARTESIAN_POINT('',(3.276523958982E-1,2.519685039370E-1,
-1.180373989445E0));
#13603=DIRECTION('',(0.E0,1.E0,0.E0));
#13604=DIRECTION('',(9.824625428756E-1,0.E0,1.864600542917E-1));
#13605=AXIS2_PLACEMENT_3D('',#13602,#13603,#13604);
#13606=CYLINDRICAL_SURFACE('',#13605,1.023622047244E-2);
#13607=ORIENTED_EDGE('',*,*,#9901,.T.);
#13609=ORIENTED_EDGE('',*,*,#13608,.T.);
#13610=ORIENTED_EDGE('',*,*,#11034,.F.);
#13611=ORIENTED_EDGE('',*,*,#13595,.F.);
#13612=EDGE_LOOP('',(#13607,#13609,#13610,#13611));
#13613=FACE_OUTER_BOUND('',#13612,.F.);
#13615=CARTESIAN_POINT('',(2.842095396666E-1,2.519685039370E-1,
-1.189961335316E0));
#13616=DIRECTION('',(0.E0,1.E0,0.E0));
#13617=DIRECTION('',(9.824625428756E-1,0.E0,1.864600542917E-1));
#13618=AXIS2_PLACEMENT_3D('',#13615,#13616,#13617);
#13619=CYLINDRICAL_SURFACE('',#13618,3.425196850394E-2);
#13620=ORIENTED_EDGE('',*,*,#11036,.T.);
#13621=ORIENTED_EDGE('',*,*,#13608,.F.);
#13622=ORIENTED_EDGE('',*,*,#9899,.F.);
#13624=ORIENTED_EDGE('',*,*,#13623,.T.);
#13625=EDGE_LOOP('',(#13620,#13621,#13622,#13624));
#13626=FACE_OUTER_BOUND('',#13625,.F.);
#13628=CARTESIAN_POINT('',(2.411230139586E-1,2.519685039370E-1,
-1.201040606989E0));
#13629=DIRECTION('',(0.E0,1.E0,0.E0));
#13630=DIRECTION('',(9.824625428756E-1,0.E0,1.864600542917E-1));
#13631=AXIS2_PLACEMENT_3D('',#13628,#13629,#13630);
#13632=CYLINDRICAL_SURFACE('',#13631,1.023622047244E-2);
#13633=ORIENTED_EDGE('',*,*,#9897,.T.);
#13635=ORIENTED_EDGE('',*,*,#13634,.T.);
#13636=ORIENTED_EDGE('',*,*,#11038,.F.);
#13637=ORIENTED_EDGE('',*,*,#13623,.F.);
#13638=EDGE_LOOP('',(#13633,#13635,#13636,#13637));
#13639=FACE_OUTER_BOUND('',#13638,.F.);
#13641=CARTESIAN_POINT('',(0.E0,2.519685039370E-1,0.E0));
#13642=DIRECTION('',(0.E0,1.E0,0.E0));
#13643=DIRECTION('',(9.824625428756E-1,0.E0,1.864600542917E-1));
#13644=AXIS2_PLACEMENT_3D('',#13641,#13642,#13643);
#13645=CYLINDRICAL_SURFACE('',#13644,1.235241872499E0);
#13646=ORIENTED_EDGE('',*,*,#12425,.F.);
#13648=ORIENTED_EDGE('',*,*,#13647,.T.);
#13649=ORIENTED_EDGE('',*,*,#12868,.F.);
#13650=ORIENTED_EDGE('',*,*,#13634,.F.);
#13651=EDGE_LOOP('',(#13646,#13648,#13649,#13650));
#13652=FACE_OUTER_BOUND('',#13651,.F.);
#13654=CARTESIAN_POINT('',(2.156807068008E-1,2.519685039370E-1,
-1.205869263316E0));
#13655=DIRECTION('',(0.E0,1.E0,0.E0));
#13656=DIRECTION('',(9.956059820219E-1,0.E0,9.364148953435E-2));
#13657=AXIS2_PLACEMENT_3D('',#13654,#13655,#13656);
#13658=CYLINDRICAL_SURFACE('',#13657,1.023622047244E-2);
#13659=ORIENTED_EDGE('',*,*,#9885,.T.);
#13661=ORIENTED_EDGE('',*,*,#13660,.T.);
#13662=ORIENTED_EDGE('',*,*,#11050,.F.);
#13663=ORIENTED_EDGE('',*,*,#13647,.F.);
#13664=EDGE_LOOP('',(#13659,#13661,#13662,#13663));
#13665=FACE_OUTER_BOUND('',#13664,.F.);
#13667=CARTESIAN_POINT('',(1.715309659125E-1,2.519685039370E-1,
-1.211346428449E0));
#13668=DIRECTION('',(0.E0,1.E0,0.E0));
#13669=DIRECTION('',(9.956059820219E-1,0.E0,9.364148953435E-2));
#13670=AXIS2_PLACEMENT_3D('',#13667,#13668,#13669);
#13671=CYLINDRICAL_SURFACE('',#13670,3.425196850394E-2);
#13672=ORIENTED_EDGE('',*,*,#11052,.T.);
#13673=ORIENTED_EDGE('',*,*,#13660,.F.);
#13674=ORIENTED_EDGE('',*,*,#9883,.F.);
#13676=ORIENTED_EDGE('',*,*,#13675,.T.);
#13677=EDGE_LOOP('',(#13672,#13673,#13674,#13676));
#13678=FACE_OUTER_BOUND('',#13677,.F.);
#13680=CARTESIAN_POINT('',(1.275962836706E-1,2.519685039370E-1,
-1.218342331157E0));
#13681=DIRECTION('',(0.E0,1.E0,0.E0));
#13682=DIRECTION('',(9.956059820219E-1,0.E0,9.364148953435E-2));
#13683=AXIS2_PLACEMENT_3D('',#13680,#13681,#13682);
#13684=CYLINDRICAL_SURFACE('',#13683,1.023622047244E-2);
#13685=ORIENTED_EDGE('',*,*,#9881,.T.);
#13687=ORIENTED_EDGE('',*,*,#13686,.T.);
#13688=ORIENTED_EDGE('',*,*,#11054,.F.);
#13689=ORIENTED_EDGE('',*,*,#13675,.F.);
#13690=EDGE_LOOP('',(#13685,#13687,#13688,#13689));
#13691=FACE_OUTER_BOUND('',#13690,.F.);
#13693=CARTESIAN_POINT('',(0.E0,2.519685039370E-1,0.E0));
#13694=DIRECTION('',(0.E0,1.E0,0.E0));
#13695=DIRECTION('',(1.E0,0.E0,0.E0));
#13696=AXIS2_PLACEMENT_3D('',#13693,#13694,#13695);
#13697=CYLINDRICAL_SURFACE('',#13696,1.235241872499E0);
#13699=ORIENTED_EDGE('',*,*,#13698,.T.);
#13700=ORIENTED_EDGE('',*,*,#12871,.F.);
#13701=ORIENTED_EDGE('',*,*,#13686,.F.);
#13702=ORIENTED_EDGE('',*,*,#12422,.F.);
#13703=EDGE_LOOP('',(#13699,#13700,#13701,#13702));
#13704=FACE_OUTER_BOUND('',#13703,.F.);
#13706=CARTESIAN_POINT('',(1.018136078970E-1,2.519685039370E-1,
-1.220767314743E0));
#13707=DIRECTION('',(0.E0,1.E0,0.E0));
#13708=DIRECTION('',(1.E0,0.E0,0.E0));
#13709=AXIS2_PLACEMENT_3D('',#13706,#13707,#13708);
#13710=CYLINDRICAL_SURFACE('',#13709,1.023622047244E-2);
#13711=ORIENTED_EDGE('',*,*,#9083,.T.);
#13713=ORIENTED_EDGE('',*,*,#13712,.T.);
#13714=ORIENTED_EDGE('',*,*,#10316,.F.);
#13715=ORIENTED_EDGE('',*,*,#13698,.F.);
#13716=EDGE_LOOP('',(#13711,#13713,#13714,#13715));
#13717=FACE_OUTER_BOUND('',#13716,.F.);
#13719=CARTESIAN_POINT('',(5.734497186238E-2,2.519685039370E-1,
-1.222086165614E0));
#13720=DIRECTION('',(0.E0,1.E0,0.E0));
#13721=DIRECTION('',(1.E0,0.E0,0.E0));
#13722=AXIS2_PLACEMENT_3D('',#13719,#13720,#13721);
#13723=CYLINDRICAL_SURFACE('',#13722,3.425196850394E-2);
#13724=ORIENTED_EDGE('',*,*,#10318,.T.);
#13725=ORIENTED_EDGE('',*,*,#13712,.F.);
#13726=ORIENTED_EDGE('',*,*,#9081,.F.);
#13727=ORIENTED_EDGE('',*,*,#9034,.T.);
#13728=EDGE_LOOP('',(#13724,#13725,#13726,#13727));
#13729=FACE_OUTER_BOUND('',#13728,.F.);
#13731=CARTESIAN_POINT('',(1.222818602704E0,2.519685039370E-1,
-7.316770037318E-2));
#13732=DIRECTION('',(0.E0,1.E0,0.E0));
#13733=DIRECTION('',(7.027618894529E-2,0.E0,9.975275721840E-1));
#13734=AXIS2_PLACEMENT_3D('',#13731,#13732,#13733);
#13735=CYLINDRICAL_SURFACE('',#13734,1.023622047244E-2);
#13736=ORIENTED_EDGE('',*,*,#9048,.T.);
#13737=ORIENTED_EDGE('',*,*,#12921,.T.);
#13738=ORIENTED_EDGE('',*,*,#10303,.F.);
#13739=ORIENTED_EDGE('',*,*,#10269,.F.);
#13740=EDGE_LOOP('',(#13736,#13737,#13738,#13739));
#13741=FACE_OUTER_BOUND('',#13740,.F.);
#13743=CARTESIAN_POINT('',(0.E0,0.E0,0.E0));
#13744=DIRECTION('',(0.E0,1.E0,0.E0));
#13745=DIRECTION('',(1.E0,0.E0,0.E0));
#13746=AXIS2_PLACEMENT_3D('',#13743,#13744,#13745);
#13747=CYLINDRICAL_SURFACE('',#13746,1.259454470924E0);
#13748=ORIENTED_EDGE('',*,*,#11456,.T.);
#13749=ORIENTED_EDGE('',*,*,#12813,.T.);
#13750=ORIENTED_EDGE('',*,*,#12794,.F.);
#13751=ORIENTED_EDGE('',*,*,#12810,.F.);
#13752=EDGE_LOOP('',(#13748,#13749,#13750,#13751));
#13753=FACE_OUTER_BOUND('',#13752,.F.);
#13755=CARTESIAN_POINT('',(1.302738880316E0,-3.843700787402E-1,0.E0));
#13756=DIRECTION('',(0.E0,-1.E0,0.E0));
#13757=DIRECTION('',(1.E0,0.E0,0.E0));
#13758=AXIS2_PLACEMENT_3D('',#13755,#13756,#13757);
#13759=CYLINDRICAL_SURFACE('',#13758,6.692913385827E-2);
#13760=ORIENTED_EDGE('',*,*,#12677,.F.);
#13762=ORIENTED_EDGE('',*,*,#13761,.T.);
#13763=ORIENTED_EDGE('',*,*,#12725,.T.);
#13765=ORIENTED_EDGE('',*,*,#13764,.F.);
#13766=EDGE_LOOP('',(#13760,#13762,#13763,#13765));
#13767=FACE_OUTER_BOUND('',#13766,.F.);
#13769=CARTESIAN_POINT('',(1.302738880316E0,-3.843700787402E-1,0.E0));
#13770=DIRECTION('',(0.E0,-1.E0,0.E0));
#13771=DIRECTION('',(1.E0,0.E0,0.E0));
#13772=AXIS2_PLACEMENT_3D('',#13769,#13770,#13771);
#13773=CYLINDRICAL_SURFACE('',#13772,6.692913385827E-2);
#13774=ORIENTED_EDGE('',*,*,#12679,.F.);
#13775=ORIENTED_EDGE('',*,*,#13764,.T.);
#13776=ORIENTED_EDGE('',*,*,#12727,.T.);
#13777=ORIENTED_EDGE('',*,*,#13761,.F.);
#13778=EDGE_LOOP('',(#13774,#13775,#13776,#13777));
#13779=FACE_OUTER_BOUND('',#13778,.F.);
#13781=CARTESIAN_POINT('',(1.052738880316E0,-3.843700787402E-1,0.E0));
#13782=DIRECTION('',(0.E0,-1.E0,0.E0));
#13783=DIRECTION('',(1.E0,0.E0,0.E0));
#13784=AXIS2_PLACEMENT_3D('',#13781,#13782,#13783);
#13785=CYLINDRICAL_SURFACE('',#13784,6.692913385827E-2);
#13786=ORIENTED_EDGE('',*,*,#12683,.F.);
#13788=ORIENTED_EDGE('',*,*,#13787,.T.);
#13789=ORIENTED_EDGE('',*,*,#12731,.T.);
#13791=ORIENTED_EDGE('',*,*,#13790,.F.);
#13792=EDGE_LOOP('',(#13786,#13788,#13789,#13791));
#13793=FACE_OUTER_BOUND('',#13792,.F.);
#13795=CARTESIAN_POINT('',(1.052738880316E0,-3.843700787402E-1,0.E0));
#13796=DIRECTION('',(0.E0,-1.E0,0.E0));
#13797=DIRECTION('',(1.E0,0.E0,0.E0));
#13798=AXIS2_PLACEMENT_3D('',#13795,#13796,#13797);
#13799=CYLINDRICAL_SURFACE('',#13798,6.692913385827E-2);
#13800=ORIENTED_EDGE('',*,*,#12685,.F.);
#13801=ORIENTED_EDGE('',*,*,#13790,.T.);
#13802=ORIENTED_EDGE('',*,*,#12733,.T.);
#13803=ORIENTED_EDGE('',*,*,#13787,.F.);
#13804=EDGE_LOOP('',(#13800,#13801,#13802,#13803));
#13805=FACE_OUTER_BOUND('',#13804,.F.);
#13807=CARTESIAN_POINT('',(8.027388803161E-1,-3.843700787402E-1,0.E0));
#13808=DIRECTION('',(0.E0,-1.E0,0.E0));
#13809=DIRECTION('',(1.E0,0.E0,0.E0));
#13810=AXIS2_PLACEMENT_3D('',#13807,#13808,#13809);
#13811=CYLINDRICAL_SURFACE('',#13810,6.692913385827E-2);
#13812=ORIENTED_EDGE('',*,*,#12689,.F.);
#13814=ORIENTED_EDGE('',*,*,#13813,.T.);
#13815=ORIENTED_EDGE('',*,*,#12737,.T.);
#13817=ORIENTED_EDGE('',*,*,#13816,.F.);
#13818=EDGE_LOOP('',(#13812,#13814,#13815,#13817));
#13819=FACE_OUTER_BOUND('',#13818,.F.);
#13821=CARTESIAN_POINT('',(8.027388803161E-1,-3.843700787402E-1,0.E0));
#13822=DIRECTION('',(0.E0,-1.E0,0.E0));
#13823=DIRECTION('',(1.E0,0.E0,0.E0));
#13824=AXIS2_PLACEMENT_3D('',#13821,#13822,#13823);
#13825=CYLINDRICAL_SURFACE('',#13824,6.692913385827E-2);
#13826=ORIENTED_EDGE('',*,*,#12691,.F.);
#13827=ORIENTED_EDGE('',*,*,#13816,.T.);
#13828=ORIENTED_EDGE('',*,*,#12739,.T.);
#13829=ORIENTED_EDGE('',*,*,#13813,.F.);
#13830=EDGE_LOOP('',(#13826,#13827,#13828,#13829));
#13831=FACE_OUTER_BOUND('',#13830,.F.);
#13833=CARTESIAN_POINT('',(0.E0,-6.993307086614E-1,0.E0));
#13834=DIRECTION('',(0.E0,-1.E0,0.E0));
#13835=DIRECTION('',(1.E0,0.E0,0.E0));
#13836=AXIS2_PLACEMENT_3D('',#13833,#13834,#13835);
#13837=CYLINDRICAL_SURFACE('',#13836,3.179133858268E-1);
#13838=ORIENTED_EDGE('',*,*,#12633,.F.);
#13839=ORIENTED_EDGE('',*,*,#12616,.T.);
#13840=ORIENTED_EDGE('',*,*,#12597,.T.);
#13841=ORIENTED_EDGE('',*,*,#12613,.F.);
#13842=EDGE_LOOP('',(#13838,#13839,#13840,#13841));
#13843=FACE_OUTER_BOUND('',#13842,.F.);
#13845=CARTESIAN_POINT('',(-1.224297048228E0,2.519685039370E-1,
4.166035520519E-2));
#13846=DIRECTION('',(0.E0,1.E0,0.E0));
#13847=DIRECTION('',(-1.169553219721E-1,0.E0,-9.931371771626E-1));
#13848=AXIS2_PLACEMENT_3D('',#13845,#13846,#13847);
#13849=CYLINDRICAL_SURFACE('',#13848,1.023622047244E-2);
#13850=ORIENTED_EDGE('',*,*,#9355,.T.);
#13852=ORIENTED_EDGE('',*,*,#13851,.T.);
#13853=ORIENTED_EDGE('',*,*,#10588,.F.);
#13854=ORIENTED_EDGE('',*,*,#11471,.F.);
#13855=EDGE_LOOP('',(#13850,#13852,#13853,#13854));
#13856=FACE_OUTER_BOUND('',#13855,.F.);
#13858=CARTESIAN_POINT('',(-1.220406004415E0,2.519685039370E-1,
8.597805749717E-2));
#13859=DIRECTION('',(0.E0,1.E0,0.E0));
#13860=DIRECTION('',(-1.169553219721E-1,0.E0,-9.931371771626E-1));
#13861=AXIS2_PLACEMENT_3D('',#13858,#13859,#13860);
#13862=CYLINDRICAL_SURFACE('',#13861,3.425196850394E-2);
#13863=ORIENTED_EDGE('',*,*,#10590,.T.);
#13864=ORIENTED_EDGE('',*,*,#13851,.F.);
#13865=ORIENTED_EDGE('',*,*,#9353,.F.);
#13867=ORIENTED_EDGE('',*,*,#13866,.T.);
#13868=EDGE_LOOP('',(#13863,#13864,#13865,#13867));
#13869=FACE_OUTER_BOUND('',#13868,.F.);
#13871=CARTESIAN_POINT('',(-1.218045056710E0,2.519685039370E-1,
1.304035556298E-1));
#13872=DIRECTION('',(0.E0,1.E0,0.E0));
#13873=DIRECTION('',(-1.169553219721E-1,0.E0,-9.931371771626E-1));
#13874=AXIS2_PLACEMENT_3D('',#13871,#13872,#13873);
#13875=CYLINDRICAL_SURFACE('',#13874,1.023622047244E-2);
#13876=ORIENTED_EDGE('',*,*,#9351,.T.);
#13878=ORIENTED_EDGE('',*,*,#13877,.T.);
#13879=ORIENTED_EDGE('',*,*,#10584,.F.);
#13880=ORIENTED_EDGE('',*,*,#13866,.F.);
#13881=EDGE_LOOP('',(#13876,#13878,#13879,#13880));
#13882=FACE_OUTER_BOUND('',#13881,.F.);
#13884=CARTESIAN_POINT('',(0.E0,2.519685039370E-1,0.E0));
#13885=DIRECTION('',(0.E0,1.E0,0.E0));
#13886=DIRECTION('',(-1.169553219721E-1,0.E0,-9.931371771626E-1));
#13887=AXIS2_PLACEMENT_3D('',#13884,#13885,#13886);
#13888=CYLINDRICAL_SURFACE('',#13887,1.235241872499E0);
#13889=ORIENTED_EDGE('',*,*,#13877,.F.);
#13890=ORIENTED_EDGE('',*,*,#10216,.F.);
#13892=ORIENTED_EDGE('',*,*,#13891,.T.);
#13893=ORIENTED_EDGE('',*,*,#11356,.F.);
#13894=EDGE_LOOP('',(#13889,#13890,#13892,#13893));
#13895=FACE_OUTER_BOUND('',#13894,.F.);
#13897=CARTESIAN_POINT('',(-1.215016327272E0,2.519685039370E-1,
1.561222980841E-1));
#13898=DIRECTION('',(0.E0,1.E0,0.E0));
#13899=DIRECTION('',(-2.094402627661E-1,0.E0,-9.778214439929E-1));
#13900=AXIS2_PLACEMENT_3D('',#13897,#13898,#13899);
#13901=CYLINDRICAL_SURFACE('',#13900,1.023622047244E-2);
#13902=ORIENTED_EDGE('',*,*,#9371,.T.);
#13904=ORIENTED_EDGE('',*,*,#13903,.T.);
#13905=ORIENTED_EDGE('',*,*,#10604,.F.);
#13906=ORIENTED_EDGE('',*,*,#13891,.F.);
#13907=EDGE_LOOP('',(#13902,#13904,#13905,#13906));
#13908=FACE_OUTER_BOUND('',#13907,.F.);
#13910=CARTESIAN_POINT('',(-1.206992405120E0,2.519685039370E-1,
1.998809044569E-1));
#13911=DIRECTION('',(0.E0,1.E0,0.E0));
#13912=DIRECTION('',(-2.094402627661E-1,0.E0,-9.778214439929E-1));
#13913=AXIS2_PLACEMENT_3D('',#13910,#13911,#13912);
#13914=CYLINDRICAL_SURFACE('',#13913,3.425196850394E-2);
#13915=ORIENTED_EDGE('',*,*,#10606,.T.);
#13916=ORIENTED_EDGE('',*,*,#13903,.F.);
#13917=ORIENTED_EDGE('',*,*,#9369,.F.);
#13919=ORIENTED_EDGE('',*,*,#13918,.T.);
#13920=EDGE_LOOP('',(#13915,#13916,#13917,#13919));
#13921=FACE_OUTER_BOUND('',#13920,.F.);
#13923=CARTESIAN_POINT('',(-1.200481761643E0,2.519685039370E-1,
2.438901134922E-1));
#13924=DIRECTION('',(0.E0,1.E0,0.E0));
#13925=DIRECTION('',(-2.094402627661E-1,0.E0,-9.778214439929E-1));
#13926=AXIS2_PLACEMENT_3D('',#13923,#13924,#13925);
#13927=CYLINDRICAL_SURFACE('',#13926,1.023622047244E-2);
#13928=ORIENTED_EDGE('',*,*,#9367,.T.);
#13930=ORIENTED_EDGE('',*,*,#13929,.T.);
#13931=ORIENTED_EDGE('',*,*,#10600,.F.);
#13932=ORIENTED_EDGE('',*,*,#13918,.F.);
#13933=EDGE_LOOP('',(#13928,#13930,#13931,#13932));
#13934=FACE_OUTER_BOUND('',#13933,.F.);
#13936=CARTESIAN_POINT('',(0.E0,2.519685039370E-1,0.E0));
#13937=DIRECTION('',(0.E0,1.E0,0.E0));
#13938=DIRECTION('',(-2.094402627661E-1,0.E0,-9.778214439929E-1));
#13939=AXIS2_PLACEMENT_3D('',#13936,#13937,#13938);
#13940=CYLINDRICAL_SURFACE('',#13939,1.235241872499E0);
#13941=ORIENTED_EDGE('',*,*,#13929,.F.);
#13942=ORIENTED_EDGE('',*,*,#10213,.F.);
#13944=ORIENTED_EDGE('',*,*,#13943,.T.);
#13945=ORIENTED_EDGE('',*,*,#11359,.F.);
#13946=EDGE_LOOP('',(#13941,#13942,#13944,#13945));
#13947=FACE_OUTER_BOUND('',#13946,.F.);
#13949=CARTESIAN_POINT('',(-1.195057999144E0,2.519685039370E-1,
2.692122325938E-1));
#13950=DIRECTION('',(0.E0,1.E0,0.E0));
#13951=DIRECTION('',(-3.000846350003E-1,0.E0,-9.539125808148E-1));
#13952=AXIS2_PLACEMENT_3D('',#13949,#13950,#13951);
#13953=CYLINDRICAL_SURFACE('',#13952,1.023622047244E-2);
#13954=ORIENTED_EDGE('',*,*,#9387,.T.);
#13956=ORIENTED_EDGE('',*,*,#13955,.T.);
#13957=ORIENTED_EDGE('',*,*,#10620,.F.);
#13958=ORIENTED_EDGE('',*,*,#13943,.F.);
#13959=EDGE_LOOP('',(#13954,#13956,#13957,#13958));
#13960=FACE_OUTER_BOUND('',#13959,.F.);
#13962=CARTESIAN_POINT('',(-1.182971713169E0,2.519685039370E-1,
3.120271908413E-1));
#13963=DIRECTION('',(0.E0,1.E0,0.E0));
#13964=DIRECTION('',(-3.000846350003E-1,0.E0,-9.539125808148E-1));
#13965=AXIS2_PLACEMENT_3D('',#13962,#13963,#13964);
#13966=CYLINDRICAL_SURFACE('',#13965,3.425196850394E-2);
#13967=ORIENTED_EDGE('',*,*,#10622,.T.);
#13968=ORIENTED_EDGE('',*,*,#13955,.F.);
#13969=ORIENTED_EDGE('',*,*,#9385,.F.);
#13971=ORIENTED_EDGE('',*,*,#13970,.T.);
#13972=EDGE_LOOP('',(#13967,#13968,#13969,#13971));
#13973=FACE_OUTER_BOUND('',#13972,.F.);
#13975=CARTESIAN_POINT('',(-1.172368589690E0,2.519685039370E-1,
3.552333562679E-1));
#13976=DIRECTION('',(0.E0,1.E0,0.E0));
#13977=DIRECTION('',(-3.000846350003E-1,0.E0,-9.539125808148E-1));
#13978=AXIS2_PLACEMENT_3D('',#13975,#13976,#13977);
#13979=CYLINDRICAL_SURFACE('',#13978,1.023622047244E-2);
#13980=ORIENTED_EDGE('',*,*,#9383,.T.);
#13982=ORIENTED_EDGE('',*,*,#13981,.T.);
#13983=ORIENTED_EDGE('',*,*,#10616,.F.);
#13984=ORIENTED_EDGE('',*,*,#13970,.F.);
#13985=EDGE_LOOP('',(#13980,#13982,#13983,#13984));
#13986=FACE_OUTER_BOUND('',#13985,.F.);
#13988=CARTESIAN_POINT('',(0.E0,2.519685039370E-1,0.E0));
#13989=DIRECTION('',(0.E0,1.E0,0.E0));
#13990=DIRECTION('',(-3.000846350003E-1,0.E0,-9.539125808148E-1));
#13991=AXIS2_PLACEMENT_3D('',#13988,#13989,#13990);
#13992=CYLINDRICAL_SURFACE('',#13991,1.235241872499E0);
#13993=ORIENTED_EDGE('',*,*,#13981,.F.);
#13994=ORIENTED_EDGE('',*,*,#10210,.F.);
#13996=ORIENTED_EDGE('',*,*,#13995,.T.);
#13997=ORIENTED_EDGE('',*,*,#11362,.F.);
#13998=EDGE_LOOP('',(#13993,#13994,#13996,#13997));
#13999=FACE_OUTER_BOUND('',#13998,.F.);
#14001=CARTESIAN_POINT('',(-1.164597458350E0,2.519685039370E-1,
3.799363203237E-1));
#14002=DIRECTION('',(0.E0,1.E0,0.E0));
#14003=DIRECTION('',(-3.880918526723E-1,0.E0,-9.216206995773E-1));
#14004=AXIS2_PLACEMENT_3D('',#14001,#14002,#14003);
#14005=CYLINDRICAL_SURFACE('',#14004,1.023622047244E-2);
#14006=ORIENTED_EDGE('',*,*,#9403,.T.);
#14008=ORIENTED_EDGE('',*,*,#14007,.T.);
#14009=ORIENTED_EDGE('',*,*,#10636,.F.);
#14010=ORIENTED_EDGE('',*,*,#13995,.F.);
#14011=EDGE_LOOP('',(#14006,#14008,#14009,#14010));
#14012=FACE_OUTER_BOUND('',#14011,.F.);
#14014=CARTESIAN_POINT('',(-1.148555023269E0,2.519685039370E-1,
4.214313710533E-1));
#14015=DIRECTION('',(0.E0,1.E0,0.E0));
#14016=DIRECTION('',(-3.880918526723E-1,0.E0,-9.216206995773E-1));
#14017=AXIS2_PLACEMENT_3D('',#14014,#14015,#14016);
#14018=CYLINDRICAL_SURFACE('',#14017,3.425196850394E-2);
#14019=ORIENTED_EDGE('',*,*,#10638,.T.);
#14020=ORIENTED_EDGE('',*,*,#14007,.F.);
#14021=ORIENTED_EDGE('',*,*,#9401,.F.);
#14023=ORIENTED_EDGE('',*,*,#14022,.T.);
#14024=EDGE_LOOP('',(#14019,#14020,#14021,#14023));
#14025=FACE_OUTER_BOUND('',#14024,.F.);
#14027=CARTESIAN_POINT('',(-1.133952600417E0,2.519685039370E-1,
4.634547955359E-1));
#14028=DIRECTION('',(0.E0,1.E0,0.E0));
#14029=DIRECTION('',(-3.880918526723E-1,0.E0,-9.216206995773E-1));
#14030=AXIS2_PLACEMENT_3D('',#14027,#14028,#14029);
#14031=CYLINDRICAL_SURFACE('',#14030,1.023622047244E-2);
#14032=ORIENTED_EDGE('',*,*,#9399,.T.);
#14034=ORIENTED_EDGE('',*,*,#14033,.T.);
#14035=ORIENTED_EDGE('',*,*,#10632,.F.);
#14036=ORIENTED_EDGE('',*,*,#14022,.F.);
#14037=EDGE_LOOP('',(#14032,#14034,#14035,#14036));
#14038=FACE_OUTER_BOUND('',#14037,.F.);
#14040=CARTESIAN_POINT('',(0.E0,2.519685039370E-1,0.E0));
#14041=DIRECTION('',(0.E0,1.E0,0.E0));
#14042=DIRECTION('',(-3.880918526723E-1,0.E0,-9.216206995773E-1));
#14043=AXIS2_PLACEMENT_3D('',#14040,#14041,#14042);
#14044=CYLINDRICAL_SURFACE('',#14043,1.235241872499E0);
#14045=ORIENTED_EDGE('',*,*,#14033,.F.);
#14046=ORIENTED_EDGE('',*,*,#10207,.F.);
#14048=ORIENTED_EDGE('',*,*,#14047,.T.);
#14049=ORIENTED_EDGE('',*,*,#11365,.F.);
#14050=EDGE_LOOP('',(#14045,#14046,#14048,#14049));
#14051=FACE_OUTER_BOUND('',#14050,.F.);
#14053=CARTESIAN_POINT('',(-1.123902393218E0,2.519685039370E-1,
4.873215140095E-1));
#14054=DIRECTION('',(0.E0,1.E0,0.E0));
#14055=DIRECTION('',(-4.726885051886E-1,0.E0,-8.812295824940E-1));
#14056=AXIS2_PLACEMENT_3D('',#14053,#14054,#14055);
#14057=CYLINDRICAL_SURFACE('',#14056,1.023622047244E-2);
#14058=ORIENTED_EDGE('',*,*,#9419,.T.);
#14060=ORIENTED_EDGE('',*,*,#14059,.T.);
#14061=ORIENTED_EDGE('',*,*,#10652,.F.);
#14062=ORIENTED_EDGE('',*,*,#14047,.F.);
#14063=EDGE_LOOP('',(#14058,#14060,#14061,#14062));
#14064=FACE_OUTER_BOUND('',#14063,.F.);
#14066=CARTESIAN_POINT('',(-1.104044790526E0,2.519685039370E-1,
5.271319972234E-1));
#14067=DIRECTION('',(0.E0,1.E0,0.E0));
#14068=DIRECTION('',(-4.726885051886E-1,0.E0,-8.812295824940E-1));
#14069=AXIS2_PLACEMENT_3D('',#14066,#14067,#14068);
#14070=CYLINDRICAL_SURFACE('',#14069,3.425196850394E-2);
#14071=ORIENTED_EDGE('',*,*,#10654,.T.);
#14072=ORIENTED_EDGE('',*,*,#14059,.F.);
#14073=ORIENTED_EDGE('',*,*,#9417,.F.);
#14075=ORIENTED_EDGE('',*,*,#14074,.T.);
#14076=EDGE_LOOP('',(#14071,#14072,#14073,#14075));
#14077=FACE_OUTER_BOUND('',#14076,.F.);
#14079=CARTESIAN_POINT('',(-1.085571394918E0,2.519685039370E-1,
5.676033773966E-1));
#14080=DIRECTION('',(0.E0,1.E0,0.E0));
#14081=DIRECTION('',(-4.726885051886E-1,0.E0,-8.812295824940E-1));
#14082=AXIS2_PLACEMENT_3D('',#14079,#14080,#14081);
#14083=CYLINDRICAL_SURFACE('',#14082,1.023622047244E-2);
#14084=ORIENTED_EDGE('',*,*,#9415,.T.);
#14086=ORIENTED_EDGE('',*,*,#14085,.T.);
#14087=ORIENTED_EDGE('',*,*,#10648,.F.);
#14088=ORIENTED_EDGE('',*,*,#14074,.F.);
#14089=EDGE_LOOP('',(#14084,#14086,#14087,#14088));
#14090=FACE_OUTER_BOUND('',#14089,.F.);
#14092=CARTESIAN_POINT('',(0.E0,2.519685039370E-1,0.E0));
#14093=DIRECTION('',(0.E0,1.E0,0.E0));
#14094=DIRECTION('',(-4.726885051886E-1,0.E0,-8.812295824940E-1));
#14095=AXIS2_PLACEMENT_3D('',#14092,#14093,#14094);
#14096=CYLINDRICAL_SURFACE('',#14095,1.235241872499E0);
#14097=ORIENTED_EDGE('',*,*,#14085,.F.);
#14098=ORIENTED_EDGE('',*,*,#10204,.F.);
#14100=ORIENTED_EDGE('',*,*,#14099,.T.);
#14101=ORIENTED_EDGE('',*,*,#11368,.F.);
#14102=EDGE_LOOP('',(#14097,#14098,#14100,#14101));
#14103=FACE_OUTER_BOUND('',#14102,.F.);
#14105=CARTESIAN_POINT('',(-1.073330433442E0,2.519685039370E-1,
5.904241087079E-1));
#14106=DIRECTION('',(0.E0,1.E0,0.E0));
#14107=DIRECTION('',(-5.531311541252E-1,0.E0,-8.330941881541E-1));
#14108=AXIS2_PLACEMENT_3D('',#14105,#14106,#14107);
#14109=CYLINDRICAL_SURFACE('',#14108,1.023622047244E-2);
#14110=ORIENTED_EDGE('',*,*,#9435,.T.);
#14112=ORIENTED_EDGE('',*,*,#14111,.T.);
#14113=ORIENTED_EDGE('',*,*,#10668,.F.);
#14114=ORIENTED_EDGE('',*,*,#14099,.F.);
#14115=EDGE_LOOP('',(#14110,#14112,#14113,#14114));
#14116=FACE_OUTER_BOUND('',#14115,.F.);
#14118=CARTESIAN_POINT('',(-1.049832172466E0,2.519685039370E-1,
6.282001684482E-1));
#14119=DIRECTION('',(0.E0,1.E0,0.E0));
#14120=DIRECTION('',(-5.531311541252E-1,0.E0,-8.330941881541E-1));
#14121=AXIS2_PLACEMENT_3D('',#14118,#14119,#14120);
#14122=CYLINDRICAL_SURFACE('',#14121,3.425196850394E-2);
#14123=ORIENTED_EDGE('',*,*,#10670,.T.);
#14124=ORIENTED_EDGE('',*,*,#14111,.F.);
#14125=ORIENTED_EDGE('',*,*,#9433,.F.);
#14127=ORIENTED_EDGE('',*,*,#14126,.T.);
#14128=EDGE_LOOP('',(#14123,#14124,#14125,#14127));
#14129=FACE_OUTER_BOUND('',#14128,.F.);
#14131=CARTESIAN_POINT('',(-1.027650148968E0,2.519685039370E-1,
6.667638403679E-1));
#14132=DIRECTION('',(0.E0,1.E0,0.E0));
#14133=DIRECTION('',(-5.531311541252E-1,0.E0,-8.330941881541E-1));
#14134=AXIS2_PLACEMENT_3D('',#14131,#14132,#14133);
#14135=CYLINDRICAL_SURFACE('',#14134,1.023622047244E-2);
#14136=ORIENTED_EDGE('',*,*,#9431,.T.);
#14138=ORIENTED_EDGE('',*,*,#14137,.T.);
#14139=ORIENTED_EDGE('',*,*,#10664,.F.);
#14140=ORIENTED_EDGE('',*,*,#14126,.F.);
#14141=EDGE_LOOP('',(#14136,#14138,#14139,#14140));
#14142=FACE_OUTER_BOUND('',#14141,.F.);
#14144=CARTESIAN_POINT('',(0.E0,2.519685039370E-1,0.E0));
#14145=DIRECTION('',(0.E0,1.E0,0.E0));
#14146=DIRECTION('',(-5.531311541252E-1,0.E0,-8.330941881541E-1));
#14147=AXIS2_PLACEMENT_3D('',#14144,#14145,#14146);
#14148=CYLINDRICAL_SURFACE('',#14147,1.235241872499E0);
#14149=ORIENTED_EDGE('',*,*,#14137,.F.);
#14150=ORIENTED_EDGE('',*,*,#10201,.F.);
#14152=ORIENTED_EDGE('',*,*,#14151,.T.);
#14153=ORIENTED_EDGE('',*,*,#11371,.F.);
#14154=EDGE_LOOP('',(#14149,#14150,#14152,#14153));
#14155=FACE_OUTER_BOUND('',#14154,.F.);
#14157=CARTESIAN_POINT('',(-1.013326007225E0,2.519685039370E-1,
6.883380351096E-1));
#14158=DIRECTION('',(0.E0,1.E0,0.E0));
#14159=DIRECTION('',(-6.287128665909E-1,0.E0,-7.776375321338E-1));
#14160=AXIS2_PLACEMENT_3D('',#14157,#14158,#14159);
#14161=CYLINDRICAL_SURFACE('',#14160,1.023622047244E-2);
#14162=ORIENTED_EDGE('',*,*,#9451,.T.);
#14164=ORIENTED_EDGE('',*,*,#14163,.T.);
#14165=ORIENTED_EDGE('',*,*,#10684,.F.);
#14166=ORIENTED_EDGE('',*,*,#14151,.F.);
#14167=EDGE_LOOP('',(#14162,#14164,#14165,#14166));
#14168=FACE_OUTER_BOUND('',#14167,.F.);
#14170=CARTESIAN_POINT('',(-9.863935915272E-1,2.519685039370E-1,
7.237476940050E-1));
#14171=DIRECTION('',(0.E0,1.E0,0.E0));
#14172=DIRECTION('',(-6.287128665909E-1,0.E0,-7.776375321338E-1));
#14173=AXIS2_PLACEMENT_3D('',#14170,#14171,#14172);
#14174=CYLINDRICAL_SURFACE('',#14173,3.425196850394E-2);
#14175=ORIENTED_EDGE('',*,*,#10686,.T.);
#14176=ORIENTED_EDGE('',*,*,#14163,.F.);
#14177=ORIENTED_EDGE('',*,*,#9449,.F.);
#14179=ORIENTED_EDGE('',*,*,#14178,.T.);
#14180=EDGE_LOOP('',(#14175,#14176,#14177,#14179));
#14181=FACE_OUTER_BOUND('',#14180,.F.);
#14183=CARTESIAN_POINT('',(-9.606978765588E-1,2.519685039370E-1,
7.600647587358E-1));
#14184=DIRECTION('',(0.E0,1.E0,0.E0));
#14185=DIRECTION('',(-6.287128665909E-1,0.E0,-7.776375321338E-1));
#14186=AXIS2_PLACEMENT_3D('',#14183,#14184,#14185);
#14187=CYLINDRICAL_SURFACE('',#14186,1.023622047244E-2);
#14188=ORIENTED_EDGE('',*,*,#9447,.T.);
#14190=ORIENTED_EDGE('',*,*,#14189,.T.);
#14191=ORIENTED_EDGE('',*,*,#10680,.F.);
#14192=ORIENTED_EDGE('',*,*,#14178,.F.);
#14193=EDGE_LOOP('',(#14188,#14190,#14191,#14192));
#14194=FACE_OUTER_BOUND('',#14193,.F.);
#14196=CARTESIAN_POINT('',(0.E0,2.519685039370E-1,0.E0));
#14197=DIRECTION('',(0.E0,1.E0,0.E0));
#14198=DIRECTION('',(-6.287128665909E-1,0.E0,-7.776375321338E-1));
#14199=AXIS2_PLACEMENT_3D('',#14196,#14197,#14198);
#14200=CYLINDRICAL_SURFACE('',#14199,1.235241872499E0);
#14201=ORIENTED_EDGE('',*,*,#14189,.F.);
#14202=ORIENTED_EDGE('',*,*,#10198,.F.);
#14204=ORIENTED_EDGE('',*,*,#14203,.T.);
#14205=ORIENTED_EDGE('',*,*,#11374,.F.);
#14206=EDGE_LOOP('',(#14201,#14202,#14204,#14205));
#14207=FACE_OUTER_BOUND('',#14206,.F.);
#14209=CARTESIAN_POINT('',(-9.444164356205E-1,2.519685039370E-1,
7.802028221087E-1));
#14210=DIRECTION('',(0.E0,1.E0,0.E0));
#14211=DIRECTION('',(-6.987694277788E-1,0.E0,-7.153469695201E-1));
#14212=AXIS2_PLACEMENT_3D('',#14209,#14210,#14211);
#14213=CYLINDRICAL_SURFACE('',#14212,1.023622047244E-2);
#14214=ORIENTED_EDGE('',*,*,#9467,.T.);
#14216=ORIENTED_EDGE('',*,*,#14215,.T.);
#14217=ORIENTED_EDGE('',*,*,#10700,.F.);
#14218=ORIENTED_EDGE('',*,*,#14203,.F.);
#14219=EDGE_LOOP('',(#14214,#14216,#14217,#14218));
#14220=FACE_OUTER_BOUND('',#14219,.F.);
#14222=CARTESIAN_POINT('',(-9.142865482388E-1,2.519685039370E-1,
8.129348988037E-1));
#14223=DIRECTION('',(0.E0,1.E0,0.E0));
#14224=DIRECTION('',(-6.987694277788E-1,0.E0,-7.153469695201E-1));
#14225=AXIS2_PLACEMENT_3D('',#14222,#14223,#14224);
#14226=CYLINDRICAL_SURFACE('',#14225,3.425196850394E-2);
#14227=ORIENTED_EDGE('',*,*,#10702,.T.);
#14228=ORIENTED_EDGE('',*,*,#14215,.F.);
#14229=ORIENTED_EDGE('',*,*,#9465,.F.);
#14231=ORIENTED_EDGE('',*,*,#14230,.T.);
#14232=EDGE_LOOP('',(#14227,#14228,#14229,#14231));
#14233=FACE_OUTER_BOUND('',#14232,.F.);
#14235=CARTESIAN_POINT('',(-8.853029566671E-1,2.519685039370E-1,
8.466862006749E-1));
#14236=DIRECTION('',(0.E0,1.E0,0.E0));
#14237=DIRECTION('',(-6.987694277788E-1,0.E0,-7.153469695201E-1));
#14238=AXIS2_PLACEMENT_3D('',#14235,#14236,#14237);
#14239=CYLINDRICAL_SURFACE('',#14238,1.023622047244E-2);
#14240=ORIENTED_EDGE('',*,*,#9463,.T.);
#14242=ORIENTED_EDGE('',*,*,#14241,.T.);
#14243=ORIENTED_EDGE('',*,*,#10696,.F.);
#14244=ORIENTED_EDGE('',*,*,#14230,.F.);
#14245=EDGE_LOOP('',(#14240,#14242,#14243,#14244));
#14246=FACE_OUTER_BOUND('',#14245,.F.);
#14248=CARTESIAN_POINT('',(0.E0,2.519685039370E-1,0.E0));
#14249=DIRECTION('',(0.E0,1.E0,0.E0));
#14250=DIRECTION('',(-6.987694277788E-1,0.E0,-7.153469695201E-1));
#14251=AXIS2_PLACEMENT_3D('',#14248,#14249,#14250);
#14252=CYLINDRICAL_SURFACE('',#14251,1.235241872499E0);
#14253=ORIENTED_EDGE('',*,*,#14241,.F.);
#14254=ORIENTED_EDGE('',*,*,#10195,.F.);
#14256=ORIENTED_EDGE('',*,*,#14255,.T.);
#14257=ORIENTED_EDGE('',*,*,#11377,.F.);
#14258=EDGE_LOOP('',(#14253,#14254,#14256,#14257));
#14259=FACE_OUTER_BOUND('',#14258,.F.);
#14261=CARTESIAN_POINT('',(-8.672072984224E-1,2.519685039370E-1,
8.652111586541E-1));
#14262=DIRECTION('',(0.E0,1.E0,0.E0));
#14263=DIRECTION('',(-7.626851781104E-1,0.E0,-6.467699120172E-1));
#14264=AXIS2_PLACEMENT_3D('',#14261,#14262,#14263);
#14265=CYLINDRICAL_SURFACE('',#14264,1.023622047244E-2);
#14266=ORIENTED_EDGE('',*,*,#9483,.T.);
#14268=ORIENTED_EDGE('',*,*,#14267,.T.);
#14269=ORIENTED_EDGE('',*,*,#10716,.F.);
#14270=ORIENTED_EDGE('',*,*,#14255,.F.);
#14271=EDGE_LOOP('',(#14266,#14268,#14269,#14270));
#14272=FACE_OUTER_BOUND('',#14271,.F.);
#14274=CARTESIAN_POINT('',(-8.341447218903E-1,2.519685039370E-1,
8.949780024816E-1));
#14275=DIRECTION('',(0.E0,1.E0,0.E0));
#14276=DIRECTION('',(-7.626851781104E-1,0.E0,-6.467699120172E-1));
#14277=AXIS2_PLACEMENT_3D('',#14274,#14275,#14276);
#14278=CYLINDRICAL_SURFACE('',#14277,3.425196850394E-2);
#14279=ORIENTED_EDGE('',*,*,#10718,.T.);
#14280=ORIENTED_EDGE('',*,*,#14267,.F.);
#14281=ORIENTED_EDGE('',*,*,#9481,.F.);
#14283=ORIENTED_EDGE('',*,*,#14282,.T.);
#14284=EDGE_LOOP('',(#14279,#14280,#14281,#14283));
#14285=FACE_OUTER_BOUND('',#14284,.F.);
#14287=CARTESIAN_POINT('',(-8.021279625600E-1,2.519685039370E-1,
9.258669338387E-1));
#14288=DIRECTION('',(0.E0,1.E0,0.E0));
#14289=DIRECTION('',(-7.626851781104E-1,0.E0,-6.467699120172E-1));
#14290=AXIS2_PLACEMENT_3D('',#14287,#14288,#14289);
#14291=CYLINDRICAL_SURFACE('',#14290,1.023622047244E-2);
#14292=ORIENTED_EDGE('',*,*,#9479,.T.);
#14294=ORIENTED_EDGE('',*,*,#14293,.T.);
#14295=ORIENTED_EDGE('',*,*,#10712,.F.);
#14296=ORIENTED_EDGE('',*,*,#14282,.F.);
#14297=EDGE_LOOP('',(#14292,#14294,#14295,#14296));
#14298=FACE_OUTER_BOUND('',#14297,.F.);
#14300=CARTESIAN_POINT('',(0.E0,2.519685039370E-1,0.E0));
#14301=DIRECTION('',(0.E0,1.E0,0.E0));
#14302=DIRECTION('',(-7.626851781104E-1,0.E0,-6.467699120172E-1));
#14303=AXIS2_PLACEMENT_3D('',#14300,#14301,#14302);
#14304=CYLINDRICAL_SURFACE('',#14303,1.235241872499E0);
#14305=ORIENTED_EDGE('',*,*,#14293,.F.);
#14306=ORIENTED_EDGE('',*,*,#10192,.F.);
#14308=ORIENTED_EDGE('',*,*,#14307,.T.);
#14309=ORIENTED_EDGE('',*,*,#11380,.F.);
#14310=EDGE_LOOP('',(#14305,#14306,#14308,#14309));
#14311=FACE_OUTER_BOUND('',#14310,.F.);
#14313=CARTESIAN_POINT('',(-7.823771123043E-1,2.519685039370E-1,
9.426159884274E-1));
#14314=DIRECTION('',(0.E0,1.E0,0.E0));
#14315=DIRECTION('',(-8.198984236734E-1,0.E0,-5.725090172721E-1));
#14316=AXIS2_PLACEMENT_3D('',#14313,#14314,#14315);
#14317=CYLINDRICAL_SURFACE('',#14316,1.023622047244E-2);
#14318=ORIENTED_EDGE('',*,*,#9499,.T.);
#14320=ORIENTED_EDGE('',*,*,#14319,.T.);
#14321=ORIENTED_EDGE('',*,*,#10732,.F.);
#14322=ORIENTED_EDGE('',*,*,#14307,.F.);
#14323=EDGE_LOOP('',(#14318,#14320,#14321,#14322));
#14324=FACE_OUTER_BOUND('',#14323,.F.);
#14326=CARTESIAN_POINT('',(-7.466724017331E-1,2.519685039370E-1,
9.691560072937E-1));
#14327=DIRECTION('',(0.E0,1.E0,0.E0));
#14328=DIRECTION('',(-8.198984236734E-1,0.E0,-5.725090172721E-1));
#14329=AXIS2_PLACEMENT_3D('',#14326,#14327,#14328);
#14330=CYLINDRICAL_SURFACE('',#14329,3.425196850394E-2);
#14331=ORIENTED_EDGE('',*,*,#10734,.T.);
#14332=ORIENTED_EDGE('',*,*,#14319,.F.);
#14333=ORIENTED_EDGE('',*,*,#9497,.F.);
#14335=ORIENTED_EDGE('',*,*,#14334,.T.);
#14336=EDGE_LOOP('',(#14331,#14332,#14333,#14335));
#14337=FACE_OUTER_BOUND('',#14336,.F.);
#14339=CARTESIAN_POINT('',(-7.119038390765E-1,2.519685039370E-1,
9.969111150974E-1));
#14340=DIRECTION('',(0.E0,1.E0,0.E0));
#14341=DIRECTION('',(-8.198984236734E-1,0.E0,-5.725090172721E-1));
#14342=AXIS2_PLACEMENT_3D('',#14339,#14340,#14341);
#14343=CYLINDRICAL_SURFACE('',#14342,1.023622047244E-2);
#14344=ORIENTED_EDGE('',*,*,#9495,.T.);
#14346=ORIENTED_EDGE('',*,*,#14345,.T.);
#14347=ORIENTED_EDGE('',*,*,#10728,.F.);
#14348=ORIENTED_EDGE('',*,*,#14334,.F.);
#14349=EDGE_LOOP('',(#14344,#14346,#14347,#14348));
#14350=FACE_OUTER_BOUND('',#14349,.F.);
#14352=CARTESIAN_POINT('',(0.E0,2.519685039370E-1,0.E0));
#14353=DIRECTION('',(0.E0,1.E0,0.E0));
#14354=DIRECTION('',(-8.198984236734E-1,0.E0,-5.725090172721E-1));
#14355=AXIS2_PLACEMENT_3D('',#14352,#14353,#14354);
#14356=CYLINDRICAL_SURFACE('',#14355,1.235241872499E0);
#14357=ORIENTED_EDGE('',*,*,#14345,.F.);
#14358=ORIENTED_EDGE('',*,*,#10189,.F.);
#14360=ORIENTED_EDGE('',*,*,#14359,.T.);
#14361=ORIENTED_EDGE('',*,*,#11383,.F.);
#14362=EDGE_LOOP('',(#14357,#14358,#14360,#14361));
#14363=FACE_OUTER_BOUND('',#14362,.F.);
#14365=CARTESIAN_POINT('',(-6.906713679920E-1,2.519685039370E-1,
1.011737075002E0));
#14366=DIRECTION('',(0.E0,1.E0,0.E0));
#14367=DIRECTION('',(-8.699063724088E-1,0.E0,-4.932168926979E-1));
#14368=AXIS2_PLACEMENT_3D('',#14365,#14366,#14367);
#14369=CYLINDRICAL_SURFACE('',#14368,1.023622047244E-2);
#14370=ORIENTED_EDGE('',*,*,#9515,.T.);
#14372=ORIENTED_EDGE('',*,*,#14371,.T.);
#14373=ORIENTED_EDGE('',*,*,#10748,.F.);
#14374=ORIENTED_EDGE('',*,*,#14359,.F.);
#14375=EDGE_LOOP('',(#14370,#14372,#14373,#14374));
#14376=FACE_OUTER_BOUND('',#14375,.F.);
#14378=CARTESIAN_POINT('',(-6.526382976620E-1,2.519685039370E-1,
1.034817034267E0));
#14379=DIRECTION('',(0.E0,1.E0,0.E0));
#14380=DIRECTION('',(-8.699063724088E-1,0.E0,-4.932168926979E-1));
#14381=AXIS2_PLACEMENT_3D('',#14378,#14379,#14380);
#14382=CYLINDRICAL_SURFACE('',#14381,3.425196850394E-2);
#14383=ORIENTED_EDGE('',*,*,#10750,.T.);
#14384=ORIENTED_EDGE('',*,*,#14371,.F.);
#14385=ORIENTED_EDGE('',*,*,#9513,.F.);
#14387=ORIENTED_EDGE('',*,*,#14386,.T.);
#14388=EDGE_LOOP('',(#14383,#14384,#14385,#14387));
#14389=FACE_OUTER_BOUND('',#14388,.F.);
#14391=CARTESIAN_POINT('',(-6.154234790579E-1,2.519685039370E-1,
1.059194405631E0));
#14392=DIRECTION('',(0.E0,1.E0,0.E0));
#14393=DIRECTION('',(-8.699063724088E-1,0.E0,-4.932168926979E-1));
#14394=AXIS2_PLACEMENT_3D('',#14391,#14392,#14393);
#14395=CYLINDRICAL_SURFACE('',#14394,1.023622047244E-2);
#14396=ORIENTED_EDGE('',*,*,#9511,.T.);
#14398=ORIENTED_EDGE('',*,*,#14397,.T.);
#14399=ORIENTED_EDGE('',*,*,#10744,.F.);
#14400=ORIENTED_EDGE('',*,*,#14386,.F.);
#14401=EDGE_LOOP('',(#14396,#14398,#14399,#14400));
#14402=FACE_OUTER_BOUND('',#14401,.F.);
#14404=CARTESIAN_POINT('',(0.E0,2.519685039370E-1,0.E0));
#14405=DIRECTION('',(0.E0,1.E0,0.E0));
#14406=DIRECTION('',(-8.699063724088E-1,0.E0,-4.932168926979E-1));
#14407=AXIS2_PLACEMENT_3D('',#14404,#14405,#14406);
#14408=CYLINDRICAL_SURFACE('',#14407,1.235241872499E0);
#14409=ORIENTED_EDGE('',*,*,#14397,.F.);
#14410=ORIENTED_EDGE('',*,*,#10186,.F.);
#14412=ORIENTED_EDGE('',*,*,#14411,.T.);
#14413=ORIENTED_EDGE('',*,*,#11386,.F.);
#14414=EDGE_LOOP('',(#14409,#14410,#14412,#14413));
#14415=FACE_OUTER_BOUND('',#14414,.F.);
#14417=CARTESIAN_POINT('',(-5.928959788638E-1,2.519685039370E-1,
1.071966979782E0));
#14418=DIRECTION('',(0.E0,1.E0,0.E0));
#14419=DIRECTION('',(-9.122695526649E-1,0.E0,-4.095903603365E-1));
#14420=AXIS2_PLACEMENT_3D('',#14417,#14418,#14419);
#14421=CYLINDRICAL_SURFACE('',#14420,1.023622047244E-2);
#14422=ORIENTED_EDGE('',*,*,#9531,.T.);
#14424=ORIENTED_EDGE('',*,*,#14423,.T.);
#14425=ORIENTED_EDGE('',*,*,#10764,.F.);
#14426=ORIENTED_EDGE('',*,*,#14411,.F.);
#14427=EDGE_LOOP('',(#14422,#14424,#14425,#14426));
#14428=FACE_OUTER_BOUND('',#14427,.F.);
#14430=CARTESIAN_POINT('',(-5.528687847646E-1,2.519685039370E-1,
1.091384051934E0));
#14431=DIRECTION('',(0.E0,1.E0,0.E0));
#14432=DIRECTION('',(-9.122695526649E-1,0.E0,-4.095903603365E-1));
#14433=AXIS2_PLACEMENT_3D('',#14430,#14431,#14432);
#14434=CYLINDRICAL_SURFACE('',#14433,3.425196850394E-2);
#14435=ORIENTED_EDGE('',*,*,#10766,.T.);
#14436=ORIENTED_EDGE('',*,*,#14423,.F.);
#14437=ORIENTED_EDGE('',*,*,#9529,.F.);
#14439=ORIENTED_EDGE('',*,*,#14438,.T.);
#14440=EDGE_LOOP('',(#14435,#14436,#14437,#14439));
#14441=FACE_OUTER_BOUND('',#14440,.F.);
#14443=CARTESIAN_POINT('',(-5.135347553770E-1,2.519685039370E-1,
1.112169457644E0));
#14444=DIRECTION('',(0.E0,1.E0,0.E0));
#14445=DIRECTION('',(-9.122695526649E-1,0.E0,-4.095903603365E-1));
#14446=AXIS2_PLACEMENT_3D('',#14443,#14444,#14445);
#14447=CYLINDRICAL_SURFACE('',#14446,1.023622047244E-2);
#14448=ORIENTED_EDGE('',*,*,#9527,.T.);
#14450=ORIENTED_EDGE('',*,*,#14449,.T.);
#14451=ORIENTED_EDGE('',*,*,#10760,.F.);
#14452=ORIENTED_EDGE('',*,*,#14438,.F.);
#14453=EDGE_LOOP('',(#14448,#14450,#14451,#14452));
#14454=FACE_OUTER_BOUND('',#14453,.F.);
#14456=CARTESIAN_POINT('',(0.E0,2.519685039370E-1,0.E0));
#14457=DIRECTION('',(0.E0,1.E0,0.E0));
#14458=DIRECTION('',(-9.122695526649E-1,0.E0,-4.095903603365E-1));
#14459=AXIS2_PLACEMENT_3D('',#14456,#14457,#14458);
#14460=CYLINDRICAL_SURFACE('',#14459,1.235241872499E0);
#14461=ORIENTED_EDGE('',*,*,#14449,.F.);
#14462=ORIENTED_EDGE('',*,*,#10183,.F.);
#14464=ORIENTED_EDGE('',*,*,#14463,.T.);
#14465=ORIENTED_EDGE('',*,*,#11389,.F.);
#14466=EDGE_LOOP('',(#14461,#14462,#14464,#14465));
#14467=FACE_OUTER_BOUND('',#14466,.F.);
#14469=CARTESIAN_POINT('',(-4.899101985550E-1,2.519685039370E-1,
1.122776400201E0));
#14470=DIRECTION('',(0.E0,1.E0,0.E0));
#14471=DIRECTION('',(-9.466156752904E-1,0.E0,-3.223643331612E-1));
#14472=AXIS2_PLACEMENT_3D('',#14469,#14470,#14471);
#14473=CYLINDRICAL_SURFACE('',#14472,1.023622047244E-2);
#14474=ORIENTED_EDGE('',*,*,#9869,.T.);
#14476=ORIENTED_EDGE('',*,*,#14475,.T.);
#14477=ORIENTED_EDGE('',*,*,#10778,.F.);
#14478=ORIENTED_EDGE('',*,*,#14463,.F.);
#14479=EDGE_LOOP('',(#14474,#14476,#14477,#14478));
#14480=FACE_OUTER_BOUND('',#14479,.F.);
#14482=CARTESIAN_POINT('',(-4.482406411077E-1,2.519685039370E-1,
1.138359947311E0));
#14483=DIRECTION('',(0.E0,1.E0,0.E0));
#14484=DIRECTION('',(-9.466156752904E-1,0.E0,-3.223643331612E-1));
#14485=AXIS2_PLACEMENT_3D('',#14482,#14483,#14484);
#14486=CYLINDRICAL_SURFACE('',#14485,3.425196850394E-2);
#14487=ORIENTED_EDGE('',*,*,#10780,.T.);
#14488=ORIENTED_EDGE('',*,*,#14475,.F.);
#14489=ORIENTED_EDGE('',*,*,#9867,.F.);
#14491=ORIENTED_EDGE('',*,*,#14490,.T.);
#14492=EDGE_LOOP('',(#14487,#14488,#14489,#14491));
#14493=FACE_OUTER_BOUND('',#14492,.F.);
#14495=CARTESIAN_POINT('',(-4.071330698011E-1,2.519685039370E-1,
1.155370724474E0));
#14496=DIRECTION('',(0.E0,1.E0,0.E0));
#14497=DIRECTION('',(-9.466156752904E-1,0.E0,-3.223643331612E-1));
#14498=AXIS2_PLACEMENT_3D('',#14495,#14496,#14497);
#14499=CYLINDRICAL_SURFACE('',#14498,1.023622047244E-2);
#14500=ORIENTED_EDGE('',*,*,#9865,.T.);
#14502=ORIENTED_EDGE('',*,*,#14501,.T.);
#14503=ORIENTED_EDGE('',*,*,#10782,.F.);
#14504=ORIENTED_EDGE('',*,*,#14490,.F.);
#14505=EDGE_LOOP('',(#14500,#14502,#14503,#14504));
#14506=FACE_OUTER_BOUND('',#14505,.F.);
#14508=CARTESIAN_POINT('',(0.E0,2.519685039370E-1,0.E0));
#14509=DIRECTION('',(0.E0,1.E0,0.E0));
#14510=DIRECTION('',(-9.466156752904E-1,0.E0,-3.223643331612E-1));
#14511=AXIS2_PLACEMENT_3D('',#14508,#14509,#14510);
#14512=CYLINDRICAL_SURFACE('',#14511,1.235241872499E0);
#14513=ORIENTED_EDGE('',*,*,#10180,.F.);
#14515=ORIENTED_EDGE('',*,*,#14514,.T.);
#14516=ORIENTED_EDGE('',*,*,#11392,.F.);
#14517=ORIENTED_EDGE('',*,*,#14501,.F.);
#14518=EDGE_LOOP('',(#14513,#14515,#14516,#14517));
#14519=FACE_OUTER_BOUND('',#14518,.F.);
#14521=CARTESIAN_POINT('',(-3.826190698061E-1,2.519685039370E-1,
1.163718821244E0));
#14522=DIRECTION('',(0.E0,1.E0,0.E0));
#14523=DIRECTION('',(-9.726429053248E-1,0.E0,-2.323053566350E-1));
#14524=AXIS2_PLACEMENT_3D('',#14521,#14522,#14523);
#14525=CYLINDRICAL_SURFACE('',#14524,1.023622047244E-2);
#14526=ORIENTED_EDGE('',*,*,#9853,.T.);
#14528=ORIENTED_EDGE('',*,*,#14527,.T.);
#14529=ORIENTED_EDGE('',*,*,#10794,.F.);
#14530=ORIENTED_EDGE('',*,*,#14514,.F.);
#14531=EDGE_LOOP('',(#14526,#14528,#14529,#14530));
#14532=FACE_OUTER_BOUND('',#14531,.F.);
#14534=CARTESIAN_POINT('',(-3.396733425797E-1,2.519685039370E-1,
1.175331894541E0));
#14535=DIRECTION('',(0.E0,1.E0,0.E0));
#14536=DIRECTION('',(-9.726429053248E-1,0.E0,-2.323053566350E-1));
#14537=AXIS2_PLACEMENT_3D('',#14534,#14535,#14536);
#14538=CYLINDRICAL_SURFACE('',#14537,3.425196850394E-2);
#14539=ORIENTED_EDGE('',*,*,#10796,.T.);
#14540=ORIENTED_EDGE('',*,*,#14527,.F.);
#14541=ORIENTED_EDGE('',*,*,#9851,.F.);
#14543=ORIENTED_EDGE('',*,*,#14542,.T.);
#14544=EDGE_LOOP('',(#14539,#14540,#14541,#14543));
#14545=FACE_OUTER_BOUND('',#14544,.F.);
#14547=CARTESIAN_POINT('',(-2.971534841688E-1,2.519685039370E-1,
1.188418551834E0));
#14548=DIRECTION('',(0.E0,1.E0,0.E0));
#14549=DIRECTION('',(-9.726429053248E-1,0.E0,-2.323053566350E-1));
#14550=AXIS2_PLACEMENT_3D('',#14547,#14548,#14549);
#14551=CYLINDRICAL_SURFACE('',#14550,1.023622047244E-2);
#14552=ORIENTED_EDGE('',*,*,#9849,.T.);
#14554=ORIENTED_EDGE('',*,*,#14553,.T.);
#14555=ORIENTED_EDGE('',*,*,#10798,.F.);
#14556=ORIENTED_EDGE('',*,*,#14542,.F.);
#14557=EDGE_LOOP('',(#14552,#14554,#14555,#14556));
#14558=FACE_OUTER_BOUND('',#14557,.F.);
#14560=CARTESIAN_POINT('',(0.E0,2.519685039370E-1,0.E0));
#14561=DIRECTION('',(0.E0,1.E0,0.E0));
#14562=DIRECTION('',(-9.726429053248E-1,0.E0,-2.323053566350E-1));
#14563=AXIS2_PLACEMENT_3D('',#14560,#14561,#14562);
#14564=CYLINDRICAL_SURFACE('',#14563,1.235241872499E0);
#14565=ORIENTED_EDGE('',*,*,#10177,.F.);
#14567=ORIENTED_EDGE('',*,*,#14566,.T.);
#14568=ORIENTED_EDGE('',*,*,#11395,.F.);
#14569=ORIENTED_EDGE('',*,*,#14553,.F.);
#14570=EDGE_LOOP('',(#14565,#14567,#14568,#14569));
#14571=FACE_OUTER_BOUND('',#14570,.F.);
#14573=CARTESIAN_POINT('',(-2.719654709142E-1,2.519685039370E-1,
1.194434439443E0));
#14574=DIRECTION('',(0.E0,1.E0,0.E0));
#14575=DIRECTION('',(-9.901225145347E-1,0.E0,-1.402048722819E-1));
#14576=AXIS2_PLACEMENT_3D('',#14573,#14574,#14575);
#14577=CYLINDRICAL_SURFACE('',#14576,1.023622047244E-2);
#14578=ORIENTED_EDGE('',*,*,#9837,.T.);
#14580=ORIENTED_EDGE('',*,*,#14579,.T.);
#14581=ORIENTED_EDGE('',*,*,#10810,.F.);
#14582=ORIENTED_EDGE('',*,*,#14566,.F.);
#14583=EDGE_LOOP('',(#14578,#14580,#14581,#14582));
#14584=FACE_OUTER_BOUND('',#14583,.F.);
#14586=CARTESIAN_POINT('',(-2.281209825037E-1,2.519685039370E-1,
1.201974982820E0));
#14587=DIRECTION('',(0.E0,1.E0,0.E0));
#14588=DIRECTION('',(-9.901225145347E-1,0.E0,-1.402048722819E-1));
#14589=AXIS2_PLACEMENT_3D('',#14586,#14587,#14588);
#14590=CYLINDRICAL_SURFACE('',#14589,3.425196850394E-2);
#14591=ORIENTED_EDGE('',*,*,#10812,.T.);
#14592=ORIENTED_EDGE('',*,*,#14579,.F.);
#14593=ORIENTED_EDGE('',*,*,#9835,.F.);
#14595=ORIENTED_EDGE('',*,*,#14594,.T.);
#14596=EDGE_LOOP('',(#14591,#14592,#14593,#14595));
#14597=FACE_OUTER_BOUND('',#14596,.F.);
#14599=CARTESIAN_POINT('',(-1.845625030331E-1,2.519685039370E-1,
1.211022514230E0));
#14600=DIRECTION('',(0.E0,1.E0,0.E0));
#14601=DIRECTION('',(-9.901225145347E-1,0.E0,-1.402048722819E-1));
#14602=AXIS2_PLACEMENT_3D('',#14599,#14600,#14601);
#14603=CYLINDRICAL_SURFACE('',#14602,1.023622047244E-2);
#14604=ORIENTED_EDGE('',*,*,#9833,.T.);
#14606=ORIENTED_EDGE('',*,*,#14605,.T.);
#14607=ORIENTED_EDGE('',*,*,#10814,.F.);
#14608=ORIENTED_EDGE('',*,*,#14594,.F.);
#14609=EDGE_LOOP('',(#14604,#14606,#14607,#14608));
#14610=FACE_OUTER_BOUND('',#14609,.F.);
#14612=CARTESIAN_POINT('',(0.E0,2.519685039370E-1,0.E0));
#14613=DIRECTION('',(0.E0,1.E0,0.E0));
#14614=DIRECTION('',(-9.901225145347E-1,0.E0,-1.402048722819E-1));
#14615=AXIS2_PLACEMENT_3D('',#14612,#14613,#14614);
#14616=CYLINDRICAL_SURFACE('',#14615,1.235241872499E0);
#14617=ORIENTED_EDGE('',*,*,#10174,.F.);
#14619=ORIENTED_EDGE('',*,*,#14618,.T.);
#14620=ORIENTED_EDGE('',*,*,#11398,.F.);
#14621=ORIENTED_EDGE('',*,*,#14605,.F.);
#14622=EDGE_LOOP('',(#14617,#14619,#14620,#14621));
#14623=FACE_OUTER_BOUND('',#14622,.F.);
#14625=CARTESIAN_POINT('',(-1.589218296850E-1,2.519685039370E-1,
1.214653324841E0));
#14626=DIRECTION('',(0.E0,1.E0,0.E0));
#14627=DIRECTION('',(-9.989008914857E-1,0.E0,-4.687226246994E-2));
#14628=AXIS2_PLACEMENT_3D('',#14625,#14626,#14627);
#14629=CYLINDRICAL_SURFACE('',#14628,1.023622047244E-2);
#14630=ORIENTED_EDGE('',*,*,#9821,.T.);
#14632=ORIENTED_EDGE('',*,*,#14631,.T.);
#14633=ORIENTED_EDGE('',*,*,#11066,.F.);
#14634=ORIENTED_EDGE('',*,*,#14618,.F.);
#14635=EDGE_LOOP('',(#14630,#14632,#14633,#14634));
#14636=FACE_OUTER_BOUND('',#14635,.F.);
#14638=CARTESIAN_POINT('',(-1.145638870311E-1,2.519685039370E-1,
1.218055071732E0));
#14639=DIRECTION('',(0.E0,1.E0,0.E0));
#14640=DIRECTION('',(-9.989008914857E-1,0.E0,-4.687226246994E-2));
#14641=AXIS2_PLACEMENT_3D('',#14638,#14639,#14640);
#14642=CYLINDRICAL_SURFACE('',#14641,3.425196850394E-2);
#14643=ORIENTED_EDGE('',*,*,#11068,.T.);
#14644=ORIENTED_EDGE('',*,*,#14631,.F.);
#14645=ORIENTED_EDGE('',*,*,#9819,.F.);
#14647=ORIENTED_EDGE('',*,*,#14646,.T.);
#14648=EDGE_LOOP('',(#14643,#14644,#14645,#14647));
#14649=FACE_OUTER_BOUND('',#14648,.F.);
#14651=CARTESIAN_POINT('',(-7.034957998459E-2,2.519685039370E-1,
1.222983967226E0));
#14652=DIRECTION('',(0.E0,1.E0,0.E0));
#14653=DIRECTION('',(-9.989008914857E-1,0.E0,-4.687226246994E-2));
#14654=AXIS2_PLACEMENT_3D('',#14651,#14652,#14653);
#14655=CYLINDRICAL_SURFACE('',#14654,1.023622047244E-2);
#14656=ORIENTED_EDGE('',*,*,#9817,.T.);
#14658=ORIENTED_EDGE('',*,*,#14657,.T.);
#14659=ORIENTED_EDGE('',*,*,#11070,.F.);
#14660=ORIENTED_EDGE('',*,*,#14646,.F.);
#14661=EDGE_LOOP('',(#14656,#14658,#14659,#14660));
#14662=FACE_OUTER_BOUND('',#14661,.F.);
#14664=CARTESIAN_POINT('',(0.E0,2.519685039370E-1,0.E0));
#14665=DIRECTION('',(0.E0,1.E0,0.E0));
#14666=DIRECTION('',(-9.989008914857E-1,0.E0,-4.687226246994E-2));
#14667=AXIS2_PLACEMENT_3D('',#14664,#14665,#14666);
#14668=CYLINDRICAL_SURFACE('',#14667,1.235241872499E0);
#14669=ORIENTED_EDGE('',*,*,#10171,.F.);
#14671=ORIENTED_EDGE('',*,*,#14670,.T.);
#14672=ORIENTED_EDGE('',*,*,#11401,.F.);
#14673=ORIENTED_EDGE('',*,*,#14657,.F.);
#14674=EDGE_LOOP('',(#14669,#14671,#14672,#14673));
#14675=FACE_OUTER_BOUND('',#14674,.F.);
#14677=CARTESIAN_POINT('',(-4.448157770231E-2,2.519685039370E-1,
1.224197793145E0));
#14678=DIRECTION('',(0.E0,1.E0,0.E0));
#14679=DIRECTION('',(-9.989008914857E-1,0.E0,4.687226246994E-2));
#14680=AXIS2_PLACEMENT_3D('',#14677,#14678,#14679);
#14681=CYLINDRICAL_SURFACE('',#14680,1.023622047244E-2);
#14682=ORIENTED_EDGE('',*,*,#9805,.T.);
#14684=ORIENTED_EDGE('',*,*,#14683,.T.);
#14685=ORIENTED_EDGE('',*,*,#11082,.F.);
#14686=ORIENTED_EDGE('',*,*,#14670,.F.);
#14687=EDGE_LOOP('',(#14682,#14684,#14685,#14686));
#14688=FACE_OUTER_BOUND('',#14687,.F.);
#14690=CARTESIAN_POINT('',(0.E0,2.519685039370E-1,1.223430848877E0));
#14691=DIRECTION('',(0.E0,1.E0,0.E0));
#14692=DIRECTION('',(-9.989008914857E-1,0.E0,4.687226246994E-2));
#14693=AXIS2_PLACEMENT_3D('',#14690,#14691,#14692);
#14694=CYLINDRICAL_SURFACE('',#14693,3.425196850394E-2);
#14695=ORIENTED_EDGE('',*,*,#11084,.T.);
#14696=ORIENTED_EDGE('',*,*,#14683,.F.);
#14697=ORIENTED_EDGE('',*,*,#9803,.F.);
#14699=ORIENTED_EDGE('',*,*,#14698,.T.);
#14700=EDGE_LOOP('',(#14695,#14696,#14697,#14699));
#14701=FACE_OUTER_BOUND('',#14700,.F.);
#14703=CARTESIAN_POINT('',(4.448157770231E-2,2.519685039370E-1,
1.224197793145E0));
#14704=DIRECTION('',(0.E0,1.E0,0.E0));
#14705=DIRECTION('',(-9.989008914857E-1,0.E0,4.687226246994E-2));
#14706=AXIS2_PLACEMENT_3D('',#14703,#14704,#14705);
#14707=CYLINDRICAL_SURFACE('',#14706,1.023622047244E-2);
#14708=ORIENTED_EDGE('',*,*,#9801,.T.);
#14710=ORIENTED_EDGE('',*,*,#14709,.T.);
#14711=ORIENTED_EDGE('',*,*,#11086,.F.);
#14712=ORIENTED_EDGE('',*,*,#14698,.F.);
#14713=EDGE_LOOP('',(#14708,#14710,#14711,#14712));
#14714=FACE_OUTER_BOUND('',#14713,.F.);
#14716=CARTESIAN_POINT('',(0.E0,2.519685039370E-1,0.E0));
#14717=DIRECTION('',(0.E0,1.E0,0.E0));
#14718=DIRECTION('',(-9.989008914857E-1,0.E0,4.687226246994E-2));
#14719=AXIS2_PLACEMENT_3D('',#14716,#14717,#14718);
#14720=CYLINDRICAL_SURFACE('',#14719,1.235241872499E0);
#14721=ORIENTED_EDGE('',*,*,#10168,.F.);
#14723=ORIENTED_EDGE('',*,*,#14722,.T.);
#14724=ORIENTED_EDGE('',*,*,#11404,.F.);
#14725=ORIENTED_EDGE('',*,*,#14709,.F.);
#14726=EDGE_LOOP('',(#14721,#14723,#14724,#14725));
#14727=FACE_OUTER_BOUND('',#14726,.F.);
#14729=CARTESIAN_POINT('',(7.034957998459E-2,2.519685039370E-1,
1.222983967226E0));
#14730=DIRECTION('',(0.E0,1.E0,0.E0));
#14731=DIRECTION('',(-9.901225145347E-1,0.E0,1.402048722819E-1));
#14732=AXIS2_PLACEMENT_3D('',#14729,#14730,#14731);
#14733=CYLINDRICAL_SURFACE('',#14732,1.023622047244E-2);
#14734=ORIENTED_EDGE('',*,*,#9789,.T.);
#14736=ORIENTED_EDGE('',*,*,#14735,.T.);
#14737=ORIENTED_EDGE('',*,*,#11098,.F.);
#14738=ORIENTED_EDGE('',*,*,#14722,.F.);
#14739=EDGE_LOOP('',(#14734,#14736,#14737,#14738));
#14740=FACE_OUTER_BOUND('',#14739,.F.);
#14742=CARTESIAN_POINT('',(1.145638870311E-1,2.519685039370E-1,
1.218055071732E0));
#14743=DIRECTION('',(0.E0,1.E0,0.E0));
#14744=DIRECTION('',(-9.901225145347E-1,0.E0,1.402048722819E-1));
#14745=AXIS2_PLACEMENT_3D('',#14742,#14743,#14744);
#14746=CYLINDRICAL_SURFACE('',#14745,3.425196850394E-2);
#14747=ORIENTED_EDGE('',*,*,#11100,.T.);
#14748=ORIENTED_EDGE('',*,*,#14735,.F.);
#14749=ORIENTED_EDGE('',*,*,#9787,.F.);
#14751=ORIENTED_EDGE('',*,*,#14750,.T.);
#14752=EDGE_LOOP('',(#14747,#14748,#14749,#14751));
#14753=FACE_OUTER_BOUND('',#14752,.F.);
#14755=CARTESIAN_POINT('',(1.589218296850E-1,2.519685039370E-1,
1.214653324841E0));
#14756=DIRECTION('',(0.E0,1.E0,0.E0));
#14757=DIRECTION('',(-9.901225145347E-1,0.E0,1.402048722819E-1));
#14758=AXIS2_PLACEMENT_3D('',#14755,#14756,#14757);
#14759=CYLINDRICAL_SURFACE('',#14758,1.023622047244E-2);
#14760=ORIENTED_EDGE('',*,*,#9785,.T.);
#14762=ORIENTED_EDGE('',*,*,#14761,.T.);
#14763=ORIENTED_EDGE('',*,*,#11102,.F.);
#14764=ORIENTED_EDGE('',*,*,#14750,.F.);
#14765=EDGE_LOOP('',(#14760,#14762,#14763,#14764));
#14766=FACE_OUTER_BOUND('',#14765,.F.);
#14768=CARTESIAN_POINT('',(0.E0,2.519685039370E-1,0.E0));
#14769=DIRECTION('',(0.E0,1.E0,0.E0));
#14770=DIRECTION('',(-9.901225145347E-1,0.E0,1.402048722819E-1));
#14771=AXIS2_PLACEMENT_3D('',#14768,#14769,#14770);
#14772=CYLINDRICAL_SURFACE('',#14771,1.235241872499E0);
#14773=ORIENTED_EDGE('',*,*,#10165,.F.);
#14775=ORIENTED_EDGE('',*,*,#14774,.T.);
#14776=ORIENTED_EDGE('',*,*,#11407,.F.);
#14777=ORIENTED_EDGE('',*,*,#14761,.F.);
#14778=EDGE_LOOP('',(#14773,#14775,#14776,#14777));
#14779=FACE_OUTER_BOUND('',#14778,.F.);
#14781=CARTESIAN_POINT('',(1.845625030331E-1,2.519685039370E-1,
1.211022514230E0));
#14782=DIRECTION('',(0.E0,1.E0,0.E0));
#14783=DIRECTION('',(-9.726429053248E-1,0.E0,2.323053566350E-1));
#14784=AXIS2_PLACEMENT_3D('',#14781,#14782,#14783);
#14785=CYLINDRICAL_SURFACE('',#14784,1.023622047244E-2);
#14786=ORIENTED_EDGE('',*,*,#9773,.T.);
#14788=ORIENTED_EDGE('',*,*,#14787,.T.);
#14789=ORIENTED_EDGE('',*,*,#11114,.F.);
#14790=ORIENTED_EDGE('',*,*,#14774,.F.);
#14791=EDGE_LOOP('',(#14786,#14788,#14789,#14790));
#14792=FACE_OUTER_BOUND('',#14791,.F.);
#14794=CARTESIAN_POINT('',(2.281209825037E-1,2.519685039370E-1,
1.201974982820E0));
#14795=DIRECTION('',(0.E0,1.E0,0.E0));
#14796=DIRECTION('',(-9.726429053248E-1,0.E0,2.323053566350E-1));
#14797=AXIS2_PLACEMENT_3D('',#14794,#14795,#14796);
#14798=CYLINDRICAL_SURFACE('',#14797,3.425196850394E-2);
#14799=ORIENTED_EDGE('',*,*,#11116,.T.);
#14800=ORIENTED_EDGE('',*,*,#14787,.F.);
#14801=ORIENTED_EDGE('',*,*,#9771,.F.);
#14803=ORIENTED_EDGE('',*,*,#14802,.T.);
#14804=EDGE_LOOP('',(#14799,#14800,#14801,#14803));
#14805=FACE_OUTER_BOUND('',#14804,.F.);
#14807=CARTESIAN_POINT('',(2.719654709142E-1,2.519685039370E-1,
1.194434439443E0));
#14808=DIRECTION('',(0.E0,1.E0,0.E0));
#14809=DIRECTION('',(-9.726429053248E-1,0.E0,2.323053566350E-1));
#14810=AXIS2_PLACEMENT_3D('',#14807,#14808,#14809);
#14811=CYLINDRICAL_SURFACE('',#14810,1.023622047244E-2);
#14812=ORIENTED_EDGE('',*,*,#9769,.T.);
#14814=ORIENTED_EDGE('',*,*,#14813,.T.);
#14815=ORIENTED_EDGE('',*,*,#11118,.F.);
#14816=ORIENTED_EDGE('',*,*,#14802,.F.);
#14817=EDGE_LOOP('',(#14812,#14814,#14815,#14816));
#14818=FACE_OUTER_BOUND('',#14817,.F.);
#14820=CARTESIAN_POINT('',(0.E0,2.519685039370E-1,0.E0));
#14821=DIRECTION('',(0.E0,1.E0,0.E0));
#14822=DIRECTION('',(-9.726429053248E-1,0.E0,2.323053566350E-1));
#14823=AXIS2_PLACEMENT_3D('',#14820,#14821,#14822);
#14824=CYLINDRICAL_SURFACE('',#14823,1.235241872499E0);
#14825=ORIENTED_EDGE('',*,*,#10162,.F.);
#14827=ORIENTED_EDGE('',*,*,#14826,.T.);
#14828=ORIENTED_EDGE('',*,*,#11410,.F.);
#14829=ORIENTED_EDGE('',*,*,#14813,.F.);
#14830=EDGE_LOOP('',(#14825,#14827,#14828,#14829));
#14831=FACE_OUTER_BOUND('',#14830,.F.);
#14833=CARTESIAN_POINT('',(2.971534841688E-1,2.519685039370E-1,
1.188418551834E0));
#14834=DIRECTION('',(0.E0,1.E0,0.E0));
#14835=DIRECTION('',(-9.466156752904E-1,0.E0,3.223643331612E-1));
#14836=AXIS2_PLACEMENT_3D('',#14833,#14834,#14835);
#14837=CYLINDRICAL_SURFACE('',#14836,1.023622047244E-2);
#14838=ORIENTED_EDGE('',*,*,#9757,.T.);
#14840=ORIENTED_EDGE('',*,*,#14839,.T.);
#14841=ORIENTED_EDGE('',*,*,#11130,.F.);
#14842=ORIENTED_EDGE('',*,*,#14826,.F.);
#14843=EDGE_LOOP('',(#14838,#14840,#14841,#14842));
#14844=FACE_OUTER_BOUND('',#14843,.F.);
#14846=CARTESIAN_POINT('',(3.396733425797E-1,2.519685039370E-1,
1.175331894541E0));
#14847=DIRECTION('',(0.E0,1.E0,0.E0));
#14848=DIRECTION('',(-9.466156752904E-1,0.E0,3.223643331612E-1));
#14849=AXIS2_PLACEMENT_3D('',#14846,#14847,#14848);
#14850=CYLINDRICAL_SURFACE('',#14849,3.425196850394E-2);
#14851=ORIENTED_EDGE('',*,*,#11132,.T.);
#14852=ORIENTED_EDGE('',*,*,#14839,.F.);
#14853=ORIENTED_EDGE('',*,*,#9755,.F.);
#14855=ORIENTED_EDGE('',*,*,#14854,.T.);
#14856=EDGE_LOOP('',(#14851,#14852,#14853,#14855));
#14857=FACE_OUTER_BOUND('',#14856,.F.);
#14859=CARTESIAN_POINT('',(3.826190698061E-1,2.519685039370E-1,
1.163718821244E0));
#14860=DIRECTION('',(0.E0,1.E0,0.E0));
#14861=DIRECTION('',(-9.466156752904E-1,0.E0,3.223643331612E-1));
#14862=AXIS2_PLACEMENT_3D('',#14859,#14860,#14861);
#14863=CYLINDRICAL_SURFACE('',#14862,1.023622047244E-2);
#14864=ORIENTED_EDGE('',*,*,#9753,.T.);
#14866=ORIENTED_EDGE('',*,*,#14865,.T.);
#14867=ORIENTED_EDGE('',*,*,#11134,.F.);
#14868=ORIENTED_EDGE('',*,*,#14854,.F.);
#14869=EDGE_LOOP('',(#14864,#14866,#14867,#14868));
#14870=FACE_OUTER_BOUND('',#14869,.F.);
#14872=CARTESIAN_POINT('',(0.E0,2.519685039370E-1,0.E0));
#14873=DIRECTION('',(0.E0,1.E0,0.E0));
#14874=DIRECTION('',(-9.466156752904E-1,0.E0,3.223643331612E-1));
#14875=AXIS2_PLACEMENT_3D('',#14872,#14873,#14874);
#14876=CYLINDRICAL_SURFACE('',#14875,1.235241872499E0);
#14877=ORIENTED_EDGE('',*,*,#10159,.F.);
#14879=ORIENTED_EDGE('',*,*,#14878,.T.);
#14880=ORIENTED_EDGE('',*,*,#11413,.F.);
#14881=ORIENTED_EDGE('',*,*,#14865,.F.);
#14882=EDGE_LOOP('',(#14877,#14879,#14880,#14881));
#14883=FACE_OUTER_BOUND('',#14882,.F.);
#14885=CARTESIAN_POINT('',(4.071330698011E-1,2.519685039370E-1,
1.155370724474E0));
#14886=DIRECTION('',(0.E0,1.E0,0.E0));
#14887=DIRECTION('',(-9.122695526649E-1,0.E0,4.095903603365E-1));
#14888=AXIS2_PLACEMENT_3D('',#14885,#14886,#14887);
#14889=CYLINDRICAL_SURFACE('',#14888,1.023622047244E-2);
#14890=ORIENTED_EDGE('',*,*,#9741,.T.);
#14892=ORIENTED_EDGE('',*,*,#14891,.T.);
#14893=ORIENTED_EDGE('',*,*,#11146,.F.);
#14894=ORIENTED_EDGE('',*,*,#14878,.F.);
#14895=EDGE_LOOP('',(#14890,#14892,#14893,#14894));
#14896=FACE_OUTER_BOUND('',#14895,.F.);
#14898=CARTESIAN_POINT('',(4.482406411077E-1,2.519685039370E-1,
1.138359947311E0));
#14899=DIRECTION('',(0.E0,1.E0,0.E0));
#14900=DIRECTION('',(-9.122695526649E-1,0.E0,4.095903603365E-1));
#14901=AXIS2_PLACEMENT_3D('',#14898,#14899,#14900);
#14902=CYLINDRICAL_SURFACE('',#14901,3.425196850394E-2);
#14903=ORIENTED_EDGE('',*,*,#11148,.T.);
#14904=ORIENTED_EDGE('',*,*,#14891,.F.);
#14905=ORIENTED_EDGE('',*,*,#9739,.F.);
#14907=ORIENTED_EDGE('',*,*,#14906,.T.);
#14908=EDGE_LOOP('',(#14903,#14904,#14905,#14907));
#14909=FACE_OUTER_BOUND('',#14908,.F.);
#14911=CARTESIAN_POINT('',(4.899101985550E-1,2.519685039370E-1,
1.122776400201E0));
#14912=DIRECTION('',(0.E0,1.E0,0.E0));
#14913=DIRECTION('',(-9.122695526649E-1,0.E0,4.095903603365E-1));
#14914=AXIS2_PLACEMENT_3D('',#14911,#14912,#14913);
#14915=CYLINDRICAL_SURFACE('',#14914,1.023622047244E-2);
#14916=ORIENTED_EDGE('',*,*,#9737,.T.);
#14918=ORIENTED_EDGE('',*,*,#14917,.T.);
#14919=ORIENTED_EDGE('',*,*,#11150,.F.);
#14920=ORIENTED_EDGE('',*,*,#14906,.F.);
#14921=EDGE_LOOP('',(#14916,#14918,#14919,#14920));
#14922=FACE_OUTER_BOUND('',#14921,.F.);
#14924=CARTESIAN_POINT('',(0.E0,2.519685039370E-1,0.E0));
#14925=DIRECTION('',(0.E0,1.E0,0.E0));
#14926=DIRECTION('',(-9.122695526649E-1,0.E0,4.095903603365E-1));
#14927=AXIS2_PLACEMENT_3D('',#14924,#14925,#14926);
#14928=CYLINDRICAL_SURFACE('',#14927,1.235241872499E0);
#14929=ORIENTED_EDGE('',*,*,#10156,.F.);
#14931=ORIENTED_EDGE('',*,*,#14930,.T.);
#14932=ORIENTED_EDGE('',*,*,#11416,.F.);
#14933=ORIENTED_EDGE('',*,*,#14917,.F.);
#14934=EDGE_LOOP('',(#14929,#14931,#14932,#14933));
#14935=FACE_OUTER_BOUND('',#14934,.F.);
#14937=CARTESIAN_POINT('',(5.135347553770E-1,2.519685039370E-1,
1.112169457644E0));
#14938=DIRECTION('',(0.E0,1.E0,0.E0));
#14939=DIRECTION('',(-8.699063724088E-1,0.E0,4.932168926979E-1));
#14940=AXIS2_PLACEMENT_3D('',#14937,#14938,#14939);
#14941=CYLINDRICAL_SURFACE('',#14940,1.023622047244E-2);
#14942=ORIENTED_EDGE('',*,*,#9725,.T.);
#14944=ORIENTED_EDGE('',*,*,#14943,.T.);
#14945=ORIENTED_EDGE('',*,*,#11162,.F.);
#14946=ORIENTED_EDGE('',*,*,#14930,.F.);
#14947=EDGE_LOOP('',(#14942,#14944,#14945,#14946));
#14948=FACE_OUTER_BOUND('',#14947,.F.);
#14950=CARTESIAN_POINT('',(5.528687847646E-1,2.519685039370E-1,
1.091384051934E0));
#14951=DIRECTION('',(0.E0,1.E0,0.E0));
#14952=DIRECTION('',(-8.699063724088E-1,0.E0,4.932168926979E-1));
#14953=AXIS2_PLACEMENT_3D('',#14950,#14951,#14952);
#14954=CYLINDRICAL_SURFACE('',#14953,3.425196850394E-2);
#14955=ORIENTED_EDGE('',*,*,#11164,.T.);
#14956=ORIENTED_EDGE('',*,*,#14943,.F.);
#14957=ORIENTED_EDGE('',*,*,#9723,.F.);
#14959=ORIENTED_EDGE('',*,*,#14958,.T.);
#14960=EDGE_LOOP('',(#14955,#14956,#14957,#14959));
#14961=FACE_OUTER_BOUND('',#14960,.F.);
#14963=CARTESIAN_POINT('',(5.928959788638E-1,2.519685039370E-1,
1.071966979782E0));
#14964=DIRECTION('',(0.E0,1.E0,0.E0));
#14965=DIRECTION('',(-8.699063724088E-1,0.E0,4.932168926979E-1));
#14966=AXIS2_PLACEMENT_3D('',#14963,#14964,#14965);
#14967=CYLINDRICAL_SURFACE('',#14966,1.023622047244E-2);
#14968=ORIENTED_EDGE('',*,*,#9721,.T.);
#14970=ORIENTED_EDGE('',*,*,#14969,.T.);
#14971=ORIENTED_EDGE('',*,*,#11166,.F.);
#14972=ORIENTED_EDGE('',*,*,#14958,.F.);
#14973=EDGE_LOOP('',(#14968,#14970,#14971,#14972));
#14974=FACE_OUTER_BOUND('',#14973,.F.);
#14976=CARTESIAN_POINT('',(0.E0,2.519685039370E-1,0.E0));
#14977=DIRECTION('',(0.E0,1.E0,0.E0));
#14978=DIRECTION('',(-8.699063724088E-1,0.E0,4.932168926979E-1));
#14979=AXIS2_PLACEMENT_3D('',#14976,#14977,#14978);
#14980=CYLINDRICAL_SURFACE('',#14979,1.235241872499E0);
#14981=ORIENTED_EDGE('',*,*,#10153,.F.);
#14983=ORIENTED_EDGE('',*,*,#14982,.T.);
#14984=ORIENTED_EDGE('',*,*,#11419,.F.);
#14985=ORIENTED_EDGE('',*,*,#14969,.F.);
#14986=EDGE_LOOP('',(#14981,#14983,#14984,#14985));
#14987=FACE_OUTER_BOUND('',#14986,.F.);
#14989=CARTESIAN_POINT('',(6.154234790579E-1,2.519685039370E-1,
1.059194405631E0));
#14990=DIRECTION('',(0.E0,1.E0,0.E0));
#14991=DIRECTION('',(-8.198984236734E-1,0.E0,5.725090172721E-1));
#14992=AXIS2_PLACEMENT_3D('',#14989,#14990,#14991);
#14993=CYLINDRICAL_SURFACE('',#14992,1.023622047244E-2);
#14994=ORIENTED_EDGE('',*,*,#9709,.T.);
#14996=ORIENTED_EDGE('',*,*,#14995,.T.);
#14997=ORIENTED_EDGE('',*,*,#11178,.F.);
#14998=ORIENTED_EDGE('',*,*,#14982,.F.);
#14999=EDGE_LOOP('',(#14994,#14996,#14997,#14998));
#15000=FACE_OUTER_BOUND('',#14999,.F.);
#15002=CARTESIAN_POINT('',(6.526382976620E-1,2.519685039370E-1,
1.034817034267E0));
#15003=DIRECTION('',(0.E0,1.E0,0.E0));
#15004=DIRECTION('',(-8.198984236734E-1,0.E0,5.725090172721E-1));
#15005=AXIS2_PLACEMENT_3D('',#15002,#15003,#15004);
#15006=CYLINDRICAL_SURFACE('',#15005,3.425196850394E-2);
#15007=ORIENTED_EDGE('',*,*,#11180,.T.);
#15008=ORIENTED_EDGE('',*,*,#14995,.F.);
#15009=ORIENTED_EDGE('',*,*,#9707,.F.);
#15011=ORIENTED_EDGE('',*,*,#15010,.T.);
#15012=EDGE_LOOP('',(#15007,#15008,#15009,#15011));
#15013=FACE_OUTER_BOUND('',#15012,.F.);
#15015=CARTESIAN_POINT('',(6.906713679920E-1,2.519685039370E-1,
1.011737075002E0));
#15016=DIRECTION('',(0.E0,1.E0,0.E0));
#15017=DIRECTION('',(-8.198984236734E-1,0.E0,5.725090172721E-1));
#15018=AXIS2_PLACEMENT_3D('',#15015,#15016,#15017);
#15019=CYLINDRICAL_SURFACE('',#15018,1.023622047244E-2);
#15020=ORIENTED_EDGE('',*,*,#9705,.T.);
#15022=ORIENTED_EDGE('',*,*,#15021,.T.);
#15023=ORIENTED_EDGE('',*,*,#11182,.F.);
#15024=ORIENTED_EDGE('',*,*,#15010,.F.);
#15025=EDGE_LOOP('',(#15020,#15022,#15023,#15024));
#15026=FACE_OUTER_BOUND('',#15025,.F.);
#15028=CARTESIAN_POINT('',(0.E0,2.519685039370E-1,0.E0));
#15029=DIRECTION('',(0.E0,1.E0,0.E0));
#15030=DIRECTION('',(-8.198984236734E-1,0.E0,5.725090172721E-1));
#15031=AXIS2_PLACEMENT_3D('',#15028,#15029,#15030);
#15032=CYLINDRICAL_SURFACE('',#15031,1.235241872499E0);
#15033=ORIENTED_EDGE('',*,*,#10150,.F.);
#15035=ORIENTED_EDGE('',*,*,#15034,.T.);
#15036=ORIENTED_EDGE('',*,*,#11422,.F.);
#15037=ORIENTED_EDGE('',*,*,#15021,.F.);
#15038=EDGE_LOOP('',(#15033,#15035,#15036,#15037));
#15039=FACE_OUTER_BOUND('',#15038,.F.);
#15041=CARTESIAN_POINT('',(7.119038390765E-1,2.519685039370E-1,
9.969111150974E-1));
#15042=DIRECTION('',(0.E0,1.E0,0.E0));
#15043=DIRECTION('',(-7.626851781104E-1,0.E0,6.467699120172E-1));
#15044=AXIS2_PLACEMENT_3D('',#15041,#15042,#15043);
#15045=CYLINDRICAL_SURFACE('',#15044,1.023622047244E-2);
#15046=ORIENTED_EDGE('',*,*,#9693,.T.);
#15048=ORIENTED_EDGE('',*,*,#15047,.T.);
#15049=ORIENTED_EDGE('',*,*,#11194,.F.);
#15050=ORIENTED_EDGE('',*,*,#15034,.F.);
#15051=EDGE_LOOP('',(#15046,#15048,#15049,#15050));
#15052=FACE_OUTER_BOUND('',#15051,.F.);
#15054=CARTESIAN_POINT('',(7.466724017331E-1,2.519685039370E-1,
9.691560072937E-1));
#15055=DIRECTION('',(0.E0,1.E0,0.E0));
#15056=DIRECTION('',(-7.626851781104E-1,0.E0,6.467699120172E-1));
#15057=AXIS2_PLACEMENT_3D('',#15054,#15055,#15056);
#15058=CYLINDRICAL_SURFACE('',#15057,3.425196850394E-2);
#15059=ORIENTED_EDGE('',*,*,#11196,.T.);
#15060=ORIENTED_EDGE('',*,*,#15047,.F.);
#15061=ORIENTED_EDGE('',*,*,#9691,.F.);
#15063=ORIENTED_EDGE('',*,*,#15062,.T.);
#15064=EDGE_LOOP('',(#15059,#15060,#15061,#15063));
#15065=FACE_OUTER_BOUND('',#15064,.F.);
#15067=CARTESIAN_POINT('',(7.823771123043E-1,2.519685039370E-1,
9.426159884274E-1));
#15068=DIRECTION('',(0.E0,1.E0,0.E0));
#15069=DIRECTION('',(-7.626851781104E-1,0.E0,6.467699120172E-1));
#15070=AXIS2_PLACEMENT_3D('',#15067,#15068,#15069);
#15071=CYLINDRICAL_SURFACE('',#15070,1.023622047244E-2);
#15072=ORIENTED_EDGE('',*,*,#9689,.T.);
#15074=ORIENTED_EDGE('',*,*,#15073,.T.);
#15075=ORIENTED_EDGE('',*,*,#11198,.F.);
#15076=ORIENTED_EDGE('',*,*,#15062,.F.);
#15077=EDGE_LOOP('',(#15072,#15074,#15075,#15076));
#15078=FACE_OUTER_BOUND('',#15077,.F.);
#15080=CARTESIAN_POINT('',(0.E0,2.519685039370E-1,0.E0));
#15081=DIRECTION('',(0.E0,1.E0,0.E0));
#15082=DIRECTION('',(-7.626851781104E-1,0.E0,6.467699120172E-1));
#15083=AXIS2_PLACEMENT_3D('',#15080,#15081,#15082);
#15084=CYLINDRICAL_SURFACE('',#15083,1.235241872499E0);
#15085=ORIENTED_EDGE('',*,*,#10147,.F.);
#15087=ORIENTED_EDGE('',*,*,#15086,.T.);
#15088=ORIENTED_EDGE('',*,*,#11425,.F.);
#15089=ORIENTED_EDGE('',*,*,#15073,.F.);
#15090=EDGE_LOOP('',(#15085,#15087,#15088,#15089));
#15091=FACE_OUTER_BOUND('',#15090,.F.);
#15093=CARTESIAN_POINT('',(8.021279625600E-1,2.519685039370E-1,
9.258669338387E-1));
#15094=DIRECTION('',(0.E0,1.E0,0.E0));
#15095=DIRECTION('',(-6.987694277788E-1,0.E0,7.153469695201E-1));
#15096=AXIS2_PLACEMENT_3D('',#15093,#15094,#15095);
#15097=CYLINDRICAL_SURFACE('',#15096,1.023622047244E-2);
#15098=ORIENTED_EDGE('',*,*,#9677,.T.);
#15100=ORIENTED_EDGE('',*,*,#15099,.T.);
#15101=ORIENTED_EDGE('',*,*,#11210,.F.);
#15102=ORIENTED_EDGE('',*,*,#15086,.F.);
#15103=EDGE_LOOP('',(#15098,#15100,#15101,#15102));
#15104=FACE_OUTER_BOUND('',#15103,.F.);
#15106=CARTESIAN_POINT('',(8.341447218903E-1,2.519685039370E-1,
8.949780024816E-1));
#15107=DIRECTION('',(0.E0,1.E0,0.E0));
#15108=DIRECTION('',(-6.987694277788E-1,0.E0,7.153469695201E-1));
#15109=AXIS2_PLACEMENT_3D('',#15106,#15107,#15108);
#15110=CYLINDRICAL_SURFACE('',#15109,3.425196850394E-2);
#15111=ORIENTED_EDGE('',*,*,#11212,.T.);
#15112=ORIENTED_EDGE('',*,*,#15099,.F.);
#15113=ORIENTED_EDGE('',*,*,#9675,.F.);
#15115=ORIENTED_EDGE('',*,*,#15114,.T.);
#15116=EDGE_LOOP('',(#15111,#15112,#15113,#15115));
#15117=FACE_OUTER_BOUND('',#15116,.F.);
#15119=CARTESIAN_POINT('',(8.672072984224E-1,2.519685039370E-1,
8.652111586541E-1));
#15120=DIRECTION('',(0.E0,1.E0,0.E0));
#15121=DIRECTION('',(-6.987694277788E-1,0.E0,7.153469695201E-1));
#15122=AXIS2_PLACEMENT_3D('',#15119,#15120,#15121);
#15123=CYLINDRICAL_SURFACE('',#15122,1.023622047244E-2);
#15124=ORIENTED_EDGE('',*,*,#9673,.T.);
#15126=ORIENTED_EDGE('',*,*,#15125,.T.);
#15127=ORIENTED_EDGE('',*,*,#11214,.F.);
#15128=ORIENTED_EDGE('',*,*,#15114,.F.);
#15129=EDGE_LOOP('',(#15124,#15126,#15127,#15128));
#15130=FACE_OUTER_BOUND('',#15129,.F.);
#15132=CARTESIAN_POINT('',(0.E0,2.519685039370E-1,0.E0));
#15133=DIRECTION('',(0.E0,1.E0,0.E0));
#15134=DIRECTION('',(-6.987694277788E-1,0.E0,7.153469695201E-1));
#15135=AXIS2_PLACEMENT_3D('',#15132,#15133,#15134);
#15136=CYLINDRICAL_SURFACE('',#15135,1.235241872499E0);
#15137=ORIENTED_EDGE('',*,*,#10144,.F.);
#15139=ORIENTED_EDGE('',*,*,#15138,.T.);
#15140=ORIENTED_EDGE('',*,*,#11428,.F.);
#15141=ORIENTED_EDGE('',*,*,#15125,.F.);
#15142=EDGE_LOOP('',(#15137,#15139,#15140,#15141));
#15143=FACE_OUTER_BOUND('',#15142,.F.);
#15145=CARTESIAN_POINT('',(8.853029566671E-1,2.519685039370E-1,
8.466862006749E-1));
#15146=DIRECTION('',(0.E0,1.E0,0.E0));
#15147=DIRECTION('',(-6.287128665909E-1,0.E0,7.776375321338E-1));
#15148=AXIS2_PLACEMENT_3D('',#15145,#15146,#15147);
#15149=CYLINDRICAL_SURFACE('',#15148,1.023622047244E-2);
#15150=ORIENTED_EDGE('',*,*,#9661,.T.);
#15152=ORIENTED_EDGE('',*,*,#15151,.T.);
#15153=ORIENTED_EDGE('',*,*,#11226,.F.);
#15154=ORIENTED_EDGE('',*,*,#15138,.F.);
#15155=EDGE_LOOP('',(#15150,#15152,#15153,#15154));
#15156=FACE_OUTER_BOUND('',#15155,.F.);
#15158=CARTESIAN_POINT('',(9.142865482388E-1,2.519685039370E-1,
8.129348988037E-1));
#15159=DIRECTION('',(0.E0,1.E0,0.E0));
#15160=DIRECTION('',(-6.287128665909E-1,0.E0,7.776375321338E-1));
#15161=AXIS2_PLACEMENT_3D('',#15158,#15159,#15160);
#15162=CYLINDRICAL_SURFACE('',#15161,3.425196850394E-2);
#15163=ORIENTED_EDGE('',*,*,#11228,.T.);
#15164=ORIENTED_EDGE('',*,*,#15151,.F.);
#15165=ORIENTED_EDGE('',*,*,#9659,.F.);
#15167=ORIENTED_EDGE('',*,*,#15166,.T.);
#15168=EDGE_LOOP('',(#15163,#15164,#15165,#15167));
#15169=FACE_OUTER_BOUND('',#15168,.F.);
#15171=CARTESIAN_POINT('',(9.444164356205E-1,2.519685039370E-1,
7.802028221087E-1));
#15172=DIRECTION('',(0.E0,1.E0,0.E0));
#15173=DIRECTION('',(-6.287128665909E-1,0.E0,7.776375321338E-1));
#15174=AXIS2_PLACEMENT_3D('',#15171,#15172,#15173);
#15175=CYLINDRICAL_SURFACE('',#15174,1.023622047244E-2);
#15176=ORIENTED_EDGE('',*,*,#9657,.T.);
#15178=ORIENTED_EDGE('',*,*,#15177,.T.);
#15179=ORIENTED_EDGE('',*,*,#11230,.F.);
#15180=ORIENTED_EDGE('',*,*,#15166,.F.);
#15181=EDGE_LOOP('',(#15176,#15178,#15179,#15180));
#15182=FACE_OUTER_BOUND('',#15181,.F.);
#15184=CARTESIAN_POINT('',(0.E0,2.519685039370E-1,0.E0));
#15185=DIRECTION('',(0.E0,1.E0,0.E0));
#15186=DIRECTION('',(-6.287128665909E-1,0.E0,7.776375321338E-1));
#15187=AXIS2_PLACEMENT_3D('',#15184,#15185,#15186);
#15188=CYLINDRICAL_SURFACE('',#15187,1.235241872499E0);
#15189=ORIENTED_EDGE('',*,*,#10141,.F.);
#15191=ORIENTED_EDGE('',*,*,#15190,.T.);
#15192=ORIENTED_EDGE('',*,*,#11431,.F.);
#15193=ORIENTED_EDGE('',*,*,#15177,.F.);
#15194=EDGE_LOOP('',(#15189,#15191,#15192,#15193));
#15195=FACE_OUTER_BOUND('',#15194,.F.);
#15197=CARTESIAN_POINT('',(9.606978765588E-1,2.519685039370E-1,
7.600647587358E-1));
#15198=DIRECTION('',(0.E0,1.E0,0.E0));
#15199=DIRECTION('',(-5.531311541252E-1,0.E0,8.330941881541E-1));
#15200=AXIS2_PLACEMENT_3D('',#15197,#15198,#15199);
#15201=CYLINDRICAL_SURFACE('',#15200,1.023622047244E-2);
#15202=ORIENTED_EDGE('',*,*,#9645,.T.);
#15204=ORIENTED_EDGE('',*,*,#15203,.T.);
#15205=ORIENTED_EDGE('',*,*,#11242,.F.);
#15206=ORIENTED_EDGE('',*,*,#15190,.F.);
#15207=EDGE_LOOP('',(#15202,#15204,#15205,#15206));
#15208=FACE_OUTER_BOUND('',#15207,.F.);
#15210=CARTESIAN_POINT('',(9.863935915272E-1,2.519685039370E-1,
7.237476940050E-1));
#15211=DIRECTION('',(0.E0,1.E0,0.E0));
#15212=DIRECTION('',(-5.531311541252E-1,0.E0,8.330941881541E-1));
#15213=AXIS2_PLACEMENT_3D('',#15210,#15211,#15212);
#15214=CYLINDRICAL_SURFACE('',#15213,3.425196850394E-2);
#15215=ORIENTED_EDGE('',*,*,#11244,.T.);
#15216=ORIENTED_EDGE('',*,*,#15203,.F.);
#15217=ORIENTED_EDGE('',*,*,#9643,.F.);
#15219=ORIENTED_EDGE('',*,*,#15218,.T.);
#15220=EDGE_LOOP('',(#15215,#15216,#15217,#15219));
#15221=FACE_OUTER_BOUND('',#15220,.F.);
#15223=CARTESIAN_POINT('',(1.013326007225E0,2.519685039370E-1,
6.883380351096E-1));
#15224=DIRECTION('',(0.E0,1.E0,0.E0));
#15225=DIRECTION('',(-5.531311541252E-1,0.E0,8.330941881541E-1));
#15226=AXIS2_PLACEMENT_3D('',#15223,#15224,#15225);
#15227=CYLINDRICAL_SURFACE('',#15226,1.023622047244E-2);
#15228=ORIENTED_EDGE('',*,*,#9641,.T.);
#15230=ORIENTED_EDGE('',*,*,#15229,.T.);
#15231=ORIENTED_EDGE('',*,*,#11246,.F.);
#15232=ORIENTED_EDGE('',*,*,#15218,.F.);
#15233=EDGE_LOOP('',(#15228,#15230,#15231,#15232));
#15234=FACE_OUTER_BOUND('',#15233,.F.);
#15236=CARTESIAN_POINT('',(0.E0,2.519685039370E-1,0.E0));
#15237=DIRECTION('',(0.E0,1.E0,0.E0));
#15238=DIRECTION('',(-5.531311541252E-1,0.E0,8.330941881541E-1));
#15239=AXIS2_PLACEMENT_3D('',#15236,#15237,#15238);
#15240=CYLINDRICAL_SURFACE('',#15239,1.235241872499E0);
#15241=ORIENTED_EDGE('',*,*,#10138,.F.);
#15243=ORIENTED_EDGE('',*,*,#15242,.T.);
#15244=ORIENTED_EDGE('',*,*,#11434,.F.);
#15245=ORIENTED_EDGE('',*,*,#15229,.F.);
#15246=EDGE_LOOP('',(#15241,#15243,#15244,#15245));
#15247=FACE_OUTER_BOUND('',#15246,.F.);
#15249=CARTESIAN_POINT('',(1.027650148968E0,2.519685039370E-1,
6.667638403679E-1));
#15250=DIRECTION('',(0.E0,1.E0,0.E0));
#15251=DIRECTION('',(-4.726885051886E-1,0.E0,8.812295824940E-1));
#15252=AXIS2_PLACEMENT_3D('',#15249,#15250,#15251);
#15253=CYLINDRICAL_SURFACE('',#15252,1.023622047244E-2);
#15254=ORIENTED_EDGE('',*,*,#9629,.T.);
#15256=ORIENTED_EDGE('',*,*,#15255,.T.);
#15257=ORIENTED_EDGE('',*,*,#11258,.F.);
#15258=ORIENTED_EDGE('',*,*,#15242,.F.);
#15259=EDGE_LOOP('',(#15254,#15256,#15257,#15258));
#15260=FACE_OUTER_BOUND('',#15259,.F.);
#15262=CARTESIAN_POINT('',(1.049832172466E0,2.519685039370E-1,
6.282001684482E-1));
#15263=DIRECTION('',(0.E0,1.E0,0.E0));
#15264=DIRECTION('',(-4.726885051886E-1,0.E0,8.812295824940E-1));
#15265=AXIS2_PLACEMENT_3D('',#15262,#15263,#15264);
#15266=CYLINDRICAL_SURFACE('',#15265,3.425196850394E-2);
#15267=ORIENTED_EDGE('',*,*,#11260,.T.);
#15268=ORIENTED_EDGE('',*,*,#15255,.F.);
#15269=ORIENTED_EDGE('',*,*,#9627,.F.);
#15271=ORIENTED_EDGE('',*,*,#15270,.T.);
#15272=EDGE_LOOP('',(#15267,#15268,#15269,#15271));
#15273=FACE_OUTER_BOUND('',#15272,.F.);
#15275=CARTESIAN_POINT('',(1.073330433442E0,2.519685039370E-1,
5.904241087079E-1));
#15276=DIRECTION('',(0.E0,1.E0,0.E0));
#15277=DIRECTION('',(-4.726885051886E-1,0.E0,8.812295824940E-1));
#15278=AXIS2_PLACEMENT_3D('',#15275,#15276,#15277);
#15279=CYLINDRICAL_SURFACE('',#15278,1.023622047244E-2);
#15280=ORIENTED_EDGE('',*,*,#9625,.T.);
#15282=ORIENTED_EDGE('',*,*,#15281,.T.);
#15283=ORIENTED_EDGE('',*,*,#11262,.F.);
#15284=ORIENTED_EDGE('',*,*,#15270,.F.);
#15285=EDGE_LOOP('',(#15280,#15282,#15283,#15284));
#15286=FACE_OUTER_BOUND('',#15285,.F.);
#15288=CARTESIAN_POINT('',(0.E0,2.519685039370E-1,0.E0));
#15289=DIRECTION('',(0.E0,1.E0,0.E0));
#15290=DIRECTION('',(-4.726885051886E-1,0.E0,8.812295824940E-1));
#15291=AXIS2_PLACEMENT_3D('',#15288,#15289,#15290);
#15292=CYLINDRICAL_SURFACE('',#15291,1.235241872499E0);
#15293=ORIENTED_EDGE('',*,*,#10135,.F.);
#15295=ORIENTED_EDGE('',*,*,#15294,.T.);
#15296=ORIENTED_EDGE('',*,*,#11437,.F.);
#15297=ORIENTED_EDGE('',*,*,#15281,.F.);
#15298=EDGE_LOOP('',(#15293,#15295,#15296,#15297));
#15299=FACE_OUTER_BOUND('',#15298,.F.);
#15301=CARTESIAN_POINT('',(1.085571394918E0,2.519685039370E-1,
5.676033773966E-1));
#15302=DIRECTION('',(0.E0,1.E0,0.E0));
#15303=DIRECTION('',(-3.880918526722E-1,0.E0,9.216206995773E-1));
#15304=AXIS2_PLACEMENT_3D('',#15301,#15302,#15303);
#15305=CYLINDRICAL_SURFACE('',#15304,1.023622047244E-2);
#15306=ORIENTED_EDGE('',*,*,#9613,.T.);
#15308=ORIENTED_EDGE('',*,*,#15307,.T.);
#15309=ORIENTED_EDGE('',*,*,#11274,.F.);
#15310=ORIENTED_EDGE('',*,*,#15294,.F.);
#15311=EDGE_LOOP('',(#15306,#15308,#15309,#15310));
#15312=FACE_OUTER_BOUND('',#15311,.F.);
#15314=CARTESIAN_POINT('',(1.104044790526E0,2.519685039370E-1,
5.271319972234E-1));
#15315=DIRECTION('',(0.E0,1.E0,0.E0));
#15316=DIRECTION('',(-3.880918526722E-1,0.E0,9.216206995773E-1));
#15317=AXIS2_PLACEMENT_3D('',#15314,#15315,#15316);
#15318=CYLINDRICAL_SURFACE('',#15317,3.425196850394E-2);
#15319=ORIENTED_EDGE('',*,*,#11276,.T.);
#15320=ORIENTED_EDGE('',*,*,#15307,.F.);
#15321=ORIENTED_EDGE('',*,*,#9611,.F.);
#15323=ORIENTED_EDGE('',*,*,#15322,.T.);
#15324=EDGE_LOOP('',(#15319,#15320,#15321,#15323));
#15325=FACE_OUTER_BOUND('',#15324,.F.);
#15327=CARTESIAN_POINT('',(1.123902393218E0,2.519685039370E-1,
4.873215140095E-1));
#15328=DIRECTION('',(0.E0,1.E0,0.E0));
#15329=DIRECTION('',(-3.880918526722E-1,0.E0,9.216206995773E-1));
#15330=AXIS2_PLACEMENT_3D('',#15327,#15328,#15329);
#15331=CYLINDRICAL_SURFACE('',#15330,1.023622047244E-2);
#15332=ORIENTED_EDGE('',*,*,#9609,.T.);
#15334=ORIENTED_EDGE('',*,*,#15333,.T.);
#15335=ORIENTED_EDGE('',*,*,#11278,.F.);
#15336=ORIENTED_EDGE('',*,*,#15322,.F.);
#15337=EDGE_LOOP('',(#15332,#15334,#15335,#15336));
#15338=FACE_OUTER_BOUND('',#15337,.F.);
#15340=CARTESIAN_POINT('',(0.E0,2.519685039370E-1,0.E0));
#15341=DIRECTION('',(0.E0,1.E0,0.E0));
#15342=DIRECTION('',(-3.880918526722E-1,0.E0,9.216206995773E-1));
#15343=AXIS2_PLACEMENT_3D('',#15340,#15341,#15342);
#15344=CYLINDRICAL_SURFACE('',#15343,1.235241872499E0);
#15345=ORIENTED_EDGE('',*,*,#10132,.F.);
#15347=ORIENTED_EDGE('',*,*,#15346,.T.);
#15348=ORIENTED_EDGE('',*,*,#11440,.F.);
#15349=ORIENTED_EDGE('',*,*,#15333,.F.);
#15350=EDGE_LOOP('',(#15345,#15347,#15348,#15349));
#15351=FACE_OUTER_BOUND('',#15350,.F.);
#15353=CARTESIAN_POINT('',(1.133952600417E0,2.519685039370E-1,
4.634547955359E-1));
#15354=DIRECTION('',(0.E0,1.E0,0.E0));
#15355=DIRECTION('',(-3.000846350003E-1,0.E0,9.539125808148E-1));
#15356=AXIS2_PLACEMENT_3D('',#15353,#15354,#15355);
#15357=CYLINDRICAL_SURFACE('',#15356,1.023622047244E-2);
#15358=ORIENTED_EDGE('',*,*,#9597,.T.);
#15360=ORIENTED_EDGE('',*,*,#15359,.T.);
#15361=ORIENTED_EDGE('',*,*,#11290,.F.);
#15362=ORIENTED_EDGE('',*,*,#15346,.F.);
#15363=EDGE_LOOP('',(#15358,#15360,#15361,#15362));
#15364=FACE_OUTER_BOUND('',#15363,.F.);
#15366=CARTESIAN_POINT('',(1.148555023269E0,2.519685039370E-1,
4.214313710533E-1));
#15367=DIRECTION('',(0.E0,1.E0,0.E0));
#15368=DIRECTION('',(-3.000846350003E-1,0.E0,9.539125808148E-1));
#15369=AXIS2_PLACEMENT_3D('',#15366,#15367,#15368);
#15370=CYLINDRICAL_SURFACE('',#15369,3.425196850394E-2);
#15371=ORIENTED_EDGE('',*,*,#11292,.T.);
#15372=ORIENTED_EDGE('',*,*,#15359,.F.);
#15373=ORIENTED_EDGE('',*,*,#9595,.F.);
#15375=ORIENTED_EDGE('',*,*,#15374,.T.);
#15376=EDGE_LOOP('',(#15371,#15372,#15373,#15375));
#15377=FACE_OUTER_BOUND('',#15376,.F.);
#15379=CARTESIAN_POINT('',(1.164597458350E0,2.519685039370E-1,
3.799363203237E-1));
#15380=DIRECTION('',(0.E0,1.E0,0.E0));
#15381=DIRECTION('',(-3.000846350003E-1,0.E0,9.539125808148E-1));
#15382=AXIS2_PLACEMENT_3D('',#15379,#15380,#15381);
#15383=CYLINDRICAL_SURFACE('',#15382,1.023622047244E-2);
#15384=ORIENTED_EDGE('',*,*,#9593,.T.);
#15386=ORIENTED_EDGE('',*,*,#15385,.T.);
#15387=ORIENTED_EDGE('',*,*,#11294,.F.);
#15388=ORIENTED_EDGE('',*,*,#15374,.F.);
#15389=EDGE_LOOP('',(#15384,#15386,#15387,#15388));
#15390=FACE_OUTER_BOUND('',#15389,.F.);
#15392=CARTESIAN_POINT('',(0.E0,2.519685039370E-1,0.E0));
#15393=DIRECTION('',(0.E0,1.E0,0.E0));
#15394=DIRECTION('',(-3.000846350003E-1,0.E0,9.539125808148E-1));
#15395=AXIS2_PLACEMENT_3D('',#15392,#15393,#15394);
#15396=CYLINDRICAL_SURFACE('',#15395,1.235241872499E0);
#15397=ORIENTED_EDGE('',*,*,#10129,.F.);
#15399=ORIENTED_EDGE('',*,*,#15398,.T.);
#15400=ORIENTED_EDGE('',*,*,#11443,.F.);
#15401=ORIENTED_EDGE('',*,*,#15385,.F.);
#15402=EDGE_LOOP('',(#15397,#15399,#15400,#15401));
#15403=FACE_OUTER_BOUND('',#15402,.F.);
#15405=CARTESIAN_POINT('',(1.172368589690E0,2.519685039370E-1,
3.552333562679E-1));
#15406=DIRECTION('',(0.E0,1.E0,0.E0));
#15407=DIRECTION('',(-2.094402627661E-1,0.E0,9.778214439929E-1));
#15408=AXIS2_PLACEMENT_3D('',#15405,#15406,#15407);
#15409=CYLINDRICAL_SURFACE('',#15408,1.023622047244E-2);
#15410=ORIENTED_EDGE('',*,*,#9581,.T.);
#15412=ORIENTED_EDGE('',*,*,#15411,.T.);
#15413=ORIENTED_EDGE('',*,*,#11306,.F.);
#15414=ORIENTED_EDGE('',*,*,#15398,.F.);
#15415=EDGE_LOOP('',(#15410,#15412,#15413,#15414));
#15416=FACE_OUTER_BOUND('',#15415,.F.);
#15418=CARTESIAN_POINT('',(1.182971713169E0,2.519685039370E-1,
3.120271908413E-1));
#15419=DIRECTION('',(0.E0,1.E0,0.E0));
#15420=DIRECTION('',(-2.094402627661E-1,0.E0,9.778214439929E-1));
#15421=AXIS2_PLACEMENT_3D('',#15418,#15419,#15420);
#15422=CYLINDRICAL_SURFACE('',#15421,3.425196850394E-2);
#15423=ORIENTED_EDGE('',*,*,#11308,.T.);
#15424=ORIENTED_EDGE('',*,*,#15411,.F.);
#15425=ORIENTED_EDGE('',*,*,#9579,.F.);
#15427=ORIENTED_EDGE('',*,*,#15426,.T.);
#15428=EDGE_LOOP('',(#15423,#15424,#15425,#15427));
#15429=FACE_OUTER_BOUND('',#15428,.F.);
#15431=CARTESIAN_POINT('',(1.195057999144E0,2.519685039370E-1,
2.692122325938E-1));
#15432=DIRECTION('',(0.E0,1.E0,0.E0));
#15433=DIRECTION('',(-2.094402627661E-1,0.E0,9.778214439929E-1));
#15434=AXIS2_PLACEMENT_3D('',#15431,#15432,#15433);
#15435=CYLINDRICAL_SURFACE('',#15434,1.023622047244E-2);
#15436=ORIENTED_EDGE('',*,*,#9577,.T.);
#15438=ORIENTED_EDGE('',*,*,#15437,.T.);
#15439=ORIENTED_EDGE('',*,*,#11310,.F.);
#15440=ORIENTED_EDGE('',*,*,#15426,.F.);
#15441=EDGE_LOOP('',(#15436,#15438,#15439,#15440));
#15442=FACE_OUTER_BOUND('',#15441,.F.);
#15444=CARTESIAN_POINT('',(0.E0,2.519685039370E-1,0.E0));
#15445=DIRECTION('',(0.E0,1.E0,0.E0));
#15446=DIRECTION('',(-2.094402627661E-1,0.E0,9.778214439929E-1));
#15447=AXIS2_PLACEMENT_3D('',#15444,#15445,#15446);
#15448=CYLINDRICAL_SURFACE('',#15447,1.235241872499E0);
#15449=ORIENTED_EDGE('',*,*,#10126,.F.);
#15451=ORIENTED_EDGE('',*,*,#15450,.T.);
#15452=ORIENTED_EDGE('',*,*,#11446,.F.);
#15453=ORIENTED_EDGE('',*,*,#15437,.F.);
#15454=EDGE_LOOP('',(#15449,#15451,#15452,#15453));
#15455=FACE_OUTER_BOUND('',#15454,.F.);
#15457=CARTESIAN_POINT('',(1.200481761643E0,2.519685039370E-1,
2.438901134922E-1));
#15458=DIRECTION('',(0.E0,1.E0,0.E0));
#15459=DIRECTION('',(-1.169553219721E-1,0.E0,9.931371771626E-1));
#15460=AXIS2_PLACEMENT_3D('',#15457,#15458,#15459);
#15461=CYLINDRICAL_SURFACE('',#15460,1.023622047244E-2);
#15462=ORIENTED_EDGE('',*,*,#9565,.T.);
#15464=ORIENTED_EDGE('',*,*,#15463,.T.);
#15465=ORIENTED_EDGE('',*,*,#11322,.F.);
#15466=ORIENTED_EDGE('',*,*,#15450,.F.);
#15467=EDGE_LOOP('',(#15462,#15464,#15465,#15466));
#15468=FACE_OUTER_BOUND('',#15467,.F.);
#15470=CARTESIAN_POINT('',(1.206992405120E0,2.519685039370E-1,
1.998809044569E-1));
#15471=DIRECTION('',(0.E0,1.E0,0.E0));
#15472=DIRECTION('',(-1.169553219721E-1,0.E0,9.931371771626E-1));
#15473=AXIS2_PLACEMENT_3D('',#15470,#15471,#15472);
#15474=CYLINDRICAL_SURFACE('',#15473,3.425196850394E-2);
#15475=ORIENTED_EDGE('',*,*,#11324,.T.);
#15476=ORIENTED_EDGE('',*,*,#15463,.F.);
#15477=ORIENTED_EDGE('',*,*,#9563,.F.);
#15479=ORIENTED_EDGE('',*,*,#15478,.T.);
#15480=EDGE_LOOP('',(#15475,#15476,#15477,#15479));
#15481=FACE_OUTER_BOUND('',#15480,.F.);
#15483=CARTESIAN_POINT('',(1.215016327272E0,2.519685039370E-1,
1.561222980841E-1));
#15484=DIRECTION('',(0.E0,1.E0,0.E0));
#15485=DIRECTION('',(-1.169553219721E-1,0.E0,9.931371771626E-1));
#15486=AXIS2_PLACEMENT_3D('',#15483,#15484,#15485);
#15487=CYLINDRICAL_SURFACE('',#15486,1.023622047244E-2);
#15488=ORIENTED_EDGE('',*,*,#9561,.T.);
#15490=ORIENTED_EDGE('',*,*,#15489,.T.);
#15491=ORIENTED_EDGE('',*,*,#11326,.F.);
#15492=ORIENTED_EDGE('',*,*,#15478,.F.);
#15493=EDGE_LOOP('',(#15488,#15490,#15491,#15492));
#15494=FACE_OUTER_BOUND('',#15493,.F.);
#15496=CARTESIAN_POINT('',(0.E0,2.519685039370E-1,0.E0));
#15497=DIRECTION('',(0.E0,1.E0,0.E0));
#15498=DIRECTION('',(-1.169553219721E-1,0.E0,9.931371771626E-1));
#15499=AXIS2_PLACEMENT_3D('',#15496,#15497,#15498);
#15500=CYLINDRICAL_SURFACE('',#15499,1.235241872499E0);
#15501=ORIENTED_EDGE('',*,*,#10123,.F.);
#15503=ORIENTED_EDGE('',*,*,#15502,.T.);
#15504=ORIENTED_EDGE('',*,*,#11449,.F.);
#15505=ORIENTED_EDGE('',*,*,#15489,.F.);
#15506=EDGE_LOOP('',(#15501,#15503,#15504,#15505));
#15507=FACE_OUTER_BOUND('',#15506,.F.);
#15509=CARTESIAN_POINT('',(1.218045056710E0,2.519685039370E-1,
1.304035556298E-1));
#15510=DIRECTION('',(0.E0,1.E0,0.E0));
#15511=DIRECTION('',(-2.344257360326E-2,0.E0,9.997251851098E-1));
#15512=AXIS2_PLACEMENT_3D('',#15509,#15510,#15511);
#15513=CYLINDRICAL_SURFACE('',#15512,1.023622047244E-2);
#15514=ORIENTED_EDGE('',*,*,#9549,.T.);
#15516=ORIENTED_EDGE('',*,*,#15515,.T.);
#15517=ORIENTED_EDGE('',*,*,#11338,.F.);
#15518=ORIENTED_EDGE('',*,*,#15502,.F.);
#15519=EDGE_LOOP('',(#15514,#15516,#15517,#15518));
#15520=FACE_OUTER_BOUND('',#15519,.F.);
#15522=CARTESIAN_POINT('',(1.220406004415E0,2.519685039370E-1,
8.597805749717E-2));
#15523=DIRECTION('',(0.E0,1.E0,0.E0));
#15524=DIRECTION('',(-2.344257360326E-2,0.E0,9.997251851098E-1));
#15525=AXIS2_PLACEMENT_3D('',#15522,#15523,#15524);
#15526=CYLINDRICAL_SURFACE('',#15525,3.425196850394E-2);
#15527=ORIENTED_EDGE('',*,*,#11340,.T.);
#15528=ORIENTED_EDGE('',*,*,#15515,.F.);
#15529=ORIENTED_EDGE('',*,*,#9547,.F.);
#15531=ORIENTED_EDGE('',*,*,#15530,.T.);
#15532=EDGE_LOOP('',(#15527,#15528,#15529,#15531));
#15533=FACE_OUTER_BOUND('',#15532,.F.);
#15535=CARTESIAN_POINT('',(1.224297048228E0,2.519685039370E-1,
4.166035520518E-2));
#15536=DIRECTION('',(0.E0,1.E0,0.E0));
#15537=DIRECTION('',(-2.344257360326E-2,0.E0,9.997251851098E-1));
#15538=AXIS2_PLACEMENT_3D('',#15535,#15536,#15537);
#15539=CYLINDRICAL_SURFACE('',#15538,1.023622047244E-2);
#15540=ORIENTED_EDGE('',*,*,#9545,.T.);
#15541=ORIENTED_EDGE('',*,*,#10241,.T.);
#15542=ORIENTED_EDGE('',*,*,#11342,.F.);
#15543=ORIENTED_EDGE('',*,*,#15530,.F.);
#15544=EDGE_LOOP('',(#15540,#15541,#15542,#15543));
#15545=FACE_OUTER_BOUND('',#15544,.F.);
#15549=FILL_AREA_STYLE_COLOUR('',#3);
#15550=FILL_AREA_STYLE('',(#15549));
#15551=SURFACE_STYLE_FILL_AREA(#15550);
#15552=SURFACE_SIDE_STYLE('',(#15551));
#15553=SURFACE_STYLE_USAGE(.BOTH.,#15552);
#15554=PRESENTATION_STYLE_ASSIGNMENT((#15553));
#15=STYLED_ITEM('',(#15554),#15548);
#15556=LENGTH_MEASURE_WITH_UNIT(LENGTH_MEASURE(2.54E1),#15555);
#15557=(CONVERSION_BASED_UNIT('INCH',#15556)LENGTH_UNIT()NAMED_UNIT(*));
#15559=PLANE_ANGLE_MEASURE_WITH_UNIT(PLANE_ANGLE_MEASURE(1.745329251994E-2),
#15558);
#15560=(CONVERSION_BASED_UNIT('DEGREE',#15559)NAMED_UNIT(*)PLANE_ANGLE_UNIT());
#15562=UNCERTAINTY_MEASURE_WITH_UNIT(LENGTH_MEASURE(3.913194307125E-4),#15557,
'closure',
'Maximum model space distance between geometric entities at asserted connectivities');
#15564=CARTESIAN_POINT('',(0.E0,0.E0,0.E0));
#15565=DIRECTION('',(0.E0,0.E0,1.E0));
#15566=DIRECTION('',(1.E0,0.E0,0.E0));
#15569=MECHANICAL_DESIGN_GEOMETRIC_PRESENTATION_REPRESENTATION('',(#24,#31,#39,
#47,#54,#62,#70,#78,#86,#94,#102,#110,#118,#126,#134,#142,#150,#158,#166,#174,
#182,#190,#198,#206,#214,#222,#230,#238,#246,#254,#262,#270,#278,#286,#294,#302,
#310,#318,#326,#334,#342,#350,#358,#366,#374,#382,#390,#398,#406,#414,#422,#430,
#438,#446,#454,#462,#470,#478,#486,#494,#502,#510,#518,#526,#534,#542,#550,#558,
#566,#574,#582,#590,#598,#606,#614,#621,#629,#636,#644,#652,#659,#667,#675,#683,
#690,#698,#706,#714,#722,#730,#738,#746,#754,#762,#770,#778,#786,#794,#802,#810,
#818,#826,#834,#842,#850,#858,#866,#874,#882,#890,#898,#906,#914,#922,#930,#938,
#946,#954,#962,#970,#978,#986,#994,#1002,#1010,#1018,#1026,#1034,#1042,#1050,
#1058,#1066,#1074,#1082,#1090,#1098,#1106,#1114,#1122,#1130,#1138,#1146,#1154,
#1162,#1170,#1178,#1186,#1194,#1202,#1210,#1218,#1226,#1234,#1242,#1249,#1257,
#1264,#1272,#1280,#1287,#1295,#1303,#1311,#1318,#1326,#1333,#1341,#1349,#1356,
#1364,#1372,#1379,#1387,#1395,#1403,#1410,#1418,#1425,#1433,#1441,#1448,#1456,
#1464,#1471,#1479,#1487,#1495,#1502,#1510,#1517,#1525,#1533,#1540,#1548,#1556,
#1563,#1571,#1579,#1587,#1594,#1602,#1609,#1617,#1625,#1632,#1640,#1648,#1655,
#1663,#1671,#1679,#1686,#1694,#1701,#1709,#1717,#1724,#1732,#1740,#1747,#1755,
#1763,#1771,#1778,#1786,#1793,#1801,#1809,#1816,#1824,#1832,#1839,#1847,#1855,
#1863,#1870,#1878,#1885,#1893,#1901,#1908,#1916,#1924,#1931,#1939,#1947,#1955,
#1962,#1970,#1977,#1985,#1993,#2000,#2008,#2016,#2023,#2031,#2039,#2047,#2054,
#2062,#2069,#2077,#2085,#2092,#2100,#2108,#2115,#2123,#2131,#2139,#2146,#2154,
#2161,#2169,#2177,#2184,#2192,#2200,#2207,#2215,#2223,#2231,#2238,#2246,#2253,
#2261,#2269,#2276,#2284,#2292,#2299,#2307,#2315,#2323,#2330,#2338,#2345,#2353,
#2361,#2368,#2376,#2384,#2391,#2399,#2407,#2415,#2422,#2430,#2437,#2445,#2453,
#2460,#2468,#2476,#2483,#2491,#2499,#2507,#2514,#2522,#2529,#2537,#2545,#2552,
#2560,#2568,#2575,#2583,#2591,#2599,#2606,#2614,#2621,#2629,#2637,#2644,#2652,
#2660,#2667,#2675,#2683,#2691,#2698,#2706,#2713,#2721,#2729,#2736,#2744,#2752,
#2759,#2767,#2775,#2783,#2790,#2798,#2805,#2813,#2820,#2828,#2835,#2843,#2850,
#2858,#2866,#2874,#2882,#2889,#2896,#2904,#2912,#2920,#2928,#2935,#2942,#2950,
#2958,#2966,#2974,#2981,#2989,#2997,#3005,#3013,#3021,#3028,#3035,#3043,#3050,
#3057,#3064,#3071,#3079,#3087,#3095,#3103,#3111,#3119,#3126,#3133,#3140,#3147,
#3155,#3163,#3171,#3179,#3187,#3195,#3203,#3210,#3218,#3225,#3232,#3240,#3248,
#3256,#3264,#3272,#3279,#3286,#3294,#3301,#3309,#3317,#3324,#3332,#3340,#3348,
#3355,#3363,#3370,#3378,#3386,#3393,#3401,#3409,#3416,#3424,#3432,#3440,#3447,
#3455,#3462,#3470,#3478,#3485,#3493,#3501,#3508,#3516,#3524,#3532,#3539,#3547,
#3554,#3562,#3570,#3577,#3585,#3593,#3600,#3608,#3616,#3624,#3631,#3639,#3646,
#3654,#3662,#3669,#3677,#3685,#3692,#3700,#3708,#3716,#3723,#3731,#3738,#3746,
#3754,#3761,#3769,#3777,#3784,#3792,#3800,#3808,#3815,#3823,#3830,#3838,#3846,
#3853,#3861,#3869,#3876,#3884,#3892,#3900,#3907,#3915,#3922,#3930,#3938,#3945,
#3953,#3961,#3968,#3976,#3984,#3992,#3999,#4007,#4014,#4022,#4030,#4037,#4045,
#4053,#4060,#4068,#4076,#4084,#4091,#4099,#4106,#4114,#4122,#4129,#4137,#4145,
#4152,#4160,#4168,#4176,#4183,#4191,#4198,#4206,#4214,#4221,#4229,#4237,#4244,
#4252,#4260,#4268,#4275,#4283,#4290,#4298,#4306,#4313,#4321,#4329,#4336,#4344,
#4352,#4360,#4367,#4375,#4382,#4390,#4398,#4405,#4413,#4421,#4428,#4436,#4444,
#4452,#4459,#4467,#4474,#4482,#4490,#4497,#4505,#4513,#4520,#4528,#4536,#4544,
#4551,#4559,#4566,#4574,#4582,#4589,#4597,#4605,#4612,#4620,#4628,#4636,#4643,
#4651,#4658,#4666,#4673,#4681,#4689,#4697,#4704,#4712,#4720,#4728,#4735,#4743,
#4750,#4758,#4766,#4773,#4780,#4787,#4794,#4801,#4808,#4815,#4822,#4830,#4837,
#4845,#4853,#4861,#4868,#4876,#4883,#4891,#4899,#4906,#4914,#4922,#4929,#4937,
#4945,#4953,#4960,#4968,#4975,#4983,#4991,#4998,#5006,#5014,#5021,#5029,#5037,
#5045,#5052,#5060,#5067,#5075,#5083,#5090,#5098,#5106,#5113,#5121,#5129,#5137,
#5144,#5152,#5159,#5167,#5175,#5182,#5190,#5198,#5205,#5213,#5221,#5229,#5236,
#5244,#5251,#5259,#5267,#5274,#5282,#5290,#5297,#5305,#5313,#5321,#5328,#5336,
#5343,#5351,#5359,#5366,#5374,#5382,#5389,#5397,#5405,#5413,#5420,#5428,#5435,
#5443,#5451,#5458,#5466,#5474,#5481,#5489,#5497,#5505,#5512,#5520,#5527,#5535,
#5543,#5550,#5558,#5566,#5573,#5581,#5589,#5597,#5604,#5612,#5619,#5627,#5635,
#5642,#5650,#5658,#5665,#5673,#5681,#5689,#5696,#5704,#5711,#5719,#5727,#5734,
#5742,#5750,#5757,#5765,#5773,#5781,#5788,#5796,#5803,#5811,#5819,#5826,#5834,
#5842,#5849,#5857,#5865,#5873,#5880,#5888,#5895,#5903,#5911,#5918,#5926,#5934,
#5941,#5949,#5957,#5965,#5972,#5980,#5987,#5995,#6003,#6010,#6018,#6026,#6033,
#6041,#6049,#6057,#6064,#6072,#6079,#6087,#6095,#6102,#6110,#6118,#6125,#6133,
#6141,#6149,#6156,#6164,#6171,#6179,#6187,#6194,#6202,#6210,#6217,#6225,#6233,
#6241,#6248,#6256,#6263,#6271,#6279,#6286,#6294,#6302,#6309,#6317,#6325,#6333,
#6340,#6348,#6355,#6363,#6371,#6378,#6386,#6394,#6401,#6409,#6417,#6425,#6432,
#6440,#6447,#6455,#6463,#6470,#6478,#6486,#6493,#6501,#6509,#6517,#6524,#6532,
#6539,#6547,#6555,#6562,#6570,#6578,#6585,#6593,#6601,#6609,#6616,#6624,#6631,
#6639,#6647,#6654,#6662,#6670,#6677,#6685,#6693,#6701,#6708,#6716,#6723,#6731,
#6739,#6746,#6754,#6762,#6769,#6777,#6785,#6793,#6800,#6808,#6815,#6823,#6831,
#6838,#6846,#6854,#6861,#6869,#6877,#6885,#6892,#6900,#6907,#6915,#6923,#6930,
#6938,#6946,#6953,#6961,#6969,#6977,#6984,#6992,#6999,#7007,#7015,#7022,#7030,
#7038,#7045,#7053,#7061,#7069,#7076,#7084,#7091,#7099,#7107,#7114,#7122,#7130,
#7137,#7145,#7153,#7161,#7168,#7176,#7183,#7191,#7199,#7206,#7214,#7222,#7229,
#7237,#7245,#7253,#7260,#7268,#7275,#7283,#7291,#7298,#7306,#7314,#7321,#7329,
#7337,#7345,#7352,#7360,#7367,#7375,#7383,#7390,#7398,#7406,#7413,#7421,#7429,
#7437,#7444,#7452,#7459,#7467,#7475,#7482,#7490,#7498,#7505,#7513,#7521,#7529,
#7536,#7544,#7551,#7559,#7567,#7574,#7582,#7590,#7597,#7605,#7613,#7621,#7628,
#7636,#7643,#7651,#7659,#7666,#7674,#7682,#7689,#7697,#7705,#7713,#7720,#7728,
#7735,#7743,#7751,#7758,#7766,#7774,#7781,#7789,#7797,#7805,#7812,#7820,#7827,
#7835,#15),#15563);
#15570=APPLICATION_CONTEXT('automotive design');
#15571=APPLICATION_PROTOCOL_DEFINITION('international standard',
'config_control_design',1994,#15570);
#15572=PRODUCT_DEFINITION_CONTEXT('',#15570,'design');
#15573=PRODUCT_CONTEXT('',#15570,'mechanical');
#15574=PRODUCT('HIP_CONNECTOR_PULLEY_ABOVE','HIP_CONNECTOR_PULLEY_ABOVE',
'NOT SPECIFIED',(#15573));
#15575=PRODUCT_DEFINITION_FORMATION_WITH_SPECIFIED_SOURCE('1','LAST_VERSION',
#15574,.MADE.);
#15583=LENGTH_MEASURE_WITH_UNIT(LENGTH_MEASURE(2.54E1),#15582);
#15584=(CONVERSION_BASED_UNIT('INCH',#15583)LENGTH_UNIT()NAMED_UNIT(*));
#15585=DERIVED_UNIT_ELEMENT(#15584,2.E0);
#15586=AREA_UNIT((#15585));
#15587=MEASURE_REPRESENTATION_ITEM('surface area measure',AREA_MEASURE(
1.285608803531E4),#15586);
#15592=LENGTH_MEASURE_WITH_UNIT(LENGTH_MEASURE(2.54E1),#15591);
#15593=(CONVERSION_BASED_UNIT('INCH',#15592)LENGTH_UNIT()NAMED_UNIT(*));
#15594=DERIVED_UNIT_ELEMENT(#15593,3.E0);
#15595=VOLUME_UNIT((#15594));
#15596=MEASURE_REPRESENTATION_ITEM('volume measure',VOLUME_MEASURE(
3.699231740758E4),#15595);
#15600=CARTESIAN_POINT('centre point',(1.620800071592E0,1.122122482938E0,
9.767211160886E-7));
#15605=LENGTH_MEASURE_WITH_UNIT(LENGTH_MEASURE(2.54E1),#15604);
#15606=(CONVERSION_BASED_UNIT('INCH',#15605)LENGTH_UNIT()NAMED_UNIT(*));
#15607=DERIVED_UNIT_ELEMENT(#15606,2.E0);
#15608=AREA_UNIT((#15607));
#15609=MEASURE_REPRESENTATION_ITEM('surface area measure',AREA_MEASURE(
1.285608803531E4),#15608);
#15614=LENGTH_MEASURE_WITH_UNIT(LENGTH_MEASURE(2.54E1),#15613);
#15615=(CONVERSION_BASED_UNIT('INCH',#15614)LENGTH_UNIT()NAMED_UNIT(*));
#15616=DERIVED_UNIT_ELEMENT(#15615,3.E0);
#15617=VOLUME_UNIT((#15616));
#15618=MEASURE_REPRESENTATION_ITEM('volume measure',VOLUME_MEASURE(
3.699231740758E4),#15617);
#15622=CARTESIAN_POINT('centre point',(1.620800071592E0,1.122122482938E0,
9.767211160886E-7));
#1=DRAUGHTING_PRE_DEFINED_COLOUR('green');
#2=COLOUR_RGB('',1.1E-2,1.2E-2,1.E0);
#3=COLOUR_RGB('',2.352941176471E-1,2.352941176471E-1,2.352941176471E-1);
#4=COLOUR_RGB('',4.1E-1,2.61589E-1,1.12848E-1);
#5=COLOUR_RGB('',5.04854E-1,1.5455E-2,1.5455E-2);
#6=COLOUR_RGB('',6.35294E-1,6.86275E-1,7.4902E-1);
#7=COLOUR_RGB('',6.40777E-1,6.40777E-1,6.40777E-1);
#8=COLOUR_RGB('',6.69062E-1,6.69903E-1,6.55217E-1);
#9=COLOUR_RGB('',9.21569E-1,7.05882E-1,4.70588E-1);
#10=DRAUGHTING_PRE_DEFINED_COLOUR('red');
#11=DRAUGHTING_PRE_DEFINED_COLOUR('yellow');
#12=COLOUR_RGB('',1.E0,1.E0,5.3E-1);
#13=COLOUR_RGB('',1.E0,1.E0,9.49E-1);
#14=DRAUGHTING_PRE_DEFINED_COLOUR('white');
#20=CIRCLE('',#19,1.235241872499E0);
#36=CIRCLE('',#35,1.235241872499E0);
#44=CIRCLE('',#43,1.023622047244E-2);
#59=CIRCLE('',#58,1.023622047244E-2);
#67=CIRCLE('',#66,1.235241872499E0);
#75=CIRCLE('',#74,1.235241872499E0);
#83=CIRCLE('',#82,1.235241872499E0);
#91=CIRCLE('',#90,1.235241872499E0);
#99=CIRCLE('',#98,1.235241872499E0);
#107=CIRCLE('',#106,1.235241872499E0);
#115=CIRCLE('',#114,1.235241872499E0);
#123=CIRCLE('',#122,1.235241872499E0);
#131=CIRCLE('',#130,1.235241872499E0);
#139=CIRCLE('',#138,1.235241872499E0);
#147=CIRCLE('',#146,1.235241872499E0);
#155=CIRCLE('',#154,1.235241872499E0);
#163=CIRCLE('',#162,1.235241872499E0);
#171=CIRCLE('',#170,1.235241872499E0);
#179=CIRCLE('',#178,1.235241872499E0);
#187=CIRCLE('',#186,1.235241872499E0);
#195=CIRCLE('',#194,1.235241872499E0);
#203=CIRCLE('',#202,1.235241872499E0);
#211=CIRCLE('',#210,1.235241872499E0);
#219=CIRCLE('',#218,1.235241872499E0);
#227=CIRCLE('',#226,1.235241872499E0);
#235=CIRCLE('',#234,1.235241872499E0);
#243=CIRCLE('',#242,1.235241872499E0);
#251=CIRCLE('',#250,1.235241872499E0);
#259=CIRCLE('',#258,1.235241872499E0);
#267=CIRCLE('',#266,1.235241872499E0);
#275=CIRCLE('',#274,1.235241872499E0);
#283=CIRCLE('',#282,1.235241872499E0);
#291=CIRCLE('',#290,1.235241872499E0);
#299=CIRCLE('',#298,1.235241872499E0);
#307=CIRCLE('',#306,1.235241872499E0);
#315=CIRCLE('',#314,1.235241872499E0);
#323=CIRCLE('',#322,1.235241872499E0);
#331=CIRCLE('',#330,1.235241872499E0);
#339=CIRCLE('',#338,1.235241872499E0);
#347=CIRCLE('',#346,1.235241872499E0);
#355=CIRCLE('',#354,1.235241872499E0);
#363=CIRCLE('',#362,1.235241872499E0);
#371=CIRCLE('',#370,1.235241872499E0);
#379=CIRCLE('',#378,1.235241872499E0);
#387=CIRCLE('',#386,1.235241872499E0);
#395=CIRCLE('',#394,1.235241872499E0);
#403=CIRCLE('',#402,1.235241872499E0);
#411=CIRCLE('',#410,1.235241872499E0);
#419=CIRCLE('',#418,1.235241872499E0);
#427=CIRCLE('',#426,1.235241872499E0);
#435=CIRCLE('',#434,1.235241872499E0);
#443=CIRCLE('',#442,1.235241872499E0);
#451=CIRCLE('',#450,1.235241872499E0);
#459=CIRCLE('',#458,1.235241872499E0);
#467=CIRCLE('',#466,1.235241872499E0);
#475=CIRCLE('',#474,1.235241872499E0);
#483=CIRCLE('',#482,1.235241872499E0);
#491=CIRCLE('',#490,1.235241872499E0);
#499=CIRCLE('',#498,1.235241872499E0);
#507=CIRCLE('',#506,1.235241872499E0);
#515=CIRCLE('',#514,1.235241872499E0);
#523=CIRCLE('',#522,1.235241872499E0);
#531=CIRCLE('',#530,1.235241872499E0);
#539=CIRCLE('',#538,1.235241872499E0);
#547=CIRCLE('',#546,1.235241872499E0);
#555=CIRCLE('',#554,1.235241872499E0);
#563=CIRCLE('',#562,1.235241872499E0);
#571=CIRCLE('',#570,1.235241872499E0);
#579=CIRCLE('',#578,1.235241872499E0);
#587=CIRCLE('',#586,1.235241872499E0);
#595=CIRCLE('',#594,1.235241872499E0);
#603=CIRCLE('',#602,1.235241872499E0);
#611=CIRCLE('',#610,1.235241872499E0);
#626=CIRCLE('',#625,1.235241872499E0);
#641=CIRCLE('',#640,1.235241872499E0);
#649=CIRCLE('',#648,1.023622047244E-2);
#664=CIRCLE('',#663,1.023622047244E-2);
#672=CIRCLE('',#671,3.425196850394E-2);
#680=CIRCLE('',#679,3.425196850394E-2);
#695=CIRCLE('',#694,1.235241872499E0);
#703=CIRCLE('',#702,1.235241872499E0);
#711=CIRCLE('',#710,1.235241872499E0);
#719=CIRCLE('',#718,1.235241872499E0);
#727=CIRCLE('',#726,1.235241872499E0);
#735=CIRCLE('',#734,1.235241872499E0);
#743=CIRCLE('',#742,1.235241872499E0);
#751=CIRCLE('',#750,1.235241872499E0);
#759=CIRCLE('',#758,1.235241872499E0);
#767=CIRCLE('',#766,1.235241872499E0);
#775=CIRCLE('',#774,1.235241872499E0);
#783=CIRCLE('',#782,1.235241872499E0);
#791=CIRCLE('',#790,1.235241872499E0);
#799=CIRCLE('',#798,1.235241872499E0);
#807=CIRCLE('',#806,1.235241872499E0);
#815=CIRCLE('',#814,1.235241872499E0);
#823=CIRCLE('',#822,1.235241872499E0);
#831=CIRCLE('',#830,1.235241872499E0);
#839=CIRCLE('',#838,1.235241872499E0);
#847=CIRCLE('',#846,1.235241872499E0);
#855=CIRCLE('',#854,1.235241872499E0);
#863=CIRCLE('',#862,1.235241872499E0);
#871=CIRCLE('',#870,1.235241872499E0);
#879=CIRCLE('',#878,1.235241872499E0);
#887=CIRCLE('',#886,1.235241872499E0);
#895=CIRCLE('',#894,1.235241872499E0);
#903=CIRCLE('',#902,1.235241872499E0);
#911=CIRCLE('',#910,1.235241872499E0);
#919=CIRCLE('',#918,1.235241872499E0);
#927=CIRCLE('',#926,1.235241872499E0);
#935=CIRCLE('',#934,1.235241872499E0);
#943=CIRCLE('',#942,1.235241872499E0);
#951=CIRCLE('',#950,1.235241872499E0);
#959=CIRCLE('',#958,1.235241872499E0);
#967=CIRCLE('',#966,1.235241872499E0);
#975=CIRCLE('',#974,1.235241872499E0);
#983=CIRCLE('',#982,1.235241872499E0);
#991=CIRCLE('',#990,1.235241872499E0);
#999=CIRCLE('',#998,1.235241872499E0);
#1007=CIRCLE('',#1006,1.235241872499E0);
#1015=CIRCLE('',#1014,1.235241872499E0);
#1023=CIRCLE('',#1022,1.235241872499E0);
#1031=CIRCLE('',#1030,1.235241872499E0);
#1039=CIRCLE('',#1038,1.235241872499E0);
#1047=CIRCLE('',#1046,1.235241872499E0);
#1055=CIRCLE('',#1054,1.235241872499E0);
#1063=CIRCLE('',#1062,1.235241872499E0);
#1071=CIRCLE('',#1070,1.235241872499E0);
#1079=CIRCLE('',#1078,1.235241872499E0);
#1087=CIRCLE('',#1086,1.235241872499E0);
#1095=CIRCLE('',#1094,1.235241872499E0);
#1103=CIRCLE('',#1102,1.235241872499E0);
#1111=CIRCLE('',#1110,1.235241872499E0);
#1119=CIRCLE('',#1118,1.235241872499E0);
#1127=CIRCLE('',#1126,1.235241872499E0);
#1135=CIRCLE('',#1134,1.235241872499E0);
#1143=CIRCLE('',#1142,1.235241872499E0);
#1151=CIRCLE('',#1150,1.235241872499E0);
#1159=CIRCLE('',#1158,1.235241872499E0);
#1167=CIRCLE('',#1166,1.235241872499E0);
#1175=CIRCLE('',#1174,1.235241872499E0);
#1183=CIRCLE('',#1182,1.235241872499E0);
#1191=CIRCLE('',#1190,1.235241872499E0);
#1199=CIRCLE('',#1198,1.235241872499E0);
#1207=CIRCLE('',#1206,1.235241872499E0);
#1215=CIRCLE('',#1214,1.235241872499E0);
#1223=CIRCLE('',#1222,1.235241872499E0);
#1231=CIRCLE('',#1230,1.235241872499E0);
#1239=CIRCLE('',#1238,1.235241872499E0);
#1254=CIRCLE('',#1253,1.235241872499E0);
#1269=CIRCLE('',#1268,1.235241872499E0);
#1277=CIRCLE('',#1276,1.023622047244E-2);
#1292=CIRCLE('',#1291,1.023622047244E-2);
#1300=CIRCLE('',#1299,3.425196850394E-2);
#1308=CIRCLE('',#1307,3.425196850394E-2);
#1323=CIRCLE('',#1322,1.023622047244E-2);
#1338=CIRCLE('',#1337,1.023622047244E-2);
#1346=CIRCLE('',#1345,1.235241872499E0);
#1361=CIRCLE('',#1360,1.235241872499E0);
#1369=CIRCLE('',#1368,1.023622047244E-2);
#1384=CIRCLE('',#1383,1.023622047244E-2);
#1392=CIRCLE('',#1391,3.425196850394E-2);
#1400=CIRCLE('',#1399,3.425196850394E-2);
#1415=CIRCLE('',#1414,1.023622047244E-2);
#1430=CIRCLE('',#1429,1.023622047244E-2);
#1438=CIRCLE('',#1437,1.235241872499E0);
#1453=CIRCLE('',#1452,1.235241872499E0);
#1461=CIRCLE('',#1460,1.023622047244E-2);
#1476=CIRCLE('',#1475,1.023622047244E-2);
#1484=CIRCLE('',#1483,3.425196850394E-2);
#1492=CIRCLE('',#1491,3.425196850394E-2);
#1507=CIRCLE('',#1506,1.023622047244E-2);
#1522=CIRCLE('',#1521,1.023622047244E-2);
#1530=CIRCLE('',#1529,1.235241872499E0);
#1545=CIRCLE('',#1544,1.235241872499E0);
#1553=CIRCLE('',#1552,1.023622047244E-2);
#1568=CIRCLE('',#1567,1.023622047244E-2);
#1576=CIRCLE('',#1575,3.425196850394E-2);
#1584=CIRCLE('',#1583,3.425196850394E-2);
#1599=CIRCLE('',#1598,1.023622047244E-2);
#1614=CIRCLE('',#1613,1.023622047244E-2);
#1622=CIRCLE('',#1621,1.235241872499E0);
#1637=CIRCLE('',#1636,1.235241872499E0);
#1645=CIRCLE('',#1644,1.023622047244E-2);
#1660=CIRCLE('',#1659,1.023622047244E-2);
#1668=CIRCLE('',#1667,3.425196850394E-2);
#1676=CIRCLE('',#1675,3.425196850394E-2);
#1691=CIRCLE('',#1690,1.023622047244E-2);
#1706=CIRCLE('',#1705,1.023622047244E-2);
#1714=CIRCLE('',#1713,1.235241872499E0);
#1729=CIRCLE('',#1728,1.235241872499E0);
#1737=CIRCLE('',#1736,1.023622047244E-2);
#1752=CIRCLE('',#1751,1.023622047244E-2);
#1760=CIRCLE('',#1759,3.425196850394E-2);
#1768=CIRCLE('',#1767,3.425196850394E-2);
#1783=CIRCLE('',#1782,1.023622047244E-2);
#1798=CIRCLE('',#1797,1.023622047244E-2);
#1806=CIRCLE('',#1805,1.235241872499E0);
#1821=CIRCLE('',#1820,1.235241872499E0);
#1829=CIRCLE('',#1828,1.023622047244E-2);
#1844=CIRCLE('',#1843,1.023622047244E-2);
#1852=CIRCLE('',#1851,3.425196850394E-2);
#1860=CIRCLE('',#1859,3.425196850394E-2);
#1875=CIRCLE('',#1874,1.023622047244E-2);
#1890=CIRCLE('',#1889,1.023622047244E-2);
#1898=CIRCLE('',#1897,1.235241872499E0);
#1913=CIRCLE('',#1912,1.235241872499E0);
#1921=CIRCLE('',#1920,1.023622047244E-2);
#1936=CIRCLE('',#1935,1.023622047244E-2);
#1944=CIRCLE('',#1943,3.425196850394E-2);
#1952=CIRCLE('',#1951,3.425196850394E-2);
#1967=CIRCLE('',#1966,1.023622047244E-2);
#1982=CIRCLE('',#1981,1.023622047244E-2);
#1990=CIRCLE('',#1989,1.235241872499E0);
#2005=CIRCLE('',#2004,1.235241872499E0);
#2013=CIRCLE('',#2012,1.023622047244E-2);
#2028=CIRCLE('',#2027,1.023622047244E-2);
#2036=CIRCLE('',#2035,3.425196850394E-2);
#2044=CIRCLE('',#2043,3.425196850394E-2);
#2059=CIRCLE('',#2058,1.023622047244E-2);
#2074=CIRCLE('',#2073,1.023622047244E-2);
#2082=CIRCLE('',#2081,1.235241872499E0);
#2097=CIRCLE('',#2096,1.235241872499E0);
#2105=CIRCLE('',#2104,1.023622047244E-2);
#2120=CIRCLE('',#2119,1.023622047244E-2);
#2128=CIRCLE('',#2127,3.425196850394E-2);
#2136=CIRCLE('',#2135,3.425196850394E-2);
#2151=CIRCLE('',#2150,1.023622047244E-2);
#2166=CIRCLE('',#2165,1.023622047244E-2);
#2174=CIRCLE('',#2173,1.235241872499E0);
#2189=CIRCLE('',#2188,1.235241872499E0);
#2197=CIRCLE('',#2196,1.023622047244E-2);
#2212=CIRCLE('',#2211,1.023622047244E-2);
#2220=CIRCLE('',#2219,3.425196850394E-2);
#2228=CIRCLE('',#2227,3.425196850394E-2);
#2243=CIRCLE('',#2242,1.023622047244E-2);
#2258=CIRCLE('',#2257,1.023622047244E-2);
#2266=CIRCLE('',#2265,1.235241872499E0);
#2281=CIRCLE('',#2280,1.235241872499E0);
#2289=CIRCLE('',#2288,1.023622047244E-2);
#2304=CIRCLE('',#2303,1.023622047244E-2);
#2312=CIRCLE('',#2311,3.425196850394E-2);
#2320=CIRCLE('',#2319,3.425196850394E-2);
#2335=CIRCLE('',#2334,1.023622047244E-2);
#2350=CIRCLE('',#2349,1.023622047244E-2);
#2358=CIRCLE('',#2357,1.235241872499E0);
#2373=CIRCLE('',#2372,1.235241872499E0);
#2381=CIRCLE('',#2380,1.023622047244E-2);
#2396=CIRCLE('',#2395,1.023622047244E-2);
#2404=CIRCLE('',#2403,3.425196850394E-2);
#2412=CIRCLE('',#2411,3.425196850394E-2);
#2427=CIRCLE('',#2426,1.023622047244E-2);
#2442=CIRCLE('',#2441,1.023622047244E-2);
#2450=CIRCLE('',#2449,1.235241872499E0);
#2465=CIRCLE('',#2464,1.235241872499E0);
#2473=CIRCLE('',#2472,1.023622047244E-2);
#2488=CIRCLE('',#2487,1.023622047244E-2);
#2496=CIRCLE('',#2495,3.425196850394E-2);
#2504=CIRCLE('',#2503,3.425196850394E-2);
#2519=CIRCLE('',#2518,1.023622047244E-2);
#2534=CIRCLE('',#2533,1.023622047244E-2);
#2542=CIRCLE('',#2541,1.235241872499E0);
#2557=CIRCLE('',#2556,1.235241872499E0);
#2565=CIRCLE('',#2564,1.023622047244E-2);
#2580=CIRCLE('',#2579,1.023622047244E-2);
#2588=CIRCLE('',#2587,3.425196850394E-2);
#2596=CIRCLE('',#2595,3.425196850394E-2);
#2611=CIRCLE('',#2610,1.023622047244E-2);
#2626=CIRCLE('',#2625,1.023622047244E-2);
#2634=CIRCLE('',#2633,1.235241872499E0);
#2649=CIRCLE('',#2648,1.235241872499E0);
#2657=CIRCLE('',#2656,1.023622047244E-2);
#2672=CIRCLE('',#2671,1.023622047244E-2);
#2680=CIRCLE('',#2679,3.425196850394E-2);
#2688=CIRCLE('',#2687,3.425196850394E-2);
#2703=CIRCLE('',#2702,1.023622047244E-2);
#2718=CIRCLE('',#2717,1.023622047244E-2);
#2726=CIRCLE('',#2725,1.235241872499E0);
#2741=CIRCLE('',#2740,1.235241872499E0);
#2749=CIRCLE('',#2748,1.023622047244E-2);
#2764=CIRCLE('',#2763,1.023622047244E-2);
#2772=CIRCLE('',#2771,3.425196850394E-2);
#2780=CIRCLE('',#2779,3.425196850394E-2);
#2795=CIRCLE('',#2794,1.023622047244E-2);
#2810=CIRCLE('',#2809,1.023622047244E-2);
#2825=CIRCLE('',#2824,1.259454470924E0);
#2840=CIRCLE('',#2839,1.259454470924E0);
#2855=CIRCLE('',#2854,1.259454470924E0);
#2863=CIRCLE('',#2862,1.259454470924E0);
#2871=CIRCLE('',#2870,3.179133858268E-1);
#2879=CIRCLE('',#2878,3.179133858268E-1);
#2901=CIRCLE('',#2900,3.179133858268E-1);
#2909=CIRCLE('',#2908,3.179133858268E-1);
#2917=CIRCLE('',#2916,1.604330708661E-1);
#2925=CIRCLE('',#2924,1.604330708661E-1);
#2947=CIRCLE('',#2946,3.179133858268E-1);
#2955=CIRCLE('',#2954,3.179133858268E-1);
#2963=CIRCLE('',#2962,1.604330708661E-1);
#2971=CIRCLE('',#2970,1.604330708661E-1);
#2986=CIRCLE('',#2985,4.163385826772E-1);
#2994=CIRCLE('',#2993,4.163385826772E-1);
#3002=CIRCLE('',#3001,3.179133858268E-1);
#3010=CIRCLE('',#3009,3.179133858268E-1);
#3018=CIRCLE('',#3017,4.163385826772E-1);
#3040=CIRCLE('',#3039,4.163385826772E-1);
#3076=CIRCLE('',#3075,6.692913385827E-2);
#3084=CIRCLE('',#3083,6.692913385827E-2);
#3092=CIRCLE('',#3091,6.692913385827E-2);
#3100=CIRCLE('',#3099,6.692913385827E-2);
#3108=CIRCLE('',#3107,6.692913385827E-2);
#3116=CIRCLE('',#3115,6.692913385827E-2);
#3152=CIRCLE('',#3151,6.692913385827E-2);
#3160=CIRCLE('',#3159,6.692913385827E-2);
#3168=CIRCLE('',#3167,6.692913385827E-2);
#3176=CIRCLE('',#3175,6.692913385827E-2);
#3184=CIRCLE('',#3183,6.692913385827E-2);
#3192=CIRCLE('',#3191,6.692913385827E-2);
#3200=CIRCLE('',#3199,4.163385826772E-1);
#3215=CIRCLE('',#3214,4.163385826772E-1);
#3237=CIRCLE('',#3236,1.259454470924E0);
#3245=CIRCLE('',#3244,1.259454470924E0);
#3253=CIRCLE('',#3252,4.163385826772E-1);
#3261=CIRCLE('',#3260,4.163385826772E-1);
#3269=CIRCLE('',#3268,1.259454470924E0);
#3291=CIRCLE('',#3290,1.235241872499E0);
#3306=CIRCLE('',#3305,1.235241872499E0);
#3314=CIRCLE('',#3313,1.023622047244E-2);
#3329=CIRCLE('',#3328,1.023622047244E-2);
#3337=CIRCLE('',#3336,3.425196850394E-2);
#3345=CIRCLE('',#3344,3.425196850394E-2);
#3360=CIRCLE('',#3359,1.023622047244E-2);
#3375=CIRCLE('',#3374,1.023622047244E-2);
#3383=CIRCLE('',#3382,1.235241872499E0);
#3398=CIRCLE('',#3397,1.235241872499E0);
#3406=CIRCLE('',#3405,1.023622047244E-2);
#3421=CIRCLE('',#3420,1.023622047244E-2);
#3429=CIRCLE('',#3428,3.425196850394E-2);
#3437=CIRCLE('',#3436,3.425196850394E-2);
#3452=CIRCLE('',#3451,1.023622047244E-2);
#3467=CIRCLE('',#3466,1.023622047244E-2);
#3475=CIRCLE('',#3474,1.235241872499E0);
#3490=CIRCLE('',#3489,1.235241872499E0);
#3498=CIRCLE('',#3497,1.023622047244E-2);
#3513=CIRCLE('',#3512,1.023622047244E-2);
#3521=CIRCLE('',#3520,3.425196850394E-2);
#3529=CIRCLE('',#3528,3.425196850394E-2);
#3544=CIRCLE('',#3543,1.023622047244E-2);
#3559=CIRCLE('',#3558,1.023622047244E-2);
#3567=CIRCLE('',#3566,1.235241872499E0);
#3582=CIRCLE('',#3581,1.235241872499E0);
#3590=CIRCLE('',#3589,1.023622047244E-2);
#3605=CIRCLE('',#3604,1.023622047244E-2);
#3613=CIRCLE('',#3612,3.425196850394E-2);
#3621=CIRCLE('',#3620,3.425196850394E-2);
#3636=CIRCLE('',#3635,1.023622047244E-2);
#3651=CIRCLE('',#3650,1.023622047244E-2);
#3659=CIRCLE('',#3658,1.235241872499E0);
#3674=CIRCLE('',#3673,1.235241872499E0);
#3682=CIRCLE('',#3681,1.023622047244E-2);
#3697=CIRCLE('',#3696,1.023622047244E-2);
#3705=CIRCLE('',#3704,3.425196850394E-2);
#3713=CIRCLE('',#3712,3.425196850394E-2);
#3728=CIRCLE('',#3727,1.023622047244E-2);
#3743=CIRCLE('',#3742,1.023622047244E-2);
#3751=CIRCLE('',#3750,1.235241872499E0);
#3766=CIRCLE('',#3765,1.235241872499E0);
#3774=CIRCLE('',#3773,1.023622047244E-2);
#3789=CIRCLE('',#3788,1.023622047244E-2);
#3797=CIRCLE('',#3796,3.425196850394E-2);
#3805=CIRCLE('',#3804,3.425196850394E-2);
#3820=CIRCLE('',#3819,1.023622047244E-2);
#3835=CIRCLE('',#3834,1.023622047244E-2);
#3843=CIRCLE('',#3842,1.235241872499E0);
#3858=CIRCLE('',#3857,1.235241872499E0);
#3866=CIRCLE('',#3865,1.023622047244E-2);
#3881=CIRCLE('',#3880,1.023622047244E-2);
#3889=CIRCLE('',#3888,3.425196850394E-2);
#3897=CIRCLE('',#3896,3.425196850394E-2);
#3912=CIRCLE('',#3911,1.023622047244E-2);
#3927=CIRCLE('',#3926,1.023622047244E-2);
#3935=CIRCLE('',#3934,1.235241872499E0);
#3950=CIRCLE('',#3949,1.235241872499E0);
#3958=CIRCLE('',#3957,1.023622047244E-2);
#3973=CIRCLE('',#3972,1.023622047244E-2);
#3981=CIRCLE('',#3980,3.425196850394E-2);
#3989=CIRCLE('',#3988,3.425196850394E-2);
#4004=CIRCLE('',#4003,1.023622047244E-2);
#4019=CIRCLE('',#4018,1.023622047244E-2);
#4027=CIRCLE('',#4026,1.235241872499E0);
#4042=CIRCLE('',#4041,1.235241872499E0);
#4050=CIRCLE('',#4049,1.023622047244E-2);
#4065=CIRCLE('',#4064,1.023622047244E-2);
#4073=CIRCLE('',#4072,3.425196850394E-2);
#4081=CIRCLE('',#4080,3.425196850394E-2);
#4096=CIRCLE('',#4095,1.023622047244E-2);
#4111=CIRCLE('',#4110,1.023622047244E-2);
#4119=CIRCLE('',#4118,1.235241872499E0);
#4134=CIRCLE('',#4133,1.235241872499E0);
#4142=CIRCLE('',#4141,1.023622047244E-2);
#4157=CIRCLE('',#4156,1.023622047244E-2);
#4165=CIRCLE('',#4164,3.425196850394E-2);
#4173=CIRCLE('',#4172,3.425196850394E-2);
#4188=CIRCLE('',#4187,1.023622047244E-2);
#4203=CIRCLE('',#4202,1.023622047244E-2);
#4211=CIRCLE('',#4210,1.235241872499E0);
#4226=CIRCLE('',#4225,1.235241872499E0);
#4234=CIRCLE('',#4233,1.023622047244E-2);
#4249=CIRCLE('',#4248,1.023622047244E-2);
#4257=CIRCLE('',#4256,3.425196850394E-2);
#4265=CIRCLE('',#4264,3.425196850394E-2);
#4280=CIRCLE('',#4279,1.023622047244E-2);
#4295=CIRCLE('',#4294,1.023622047244E-2);
#4303=CIRCLE('',#4302,1.235241872499E0);
#4318=CIRCLE('',#4317,1.235241872499E0);
#4326=CIRCLE('',#4325,1.023622047244E-2);
#4341=CIRCLE('',#4340,1.023622047244E-2);
#4349=CIRCLE('',#4348,3.425196850394E-2);
#4357=CIRCLE('',#4356,3.425196850394E-2);
#4372=CIRCLE('',#4371,1.023622047244E-2);
#4387=CIRCLE('',#4386,1.023622047244E-2);
#4395=CIRCLE('',#4394,1.235241872499E0);
#4410=CIRCLE('',#4409,1.235241872499E0);
#4418=CIRCLE('',#4417,1.023622047244E-2);
#4433=CIRCLE('',#4432,1.023622047244E-2);
#4441=CIRCLE('',#4440,3.425196850394E-2);
#4449=CIRCLE('',#4448,3.425196850394E-2);
#4464=CIRCLE('',#4463,1.023622047244E-2);
#4479=CIRCLE('',#4478,1.023622047244E-2);
#4487=CIRCLE('',#4486,1.235241872499E0);
#4502=CIRCLE('',#4501,1.235241872499E0);
#4510=CIRCLE('',#4509,1.023622047244E-2);
#4525=CIRCLE('',#4524,1.023622047244E-2);
#4533=CIRCLE('',#4532,3.425196850394E-2);
#4541=CIRCLE('',#4540,3.425196850394E-2);
#4556=CIRCLE('',#4555,1.023622047244E-2);
#4571=CIRCLE('',#4570,1.023622047244E-2);
#4579=CIRCLE('',#4578,1.235241872499E0);
#4594=CIRCLE('',#4593,1.235241872499E0);
#4602=CIRCLE('',#4601,1.023622047244E-2);
#4617=CIRCLE('',#4616,1.023622047244E-2);
#4625=CIRCLE('',#4624,3.425196850394E-2);
#4633=CIRCLE('',#4632,3.425196850394E-2);
#4648=CIRCLE('',#4647,1.023622047244E-2);
#4663=CIRCLE('',#4662,1.023622047244E-2);
#4678=CIRCLE('',#4677,1.235241872499E0);
#4686=CIRCLE('',#4685,1.235241872499E0);
#4694=CIRCLE('',#4693,1.023622047244E-2);
#4709=CIRCLE('',#4708,1.023622047244E-2);
#4717=CIRCLE('',#4716,3.425196850394E-2);
#4725=CIRCLE('',#4724,3.425196850394E-2);
#4740=CIRCLE('',#4739,1.023622047244E-2);
#4755=CIRCLE('',#4754,1.023622047244E-2);
#4763=CIRCLE('',#4762,1.259454470924E0);
#4827=CIRCLE('',#4826,1.023622047244E-2);
#4842=CIRCLE('',#4841,1.023622047244E-2);
#4850=CIRCLE('',#4849,3.425196850394E-2);
#4858=CIRCLE('',#4857,3.425196850394E-2);
#4873=CIRCLE('',#4872,1.023622047244E-2);
#4888=CIRCLE('',#4887,1.023622047244E-2);
#4896=CIRCLE('',#4895,1.235241872499E0);
#4911=CIRCLE('',#4910,1.235241872499E0);
#4919=CIRCLE('',#4918,1.023622047244E-2);
#4934=CIRCLE('',#4933,1.023622047244E-2);
#4942=CIRCLE('',#4941,3.425196850394E-2);
#4950=CIRCLE('',#4949,3.425196850394E-2);
#4965=CIRCLE('',#4964,1.023622047244E-2);
#4980=CIRCLE('',#4979,1.023622047244E-2);
#4988=CIRCLE('',#4987,1.235241872499E0);
#5003=CIRCLE('',#5002,1.235241872499E0);
#5011=CIRCLE('',#5010,1.023622047244E-2);
#5026=CIRCLE('',#5025,1.023622047244E-2);
#5034=CIRCLE('',#5033,3.425196850394E-2);
#5042=CIRCLE('',#5041,3.425196850394E-2);
#5057=CIRCLE('',#5056,1.023622047244E-2);
#5072=CIRCLE('',#5071,1.023622047244E-2);
#5080=CIRCLE('',#5079,1.235241872499E0);
#5095=CIRCLE('',#5094,1.235241872499E0);
#5103=CIRCLE('',#5102,1.023622047244E-2);
#5118=CIRCLE('',#5117,1.023622047244E-2);
#5126=CIRCLE('',#5125,3.425196850394E-2);
#5134=CIRCLE('',#5133,3.425196850394E-2);
#5149=CIRCLE('',#5148,1.023622047244E-2);
#5164=CIRCLE('',#5163,1.023622047244E-2);
#5172=CIRCLE('',#5171,1.235241872499E0);
#5187=CIRCLE('',#5186,1.235241872499E0);
#5195=CIRCLE('',#5194,1.023622047244E-2);
#5210=CIRCLE('',#5209,1.023622047244E-2);
#5218=CIRCLE('',#5217,3.425196850394E-2);
#5226=CIRCLE('',#5225,3.425196850394E-2);
#5241=CIRCLE('',#5240,1.023622047244E-2);
#5256=CIRCLE('',#5255,1.023622047244E-2);
#5264=CIRCLE('',#5263,1.235241872499E0);
#5279=CIRCLE('',#5278,1.235241872499E0);
#5287=CIRCLE('',#5286,1.023622047244E-2);
#5302=CIRCLE('',#5301,1.023622047244E-2);
#5310=CIRCLE('',#5309,3.425196850394E-2);
#5318=CIRCLE('',#5317,3.425196850394E-2);
#5333=CIRCLE('',#5332,1.023622047244E-2);
#5348=CIRCLE('',#5347,1.023622047244E-2);
#5356=CIRCLE('',#5355,1.235241872499E0);
#5371=CIRCLE('',#5370,1.235241872499E0);
#5379=CIRCLE('',#5378,1.023622047244E-2);
#5394=CIRCLE('',#5393,1.023622047244E-2);
#5402=CIRCLE('',#5401,3.425196850394E-2);
#5410=CIRCLE('',#5409,3.425196850394E-2);
#5425=CIRCLE('',#5424,1.023622047244E-2);
#5440=CIRCLE('',#5439,1.023622047244E-2);
#5448=CIRCLE('',#5447,1.235241872499E0);
#5463=CIRCLE('',#5462,1.235241872499E0);
#5471=CIRCLE('',#5470,1.023622047244E-2);
#5486=CIRCLE('',#5485,1.023622047244E-2);
#5494=CIRCLE('',#5493,3.425196850394E-2);
#5502=CIRCLE('',#5501,3.425196850394E-2);
#5517=CIRCLE('',#5516,1.023622047244E-2);
#5532=CIRCLE('',#5531,1.023622047244E-2);
#5540=CIRCLE('',#5539,1.235241872499E0);
#5555=CIRCLE('',#5554,1.235241872499E0);
#5563=CIRCLE('',#5562,1.023622047244E-2);
#5578=CIRCLE('',#5577,1.023622047244E-2);
#5586=CIRCLE('',#5585,3.425196850394E-2);
#5594=CIRCLE('',#5593,3.425196850394E-2);
#5609=CIRCLE('',#5608,1.023622047244E-2);
#5624=CIRCLE('',#5623,1.023622047244E-2);
#5632=CIRCLE('',#5631,1.235241872499E0);
#5647=CIRCLE('',#5646,1.235241872499E0);
#5655=CIRCLE('',#5654,1.023622047244E-2);
#5670=CIRCLE('',#5669,1.023622047244E-2);
#5678=CIRCLE('',#5677,3.425196850394E-2);
#5686=CIRCLE('',#5685,3.425196850394E-2);
#5701=CIRCLE('',#5700,1.023622047244E-2);
#5716=CIRCLE('',#5715,1.023622047244E-2);
#5724=CIRCLE('',#5723,1.235241872499E0);
#5739=CIRCLE('',#5738,1.235241872499E0);
#5747=CIRCLE('',#5746,1.023622047244E-2);
#5762=CIRCLE('',#5761,1.023622047244E-2);
#5770=CIRCLE('',#5769,3.425196850394E-2);
#5778=CIRCLE('',#5777,3.425196850394E-2);
#5793=CIRCLE('',#5792,1.023622047244E-2);
#5808=CIRCLE('',#5807,1.023622047244E-2);
#5816=CIRCLE('',#5815,1.235241872499E0);
#5831=CIRCLE('',#5830,1.235241872499E0);
#5839=CIRCLE('',#5838,1.023622047244E-2);
#5854=CIRCLE('',#5853,1.023622047244E-2);
#5862=CIRCLE('',#5861,3.425196850394E-2);
#5870=CIRCLE('',#5869,3.425196850394E-2);
#5885=CIRCLE('',#5884,1.023622047244E-2);
#5900=CIRCLE('',#5899,1.023622047244E-2);
#5908=CIRCLE('',#5907,1.235241872499E0);
#5923=CIRCLE('',#5922,1.235241872499E0);
#5931=CIRCLE('',#5930,1.023622047244E-2);
#5946=CIRCLE('',#5945,1.023622047244E-2);
#5954=CIRCLE('',#5953,3.425196850394E-2);
#5962=CIRCLE('',#5961,3.425196850394E-2);
#5977=CIRCLE('',#5976,1.023622047244E-2);
#5992=CIRCLE('',#5991,1.023622047244E-2);
#6000=CIRCLE('',#5999,1.235241872499E0);
#6015=CIRCLE('',#6014,1.235241872499E0);
#6023=CIRCLE('',#6022,1.023622047244E-2);
#6038=CIRCLE('',#6037,1.023622047244E-2);
#6046=CIRCLE('',#6045,3.425196850394E-2);
#6054=CIRCLE('',#6053,3.425196850394E-2);
#6069=CIRCLE('',#6068,1.023622047244E-2);
#6084=CIRCLE('',#6083,1.023622047244E-2);
#6092=CIRCLE('',#6091,1.235241872499E0);
#6107=CIRCLE('',#6106,1.235241872499E0);
#6115=CIRCLE('',#6114,1.023622047244E-2);
#6130=CIRCLE('',#6129,1.023622047244E-2);
#6138=CIRCLE('',#6137,3.425196850394E-2);
#6146=CIRCLE('',#6145,3.425196850394E-2);
#6161=CIRCLE('',#6160,1.023622047244E-2);
#6176=CIRCLE('',#6175,1.023622047244E-2);
#6184=CIRCLE('',#6183,1.235241872499E0);
#6199=CIRCLE('',#6198,1.235241872499E0);
#6207=CIRCLE('',#6206,1.023622047244E-2);
#6222=CIRCLE('',#6221,1.023622047244E-2);
#6230=CIRCLE('',#6229,3.425196850394E-2);
#6238=CIRCLE('',#6237,3.425196850394E-2);
#6253=CIRCLE('',#6252,1.023622047244E-2);
#6268=CIRCLE('',#6267,1.023622047244E-2);
#6276=CIRCLE('',#6275,1.235241872499E0);
#6291=CIRCLE('',#6290,1.235241872499E0);
#6299=CIRCLE('',#6298,1.023622047244E-2);
#6314=CIRCLE('',#6313,1.023622047244E-2);
#6322=CIRCLE('',#6321,3.425196850394E-2);
#6330=CIRCLE('',#6329,3.425196850394E-2);
#6345=CIRCLE('',#6344,1.023622047244E-2);
#6360=CIRCLE('',#6359,1.023622047244E-2);
#6368=CIRCLE('',#6367,1.235241872499E0);
#6383=CIRCLE('',#6382,1.235241872499E0);
#6391=CIRCLE('',#6390,1.023622047244E-2);
#6406=CIRCLE('',#6405,1.023622047244E-2);
#6414=CIRCLE('',#6413,3.425196850394E-2);
#6422=CIRCLE('',#6421,3.425196850394E-2);
#6437=CIRCLE('',#6436,1.023622047244E-2);
#6452=CIRCLE('',#6451,1.023622047244E-2);
#6460=CIRCLE('',#6459,1.235241872499E0);
#6475=CIRCLE('',#6474,1.235241872499E0);
#6483=CIRCLE('',#6482,1.023622047244E-2);
#6498=CIRCLE('',#6497,1.023622047244E-2);
#6506=CIRCLE('',#6505,3.425196850394E-2);
#6514=CIRCLE('',#6513,3.425196850394E-2);
#6529=CIRCLE('',#6528,1.023622047244E-2);
#6544=CIRCLE('',#6543,1.023622047244E-2);
#6552=CIRCLE('',#6551,1.235241872499E0);
#6567=CIRCLE('',#6566,1.235241872499E0);
#6575=CIRCLE('',#6574,1.023622047244E-2);
#6590=CIRCLE('',#6589,1.023622047244E-2);
#6598=CIRCLE('',#6597,3.425196850394E-2);
#6606=CIRCLE('',#6605,3.425196850394E-2);
#6621=CIRCLE('',#6620,1.023622047244E-2);
#6636=CIRCLE('',#6635,1.023622047244E-2);
#6644=CIRCLE('',#6643,1.235241872499E0);
#6659=CIRCLE('',#6658,1.235241872499E0);
#6667=CIRCLE('',#6666,1.023622047244E-2);
#6682=CIRCLE('',#6681,1.023622047244E-2);
#6690=CIRCLE('',#6689,3.425196850394E-2);
#6698=CIRCLE('',#6697,3.425196850394E-2);
#6713=CIRCLE('',#6712,1.023622047244E-2);
#6728=CIRCLE('',#6727,1.023622047244E-2);
#6736=CIRCLE('',#6735,1.235241872499E0);
#6751=CIRCLE('',#6750,1.235241872499E0);
#6759=CIRCLE('',#6758,1.023622047244E-2);
#6774=CIRCLE('',#6773,1.023622047244E-2);
#6782=CIRCLE('',#6781,3.425196850394E-2);
#6790=CIRCLE('',#6789,3.425196850394E-2);
#6805=CIRCLE('',#6804,1.023622047244E-2);
#6820=CIRCLE('',#6819,1.023622047244E-2);
#6828=CIRCLE('',#6827,1.235241872499E0);
#6843=CIRCLE('',#6842,1.235241872499E0);
#6851=CIRCLE('',#6850,1.023622047244E-2);
#6866=CIRCLE('',#6865,1.023622047244E-2);
#6874=CIRCLE('',#6873,3.425196850394E-2);
#6882=CIRCLE('',#6881,3.425196850394E-2);
#6897=CIRCLE('',#6896,1.023622047244E-2);
#6912=CIRCLE('',#6911,1.023622047244E-2);
#6920=CIRCLE('',#6919,1.235241872499E0);
#6935=CIRCLE('',#6934,1.235241872499E0);
#6943=CIRCLE('',#6942,1.023622047244E-2);
#6958=CIRCLE('',#6957,1.023622047244E-2);
#6966=CIRCLE('',#6965,3.425196850394E-2);
#6974=CIRCLE('',#6973,3.425196850394E-2);
#6989=CIRCLE('',#6988,1.023622047244E-2);
#7004=CIRCLE('',#7003,1.023622047244E-2);
#7012=CIRCLE('',#7011,1.235241872499E0);
#7027=CIRCLE('',#7026,1.235241872499E0);
#7035=CIRCLE('',#7034,1.023622047244E-2);
#7050=CIRCLE('',#7049,1.023622047244E-2);
#7058=CIRCLE('',#7057,3.425196850394E-2);
#7066=CIRCLE('',#7065,3.425196850394E-2);
#7081=CIRCLE('',#7080,1.023622047244E-2);
#7096=CIRCLE('',#7095,1.023622047244E-2);
#7104=CIRCLE('',#7103,1.235241872499E0);
#7119=CIRCLE('',#7118,1.235241872499E0);
#7127=CIRCLE('',#7126,1.023622047244E-2);
#7142=CIRCLE('',#7141,1.023622047244E-2);
#7150=CIRCLE('',#7149,3.425196850394E-2);
#7158=CIRCLE('',#7157,3.425196850394E-2);
#7173=CIRCLE('',#7172,1.023622047244E-2);
#7188=CIRCLE('',#7187,1.023622047244E-2);
#7196=CIRCLE('',#7195,1.235241872499E0);
#7211=CIRCLE('',#7210,1.235241872499E0);
#7219=CIRCLE('',#7218,1.023622047244E-2);
#7234=CIRCLE('',#7233,1.023622047244E-2);
#7242=CIRCLE('',#7241,3.425196850394E-2);
#7250=CIRCLE('',#7249,3.425196850394E-2);
#7265=CIRCLE('',#7264,1.023622047244E-2);
#7280=CIRCLE('',#7279,1.023622047244E-2);
#7288=CIRCLE('',#7287,1.235241872499E0);
#7303=CIRCLE('',#7302,1.235241872499E0);
#7311=CIRCLE('',#7310,1.023622047244E-2);
#7326=CIRCLE('',#7325,1.023622047244E-2);
#7334=CIRCLE('',#7333,3.425196850394E-2);
#7342=CIRCLE('',#7341,3.425196850394E-2);
#7357=CIRCLE('',#7356,1.023622047244E-2);
#7372=CIRCLE('',#7371,1.023622047244E-2);
#7380=CIRCLE('',#7379,1.235241872499E0);
#7395=CIRCLE('',#7394,1.235241872499E0);
#7403=CIRCLE('',#7402,1.023622047244E-2);
#7418=CIRCLE('',#7417,1.023622047244E-2);
#7426=CIRCLE('',#7425,3.425196850394E-2);
#7434=CIRCLE('',#7433,3.425196850394E-2);
#7449=CIRCLE('',#7448,1.023622047244E-2);
#7464=CIRCLE('',#7463,1.023622047244E-2);
#7472=CIRCLE('',#7471,1.235241872499E0);
#7487=CIRCLE('',#7486,1.235241872499E0);
#7495=CIRCLE('',#7494,1.023622047244E-2);
#7510=CIRCLE('',#7509,1.023622047244E-2);
#7518=CIRCLE('',#7517,3.425196850394E-2);
#7526=CIRCLE('',#7525,3.425196850394E-2);
#7541=CIRCLE('',#7540,1.023622047244E-2);
#7556=CIRCLE('',#7555,1.023622047244E-2);
#7564=CIRCLE('',#7563,1.235241872499E0);
#7579=CIRCLE('',#7578,1.235241872499E0);
#7587=CIRCLE('',#7586,1.023622047244E-2);
#7602=CIRCLE('',#7601,1.023622047244E-2);
#7610=CIRCLE('',#7609,3.425196850394E-2);
#7618=CIRCLE('',#7617,3.425196850394E-2);
#7633=CIRCLE('',#7632,1.023622047244E-2);
#7648=CIRCLE('',#7647,1.023622047244E-2);
#7656=CIRCLE('',#7655,1.235241872499E0);
#7671=CIRCLE('',#7670,1.235241872499E0);
#7679=CIRCLE('',#7678,1.023622047244E-2);
#7694=CIRCLE('',#7693,1.023622047244E-2);
#7702=CIRCLE('',#7701,3.425196850394E-2);
#7710=CIRCLE('',#7709,3.425196850394E-2);
#7725=CIRCLE('',#7724,1.023622047244E-2);
#7740=CIRCLE('',#7739,1.023622047244E-2);
#7748=CIRCLE('',#7747,1.235241872499E0);
#7763=CIRCLE('',#7762,1.235241872499E0);
#7771=CIRCLE('',#7770,1.023622047244E-2);
#7786=CIRCLE('',#7785,1.023622047244E-2);
#7794=CIRCLE('',#7793,3.425196850394E-2);
#7802=CIRCLE('',#7801,3.425196850394E-2);
#7817=CIRCLE('',#7816,1.023622047244E-2);
#7832=CIRCLE('',#7831,1.023622047244E-2);
#9013=EDGE_CURVE('',#8109,#8169,#51,.T.);
#9015=EDGE_CURVE('',#8229,#8109,#20,.T.);
#9017=EDGE_CURVE('',#8229,#8287,#28,.T.);
#9019=EDGE_CURVE('',#8169,#8287,#36,.T.);
#9023=ADVANCED_FACE('',(#9022),#9012,.T.);
#9029=EDGE_CURVE('',#7842,#8109,#44,.T.);
#9032=EDGE_CURVE('',#7966,#8169,#59,.T.);
#9034=EDGE_CURVE('',#7842,#7966,#4732,.T.);
#9038=ADVANCED_FACE('',(#9037),#9028,.T.);
#9044=EDGE_CURVE('',#8086,#8087,#67,.T.);
#9046=EDGE_CURVE('',#8857,#8086,#75,.T.);
#9048=EDGE_CURVE('',#8566,#8857,#4740,.T.);
#9050=EDGE_CURVE('',#8566,#8567,#680,.T.);
#9052=EDGE_CURVE('',#8087,#8567,#649,.T.);
#9056=ADVANCED_FACE('',(#9055),#9043,.F.);
#9062=EDGE_CURVE('',#8094,#8095,#83,.T.);
#9064=EDGE_CURVE('',#8143,#8094,#91,.T.);
#9066=EDGE_CURVE('',#7910,#8143,#1277,.T.);
#9068=EDGE_CURVE('',#7910,#7911,#1308,.T.);
#9070=EDGE_CURVE('',#8095,#7911,#1323,.T.);
#9074=ADVANCED_FACE('',(#9073),#9061,.F.);
#9081=EDGE_CURVE('',#7842,#7843,#4725,.T.);
#9083=EDGE_CURVE('',#8227,#7843,#4694,.T.);
#9085=EDGE_CURVE('',#8109,#8227,#99,.T.);
#9089=ADVANCED_FACE('',(#9088),#9079,.F.);
#9095=EDGE_CURVE('',#7846,#8111,#2749,.T.);
#9097=EDGE_CURVE('',#7846,#7847,#2780,.T.);
#9099=EDGE_CURVE('',#8229,#7847,#2795,.T.);
#9101=EDGE_CURVE('',#8111,#8229,#107,.T.);
#9105=ADVANCED_FACE('',(#9104),#9094,.F.);
#9111=EDGE_CURVE('',#7850,#8113,#2657,.T.);
#9113=EDGE_CURVE('',#7850,#7851,#2688,.T.);
#9115=EDGE_CURVE('',#8231,#7851,#2703,.T.);
#9117=EDGE_CURVE('',#8113,#8231,#115,.T.);
#9121=ADVANCED_FACE('',(#9120),#9110,.F.);
#9127=EDGE_CURVE('',#7854,#8115,#2565,.T.);
#9129=EDGE_CURVE('',#7854,#7855,#2596,.T.);
#9131=EDGE_CURVE('',#8233,#7855,#2611,.T.);
#9133=EDGE_CURVE('',#8115,#8233,#123,.T.);
#9137=ADVANCED_FACE('',(#9136),#9126,.F.);
#9143=EDGE_CURVE('',#7858,#8117,#2473,.T.);
#9145=EDGE_CURVE('',#7858,#7859,#2504,.T.);
#9147=EDGE_CURVE('',#8235,#7859,#2519,.T.);
#9149=EDGE_CURVE('',#8117,#8235,#131,.T.);
#9153=ADVANCED_FACE('',(#9152),#9142,.F.);
#9159=EDGE_CURVE('',#7862,#8119,#2381,.T.);
#9161=EDGE_CURVE('',#7862,#7863,#2412,.T.);
#9163=EDGE_CURVE('',#8237,#7863,#2427,.T.);
#9165=EDGE_CURVE('',#8119,#8237,#139,.T.);
#9169=ADVANCED_FACE('',(#9168),#9158,.F.);
#9175=EDGE_CURVE('',#7866,#8121,#2289,.T.);
#9177=EDGE_CURVE('',#7866,#7867,#2320,.T.);
#9179=EDGE_CURVE('',#8239,#7867,#2335,.T.);
#9181=EDGE_CURVE('',#8121,#8239,#147,.T.);
#9185=ADVANCED_FACE('',(#9184),#9174,.F.);
#9191=EDGE_CURVE('',#7870,#8123,#2197,.T.);
#9193=EDGE_CURVE('',#7870,#7871,#2228,.T.);
#9195=EDGE_CURVE('',#8241,#7871,#2243,.T.);
#9197=EDGE_CURVE('',#8123,#8241,#155,.T.);
#9201=ADVANCED_FACE('',(#9200),#9190,.F.);
#9207=EDGE_CURVE('',#7874,#8125,#2105,.T.);
#9209=EDGE_CURVE('',#7874,#7875,#2136,.T.);
#9211=EDGE_CURVE('',#8243,#7875,#2151,.T.);
#9213=EDGE_CURVE('',#8125,#8243,#163,.T.);
#9217=ADVANCED_FACE('',(#9216),#9206,.F.);
#9223=EDGE_CURVE('',#7878,#8127,#2013,.T.);
#9225=EDGE_CURVE('',#7878,#7879,#2044,.T.);
#9227=EDGE_CURVE('',#8245,#7879,#2059,.T.);
#9229=EDGE_CURVE('',#8127,#8245,#171,.T.);
#9233=ADVANCED_FACE('',(#9232),#9222,.F.);
#9239=EDGE_CURVE('',#7882,#8129,#1921,.T.);
#9241=EDGE_CURVE('',#7882,#7883,#1952,.T.);
#9243=EDGE_CURVE('',#8247,#7883,#1967,.T.);
#9245=EDGE_CURVE('',#8129,#8247,#179,.T.);
#9249=ADVANCED_FACE('',(#9248),#9238,.F.);
#9255=EDGE_CURVE('',#7886,#8131,#1829,.T.);
#9257=EDGE_CURVE('',#7886,#7887,#1860,.T.);
#9259=EDGE_CURVE('',#8249,#7887,#1875,.T.);
#9261=EDGE_CURVE('',#8131,#8249,#187,.T.);
#9265=ADVANCED_FACE('',(#9264),#9254,.F.);
#9271=EDGE_CURVE('',#7890,#8133,#1737,.T.);
#9273=EDGE_CURVE('',#7890,#7891,#1768,.T.);
#9275=EDGE_CURVE('',#8251,#7891,#1783,.T.);
#9277=EDGE_CURVE('',#8133,#8251,#195,.T.);
#9281=ADVANCED_FACE('',(#9280),#9270,.F.);
#9287=EDGE_CURVE('',#7894,#8135,#1645,.T.);
#9289=EDGE_CURVE('',#7894,#7895,#1676,.T.);
#9291=EDGE_CURVE('',#8253,#7895,#1691,.T.);
#9293=EDGE_CURVE('',#8135,#8253,#203,.T.);
#9297=ADVANCED_FACE('',(#9296),#9286,.F.);
#9303=EDGE_CURVE('',#7898,#8137,#1553,.T.);
#9305=EDGE_CURVE('',#7898,#7899,#1584,.T.);
#9307=EDGE_CURVE('',#8255,#7899,#1599,.T.);
#9309=EDGE_CURVE('',#8137,#8255,#211,.T.);
#9313=ADVANCED_FACE('',(#9312),#9302,.F.);
#9319=EDGE_CURVE('',#7902,#8139,#1461,.T.);
#9321=EDGE_CURVE('',#7902,#7903,#1492,.T.);
#9323=EDGE_CURVE('',#8257,#7903,#1507,.T.);
#9325=EDGE_CURVE('',#8139,#8257,#219,.T.);
#9329=ADVANCED_FACE('',(#9328),#9318,.F.);
#9335=EDGE_CURVE('',#7906,#8141,#1369,.T.);
#9337=EDGE_CURVE('',#7906,#7907,#1400,.T.);
#9339=EDGE_CURVE('',#8259,#7907,#1415,.T.);
#9341=EDGE_CURVE('',#8141,#8259,#227,.T.);
#9345=ADVANCED_FACE('',(#9344),#9334,.F.);
#9351=EDGE_CURVE('',#7914,#8145,#4873,.T.);
#9353=EDGE_CURVE('',#7914,#7915,#4858,.T.);
#9355=EDGE_CURVE('',#8261,#7915,#4827,.T.);
#9357=EDGE_CURVE('',#8145,#8261,#235,.T.);
#9361=ADVANCED_FACE('',(#9360),#9350,.F.);
#9367=EDGE_CURVE('',#7918,#8147,#4965,.T.);
#9369=EDGE_CURVE('',#7918,#7919,#4950,.T.);
#9371=EDGE_CURVE('',#8263,#7919,#4919,.T.);
#9373=EDGE_CURVE('',#8147,#8263,#243,.T.);
#9377=ADVANCED_FACE('',(#9376),#9366,.F.);
#9383=EDGE_CURVE('',#7922,#8149,#5057,.T.);
#9385=EDGE_CURVE('',#7922,#7923,#5042,.T.);
#9387=EDGE_CURVE('',#8265,#7923,#5011,.T.);
#9389=EDGE_CURVE('',#8149,#8265,#251,.T.);
#9393=ADVANCED_FACE('',(#9392),#9382,.F.);
#9399=EDGE_CURVE('',#7926,#8151,#5149,.T.);
#9401=EDGE_CURVE('',#7926,#7927,#5134,.T.);
#9403=EDGE_CURVE('',#8267,#7927,#5103,.T.);
#9405=EDGE_CURVE('',#8151,#8267,#259,.T.);
#9409=ADVANCED_FACE('',(#9408),#9398,.F.);
#9415=EDGE_CURVE('',#7930,#8153,#5241,.T.);
#9417=EDGE_CURVE('',#7930,#7931,#5226,.T.);
#9419=EDGE_CURVE('',#8269,#7931,#5195,.T.);
#9421=EDGE_CURVE('',#8153,#8269,#267,.T.);
#9425=ADVANCED_FACE('',(#9424),#9414,.F.);
#9431=EDGE_CURVE('',#7934,#8155,#5333,.T.);
#9433=EDGE_CURVE('',#7934,#7935,#5318,.T.);
#9435=EDGE_CURVE('',#8271,#7935,#5287,.T.);
#9437=EDGE_CURVE('',#8155,#8271,#275,.T.);
#9441=ADVANCED_FACE('',(#9440),#9430,.F.);
#9447=EDGE_CURVE('',#7938,#8157,#5425,.T.);
#9449=EDGE_CURVE('',#7938,#7939,#5410,.T.);
#9451=EDGE_CURVE('',#8273,#7939,#5379,.T.);
#9453=EDGE_CURVE('',#8157,#8273,#283,.T.);
#9457=ADVANCED_FACE('',(#9456),#9446,.F.);
#9463=EDGE_CURVE('',#7942,#8159,#5517,.T.);
#9465=EDGE_CURVE('',#7942,#7943,#5502,.T.);
#9467=EDGE_CURVE('',#8275,#7943,#5471,.T.);
#9469=EDGE_CURVE('',#8159,#8275,#291,.T.);
#9473=ADVANCED_FACE('',(#9472),#9462,.F.);
#9479=EDGE_CURVE('',#7946,#8161,#5609,.T.);
#9481=EDGE_CURVE('',#7946,#7947,#5594,.T.);
#9483=EDGE_CURVE('',#8277,#7947,#5563,.T.);
#9485=EDGE_CURVE('',#8161,#8277,#299,.T.);
#9489=ADVANCED_FACE('',(#9488),#9478,.F.);
#9495=EDGE_CURVE('',#7950,#8163,#5701,.T.);
#9497=EDGE_CURVE('',#7950,#7951,#5686,.T.);
#9499=EDGE_CURVE('',#8279,#7951,#5655,.T.);
#9501=EDGE_CURVE('',#8163,#8279,#307,.T.);
#9505=ADVANCED_FACE('',(#9504),#9494,.F.);
#9511=EDGE_CURVE('',#7954,#8165,#5793,.T.);
#9513=EDGE_CURVE('',#7954,#7955,#5778,.T.);
#9515=EDGE_CURVE('',#8281,#7955,#5747,.T.);
#9517=EDGE_CURVE('',#8165,#8281,#315,.T.);
#9521=ADVANCED_FACE('',(#9520),#9510,.F.);
#9527=EDGE_CURVE('',#7958,#8167,#5885,.T.);
#9529=EDGE_CURVE('',#7958,#7959,#5870,.T.);
#9531=EDGE_CURVE('',#8283,#7959,#5839,.T.);
#9533=EDGE_CURVE('',#8167,#8283,#323,.T.);
#9537=ADVANCED_FACE('',(#9536),#9526,.F.);
#9543=EDGE_CURVE('',#8346,#8347,#331,.T.);
#9545=EDGE_CURVE('',#8562,#8346,#7817,.T.);
#9547=EDGE_CURVE('',#8562,#8563,#7802,.T.);
#9549=EDGE_CURVE('',#8347,#8563,#7771,.T.);
#9553=ADVANCED_FACE('',(#9552),#9542,.F.);
#9559=EDGE_CURVE('',#8350,#8351,#339,.T.);
#9561=EDGE_CURVE('',#8558,#8350,#7725,.T.);
#9563=EDGE_CURVE('',#8558,#8559,#7710,.T.);
#9565=EDGE_CURVE('',#8351,#8559,#7679,.T.);
#9569=ADVANCED_FACE('',(#9568),#9558,.F.);
#9575=EDGE_CURVE('',#8354,#8355,#347,.T.);
#9577=EDGE_CURVE('',#8554,#8354,#7633,.T.);
#9579=EDGE_CURVE('',#8554,#8555,#7618,.T.);
#9581=EDGE_CURVE('',#8355,#8555,#7587,.T.);
#9585=ADVANCED_FACE('',(#9584),#9574,.F.);
#9591=EDGE_CURVE('',#8358,#8359,#355,.T.);
#9593=EDGE_CURVE('',#8550,#8358,#7541,.T.);
#9595=EDGE_CURVE('',#8550,#8551,#7526,.T.);
#9597=EDGE_CURVE('',#8359,#8551,#7495,.T.);
#9601=ADVANCED_FACE('',(#9600),#9590,.F.);
#9607=EDGE_CURVE('',#8362,#8363,#363,.T.);
#9609=EDGE_CURVE('',#8546,#8362,#7449,.T.);
#9611=EDGE_CURVE('',#8546,#8547,#7434,.T.);
#9613=EDGE_CURVE('',#8363,#8547,#7403,.T.);
#9617=ADVANCED_FACE('',(#9616),#9606,.F.);
#9623=EDGE_CURVE('',#8366,#8367,#371,.T.);
#9625=EDGE_CURVE('',#8542,#8366,#7357,.T.);
#9627=EDGE_CURVE('',#8542,#8543,#7342,.T.);
#9629=EDGE_CURVE('',#8367,#8543,#7311,.T.);
#9633=ADVANCED_FACE('',(#9632),#9622,.F.);
#9639=EDGE_CURVE('',#8370,#8371,#379,.T.);
#9641=EDGE_CURVE('',#8538,#8370,#7265,.T.);
#9643=EDGE_CURVE('',#8538,#8539,#7250,.T.);
#9645=EDGE_CURVE('',#8371,#8539,#7219,.T.);
#9649=ADVANCED_FACE('',(#9648),#9638,.F.);
#9655=EDGE_CURVE('',#8374,#8375,#387,.T.);
#9657=EDGE_CURVE('',#8534,#8374,#7173,.T.);
#9659=EDGE_CURVE('',#8534,#8535,#7158,.T.);
#9661=EDGE_CURVE('',#8375,#8535,#7127,.T.);
#9665=ADVANCED_FACE('',(#9664),#9654,.F.);
#9671=EDGE_CURVE('',#8378,#8379,#395,.T.);
#9673=EDGE_CURVE('',#8530,#8378,#7081,.T.);
#9675=EDGE_CURVE('',#8530,#8531,#7066,.T.);
#9677=EDGE_CURVE('',#8379,#8531,#7035,.T.);
#9681=ADVANCED_FACE('',(#9680),#9670,.F.);
#9687=EDGE_CURVE('',#8382,#8383,#403,.T.);
#9689=EDGE_CURVE('',#8526,#8382,#6989,.T.);
#9691=EDGE_CURVE('',#8526,#8527,#6974,.T.);
#9693=EDGE_CURVE('',#8383,#8527,#6943,.T.);
#9697=ADVANCED_FACE('',(#9696),#9686,.F.);
#9703=EDGE_CURVE('',#8386,#8387,#411,.T.);
#9705=EDGE_CURVE('',#8522,#8386,#6897,.T.);
#9707=EDGE_CURVE('',#8522,#8523,#6882,.T.);
#9709=EDGE_CURVE('',#8387,#8523,#6851,.T.);
#9713=ADVANCED_FACE('',(#9712),#9702,.F.);
#9719=EDGE_CURVE('',#8390,#8391,#419,.T.);
#9721=EDGE_CURVE('',#8518,#8390,#6805,.T.);
#9723=EDGE_CURVE('',#8518,#8519,#6790,.T.);
#9725=EDGE_CURVE('',#8391,#8519,#6759,.T.);
#9729=ADVANCED_FACE('',(#9728),#9718,.F.);
#9735=EDGE_CURVE('',#8394,#8395,#427,.T.);
#9737=EDGE_CURVE('',#8514,#8394,#6713,.T.);
#9739=EDGE_CURVE('',#8514,#8515,#6698,.T.);
#9741=EDGE_CURVE('',#8395,#8515,#6667,.T.);
#9745=ADVANCED_FACE('',(#9744),#9734,.F.);
#9751=EDGE_CURVE('',#8398,#8399,#435,.T.);
#9753=EDGE_CURVE('',#8510,#8398,#6621,.T.);
#9755=EDGE_CURVE('',#8510,#8511,#6606,.T.);
#9757=EDGE_CURVE('',#8399,#8511,#6575,.T.);
#9761=ADVANCED_FACE('',(#9760),#9750,.F.);
#9767=EDGE_CURVE('',#8402,#8403,#443,.T.);
#9769=EDGE_CURVE('',#8506,#8402,#6529,.T.);
#9771=EDGE_CURVE('',#8506,#8507,#6514,.T.);
#9773=EDGE_CURVE('',#8403,#8507,#6483,.T.);
#9777=ADVANCED_FACE('',(#9776),#9766,.F.);
#9783=EDGE_CURVE('',#8777,#8779,#451,.T.);
#9785=EDGE_CURVE('',#8502,#8777,#6437,.T.);
#9787=EDGE_CURVE('',#8502,#8503,#6422,.T.);
#9789=EDGE_CURVE('',#8779,#8503,#6391,.T.);
#9793=ADVANCED_FACE('',(#9792),#9782,.F.);
#9799=EDGE_CURVE('',#8781,#8783,#459,.T.);
#9801=EDGE_CURVE('',#8498,#8781,#6345,.T.);
#9803=EDGE_CURVE('',#8498,#8499,#6330,.T.);
#9805=EDGE_CURVE('',#8783,#8499,#6299,.T.);
#9809=ADVANCED_FACE('',(#9808),#9798,.F.);
#9815=EDGE_CURVE('',#8785,#8787,#467,.T.);
#9817=EDGE_CURVE('',#8494,#8785,#6253,.T.);
#9819=EDGE_CURVE('',#8494,#8495,#6238,.T.);
#9821=EDGE_CURVE('',#8787,#8495,#6207,.T.);
#9825=ADVANCED_FACE('',(#9824),#9814,.F.);
#9831=EDGE_CURVE('',#8789,#8791,#475,.T.);
#9833=EDGE_CURVE('',#8490,#8789,#6161,.T.);
#9835=EDGE_CURVE('',#8490,#8491,#6146,.T.);
#9837=EDGE_CURVE('',#8791,#8491,#6115,.T.);
#9841=ADVANCED_FACE('',(#9840),#9830,.F.);
#9847=EDGE_CURVE('',#8793,#8795,#483,.T.);
#9849=EDGE_CURVE('',#8486,#8793,#6069,.T.);
#9851=EDGE_CURVE('',#8486,#8487,#6054,.T.);
#9853=EDGE_CURVE('',#8795,#8487,#6023,.T.);
#9857=ADVANCED_FACE('',(#9856),#9846,.F.);
#9863=EDGE_CURVE('',#8797,#8479,#491,.T.);
#9865=EDGE_CURVE('',#8482,#8797,#5977,.T.);
#9867=EDGE_CURVE('',#8482,#8483,#5962,.T.);
#9869=EDGE_CURVE('',#8479,#8483,#5931,.T.);
#9873=ADVANCED_FACE('',(#9872),#9862,.F.);
#9879=EDGE_CURVE('',#8405,#8799,#499,.T.);
#9881=EDGE_CURVE('',#8626,#8405,#4648,.T.);
#9883=EDGE_CURVE('',#8626,#8627,#4633,.T.);
#9885=EDGE_CURVE('',#8799,#8627,#4602,.T.);
#9889=ADVANCED_FACE('',(#9888),#9878,.F.);
#9895=EDGE_CURVE('',#8801,#8803,#507,.T.);
#9897=EDGE_CURVE('',#8622,#8801,#4556,.T.);
#9899=EDGE_CURVE('',#8622,#8623,#4541,.T.);
#9901=EDGE_CURVE('',#8803,#8623,#4510,.T.);
#9905=ADVANCED_FACE('',(#9904),#9894,.F.);
#9911=EDGE_CURVE('',#8805,#8807,#515,.T.);
#9913=EDGE_CURVE('',#8618,#8805,#4464,.T.);
#9915=EDGE_CURVE('',#8618,#8619,#4449,.T.);
#9917=EDGE_CURVE('',#8807,#8619,#4418,.T.);
#9921=ADVANCED_FACE('',(#9920),#9910,.F.);
#9927=EDGE_CURVE('',#8809,#8811,#523,.T.);
#9929=EDGE_CURVE('',#8614,#8809,#4372,.T.);
#9931=EDGE_CURVE('',#8614,#8615,#4357,.T.);
#9933=EDGE_CURVE('',#8811,#8615,#4326,.T.);
#9937=ADVANCED_FACE('',(#9936),#9926,.F.);
#9943=EDGE_CURVE('',#8813,#8815,#531,.T.);
#9945=EDGE_CURVE('',#8610,#8813,#4280,.T.);
#9947=EDGE_CURVE('',#8610,#8611,#4265,.T.);
#9949=EDGE_CURVE('',#8815,#8611,#4234,.T.);
#9953=ADVANCED_FACE('',(#9952),#9942,.F.);
#9959=EDGE_CURVE('',#8817,#8819,#539,.T.);
#9961=EDGE_CURVE('',#8606,#8817,#4188,.T.);
#9963=EDGE_CURVE('',#8606,#8607,#4173,.T.);
#9965=EDGE_CURVE('',#8819,#8607,#4142,.T.);
#9969=ADVANCED_FACE('',(#9968),#9958,.F.);
#9975=EDGE_CURVE('',#8821,#8823,#547,.T.);
#9977=EDGE_CURVE('',#8602,#8821,#4096,.T.);
#9979=EDGE_CURVE('',#8602,#8603,#4081,.T.);
#9981=EDGE_CURVE('',#8823,#8603,#4050,.T.);
#9985=ADVANCED_FACE('',(#9984),#9974,.F.);
#9991=EDGE_CURVE('',#8825,#8827,#555,.T.);
#9993=EDGE_CURVE('',#8598,#8825,#4004,.T.);
#9995=EDGE_CURVE('',#8598,#8599,#3989,.T.);
#9997=EDGE_CURVE('',#8827,#8599,#3958,.T.);
#10001=ADVANCED_FACE('',(#10000),#9990,.F.);
#10007=EDGE_CURVE('',#8829,#8831,#563,.T.);
#10009=EDGE_CURVE('',#8594,#8829,#3912,.T.);
#10011=EDGE_CURVE('',#8594,#8595,#3897,.T.);
#10013=EDGE_CURVE('',#8831,#8595,#3866,.T.);
#10017=ADVANCED_FACE('',(#10016),#10006,.F.);
#10023=EDGE_CURVE('',#8833,#8835,#571,.T.);
#10025=EDGE_CURVE('',#8590,#8833,#3820,.T.);
#10027=EDGE_CURVE('',#8590,#8591,#3805,.T.);
#10029=EDGE_CURVE('',#8835,#8591,#3774,.T.);
#10033=ADVANCED_FACE('',(#10032),#10022,.F.);
#10039=EDGE_CURVE('',#8837,#8839,#579,.T.);
#10041=EDGE_CURVE('',#8586,#8837,#3728,.T.);
#10043=EDGE_CURVE('',#8586,#8587,#3713,.T.);
#10045=EDGE_CURVE('',#8839,#8587,#3682,.T.);
#10049=ADVANCED_FACE('',(#10048),#10038,.F.);
#10055=EDGE_CURVE('',#8841,#8843,#587,.T.);
#10057=EDGE_CURVE('',#8582,#8841,#3636,.T.);
#10059=EDGE_CURVE('',#8582,#8583,#3621,.T.);
#10061=EDGE_CURVE('',#8843,#8583,#3590,.T.);
#10065=ADVANCED_FACE('',(#10064),#10054,.F.);
#10071=EDGE_CURVE('',#8845,#8847,#595,.T.);
#10073=EDGE_CURVE('',#8578,#8845,#3544,.T.);
#10075=EDGE_CURVE('',#8578,#8579,#3529,.T.);
#10077=EDGE_CURVE('',#8847,#8579,#3498,.T.);
#10081=ADVANCED_FACE('',(#10080),#10070,.F.);
#10087=EDGE_CURVE('',#8849,#8851,#603,.T.);
#10089=EDGE_CURVE('',#8574,#8849,#3452,.T.);
#10091=EDGE_CURVE('',#8574,#8575,#3437,.T.);
#10093=EDGE_CURVE('',#8851,#8575,#3406,.T.);
#10097=ADVANCED_FACE('',(#10096),#10086,.F.);
#10103=EDGE_CURVE('',#8853,#8855,#611,.T.);
#10105=EDGE_CURVE('',#8570,#8853,#3360,.T.);
#10107=EDGE_CURVE('',#8570,#8571,#3345,.T.);
#10109=EDGE_CURVE('',#8855,#8571,#3314,.T.);
#10113=ADVANCED_FACE('',(#10112),#10102,.F.);
#10120=EDGE_CURVE('',#8087,#8346,#626,.T.);
#10123=EDGE_CURVE('',#8347,#8350,#7748,.T.);
#10126=EDGE_CURVE('',#8351,#8354,#7656,.T.);
#10129=EDGE_CURVE('',#8355,#8358,#7564,.T.);
#10132=EDGE_CURVE('',#8359,#8362,#7472,.T.);
#10135=EDGE_CURVE('',#8363,#8366,#7380,.T.);
#10138=EDGE_CURVE('',#8367,#8370,#7288,.T.);
#10141=EDGE_CURVE('',#8371,#8374,#7196,.T.);
#10144=EDGE_CURVE('',#8375,#8378,#7104,.T.);
#10147=EDGE_CURVE('',#8379,#8382,#7012,.T.);
#10150=EDGE_CURVE('',#8383,#8386,#6920,.T.);
#10153=EDGE_CURVE('',#8387,#8390,#6828,.T.);
#10156=EDGE_CURVE('',#8391,#8394,#6736,.T.);
#10159=EDGE_CURVE('',#8395,#8398,#6644,.T.);
#10162=EDGE_CURVE('',#8399,#8402,#6552,.T.);
#10165=EDGE_CURVE('',#8403,#8777,#6460,.T.);
#10168=EDGE_CURVE('',#8779,#8781,#6368,.T.);
#10171=EDGE_CURVE('',#8783,#8785,#6276,.T.);
#10174=EDGE_CURVE('',#8787,#8789,#6184,.T.);
#10177=EDGE_CURVE('',#8791,#8793,#6092,.T.);
#10180=EDGE_CURVE('',#8795,#8797,#6000,.T.);
#10183=EDGE_CURVE('',#8479,#8167,#5908,.T.);
#10186=EDGE_CURVE('',#8283,#8165,#5816,.T.);
#10189=EDGE_CURVE('',#8281,#8163,#5724,.T.);
#10192=EDGE_CURVE('',#8279,#8161,#5632,.T.);
#10195=EDGE_CURVE('',#8277,#8159,#5540,.T.);
#10198=EDGE_CURVE('',#8275,#8157,#5448,.T.);
#10201=EDGE_CURVE('',#8273,#8155,#5356,.T.);
#10204=EDGE_CURVE('',#8271,#8153,#5264,.T.);
#10207=EDGE_CURVE('',#8269,#8151,#5172,.T.);
#10210=EDGE_CURVE('',#8267,#8149,#5080,.T.);
#10213=EDGE_CURVE('',#8265,#8147,#4988,.T.);
#10216=EDGE_CURVE('',#8263,#8145,#4896,.T.);
#10219=EDGE_CURVE('',#8261,#8143,#1254,.T.);
#10222=EDGE_CURVE('',#8094,#8091,#2817,.T.);
#10224=EDGE_CURVE('',#8090,#8091,#2840,.T.);
#10226=EDGE_CURVE('',#8086,#8090,#618,.T.);
#10230=ADVANCED_FACE('',(#10229),#10118,.T.);
#10237=EDGE_CURVE('',#8087,#8931,#633,.T.);
#10239=EDGE_CURVE('',#8929,#8931,#641,.T.);
#10241=EDGE_CURVE('',#8346,#8929,#7824,.T.);
#10245=ADVANCED_FACE('',(#10244),#10235,.T.);
#10252=EDGE_CURVE('',#8567,#8715,#656,.T.);
#10254=EDGE_CURVE('',#8931,#8715,#664,.T.);
#10259=ADVANCED_FACE('',(#10258),#10250,.T.);
#10265=EDGE_CURVE('',#8714,#8715,#672,.T.);
#10269=EDGE_CURVE('',#8566,#8714,#687,.T.);
#10273=ADVANCED_FACE('',(#10272),#10264,.F.);
#10279=EDGE_CURVE('',#8098,#8099,#695,.T.);
#10281=EDGE_CURVE('',#8319,#8098,#703,.T.);
#10283=EDGE_CURVE('',#8319,#8035,#1338,.T.);
#10285=EDGE_CURVE('',#8034,#8035,#1300,.T.);
#10287=EDGE_CURVE('',#8034,#8099,#1292,.T.);
#10291=ADVANCED_FACE('',(#10290),#10278,.T.);
#10297=EDGE_CURVE('',#8106,#8107,#711,.T.);
#10299=EDGE_CURVE('',#8931,#8106,#719,.T.);
#10303=EDGE_CURVE('',#8714,#8107,#4755,.T.);
#10307=ADVANCED_FACE('',(#10306),#10296,.T.);
#10314=EDGE_CURVE('',#8285,#8169,#727,.T.);
#10316=EDGE_CURVE('',#8285,#7967,#4709,.T.);
#10318=EDGE_CURVE('',#7966,#7967,#4717,.T.);
#10322=ADVANCED_FACE('',(#10321),#10312,.T.);
#10328=EDGE_CURVE('',#7970,#8171,#2764,.T.);
#10330=EDGE_CURVE('',#8287,#8171,#735,.T.);
#10332=EDGE_CURVE('',#8287,#7971,#2810,.T.);
#10334=EDGE_CURVE('',#7970,#7971,#2772,.T.);
#10338=ADVANCED_FACE('',(#10337),#10327,.T.);
#10344=EDGE_CURVE('',#7974,#8173,#2672,.T.);
#10346=EDGE_CURVE('',#8289,#8173,#743,.T.);
#10348=EDGE_CURVE('',#8289,#7975,#2718,.T.);
#10350=EDGE_CURVE('',#7974,#7975,#2680,.T.);
#10354=ADVANCED_FACE('',(#10353),#10343,.T.);
#10360=EDGE_CURVE('',#7978,#8175,#2580,.T.);
#10362=EDGE_CURVE('',#8291,#8175,#751,.T.);
#10364=EDGE_CURVE('',#8291,#7979,#2626,.T.);
#10366=EDGE_CURVE('',#7978,#7979,#2588,.T.);
#10370=ADVANCED_FACE('',(#10369),#10359,.T.);
#10376=EDGE_CURVE('',#7982,#8177,#2488,.T.);
#10378=EDGE_CURVE('',#8293,#8177,#759,.T.);
#10380=EDGE_CURVE('',#8293,#7983,#2534,.T.);
#10382=EDGE_CURVE('',#7982,#7983,#2496,.T.);
#10386=ADVANCED_FACE('',(#10385),#10375,.T.);
#10392=EDGE_CURVE('',#7986,#8179,#2396,.T.);
#10394=EDGE_CURVE('',#8295,#8179,#767,.T.);
#10396=EDGE_CURVE('',#8295,#7987,#2442,.T.);
#10398=EDGE_CURVE('',#7986,#7987,#2404,.T.);
#10402=ADVANCED_FACE('',(#10401),#10391,.T.);
#10408=EDGE_CURVE('',#7990,#8181,#2304,.T.);
#10410=EDGE_CURVE('',#8297,#8181,#775,.T.);
#10412=EDGE_CURVE('',#8297,#7991,#2350,.T.);
#10414=EDGE_CURVE('',#7990,#7991,#2312,.T.);
#10418=ADVANCED_FACE('',(#10417),#10407,.T.);
#10424=EDGE_CURVE('',#7994,#8183,#2212,.T.);
#10426=EDGE_CURVE('',#8299,#8183,#783,.T.);
#10428=EDGE_CURVE('',#8299,#7995,#2258,.T.);
#10430=EDGE_CURVE('',#7994,#7995,#2220,.T.);
#10434=ADVANCED_FACE('',(#10433),#10423,.T.);
#10440=EDGE_CURVE('',#7998,#8185,#2120,.T.);
#10442=EDGE_CURVE('',#8301,#8185,#791,.T.);
#10444=EDGE_CURVE('',#8301,#7999,#2166,.T.);
#10446=EDGE_CURVE('',#7998,#7999,#2128,.T.);
#10450=ADVANCED_FACE('',(#10449),#10439,.T.);
#10456=EDGE_CURVE('',#8002,#8187,#2028,.T.);
#10458=EDGE_CURVE('',#8303,#8187,#799,.T.);
#10460=EDGE_CURVE('',#8303,#8003,#2074,.T.);
#10462=EDGE_CURVE('',#8002,#8003,#2036,.T.);
#10466=ADVANCED_FACE('',(#10465),#10455,.T.);
#10472=EDGE_CURVE('',#8006,#8189,#1936,.T.);
#10474=EDGE_CURVE('',#8305,#8189,#807,.T.);
#10476=EDGE_CURVE('',#8305,#8007,#1982,.T.);
#10478=EDGE_CURVE('',#8006,#8007,#1944,.T.);
#10482=ADVANCED_FACE('',(#10481),#10471,.T.);
#10488=EDGE_CURVE('',#8010,#8191,#1844,.T.);
#10490=EDGE_CURVE('',#8307,#8191,#815,.T.);
#10492=EDGE_CURVE('',#8307,#8011,#1890,.T.);
#10494=EDGE_CURVE('',#8010,#8011,#1852,.T.);
#10498=ADVANCED_FACE('',(#10497),#10487,.T.);
#10504=EDGE_CURVE('',#8014,#8193,#1752,.T.);
#10506=EDGE_CURVE('',#8309,#8193,#823,.T.);
#10508=EDGE_CURVE('',#8309,#8015,#1798,.T.);
#10510=EDGE_CURVE('',#8014,#8015,#1760,.T.);
#10514=ADVANCED_FACE('',(#10513),#10503,.T.);
#10520=EDGE_CURVE('',#8018,#8195,#1660,.T.);
#10522=EDGE_CURVE('',#8311,#8195,#831,.T.);
#10524=EDGE_CURVE('',#8311,#8019,#1706,.T.);
#10526=EDGE_CURVE('',#8018,#8019,#1668,.T.);
#10530=ADVANCED_FACE('',(#10529),#10519,.T.);
#10536=EDGE_CURVE('',#8022,#8197,#1568,.T.);
#10538=EDGE_CURVE('',#8313,#8197,#839,.T.);
#10540=EDGE_CURVE('',#8313,#8023,#1614,.T.);
#10542=EDGE_CURVE('',#8022,#8023,#1576,.T.);
#10546=ADVANCED_FACE('',(#10545),#10535,.T.);
#10552=EDGE_CURVE('',#8026,#8199,#1476,.T.);
#10554=EDGE_CURVE('',#8315,#8199,#847,.T.);
#10556=EDGE_CURVE('',#8315,#8027,#1522,.T.);
#10558=EDGE_CURVE('',#8026,#8027,#1484,.T.);
#10562=ADVANCED_FACE('',(#10561),#10551,.T.);
#10568=EDGE_CURVE('',#8030,#8201,#1384,.T.);
#10570=EDGE_CURVE('',#8317,#8201,#855,.T.);
#10572=EDGE_CURVE('',#8317,#8031,#1430,.T.);
#10574=EDGE_CURVE('',#8030,#8031,#1392,.T.);
#10578=ADVANCED_FACE('',(#10577),#10567,.T.);
#10584=EDGE_CURVE('',#8038,#8203,#4888,.T.);
#10586=EDGE_CURVE('',#8321,#8203,#863,.T.);
#10588=EDGE_CURVE('',#8321,#8039,#4842,.T.);
#10590=EDGE_CURVE('',#8038,#8039,#4850,.T.);
#10594=ADVANCED_FACE('',(#10593),#10583,.T.);
#10600=EDGE_CURVE('',#8042,#8205,#4980,.T.);
#10602=EDGE_CURVE('',#8323,#8205,#871,.T.);
#10604=EDGE_CURVE('',#8323,#8043,#4934,.T.);
#10606=EDGE_CURVE('',#8042,#8043,#4942,.T.);
#10610=ADVANCED_FACE('',(#10609),#10599,.T.);
#10616=EDGE_CURVE('',#8046,#8207,#5072,.T.);
#10618=EDGE_CURVE('',#8325,#8207,#879,.T.);
#10620=EDGE_CURVE('',#8325,#8047,#5026,.T.);
#10622=EDGE_CURVE('',#8046,#8047,#5034,.T.);
#10626=ADVANCED_FACE('',(#10625),#10615,.T.);
#10632=EDGE_CURVE('',#8050,#8209,#5164,.T.);
#10634=EDGE_CURVE('',#8327,#8209,#887,.T.);
#10636=EDGE_CURVE('',#8327,#8051,#5118,.T.);
#10638=EDGE_CURVE('',#8050,#8051,#5126,.T.);
#10642=ADVANCED_FACE('',(#10641),#10631,.T.);
#10648=EDGE_CURVE('',#8054,#8211,#5256,.T.);
#10650=EDGE_CURVE('',#8329,#8211,#895,.T.);
#10652=EDGE_CURVE('',#8329,#8055,#5210,.T.);
#10654=EDGE_CURVE('',#8054,#8055,#5218,.T.);
#10658=ADVANCED_FACE('',(#10657),#10647,.T.);
#10664=EDGE_CURVE('',#8058,#8213,#5348,.T.);
#10666=EDGE_CURVE('',#8331,#8213,#903,.T.);
#10668=EDGE_CURVE('',#8331,#8059,#5302,.T.);
#10670=EDGE_CURVE('',#8058,#8059,#5310,.T.);
#10674=ADVANCED_FACE('',(#10673),#10663,.T.);
#10680=EDGE_CURVE('',#8062,#8215,#5440,.T.);
#10682=EDGE_CURVE('',#8333,#8215,#911,.T.);
#10684=EDGE_CURVE('',#8333,#8063,#5394,.T.);
#10686=EDGE_CURVE('',#8062,#8063,#5402,.T.);
#10690=ADVANCED_FACE('',(#10689),#10679,.T.);
#10696=EDGE_CURVE('',#8066,#8217,#5532,.T.);
#10698=EDGE_CURVE('',#8335,#8217,#919,.T.);
#10700=EDGE_CURVE('',#8335,#8067,#5486,.T.);
#10702=EDGE_CURVE('',#8066,#8067,#5494,.T.);
#10706=ADVANCED_FACE('',(#10705),#10695,.T.);
#10712=EDGE_CURVE('',#8070,#8219,#5624,.T.);
#10714=EDGE_CURVE('',#8337,#8219,#927,.T.);
#10716=EDGE_CURVE('',#8337,#8071,#5578,.T.);
#10718=EDGE_CURVE('',#8070,#8071,#5586,.T.);
#10722=ADVANCED_FACE('',(#10721),#10711,.T.);
#10728=EDGE_CURVE('',#8074,#8221,#5716,.T.);
#10730=EDGE_CURVE('',#8339,#8221,#935,.T.);
#10732=EDGE_CURVE('',#8339,#8075,#5670,.T.);
#10734=EDGE_CURVE('',#8074,#8075,#5678,.T.);
#10738=ADVANCED_FACE('',(#10737),#10727,.T.);
#10744=EDGE_CURVE('',#8078,#8223,#5808,.T.);
#10746=EDGE_CURVE('',#8341,#8223,#943,.T.);
#10748=EDGE_CURVE('',#8341,#8079,#5762,.T.);
#10750=EDGE_CURVE('',#8078,#8079,#5770,.T.);
#10754=ADVANCED_FACE('',(#10753),#10743,.T.);
#10760=EDGE_CURVE('',#8082,#8225,#5900,.T.);
#10762=EDGE_CURVE('',#8343,#8225,#951,.T.);
#10764=EDGE_CURVE('',#8343,#8083,#5854,.T.);
#10766=EDGE_CURVE('',#8082,#8083,#5862,.T.);
#10770=ADVANCED_FACE('',(#10769),#10759,.T.);
#10776=EDGE_CURVE('',#8408,#8409,#959,.T.);
#10778=EDGE_CURVE('',#8408,#8631,#5946,.T.);
#10780=EDGE_CURVE('',#8630,#8631,#5954,.T.);
#10782=EDGE_CURVE('',#8630,#8409,#5992,.T.);
#10786=ADVANCED_FACE('',(#10785),#10775,.T.);
#10792=EDGE_CURVE('',#8412,#8413,#967,.T.);
#10794=EDGE_CURVE('',#8412,#8635,#6038,.T.);
#10796=EDGE_CURVE('',#8634,#8635,#6046,.T.);
#10798=EDGE_CURVE('',#8634,#8413,#6084,.T.);
#10802=ADVANCED_FACE('',(#10801),#10791,.T.);
#10808=EDGE_CURVE('',#8416,#8417,#975,.T.);
#10810=EDGE_CURVE('',#8416,#8639,#6130,.T.);
#10812=EDGE_CURVE('',#8638,#8639,#6138,.T.);
#10814=EDGE_CURVE('',#8638,#8417,#6176,.T.);
#10818=ADVANCED_FACE('',(#10817),#10807,.T.);
#10824=EDGE_CURVE('',#8420,#8421,#983,.T.);
#10826=EDGE_CURVE('',#8420,#8719,#3329,.T.);
#10828=EDGE_CURVE('',#8718,#8719,#3337,.T.);
#10830=EDGE_CURVE('',#8718,#8421,#3375,.T.);
#10834=ADVANCED_FACE('',(#10833),#10823,.T.);
#10840=EDGE_CURVE('',#8424,#8425,#991,.T.);
#10842=EDGE_CURVE('',#8424,#8723,#3421,.T.);
#10844=EDGE_CURVE('',#8722,#8723,#3429,.T.);
#10846=EDGE_CURVE('',#8722,#8425,#3467,.T.);
#10850=ADVANCED_FACE('',(#10849),#10839,.T.);
#10856=EDGE_CURVE('',#8428,#8429,#999,.T.);
#10858=EDGE_CURVE('',#8428,#8727,#3513,.T.);
#10860=EDGE_CURVE('',#8726,#8727,#3521,.T.);
#10862=EDGE_CURVE('',#8726,#8429,#3559,.T.);
#10866=ADVANCED_FACE('',(#10865),#10855,.T.);
#10872=EDGE_CURVE('',#8432,#8433,#1007,.T.);
#10874=EDGE_CURVE('',#8432,#8731,#3605,.T.);
#10876=EDGE_CURVE('',#8730,#8731,#3613,.T.);
#10878=EDGE_CURVE('',#8730,#8433,#3651,.T.);
#10882=ADVANCED_FACE('',(#10881),#10871,.T.);
#10888=EDGE_CURVE('',#8436,#8437,#1015,.T.);
#10890=EDGE_CURVE('',#8436,#8735,#3697,.T.);
#10892=EDGE_CURVE('',#8734,#8735,#3705,.T.);
#10894=EDGE_CURVE('',#8734,#8437,#3743,.T.);
#10898=ADVANCED_FACE('',(#10897),#10887,.T.);
#10904=EDGE_CURVE('',#8440,#8441,#1023,.T.);
#10906=EDGE_CURVE('',#8440,#8739,#3789,.T.);
#10908=EDGE_CURVE('',#8738,#8739,#3797,.T.);
#10910=EDGE_CURVE('',#8738,#8441,#3835,.T.);
#10914=ADVANCED_FACE('',(#10913),#10903,.T.);
#10920=EDGE_CURVE('',#8446,#8447,#1031,.T.);
#10922=EDGE_CURVE('',#8446,#8743,#3881,.T.);
#10924=EDGE_CURVE('',#8742,#8743,#3889,.T.);
#10926=EDGE_CURVE('',#8742,#8447,#3927,.T.);
#10930=ADVANCED_FACE('',(#10929),#10919,.T.);
#10936=EDGE_CURVE('',#8450,#8451,#1039,.T.);
#10938=EDGE_CURVE('',#8450,#8747,#3973,.T.);
#10940=EDGE_CURVE('',#8746,#8747,#3981,.T.);
#10942=EDGE_CURVE('',#8746,#8451,#4019,.T.);
#10946=ADVANCED_FACE('',(#10945),#10935,.T.);
#10952=EDGE_CURVE('',#8454,#8455,#1047,.T.);
#10954=EDGE_CURVE('',#8454,#8751,#4065,.T.);
#10956=EDGE_CURVE('',#8750,#8751,#4073,.T.);
#10958=EDGE_CURVE('',#8750,#8455,#4111,.T.);
#10962=ADVANCED_FACE('',(#10961),#10951,.T.);
#10968=EDGE_CURVE('',#8458,#8459,#1055,.T.);
#10970=EDGE_CURVE('',#8458,#8755,#4157,.T.);
#10972=EDGE_CURVE('',#8754,#8755,#4165,.T.);
#10974=EDGE_CURVE('',#8754,#8459,#4203,.T.);
#10978=ADVANCED_FACE('',(#10977),#10967,.T.);
#10984=EDGE_CURVE('',#8462,#8463,#1063,.T.);
#10986=EDGE_CURVE('',#8462,#8759,#4249,.T.);
#10988=EDGE_CURVE('',#8758,#8759,#4257,.T.);
#10990=EDGE_CURVE('',#8758,#8463,#4295,.T.);
#10994=ADVANCED_FACE('',(#10993),#10983,.T.);
#11000=EDGE_CURVE('',#8466,#8467,#1071,.T.);
#11002=EDGE_CURVE('',#8466,#8763,#4341,.T.);
#11004=EDGE_CURVE('',#8762,#8763,#4349,.T.);
#11006=EDGE_CURVE('',#8762,#8467,#4387,.T.);
#11010=ADVANCED_FACE('',(#11009),#10999,.T.);
#11016=EDGE_CURVE('',#8470,#8471,#1079,.T.);
#11018=EDGE_CURVE('',#8470,#8767,#4433,.T.);
#11020=EDGE_CURVE('',#8766,#8767,#4441,.T.);
#11022=EDGE_CURVE('',#8766,#8471,#4479,.T.);
#11026=ADVANCED_FACE('',(#11025),#11015,.T.);
#11032=EDGE_CURVE('',#8474,#8475,#1087,.T.);
#11034=EDGE_CURVE('',#8474,#8771,#4525,.T.);
#11036=EDGE_CURVE('',#8770,#8771,#4533,.T.);
#11038=EDGE_CURVE('',#8770,#8475,#4571,.T.);
#11042=ADVANCED_FACE('',(#11041),#11031,.T.);
#11048=EDGE_CURVE('',#8477,#8443,#1095,.T.);
#11050=EDGE_CURVE('',#8477,#8775,#4617,.T.);
#11052=EDGE_CURVE('',#8774,#8775,#4625,.T.);
#11054=EDGE_CURVE('',#8774,#8443,#4663,.T.);
#11058=ADVANCED_FACE('',(#11057),#11047,.T.);
#11064=EDGE_CURVE('',#8859,#8861,#1103,.T.);
#11066=EDGE_CURVE('',#8859,#8643,#6222,.T.);
#11068=EDGE_CURVE('',#8642,#8643,#6230,.T.);
#11070=EDGE_CURVE('',#8642,#8861,#6268,.T.);
#11074=ADVANCED_FACE('',(#11073),#11063,.T.);
#11080=EDGE_CURVE('',#8863,#8865,#1111,.T.);
#11082=EDGE_CURVE('',#8863,#8647,#6314,.T.);
#11084=EDGE_CURVE('',#8646,#8647,#6322,.T.);
#11086=EDGE_CURVE('',#8646,#8865,#6360,.T.);
#11090=ADVANCED_FACE('',(#11089),#11079,.T.);
#11096=EDGE_CURVE('',#8867,#8869,#1119,.T.);
#11098=EDGE_CURVE('',#8867,#8651,#6406,.T.);
#11100=EDGE_CURVE('',#8650,#8651,#6414,.T.);
#11102=EDGE_CURVE('',#8650,#8869,#6452,.T.);
#11106=ADVANCED_FACE('',(#11105),#11095,.T.);
#11112=EDGE_CURVE('',#8871,#8873,#1127,.T.);
#11114=EDGE_CURVE('',#8871,#8655,#6498,.T.);
#11116=EDGE_CURVE('',#8654,#8655,#6506,.T.);
#11118=EDGE_CURVE('',#8654,#8873,#6544,.T.);
#11122=ADVANCED_FACE('',(#11121),#11111,.T.);
#11128=EDGE_CURVE('',#8875,#8877,#1135,.T.);
#11130=EDGE_CURVE('',#8875,#8659,#6590,.T.);
#11132=EDGE_CURVE('',#8658,#8659,#6598,.T.);
#11134=EDGE_CURVE('',#8658,#8877,#6636,.T.);
#11138=ADVANCED_FACE('',(#11137),#11127,.T.);
#11144=EDGE_CURVE('',#8879,#8881,#1143,.T.);
#11146=EDGE_CURVE('',#8879,#8663,#6682,.T.);
#11148=EDGE_CURVE('',#8662,#8663,#6690,.T.);
#11150=EDGE_CURVE('',#8662,#8881,#6728,.T.);
#11154=ADVANCED_FACE('',(#11153),#11143,.T.);
#11160=EDGE_CURVE('',#8883,#8885,#1151,.T.);
#11162=EDGE_CURVE('',#8883,#8667,#6774,.T.);
#11164=EDGE_CURVE('',#8666,#8667,#6782,.T.);
#11166=EDGE_CURVE('',#8666,#8885,#6820,.T.);
#11170=ADVANCED_FACE('',(#11169),#11159,.T.);
#11176=EDGE_CURVE('',#8887,#8889,#1159,.T.);
#11178=EDGE_CURVE('',#8887,#8671,#6866,.T.);
#11180=EDGE_CURVE('',#8670,#8671,#6874,.T.);
#11182=EDGE_CURVE('',#8670,#8889,#6912,.T.);
#11186=ADVANCED_FACE('',(#11185),#11175,.T.);
#11192=EDGE_CURVE('',#8891,#8893,#1167,.T.);
#11194=EDGE_CURVE('',#8891,#8675,#6958,.T.);
#11196=EDGE_CURVE('',#8674,#8675,#6966,.T.);
#11198=EDGE_CURVE('',#8674,#8893,#7004,.T.);
#11202=ADVANCED_FACE('',(#11201),#11191,.T.);
#11208=EDGE_CURVE('',#8895,#8897,#1175,.T.);
#11210=EDGE_CURVE('',#8895,#8679,#7050,.T.);
#11212=EDGE_CURVE('',#8678,#8679,#7058,.T.);
#11214=EDGE_CURVE('',#8678,#8897,#7096,.T.);
#11218=ADVANCED_FACE('',(#11217),#11207,.T.);
#11224=EDGE_CURVE('',#8899,#8901,#1183,.T.);
#11226=EDGE_CURVE('',#8899,#8683,#7142,.T.);
#11228=EDGE_CURVE('',#8682,#8683,#7150,.T.);
#11230=EDGE_CURVE('',#8682,#8901,#7188,.T.);
#11234=ADVANCED_FACE('',(#11233),#11223,.T.);
#11240=EDGE_CURVE('',#8903,#8905,#1191,.T.);
#11242=EDGE_CURVE('',#8903,#8687,#7234,.T.);
#11244=EDGE_CURVE('',#8686,#8687,#7242,.T.);
#11246=EDGE_CURVE('',#8686,#8905,#7280,.T.);
#11250=ADVANCED_FACE('',(#11249),#11239,.T.);
#11256=EDGE_CURVE('',#8907,#8909,#1199,.T.);
#11258=EDGE_CURVE('',#8907,#8691,#7326,.T.);
#11260=EDGE_CURVE('',#8690,#8691,#7334,.T.);
#11262=EDGE_CURVE('',#8690,#8909,#7372,.T.);
#11266=ADVANCED_FACE('',(#11265),#11255,.T.);
#11272=EDGE_CURVE('',#8911,#8913,#1207,.T.);
#11274=EDGE_CURVE('',#8911,#8695,#7418,.T.);
#11276=EDGE_CURVE('',#8694,#8695,#7426,.T.);
#11278=EDGE_CURVE('',#8694,#8913,#7464,.T.);
#11282=ADVANCED_FACE('',(#11281),#11271,.T.);
#11288=EDGE_CURVE('',#8915,#8917,#1215,.T.);
#11290=EDGE_CURVE('',#8915,#8699,#7510,.T.);
#11292=EDGE_CURVE('',#8698,#8699,#7518,.T.);
#11294=EDGE_CURVE('',#8698,#8917,#7556,.T.);
#11298=ADVANCED_FACE('',(#11297),#11287,.T.);
#11304=EDGE_CURVE('',#8919,#8921,#1223,.T.);
#11306=EDGE_CURVE('',#8919,#8703,#7602,.T.);
#11308=EDGE_CURVE('',#8702,#8703,#7610,.T.);
#11310=EDGE_CURVE('',#8702,#8921,#7648,.T.);
#11314=ADVANCED_FACE('',(#11313),#11303,.T.);
#11320=EDGE_CURVE('',#8923,#8925,#1231,.T.);
#11322=EDGE_CURVE('',#8923,#8707,#7694,.T.);
#11324=EDGE_CURVE('',#8706,#8707,#7702,.T.);
#11326=EDGE_CURVE('',#8706,#8925,#7740,.T.);
#11330=ADVANCED_FACE('',(#11329),#11319,.T.);
#11336=EDGE_CURVE('',#8927,#8929,#1239,.T.);
#11338=EDGE_CURVE('',#8927,#8711,#7786,.T.);
#11340=EDGE_CURVE('',#8710,#8711,#7794,.T.);
#11342=EDGE_CURVE('',#8710,#8929,#7832,.T.);
#11346=ADVANCED_FACE('',(#11345),#11335,.T.);
#11353=EDGE_CURVE('',#8099,#8321,#1269,.T.);
#11356=EDGE_CURVE('',#8203,#8323,#4911,.T.);
#11359=EDGE_CURVE('',#8205,#8325,#5003,.T.);
#11362=EDGE_CURVE('',#8207,#8327,#5095,.T.);
#11365=EDGE_CURVE('',#8209,#8329,#5187,.T.);
#11368=EDGE_CURVE('',#8211,#8331,#5279,.T.);
#11371=EDGE_CURVE('',#8213,#8333,#5371,.T.);
#11374=EDGE_CURVE('',#8215,#8335,#5463,.T.);
#11377=EDGE_CURVE('',#8217,#8337,#5555,.T.);
#11380=EDGE_CURVE('',#8219,#8339,#5647,.T.);
#11383=EDGE_CURVE('',#8221,#8341,#5739,.T.);
#11386=EDGE_CURVE('',#8223,#8343,#5831,.T.);
#11389=EDGE_CURVE('',#8225,#8408,#5923,.T.);
#11392=EDGE_CURVE('',#8409,#8412,#6015,.T.);
#11395=EDGE_CURVE('',#8413,#8416,#6107,.T.);
#11398=EDGE_CURVE('',#8417,#8859,#6199,.T.);
#11401=EDGE_CURVE('',#8861,#8863,#6291,.T.);
#11404=EDGE_CURVE('',#8865,#8867,#6383,.T.);
#11407=EDGE_CURVE('',#8869,#8871,#6475,.T.);
#11410=EDGE_CURVE('',#8873,#8875,#6567,.T.);
#11413=EDGE_CURVE('',#8877,#8879,#6659,.T.);
#11416=EDGE_CURVE('',#8881,#8883,#6751,.T.);
#11419=EDGE_CURVE('',#8885,#8887,#6843,.T.);
#11422=EDGE_CURVE('',#8889,#8891,#6935,.T.);
#11425=EDGE_CURVE('',#8893,#8895,#7027,.T.);
#11428=EDGE_CURVE('',#8897,#8899,#7119,.T.);
#11431=EDGE_CURVE('',#8901,#8903,#7211,.T.);
#11434=EDGE_CURVE('',#8905,#8907,#7303,.T.);
#11437=EDGE_CURVE('',#8909,#8911,#7395,.T.);
#11440=EDGE_CURVE('',#8913,#8915,#7487,.T.);
#11443=EDGE_CURVE('',#8917,#8919,#7579,.T.);
#11446=EDGE_CURVE('',#8921,#8923,#7671,.T.);
#11449=EDGE_CURVE('',#8925,#8927,#7763,.T.);
#11454=EDGE_CURVE('',#8106,#8103,#3283,.T.);
#11456=EDGE_CURVE('',#8102,#8103,#4763,.T.);
#11458=EDGE_CURVE('',#8098,#8102,#1246,.T.);
#11462=ADVANCED_FACE('',(#11461),#11351,.T.);
#11468=EDGE_CURVE('',#8143,#8099,#1284,.T.);
#11471=EDGE_CURVE('',#8261,#8321,#1261,.T.);
#11476=ADVANCED_FACE('',(#11475),#11467,.T.);
#11485=EDGE_CURVE('',#7910,#8034,#1315,.T.);
#11489=ADVANCED_FACE('',(#11488),#11481,.T.);
#11496=EDGE_CURVE('',#7911,#8035,#1330,.T.);
#11502=ADVANCED_FACE('',(#11501),#11494,.F.);
#11511=EDGE_CURVE('',#8095,#8319,#1353,.T.);
#11515=ADVANCED_FACE('',(#11514),#11507,.T.);
#11521=EDGE_CURVE('',#8141,#8201,#1376,.T.);
#11523=EDGE_CURVE('',#8095,#8141,#1346,.T.);
#11526=EDGE_CURVE('',#8201,#8319,#1361,.T.);
#11530=ADVANCED_FACE('',(#11529),#11520,.T.);
#11539=EDGE_CURVE('',#7906,#8030,#1407,.T.);
#11543=ADVANCED_FACE('',(#11542),#11535,.T.);
#11550=EDGE_CURVE('',#7907,#8031,#1422,.T.);
#11556=ADVANCED_FACE('',(#11555),#11548,.F.);
#11565=EDGE_CURVE('',#8259,#8317,#1445,.T.);
#11569=ADVANCED_FACE('',(#11568),#11561,.T.);
#11575=EDGE_CURVE('',#8139,#8199,#1468,.T.);
#11577=EDGE_CURVE('',#8259,#8139,#1438,.T.);
#11580=EDGE_CURVE('',#8199,#8317,#1453,.T.);
#11584=ADVANCED_FACE('',(#11583),#11574,.T.);
#11593=EDGE_CURVE('',#7902,#8026,#1499,.T.);
#11597=ADVANCED_FACE('',(#11596),#11589,.T.);
#11604=EDGE_CURVE('',#7903,#8027,#1514,.T.);
#11610=ADVANCED_FACE('',(#11609),#11602,.F.);
#11619=EDGE_CURVE('',#8257,#8315,#1537,.T.);
#11623=ADVANCED_FACE('',(#11622),#11615,.T.);
#11629=EDGE_CURVE('',#8137,#8197,#1560,.T.);
#11631=EDGE_CURVE('',#8257,#8137,#1530,.T.);
#11634=EDGE_CURVE('',#8197,#8315,#1545,.T.);
#11638=ADVANCED_FACE('',(#11637),#11628,.T.);
#11647=EDGE_CURVE('',#7898,#8022,#1591,.T.);
#11651=ADVANCED_FACE('',(#11650),#11643,.T.);
#11658=EDGE_CURVE('',#7899,#8023,#1606,.T.);
#11664=ADVANCED_FACE('',(#11663),#11656,.F.);
#11673=EDGE_CURVE('',#8255,#8313,#1629,.T.);
#11677=ADVANCED_FACE('',(#11676),#11669,.T.);
#11683=EDGE_CURVE('',#8135,#8195,#1652,.T.);
#11685=EDGE_CURVE('',#8255,#8135,#1622,.T.);
#11688=EDGE_CURVE('',#8195,#8313,#1637,.T.);
#11692=ADVANCED_FACE('',(#11691),#11682,.T.);
#11701=EDGE_CURVE('',#7894,#8018,#1683,.T.);
#11705=ADVANCED_FACE('',(#11704),#11697,.T.);
#11712=EDGE_CURVE('',#7895,#8019,#1698,.T.);
#11718=ADVANCED_FACE('',(#11717),#11710,.F.);
#11727=EDGE_CURVE('',#8253,#8311,#1721,.T.);
#11731=ADVANCED_FACE('',(#11730),#11723,.T.);
#11737=EDGE_CURVE('',#8133,#8193,#1744,.T.);
#11739=EDGE_CURVE('',#8253,#8133,#1714,.T.);
#11742=EDGE_CURVE('',#8193,#8311,#1729,.T.);
#11746=ADVANCED_FACE('',(#11745),#11736,.T.);
#11755=EDGE_CURVE('',#7890,#8014,#1775,.T.);
#11759=ADVANCED_FACE('',(#11758),#11751,.T.);
#11766=EDGE_CURVE('',#7891,#8015,#1790,.T.);
#11772=ADVANCED_FACE('',(#11771),#11764,.F.);
#11781=EDGE_CURVE('',#8251,#8309,#1813,.T.);
#11785=ADVANCED_FACE('',(#11784),#11777,.T.);
#11791=EDGE_CURVE('',#8131,#8191,#1836,.T.);
#11793=EDGE_CURVE('',#8251,#8131,#1806,.T.);
#11796=EDGE_CURVE('',#8191,#8309,#1821,.T.);
#11800=ADVANCED_FACE('',(#11799),#11790,.T.);
#11809=EDGE_CURVE('',#7886,#8010,#1867,.T.);
#11813=ADVANCED_FACE('',(#11812),#11805,.T.);
#11820=EDGE_CURVE('',#7887,#8011,#1882,.T.);
#11826=ADVANCED_FACE('',(#11825),#11818,.F.);
#11835=EDGE_CURVE('',#8249,#8307,#1905,.T.);
#11839=ADVANCED_FACE('',(#11838),#11831,.T.);
#11845=EDGE_CURVE('',#8129,#8189,#1928,.T.);
#11847=EDGE_CURVE('',#8249,#8129,#1898,.T.);
#11850=EDGE_CURVE('',#8189,#8307,#1913,.T.);
#11854=ADVANCED_FACE('',(#11853),#11844,.T.);
#11863=EDGE_CURVE('',#7882,#8006,#1959,.T.);
#11867=ADVANCED_FACE('',(#11866),#11859,.T.);
#11874=EDGE_CURVE('',#7883,#8007,#1974,.T.);
#11880=ADVANCED_FACE('',(#11879),#11872,.F.);
#11889=EDGE_CURVE('',#8247,#8305,#1997,.T.);
#11893=ADVANCED_FACE('',(#11892),#11885,.T.);
#11899=EDGE_CURVE('',#8127,#8187,#2020,.T.);
#11901=EDGE_CURVE('',#8247,#8127,#1990,.T.);
#11904=EDGE_CURVE('',#8187,#8305,#2005,.T.);
#11908=ADVANCED_FACE('',(#11907),#11898,.T.);
#11917=EDGE_CURVE('',#7878,#8002,#2051,.T.);
#11921=ADVANCED_FACE('',(#11920),#11913,.T.);
#11928=EDGE_CURVE('',#7879,#8003,#2066,.T.);
#11934=ADVANCED_FACE('',(#11933),#11926,.F.);
#11943=EDGE_CURVE('',#8245,#8303,#2089,.T.);
#11947=ADVANCED_FACE('',(#11946),#11939,.T.);
#11953=EDGE_CURVE('',#8125,#8185,#2112,.T.);
#11955=EDGE_CURVE('',#8245,#8125,#2082,.T.);
#11958=EDGE_CURVE('',#8185,#8303,#2097,.T.);
#11962=ADVANCED_FACE('',(#11961),#11952,.T.);
#11971=EDGE_CURVE('',#7874,#7998,#2143,.T.);
#11975=ADVANCED_FACE('',(#11974),#11967,.T.);
#11982=EDGE_CURVE('',#7875,#7999,#2158,.T.);
#11988=ADVANCED_FACE('',(#11987),#11980,.F.);
#11997=EDGE_CURVE('',#8243,#8301,#2181,.T.);
#12001=ADVANCED_FACE('',(#12000),#11993,.T.);
#12007=EDGE_CURVE('',#8123,#8183,#2204,.T.);
#12009=EDGE_CURVE('',#8243,#8123,#2174,.T.);
#12012=EDGE_CURVE('',#8183,#8301,#2189,.T.);
#12016=ADVANCED_FACE('',(#12015),#12006,.T.);
#12025=EDGE_CURVE('',#7870,#7994,#2235,.T.);
#12029=ADVANCED_FACE('',(#12028),#12021,.T.);
#12036=EDGE_CURVE('',#7871,#7995,#2250,.T.);
#12042=ADVANCED_FACE('',(#12041),#12034,.F.);
#12051=EDGE_CURVE('',#8241,#8299,#2273,.T.);
#12055=ADVANCED_FACE('',(#12054),#12047,.T.);
#12061=EDGE_CURVE('',#8121,#8181,#2296,.T.);
#12063=EDGE_CURVE('',#8241,#8121,#2266,.T.);
#12066=EDGE_CURVE('',#8181,#8299,#2281,.T.);
#12070=ADVANCED_FACE('',(#12069),#12060,.T.);
#12079=EDGE_CURVE('',#7866,#7990,#2327,.T.);
#12083=ADVANCED_FACE('',(#12082),#12075,.T.);
#12090=EDGE_CURVE('',#7867,#7991,#2342,.T.);
#12096=ADVANCED_FACE('',(#12095),#12088,.F.);
#12105=EDGE_CURVE('',#8239,#8297,#2365,.T.);
#12109=ADVANCED_FACE('',(#12108),#12101,.T.);
#12115=EDGE_CURVE('',#8119,#8179,#2388,.T.);
#12117=EDGE_CURVE('',#8239,#8119,#2358,.T.);
#12120=EDGE_CURVE('',#8179,#8297,#2373,.T.);
#12124=ADVANCED_FACE('',(#12123),#12114,.T.);
#12133=EDGE_CURVE('',#7862,#7986,#2419,.T.);
#12137=ADVANCED_FACE('',(#12136),#12129,.T.);
#12144=EDGE_CURVE('',#7863,#7987,#2434,.T.);
#12150=ADVANCED_FACE('',(#12149),#12142,.F.);
#12159=EDGE_CURVE('',#8237,#8295,#2457,.T.);
#12163=ADVANCED_FACE('',(#12162),#12155,.T.);
#12169=EDGE_CURVE('',#8117,#8177,#2480,.T.);
#12171=EDGE_CURVE('',#8237,#8117,#2450,.T.);
#12174=EDGE_CURVE('',#8177,#8295,#2465,.T.);
#12178=ADVANCED_FACE('',(#12177),#12168,.T.);
#12187=EDGE_CURVE('',#7858,#7982,#2511,.T.);
#12191=ADVANCED_FACE('',(#12190),#12183,.T.);
#12198=EDGE_CURVE('',#7859,#7983,#2526,.T.);
#12204=ADVANCED_FACE('',(#12203),#12196,.F.);
#12213=EDGE_CURVE('',#8235,#8293,#2549,.T.);
#12217=ADVANCED_FACE('',(#12216),#12209,.T.);
#12223=EDGE_CURVE('',#8115,#8175,#2572,.T.);
#12225=EDGE_CURVE('',#8235,#8115,#2542,.T.);
#12228=EDGE_CURVE('',#8175,#8293,#2557,.T.);
#12232=ADVANCED_FACE('',(#12231),#12222,.T.);
#12241=EDGE_CURVE('',#7854,#7978,#2603,.T.);
#12245=ADVANCED_FACE('',(#12244),#12237,.T.);
#12252=EDGE_CURVE('',#7855,#7979,#2618,.T.);
#12258=ADVANCED_FACE('',(#12257),#12250,.F.);
#12267=EDGE_CURVE('',#8233,#8291,#2641,.T.);
#12271=ADVANCED_FACE('',(#12270),#12263,.T.);
#12277=EDGE_CURVE('',#8113,#8173,#2664,.T.);
#12279=EDGE_CURVE('',#8233,#8113,#2634,.T.);
#12282=EDGE_CURVE('',#8173,#8291,#2649,.T.);
#12286=ADVANCED_FACE('',(#12285),#12276,.T.);
#12295=EDGE_CURVE('',#7850,#7974,#2695,.T.);
#12299=ADVANCED_FACE('',(#12298),#12291,.T.);
#12306=EDGE_CURVE('',#7851,#7975,#2710,.T.);
#12312=ADVANCED_FACE('',(#12311),#12304,.F.);
#12321=EDGE_CURVE('',#8231,#8289,#2733,.T.);
#12325=ADVANCED_FACE('',(#12324),#12317,.T.);
#12331=EDGE_CURVE('',#8111,#8171,#2756,.T.);
#12333=EDGE_CURVE('',#8231,#8111,#2726,.T.);
#12336=EDGE_CURVE('',#8171,#8289,#2741,.T.);
#12340=ADVANCED_FACE('',(#12339),#12330,.T.);
#12349=EDGE_CURVE('',#7846,#7970,#2787,.T.);
#12353=ADVANCED_FACE('',(#12352),#12345,.T.);
#12360=EDGE_CURVE('',#7847,#7971,#2802,.T.);
#12366=ADVANCED_FACE('',(#12365),#12358,.F.);
#12378=ADVANCED_FACE('',(#12377),#12371,.T.);
#12384=EDGE_CURVE('',#8091,#8090,#2825,.T.);
#12422=EDGE_CURVE('',#8227,#8405,#4686,.T.);
#12425=EDGE_CURVE('',#8799,#8801,#4579,.T.);
#12428=EDGE_CURVE('',#8803,#8805,#4487,.T.);
#12431=EDGE_CURVE('',#8807,#8809,#4395,.T.);
#12434=EDGE_CURVE('',#8811,#8813,#4303,.T.);
#12437=EDGE_CURVE('',#8815,#8817,#4211,.T.);
#12440=EDGE_CURVE('',#8819,#8821,#4119,.T.);
#12443=EDGE_CURVE('',#8823,#8825,#4027,.T.);
#12446=EDGE_CURVE('',#8827,#8829,#3935,.T.);
#12449=EDGE_CURVE('',#8831,#8833,#3843,.T.);
#12452=EDGE_CURVE('',#8835,#8837,#3751,.T.);
#12455=EDGE_CURVE('',#8839,#8841,#3659,.T.);
#12458=EDGE_CURVE('',#8843,#8845,#3567,.T.);
#12461=EDGE_CURVE('',#8847,#8849,#3475,.T.);
#12464=EDGE_CURVE('',#8851,#8853,#3383,.T.);
#12467=EDGE_CURVE('',#8855,#8857,#3291,.T.);
#12473=ADVANCED_FACE('',(#12472),#12383,.T.);
#12480=EDGE_CURVE('',#8090,#7838,#2832,.T.);
#12482=EDGE_CURVE('',#7838,#7839,#2855,.T.);
#12484=EDGE_CURVE('',#8091,#7839,#2847,.T.);
#12488=ADVANCED_FACE('',(#12487),#12478,.T.);
#12496=EDGE_CURVE('',#7839,#7838,#2863,.T.);
#12501=ADVANCED_FACE('',(#12500),#12493,.T.);
#12511=EDGE_CURVE('',#8938,#8939,#2871,.T.);
#12513=EDGE_CURVE('',#8939,#8938,#2879,.T.);
#12517=ADVANCED_FACE('',(#12510,#12516),#12506,.T.);
#12524=EDGE_CURVE('',#8938,#8934,#2886,.T.);
#12526=EDGE_CURVE('',#8934,#8935,#2901,.T.);
#12528=EDGE_CURVE('',#8939,#8935,#2893,.T.);
#12532=ADVANCED_FACE('',(#12531),#12522,.F.);
#12540=EDGE_CURVE('',#8935,#8934,#2909,.T.);
#12545=ADVANCED_FACE('',(#12544),#12537,.F.);
#12555=EDGE_CURVE('',#9002,#9003,#2917,.T.);
#12557=EDGE_CURVE('',#9003,#9002,#2925,.T.);
#12561=ADVANCED_FACE('',(#12554,#12560),#12550,.T.);
#12568=EDGE_CURVE('',#9007,#9003,#2939,.T.);
#12570=EDGE_CURVE('',#9006,#9007,#2963,.T.);
#12572=EDGE_CURVE('',#9006,#9002,#2932,.T.);
#12576=ADVANCED_FACE('',(#12575),#12566,.F.);
#12584=EDGE_CURVE('',#9007,#9006,#2971,.T.);
#12589=ADVANCED_FACE('',(#12588),#12581,.F.);
#12595=EDGE_CURVE('',#8994,#8995,#2947,.T.);
#12597=EDGE_CURVE('',#8995,#8994,#2955,.T.);
#12605=ADVANCED_FACE('',(#12600,#12604),#12594,.T.);
#12611=EDGE_CURVE('',#8998,#8999,#3002,.T.);
#12613=EDGE_CURVE('',#8998,#8994,#2978,.T.);
#12616=EDGE_CURVE('',#8999,#8995,#4819,.T.);
#12620=ADVANCED_FACE('',(#12619),#12610,.F.);
#12626=EDGE_CURVE('',#8942,#8943,#2986,.T.);
#12628=EDGE_CURVE('',#8943,#8942,#2994,.T.);
#12633=EDGE_CURVE('',#8999,#8998,#3010,.T.);
#12637=ADVANCED_FACE('',(#12631,#12636),#12625,.T.);
#12643=EDGE_CURVE('',#8958,#8959,#3018,.T.);
#12645=EDGE_CURVE('',#8958,#8942,#3025,.T.);
#12648=EDGE_CURVE('',#8947,#8943,#3222,.T.);
#12650=EDGE_CURVE('',#8946,#8947,#3253,.T.);
#12652=EDGE_CURVE('',#8946,#8962,#3032,.T.);
#12654=EDGE_CURVE('',#8962,#8963,#3040,.T.);
#12656=EDGE_CURVE('',#8963,#8959,#3047,.T.);
#12660=ADVANCED_FACE('',(#12659),#12642,.T.);
#12667=EDGE_CURVE('',#8951,#8959,#3054,.T.);
#12669=EDGE_CURVE('',#8950,#8951,#3061,.T.);
#12671=EDGE_CURVE('',#8965,#8950,#3068,.T.);
#12673=EDGE_CURVE('',#8965,#8958,#3200,.T.);
#12677=EDGE_CURVE('',#8970,#8971,#3076,.T.);
#12679=EDGE_CURVE('',#8971,#8970,#3084,.T.);
#12683=EDGE_CURVE('',#8974,#8975,#3092,.T.);
#12685=EDGE_CURVE('',#8975,#8974,#3100,.T.);
#12689=EDGE_CURVE('',#8978,#8979,#3108,.T.);
#12691=EDGE_CURVE('',#8979,#8978,#3116,.T.);
#12695=ADVANCED_FACE('',(#12676,#12682,#12688,#12694),#12665,.T.);
#12702=EDGE_CURVE('',#8955,#8963,#3144,.T.);
#12704=EDGE_CURVE('',#8951,#8955,#3123,.T.);
#12709=ADVANCED_FACE('',(#12708),#12700,.T.);
#12716=EDGE_CURVE('',#8967,#8962,#3215,.T.);
#12718=EDGE_CURVE('',#8967,#8954,#3130,.T.);
#12720=EDGE_CURVE('',#8954,#8955,#3137,.T.);
#12725=EDGE_CURVE('',#8982,#8983,#3152,.T.);
#12727=EDGE_CURVE('',#8983,#8982,#3160,.T.);
#12731=EDGE_CURVE('',#8986,#8987,#3168,.T.);
#12733=EDGE_CURVE('',#8987,#8986,#3176,.T.);
#12737=EDGE_CURVE('',#8990,#8991,#3184,.T.);
#12739=EDGE_CURVE('',#8991,#8990,#3192,.T.);
#12743=ADVANCED_FACE('',(#12724,#12730,#12736,#12742),#12714,.F.);
#12750=EDGE_CURVE('',#8967,#8965,#3207,.T.);
#12754=EDGE_CURVE('',#8947,#8946,#3261,.T.);
#12761=ADVANCED_FACE('',(#12760),#12748,.T.);
#12769=EDGE_CURVE('',#8950,#8954,#3229,.T.);
#12774=ADVANCED_FACE('',(#12773),#12766,.T.);
#12786=ADVANCED_FACE('',(#12785),#12779,.T.);
#12792=EDGE_CURVE('',#7962,#7963,#3237,.T.);
#12794=EDGE_CURVE('',#7963,#7962,#3245,.T.);
#12802=ADVANCED_FACE('',(#12797,#12801),#12791,.F.);
#12808=EDGE_CURVE('',#8103,#8102,#3269,.T.);
#12810=EDGE_CURVE('',#8102,#7963,#4770,.T.);
#12813=EDGE_CURVE('',#8103,#7962,#3276,.T.);
#12817=ADVANCED_FACE('',(#12816),#12807,.T.);
#12826=EDGE_CURVE('',#8107,#8420,#3306,.T.);
#12829=EDGE_CURVE('',#8421,#8424,#3398,.T.);
#12832=EDGE_CURVE('',#8425,#8428,#3490,.T.);
#12835=EDGE_CURVE('',#8429,#8432,#3582,.T.);
#12838=EDGE_CURVE('',#8433,#8436,#3674,.T.);
#12841=EDGE_CURVE('',#8437,#8440,#3766,.T.);
#12844=EDGE_CURVE('',#8441,#8446,#3858,.T.);
#12847=EDGE_CURVE('',#8447,#8450,#3950,.T.);
#12850=EDGE_CURVE('',#8451,#8454,#4042,.T.);
#12853=EDGE_CURVE('',#8455,#8458,#4134,.T.);
#12856=EDGE_CURVE('',#8459,#8462,#4226,.T.);
#12859=EDGE_CURVE('',#8463,#8466,#4318,.T.);
#12862=EDGE_CURVE('',#8467,#8470,#4410,.T.);
#12865=EDGE_CURVE('',#8471,#8474,#4502,.T.);
#12868=EDGE_CURVE('',#8475,#8477,#4594,.T.);
#12871=EDGE_CURVE('',#8443,#8285,#4678,.T.);
#12911=ADVANCED_FACE('',(#12910),#12822,.T.);
#12918=EDGE_CURVE('',#8855,#8420,#3298,.T.);
#12921=EDGE_CURVE('',#8857,#8107,#4747,.T.);
#12925=ADVANCED_FACE('',(#12924),#12916,.T.);
#12932=EDGE_CURVE('',#8571,#8719,#3321,.T.);
#12938=ADVANCED_FACE('',(#12937),#12930,.T.);
#12947=EDGE_CURVE('',#8570,#8718,#3352,.T.);
#12951=ADVANCED_FACE('',(#12950),#12943,.F.);
#12958=EDGE_CURVE('',#8853,#8421,#3367,.T.);
#12964=ADVANCED_FACE('',(#12963),#12956,.T.);
#12971=EDGE_CURVE('',#8851,#8424,#3390,.T.);
#12977=ADVANCED_FACE('',(#12976),#12969,.T.);
#12984=EDGE_CURVE('',#8575,#8723,#3413,.T.);
#12990=ADVANCED_FACE('',(#12989),#12982,.T.);
#12999=EDGE_CURVE('',#8574,#8722,#3444,.T.);
#13003=ADVANCED_FACE('',(#13002),#12995,.F.);
#13010=EDGE_CURVE('',#8849,#8425,#3459,.T.);
#13016=ADVANCED_FACE('',(#13015),#13008,.T.);
#13023=EDGE_CURVE('',#8847,#8428,#3482,.T.);
#13029=ADVANCED_FACE('',(#13028),#13021,.T.);
#13036=EDGE_CURVE('',#8579,#8727,#3505,.T.);
#13042=ADVANCED_FACE('',(#13041),#13034,.T.);
#13051=EDGE_CURVE('',#8578,#8726,#3536,.T.);
#13055=ADVANCED_FACE('',(#13054),#13047,.F.);
#13062=EDGE_CURVE('',#8845,#8429,#3551,.T.);
#13068=ADVANCED_FACE('',(#13067),#13060,.T.);
#13075=EDGE_CURVE('',#8843,#8432,#3574,.T.);
#13081=ADVANCED_FACE('',(#13080),#13073,.T.);
#13088=EDGE_CURVE('',#8583,#8731,#3597,.T.);
#13094=ADVANCED_FACE('',(#13093),#13086,.T.);
#13103=EDGE_CURVE('',#8582,#8730,#3628,.T.);
#13107=ADVANCED_FACE('',(#13106),#13099,.F.);
#13114=EDGE_CURVE('',#8841,#8433,#3643,.T.);
#13120=ADVANCED_FACE('',(#13119),#13112,.T.);
#13127=EDGE_CURVE('',#8839,#8436,#3666,.T.);
#13133=ADVANCED_FACE('',(#13132),#13125,.T.);
#13140=EDGE_CURVE('',#8587,#8735,#3689,.T.);
#13146=ADVANCED_FACE('',(#13145),#13138,.T.);
#13155=EDGE_CURVE('',#8586,#8734,#3720,.T.);
#13159=ADVANCED_FACE('',(#13158),#13151,.F.);
#13166=EDGE_CURVE('',#8837,#8437,#3735,.T.);
#13172=ADVANCED_FACE('',(#13171),#13164,.T.);
#13179=EDGE_CURVE('',#8835,#8440,#3758,.T.);
#13185=ADVANCED_FACE('',(#13184),#13177,.T.);
#13192=EDGE_CURVE('',#8591,#8739,#3781,.T.);
#13198=ADVANCED_FACE('',(#13197),#13190,.T.);
#13207=EDGE_CURVE('',#8590,#8738,#3812,.T.);
#13211=ADVANCED_FACE('',(#13210),#13203,.F.);
#13218=EDGE_CURVE('',#8833,#8441,#3827,.T.);
#13224=ADVANCED_FACE('',(#13223),#13216,.T.);
#13231=EDGE_CURVE('',#8831,#8446,#3850,.T.);
#13237=ADVANCED_FACE('',(#13236),#13229,.T.);
#13244=EDGE_CURVE('',#8595,#8743,#3873,.T.);
#13250=ADVANCED_FACE('',(#13249),#13242,.T.);
#13259=EDGE_CURVE('',#8594,#8742,#3904,.T.);
#13263=ADVANCED_FACE('',(#13262),#13255,.F.);
#13270=EDGE_CURVE('',#8829,#8447,#3919,.T.);
#13276=ADVANCED_FACE('',(#13275),#13268,.T.);
#13283=EDGE_CURVE('',#8827,#8450,#3942,.T.);
#13289=ADVANCED_FACE('',(#13288),#13281,.T.);
#13296=EDGE_CURVE('',#8599,#8747,#3965,.T.);
#13302=ADVANCED_FACE('',(#13301),#13294,.T.);
#13311=EDGE_CURVE('',#8598,#8746,#3996,.T.);
#13315=ADVANCED_FACE('',(#13314),#13307,.F.);
#13322=EDGE_CURVE('',#8825,#8451,#4011,.T.);
#13328=ADVANCED_FACE('',(#13327),#13320,.T.);
#13335=EDGE_CURVE('',#8823,#8454,#4034,.T.);
#13341=ADVANCED_FACE('',(#13340),#13333,.T.);
#13348=EDGE_CURVE('',#8603,#8751,#4057,.T.);
#13354=ADVANCED_FACE('',(#13353),#13346,.T.);
#13363=EDGE_CURVE('',#8602,#8750,#4088,.T.);
#13367=ADVANCED_FACE('',(#13366),#13359,.F.);
#13374=EDGE_CURVE('',#8821,#8455,#4103,.T.);
#13380=ADVANCED_FACE('',(#13379),#13372,.T.);
#13387=EDGE_CURVE('',#8819,#8458,#4126,.T.);
#13393=ADVANCED_FACE('',(#13392),#13385,.T.);
#13400=EDGE_CURVE('',#8607,#8755,#4149,.T.);
#13406=ADVANCED_FACE('',(#13405),#13398,.T.);
#13415=EDGE_CURVE('',#8606,#8754,#4180,.T.);
#13419=ADVANCED_FACE('',(#13418),#13411,.F.);
#13426=EDGE_CURVE('',#8817,#8459,#4195,.T.);
#13432=ADVANCED_FACE('',(#13431),#13424,.T.);
#13439=EDGE_CURVE('',#8815,#8462,#4218,.T.);
#13445=ADVANCED_FACE('',(#13444),#13437,.T.);
#13452=EDGE_CURVE('',#8611,#8759,#4241,.T.);
#13458=ADVANCED_FACE('',(#13457),#13450,.T.);
#13467=EDGE_CURVE('',#8610,#8758,#4272,.T.);
#13471=ADVANCED_FACE('',(#13470),#13463,.F.);
#13478=EDGE_CURVE('',#8813,#8463,#4287,.T.);
#13484=ADVANCED_FACE('',(#13483),#13476,.T.);
#13491=EDGE_CURVE('',#8811,#8466,#4310,.T.);
#13497=ADVANCED_FACE('',(#13496),#13489,.T.);
#13504=EDGE_CURVE('',#8615,#8763,#4333,.T.);
#13510=ADVANCED_FACE('',(#13509),#13502,.T.);
#13519=EDGE_CURVE('',#8614,#8762,#4364,.T.);
#13523=ADVANCED_FACE('',(#13522),#13515,.F.);
#13530=EDGE_CURVE('',#8809,#8467,#4379,.T.);
#13536=ADVANCED_FACE('',(#13535),#13528,.T.);
#13543=EDGE_CURVE('',#8807,#8470,#4402,.T.);
#13549=ADVANCED_FACE('',(#13548),#13541,.T.);
#13556=EDGE_CURVE('',#8619,#8767,#4425,.T.);
#13562=ADVANCED_FACE('',(#13561),#13554,.T.);
#13571=EDGE_CURVE('',#8618,#8766,#4456,.T.);
#13575=ADVANCED_FACE('',(#13574),#13567,.F.);
#13582=EDGE_CURVE('',#8805,#8471,#4471,.T.);
#13588=ADVANCED_FACE('',(#13587),#13580,.T.);
#13595=EDGE_CURVE('',#8803,#8474,#4494,.T.);
#13601=ADVANCED_FACE('',(#13600),#13593,.T.);
#13608=EDGE_CURVE('',#8623,#8771,#4517,.T.);
#13614=ADVANCED_FACE('',(#13613),#13606,.T.);
#13623=EDGE_CURVE('',#8622,#8770,#4548,.T.);
#13627=ADVANCED_FACE('',(#13626),#13619,.F.);
#13634=EDGE_CURVE('',#8801,#8475,#4563,.T.);
#13640=ADVANCED_FACE('',(#13639),#13632,.T.);
#13647=EDGE_CURVE('',#8799,#8477,#4586,.T.);
#13653=ADVANCED_FACE('',(#13652),#13645,.T.);
#13660=EDGE_CURVE('',#8627,#8775,#4609,.T.);
#13666=ADVANCED_FACE('',(#13665),#13658,.T.);
#13675=EDGE_CURVE('',#8626,#8774,#4640,.T.);
#13679=ADVANCED_FACE('',(#13678),#13671,.F.);
#13686=EDGE_CURVE('',#8405,#8443,#4655,.T.);
#13692=ADVANCED_FACE('',(#13691),#13684,.T.);
#13698=EDGE_CURVE('',#8227,#8285,#4670,.T.);
#13705=ADVANCED_FACE('',(#13704),#13697,.T.);
#13712=EDGE_CURVE('',#7843,#7967,#4701,.T.);
#13718=ADVANCED_FACE('',(#13717),#13710,.T.);
#13730=ADVANCED_FACE('',(#13729),#13723,.F.);
#13742=ADVANCED_FACE('',(#13741),#13735,.T.);
#13754=ADVANCED_FACE('',(#13753),#13747,.T.);
#13761=EDGE_CURVE('',#8970,#8982,#4777,.T.);
#13764=EDGE_CURVE('',#8971,#8983,#4784,.T.);
#13768=ADVANCED_FACE('',(#13767),#13759,.F.);
#13780=ADVANCED_FACE('',(#13779),#13773,.F.);
#13787=EDGE_CURVE('',#8974,#8986,#4791,.T.);
#13790=EDGE_CURVE('',#8975,#8987,#4798,.T.);
#13794=ADVANCED_FACE('',(#13793),#13785,.F.);
#13806=ADVANCED_FACE('',(#13805),#13799,.F.);
#13813=EDGE_CURVE('',#8978,#8990,#4805,.T.);
#13816=EDGE_CURVE('',#8979,#8991,#4812,.T.);
#13820=ADVANCED_FACE('',(#13819),#13811,.F.);
#13832=ADVANCED_FACE('',(#13831),#13825,.F.);
#13844=ADVANCED_FACE('',(#13843),#13837,.F.);
#13851=EDGE_CURVE('',#7915,#8039,#4834,.T.);
#13857=ADVANCED_FACE('',(#13856),#13849,.T.);
#13866=EDGE_CURVE('',#7914,#8038,#4865,.T.);
#13870=ADVANCED_FACE('',(#13869),#13862,.F.);
#13877=EDGE_CURVE('',#8145,#8203,#4880,.T.);
#13883=ADVANCED_FACE('',(#13882),#13875,.T.);
#13891=EDGE_CURVE('',#8263,#8323,#4903,.T.);
#13896=ADVANCED_FACE('',(#13895),#13888,.T.);
#13903=EDGE_CURVE('',#7919,#8043,#4926,.T.);
#13909=ADVANCED_FACE('',(#13908),#13901,.T.);
#13918=EDGE_CURVE('',#7918,#8042,#4957,.T.);
#13922=ADVANCED_FACE('',(#13921),#13914,.F.);
#13929=EDGE_CURVE('',#8147,#8205,#4972,.T.);
#13935=ADVANCED_FACE('',(#13934),#13927,.T.);
#13943=EDGE_CURVE('',#8265,#8325,#4995,.T.);
#13948=ADVANCED_FACE('',(#13947),#13940,.T.);
#13955=EDGE_CURVE('',#7923,#8047,#5018,.T.);
#13961=ADVANCED_FACE('',(#13960),#13953,.T.);
#13970=EDGE_CURVE('',#7922,#8046,#5049,.T.);
#13974=ADVANCED_FACE('',(#13973),#13966,.F.);
#13981=EDGE_CURVE('',#8149,#8207,#5064,.T.);
#13987=ADVANCED_FACE('',(#13986),#13979,.T.);
#13995=EDGE_CURVE('',#8267,#8327,#5087,.T.);
#14000=ADVANCED_FACE('',(#13999),#13992,.T.);
#14007=EDGE_CURVE('',#7927,#8051,#5110,.T.);
#14013=ADVANCED_FACE('',(#14012),#14005,.T.);
#14022=EDGE_CURVE('',#7926,#8050,#5141,.T.);
#14026=ADVANCED_FACE('',(#14025),#14018,.F.);
#14033=EDGE_CURVE('',#8151,#8209,#5156,.T.);
#14039=ADVANCED_FACE('',(#14038),#14031,.T.);
#14047=EDGE_CURVE('',#8269,#8329,#5179,.T.);
#14052=ADVANCED_FACE('',(#14051),#14044,.T.);
#14059=EDGE_CURVE('',#7931,#8055,#5202,.T.);
#14065=ADVANCED_FACE('',(#14064),#14057,.T.);
#14074=EDGE_CURVE('',#7930,#8054,#5233,.T.);
#14078=ADVANCED_FACE('',(#14077),#14070,.F.);
#14085=EDGE_CURVE('',#8153,#8211,#5248,.T.);
#14091=ADVANCED_FACE('',(#14090),#14083,.T.);
#14099=EDGE_CURVE('',#8271,#8331,#5271,.T.);
#14104=ADVANCED_FACE('',(#14103),#14096,.T.);
#14111=EDGE_CURVE('',#7935,#8059,#5294,.T.);
#14117=ADVANCED_FACE('',(#14116),#14109,.T.);
#14126=EDGE_CURVE('',#7934,#8058,#5325,.T.);
#14130=ADVANCED_FACE('',(#14129),#14122,.F.);
#14137=EDGE_CURVE('',#8155,#8213,#5340,.T.);
#14143=ADVANCED_FACE('',(#14142),#14135,.T.);
#14151=EDGE_CURVE('',#8273,#8333,#5363,.T.);
#14156=ADVANCED_FACE('',(#14155),#14148,.T.);
#14163=EDGE_CURVE('',#7939,#8063,#5386,.T.);
#14169=ADVANCED_FACE('',(#14168),#14161,.T.);
#14178=EDGE_CURVE('',#7938,#8062,#5417,.T.);
#14182=ADVANCED_FACE('',(#14181),#14174,.F.);
#14189=EDGE_CURVE('',#8157,#8215,#5432,.T.);
#14195=ADVANCED_FACE('',(#14194),#14187,.T.);
#14203=EDGE_CURVE('',#8275,#8335,#5455,.T.);
#14208=ADVANCED_FACE('',(#14207),#14200,.T.);
#14215=EDGE_CURVE('',#7943,#8067,#5478,.T.);
#14221=ADVANCED_FACE('',(#14220),#14213,.T.);
#14230=EDGE_CURVE('',#7942,#8066,#5509,.T.);
#14234=ADVANCED_FACE('',(#14233),#14226,.F.);
#14241=EDGE_CURVE('',#8159,#8217,#5524,.T.);
#14247=ADVANCED_FACE('',(#14246),#14239,.T.);
#14255=EDGE_CURVE('',#8277,#8337,#5547,.T.);
#14260=ADVANCED_FACE('',(#14259),#14252,.T.);
#14267=EDGE_CURVE('',#7947,#8071,#5570,.T.);
#14273=ADVANCED_FACE('',(#14272),#14265,.T.);
#14282=EDGE_CURVE('',#7946,#8070,#5601,.T.);
#14286=ADVANCED_FACE('',(#14285),#14278,.F.);
#14293=EDGE_CURVE('',#8161,#8219,#5616,.T.);
#14299=ADVANCED_FACE('',(#14298),#14291,.T.);
#14307=EDGE_CURVE('',#8279,#8339,#5639,.T.);
#14312=ADVANCED_FACE('',(#14311),#14304,.T.);
#14319=EDGE_CURVE('',#7951,#8075,#5662,.T.);
#14325=ADVANCED_FACE('',(#14324),#14317,.T.);
#14334=EDGE_CURVE('',#7950,#8074,#5693,.T.);
#14338=ADVANCED_FACE('',(#14337),#14330,.F.);
#14345=EDGE_CURVE('',#8163,#8221,#5708,.T.);
#14351=ADVANCED_FACE('',(#14350),#14343,.T.);
#14359=EDGE_CURVE('',#8281,#8341,#5731,.T.);
#14364=ADVANCED_FACE('',(#14363),#14356,.T.);
#14371=EDGE_CURVE('',#7955,#8079,#5754,.T.);
#14377=ADVANCED_FACE('',(#14376),#14369,.T.);
#14386=EDGE_CURVE('',#7954,#8078,#5785,.T.);
#14390=ADVANCED_FACE('',(#14389),#14382,.F.);
#14397=EDGE_CURVE('',#8165,#8223,#5800,.T.);
#14403=ADVANCED_FACE('',(#14402),#14395,.T.);
#14411=EDGE_CURVE('',#8283,#8343,#5823,.T.);
#14416=ADVANCED_FACE('',(#14415),#14408,.T.);
#14423=EDGE_CURVE('',#7959,#8083,#5846,.T.);
#14429=ADVANCED_FACE('',(#14428),#14421,.T.);
#14438=EDGE_CURVE('',#7958,#8082,#5877,.T.);
#14442=ADVANCED_FACE('',(#14441),#14434,.F.);
#14449=EDGE_CURVE('',#8167,#8225,#5892,.T.);
#14455=ADVANCED_FACE('',(#14454),#14447,.T.);
#14463=EDGE_CURVE('',#8479,#8408,#5915,.T.);
#14468=ADVANCED_FACE('',(#14467),#14460,.T.);
#14475=EDGE_CURVE('',#8483,#8631,#5938,.T.);
#14481=ADVANCED_FACE('',(#14480),#14473,.T.);
#14490=EDGE_CURVE('',#8482,#8630,#5969,.T.);
#14494=ADVANCED_FACE('',(#14493),#14486,.F.);
#14501=EDGE_CURVE('',#8797,#8409,#5984,.T.);
#14507=ADVANCED_FACE('',(#14506),#14499,.T.);
#14514=EDGE_CURVE('',#8795,#8412,#6007,.T.);
#14520=ADVANCED_FACE('',(#14519),#14512,.T.);
#14527=EDGE_CURVE('',#8487,#8635,#6030,.T.);
#14533=ADVANCED_FACE('',(#14532),#14525,.T.);
#14542=EDGE_CURVE('',#8486,#8634,#6061,.T.);
#14546=ADVANCED_FACE('',(#14545),#14538,.F.);
#14553=EDGE_CURVE('',#8793,#8413,#6076,.T.);
#14559=ADVANCED_FACE('',(#14558),#14551,.T.);
#14566=EDGE_CURVE('',#8791,#8416,#6099,.T.);
#14572=ADVANCED_FACE('',(#14571),#14564,.T.);
#14579=EDGE_CURVE('',#8491,#8639,#6122,.T.);
#14585=ADVANCED_FACE('',(#14584),#14577,.T.);
#14594=EDGE_CURVE('',#8490,#8638,#6153,.T.);
#14598=ADVANCED_FACE('',(#14597),#14590,.F.);
#14605=EDGE_CURVE('',#8789,#8417,#6168,.T.);
#14611=ADVANCED_FACE('',(#14610),#14603,.T.);
#14618=EDGE_CURVE('',#8787,#8859,#6191,.T.);
#14624=ADVANCED_FACE('',(#14623),#14616,.T.);
#14631=EDGE_CURVE('',#8495,#8643,#6214,.T.);
#14637=ADVANCED_FACE('',(#14636),#14629,.T.);
#14646=EDGE_CURVE('',#8494,#8642,#6245,.T.);
#14650=ADVANCED_FACE('',(#14649),#14642,.F.);
#14657=EDGE_CURVE('',#8785,#8861,#6260,.T.);
#14663=ADVANCED_FACE('',(#14662),#14655,.T.);
#14670=EDGE_CURVE('',#8783,#8863,#6283,.T.);
#14676=ADVANCED_FACE('',(#14675),#14668,.T.);
#14683=EDGE_CURVE('',#8499,#8647,#6306,.T.);
#14689=ADVANCED_FACE('',(#14688),#14681,.T.);
#14698=EDGE_CURVE('',#8498,#8646,#6337,.T.);
#14702=ADVANCED_FACE('',(#14701),#14694,.F.);
#14709=EDGE_CURVE('',#8781,#8865,#6352,.T.);
#14715=ADVANCED_FACE('',(#14714),#14707,.T.);
#14722=EDGE_CURVE('',#8779,#8867,#6375,.T.);
#14728=ADVANCED_FACE('',(#14727),#14720,.T.);
#14735=EDGE_CURVE('',#8503,#8651,#6398,.T.);
#14741=ADVANCED_FACE('',(#14740),#14733,.T.);
#14750=EDGE_CURVE('',#8502,#8650,#6429,.T.);
#14754=ADVANCED_FACE('',(#14753),#14746,.F.);
#14761=EDGE_CURVE('',#8777,#8869,#6444,.T.);
#14767=ADVANCED_FACE('',(#14766),#14759,.T.);
#14774=EDGE_CURVE('',#8403,#8871,#6467,.T.);
#14780=ADVANCED_FACE('',(#14779),#14772,.T.);
#14787=EDGE_CURVE('',#8507,#8655,#6490,.T.);
#14793=ADVANCED_FACE('',(#14792),#14785,.T.);
#14802=EDGE_CURVE('',#8506,#8654,#6521,.T.);
#14806=ADVANCED_FACE('',(#14805),#14798,.F.);
#14813=EDGE_CURVE('',#8402,#8873,#6536,.T.);
#14819=ADVANCED_FACE('',(#14818),#14811,.T.);
#14826=EDGE_CURVE('',#8399,#8875,#6559,.T.);
#14832=ADVANCED_FACE('',(#14831),#14824,.T.);
#14839=EDGE_CURVE('',#8511,#8659,#6582,.T.);
#14845=ADVANCED_FACE('',(#14844),#14837,.T.);
#14854=EDGE_CURVE('',#8510,#8658,#6613,.T.);
#14858=ADVANCED_FACE('',(#14857),#14850,.F.);
#14865=EDGE_CURVE('',#8398,#8877,#6628,.T.);
#14871=ADVANCED_FACE('',(#14870),#14863,.T.);
#14878=EDGE_CURVE('',#8395,#8879,#6651,.T.);
#14884=ADVANCED_FACE('',(#14883),#14876,.T.);
#14891=EDGE_CURVE('',#8515,#8663,#6674,.T.);
#14897=ADVANCED_FACE('',(#14896),#14889,.T.);
#14906=EDGE_CURVE('',#8514,#8662,#6705,.T.);
#14910=ADVANCED_FACE('',(#14909),#14902,.F.);
#14917=EDGE_CURVE('',#8394,#8881,#6720,.T.);
#14923=ADVANCED_FACE('',(#14922),#14915,.T.);
#14930=EDGE_CURVE('',#8391,#8883,#6743,.T.);
#14936=ADVANCED_FACE('',(#14935),#14928,.T.);
#14943=EDGE_CURVE('',#8519,#8667,#6766,.T.);
#14949=ADVANCED_FACE('',(#14948),#14941,.T.);
#14958=EDGE_CURVE('',#8518,#8666,#6797,.T.);
#14962=ADVANCED_FACE('',(#14961),#14954,.F.);
#14969=EDGE_CURVE('',#8390,#8885,#6812,.T.);
#14975=ADVANCED_FACE('',(#14974),#14967,.T.);
#14982=EDGE_CURVE('',#8387,#8887,#6835,.T.);
#14988=ADVANCED_FACE('',(#14987),#14980,.T.);
#14995=EDGE_CURVE('',#8523,#8671,#6858,.T.);
#15001=ADVANCED_FACE('',(#15000),#14993,.T.);
#15010=EDGE_CURVE('',#8522,#8670,#6889,.T.);
#15014=ADVANCED_FACE('',(#15013),#15006,.F.);
#15021=EDGE_CURVE('',#8386,#8889,#6904,.T.);
#15027=ADVANCED_FACE('',(#15026),#15019,.T.);
#15034=EDGE_CURVE('',#8383,#8891,#6927,.T.);
#15040=ADVANCED_FACE('',(#15039),#15032,.T.);
#15047=EDGE_CURVE('',#8527,#8675,#6950,.T.);
#15053=ADVANCED_FACE('',(#15052),#15045,.T.);
#15062=EDGE_CURVE('',#8526,#8674,#6981,.T.);
#15066=ADVANCED_FACE('',(#15065),#15058,.F.);
#15073=EDGE_CURVE('',#8382,#8893,#6996,.T.);
#15079=ADVANCED_FACE('',(#15078),#15071,.T.);
#15086=EDGE_CURVE('',#8379,#8895,#7019,.T.);
#15092=ADVANCED_FACE('',(#15091),#15084,.T.);
#15099=EDGE_CURVE('',#8531,#8679,#7042,.T.);
#15105=ADVANCED_FACE('',(#15104),#15097,.T.);
#15114=EDGE_CURVE('',#8530,#8678,#7073,.T.);
#15118=ADVANCED_FACE('',(#15117),#15110,.F.);
#15125=EDGE_CURVE('',#8378,#8897,#7088,.T.);
#15131=ADVANCED_FACE('',(#15130),#15123,.T.);
#15138=EDGE_CURVE('',#8375,#8899,#7111,.T.);
#15144=ADVANCED_FACE('',(#15143),#15136,.T.);
#15151=EDGE_CURVE('',#8535,#8683,#7134,.T.);
#15157=ADVANCED_FACE('',(#15156),#15149,.T.);
#15166=EDGE_CURVE('',#8534,#8682,#7165,.T.);
#15170=ADVANCED_FACE('',(#15169),#15162,.F.);
#15177=EDGE_CURVE('',#8374,#8901,#7180,.T.);
#15183=ADVANCED_FACE('',(#15182),#15175,.T.);
#15190=EDGE_CURVE('',#8371,#8903,#7203,.T.);
#15196=ADVANCED_FACE('',(#15195),#15188,.T.);
#15203=EDGE_CURVE('',#8539,#8687,#7226,.T.);
#15209=ADVANCED_FACE('',(#15208),#15201,.T.);
#15218=EDGE_CURVE('',#8538,#8686,#7257,.T.);
#15222=ADVANCED_FACE('',(#15221),#15214,.F.);
#15229=EDGE_CURVE('',#8370,#8905,#7272,.T.);
#15235=ADVANCED_FACE('',(#15234),#15227,.T.);
#15242=EDGE_CURVE('',#8367,#8907,#7295,.T.);
#15248=ADVANCED_FACE('',(#15247),#15240,.T.);
#15255=EDGE_CURVE('',#8543,#8691,#7318,.T.);
#15261=ADVANCED_FACE('',(#15260),#15253,.T.);
#15270=EDGE_CURVE('',#8542,#8690,#7349,.T.);
#15274=ADVANCED_FACE('',(#15273),#15266,.F.);
#15281=EDGE_CURVE('',#8366,#8909,#7364,.T.);
#15287=ADVANCED_FACE('',(#15286),#15279,.T.);
#15294=EDGE_CURVE('',#8363,#8911,#7387,.T.);
#15300=ADVANCED_FACE('',(#15299),#15292,.T.);
#15307=EDGE_CURVE('',#8547,#8695,#7410,.T.);
#15313=ADVANCED_FACE('',(#15312),#15305,.T.);
#15322=EDGE_CURVE('',#8546,#8694,#7441,.T.);
#15326=ADVANCED_FACE('',(#15325),#15318,.F.);
#15333=EDGE_CURVE('',#8362,#8913,#7456,.T.);
#15339=ADVANCED_FACE('',(#15338),#15331,.T.);
#15346=EDGE_CURVE('',#8359,#8915,#7479,.T.);
#15352=ADVANCED_FACE('',(#15351),#15344,.T.);
#15359=EDGE_CURVE('',#8551,#8699,#7502,.T.);
#15365=ADVANCED_FACE('',(#15364),#15357,.T.);
#15374=EDGE_CURVE('',#8550,#8698,#7533,.T.);
#15378=ADVANCED_FACE('',(#15377),#15370,.F.);
#15385=EDGE_CURVE('',#8358,#8917,#7548,.T.);
#15391=ADVANCED_FACE('',(#15390),#15383,.T.);
#15398=EDGE_CURVE('',#8355,#8919,#7571,.T.);
#15404=ADVANCED_FACE('',(#15403),#15396,.T.);
#15411=EDGE_CURVE('',#8555,#8703,#7594,.T.);
#15417=ADVANCED_FACE('',(#15416),#15409,.T.);
#15426=EDGE_CURVE('',#8554,#8702,#7625,.T.);
#15430=ADVANCED_FACE('',(#15429),#15422,.F.);
#15437=EDGE_CURVE('',#8354,#8921,#7640,.T.);
#15443=ADVANCED_FACE('',(#15442),#15435,.T.);
#15450=EDGE_CURVE('',#8351,#8923,#7663,.T.);
#15456=ADVANCED_FACE('',(#15455),#15448,.T.);
#15463=EDGE_CURVE('',#8559,#8707,#7686,.T.);
#15469=ADVANCED_FACE('',(#15468),#15461,.T.);
#15478=EDGE_CURVE('',#8558,#8706,#7717,.T.);
#15482=ADVANCED_FACE('',(#15481),#15474,.F.);
#15489=EDGE_CURVE('',#8350,#8925,#7732,.T.);
#15495=ADVANCED_FACE('',(#15494),#15487,.T.);
#15502=EDGE_CURVE('',#8347,#8927,#7755,.T.);
#15508=ADVANCED_FACE('',(#15507),#15500,.T.);
#15515=EDGE_CURVE('',#8563,#8711,#7778,.T.);
#15521=ADVANCED_FACE('',(#15520),#15513,.T.);
#15530=EDGE_CURVE('',#8562,#8710,#7809,.T.);
#15534=ADVANCED_FACE('',(#15533),#15526,.F.);
#15546=ADVANCED_FACE('',(#15545),#15539,.T.);
#15547=CLOSED_SHELL('',(#9023,#9038,#9056,#9074,#9089,#9105,#9121,#9137,#9153,
#9169,#9185,#9201,#9217,#9233,#9249,#9265,#9281,#9297,#9313,#9329,#9345,#9361,
#9377,#9393,#9409,#9425,#9441,#9457,#9473,#9489,#9505,#9521,#9537,#9553,#9569,
#9585,#9601,#9617,#9633,#9649,#9665,#9681,#9697,#9713,#9729,#9745,#9761,#9777,
#9793,#9809,#9825,#9841,#9857,#9873,#9889,#9905,#9921,#9937,#9953,#9969,#9985,
#10001,#10017,#10033,#10049,#10065,#10081,#10097,#10113,#10230,#10245,#10259,
#10273,#10291,#10307,#10322,#10338,#10354,#10370,#10386,#10402,#10418,#10434,
#10450,#10466,#10482,#10498,#10514,#10530,#10546,#10562,#10578,#10594,#10610,
#10626,#10642,#10658,#10674,#10690,#10706,#10722,#10738,#10754,#10770,#10786,
#10802,#10818,#10834,#10850,#10866,#10882,#10898,#10914,#10930,#10946,#10962,
#10978,#10994,#11010,#11026,#11042,#11058,#11074,#11090,#11106,#11122,#11138,
#11154,#11170,#11186,#11202,#11218,#11234,#11250,#11266,#11282,#11298,#11314,
#11330,#11346,#11462,#11476,#11489,#11502,#11515,#11530,#11543,#11556,#11569,
#11584,#11597,#11610,#11623,#11638,#11651,#11664,#11677,#11692,#11705,#11718,
#11731,#11746,#11759,#11772,#11785,#11800,#11813,#11826,#11839,#11854,#11867,
#11880,#11893,#11908,#11921,#11934,#11947,#11962,#11975,#11988,#12001,#12016,
#12029,#12042,#12055,#12070,#12083,#12096,#12109,#12124,#12137,#12150,#12163,
#12178,#12191,#12204,#12217,#12232,#12245,#12258,#12271,#12286,#12299,#12312,
#12325,#12340,#12353,#12366,#12378,#12473,#12488,#12501,#12517,#12532,#12545,
#12561,#12576,#12589,#12605,#12620,#12637,#12660,#12695,#12709,#12743,#12761,
#12774,#12786,#12802,#12817,#12911,#12925,#12938,#12951,#12964,#12977,#12990,
#13003,#13016,#13029,#13042,#13055,#13068,#13081,#13094,#13107,#13120,#13133,
#13146,#13159,#13172,#13185,#13198,#13211,#13224,#13237,#13250,#13263,#13276,
#13289,#13302,#13315,#13328,#13341,#13354,#13367,#13380,#13393,#13406,#13419,
#13432,#13445,#13458,#13471,#13484,#13497,#13510,#13523,#13536,#13549,#13562,
#13575,#13588,#13601,#13614,#13627,#13640,#13653,#13666,#13679,#13692,#13705,
#13718,#13730,#13742,#13754,#13768,#13780,#13794,#13806,#13820,#13832,#13844,
#13857,#13870,#13883,#13896,#13909,#13922,#13935,#13948,#13961,#13974,#13987,
#14000,#14013,#14026,#14039,#14052,#14065,#14078,#14091,#14104,#14117,#14130,
#14143,#14156,#14169,#14182,#14195,#14208,#14221,#14234,#14247,#14260,#14273,
#14286,#14299,#14312,#14325,#14338,#14351,#14364,#14377,#14390,#14403,#14416,
#14429,#14442,#14455,#14468,#14481,#14494,#14507,#14520,#14533,#14546,#14559,
#14572,#14585,#14598,#14611,#14624,#14637,#14650,#14663,#14676,#14689,#14702,
#14715,#14728,#14741,#14754,#14767,#14780,#14793,#14806,#14819,#14832,#14845,
#14858,#14871,#14884,#14897,#14910,#14923,#14936,#14949,#14962,#14975,#14988,
#15001,#15014,#15027,#15040,#15053,#15066,#15079,#15092,#15105,#15118,#15131,
#15144,#15157,#15170,#15183,#15196,#15209,#15222,#15235,#15248,#15261,#15274,
#15287,#15300,#15313,#15326,#15339,#15352,#15365,#15378,#15391,#15404,#15417,
#15430,#15443,#15456,#15469,#15482,#15495,#15508,#15521,#15534,#15546));
#15548=MANIFOLD_SOLID_BREP('',#15547);
#15555=(LENGTH_UNIT()NAMED_UNIT(*)SI_UNIT(.MILLI.,.METRE.));
#15558=(NAMED_UNIT(*)PLANE_ANGLE_UNIT()SI_UNIT($,.RADIAN.));
#15561=(NAMED_UNIT(*)SI_UNIT($,.STERADIAN.)SOLID_ANGLE_UNIT());
#15563=(GEOMETRIC_REPRESENTATION_CONTEXT(3)GLOBAL_UNCERTAINTY_ASSIGNED_CONTEXT((
#15562))GLOBAL_UNIT_ASSIGNED_CONTEXT((#15557,#15560,#15561))REPRESENTATION_CONTEXT('ID1','3'));
#15567=AXIS2_PLACEMENT_3D('',#15564,#15565,#15566);
#15568=ADVANCED_BREP_SHAPE_REPRESENTATION('',(#15567,#15548),#15563);
#15576=PRODUCT_DEFINITION('design','',#15575,#15572);
#15577=PRODUCT_DEFINITION_SHAPE('','SHAPE FOR HIP_CONNECTOR_PULLEY_ABOVE.',
#15576);
#15578=SHAPE_ASPECT('','solid data associated with HIP_CONNECTOR_PULLEY_ABOVE',
#15577,.F.);
#15579=PROPERTY_DEFINITION('',
'shape for solid data with which properties are associated',#15578);
#15580=SHAPE_REPRESENTATION('',(#15548),#15563);
#15581=SHAPE_DEFINITION_REPRESENTATION(#15579,#15580);
#15582=(LENGTH_UNIT()NAMED_UNIT(*)SI_UNIT(.MILLI.,.METRE.));
#15588=PROPERTY_DEFINITION('geometric validation property',
'area of HIP_CONNECTOR_PULLEY_ABOVE',#15578);
#15589=REPRESENTATION('surface area',(#15587),#15563);
#15590=PROPERTY_DEFINITION_REPRESENTATION(#15588,#15589);
#15591=(LENGTH_UNIT()NAMED_UNIT(*)SI_UNIT(.MILLI.,.METRE.));
#15597=PROPERTY_DEFINITION('geometric validation property',
'volume of HIP_CONNECTOR_PULLEY_ABOVE',#15578);
#15598=REPRESENTATION('volume',(#15596),#15563);
#15599=PROPERTY_DEFINITION_REPRESENTATION(#15597,#15598);
#15601=PROPERTY_DEFINITION('geometric validation property',
'centroid of HIP_CONNECTOR_PULLEY_ABOVE',#15578);
#15602=REPRESENTATION('centroid',(#15600),#15563);
#15603=PROPERTY_DEFINITION_REPRESENTATION(#15601,#15602);
#15604=(LENGTH_UNIT()NAMED_UNIT(*)SI_UNIT(.MILLI.,.METRE.));
#15610=PROPERTY_DEFINITION('geometric validation property',
'area of HIP_CONNECTOR_PULLEY_ABOVE',#15577);
#15611=REPRESENTATION('surface area',(#15609),#15563);
#15612=PROPERTY_DEFINITION_REPRESENTATION(#15610,#15611);
#15613=(LENGTH_UNIT()NAMED_UNIT(*)SI_UNIT(.MILLI.,.METRE.));
#15619=PROPERTY_DEFINITION('geometric validation property',
'volume of HIP_CONNECTOR_PULLEY_ABOVE',#15577);
#15620=REPRESENTATION('volume',(#15618),#15563);
#15621=PROPERTY_DEFINITION_REPRESENTATION(#15619,#15620);
#15623=PROPERTY_DEFINITION('geometric validation property',
'centroid of HIP_CONNECTOR_PULLEY_ABOVE',#15577);
#15624=REPRESENTATION('centroid',(#15622),#15563);
#15625=PROPERTY_DEFINITION_REPRESENTATION(#15623,#15624);
#15626=SHAPE_DEFINITION_REPRESENTATION(#15577,#15568);
ENDSEC;
END-ISO-10303-21;
