ISO-10303-21;
HEADER;
FILE_DESCRIPTION((''),'2;1');
FILE_NAME('JOINT_COVER','2026-06-15T13:45:23',('Esia'),(''),
'CREO PARAMETRIC BY PTC INC, 2025102','CREO PARAMETRIC BY PTC INC, 2025102','');
FILE_SCHEMA((
'AP242_MANAGED_MODEL_BASED_3D_ENGINEERING_MIM_LF { 1 0 10303 442 1 1 4 }'));
ENDSEC;
DATA;
#17=DIRECTION('',(0.E0,0.E0,1.E0));
#18=VECTOR('',#17,1.120737037059E-2);
#19=CARTESIAN_POINT('',(0.E0,3.9E-1,-5.591766499282E-1));
#20=LINE('',#19,#18);
#21=DRAUGHTING_PRE_DEFINED_CURVE_FONT('continuous');
#22=CURVE_STYLE('',#21,POSITIVE_LENGTH_MEASURE(2.E-2),#3);
#23=PRESENTATION_STYLE_ASSIGNMENT((#22));
#24=STYLED_ITEM('',(#23),#20);
#25=DIRECTION('',(0.E0,-1.460787498077E-14,1.E0));
#26=VECTOR('',#25,1.140025184450E-2);
#27=CARTESIAN_POINT('',(0.E0,3.699999999998E-1,-5.469632445554E-1));
#28=LINE('',#27,#26);
#29=CURVE_STYLE('',#21,POSITIVE_LENGTH_MEASURE(2.E-2),#3);
#30=PRESENTATION_STYLE_ASSIGNMENT((#29));
#31=STYLED_ITEM('',(#30),#28);
#32=CARTESIAN_POINT('',(0.E0,8.24E-1,1.74E-1));
#33=DIRECTION('',(1.E0,0.E0,0.E0));
#34=DIRECTION('',(0.E0,-5.328638497655E-1,-8.462009912622E-1));
#35=AXIS2_PLACEMENT_3D('',#32,#33,#34);
#37=CURVE_STYLE('',#21,POSITIVE_LENGTH_MEASURE(2.E-2),#3);
#38=PRESENTATION_STYLE_ASSIGNMENT((#37));
#39=STYLED_ITEM('',(#38),#36);
#40=DIRECTION('',(0.E0,0.E0,1.E0));
#41=VECTOR('',#40,4.768922637408E-1);
#42=CARTESIAN_POINT('',(-1.2525E-1,3.9E-1,-1.024861543298E0));
#43=LINE('',#42,#41);
#44=CURVE_STYLE('',#21,POSITIVE_LENGTH_MEASURE(2.E-2),#3);
#45=PRESENTATION_STYLE_ASSIGNMENT((#44));
#46=STYLED_ITEM('',(#45),#43);
#47=DIRECTION('',(1.E0,0.E0,0.E0));
#48=VECTOR('',#47,1.453E-1);
#49=CARTESIAN_POINT('',(-1.2525E-1,3.9E-1,-1.024861543298E0));
#50=LINE('',#49,#48);
#51=CURVE_STYLE('',#21,POSITIVE_LENGTH_MEASURE(2.E-2),#3);
#52=PRESENTATION_STYLE_ASSIGNMENT((#51));
#53=STYLED_ITEM('',(#52),#50);
#54=CARTESIAN_POINT('',(-1.2525E-1,8.24E-1,1.74E-1));
#55=DIRECTION('',(1.E0,0.E0,0.E0));
#56=DIRECTION('',(0.E0,-5.152099718059E-1,-8.570639911650E-1));
#57=AXIS2_PLACEMENT_3D('',#54,#55,#56);
#59=CURVE_STYLE('',#21,POSITIVE_LENGTH_MEASURE(2.E-2),#3);
#60=PRESENTATION_STYLE_ASSIGNMENT((#59));
#61=STYLED_ITEM('',(#60),#58);
#62=CARTESIAN_POINT('',(-1.2525E-1,8.24E-1,1.74E-1));
#63=DIRECTION('',(-1.E0,0.E0,0.E0));
#64=DIRECTION('',(0.E0,3.788235294118E-1,-9.254689263093E-1));
#65=AXIS2_PLACEMENT_3D('',#62,#63,#64);
#67=CURVE_STYLE('',#21,POSITIVE_LENGTH_MEASURE(2.E-2),#3);
#68=PRESENTATION_STYLE_ASSIGNMENT((#67));
#69=STYLED_ITEM('',(#68),#66);
#70=DIRECTION('',(1.E0,0.E0,0.E0));
#71=VECTOR('',#70,1.453E-1);
#72=CARTESIAN_POINT('',(-1.2525E-1,1.307E0,-1.005972881044E0));
#73=LINE('',#72,#71);
#74=CURVE_STYLE('',#21,POSITIVE_LENGTH_MEASURE(2.E-2),#3);
#75=PRESENTATION_STYLE_ASSIGNMENT((#74));
#76=STYLED_ITEM('',(#75),#73);
#77=DIRECTION('',(0.E0,0.E0,-1.E0));
#78=VECTOR('',#77,4.898231577052E-1);
#79=CARTESIAN_POINT('',(2.005E-2,1.307E0,-5.161497233391E-1));
#80=LINE('',#79,#78);
#81=CURVE_STYLE('',#21,POSITIVE_LENGTH_MEASURE(2.E-2),#3);
#82=PRESENTATION_STYLE_ASSIGNMENT((#81));
#83=STYLED_ITEM('',(#82),#80);
#84=CARTESIAN_POINT('',(2.005E-2,8.24E-1,1.74E-1));
#85=DIRECTION('',(-1.E0,0.E0,0.E0));
#86=DIRECTION('',(0.E0,3.788235294118E-1,-9.254689263093E-1));
#87=AXIS2_PLACEMENT_3D('',#84,#85,#86);
#89=CURVE_STYLE('',#21,POSITIVE_LENGTH_MEASURE(2.E-2),#3);
#90=PRESENTATION_STYLE_ASSIGNMENT((#89));
#91=STYLED_ITEM('',(#90),#88);
#92=DIRECTION('',(0.E0,0.E0,1.E0));
#93=VECTOR('',#92,4.656848933702E-1);
#94=CARTESIAN_POINT('',(2.005E-2,3.9E-1,-1.024861543298E0));
#95=LINE('',#94,#93);
#96=CURVE_STYLE('',#21,POSITIVE_LENGTH_MEASURE(2.E-2),#3);
#97=PRESENTATION_STYLE_ASSIGNMENT((#96));
#98=STYLED_ITEM('',(#97),#95);
#99=CARTESIAN_POINT('',(2.005E-2,1.133530269144E0,-8.384278913286E-1));
#100=DIRECTION('',(-1.E0,0.E0,0.E0));
#101=DIRECTION('',(0.E0,0.E0,-1.E0));
#102=AXIS2_PLACEMENT_3D('',#99,#100,#101);
#104=CURVE_STYLE('',#21,POSITIVE_LENGTH_MEASURE(2.E-2),#3);
#105=PRESENTATION_STYLE_ASSIGNMENT((#104));
#106=STYLED_ITEM('',(#105),#103);
#107=CARTESIAN_POINT('',(2.005E-2,1.133530269144E0,-8.384278913286E-1));
#108=DIRECTION('',(-1.E0,0.E0,0.E0));
#109=DIRECTION('',(0.E0,0.E0,1.E0));
#110=AXIS2_PLACEMENT_3D('',#107,#108,#109);
#112=CURVE_STYLE('',#21,POSITIVE_LENGTH_MEASURE(2.E-2),#3);
#113=PRESENTATION_STYLE_ASSIGNMENT((#112));
#114=STYLED_ITEM('',(#113),#111);
#115=CARTESIAN_POINT('',(2.005E-2,8.24E-1,-8.846875E-1));
#116=DIRECTION('',(-1.E0,0.E0,0.E0));
#117=DIRECTION('',(0.E0,0.E0,-1.E0));
#118=AXIS2_PLACEMENT_3D('',#115,#116,#117);
#120=CURVE_STYLE('',#21,POSITIVE_LENGTH_MEASURE(2.E-2),#3);
#121=PRESENTATION_STYLE_ASSIGNMENT((#120));
#122=STYLED_ITEM('',(#121),#119);
#123=CARTESIAN_POINT('',(2.005E-2,8.24E-1,-8.846875E-1));
#124=DIRECTION('',(-1.E0,0.E0,0.E0));
#125=DIRECTION('',(0.E0,0.E0,1.E0));
#126=AXIS2_PLACEMENT_3D('',#123,#124,#125);
#128=CURVE_STYLE('',#21,POSITIVE_LENGTH_MEASURE(2.E-2),#3);
#129=PRESENTATION_STYLE_ASSIGNMENT((#128));
#130=STYLED_ITEM('',(#129),#127);
#131=CARTESIAN_POINT('',(2.005E-2,5.144697308563E-1,-8.384278913286E-1));
#132=DIRECTION('',(-1.E0,0.E0,0.E0));
#133=DIRECTION('',(0.E0,0.E0,1.E0));
#134=AXIS2_PLACEMENT_3D('',#131,#132,#133);
#136=CURVE_STYLE('',#21,POSITIVE_LENGTH_MEASURE(2.E-2),#3);
#137=PRESENTATION_STYLE_ASSIGNMENT((#136));
#138=STYLED_ITEM('',(#137),#135);
#139=CARTESIAN_POINT('',(2.005E-2,5.144697308563E-1,-8.384278913286E-1));
#140=DIRECTION('',(-1.E0,0.E0,0.E0));
#141=DIRECTION('',(0.E0,0.E0,-1.E0));
#142=AXIS2_PLACEMENT_3D('',#139,#140,#141);
#144=CURVE_STYLE('',#21,POSITIVE_LENGTH_MEASURE(2.E-2),#3);
#145=PRESENTATION_STYLE_ASSIGNMENT((#144));
#146=STYLED_ITEM('',(#145),#143);
#147=DIRECTION('',(1.E0,0.E0,0.E0));
#148=VECTOR('',#147,1.4025E-1);
#149=CARTESIAN_POINT('',(-1.4025E-1,1.4E-1,-3.176702559897E-1));
#150=LINE('',#149,#148);
#151=CURVE_STYLE('',#21,POSITIVE_LENGTH_MEASURE(2.E-2),#3);
#152=PRESENTATION_STYLE_ASSIGNMENT((#151));
#153=STYLED_ITEM('',(#152),#150);
#154=CARTESIAN_POINT('',(0.E0,8.24E-1,1.74E-1));
#155=DIRECTION('',(1.E0,0.E0,0.E0));
#156=DIRECTION('',(0.E0,-9.862231994307E-1,1.654200740681E-1));
#157=AXIS2_PLACEMENT_3D('',#154,#155,#156);
#159=CURVE_STYLE('',#21,POSITIVE_LENGTH_MEASURE(2.E-2),#3);
#160=PRESENTATION_STYLE_ASSIGNMENT((#159));
#161=STYLED_ITEM('',(#160),#158);
#162=DIRECTION('',(1.E0,0.E0,0.E0));
#163=VECTOR('',#162,9.683E-1);
#164=CARTESIAN_POINT('',(0.E0,-6.769767620432E-3,3.133457348931E-1));
#165=LINE('',#164,#163);
#166=CURVE_STYLE('',#21,POSITIVE_LENGTH_MEASURE(2.E-2),#3);
#167=PRESENTATION_STYLE_ASSIGNMENT((#166));
#168=STYLED_ITEM('',(#167),#165);
#169=CARTESIAN_POINT('',(9.683E-1,8.24E-1,1.74E-1));
#170=DIRECTION('',(1.E0,0.E0,0.E0));
#171=DIRECTION('',(0.E0,-9.862231994307E-1,1.654200740681E-1));
#172=AXIS2_PLACEMENT_3D('',#169,#170,#171);
#174=CURVE_STYLE('',#21,POSITIVE_LENGTH_MEASURE(2.E-2),#3);
#175=PRESENTATION_STYLE_ASSIGNMENT((#174));
#176=STYLED_ITEM('',(#175),#173);
#177=DIRECTION('',(-1.E0,0.E0,0.E0));
#178=VECTOR('',#177,9.683E-1);
#179=CARTESIAN_POINT('',(9.683E-1,3.699999999998E-1,-5.355629927109E-1));
#180=LINE('',#179,#178);
#181=CURVE_STYLE('',#21,POSITIVE_LENGTH_MEASURE(2.E-2),#3);
#182=PRESENTATION_STYLE_ASSIGNMENT((#181));
#183=STYLED_ITEM('',(#182),#180);
#184=CARTESIAN_POINT('',(0.E0,8.24E-1,1.74E-1));
#185=DIRECTION('',(1.E0,0.E0,0.E0));
#186=DIRECTION('',(0.E0,-5.389523668203E-1,-8.423362430163E-1));
#187=AXIS2_PLACEMENT_3D('',#184,#185,#186);
#189=CURVE_STYLE('',#21,POSITIVE_LENGTH_MEASURE(2.E-2),#3);
#190=PRESENTATION_STYLE_ASSIGNMENT((#189));
#191=STYLED_ITEM('',(#190),#188);
#192=DIRECTION('',(1.E0,0.E0,0.E0));
#193=VECTOR('',#192,1.2525E-1);
#194=CARTESIAN_POINT('',(-1.2525E-1,3.9E-1,-5.479692795577E-1));
#195=LINE('',#194,#193);
#196=CURVE_STYLE('',#21,POSITIVE_LENGTH_MEASURE(2.E-2),#3);
#197=PRESENTATION_STYLE_ASSIGNMENT((#196));
#198=STYLED_ITEM('',(#197),#195);
#199=DIRECTION('',(1.E0,0.E0,0.E0));
#200=VECTOR('',#199,1.453E-1);
#201=CARTESIAN_POINT('',(-1.2525E-1,1.307E0,-5.161497233391E-1));
#202=LINE('',#201,#200);
#203=CURVE_STYLE('',#21,POSITIVE_LENGTH_MEASURE(2.E-2),#3);
#204=PRESENTATION_STYLE_ASSIGNMENT((#203));
#205=STYLED_ITEM('',(#204),#202);
#206=CARTESIAN_POINT('',(2.005E-2,8.24E-1,1.74E-1));
#207=DIRECTION('',(1.E0,0.E0,0.E0));
#208=DIRECTION('',(0.E0,-5.152099718059E-1,-8.570639911650E-1));
#209=AXIS2_PLACEMENT_3D('',#206,#207,#208);
#211=CURVE_STYLE('',#21,POSITIVE_LENGTH_MEASURE(2.E-2),#3);
#212=PRESENTATION_STYLE_ASSIGNMENT((#211));
#213=STYLED_ITEM('',(#212),#210);
#214=CARTESIAN_POINT('',(1.603E-1,8.24E-1,1.74E-1));
#215=DIRECTION('',(1.E0,0.E0,0.E0));
#216=DIRECTION('',(0.E0,-5.152099718059E-1,-8.570639911650E-1));
#217=AXIS2_PLACEMENT_3D('',#214,#215,#216);
#219=CURVE_STYLE('',#21,POSITIVE_LENGTH_MEASURE(2.E-2),#3);
#220=PRESENTATION_STYLE_ASSIGNMENT((#219));
#221=STYLED_ITEM('',(#220),#218);
#222=DIRECTION('',(1.E0,0.E0,0.E0));
#223=VECTOR('',#222,8.08E-1);
#224=CARTESIAN_POINT('',(1.603E-1,1.311702692599E0,-5.128345683325E-1));
#225=LINE('',#224,#223);
#226=CURVE_STYLE('',#21,POSITIVE_LENGTH_MEASURE(2.E-2),#3);
#227=PRESENTATION_STYLE_ASSIGNMENT((#226));
#228=STYLED_ITEM('',(#227),#225);
#229=CARTESIAN_POINT('',(9.683E-1,8.24E-1,1.74E-1));
#230=DIRECTION('',(1.E0,0.E0,0.E0));
#231=DIRECTION('',(0.E0,5.789614988564E-1,-8.153548815344E-1));
#232=AXIS2_PLACEMENT_3D('',#229,#230,#231);
#234=CURVE_STYLE('',#21,POSITIVE_LENGTH_MEASURE(2.E-2),#3);
#235=PRESENTATION_STYLE_ASSIGNMENT((#234));
#236=STYLED_ITEM('',(#235),#233);
#237=CARTESIAN_POINT('',(0.E0,8.24E-1,1.74E-1));
#238=DIRECTION('',(1.E0,0.E0,0.E0));
#239=DIRECTION('',(0.E0,8.701587770414E-1,-4.927714508144E-1));
#240=AXIS2_PLACEMENT_3D('',#237,#238,#239);
#242=CURVE_STYLE('',#21,POSITIVE_LENGTH_MEASURE(2.E-2),#3);
#243=PRESENTATION_STYLE_ASSIGNMENT((#242));
#244=STYLED_ITEM('',(#243),#241);
#245=DIRECTION('',(1.E0,0.E0,-1.051530223560E-9));
#246=VECTOR('',#245,1.4025E-1);
#247=CARTESIAN_POINT('',(-1.4025E-1,1.557E0,-2.410983505448E-1));
#248=LINE('',#247,#246);
#249=CURVE_STYLE('',#21,POSITIVE_LENGTH_MEASURE(2.E-2),#3);
#250=PRESENTATION_STYLE_ASSIGNMENT((#249));
#251=STYLED_ITEM('',(#250),#248);
#252=CARTESIAN_POINT('',(-1.4025E-1,8.24E-1,1.74E-1));
#253=DIRECTION('',(-1.E0,0.E0,0.E0));
#254=DIRECTION('',(0.E0,8.701587772667E-1,-4.927714504167E-1));
#255=AXIS2_PLACEMENT_3D('',#252,#253,#254);
#257=CURVE_STYLE('',#21,POSITIVE_LENGTH_MEASURE(2.E-2),#3);
#258=PRESENTATION_STYLE_ASSIGNMENT((#257));
#259=STYLED_ITEM('',(#258),#256);
#260=DIRECTION('',(1.E0,0.E0,0.E0));
#261=VECTOR('',#260,2.654524902962E-1);
#262=CARTESIAN_POINT('',(1.412460895531E0,1.507E0,-3.190584555862E-1));
#263=LINE('',#262,#261);
#264=CURVE_STYLE('',#21,POSITIVE_LENGTH_MEASURE(2.E-2),#3);
#265=PRESENTATION_STYLE_ASSIGNMENT((#264));
#266=STYLED_ITEM('',(#265),#263);
#267=CARTESIAN_POINT('',(1.0933E0,8.24E-1,1.74E-1));
#268=DIRECTION('',(-1.E0,0.E0,0.E0));
#269=DIRECTION('',(0.E0,-5.749112284020E-2,9.983460175683E-1));
#270=AXIS2_PLACEMENT_3D('',#267,#268,#269);
#272=CURVE_STYLE('',#21,POSITIVE_LENGTH_MEASURE(2.E-2),#3);
#273=PRESENTATION_STYLE_ASSIGNMENT((#272));
#274=STYLED_ITEM('',(#273),#271);
#275=DIRECTION('',(1.E0,0.E0,0.E0));
#276=VECTOR('',#275,8.08E-1);
#277=CARTESIAN_POINT('',(1.0933E0,1.311702692599E0,-5.128345683325E-1));
#278=LINE('',#277,#276);
#279=CURVE_STYLE('',#21,POSITIVE_LENGTH_MEASURE(2.E-2),#3);
#280=PRESENTATION_STYLE_ASSIGNMENT((#279));
#281=STYLED_ITEM('',(#280),#278);
#282=CARTESIAN_POINT('',(1.9013E0,8.24E-1,1.74E-1));
#283=DIRECTION('',(-1.E0,0.E0,0.E0));
#284=DIRECTION('',(0.E0,5.789614988564E-1,-8.153548815344E-1));
#285=AXIS2_PLACEMENT_3D('',#282,#283,#284);
#287=CURVE_STYLE('',#21,POSITIVE_LENGTH_MEASURE(2.E-2),#3);
#288=PRESENTATION_STYLE_ASSIGNMENT((#287));
#289=STYLED_ITEM('',(#288),#286);
#290=DIRECTION('',(1.E0,0.E0,0.E0));
#291=VECTOR('',#290,1.453E-1);
#292=CARTESIAN_POINT('',(1.9013E0,1.307E0,-5.161497233391E-1));
#293=LINE('',#292,#291);
#294=CURVE_STYLE('',#21,POSITIVE_LENGTH_MEASURE(2.E-2),#3);
#295=PRESENTATION_STYLE_ASSIGNMENT((#294));
#296=STYLED_ITEM('',(#295),#293);
#297=CARTESIAN_POINT('',(2.0466E0,8.24E-1,1.74E-1));
#298=DIRECTION('',(-1.E0,0.E0,0.E0));
#299=DIRECTION('',(0.E0,5.733788395904E-1,-8.192903675193E-1));
#300=AXIS2_PLACEMENT_3D('',#297,#298,#299);
#302=CURVE_STYLE('',#21,POSITIVE_LENGTH_MEASURE(2.E-2),#3);
#303=PRESENTATION_STYLE_ASSIGNMENT((#302));
#304=STYLED_ITEM('',(#303),#301);
#305=DIRECTION('',(1.E0,0.E0,0.E0));
#306=VECTOR('',#305,9.375E-2);
#307=CARTESIAN_POINT('',(2.0616E0,8.24E-1,-6.68375E-1));
#308=LINE('',#307,#306);
#309=CURVE_STYLE('',#21,POSITIVE_LENGTH_MEASURE(2.E-2),#3);
#310=PRESENTATION_STYLE_ASSIGNMENT((#309));
#311=STYLED_ITEM('',(#310),#308);
#312=CARTESIAN_POINT('',(2.0616E0,8.24E-1,1.74E-1));
#313=DIRECTION('',(-1.E0,0.E0,0.E0));
#314=DIRECTION('',(0.E0,1.071466735224E-9,1.E0));
#315=AXIS2_PLACEMENT_3D('',#312,#313,#314);
#317=CURVE_STYLE('',#21,POSITIVE_LENGTH_MEASURE(2.E-2),#3);
#318=PRESENTATION_STYLE_ASSIGNMENT((#317));
#319=STYLED_ITEM('',(#318),#316);
#320=DIRECTION('',(1.E0,0.E0,-1.305075020798E-11));
#321=VECTOR('',#320,2.12E-1);
#322=CARTESIAN_POINT('',(1.8496E0,1.557E0,-2.410983504552E-1));
#323=LINE('',#322,#321);
#324=CURVE_STYLE('',#21,POSITIVE_LENGTH_MEASURE(2.E-2),#3);
#325=PRESENTATION_STYLE_ASSIGNMENT((#324));
#326=STYLED_ITEM('',(#325),#323);
#327=CARTESIAN_POINT('',(1.8496E0,8.24E-1,1.74E-1));
#328=DIRECTION('',(1.E0,0.E0,0.E0));
#329=DIRECTION('',(0.E0,8.701587774034E-1,-4.927714501752E-1));
#330=AXIS2_PLACEMENT_3D('',#327,#328,#329);
#332=CURVE_STYLE('',#21,POSITIVE_LENGTH_MEASURE(2.E-2),#3);
#333=PRESENTATION_STYLE_ASSIGNMENT((#332));
#334=STYLED_ITEM('',(#333),#331);
#335=CARTESIAN_POINT('',(-1.4025E-1,1.541E0,-9.163582330891E-2));
#336=DIRECTION('',(-1.E0,0.E0,0.E0));
#337=DIRECTION('',(0.E0,-9.377145659637E-1,3.474066677245E-1));
#338=AXIS2_PLACEMENT_3D('',#335,#336,#337);
#340=CURVE_STYLE('',#21,POSITIVE_LENGTH_MEASURE(2.E-2),#3);
#341=PRESENTATION_STYLE_ASSIGNMENT((#340));
#342=STYLED_ITEM('',(#341),#339);
#343=DIRECTION('',(0.E0,0.E0,-1.E0));
#344=VECTOR('',#343,1.873950670160E-1);
#345=CARTESIAN_POINT('',(-1.4025E-1,1.4E-1,-1.302751889737E-1));
#346=LINE('',#345,#344);
#347=CURVE_STYLE('',#21,POSITIVE_LENGTH_MEASURE(2.E-2),#3);
#348=PRESENTATION_STYLE_ASSIGNMENT((#347));
#349=STYLED_ITEM('',(#348),#346);
#350=CARTESIAN_POINT('',(0.E0,1.541E0,-9.163582330891E-2));
#351=DIRECTION('',(1.E0,0.E0,0.E0));
#352=DIRECTION('',(0.E0,1.E0,3.729655473350E-14));
#353=AXIS2_PLACEMENT_3D('',#350,#351,#352);
#355=CURVE_STYLE('',#21,POSITIVE_LENGTH_MEASURE(2.E-2),#3);
#356=PRESENTATION_STYLE_ASSIGNMENT((#355));
#357=STYLED_ITEM('',(#356),#354);
#358=CARTESIAN_POINT('',(1.603E-1,8.24E-1,1.74E-1));
#359=DIRECTION('',(-1.E0,0.E0,0.E0));
#360=DIRECTION('',(0.E0,6.514646085813E-1,-7.586790255214E-1));
#361=AXIS2_PLACEMENT_3D('',#358,#359,#360);
#363=CURVE_STYLE('',#21,POSITIVE_LENGTH_MEASURE(2.E-2),#3);
#364=PRESENTATION_STYLE_ASSIGNMENT((#363));
#365=STYLED_ITEM('',(#364),#362);
#366=DIRECTION('',(1.E0,0.E0,0.E0));
#367=VECTOR('',#366,1.741E0);
#368=CARTESIAN_POINT('',(1.603E-1,3.9E-1,-4.359863856063E-1));
#369=LINE('',#368,#367);
#370=CURVE_STYLE('',#21,POSITIVE_LENGTH_MEASURE(2.E-2),#3);
#371=PRESENTATION_STYLE_ASSIGNMENT((#370));
#372=STYLED_ITEM('',(#371),#369);
#373=CARTESIAN_POINT('',(1.9013E0,8.24E-1,1.74E-1));
#374=DIRECTION('',(-1.E0,0.E0,0.E0));
#375=DIRECTION('',(0.E0,6.514646085813E-1,-7.586790255214E-1));
#376=AXIS2_PLACEMENT_3D('',#373,#374,#375);
#378=CURVE_STYLE('',#21,POSITIVE_LENGTH_MEASURE(2.E-2),#3);
#379=PRESENTATION_STYLE_ASSIGNMENT((#378));
#380=STYLED_ITEM('',(#379),#377);
#381=DIRECTION('',(1.E0,0.E0,0.E0));
#382=VECTOR('',#381,1.741E0);
#383=CARTESIAN_POINT('',(1.603E-1,1.311702692599E0,-3.939660854809E-1));
#384=LINE('',#383,#382);
#385=CURVE_STYLE('',#21,POSITIVE_LENGTH_MEASURE(2.E-2),#3);
#386=PRESENTATION_STYLE_ASSIGNMENT((#385));
#387=STYLED_ITEM('',(#386),#384);
#388=DIRECTION('',(-1.E0,0.E0,0.E0));
#389=VECTOR('',#388,2.12E-1);
#390=CARTESIAN_POINT('',(2.0616E0,1.525996566945E0,-8.607731662531E-2));
#391=LINE('',#390,#389);
#392=CURVE_STYLE('',#21,POSITIVE_LENGTH_MEASURE(2.E-2),#3);
#393=PRESENTATION_STYLE_ASSIGNMENT((#392));
#394=STYLED_ITEM('',(#393),#391);
#395=CARTESIAN_POINT('',(2.0616E0,8.24E-1,1.74E-1));
#396=DIRECTION('',(1.E0,0.E0,0.E0));
#397=DIRECTION('',(0.E0,-9.136750709634E-1,-4.064454018684E-1));
#398=AXIS2_PLACEMENT_3D('',#395,#396,#397);
#400=CURVE_STYLE('',#21,POSITIVE_LENGTH_MEASURE(2.E-2),#3);
#401=PRESENTATION_STYLE_ASSIGNMENT((#400));
#402=STYLED_ITEM('',(#401),#399);
#403=DIRECTION('',(1.E0,0.E0,0.E0));
#404=VECTOR('',#403,2.12E-1);
#405=CARTESIAN_POINT('',(1.8496E0,1.4E-1,-1.302751889737E-1));
#406=LINE('',#405,#404);
#407=CURVE_STYLE('',#21,POSITIVE_LENGTH_MEASURE(2.E-2),#3);
#408=PRESENTATION_STYLE_ASSIGNMENT((#407));
#409=STYLED_ITEM('',(#408),#406);
#410=CARTESIAN_POINT('',(1.8496E0,8.24E-1,1.74E-1));
#411=DIRECTION('',(1.E0,0.E0,0.E0));
#412=DIRECTION('',(0.E0,-9.862231994307E-1,1.654200740681E-1));
#413=AXIS2_PLACEMENT_3D('',#410,#411,#412);
#415=CURVE_STYLE('',#21,POSITIVE_LENGTH_MEASURE(2.E-2),#3);
#416=PRESENTATION_STYLE_ASSIGNMENT((#415));
#417=STYLED_ITEM('',(#416),#414);
#418=DIRECTION('',(-1.E0,0.E0,0.E0));
#419=VECTOR('',#418,1.716866141732E-1);
#420=CARTESIAN_POINT('',(1.8496E0,8.568865732620E-2,2.978376029492E-1));
#421=LINE('',#420,#419);
#422=CURVE_STYLE('',#21,POSITIVE_LENGTH_MEASURE(2.E-2),#3);
#423=PRESENTATION_STYLE_ASSIGNMENT((#422));
#424=STYLED_ITEM('',(#423),#421);
#425=CARTESIAN_POINT('',(1.677913385827E0,8.24E-1,1.74E-1));
#426=DIRECTION('',(1.E0,0.E0,0.E0));
#427=DIRECTION('',(0.E0,-9.862231994307E-1,1.654200740681E-1));
#428=AXIS2_PLACEMENT_3D('',#425,#426,#427);
#430=CURVE_STYLE('',#21,POSITIVE_LENGTH_MEASURE(2.E-2),#3);
#431=PRESENTATION_STYLE_ASSIGNMENT((#430));
#432=STYLED_ITEM('',(#431),#429);
#433=DIRECTION('',(1.E0,0.E0,0.E0));
#434=VECTOR('',#433,2.654524902962E-1);
#435=CARTESIAN_POINT('',(1.412460895531E0,1.9E-1,-2.240997244724E-1));
#436=LINE('',#435,#434);
#437=CURVE_STYLE('',#21,POSITIVE_LENGTH_MEASURE(2.E-2),#3);
#438=PRESENTATION_STYLE_ASSIGNMENT((#437));
#439=STYLED_ITEM('',(#438),#436);
#440=CARTESIAN_POINT('',(1.412460895531E0,8.24E-1,1.74E-1));
#441=DIRECTION('',(1.E0,0.E0,0.E0));
#442=DIRECTION('',(0.E0,-9.862231994307E-1,1.654200740681E-1));
#443=AXIS2_PLACEMENT_3D('',#440,#441,#442);
#445=CURVE_STYLE('',#21,POSITIVE_LENGTH_MEASURE(2.E-2),#3);
#446=PRESENTATION_STYLE_ASSIGNMENT((#445));
#447=STYLED_ITEM('',(#446),#444);
#448=DIRECTION('',(-1.E0,0.E0,0.E0));
#449=VECTOR('',#448,1.412460895531E0);
#450=CARTESIAN_POINT('',(1.412460895531E0,8.568865732620E-2,2.978376029492E-1));
#451=LINE('',#450,#449);
#452=CURVE_STYLE('',#21,POSITIVE_LENGTH_MEASURE(2.E-2),#3);
#453=PRESENTATION_STYLE_ASSIGNMENT((#452));
#454=STYLED_ITEM('',(#453),#451);
#455=CARTESIAN_POINT('',(0.E0,8.24E-1,1.74E-1));
#456=DIRECTION('',(1.E0,0.E0,0.E0));
#457=DIRECTION('',(0.E0,-9.862231994307E-1,1.654200740681E-1));
#458=AXIS2_PLACEMENT_3D('',#455,#456,#457);
#460=CURVE_STYLE('',#21,POSITIVE_LENGTH_MEASURE(2.E-2),#3);
#461=PRESENTATION_STYLE_ASSIGNMENT((#460));
#462=STYLED_ITEM('',(#461),#459);
#463=DIRECTION('',(1.E0,0.E0,2.951887100768E-11));
#464=VECTOR('',#463,1.4025E-1);
#465=CARTESIAN_POINT('',(-1.4025E-1,1.4E-1,-1.302751889737E-1));
#466=LINE('',#465,#464);
#467=CURVE_STYLE('',#21,POSITIVE_LENGTH_MEASURE(2.E-2),#3);
#468=PRESENTATION_STYLE_ASSIGNMENT((#467));
#469=STYLED_ITEM('',(#468),#466);
#470=CARTESIAN_POINT('',(-1.4025E-1,8.24E-1,1.74E-1));
#471=DIRECTION('',(1.E0,0.E0,0.E0));
#472=DIRECTION('',(0.E0,-9.136750709634E-1,-4.064454018684E-1));
#473=AXIS2_PLACEMENT_3D('',#470,#471,#472);
#475=CURVE_STYLE('',#21,POSITIVE_LENGTH_MEASURE(2.E-2),#3);
#476=PRESENTATION_STYLE_ASSIGNMENT((#475));
#477=STYLED_ITEM('',(#476),#474);
#478=DIRECTION('',(1.E0,0.E0,0.E0));
#479=VECTOR('',#478,1.4025E-1);
#480=CARTESIAN_POINT('',(-1.4025E-1,1.525996566945E0,-8.607731662531E-2));
#481=LINE('',#480,#479);
#482=CURVE_STYLE('',#21,POSITIVE_LENGTH_MEASURE(2.E-2),#3);
#483=PRESENTATION_STYLE_ASSIGNMENT((#482));
#484=STYLED_ITEM('',(#483),#481);
#485=DIRECTION('',(1.E0,0.E0,0.E0));
#486=VECTOR('',#485,3.53E-1);
#487=CARTESIAN_POINT('',(0.E0,7.809607081638E-1,9.213867874021E-1));
#488=LINE('',#487,#486);
#489=CURVE_STYLE('',#21,POSITIVE_LENGTH_MEASURE(2.E-2),#3);
#490=PRESENTATION_STYLE_ASSIGNMENT((#489));
#491=STYLED_ITEM('',(#490),#488);
#492=CARTESIAN_POINT('',(3.53E-1,8.24E-1,1.74E-1));
#493=DIRECTION('',(1.E0,0.E0,0.E0));
#494=DIRECTION('',(0.E0,4.733086774572E-1,8.808966431107E-1));
#495=AXIS2_PLACEMENT_3D('',#492,#493,#494);
#497=CURVE_STYLE('',#21,POSITIVE_LENGTH_MEASURE(2.E-2),#3);
#498=PRESENTATION_STYLE_ASSIGNMENT((#497));
#499=STYLED_ITEM('',(#498),#496);
#500=DIRECTION('',(1.E0,0.E0,0.E0));
#501=VECTOR('',#500,2.5E-1);
#502=CARTESIAN_POINT('',(3.53E-1,1.178330708661E0,8.334612494487E-1));
#503=LINE('',#502,#501);
#504=CURVE_STYLE('',#21,POSITIVE_LENGTH_MEASURE(2.E-2),#3);
#505=PRESENTATION_STYLE_ASSIGNMENT((#504));
#506=STYLED_ITEM('',(#505),#503);
#507=CARTESIAN_POINT('',(6.03E-1,8.24E-1,1.74E-1));
#508=DIRECTION('',(1.E0,0.E0,0.E0));
#509=DIRECTION('',(0.E0,4.733086774572E-1,8.808966431107E-1));
#510=AXIS2_PLACEMENT_3D('',#507,#508,#509);
#512=CURVE_STYLE('',#21,POSITIVE_LENGTH_MEASURE(2.E-2),#3);
#513=PRESENTATION_STYLE_ASSIGNMENT((#512));
#514=STYLED_ITEM('',(#513),#511);
#515=DIRECTION('',(-1.E0,0.E0,0.E0));
#516=VECTOR('',#515,7.08661E-2);
#517=CARTESIAN_POINT('',(6.03E-1,8.495906E-1,9.221874844026E-1));
#518=LINE('',#517,#516);
#519=CURVE_STYLE('',#21,POSITIVE_LENGTH_MEASURE(2.E-2),#3);
#520=PRESENTATION_STYLE_ASSIGNMENT((#519));
#521=STYLED_ITEM('',(#520),#518);
#522=CARTESIAN_POINT('',(6.03E-1,8.24E-1,1.74E-1));
#523=DIRECTION('',(1.E0,0.E0,0.E0));
#524=DIRECTION('',(0.E0,-3.418346969444E-2,9.994155744232E-1));
#525=AXIS2_PLACEMENT_3D('',#522,#523,#524);
#527=CURVE_STYLE('',#21,POSITIVE_LENGTH_MEASURE(2.E-2),#3);
#528=PRESENTATION_STYLE_ASSIGNMENT((#527));
#529=STYLED_ITEM('',(#528),#526);
#530=DIRECTION('',(1.E0,0.E0,0.E0));
#531=VECTOR('',#530,8.094608955306E-1);
#532=CARTESIAN_POINT('',(6.03E-1,7.809607081638E-1,9.213867874021E-1));
#533=LINE('',#532,#531);
#534=CURVE_STYLE('',#21,POSITIVE_LENGTH_MEASURE(2.E-2),#3);
#535=PRESENTATION_STYLE_ASSIGNMENT((#534));
#536=STYLED_ITEM('',(#535),#533);
#537=DIRECTION('',(-1.E0,0.E0,0.E0));
#538=VECTOR('',#537,2.654524902962E-1);
#539=CARTESIAN_POINT('',(1.677913385827E0,1.477042831453E0,-1.920252052966E-1));
#540=LINE('',#539,#538);
#541=CURVE_STYLE('',#21,POSITIVE_LENGTH_MEASURE(2.E-2),#3);
#542=PRESENTATION_STYLE_ASSIGNMENT((#541));
#543=STYLED_ITEM('',(#542),#540);
#544=DIRECTION('',(1.E0,0.E0,0.E0));
#545=VECTOR('',#544,1.716866141732E-1);
#546=CARTESIAN_POINT('',(1.677913385827E0,7.809607081638E-1,9.213867874021E-1));
#547=LINE('',#546,#545);
#548=CURVE_STYLE('',#21,POSITIVE_LENGTH_MEASURE(2.E-2),#3);
#549=PRESENTATION_STYLE_ASSIGNMENT((#548));
#550=STYLED_ITEM('',(#549),#547);
#551=DIRECTION('',(0.E0,0.E0,1.E0));
#552=VECTOR('',#551,1.119828939514E-1);
#553=CARTESIAN_POINT('',(1.603E-1,3.9E-1,-5.479692795577E-1));
#554=LINE('',#553,#552);
#555=CURVE_STYLE('',#21,POSITIVE_LENGTH_MEASURE(2.E-2),#3);
#556=PRESENTATION_STYLE_ASSIGNMENT((#555));
#557=STYLED_ITEM('',(#556),#554);
#558=DIRECTION('',(0.E0,0.E0,-1.E0));
#559=VECTOR('',#558,1.188684828516E-1);
#560=CARTESIAN_POINT('',(1.603E-1,1.311702692599E0,-3.939660854809E-1));
#561=LINE('',#560,#559);
#562=CURVE_STYLE('',#21,POSITIVE_LENGTH_MEASURE(2.E-2),#3);
#563=PRESENTATION_STYLE_ASSIGNMENT((#562));
#564=STYLED_ITEM('',(#563),#561);
#565=DIRECTION('',(0.E0,0.E0,1.E0));
#566=VECTOR('',#565,2.343893617592E-2);
#567=CARTESIAN_POINT('',(1.0933E0,3.9E-1,-5.479692795577E-1));
#568=LINE('',#567,#566);
#569=CURVE_STYLE('',#21,POSITIVE_LENGTH_MEASURE(2.E-2),#3);
#570=PRESENTATION_STYLE_ASSIGNMENT((#569));
#571=STYLED_ITEM('',(#570),#568);
#572=DIRECTION('',(-1.E0,0.E0,0.E0));
#573=VECTOR('',#572,1.25E-1);
#574=CARTESIAN_POINT('',(1.0933E0,3.9E-1,-5.479692795577E-1));
#575=LINE('',#574,#573);
#576=CURVE_STYLE('',#21,POSITIVE_LENGTH_MEASURE(2.E-2),#3);
#577=PRESENTATION_STYLE_ASSIGNMENT((#576));
#578=STYLED_ITEM('',(#577),#575);
#579=DIRECTION('',(0.E0,0.E0,1.E0));
#580=VECTOR('',#579,2.343893617592E-2);
#581=CARTESIAN_POINT('',(9.683E-1,3.9E-1,-5.479692795577E-1));
#582=LINE('',#581,#580);
#583=CURVE_STYLE('',#21,POSITIVE_LENGTH_MEASURE(2.E-2),#3);
#584=PRESENTATION_STYLE_ASSIGNMENT((#583));
#585=STYLED_ITEM('',(#584),#582);
#586=DIRECTION('',(-1.E0,0.E0,0.E0));
#587=VECTOR('',#586,1.25E-1);
#588=CARTESIAN_POINT('',(1.0933E0,3.9E-1,-5.245303433817E-1));
#589=LINE('',#588,#587);
#590=CURVE_STYLE('',#21,POSITIVE_LENGTH_MEASURE(2.E-2),#3);
#591=PRESENTATION_STYLE_ASSIGNMENT((#590));
#592=STYLED_ITEM('',(#591),#589);
#593=DIRECTION('',(0.E0,0.E0,1.E0));
#594=VECTOR('',#593,1.120737037059E-2);
#595=CARTESIAN_POINT('',(2.005E-2,3.9E-1,-5.591766499282E-1));
#596=LINE('',#595,#594);
#597=CURVE_STYLE('',#21,POSITIVE_LENGTH_MEASURE(2.E-2),#3);
#598=PRESENTATION_STYLE_ASSIGNMENT((#597));
#599=STYLED_ITEM('',(#598),#596);
#600=DIRECTION('',(1.E0,0.E0,0.E0));
#601=VECTOR('',#600,1.88125E0);
#602=CARTESIAN_POINT('',(2.005E-2,3.9E-1,-5.591766499282E-1));
#603=LINE('',#602,#601);
#604=CURVE_STYLE('',#21,POSITIVE_LENGTH_MEASURE(2.E-2),#3);
#605=PRESENTATION_STYLE_ASSIGNMENT((#604));
#606=STYLED_ITEM('',(#605),#603);
#607=DIRECTION('',(-1.E0,0.E0,0.E0));
#608=VECTOR('',#607,1.4025E-1);
#609=CARTESIAN_POINT('',(1.603E-1,3.9E-1,-5.479692795577E-1));
#610=LINE('',#609,#608);
#611=CURVE_STYLE('',#21,POSITIVE_LENGTH_MEASURE(2.E-2),#3);
#612=PRESENTATION_STYLE_ASSIGNMENT((#611));
#613=STYLED_ITEM('',(#612),#610);
#614=CARTESIAN_POINT('',(1.0933E0,8.24E-1,1.74E-1));
#615=DIRECTION('',(-1.E0,0.E0,0.E0));
#616=DIRECTION('',(0.E0,-5.152099718059E-1,-8.570639911650E-1));
#617=AXIS2_PLACEMENT_3D('',#614,#615,#616);
#619=CURVE_STYLE('',#21,POSITIVE_LENGTH_MEASURE(2.E-2),#3);
#620=PRESENTATION_STYLE_ASSIGNMENT((#619));
#621=STYLED_ITEM('',(#620),#618);
#622=DIRECTION('',(0.E0,5.749112284020E-2,-9.983460175683E-1));
#623=VECTOR('',#622,9.375E-2);
#624=CARTESIAN_POINT('',(1.677913385827E0,7.755709153975E-1,1.014981726549E0));
#625=LINE('',#624,#623);
#626=CURVE_STYLE('',#21,POSITIVE_LENGTH_MEASURE(2.E-2),#3);
#627=PRESENTATION_STYLE_ASSIGNMENT((#626));
#628=STYLED_ITEM('',(#627),#625);
#629=DIRECTION('',(1.E0,0.E0,0.E0));
#630=VECTOR('',#629,1.716866141732E-1);
#631=CARTESIAN_POINT('',(1.677913385827E0,7.755709153975E-1,1.014981726549E0));
#632=LINE('',#631,#630);
#633=CURVE_STYLE('',#21,POSITIVE_LENGTH_MEASURE(2.E-2),#3);
#634=PRESENTATION_STYLE_ASSIGNMENT((#633));
#635=STYLED_ITEM('',(#634),#632);
#636=DIRECTION('',(0.E0,5.749112284021E-2,-9.983460175683E-1));
#637=VECTOR('',#636,9.375E-2);
#638=CARTESIAN_POINT('',(1.8496E0,7.755709153975E-1,1.014981726549E0));
#639=LINE('',#638,#637);
#640=CURVE_STYLE('',#21,POSITIVE_LENGTH_MEASURE(2.E-2),#3);
#641=PRESENTATION_STYLE_ASSIGNMENT((#640));
#642=STYLED_ITEM('',(#641),#639);
#643=DIRECTION('',(0.E0,5.749112284020E-2,-9.983460175683E-1));
#644=VECTOR('',#643,9.375E-2);
#645=CARTESIAN_POINT('',(0.E0,7.755709153975E-1,1.014981726549E0));
#646=LINE('',#645,#644);
#647=CURVE_STYLE('',#21,POSITIVE_LENGTH_MEASURE(2.E-2),#3);
#648=PRESENTATION_STYLE_ASSIGNMENT((#647));
#649=STYLED_ITEM('',(#648),#646);
#650=DIRECTION('',(1.E0,0.E0,0.E0));
#651=VECTOR('',#650,9.683E-1);
#652=CARTESIAN_POINT('',(0.E0,7.755709153975E-1,1.014981726549E0));
#653=LINE('',#652,#651);
#654=CURVE_STYLE('',#21,POSITIVE_LENGTH_MEASURE(2.E-2),#3);
#655=PRESENTATION_STYLE_ASSIGNMENT((#654));
#656=STYLED_ITEM('',(#655),#653);
#657=DIRECTION('',(0.E0,5.749112284021E-2,-9.983460175683E-1));
#658=VECTOR('',#657,2.E-2);
#659=CARTESIAN_POINT('',(9.683E-1,7.755709153975E-1,1.014981726549E0));
#660=LINE('',#659,#658);
#661=CURVE_STYLE('',#21,POSITIVE_LENGTH_MEASURE(2.E-2),#3);
#662=PRESENTATION_STYLE_ASSIGNMENT((#661));
#663=STYLED_ITEM('',(#662),#660);
#664=DIRECTION('',(-1.E0,0.E0,0.E0));
#665=VECTOR('',#664,1.25E-1);
#666=CARTESIAN_POINT('',(1.0933E0,7.767207378543E-1,9.950148061978E-1));
#667=LINE('',#666,#665);
#668=CURVE_STYLE('',#21,POSITIVE_LENGTH_MEASURE(2.E-2),#3);
#669=PRESENTATION_STYLE_ASSIGNMENT((#668));
#670=STYLED_ITEM('',(#669),#667);
#671=DIRECTION('',(0.E0,5.749112284020E-2,-9.983460175683E-1));
#672=VECTOR('',#671,2.E-2);
#673=CARTESIAN_POINT('',(1.0933E0,7.755709153975E-1,1.014981726549E0));
#674=LINE('',#673,#672);
#675=CURVE_STYLE('',#21,POSITIVE_LENGTH_MEASURE(2.E-2),#3);
#676=PRESENTATION_STYLE_ASSIGNMENT((#675));
#677=STYLED_ITEM('',(#676),#674);
#678=DIRECTION('',(1.E0,0.E0,0.E0));
#679=VECTOR('',#678,3.191608955306E-1);
#680=CARTESIAN_POINT('',(1.0933E0,7.755709153975E-1,1.014981726549E0));
#681=LINE('',#680,#679);
#682=CURVE_STYLE('',#21,POSITIVE_LENGTH_MEASURE(2.E-2),#3);
#683=PRESENTATION_STYLE_ASSIGNMENT((#682));
#684=STYLED_ITEM('',(#683),#681);
#685=DIRECTION('',(0.E0,5.749112284021E-2,-9.983460175683E-1));
#686=VECTOR('',#685,9.375E-2);
#687=CARTESIAN_POINT('',(1.412460895531E0,7.755709153975E-1,1.014981726549E0));
#688=LINE('',#687,#686);
#689=CURVE_STYLE('',#21,POSITIVE_LENGTH_MEASURE(2.E-2),#3);
#690=PRESENTATION_STYLE_ASSIGNMENT((#689));
#691=STYLED_ITEM('',(#690),#688);
#692=DIRECTION('',(-1.E0,0.E0,0.E0));
#693=VECTOR('',#692,2.5E-1);
#694=CARTESIAN_POINT('',(6.03E-1,7.809607081638E-1,9.213867874021E-1));
#695=LINE('',#694,#693);
#696=CURVE_STYLE('',#21,POSITIVE_LENGTH_MEASURE(2.E-2),#3);
#697=PRESENTATION_STYLE_ASSIGNMENT((#696));
#698=STYLED_ITEM('',(#697),#695);
#699=DIRECTION('',(0.E0,0.E0,-1.E0));
#700=VECTOR('',#699,1.565529962682E-1);
#701=CARTESIAN_POINT('',(1.677913385827E0,1.9E-1,-2.240997244724E-1));
#702=LINE('',#701,#700);
#703=CURVE_STYLE('',#21,POSITIVE_LENGTH_MEASURE(2.E-2),#3);
#704=PRESENTATION_STYLE_ASSIGNMENT((#703));
#705=STYLED_ITEM('',(#704),#702);
#706=CARTESIAN_POINT('',(1.677913385827E0,8.24E-1,1.74E-1));
#707=DIRECTION('',(-1.E0,0.E0,0.E0));
#708=DIRECTION('',(0.E0,-5.749112284020E-2,9.983460175683E-1));
#709=AXIS2_PLACEMENT_3D('',#706,#707,#708);
#711=CURVE_STYLE('',#21,POSITIVE_LENGTH_MEASURE(2.E-2),#3);
#712=PRESENTATION_STYLE_ASSIGNMENT((#711));
#713=STYLED_ITEM('',(#712),#710);
#714=DIRECTION('',(0.E0,0.E0,1.E0));
#715=VECTOR('',#714,1.192103706305E-1);
#716=CARTESIAN_POINT('',(1.677913385827E0,1.507E0,-3.190584555862E-1));
#717=LINE('',#716,#715);
#718=CURVE_STYLE('',#21,POSITIVE_LENGTH_MEASURE(2.E-2),#3);
#719=PRESENTATION_STYLE_ASSIGNMENT((#718));
#720=STYLED_ITEM('',(#719),#717);
#721=CARTESIAN_POINT('',(1.677913385827E0,8.24E-1,1.74E-1));
#722=DIRECTION('',(1.E0,0.E0,0.E0));
#723=DIRECTION('',(0.E0,8.108027897314E-1,-5.853194308784E-1));
#724=AXIS2_PLACEMENT_3D('',#721,#722,#723);
#726=CURVE_STYLE('',#21,POSITIVE_LENGTH_MEASURE(2.E-2),#3);
#727=PRESENTATION_STYLE_ASSIGNMENT((#726));
#728=STYLED_ITEM('',(#727),#725);
#729=DIRECTION('',(0.E0,-9.862231994307E-1,1.654200740681E-1));
#730=VECTOR('',#729,9.375E-2);
#731=CARTESIAN_POINT('',(1.677913385827E0,8.568865732620E-2,2.978376029492E-1));
#732=LINE('',#731,#730);
#733=CURVE_STYLE('',#21,POSITIVE_LENGTH_MEASURE(2.E-2),#3);
#734=PRESENTATION_STYLE_ASSIGNMENT((#733));
#735=STYLED_ITEM('',(#734),#732);
#736=DIRECTION('',(0.E0,-9.862231994307E-1,1.654200740681E-1));
#737=VECTOR('',#736,9.375E-2);
#738=CARTESIAN_POINT('',(1.8496E0,8.568865732620E-2,2.978376029492E-1));
#739=LINE('',#738,#737);
#740=CURVE_STYLE('',#21,POSITIVE_LENGTH_MEASURE(2.E-2),#3);
#741=PRESENTATION_STYLE_ASSIGNMENT((#740));
#742=STYLED_ITEM('',(#741),#739);
#743=DIRECTION('',(0.E0,-9.862231994307E-1,1.654200740681E-1));
#744=VECTOR('',#743,9.375E-2);
#745=CARTESIAN_POINT('',(1.412460895531E0,8.568865732620E-2,2.978376029492E-1));
#746=LINE('',#745,#744);
#747=CURVE_STYLE('',#21,POSITIVE_LENGTH_MEASURE(2.E-2),#3);
#748=PRESENTATION_STYLE_ASSIGNMENT((#747));
#749=STYLED_ITEM('',(#748),#746);
#750=DIRECTION('',(0.E0,-9.862231994307E-1,1.654200740681E-1));
#751=VECTOR('',#750,2.E-2);
#752=CARTESIAN_POINT('',(1.0933E0,1.295469636818E-2,3.100373334117E-1));
#753=LINE('',#752,#751);
#754=CURVE_STYLE('',#21,POSITIVE_LENGTH_MEASURE(2.E-2),#3);
#755=PRESENTATION_STYLE_ASSIGNMENT((#754));
#756=STYLED_ITEM('',(#755),#753);
#757=DIRECTION('',(-1.E0,0.E0,0.E0));
#758=VECTOR('',#757,1.25E-1);
#759=CARTESIAN_POINT('',(1.0933E0,1.295469636818E-2,3.100373334117E-1));
#760=LINE('',#759,#758);
#761=CURVE_STYLE('',#21,POSITIVE_LENGTH_MEASURE(2.E-2),#3);
#762=PRESENTATION_STYLE_ASSIGNMENT((#761));
#763=STYLED_ITEM('',(#762),#760);
#764=DIRECTION('',(0.E0,-9.862231994307E-1,1.654200740681E-1));
#765=VECTOR('',#764,2.E-2);
#766=CARTESIAN_POINT('',(9.683E-1,1.295469636818E-2,3.100373334117E-1));
#767=LINE('',#766,#765);
#768=CURVE_STYLE('',#21,POSITIVE_LENGTH_MEASURE(2.E-2),#3);
#769=PRESENTATION_STYLE_ASSIGNMENT((#768));
#770=STYLED_ITEM('',(#769),#767);
#771=DIRECTION('',(0.E0,-9.862231994307E-1,1.654200740681E-1));
#772=VECTOR('',#771,9.375E-2);
#773=CARTESIAN_POINT('',(0.E0,8.568865732620E-2,2.978376029492E-1));
#774=LINE('',#773,#772);
#775=CURVE_STYLE('',#21,POSITIVE_LENGTH_MEASURE(2.E-2),#3);
#776=PRESENTATION_STYLE_ASSIGNMENT((#775));
#777=STYLED_ITEM('',(#776),#774);
#778=DIRECTION('',(0.E0,0.E0,1.E0));
#779=VECTOR('',#778,1.873950670160E-1);
#780=CARTESIAN_POINT('',(1.8496E0,1.4E-1,-3.176702559897E-1));
#781=LINE('',#780,#779);
#782=CURVE_STYLE('',#21,POSITIVE_LENGTH_MEASURE(2.E-2),#3);
#783=PRESENTATION_STYLE_ASSIGNMENT((#782));
#784=STYLED_ITEM('',(#783),#781);
#785=CARTESIAN_POINT('',(1.8496E0,8.24E-1,1.74E-1));
#786=DIRECTION('',(1.E0,0.E0,0.E0));
#787=DIRECTION('',(0.E0,-9.862231994307E-1,1.654200740681E-1));
#788=AXIS2_PLACEMENT_3D('',#785,#786,#787);
#790=CURVE_STYLE('',#21,POSITIVE_LENGTH_MEASURE(2.E-2),#3);
#791=PRESENTATION_STYLE_ASSIGNMENT((#790));
#792=STYLED_ITEM('',(#791),#789);
#793=DIRECTION('',(0.E0,0.E0,-1.E0));
#794=VECTOR('',#793,1.494625271463E-1);
#795=CARTESIAN_POINT('',(1.8496E0,1.557E0,-9.163582330891E-2));
#796=LINE('',#795,#794);
#797=CURVE_STYLE('',#21,POSITIVE_LENGTH_MEASURE(2.E-2),#3);
#798=PRESENTATION_STYLE_ASSIGNMENT((#797));
#799=STYLED_ITEM('',(#798),#796);
#800=CARTESIAN_POINT('',(1.8496E0,8.24E-1,1.74E-1));
#801=DIRECTION('',(1.E0,0.E0,0.E0));
#802=DIRECTION('',(0.E0,9.377145659637E-1,-3.474066677246E-1));
#803=AXIS2_PLACEMENT_3D('',#800,#801,#802);
#805=CURVE_STYLE('',#21,POSITIVE_LENGTH_MEASURE(2.E-2),#3);
#806=PRESENTATION_STYLE_ASSIGNMENT((#805));
#807=STYLED_ITEM('',(#806),#804);
#808=DIRECTION('',(1.E0,0.E0,0.E0));
#809=VECTOR('',#808,2.12E-1);
#810=CARTESIAN_POINT('',(1.8496E0,1.4E-1,-3.176702559897E-1));
#811=LINE('',#810,#809);
#812=CURVE_STYLE('',#21,POSITIVE_LENGTH_MEASURE(2.E-2),#3);
#813=PRESENTATION_STYLE_ASSIGNMENT((#812));
#814=STYLED_ITEM('',(#813),#811);
#815=CARTESIAN_POINT('',(2.0616E0,8.24E-1,1.74E-1));
#816=DIRECTION('',(-1.E0,0.E0,0.E0));
#817=DIRECTION('',(0.E0,0.E0,1.E0));
#818=AXIS2_PLACEMENT_3D('',#815,#816,#817);
#820=CURVE_STYLE('',#21,POSITIVE_LENGTH_MEASURE(2.E-2),#3);
#821=PRESENTATION_STYLE_ASSIGNMENT((#820));
#822=STYLED_ITEM('',(#821),#819);
#823=CARTESIAN_POINT('',(2.0616E0,8.24E-1,1.74E-1));
#824=DIRECTION('',(-1.E0,0.E0,0.E0));
#825=DIRECTION('',(0.E0,0.E0,-1.E0));
#826=AXIS2_PLACEMENT_3D('',#823,#824,#825);
#828=CURVE_STYLE('',#21,POSITIVE_LENGTH_MEASURE(2.E-2),#3);
#829=PRESENTATION_STYLE_ASSIGNMENT((#828));
#830=STYLED_ITEM('',(#829),#827);
#831=CARTESIAN_POINT('',(2.0616E0,8.24E-1,1.74E-1));
#832=DIRECTION('',(-1.E0,0.E0,0.E0));
#833=DIRECTION('',(0.E0,0.E0,-1.E0));
#834=AXIS2_PLACEMENT_3D('',#831,#832,#833);
#836=CURVE_STYLE('',#21,POSITIVE_LENGTH_MEASURE(2.E-2),#3);
#837=PRESENTATION_STYLE_ASSIGNMENT((#836));
#838=STYLED_ITEM('',(#837),#835);
#839=CARTESIAN_POINT('',(2.0616E0,8.24E-1,1.74E-1));
#840=DIRECTION('',(-1.E0,0.E0,0.E0));
#841=DIRECTION('',(0.E0,0.E0,1.E0));
#842=AXIS2_PLACEMENT_3D('',#839,#840,#841);
#844=CURVE_STYLE('',#21,POSITIVE_LENGTH_MEASURE(2.E-2),#3);
#845=PRESENTATION_STYLE_ASSIGNMENT((#844));
#846=STYLED_ITEM('',(#845),#843);
#847=CARTESIAN_POINT('',(2.0616E0,8.24E-1,1.74E-1));
#848=DIRECTION('',(-1.E0,0.E0,0.E0));
#849=DIRECTION('',(0.E0,-1.E0,0.E0));
#850=AXIS2_PLACEMENT_3D('',#847,#848,#849);
#852=CURVE_STYLE('',#21,POSITIVE_LENGTH_MEASURE(2.E-2),#3);
#853=PRESENTATION_STYLE_ASSIGNMENT((#852));
#854=STYLED_ITEM('',(#853),#851);
#855=CARTESIAN_POINT('',(2.0616E0,8.24E-1,1.74E-1));
#856=DIRECTION('',(-1.E0,0.E0,0.E0));
#857=DIRECTION('',(0.E0,1.E0,0.E0));
#858=AXIS2_PLACEMENT_3D('',#855,#856,#857);
#860=CURVE_STYLE('',#21,POSITIVE_LENGTH_MEASURE(2.E-2),#3);
#861=PRESENTATION_STYLE_ASSIGNMENT((#860));
#862=STYLED_ITEM('',(#861),#859);
#863=DIRECTION('',(0.E0,0.E0,1.E0));
#864=VECTOR('',#863,1.494625271491E-1);
#865=CARTESIAN_POINT('',(2.0616E0,1.557E0,-2.410983504580E-1));
#866=LINE('',#865,#864);
#867=CURVE_STYLE('',#21,POSITIVE_LENGTH_MEASURE(2.E-2),#3);
#868=PRESENTATION_STYLE_ASSIGNMENT((#867));
#869=STYLED_ITEM('',(#868),#866);
#870=CARTESIAN_POINT('',(2.0616E0,8.24E-1,1.74E-1));
#871=DIRECTION('',(1.E0,0.E0,0.E0));
#872=DIRECTION('',(0.E0,1.071466735224E-9,1.E0));
#873=AXIS2_PLACEMENT_3D('',#870,#871,#872);
#875=CURVE_STYLE('',#21,POSITIVE_LENGTH_MEASURE(2.E-2),#3);
#876=PRESENTATION_STYLE_ASSIGNMENT((#875));
#877=STYLED_ITEM('',(#876),#874);
#878=DIRECTION('',(0.E0,0.E0,-1.E0));
#879=VECTOR('',#878,1.873950670160E-1);
#880=CARTESIAN_POINT('',(2.0616E0,1.4E-1,-1.302751889737E-1));
#881=LINE('',#880,#879);
#882=CURVE_STYLE('',#21,POSITIVE_LENGTH_MEASURE(2.E-2),#3);
#883=PRESENTATION_STYLE_ASSIGNMENT((#882));
#884=STYLED_ITEM('',(#883),#881);
#885=DIRECTION('',(1.E0,0.E0,0.E0));
#886=VECTOR('',#885,2.E-2);
#887=CARTESIAN_POINT('',(2.0616E0,8.24E-1,4.9486615E-1));
#888=LINE('',#887,#886);
#889=CURVE_STYLE('',#21,POSITIVE_LENGTH_MEASURE(2.E-2),#3);
#890=PRESENTATION_STYLE_ASSIGNMENT((#889));
#891=STYLED_ITEM('',(#890),#888);
#892=DIRECTION('',(1.E0,0.E0,0.E0));
#893=VECTOR('',#892,2.E-2);
#894=CARTESIAN_POINT('',(2.0616E0,8.24E-1,-1.4686615E-1));
#895=LINE('',#894,#893);
#896=CURVE_STYLE('',#21,POSITIVE_LENGTH_MEASURE(2.E-2),#3);
#897=PRESENTATION_STYLE_ASSIGNMENT((#896));
#898=STYLED_ITEM('',(#897),#895);
#899=CARTESIAN_POINT('',(2.0816E0,8.24E-1,1.74E-1));
#900=DIRECTION('',(-1.E0,0.E0,0.E0));
#901=DIRECTION('',(0.E0,0.E0,1.E0));
#902=AXIS2_PLACEMENT_3D('',#899,#900,#901);
#904=CURVE_STYLE('',#21,POSITIVE_LENGTH_MEASURE(2.E-2),#3);
#905=PRESENTATION_STYLE_ASSIGNMENT((#904));
#906=STYLED_ITEM('',(#905),#903);
#907=CARTESIAN_POINT('',(2.0816E0,8.24E-1,1.74E-1));
#908=DIRECTION('',(-1.E0,0.E0,0.E0));
#909=DIRECTION('',(0.E0,0.E0,-1.E0));
#910=AXIS2_PLACEMENT_3D('',#907,#908,#909);
#912=CURVE_STYLE('',#21,POSITIVE_LENGTH_MEASURE(2.E-2),#3);
#913=PRESENTATION_STYLE_ASSIGNMENT((#912));
#914=STYLED_ITEM('',(#913),#911);
#915=CARTESIAN_POINT('',(2.0816E0,8.24E-1,1.74E-1));
#916=DIRECTION('',(1.E0,0.E0,0.E0));
#917=DIRECTION('',(0.E0,0.E0,1.E0));
#918=AXIS2_PLACEMENT_3D('',#915,#916,#917);
#920=CURVE_STYLE('',#21,POSITIVE_LENGTH_MEASURE(2.E-2),#3);
#921=PRESENTATION_STYLE_ASSIGNMENT((#920));
#922=STYLED_ITEM('',(#921),#919);
#923=CARTESIAN_POINT('',(2.0816E0,8.24E-1,1.74E-1));
#924=DIRECTION('',(1.E0,0.E0,0.E0));
#925=DIRECTION('',(0.E0,0.E0,-1.E0));
#926=AXIS2_PLACEMENT_3D('',#923,#924,#925);
#928=CURVE_STYLE('',#21,POSITIVE_LENGTH_MEASURE(2.E-2),#3);
#929=PRESENTATION_STYLE_ASSIGNMENT((#928));
#930=STYLED_ITEM('',(#929),#927);
#931=DIRECTION('',(1.E0,0.E0,0.E0));
#932=VECTOR('',#931,2.E-2);
#933=CARTESIAN_POINT('',(2.0616E0,8.24E-1,3.708505E-1));
#934=LINE('',#933,#932);
#935=CURVE_STYLE('',#21,POSITIVE_LENGTH_MEASURE(2.E-2),#3);
#936=PRESENTATION_STYLE_ASSIGNMENT((#935));
#937=STYLED_ITEM('',(#936),#934);
#938=DIRECTION('',(1.E0,0.E0,0.E0));
#939=VECTOR('',#938,2.E-2);
#940=CARTESIAN_POINT('',(2.0616E0,8.24E-1,-2.28505E-2));
#941=LINE('',#940,#939);
#942=CURVE_STYLE('',#21,POSITIVE_LENGTH_MEASURE(2.E-2),#3);
#943=PRESENTATION_STYLE_ASSIGNMENT((#942));
#944=STYLED_ITEM('',(#943),#941);
#945=DIRECTION('',(-1.E0,0.E0,0.E0));
#946=VECTOR('',#945,1.96846E-1);
#947=CARTESIAN_POINT('',(2.0616E0,6.665195E-1,1.74E-1));
#948=LINE('',#947,#946);
#949=CURVE_STYLE('',#21,POSITIVE_LENGTH_MEASURE(2.E-2),#3);
#950=PRESENTATION_STYLE_ASSIGNMENT((#949));
#951=STYLED_ITEM('',(#950),#948);
#952=DIRECTION('',(-1.E0,0.E0,0.E0));
#953=VECTOR('',#952,1.96846E-1);
#954=CARTESIAN_POINT('',(2.0616E0,9.814805E-1,1.74E-1));
#955=LINE('',#954,#953);
#956=CURVE_STYLE('',#21,POSITIVE_LENGTH_MEASURE(2.E-2),#3);
#957=PRESENTATION_STYLE_ASSIGNMENT((#956));
#958=STYLED_ITEM('',(#957),#955);
#959=CARTESIAN_POINT('',(1.864754E0,8.24E-1,1.74E-1));
#960=DIRECTION('',(-1.E0,0.E0,0.E0));
#961=DIRECTION('',(0.E0,-1.E0,0.E0));
#962=AXIS2_PLACEMENT_3D('',#959,#960,#961);
#964=CURVE_STYLE('',#21,POSITIVE_LENGTH_MEASURE(2.E-2),#3);
#965=PRESENTATION_STYLE_ASSIGNMENT((#964));
#966=STYLED_ITEM('',(#965),#963);
#967=CARTESIAN_POINT('',(1.864754E0,8.24E-1,1.74E-1));
#968=DIRECTION('',(-1.E0,0.E0,0.E0));
#969=DIRECTION('',(0.E0,1.E0,0.E0));
#970=AXIS2_PLACEMENT_3D('',#967,#968,#969);
#972=CURVE_STYLE('',#21,POSITIVE_LENGTH_MEASURE(2.E-2),#3);
#973=PRESENTATION_STYLE_ASSIGNMENT((#972));
#974=STYLED_ITEM('',(#973),#971);
#975=CARTESIAN_POINT('',(1.864754E0,8.24E-1,1.74E-1));
#976=DIRECTION('',(1.E0,0.E0,0.E0));
#977=DIRECTION('',(0.E0,1.E0,0.E0));
#978=AXIS2_PLACEMENT_3D('',#975,#976,#977);
#980=CURVE_STYLE('',#21,POSITIVE_LENGTH_MEASURE(2.E-2),#3);
#981=PRESENTATION_STYLE_ASSIGNMENT((#980));
#982=STYLED_ITEM('',(#981),#979);
#983=CARTESIAN_POINT('',(1.864754E0,8.24E-1,1.74E-1));
#984=DIRECTION('',(1.E0,0.E0,0.E0));
#985=DIRECTION('',(0.E0,-1.E0,0.E0));
#986=AXIS2_PLACEMENT_3D('',#983,#984,#985);
#988=CURVE_STYLE('',#21,POSITIVE_LENGTH_MEASURE(2.E-2),#3);
#989=PRESENTATION_STYLE_ASSIGNMENT((#988));
#990=STYLED_ITEM('',(#989),#987);
#991=DIRECTION('',(1.E0,0.E0,0.E0));
#992=VECTOR('',#991,1.85039E-1);
#993=CARTESIAN_POINT('',(1.864754E0,9.34236E-1,1.74E-1));
#994=LINE('',#993,#992);
#995=CURVE_STYLE('',#21,POSITIVE_LENGTH_MEASURE(2.E-2),#3);
#996=PRESENTATION_STYLE_ASSIGNMENT((#995));
#997=STYLED_ITEM('',(#996),#994);
#998=DIRECTION('',(1.E0,0.E0,0.E0));
#999=VECTOR('',#998,1.85039E-1);
#1000=CARTESIAN_POINT('',(1.864754E0,7.13764E-1,1.74E-1));
#1001=LINE('',#1000,#999);
#1002=CURVE_STYLE('',#21,POSITIVE_LENGTH_MEASURE(2.E-2),#3);
#1003=PRESENTATION_STYLE_ASSIGNMENT((#1002));
#1004=STYLED_ITEM('',(#1003),#1001);
#1005=CARTESIAN_POINT('',(2.049793E0,8.24E-1,1.74E-1));
#1006=DIRECTION('',(1.E0,0.E0,0.E0));
#1007=DIRECTION('',(0.E0,1.E0,0.E0));
#1008=AXIS2_PLACEMENT_3D('',#1005,#1006,#1007);
#1010=CURVE_STYLE('',#21,POSITIVE_LENGTH_MEASURE(2.E-2),#3);
#1011=PRESENTATION_STYLE_ASSIGNMENT((#1010));
#1012=STYLED_ITEM('',(#1011),#1009);
#1013=CARTESIAN_POINT('',(2.049793E0,8.24E-1,1.74E-1));
#1014=DIRECTION('',(1.E0,0.E0,0.E0));
#1015=DIRECTION('',(0.E0,-1.E0,0.E0));
#1016=AXIS2_PLACEMENT_3D('',#1013,#1014,#1015);
#1018=CURVE_STYLE('',#21,POSITIVE_LENGTH_MEASURE(2.E-2),#3);
#1019=PRESENTATION_STYLE_ASSIGNMENT((#1018));
#1020=STYLED_ITEM('',(#1019),#1017);
#1021=CARTESIAN_POINT('',(2.0616E0,1.541E0,-9.163582330891E-2));
#1022=DIRECTION('',(1.E0,0.E0,0.E0));
#1023=DIRECTION('',(0.E0,1.E0,0.E0));
#1024=AXIS2_PLACEMENT_3D('',#1021,#1022,#1023);
#1026=CURVE_STYLE('',#21,POSITIVE_LENGTH_MEASURE(2.E-2),#3);
#1027=PRESENTATION_STYLE_ASSIGNMENT((#1026));
#1028=STYLED_ITEM('',(#1027),#1025);
#1029=CARTESIAN_POINT('',(1.8496E0,1.541E0,-9.163582330891E-2));
#1030=DIRECTION('',(-1.E0,0.E0,0.E0));
#1031=DIRECTION('',(0.E0,-9.377145659637E-1,3.474066677246E-1));
#1032=AXIS2_PLACEMENT_3D('',#1029,#1030,#1031);
#1034=CURVE_STYLE('',#21,POSITIVE_LENGTH_MEASURE(2.E-2),#3);
#1035=PRESENTATION_STYLE_ASSIGNMENT((#1034));
#1036=STYLED_ITEM('',(#1035),#1033);
#1037=DIRECTION('',(-1.E0,0.E0,0.E0));
#1038=VECTOR('',#1037,2.12E-1);
#1039=CARTESIAN_POINT('',(2.0616E0,1.557E0,-9.163582330891E-2));
#1040=LINE('',#1039,#1038);
#1041=CURVE_STYLE('',#21,POSITIVE_LENGTH_MEASURE(2.E-2),#3);
#1042=PRESENTATION_STYLE_ASSIGNMENT((#1041));
#1043=STYLED_ITEM('',(#1042),#1040);
#1044=CARTESIAN_POINT('',(1.677913385827E0,8.24E-1,1.74E-1));
#1045=DIRECTION('',(1.E0,0.E0,0.E0));
#1046=DIRECTION('',(0.E0,-9.862231994307E-1,1.654200740681E-1));
#1047=AXIS2_PLACEMENT_3D('',#1044,#1045,#1046);
#1049=CURVE_STYLE('',#21,POSITIVE_LENGTH_MEASURE(2.E-2),#3);
#1050=PRESENTATION_STYLE_ASSIGNMENT((#1049));
#1051=STYLED_ITEM('',(#1050),#1048);
#1052=DIRECTION('',(1.E0,0.E0,0.E0));
#1053=VECTOR('',#1052,1.716866141732E-1);
#1054=CARTESIAN_POINT('',(1.677913385827E0,-6.769767620432E-3,
3.133457348931E-1));
#1055=LINE('',#1054,#1053);
#1056=CURVE_STYLE('',#21,POSITIVE_LENGTH_MEASURE(2.E-2),#3);
#1057=PRESENTATION_STYLE_ASSIGNMENT((#1056));
#1058=STYLED_ITEM('',(#1057),#1055);
#1059=DIRECTION('',(1.E0,-3.209161529109E-9,2.390928936317E-10));
#1060=VECTOR('',#1059,9.375E-2);
#1061=CARTESIAN_POINT('',(2.0616E0,8.240000003009E-1,1.016374999978E0));
#1062=LINE('',#1061,#1060);
#1063=CURVE_STYLE('',#21,POSITIVE_LENGTH_MEASURE(2.E-2),#3);
#1064=PRESENTATION_STYLE_ASSIGNMENT((#1063));
#1065=STYLED_ITEM('',(#1064),#1062);
#1066=CARTESIAN_POINT('',(2.0616E0,8.24E-1,1.74E-1));
#1067=DIRECTION('',(1.E0,0.E0,0.E0));
#1068=DIRECTION('',(0.E0,-5.152099718059E-1,-8.570639911650E-1));
#1069=AXIS2_PLACEMENT_3D('',#1066,#1067,#1068);
#1071=CURVE_STYLE('',#21,POSITIVE_LENGTH_MEASURE(2.E-2),#3);
#1072=PRESENTATION_STYLE_ASSIGNMENT((#1071));
#1073=STYLED_ITEM('',(#1072),#1070);
#1074=DIRECTION('',(-1.E0,0.E0,0.E0));
#1075=VECTOR('',#1074,9.683E-1);
#1076=CARTESIAN_POINT('',(2.0616E0,3.699999999998E-1,-5.355629927109E-1));
#1077=LINE('',#1076,#1075);
#1078=CURVE_STYLE('',#21,POSITIVE_LENGTH_MEASURE(2.E-2),#3);
#1079=PRESENTATION_STYLE_ASSIGNMENT((#1078));
#1080=STYLED_ITEM('',(#1079),#1077);
#1081=CARTESIAN_POINT('',(1.0933E0,8.24E-1,1.74E-1));
#1082=DIRECTION('',(-1.E0,0.E0,0.E0));
#1083=DIRECTION('',(0.E0,-5.389523668203E-1,-8.423362430163E-1));
#1084=AXIS2_PLACEMENT_3D('',#1081,#1082,#1083);
#1086=CURVE_STYLE('',#21,POSITIVE_LENGTH_MEASURE(2.E-2),#3);
#1087=PRESENTATION_STYLE_ASSIGNMENT((#1086));
#1088=STYLED_ITEM('',(#1087),#1085);
#1089=DIRECTION('',(1.E0,0.E0,0.E0));
#1090=VECTOR('',#1089,3.191608955306E-1);
#1091=CARTESIAN_POINT('',(1.0933E0,-6.769767620432E-3,3.133457348931E-1));
#1092=LINE('',#1091,#1090);
#1093=CURVE_STYLE('',#21,POSITIVE_LENGTH_MEASURE(2.E-2),#3);
#1094=PRESENTATION_STYLE_ASSIGNMENT((#1093));
#1095=STYLED_ITEM('',(#1094),#1092);
#1096=CARTESIAN_POINT('',(1.412460895531E0,8.24E-1,1.74E-1));
#1097=DIRECTION('',(1.E0,0.E0,0.E0));
#1098=DIRECTION('',(0.E0,-9.862231994307E-1,1.654200740681E-1));
#1099=AXIS2_PLACEMENT_3D('',#1096,#1097,#1098);
#1101=CURVE_STYLE('',#21,POSITIVE_LENGTH_MEASURE(2.E-2),#3);
#1102=PRESENTATION_STYLE_ASSIGNMENT((#1101));
#1103=STYLED_ITEM('',(#1102),#1100);
#1104=DIRECTION('',(1.E0,0.E0,0.E0));
#1105=VECTOR('',#1104,2.654524902962E-1);
#1106=CARTESIAN_POINT('',(1.412460895531E0,1.9E-1,-3.806527207406E-1));
#1107=LINE('',#1106,#1105);
#1108=CURVE_STYLE('',#21,POSITIVE_LENGTH_MEASURE(2.E-2),#3);
#1109=PRESENTATION_STYLE_ASSIGNMENT((#1108));
#1110=STYLED_ITEM('',(#1109),#1107);
#1111=CARTESIAN_POINT('',(2.15535E0,8.24E-1,1.74E-1));
#1112=DIRECTION('',(1.E0,0.E0,0.E0));
#1113=DIRECTION('',(0.E0,0.E0,-1.E0));
#1114=AXIS2_PLACEMENT_3D('',#1111,#1112,#1113);
#1116=CURVE_STYLE('',#21,POSITIVE_LENGTH_MEASURE(2.E-2),#3);
#1117=PRESENTATION_STYLE_ASSIGNMENT((#1116));
#1118=STYLED_ITEM('',(#1117),#1115);
#1119=CARTESIAN_POINT('',(2.15535E0,8.24E-1,1.74E-1));
#1120=DIRECTION('',(1.E0,0.E0,0.E0));
#1121=DIRECTION('',(0.E0,0.E0,1.E0));
#1122=AXIS2_PLACEMENT_3D('',#1119,#1120,#1121);
#1124=CURVE_STYLE('',#21,POSITIVE_LENGTH_MEASURE(2.E-2),#3);
#1125=PRESENTATION_STYLE_ASSIGNMENT((#1124));
#1126=STYLED_ITEM('',(#1125),#1123);
#1127=DIRECTION('',(0.E0,-9.051904563805E-1,4.250061619291E-1));
#1128=VECTOR('',#1127,2.5E-1);
#1129=CARTESIAN_POINT('',(2.15535E0,4.172285104521E-1,4.073362163115E-1));
#1130=LINE('',#1129,#1128);
#1131=CURVE_STYLE('',#21,POSITIVE_LENGTH_MEASURE(2.E-2),#3);
#1132=PRESENTATION_STYLE_ASSIGNMENT((#1131));
#1133=STYLED_ITEM('',(#1132),#1130);
#1134=DIRECTION('',(0.E0,-4.250061619291E-1,-9.051904563805E-1));
#1135=VECTOR('',#1134,7.666665315628E-2);
#1136=CARTESIAN_POINT('',(2.15535E0,1.909308963570E-1,5.135877567938E-1));
#1137=LINE('',#1136,#1135);
#1138=CURVE_STYLE('',#21,POSITIVE_LENGTH_MEASURE(2.E-2),#3);
#1139=PRESENTATION_STYLE_ASSIGNMENT((#1138));
#1140=STYLED_ITEM('',(#1139),#1137);
#1141=DIRECTION('',(0.E0,9.051904563805E-1,-4.250061619291E-1));
#1142=VECTOR('',#1141,2.5E-1);
#1143=CARTESIAN_POINT('',(2.15535E0,1.583470963511E-1,4.441898340341E-1));
#1144=LINE('',#1143,#1142);
#1145=CURVE_STYLE('',#21,POSITIVE_LENGTH_MEASURE(2.E-2),#3);
#1146=PRESENTATION_STYLE_ASSIGNMENT((#1145));
#1147=STYLED_ITEM('',(#1146),#1144);
#1148=DIRECTION('',(0.E0,4.250061619291E-1,9.051904563805E-1));
#1149=VECTOR('',#1148,7.666665315628E-2);
#1150=CARTESIAN_POINT('',(2.15535E0,3.846447104462E-1,3.379382935518E-1));
#1151=LINE('',#1150,#1149);
#1152=CURVE_STYLE('',#21,POSITIVE_LENGTH_MEASURE(2.E-2),#3);
#1153=PRESENTATION_STYLE_ASSIGNMENT((#1152));
#1154=STYLED_ITEM('',(#1153),#1151);
#1155=DIRECTION('',(0.E0,-4.555644983168E-1,8.902027790753E-1));
#1156=VECTOR('',#1155,2.5E-1);
#1157=CARTESIAN_POINT('',(2.15535E0,7.974667532817E-1,6.854423426571E-1));
#1158=LINE('',#1157,#1156);
#1159=CURVE_STYLE('',#21,POSITIVE_LENGTH_MEASURE(2.E-2),#3);
#1160=PRESENTATION_STYLE_ASSIGNMENT((#1159));
#1161=STYLED_ITEM('',(#1160),#1158);
#1162=DIRECTION('',(0.E0,-8.902027790753E-1,-4.555644983168E-1));
#1163=VECTOR('',#1162,7.666666619480E-2);
#1164=CARTESIAN_POINT('',(2.15535E0,6.835756287025E-1,9.079930374259E-1));
#1165=LINE('',#1164,#1163);
#1166=CURVE_STYLE('',#21,POSITIVE_LENGTH_MEASURE(2.E-2),#3);
#1167=PRESENTATION_STYLE_ASSIGNMENT((#1166));
#1168=STYLED_ITEM('',(#1167),#1165);
#1169=DIRECTION('',(0.E0,4.555644983168E-1,-8.902027790753E-1));
#1170=VECTOR('',#1169,1.787499934435E-1);
#1171=CARTESIAN_POINT('',(2.15535E0,6.153267493935E-1,8.730664261032E-1));
#1172=LINE('',#1171,#1170);
#1173=CURVE_STYLE('',#21,POSITIVE_LENGTH_MEASURE(2.E-2),#3);
#1174=PRESENTATION_STYLE_ASSIGNMENT((#1173));
#1175=STYLED_ITEM('',(#1174),#1172);
#1176=DIRECTION('',(0.E0,-8.399323607806E-1,5.426910993498E-1));
#1177=VECTOR('',#1176,2.064687327050E-1);
#1178=CARTESIAN_POINT('',(2.15535E0,6.967589004807E-1,7.139426851801E-1));
#1179=LINE('',#1178,#1177);
#1180=CURVE_STYLE('',#21,POSITIVE_LENGTH_MEASURE(2.E-2),#3);
#1181=PRESENTATION_STYLE_ASSIGNMENT((#1180));
#1182=STYLED_ITEM('',(#1181),#1179);
#1183=DIRECTION('',(0.E0,-8.902027790753E-1,-4.555644983168E-1));
#1184=VECTOR('',#1183,5.875000357628E-2);
#1185=CARTESIAN_POINT('',(2.15535E0,5.233391303924E-1,8.259914287132E-1));
#1186=LINE('',#1185,#1184);
#1187=CURVE_STYLE('',#21,POSITIVE_LENGTH_MEASURE(2.E-2),#3);
#1188=PRESENTATION_STYLE_ASSIGNMENT((#1187));
#1189=STYLED_ITEM('',(#1188),#1186);
#1190=DIRECTION('',(0.E0,-5.112377711465E-2,-9.986923246994E-1));
#1191=VECTOR('',#1190,2.064687289761E-1);
#1192=CARTESIAN_POINT('',(2.15535E0,4.710397139381E-1,7.992270128078E-1));
#1193=LINE('',#1192,#1191);
#1194=CURVE_STYLE('',#21,POSITIVE_LENGTH_MEASURE(2.E-2),#3);
#1195=PRESENTATION_STYLE_ASSIGNMENT((#1194));
#1196=STYLED_ITEM('',(#1195),#1193);
#1197=DIRECTION('',(0.E0,-4.555644983168E-1,8.902027790753E-1));
#1198=VECTOR('',#1197,1.787499934435E-1);
#1199=CARTESIAN_POINT('',(2.15535E0,4.604842526568E-1,5.930282778889E-1));
#1200=LINE('',#1199,#1198);
#1201=CURVE_STYLE('',#21,POSITIVE_LENGTH_MEASURE(2.E-2),#3);
#1202=PRESENTATION_STYLE_ASSIGNMENT((#1201));
#1203=STYLED_ITEM('',(#1202),#1200);
#1204=DIRECTION('',(0.E0,-8.902027790753E-1,-4.555644983168E-1));
#1205=VECTOR('',#1204,7.666668295860E-2);
#1206=CARTESIAN_POINT('',(2.15535E0,3.790521015696E-1,7.521520188120E-1));
#1207=LINE('',#1206,#1205);
#1208=CURVE_STYLE('',#21,POSITIVE_LENGTH_MEASURE(2.E-2),#3);
#1209=PRESENTATION_STYLE_ASSIGNMENT((#1208));
#1210=STYLED_ITEM('',(#1209),#1207);
#1211=DIRECTION('',(0.E0,4.555644983168E-1,-8.902027790753E-1));
#1212=VECTOR('',#1211,2.5E-1);
#1213=CARTESIAN_POINT('',(2.15535E0,3.108032073374E-1,7.172253998523E-1));
#1214=LINE('',#1213,#1212);
#1215=CURVE_STYLE('',#21,POSITIVE_LENGTH_MEASURE(2.E-2),#3);
#1216=PRESENTATION_STYLE_ASSIGNMENT((#1215));
#1217=STYLED_ITEM('',(#1216),#1214);
#1218=DIRECTION('',(0.E0,8.902027790753E-1,4.555644983168E-1));
#1219=VECTOR('',#1218,1.233333349228E-1);
#1220=CARTESIAN_POINT('',(2.15535E0,4.246943319166E-1,4.946747050835E-1));
#1221=LINE('',#1220,#1219);
#1222=CURVE_STYLE('',#21,POSITIVE_LENGTH_MEASURE(2.E-2),#3);
#1223=PRESENTATION_STYLE_ASSIGNMENT((#1222));
#1224=STYLED_ITEM('',(#1223),#1221);
#1225=DIRECTION('',(0.E0,4.956734482374E-2,9.987707836772E-1));
#1226=VECTOR('',#1225,1.723834679594E-1);
#1227=CARTESIAN_POINT('',(2.15535E0,5.344860094175E-1,5.508609939334E-1));
#1228=LINE('',#1227,#1226);
#1229=CURVE_STYLE('',#21,POSITIVE_LENGTH_MEASURE(2.E-2),#3);
#1230=PRESENTATION_STYLE_ASSIGNMENT((#1229));
#1231=STYLED_ITEM('',(#1230),#1228);
#1232=DIRECTION('',(0.E0,8.390855488858E-1,-5.439994868113E-1));
#1233=VECTOR('',#1232,1.723834605218E-1);
#1234=CARTESIAN_POINT('',(2.15535E0,5.430306002157E-1,7.230325653202E-1));
#1235=LINE('',#1234,#1233);
#1236=CURVE_STYLE('',#21,POSITIVE_LENGTH_MEASURE(2.E-2),#3);
#1237=PRESENTATION_STYLE_ASSIGNMENT((#1236));
#1238=STYLED_ITEM('',(#1237),#1235);
#1239=DIRECTION('',(0.E0,8.902027790753E-1,4.555644983168E-1));
#1240=VECTOR('',#1239,1.233333405107E-1);
#1241=CARTESIAN_POINT('',(2.15535E0,6.876750708065E-1,6.292560512616E-1));
#1242=LINE('',#1241,#1240);
#1243=CURVE_STYLE('',#21,POSITIVE_LENGTH_MEASURE(2.E-2),#3);
#1244=PRESENTATION_STYLE_ASSIGNMENT((#1243));
#1245=STYLED_ITEM('',(#1244),#1242);
#1246=CARTESIAN_POINT('',(2.15535E0,1.798003801755E-1,2.732280408267E-1));
#1247=CARTESIAN_POINT('',(2.15535E0,1.364320059914E-1,2.693472149922E-1));
#1248=CARTESIAN_POINT('',(2.15535E0,1.121006241667E-1,2.560841558602E-1));
#1249=CARTESIAN_POINT('',(2.15535E0,1.066966833215E-1,2.332620367620E-1));
#1251=CURVE_STYLE('',#21,POSITIVE_LENGTH_MEASURE(2.E-2),#3);
#1252=PRESENTATION_STYLE_ASSIGNMENT((#1251));
#1253=STYLED_ITEM('',(#1252),#1250);
#1254=CARTESIAN_POINT('',(2.15535E0,1.066966833215E-1,2.332620367620E-1));
#1255=CARTESIAN_POINT('',(2.15535E0,1.013229273055E-1,2.105673953302E-1));
#1256=CARTESIAN_POINT('',(2.15535E0,1.018804374506E-1,1.646007934692E-1));
#1257=CARTESIAN_POINT('',(2.15535E0,1.080823334999E-1,9.529437262259E-2));
#1259=CURVE_STYLE('',#21,POSITIVE_LENGTH_MEASURE(2.E-2),#3);
#1260=PRESENTATION_STYLE_ASSIGNMENT((#1259));
#1261=STYLED_ITEM('',(#1260),#1258);
#1262=CARTESIAN_POINT('',(2.15535E0,1.080823334999E-1,9.529437262259E-2));
#1263=CARTESIAN_POINT('',(2.15535E0,1.143956380560E-1,2.474295753524E-2));
#1264=CARTESIAN_POINT('',(2.15535E0,1.242973347472E-1,-1.578580530079E-2));
#1265=CARTESIAN_POINT('',(2.15535E0,1.382674270948E-1,-2.640088330828E-2));
#1267=CURVE_STYLE('',#21,POSITIVE_LENGTH_MEASURE(2.E-2),#3);
#1268=PRESENTATION_STYLE_ASSIGNMENT((#1267));
#1269=STYLED_ITEM('',(#1268),#1266);
#1270=CARTESIAN_POINT('',(2.15535E0,1.382674270948E-1,-2.640088330828E-2));
#1271=CARTESIAN_POINT('',(2.15535E0,1.521261010927E-1,-3.693130085369E-2));
#1272=CARTESIAN_POINT('',(2.15535E0,1.705099466674E-1,-4.135200681453E-2));
#1273=CARTESIAN_POINT('',(2.15535E0,1.937504155203E-1,-3.927232977738E-2));
#1275=CURVE_STYLE('',#21,POSITIVE_LENGTH_MEASURE(2.E-2),#3);
#1276=PRESENTATION_STYLE_ASSIGNMENT((#1275));
#1277=STYLED_ITEM('',(#1276),#1274);
#1278=CARTESIAN_POINT('',(2.15535E0,1.937504155203E-1,-3.927232977738E-2));
#1279=CARTESIAN_POINT('',(2.15535E0,2.230085074291E-1,-3.665416478774E-2));
#1280=CARTESIAN_POINT('',(2.15535E0,2.434836406364E-1,-2.938360885730E-2));
#1281=CARTESIAN_POINT('',(2.15535E0,2.554236233053E-1,-1.810302382742E-2));
#1283=CURVE_STYLE('',#21,POSITIVE_LENGTH_MEASURE(2.E-2),#3);
#1284=PRESENTATION_STYLE_ASSIGNMENT((#1283));
#1285=STYLED_ITEM('',(#1284),#1282);
#1286=CARTESIAN_POINT('',(2.15535E0,2.554236233053E-1,-1.810302382742E-2));
#1287=CARTESIAN_POINT('',(2.15535E0,2.672055075417E-1,-6.971806084028E-3));
#1288=CARTESIAN_POINT('',(2.15535E0,2.707446992999E-1,2.827562822109E-2));
#1289=CARTESIAN_POINT('',(2.15535E0,2.654340978681E-1,8.762179830451E-2));
#1291=CURVE_STYLE('',#21,POSITIVE_LENGTH_MEASURE(2.E-2),#3);
#1292=PRESENTATION_STYLE_ASSIGNMENT((#1291));
#1293=STYLED_ITEM('',(#1292),#1290);
#1294=DIRECTION('',(0.E0,-8.912901549843E-2,9.960200894542E-1));
#1295=VECTOR('',#1294,4.874998331070E-2);
#1296=CARTESIAN_POINT('',(2.15535E0,2.654340978681E-1,8.762179830451E-2));
#1297=LINE('',#1296,#1295);
#1298=CURVE_STYLE('',#21,POSITIVE_LENGTH_MEASURE(2.E-2),#3);
#1299=PRESENTATION_STYLE_ASSIGNMENT((#1298));
#1300=STYLED_ITEM('',(#1299),#1297);
#1301=CARTESIAN_POINT('',(2.15535E0,2.610890598500E-1,1.361777610425E-1));
#1302=CARTESIAN_POINT('',(2.15535E0,2.581552298982E-1,1.689634207373E-1));
#1303=CARTESIAN_POINT('',(2.15535E0,2.580883847847E-1,1.884098843096E-1));
#1304=CARTESIAN_POINT('',(2.15535E0,2.609256555537E-1,1.941020617014E-1));
#1306=CURVE_STYLE('',#21,POSITIVE_LENGTH_MEASURE(2.E-2),#3);
#1307=PRESENTATION_STYLE_ASSIGNMENT((#1306));
#1308=STYLED_ITEM('',(#1307),#1305);
#1309=CARTESIAN_POINT('',(2.15535E0,2.609256555537E-1,1.941020617014E-1));
#1310=CARTESIAN_POINT('',(2.15535E0,2.637629489682E-1,1.997942845250E-1));
#1311=CARTESIAN_POINT('',(2.15535E0,2.680866620078E-1,2.029003304457E-1));
#1312=CARTESIAN_POINT('',(2.15535E0,2.743117816301E-1,2.034573862613E-1));
#1314=CURVE_STYLE('',#21,POSITIVE_LENGTH_MEASURE(2.E-2),#3);
#1315=PRESENTATION_STYLE_ASSIGNMENT((#1314));
#1316=STYLED_ITEM('',(#1315),#1313);
#1317=CARTESIAN_POINT('',(2.15535E0,2.743117816301E-1,2.034573862613E-1));
#1318=CARTESIAN_POINT('',(2.15535E0,2.830269639433E-1,2.042372657313E-1));
#1319=CARTESIAN_POINT('',(2.15535E0,2.892859691035E-1,2.020782160253E-1));
#1320=CARTESIAN_POINT('',(2.15535E0,2.928400745259E-1,1.964974977191E-1));
#1322=CURVE_STYLE('',#21,POSITIVE_LENGTH_MEASURE(2.E-2),#3);
#1323=PRESENTATION_STYLE_ASSIGNMENT((#1322));
#1324=STYLED_ITEM('',(#1323),#1321);
#1325=CARTESIAN_POINT('',(2.15535E0,2.928400745259E-1,1.964974977191E-1));
#1326=CARTESIAN_POINT('',(2.15535E0,2.963434222609E-1,1.909964800186E-1));
#1327=CARTESIAN_POINT('',(2.15535E0,2.991732727011E-1,1.780722621873E-1));
#1328=CARTESIAN_POINT('',(2.15535E0,3.010115582208E-1,1.575293525917E-1));
#1330=CURVE_STYLE('',#21,POSITIVE_LENGTH_MEASURE(2.E-2),#3);
#1331=PRESENTATION_STYLE_ASSIGNMENT((#1330));
#1332=STYLED_ITEM('',(#1331),#1329);
#1333=DIRECTION('',(0.E0,8.912901549843E-2,-9.960200894542E-1));
#1334=VECTOR('',#1333,1.458334922791E-2);
#1335=CARTESIAN_POINT('',(2.15535E0,3.010115582208E-1,1.575293525917E-1));
#1336=LINE('',#1335,#1334);
#1337=CURVE_STYLE('',#21,POSITIVE_LENGTH_MEASURE(2.E-2),#3);
#1338=PRESENTATION_STYLE_ASSIGNMENT((#1337));
#1339=STYLED_ITEM('',(#1338),#1336);
#1340=CARTESIAN_POINT('',(2.15535E0,3.023113577801E-1,1.430040437892E-1));
#1341=CARTESIAN_POINT('',(2.15535E0,3.043538984270E-1,1.201785754902E-1));
#1342=CARTESIAN_POINT('',(2.15535E0,3.053807351960E-1,9.935390264035E-2));
#1343=CARTESIAN_POINT('',(2.15535E0,3.055912538358E-1,8.054844523419E-2));
#1345=CURVE_STYLE('',#21,POSITIVE_LENGTH_MEASURE(2.E-2),#3);
#1346=PRESENTATION_STYLE_ASSIGNMENT((#1345));
#1347=STYLED_ITEM('',(#1346),#1344);
#1348=CARTESIAN_POINT('',(2.15535E0,3.055912538358E-1,8.054844523419E-2));
#1349=CARTESIAN_POINT('',(2.15535E0,3.057994470669E-1,6.195071467120E-2));
#1350=CARTESIAN_POINT('',(2.15535E0,2.985423792657E-1,5.188881815182E-2));
#1351=CARTESIAN_POINT('',(2.15535E0,2.836020773302E-1,5.055188286622E-2));
#1353=CURVE_STYLE('',#21,POSITIVE_LENGTH_MEASURE(2.E-2),#3);
#1354=PRESENTATION_STYLE_ASSIGNMENT((#1353));
#1355=STYLED_ITEM('',(#1354),#1352);
#1356=DIRECTION('',(0.E0,8.912901549843E-2,-9.960200894542E-1));
#1357=VECTOR('',#1356,7.541668415070E-2);
#1358=CARTESIAN_POINT('',(2.15535E0,2.836020773302E-1,5.055188286622E-2));
#1359=LINE('',#1358,#1357);
#1360=CURVE_STYLE('',#21,POSITIVE_LENGTH_MEASURE(2.E-2),#3);
#1361=PRESENTATION_STYLE_ASSIGNMENT((#1360));
#1362=STYLED_ITEM('',(#1361),#1359);
#1363=CARTESIAN_POINT('',(2.15535E0,2.903238921407E-1,-2.456464962790E-2));
#1364=CARTESIAN_POINT('',(2.15535E0,3.255995996843E-1,-2.140799734983E-2));
#1365=CARTESIAN_POINT('',(2.15535E0,3.479455324804E-1,-1.166919611601E-2));
#1366=CARTESIAN_POINT('',(2.15535E0,3.569466781885E-1,4.614543937049E-3));
#1368=CURVE_STYLE('',#21,POSITIVE_LENGTH_MEASURE(2.E-2),#3);
#1369=PRESENTATION_STYLE_ASSIGNMENT((#1368));
#1370=STYLED_ITEM('',(#1369),#1367);
#1371=CARTESIAN_POINT('',(2.15535E0,3.569466781885E-1,4.614543937049E-3));
#1372=CARTESIAN_POINT('',(2.15535E0,3.659478040397E-1,2.089824806774E-2));
#1373=CARTESIAN_POINT('',(2.15535E0,3.675516888354E-1,6.141077667154E-2));
#1374=CARTESIAN_POINT('',(2.15535E0,3.617954374386E-1,1.257371018203E-1));
#1376=CURVE_STYLE('',#21,POSITIVE_LENGTH_MEASURE(2.E-2),#3);
#1377=PRESENTATION_STYLE_ASSIGNMENT((#1376));
#1378=STYLED_ITEM('',(#1377),#1375);
#1379=CARTESIAN_POINT('',(2.15535E0,3.578589096749E-1,1.697279471515E-1));
#1380=CARTESIAN_POINT('',(2.15535E0,3.539966507075E-1,2.128888359005E-1));
#1381=CARTESIAN_POINT('',(2.15535E0,3.465130365296E-1,2.427573702929E-1));
#1382=CARTESIAN_POINT('',(2.15535E0,3.356527257919E-1,2.589371455330E-1));
#1384=CURVE_STYLE('',#21,POSITIVE_LENGTH_MEASURE(2.E-2),#3);
#1385=PRESENTATION_STYLE_ASSIGNMENT((#1384));
#1386=STYLED_ITEM('',(#1385),#1383);
#1387=CARTESIAN_POINT('',(2.15535E0,3.356527257919E-1,2.589371455330E-1));
#1388=CARTESIAN_POINT('',(2.15535E0,3.247924190495E-1,2.751169148208E-1));
#1389=CARTESIAN_POINT('',(2.15535E0,3.028656743633E-1,2.817305710335E-1));
#1390=CARTESIAN_POINT('',(2.15535E0,2.700800146685E-1,2.787967410817E-1));
#1392=CURVE_STYLE('',#21,POSITIVE_LENGTH_MEASURE(2.E-2),#3);
#1393=PRESENTATION_STYLE_ASSIGNMENT((#1392));
#1394=STYLED_ITEM('',(#1393),#1391);
#1395=CARTESIAN_POINT('',(2.15535E0,2.700800146685E-1,2.787967410817E-1));
#1396=CARTESIAN_POINT('',(2.15535E0,2.389543868731E-1,2.760114593474E-1));
#1397=CARTESIAN_POINT('',(2.15535E0,2.190242373466E-1,2.673255570850E-1));
#1398=CARTESIAN_POINT('',(2.15535E0,2.101973125570E-1,2.524559094682E-1));
#1400=CURVE_STYLE('',#21,POSITIVE_LENGTH_MEASURE(2.E-2),#3);
#1401=PRESENTATION_STYLE_ASSIGNMENT((#1400));
#1402=STYLED_ITEM('',(#1401),#1399);
#1403=CARTESIAN_POINT('',(2.15535E0,2.101973125570E-1,2.524559094682E-1));
#1404=CARTESIAN_POINT('',(2.15535E0,2.006659114739E-1,2.363995162419E-1));
#1405=CARTESIAN_POINT('',(2.15535E0,1.984613381962E-1,1.979249208056E-1));
#1406=CARTESIAN_POINT('',(2.15535E0,2.038833534474E-1,1.373336971140E-1));
#1408=CURVE_STYLE('',#21,POSITIVE_LENGTH_MEASURE(2.E-2),#3);
#1409=PRESENTATION_STYLE_ASSIGNMENT((#1408));
#1410=STYLED_ITEM('',(#1409),#1407);
#1411=DIRECTION('',(0.E0,8.912901549843E-2,-9.960200894542E-1));
#1412=VECTOR('',#1411,4.624998569489E-2);
#1413=CARTESIAN_POINT('',(2.15535E0,2.038833534474E-1,1.373336971140E-1));
#1414=LINE('',#1413,#1412);
#1415=CURVE_STYLE('',#21,POSITIVE_LENGTH_MEASURE(2.E-2),#3);
#1416=PRESENTATION_STYLE_ASSIGNMENT((#1415));
#1417=STYLED_ITEM('',(#1416),#1414);
#1418=CARTESIAN_POINT('',(2.15535E0,2.080055691392E-1,9.126778222490E-2));
#1419=CARTESIAN_POINT('',(2.15535E0,2.104009131307E-1,6.449972332325E-2));
#1420=CARTESIAN_POINT('',(2.15535E0,2.095110101364E-1,4.873265562647E-2));
#1421=CARTESIAN_POINT('',(2.15535E0,2.054337929856E-1,4.408356223173E-2));
#1423=CURVE_STYLE('',#21,POSITIVE_LENGTH_MEASURE(2.E-2),#3);
#1424=PRESENTATION_STYLE_ASSIGNMENT((#1423));
#1425=STYLED_ITEM('',(#1424),#1422);
#1426=CARTESIAN_POINT('',(2.15535E0,2.054337929856E-1,4.408356223173E-2));
#1427=CARTESIAN_POINT('',(2.15535E0,2.013496395433E-1,3.942655965134E-2));
#1428=CARTESIAN_POINT('',(2.15535E0,1.967812955391E-1,3.671692415859E-2));
#1429=CARTESIAN_POINT('',(2.15535E0,1.913861918664E-1,3.623414245172E-2));
#1431=CURVE_STYLE('',#21,POSITIVE_LENGTH_MEASURE(2.E-2),#3);
#1432=PRESENTATION_STYLE_ASSIGNMENT((#1431));
#1433=STYLED_ITEM('',(#1432),#1430);
#1434=CARTESIAN_POINT('',(2.15535E0,1.913861918664E-1,3.623414245172E-2));
#1435=CARTESIAN_POINT('',(2.15535E0,1.803884656917E-1,3.525000918268E-2));
#1436=CARTESIAN_POINT('',(2.15535E0,1.737395190782E-1,4.176662745050E-2));
#1437=CARTESIAN_POINT('',(2.15535E0,1.712318255877E-1,5.576554600974E-2));
#1439=CURVE_STYLE('',#21,POSITIVE_LENGTH_MEASURE(2.E-2),#3);
#1440=PRESENTATION_STYLE_ASSIGNMENT((#1439));
#1441=STYLED_ITEM('',(#1440),#1438);
#1442=CARTESIAN_POINT('',(2.15535E0,1.712318255877E-1,5.576554600974E-2));
#1443=CARTESIAN_POINT('',(2.15535E0,1.687241425088E-1,6.976440644761E-2));
#1444=CARTESIAN_POINT('',(2.15535E0,1.670093349747E-1,8.425257819576E-2));
#1445=CARTESIAN_POINT('',(2.15535E0,1.656724010172E-1,9.919286528939E-2));
#1447=CURVE_STYLE('',#21,POSITIVE_LENGTH_MEASURE(2.E-2),#3);
#1448=PRESENTATION_STYLE_ASSIGNMENT((#1447));
#1449=STYLED_ITEM('',(#1448),#1446);
#1450=CARTESIAN_POINT('',(2.15535E0,1.656724010172E-1,9.919286528939E-2));
#1451=CARTESIAN_POINT('',(2.15535E0,1.614016371079E-1,1.469188120778E-1));
#1452=CARTESIAN_POINT('',(2.15535E0,1.607624242067E-1,1.750989822969E-1));
#1453=CARTESIAN_POINT('',(2.15535E0,1.640820969603E-1,1.838034390743E-1));
#1455=CURVE_STYLE('',#21,POSITIVE_LENGTH_MEASURE(2.E-2),#3);
#1456=PRESENTATION_STYLE_ASSIGNMENT((#1455));
#1457=STYLED_ITEM('',(#1456),#1454);
#1458=CARTESIAN_POINT('',(2.15535E0,1.640820969603E-1,1.838034390743E-1));
#1459=CARTESIAN_POINT('',(2.15535E0,1.673695959387E-1,1.924235335496E-1));
#1460=CARTESIAN_POINT('',(2.15535E0,1.749019568491E-1,1.970716694820E-1));
#1461=CARTESIAN_POINT('',(2.15535E0,1.865221949860E-1,1.981115083326E-1));
#1463=CURVE_STYLE('',#21,POSITIVE_LENGTH_MEASURE(2.E-2),#3);
#1464=PRESENTATION_STYLE_ASSIGNMENT((#1463));
#1465=STYLED_ITEM('',(#1464),#1462);
#1466=DIRECTION('',(0.E0,-8.912901549843E-2,9.960200894542E-1));
#1467=VECTOR('',#1466,7.541668415070E-2);
#1468=CARTESIAN_POINT('',(2.15535E0,1.865221949860E-1,1.981115083326E-1));
#1469=LINE('',#1468,#1467);
#1470=CURVE_STYLE('',#21,POSITIVE_LENGTH_MEASURE(2.E-2),#3);
#1471=PRESENTATION_STYLE_ASSIGNMENT((#1470));
#1472=STYLED_ITEM('',(#1471),#1469);
#1473=DIRECTION('',(0.E0,-7.003754950963E-1,-7.137745903775E-1));
#1474=VECTOR('',#1473,6.437499821186E-2);
#1475=CARTESIAN_POINT('',(2.15535E0,3.907854333511E-1,-5.571136211728E-2));
#1476=LINE('',#1475,#1474);
#1477=CURVE_STYLE('',#21,POSITIVE_LENGTH_MEASURE(2.E-2),#3);
#1478=PRESENTATION_STYLE_ASSIGNMENT((#1477));
#1479=STYLED_ITEM('',(#1478),#1476);
#1480=DIRECTION('',(0.E0,7.137745903775E-1,-7.003754950963E-1));
#1481=VECTOR('',#1480,1.099999547005E-1);
#1482=CARTESIAN_POINT('',(2.15535E0,3.456987621066E-1,-1.016606000965E-1));
#1483=LINE('',#1482,#1481);
#1484=CURVE_STYLE('',#21,POSITIVE_LENGTH_MEASURE(2.E-2),#3);
#1485=PRESENTATION_STYLE_ASSIGNMENT((#1484));
#1486=STYLED_ITEM('',(#1485),#1483);
#1487=DIRECTION('',(0.E0,-7.003754950963E-1,-7.137745903775E-1));
#1488=VECTOR('',#1487,1.856250017881E-1);
#1489=CARTESIAN_POINT('',(2.15535E0,4.242139347145E-1,-1.787018728304E-1));
#1490=LINE('',#1489,#1488);
#1491=CURVE_STYLE('',#21,POSITIVE_LENGTH_MEASURE(2.E-2),#3);
#1492=PRESENTATION_STYLE_ASSIGNMENT((#1491));
#1493=STYLED_ITEM('',(#1492),#1490);
#1494=DIRECTION('',(0.E0,7.137745903775E-1,-7.003754950963E-1));
#1495=VECTOR('',#1494,7.666671276093E-2);
#1496=CARTESIAN_POINT('',(2.15535E0,2.942067321849E-1,-3.111962824456E-1));
#1497=LINE('',#1496,#1495);
#1498=CURVE_STYLE('',#21,POSITIVE_LENGTH_MEASURE(2.E-2),#3);
#1499=PRESENTATION_STYLE_ASSIGNMENT((#1498));
#1500=STYLED_ITEM('',(#1499),#1497);
#1501=DIRECTION('',(0.E0,7.003754950963E-1,7.137745903775E-1));
#1502=VECTOR('',#1501,1.856250017881E-1);
#1503=CARTESIAN_POINT('',(2.15535E0,3.489294836814E-1,-3.648917693529E-1));
#1504=LINE('',#1503,#1502);
#1505=CURVE_STYLE('',#21,POSITIVE_LENGTH_MEASURE(2.E-2),#3);
#1506=PRESENTATION_STYLE_ASSIGNMENT((#1505));
#1507=STYLED_ITEM('',(#1506),#1504);
#1508=DIRECTION('',(0.E0,7.137745903775E-1,-7.003754950963E-1));
#1509=VECTOR('',#1508,1.100000143051E-1);
#1510=CARTESIAN_POINT('',(2.15535E0,4.789366862110E-1,-2.323973597378E-1));
#1511=LINE('',#1510,#1509);
#1512=CURVE_STYLE('',#21,POSITIVE_LENGTH_MEASURE(2.E-2),#3);
#1513=PRESENTATION_STYLE_ASSIGNMENT((#1512));
#1514=STYLED_ITEM('',(#1513),#1511);
#1515=DIRECTION('',(0.E0,7.003754950963E-1,7.137745903775E-1));
#1516=VECTOR('',#1515,6.437499821186E-2);
#1517=CARTESIAN_POINT('',(2.15535E0,5.574519013632E-1,-3.094386742173E-1));
#1518=LINE('',#1517,#1516);
#1519=CURVE_STYLE('',#21,POSITIVE_LENGTH_MEASURE(2.E-2),#3);
#1520=PRESENTATION_STYLE_ASSIGNMENT((#1519));
#1521=STYLED_ITEM('',(#1520),#1518);
#1522=DIRECTION('',(0.E0,-7.137745903775E-1,7.003754950963E-1));
#1523=VECTOR('',#1522,2.966666817665E-1);
#1524=CARTESIAN_POINT('',(2.15535E0,6.025385726076E-1,-2.634894362381E-1));
#1525=LINE('',#1524,#1523);
#1526=CURVE_STYLE('',#21,POSITIVE_LENGTH_MEASURE(2.E-2),#3);
#1527=PRESENTATION_STYLE_ASSIGNMENT((#1526));
#1528=STYLED_ITEM('',(#1527),#1525);
#1529=DIRECTION('',(-1.E0,0.E0,0.E0));
#1530=VECTOR('',#1529,2.E-2);
#1531=CARTESIAN_POINT('',(2.15535E0,4.172285104521E-1,4.073362163115E-1));
#1532=LINE('',#1531,#1530);
#1533=CURVE_STYLE('',#21,POSITIVE_LENGTH_MEASURE(2.E-2),#3);
#1534=PRESENTATION_STYLE_ASSIGNMENT((#1533));
#1535=STYLED_ITEM('',(#1534),#1532);
#1536=DIRECTION('',(-1.E0,0.E0,0.E0));
#1537=VECTOR('',#1536,2.E-2);
#1538=CARTESIAN_POINT('',(2.15535E0,3.846447104462E-1,3.379382935518E-1));
#1539=LINE('',#1538,#1537);
#1540=CURVE_STYLE('',#21,POSITIVE_LENGTH_MEASURE(2.E-2),#3);
#1541=PRESENTATION_STYLE_ASSIGNMENT((#1540));
#1542=STYLED_ITEM('',(#1541),#1539);
#1543=DIRECTION('',(-1.E0,0.E0,0.E0));
#1544=VECTOR('',#1543,2.E-2);
#1545=CARTESIAN_POINT('',(2.15535E0,1.583470963511E-1,4.441898340341E-1));
#1546=LINE('',#1545,#1544);
#1547=CURVE_STYLE('',#21,POSITIVE_LENGTH_MEASURE(2.E-2),#3);
#1548=PRESENTATION_STYLE_ASSIGNMENT((#1547));
#1549=STYLED_ITEM('',(#1548),#1546);
#1550=DIRECTION('',(-1.E0,0.E0,0.E0));
#1551=VECTOR('',#1550,2.E-2);
#1552=CARTESIAN_POINT('',(2.15535E0,1.909308963570E-1,5.135877567938E-1));
#1553=LINE('',#1552,#1551);
#1554=CURVE_STYLE('',#21,POSITIVE_LENGTH_MEASURE(2.E-2),#3);
#1555=PRESENTATION_STYLE_ASSIGNMENT((#1554));
#1556=STYLED_ITEM('',(#1555),#1553);
#1557=DIRECTION('',(0.E0,-4.555644983168E-1,8.902027790753E-1));
#1558=VECTOR('',#1557,2.5E-1);
#1559=CARTESIAN_POINT('',(2.13535E0,7.974667532817E-1,6.854423426571E-1));
#1560=LINE('',#1559,#1558);
#1561=CURVE_STYLE('',#21,POSITIVE_LENGTH_MEASURE(2.E-2),#3);
#1562=PRESENTATION_STYLE_ASSIGNMENT((#1561));
#1563=STYLED_ITEM('',(#1562),#1560);
#1564=DIRECTION('',(0.E0,8.902027790753E-1,4.555644983168E-1));
#1565=VECTOR('',#1564,1.233333405107E-1);
#1566=CARTESIAN_POINT('',(2.13535E0,6.876750708065E-1,6.292560512616E-1));
#1567=LINE('',#1566,#1565);
#1568=CURVE_STYLE('',#21,POSITIVE_LENGTH_MEASURE(2.E-2),#3);
#1569=PRESENTATION_STYLE_ASSIGNMENT((#1568));
#1570=STYLED_ITEM('',(#1569),#1567);
#1571=DIRECTION('',(0.E0,8.390855488858E-1,-5.439994868113E-1));
#1572=VECTOR('',#1571,1.723834605218E-1);
#1573=CARTESIAN_POINT('',(2.13535E0,5.430306002157E-1,7.230325653202E-1));
#1574=LINE('',#1573,#1572);
#1575=CURVE_STYLE('',#21,POSITIVE_LENGTH_MEASURE(2.E-2),#3);
#1576=PRESENTATION_STYLE_ASSIGNMENT((#1575));
#1577=STYLED_ITEM('',(#1576),#1574);
#1578=DIRECTION('',(0.E0,4.956734482374E-2,9.987707836772E-1));
#1579=VECTOR('',#1578,1.723834679594E-1);
#1580=CARTESIAN_POINT('',(2.13535E0,5.344860094175E-1,5.508609939334E-1));
#1581=LINE('',#1580,#1579);
#1582=CURVE_STYLE('',#21,POSITIVE_LENGTH_MEASURE(2.E-2),#3);
#1583=PRESENTATION_STYLE_ASSIGNMENT((#1582));
#1584=STYLED_ITEM('',(#1583),#1581);
#1585=DIRECTION('',(0.E0,8.902027790753E-1,4.555644983168E-1));
#1586=VECTOR('',#1585,1.233333349228E-1);
#1587=CARTESIAN_POINT('',(2.13535E0,4.246943319166E-1,4.946747050835E-1));
#1588=LINE('',#1587,#1586);
#1589=CURVE_STYLE('',#21,POSITIVE_LENGTH_MEASURE(2.E-2),#3);
#1590=PRESENTATION_STYLE_ASSIGNMENT((#1589));
#1591=STYLED_ITEM('',(#1590),#1588);
#1592=DIRECTION('',(0.E0,4.555644983168E-1,-8.902027790753E-1));
#1593=VECTOR('',#1592,2.5E-1);
#1594=CARTESIAN_POINT('',(2.13535E0,3.108032073374E-1,7.172253998523E-1));
#1595=LINE('',#1594,#1593);
#1596=CURVE_STYLE('',#21,POSITIVE_LENGTH_MEASURE(2.E-2),#3);
#1597=PRESENTATION_STYLE_ASSIGNMENT((#1596));
#1598=STYLED_ITEM('',(#1597),#1595);
#1599=DIRECTION('',(0.E0,-8.902027790753E-1,-4.555644983168E-1));
#1600=VECTOR('',#1599,7.666668295860E-2);
#1601=CARTESIAN_POINT('',(2.13535E0,3.790521015696E-1,7.521520188120E-1));
#1602=LINE('',#1601,#1600);
#1603=CURVE_STYLE('',#21,POSITIVE_LENGTH_MEASURE(2.E-2),#3);
#1604=PRESENTATION_STYLE_ASSIGNMENT((#1603));
#1605=STYLED_ITEM('',(#1604),#1602);
#1606=DIRECTION('',(0.E0,-4.555644983168E-1,8.902027790753E-1));
#1607=VECTOR('',#1606,1.787499934435E-1);
#1608=CARTESIAN_POINT('',(2.13535E0,4.604842526568E-1,5.930282778889E-1));
#1609=LINE('',#1608,#1607);
#1610=CURVE_STYLE('',#21,POSITIVE_LENGTH_MEASURE(2.E-2),#3);
#1611=PRESENTATION_STYLE_ASSIGNMENT((#1610));
#1612=STYLED_ITEM('',(#1611),#1609);
#1613=DIRECTION('',(0.E0,-5.112377711465E-2,-9.986923246994E-1));
#1614=VECTOR('',#1613,2.064687289761E-1);
#1615=CARTESIAN_POINT('',(2.13535E0,4.710397139381E-1,7.992270128078E-1));
#1616=LINE('',#1615,#1614);
#1617=CURVE_STYLE('',#21,POSITIVE_LENGTH_MEASURE(2.E-2),#3);
#1618=PRESENTATION_STYLE_ASSIGNMENT((#1617));
#1619=STYLED_ITEM('',(#1618),#1616);
#1620=DIRECTION('',(0.E0,-8.902027790753E-1,-4.555644983168E-1));
#1621=VECTOR('',#1620,5.875000357628E-2);
#1622=CARTESIAN_POINT('',(2.13535E0,5.233391303924E-1,8.259914287132E-1));
#1623=LINE('',#1622,#1621);
#1624=CURVE_STYLE('',#21,POSITIVE_LENGTH_MEASURE(2.E-2),#3);
#1625=PRESENTATION_STYLE_ASSIGNMENT((#1624));
#1626=STYLED_ITEM('',(#1625),#1623);
#1627=DIRECTION('',(0.E0,-8.399323607806E-1,5.426910993498E-1));
#1628=VECTOR('',#1627,2.064687327050E-1);
#1629=CARTESIAN_POINT('',(2.13535E0,6.967589004807E-1,7.139426851801E-1));
#1630=LINE('',#1629,#1628);
#1631=CURVE_STYLE('',#21,POSITIVE_LENGTH_MEASURE(2.E-2),#3);
#1632=PRESENTATION_STYLE_ASSIGNMENT((#1631));
#1633=STYLED_ITEM('',(#1632),#1630);
#1634=DIRECTION('',(0.E0,4.555644983168E-1,-8.902027790753E-1));
#1635=VECTOR('',#1634,1.787499934435E-1);
#1636=CARTESIAN_POINT('',(2.13535E0,6.153267493935E-1,8.730664261032E-1));
#1637=LINE('',#1636,#1635);
#1638=CURVE_STYLE('',#21,POSITIVE_LENGTH_MEASURE(2.E-2),#3);
#1639=PRESENTATION_STYLE_ASSIGNMENT((#1638));
#1640=STYLED_ITEM('',(#1639),#1637);
#1641=DIRECTION('',(0.E0,-8.902027790753E-1,-4.555644983168E-1));
#1642=VECTOR('',#1641,7.666666619480E-2);
#1643=CARTESIAN_POINT('',(2.13535E0,6.835756287025E-1,9.079930374259E-1));
#1644=LINE('',#1643,#1642);
#1645=CURVE_STYLE('',#21,POSITIVE_LENGTH_MEASURE(2.E-2),#3);
#1646=PRESENTATION_STYLE_ASSIGNMENT((#1645));
#1647=STYLED_ITEM('',(#1646),#1644);
#1648=DIRECTION('',(0.E0,-9.051904563805E-1,4.250061619291E-1));
#1649=VECTOR('',#1648,2.5E-1);
#1650=CARTESIAN_POINT('',(2.13535E0,4.172285104521E-1,4.073362163115E-1));
#1651=LINE('',#1650,#1649);
#1652=CURVE_STYLE('',#21,POSITIVE_LENGTH_MEASURE(2.E-2),#3);
#1653=PRESENTATION_STYLE_ASSIGNMENT((#1652));
#1654=STYLED_ITEM('',(#1653),#1651);
#1655=DIRECTION('',(0.E0,4.250061619291E-1,9.051904563805E-1));
#1656=VECTOR('',#1655,7.666665315628E-2);
#1657=CARTESIAN_POINT('',(2.13535E0,3.846447104462E-1,3.379382935518E-1));
#1658=LINE('',#1657,#1656);
#1659=CURVE_STYLE('',#21,POSITIVE_LENGTH_MEASURE(2.E-2),#3);
#1660=PRESENTATION_STYLE_ASSIGNMENT((#1659));
#1661=STYLED_ITEM('',(#1660),#1658);
#1662=DIRECTION('',(0.E0,9.051904563805E-1,-4.250061619291E-1));
#1663=VECTOR('',#1662,2.5E-1);
#1664=CARTESIAN_POINT('',(2.13535E0,1.583470963511E-1,4.441898340341E-1));
#1665=LINE('',#1664,#1663);
#1666=CURVE_STYLE('',#21,POSITIVE_LENGTH_MEASURE(2.E-2),#3);
#1667=PRESENTATION_STYLE_ASSIGNMENT((#1666));
#1668=STYLED_ITEM('',(#1667),#1665);
#1669=DIRECTION('',(0.E0,-4.250061619291E-1,-9.051904563805E-1));
#1670=VECTOR('',#1669,7.666665315628E-2);
#1671=CARTESIAN_POINT('',(2.13535E0,1.909308963570E-1,5.135877567938E-1));
#1672=LINE('',#1671,#1670);
#1673=CURVE_STYLE('',#21,POSITIVE_LENGTH_MEASURE(2.E-2),#3);
#1674=PRESENTATION_STYLE_ASSIGNMENT((#1673));
#1675=STYLED_ITEM('',(#1674),#1672);
#1676=CARTESIAN_POINT('',(2.13535E0,1.798003801755E-1,2.732280408267E-1));
#1677=CARTESIAN_POINT('',(2.13535E0,1.364320059914E-1,2.693472149922E-1));
#1678=CARTESIAN_POINT('',(2.13535E0,1.121006241667E-1,2.560841558602E-1));
#1679=CARTESIAN_POINT('',(2.13535E0,1.066966833215E-1,2.332620367620E-1));
#1681=CURVE_STYLE('',#21,POSITIVE_LENGTH_MEASURE(2.E-2),#3);
#1682=PRESENTATION_STYLE_ASSIGNMENT((#1681));
#1683=STYLED_ITEM('',(#1682),#1680);
#1684=DIRECTION('',(0.E0,-8.912901549843E-2,9.960200894542E-1));
#1685=VECTOR('',#1684,7.541668415070E-2);
#1686=CARTESIAN_POINT('',(2.13535E0,1.865221949860E-1,1.981115083326E-1));
#1687=LINE('',#1686,#1685);
#1688=CURVE_STYLE('',#21,POSITIVE_LENGTH_MEASURE(2.E-2),#3);
#1689=PRESENTATION_STYLE_ASSIGNMENT((#1688));
#1690=STYLED_ITEM('',(#1689),#1687);
#1691=CARTESIAN_POINT('',(2.13535E0,1.640820969603E-1,1.838034390743E-1));
#1692=CARTESIAN_POINT('',(2.13535E0,1.651107470894E-1,1.865006448690E-1));
#1693=CARTESIAN_POINT('',(2.13535E0,1.680973193533E-1,1.911841410688E-1));
#1694=CARTESIAN_POINT('',(2.13535E0,1.747419705031E-1,1.958412837246E-1));
#1695=CARTESIAN_POINT('',(2.13535E0,1.821677673711E-1,1.977218516876E-1));
#1696=CARTESIAN_POINT('',(2.13535E0,1.865221949860E-1,1.981115083326E-1));
#1698=CURVE_STYLE('',#21,POSITIVE_LENGTH_MEASURE(2.E-2),#3);
#1699=PRESENTATION_STYLE_ASSIGNMENT((#1698));
#1700=STYLED_ITEM('',(#1699),#1697);
#1701=CARTESIAN_POINT('',(2.13535E0,1.656724010172E-1,9.919286528939E-2));
#1702=CARTESIAN_POINT('',(2.13535E0,1.643694853192E-1,1.137529970575E-1));
#1703=CARTESIAN_POINT('',(2.13535E0,1.624985579016E-1,1.387778984456E-1));
#1704=CARTESIAN_POINT('',(2.13535E0,1.617538681940E-1,1.623597479450E-1));
#1705=CARTESIAN_POINT('',(2.13535E0,1.623189893106E-1,1.768900089400E-1));
#1706=CARTESIAN_POINT('',(2.13535E0,1.634924759690E-1,1.822574040237E-1));
#1707=CARTESIAN_POINT('',(2.13535E0,1.640820969603E-1,1.838034390743E-1));
#1709=CURVE_STYLE('',#21,POSITIVE_LENGTH_MEASURE(2.E-2),#3);
#1710=PRESENTATION_STYLE_ASSIGNMENT((#1709));
#1711=STYLED_ITEM('',(#1710),#1708);
#1712=CARTESIAN_POINT('',(2.13535E0,1.712318255877E-1,5.576554600974E-2));
#1713=CARTESIAN_POINT('',(2.13535E0,1.704282502728E-1,6.025141536875E-2));
#1714=CARTESIAN_POINT('',(2.13535E0,1.689614356560E-1,6.945215624334E-2));
#1715=CARTESIAN_POINT('',(2.13535E0,1.671389753115E-1,8.392574693598E-2));
#1716=CARTESIAN_POINT('',(2.13535E0,1.661344587933E-1,9.402935231992E-2));
#1717=CARTESIAN_POINT('',(2.13535E0,1.656724010172E-1,9.919286528939E-2));
#1719=CURVE_STYLE('',#21,POSITIVE_LENGTH_MEASURE(2.E-2),#3);
#1720=PRESENTATION_STYLE_ASSIGNMENT((#1719));
#1721=STYLED_ITEM('',(#1720),#1718);
#1722=CARTESIAN_POINT('',(2.13535E0,1.913861918664E-1,3.623414245172E-2));
#1723=CARTESIAN_POINT('',(2.13535E0,1.886490903888E-1,3.598921249238E-2));
#1724=CARTESIAN_POINT('',(2.13535E0,1.837307855698E-1,3.649448444406E-2));
#1725=CARTESIAN_POINT('',(2.13535E0,1.785611007582E-1,3.942415183629E-2));
#1726=CARTESIAN_POINT('',(2.13535E0,1.741360230962E-1,4.498783245821E-2));
#1727=CARTESIAN_POINT('',(2.13535E0,1.719573667154E-1,5.171529377750E-2));
#1728=CARTESIAN_POINT('',(2.13535E0,1.712318255877E-1,5.576554600974E-2));
#1730=CURVE_STYLE('',#21,POSITIVE_LENGTH_MEASURE(2.E-2),#3);
#1731=PRESENTATION_STYLE_ASSIGNMENT((#1730));
#1732=STYLED_ITEM('',(#1731),#1729);
#1733=CARTESIAN_POINT('',(2.13535E0,2.054337929856E-1,4.408356223173E-2));
#1734=CARTESIAN_POINT('',(2.13535E0,2.039297467042E-1,4.236855629167E-2));
#1735=CARTESIAN_POINT('',(2.13535E0,2.008354255446E-1,3.954866861465E-2));
#1736=CARTESIAN_POINT('',(2.13535E0,1.963059661446E-1,3.712499323317E-2));
#1737=CARTESIAN_POINT('',(2.13535E0,1.930471938286E-1,3.638277747546E-2));
#1738=CARTESIAN_POINT('',(2.13535E0,1.913861918664E-1,3.623414245172E-2));
#1740=CURVE_STYLE('',#21,POSITIVE_LENGTH_MEASURE(2.E-2),#3);
#1741=PRESENTATION_STYLE_ASSIGNMENT((#1740));
#1742=STYLED_ITEM('',(#1741),#1739);
#1743=CARTESIAN_POINT('',(2.13535E0,2.080055691392E-1,9.126778222490E-2));
#1744=CARTESIAN_POINT('',(2.13535E0,2.085959755214E-1,8.466996877051E-2));
#1745=CARTESIAN_POINT('',(2.13535E0,2.093468031289E-1,7.303965543478E-2));
#1746=CARTESIAN_POINT('',(2.13535E0,2.093720798289E-1,6.082968839658E-2));
#1747=CARTESIAN_POINT('',(2.13535E0,2.086025175994E-1,5.231304988124E-2));
#1748=CARTESIAN_POINT('',(2.13535E0,2.072542057620E-1,4.686333756071E-2));
#1749=CARTESIAN_POINT('',(2.13535E0,2.060414745635E-1,4.477647808720E-2));
#1750=CARTESIAN_POINT('',(2.13535E0,2.054337929856E-1,4.408356223173E-2));
#1752=CURVE_STYLE('',#21,POSITIVE_LENGTH_MEASURE(2.E-2),#3);
#1753=PRESENTATION_STYLE_ASSIGNMENT((#1752));
#1754=STYLED_ITEM('',(#1753),#1751);
#1755=DIRECTION('',(0.E0,8.912901549843E-2,-9.960200894542E-1));
#1756=VECTOR('',#1755,4.624998569489E-2);
#1757=CARTESIAN_POINT('',(2.13535E0,2.038833534474E-1,1.373336971140E-1));
#1758=LINE('',#1757,#1756);
#1759=CURVE_STYLE('',#21,POSITIVE_LENGTH_MEASURE(2.E-2),#3);
#1760=PRESENTATION_STYLE_ASSIGNMENT((#1759));
#1761=STYLED_ITEM('',(#1760),#1758);
#1762=CARTESIAN_POINT('',(2.13535E0,2.101973125570E-1,2.524559094682E-1));
#1763=CARTESIAN_POINT('',(2.13535E0,2.006659114739E-1,2.363995162419E-1));
#1764=CARTESIAN_POINT('',(2.13535E0,1.984613381962E-1,1.979249208056E-1));
#1765=CARTESIAN_POINT('',(2.13535E0,2.038833534474E-1,1.373336971140E-1));
#1767=CURVE_STYLE('',#21,POSITIVE_LENGTH_MEASURE(2.E-2),#3);
#1768=PRESENTATION_STYLE_ASSIGNMENT((#1767));
#1769=STYLED_ITEM('',(#1768),#1766);
#1770=CARTESIAN_POINT('',(2.13535E0,2.700800146685E-1,2.787967410817E-1));
#1771=CARTESIAN_POINT('',(2.13535E0,2.389543868731E-1,2.760114593474E-1));
#1772=CARTESIAN_POINT('',(2.13535E0,2.190242373466E-1,2.673255570850E-1));
#1773=CARTESIAN_POINT('',(2.13535E0,2.101973125570E-1,2.524559094682E-1));
#1775=CURVE_STYLE('',#21,POSITIVE_LENGTH_MEASURE(2.E-2),#3);
#1776=PRESENTATION_STYLE_ASSIGNMENT((#1775));
#1777=STYLED_ITEM('',(#1776),#1774);
#1778=CARTESIAN_POINT('',(2.13535E0,3.356527257919E-1,2.589371455330E-1));
#1779=CARTESIAN_POINT('',(2.13535E0,3.247924190495E-1,2.751169148208E-1));
#1780=CARTESIAN_POINT('',(2.13535E0,3.028656743633E-1,2.817305710335E-1));
#1781=CARTESIAN_POINT('',(2.13535E0,2.700800146685E-1,2.787967410817E-1));
#1783=CURVE_STYLE('',#21,POSITIVE_LENGTH_MEASURE(2.E-2),#3);
#1784=PRESENTATION_STYLE_ASSIGNMENT((#1783));
#1785=STYLED_ITEM('',(#1784),#1782);
#1786=CARTESIAN_POINT('',(2.13535E0,3.578589096749E-1,1.697279471515E-1));
#1787=CARTESIAN_POINT('',(2.13535E0,3.539966507075E-1,2.128888359005E-1));
#1788=CARTESIAN_POINT('',(2.13535E0,3.465130365296E-1,2.427573702929E-1));
#1789=CARTESIAN_POINT('',(2.13535E0,3.356527257919E-1,2.589371455330E-1));
#1791=CURVE_STYLE('',#21,POSITIVE_LENGTH_MEASURE(2.E-2),#3);
#1792=PRESENTATION_STYLE_ASSIGNMENT((#1791));
#1793=STYLED_ITEM('',(#1792),#1790);
#1794=CARTESIAN_POINT('',(2.13535E0,3.569466781885E-1,4.614543937049E-3));
#1795=CARTESIAN_POINT('',(2.13535E0,3.659478040397E-1,2.089824806774E-2));
#1796=CARTESIAN_POINT('',(2.13535E0,3.675516888354E-1,6.141077667154E-2));
#1797=CARTESIAN_POINT('',(2.13535E0,3.617954374386E-1,1.257371018203E-1));
#1799=CURVE_STYLE('',#21,POSITIVE_LENGTH_MEASURE(2.E-2),#3);
#1800=PRESENTATION_STYLE_ASSIGNMENT((#1799));
#1801=STYLED_ITEM('',(#1800),#1798);
#1802=CARTESIAN_POINT('',(2.13535E0,2.903238921407E-1,-2.456464962790E-2));
#1803=CARTESIAN_POINT('',(2.13535E0,3.255995996843E-1,-2.140799734983E-2));
#1804=CARTESIAN_POINT('',(2.13535E0,3.479455324804E-1,-1.166919611601E-2));
#1805=CARTESIAN_POINT('',(2.13535E0,3.569466781885E-1,4.614543937049E-3));
#1807=CURVE_STYLE('',#21,POSITIVE_LENGTH_MEASURE(2.E-2),#3);
#1808=PRESENTATION_STYLE_ASSIGNMENT((#1807));
#1809=STYLED_ITEM('',(#1808),#1806);
#1810=DIRECTION('',(0.E0,8.912901549843E-2,-9.960200894542E-1));
#1811=VECTOR('',#1810,7.541668415070E-2);
#1812=CARTESIAN_POINT('',(2.13535E0,2.836020773302E-1,5.055188286622E-2));
#1813=LINE('',#1812,#1811);
#1814=CURVE_STYLE('',#21,POSITIVE_LENGTH_MEASURE(2.E-2),#3);
#1815=PRESENTATION_STYLE_ASSIGNMENT((#1814));
#1816=STYLED_ITEM('',(#1815),#1813);
#1817=CARTESIAN_POINT('',(2.13535E0,3.055912538358E-1,8.054844523419E-2));
#1818=CARTESIAN_POINT('',(2.13535E0,3.056399322078E-1,7.620004619169E-2));
#1819=CARTESIAN_POINT('',(2.13535E0,3.048873265354E-1,6.859924646412E-2));
#1820=CARTESIAN_POINT('',(2.13535E0,3.018997950478E-1,6.086391488993E-2));
#1821=CARTESIAN_POINT('',(2.13535E0,2.976552994511E-1,5.566791986290E-2));
#1822=CARTESIAN_POINT('',(2.13535E0,2.920853427489E-1,5.215027248195E-2));
#1823=CARTESIAN_POINT('',(2.13535E0,2.866755921388E-1,5.082691682579E-2));
#1824=CARTESIAN_POINT('',(2.13535E0,2.836020773302E-1,5.055188286622E-2));
#1826=CURVE_STYLE('',#21,POSITIVE_LENGTH_MEASURE(2.E-2),#3);
#1827=PRESENTATION_STYLE_ASSIGNMENT((#1826));
#1828=STYLED_ITEM('',(#1827),#1825);
#1829=CARTESIAN_POINT('',(2.13535E0,3.023113577801E-1,1.430040437892E-1));
#1830=CARTESIAN_POINT('',(2.13535E0,3.029877809718E-1,1.354449892650E-1));
#1831=CARTESIAN_POINT('',(2.13535E0,3.041203677391E-1,1.207386922551E-1));
#1832=CARTESIAN_POINT('',(2.13535E0,3.051958527289E-1,9.990417328053E-2));
#1833=CARTESIAN_POINT('',(2.13535E0,3.055205889279E-1,8.686088348995E-2));
#1834=CARTESIAN_POINT('',(2.13535E0,3.055912538358E-1,8.054844523419E-2));
#1836=CURVE_STYLE('',#21,POSITIVE_LENGTH_MEASURE(2.E-2),#3);
#1837=PRESENTATION_STYLE_ASSIGNMENT((#1836));
#1838=STYLED_ITEM('',(#1837),#1835);
#1839=DIRECTION('',(0.E0,8.912901549843E-2,-9.960200894542E-1));
#1840=VECTOR('',#1839,1.458334922791E-2);
#1841=CARTESIAN_POINT('',(2.13535E0,3.010115582208E-1,1.575293525917E-1));
#1842=LINE('',#1841,#1840);
#1843=CURVE_STYLE('',#21,POSITIVE_LENGTH_MEASURE(2.E-2),#3);
#1844=PRESENTATION_STYLE_ASSIGNMENT((#1843));
#1845=STYLED_ITEM('',(#1844),#1842);
#1846=CARTESIAN_POINT('',(2.13535E0,2.928400745259E-1,1.964974977191E-1));
#1847=CARTESIAN_POINT('',(2.13535E0,2.937703569335E-1,1.950367520616E-1));
#1848=CARTESIAN_POINT('',(2.13535E0,2.958567972735E-1,1.903737510017E-1));
#1849=CARTESIAN_POINT('',(2.13535E0,2.986323766275E-1,1.784538605482E-1));
#1850=CARTESIAN_POINT('',(2.13535E0,3.003184905351E-1,1.652744099606E-1));
#1851=CARTESIAN_POINT('',(2.13535E0,3.010115582208E-1,1.575293525917E-1));
#1853=CURVE_STYLE('',#21,POSITIVE_LENGTH_MEASURE(2.E-2),#3);
#1854=PRESENTATION_STYLE_ASSIGNMENT((#1853));
#1855=STYLED_ITEM('',(#1854),#1852);
#1856=CARTESIAN_POINT('',(2.13535E0,2.743117816301E-1,2.034573862613E-1));
#1857=CARTESIAN_POINT('',(2.13535E0,2.775872933328E-1,2.037504959450E-1));
#1858=CARTESIAN_POINT('',(2.13535E0,2.833330592676E-1,2.034388714203E-1));
#1859=CARTESIAN_POINT('',(2.13535E0,2.889813258147E-1,2.010465263216E-1));
#1860=CARTESIAN_POINT('',(2.13535E0,2.917505935611E-1,1.982082197269E-1));
#1861=CARTESIAN_POINT('',(2.13535E0,2.928400745259E-1,1.964974977191E-1));
#1863=CURVE_STYLE('',#21,POSITIVE_LENGTH_MEASURE(2.E-2),#3);
#1864=PRESENTATION_STYLE_ASSIGNMENT((#1863));
#1865=STYLED_ITEM('',(#1864),#1862);
#1866=CARTESIAN_POINT('',(2.13535E0,2.609256555537E-1,1.941020617014E-1));
#1867=CARTESIAN_POINT('',(2.13535E0,2.619180622188E-1,1.960930436142E-1));
#1868=CARTESIAN_POINT('',(2.13535E0,2.642997319238E-1,1.994048450266E-1));
#1869=CARTESIAN_POINT('',(2.13535E0,2.684290791609E-1,2.022676769590E-1));
#1870=CARTESIAN_POINT('',(2.13535E0,2.722128625209E-1,2.032695641523E-1));
#1871=CARTESIAN_POINT('',(2.13535E0,2.743117816301E-1,2.034573862613E-1));
#1873=CURVE_STYLE('',#21,POSITIVE_LENGTH_MEASURE(2.E-2),#3);
#1874=PRESENTATION_STYLE_ASSIGNMENT((#1873));
#1875=STYLED_ITEM('',(#1874),#1872);
#1876=CARTESIAN_POINT('',(2.13535E0,2.610890598500E-1,1.361777610425E-1));
#1877=CARTESIAN_POINT('',(2.13535E0,2.603699080715E-1,1.442143091274E-1));
#1878=CARTESIAN_POINT('',(2.13535E0,2.593092205962E-1,1.583955799256E-1));
#1879=CARTESIAN_POINT('',(2.13535E0,2.587433197151E-1,1.733747707716E-1));
#1880=CARTESIAN_POINT('',(2.13535E0,2.589266692736E-1,1.838599843638E-1));
#1881=CARTESIAN_POINT('',(2.13535E0,2.596711873429E-1,1.906091379342E-1));
#1882=CARTESIAN_POINT('',(2.13535E0,2.605029065767E-1,1.932539360323E-1));
#1883=CARTESIAN_POINT('',(2.13535E0,2.609256555537E-1,1.941020617014E-1));
#1885=CURVE_STYLE('',#21,POSITIVE_LENGTH_MEASURE(2.E-2),#3);
#1886=PRESENTATION_STYLE_ASSIGNMENT((#1885));
#1887=STYLED_ITEM('',(#1886),#1884);
#1888=DIRECTION('',(0.E0,-8.912901549843E-2,9.960200894542E-1));
#1889=VECTOR('',#1888,4.874998331070E-2);
#1890=CARTESIAN_POINT('',(2.13535E0,2.654340978681E-1,8.762179830451E-2));
#1891=LINE('',#1890,#1889);
#1892=CURVE_STYLE('',#21,POSITIVE_LENGTH_MEASURE(2.E-2),#3);
#1893=PRESENTATION_STYLE_ASSIGNMENT((#1892));
#1894=STYLED_ITEM('',(#1893),#1891);
#1895=CARTESIAN_POINT('',(2.13535E0,2.554236233053E-1,-1.810302382742E-2));
#1896=CARTESIAN_POINT('',(2.13535E0,2.672055075417E-1,-6.971806084028E-3));
#1897=CARTESIAN_POINT('',(2.13535E0,2.707446992999E-1,2.827562822109E-2));
#1898=CARTESIAN_POINT('',(2.13535E0,2.654340978681E-1,8.762179830451E-2));
#1900=CURVE_STYLE('',#21,POSITIVE_LENGTH_MEASURE(2.E-2),#3);
#1901=PRESENTATION_STYLE_ASSIGNMENT((#1900));
#1902=STYLED_ITEM('',(#1901),#1899);
#1903=CARTESIAN_POINT('',(2.13535E0,1.937504155203E-1,-3.927232977738E-2));
#1904=CARTESIAN_POINT('',(2.13535E0,2.230085074291E-1,-3.665416478774E-2));
#1905=CARTESIAN_POINT('',(2.13535E0,2.434836406364E-1,-2.938360885730E-2));
#1906=CARTESIAN_POINT('',(2.13535E0,2.554236233053E-1,-1.810302382742E-2));
#1908=CURVE_STYLE('',#21,POSITIVE_LENGTH_MEASURE(2.E-2),#3);
#1909=PRESENTATION_STYLE_ASSIGNMENT((#1908));
#1910=STYLED_ITEM('',(#1909),#1907);
#1911=CARTESIAN_POINT('',(2.13535E0,1.382674270948E-1,-2.640088330828E-2));
#1912=CARTESIAN_POINT('',(2.13535E0,1.521261010927E-1,-3.693130085369E-2));
#1913=CARTESIAN_POINT('',(2.13535E0,1.705099466674E-1,-4.135200681453E-2));
#1914=CARTESIAN_POINT('',(2.13535E0,1.937504155203E-1,-3.927232977738E-2));
#1916=CURVE_STYLE('',#21,POSITIVE_LENGTH_MEASURE(2.E-2),#3);
#1917=PRESENTATION_STYLE_ASSIGNMENT((#1916));
#1918=STYLED_ITEM('',(#1917),#1915);
#1919=CARTESIAN_POINT('',(2.13535E0,1.080823334999E-1,9.529437262259E-2));
#1920=CARTESIAN_POINT('',(2.13535E0,1.143956380560E-1,2.474295753524E-2));
#1921=CARTESIAN_POINT('',(2.13535E0,1.242973347472E-1,-1.578580530079E-2));
#1922=CARTESIAN_POINT('',(2.13535E0,1.382674270948E-1,-2.640088330828E-2));
#1924=CURVE_STYLE('',#21,POSITIVE_LENGTH_MEASURE(2.E-2),#3);
#1925=PRESENTATION_STYLE_ASSIGNMENT((#1924));
#1926=STYLED_ITEM('',(#1925),#1923);
#1927=CARTESIAN_POINT('',(2.13535E0,1.066966833215E-1,2.332620367620E-1));
#1928=CARTESIAN_POINT('',(2.13535E0,1.013229273055E-1,2.105673953302E-1));
#1929=CARTESIAN_POINT('',(2.13535E0,1.018804374506E-1,1.646007934692E-1));
#1930=CARTESIAN_POINT('',(2.13535E0,1.080823334999E-1,9.529437262259E-2));
#1932=CURVE_STYLE('',#21,POSITIVE_LENGTH_MEASURE(2.E-2),#3);
#1933=PRESENTATION_STYLE_ASSIGNMENT((#1932));
#1934=STYLED_ITEM('',(#1933),#1931);
#1935=DIRECTION('',(0.E0,-7.003754950963E-1,-7.137745903775E-1));
#1936=VECTOR('',#1935,6.437499821186E-2);
#1937=CARTESIAN_POINT('',(2.13535E0,3.907854333511E-1,-5.571136211728E-2));
#1938=LINE('',#1937,#1936);
#1939=CURVE_STYLE('',#21,POSITIVE_LENGTH_MEASURE(2.E-2),#3);
#1940=PRESENTATION_STYLE_ASSIGNMENT((#1939));
#1941=STYLED_ITEM('',(#1940),#1938);
#1942=DIRECTION('',(0.E0,-7.137745903775E-1,7.003754950963E-1));
#1943=VECTOR('',#1942,2.966666817665E-1);
#1944=CARTESIAN_POINT('',(2.13535E0,6.025385726076E-1,-2.634894362381E-1));
#1945=LINE('',#1944,#1943);
#1946=CURVE_STYLE('',#21,POSITIVE_LENGTH_MEASURE(2.E-2),#3);
#1947=PRESENTATION_STYLE_ASSIGNMENT((#1946));
#1948=STYLED_ITEM('',(#1947),#1945);
#1949=DIRECTION('',(0.E0,7.003754950963E-1,7.137745903775E-1));
#1950=VECTOR('',#1949,6.437499821186E-2);
#1951=CARTESIAN_POINT('',(2.13535E0,5.574519013632E-1,-3.094386742173E-1));
#1952=LINE('',#1951,#1950);
#1953=CURVE_STYLE('',#21,POSITIVE_LENGTH_MEASURE(2.E-2),#3);
#1954=PRESENTATION_STYLE_ASSIGNMENT((#1953));
#1955=STYLED_ITEM('',(#1954),#1952);
#1956=DIRECTION('',(0.E0,7.137745903775E-1,-7.003754950963E-1));
#1957=VECTOR('',#1956,1.100000143051E-1);
#1958=CARTESIAN_POINT('',(2.13535E0,4.789366862110E-1,-2.323973597378E-1));
#1959=LINE('',#1958,#1957);
#1960=CURVE_STYLE('',#21,POSITIVE_LENGTH_MEASURE(2.E-2),#3);
#1961=PRESENTATION_STYLE_ASSIGNMENT((#1960));
#1962=STYLED_ITEM('',(#1961),#1959);
#1963=DIRECTION('',(0.E0,7.003754950963E-1,7.137745903775E-1));
#1964=VECTOR('',#1963,1.856250017881E-1);
#1965=CARTESIAN_POINT('',(2.13535E0,3.489294836814E-1,-3.648917693529E-1));
#1966=LINE('',#1965,#1964);
#1967=CURVE_STYLE('',#21,POSITIVE_LENGTH_MEASURE(2.E-2),#3);
#1968=PRESENTATION_STYLE_ASSIGNMENT((#1967));
#1969=STYLED_ITEM('',(#1968),#1966);
#1970=DIRECTION('',(0.E0,7.137745903775E-1,-7.003754950963E-1));
#1971=VECTOR('',#1970,7.666671276093E-2);
#1972=CARTESIAN_POINT('',(2.13535E0,2.942067321849E-1,-3.111962824456E-1));
#1973=LINE('',#1972,#1971);
#1974=CURVE_STYLE('',#21,POSITIVE_LENGTH_MEASURE(2.E-2),#3);
#1975=PRESENTATION_STYLE_ASSIGNMENT((#1974));
#1976=STYLED_ITEM('',(#1975),#1973);
#1977=DIRECTION('',(0.E0,-7.003754950963E-1,-7.137745903775E-1));
#1978=VECTOR('',#1977,1.856250017881E-1);
#1979=CARTESIAN_POINT('',(2.13535E0,4.242139347145E-1,-1.787018728304E-1));
#1980=LINE('',#1979,#1978);
#1981=CURVE_STYLE('',#21,POSITIVE_LENGTH_MEASURE(2.E-2),#3);
#1982=PRESENTATION_STYLE_ASSIGNMENT((#1981));
#1983=STYLED_ITEM('',(#1982),#1980);
#1984=DIRECTION('',(0.E0,7.137745903775E-1,-7.003754950963E-1));
#1985=VECTOR('',#1984,1.099999547005E-1);
#1986=CARTESIAN_POINT('',(2.13535E0,3.456987621066E-1,-1.016606000965E-1));
#1987=LINE('',#1986,#1985);
#1988=CURVE_STYLE('',#21,POSITIVE_LENGTH_MEASURE(2.E-2),#3);
#1989=PRESENTATION_STYLE_ASSIGNMENT((#1988));
#1990=STYLED_ITEM('',(#1989),#1987);
#1991=DIRECTION('',(-1.E0,0.E0,0.E0));
#1992=VECTOR('',#1991,2.E-2);
#1993=CARTESIAN_POINT('',(2.15535E0,7.974667532817E-1,6.854423426571E-1));
#1994=LINE('',#1993,#1992);
#1995=CURVE_STYLE('',#21,POSITIVE_LENGTH_MEASURE(2.E-2),#3);
#1996=PRESENTATION_STYLE_ASSIGNMENT((#1995));
#1997=STYLED_ITEM('',(#1996),#1994);
#1998=DIRECTION('',(-1.E0,0.E0,0.E0));
#1999=VECTOR('',#1998,2.E-2);
#2000=CARTESIAN_POINT('',(2.15535E0,6.876750708065E-1,6.292560512616E-1));
#2001=LINE('',#2000,#1999);
#2002=CURVE_STYLE('',#21,POSITIVE_LENGTH_MEASURE(2.E-2),#3);
#2003=PRESENTATION_STYLE_ASSIGNMENT((#2002));
#2004=STYLED_ITEM('',(#2003),#2001);
#2005=DIRECTION('',(-1.E0,0.E0,0.E0));
#2006=VECTOR('',#2005,2.E-2);
#2007=CARTESIAN_POINT('',(2.15535E0,5.430306002157E-1,7.230325653202E-1));
#2008=LINE('',#2007,#2006);
#2009=CURVE_STYLE('',#21,POSITIVE_LENGTH_MEASURE(2.E-2),#3);
#2010=PRESENTATION_STYLE_ASSIGNMENT((#2009));
#2011=STYLED_ITEM('',(#2010),#2008);
#2012=DIRECTION('',(-1.E0,0.E0,0.E0));
#2013=VECTOR('',#2012,2.E-2);
#2014=CARTESIAN_POINT('',(2.15535E0,5.344860094175E-1,5.508609939334E-1));
#2015=LINE('',#2014,#2013);
#2016=CURVE_STYLE('',#21,POSITIVE_LENGTH_MEASURE(2.E-2),#3);
#2017=PRESENTATION_STYLE_ASSIGNMENT((#2016));
#2018=STYLED_ITEM('',(#2017),#2015);
#2019=DIRECTION('',(-1.E0,0.E0,0.E0));
#2020=VECTOR('',#2019,2.E-2);
#2021=CARTESIAN_POINT('',(2.15535E0,4.246943319166E-1,4.946747050835E-1));
#2022=LINE('',#2021,#2020);
#2023=CURVE_STYLE('',#21,POSITIVE_LENGTH_MEASURE(2.E-2),#3);
#2024=PRESENTATION_STYLE_ASSIGNMENT((#2023));
#2025=STYLED_ITEM('',(#2024),#2022);
#2026=DIRECTION('',(-1.E0,0.E0,0.E0));
#2027=VECTOR('',#2026,2.E-2);
#2028=CARTESIAN_POINT('',(2.15535E0,3.108032073374E-1,7.172253998523E-1));
#2029=LINE('',#2028,#2027);
#2030=CURVE_STYLE('',#21,POSITIVE_LENGTH_MEASURE(2.E-2),#3);
#2031=PRESENTATION_STYLE_ASSIGNMENT((#2030));
#2032=STYLED_ITEM('',(#2031),#2029);
#2033=DIRECTION('',(-1.E0,0.E0,0.E0));
#2034=VECTOR('',#2033,2.E-2);
#2035=CARTESIAN_POINT('',(2.15535E0,3.790521015696E-1,7.521520188120E-1));
#2036=LINE('',#2035,#2034);
#2037=CURVE_STYLE('',#21,POSITIVE_LENGTH_MEASURE(2.E-2),#3);
#2038=PRESENTATION_STYLE_ASSIGNMENT((#2037));
#2039=STYLED_ITEM('',(#2038),#2036);
#2040=DIRECTION('',(-1.E0,0.E0,0.E0));
#2041=VECTOR('',#2040,2.E-2);
#2042=CARTESIAN_POINT('',(2.15535E0,4.604842526568E-1,5.930282778889E-1));
#2043=LINE('',#2042,#2041);
#2044=CURVE_STYLE('',#21,POSITIVE_LENGTH_MEASURE(2.E-2),#3);
#2045=PRESENTATION_STYLE_ASSIGNMENT((#2044));
#2046=STYLED_ITEM('',(#2045),#2043);
#2047=DIRECTION('',(-1.E0,0.E0,0.E0));
#2048=VECTOR('',#2047,2.E-2);
#2049=CARTESIAN_POINT('',(2.15535E0,4.710397139381E-1,7.992270128078E-1));
#2050=LINE('',#2049,#2048);
#2051=CURVE_STYLE('',#21,POSITIVE_LENGTH_MEASURE(2.E-2),#3);
#2052=PRESENTATION_STYLE_ASSIGNMENT((#2051));
#2053=STYLED_ITEM('',(#2052),#2050);
#2054=DIRECTION('',(-1.E0,0.E0,0.E0));
#2055=VECTOR('',#2054,2.E-2);
#2056=CARTESIAN_POINT('',(2.15535E0,5.233391303924E-1,8.259914287132E-1));
#2057=LINE('',#2056,#2055);
#2058=CURVE_STYLE('',#21,POSITIVE_LENGTH_MEASURE(2.E-2),#3);
#2059=PRESENTATION_STYLE_ASSIGNMENT((#2058));
#2060=STYLED_ITEM('',(#2059),#2057);
#2061=DIRECTION('',(-1.E0,-1.665334536938E-14,0.E0));
#2062=VECTOR('',#2061,2.E-2);
#2063=CARTESIAN_POINT('',(2.15535E0,6.967589004807E-1,7.139426851801E-1));
#2064=LINE('',#2063,#2062);
#2065=CURVE_STYLE('',#21,POSITIVE_LENGTH_MEASURE(2.E-2),#3);
#2066=PRESENTATION_STYLE_ASSIGNMENT((#2065));
#2067=STYLED_ITEM('',(#2066),#2064);
#2068=DIRECTION('',(-1.E0,0.E0,0.E0));
#2069=VECTOR('',#2068,2.E-2);
#2070=CARTESIAN_POINT('',(2.15535E0,6.153267493935E-1,8.730664261032E-1));
#2071=LINE('',#2070,#2069);
#2072=CURVE_STYLE('',#21,POSITIVE_LENGTH_MEASURE(2.E-2),#3);
#2073=PRESENTATION_STYLE_ASSIGNMENT((#2072));
#2074=STYLED_ITEM('',(#2073),#2071);
#2075=DIRECTION('',(-1.E0,0.E0,0.E0));
#2076=VECTOR('',#2075,2.E-2);
#2077=CARTESIAN_POINT('',(2.15535E0,6.835756287025E-1,9.079930374259E-1));
#2078=LINE('',#2077,#2076);
#2079=CURVE_STYLE('',#21,POSITIVE_LENGTH_MEASURE(2.E-2),#3);
#2080=PRESENTATION_STYLE_ASSIGNMENT((#2079));
#2081=STYLED_ITEM('',(#2080),#2078);
#2082=DIRECTION('',(-1.E0,0.E0,0.E0));
#2083=VECTOR('',#2082,2.E-2);
#2084=CARTESIAN_POINT('',(2.15535E0,1.798003801755E-1,2.732280408267E-1));
#2085=LINE('',#2084,#2083);
#2086=CURVE_STYLE('',#21,POSITIVE_LENGTH_MEASURE(2.E-2),#3);
#2087=PRESENTATION_STYLE_ASSIGNMENT((#2086));
#2088=STYLED_ITEM('',(#2087),#2085);
#2089=DIRECTION('',(-1.E0,0.E0,0.E0));
#2090=VECTOR('',#2089,2.E-2);
#2091=CARTESIAN_POINT('',(2.15535E0,1.865221949860E-1,1.981115083326E-1));
#2092=LINE('',#2091,#2090);
#2093=CURVE_STYLE('',#21,POSITIVE_LENGTH_MEASURE(2.E-2),#3);
#2094=PRESENTATION_STYLE_ASSIGNMENT((#2093));
#2095=STYLED_ITEM('',(#2094),#2092);
#2096=DIRECTION('',(-1.E0,0.E0,0.E0));
#2097=VECTOR('',#2096,2.E-2);
#2098=CARTESIAN_POINT('',(2.15535E0,1.640820969603E-1,1.838034390743E-1));
#2099=LINE('',#2098,#2097);
#2100=CURVE_STYLE('',#21,POSITIVE_LENGTH_MEASURE(2.E-2),#3);
#2101=PRESENTATION_STYLE_ASSIGNMENT((#2100));
#2102=STYLED_ITEM('',(#2101),#2099);
#2103=DIRECTION('',(-1.E0,0.E0,0.E0));
#2104=VECTOR('',#2103,2.E-2);
#2105=CARTESIAN_POINT('',(2.15535E0,1.656724010172E-1,9.919286528939E-2));
#2106=LINE('',#2105,#2104);
#2107=CURVE_STYLE('',#21,POSITIVE_LENGTH_MEASURE(2.E-2),#3);
#2108=PRESENTATION_STYLE_ASSIGNMENT((#2107));
#2109=STYLED_ITEM('',(#2108),#2106);
#2110=DIRECTION('',(-1.E0,0.E0,0.E0));
#2111=VECTOR('',#2110,2.E-2);
#2112=CARTESIAN_POINT('',(2.15535E0,1.712318255877E-1,5.576554600974E-2));
#2113=LINE('',#2112,#2111);
#2114=CURVE_STYLE('',#21,POSITIVE_LENGTH_MEASURE(2.E-2),#3);
#2115=PRESENTATION_STYLE_ASSIGNMENT((#2114));
#2116=STYLED_ITEM('',(#2115),#2113);
#2117=DIRECTION('',(-1.E0,0.E0,0.E0));
#2118=VECTOR('',#2117,2.E-2);
#2119=CARTESIAN_POINT('',(2.15535E0,1.913861918664E-1,3.623414245172E-2));
#2120=LINE('',#2119,#2118);
#2121=CURVE_STYLE('',#21,POSITIVE_LENGTH_MEASURE(2.E-2),#3);
#2122=PRESENTATION_STYLE_ASSIGNMENT((#2121));
#2123=STYLED_ITEM('',(#2122),#2120);
#2124=DIRECTION('',(-1.E0,0.E0,0.E0));
#2125=VECTOR('',#2124,2.E-2);
#2126=CARTESIAN_POINT('',(2.15535E0,2.054337929856E-1,4.408356223173E-2));
#2127=LINE('',#2126,#2125);
#2128=CURVE_STYLE('',#21,POSITIVE_LENGTH_MEASURE(2.E-2),#3);
#2129=PRESENTATION_STYLE_ASSIGNMENT((#2128));
#2130=STYLED_ITEM('',(#2129),#2127);
#2131=DIRECTION('',(-1.E0,0.E0,0.E0));
#2132=VECTOR('',#2131,2.E-2);
#2133=CARTESIAN_POINT('',(2.15535E0,2.080055691392E-1,9.126778222490E-2));
#2134=LINE('',#2133,#2132);
#2135=CURVE_STYLE('',#21,POSITIVE_LENGTH_MEASURE(2.E-2),#3);
#2136=PRESENTATION_STYLE_ASSIGNMENT((#2135));
#2137=STYLED_ITEM('',(#2136),#2134);
#2138=DIRECTION('',(-1.E0,0.E0,0.E0));
#2139=VECTOR('',#2138,2.E-2);
#2140=CARTESIAN_POINT('',(2.15535E0,2.038833534474E-1,1.373336971140E-1));
#2141=LINE('',#2140,#2139);
#2142=CURVE_STYLE('',#21,POSITIVE_LENGTH_MEASURE(2.E-2),#3);
#2143=PRESENTATION_STYLE_ASSIGNMENT((#2142));
#2144=STYLED_ITEM('',(#2143),#2141);
#2145=DIRECTION('',(-1.E0,0.E0,0.E0));
#2146=VECTOR('',#2145,2.E-2);
#2147=CARTESIAN_POINT('',(2.15535E0,2.101973125570E-1,2.524559094682E-1));
#2148=LINE('',#2147,#2146);
#2149=CURVE_STYLE('',#21,POSITIVE_LENGTH_MEASURE(2.E-2),#3);
#2150=PRESENTATION_STYLE_ASSIGNMENT((#2149));
#2151=STYLED_ITEM('',(#2150),#2148);
#2152=DIRECTION('',(-1.E0,0.E0,0.E0));
#2153=VECTOR('',#2152,2.E-2);
#2154=CARTESIAN_POINT('',(2.15535E0,2.700800146685E-1,2.787967410817E-1));
#2155=LINE('',#2154,#2153);
#2156=CURVE_STYLE('',#21,POSITIVE_LENGTH_MEASURE(2.E-2),#3);
#2157=PRESENTATION_STYLE_ASSIGNMENT((#2156));
#2158=STYLED_ITEM('',(#2157),#2155);
#2159=DIRECTION('',(-1.E0,0.E0,0.E0));
#2160=VECTOR('',#2159,2.E-2);
#2161=CARTESIAN_POINT('',(2.15535E0,3.356527257919E-1,2.589371455330E-1));
#2162=LINE('',#2161,#2160);
#2163=CURVE_STYLE('',#21,POSITIVE_LENGTH_MEASURE(2.E-2),#3);
#2164=PRESENTATION_STYLE_ASSIGNMENT((#2163));
#2165=STYLED_ITEM('',(#2164),#2162);
#2166=DIRECTION('',(-1.E0,0.E0,0.E0));
#2167=VECTOR('',#2166,2.E-2);
#2168=CARTESIAN_POINT('',(2.15535E0,3.578589096749E-1,1.697279471515E-1));
#2169=LINE('',#2168,#2167);
#2170=CURVE_STYLE('',#21,POSITIVE_LENGTH_MEASURE(2.E-2),#3);
#2171=PRESENTATION_STYLE_ASSIGNMENT((#2170));
#2172=STYLED_ITEM('',(#2171),#2169);
#2173=DIRECTION('',(0.E0,-8.912901549843E-2,9.960200894542E-1));
#2174=VECTOR('',#2173,4.416662454605E-2);
#2175=CARTESIAN_POINT('',(2.13535E0,3.617954374386E-1,1.257371018203E-1));
#2176=LINE('',#2175,#2174);
#2177=CURVE_STYLE('',#21,POSITIVE_LENGTH_MEASURE(2.E-2),#3);
#2178=PRESENTATION_STYLE_ASSIGNMENT((#2177));
#2179=STYLED_ITEM('',(#2178),#2176);
#2180=DIRECTION('',(0.E0,8.912901549843E-2,-9.960200894542E-1));
#2181=VECTOR('',#2180,4.416662454605E-2);
#2182=CARTESIAN_POINT('',(2.15535E0,3.578589096749E-1,1.697279471515E-1));
#2183=LINE('',#2182,#2181);
#2184=CURVE_STYLE('',#21,POSITIVE_LENGTH_MEASURE(2.E-2),#3);
#2185=PRESENTATION_STYLE_ASSIGNMENT((#2184));
#2186=STYLED_ITEM('',(#2185),#2183);
#2187=DIRECTION('',(-1.E0,0.E0,0.E0));
#2188=VECTOR('',#2187,2.E-2);
#2189=CARTESIAN_POINT('',(2.15535E0,3.617954374386E-1,1.257371018203E-1));
#2190=LINE('',#2189,#2188);
#2191=CURVE_STYLE('',#21,POSITIVE_LENGTH_MEASURE(2.E-2),#3);
#2192=PRESENTATION_STYLE_ASSIGNMENT((#2191));
#2193=STYLED_ITEM('',(#2192),#2190);
#2194=DIRECTION('',(-1.E0,0.E0,0.E0));
#2195=VECTOR('',#2194,2.E-2);
#2196=CARTESIAN_POINT('',(2.15535E0,3.569466781885E-1,4.614543937049E-3));
#2197=LINE('',#2196,#2195);
#2198=CURVE_STYLE('',#21,POSITIVE_LENGTH_MEASURE(2.E-2),#3);
#2199=PRESENTATION_STYLE_ASSIGNMENT((#2198));
#2200=STYLED_ITEM('',(#2199),#2197);
#2201=DIRECTION('',(-1.E0,0.E0,0.E0));
#2202=VECTOR('',#2201,2.E-2);
#2203=CARTESIAN_POINT('',(2.15535E0,2.903238921407E-1,-2.456464962790E-2));
#2204=LINE('',#2203,#2202);
#2205=CURVE_STYLE('',#21,POSITIVE_LENGTH_MEASURE(2.E-2),#3);
#2206=PRESENTATION_STYLE_ASSIGNMENT((#2205));
#2207=STYLED_ITEM('',(#2206),#2204);
#2208=DIRECTION('',(-1.E0,0.E0,0.E0));
#2209=VECTOR('',#2208,2.E-2);
#2210=CARTESIAN_POINT('',(2.15535E0,2.836020773302E-1,5.055188286622E-2));
#2211=LINE('',#2210,#2209);
#2212=CURVE_STYLE('',#21,POSITIVE_LENGTH_MEASURE(2.E-2),#3);
#2213=PRESENTATION_STYLE_ASSIGNMENT((#2212));
#2214=STYLED_ITEM('',(#2213),#2211);
#2215=DIRECTION('',(-1.E0,0.E0,0.E0));
#2216=VECTOR('',#2215,2.E-2);
#2217=CARTESIAN_POINT('',(2.15535E0,3.055912538358E-1,8.054844523419E-2));
#2218=LINE('',#2217,#2216);
#2219=CURVE_STYLE('',#21,POSITIVE_LENGTH_MEASURE(2.E-2),#3);
#2220=PRESENTATION_STYLE_ASSIGNMENT((#2219));
#2221=STYLED_ITEM('',(#2220),#2218);
#2222=DIRECTION('',(-1.E0,0.E0,0.E0));
#2223=VECTOR('',#2222,2.E-2);
#2224=CARTESIAN_POINT('',(2.15535E0,3.023113577801E-1,1.430040437892E-1));
#2225=LINE('',#2224,#2223);
#2226=CURVE_STYLE('',#21,POSITIVE_LENGTH_MEASURE(2.E-2),#3);
#2227=PRESENTATION_STYLE_ASSIGNMENT((#2226));
#2228=STYLED_ITEM('',(#2227),#2225);
#2229=DIRECTION('',(-1.E0,0.E0,0.E0));
#2230=VECTOR('',#2229,2.E-2);
#2231=CARTESIAN_POINT('',(2.15535E0,3.010115582208E-1,1.575293525917E-1));
#2232=LINE('',#2231,#2230);
#2233=CURVE_STYLE('',#21,POSITIVE_LENGTH_MEASURE(2.E-2),#3);
#2234=PRESENTATION_STYLE_ASSIGNMENT((#2233));
#2235=STYLED_ITEM('',(#2234),#2232);
#2236=DIRECTION('',(-1.E0,0.E0,0.E0));
#2237=VECTOR('',#2236,2.E-2);
#2238=CARTESIAN_POINT('',(2.15535E0,2.928400745259E-1,1.964974977191E-1));
#2239=LINE('',#2238,#2237);
#2240=CURVE_STYLE('',#21,POSITIVE_LENGTH_MEASURE(2.E-2),#3);
#2241=PRESENTATION_STYLE_ASSIGNMENT((#2240));
#2242=STYLED_ITEM('',(#2241),#2239);
#2243=DIRECTION('',(-1.E0,0.E0,0.E0));
#2244=VECTOR('',#2243,2.E-2);
#2245=CARTESIAN_POINT('',(2.15535E0,2.743117816301E-1,2.034573862613E-1));
#2246=LINE('',#2245,#2244);
#2247=CURVE_STYLE('',#21,POSITIVE_LENGTH_MEASURE(2.E-2),#3);
#2248=PRESENTATION_STYLE_ASSIGNMENT((#2247));
#2249=STYLED_ITEM('',(#2248),#2246);
#2250=DIRECTION('',(-1.E0,0.E0,0.E0));
#2251=VECTOR('',#2250,2.E-2);
#2252=CARTESIAN_POINT('',(2.15535E0,2.609256555537E-1,1.941020617014E-1));
#2253=LINE('',#2252,#2251);
#2254=CURVE_STYLE('',#21,POSITIVE_LENGTH_MEASURE(2.E-2),#3);
#2255=PRESENTATION_STYLE_ASSIGNMENT((#2254));
#2256=STYLED_ITEM('',(#2255),#2253);
#2257=DIRECTION('',(-1.E0,0.E0,0.E0));
#2258=VECTOR('',#2257,2.E-2);
#2259=CARTESIAN_POINT('',(2.15535E0,2.610890598500E-1,1.361777610425E-1));
#2260=LINE('',#2259,#2258);
#2261=CURVE_STYLE('',#21,POSITIVE_LENGTH_MEASURE(2.E-2),#3);
#2262=PRESENTATION_STYLE_ASSIGNMENT((#2261));
#2263=STYLED_ITEM('',(#2262),#2260);
#2264=DIRECTION('',(-1.E0,0.E0,0.E0));
#2265=VECTOR('',#2264,2.E-2);
#2266=CARTESIAN_POINT('',(2.15535E0,2.654340978681E-1,8.762179830451E-2));
#2267=LINE('',#2266,#2265);
#2268=CURVE_STYLE('',#21,POSITIVE_LENGTH_MEASURE(2.E-2),#3);
#2269=PRESENTATION_STYLE_ASSIGNMENT((#2268));
#2270=STYLED_ITEM('',(#2269),#2267);
#2271=DIRECTION('',(-1.E0,0.E0,0.E0));
#2272=VECTOR('',#2271,2.E-2);
#2273=CARTESIAN_POINT('',(2.15535E0,2.554236233053E-1,-1.810302382742E-2));
#2274=LINE('',#2273,#2272);
#2275=CURVE_STYLE('',#21,POSITIVE_LENGTH_MEASURE(2.E-2),#3);
#2276=PRESENTATION_STYLE_ASSIGNMENT((#2275));
#2277=STYLED_ITEM('',(#2276),#2274);
#2278=DIRECTION('',(-1.E0,0.E0,0.E0));
#2279=VECTOR('',#2278,2.E-2);
#2280=CARTESIAN_POINT('',(2.15535E0,1.937504155203E-1,-3.927232977738E-2));
#2281=LINE('',#2280,#2279);
#2282=CURVE_STYLE('',#21,POSITIVE_LENGTH_MEASURE(2.E-2),#3);
#2283=PRESENTATION_STYLE_ASSIGNMENT((#2282));
#2284=STYLED_ITEM('',(#2283),#2281);
#2285=DIRECTION('',(-1.E0,0.E0,0.E0));
#2286=VECTOR('',#2285,2.E-2);
#2287=CARTESIAN_POINT('',(2.15535E0,1.382674270948E-1,-2.640088330828E-2));
#2288=LINE('',#2287,#2286);
#2289=CURVE_STYLE('',#21,POSITIVE_LENGTH_MEASURE(2.E-2),#3);
#2290=PRESENTATION_STYLE_ASSIGNMENT((#2289));
#2291=STYLED_ITEM('',(#2290),#2288);
#2292=DIRECTION('',(-1.E0,0.E0,0.E0));
#2293=VECTOR('',#2292,2.E-2);
#2294=CARTESIAN_POINT('',(2.15535E0,1.080823334999E-1,9.529437262259E-2));
#2295=LINE('',#2294,#2293);
#2296=CURVE_STYLE('',#21,POSITIVE_LENGTH_MEASURE(2.E-2),#3);
#2297=PRESENTATION_STYLE_ASSIGNMENT((#2296));
#2298=STYLED_ITEM('',(#2297),#2295);
#2299=DIRECTION('',(-1.E0,0.E0,0.E0));
#2300=VECTOR('',#2299,2.E-2);
#2301=CARTESIAN_POINT('',(2.15535E0,1.066966833215E-1,2.332620367620E-1));
#2302=LINE('',#2301,#2300);
#2303=CURVE_STYLE('',#21,POSITIVE_LENGTH_MEASURE(2.E-2),#3);
#2304=PRESENTATION_STYLE_ASSIGNMENT((#2303));
#2305=STYLED_ITEM('',(#2304),#2302);
#2306=DIRECTION('',(-1.E0,0.E0,0.E0));
#2307=VECTOR('',#2306,2.E-2);
#2308=CARTESIAN_POINT('',(2.15535E0,3.907854333511E-1,-5.571136211728E-2));
#2309=LINE('',#2308,#2307);
#2310=CURVE_STYLE('',#21,POSITIVE_LENGTH_MEASURE(2.E-2),#3);
#2311=PRESENTATION_STYLE_ASSIGNMENT((#2310));
#2312=STYLED_ITEM('',(#2311),#2309);
#2313=DIRECTION('',(-1.E0,0.E0,0.E0));
#2314=VECTOR('',#2313,2.E-2);
#2315=CARTESIAN_POINT('',(2.15535E0,6.025385726076E-1,-2.634894362381E-1));
#2316=LINE('',#2315,#2314);
#2317=CURVE_STYLE('',#21,POSITIVE_LENGTH_MEASURE(2.E-2),#3);
#2318=PRESENTATION_STYLE_ASSIGNMENT((#2317));
#2319=STYLED_ITEM('',(#2318),#2316);
#2320=DIRECTION('',(-1.E0,0.E0,0.E0));
#2321=VECTOR('',#2320,2.E-2);
#2322=CARTESIAN_POINT('',(2.15535E0,5.574519013632E-1,-3.094386742173E-1));
#2323=LINE('',#2322,#2321);
#2324=CURVE_STYLE('',#21,POSITIVE_LENGTH_MEASURE(2.E-2),#3);
#2325=PRESENTATION_STYLE_ASSIGNMENT((#2324));
#2326=STYLED_ITEM('',(#2325),#2323);
#2327=DIRECTION('',(-1.E0,0.E0,0.E0));
#2328=VECTOR('',#2327,2.E-2);
#2329=CARTESIAN_POINT('',(2.15535E0,4.789366862110E-1,-2.323973597378E-1));
#2330=LINE('',#2329,#2328);
#2331=CURVE_STYLE('',#21,POSITIVE_LENGTH_MEASURE(2.E-2),#3);
#2332=PRESENTATION_STYLE_ASSIGNMENT((#2331));
#2333=STYLED_ITEM('',(#2332),#2330);
#2334=DIRECTION('',(-1.E0,0.E0,0.E0));
#2335=VECTOR('',#2334,2.E-2);
#2336=CARTESIAN_POINT('',(2.15535E0,3.489294836814E-1,-3.648917693529E-1));
#2337=LINE('',#2336,#2335);
#2338=CURVE_STYLE('',#21,POSITIVE_LENGTH_MEASURE(2.E-2),#3);
#2339=PRESENTATION_STYLE_ASSIGNMENT((#2338));
#2340=STYLED_ITEM('',(#2339),#2337);
#2341=DIRECTION('',(-1.E0,0.E0,0.E0));
#2342=VECTOR('',#2341,2.E-2);
#2343=CARTESIAN_POINT('',(2.15535E0,2.942067321849E-1,-3.111962824456E-1));
#2344=LINE('',#2343,#2342);
#2345=CURVE_STYLE('',#21,POSITIVE_LENGTH_MEASURE(2.E-2),#3);
#2346=PRESENTATION_STYLE_ASSIGNMENT((#2345));
#2347=STYLED_ITEM('',(#2346),#2344);
#2348=DIRECTION('',(-1.E0,0.E0,0.E0));
#2349=VECTOR('',#2348,2.E-2);
#2350=CARTESIAN_POINT('',(2.15535E0,4.242139347145E-1,-1.787018728304E-1));
#2351=LINE('',#2350,#2349);
#2352=CURVE_STYLE('',#21,POSITIVE_LENGTH_MEASURE(2.E-2),#3);
#2353=PRESENTATION_STYLE_ASSIGNMENT((#2352));
#2354=STYLED_ITEM('',(#2353),#2351);
#2355=DIRECTION('',(-1.E0,0.E0,0.E0));
#2356=VECTOR('',#2355,2.E-2);
#2357=CARTESIAN_POINT('',(2.15535E0,3.456987621066E-1,-1.016606000965E-1));
#2358=LINE('',#2357,#2356);
#2359=CURVE_STYLE('',#21,POSITIVE_LENGTH_MEASURE(2.E-2),#3);
#2360=PRESENTATION_STYLE_ASSIGNMENT((#2359));
#2361=STYLED_ITEM('',(#2360),#2358);
#2362=DIRECTION('',(0.E0,0.E0,-1.E0));
#2363=VECTOR('',#2362,1.120737037059E-2);
#2364=CARTESIAN_POINT('',(2.0616E0,3.9E-1,-5.479692795577E-1));
#2365=LINE('',#2364,#2363);
#2366=CURVE_STYLE('',#21,POSITIVE_LENGTH_MEASURE(2.E-2),#3);
#2367=PRESENTATION_STYLE_ASSIGNMENT((#2366));
#2368=STYLED_ITEM('',(#2367),#2365);
#2369=CARTESIAN_POINT('',(2.0616E0,8.24E-1,1.74E-1));
#2370=DIRECTION('',(1.E0,0.E0,0.E0));
#2371=DIRECTION('',(0.E0,-5.328638497655E-1,-8.462009912622E-1));
#2372=AXIS2_PLACEMENT_3D('',#2369,#2370,#2371);
#2374=CURVE_STYLE('',#21,POSITIVE_LENGTH_MEASURE(2.E-2),#3);
#2375=PRESENTATION_STYLE_ASSIGNMENT((#2374));
#2376=STYLED_ITEM('',(#2375),#2373);
#2377=DIRECTION('',(0.E0,-1.460787498077E-14,1.E0));
#2378=VECTOR('',#2377,1.140025184450E-2);
#2379=CARTESIAN_POINT('',(2.0616E0,3.699999999998E-1,-5.469632445554E-1));
#2380=LINE('',#2379,#2378);
#2381=CURVE_STYLE('',#21,POSITIVE_LENGTH_MEASURE(2.E-2),#3);
#2382=PRESENTATION_STYLE_ASSIGNMENT((#2381));
#2383=STYLED_ITEM('',(#2382),#2380);
#2384=CARTESIAN_POINT('',(2.0616E0,8.24E-1,1.74E-1));
#2385=DIRECTION('',(1.E0,0.E0,0.E0));
#2386=DIRECTION('',(0.E0,-5.389523668203E-1,-8.423362430163E-1));
#2387=AXIS2_PLACEMENT_3D('',#2384,#2385,#2386);
#2389=CURVE_STYLE('',#21,POSITIVE_LENGTH_MEASURE(2.E-2),#3);
#2390=PRESENTATION_STYLE_ASSIGNMENT((#2389));
#2391=STYLED_ITEM('',(#2390),#2388);
#2392=DIRECTION('',(-1.E0,0.E0,0.E0));
#2393=VECTOR('',#2392,1.5E-2);
#2394=CARTESIAN_POINT('',(2.0616E0,3.9E-1,-5.479692795577E-1));
#2395=LINE('',#2394,#2393);
#2396=CURVE_STYLE('',#21,POSITIVE_LENGTH_MEASURE(2.E-2),#3);
#2397=PRESENTATION_STYLE_ASSIGNMENT((#2396));
#2398=STYLED_ITEM('',(#2397),#2395);
#2399=DIRECTION('',(0.E0,0.E0,-1.E0));
#2400=VECTOR('',#2399,1.120737037059E-2);
#2401=CARTESIAN_POINT('',(2.0466E0,3.9E-1,-5.479692795577E-1));
#2402=LINE('',#2401,#2400);
#2403=CURVE_STYLE('',#21,POSITIVE_LENGTH_MEASURE(2.E-2),#3);
#2404=PRESENTATION_STYLE_ASSIGNMENT((#2403));
#2405=STYLED_ITEM('',(#2404),#2402);
#2406=CARTESIAN_POINT('',(2.0466E0,8.24E-1,1.74E-1));
#2407=DIRECTION('',(1.E0,0.E0,0.E0));
#2408=DIRECTION('',(0.E0,-3.403921568627E-1,-9.402835633714E-1));
#2409=AXIS2_PLACEMENT_3D('',#2406,#2407,#2408);
#2411=CURVE_STYLE('',#21,POSITIVE_LENGTH_MEASURE(2.E-2),#3);
#2412=PRESENTATION_STYLE_ASSIGNMENT((#2411));
#2413=STYLED_ITEM('',(#2412),#2410);
#2414=CARTESIAN_POINT('',(1.9013E0,8.24E-1,1.74E-1));
#2415=DIRECTION('',(-1.E0,0.E0,0.E0));
#2416=DIRECTION('',(0.E0,3.788235294118E-1,-9.254689263093E-1));
#2417=AXIS2_PLACEMENT_3D('',#2414,#2415,#2416);
#2419=CURVE_STYLE('',#21,POSITIVE_LENGTH_MEASURE(2.E-2),#3);
#2420=PRESENTATION_STYLE_ASSIGNMENT((#2419));
#2421=STYLED_ITEM('',(#2420),#2418);
#2422=DIRECTION('',(1.E0,0.E0,0.E0));
#2423=VECTOR('',#2422,1.453E-1);
#2424=CARTESIAN_POINT('',(1.9013E0,3.9E-1,-1.024861543298E0));
#2425=LINE('',#2424,#2423);
#2426=CURVE_STYLE('',#21,POSITIVE_LENGTH_MEASURE(2.E-2),#3);
#2427=PRESENTATION_STYLE_ASSIGNMENT((#2426));
#2428=STYLED_ITEM('',(#2427),#2425);
#2429=DIRECTION('',(0.E0,0.E0,1.E0));
#2430=VECTOR('',#2429,4.898231577052E-1);
#2431=CARTESIAN_POINT('',(2.0466E0,1.307E0,-1.005972881044E0));
#2432=LINE('',#2431,#2430);
#2433=CURVE_STYLE('',#21,POSITIVE_LENGTH_MEASURE(2.E-2),#3);
#2434=PRESENTATION_STYLE_ASSIGNMENT((#2433));
#2435=STYLED_ITEM('',(#2434),#2432);
#2436=DIRECTION('',(0.E0,0.E0,-1.E0));
#2437=VECTOR('',#2436,4.898231577052E-1);
#2438=CARTESIAN_POINT('',(1.9013E0,1.307E0,-5.161497233391E-1));
#2439=LINE('',#2438,#2437);
#2440=CURVE_STYLE('',#21,POSITIVE_LENGTH_MEASURE(2.E-2),#3);
#2441=PRESENTATION_STYLE_ASSIGNMENT((#2440));
#2442=STYLED_ITEM('',(#2441),#2439);
#2443=DIRECTION('',(1.E0,0.E0,0.E0));
#2444=VECTOR('',#2443,1.453E-1);
#2445=CARTESIAN_POINT('',(1.9013E0,1.307E0,-1.005972881044E0));
#2446=LINE('',#2445,#2444);
#2447=CURVE_STYLE('',#21,POSITIVE_LENGTH_MEASURE(2.E-2),#3);
#2448=PRESENTATION_STYLE_ASSIGNMENT((#2447));
#2449=STYLED_ITEM('',(#2448),#2446);
#2450=DIRECTION('',(0.E0,0.E0,-1.E0));
#2451=VECTOR('',#2450,1.188684828516E-1);
#2452=CARTESIAN_POINT('',(1.9013E0,1.311702692599E0,-3.939660854809E-1));
#2453=LINE('',#2452,#2451);
#2454=CURVE_STYLE('',#21,POSITIVE_LENGTH_MEASURE(2.E-2),#3);
#2455=PRESENTATION_STYLE_ASSIGNMENT((#2454));
#2456=STYLED_ITEM('',(#2455),#2453);
#2457=DIRECTION('',(0.E0,0.E0,1.E0));
#2458=VECTOR('',#2457,1.231902643220E-1);
#2459=CARTESIAN_POINT('',(1.9013E0,3.9E-1,-5.591766499282E-1));
#2460=LINE('',#2459,#2458);
#2461=CURVE_STYLE('',#21,POSITIVE_LENGTH_MEASURE(2.E-2),#3);
#2462=PRESENTATION_STYLE_ASSIGNMENT((#2461));
#2463=STYLED_ITEM('',(#2462),#2460);
#2464=CARTESIAN_POINT('',(1.9013E0,8.24E-1,-8.846875E-1));
#2465=DIRECTION('',(1.E0,0.E0,0.E0));
#2466=DIRECTION('',(0.E0,0.E0,-1.E0));
#2467=AXIS2_PLACEMENT_3D('',#2464,#2465,#2466);
#2469=CURVE_STYLE('',#21,POSITIVE_LENGTH_MEASURE(2.E-2),#3);
#2470=PRESENTATION_STYLE_ASSIGNMENT((#2469));
#2471=STYLED_ITEM('',(#2470),#2468);
#2472=CARTESIAN_POINT('',(1.9013E0,8.24E-1,-8.846875E-1));
#2473=DIRECTION('',(1.E0,0.E0,0.E0));
#2474=DIRECTION('',(0.E0,0.E0,1.E0));
#2475=AXIS2_PLACEMENT_3D('',#2472,#2473,#2474);
#2477=CURVE_STYLE('',#21,POSITIVE_LENGTH_MEASURE(2.E-2),#3);
#2478=PRESENTATION_STYLE_ASSIGNMENT((#2477));
#2479=STYLED_ITEM('',(#2478),#2476);
#2480=CARTESIAN_POINT('',(1.9013E0,5.144697308563E-1,-8.384278913286E-1));
#2481=DIRECTION('',(1.E0,0.E0,0.E0));
#2482=DIRECTION('',(0.E0,0.E0,-1.E0));
#2483=AXIS2_PLACEMENT_3D('',#2480,#2481,#2482);
#2485=CURVE_STYLE('',#21,POSITIVE_LENGTH_MEASURE(2.E-2),#3);
#2486=PRESENTATION_STYLE_ASSIGNMENT((#2485));
#2487=STYLED_ITEM('',(#2486),#2484);
#2488=CARTESIAN_POINT('',(1.9013E0,5.144697308563E-1,-8.384278913286E-1));
#2489=DIRECTION('',(1.E0,0.E0,0.E0));
#2490=DIRECTION('',(0.E0,0.E0,1.E0));
#2491=AXIS2_PLACEMENT_3D('',#2488,#2489,#2490);
#2493=CURVE_STYLE('',#21,POSITIVE_LENGTH_MEASURE(2.E-2),#3);
#2494=PRESENTATION_STYLE_ASSIGNMENT((#2493));
#2495=STYLED_ITEM('',(#2494),#2492);
#2496=CARTESIAN_POINT('',(1.9013E0,1.133530269144E0,-8.384278913286E-1));
#2497=DIRECTION('',(1.E0,0.E0,0.E0));
#2498=DIRECTION('',(0.E0,0.E0,-1.E0));
#2499=AXIS2_PLACEMENT_3D('',#2496,#2497,#2498);
#2501=CURVE_STYLE('',#21,POSITIVE_LENGTH_MEASURE(2.E-2),#3);
#2502=PRESENTATION_STYLE_ASSIGNMENT((#2501));
#2503=STYLED_ITEM('',(#2502),#2500);
#2504=CARTESIAN_POINT('',(1.9013E0,1.133530269144E0,-8.384278913286E-1));
#2505=DIRECTION('',(1.E0,0.E0,0.E0));
#2506=DIRECTION('',(0.E0,0.E0,1.E0));
#2507=AXIS2_PLACEMENT_3D('',#2504,#2505,#2506);
#2509=CURVE_STYLE('',#21,POSITIVE_LENGTH_MEASURE(2.E-2),#3);
#2510=PRESENTATION_STYLE_ASSIGNMENT((#2509));
#2511=STYLED_ITEM('',(#2510),#2508);
#2512=DIRECTION('',(0.E0,0.E0,-1.E0));
#2513=VECTOR('',#2512,2.468147103816E-2);
#2514=CARTESIAN_POINT('',(1.0933E0,1.311702692599E0,-4.881530972944E-1));
#2515=LINE('',#2514,#2513);
#2516=CURVE_STYLE('',#21,POSITIVE_LENGTH_MEASURE(2.E-2),#3);
#2517=PRESENTATION_STYLE_ASSIGNMENT((#2516));
#2518=STYLED_ITEM('',(#2517),#2515);
#2519=DIRECTION('',(-1.E0,0.E0,0.E0));
#2520=VECTOR('',#2519,1.25E-1);
#2521=CARTESIAN_POINT('',(1.0933E0,1.311702692599E0,-4.881530972944E-1));
#2522=LINE('',#2521,#2520);
#2523=CURVE_STYLE('',#21,POSITIVE_LENGTH_MEASURE(2.E-2),#3);
#2524=PRESENTATION_STYLE_ASSIGNMENT((#2523));
#2525=STYLED_ITEM('',(#2524),#2522);
#2526=DIRECTION('',(0.E0,0.E0,-1.E0));
#2527=VECTOR('',#2526,2.468147103816E-2);
#2528=CARTESIAN_POINT('',(9.683E-1,1.311702692599E0,-4.881530972944E-1));
#2529=LINE('',#2528,#2527);
#2530=CURVE_STYLE('',#21,POSITIVE_LENGTH_MEASURE(2.E-2),#3);
#2531=PRESENTATION_STYLE_ASSIGNMENT((#2530));
#2532=STYLED_ITEM('',(#2531),#2529);
#2533=CARTESIAN_POINT('',(1.0933E0,8.24E-1,1.74E-1));
#2534=DIRECTION('',(1.E0,0.E0,0.E0));
#2535=DIRECTION('',(0.E0,5.930417298667E-1,-8.051717249362E-1));
#2536=AXIS2_PLACEMENT_3D('',#2533,#2534,#2535);
#2538=CURVE_STYLE('',#21,POSITIVE_LENGTH_MEASURE(2.E-2),#3);
#2539=PRESENTATION_STYLE_ASSIGNMENT((#2538));
#2540=STYLED_ITEM('',(#2539),#2537);
#2541=CARTESIAN_POINT('',(9.683E-1,8.24E-1,1.74E-1));
#2542=DIRECTION('',(-1.E0,0.E0,0.E0));
#2543=DIRECTION('',(0.E0,-5.749112284020E-2,9.983460175683E-1));
#2544=AXIS2_PLACEMENT_3D('',#2541,#2542,#2543);
#2546=CURVE_STYLE('',#21,POSITIVE_LENGTH_MEASURE(2.E-2),#3);
#2547=PRESENTATION_STYLE_ASSIGNMENT((#2546));
#2548=STYLED_ITEM('',(#2547),#2545);
#2549=CARTESIAN_POINT('',(9.683E-1,8.24E-1,1.74E-1));
#2550=DIRECTION('',(-1.E0,0.E0,0.E0));
#2551=DIRECTION('',(0.E0,-5.277397780818E-1,-8.494061023034E-1));
#2552=AXIS2_PLACEMENT_3D('',#2549,#2550,#2551);
#2554=CURVE_STYLE('',#21,POSITIVE_LENGTH_MEASURE(2.E-2),#3);
#2555=PRESENTATION_STYLE_ASSIGNMENT((#2554));
#2556=STYLED_ITEM('',(#2555),#2553);
#2557=CARTESIAN_POINT('',(1.0933E0,8.24E-1,1.74E-1));
#2558=DIRECTION('',(1.E0,0.E0,0.E0));
#2559=DIRECTION('',(0.E0,-9.862231994307E-1,1.654200740681E-1));
#2560=AXIS2_PLACEMENT_3D('',#2557,#2558,#2559);
#2562=CURVE_STYLE('',#21,POSITIVE_LENGTH_MEASURE(2.E-2),#3);
#2563=PRESENTATION_STYLE_ASSIGNMENT((#2562));
#2564=STYLED_ITEM('',(#2563),#2561);
#2565=CARTESIAN_POINT('',(9.683E-1,8.24E-1,1.74E-1));
#2566=DIRECTION('',(-1.E0,0.E0,0.E0));
#2567=DIRECTION('',(0.E0,-5.152099718059E-1,-8.570639911650E-1));
#2568=AXIS2_PLACEMENT_3D('',#2565,#2566,#2567);
#2570=CURVE_STYLE('',#21,POSITIVE_LENGTH_MEASURE(2.E-2),#3);
#2571=PRESENTATION_STYLE_ASSIGNMENT((#2570));
#2572=STYLED_ITEM('',(#2571),#2569);
#2573=DIRECTION('',(-1.E0,0.E0,0.E0));
#2574=VECTOR('',#2573,1.25E-1);
#2575=CARTESIAN_POINT('',(1.0933E0,3.699999999998E-1,-5.355629927109E-1));
#2576=LINE('',#2575,#2574);
#2577=CURVE_STYLE('',#21,POSITIVE_LENGTH_MEASURE(2.E-2),#3);
#2578=PRESENTATION_STYLE_ASSIGNMENT((#2577));
#2579=STYLED_ITEM('',(#2578),#2576);
#2580=DIRECTION('',(1.E0,0.E0,0.E0));
#2581=VECTOR('',#2580,1.5E-2);
#2582=CARTESIAN_POINT('',(2.0466E0,3.9E-1,-5.591766499282E-1));
#2583=LINE('',#2582,#2581);
#2584=CURVE_STYLE('',#21,POSITIVE_LENGTH_MEASURE(2.E-2),#3);
#2585=PRESENTATION_STYLE_ASSIGNMENT((#2584));
#2586=STYLED_ITEM('',(#2585),#2583);
#2587=DIRECTION('',(1.E0,0.E0,0.E0));
#2588=VECTOR('',#2587,2.005E-2);
#2589=CARTESIAN_POINT('',(0.E0,3.9E-1,-5.591766499282E-1));
#2590=LINE('',#2589,#2588);
#2591=CURVE_STYLE('',#21,POSITIVE_LENGTH_MEASURE(2.E-2),#3);
#2592=PRESENTATION_STYLE_ASSIGNMENT((#2591));
#2593=STYLED_ITEM('',(#2592),#2590);
#2594=DIRECTION('',(1.E0,0.E0,0.E0));
#2595=VECTOR('',#2594,2.0616E0);
#2596=CARTESIAN_POINT('',(0.E0,3.699999999998E-1,-5.469632445554E-1));
#2597=LINE('',#2596,#2595);
#2598=CURVE_STYLE('',#21,POSITIVE_LENGTH_MEASURE(2.E-2),#3);
#2599=PRESENTATION_STYLE_ASSIGNMENT((#2598));
#2600=STYLED_ITEM('',(#2599),#2597);
#2601=DIRECTION('',(0.E0,0.E0,-1.E0));
#2602=VECTOR('',#2601,4.656848933702E-1);
#2603=CARTESIAN_POINT('',(2.0466E0,3.9E-1,-5.591766499282E-1));
#2604=LINE('',#2603,#2602);
#2605=CURVE_STYLE('',#21,POSITIVE_LENGTH_MEASURE(2.E-2),#3);
#2606=PRESENTATION_STYLE_ASSIGNMENT((#2605));
#2607=STYLED_ITEM('',(#2606),#2604);
#2608=DIRECTION('',(0.E0,0.E0,-1.E0));
#2609=VECTOR('',#2608,4.656848933702E-1);
#2610=CARTESIAN_POINT('',(1.9013E0,3.9E-1,-5.591766499282E-1));
#2611=LINE('',#2610,#2609);
#2612=CURVE_STYLE('',#21,POSITIVE_LENGTH_MEASURE(2.E-2),#3);
#2613=PRESENTATION_STYLE_ASSIGNMENT((#2612));
#2614=STYLED_ITEM('',(#2613),#2611);
#2615=DIRECTION('',(1.E0,0.E0,0.E0));
#2616=VECTOR('',#2615,1.453E-1);
#2617=CARTESIAN_POINT('',(1.9013E0,3.9E-1,-5.591766499282E-1));
#2618=LINE('',#2617,#2616);
#2619=CURVE_STYLE('',#21,POSITIVE_LENGTH_MEASURE(2.E-2),#3);
#2620=PRESENTATION_STYLE_ASSIGNMENT((#2619));
#2621=STYLED_ITEM('',(#2620),#2618);
#2622=CARTESIAN_POINT('',(2.0466E0,8.24E-1,-8.846875E-1));
#2623=DIRECTION('',(1.E0,0.E0,0.E0));
#2624=DIRECTION('',(0.E0,0.E0,-1.E0));
#2625=AXIS2_PLACEMENT_3D('',#2622,#2623,#2624);
#2627=CURVE_STYLE('',#21,POSITIVE_LENGTH_MEASURE(2.E-2),#3);
#2628=PRESENTATION_STYLE_ASSIGNMENT((#2627));
#2629=STYLED_ITEM('',(#2628),#2626);
#2630=DIRECTION('',(-1.E0,0.E0,0.E0));
#2631=VECTOR('',#2630,1.453E-1);
#2632=CARTESIAN_POINT('',(2.0466E0,8.24E-1,-9.517425E-1));
#2633=LINE('',#2632,#2631);
#2634=CURVE_STYLE('',#21,POSITIVE_LENGTH_MEASURE(2.E-2),#3);
#2635=PRESENTATION_STYLE_ASSIGNMENT((#2634));
#2636=STYLED_ITEM('',(#2635),#2633);
#2637=CARTESIAN_POINT('',(2.0466E0,8.24E-1,-8.846875E-1));
#2638=DIRECTION('',(1.E0,0.E0,0.E0));
#2639=DIRECTION('',(0.E0,0.E0,1.E0));
#2640=AXIS2_PLACEMENT_3D('',#2637,#2638,#2639);
#2642=CURVE_STYLE('',#21,POSITIVE_LENGTH_MEASURE(2.E-2),#3);
#2643=PRESENTATION_STYLE_ASSIGNMENT((#2642));
#2644=STYLED_ITEM('',(#2643),#2641);
#2645=DIRECTION('',(-1.E0,0.E0,0.E0));
#2646=VECTOR('',#2645,1.453E-1);
#2647=CARTESIAN_POINT('',(2.0466E0,8.24E-1,-8.176325E-1));
#2648=LINE('',#2647,#2646);
#2649=CURVE_STYLE('',#21,POSITIVE_LENGTH_MEASURE(2.E-2),#3);
#2650=PRESENTATION_STYLE_ASSIGNMENT((#2649));
#2651=STYLED_ITEM('',(#2650),#2648);
#2652=CARTESIAN_POINT('',(2.0466E0,5.144697308563E-1,-8.384278913286E-1));
#2653=DIRECTION('',(1.E0,0.E0,0.E0));
#2654=DIRECTION('',(0.E0,0.E0,-1.E0));
#2655=AXIS2_PLACEMENT_3D('',#2652,#2653,#2654);
#2657=CURVE_STYLE('',#21,POSITIVE_LENGTH_MEASURE(2.E-2),#3);
#2658=PRESENTATION_STYLE_ASSIGNMENT((#2657));
#2659=STYLED_ITEM('',(#2658),#2656);
#2660=DIRECTION('',(-1.E0,0.E0,0.E0));
#2661=VECTOR('',#2660,1.453E-1);
#2662=CARTESIAN_POINT('',(2.0466E0,5.144697308563E-1,-9.054828913286E-1));
#2663=LINE('',#2662,#2661);
#2664=CURVE_STYLE('',#21,POSITIVE_LENGTH_MEASURE(2.E-2),#3);
#2665=PRESENTATION_STYLE_ASSIGNMENT((#2664));
#2666=STYLED_ITEM('',(#2665),#2663);
#2667=CARTESIAN_POINT('',(2.0466E0,5.144697308563E-1,-8.384278913286E-1));
#2668=DIRECTION('',(1.E0,0.E0,0.E0));
#2669=DIRECTION('',(0.E0,0.E0,1.E0));
#2670=AXIS2_PLACEMENT_3D('',#2667,#2668,#2669);
#2672=CURVE_STYLE('',#21,POSITIVE_LENGTH_MEASURE(2.E-2),#3);
#2673=PRESENTATION_STYLE_ASSIGNMENT((#2672));
#2674=STYLED_ITEM('',(#2673),#2671);
#2675=DIRECTION('',(-1.E0,0.E0,0.E0));
#2676=VECTOR('',#2675,1.453E-1);
#2677=CARTESIAN_POINT('',(2.0466E0,5.144697308563E-1,-7.713728913286E-1));
#2678=LINE('',#2677,#2676);
#2679=CURVE_STYLE('',#21,POSITIVE_LENGTH_MEASURE(2.E-2),#3);
#2680=PRESENTATION_STYLE_ASSIGNMENT((#2679));
#2681=STYLED_ITEM('',(#2680),#2678);
#2682=CARTESIAN_POINT('',(2.0466E0,1.133530269144E0,-8.384278913286E-1));
#2683=DIRECTION('',(1.E0,0.E0,0.E0));
#2684=DIRECTION('',(0.E0,0.E0,-1.E0));
#2685=AXIS2_PLACEMENT_3D('',#2682,#2683,#2684);
#2687=CURVE_STYLE('',#21,POSITIVE_LENGTH_MEASURE(2.E-2),#3);
#2688=PRESENTATION_STYLE_ASSIGNMENT((#2687));
#2689=STYLED_ITEM('',(#2688),#2686);
#2690=DIRECTION('',(-1.E0,0.E0,0.E0));
#2691=VECTOR('',#2690,1.453E-1);
#2692=CARTESIAN_POINT('',(2.0466E0,1.133530269144E0,-9.054828913286E-1));
#2693=LINE('',#2692,#2691);
#2694=CURVE_STYLE('',#21,POSITIVE_LENGTH_MEASURE(2.E-2),#3);
#2695=PRESENTATION_STYLE_ASSIGNMENT((#2694));
#2696=STYLED_ITEM('',(#2695),#2693);
#2697=CARTESIAN_POINT('',(2.0466E0,1.133530269144E0,-8.384278913286E-1));
#2698=DIRECTION('',(1.E0,0.E0,0.E0));
#2699=DIRECTION('',(0.E0,0.E0,1.E0));
#2700=AXIS2_PLACEMENT_3D('',#2697,#2698,#2699);
#2702=CURVE_STYLE('',#21,POSITIVE_LENGTH_MEASURE(2.E-2),#3);
#2703=PRESENTATION_STYLE_ASSIGNMENT((#2702));
#2704=STYLED_ITEM('',(#2703),#2701);
#2705=DIRECTION('',(-1.E0,0.E0,0.E0));
#2706=VECTOR('',#2705,1.453E-1);
#2707=CARTESIAN_POINT('',(2.0466E0,1.133530269144E0,-7.713728913286E-1));
#2708=LINE('',#2707,#2706);
#2709=CURVE_STYLE('',#21,POSITIVE_LENGTH_MEASURE(2.E-2),#3);
#2710=PRESENTATION_STYLE_ASSIGNMENT((#2709));
#2711=STYLED_ITEM('',(#2710),#2708);
#2712=DIRECTION('',(0.E0,0.E0,-1.E0));
#2713=VECTOR('',#2712,1.565529962682E-1);
#2714=CARTESIAN_POINT('',(1.412460895531E0,1.9E-1,-2.240997244724E-1));
#2715=LINE('',#2714,#2713);
#2716=CURVE_STYLE('',#21,POSITIVE_LENGTH_MEASURE(2.E-2),#3);
#2717=PRESENTATION_STYLE_ASSIGNMENT((#2716));
#2718=STYLED_ITEM('',(#2717),#2715);
#2719=DIRECTION('',(0.E0,0.E0,1.E0));
#2720=VECTOR('',#2719,1.192103706305E-1);
#2721=CARTESIAN_POINT('',(1.412460895531E0,1.507E0,-3.190584555862E-1));
#2722=LINE('',#2721,#2720);
#2723=CURVE_STYLE('',#21,POSITIVE_LENGTH_MEASURE(2.E-2),#3);
#2724=PRESENTATION_STYLE_ASSIGNMENT((#2723));
#2725=STYLED_ITEM('',(#2724),#2722);
#2726=CARTESIAN_POINT('',(1.412460895531E0,8.24E-1,1.74E-1));
#2727=DIRECTION('',(1.E0,0.E0,0.E0));
#2728=DIRECTION('',(0.E0,8.723230341671E-1,-4.889299786897E-1));
#2729=AXIS2_PLACEMENT_3D('',#2726,#2727,#2728);
#2731=CURVE_STYLE('',#21,POSITIVE_LENGTH_MEASURE(2.E-2),#3);
#2732=PRESENTATION_STYLE_ASSIGNMENT((#2731));
#2733=STYLED_ITEM('',(#2732),#2730);
#2734=CARTESIAN_POINT('',(1.412460895531E0,8.24E-1,1.74E-1));
#2735=DIRECTION('',(-1.E0,0.E0,0.E0));
#2736=DIRECTION('',(0.E0,-5.749112284020E-2,9.983460175683E-1));
#2737=AXIS2_PLACEMENT_3D('',#2734,#2735,#2736);
#2739=CURVE_STYLE('',#21,POSITIVE_LENGTH_MEASURE(2.E-2),#3);
#2740=PRESENTATION_STYLE_ASSIGNMENT((#2739));
#2741=STYLED_ITEM('',(#2740),#2738);
#2742=DIRECTION('',(-1.E0,0.E0,0.E0));
#2743=VECTOR('',#2742,2.654524902962E-1);
#2744=CARTESIAN_POINT('',(1.677913385827E0,1.507E0,-1.998480849556E-1));
#2745=LINE('',#2744,#2743);
#2746=CURVE_STYLE('',#21,POSITIVE_LENGTH_MEASURE(2.E-2),#3);
#2747=PRESENTATION_STYLE_ASSIGNMENT((#2746));
#2748=STYLED_ITEM('',(#2747),#2745);
#2749=CARTESIAN_POINT('',(1.677913385827E0,1.491E0,-1.998480849556E-1));
#2750=DIRECTION('',(1.E0,0.E0,0.E0));
#2751=DIRECTION('',(0.E0,1.E0,0.E0));
#2752=AXIS2_PLACEMENT_3D('',#2749,#2750,#2751);
#2754=CURVE_STYLE('',#21,POSITIVE_LENGTH_MEASURE(2.E-2),#3);
#2755=PRESENTATION_STYLE_ASSIGNMENT((#2754));
#2756=STYLED_ITEM('',(#2755),#2753);
#2757=CARTESIAN_POINT('',(1.412460895531E0,1.491E0,-1.998480849556E-1));
#2758=DIRECTION('',(-1.E0,0.E0,0.E0));
#2759=DIRECTION('',(0.E0,-8.723230341671E-1,4.889299786898E-1));
#2760=AXIS2_PLACEMENT_3D('',#2757,#2758,#2759);
#2762=CURVE_STYLE('',#21,POSITIVE_LENGTH_MEASURE(2.E-2),#3);
#2763=PRESENTATION_STYLE_ASSIGNMENT((#2762));
#2764=STYLED_ITEM('',(#2763),#2761);
#2765=DIRECTION('',(0.E0,0.E0,-1.E0));
#2766=VECTOR('',#2765,1.873950670201E-1);
#2767=CARTESIAN_POINT('',(0.E0,1.4E-1,-1.302751889696E-1));
#2768=LINE('',#2767,#2766);
#2769=CURVE_STYLE('',#21,POSITIVE_LENGTH_MEASURE(2.E-2),#3);
#2770=PRESENTATION_STYLE_ASSIGNMENT((#2769));
#2771=STYLED_ITEM('',(#2770),#2768);
#2772=CARTESIAN_POINT('',(0.E0,8.24E-1,1.74E-1));
#2773=DIRECTION('',(-1.E0,0.E0,0.E0));
#2774=DIRECTION('',(0.E0,-5.749112284020E-2,9.983460175683E-1));
#2775=AXIS2_PLACEMENT_3D('',#2772,#2773,#2774);
#2777=CURVE_STYLE('',#21,POSITIVE_LENGTH_MEASURE(2.E-2),#3);
#2778=PRESENTATION_STYLE_ASSIGNMENT((#2777));
#2779=STYLED_ITEM('',(#2778),#2776);
#2780=DIRECTION('',(0.E0,0.E0,-1.E0));
#2781=VECTOR('',#2780,1.494625273834E-1);
#2782=CARTESIAN_POINT('',(0.E0,1.557E0,-9.163582330891E-2));
#2783=LINE('',#2782,#2781);
#2784=CURVE_STYLE('',#21,POSITIVE_LENGTH_MEASURE(2.E-2),#3);
#2785=PRESENTATION_STYLE_ASSIGNMENT((#2784));
#2786=STYLED_ITEM('',(#2785),#2783);
#2787=DIRECTION('',(1.E0,0.E0,0.E0));
#2788=VECTOR('',#2787,1.4025E-1);
#2789=CARTESIAN_POINT('',(-1.4025E-1,1.557E0,-9.163582330891E-2));
#2790=LINE('',#2789,#2788);
#2791=CURVE_STYLE('',#21,POSITIVE_LENGTH_MEASURE(2.E-2),#3);
#2792=PRESENTATION_STYLE_ASSIGNMENT((#2791));
#2793=STYLED_ITEM('',(#2792),#2790);
#2794=DIRECTION('',(0.E0,0.E0,-1.E0));
#2795=VECTOR('',#2794,1.494625272359E-1);
#2796=CARTESIAN_POINT('',(-1.4025E-1,1.557E0,-9.163582330891E-2));
#2797=LINE('',#2796,#2795);
#2798=CURVE_STYLE('',#21,POSITIVE_LENGTH_MEASURE(2.E-2),#3);
#2799=PRESENTATION_STYLE_ASSIGNMENT((#2798));
#2800=STYLED_ITEM('',(#2799),#2797);
#2801=DIRECTION('',(-1.E0,0.E0,0.E0));
#2802=VECTOR('',#2801,2.5E-1);
#2803=CARTESIAN_POINT('',(6.03E-1,4.696692913386E-1,8.334612494487E-1));
#2804=LINE('',#2803,#2802);
#2805=CURVE_STYLE('',#21,POSITIVE_LENGTH_MEASURE(2.E-2),#3);
#2806=PRESENTATION_STYLE_ASSIGNMENT((#2805));
#2807=STYLED_ITEM('',(#2806),#2804);
#2808=CARTESIAN_POINT('',(6.03E-1,1.020850393701E0,7.192755905512E-1));
#2809=DIRECTION('',(1.E0,0.E0,0.E0));
#2810=DIRECTION('',(0.E0,-1.E0,0.E0));
#2811=AXIS2_PLACEMENT_3D('',#2808,#2809,#2810);
#2813=CURVE_STYLE('',#21,POSITIVE_LENGTH_MEASURE(2.E-2),#3);
#2814=PRESENTATION_STYLE_ASSIGNMENT((#2813));
#2815=STYLED_ITEM('',(#2814),#2812);
#2816=CARTESIAN_POINT('',(6.03E-1,1.020850393701E0,7.192755905512E-1));
#2817=DIRECTION('',(1.E0,0.E0,0.E0));
#2818=DIRECTION('',(0.E0,1.E0,0.E0));
#2819=AXIS2_PLACEMENT_3D('',#2816,#2817,#2818);
#2821=CURVE_STYLE('',#21,POSITIVE_LENGTH_MEASURE(2.E-2),#3);
#2822=PRESENTATION_STYLE_ASSIGNMENT((#2821));
#2823=STYLED_ITEM('',(#2822),#2820);
#2824=CARTESIAN_POINT('',(6.03E-1,6.271496062992E-1,7.192755905512E-1));
#2825=DIRECTION('',(1.E0,0.E0,0.E0));
#2826=DIRECTION('',(0.E0,-1.E0,0.E0));
#2827=AXIS2_PLACEMENT_3D('',#2824,#2825,#2826);
#2829=CURVE_STYLE('',#21,POSITIVE_LENGTH_MEASURE(2.E-2),#3);
#2830=PRESENTATION_STYLE_ASSIGNMENT((#2829));
#2831=STYLED_ITEM('',(#2830),#2828);
#2832=CARTESIAN_POINT('',(6.03E-1,6.271496062992E-1,7.192755905512E-1));
#2833=DIRECTION('',(1.E0,0.E0,0.E0));
#2834=DIRECTION('',(0.E0,1.E0,0.E0));
#2835=AXIS2_PLACEMENT_3D('',#2832,#2833,#2834);
#2837=CURVE_STYLE('',#21,POSITIVE_LENGTH_MEASURE(2.E-2),#3);
#2838=PRESENTATION_STYLE_ASSIGNMENT((#2837));
#2839=STYLED_ITEM('',(#2838),#2836);
#2840=DIRECTION('',(0.E0,0.E0,1.E0));
#2841=VECTOR('',#2840,3.544866970010E-1);
#2842=CARTESIAN_POINT('',(6.03E-1,8.495906E-1,5.677007874016E-1));
#2843=LINE('',#2842,#2841);
#2844=CURVE_STYLE('',#21,POSITIVE_LENGTH_MEASURE(2.E-2),#3);
#2845=PRESENTATION_STYLE_ASSIGNMENT((#2844));
#2846=STYLED_ITEM('',(#2845),#2843);
#2847=DIRECTION('',(0.E0,0.E0,-1.E0));
#2848=VECTOR('',#2847,2.657604620472E-1);
#2849=CARTESIAN_POINT('',(6.03E-1,1.178330708661E0,8.334612494487E-1));
#2850=LINE('',#2849,#2848);
#2851=CURVE_STYLE('',#21,POSITIVE_LENGTH_MEASURE(2.E-2),#3);
#2852=PRESENTATION_STYLE_ASSIGNMENT((#2851));
#2853=STYLED_ITEM('',(#2852),#2850);
#2854=DIRECTION('',(0.E0,-1.E0,0.E0));
#2855=VECTOR('',#2854,3.287401086614E-1);
#2856=CARTESIAN_POINT('',(6.03E-1,1.178330708661E0,5.677007874016E-1));
#2857=LINE('',#2856,#2855);
#2858=CURVE_STYLE('',#21,POSITIVE_LENGTH_MEASURE(2.E-2),#3);
#2859=PRESENTATION_STYLE_ASSIGNMENT((#2858));
#2860=STYLED_ITEM('',(#2859),#2857);
#2861=DIRECTION('',(0.E0,0.E0,1.E0));
#2862=VECTOR('',#2861,3.544866970010E-1);
#2863=CARTESIAN_POINT('',(6.03E-1,7.984094E-1,5.677007874016E-1));
#2864=LINE('',#2863,#2862);
#2865=CURVE_STYLE('',#21,POSITIVE_LENGTH_MEASURE(2.E-2),#3);
#2866=PRESENTATION_STYLE_ASSIGNMENT((#2865));
#2867=STYLED_ITEM('',(#2866),#2864);
#2868=DIRECTION('',(0.E0,-1.E0,0.E0));
#2869=VECTOR('',#2868,3.287401086614E-1);
#2870=CARTESIAN_POINT('',(6.03E-1,7.984094E-1,5.677007874016E-1));
#2871=LINE('',#2870,#2869);
#2872=CURVE_STYLE('',#21,POSITIVE_LENGTH_MEASURE(2.E-2),#3);
#2873=PRESENTATION_STYLE_ASSIGNMENT((#2872));
#2874=STYLED_ITEM('',(#2873),#2871);
#2875=DIRECTION('',(0.E0,0.E0,1.E0));
#2876=VECTOR('',#2875,2.657604620472E-1);
#2877=CARTESIAN_POINT('',(6.03E-1,4.696692913386E-1,5.677007874016E-1));
#2878=LINE('',#2877,#2876);
#2879=CURVE_STYLE('',#21,POSITIVE_LENGTH_MEASURE(2.E-2),#3);
#2880=PRESENTATION_STYLE_ASSIGNMENT((#2879));
#2881=STYLED_ITEM('',(#2880),#2878);
#2882=CARTESIAN_POINT('',(6.03E-1,8.24E-1,1.74E-1));
#2883=DIRECTION('',(-1.E0,0.E0,0.E0));
#2884=DIRECTION('',(0.E0,-4.733086774572E-1,8.808966431107E-1));
#2885=AXIS2_PLACEMENT_3D('',#2882,#2883,#2884);
#2887=CURVE_STYLE('',#21,POSITIVE_LENGTH_MEASURE(2.E-2),#3);
#2888=PRESENTATION_STYLE_ASSIGNMENT((#2887));
#2889=STYLED_ITEM('',(#2888),#2886);
#2890=DIRECTION('',(-1.E0,0.E0,0.E0));
#2891=VECTOR('',#2890,2.5E-1);
#2892=CARTESIAN_POINT('',(6.03E-1,9.341103937008E-1,7.192755905512E-1));
#2893=LINE('',#2892,#2891);
#2894=CURVE_STYLE('',#21,POSITIVE_LENGTH_MEASURE(2.E-2),#3);
#2895=PRESENTATION_STYLE_ASSIGNMENT((#2894));
#2896=STYLED_ITEM('',(#2895),#2893);
#2897=DIRECTION('',(-1.E0,0.E0,0.E0));
#2898=VECTOR('',#2897,2.5E-1);
#2899=CARTESIAN_POINT('',(6.03E-1,1.107590393701E0,7.192755905512E-1));
#2900=LINE('',#2899,#2898);
#2901=CURVE_STYLE('',#21,POSITIVE_LENGTH_MEASURE(2.E-2),#3);
#2902=PRESENTATION_STYLE_ASSIGNMENT((#2901));
#2903=STYLED_ITEM('',(#2902),#2900);
#2904=CARTESIAN_POINT('',(3.53E-1,1.020850393701E0,7.192755905512E-1));
#2905=DIRECTION('',(1.E0,0.E0,0.E0));
#2906=DIRECTION('',(0.E0,-1.E0,0.E0));
#2907=AXIS2_PLACEMENT_3D('',#2904,#2905,#2906);
#2909=CURVE_STYLE('',#21,POSITIVE_LENGTH_MEASURE(2.E-2),#3);
#2910=PRESENTATION_STYLE_ASSIGNMENT((#2909));
#2911=STYLED_ITEM('',(#2910),#2908);
#2912=CARTESIAN_POINT('',(3.53E-1,1.020850393701E0,7.192755905512E-1));
#2913=DIRECTION('',(1.E0,0.E0,0.E0));
#2914=DIRECTION('',(0.E0,1.E0,0.E0));
#2915=AXIS2_PLACEMENT_3D('',#2912,#2913,#2914);
#2917=CURVE_STYLE('',#21,POSITIVE_LENGTH_MEASURE(2.E-2),#3);
#2918=PRESENTATION_STYLE_ASSIGNMENT((#2917));
#2919=STYLED_ITEM('',(#2918),#2916);
#2920=CARTESIAN_POINT('',(3.53E-1,6.271496062992E-1,7.192755905512E-1));
#2921=DIRECTION('',(1.E0,0.E0,0.E0));
#2922=DIRECTION('',(0.E0,-1.E0,0.E0));
#2923=AXIS2_PLACEMENT_3D('',#2920,#2921,#2922);
#2925=CURVE_STYLE('',#21,POSITIVE_LENGTH_MEASURE(2.E-2),#3);
#2926=PRESENTATION_STYLE_ASSIGNMENT((#2925));
#2927=STYLED_ITEM('',(#2926),#2924);
#2928=CARTESIAN_POINT('',(3.53E-1,6.271496062992E-1,7.192755905512E-1));
#2929=DIRECTION('',(1.E0,0.E0,0.E0));
#2930=DIRECTION('',(0.E0,1.E0,0.E0));
#2931=AXIS2_PLACEMENT_3D('',#2928,#2929,#2930);
#2933=CURVE_STYLE('',#21,POSITIVE_LENGTH_MEASURE(2.E-2),#3);
#2934=PRESENTATION_STYLE_ASSIGNMENT((#2933));
#2935=STYLED_ITEM('',(#2934),#2932);
#2936=CARTESIAN_POINT('',(3.53E-1,8.24E-1,1.74E-1));
#2937=DIRECTION('',(-1.E0,0.E0,0.E0));
#2938=DIRECTION('',(0.E0,-4.733086774572E-1,8.808966431107E-1));
#2939=AXIS2_PLACEMENT_3D('',#2936,#2937,#2938);
#2941=CURVE_STYLE('',#21,POSITIVE_LENGTH_MEASURE(2.E-2),#3);
#2942=PRESENTATION_STYLE_ASSIGNMENT((#2941));
#2943=STYLED_ITEM('',(#2942),#2940);
#2944=DIRECTION('',(0.E0,0.E0,1.E0));
#2945=VECTOR('',#2944,2.657604620472E-1);
#2946=CARTESIAN_POINT('',(3.53E-1,4.696692913386E-1,5.677007874016E-1));
#2947=LINE('',#2946,#2945);
#2948=CURVE_STYLE('',#21,POSITIVE_LENGTH_MEASURE(2.E-2),#3);
#2949=PRESENTATION_STYLE_ASSIGNMENT((#2948));
#2950=STYLED_ITEM('',(#2949),#2947);
#2951=DIRECTION('',(0.E0,-1.E0,0.E0));
#2952=VECTOR('',#2951,7.086614173228E-1);
#2953=CARTESIAN_POINT('',(3.53E-1,1.178330708661E0,5.677007874016E-1));
#2954=LINE('',#2953,#2952);
#2955=CURVE_STYLE('',#21,POSITIVE_LENGTH_MEASURE(2.E-2),#3);
#2956=PRESENTATION_STYLE_ASSIGNMENT((#2955));
#2957=STYLED_ITEM('',(#2956),#2954);
#2958=DIRECTION('',(0.E0,0.E0,-1.E0));
#2959=VECTOR('',#2958,2.657604620472E-1);
#2960=CARTESIAN_POINT('',(3.53E-1,1.178330708661E0,8.334612494487E-1));
#2961=LINE('',#2960,#2959);
#2962=CURVE_STYLE('',#21,POSITIVE_LENGTH_MEASURE(2.E-2),#3);
#2963=PRESENTATION_STYLE_ASSIGNMENT((#2962));
#2964=STYLED_ITEM('',(#2963),#2961);
#2965=DIRECTION('',(-1.E0,0.E0,0.E0));
#2966=VECTOR('',#2965,2.5E-1);
#2967=CARTESIAN_POINT('',(6.03E-1,5.404096062992E-1,7.192755905512E-1));
#2968=LINE('',#2967,#2966);
#2969=CURVE_STYLE('',#21,POSITIVE_LENGTH_MEASURE(2.E-2),#3);
#2970=PRESENTATION_STYLE_ASSIGNMENT((#2969));
#2971=STYLED_ITEM('',(#2970),#2968);
#2972=DIRECTION('',(-1.E0,0.E0,0.E0));
#2973=VECTOR('',#2972,2.5E-1);
#2974=CARTESIAN_POINT('',(6.03E-1,7.138896062992E-1,7.192755905512E-1));
#2975=LINE('',#2974,#2973);
#2976=CURVE_STYLE('',#21,POSITIVE_LENGTH_MEASURE(2.E-2),#3);
#2977=PRESENTATION_STYLE_ASSIGNMENT((#2976));
#2978=STYLED_ITEM('',(#2977),#2975);
#2979=DIRECTION('',(-1.E0,0.E0,0.E0));
#2980=VECTOR('',#2979,2.5E-1);
#2981=CARTESIAN_POINT('',(6.03E-1,4.696692913386E-1,5.677007874016E-1));
#2982=LINE('',#2981,#2980);
#2983=CURVE_STYLE('',#21,POSITIVE_LENGTH_MEASURE(2.E-2),#3);
#2984=PRESENTATION_STYLE_ASSIGNMENT((#2983));
#2985=STYLED_ITEM('',(#2984),#2982);
#2986=DIRECTION('',(0.E0,1.E0,0.E0));
#2987=VECTOR('',#2986,5.11812E-2);
#2988=CARTESIAN_POINT('',(5.321339E-1,7.984094E-1,5.677007874016E-1));
#2989=LINE('',#2988,#2987);
#2990=CURVE_STYLE('',#21,POSITIVE_LENGTH_MEASURE(2.E-2),#3);
#2991=PRESENTATION_STYLE_ASSIGNMENT((#2990));
#2992=STYLED_ITEM('',(#2991),#2989);
#2993=DIRECTION('',(-1.E0,0.E0,0.E0));
#2994=VECTOR('',#2993,7.08661E-2);
#2995=CARTESIAN_POINT('',(6.03E-1,8.495906E-1,5.677007874016E-1));
#2996=LINE('',#2995,#2994);
#2997=CURVE_STYLE('',#21,POSITIVE_LENGTH_MEASURE(2.E-2),#3);
#2998=PRESENTATION_STYLE_ASSIGNMENT((#2997));
#2999=STYLED_ITEM('',(#2998),#2996);
#3000=DIRECTION('',(-1.E0,0.E0,0.E0));
#3001=VECTOR('',#3000,2.5E-1);
#3002=CARTESIAN_POINT('',(6.03E-1,1.178330708661E0,5.677007874016E-1));
#3003=LINE('',#3002,#3001);
#3004=CURVE_STYLE('',#21,POSITIVE_LENGTH_MEASURE(2.E-2),#3);
#3005=PRESENTATION_STYLE_ASSIGNMENT((#3004));
#3006=STYLED_ITEM('',(#3005),#3003);
#3007=DIRECTION('',(-1.E0,0.E0,0.E0));
#3008=VECTOR('',#3007,7.08661E-2);
#3009=CARTESIAN_POINT('',(6.03E-1,7.984094E-1,5.677007874016E-1));
#3010=LINE('',#3009,#3008);
#3011=CURVE_STYLE('',#21,POSITIVE_LENGTH_MEASURE(2.E-2),#3);
#3012=PRESENTATION_STYLE_ASSIGNMENT((#3011));
#3013=STYLED_ITEM('',(#3012),#3010);
#3014=DIRECTION('',(0.E0,0.E0,-1.E0));
#3015=VECTOR('',#3014,3.544866970010E-1);
#3016=CARTESIAN_POINT('',(5.321339E-1,7.984094E-1,9.221874844026E-1));
#3017=LINE('',#3016,#3015);
#3018=CURVE_STYLE('',#21,POSITIVE_LENGTH_MEASURE(2.E-2),#3);
#3019=PRESENTATION_STYLE_ASSIGNMENT((#3018));
#3020=STYLED_ITEM('',(#3019),#3017);
#3021=CARTESIAN_POINT('',(5.321339E-1,8.24E-1,1.74E-1));
#3022=DIRECTION('',(1.E0,0.E0,0.E0));
#3023=DIRECTION('',(0.E0,3.418346969444E-2,9.994155744232E-1));
#3024=AXIS2_PLACEMENT_3D('',#3021,#3022,#3023);
#3026=CURVE_STYLE('',#21,POSITIVE_LENGTH_MEASURE(2.E-2),#3);
#3027=PRESENTATION_STYLE_ASSIGNMENT((#3026));
#3028=STYLED_ITEM('',(#3027),#3025);
#3029=DIRECTION('',(0.E0,0.E0,1.E0));
#3030=VECTOR('',#3029,3.544866970010E-1);
#3031=CARTESIAN_POINT('',(5.321339E-1,8.495906E-1,5.677007874016E-1));
#3032=LINE('',#3031,#3030);
#3033=CURVE_STYLE('',#21,POSITIVE_LENGTH_MEASURE(2.E-2),#3);
#3034=PRESENTATION_STYLE_ASSIGNMENT((#3033));
#3035=STYLED_ITEM('',(#3034),#3032);
#3036=DIRECTION('',(-1.E0,0.E0,0.E0));
#3037=VECTOR('',#3036,7.08661E-2);
#3038=CARTESIAN_POINT('',(6.03E-1,7.984094E-1,9.221874844026E-1));
#3039=LINE('',#3038,#3037);
#3040=CURVE_STYLE('',#21,POSITIVE_LENGTH_MEASURE(2.E-2),#3);
#3041=PRESENTATION_STYLE_ASSIGNMENT((#3040));
#3042=STYLED_ITEM('',(#3041),#3039);
#3043=DIRECTION('',(0.E0,0.E0,-1.E0));
#3044=VECTOR('',#3043,4.898231577052E-1);
#3045=CARTESIAN_POINT('',(-1.2525E-1,1.307E0,-5.161497233391E-1));
#3046=LINE('',#3045,#3044);
#3047=CURVE_STYLE('',#21,POSITIVE_LENGTH_MEASURE(2.E-2),#3);
#3048=PRESENTATION_STYLE_ASSIGNMENT((#3047));
#3049=STYLED_ITEM('',(#3048),#3046);
#3050=CARTESIAN_POINT('',(-1.2525E-1,1.133530269144E0,-8.384278913286E-1));
#3051=DIRECTION('',(-1.E0,0.E0,0.E0));
#3052=DIRECTION('',(0.E0,0.E0,-1.E0));
#3053=AXIS2_PLACEMENT_3D('',#3050,#3051,#3052);
#3055=CURVE_STYLE('',#21,POSITIVE_LENGTH_MEASURE(2.E-2),#3);
#3056=PRESENTATION_STYLE_ASSIGNMENT((#3055));
#3057=STYLED_ITEM('',(#3056),#3054);
#3058=DIRECTION('',(1.E0,0.E0,0.E0));
#3059=VECTOR('',#3058,1.453E-1);
#3060=CARTESIAN_POINT('',(-1.2525E-1,1.133530269144E0,-9.054828913286E-1));
#3061=LINE('',#3060,#3059);
#3062=CURVE_STYLE('',#21,POSITIVE_LENGTH_MEASURE(2.E-2),#3);
#3063=PRESENTATION_STYLE_ASSIGNMENT((#3062));
#3064=STYLED_ITEM('',(#3063),#3061);
#3065=CARTESIAN_POINT('',(-1.2525E-1,1.133530269144E0,-8.384278913286E-1));
#3066=DIRECTION('',(-1.E0,0.E0,0.E0));
#3067=DIRECTION('',(0.E0,0.E0,1.E0));
#3068=AXIS2_PLACEMENT_3D('',#3065,#3066,#3067);
#3070=CURVE_STYLE('',#21,POSITIVE_LENGTH_MEASURE(2.E-2),#3);
#3071=PRESENTATION_STYLE_ASSIGNMENT((#3070));
#3072=STYLED_ITEM('',(#3071),#3069);
#3073=DIRECTION('',(1.E0,0.E0,0.E0));
#3074=VECTOR('',#3073,1.453E-1);
#3075=CARTESIAN_POINT('',(-1.2525E-1,1.133530269144E0,-7.713728913286E-1));
#3076=LINE('',#3075,#3074);
#3077=CURVE_STYLE('',#21,POSITIVE_LENGTH_MEASURE(2.E-2),#3);
#3078=PRESENTATION_STYLE_ASSIGNMENT((#3077));
#3079=STYLED_ITEM('',(#3078),#3076);
#3080=CARTESIAN_POINT('',(-1.2525E-1,8.24E-1,-8.846875E-1));
#3081=DIRECTION('',(-1.E0,0.E0,0.E0));
#3082=DIRECTION('',(0.E0,0.E0,-1.E0));
#3083=AXIS2_PLACEMENT_3D('',#3080,#3081,#3082);
#3085=CURVE_STYLE('',#21,POSITIVE_LENGTH_MEASURE(2.E-2),#3);
#3086=PRESENTATION_STYLE_ASSIGNMENT((#3085));
#3087=STYLED_ITEM('',(#3086),#3084);
#3088=DIRECTION('',(1.E0,0.E0,0.E0));
#3089=VECTOR('',#3088,1.453E-1);
#3090=CARTESIAN_POINT('',(-1.2525E-1,8.24E-1,-9.517425E-1));
#3091=LINE('',#3090,#3089);
#3092=CURVE_STYLE('',#21,POSITIVE_LENGTH_MEASURE(2.E-2),#3);
#3093=PRESENTATION_STYLE_ASSIGNMENT((#3092));
#3094=STYLED_ITEM('',(#3093),#3091);
#3095=CARTESIAN_POINT('',(-1.2525E-1,8.24E-1,-8.846875E-1));
#3096=DIRECTION('',(-1.E0,0.E0,0.E0));
#3097=DIRECTION('',(0.E0,0.E0,1.E0));
#3098=AXIS2_PLACEMENT_3D('',#3095,#3096,#3097);
#3100=CURVE_STYLE('',#21,POSITIVE_LENGTH_MEASURE(2.E-2),#3);
#3101=PRESENTATION_STYLE_ASSIGNMENT((#3100));
#3102=STYLED_ITEM('',(#3101),#3099);
#3103=DIRECTION('',(1.E0,0.E0,0.E0));
#3104=VECTOR('',#3103,1.453E-1);
#3105=CARTESIAN_POINT('',(-1.2525E-1,8.24E-1,-8.176325E-1));
#3106=LINE('',#3105,#3104);
#3107=CURVE_STYLE('',#21,POSITIVE_LENGTH_MEASURE(2.E-2),#3);
#3108=PRESENTATION_STYLE_ASSIGNMENT((#3107));
#3109=STYLED_ITEM('',(#3108),#3106);
#3110=CARTESIAN_POINT('',(-1.2525E-1,5.144697308563E-1,-8.384278913286E-1));
#3111=DIRECTION('',(-1.E0,0.E0,0.E0));
#3112=DIRECTION('',(0.E0,0.E0,1.E0));
#3113=AXIS2_PLACEMENT_3D('',#3110,#3111,#3112);
#3115=CURVE_STYLE('',#21,POSITIVE_LENGTH_MEASURE(2.E-2),#3);
#3116=PRESENTATION_STYLE_ASSIGNMENT((#3115));
#3117=STYLED_ITEM('',(#3116),#3114);
#3118=DIRECTION('',(1.E0,0.E0,0.E0));
#3119=VECTOR('',#3118,1.453E-1);
#3120=CARTESIAN_POINT('',(-1.2525E-1,5.144697308563E-1,-7.713728913286E-1));
#3121=LINE('',#3120,#3119);
#3122=CURVE_STYLE('',#21,POSITIVE_LENGTH_MEASURE(2.E-2),#3);
#3123=PRESENTATION_STYLE_ASSIGNMENT((#3122));
#3124=STYLED_ITEM('',(#3123),#3121);
#3125=CARTESIAN_POINT('',(-1.2525E-1,5.144697308563E-1,-8.384278913286E-1));
#3126=DIRECTION('',(-1.E0,0.E0,0.E0));
#3127=DIRECTION('',(0.E0,0.E0,-1.E0));
#3128=AXIS2_PLACEMENT_3D('',#3125,#3126,#3127);
#3130=CURVE_STYLE('',#21,POSITIVE_LENGTH_MEASURE(2.E-2),#3);
#3131=PRESENTATION_STYLE_ASSIGNMENT((#3130));
#3132=STYLED_ITEM('',(#3131),#3129);
#3133=DIRECTION('',(1.E0,0.E0,0.E0));
#3134=VECTOR('',#3133,1.453E-1);
#3135=CARTESIAN_POINT('',(-1.2525E-1,5.144697308563E-1,-9.054828913286E-1));
#3136=LINE('',#3135,#3134);
#3137=CURVE_STYLE('',#21,POSITIVE_LENGTH_MEASURE(2.E-2),#3);
#3138=PRESENTATION_STYLE_ASSIGNMENT((#3137));
#3139=STYLED_ITEM('',(#3138),#3136);
#3140=CARTESIAN_POINT('',(1.9013E0,1.307E0,-1.005972881044E0));
#3141=CARTESIAN_POINT('',(1.9013E0,3.9E-1,-1.024861543298E0));
#3142=VERTEX_POINT('',#3140);
#3143=VERTEX_POINT('',#3141);
#3144=CARTESIAN_POINT('',(1.603E-1,1.311702692599E0,-3.939660854809E-1));
#3145=CARTESIAN_POINT('',(1.603E-1,3.9E-1,-4.359863856063E-1));
#3146=VERTEX_POINT('',#3144);
#3147=VERTEX_POINT('',#3145);
#3148=CARTESIAN_POINT('',(1.9013E0,1.311702692599E0,-3.939660854809E-1));
#3149=CARTESIAN_POINT('',(1.9013E0,3.9E-1,-4.359863856063E-1));
#3150=VERTEX_POINT('',#3148);
#3151=VERTEX_POINT('',#3149);
#3152=CARTESIAN_POINT('',(1.9013E0,1.307E0,-5.161497233391E-1));
#3153=VERTEX_POINT('',#3152);
#3154=CARTESIAN_POINT('',(1.9013E0,1.311702692599E0,-5.128345683325E-1));
#3155=VERTEX_POINT('',#3154);
#3156=CARTESIAN_POINT('',(1.603E-1,1.311702692599E0,-5.128345683325E-1));
#3157=VERTEX_POINT('',#3156);
#3158=CARTESIAN_POINT('',(1.9013E0,3.9E-1,-5.591766499282E-1));
#3159=VERTEX_POINT('',#3158);
#3160=CARTESIAN_POINT('',(2.15535E0,8.24E-1,-6.68375E-1));
#3161=CARTESIAN_POINT('',(2.15535E0,8.24E-1,1.016375E0));
#3162=VERTEX_POINT('',#3160);
#3163=VERTEX_POINT('',#3161);
#3164=CARTESIAN_POINT('',(2.0616E0,8.240000009026E-1,1.016375E0));
#3165=CARTESIAN_POINT('',(2.0616E0,1.557000000112E0,-2.410983503476E-1));
#3166=VERTEX_POINT('',#3164);
#3167=VERTEX_POINT('',#3165);
#3168=CARTESIAN_POINT('',(1.8496E0,1.557E0,-2.410983504552E-1));
#3169=VERTEX_POINT('',#3168);
#3170=CARTESIAN_POINT('',(1.8496E0,7.755709153975E-1,1.014981726549E0));
#3171=CARTESIAN_POINT('',(1.8496E0,7.809607081638E-1,9.213867874021E-1));
#3172=VERTEX_POINT('',#3170);
#3173=VERTEX_POINT('',#3171);
#3174=CARTESIAN_POINT('',(1.8496E0,8.568865732620E-2,2.978376029492E-1));
#3175=CARTESIAN_POINT('',(1.8496E0,1.4E-1,-1.302751889737E-1));
#3176=VERTEX_POINT('',#3174);
#3177=VERTEX_POINT('',#3175);
#3178=CARTESIAN_POINT('',(2.0616E0,1.4E-1,-1.302751889737E-1));
#3179=VERTEX_POINT('',#3178);
#3180=CARTESIAN_POINT('',(1.9013E0,8.24E-1,-9.517425E-1));
#3181=CARTESIAN_POINT('',(1.9013E0,8.24E-1,-8.176325E-1));
#3182=VERTEX_POINT('',#3180);
#3183=VERTEX_POINT('',#3181);
#3184=CARTESIAN_POINT('',(1.9013E0,5.144697308563E-1,-9.054828913286E-1));
#3185=CARTESIAN_POINT('',(1.9013E0,5.144697308563E-1,-7.713728913286E-1));
#3186=VERTEX_POINT('',#3184);
#3187=VERTEX_POINT('',#3185);
#3188=CARTESIAN_POINT('',(1.9013E0,1.133530269144E0,-9.054828913286E-1));
#3189=CARTESIAN_POINT('',(1.9013E0,1.133530269144E0,-7.713728913286E-1));
#3190=VERTEX_POINT('',#3188);
#3191=VERTEX_POINT('',#3189);
#3192=CARTESIAN_POINT('',(0.E0,7.755709153975E-1,1.014981726549E0));
#3193=CARTESIAN_POINT('',(0.E0,7.809607081638E-1,9.213867874021E-1));
#3194=VERTEX_POINT('',#3192);
#3195=VERTEX_POINT('',#3193);
#3196=CARTESIAN_POINT('',(0.E0,1.556999999810E0,-2.410983508798E-1));
#3197=VERTEX_POINT('',#3196);
#3198=CARTESIAN_POINT('',(0.E0,3.699999999998E-1,-5.469632445554E-1));
#3199=CARTESIAN_POINT('',(0.E0,3.699999999998E-1,-5.355629927109E-1));
#3200=VERTEX_POINT('',#3198);
#3201=VERTEX_POINT('',#3199);
#3202=CARTESIAN_POINT('',(2.0616E0,3.699999999998E-1,-5.469632445554E-1));
#3203=CARTESIAN_POINT('',(2.0616E0,3.699999999998E-1,-5.355629927109E-1));
#3204=VERTEX_POINT('',#3202);
#3205=VERTEX_POINT('',#3203);
#3206=CARTESIAN_POINT('',(2.0616E0,1.4E-1,-3.176702559897E-1));
#3207=VERTEX_POINT('',#3206);
#3208=CARTESIAN_POINT('',(1.8496E0,-6.769767620432E-3,3.133457348931E-1));
#3209=VERTEX_POINT('',#3208);
#3210=CARTESIAN_POINT('',(1.8496E0,1.4E-1,-3.176702559897E-1));
#3211=VERTEX_POINT('',#3210);
#3212=CARTESIAN_POINT('',(1.677913385827E0,7.755709153975E-1,1.014981726549E0));
#3213=CARTESIAN_POINT('',(1.677913385827E0,7.809607081638E-1,
9.213867874021E-1));
#3214=VERTEX_POINT('',#3212);
#3215=VERTEX_POINT('',#3213);
#3216=CARTESIAN_POINT('',(1.412460895531E0,7.755709153975E-1,1.014981726549E0));
#3217=CARTESIAN_POINT('',(1.412460895531E0,7.809607081638E-1,
9.213867874021E-1));
#3218=VERTEX_POINT('',#3216);
#3219=VERTEX_POINT('',#3217);
#3220=CARTESIAN_POINT('',(-1.4025E-1,1.557E0,-2.410983505448E-1));
#3221=VERTEX_POINT('',#3220);
#3222=CARTESIAN_POINT('',(1.0933E0,7.755709153975E-1,1.014981726549E0));
#3223=CARTESIAN_POINT('',(1.0933E0,7.767207378543E-1,9.950148061978E-1));
#3224=VERTEX_POINT('',#3222);
#3225=VERTEX_POINT('',#3223);
#3226=CARTESIAN_POINT('',(9.683E-1,7.755709153975E-1,1.014981726549E0));
#3227=CARTESIAN_POINT('',(9.683E-1,7.767207378543E-1,9.950148061978E-1));
#3228=VERTEX_POINT('',#3226);
#3229=VERTEX_POINT('',#3227);
#3230=CARTESIAN_POINT('',(1.0933E0,1.295469636818E-2,3.100373334117E-1));
#3231=CARTESIAN_POINT('',(1.0933E0,-6.769767620432E-3,3.133457348931E-1));
#3232=VERTEX_POINT('',#3230);
#3233=VERTEX_POINT('',#3231);
#3234=CARTESIAN_POINT('',(9.683E-1,1.295469636818E-2,3.100373334117E-1));
#3235=CARTESIAN_POINT('',(9.683E-1,-6.769767620432E-3,3.133457348931E-1));
#3236=VERTEX_POINT('',#3234);
#3237=VERTEX_POINT('',#3235);
#3238=CARTESIAN_POINT('',(1.0933E0,1.311702692599E0,-5.128345683325E-1));
#3239=VERTEX_POINT('',#3238);
#3240=CARTESIAN_POINT('',(9.683E-1,1.311702692599E0,-5.128345683325E-1));
#3241=VERTEX_POINT('',#3240);
#3242=CARTESIAN_POINT('',(1.0933E0,1.311702692599E0,-4.881530972944E-1));
#3243=VERTEX_POINT('',#3242);
#3244=CARTESIAN_POINT('',(9.683E-1,1.311702692599E0,-4.881530972944E-1));
#3245=VERTEX_POINT('',#3244);
#3246=CARTESIAN_POINT('',(1.0933E0,3.9E-1,-5.479692795577E-1));
#3247=CARTESIAN_POINT('',(1.0933E0,3.9E-1,-5.245303433817E-1));
#3248=VERTEX_POINT('',#3246);
#3249=VERTEX_POINT('',#3247);
#3250=CARTESIAN_POINT('',(9.683E-1,3.9E-1,-5.479692795577E-1));
#3251=CARTESIAN_POINT('',(9.683E-1,3.9E-1,-5.245303433817E-1));
#3252=VERTEX_POINT('',#3250);
#3253=VERTEX_POINT('',#3251);
#3254=CARTESIAN_POINT('',(1.0933E0,3.699999999998E-1,-5.355629927109E-1));
#3255=VERTEX_POINT('',#3254);
#3256=CARTESIAN_POINT('',(9.683E-1,3.699999999998E-1,-5.355629927109E-1));
#3257=VERTEX_POINT('',#3256);
#3258=CARTESIAN_POINT('',(6.03E-1,9.341103937008E-1,7.192755905512E-1));
#3259=CARTESIAN_POINT('',(6.03E-1,1.107590393701E0,7.192755905512E-1));
#3260=VERTEX_POINT('',#3258);
#3261=VERTEX_POINT('',#3259);
#3262=CARTESIAN_POINT('',(6.03E-1,5.404096062992E-1,7.192755905512E-1));
#3263=CARTESIAN_POINT('',(6.03E-1,7.138896062992E-1,7.192755905512E-1));
#3264=VERTEX_POINT('',#3262);
#3265=VERTEX_POINT('',#3263);
#3266=CARTESIAN_POINT('',(6.03E-1,4.696692913386E-1,5.677007874016E-1));
#3267=CARTESIAN_POINT('',(6.03E-1,4.696692913386E-1,8.334612494487E-1));
#3268=VERTEX_POINT('',#3266);
#3269=VERTEX_POINT('',#3267);
#3270=CARTESIAN_POINT('',(3.53E-1,9.341103937008E-1,7.192755905512E-1));
#3271=CARTESIAN_POINT('',(3.53E-1,1.107590393701E0,7.192755905512E-1));
#3272=VERTEX_POINT('',#3270);
#3273=VERTEX_POINT('',#3271);
#3274=CARTESIAN_POINT('',(3.53E-1,5.404096062992E-1,7.192755905512E-1));
#3275=CARTESIAN_POINT('',(3.53E-1,7.138896062992E-1,7.192755905512E-1));
#3276=VERTEX_POINT('',#3274);
#3277=VERTEX_POINT('',#3275);
#3278=CARTESIAN_POINT('',(3.53E-1,1.178330708661E0,5.677007874016E-1));
#3279=CARTESIAN_POINT('',(3.53E-1,4.696692913386E-1,5.677007874016E-1));
#3280=VERTEX_POINT('',#3278);
#3281=VERTEX_POINT('',#3279);
#3282=CARTESIAN_POINT('',(3.53E-1,4.696692913386E-1,8.334612494487E-1));
#3283=VERTEX_POINT('',#3282);
#3284=CARTESIAN_POINT('',(6.03E-1,1.178330708661E0,5.677007874016E-1));
#3285=VERTEX_POINT('',#3284);
#3286=CARTESIAN_POINT('',(6.03E-1,7.809607081638E-1,9.213867874021E-1));
#3287=CARTESIAN_POINT('',(3.53E-1,7.809607081638E-1,9.213867874021E-1));
#3288=VERTEX_POINT('',#3286);
#3289=VERTEX_POINT('',#3287);
#3290=CARTESIAN_POINT('',(3.53E-1,1.178330708661E0,8.334612494487E-1));
#3291=VERTEX_POINT('',#3290);
#3292=CARTESIAN_POINT('',(6.03E-1,1.178330708661E0,8.334612494487E-1));
#3293=VERTEX_POINT('',#3292);
#3294=CARTESIAN_POINT('',(2.005E-2,1.307E0,-1.005972881044E0));
#3295=CARTESIAN_POINT('',(2.005E-2,3.9E-1,-1.024861543298E0));
#3296=VERTEX_POINT('',#3294);
#3297=VERTEX_POINT('',#3295);
#3298=CARTESIAN_POINT('',(2.005E-2,3.9E-1,-5.479692795577E-1));
#3299=CARTESIAN_POINT('',(2.005E-2,1.307E0,-5.161497233391E-1));
#3300=VERTEX_POINT('',#3298);
#3301=VERTEX_POINT('',#3299);
#3302=CARTESIAN_POINT('',(1.603E-1,3.9E-1,-5.479692795577E-1));
#3303=VERTEX_POINT('',#3302);
#3304=CARTESIAN_POINT('',(0.E0,3.9E-1,-5.591766499282E-1));
#3305=CARTESIAN_POINT('',(0.E0,3.9E-1,-5.479692795577E-1));
#3306=VERTEX_POINT('',#3304);
#3307=VERTEX_POINT('',#3305);
#3308=CARTESIAN_POINT('',(2.005E-2,3.9E-1,-5.591766499282E-1));
#3309=VERTEX_POINT('',#3308);
#3310=CARTESIAN_POINT('',(2.005E-2,1.133530269144E0,-9.054828913286E-1));
#3311=CARTESIAN_POINT('',(2.005E-2,1.133530269144E0,-7.713728913286E-1));
#3312=VERTEX_POINT('',#3310);
#3313=VERTEX_POINT('',#3311);
#3314=CARTESIAN_POINT('',(2.005E-2,8.24E-1,-9.517425E-1));
#3315=CARTESIAN_POINT('',(2.005E-2,8.24E-1,-8.176325E-1));
#3316=VERTEX_POINT('',#3314);
#3317=VERTEX_POINT('',#3315);
#3318=CARTESIAN_POINT('',(2.005E-2,5.144697308563E-1,-7.713728913286E-1));
#3319=CARTESIAN_POINT('',(2.005E-2,5.144697308563E-1,-9.054828913286E-1));
#3320=VERTEX_POINT('',#3318);
#3321=VERTEX_POINT('',#3319);
#3322=CARTESIAN_POINT('',(-1.2525E-1,3.9E-1,-1.024861543298E0));
#3323=CARTESIAN_POINT('',(-1.2525E-1,3.9E-1,-5.479692795577E-1));
#3324=VERTEX_POINT('',#3322);
#3325=VERTEX_POINT('',#3323);
#3326=CARTESIAN_POINT('',(-1.2525E-1,1.307E0,-5.161497233391E-1));
#3327=CARTESIAN_POINT('',(-1.2525E-1,1.307E0,-1.005972881044E0));
#3328=VERTEX_POINT('',#3326);
#3329=VERTEX_POINT('',#3327);
#3330=CARTESIAN_POINT('',(-1.2525E-1,1.133530269144E0,-9.054828913286E-1));
#3331=CARTESIAN_POINT('',(-1.2525E-1,1.133530269144E0,-7.713728913286E-1));
#3332=VERTEX_POINT('',#3330);
#3333=VERTEX_POINT('',#3331);
#3334=CARTESIAN_POINT('',(-1.2525E-1,8.24E-1,-9.517425E-1));
#3335=CARTESIAN_POINT('',(-1.2525E-1,8.24E-1,-8.176325E-1));
#3336=VERTEX_POINT('',#3334);
#3337=VERTEX_POINT('',#3335);
#3338=CARTESIAN_POINT('',(-1.2525E-1,5.144697308563E-1,-7.713728913286E-1));
#3339=CARTESIAN_POINT('',(-1.2525E-1,5.144697308563E-1,-9.054828913286E-1));
#3340=VERTEX_POINT('',#3338);
#3341=VERTEX_POINT('',#3339);
#3342=CARTESIAN_POINT('',(2.0616E0,3.9E-1,-5.479692795577E-1));
#3343=CARTESIAN_POINT('',(2.0616E0,8.24E-1,-6.68375E-1));
#3344=VERTEX_POINT('',#3342);
#3345=VERTEX_POINT('',#3343);
#3346=CARTESIAN_POINT('',(2.0616E0,3.9E-1,-5.591766499282E-1));
#3347=VERTEX_POINT('',#3346);
#3348=CARTESIAN_POINT('',(2.0466E0,3.9E-1,-1.024861543298E0));
#3349=CARTESIAN_POINT('',(2.0466E0,1.307E0,-1.005972881044E0));
#3350=VERTEX_POINT('',#3348);
#3351=VERTEX_POINT('',#3349);
#3352=CARTESIAN_POINT('',(2.0466E0,3.9E-1,-5.591766499282E-1));
#3353=VERTEX_POINT('',#3352);
#3354=CARTESIAN_POINT('',(2.0466E0,1.307E0,-5.161497233391E-1));
#3355=VERTEX_POINT('',#3354);
#3356=CARTESIAN_POINT('',(2.0466E0,8.24E-1,-9.517425E-1));
#3357=CARTESIAN_POINT('',(2.0466E0,8.24E-1,-8.176325E-1));
#3358=VERTEX_POINT('',#3356);
#3359=VERTEX_POINT('',#3357);
#3360=CARTESIAN_POINT('',(2.0466E0,5.144697308563E-1,-9.054828913286E-1));
#3361=CARTESIAN_POINT('',(2.0466E0,5.144697308563E-1,-7.713728913286E-1));
#3362=VERTEX_POINT('',#3360);
#3363=VERTEX_POINT('',#3361);
#3364=CARTESIAN_POINT('',(2.0466E0,1.133530269144E0,-9.054828913286E-1));
#3365=CARTESIAN_POINT('',(2.0466E0,1.133530269144E0,-7.713728913286E-1));
#3366=VERTEX_POINT('',#3364);
#3367=VERTEX_POINT('',#3365);
#3368=CARTESIAN_POINT('',(2.0466E0,3.9E-1,-5.479692795577E-1));
#3369=VERTEX_POINT('',#3368);
#3370=CARTESIAN_POINT('',(1.864754E0,6.665195E-1,1.74E-1));
#3371=CARTESIAN_POINT('',(1.864754E0,9.814805E-1,1.74E-1));
#3372=VERTEX_POINT('',#3370);
#3373=VERTEX_POINT('',#3371);
#3374=CARTESIAN_POINT('',(2.0616E0,6.665195E-1,1.74E-1));
#3375=CARTESIAN_POINT('',(2.0616E0,9.814805E-1,1.74E-1));
#3376=VERTEX_POINT('',#3374);
#3377=VERTEX_POINT('',#3375);
#3378=CARTESIAN_POINT('',(2.049793E0,9.34236E-1,1.74E-1));
#3379=CARTESIAN_POINT('',(2.049793E0,7.13764E-1,1.74E-1));
#3380=VERTEX_POINT('',#3378);
#3381=VERTEX_POINT('',#3379);
#3382=CARTESIAN_POINT('',(1.864754E0,9.34236E-1,1.74E-1));
#3383=CARTESIAN_POINT('',(1.864754E0,7.13764E-1,1.74E-1));
#3384=VERTEX_POINT('',#3382);
#3385=VERTEX_POINT('',#3383);
#3386=CARTESIAN_POINT('',(2.0816E0,8.24E-1,4.9486615E-1));
#3387=CARTESIAN_POINT('',(2.0816E0,8.24E-1,-1.4686615E-1));
#3388=VERTEX_POINT('',#3386);
#3389=VERTEX_POINT('',#3387);
#3390=CARTESIAN_POINT('',(2.0816E0,8.24E-1,3.708505E-1));
#3391=CARTESIAN_POINT('',(2.0816E0,8.24E-1,-2.28505E-2));
#3392=VERTEX_POINT('',#3390);
#3393=VERTEX_POINT('',#3391);
#3394=CARTESIAN_POINT('',(2.0616E0,8.24E-1,4.9486615E-1));
#3395=CARTESIAN_POINT('',(2.0616E0,8.24E-1,-1.4686615E-1));
#3396=VERTEX_POINT('',#3394);
#3397=VERTEX_POINT('',#3395);
#3398=CARTESIAN_POINT('',(2.0616E0,8.24E-1,-2.28505E-2));
#3399=CARTESIAN_POINT('',(2.0616E0,8.24E-1,3.708505E-1));
#3400=VERTEX_POINT('',#3398);
#3401=VERTEX_POINT('',#3399);
#3402=CARTESIAN_POINT('',(2.13535E0,4.172285104521E-1,4.073362163115E-1));
#3403=CARTESIAN_POINT('',(2.13535E0,1.909308963570E-1,5.135877567938E-1));
#3404=VERTEX_POINT('',#3402);
#3405=VERTEX_POINT('',#3403);
#3406=CARTESIAN_POINT('',(2.15535E0,4.172285104521E-1,4.073362163115E-1));
#3407=CARTESIAN_POINT('',(2.15535E0,1.909308963570E-1,5.135877567938E-1));
#3408=VERTEX_POINT('',#3406);
#3409=VERTEX_POINT('',#3407);
#3410=CARTESIAN_POINT('',(2.13535E0,7.974667532817E-1,6.854423426571E-1));
#3411=CARTESIAN_POINT('',(2.13535E0,6.835756287025E-1,9.079930374259E-1));
#3412=VERTEX_POINT('',#3410);
#3413=VERTEX_POINT('',#3411);
#3414=CARTESIAN_POINT('',(2.13535E0,6.153267493935E-1,8.730664261032E-1));
#3415=VERTEX_POINT('',#3414);
#3416=CARTESIAN_POINT('',(2.13535E0,6.967589004807E-1,7.139426851801E-1));
#3417=VERTEX_POINT('',#3416);
#3418=CARTESIAN_POINT('',(2.13535E0,5.233391303924E-1,8.259914287132E-1));
#3419=VERTEX_POINT('',#3418);
#3420=CARTESIAN_POINT('',(2.13535E0,4.710397139381E-1,7.992270128078E-1));
#3421=VERTEX_POINT('',#3420);
#3422=CARTESIAN_POINT('',(2.13535E0,4.604842526568E-1,5.930282778889E-1));
#3423=VERTEX_POINT('',#3422);
#3424=CARTESIAN_POINT('',(2.13535E0,3.790521015696E-1,7.521520188120E-1));
#3425=VERTEX_POINT('',#3424);
#3426=CARTESIAN_POINT('',(2.13535E0,3.108032073374E-1,7.172253998523E-1));
#3427=VERTEX_POINT('',#3426);
#3428=CARTESIAN_POINT('',(2.13535E0,4.246943319166E-1,4.946747050835E-1));
#3429=VERTEX_POINT('',#3428);
#3430=CARTESIAN_POINT('',(2.13535E0,5.344860094175E-1,5.508609939334E-1));
#3431=VERTEX_POINT('',#3430);
#3432=CARTESIAN_POINT('',(2.13535E0,5.430306002157E-1,7.230325653202E-1));
#3433=VERTEX_POINT('',#3432);
#3434=CARTESIAN_POINT('',(2.13535E0,6.876750708065E-1,6.292560512616E-1));
#3435=VERTEX_POINT('',#3434);
#3436=CARTESIAN_POINT('',(2.13535E0,1.583470963511E-1,4.441898340341E-1));
#3437=VERTEX_POINT('',#3436);
#3438=CARTESIAN_POINT('',(2.13535E0,3.846447104462E-1,3.379382935518E-1));
#3439=VERTEX_POINT('',#3438);
#3440=VERTEX_POINT('',#1676);
#3441=VERTEX_POINT('',#1679);
#3442=VERTEX_POINT('',#1930);
#3443=VERTEX_POINT('',#1922);
#3444=VERTEX_POINT('',#1914);
#3445=VERTEX_POINT('',#1906);
#3446=VERTEX_POINT('',#1898);
#3447=CARTESIAN_POINT('',(2.13535E0,2.610890598500E-1,1.361777610425E-1));
#3448=VERTEX_POINT('',#3447);
#3449=VERTEX_POINT('',#1883);
#3450=VERTEX_POINT('',#1871);
#3451=VERTEX_POINT('',#1861);
#3452=VERTEX_POINT('',#1851);
#3453=CARTESIAN_POINT('',(2.13535E0,3.023113577801E-1,1.430040437892E-1));
#3454=VERTEX_POINT('',#3453);
#3455=VERTEX_POINT('',#1834);
#3456=VERTEX_POINT('',#1824);
#3457=CARTESIAN_POINT('',(2.13535E0,2.903238921407E-1,-2.456464962790E-2));
#3458=VERTEX_POINT('',#3457);
#3459=VERTEX_POINT('',#1805);
#3460=VERTEX_POINT('',#1797);
#3461=VERTEX_POINT('',#1786);
#3462=VERTEX_POINT('',#1789);
#3463=VERTEX_POINT('',#1781);
#3464=VERTEX_POINT('',#1773);
#3465=VERTEX_POINT('',#1765);
#3466=CARTESIAN_POINT('',(2.13535E0,2.080055691392E-1,9.126778222490E-2));
#3467=VERTEX_POINT('',#3466);
#3468=VERTEX_POINT('',#1750);
#3469=VERTEX_POINT('',#1738);
#3470=VERTEX_POINT('',#1728);
#3471=VERTEX_POINT('',#1717);
#3472=VERTEX_POINT('',#1707);
#3473=VERTEX_POINT('',#1696);
#3474=CARTESIAN_POINT('',(2.13535E0,3.907854333511E-1,-5.571136211728E-2));
#3475=CARTESIAN_POINT('',(2.13535E0,3.456987621066E-1,-1.016606000965E-1));
#3476=VERTEX_POINT('',#3474);
#3477=VERTEX_POINT('',#3475);
#3478=CARTESIAN_POINT('',(2.13535E0,4.242139347145E-1,-1.787018728304E-1));
#3479=VERTEX_POINT('',#3478);
#3480=CARTESIAN_POINT('',(2.13535E0,2.942067321849E-1,-3.111962824456E-1));
#3481=VERTEX_POINT('',#3480);
#3482=CARTESIAN_POINT('',(2.13535E0,3.489294836814E-1,-3.648917693529E-1));
#3483=VERTEX_POINT('',#3482);
#3484=CARTESIAN_POINT('',(2.13535E0,4.789366862110E-1,-2.323973597378E-1));
#3485=VERTEX_POINT('',#3484);
#3486=CARTESIAN_POINT('',(2.13535E0,5.574519013632E-1,-3.094386742173E-1));
#3487=VERTEX_POINT('',#3486);
#3488=CARTESIAN_POINT('',(2.13535E0,6.025385726076E-1,-2.634894362381E-1));
#3489=VERTEX_POINT('',#3488);
#3490=CARTESIAN_POINT('',(2.15535E0,7.974667532817E-1,6.854423426571E-1));
#3491=CARTESIAN_POINT('',(2.15535E0,6.835756287025E-1,9.079930374259E-1));
#3492=VERTEX_POINT('',#3490);
#3493=VERTEX_POINT('',#3491);
#3494=CARTESIAN_POINT('',(2.15535E0,6.153267493935E-1,8.730664261032E-1));
#3495=VERTEX_POINT('',#3494);
#3496=CARTESIAN_POINT('',(2.15535E0,6.967589004807E-1,7.139426851801E-1));
#3497=VERTEX_POINT('',#3496);
#3498=CARTESIAN_POINT('',(2.15535E0,5.233391303924E-1,8.259914287132E-1));
#3499=VERTEX_POINT('',#3498);
#3500=CARTESIAN_POINT('',(2.15535E0,4.710397139381E-1,7.992270128078E-1));
#3501=VERTEX_POINT('',#3500);
#3502=CARTESIAN_POINT('',(2.15535E0,4.604842526568E-1,5.930282778889E-1));
#3503=VERTEX_POINT('',#3502);
#3504=CARTESIAN_POINT('',(2.15535E0,3.790521015696E-1,7.521520188120E-1));
#3505=VERTEX_POINT('',#3504);
#3506=CARTESIAN_POINT('',(2.15535E0,3.108032073374E-1,7.172253998523E-1));
#3507=VERTEX_POINT('',#3506);
#3508=CARTESIAN_POINT('',(2.15535E0,4.246943319166E-1,4.946747050835E-1));
#3509=VERTEX_POINT('',#3508);
#3510=CARTESIAN_POINT('',(2.15535E0,5.344860094175E-1,5.508609939334E-1));
#3511=VERTEX_POINT('',#3510);
#3512=CARTESIAN_POINT('',(2.15535E0,5.430306002157E-1,7.230325653202E-1));
#3513=VERTEX_POINT('',#3512);
#3514=CARTESIAN_POINT('',(2.15535E0,6.876750708065E-1,6.292560512616E-1));
#3515=VERTEX_POINT('',#3514);
#3516=CARTESIAN_POINT('',(2.15535E0,1.583470963511E-1,4.441898340341E-1));
#3517=VERTEX_POINT('',#3516);
#3518=CARTESIAN_POINT('',(2.15535E0,3.846447104462E-1,3.379382935518E-1));
#3519=VERTEX_POINT('',#3518);
#3520=VERTEX_POINT('',#1246);
#3521=VERTEX_POINT('',#1249);
#3522=VERTEX_POINT('',#1257);
#3523=VERTEX_POINT('',#1265);
#3524=VERTEX_POINT('',#1273);
#3525=VERTEX_POINT('',#1281);
#3526=VERTEX_POINT('',#1289);
#3527=CARTESIAN_POINT('',(2.15535E0,2.610890598500E-1,1.361777610425E-1));
#3528=VERTEX_POINT('',#3527);
#3529=VERTEX_POINT('',#1304);
#3530=VERTEX_POINT('',#1312);
#3531=VERTEX_POINT('',#1320);
#3532=VERTEX_POINT('',#1328);
#3533=CARTESIAN_POINT('',(2.15535E0,3.023113577801E-1,1.430040437892E-1));
#3534=VERTEX_POINT('',#3533);
#3535=VERTEX_POINT('',#1343);
#3536=VERTEX_POINT('',#1351);
#3537=CARTESIAN_POINT('',(2.15535E0,2.903238921407E-1,-2.456464962790E-2));
#3538=VERTEX_POINT('',#3537);
#3539=VERTEX_POINT('',#1366);
#3540=VERTEX_POINT('',#1374);
#3541=VERTEX_POINT('',#1379);
#3542=VERTEX_POINT('',#1382);
#3543=VERTEX_POINT('',#1390);
#3544=VERTEX_POINT('',#1398);
#3545=VERTEX_POINT('',#1406);
#3546=CARTESIAN_POINT('',(2.15535E0,2.080055691392E-1,9.126778222490E-2));
#3547=VERTEX_POINT('',#3546);
#3548=VERTEX_POINT('',#1421);
#3549=VERTEX_POINT('',#1429);
#3550=VERTEX_POINT('',#1437);
#3551=VERTEX_POINT('',#1445);
#3552=VERTEX_POINT('',#1453);
#3553=VERTEX_POINT('',#1461);
#3554=CARTESIAN_POINT('',(2.15535E0,3.907854333511E-1,-5.571136211728E-2));
#3555=CARTESIAN_POINT('',(2.15535E0,3.456987621066E-1,-1.016606000965E-1));
#3556=VERTEX_POINT('',#3554);
#3557=VERTEX_POINT('',#3555);
#3558=CARTESIAN_POINT('',(2.15535E0,4.242139347145E-1,-1.787018728304E-1));
#3559=VERTEX_POINT('',#3558);
#3560=CARTESIAN_POINT('',(2.15535E0,2.942067321849E-1,-3.111962824456E-1));
#3561=VERTEX_POINT('',#3560);
#3562=CARTESIAN_POINT('',(2.15535E0,3.489294836814E-1,-3.648917693529E-1));
#3563=VERTEX_POINT('',#3562);
#3564=CARTESIAN_POINT('',(2.15535E0,4.789366862110E-1,-2.323973597378E-1));
#3565=VERTEX_POINT('',#3564);
#3566=CARTESIAN_POINT('',(2.15535E0,5.574519013632E-1,-3.094386742173E-1));
#3567=VERTEX_POINT('',#3566);
#3568=CARTESIAN_POINT('',(2.15535E0,6.025385726076E-1,-2.634894362381E-1));
#3569=VERTEX_POINT('',#3568);
#3570=CARTESIAN_POINT('',(5.321339E-1,8.495906E-1,9.221874844026E-1));
#3571=CARTESIAN_POINT('',(5.321339E-1,7.984094E-1,9.221874844026E-1));
#3572=VERTEX_POINT('',#3570);
#3573=VERTEX_POINT('',#3571);
#3574=CARTESIAN_POINT('',(6.03E-1,8.495906E-1,5.677007874016E-1));
#3575=CARTESIAN_POINT('',(6.03E-1,8.495906E-1,9.221874844026E-1));
#3576=VERTEX_POINT('',#3574);
#3577=VERTEX_POINT('',#3575);
#3578=CARTESIAN_POINT('',(6.03E-1,7.984094E-1,5.677007874016E-1));
#3579=CARTESIAN_POINT('',(6.03E-1,7.984094E-1,9.221874844026E-1));
#3580=VERTEX_POINT('',#3578);
#3581=VERTEX_POINT('',#3579);
#3582=CARTESIAN_POINT('',(5.321339E-1,7.984094E-1,5.677007874016E-1));
#3583=CARTESIAN_POINT('',(5.321339E-1,8.495906E-1,5.677007874016E-1));
#3584=VERTEX_POINT('',#3582);
#3585=VERTEX_POINT('',#3583);
#3586=CARTESIAN_POINT('',(0.E0,8.568865732620E-2,2.978376029492E-1));
#3587=CARTESIAN_POINT('',(0.E0,-6.769767620432E-3,3.133457348931E-1));
#3588=VERTEX_POINT('',#3586);
#3589=VERTEX_POINT('',#3587);
#3590=CARTESIAN_POINT('',(-1.4025E-1,1.4E-1,-3.176702559897E-1));
#3591=CARTESIAN_POINT('',(0.E0,1.4E-1,-3.176702559897E-1));
#3592=VERTEX_POINT('',#3590);
#3593=VERTEX_POINT('',#3591);
#3594=CARTESIAN_POINT('',(-1.4025E-1,1.4E-1,-1.302751889737E-1));
#3595=CARTESIAN_POINT('',(0.E0,1.4E-1,-1.302751889696E-1));
#3596=VERTEX_POINT('',#3594);
#3597=VERTEX_POINT('',#3595);
#3598=CARTESIAN_POINT('',(1.677913385827E0,8.568865732620E-2,
2.978376029492E-1));
#3599=CARTESIAN_POINT('',(1.677913385827E0,-6.769767620432E-3,
3.133457348931E-1));
#3600=VERTEX_POINT('',#3598);
#3601=VERTEX_POINT('',#3599);
#3602=CARTESIAN_POINT('',(1.412460895531E0,8.568865732620E-2,
2.978376029492E-1));
#3603=CARTESIAN_POINT('',(1.412460895531E0,-6.769767620432E-3,
3.133457348931E-1));
#3604=VERTEX_POINT('',#3602);
#3605=VERTEX_POINT('',#3603);
#3606=CARTESIAN_POINT('',(1.412460895531E0,1.507E0,-3.190584555862E-1));
#3607=CARTESIAN_POINT('',(1.677913385827E0,1.507E0,-3.190584555862E-1));
#3608=VERTEX_POINT('',#3606);
#3609=VERTEX_POINT('',#3607);
#3610=CARTESIAN_POINT('',(1.677913385827E0,1.9E-1,-2.240997244724E-1));
#3611=VERTEX_POINT('',#3610);
#3612=CARTESIAN_POINT('',(1.412460895531E0,1.9E-1,-2.240997244724E-1));
#3613=VERTEX_POINT('',#3612);
#3614=CARTESIAN_POINT('',(1.677913385827E0,1.9E-1,-3.806527207406E-1));
#3615=VERTEX_POINT('',#3614);
#3616=CARTESIAN_POINT('',(1.412460895531E0,1.9E-1,-3.806527207406E-1));
#3617=VERTEX_POINT('',#3616);
#3618=CARTESIAN_POINT('',(2.0616E0,1.557E0,-9.163582330891E-2));
#3619=CARTESIAN_POINT('',(1.8496E0,1.557E0,-9.163582330891E-2));
#3620=VERTEX_POINT('',#3618);
#3621=VERTEX_POINT('',#3619);
#3622=CARTESIAN_POINT('',(2.0616E0,1.525996566945E0,-8.607731662531E-2));
#3623=CARTESIAN_POINT('',(1.8496E0,1.525996566945E0,-8.607731662531E-2));
#3624=VERTEX_POINT('',#3622);
#3625=VERTEX_POINT('',#3623);
#3626=CARTESIAN_POINT('',(1.677913385827E0,1.507E0,-1.998480849556E-1));
#3627=CARTESIAN_POINT('',(1.412460895531E0,1.507E0,-1.998480849556E-1));
#3628=VERTEX_POINT('',#3626);
#3629=VERTEX_POINT('',#3627);
#3630=CARTESIAN_POINT('',(1.677913385827E0,1.477042831453E0,
-1.920252052966E-1));
#3631=CARTESIAN_POINT('',(1.412460895531E0,1.477042831453E0,
-1.920252052966E-1));
#3632=VERTEX_POINT('',#3630);
#3633=VERTEX_POINT('',#3631);
#3634=CARTESIAN_POINT('',(-1.4025E-1,1.525996566945E0,-8.607731662531E-2));
#3635=CARTESIAN_POINT('',(0.E0,1.525996566945E0,-8.607731662531E-2));
#3636=VERTEX_POINT('',#3634);
#3637=VERTEX_POINT('',#3635);
#3638=CARTESIAN_POINT('',(-1.4025E-1,1.557E0,-9.163582330891E-2));
#3639=VERTEX_POINT('',#3638);
#3640=CARTESIAN_POINT('',(0.E0,1.557E0,-9.163582330891E-2));
#3641=VERTEX_POINT('',#3640);
#3642=CARTESIAN_POINT('',(0.E0,0.E0,0.E0));
#3643=DIRECTION('',(1.E0,0.E0,0.E0));
#3644=DIRECTION('',(0.E0,0.E0,-1.E0));
#3645=AXIS2_PLACEMENT_3D('',#3642,#3643,#3644);
#3646=PLANE('',#3645);
#3648=ORIENTED_EDGE('',*,*,#3647,.T.);
#3650=ORIENTED_EDGE('',*,*,#3649,.F.);
#3652=ORIENTED_EDGE('',*,*,#3651,.F.);
#3654=ORIENTED_EDGE('',*,*,#3653,.T.);
#3655=EDGE_LOOP('',(#3648,#3650,#3652,#3654));
#3656=FACE_OUTER_BOUND('',#3655,.F.);
#3658=CARTESIAN_POINT('',(-1.4025E-1,3.9E-1,-5.591766499282E-1));
#3659=DIRECTION('',(0.E0,-1.E0,0.E0));
#3660=DIRECTION('',(0.E0,0.E0,1.E0));
#3661=AXIS2_PLACEMENT_3D('',#3658,#3659,#3660);
#3662=PLANE('',#3661);
#3664=ORIENTED_EDGE('',*,*,#3663,.T.);
#3666=ORIENTED_EDGE('',*,*,#3665,.T.);
#3667=ORIENTED_EDGE('',*,*,#3647,.F.);
#3669=ORIENTED_EDGE('',*,*,#3668,.T.);
#3671=ORIENTED_EDGE('',*,*,#3670,.F.);
#3673=ORIENTED_EDGE('',*,*,#3672,.F.);
#3674=EDGE_LOOP('',(#3664,#3666,#3667,#3669,#3671,#3673));
#3675=FACE_OUTER_BOUND('',#3674,.F.);
#3677=CARTESIAN_POINT('',(-1.2525E-1,0.E0,0.E0));
#3678=DIRECTION('',(-1.E0,0.E0,0.E0));
#3679=DIRECTION('',(0.E0,0.E0,1.E0));
#3680=AXIS2_PLACEMENT_3D('',#3677,#3678,#3679);
#3681=PLANE('',#3680);
#3682=ORIENTED_EDGE('',*,*,#3663,.F.);
#3684=ORIENTED_EDGE('',*,*,#3683,.F.);
#3686=ORIENTED_EDGE('',*,*,#3685,.F.);
#3688=ORIENTED_EDGE('',*,*,#3687,.F.);
#3689=EDGE_LOOP('',(#3682,#3684,#3686,#3688));
#3690=FACE_OUTER_BOUND('',#3689,.F.);
#3692=ORIENTED_EDGE('',*,*,#3691,.T.);
#3694=ORIENTED_EDGE('',*,*,#3693,.T.);
#3695=EDGE_LOOP('',(#3692,#3694));
#3696=FACE_BOUND('',#3695,.F.);
#3698=ORIENTED_EDGE('',*,*,#3697,.T.);
#3700=ORIENTED_EDGE('',*,*,#3699,.T.);
#3701=EDGE_LOOP('',(#3698,#3700));
#3702=FACE_BOUND('',#3701,.F.);
#3704=ORIENTED_EDGE('',*,*,#3703,.T.);
#3706=ORIENTED_EDGE('',*,*,#3705,.T.);
#3707=EDGE_LOOP('',(#3704,#3706));
#3708=FACE_BOUND('',#3707,.F.);
#3710=CARTESIAN_POINT('',(-1.4025E-1,8.24E-1,1.74E-1));
#3711=DIRECTION('',(-1.E0,0.E0,0.E0));
#3712=DIRECTION('',(0.E0,0.E0,-1.E0));
#3713=AXIS2_PLACEMENT_3D('',#3710,#3711,#3712);
#3714=CYLINDRICAL_SURFACE('',#3713,1.275E0);
#3715=ORIENTED_EDGE('',*,*,#3683,.T.);
#3716=ORIENTED_EDGE('',*,*,#3672,.T.);
#3718=ORIENTED_EDGE('',*,*,#3717,.F.);
#3720=ORIENTED_EDGE('',*,*,#3719,.F.);
#3721=EDGE_LOOP('',(#3715,#3716,#3718,#3720));
#3722=FACE_OUTER_BOUND('',#3721,.F.);
#3724=CARTESIAN_POINT('',(2.005E-2,0.E0,0.E0));
#3725=DIRECTION('',(-1.E0,0.E0,0.E0));
#3726=DIRECTION('',(0.E0,0.E0,-1.E0));
#3727=AXIS2_PLACEMENT_3D('',#3724,#3725,#3726);
#3728=PLANE('',#3727);
#3730=ORIENTED_EDGE('',*,*,#3729,.T.);
#3732=ORIENTED_EDGE('',*,*,#3731,.T.);
#3733=ORIENTED_EDGE('',*,*,#3717,.T.);
#3734=ORIENTED_EDGE('',*,*,#3670,.T.);
#3736=ORIENTED_EDGE('',*,*,#3735,.T.);
#3737=EDGE_LOOP('',(#3730,#3732,#3733,#3734,#3736));
#3738=FACE_OUTER_BOUND('',#3737,.F.);
#3740=ORIENTED_EDGE('',*,*,#3739,.F.);
#3742=ORIENTED_EDGE('',*,*,#3741,.F.);
#3743=EDGE_LOOP('',(#3740,#3742));
#3744=FACE_BOUND('',#3743,.F.);
#3746=ORIENTED_EDGE('',*,*,#3745,.F.);
#3748=ORIENTED_EDGE('',*,*,#3747,.F.);
#3749=EDGE_LOOP('',(#3746,#3748));
#3750=FACE_BOUND('',#3749,.F.);
#3752=ORIENTED_EDGE('',*,*,#3751,.F.);
#3754=ORIENTED_EDGE('',*,*,#3753,.F.);
#3755=EDGE_LOOP('',(#3752,#3754));
#3756=FACE_BOUND('',#3755,.F.);
#3758=CARTESIAN_POINT('',(0.E0,8.24E-1,1.74E-1));
#3759=DIRECTION('',(1.E0,0.E0,0.E0));
#3760=DIRECTION('',(0.E0,0.E0,-1.E0));
#3761=AXIS2_PLACEMENT_3D('',#3758,#3759,#3760);
#3762=CYLINDRICAL_SURFACE('',#3761,8.42375E-1);
#3764=ORIENTED_EDGE('',*,*,#3763,.T.);
#3766=ORIENTED_EDGE('',*,*,#3765,.F.);
#3768=ORIENTED_EDGE('',*,*,#3767,.T.);
#3770=ORIENTED_EDGE('',*,*,#3769,.T.);
#3772=ORIENTED_EDGE('',*,*,#3771,.T.);
#3773=ORIENTED_EDGE('',*,*,#3649,.T.);
#3774=ORIENTED_EDGE('',*,*,#3665,.F.);
#3775=ORIENTED_EDGE('',*,*,#3687,.T.);
#3777=ORIENTED_EDGE('',*,*,#3776,.T.);
#3778=ORIENTED_EDGE('',*,*,#3729,.F.);
#3780=ORIENTED_EDGE('',*,*,#3779,.F.);
#3782=ORIENTED_EDGE('',*,*,#3781,.T.);
#3784=ORIENTED_EDGE('',*,*,#3783,.T.);
#3786=ORIENTED_EDGE('',*,*,#3785,.T.);
#3788=ORIENTED_EDGE('',*,*,#3787,.F.);
#3790=ORIENTED_EDGE('',*,*,#3789,.F.);
#3792=ORIENTED_EDGE('',*,*,#3791,.F.);
#3794=ORIENTED_EDGE('',*,*,#3793,.T.);
#3795=EDGE_LOOP('',(#3764,#3766,#3768,#3770,#3772,#3773,#3774,#3775,#3777,#3778,
#3780,#3782,#3784,#3786,#3788,#3790,#3792,#3794));
#3796=FACE_OUTER_BOUND('',#3795,.F.);
#3798=CARTESIAN_POINT('',(0.E0,8.24E-1,1.74E-1));
#3799=DIRECTION('',(1.E0,0.E0,0.E0));
#3800=DIRECTION('',(0.E0,0.E0,-1.E0));
#3801=AXIS2_PLACEMENT_3D('',#3798,#3799,#3800);
#3802=CYLINDRICAL_SURFACE('',#3801,8.42375E-1);
#3804=ORIENTED_EDGE('',*,*,#3803,.F.);
#3806=ORIENTED_EDGE('',*,*,#3805,.F.);
#3808=ORIENTED_EDGE('',*,*,#3807,.F.);
#3810=ORIENTED_EDGE('',*,*,#3809,.F.);
#3812=ORIENTED_EDGE('',*,*,#3811,.T.);
#3814=ORIENTED_EDGE('',*,*,#3813,.T.);
#3816=ORIENTED_EDGE('',*,*,#3815,.T.);
#3818=ORIENTED_EDGE('',*,*,#3817,.T.);
#3820=ORIENTED_EDGE('',*,*,#3819,.T.);
#3822=ORIENTED_EDGE('',*,*,#3821,.F.);
#3824=ORIENTED_EDGE('',*,*,#3823,.T.);
#3826=ORIENTED_EDGE('',*,*,#3825,.T.);
#3828=ORIENTED_EDGE('',*,*,#3827,.T.);
#3830=ORIENTED_EDGE('',*,*,#3829,.F.);
#3832=ORIENTED_EDGE('',*,*,#3831,.T.);
#3834=ORIENTED_EDGE('',*,*,#3833,.F.);
#3836=ORIENTED_EDGE('',*,*,#3835,.T.);
#3838=ORIENTED_EDGE('',*,*,#3837,.F.);
#3839=EDGE_LOOP('',(#3804,#3806,#3808,#3810,#3812,#3814,#3816,#3818,#3820,#3822,
#3824,#3826,#3828,#3830,#3832,#3834,#3836,#3838));
#3840=FACE_OUTER_BOUND('',#3839,.F.);
#3842=CARTESIAN_POINT('',(-1.4025E-1,1.4E-1,-1.302751889737E-1));
#3843=DIRECTION('',(0.E0,1.E0,0.E0));
#3844=DIRECTION('',(0.E0,0.E0,-1.E0));
#3845=AXIS2_PLACEMENT_3D('',#3842,#3843,#3844);
#3846=PLANE('',#3845);
#3847=ORIENTED_EDGE('',*,*,#3763,.F.);
#3849=ORIENTED_EDGE('',*,*,#3848,.F.);
#3851=ORIENTED_EDGE('',*,*,#3850,.T.);
#3853=ORIENTED_EDGE('',*,*,#3852,.T.);
#3854=EDGE_LOOP('',(#3847,#3849,#3851,#3853));
#3855=FACE_OUTER_BOUND('',#3854,.F.);
#3857=CARTESIAN_POINT('',(-1.4025E-1,0.E0,0.E0));
#3858=DIRECTION('',(-1.E0,0.E0,0.E0));
#3859=DIRECTION('',(0.E0,0.E0,1.E0));
#3860=AXIS2_PLACEMENT_3D('',#3857,#3858,#3859);
#3861=PLANE('',#3860);
#3863=ORIENTED_EDGE('',*,*,#3862,.F.);
#3865=ORIENTED_EDGE('',*,*,#3864,.F.);
#3866=ORIENTED_EDGE('',*,*,#3848,.T.);
#3867=ORIENTED_EDGE('',*,*,#3793,.F.);
#3869=ORIENTED_EDGE('',*,*,#3868,.F.);
#3870=EDGE_LOOP('',(#3863,#3865,#3866,#3867,#3869));
#3871=FACE_OUTER_BOUND('',#3870,.F.);
#3873=CARTESIAN_POINT('',(-3.34875666E0,1.541E0,-9.163582330891E-2));
#3874=DIRECTION('',(1.E0,0.E0,0.E0));
#3875=DIRECTION('',(0.E0,1.E0,0.E0));
#3876=AXIS2_PLACEMENT_3D('',#3873,#3874,#3875);
#3877=CYLINDRICAL_SURFACE('',#3876,1.6E-2);
#3879=ORIENTED_EDGE('',*,*,#3878,.F.);
#3880=ORIENTED_EDGE('',*,*,#3862,.T.);
#3882=ORIENTED_EDGE('',*,*,#3881,.T.);
#3884=ORIENTED_EDGE('',*,*,#3883,.T.);
#3885=EDGE_LOOP('',(#3879,#3880,#3882,#3884));
#3886=FACE_OUTER_BOUND('',#3885,.F.);
#3888=CARTESIAN_POINT('',(0.E0,8.24E-1,1.74E-1));
#3889=DIRECTION('',(1.E0,0.E0,0.E0));
#3890=DIRECTION('',(0.E0,0.E0,-1.E0));
#3891=AXIS2_PLACEMENT_3D('',#3888,#3889,#3890);
#3892=CYLINDRICAL_SURFACE('',#3891,7.48625E-1);
#3894=ORIENTED_EDGE('',*,*,#3893,.F.);
#3896=ORIENTED_EDGE('',*,*,#3895,.F.);
#3898=ORIENTED_EDGE('',*,*,#3897,.F.);
#3900=ORIENTED_EDGE('',*,*,#3899,.F.);
#3902=ORIENTED_EDGE('',*,*,#3901,.T.);
#3904=ORIENTED_EDGE('',*,*,#3903,.T.);
#3906=ORIENTED_EDGE('',*,*,#3905,.F.);
#3908=ORIENTED_EDGE('',*,*,#3907,.F.);
#3910=ORIENTED_EDGE('',*,*,#3909,.T.);
#3912=ORIENTED_EDGE('',*,*,#3911,.T.);
#3913=ORIENTED_EDGE('',*,*,#3850,.F.);
#3914=ORIENTED_EDGE('',*,*,#3864,.T.);
#3915=ORIENTED_EDGE('',*,*,#3878,.T.);
#3917=ORIENTED_EDGE('',*,*,#3916,.F.);
#3919=ORIENTED_EDGE('',*,*,#3918,.T.);
#3921=ORIENTED_EDGE('',*,*,#3920,.F.);
#3923=ORIENTED_EDGE('',*,*,#3922,.T.);
#3925=ORIENTED_EDGE('',*,*,#3924,.T.);
#3927=ORIENTED_EDGE('',*,*,#3926,.T.);
#3929=ORIENTED_EDGE('',*,*,#3928,.T.);
#3931=ORIENTED_EDGE('',*,*,#3930,.F.);
#3933=ORIENTED_EDGE('',*,*,#3932,.T.);
#3935=ORIENTED_EDGE('',*,*,#3934,.T.);
#3937=ORIENTED_EDGE('',*,*,#3936,.F.);
#3939=ORIENTED_EDGE('',*,*,#3938,.F.);
#3941=ORIENTED_EDGE('',*,*,#3940,.F.);
#3943=ORIENTED_EDGE('',*,*,#3942,.T.);
#3945=ORIENTED_EDGE('',*,*,#3944,.F.);
#3946=EDGE_LOOP('',(#3894,#3896,#3898,#3900,#3902,#3904,#3906,#3908,#3910,#3912,
#3913,#3914,#3915,#3917,#3919,#3921,#3923,#3925,#3927,#3929,#3931,#3933,#3935,
#3937,#3939,#3941,#3943,#3945));
#3947=FACE_OUTER_BOUND('',#3946,.F.);
#3949=ORIENTED_EDGE('',*,*,#3948,.T.);
#3951=ORIENTED_EDGE('',*,*,#3950,.T.);
#3953=ORIENTED_EDGE('',*,*,#3952,.F.);
#3955=ORIENTED_EDGE('',*,*,#3954,.F.);
#3956=EDGE_LOOP('',(#3949,#3951,#3953,#3955));
#3957=FACE_BOUND('',#3956,.F.);
#3959=CARTESIAN_POINT('',(1.603E-1,0.E0,0.E0));
#3960=DIRECTION('',(-1.E0,0.E0,0.E0));
#3961=DIRECTION('',(0.E0,0.E0,1.E0));
#3962=AXIS2_PLACEMENT_3D('',#3959,#3960,#3961);
#3963=PLANE('',#3962);
#3964=ORIENTED_EDGE('',*,*,#3781,.F.);
#3966=ORIENTED_EDGE('',*,*,#3965,.T.);
#3967=ORIENTED_EDGE('',*,*,#3948,.F.);
#3969=ORIENTED_EDGE('',*,*,#3968,.T.);
#3970=EDGE_LOOP('',(#3964,#3966,#3967,#3969));
#3971=FACE_OUTER_BOUND('',#3970,.F.);
#3973=CARTESIAN_POINT('',(1.603E-1,3.9E-1,-1.249549341951E0));
#3974=DIRECTION('',(0.E0,-1.E0,0.E0));
#3975=DIRECTION('',(0.E0,0.E0,1.E0));
#3976=AXIS2_PLACEMENT_3D('',#3973,#3974,#3975);
#3977=PLANE('',#3976);
#3978=ORIENTED_EDGE('',*,*,#3735,.F.);
#3980=ORIENTED_EDGE('',*,*,#3979,.T.);
#3982=ORIENTED_EDGE('',*,*,#3981,.T.);
#3983=ORIENTED_EDGE('',*,*,#3950,.F.);
#3984=ORIENTED_EDGE('',*,*,#3965,.F.);
#3985=ORIENTED_EDGE('',*,*,#3779,.T.);
#3986=EDGE_LOOP('',(#3978,#3980,#3982,#3983,#3984,#3985));
#3987=FACE_OUTER_BOUND('',#3986,.F.);
#3989=ORIENTED_EDGE('',*,*,#3988,.F.);
#3991=ORIENTED_EDGE('',*,*,#3990,.T.);
#3993=ORIENTED_EDGE('',*,*,#3992,.T.);
#3995=ORIENTED_EDGE('',*,*,#3994,.F.);
#3996=EDGE_LOOP('',(#3989,#3991,#3993,#3995));
#3997=FACE_BOUND('',#3996,.F.);
#3999=CARTESIAN_POINT('',(1.0933E0,0.E0,0.E0));
#4000=DIRECTION('',(-1.E0,0.E0,0.E0));
#4001=DIRECTION('',(0.E0,-1.E0,0.E0));
#4002=AXIS2_PLACEMENT_3D('',#3999,#4000,#4001);
#4003=PLANE('',#4002);
#4005=ORIENTED_EDGE('',*,*,#4004,.T.);
#4007=ORIENTED_EDGE('',*,*,#4006,.F.);
#4009=ORIENTED_EDGE('',*,*,#4008,.T.);
#4010=ORIENTED_EDGE('',*,*,#3811,.F.);
#4011=EDGE_LOOP('',(#4005,#4007,#4009,#4010));
#4012=FACE_OUTER_BOUND('',#4011,.F.);
#4014=CARTESIAN_POINT('',(1.0933E0,0.E0,0.E0));
#4015=DIRECTION('',(-1.E0,0.E0,0.E0));
#4016=DIRECTION('',(0.E0,-1.E0,0.E0));
#4017=AXIS2_PLACEMENT_3D('',#4014,#4015,#4016);
#4018=PLANE('',#4017);
#4020=ORIENTED_EDGE('',*,*,#4019,.T.);
#4022=ORIENTED_EDGE('',*,*,#4021,.F.);
#4024=ORIENTED_EDGE('',*,*,#4023,.F.);
#4025=ORIENTED_EDGE('',*,*,#3988,.T.);
#4027=ORIENTED_EDGE('',*,*,#4026,.F.);
#4028=EDGE_LOOP('',(#4020,#4022,#4024,#4025,#4027));
#4029=FACE_OUTER_BOUND('',#4028,.F.);
#4031=CARTESIAN_POINT('',(0.E0,7.755709153975E-1,1.014981726549E0));
#4032=DIRECTION('',(0.E0,-9.983460175683E-1,-5.749112284021E-2));
#4033=DIRECTION('',(0.E0,5.749112284021E-2,-9.983460175683E-1));
#4034=AXIS2_PLACEMENT_3D('',#4031,#4032,#4033);
#4035=PLANE('',#4034);
#4037=ORIENTED_EDGE('',*,*,#4036,.F.);
#4038=ORIENTED_EDGE('',*,*,#3837,.T.);
#4040=ORIENTED_EDGE('',*,*,#4039,.T.);
#4041=ORIENTED_EDGE('',*,*,#3942,.F.);
#4042=EDGE_LOOP('',(#4037,#4038,#4040,#4041));
#4043=FACE_OUTER_BOUND('',#4042,.F.);
#4045=CARTESIAN_POINT('',(0.E0,7.755709153975E-1,1.014981726549E0));
#4046=DIRECTION('',(0.E0,-9.983460175683E-1,-5.749112284021E-2));
#4047=DIRECTION('',(0.E0,5.749112284021E-2,-9.983460175683E-1));
#4048=AXIS2_PLACEMENT_3D('',#4045,#4046,#4047);
#4049=PLANE('',#4048);
#4050=ORIENTED_EDGE('',*,*,#3918,.F.);
#4052=ORIENTED_EDGE('',*,*,#4051,.F.);
#4053=ORIENTED_EDGE('',*,*,#3787,.T.);
#4055=ORIENTED_EDGE('',*,*,#4054,.T.);
#4057=ORIENTED_EDGE('',*,*,#4056,.F.);
#4058=ORIENTED_EDGE('',*,*,#4004,.F.);
#4059=ORIENTED_EDGE('',*,*,#3809,.T.);
#4061=ORIENTED_EDGE('',*,*,#4060,.T.);
#4062=ORIENTED_EDGE('',*,*,#3934,.F.);
#4064=ORIENTED_EDGE('',*,*,#4063,.T.);
#4065=EDGE_LOOP('',(#4050,#4052,#4053,#4055,#4057,#4058,#4059,#4061,#4062,
#4064));
#4066=FACE_OUTER_BOUND('',#4065,.F.);
#4068=CARTESIAN_POINT('',(1.677913385827E0,7.755709153975E-1,1.5E0));
#4069=DIRECTION('',(1.E0,0.E0,0.E0));
#4070=DIRECTION('',(0.E0,1.E0,0.E0));
#4071=AXIS2_PLACEMENT_3D('',#4068,#4069,#4070);
#4072=PLANE('',#4071);
#4074=ORIENTED_EDGE('',*,*,#4073,.T.);
#4076=ORIENTED_EDGE('',*,*,#4075,.T.);
#4078=ORIENTED_EDGE('',*,*,#4077,.F.);
#4079=ORIENTED_EDGE('',*,*,#3903,.F.);
#4080=EDGE_LOOP('',(#4074,#4076,#4078,#4079));
#4081=FACE_OUTER_BOUND('',#4080,.F.);
#4083=CARTESIAN_POINT('',(1.677913385827E0,7.755709153975E-1,1.5E0));
#4084=DIRECTION('',(1.E0,0.E0,0.E0));
#4085=DIRECTION('',(0.E0,1.E0,0.E0));
#4086=AXIS2_PLACEMENT_3D('',#4083,#4084,#4085);
#4087=PLANE('',#4086);
#4088=ORIENTED_EDGE('',*,*,#3940,.T.);
#4090=ORIENTED_EDGE('',*,*,#4089,.F.);
#4092=ORIENTED_EDGE('',*,*,#4091,.F.);
#4093=ORIENTED_EDGE('',*,*,#3803,.T.);
#4094=ORIENTED_EDGE('',*,*,#4036,.T.);
#4095=EDGE_LOOP('',(#4088,#4090,#4092,#4093,#4094));
#4096=FACE_OUTER_BOUND('',#4095,.F.);
#4098=CARTESIAN_POINT('',(0.E0,8.568865732620E-2,2.978376029492E-1));
#4099=DIRECTION('',(0.E0,1.654200740681E-1,9.862231994307E-1));
#4100=DIRECTION('',(0.E0,-9.862231994307E-1,1.654200740681E-1));
#4101=AXIS2_PLACEMENT_3D('',#4098,#4099,#4100);
#4102=PLANE('',#4101);
#4103=ORIENTED_EDGE('',*,*,#4073,.F.);
#4104=ORIENTED_EDGE('',*,*,#3901,.F.);
#4106=ORIENTED_EDGE('',*,*,#4105,.T.);
#4108=ORIENTED_EDGE('',*,*,#4107,.F.);
#4109=EDGE_LOOP('',(#4103,#4104,#4106,#4108));
#4110=FACE_OUTER_BOUND('',#4109,.F.);
#4112=CARTESIAN_POINT('',(0.E0,8.568865732620E-2,2.978376029492E-1));
#4113=DIRECTION('',(0.E0,1.654200740681E-1,9.862231994307E-1));
#4114=DIRECTION('',(0.E0,-9.862231994307E-1,1.654200740681E-1));
#4115=AXIS2_PLACEMENT_3D('',#4112,#4113,#4114);
#4116=PLANE('',#4115);
#4118=ORIENTED_EDGE('',*,*,#4117,.T.);
#4120=ORIENTED_EDGE('',*,*,#4119,.F.);
#4121=ORIENTED_EDGE('',*,*,#4019,.F.);
#4123=ORIENTED_EDGE('',*,*,#4122,.T.);
#4125=ORIENTED_EDGE('',*,*,#4124,.T.);
#4126=ORIENTED_EDGE('',*,*,#3767,.F.);
#4128=ORIENTED_EDGE('',*,*,#4127,.F.);
#4129=ORIENTED_EDGE('',*,*,#3909,.F.);
#4130=EDGE_LOOP('',(#4118,#4120,#4121,#4123,#4125,#4126,#4128,#4129));
#4131=FACE_OUTER_BOUND('',#4130,.F.);
#4133=CARTESIAN_POINT('',(1.8496E0,0.E0,0.E0));
#4134=DIRECTION('',(1.E0,0.E0,0.E0));
#4135=DIRECTION('',(0.E0,0.E0,-1.E0));
#4136=AXIS2_PLACEMENT_3D('',#4133,#4134,#4135);
#4137=PLANE('',#4136);
#4138=ORIENTED_EDGE('',*,*,#4105,.F.);
#4139=ORIENTED_EDGE('',*,*,#3899,.T.);
#4141=ORIENTED_EDGE('',*,*,#4140,.F.);
#4143=ORIENTED_EDGE('',*,*,#4142,.F.);
#4144=EDGE_LOOP('',(#4138,#4139,#4141,#4143));
#4145=FACE_OUTER_BOUND('',#4144,.F.);
#4147=CARTESIAN_POINT('',(1.8496E0,0.E0,0.E0));
#4148=DIRECTION('',(1.E0,0.E0,0.E0));
#4149=DIRECTION('',(0.E0,0.E0,-1.E0));
#4150=AXIS2_PLACEMENT_3D('',#4147,#4148,#4149);
#4151=PLANE('',#4150);
#4153=ORIENTED_EDGE('',*,*,#4152,.F.);
#4155=ORIENTED_EDGE('',*,*,#4154,.F.);
#4156=ORIENTED_EDGE('',*,*,#3944,.T.);
#4157=ORIENTED_EDGE('',*,*,#4039,.F.);
#4158=ORIENTED_EDGE('',*,*,#3835,.F.);
#4159=EDGE_LOOP('',(#4153,#4155,#4156,#4157,#4158));
#4160=FACE_OUTER_BOUND('',#4159,.F.);
#4162=CARTESIAN_POINT('',(2.0616E0,1.4E-1,-3.176702559897E-1));
#4163=DIRECTION('',(0.E0,1.E0,0.E0));
#4164=DIRECTION('',(0.E0,0.E0,1.E0));
#4165=AXIS2_PLACEMENT_3D('',#4162,#4163,#4164);
#4166=PLANE('',#4165);
#4168=ORIENTED_EDGE('',*,*,#4167,.T.);
#4170=ORIENTED_EDGE('',*,*,#4169,.F.);
#4171=ORIENTED_EDGE('',*,*,#4140,.T.);
#4172=ORIENTED_EDGE('',*,*,#3897,.T.);
#4173=EDGE_LOOP('',(#4168,#4170,#4171,#4172));
#4174=FACE_OUTER_BOUND('',#4173,.F.);
#4176=CARTESIAN_POINT('',(2.0616E0,0.E0,0.E0));
#4177=DIRECTION('',(1.E0,0.E0,0.E0));
#4178=DIRECTION('',(0.E0,0.E0,-1.E0));
#4179=AXIS2_PLACEMENT_3D('',#4176,#4177,#4178);
#4180=PLANE('',#4179);
#4182=ORIENTED_EDGE('',*,*,#4181,.F.);
#4184=ORIENTED_EDGE('',*,*,#4183,.F.);
#4185=EDGE_LOOP('',(#4182,#4184));
#4186=FACE_OUTER_BOUND('',#4185,.F.);
#4188=ORIENTED_EDGE('',*,*,#4187,.T.);
#4190=ORIENTED_EDGE('',*,*,#4189,.T.);
#4191=EDGE_LOOP('',(#4188,#4190));
#4192=FACE_BOUND('',#4191,.F.);
#4194=CARTESIAN_POINT('',(2.0616E0,0.E0,0.E0));
#4195=DIRECTION('',(1.E0,0.E0,0.E0));
#4196=DIRECTION('',(0.E0,0.E0,-1.E0));
#4197=AXIS2_PLACEMENT_3D('',#4194,#4195,#4196);
#4198=PLANE('',#4197);
#4199=ORIENTED_EDGE('',*,*,#3895,.T.);
#4201=ORIENTED_EDGE('',*,*,#4200,.F.);
#4203=ORIENTED_EDGE('',*,*,#4202,.F.);
#4204=ORIENTED_EDGE('',*,*,#3831,.F.);
#4206=ORIENTED_EDGE('',*,*,#4205,.T.);
#4207=ORIENTED_EDGE('',*,*,#4167,.F.);
#4208=EDGE_LOOP('',(#4199,#4201,#4203,#4204,#4206,#4207));
#4209=FACE_OUTER_BOUND('',#4208,.F.);
#4211=ORIENTED_EDGE('',*,*,#4210,.T.);
#4213=ORIENTED_EDGE('',*,*,#4212,.T.);
#4214=EDGE_LOOP('',(#4211,#4213));
#4215=FACE_BOUND('',#4214,.F.);
#4217=CARTESIAN_POINT('',(2.0616E0,8.24E-1,1.74E-1));
#4218=DIRECTION('',(-1.E0,0.E0,0.E0));
#4219=DIRECTION('',(0.E0,0.E0,1.E0));
#4220=AXIS2_PLACEMENT_3D('',#4217,#4218,#4219);
#4221=CYLINDRICAL_SURFACE('',#4220,3.2086615E-1);
#4222=ORIENTED_EDGE('',*,*,#4210,.F.);
#4224=ORIENTED_EDGE('',*,*,#4223,.T.);
#4226=ORIENTED_EDGE('',*,*,#4225,.T.);
#4228=ORIENTED_EDGE('',*,*,#4227,.F.);
#4229=EDGE_LOOP('',(#4222,#4224,#4226,#4228));
#4230=FACE_OUTER_BOUND('',#4229,.F.);
#4232=CARTESIAN_POINT('',(2.0616E0,8.24E-1,1.74E-1));
#4233=DIRECTION('',(-1.E0,0.E0,0.E0));
#4234=DIRECTION('',(0.E0,0.E0,1.E0));
#4235=AXIS2_PLACEMENT_3D('',#4232,#4233,#4234);
#4236=CYLINDRICAL_SURFACE('',#4235,3.2086615E-1);
#4237=ORIENTED_EDGE('',*,*,#4212,.F.);
#4238=ORIENTED_EDGE('',*,*,#4227,.T.);
#4240=ORIENTED_EDGE('',*,*,#4239,.T.);
#4241=ORIENTED_EDGE('',*,*,#4223,.F.);
#4242=EDGE_LOOP('',(#4237,#4238,#4240,#4241));
#4243=FACE_OUTER_BOUND('',#4242,.F.);
#4245=CARTESIAN_POINT('',(2.0816E0,0.E0,0.E0));
#4246=DIRECTION('',(-1.E0,0.E0,0.E0));
#4247=DIRECTION('',(0.E0,0.E0,1.E0));
#4248=AXIS2_PLACEMENT_3D('',#4245,#4246,#4247);
#4249=PLANE('',#4248);
#4250=ORIENTED_EDGE('',*,*,#4225,.F.);
#4251=ORIENTED_EDGE('',*,*,#4239,.F.);
#4252=EDGE_LOOP('',(#4250,#4251));
#4253=FACE_OUTER_BOUND('',#4252,.F.);
#4255=ORIENTED_EDGE('',*,*,#4254,.F.);
#4257=ORIENTED_EDGE('',*,*,#4256,.F.);
#4258=EDGE_LOOP('',(#4255,#4257));
#4259=FACE_BOUND('',#4258,.F.);
#4261=CARTESIAN_POINT('',(2.0616E0,8.24E-1,1.74E-1));
#4262=DIRECTION('',(-1.E0,0.E0,0.E0));
#4263=DIRECTION('',(0.E0,0.E0,1.E0));
#4264=AXIS2_PLACEMENT_3D('',#4261,#4262,#4263);
#4265=CYLINDRICAL_SURFACE('',#4264,1.968505E-1);
#4266=ORIENTED_EDGE('',*,*,#4181,.T.);
#4268=ORIENTED_EDGE('',*,*,#4267,.T.);
#4269=ORIENTED_EDGE('',*,*,#4254,.T.);
#4271=ORIENTED_EDGE('',*,*,#4270,.F.);
#4272=EDGE_LOOP('',(#4266,#4268,#4269,#4271));
#4273=FACE_OUTER_BOUND('',#4272,.F.);
#4275=CARTESIAN_POINT('',(2.0616E0,8.24E-1,1.74E-1));
#4276=DIRECTION('',(-1.E0,0.E0,0.E0));
#4277=DIRECTION('',(0.E0,0.E0,1.E0));
#4278=AXIS2_PLACEMENT_3D('',#4275,#4276,#4277);
#4279=CYLINDRICAL_SURFACE('',#4278,1.968505E-1);
#4280=ORIENTED_EDGE('',*,*,#4183,.T.);
#4281=ORIENTED_EDGE('',*,*,#4270,.T.);
#4282=ORIENTED_EDGE('',*,*,#4256,.T.);
#4283=ORIENTED_EDGE('',*,*,#4267,.F.);
#4284=EDGE_LOOP('',(#4280,#4281,#4282,#4283));
#4285=FACE_OUTER_BOUND('',#4284,.F.);
#4287=CARTESIAN_POINT('',(2.0616E0,8.24E-1,1.74E-1));
#4288=DIRECTION('',(-1.E0,0.E0,0.E0));
#4289=DIRECTION('',(0.E0,-1.E0,0.E0));
#4290=AXIS2_PLACEMENT_3D('',#4287,#4288,#4289);
#4291=CYLINDRICAL_SURFACE('',#4290,1.574805E-1);
#4292=ORIENTED_EDGE('',*,*,#4187,.F.);
#4294=ORIENTED_EDGE('',*,*,#4293,.T.);
#4296=ORIENTED_EDGE('',*,*,#4295,.T.);
#4298=ORIENTED_EDGE('',*,*,#4297,.F.);
#4299=EDGE_LOOP('',(#4292,#4294,#4296,#4298));
#4300=FACE_OUTER_BOUND('',#4299,.F.);
#4302=CARTESIAN_POINT('',(2.0616E0,8.24E-1,1.74E-1));
#4303=DIRECTION('',(-1.E0,0.E0,0.E0));
#4304=DIRECTION('',(0.E0,-1.E0,0.E0));
#4305=AXIS2_PLACEMENT_3D('',#4302,#4303,#4304);
#4306=CYLINDRICAL_SURFACE('',#4305,1.574805E-1);
#4307=ORIENTED_EDGE('',*,*,#4189,.F.);
#4308=ORIENTED_EDGE('',*,*,#4297,.T.);
#4310=ORIENTED_EDGE('',*,*,#4309,.T.);
#4311=ORIENTED_EDGE('',*,*,#4293,.F.);
#4312=EDGE_LOOP('',(#4307,#4308,#4310,#4311));
#4313=FACE_OUTER_BOUND('',#4312,.F.);
#4315=CARTESIAN_POINT('',(1.864754E0,0.E0,0.E0));
#4316=DIRECTION('',(-1.E0,0.E0,0.E0));
#4317=DIRECTION('',(0.E0,-1.E0,0.E0));
#4318=AXIS2_PLACEMENT_3D('',#4315,#4316,#4317);
#4319=PLANE('',#4318);
#4320=ORIENTED_EDGE('',*,*,#4295,.F.);
#4321=ORIENTED_EDGE('',*,*,#4309,.F.);
#4322=EDGE_LOOP('',(#4320,#4321));
#4323=FACE_OUTER_BOUND('',#4322,.F.);
#4325=ORIENTED_EDGE('',*,*,#4324,.F.);
#4327=ORIENTED_EDGE('',*,*,#4326,.F.);
#4328=EDGE_LOOP('',(#4325,#4327));
#4329=FACE_BOUND('',#4328,.F.);
#4331=CARTESIAN_POINT('',(1.864754E0,8.24E-1,1.74E-1));
#4332=DIRECTION('',(1.E0,0.E0,0.E0));
#4333=DIRECTION('',(0.E0,1.E0,0.E0));
#4334=AXIS2_PLACEMENT_3D('',#4331,#4332,#4333);
#4335=CYLINDRICAL_SURFACE('',#4334,1.10236E-1);
#4336=ORIENTED_EDGE('',*,*,#4324,.T.);
#4338=ORIENTED_EDGE('',*,*,#4337,.T.);
#4340=ORIENTED_EDGE('',*,*,#4339,.F.);
#4342=ORIENTED_EDGE('',*,*,#4341,.F.);
#4343=EDGE_LOOP('',(#4336,#4338,#4340,#4342));
#4344=FACE_OUTER_BOUND('',#4343,.F.);
#4346=CARTESIAN_POINT('',(1.864754E0,8.24E-1,1.74E-1));
#4347=DIRECTION('',(1.E0,0.E0,0.E0));
#4348=DIRECTION('',(0.E0,1.E0,0.E0));
#4349=AXIS2_PLACEMENT_3D('',#4346,#4347,#4348);
#4350=CYLINDRICAL_SURFACE('',#4349,1.10236E-1);
#4351=ORIENTED_EDGE('',*,*,#4326,.T.);
#4352=ORIENTED_EDGE('',*,*,#4341,.T.);
#4354=ORIENTED_EDGE('',*,*,#4353,.F.);
#4355=ORIENTED_EDGE('',*,*,#4337,.F.);
#4356=EDGE_LOOP('',(#4351,#4352,#4354,#4355));
#4357=FACE_OUTER_BOUND('',#4356,.F.);
#4359=CARTESIAN_POINT('',(2.049793E0,8.24E-1,1.74E-1));
#4360=DIRECTION('',(1.E0,0.E0,0.E0));
#4361=DIRECTION('',(0.E0,1.E0,0.E0));
#4362=AXIS2_PLACEMENT_3D('',#4359,#4360,#4361);
#4363=PLANE('',#4362);
#4364=ORIENTED_EDGE('',*,*,#4339,.T.);
#4365=ORIENTED_EDGE('',*,*,#4353,.T.);
#4366=EDGE_LOOP('',(#4364,#4365));
#4367=FACE_OUTER_BOUND('',#4366,.F.);
#4369=CARTESIAN_POINT('',(5.27010666E0,1.541E0,-9.163582330891E-2));
#4370=DIRECTION('',(-1.E0,0.E0,0.E0));
#4371=DIRECTION('',(0.E0,-9.377145659637E-1,3.474066677246E-1));
#4372=AXIS2_PLACEMENT_3D('',#4369,#4370,#4371);
#4373=CYLINDRICAL_SURFACE('',#4372,1.6E-2);
#4375=ORIENTED_EDGE('',*,*,#4374,.F.);
#4376=ORIENTED_EDGE('',*,*,#4200,.T.);
#4377=ORIENTED_EDGE('',*,*,#3893,.T.);
#4378=ORIENTED_EDGE('',*,*,#4154,.T.);
#4379=EDGE_LOOP('',(#4375,#4376,#4377,#4378));
#4380=FACE_OUTER_BOUND('',#4379,.F.);
#4382=CARTESIAN_POINT('',(2.0616E0,1.557E0,1.74E-1));
#4383=DIRECTION('',(0.E0,-1.E0,0.E0));
#4384=DIRECTION('',(0.E0,0.E0,-1.E0));
#4385=AXIS2_PLACEMENT_3D('',#4382,#4383,#4384);
#4386=PLANE('',#4385);
#4387=ORIENTED_EDGE('',*,*,#4374,.T.);
#4388=ORIENTED_EDGE('',*,*,#4152,.T.);
#4389=ORIENTED_EDGE('',*,*,#3833,.T.);
#4390=ORIENTED_EDGE('',*,*,#4202,.T.);
#4391=EDGE_LOOP('',(#4387,#4388,#4389,#4390));
#4392=FACE_OUTER_BOUND('',#4391,.F.);
#4394=CARTESIAN_POINT('',(2.0616E0,8.24E-1,1.74E-1));
#4395=DIRECTION('',(1.E0,0.E0,0.E0));
#4396=DIRECTION('',(0.E0,0.E0,-1.E0));
#4397=AXIS2_PLACEMENT_3D('',#4394,#4395,#4396);
#4398=CYLINDRICAL_SURFACE('',#4397,8.42375E-1);
#4399=ORIENTED_EDGE('',*,*,#4075,.F.);
#4400=ORIENTED_EDGE('',*,*,#4107,.T.);
#4401=ORIENTED_EDGE('',*,*,#4142,.T.);
#4402=ORIENTED_EDGE('',*,*,#4169,.T.);
#4403=ORIENTED_EDGE('',*,*,#4205,.F.);
#4404=ORIENTED_EDGE('',*,*,#3829,.T.);
#4406=ORIENTED_EDGE('',*,*,#4405,.T.);
#4407=ORIENTED_EDGE('',*,*,#3825,.F.);
#4408=ORIENTED_EDGE('',*,*,#3823,.F.);
#4410=ORIENTED_EDGE('',*,*,#4409,.F.);
#4412=ORIENTED_EDGE('',*,*,#4411,.T.);
#4413=ORIENTED_EDGE('',*,*,#4021,.T.);
#4414=ORIENTED_EDGE('',*,*,#4119,.T.);
#4416=ORIENTED_EDGE('',*,*,#4415,.T.);
#4418=ORIENTED_EDGE('',*,*,#4417,.T.);
#4419=EDGE_LOOP('',(#4399,#4400,#4401,#4402,#4403,#4404,#4406,#4407,#4408,#4410,
#4412,#4413,#4414,#4416,#4418));
#4420=FACE_OUTER_BOUND('',#4419,.F.);
#4422=CARTESIAN_POINT('',(2.15535E0,0.E0,0.E0));
#4423=DIRECTION('',(1.E0,0.E0,0.E0));
#4424=DIRECTION('',(0.E0,0.E0,-1.E0));
#4425=AXIS2_PLACEMENT_3D('',#4422,#4423,#4424);
#4426=PLANE('',#4425);
#4427=ORIENTED_EDGE('',*,*,#3827,.F.);
#4428=ORIENTED_EDGE('',*,*,#4405,.F.);
#4429=EDGE_LOOP('',(#4427,#4428));
#4430=FACE_OUTER_BOUND('',#4429,.F.);
#4432=ORIENTED_EDGE('',*,*,#4431,.T.);
#4434=ORIENTED_EDGE('',*,*,#4433,.T.);
#4436=ORIENTED_EDGE('',*,*,#4435,.T.);
#4438=ORIENTED_EDGE('',*,*,#4437,.T.);
#4439=EDGE_LOOP('',(#4432,#4434,#4436,#4438));
#4440=FACE_BOUND('',#4439,.F.);
#4442=ORIENTED_EDGE('',*,*,#4441,.T.);
#4444=ORIENTED_EDGE('',*,*,#4443,.T.);
#4446=ORIENTED_EDGE('',*,*,#4445,.T.);
#4448=ORIENTED_EDGE('',*,*,#4447,.T.);
#4450=ORIENTED_EDGE('',*,*,#4449,.T.);
#4452=ORIENTED_EDGE('',*,*,#4451,.T.);
#4454=ORIENTED_EDGE('',*,*,#4453,.T.);
#4456=ORIENTED_EDGE('',*,*,#4455,.T.);
#4458=ORIENTED_EDGE('',*,*,#4457,.T.);
#4460=ORIENTED_EDGE('',*,*,#4459,.T.);
#4462=ORIENTED_EDGE('',*,*,#4461,.T.);
#4464=ORIENTED_EDGE('',*,*,#4463,.T.);
#4466=ORIENTED_EDGE('',*,*,#4465,.T.);
#4467=EDGE_LOOP('',(#4442,#4444,#4446,#4448,#4450,#4452,#4454,#4456,#4458,#4460,
#4462,#4464,#4466));
#4468=FACE_BOUND('',#4467,.F.);
#4470=ORIENTED_EDGE('',*,*,#4469,.T.);
#4472=ORIENTED_EDGE('',*,*,#4471,.T.);
#4474=ORIENTED_EDGE('',*,*,#4473,.T.);
#4476=ORIENTED_EDGE('',*,*,#4475,.T.);
#4478=ORIENTED_EDGE('',*,*,#4477,.T.);
#4480=ORIENTED_EDGE('',*,*,#4479,.T.);
#4482=ORIENTED_EDGE('',*,*,#4481,.T.);
#4484=ORIENTED_EDGE('',*,*,#4483,.T.);
#4486=ORIENTED_EDGE('',*,*,#4485,.T.);
#4488=ORIENTED_EDGE('',*,*,#4487,.T.);
#4490=ORIENTED_EDGE('',*,*,#4489,.T.);
#4492=ORIENTED_EDGE('',*,*,#4491,.T.);
#4494=ORIENTED_EDGE('',*,*,#4493,.T.);
#4496=ORIENTED_EDGE('',*,*,#4495,.T.);
#4498=ORIENTED_EDGE('',*,*,#4497,.T.);
#4500=ORIENTED_EDGE('',*,*,#4499,.T.);
#4502=ORIENTED_EDGE('',*,*,#4501,.T.);
#4504=ORIENTED_EDGE('',*,*,#4503,.F.);
#4506=ORIENTED_EDGE('',*,*,#4505,.T.);
#4508=ORIENTED_EDGE('',*,*,#4507,.T.);
#4510=ORIENTED_EDGE('',*,*,#4509,.T.);
#4512=ORIENTED_EDGE('',*,*,#4511,.T.);
#4514=ORIENTED_EDGE('',*,*,#4513,.T.);
#4516=ORIENTED_EDGE('',*,*,#4515,.T.);
#4518=ORIENTED_EDGE('',*,*,#4517,.T.);
#4520=ORIENTED_EDGE('',*,*,#4519,.T.);
#4522=ORIENTED_EDGE('',*,*,#4521,.T.);
#4524=ORIENTED_EDGE('',*,*,#4523,.T.);
#4526=ORIENTED_EDGE('',*,*,#4525,.T.);
#4528=ORIENTED_EDGE('',*,*,#4527,.T.);
#4529=EDGE_LOOP('',(#4470,#4472,#4474,#4476,#4478,#4480,#4482,#4484,#4486,#4488,
#4490,#4492,#4494,#4496,#4498,#4500,#4502,#4504,#4506,#4508,#4510,#4512,#4514,
#4516,#4518,#4520,#4522,#4524,#4526,#4528));
#4530=FACE_BOUND('',#4529,.F.);
#4532=ORIENTED_EDGE('',*,*,#4531,.T.);
#4534=ORIENTED_EDGE('',*,*,#4533,.T.);
#4536=ORIENTED_EDGE('',*,*,#4535,.T.);
#4538=ORIENTED_EDGE('',*,*,#4537,.T.);
#4540=ORIENTED_EDGE('',*,*,#4539,.T.);
#4542=ORIENTED_EDGE('',*,*,#4541,.T.);
#4544=ORIENTED_EDGE('',*,*,#4543,.T.);
#4546=ORIENTED_EDGE('',*,*,#4545,.T.);
#4547=EDGE_LOOP('',(#4532,#4534,#4536,#4538,#4540,#4542,#4544,#4546));
#4548=FACE_BOUND('',#4547,.F.);
#4550=CARTESIAN_POINT('',(2.15535E0,4.172285104521E-1,4.073362163115E-1));
#4551=DIRECTION('',(0.E0,4.250061619291E-1,9.051904563805E-1));
#4552=DIRECTION('',(0.E0,-9.051904563805E-1,4.250061619291E-1));
#4553=AXIS2_PLACEMENT_3D('',#4550,#4551,#4552);
#4554=PLANE('',#4553);
#4555=ORIENTED_EDGE('',*,*,#4431,.F.);
#4557=ORIENTED_EDGE('',*,*,#4556,.T.);
#4559=ORIENTED_EDGE('',*,*,#4558,.T.);
#4561=ORIENTED_EDGE('',*,*,#4560,.F.);
#4562=EDGE_LOOP('',(#4555,#4557,#4559,#4561));
#4563=FACE_OUTER_BOUND('',#4562,.F.);
#4565=CARTESIAN_POINT('',(2.15535E0,3.846447104462E-1,3.379382935518E-1));
#4566=DIRECTION('',(0.E0,9.051904563805E-1,-4.250061619291E-1));
#4567=DIRECTION('',(0.E0,4.250061619291E-1,9.051904563805E-1));
#4568=AXIS2_PLACEMENT_3D('',#4565,#4566,#4567);
#4569=PLANE('',#4568);
#4570=ORIENTED_EDGE('',*,*,#4437,.F.);
#4572=ORIENTED_EDGE('',*,*,#4571,.T.);
#4574=ORIENTED_EDGE('',*,*,#4573,.T.);
#4575=ORIENTED_EDGE('',*,*,#4556,.F.);
#4576=EDGE_LOOP('',(#4570,#4572,#4574,#4575));
#4577=FACE_OUTER_BOUND('',#4576,.F.);
#4579=CARTESIAN_POINT('',(2.15535E0,1.583470963511E-1,4.441898340341E-1));
#4580=DIRECTION('',(0.E0,-4.250061619291E-1,-9.051904563805E-1));
#4581=DIRECTION('',(0.E0,9.051904563805E-1,-4.250061619291E-1));
#4582=AXIS2_PLACEMENT_3D('',#4579,#4580,#4581);
#4583=PLANE('',#4582);
#4584=ORIENTED_EDGE('',*,*,#4435,.F.);
#4586=ORIENTED_EDGE('',*,*,#4585,.T.);
#4588=ORIENTED_EDGE('',*,*,#4587,.T.);
#4589=ORIENTED_EDGE('',*,*,#4571,.F.);
#4590=EDGE_LOOP('',(#4584,#4586,#4588,#4589));
#4591=FACE_OUTER_BOUND('',#4590,.F.);
#4593=CARTESIAN_POINT('',(2.15535E0,1.909308963570E-1,5.135877567938E-1));
#4594=DIRECTION('',(0.E0,-9.051904563805E-1,4.250061619291E-1));
#4595=DIRECTION('',(0.E0,-4.250061619291E-1,-9.051904563805E-1));
#4596=AXIS2_PLACEMENT_3D('',#4593,#4594,#4595);
#4597=PLANE('',#4596);
#4598=ORIENTED_EDGE('',*,*,#4433,.F.);
#4599=ORIENTED_EDGE('',*,*,#4560,.T.);
#4601=ORIENTED_EDGE('',*,*,#4600,.T.);
#4602=ORIENTED_EDGE('',*,*,#4585,.F.);
#4603=EDGE_LOOP('',(#4598,#4599,#4601,#4602));
#4604=FACE_OUTER_BOUND('',#4603,.F.);
#4606=CARTESIAN_POINT('',(2.13535E0,0.E0,0.E0));
#4607=DIRECTION('',(1.E0,0.E0,0.E0));
#4608=DIRECTION('',(0.E0,1.E0,0.E0));
#4609=AXIS2_PLACEMENT_3D('',#4606,#4607,#4608);
#4610=PLANE('',#4609);
#4612=ORIENTED_EDGE('',*,*,#4611,.F.);
#4614=ORIENTED_EDGE('',*,*,#4613,.F.);
#4616=ORIENTED_EDGE('',*,*,#4615,.F.);
#4618=ORIENTED_EDGE('',*,*,#4617,.F.);
#4620=ORIENTED_EDGE('',*,*,#4619,.F.);
#4622=ORIENTED_EDGE('',*,*,#4621,.F.);
#4624=ORIENTED_EDGE('',*,*,#4623,.F.);
#4626=ORIENTED_EDGE('',*,*,#4625,.F.);
#4628=ORIENTED_EDGE('',*,*,#4627,.F.);
#4630=ORIENTED_EDGE('',*,*,#4629,.F.);
#4632=ORIENTED_EDGE('',*,*,#4631,.F.);
#4634=ORIENTED_EDGE('',*,*,#4633,.F.);
#4636=ORIENTED_EDGE('',*,*,#4635,.F.);
#4637=EDGE_LOOP('',(#4612,#4614,#4616,#4618,#4620,#4622,#4624,#4626,#4628,#4630,
#4632,#4634,#4636));
#4638=FACE_OUTER_BOUND('',#4637,.F.);
#4640=CARTESIAN_POINT('',(2.13535E0,0.E0,0.E0));
#4641=DIRECTION('',(1.E0,0.E0,0.E0));
#4642=DIRECTION('',(0.E0,1.E0,0.E0));
#4643=AXIS2_PLACEMENT_3D('',#4640,#4641,#4642);
#4644=PLANE('',#4643);
#4645=ORIENTED_EDGE('',*,*,#4558,.F.);
#4646=ORIENTED_EDGE('',*,*,#4573,.F.);
#4647=ORIENTED_EDGE('',*,*,#4587,.F.);
#4648=ORIENTED_EDGE('',*,*,#4600,.F.);
#4649=EDGE_LOOP('',(#4645,#4646,#4647,#4648));
#4650=FACE_OUTER_BOUND('',#4649,.F.);
#4652=CARTESIAN_POINT('',(2.13535E0,0.E0,0.E0));
#4653=DIRECTION('',(1.E0,0.E0,0.E0));
#4654=DIRECTION('',(0.E0,1.E0,0.E0));
#4655=AXIS2_PLACEMENT_3D('',#4652,#4653,#4654);
#4656=PLANE('',#4655);
#4658=ORIENTED_EDGE('',*,*,#4657,.F.);
#4660=ORIENTED_EDGE('',*,*,#4659,.F.);
#4662=ORIENTED_EDGE('',*,*,#4661,.F.);
#4664=ORIENTED_EDGE('',*,*,#4663,.F.);
#4666=ORIENTED_EDGE('',*,*,#4665,.F.);
#4668=ORIENTED_EDGE('',*,*,#4667,.F.);
#4670=ORIENTED_EDGE('',*,*,#4669,.F.);
#4672=ORIENTED_EDGE('',*,*,#4671,.F.);
#4674=ORIENTED_EDGE('',*,*,#4673,.F.);
#4676=ORIENTED_EDGE('',*,*,#4675,.F.);
#4678=ORIENTED_EDGE('',*,*,#4677,.F.);
#4680=ORIENTED_EDGE('',*,*,#4679,.F.);
#4682=ORIENTED_EDGE('',*,*,#4681,.F.);
#4684=ORIENTED_EDGE('',*,*,#4683,.F.);
#4686=ORIENTED_EDGE('',*,*,#4685,.F.);
#4688=ORIENTED_EDGE('',*,*,#4687,.F.);
#4690=ORIENTED_EDGE('',*,*,#4689,.F.);
#4692=ORIENTED_EDGE('',*,*,#4691,.F.);
#4694=ORIENTED_EDGE('',*,*,#4693,.F.);
#4696=ORIENTED_EDGE('',*,*,#4695,.F.);
#4698=ORIENTED_EDGE('',*,*,#4697,.F.);
#4700=ORIENTED_EDGE('',*,*,#4699,.F.);
#4702=ORIENTED_EDGE('',*,*,#4701,.F.);
#4704=ORIENTED_EDGE('',*,*,#4703,.F.);
#4706=ORIENTED_EDGE('',*,*,#4705,.F.);
#4708=ORIENTED_EDGE('',*,*,#4707,.F.);
#4710=ORIENTED_EDGE('',*,*,#4709,.F.);
#4712=ORIENTED_EDGE('',*,*,#4711,.F.);
#4714=ORIENTED_EDGE('',*,*,#4713,.F.);
#4716=ORIENTED_EDGE('',*,*,#4715,.F.);
#4717=EDGE_LOOP('',(#4658,#4660,#4662,#4664,#4666,#4668,#4670,#4672,#4674,#4676,
#4678,#4680,#4682,#4684,#4686,#4688,#4690,#4692,#4694,#4696,#4698,#4700,#4702,
#4704,#4706,#4708,#4710,#4712,#4714,#4716));
#4718=FACE_OUTER_BOUND('',#4717,.F.);
#4720=CARTESIAN_POINT('',(2.13535E0,0.E0,0.E0));
#4721=DIRECTION('',(1.E0,0.E0,0.E0));
#4722=DIRECTION('',(0.E0,1.E0,0.E0));
#4723=AXIS2_PLACEMENT_3D('',#4720,#4721,#4722);
#4724=PLANE('',#4723);
#4726=ORIENTED_EDGE('',*,*,#4725,.F.);
#4728=ORIENTED_EDGE('',*,*,#4727,.F.);
#4730=ORIENTED_EDGE('',*,*,#4729,.F.);
#4732=ORIENTED_EDGE('',*,*,#4731,.F.);
#4734=ORIENTED_EDGE('',*,*,#4733,.F.);
#4736=ORIENTED_EDGE('',*,*,#4735,.F.);
#4738=ORIENTED_EDGE('',*,*,#4737,.F.);
#4740=ORIENTED_EDGE('',*,*,#4739,.F.);
#4741=EDGE_LOOP('',(#4726,#4728,#4730,#4732,#4734,#4736,#4738,#4740));
#4742=FACE_OUTER_BOUND('',#4741,.F.);
#4744=CARTESIAN_POINT('',(2.15535E0,7.974667532817E-1,6.854423426571E-1));
#4745=DIRECTION('',(0.E0,8.902027790753E-1,4.555644983168E-1));
#4746=DIRECTION('',(0.E0,-4.555644983168E-1,8.902027790753E-1));
#4747=AXIS2_PLACEMENT_3D('',#4744,#4745,#4746);
#4748=PLANE('',#4747);
#4749=ORIENTED_EDGE('',*,*,#4441,.F.);
#4751=ORIENTED_EDGE('',*,*,#4750,.T.);
#4752=ORIENTED_EDGE('',*,*,#4611,.T.);
#4754=ORIENTED_EDGE('',*,*,#4753,.F.);
#4755=EDGE_LOOP('',(#4749,#4751,#4752,#4754));
#4756=FACE_OUTER_BOUND('',#4755,.F.);
#4758=CARTESIAN_POINT('',(2.15535E0,6.876750708065E-1,6.292560512616E-1));
#4759=DIRECTION('',(0.E0,4.555644983168E-1,-8.902027790753E-1));
#4760=DIRECTION('',(0.E0,8.902027790753E-1,4.555644983168E-1));
#4761=AXIS2_PLACEMENT_3D('',#4758,#4759,#4760);
#4762=PLANE('',#4761);
#4763=ORIENTED_EDGE('',*,*,#4465,.F.);
#4765=ORIENTED_EDGE('',*,*,#4764,.T.);
#4766=ORIENTED_EDGE('',*,*,#4613,.T.);
#4767=ORIENTED_EDGE('',*,*,#4750,.F.);
#4768=EDGE_LOOP('',(#4763,#4765,#4766,#4767));
#4769=FACE_OUTER_BOUND('',#4768,.F.);
#4771=CARTESIAN_POINT('',(2.15535E0,5.430306002157E-1,7.230325653202E-1));
#4772=DIRECTION('',(0.E0,-5.439994868113E-1,-8.390855488858E-1));
#4773=DIRECTION('',(0.E0,8.390855488858E-1,-5.439994868113E-1));
#4774=AXIS2_PLACEMENT_3D('',#4771,#4772,#4773);
#4775=PLANE('',#4774);
#4776=ORIENTED_EDGE('',*,*,#4463,.F.);
#4778=ORIENTED_EDGE('',*,*,#4777,.T.);
#4779=ORIENTED_EDGE('',*,*,#4615,.T.);
#4780=ORIENTED_EDGE('',*,*,#4764,.F.);
#4781=EDGE_LOOP('',(#4776,#4778,#4779,#4780));
#4782=FACE_OUTER_BOUND('',#4781,.F.);
#4784=CARTESIAN_POINT('',(2.15535E0,5.344860094175E-1,5.508609939334E-1));
#4785=DIRECTION('',(0.E0,9.987707836772E-1,-4.956734482374E-2));
#4786=DIRECTION('',(0.E0,4.956734482374E-2,9.987707836772E-1));
#4787=AXIS2_PLACEMENT_3D('',#4784,#4785,#4786);
#4788=PLANE('',#4787);
#4789=ORIENTED_EDGE('',*,*,#4461,.F.);
#4791=ORIENTED_EDGE('',*,*,#4790,.T.);
#4792=ORIENTED_EDGE('',*,*,#4617,.T.);
#4793=ORIENTED_EDGE('',*,*,#4777,.F.);
#4794=EDGE_LOOP('',(#4789,#4791,#4792,#4793));
#4795=FACE_OUTER_BOUND('',#4794,.F.);
#4797=CARTESIAN_POINT('',(2.15535E0,4.246943319166E-1,4.946747050835E-1));
#4798=DIRECTION('',(0.E0,4.555644983168E-1,-8.902027790753E-1));
#4799=DIRECTION('',(0.E0,8.902027790753E-1,4.555644983168E-1));
#4800=AXIS2_PLACEMENT_3D('',#4797,#4798,#4799);
#4801=PLANE('',#4800);
#4802=ORIENTED_EDGE('',*,*,#4459,.F.);
#4804=ORIENTED_EDGE('',*,*,#4803,.T.);
#4805=ORIENTED_EDGE('',*,*,#4619,.T.);
#4806=ORIENTED_EDGE('',*,*,#4790,.F.);
#4807=EDGE_LOOP('',(#4802,#4804,#4805,#4806));
#4808=FACE_OUTER_BOUND('',#4807,.F.);
#4810=CARTESIAN_POINT('',(2.15535E0,3.108032073374E-1,7.172253998523E-1));
#4811=DIRECTION('',(0.E0,-8.902027790753E-1,-4.555644983168E-1));
#4812=DIRECTION('',(0.E0,4.555644983168E-1,-8.902027790753E-1));
#4813=AXIS2_PLACEMENT_3D('',#4810,#4811,#4812);
#4814=PLANE('',#4813);
#4815=ORIENTED_EDGE('',*,*,#4457,.F.);
#4817=ORIENTED_EDGE('',*,*,#4816,.T.);
#4818=ORIENTED_EDGE('',*,*,#4621,.T.);
#4819=ORIENTED_EDGE('',*,*,#4803,.F.);
#4820=EDGE_LOOP('',(#4815,#4817,#4818,#4819));
#4821=FACE_OUTER_BOUND('',#4820,.F.);
#4823=CARTESIAN_POINT('',(2.15535E0,3.790521015696E-1,7.521520188120E-1));
#4824=DIRECTION('',(0.E0,-4.555644983168E-1,8.902027790753E-1));
#4825=DIRECTION('',(0.E0,-8.902027790753E-1,-4.555644983168E-1));
#4826=AXIS2_PLACEMENT_3D('',#4823,#4824,#4825);
#4827=PLANE('',#4826);
#4828=ORIENTED_EDGE('',*,*,#4455,.F.);
#4830=ORIENTED_EDGE('',*,*,#4829,.T.);
#4831=ORIENTED_EDGE('',*,*,#4623,.T.);
#4832=ORIENTED_EDGE('',*,*,#4816,.F.);
#4833=EDGE_LOOP('',(#4828,#4830,#4831,#4832));
#4834=FACE_OUTER_BOUND('',#4833,.F.);
#4836=CARTESIAN_POINT('',(2.15535E0,4.604842526568E-1,5.930282778889E-1));
#4837=DIRECTION('',(0.E0,8.902027790753E-1,4.555644983168E-1));
#4838=DIRECTION('',(0.E0,-4.555644983168E-1,8.902027790753E-1));
#4839=AXIS2_PLACEMENT_3D('',#4836,#4837,#4838);
#4840=PLANE('',#4839);
#4841=ORIENTED_EDGE('',*,*,#4453,.F.);
#4843=ORIENTED_EDGE('',*,*,#4842,.T.);
#4844=ORIENTED_EDGE('',*,*,#4625,.T.);
#4845=ORIENTED_EDGE('',*,*,#4829,.F.);
#4846=EDGE_LOOP('',(#4841,#4843,#4844,#4845));
#4847=FACE_OUTER_BOUND('',#4846,.F.);
#4849=CARTESIAN_POINT('',(2.15535E0,4.710397139381E-1,7.992270128078E-1));
#4850=DIRECTION('',(0.E0,-9.986923246994E-1,5.112377711465E-2));
#4851=DIRECTION('',(0.E0,-5.112377711465E-2,-9.986923246994E-1));
#4852=AXIS2_PLACEMENT_3D('',#4849,#4850,#4851);
#4853=PLANE('',#4852);
#4854=ORIENTED_EDGE('',*,*,#4451,.F.);
#4856=ORIENTED_EDGE('',*,*,#4855,.T.);
#4857=ORIENTED_EDGE('',*,*,#4627,.T.);
#4858=ORIENTED_EDGE('',*,*,#4842,.F.);
#4859=EDGE_LOOP('',(#4854,#4856,#4857,#4858));
#4860=FACE_OUTER_BOUND('',#4859,.F.);
#4862=CARTESIAN_POINT('',(2.15535E0,5.233391303924E-1,8.259914287132E-1));
#4863=DIRECTION('',(0.E0,-4.555644983168E-1,8.902027790753E-1));
#4864=DIRECTION('',(0.E0,-8.902027790753E-1,-4.555644983168E-1));
#4865=AXIS2_PLACEMENT_3D('',#4862,#4863,#4864);
#4866=PLANE('',#4865);
#4867=ORIENTED_EDGE('',*,*,#4449,.F.);
#4869=ORIENTED_EDGE('',*,*,#4868,.T.);
#4870=ORIENTED_EDGE('',*,*,#4629,.T.);
#4871=ORIENTED_EDGE('',*,*,#4855,.F.);
#4872=EDGE_LOOP('',(#4867,#4869,#4870,#4871));
#4873=FACE_OUTER_BOUND('',#4872,.F.);
#4875=CARTESIAN_POINT('',(2.15535E0,6.967589004807E-1,7.139426851801E-1));
#4876=DIRECTION('',(0.E0,5.426910993498E-1,8.399323607806E-1));
#4877=DIRECTION('',(0.E0,-8.399323607806E-1,5.426910993498E-1));
#4878=AXIS2_PLACEMENT_3D('',#4875,#4876,#4877);
#4879=PLANE('',#4878);
#4880=ORIENTED_EDGE('',*,*,#4447,.F.);
#4882=ORIENTED_EDGE('',*,*,#4881,.T.);
#4883=ORIENTED_EDGE('',*,*,#4631,.T.);
#4884=ORIENTED_EDGE('',*,*,#4868,.F.);
#4885=EDGE_LOOP('',(#4880,#4882,#4883,#4884));
#4886=FACE_OUTER_BOUND('',#4885,.F.);
#4888=CARTESIAN_POINT('',(2.15535E0,6.153267493935E-1,8.730664261032E-1));
#4889=DIRECTION('',(0.E0,-8.902027790753E-1,-4.555644983168E-1));
#4890=DIRECTION('',(0.E0,4.555644983168E-1,-8.902027790753E-1));
#4891=AXIS2_PLACEMENT_3D('',#4888,#4889,#4890);
#4892=PLANE('',#4891);
#4893=ORIENTED_EDGE('',*,*,#4445,.F.);
#4895=ORIENTED_EDGE('',*,*,#4894,.T.);
#4896=ORIENTED_EDGE('',*,*,#4633,.T.);
#4897=ORIENTED_EDGE('',*,*,#4881,.F.);
#4898=EDGE_LOOP('',(#4893,#4895,#4896,#4897));
#4899=FACE_OUTER_BOUND('',#4898,.F.);
#4901=CARTESIAN_POINT('',(2.15535E0,6.835756287025E-1,9.079930374259E-1));
#4902=DIRECTION('',(0.E0,-4.555644983168E-1,8.902027790753E-1));
#4903=DIRECTION('',(0.E0,-8.902027790753E-1,-4.555644983168E-1));
#4904=AXIS2_PLACEMENT_3D('',#4901,#4902,#4903);
#4905=PLANE('',#4904);
#4906=ORIENTED_EDGE('',*,*,#4443,.F.);
#4907=ORIENTED_EDGE('',*,*,#4753,.T.);
#4908=ORIENTED_EDGE('',*,*,#4635,.T.);
#4909=ORIENTED_EDGE('',*,*,#4894,.F.);
#4910=EDGE_LOOP('',(#4906,#4907,#4908,#4909));
#4911=FACE_OUTER_BOUND('',#4910,.F.);
#4913=CARTESIAN_POINT('',(2.15535E0,1.833448582412E-1,2.735211123123E-1));
#4914=CARTESIAN_POINT('',(2.15535E0,1.354875724177E-1,2.698820087702E-1));
#4915=CARTESIAN_POINT('',(2.15535E0,1.097572158868E-1,2.553450429794E-1));
#4916=CARTESIAN_POINT('',(2.15535E0,1.060165421914E-1,2.296886857012E-1));
#4918=DIRECTION('',(1.E0,0.E0,0.E0));
#4919=VECTOR('',#4918,1.E0);
#4920=SURFACE_OF_LINEAR_EXTRUSION('',#4917,#4919);
#4921=ORIENTED_EDGE('',*,*,#4469,.F.);
#4923=ORIENTED_EDGE('',*,*,#4922,.T.);
#4924=ORIENTED_EDGE('',*,*,#4657,.T.);
#4926=ORIENTED_EDGE('',*,*,#4925,.F.);
#4927=EDGE_LOOP('',(#4921,#4923,#4924,#4926));
#4928=FACE_OUTER_BOUND('',#4927,.F.);
#4930=CARTESIAN_POINT('',(2.15535E0,1.865221949860E-1,1.981115083326E-1));
#4931=DIRECTION('',(0.E0,9.960200894542E-1,8.912901549843E-2));
#4932=DIRECTION('',(0.E0,-8.912901549843E-2,9.960200894542E-1));
#4933=AXIS2_PLACEMENT_3D('',#4930,#4931,#4932);
#4934=PLANE('',#4933);
#4935=ORIENTED_EDGE('',*,*,#4527,.F.);
#4937=ORIENTED_EDGE('',*,*,#4936,.T.);
#4938=ORIENTED_EDGE('',*,*,#4659,.T.);
#4939=ORIENTED_EDGE('',*,*,#4922,.F.);
#4940=EDGE_LOOP('',(#4935,#4937,#4938,#4939));
#4941=FACE_OUTER_BOUND('',#4940,.F.);
#4943=CARTESIAN_POINT('',(2.15535E0,1.632147681433E-1,1.810646365447E-1));
#4944=CARTESIAN_POINT('',(2.15535E0,1.660916372391E-1,1.922399896283E-1));
#4945=CARTESIAN_POINT('',(2.15535E0,1.749555176267E-1,1.977824203270E-1));
#4946=CARTESIAN_POINT('',(2.15535E0,1.895449258995E-1,1.982976655973E-1));
#4948=DIRECTION('',(1.E0,0.E0,0.E0));
#4949=VECTOR('',#4948,1.E0);
#4950=SURFACE_OF_LINEAR_EXTRUSION('',#4947,#4949);
#4951=ORIENTED_EDGE('',*,*,#4525,.F.);
#4953=ORIENTED_EDGE('',*,*,#4952,.T.);
#4954=ORIENTED_EDGE('',*,*,#4661,.T.);
#4955=ORIENTED_EDGE('',*,*,#4936,.F.);
#4956=EDGE_LOOP('',(#4951,#4953,#4954,#4955));
#4957=FACE_OUTER_BOUND('',#4956,.F.);
#4959=CARTESIAN_POINT('',(2.15535E0,1.664530900044E-1,9.068072683797E-2));
#4960=CARTESIAN_POINT('',(2.15535E0,1.605448454135E-1,1.536444648207E-1));
#4961=CARTESIAN_POINT('',(2.15535E0,1.603661337873E-1,1.856019294388E-1));
#4962=CARTESIAN_POINT('',(2.15535E0,1.665707648116E-1,1.866930629559E-1));
#4964=DIRECTION('',(1.E0,0.E0,0.E0));
#4965=VECTOR('',#4964,1.E0);
#4966=SURFACE_OF_LINEAR_EXTRUSION('',#4963,#4965);
#4967=ORIENTED_EDGE('',*,*,#4523,.F.);
#4969=ORIENTED_EDGE('',*,*,#4968,.T.);
#4970=ORIENTED_EDGE('',*,*,#4663,.T.);
#4971=ORIENTED_EDGE('',*,*,#4952,.F.);
#4972=EDGE_LOOP('',(#4967,#4969,#4970,#4971));
#4973=FACE_OUTER_BOUND('',#4972,.F.);
#4975=CARTESIAN_POINT('',(2.15535E0,1.717528649387E-1,5.292539984128E-2));
#4976=CARTESIAN_POINT('',(2.15535E0,1.687901382128E-1,6.869780341451E-2));
#4977=CARTESIAN_POINT('',(2.15535E0,1.668796021917E-1,8.510053194330E-2));
#4978=CARTESIAN_POINT('',(2.15535E0,1.654191540065E-1,1.020796199074E-1));
#4980=DIRECTION('',(1.E0,0.E0,0.E0));
#4981=VECTOR('',#4980,1.E0);
#4982=SURFACE_OF_LINEAR_EXTRUSION('',#4979,#4981);
#4983=ORIENTED_EDGE('',*,*,#4521,.F.);
#4985=ORIENTED_EDGE('',*,*,#4984,.T.);
#4986=ORIENTED_EDGE('',*,*,#4665,.T.);
#4987=ORIENTED_EDGE('',*,*,#4968,.F.);
#4988=EDGE_LOOP('',(#4983,#4985,#4986,#4987));
#4989=FACE_OUTER_BOUND('',#4988,.F.);
#4991=CARTESIAN_POINT('',(2.15535E0,1.941753628695E-1,3.662677823536E-2));
#4992=CARTESIAN_POINT('',(2.15535E0,1.807076365053E-1,3.408230873626E-2));
#4993=CARTESIAN_POINT('',(2.15535E0,1.730134132785E-1,4.145918436529E-2));
#4994=CARTESIAN_POINT('',(2.15535E0,1.707770903549E-1,5.872934476823E-2));
#4996=DIRECTION('',(1.E0,0.E0,0.E0));
#4997=VECTOR('',#4996,1.E0);
#4998=SURFACE_OF_LINEAR_EXTRUSION('',#4995,#4997);
#4999=ORIENTED_EDGE('',*,*,#4519,.F.);
#5001=ORIENTED_EDGE('',*,*,#5000,.T.);
#5002=ORIENTED_EDGE('',*,*,#4667,.T.);
#5003=ORIENTED_EDGE('',*,*,#4984,.F.);
#5004=EDGE_LOOP('',(#4999,#5001,#5002,#5003));
#5005=FACE_OUTER_BOUND('',#5004,.F.);
#5007=CARTESIAN_POINT('',(2.15535E0,2.072362426284E-1,4.630455476524E-2));
#5008=CARTESIAN_POINT('',(2.15535E0,2.019897071648E-1,3.934751993132E-2));
#5009=CARTESIAN_POINT('',(2.15535E0,1.959782078184E-1,3.575755875272E-2));
#5010=CARTESIAN_POINT('',(2.15535E0,1.883971050054E-1,3.619114040942E-2));
#5012=DIRECTION('',(1.E0,0.E0,0.E0));
#5013=VECTOR('',#5012,1.E0);
#5014=SURFACE_OF_LINEAR_EXTRUSION('',#5011,#5013);
#5015=ORIENTED_EDGE('',*,*,#4517,.F.);
#5017=ORIENTED_EDGE('',*,*,#5016,.T.);
#5018=ORIENTED_EDGE('',*,*,#4669,.T.);
#5019=ORIENTED_EDGE('',*,*,#5000,.F.);
#5020=EDGE_LOOP('',(#5015,#5017,#5018,#5019));
#5021=FACE_OUTER_BOUND('',#5020,.F.);
#5023=CARTESIAN_POINT('',(2.15535E0,2.078579054199E-1,9.288706601258E-2));
#5024=CARTESIAN_POINT('',(2.15535E0,2.104857701857E-1,6.459069218571E-2));
#5025=CARTESIAN_POINT('',(2.15535E0,2.095581933287E-1,4.819045986767E-2));
#5026=CARTESIAN_POINT('',(2.15535E0,2.051853359630E-1,4.381795913308E-2));
#5028=DIRECTION('',(1.E0,0.E0,0.E0));
#5029=VECTOR('',#5028,1.E0);
#5030=SURFACE_OF_LINEAR_EXTRUSION('',#5027,#5029);
#5031=ORIENTED_EDGE('',*,*,#4515,.F.);
#5033=ORIENTED_EDGE('',*,*,#5032,.T.);
#5034=ORIENTED_EDGE('',*,*,#4671,.T.);
#5035=ORIENTED_EDGE('',*,*,#5016,.F.);
#5036=EDGE_LOOP('',(#5031,#5033,#5034,#5035));
#5037=FACE_OUTER_BOUND('',#5036,.F.);
#5039=CARTESIAN_POINT('',(2.15535E0,2.038833534474E-1,1.373336971140E-1));
#5040=DIRECTION('',(0.E0,-9.960200894542E-1,-8.912901549843E-2));
#5041=DIRECTION('',(0.E0,8.912901549843E-2,-9.960200894542E-1));
#5042=AXIS2_PLACEMENT_3D('',#5039,#5040,#5041);
#5043=PLANE('',#5042);
#5044=ORIENTED_EDGE('',*,*,#4513,.F.);
#5046=ORIENTED_EDGE('',*,*,#5045,.T.);
#5047=ORIENTED_EDGE('',*,*,#4673,.T.);
#5048=ORIENTED_EDGE('',*,*,#5032,.F.);
#5049=EDGE_LOOP('',(#5044,#5046,#5047,#5048));
#5050=FACE_OUTER_BOUND('',#5049,.F.);
#5052=CARTESIAN_POINT('',(2.15535E0,2.132904949227E-1,2.566149668122E-1));
#5053=CARTESIAN_POINT('',(2.15535E0,2.008287324350E-1,2.435298268339E-1));
#5054=CARTESIAN_POINT('',(2.15535E0,1.977317031040E-1,2.016339260160E-1));
#5055=CARTESIAN_POINT('',(2.15535E0,2.044352459612E-1,1.313657397495E-1));
#5057=DIRECTION('',(1.E0,0.E0,0.E0));
#5058=VECTOR('',#5057,1.E0);
#5059=SURFACE_OF_LINEAR_EXTRUSION('',#5056,#5058);
#5060=ORIENTED_EDGE('',*,*,#4511,.F.);
#5062=ORIENTED_EDGE('',*,*,#5061,.T.);
#5063=ORIENTED_EDGE('',*,*,#4675,.T.);
#5064=ORIENTED_EDGE('',*,*,#5045,.F.);
#5065=EDGE_LOOP('',(#5060,#5062,#5063,#5064));
#5066=FACE_OUTER_BOUND('',#5065,.F.);
#5068=CARTESIAN_POINT('',(2.15535E0,2.737448806011E-1,2.790936803612E-1));
#5069=CARTESIAN_POINT('',(2.15535E0,2.382497700409E-1,2.765098176044E-1));
#5070=CARTESIAN_POINT('',(2.15535E0,2.165401388777E-1,2.666760715450E-1));
#5071=CARTESIAN_POINT('',(2.15535E0,2.084899947906E-1,2.492057734748E-1));
#5073=DIRECTION('',(1.E0,0.E0,0.E0));
#5074=VECTOR('',#5073,1.E0);
#5075=SURFACE_OF_LINEAR_EXTRUSION('',#5072,#5074);
#5076=ORIENTED_EDGE('',*,*,#4509,.F.);
#5078=ORIENTED_EDGE('',*,*,#5077,.T.);
#5079=ORIENTED_EDGE('',*,*,#4677,.T.);
#5080=ORIENTED_EDGE('',*,*,#5061,.F.);
#5081=EDGE_LOOP('',(#5076,#5078,#5079,#5080));
#5082=FACE_OUTER_BOUND('',#5081,.F.);
#5084=CARTESIAN_POINT('',(2.15535E0,3.374553011407E-1,2.559808308341E-1));
#5085=CARTESIAN_POINT('',(2.15535E0,3.269968559213E-1,2.749192690216E-1));
#5086=CARTESIAN_POINT('',(2.15535E0,3.032709875121E-1,2.824003373294E-1));
#5087=CARTESIAN_POINT('',(2.15535E0,2.665496625197E-1,2.784484470239E-1));
#5089=DIRECTION('',(1.E0,0.E0,0.E0));
#5090=VECTOR('',#5089,1.E0);
#5091=SURFACE_OF_LINEAR_EXTRUSION('',#5088,#5090);
#5092=ORIENTED_EDGE('',*,*,#4507,.F.);
#5094=ORIENTED_EDGE('',*,*,#5093,.T.);
#5095=ORIENTED_EDGE('',*,*,#4679,.T.);
#5096=ORIENTED_EDGE('',*,*,#5077,.F.);
#5097=EDGE_LOOP('',(#5092,#5094,#5095,#5096));
#5098=FACE_OUTER_BOUND('',#5097,.F.);
#5100=CARTESIAN_POINT('',(2.15535E0,3.582400283004E-1,1.652826630545E-1));
#5101=CARTESIAN_POINT('',(2.15535E0,3.542348683808E-1,2.140898808434E-1));
#5102=CARTESIAN_POINT('',(2.15535E0,3.457764929385E-1,2.466053199712E-1));
#5103=CARTESIAN_POINT('',(2.15535E0,3.331973860520E-1,2.622902777069E-1));
#5105=DIRECTION('',(1.E0,0.E0,0.E0));
#5106=VECTOR('',#5105,1.E0);
#5107=SURFACE_OF_LINEAR_EXTRUSION('',#5104,#5106);
#5108=ORIENTED_EDGE('',*,*,#4505,.F.);
#5110=ORIENTED_EDGE('',*,*,#5109,.T.);
#5111=ORIENTED_EDGE('',*,*,#4681,.T.);
#5112=ORIENTED_EDGE('',*,*,#5093,.F.);
#5113=EDGE_LOOP('',(#5108,#5110,#5111,#5112));
#5114=FACE_OUTER_BOUND('',#5113,.F.);
#5116=CARTESIAN_POINT('',(2.15535E0,3.617954374386E-1,1.257371018203E-1));
#5117=DIRECTION('',(0.E0,9.960200894542E-1,8.912901549843E-2));
#5118=DIRECTION('',(0.E0,-8.912901549843E-2,9.960200894542E-1));
#5119=AXIS2_PLACEMENT_3D('',#5116,#5117,#5118);
#5120=PLANE('',#5119);
#5121=ORIENTED_EDGE('',*,*,#4683,.T.);
#5122=ORIENTED_EDGE('',*,*,#5109,.F.);
#5123=ORIENTED_EDGE('',*,*,#4503,.T.);
#5125=ORIENTED_EDGE('',*,*,#5124,.T.);
#5126=EDGE_LOOP('',(#5121,#5122,#5123,#5125));
#5127=FACE_OUTER_BOUND('',#5126,.F.);
#5129=CARTESIAN_POINT('',(2.15535E0,3.539995108081E-1,4.296363721890E-4));
#5130=CARTESIAN_POINT('',(2.15535E0,3.658875957334E-1,1.334054039156E-2));
#5131=CARTESIAN_POINT('',(2.15535E0,3.682752606158E-1,5.740696622141E-2));
#5132=CARTESIAN_POINT('',(2.15535E0,3.612164703236E-1,1.320253022165E-1));
#5134=DIRECTION('',(1.E0,0.E0,0.E0));
#5135=VECTOR('',#5134,1.E0);
#5136=SURFACE_OF_LINEAR_EXTRUSION('',#5133,#5135);
#5137=ORIENTED_EDGE('',*,*,#4501,.F.);
#5139=ORIENTED_EDGE('',*,*,#5138,.T.);
#5140=ORIENTED_EDGE('',*,*,#4685,.T.);
#5141=ORIENTED_EDGE('',*,*,#5124,.F.);
#5142=EDGE_LOOP('',(#5137,#5139,#5140,#5141));
#5143=FACE_OUTER_BOUND('',#5142,.F.);
#5145=CARTESIAN_POINT('',(2.15535E0,2.865321402445E-1,-2.487490708644E-2));
#5146=CARTESIAN_POINT('',(2.15535E0,3.264621201776E-1,-2.190583649700E-2));
#5147=CARTESIAN_POINT('',(2.15535E0,3.506695977839E-1,-1.092222603117E-2));
#5148=CARTESIAN_POINT('',(2.15535E0,3.585971343935E-1,8.025944185164E-3));
#5150=DIRECTION('',(1.E0,0.E0,0.E0));
#5151=VECTOR('',#5150,1.E0);
#5152=SURFACE_OF_LINEAR_EXTRUSION('',#5149,#5151);
#5153=ORIENTED_EDGE('',*,*,#4499,.F.);
#5155=ORIENTED_EDGE('',*,*,#5154,.T.);
#5156=ORIENTED_EDGE('',*,*,#4687,.T.);
#5157=ORIENTED_EDGE('',*,*,#5138,.F.);
#5158=EDGE_LOOP('',(#5153,#5155,#5156,#5157));
#5159=FACE_OUTER_BOUND('',#5158,.F.);
#5161=CARTESIAN_POINT('',(2.15535E0,2.836020773302E-1,5.055188286622E-2));
#5162=DIRECTION('',(0.E0,-9.960200894542E-1,-8.912901549843E-2));
#5163=DIRECTION('',(0.E0,8.912901549843E-2,-9.960200894542E-1));
#5164=AXIS2_PLACEMENT_3D('',#5161,#5162,#5163);
#5165=PLANE('',#5164);
#5166=ORIENTED_EDGE('',*,*,#4497,.F.);
#5168=ORIENTED_EDGE('',*,*,#5167,.T.);
#5169=ORIENTED_EDGE('',*,*,#4689,.T.);
#5170=ORIENTED_EDGE('',*,*,#5154,.F.);
#5171=EDGE_LOOP('',(#5166,#5168,#5169,#5170));
#5172=FACE_OUTER_BOUND('',#5171,.F.);
#5174=CARTESIAN_POINT('',(2.15535E0,3.055060879411E-1,8.336059636200E-2));
#5175=CARTESIAN_POINT('',(2.15535E0,3.065569386827E-1,6.171170475555E-2));
#5176=CARTESIAN_POINT('',(2.15535E0,2.983617432405E-1,5.06384844E-2));
#5177=CARTESIAN_POINT('',(2.15535E0,2.806194037413E-1,5.040218677182E-2));
#5179=DIRECTION('',(1.E0,0.E0,0.E0));
#5180=VECTOR('',#5179,1.E0);
#5181=SURFACE_OF_LINEAR_EXTRUSION('',#5178,#5180);
#5182=ORIENTED_EDGE('',*,*,#4495,.F.);
#5184=ORIENTED_EDGE('',*,*,#5183,.T.);
#5185=ORIENTED_EDGE('',*,*,#4691,.T.);
#5186=ORIENTED_EDGE('',*,*,#5167,.F.);
#5187=EDGE_LOOP('',(#5182,#5184,#5185,#5186));
#5188=FACE_OUTER_BOUND('',#5187,.F.);
#5190=CARTESIAN_POINT('',(2.15535E0,3.020282672740E-1,1.461101261808E-1));
#5191=CARTESIAN_POINT('',(2.15535E0,3.043767598330E-1,1.208001404845E-1));
#5192=CARTESIAN_POINT('',(2.15535E0,3.054850431160E-1,9.791071017603E-2));
#5193=CARTESIAN_POINT('',(2.15535E0,3.056185982410E-1,7.746636138527E-2));
#5195=DIRECTION('',(1.E0,0.E0,0.E0));
#5196=VECTOR('',#5195,1.E0);
#5197=SURFACE_OF_LINEAR_EXTRUSION('',#5194,#5196);
#5198=ORIENTED_EDGE('',*,*,#4493,.F.);
#5200=ORIENTED_EDGE('',*,*,#5199,.T.);
#5201=ORIENTED_EDGE('',*,*,#4693,.T.);
#5202=ORIENTED_EDGE('',*,*,#5183,.F.);
#5203=EDGE_LOOP('',(#5198,#5200,#5201,#5202));
#5204=FACE_OUTER_BOUND('',#5203,.F.);
#5206=CARTESIAN_POINT('',(2.15535E0,3.010115582208E-1,1.575293525917E-1));
#5207=DIRECTION('',(0.E0,-9.960200894542E-1,-8.912901549843E-2));
#5208=DIRECTION('',(0.E0,8.912901549843E-2,-9.960200894542E-1));
#5209=AXIS2_PLACEMENT_3D('',#5206,#5207,#5208);
#5210=PLANE('',#5209);
#5211=ORIENTED_EDGE('',*,*,#4491,.F.);
#5213=ORIENTED_EDGE('',*,*,#5212,.T.);
#5214=ORIENTED_EDGE('',*,*,#4695,.T.);
#5215=ORIENTED_EDGE('',*,*,#5199,.F.);
#5216=EDGE_LOOP('',(#5211,#5213,#5214,#5215));
#5217=FACE_OUTER_BOUND('',#5216,.F.);
#5219=CARTESIAN_POINT('',(2.15535E0,2.896585156884E-1,1.994062024397E-1));
#5220=CARTESIAN_POINT('',(2.15535E0,2.950068808389E-1,1.976786194241E-1));
#5221=CARTESIAN_POINT('',(2.15535E0,2.992403397847E-1,1.818394582439E-1));
#5222=CARTESIAN_POINT('',(2.15535E0,3.015156589803E-1,1.513704482865E-1));
#5224=DIRECTION('',(1.E0,0.E0,0.E0));
#5225=VECTOR('',#5224,1.E0);
#5226=SURFACE_OF_LINEAR_EXTRUSION('',#5223,#5225);
#5227=ORIENTED_EDGE('',*,*,#4489,.F.);
#5229=ORIENTED_EDGE('',*,*,#5228,.T.);
#5230=ORIENTED_EDGE('',*,*,#4697,.T.);
#5231=ORIENTED_EDGE('',*,*,#5212,.F.);
#5232=EDGE_LOOP('',(#5227,#5229,#5230,#5231));
#5233=FACE_OUTER_BOUND('',#5232,.F.);
#5235=CARTESIAN_POINT('',(2.15535E0,2.713697709279E-1,2.030974852119E-1));
#5236=CARTESIAN_POINT('',(2.15535E0,2.830562901788E-1,2.048865699869E-1));
#5237=CARTESIAN_POINT('',(2.15535E0,2.908643800702E-1,2.020672081142E-1));
#5238=CARTESIAN_POINT('',(2.15535E0,2.942922161618E-1,1.936654211296E-1));
#5240=DIRECTION('',(1.E0,0.E0,0.E0));
#5241=VECTOR('',#5240,1.E0);
#5242=SURFACE_OF_LINEAR_EXTRUSION('',#5239,#5241);
#5243=ORIENTED_EDGE('',*,*,#4487,.F.);
#5245=ORIENTED_EDGE('',*,*,#5244,.T.);
#5246=ORIENTED_EDGE('',*,*,#4699,.T.);
#5247=ORIENTED_EDGE('',*,*,#5228,.F.);
#5248=EDGE_LOOP('',(#5243,#5245,#5246,#5247));
#5249=FACE_OUTER_BOUND('',#5248,.F.);
#5251=CARTESIAN_POINT('',(2.15535E0,2.598044117769E-1,1.915172165888E-1));
#5252=CARTESIAN_POINT('',(2.15535E0,2.629512694703E-1,1.998659710193E-1));
#5253=CARTESIAN_POINT('',(2.15535E0,2.685057795604E-1,2.038436554605E-1));
#5254=CARTESIAN_POINT('',(2.15535E0,2.773770141233E-1,2.035317314589E-1));
#5256=DIRECTION('',(1.E0,0.E0,0.E0));
#5257=VECTOR('',#5256,1.E0);
#5258=SURFACE_OF_LINEAR_EXTRUSION('',#5255,#5257);
#5259=ORIENTED_EDGE('',*,*,#4485,.F.);
#5261=ORIENTED_EDGE('',*,*,#5260,.T.);
#5262=ORIENTED_EDGE('',*,*,#4701,.T.);
#5263=ORIENTED_EDGE('',*,*,#5244,.F.);
#5264=EDGE_LOOP('',(#5259,#5261,#5262,#5263));
#5265=FACE_OUTER_BOUND('',#5264,.F.);
#5267=CARTESIAN_POINT('',(2.15535E0,2.612685297319E-1,1.341946177462E-1));
#5268=CARTESIAN_POINT('',(2.15535E0,2.580980954593E-1,1.688464417100E-1));
#5269=CARTESIAN_POINT('',(2.15535E0,2.580277887690E-1,1.890795703759E-1));
#5270=CARTESIAN_POINT('',(2.15535E0,2.610993770359E-1,1.944270838808E-1));
#5272=DIRECTION('',(1.E0,0.E0,0.E0));
#5273=VECTOR('',#5272,1.E0);
#5274=SURFACE_OF_LINEAR_EXTRUSION('',#5271,#5273);
#5275=ORIENTED_EDGE('',*,*,#4483,.F.);
#5277=ORIENTED_EDGE('',*,*,#5276,.T.);
#5278=ORIENTED_EDGE('',*,*,#4703,.T.);
#5279=ORIENTED_EDGE('',*,*,#5260,.F.);
#5280=EDGE_LOOP('',(#5275,#5277,#5278,#5279));
#5281=FACE_OUTER_BOUND('',#5280,.F.);
#5283=CARTESIAN_POINT('',(2.15535E0,2.654340978681E-1,8.762179830451E-2));
#5284=DIRECTION('',(0.E0,9.960200894542E-1,8.912901549843E-2));
#5285=DIRECTION('',(0.E0,-8.912901549843E-2,9.960200894542E-1));
#5286=AXIS2_PLACEMENT_3D('',#5283,#5284,#5285);
#5287=PLANE('',#5286);
#5288=ORIENTED_EDGE('',*,*,#4481,.F.);
#5290=ORIENTED_EDGE('',*,*,#5289,.T.);
#5291=ORIENTED_EDGE('',*,*,#4705,.T.);
#5292=ORIENTED_EDGE('',*,*,#5276,.F.);
#5293=EDGE_LOOP('',(#5288,#5290,#5291,#5292));
#5294=FACE_OUTER_BOUND('',#5293,.F.);
#5296=CARTESIAN_POINT('',(2.15535E0,2.510041187945E-1,-2.099811980763E-2));
#5297=CARTESIAN_POINT('',(2.15535E0,2.667549229859E-1,-1.460784000566E-2));
#5298=CARTESIAN_POINT('',(2.15535E0,2.716735308213E-1,2.375001853191E-2));
#5299=CARTESIAN_POINT('',(2.15535E0,2.648335243451E-1,9.404878064007E-2));
#5301=DIRECTION('',(1.E0,0.E0,0.E0));
#5302=VECTOR('',#5301,1.E0);
#5303=SURFACE_OF_LINEAR_EXTRUSION('',#5300,#5302);
#5304=ORIENTED_EDGE('',*,*,#4479,.F.);
#5306=ORIENTED_EDGE('',*,*,#5305,.T.);
#5307=ORIENTED_EDGE('',*,*,#4707,.T.);
#5308=ORIENTED_EDGE('',*,*,#5289,.F.);
#5309=EDGE_LOOP('',(#5304,#5306,#5307,#5308));
#5310=FACE_OUTER_BOUND('',#5309,.F.);
#5312=CARTESIAN_POINT('',(2.15535E0,1.899757257821E-1,-3.958063988576E-2));
#5313=CARTESIAN_POINT('',(2.15535E0,2.235240846528E-1,-3.709630702370E-2));
#5314=CARTESIAN_POINT('',(2.15535E0,2.460790357134E-1,-2.876156159950E-2));
#5315=CARTESIAN_POINT('',(2.15535E0,2.579869749444E-1,-1.547432221702E-2));
#5317=DIRECTION('',(1.E0,0.E0,0.E0));
#5318=VECTOR('',#5317,1.E0);
#5319=SURFACE_OF_LINEAR_EXTRUSION('',#5316,#5318);
#5320=ORIENTED_EDGE('',*,*,#4477,.F.);
#5322=ORIENTED_EDGE('',*,*,#5321,.T.);
#5323=ORIENTED_EDGE('',*,*,#4709,.T.);
#5324=ORIENTED_EDGE('',*,*,#5305,.F.);
#5325=EDGE_LOOP('',(#5320,#5322,#5323,#5324));
#5326=FACE_OUTER_BOUND('',#5325,.F.);
#5328=CARTESIAN_POINT('',(2.15535E0,1.358160958619E-1,-2.443479632786E-2));
#5329=CARTESIAN_POINT('',(2.15535E0,1.505363809140E-1,-3.688692419665E-2));
#5330=CARTESIAN_POINT('',(2.15535E0,1.707625791270E-1,-4.190100342073E-2));
#5331=CARTESIAN_POINT('',(2.15535E0,1.969424941656E-1,-3.894922228603E-2));
#5333=DIRECTION('',(1.E0,0.E0,0.E0));
#5334=VECTOR('',#5333,1.E0);
#5335=SURFACE_OF_LINEAR_EXTRUSION('',#5332,#5334);
#5336=ORIENTED_EDGE('',*,*,#4475,.F.);
#5338=ORIENTED_EDGE('',*,*,#5337,.T.);
#5339=ORIENTED_EDGE('',*,*,#4711,.T.);
#5340=ORIENTED_EDGE('',*,*,#5321,.F.);
#5341=EDGE_LOOP('',(#5336,#5338,#5339,#5340));
#5342=FACE_OUTER_BOUND('',#5341,.F.);
#5344=CARTESIAN_POINT('',(2.15535E0,1.074945601082E-1,1.020726675965E-1));
#5345=CARTESIAN_POINT('',(2.15535E0,1.144244986390E-1,1.959075830289E-2));
#5346=CARTESIAN_POINT('',(2.15535E0,1.259858459570E-1,-2.397303973607E-2));
#5347=CARTESIAN_POINT('',(2.15535E0,1.428869126938E-1,-2.877952280744E-2));
#5349=DIRECTION('',(1.E0,0.E0,0.E0));
#5350=VECTOR('',#5349,1.E0);
#5351=SURFACE_OF_LINEAR_EXTRUSION('',#5348,#5350);
#5352=ORIENTED_EDGE('',*,*,#4473,.F.);
#5354=ORIENTED_EDGE('',*,*,#5353,.T.);
#5355=ORIENTED_EDGE('',*,*,#4713,.T.);
#5356=ORIENTED_EDGE('',*,*,#5337,.F.);
#5357=EDGE_LOOP('',(#5352,#5354,#5355,#5356));
#5358=FACE_OUTER_BOUND('',#5357,.F.);
#5360=CARTESIAN_POINT('',(2.15535E0,1.081081652635E-1,2.382852004142E-1));
#5361=CARTESIAN_POINT('',(2.15535E0,1.010995212261E-1,2.172989347512E-1));
#5362=CARTESIAN_POINT('',(2.15535E0,1.013916359988E-1,1.677850216723E-1));
#5363=CARTESIAN_POINT('',(2.15535E0,1.085950136726E-1,8.965132995071E-2));
#5365=DIRECTION('',(1.E0,0.E0,0.E0));
#5366=VECTOR('',#5365,1.E0);
#5367=SURFACE_OF_LINEAR_EXTRUSION('',#5364,#5366);
#5368=ORIENTED_EDGE('',*,*,#4471,.F.);
#5369=ORIENTED_EDGE('',*,*,#4925,.T.);
#5370=ORIENTED_EDGE('',*,*,#4715,.T.);
#5371=ORIENTED_EDGE('',*,*,#5353,.F.);
#5372=EDGE_LOOP('',(#5368,#5369,#5370,#5371));
#5373=FACE_OUTER_BOUND('',#5372,.F.);
#5375=CARTESIAN_POINT('',(2.15535E0,3.907854333511E-1,-5.571136211728E-2));
#5376=DIRECTION('',(0.E0,-7.137745903775E-1,7.003754950963E-1));
#5377=DIRECTION('',(0.E0,-7.003754950963E-1,-7.137745903775E-1));
#5378=AXIS2_PLACEMENT_3D('',#5375,#5376,#5377);
#5379=PLANE('',#5378);
#5380=ORIENTED_EDGE('',*,*,#4531,.F.);
#5382=ORIENTED_EDGE('',*,*,#5381,.T.);
#5383=ORIENTED_EDGE('',*,*,#4725,.T.);
#5385=ORIENTED_EDGE('',*,*,#5384,.F.);
#5386=EDGE_LOOP('',(#5380,#5382,#5383,#5385));
#5387=FACE_OUTER_BOUND('',#5386,.F.);
#5389=CARTESIAN_POINT('',(2.15535E0,6.025385726076E-1,-2.634894362381E-1));
#5390=DIRECTION('',(0.E0,7.003754950963E-1,7.137745903775E-1));
#5391=DIRECTION('',(0.E0,-7.137745903775E-1,7.003754950963E-1));
#5392=AXIS2_PLACEMENT_3D('',#5389,#5390,#5391);
#5393=PLANE('',#5392);
#5394=ORIENTED_EDGE('',*,*,#4545,.F.);
#5396=ORIENTED_EDGE('',*,*,#5395,.T.);
#5397=ORIENTED_EDGE('',*,*,#4727,.T.);
#5398=ORIENTED_EDGE('',*,*,#5381,.F.);
#5399=EDGE_LOOP('',(#5394,#5396,#5397,#5398));
#5400=FACE_OUTER_BOUND('',#5399,.F.);
#5402=CARTESIAN_POINT('',(2.15535E0,5.574519013632E-1,-3.094386742173E-1));
#5403=DIRECTION('',(0.E0,7.137745903775E-1,-7.003754950963E-1));
#5404=DIRECTION('',(0.E0,7.003754950963E-1,7.137745903775E-1));
#5405=AXIS2_PLACEMENT_3D('',#5402,#5403,#5404);
#5406=PLANE('',#5405);
#5407=ORIENTED_EDGE('',*,*,#4543,.F.);
#5409=ORIENTED_EDGE('',*,*,#5408,.T.);
#5410=ORIENTED_EDGE('',*,*,#4729,.T.);
#5411=ORIENTED_EDGE('',*,*,#5395,.F.);
#5412=EDGE_LOOP('',(#5407,#5409,#5410,#5411));
#5413=FACE_OUTER_BOUND('',#5412,.F.);
#5415=CARTESIAN_POINT('',(2.15535E0,4.789366862110E-1,-2.323973597378E-1));
#5416=DIRECTION('',(0.E0,-7.003754950963E-1,-7.137745903775E-1));
#5417=DIRECTION('',(0.E0,7.137745903775E-1,-7.003754950963E-1));
#5418=AXIS2_PLACEMENT_3D('',#5415,#5416,#5417);
#5419=PLANE('',#5418);
#5420=ORIENTED_EDGE('',*,*,#4541,.F.);
#5422=ORIENTED_EDGE('',*,*,#5421,.T.);
#5423=ORIENTED_EDGE('',*,*,#4731,.T.);
#5424=ORIENTED_EDGE('',*,*,#5408,.F.);
#5425=EDGE_LOOP('',(#5420,#5422,#5423,#5424));
#5426=FACE_OUTER_BOUND('',#5425,.F.);
#5428=CARTESIAN_POINT('',(2.15535E0,3.489294836814E-1,-3.648917693529E-1));
#5429=DIRECTION('',(0.E0,7.137745903775E-1,-7.003754950963E-1));
#5430=DIRECTION('',(0.E0,7.003754950963E-1,7.137745903775E-1));
#5431=AXIS2_PLACEMENT_3D('',#5428,#5429,#5430);
#5432=PLANE('',#5431);
#5433=ORIENTED_EDGE('',*,*,#4539,.F.);
#5435=ORIENTED_EDGE('',*,*,#5434,.T.);
#5436=ORIENTED_EDGE('',*,*,#4733,.T.);
#5437=ORIENTED_EDGE('',*,*,#5421,.F.);
#5438=EDGE_LOOP('',(#5433,#5435,#5436,#5437));
#5439=FACE_OUTER_BOUND('',#5438,.F.);
#5441=CARTESIAN_POINT('',(2.15535E0,2.942067321849E-1,-3.111962824456E-1));
#5442=DIRECTION('',(0.E0,-7.003754950963E-1,-7.137745903775E-1));
#5443=DIRECTION('',(0.E0,7.137745903775E-1,-7.003754950963E-1));
#5444=AXIS2_PLACEMENT_3D('',#5441,#5442,#5443);
#5445=PLANE('',#5444);
#5446=ORIENTED_EDGE('',*,*,#4537,.F.);
#5448=ORIENTED_EDGE('',*,*,#5447,.T.);
#5449=ORIENTED_EDGE('',*,*,#4735,.T.);
#5450=ORIENTED_EDGE('',*,*,#5434,.F.);
#5451=EDGE_LOOP('',(#5446,#5448,#5449,#5450));
#5452=FACE_OUTER_BOUND('',#5451,.F.);
#5454=CARTESIAN_POINT('',(2.15535E0,4.242139347145E-1,-1.787018728304E-1));
#5455=DIRECTION('',(0.E0,-7.137745903775E-1,7.003754950963E-1));
#5456=DIRECTION('',(0.E0,-7.003754950963E-1,-7.137745903775E-1));
#5457=AXIS2_PLACEMENT_3D('',#5454,#5455,#5456);
#5458=PLANE('',#5457);
#5459=ORIENTED_EDGE('',*,*,#4535,.F.);
#5461=ORIENTED_EDGE('',*,*,#5460,.T.);
#5462=ORIENTED_EDGE('',*,*,#4737,.T.);
#5463=ORIENTED_EDGE('',*,*,#5447,.F.);
#5464=EDGE_LOOP('',(#5459,#5461,#5462,#5463));
#5465=FACE_OUTER_BOUND('',#5464,.F.);
#5467=CARTESIAN_POINT('',(2.15535E0,3.456987621066E-1,-1.016606000965E-1));
#5468=DIRECTION('',(0.E0,-7.003754950963E-1,-7.137745903775E-1));
#5469=DIRECTION('',(0.E0,7.137745903775E-1,-7.003754950963E-1));
#5470=AXIS2_PLACEMENT_3D('',#5467,#5468,#5469);
#5471=PLANE('',#5470);
#5472=ORIENTED_EDGE('',*,*,#4533,.F.);
#5473=ORIENTED_EDGE('',*,*,#5384,.T.);
#5474=ORIENTED_EDGE('',*,*,#4739,.T.);
#5475=ORIENTED_EDGE('',*,*,#5460,.F.);
#5476=EDGE_LOOP('',(#5472,#5473,#5474,#5475));
#5477=FACE_OUTER_BOUND('',#5476,.F.);
#5479=CARTESIAN_POINT('',(2.0616E0,0.E0,0.E0));
#5480=DIRECTION('',(1.E0,0.E0,0.E0));
#5481=DIRECTION('',(0.E0,0.E0,-1.E0));
#5482=AXIS2_PLACEMENT_3D('',#5479,#5480,#5481);
#5483=PLANE('',#5482);
#5485=ORIENTED_EDGE('',*,*,#5484,.T.);
#5487=ORIENTED_EDGE('',*,*,#5486,.F.);
#5489=ORIENTED_EDGE('',*,*,#5488,.T.);
#5490=ORIENTED_EDGE('',*,*,#4409,.T.);
#5491=EDGE_LOOP('',(#5485,#5487,#5489,#5490));
#5492=FACE_OUTER_BOUND('',#5491,.F.);
#5494=CARTESIAN_POINT('',(2.0616E0,3.9E-1,-5.479692795577E-1));
#5495=DIRECTION('',(0.E0,-1.E0,0.E0));
#5496=DIRECTION('',(0.E0,0.E0,-1.E0));
#5497=AXIS2_PLACEMENT_3D('',#5494,#5495,#5496);
#5498=PLANE('',#5497);
#5499=ORIENTED_EDGE('',*,*,#5484,.F.);
#5500=ORIENTED_EDGE('',*,*,#3821,.T.);
#5502=ORIENTED_EDGE('',*,*,#5501,.T.);
#5504=ORIENTED_EDGE('',*,*,#5503,.T.);
#5505=EDGE_LOOP('',(#5499,#5500,#5502,#5504));
#5506=FACE_OUTER_BOUND('',#5505,.F.);
#5508=CARTESIAN_POINT('',(2.0466E0,0.E0,0.E0));
#5509=DIRECTION('',(1.E0,0.E0,0.E0));
#5510=DIRECTION('',(0.E0,1.E0,0.E0));
#5511=AXIS2_PLACEMENT_3D('',#5508,#5509,#5510);
#5512=PLANE('',#5511);
#5514=ORIENTED_EDGE('',*,*,#5513,.F.);
#5516=ORIENTED_EDGE('',*,*,#5515,.F.);
#5517=ORIENTED_EDGE('',*,*,#5501,.F.);
#5518=ORIENTED_EDGE('',*,*,#3819,.F.);
#5520=ORIENTED_EDGE('',*,*,#5519,.F.);
#5521=EDGE_LOOP('',(#5514,#5516,#5517,#5518,#5520));
#5522=FACE_OUTER_BOUND('',#5521,.F.);
#5524=ORIENTED_EDGE('',*,*,#5523,.T.);
#5526=ORIENTED_EDGE('',*,*,#5525,.T.);
#5527=EDGE_LOOP('',(#5524,#5526));
#5528=FACE_BOUND('',#5527,.F.);
#5530=ORIENTED_EDGE('',*,*,#5529,.T.);
#5532=ORIENTED_EDGE('',*,*,#5531,.T.);
#5533=EDGE_LOOP('',(#5530,#5532));
#5534=FACE_BOUND('',#5533,.F.);
#5536=ORIENTED_EDGE('',*,*,#5535,.T.);
#5538=ORIENTED_EDGE('',*,*,#5537,.T.);
#5539=EDGE_LOOP('',(#5536,#5538));
#5540=FACE_BOUND('',#5539,.F.);
#5542=CARTESIAN_POINT('',(0.E0,8.24E-1,1.74E-1));
#5543=DIRECTION('',(1.E0,0.E0,0.E0));
#5544=DIRECTION('',(0.E0,0.E0,-1.E0));
#5545=AXIS2_PLACEMENT_3D('',#5542,#5543,#5544);
#5546=CYLINDRICAL_SURFACE('',#5545,1.275E0);
#5547=ORIENTED_EDGE('',*,*,#5513,.T.);
#5549=ORIENTED_EDGE('',*,*,#5548,.F.);
#5551=ORIENTED_EDGE('',*,*,#5550,.T.);
#5553=ORIENTED_EDGE('',*,*,#5552,.T.);
#5554=EDGE_LOOP('',(#5547,#5549,#5551,#5553));
#5555=FACE_OUTER_BOUND('',#5554,.F.);
#5557=CARTESIAN_POINT('',(0.E0,1.307E0,-1.005972881044E0));
#5558=DIRECTION('',(0.E0,1.E0,0.E0));
#5559=DIRECTION('',(0.E0,0.E0,1.E0));
#5560=AXIS2_PLACEMENT_3D('',#5557,#5558,#5559);
#5561=PLANE('',#5560);
#5562=ORIENTED_EDGE('',*,*,#5519,.T.);
#5563=ORIENTED_EDGE('',*,*,#3817,.F.);
#5565=ORIENTED_EDGE('',*,*,#5564,.T.);
#5566=ORIENTED_EDGE('',*,*,#5548,.T.);
#5567=EDGE_LOOP('',(#5562,#5563,#5565,#5566));
#5568=FACE_OUTER_BOUND('',#5567,.F.);
#5570=CARTESIAN_POINT('',(1.9013E0,0.E0,0.E0));
#5571=DIRECTION('',(-1.E0,0.E0,0.E0));
#5572=DIRECTION('',(0.E0,0.E0,1.E0));
#5573=AXIS2_PLACEMENT_3D('',#5570,#5571,#5572);
#5574=PLANE('',#5573);
#5575=ORIENTED_EDGE('',*,*,#5550,.F.);
#5576=ORIENTED_EDGE('',*,*,#5564,.F.);
#5577=ORIENTED_EDGE('',*,*,#3815,.F.);
#5579=ORIENTED_EDGE('',*,*,#5578,.F.);
#5580=ORIENTED_EDGE('',*,*,#3952,.T.);
#5581=ORIENTED_EDGE('',*,*,#3981,.F.);
#5583=ORIENTED_EDGE('',*,*,#5582,.T.);
#5584=EDGE_LOOP('',(#5575,#5576,#5577,#5579,#5580,#5581,#5583));
#5585=FACE_OUTER_BOUND('',#5584,.F.);
#5587=ORIENTED_EDGE('',*,*,#5586,.F.);
#5589=ORIENTED_EDGE('',*,*,#5588,.F.);
#5590=EDGE_LOOP('',(#5587,#5589));
#5591=FACE_BOUND('',#5590,.F.);
#5593=ORIENTED_EDGE('',*,*,#5592,.F.);
#5595=ORIENTED_EDGE('',*,*,#5594,.F.);
#5596=EDGE_LOOP('',(#5593,#5595));
#5597=FACE_BOUND('',#5596,.F.);
#5599=ORIENTED_EDGE('',*,*,#5598,.F.);
#5601=ORIENTED_EDGE('',*,*,#5600,.F.);
#5602=EDGE_LOOP('',(#5599,#5601));
#5603=FACE_BOUND('',#5602,.F.);
#5605=CARTESIAN_POINT('',(1.603E-1,1.311702692599E0,-3.098544033400E-1));
#5606=DIRECTION('',(0.E0,1.E0,0.E0));
#5607=DIRECTION('',(0.E0,0.E0,-1.E0));
#5608=AXIS2_PLACEMENT_3D('',#5605,#5606,#5607);
#5609=PLANE('',#5608);
#5610=ORIENTED_EDGE('',*,*,#4008,.F.);
#5612=ORIENTED_EDGE('',*,*,#5611,.T.);
#5614=ORIENTED_EDGE('',*,*,#5613,.T.);
#5615=ORIENTED_EDGE('',*,*,#3783,.F.);
#5616=ORIENTED_EDGE('',*,*,#3968,.F.);
#5617=ORIENTED_EDGE('',*,*,#3954,.T.);
#5618=ORIENTED_EDGE('',*,*,#5578,.T.);
#5619=ORIENTED_EDGE('',*,*,#3813,.F.);
#5620=EDGE_LOOP('',(#5610,#5612,#5614,#5615,#5616,#5617,#5618,#5619));
#5621=FACE_OUTER_BOUND('',#5620,.F.);
#5623=CARTESIAN_POINT('',(1.0933E0,8.24E-1,1.74E-1));
#5624=DIRECTION('',(-1.E0,0.E0,0.E0));
#5625=DIRECTION('',(0.E0,-1.E0,0.E0));
#5626=AXIS2_PLACEMENT_3D('',#5623,#5624,#5625);
#5627=CYLINDRICAL_SURFACE('',#5626,8.22375E-1);
#5628=ORIENTED_EDGE('',*,*,#4006,.T.);
#5629=ORIENTED_EDGE('',*,*,#4056,.T.);
#5631=ORIENTED_EDGE('',*,*,#5630,.T.);
#5632=ORIENTED_EDGE('',*,*,#5611,.F.);
#5633=EDGE_LOOP('',(#5628,#5629,#5631,#5632));
#5634=FACE_OUTER_BOUND('',#5633,.F.);
#5636=CARTESIAN_POINT('',(1.0933E0,8.24E-1,1.74E-1));
#5637=DIRECTION('',(-1.E0,0.E0,0.E0));
#5638=DIRECTION('',(0.E0,-1.E0,0.E0));
#5639=AXIS2_PLACEMENT_3D('',#5636,#5637,#5638);
#5640=CYLINDRICAL_SURFACE('',#5639,8.22375E-1);
#5642=ORIENTED_EDGE('',*,*,#5641,.T.);
#5643=ORIENTED_EDGE('',*,*,#4122,.F.);
#5644=ORIENTED_EDGE('',*,*,#4026,.T.);
#5645=ORIENTED_EDGE('',*,*,#3994,.T.);
#5646=EDGE_LOOP('',(#5642,#5643,#5644,#5645));
#5647=FACE_OUTER_BOUND('',#5646,.F.);
#5649=CARTESIAN_POINT('',(9.683E-1,0.E0,0.E0));
#5650=DIRECTION('',(-1.E0,0.E0,0.E0));
#5651=DIRECTION('',(0.E0,-1.E0,0.E0));
#5652=AXIS2_PLACEMENT_3D('',#5649,#5650,#5651);
#5653=PLANE('',#5652);
#5654=ORIENTED_EDGE('',*,*,#4054,.F.);
#5655=ORIENTED_EDGE('',*,*,#3785,.F.);
#5656=ORIENTED_EDGE('',*,*,#5613,.F.);
#5657=ORIENTED_EDGE('',*,*,#5630,.F.);
#5658=EDGE_LOOP('',(#5654,#5655,#5656,#5657));
#5659=FACE_OUTER_BOUND('',#5658,.F.);
#5661=CARTESIAN_POINT('',(9.683E-1,0.E0,0.E0));
#5662=DIRECTION('',(-1.E0,0.E0,0.E0));
#5663=DIRECTION('',(0.E0,-1.E0,0.E0));
#5664=AXIS2_PLACEMENT_3D('',#5661,#5662,#5663);
#5665=PLANE('',#5664);
#5666=ORIENTED_EDGE('',*,*,#4124,.F.);
#5667=ORIENTED_EDGE('',*,*,#5641,.F.);
#5668=ORIENTED_EDGE('',*,*,#3992,.F.);
#5670=ORIENTED_EDGE('',*,*,#5669,.T.);
#5671=ORIENTED_EDGE('',*,*,#3769,.F.);
#5672=EDGE_LOOP('',(#5666,#5667,#5668,#5670,#5671));
#5673=FACE_OUTER_BOUND('',#5672,.F.);
#5675=CARTESIAN_POINT('',(1.0933E0,8.24E-1,1.74E-1));
#5676=DIRECTION('',(-1.E0,0.E0,0.E0));
#5677=DIRECTION('',(0.E0,-1.E0,0.E0));
#5678=AXIS2_PLACEMENT_3D('',#5675,#5676,#5677);
#5679=CYLINDRICAL_SURFACE('',#5678,8.42375E-1);
#5680=ORIENTED_EDGE('',*,*,#3990,.F.);
#5681=ORIENTED_EDGE('',*,*,#4023,.T.);
#5683=ORIENTED_EDGE('',*,*,#5682,.T.);
#5684=ORIENTED_EDGE('',*,*,#5669,.F.);
#5685=EDGE_LOOP('',(#5680,#5681,#5683,#5684));
#5686=FACE_OUTER_BOUND('',#5685,.F.);
#5688=CARTESIAN_POINT('',(2.0616E0,3.699999999998E-1,-5.469632445554E-1));
#5689=DIRECTION('',(0.E0,1.E0,0.E0));
#5690=DIRECTION('',(0.E0,0.E0,1.E0));
#5691=AXIS2_PLACEMENT_3D('',#5688,#5689,#5690);
#5692=PLANE('',#5691);
#5693=ORIENTED_EDGE('',*,*,#5682,.F.);
#5694=ORIENTED_EDGE('',*,*,#4411,.F.);
#5695=ORIENTED_EDGE('',*,*,#5488,.F.);
#5697=ORIENTED_EDGE('',*,*,#5696,.F.);
#5698=ORIENTED_EDGE('',*,*,#3651,.T.);
#5699=ORIENTED_EDGE('',*,*,#3771,.F.);
#5700=EDGE_LOOP('',(#5693,#5694,#5695,#5697,#5698,#5699));
#5701=FACE_OUTER_BOUND('',#5700,.F.);
#5703=CARTESIAN_POINT('',(0.E0,8.24E-1,1.74E-1));
#5704=DIRECTION('',(1.E0,0.E0,0.E0));
#5705=DIRECTION('',(0.E0,0.E0,-1.E0));
#5706=AXIS2_PLACEMENT_3D('',#5703,#5704,#5705);
#5707=CYLINDRICAL_SURFACE('',#5706,8.52E-1);
#5708=ORIENTED_EDGE('',*,*,#5503,.F.);
#5710=ORIENTED_EDGE('',*,*,#5709,.F.);
#5711=ORIENTED_EDGE('',*,*,#3979,.F.);
#5712=ORIENTED_EDGE('',*,*,#3668,.F.);
#5713=ORIENTED_EDGE('',*,*,#3653,.F.);
#5714=ORIENTED_EDGE('',*,*,#5696,.T.);
#5715=ORIENTED_EDGE('',*,*,#5486,.T.);
#5716=EDGE_LOOP('',(#5708,#5710,#5711,#5712,#5713,#5714,#5715));
#5717=FACE_OUTER_BOUND('',#5716,.F.);
#5719=CARTESIAN_POINT('',(0.E0,3.9E-1,-5.591766499282E-1));
#5720=DIRECTION('',(0.E0,-1.E0,0.E0));
#5721=DIRECTION('',(0.E0,0.E0,-1.E0));
#5722=AXIS2_PLACEMENT_3D('',#5719,#5720,#5721);
#5723=PLANE('',#5722);
#5724=ORIENTED_EDGE('',*,*,#5515,.T.);
#5725=ORIENTED_EDGE('',*,*,#5552,.F.);
#5726=ORIENTED_EDGE('',*,*,#5582,.F.);
#5727=ORIENTED_EDGE('',*,*,#5709,.T.);
#5728=EDGE_LOOP('',(#5724,#5725,#5726,#5727));
#5729=FACE_OUTER_BOUND('',#5728,.F.);
#5731=CARTESIAN_POINT('',(2.0616E0,8.24E-1,-8.846875E-1));
#5732=DIRECTION('',(1.E0,0.E0,0.E0));
#5733=DIRECTION('',(0.E0,0.E0,-1.E0));
#5734=AXIS2_PLACEMENT_3D('',#5731,#5732,#5733);
#5735=CYLINDRICAL_SURFACE('',#5734,6.7055E-2);
#5736=ORIENTED_EDGE('',*,*,#5523,.F.);
#5738=ORIENTED_EDGE('',*,*,#5737,.T.);
#5739=ORIENTED_EDGE('',*,*,#5586,.T.);
#5741=ORIENTED_EDGE('',*,*,#5740,.F.);
#5742=EDGE_LOOP('',(#5736,#5738,#5739,#5741));
#5743=FACE_OUTER_BOUND('',#5742,.F.);
#5745=CARTESIAN_POINT('',(2.0616E0,8.24E-1,-8.846875E-1));
#5746=DIRECTION('',(1.E0,0.E0,0.E0));
#5747=DIRECTION('',(0.E0,0.E0,-1.E0));
#5748=AXIS2_PLACEMENT_3D('',#5745,#5746,#5747);
#5749=CYLINDRICAL_SURFACE('',#5748,6.7055E-2);
#5750=ORIENTED_EDGE('',*,*,#5525,.F.);
#5751=ORIENTED_EDGE('',*,*,#5740,.T.);
#5752=ORIENTED_EDGE('',*,*,#5588,.T.);
#5753=ORIENTED_EDGE('',*,*,#5737,.F.);
#5754=EDGE_LOOP('',(#5750,#5751,#5752,#5753));
#5755=FACE_OUTER_BOUND('',#5754,.F.);
#5757=CARTESIAN_POINT('',(2.0616E0,5.144697308563E-1,-8.384278913286E-1));
#5758=DIRECTION('',(1.E0,0.E0,0.E0));
#5759=DIRECTION('',(0.E0,0.E0,-1.E0));
#5760=AXIS2_PLACEMENT_3D('',#5757,#5758,#5759);
#5761=CYLINDRICAL_SURFACE('',#5760,6.7055E-2);
#5762=ORIENTED_EDGE('',*,*,#5529,.F.);
#5764=ORIENTED_EDGE('',*,*,#5763,.T.);
#5765=ORIENTED_EDGE('',*,*,#5592,.T.);
#5767=ORIENTED_EDGE('',*,*,#5766,.F.);
#5768=EDGE_LOOP('',(#5762,#5764,#5765,#5767));
#5769=FACE_OUTER_BOUND('',#5768,.F.);
#5771=CARTESIAN_POINT('',(2.0616E0,5.144697308563E-1,-8.384278913286E-1));
#5772=DIRECTION('',(1.E0,0.E0,0.E0));
#5773=DIRECTION('',(0.E0,0.E0,-1.E0));
#5774=AXIS2_PLACEMENT_3D('',#5771,#5772,#5773);
#5775=CYLINDRICAL_SURFACE('',#5774,6.7055E-2);
#5776=ORIENTED_EDGE('',*,*,#5531,.F.);
#5777=ORIENTED_EDGE('',*,*,#5766,.T.);
#5778=ORIENTED_EDGE('',*,*,#5594,.T.);
#5779=ORIENTED_EDGE('',*,*,#5763,.F.);
#5780=EDGE_LOOP('',(#5776,#5777,#5778,#5779));
#5781=FACE_OUTER_BOUND('',#5780,.F.);
#5783=CARTESIAN_POINT('',(2.0616E0,1.133530269144E0,-8.384278913286E-1));
#5784=DIRECTION('',(1.E0,0.E0,0.E0));
#5785=DIRECTION('',(0.E0,0.E0,-1.E0));
#5786=AXIS2_PLACEMENT_3D('',#5783,#5784,#5785);
#5787=CYLINDRICAL_SURFACE('',#5786,6.7055E-2);
#5788=ORIENTED_EDGE('',*,*,#5535,.F.);
#5790=ORIENTED_EDGE('',*,*,#5789,.T.);
#5791=ORIENTED_EDGE('',*,*,#5598,.T.);
#5793=ORIENTED_EDGE('',*,*,#5792,.F.);
#5794=EDGE_LOOP('',(#5788,#5790,#5791,#5793));
#5795=FACE_OUTER_BOUND('',#5794,.F.);
#5797=CARTESIAN_POINT('',(2.0616E0,1.133530269144E0,-8.384278913286E-1));
#5798=DIRECTION('',(1.E0,0.E0,0.E0));
#5799=DIRECTION('',(0.E0,0.E0,-1.E0));
#5800=AXIS2_PLACEMENT_3D('',#5797,#5798,#5799);
#5801=CYLINDRICAL_SURFACE('',#5800,6.7055E-2);
#5802=ORIENTED_EDGE('',*,*,#5537,.F.);
#5803=ORIENTED_EDGE('',*,*,#5792,.T.);
#5804=ORIENTED_EDGE('',*,*,#5600,.T.);
#5805=ORIENTED_EDGE('',*,*,#5789,.F.);
#5806=EDGE_LOOP('',(#5802,#5803,#5804,#5805));
#5807=FACE_OUTER_BOUND('',#5806,.F.);
#5809=CARTESIAN_POINT('',(1.412460895531E0,1.063809865607E0,1.5E0));
#5810=DIRECTION('',(-1.E0,0.E0,0.E0));
#5811=DIRECTION('',(0.E0,-1.E0,0.E0));
#5812=AXIS2_PLACEMENT_3D('',#5809,#5810,#5811);
#5813=PLANE('',#5812);
#5814=ORIENTED_EDGE('',*,*,#4117,.F.);
#5815=ORIENTED_EDGE('',*,*,#3907,.T.);
#5817=ORIENTED_EDGE('',*,*,#5816,.T.);
#5818=ORIENTED_EDGE('',*,*,#4415,.F.);
#5819=EDGE_LOOP('',(#5814,#5815,#5817,#5818));
#5820=FACE_OUTER_BOUND('',#5819,.F.);
#5822=CARTESIAN_POINT('',(1.412460895531E0,1.063809865607E0,1.5E0));
#5823=DIRECTION('',(-1.E0,0.E0,0.E0));
#5824=DIRECTION('',(0.E0,-1.E0,0.E0));
#5825=AXIS2_PLACEMENT_3D('',#5822,#5823,#5824);
#5826=PLANE('',#5825);
#5828=ORIENTED_EDGE('',*,*,#5827,.T.);
#5830=ORIENTED_EDGE('',*,*,#5829,.F.);
#5831=ORIENTED_EDGE('',*,*,#3936,.T.);
#5832=ORIENTED_EDGE('',*,*,#4060,.F.);
#5833=ORIENTED_EDGE('',*,*,#3807,.T.);
#5834=EDGE_LOOP('',(#5828,#5830,#5831,#5832,#5833));
#5835=FACE_OUTER_BOUND('',#5834,.F.);
#5837=CARTESIAN_POINT('',(1.677913385827E0,1.9E-1,-2.240997244724E-1));
#5838=DIRECTION('',(0.E0,1.E0,0.E0));
#5839=DIRECTION('',(0.E0,0.E0,-1.E0));
#5840=AXIS2_PLACEMENT_3D('',#5837,#5838,#5839);
#5841=PLANE('',#5840);
#5842=ORIENTED_EDGE('',*,*,#3905,.T.);
#5843=ORIENTED_EDGE('',*,*,#4077,.T.);
#5844=ORIENTED_EDGE('',*,*,#4417,.F.);
#5845=ORIENTED_EDGE('',*,*,#5816,.F.);
#5846=EDGE_LOOP('',(#5842,#5843,#5844,#5845));
#5847=FACE_OUTER_BOUND('',#5846,.F.);
#5849=CARTESIAN_POINT('',(1.677913385827E0,1.507E0,-3.190584555862E-1));
#5850=DIRECTION('',(0.E0,-1.E0,0.E0));
#5851=DIRECTION('',(0.E0,0.E0,1.E0));
#5852=AXIS2_PLACEMENT_3D('',#5849,#5850,#5851);
#5853=PLANE('',#5852);
#5855=ORIENTED_EDGE('',*,*,#5854,.T.);
#5856=ORIENTED_EDGE('',*,*,#5827,.F.);
#5857=ORIENTED_EDGE('',*,*,#3805,.T.);
#5858=ORIENTED_EDGE('',*,*,#4091,.T.);
#5859=EDGE_LOOP('',(#5855,#5856,#5857,#5858));
#5860=FACE_OUTER_BOUND('',#5859,.F.);
#5862=CARTESIAN_POINT('',(5.27010666E0,1.491E0,-1.998480849556E-1));
#5863=DIRECTION('',(-1.E0,0.E0,0.E0));
#5864=DIRECTION('',(0.E0,-8.723230341671E-1,4.889299786898E-1));
#5865=AXIS2_PLACEMENT_3D('',#5862,#5863,#5864);
#5866=CYLINDRICAL_SURFACE('',#5865,1.6E-2);
#5867=ORIENTED_EDGE('',*,*,#5854,.F.);
#5868=ORIENTED_EDGE('',*,*,#4089,.T.);
#5869=ORIENTED_EDGE('',*,*,#3938,.T.);
#5870=ORIENTED_EDGE('',*,*,#5829,.T.);
#5871=EDGE_LOOP('',(#5867,#5868,#5869,#5870));
#5872=FACE_OUTER_BOUND('',#5871,.F.);
#5874=CARTESIAN_POINT('',(0.E0,0.E0,0.E0));
#5875=DIRECTION('',(1.E0,0.E0,0.E0));
#5876=DIRECTION('',(0.E0,0.E0,-1.E0));
#5877=AXIS2_PLACEMENT_3D('',#5874,#5875,#5876);
#5878=PLANE('',#5877);
#5879=ORIENTED_EDGE('',*,*,#4127,.T.);
#5880=ORIENTED_EDGE('',*,*,#3765,.T.);
#5881=ORIENTED_EDGE('',*,*,#3852,.F.);
#5882=ORIENTED_EDGE('',*,*,#3911,.F.);
#5883=EDGE_LOOP('',(#5879,#5880,#5881,#5882));
#5884=FACE_OUTER_BOUND('',#5883,.F.);
#5886=CARTESIAN_POINT('',(0.E0,0.E0,0.E0));
#5887=DIRECTION('',(1.E0,0.E0,0.E0));
#5888=DIRECTION('',(0.E0,0.E0,-1.E0));
#5889=AXIS2_PLACEMENT_3D('',#5886,#5887,#5888);
#5890=PLANE('',#5889);
#5891=ORIENTED_EDGE('',*,*,#3916,.T.);
#5892=ORIENTED_EDGE('',*,*,#3883,.F.);
#5894=ORIENTED_EDGE('',*,*,#5893,.T.);
#5895=ORIENTED_EDGE('',*,*,#3789,.T.);
#5896=ORIENTED_EDGE('',*,*,#4051,.T.);
#5897=EDGE_LOOP('',(#5891,#5892,#5894,#5895,#5896));
#5898=FACE_OUTER_BOUND('',#5897,.F.);
#5900=CARTESIAN_POINT('',(0.E0,1.557E0,2.184747578499E-2));
#5901=DIRECTION('',(0.E0,-1.E0,0.E0));
#5902=DIRECTION('',(0.E0,0.E0,-1.E0));
#5903=AXIS2_PLACEMENT_3D('',#5900,#5901,#5902);
#5904=PLANE('',#5903);
#5905=ORIENTED_EDGE('',*,*,#3881,.F.);
#5906=ORIENTED_EDGE('',*,*,#3868,.T.);
#5907=ORIENTED_EDGE('',*,*,#3791,.T.);
#5908=ORIENTED_EDGE('',*,*,#5893,.F.);
#5909=EDGE_LOOP('',(#5905,#5906,#5907,#5908));
#5910=FACE_OUTER_BOUND('',#5909,.F.);
#5912=CARTESIAN_POINT('',(6.03E-1,8.24E-1,1.74E-1));
#5913=DIRECTION('',(-1.E0,0.E0,0.E0));
#5914=DIRECTION('',(0.E0,-1.E0,0.E0));
#5915=AXIS2_PLACEMENT_3D('',#5912,#5913,#5914);
#5916=CYLINDRICAL_SURFACE('',#5915,7.48625E-1);
#5917=ORIENTED_EDGE('',*,*,#4063,.F.);
#5919=ORIENTED_EDGE('',*,*,#5918,.F.);
#5921=ORIENTED_EDGE('',*,*,#5920,.T.);
#5923=ORIENTED_EDGE('',*,*,#5922,.T.);
#5924=EDGE_LOOP('',(#5917,#5919,#5921,#5923));
#5925=FACE_OUTER_BOUND('',#5924,.F.);
#5927=CARTESIAN_POINT('',(6.03E-1,0.E0,0.E0));
#5928=DIRECTION('',(-1.E0,0.E0,0.E0));
#5929=DIRECTION('',(0.E0,-1.E0,0.E0));
#5930=AXIS2_PLACEMENT_3D('',#5927,#5928,#5929);
#5931=PLANE('',#5930);
#5933=ORIENTED_EDGE('',*,*,#5932,.T.);
#5934=ORIENTED_EDGE('',*,*,#3924,.F.);
#5936=ORIENTED_EDGE('',*,*,#5935,.T.);
#5938=ORIENTED_EDGE('',*,*,#5937,.T.);
#5939=EDGE_LOOP('',(#5933,#5934,#5936,#5938));
#5940=FACE_OUTER_BOUND('',#5939,.F.);
#5942=ORIENTED_EDGE('',*,*,#5941,.T.);
#5944=ORIENTED_EDGE('',*,*,#5943,.T.);
#5945=EDGE_LOOP('',(#5942,#5944));
#5946=FACE_BOUND('',#5945,.F.);
#5948=CARTESIAN_POINT('',(6.03E-1,0.E0,0.E0));
#5949=DIRECTION('',(-1.E0,0.E0,0.E0));
#5950=DIRECTION('',(0.E0,-1.E0,0.E0));
#5951=AXIS2_PLACEMENT_3D('',#5948,#5949,#5950);
#5952=PLANE('',#5951);
#5954=ORIENTED_EDGE('',*,*,#5953,.F.);
#5956=ORIENTED_EDGE('',*,*,#5955,.T.);
#5958=ORIENTED_EDGE('',*,*,#5957,.T.);
#5959=ORIENTED_EDGE('',*,*,#5918,.T.);
#5960=ORIENTED_EDGE('',*,*,#3932,.F.);
#5961=EDGE_LOOP('',(#5954,#5956,#5958,#5959,#5960));
#5962=FACE_OUTER_BOUND('',#5961,.F.);
#5964=ORIENTED_EDGE('',*,*,#5963,.T.);
#5966=ORIENTED_EDGE('',*,*,#5965,.T.);
#5967=EDGE_LOOP('',(#5964,#5966));
#5968=FACE_BOUND('',#5967,.F.);
#5970=CARTESIAN_POINT('',(6.03E-1,1.020850393701E0,7.192755905512E-1));
#5971=DIRECTION('',(-1.E0,0.E0,0.E0));
#5972=DIRECTION('',(0.E0,-1.E0,0.E0));
#5973=AXIS2_PLACEMENT_3D('',#5970,#5971,#5972);
#5974=CYLINDRICAL_SURFACE('',#5973,8.674E-2);
#5975=ORIENTED_EDGE('',*,*,#5941,.F.);
#5977=ORIENTED_EDGE('',*,*,#5976,.T.);
#5979=ORIENTED_EDGE('',*,*,#5978,.T.);
#5981=ORIENTED_EDGE('',*,*,#5980,.F.);
#5982=EDGE_LOOP('',(#5975,#5977,#5979,#5981));
#5983=FACE_OUTER_BOUND('',#5982,.F.);
#5985=CARTESIAN_POINT('',(6.03E-1,1.020850393701E0,7.192755905512E-1));
#5986=DIRECTION('',(-1.E0,0.E0,0.E0));
#5987=DIRECTION('',(0.E0,-1.E0,0.E0));
#5988=AXIS2_PLACEMENT_3D('',#5985,#5986,#5987);
#5989=CYLINDRICAL_SURFACE('',#5988,8.674E-2);
#5990=ORIENTED_EDGE('',*,*,#5943,.F.);
#5991=ORIENTED_EDGE('',*,*,#5980,.T.);
#5993=ORIENTED_EDGE('',*,*,#5992,.T.);
#5994=ORIENTED_EDGE('',*,*,#5976,.F.);
#5995=EDGE_LOOP('',(#5990,#5991,#5993,#5994));
#5996=FACE_OUTER_BOUND('',#5995,.F.);
#5998=CARTESIAN_POINT('',(3.53E-1,0.E0,0.E0));
#5999=DIRECTION('',(-1.E0,0.E0,0.E0));
#6000=DIRECTION('',(0.E0,-1.E0,0.E0));
#6001=AXIS2_PLACEMENT_3D('',#5998,#5999,#6000);
#6002=PLANE('',#6001);
#6003=ORIENTED_EDGE('',*,*,#5922,.F.);
#6005=ORIENTED_EDGE('',*,*,#6004,.F.);
#6007=ORIENTED_EDGE('',*,*,#6006,.F.);
#6009=ORIENTED_EDGE('',*,*,#6008,.F.);
#6010=ORIENTED_EDGE('',*,*,#3920,.T.);
#6011=EDGE_LOOP('',(#6003,#6005,#6007,#6009,#6010));
#6012=FACE_OUTER_BOUND('',#6011,.F.);
#6014=ORIENTED_EDGE('',*,*,#6013,.F.);
#6016=ORIENTED_EDGE('',*,*,#6015,.F.);
#6017=EDGE_LOOP('',(#6014,#6016));
#6018=FACE_BOUND('',#6017,.F.);
#6019=ORIENTED_EDGE('',*,*,#5978,.F.);
#6020=ORIENTED_EDGE('',*,*,#5992,.F.);
#6021=EDGE_LOOP('',(#6019,#6020));
#6022=FACE_BOUND('',#6021,.F.);
#6024=CARTESIAN_POINT('',(6.03E-1,6.271496062992E-1,7.192755905512E-1));
#6025=DIRECTION('',(-1.E0,0.E0,0.E0));
#6026=DIRECTION('',(0.E0,-1.E0,0.E0));
#6027=AXIS2_PLACEMENT_3D('',#6024,#6025,#6026);
#6028=CYLINDRICAL_SURFACE('',#6027,8.674E-2);
#6029=ORIENTED_EDGE('',*,*,#5963,.F.);
#6031=ORIENTED_EDGE('',*,*,#6030,.T.);
#6032=ORIENTED_EDGE('',*,*,#6013,.T.);
#6034=ORIENTED_EDGE('',*,*,#6033,.F.);
#6035=EDGE_LOOP('',(#6029,#6031,#6032,#6034));
#6036=FACE_OUTER_BOUND('',#6035,.F.);
#6038=CARTESIAN_POINT('',(6.03E-1,6.271496062992E-1,7.192755905512E-1));
#6039=DIRECTION('',(-1.E0,0.E0,0.E0));
#6040=DIRECTION('',(0.E0,-1.E0,0.E0));
#6041=AXIS2_PLACEMENT_3D('',#6038,#6039,#6040);
#6042=CYLINDRICAL_SURFACE('',#6041,8.674E-2);
#6043=ORIENTED_EDGE('',*,*,#5965,.F.);
#6044=ORIENTED_EDGE('',*,*,#6033,.T.);
#6045=ORIENTED_EDGE('',*,*,#6015,.T.);
#6046=ORIENTED_EDGE('',*,*,#6030,.F.);
#6047=EDGE_LOOP('',(#6043,#6044,#6045,#6046));
#6048=FACE_OUTER_BOUND('',#6047,.F.);
#6050=CARTESIAN_POINT('',(6.03E-1,4.696692913386E-1,5.677007874016E-1));
#6051=DIRECTION('',(0.E0,-1.E0,0.E0));
#6052=DIRECTION('',(0.E0,0.E0,1.E0));
#6053=AXIS2_PLACEMENT_3D('',#6050,#6051,#6052);
#6054=PLANE('',#6053);
#6055=ORIENTED_EDGE('',*,*,#5957,.F.);
#6057=ORIENTED_EDGE('',*,*,#6056,.T.);
#6058=ORIENTED_EDGE('',*,*,#6004,.T.);
#6059=ORIENTED_EDGE('',*,*,#5920,.F.);
#6060=EDGE_LOOP('',(#6055,#6057,#6058,#6059));
#6061=FACE_OUTER_BOUND('',#6060,.F.);
#6063=CARTESIAN_POINT('',(6.03E-1,1.178330708661E0,5.677007874016E-1));
#6064=DIRECTION('',(0.E0,0.E0,-1.E0));
#6065=DIRECTION('',(0.E0,-1.E0,0.E0));
#6066=AXIS2_PLACEMENT_3D('',#6063,#6064,#6065);
#6067=PLANE('',#6066);
#6069=ORIENTED_EDGE('',*,*,#6068,.T.);
#6071=ORIENTED_EDGE('',*,*,#6070,.F.);
#6072=ORIENTED_EDGE('',*,*,#5937,.F.);
#6074=ORIENTED_EDGE('',*,*,#6073,.T.);
#6075=ORIENTED_EDGE('',*,*,#6006,.T.);
#6076=ORIENTED_EDGE('',*,*,#6056,.F.);
#6077=ORIENTED_EDGE('',*,*,#5955,.F.);
#6079=ORIENTED_EDGE('',*,*,#6078,.T.);
#6080=EDGE_LOOP('',(#6069,#6071,#6072,#6074,#6075,#6076,#6077,#6079));
#6081=FACE_OUTER_BOUND('',#6080,.F.);
#6083=CARTESIAN_POINT('',(5.321339E-1,0.E0,0.E0));
#6084=DIRECTION('',(1.E0,0.E0,0.E0));
#6085=DIRECTION('',(0.E0,1.E0,0.E0));
#6086=AXIS2_PLACEMENT_3D('',#6083,#6084,#6085);
#6087=PLANE('',#6086);
#6088=ORIENTED_EDGE('',*,*,#6068,.F.);
#6090=ORIENTED_EDGE('',*,*,#6089,.F.);
#6091=ORIENTED_EDGE('',*,*,#3928,.F.);
#6093=ORIENTED_EDGE('',*,*,#6092,.F.);
#6094=EDGE_LOOP('',(#6088,#6090,#6091,#6093));
#6095=FACE_OUTER_BOUND('',#6094,.F.);
#6097=CARTESIAN_POINT('',(6.03E-1,7.984094E-1,9.221874844026E-1));
#6098=DIRECTION('',(0.E0,-1.E0,0.E0));
#6099=DIRECTION('',(0.E0,0.E0,-1.E0));
#6100=AXIS2_PLACEMENT_3D('',#6097,#6098,#6099);
#6101=PLANE('',#6100);
#6102=ORIENTED_EDGE('',*,*,#5953,.T.);
#6103=ORIENTED_EDGE('',*,*,#3930,.T.);
#6104=ORIENTED_EDGE('',*,*,#6089,.T.);
#6105=ORIENTED_EDGE('',*,*,#6078,.F.);
#6106=EDGE_LOOP('',(#6102,#6103,#6104,#6105));
#6107=FACE_OUTER_BOUND('',#6106,.F.);
#6109=CARTESIAN_POINT('',(6.03E-1,8.495906E-1,5.677007874016E-1));
#6110=DIRECTION('',(0.E0,1.E0,0.E0));
#6111=DIRECTION('',(0.E0,0.E0,1.E0));
#6112=AXIS2_PLACEMENT_3D('',#6109,#6110,#6111);
#6113=PLANE('',#6112);
#6114=ORIENTED_EDGE('',*,*,#5932,.F.);
#6115=ORIENTED_EDGE('',*,*,#6070,.T.);
#6116=ORIENTED_EDGE('',*,*,#6092,.T.);
#6117=ORIENTED_EDGE('',*,*,#3926,.F.);
#6118=EDGE_LOOP('',(#6114,#6115,#6116,#6117));
#6119=FACE_OUTER_BOUND('',#6118,.F.);
#6121=CARTESIAN_POINT('',(6.03E-1,1.178330708661E0,8.334612494487E-1));
#6122=DIRECTION('',(0.E0,1.E0,0.E0));
#6123=DIRECTION('',(0.E0,0.E0,-1.E0));
#6124=AXIS2_PLACEMENT_3D('',#6121,#6122,#6123);
#6125=PLANE('',#6124);
#6126=ORIENTED_EDGE('',*,*,#3922,.F.);
#6127=ORIENTED_EDGE('',*,*,#6008,.T.);
#6128=ORIENTED_EDGE('',*,*,#6073,.F.);
#6129=ORIENTED_EDGE('',*,*,#5935,.F.);
#6130=EDGE_LOOP('',(#6126,#6127,#6128,#6129));
#6131=FACE_OUTER_BOUND('',#6130,.F.);
#6133=CARTESIAN_POINT('',(-1.4025E-1,1.307E0,-5.161497233391E-1));
#6134=DIRECTION('',(0.E0,1.E0,0.E0));
#6135=DIRECTION('',(0.E0,0.E0,-1.E0));
#6136=AXIS2_PLACEMENT_3D('',#6133,#6134,#6135);
#6137=PLANE('',#6136);
#6138=ORIENTED_EDGE('',*,*,#3685,.T.);
#6139=ORIENTED_EDGE('',*,*,#3719,.T.);
#6140=ORIENTED_EDGE('',*,*,#3731,.F.);
#6141=ORIENTED_EDGE('',*,*,#3776,.F.);
#6142=EDGE_LOOP('',(#6138,#6139,#6140,#6141));
#6143=FACE_OUTER_BOUND('',#6142,.F.);
#6145=CARTESIAN_POINT('',(-1.4025E-1,1.133530269144E0,-8.384278913286E-1));
#6146=DIRECTION('',(-1.E0,0.E0,0.E0));
#6147=DIRECTION('',(0.E0,-1.E0,0.E0));
#6148=AXIS2_PLACEMENT_3D('',#6145,#6146,#6147);
#6149=CYLINDRICAL_SURFACE('',#6148,6.7055E-2);
#6150=ORIENTED_EDGE('',*,*,#3691,.F.);
#6152=ORIENTED_EDGE('',*,*,#6151,.T.);
#6153=ORIENTED_EDGE('',*,*,#3739,.T.);
#6155=ORIENTED_EDGE('',*,*,#6154,.F.);
#6156=EDGE_LOOP('',(#6150,#6152,#6153,#6155));
#6157=FACE_OUTER_BOUND('',#6156,.F.);
#6159=CARTESIAN_POINT('',(-1.4025E-1,1.133530269144E0,-8.384278913286E-1));
#6160=DIRECTION('',(-1.E0,0.E0,0.E0));
#6161=DIRECTION('',(0.E0,-1.E0,0.E0));
#6162=AXIS2_PLACEMENT_3D('',#6159,#6160,#6161);
#6163=CYLINDRICAL_SURFACE('',#6162,6.7055E-2);
#6164=ORIENTED_EDGE('',*,*,#3693,.F.);
#6165=ORIENTED_EDGE('',*,*,#6154,.T.);
#6166=ORIENTED_EDGE('',*,*,#3741,.T.);
#6167=ORIENTED_EDGE('',*,*,#6151,.F.);
#6168=EDGE_LOOP('',(#6164,#6165,#6166,#6167));
#6169=FACE_OUTER_BOUND('',#6168,.F.);
#6171=CARTESIAN_POINT('',(-1.4025E-1,8.24E-1,-8.846875E-1));
#6172=DIRECTION('',(-1.E0,0.E0,0.E0));
#6173=DIRECTION('',(0.E0,-1.E0,0.E0));
#6174=AXIS2_PLACEMENT_3D('',#6171,#6172,#6173);
#6175=CYLINDRICAL_SURFACE('',#6174,6.7055E-2);
#6176=ORIENTED_EDGE('',*,*,#3697,.F.);
#6178=ORIENTED_EDGE('',*,*,#6177,.T.);
#6179=ORIENTED_EDGE('',*,*,#3745,.T.);
#6181=ORIENTED_EDGE('',*,*,#6180,.F.);
#6182=EDGE_LOOP('',(#6176,#6178,#6179,#6181));
#6183=FACE_OUTER_BOUND('',#6182,.F.);
#6185=CARTESIAN_POINT('',(-1.4025E-1,8.24E-1,-8.846875E-1));
#6186=DIRECTION('',(-1.E0,0.E0,0.E0));
#6187=DIRECTION('',(0.E0,-1.E0,0.E0));
#6188=AXIS2_PLACEMENT_3D('',#6185,#6186,#6187);
#6189=CYLINDRICAL_SURFACE('',#6188,6.7055E-2);
#6190=ORIENTED_EDGE('',*,*,#3699,.F.);
#6191=ORIENTED_EDGE('',*,*,#6180,.T.);
#6192=ORIENTED_EDGE('',*,*,#3747,.T.);
#6193=ORIENTED_EDGE('',*,*,#6177,.F.);
#6194=EDGE_LOOP('',(#6190,#6191,#6192,#6193));
#6195=FACE_OUTER_BOUND('',#6194,.F.);
#6197=CARTESIAN_POINT('',(-1.4025E-1,5.144697308563E-1,-8.384278913286E-1));
#6198=DIRECTION('',(-1.E0,0.E0,0.E0));
#6199=DIRECTION('',(0.E0,-1.E0,0.E0));
#6200=AXIS2_PLACEMENT_3D('',#6197,#6198,#6199);
#6201=CYLINDRICAL_SURFACE('',#6200,6.7055E-2);
#6202=ORIENTED_EDGE('',*,*,#3703,.F.);
#6204=ORIENTED_EDGE('',*,*,#6203,.T.);
#6205=ORIENTED_EDGE('',*,*,#3751,.T.);
#6207=ORIENTED_EDGE('',*,*,#6206,.F.);
#6208=EDGE_LOOP('',(#6202,#6204,#6205,#6207));
#6209=FACE_OUTER_BOUND('',#6208,.F.);
#6211=CARTESIAN_POINT('',(-1.4025E-1,5.144697308563E-1,-8.384278913286E-1));
#6212=DIRECTION('',(-1.E0,0.E0,0.E0));
#6213=DIRECTION('',(0.E0,-1.E0,0.E0));
#6214=AXIS2_PLACEMENT_3D('',#6211,#6212,#6213);
#6215=CYLINDRICAL_SURFACE('',#6214,6.7055E-2);
#6216=ORIENTED_EDGE('',*,*,#3705,.F.);
#6217=ORIENTED_EDGE('',*,*,#6206,.T.);
#6218=ORIENTED_EDGE('',*,*,#3753,.T.);
#6219=ORIENTED_EDGE('',*,*,#6203,.F.);
#6220=EDGE_LOOP('',(#6216,#6217,#6218,#6219));
#6221=FACE_OUTER_BOUND('',#6220,.F.);
#6225=FILL_AREA_STYLE_COLOUR('',#3);
#6226=FILL_AREA_STYLE('',(#6225));
#6227=SURFACE_STYLE_FILL_AREA(#6226);
#6228=SURFACE_SIDE_STYLE('',(#6227));
#6229=SURFACE_STYLE_USAGE(.BOTH.,#6228);
#6230=PRESENTATION_STYLE_ASSIGNMENT((#6229));
#16=STYLED_ITEM('',(#6230),#6224);
#6232=LENGTH_MEASURE_WITH_UNIT(LENGTH_MEASURE(2.54E1),#6231);
#6233=(CONVERSION_BASED_UNIT('INCH',#6232)LENGTH_UNIT()NAMED_UNIT(*));
#6235=PLANE_ANGLE_MEASURE_WITH_UNIT(PLANE_ANGLE_MEASURE(1.745329251994E-2),
#6234);
#6236=(CONVERSION_BASED_UNIT('DEGREE',#6235)NAMED_UNIT(*)PLANE_ANGLE_UNIT());
#6238=UNCERTAINTY_MEASURE_WITH_UNIT(LENGTH_MEASURE(4.688064484500E-4),#6233,
'closure',
'Maximum model space distance between geometric entities at asserted connectivities');
#6240=CARTESIAN_POINT('',(0.E0,0.E0,0.E0));
#6241=DIRECTION('',(0.E0,0.E0,1.E0));
#6242=DIRECTION('',(1.E0,0.E0,0.E0));
#6245=MECHANICAL_DESIGN_GEOMETRIC_PRESENTATION_REPRESENTATION('',(#24,#31,#39,
#46,#53,#61,#69,#76,#83,#91,#98,#106,#114,#122,#130,#138,#146,#153,#161,#168,
#176,#183,#191,#198,#205,#213,#221,#228,#236,#244,#251,#259,#266,#274,#281,#289,
#296,#304,#311,#319,#326,#334,#342,#349,#357,#365,#372,#380,#387,#394,#402,#409,
#417,#424,#432,#439,#447,#454,#462,#469,#477,#484,#491,#499,#506,#514,#521,#529,
#536,#543,#550,#557,#564,#571,#578,#585,#592,#599,#606,#613,#621,#628,#635,#642,
#649,#656,#663,#670,#677,#684,#691,#698,#705,#713,#720,#728,#735,#742,#749,#756,
#763,#770,#777,#784,#792,#799,#807,#814,#822,#830,#838,#846,#854,#862,#869,#877,
#884,#891,#898,#906,#914,#922,#930,#937,#944,#951,#958,#966,#974,#982,#990,#997,
#1004,#1012,#1020,#1028,#1036,#1043,#1051,#1058,#1065,#1073,#1080,#1088,#1095,
#1103,#1110,#1118,#1126,#1133,#1140,#1147,#1154,#1161,#1168,#1175,#1182,#1189,
#1196,#1203,#1210,#1217,#1224,#1231,#1238,#1245,#1253,#1261,#1269,#1277,#1285,
#1293,#1300,#1308,#1316,#1324,#1332,#1339,#1347,#1355,#1362,#1370,#1378,#1386,
#1394,#1402,#1410,#1417,#1425,#1433,#1441,#1449,#1457,#1465,#1472,#1479,#1486,
#1493,#1500,#1507,#1514,#1521,#1528,#1535,#1542,#1549,#1556,#1563,#1570,#1577,
#1584,#1591,#1598,#1605,#1612,#1619,#1626,#1633,#1640,#1647,#1654,#1661,#1668,
#1675,#1683,#1690,#1700,#1711,#1721,#1732,#1742,#1754,#1761,#1769,#1777,#1785,
#1793,#1801,#1809,#1816,#1828,#1838,#1845,#1855,#1865,#1875,#1887,#1894,#1902,
#1910,#1918,#1926,#1934,#1941,#1948,#1955,#1962,#1969,#1976,#1983,#1990,#1997,
#2004,#2011,#2018,#2025,#2032,#2039,#2046,#2053,#2060,#2067,#2074,#2081,#2088,
#2095,#2102,#2109,#2116,#2123,#2130,#2137,#2144,#2151,#2158,#2165,#2172,#2179,
#2186,#2193,#2200,#2207,#2214,#2221,#2228,#2235,#2242,#2249,#2256,#2263,#2270,
#2277,#2284,#2291,#2298,#2305,#2312,#2319,#2326,#2333,#2340,#2347,#2354,#2361,
#2368,#2376,#2383,#2391,#2398,#2405,#2413,#2421,#2428,#2435,#2442,#2449,#2456,
#2463,#2471,#2479,#2487,#2495,#2503,#2511,#2518,#2525,#2532,#2540,#2548,#2556,
#2564,#2572,#2579,#2586,#2593,#2600,#2607,#2614,#2621,#2629,#2636,#2644,#2651,
#2659,#2666,#2674,#2681,#2689,#2696,#2704,#2711,#2718,#2725,#2733,#2741,#2748,
#2756,#2764,#2771,#2779,#2786,#2793,#2800,#2807,#2815,#2823,#2831,#2839,#2846,
#2853,#2860,#2867,#2874,#2881,#2889,#2896,#2903,#2911,#2919,#2927,#2935,#2943,
#2950,#2957,#2964,#2971,#2978,#2985,#2992,#2999,#3006,#3013,#3020,#3028,#3035,
#3042,#3049,#3057,#3064,#3072,#3079,#3087,#3094,#3102,#3109,#3117,#3124,#3132,
#3139,#16),#6239);
#6246=APPLICATION_CONTEXT('automotive design');
#6247=APPLICATION_PROTOCOL_DEFINITION('international standard',
'config_control_design',1994,#6246);
#6248=PRODUCT_DEFINITION_CONTEXT('',#6246,'design');
#6249=PRODUCT_CONTEXT('',#6246,'mechanical');
#6250=PRODUCT('JOINT_COVER','JOINT_COVER','NOT SPECIFIED',(#6249));
#6251=PRODUCT_DEFINITION_FORMATION_WITH_SPECIFIED_SOURCE('1','LAST_VERSION',
#6250,.MADE.);
#6259=LENGTH_MEASURE_WITH_UNIT(LENGTH_MEASURE(2.54E1),#6258);
#6260=(CONVERSION_BASED_UNIT('INCH',#6259)LENGTH_UNIT()NAMED_UNIT(*));
#6261=DERIVED_UNIT_ELEMENT(#6260,2.E0);
#6262=AREA_UNIT((#6261));
#6263=MEASURE_REPRESENTATION_ITEM('surface area measure',AREA_MEASURE(
2.169981403463E1),#6262);
#6268=LENGTH_MEASURE_WITH_UNIT(LENGTH_MEASURE(2.54E1),#6267);
#6269=(CONVERSION_BASED_UNIT('INCH',#6268)LENGTH_UNIT()NAMED_UNIT(*));
#6270=DERIVED_UNIT_ELEMENT(#6269,3.E0);
#6271=VOLUME_UNIT((#6270));
#6272=MEASURE_REPRESENTATION_ITEM('volume measure',VOLUME_MEASURE(
8.729302719517E-1),#6271);
#6276=CARTESIAN_POINT('centre point',(1.141491134624E0,9.158647233366E-1,
4.065908333827E-2));
#6281=LENGTH_MEASURE_WITH_UNIT(LENGTH_MEASURE(2.54E1),#6280);
#6282=(CONVERSION_BASED_UNIT('INCH',#6281)LENGTH_UNIT()NAMED_UNIT(*));
#6283=DERIVED_UNIT_ELEMENT(#6282,2.E0);
#6284=AREA_UNIT((#6283));
#6285=MEASURE_REPRESENTATION_ITEM('surface area measure',AREA_MEASURE(
2.169981403463E1),#6284);
#6290=LENGTH_MEASURE_WITH_UNIT(LENGTH_MEASURE(2.54E1),#6289);
#6291=(CONVERSION_BASED_UNIT('INCH',#6290)LENGTH_UNIT()NAMED_UNIT(*));
#6292=DERIVED_UNIT_ELEMENT(#6291,3.E0);
#6293=VOLUME_UNIT((#6292));
#6294=MEASURE_REPRESENTATION_ITEM('volume measure',VOLUME_MEASURE(
8.729302719517E-1),#6293);
#6298=CARTESIAN_POINT('centre point',(1.141491134624E0,9.158647233366E-1,
4.065908333827E-2));
#1=DRAUGHTING_PRE_DEFINED_COLOUR('green');
#2=COLOUR_RGB('',1.1E-2,1.2E-2,1.E0);
#3=COLOUR_RGB('',2.352941176471E-1,2.352941176471E-1,2.352941176471E-1);
#4=COLOUR_RGB('',4.1E-1,2.61589E-1,1.12848E-1);
#5=COLOUR_RGB('',5.04854E-1,1.5455E-2,1.5455E-2);
#6=COLOUR_RGB('',6.35294E-1,6.86275E-1,7.4902E-1);
#7=COLOUR_RGB('',6.40777E-1,6.40777E-1,6.40777E-1);
#8=COLOUR_RGB('',6.69062E-1,6.69903E-1,6.55217E-1);
#9=COLOUR_RGB('',9.21569E-1,7.05882E-1,4.70588E-1);
#10=DRAUGHTING_PRE_DEFINED_COLOUR('red');
#11=COLOUR_RGB('',1.E0,0.E0,2.E-1);
#12=DRAUGHTING_PRE_DEFINED_COLOUR('yellow');
#13=COLOUR_RGB('',1.E0,1.E0,5.3E-1);
#14=COLOUR_RGB('',1.E0,1.E0,9.49E-1);
#15=DRAUGHTING_PRE_DEFINED_COLOUR('white');
#36=CIRCLE('',#35,8.52E-1);
#58=CIRCLE('',#57,8.42375E-1);
#66=CIRCLE('',#65,1.275E0);
#88=CIRCLE('',#87,1.275E0);
#103=CIRCLE('',#102,6.7055E-2);
#111=CIRCLE('',#110,6.7055E-2);
#119=CIRCLE('',#118,6.7055E-2);
#127=CIRCLE('',#126,6.7055E-2);
#135=CIRCLE('',#134,6.7055E-2);
#143=CIRCLE('',#142,6.7055E-2);
#158=CIRCLE('',#157,8.42375E-1);
#173=CIRCLE('',#172,8.42375E-1);
#188=CIRCLE('',#187,8.42375E-1);
#210=CIRCLE('',#209,8.42375E-1);
#218=CIRCLE('',#217,8.42375E-1);
#233=CIRCLE('',#232,8.42375E-1);
#241=CIRCLE('',#240,8.42375E-1);
#256=CIRCLE('',#255,8.42375E-1);
#271=CIRCLE('',#270,8.42375E-1);
#286=CIRCLE('',#285,8.42375E-1);
#301=CIRCLE('',#300,8.42375E-1);
#316=CIRCLE('',#315,8.42375E-1);
#331=CIRCLE('',#330,8.42375E-1);
#339=CIRCLE('',#338,1.6E-2);
#354=CIRCLE('',#353,1.6E-2);
#362=CIRCLE('',#361,7.48625E-1);
#377=CIRCLE('',#376,7.48625E-1);
#399=CIRCLE('',#398,7.48625E-1);
#414=CIRCLE('',#413,7.48625E-1);
#429=CIRCLE('',#428,7.48625E-1);
#444=CIRCLE('',#443,7.48625E-1);
#459=CIRCLE('',#458,7.48625E-1);
#474=CIRCLE('',#473,7.48625E-1);
#496=CIRCLE('',#495,7.48625E-1);
#511=CIRCLE('',#510,7.48625E-1);
#526=CIRCLE('',#525,7.48625E-1);
#618=CIRCLE('',#617,8.42375E-1);
#710=CIRCLE('',#709,7.48625E-1);
#725=CIRCLE('',#724,8.42375E-1);
#789=CIRCLE('',#788,8.42375E-1);
#804=CIRCLE('',#803,7.48625E-1);
#819=CIRCLE('',#818,3.2086615E-1);
#827=CIRCLE('',#826,3.2086615E-1);
#835=CIRCLE('',#834,1.968505E-1);
#843=CIRCLE('',#842,1.968505E-1);
#851=CIRCLE('',#850,1.574805E-1);
#859=CIRCLE('',#858,1.574805E-1);
#874=CIRCLE('',#873,8.42375E-1);
#903=CIRCLE('',#902,3.2086615E-1);
#911=CIRCLE('',#910,3.2086615E-1);
#919=CIRCLE('',#918,1.968505E-1);
#927=CIRCLE('',#926,1.968505E-1);
#963=CIRCLE('',#962,1.574805E-1);
#971=CIRCLE('',#970,1.574805E-1);
#979=CIRCLE('',#978,1.10236E-1);
#987=CIRCLE('',#986,1.10236E-1);
#1009=CIRCLE('',#1008,1.10236E-1);
#1017=CIRCLE('',#1016,1.10236E-1);
#1025=CIRCLE('',#1024,1.6E-2);
#1033=CIRCLE('',#1032,1.6E-2);
#1048=CIRCLE('',#1047,8.42375E-1);
#1070=CIRCLE('',#1069,8.42375E-1);
#1085=CIRCLE('',#1084,8.42375E-1);
#1100=CIRCLE('',#1099,8.42375E-1);
#1115=CIRCLE('',#1114,8.42375E-1);
#1123=CIRCLE('',#1122,8.42375E-1);
#1250=B_SPLINE_CURVE_WITH_KNOTS('',3,(#1246,#1247,#1248,#1249),.UNSPECIFIED.,
.F.,.F.,(4,4),(0.E0,1.E0),.UNSPECIFIED.);
#1258=B_SPLINE_CURVE_WITH_KNOTS('',3,(#1254,#1255,#1256,#1257),.UNSPECIFIED.,
.F.,.F.,(4,4),(0.E0,1.E0),.UNSPECIFIED.);
#1266=B_SPLINE_CURVE_WITH_KNOTS('',3,(#1262,#1263,#1264,#1265),.UNSPECIFIED.,
.F.,.F.,(4,4),(0.E0,1.E0),.UNSPECIFIED.);
#1274=B_SPLINE_CURVE_WITH_KNOTS('',3,(#1270,#1271,#1272,#1273),.UNSPECIFIED.,
.F.,.F.,(4,4),(0.E0,1.E0),.UNSPECIFIED.);
#1282=B_SPLINE_CURVE_WITH_KNOTS('',3,(#1278,#1279,#1280,#1281),.UNSPECIFIED.,
.F.,.F.,(4,4),(0.E0,1.E0),.UNSPECIFIED.);
#1290=B_SPLINE_CURVE_WITH_KNOTS('',3,(#1286,#1287,#1288,#1289),.UNSPECIFIED.,
.F.,.F.,(4,4),(0.E0,1.E0),.UNSPECIFIED.);
#1305=B_SPLINE_CURVE_WITH_KNOTS('',3,(#1301,#1302,#1303,#1304),.UNSPECIFIED.,
.F.,.F.,(4,4),(0.E0,1.E0),.UNSPECIFIED.);
#1313=B_SPLINE_CURVE_WITH_KNOTS('',3,(#1309,#1310,#1311,#1312),.UNSPECIFIED.,
.F.,.F.,(4,4),(0.E0,1.E0),.UNSPECIFIED.);
#1321=B_SPLINE_CURVE_WITH_KNOTS('',3,(#1317,#1318,#1319,#1320),.UNSPECIFIED.,
.F.,.F.,(4,4),(0.E0,1.E0),.UNSPECIFIED.);
#1329=B_SPLINE_CURVE_WITH_KNOTS('',3,(#1325,#1326,#1327,#1328),.UNSPECIFIED.,
.F.,.F.,(4,4),(0.E0,1.E0),.UNSPECIFIED.);
#1344=B_SPLINE_CURVE_WITH_KNOTS('',3,(#1340,#1341,#1342,#1343),.UNSPECIFIED.,
.F.,.F.,(4,4),(0.E0,1.E0),.UNSPECIFIED.);
#1352=B_SPLINE_CURVE_WITH_KNOTS('',3,(#1348,#1349,#1350,#1351),.UNSPECIFIED.,
.F.,.F.,(4,4),(0.E0,1.E0),.UNSPECIFIED.);
#1367=B_SPLINE_CURVE_WITH_KNOTS('',3,(#1363,#1364,#1365,#1366),.UNSPECIFIED.,
.F.,.F.,(4,4),(0.E0,1.E0),.UNSPECIFIED.);
#1375=B_SPLINE_CURVE_WITH_KNOTS('',3,(#1371,#1372,#1373,#1374),.UNSPECIFIED.,
.F.,.F.,(4,4),(0.E0,1.E0),.UNSPECIFIED.);
#1383=B_SPLINE_CURVE_WITH_KNOTS('',3,(#1379,#1380,#1381,#1382),.UNSPECIFIED.,
.F.,.F.,(4,4),(0.E0,1.E0),.UNSPECIFIED.);
#1391=B_SPLINE_CURVE_WITH_KNOTS('',3,(#1387,#1388,#1389,#1390),.UNSPECIFIED.,
.F.,.F.,(4,4),(0.E0,1.E0),.UNSPECIFIED.);
#1399=B_SPLINE_CURVE_WITH_KNOTS('',3,(#1395,#1396,#1397,#1398),.UNSPECIFIED.,
.F.,.F.,(4,4),(0.E0,1.E0),.UNSPECIFIED.);
#1407=B_SPLINE_CURVE_WITH_KNOTS('',3,(#1403,#1404,#1405,#1406),.UNSPECIFIED.,
.F.,.F.,(4,4),(0.E0,1.E0),.UNSPECIFIED.);
#1422=B_SPLINE_CURVE_WITH_KNOTS('',3,(#1418,#1419,#1420,#1421),.UNSPECIFIED.,
.F.,.F.,(4,4),(0.E0,1.E0),.UNSPECIFIED.);
#1430=B_SPLINE_CURVE_WITH_KNOTS('',3,(#1426,#1427,#1428,#1429),.UNSPECIFIED.,
.F.,.F.,(4,4),(0.E0,1.E0),.UNSPECIFIED.);
#1438=B_SPLINE_CURVE_WITH_KNOTS('',3,(#1434,#1435,#1436,#1437),.UNSPECIFIED.,
.F.,.F.,(4,4),(0.E0,1.E0),.UNSPECIFIED.);
#1446=B_SPLINE_CURVE_WITH_KNOTS('',3,(#1442,#1443,#1444,#1445),.UNSPECIFIED.,
.F.,.F.,(4,4),(0.E0,1.E0),.UNSPECIFIED.);
#1454=B_SPLINE_CURVE_WITH_KNOTS('',3,(#1450,#1451,#1452,#1453),.UNSPECIFIED.,
.F.,.F.,(4,4),(0.E0,1.E0),.UNSPECIFIED.);
#1462=B_SPLINE_CURVE_WITH_KNOTS('',3,(#1458,#1459,#1460,#1461),.UNSPECIFIED.,
.F.,.F.,(4,4),(0.E0,1.E0),.UNSPECIFIED.);
#1680=B_SPLINE_CURVE_WITH_KNOTS('',3,(#1676,#1677,#1678,#1679),.UNSPECIFIED.,
.F.,.F.,(4,4),(0.E0,1.E0),.UNSPECIFIED.);
#1697=B_SPLINE_CURVE_WITH_KNOTS('',3,(#1691,#1692,#1693,#1694,#1695,#1696),
.UNSPECIFIED.,.F.,.F.,(4,1,1,4),(0.E0,3.333333333333E-1,6.666666666667E-1,1.E0),
.UNSPECIFIED.);
#1708=B_SPLINE_CURVE_WITH_KNOTS('',3,(#1701,#1702,#1703,#1704,#1705,#1706,
#1707),.UNSPECIFIED.,.F.,.F.,(4,1,1,1,4),(0.E0,2.5E-1,5.E-1,7.5E-1,1.E0),
.UNSPECIFIED.);
#1718=B_SPLINE_CURVE_WITH_KNOTS('',3,(#1712,#1713,#1714,#1715,#1716,#1717),
.UNSPECIFIED.,.F.,.F.,(4,1,1,4),(0.E0,3.333333333333E-1,6.666666666667E-1,1.E0),
.UNSPECIFIED.);
#1729=B_SPLINE_CURVE_WITH_KNOTS('',3,(#1722,#1723,#1724,#1725,#1726,#1727,
#1728),.UNSPECIFIED.,.F.,.F.,(4,1,1,1,4),(0.E0,2.5E-1,5.E-1,7.5E-1,1.E0),
.UNSPECIFIED.);
#1739=B_SPLINE_CURVE_WITH_KNOTS('',3,(#1733,#1734,#1735,#1736,#1737,#1738),
.UNSPECIFIED.,.F.,.F.,(4,1,1,4),(0.E0,3.333333333333E-1,6.666666666667E-1,1.E0),
.UNSPECIFIED.);
#1751=B_SPLINE_CURVE_WITH_KNOTS('',3,(#1743,#1744,#1745,#1746,#1747,#1748,#1749,
#1750),.UNSPECIFIED.,.F.,.F.,(4,1,1,1,1,4),(0.E0,2.E-1,4.E-1,6.E-1,8.E-1,1.E0),
.UNSPECIFIED.);
#1766=B_SPLINE_CURVE_WITH_KNOTS('',3,(#1762,#1763,#1764,#1765),.UNSPECIFIED.,
.F.,.F.,(4,4),(0.E0,1.E0),.UNSPECIFIED.);
#1774=B_SPLINE_CURVE_WITH_KNOTS('',3,(#1770,#1771,#1772,#1773),.UNSPECIFIED.,
.F.,.F.,(4,4),(0.E0,1.E0),.UNSPECIFIED.);
#1782=B_SPLINE_CURVE_WITH_KNOTS('',3,(#1778,#1779,#1780,#1781),.UNSPECIFIED.,
.F.,.F.,(4,4),(0.E0,1.E0),.UNSPECIFIED.);
#1790=B_SPLINE_CURVE_WITH_KNOTS('',3,(#1786,#1787,#1788,#1789),.UNSPECIFIED.,
.F.,.F.,(4,4),(0.E0,1.E0),.UNSPECIFIED.);
#1798=B_SPLINE_CURVE_WITH_KNOTS('',3,(#1794,#1795,#1796,#1797),.UNSPECIFIED.,
.F.,.F.,(4,4),(0.E0,1.E0),.UNSPECIFIED.);
#1806=B_SPLINE_CURVE_WITH_KNOTS('',3,(#1802,#1803,#1804,#1805),.UNSPECIFIED.,
.F.,.F.,(4,4),(0.E0,1.E0),.UNSPECIFIED.);
#1825=B_SPLINE_CURVE_WITH_KNOTS('',3,(#1817,#1818,#1819,#1820,#1821,#1822,#1823,
#1824),.UNSPECIFIED.,.F.,.F.,(4,1,1,1,1,4),(0.E0,2.E-1,4.E-1,6.E-1,8.E-1,1.E0),
.UNSPECIFIED.);
#1835=B_SPLINE_CURVE_WITH_KNOTS('',3,(#1829,#1830,#1831,#1832,#1833,#1834),
.UNSPECIFIED.,.F.,.F.,(4,1,1,4),(0.E0,3.333333333333E-1,6.666666666667E-1,1.E0),
.UNSPECIFIED.);
#1852=B_SPLINE_CURVE_WITH_KNOTS('',3,(#1846,#1847,#1848,#1849,#1850,#1851),
.UNSPECIFIED.,.F.,.F.,(4,1,1,4),(0.E0,3.333333333333E-1,6.666666666667E-1,1.E0),
.UNSPECIFIED.);
#1862=B_SPLINE_CURVE_WITH_KNOTS('',3,(#1856,#1857,#1858,#1859,#1860,#1861),
.UNSPECIFIED.,.F.,.F.,(4,1,1,4),(0.E0,3.333333333333E-1,6.666666666667E-1,1.E0),
.UNSPECIFIED.);
#1872=B_SPLINE_CURVE_WITH_KNOTS('',3,(#1866,#1867,#1868,#1869,#1870,#1871),
.UNSPECIFIED.,.F.,.F.,(4,1,1,4),(0.E0,3.333333333333E-1,6.666666666667E-1,1.E0),
.UNSPECIFIED.);
#1884=B_SPLINE_CURVE_WITH_KNOTS('',3,(#1876,#1877,#1878,#1879,#1880,#1881,#1882,
#1883),.UNSPECIFIED.,.F.,.F.,(4,1,1,1,1,4),(0.E0,2.E-1,4.E-1,6.E-1,8.E-1,1.E0),
.UNSPECIFIED.);
#1899=B_SPLINE_CURVE_WITH_KNOTS('',3,(#1895,#1896,#1897,#1898),.UNSPECIFIED.,
.F.,.F.,(4,4),(0.E0,1.E0),.UNSPECIFIED.);
#1907=B_SPLINE_CURVE_WITH_KNOTS('',3,(#1903,#1904,#1905,#1906),.UNSPECIFIED.,
.F.,.F.,(4,4),(0.E0,1.E0),.UNSPECIFIED.);
#1915=B_SPLINE_CURVE_WITH_KNOTS('',3,(#1911,#1912,#1913,#1914),.UNSPECIFIED.,
.F.,.F.,(4,4),(0.E0,1.E0),.UNSPECIFIED.);
#1923=B_SPLINE_CURVE_WITH_KNOTS('',3,(#1919,#1920,#1921,#1922),.UNSPECIFIED.,
.F.,.F.,(4,4),(0.E0,1.E0),.UNSPECIFIED.);
#1931=B_SPLINE_CURVE_WITH_KNOTS('',3,(#1927,#1928,#1929,#1930),.UNSPECIFIED.,
.F.,.F.,(4,4),(0.E0,1.E0),.UNSPECIFIED.);
#2373=CIRCLE('',#2372,8.52E-1);
#2388=CIRCLE('',#2387,8.42375E-1);
#2410=CIRCLE('',#2409,1.275E0);
#2418=CIRCLE('',#2417,1.275E0);
#2468=CIRCLE('',#2467,6.7055E-2);
#2476=CIRCLE('',#2475,6.7055E-2);
#2484=CIRCLE('',#2483,6.7055E-2);
#2492=CIRCLE('',#2491,6.7055E-2);
#2500=CIRCLE('',#2499,6.7055E-2);
#2508=CIRCLE('',#2507,6.7055E-2);
#2537=CIRCLE('',#2536,8.22375E-1);
#2545=CIRCLE('',#2544,8.22375E-1);
#2553=CIRCLE('',#2552,8.22375E-1);
#2561=CIRCLE('',#2560,8.22375E-1);
#2569=CIRCLE('',#2568,8.42375E-1);
#2626=CIRCLE('',#2625,6.7055E-2);
#2641=CIRCLE('',#2640,6.7055E-2);
#2656=CIRCLE('',#2655,6.7055E-2);
#2671=CIRCLE('',#2670,6.7055E-2);
#2686=CIRCLE('',#2685,6.7055E-2);
#2701=CIRCLE('',#2700,6.7055E-2);
#2730=CIRCLE('',#2729,7.48625E-1);
#2738=CIRCLE('',#2737,8.42375E-1);
#2753=CIRCLE('',#2752,1.6E-2);
#2761=CIRCLE('',#2760,1.6E-2);
#2776=CIRCLE('',#2775,7.48625E-1);
#2812=CIRCLE('',#2811,8.674E-2);
#2820=CIRCLE('',#2819,8.674E-2);
#2828=CIRCLE('',#2827,8.674E-2);
#2836=CIRCLE('',#2835,8.674E-2);
#2886=CIRCLE('',#2885,7.48625E-1);
#2908=CIRCLE('',#2907,8.674E-2);
#2916=CIRCLE('',#2915,8.674E-2);
#2924=CIRCLE('',#2923,8.674E-2);
#2932=CIRCLE('',#2931,8.674E-2);
#2940=CIRCLE('',#2939,7.48625E-1);
#3025=CIRCLE('',#3024,7.48625E-1);
#3054=CIRCLE('',#3053,6.7055E-2);
#3069=CIRCLE('',#3068,6.7055E-2);
#3084=CIRCLE('',#3083,6.7055E-2);
#3099=CIRCLE('',#3098,6.7055E-2);
#3114=CIRCLE('',#3113,6.7055E-2);
#3129=CIRCLE('',#3128,6.7055E-2);
#3647=EDGE_CURVE('',#3306,#3307,#20,.T.);
#3649=EDGE_CURVE('',#3201,#3307,#188,.T.);
#3651=EDGE_CURVE('',#3200,#3201,#28,.T.);
#3653=EDGE_CURVE('',#3200,#3306,#36,.T.);
#3657=ADVANCED_FACE('',(#3656),#3646,.F.);
#3663=EDGE_CURVE('',#3324,#3325,#43,.T.);
#3665=EDGE_CURVE('',#3325,#3307,#195,.T.);
#3668=EDGE_CURVE('',#3306,#3309,#2590,.T.);
#3670=EDGE_CURVE('',#3297,#3309,#95,.T.);
#3672=EDGE_CURVE('',#3324,#3297,#50,.T.);
#3676=ADVANCED_FACE('',(#3675),#3662,.T.);
#3683=EDGE_CURVE('',#3329,#3324,#66,.T.);
#3685=EDGE_CURVE('',#3328,#3329,#3046,.T.);
#3687=EDGE_CURVE('',#3325,#3328,#58,.T.);
#3691=EDGE_CURVE('',#3332,#3333,#3054,.T.);
#3693=EDGE_CURVE('',#3333,#3332,#3069,.T.);
#3697=EDGE_CURVE('',#3336,#3337,#3084,.T.);
#3699=EDGE_CURVE('',#3337,#3336,#3099,.T.);
#3703=EDGE_CURVE('',#3340,#3341,#3114,.T.);
#3705=EDGE_CURVE('',#3341,#3340,#3129,.T.);
#3709=ADVANCED_FACE('',(#3690,#3696,#3702,#3708),#3681,.T.);
#3717=EDGE_CURVE('',#3296,#3297,#88,.T.);
#3719=EDGE_CURVE('',#3329,#3296,#73,.T.);
#3723=ADVANCED_FACE('',(#3722),#3714,.T.);
#3729=EDGE_CURVE('',#3300,#3301,#210,.T.);
#3731=EDGE_CURVE('',#3301,#3296,#80,.T.);
#3735=EDGE_CURVE('',#3309,#3300,#596,.T.);
#3739=EDGE_CURVE('',#3312,#3313,#103,.T.);
#3741=EDGE_CURVE('',#3313,#3312,#111,.T.);
#3745=EDGE_CURVE('',#3316,#3317,#119,.T.);
#3747=EDGE_CURVE('',#3317,#3316,#127,.T.);
#3751=EDGE_CURVE('',#3320,#3321,#135,.T.);
#3753=EDGE_CURVE('',#3321,#3320,#143,.T.);
#3757=ADVANCED_FACE('',(#3738,#3744,#3750,#3756),#3728,.F.);
#3763=EDGE_CURVE('',#3592,#3593,#150,.T.);
#3765=EDGE_CURVE('',#3589,#3593,#158,.T.);
#3767=EDGE_CURVE('',#3589,#3237,#165,.T.);
#3769=EDGE_CURVE('',#3237,#3257,#173,.T.);
#3771=EDGE_CURVE('',#3257,#3201,#180,.T.);
#3776=EDGE_CURVE('',#3328,#3301,#202,.T.);
#3779=EDGE_CURVE('',#3303,#3300,#610,.T.);
#3781=EDGE_CURVE('',#3303,#3157,#218,.T.);
#3783=EDGE_CURVE('',#3157,#3241,#225,.T.);
#3785=EDGE_CURVE('',#3241,#3228,#233,.T.);
#3787=EDGE_CURVE('',#3194,#3228,#653,.T.);
#3789=EDGE_CURVE('',#3197,#3194,#241,.T.);
#3791=EDGE_CURVE('',#3221,#3197,#248,.T.);
#3793=EDGE_CURVE('',#3221,#3592,#256,.T.);
#3797=ADVANCED_FACE('',(#3796),#3762,.T.);
#3803=EDGE_CURVE('',#3609,#3214,#725,.T.);
#3805=EDGE_CURVE('',#3608,#3609,#263,.T.);
#3807=EDGE_CURVE('',#3218,#3608,#2738,.T.);
#3809=EDGE_CURVE('',#3224,#3218,#681,.T.);
#3811=EDGE_CURVE('',#3224,#3239,#271,.T.);
#3813=EDGE_CURVE('',#3239,#3155,#278,.T.);
#3815=EDGE_CURVE('',#3155,#3153,#286,.T.);
#3817=EDGE_CURVE('',#3153,#3355,#293,.T.);
#3819=EDGE_CURVE('',#3355,#3369,#301,.T.);
#3821=EDGE_CURVE('',#3344,#3369,#2395,.T.);
#3823=EDGE_CURVE('',#3344,#3345,#1070,.T.);
#3825=EDGE_CURVE('',#3345,#3162,#308,.T.);
#3827=EDGE_CURVE('',#3162,#3163,#1115,.T.);
#3829=EDGE_CURVE('',#3166,#3163,#1062,.T.);
#3831=EDGE_CURVE('',#3166,#3167,#316,.T.);
#3833=EDGE_CURVE('',#3169,#3167,#323,.T.);
#3835=EDGE_CURVE('',#3169,#3172,#331,.T.);
#3837=EDGE_CURVE('',#3214,#3172,#632,.T.);
#3841=ADVANCED_FACE('',(#3840),#3802,.T.);
#3848=EDGE_CURVE('',#3596,#3592,#346,.T.);
#3850=EDGE_CURVE('',#3596,#3597,#466,.T.);
#3852=EDGE_CURVE('',#3597,#3593,#2768,.T.);
#3856=ADVANCED_FACE('',(#3855),#3846,.F.);
#3862=EDGE_CURVE('',#3636,#3639,#339,.T.);
#3864=EDGE_CURVE('',#3596,#3636,#474,.T.);
#3868=EDGE_CURVE('',#3639,#3221,#2797,.T.);
#3872=ADVANCED_FACE('',(#3871),#3861,.T.);
#3878=EDGE_CURVE('',#3636,#3637,#481,.T.);
#3881=EDGE_CURVE('',#3639,#3641,#2790,.T.);
#3883=EDGE_CURVE('',#3641,#3637,#354,.T.);
#3887=ADVANCED_FACE('',(#3886),#3877,.T.);
#3893=EDGE_CURVE('',#3624,#3625,#391,.T.);
#3895=EDGE_CURVE('',#3179,#3624,#399,.T.);
#3897=EDGE_CURVE('',#3177,#3179,#406,.T.);
#3899=EDGE_CURVE('',#3176,#3177,#414,.T.);
#3901=EDGE_CURVE('',#3176,#3600,#421,.T.);
#3903=EDGE_CURVE('',#3600,#3611,#429,.T.);
#3905=EDGE_CURVE('',#3613,#3611,#436,.T.);
#3907=EDGE_CURVE('',#3604,#3613,#444,.T.);
#3909=EDGE_CURVE('',#3604,#3588,#451,.T.);
#3911=EDGE_CURVE('',#3588,#3597,#459,.T.);
#3916=EDGE_CURVE('',#3195,#3637,#2776,.T.);
#3918=EDGE_CURVE('',#3195,#3289,#488,.T.);
#3920=EDGE_CURVE('',#3291,#3289,#496,.T.);
#3922=EDGE_CURVE('',#3291,#3293,#503,.T.);
#3924=EDGE_CURVE('',#3293,#3577,#511,.T.);
#3926=EDGE_CURVE('',#3577,#3572,#518,.T.);
#3928=EDGE_CURVE('',#3572,#3573,#3025,.T.);
#3930=EDGE_CURVE('',#3581,#3573,#3039,.T.);
#3932=EDGE_CURVE('',#3581,#3288,#526,.T.);
#3934=EDGE_CURVE('',#3288,#3219,#533,.T.);
#3936=EDGE_CURVE('',#3633,#3219,#2730,.T.);
#3938=EDGE_CURVE('',#3632,#3633,#540,.T.);
#3940=EDGE_CURVE('',#3215,#3632,#710,.T.);
#3942=EDGE_CURVE('',#3215,#3173,#547,.T.);
#3944=EDGE_CURVE('',#3625,#3173,#804,.T.);
#3948=EDGE_CURVE('',#3146,#3147,#362,.T.);
#3950=EDGE_CURVE('',#3147,#3151,#369,.T.);
#3952=EDGE_CURVE('',#3150,#3151,#377,.T.);
#3954=EDGE_CURVE('',#3146,#3150,#384,.T.);
#3958=ADVANCED_FACE('',(#3947,#3957),#3892,.F.);
#3965=EDGE_CURVE('',#3303,#3147,#554,.T.);
#3968=EDGE_CURVE('',#3146,#3157,#561,.T.);
#3972=ADVANCED_FACE('',(#3971),#3963,.F.);
#3979=EDGE_CURVE('',#3309,#3159,#603,.T.);
#3981=EDGE_CURVE('',#3159,#3151,#2460,.T.);
#3988=EDGE_CURVE('',#3248,#3249,#568,.T.);
#3990=EDGE_CURVE('',#3248,#3252,#575,.T.);
#3992=EDGE_CURVE('',#3252,#3253,#582,.T.);
#3994=EDGE_CURVE('',#3249,#3253,#589,.T.);
#3998=ADVANCED_FACE('',(#3987,#3997),#3977,.F.);
#4004=EDGE_CURVE('',#3224,#3225,#674,.T.);
#4006=EDGE_CURVE('',#3243,#3225,#2537,.T.);
#4008=EDGE_CURVE('',#3243,#3239,#2515,.T.);
#4013=ADVANCED_FACE('',(#4012),#4003,.T.);
#4019=EDGE_CURVE('',#3232,#3233,#753,.T.);
#4021=EDGE_CURVE('',#3255,#3233,#1085,.T.);
#4023=EDGE_CURVE('',#3248,#3255,#618,.T.);
#4026=EDGE_CURVE('',#3232,#3249,#2561,.T.);
#4030=ADVANCED_FACE('',(#4029),#4018,.T.);
#4036=EDGE_CURVE('',#3214,#3215,#625,.T.);
#4039=EDGE_CURVE('',#3172,#3173,#639,.T.);
#4044=ADVANCED_FACE('',(#4043),#4035,.T.);
#4051=EDGE_CURVE('',#3194,#3195,#646,.T.);
#4054=EDGE_CURVE('',#3228,#3229,#660,.T.);
#4056=EDGE_CURVE('',#3225,#3229,#667,.T.);
#4060=EDGE_CURVE('',#3218,#3219,#688,.T.);
#4063=EDGE_CURVE('',#3288,#3289,#695,.T.);
#4067=ADVANCED_FACE('',(#4066),#4049,.T.);
#4073=EDGE_CURVE('',#3600,#3601,#732,.T.);
#4075=EDGE_CURVE('',#3601,#3615,#1048,.T.);
#4077=EDGE_CURVE('',#3611,#3615,#702,.T.);
#4082=ADVANCED_FACE('',(#4081),#4072,.F.);
#4089=EDGE_CURVE('',#3628,#3632,#2753,.T.);
#4091=EDGE_CURVE('',#3609,#3628,#717,.T.);
#4097=ADVANCED_FACE('',(#4096),#4087,.F.);
#4105=EDGE_CURVE('',#3176,#3209,#739,.T.);
#4107=EDGE_CURVE('',#3601,#3209,#1055,.T.);
#4111=ADVANCED_FACE('',(#4110),#4102,.T.);
#4117=EDGE_CURVE('',#3604,#3605,#746,.T.);
#4119=EDGE_CURVE('',#3233,#3605,#1092,.T.);
#4122=EDGE_CURVE('',#3232,#3236,#760,.T.);
#4124=EDGE_CURVE('',#3236,#3237,#767,.T.);
#4127=EDGE_CURVE('',#3588,#3589,#774,.T.);
#4132=ADVANCED_FACE('',(#4131),#4116,.T.);
#4140=EDGE_CURVE('',#3211,#3177,#781,.T.);
#4142=EDGE_CURVE('',#3209,#3211,#789,.T.);
#4146=ADVANCED_FACE('',(#4145),#4137,.T.);
#4152=EDGE_CURVE('',#3621,#3169,#796,.T.);
#4154=EDGE_CURVE('',#3625,#3621,#1033,.T.);
#4161=ADVANCED_FACE('',(#4160),#4151,.T.);
#4167=EDGE_CURVE('',#3179,#3207,#881,.T.);
#4169=EDGE_CURVE('',#3211,#3207,#811,.T.);
#4175=ADVANCED_FACE('',(#4174),#4166,.F.);
#4181=EDGE_CURVE('',#3400,#3401,#835,.T.);
#4183=EDGE_CURVE('',#3401,#3400,#843,.T.);
#4187=EDGE_CURVE('',#3376,#3377,#851,.T.);
#4189=EDGE_CURVE('',#3377,#3376,#859,.T.);
#4193=ADVANCED_FACE('',(#4186,#4192),#4180,.F.);
#4200=EDGE_CURVE('',#3620,#3624,#1025,.T.);
#4202=EDGE_CURVE('',#3167,#3620,#866,.T.);
#4205=EDGE_CURVE('',#3166,#3207,#874,.T.);
#4210=EDGE_CURVE('',#3396,#3397,#819,.T.);
#4212=EDGE_CURVE('',#3397,#3396,#827,.T.);
#4216=ADVANCED_FACE('',(#4209,#4215),#4198,.F.);
#4223=EDGE_CURVE('',#3396,#3388,#888,.T.);
#4225=EDGE_CURVE('',#3388,#3389,#903,.T.);
#4227=EDGE_CURVE('',#3397,#3389,#895,.T.);
#4231=ADVANCED_FACE('',(#4230),#4221,.F.);
#4239=EDGE_CURVE('',#3389,#3388,#911,.T.);
#4244=ADVANCED_FACE('',(#4243),#4236,.F.);
#4254=EDGE_CURVE('',#3392,#3393,#919,.T.);
#4256=EDGE_CURVE('',#3393,#3392,#927,.T.);
#4260=ADVANCED_FACE('',(#4253,#4259),#4249,.T.);
#4267=EDGE_CURVE('',#3401,#3392,#934,.T.);
#4270=EDGE_CURVE('',#3400,#3393,#941,.T.);
#4274=ADVANCED_FACE('',(#4273),#4265,.T.);
#4286=ADVANCED_FACE('',(#4285),#4279,.T.);
#4293=EDGE_CURVE('',#3376,#3372,#948,.T.);
#4295=EDGE_CURVE('',#3372,#3373,#963,.T.);
#4297=EDGE_CURVE('',#3377,#3373,#955,.T.);
#4301=ADVANCED_FACE('',(#4300),#4291,.T.);
#4309=EDGE_CURVE('',#3373,#3372,#971,.T.);
#4314=ADVANCED_FACE('',(#4313),#4306,.T.);
#4324=EDGE_CURVE('',#3384,#3385,#979,.T.);
#4326=EDGE_CURVE('',#3385,#3384,#987,.T.);
#4330=ADVANCED_FACE('',(#4323,#4329),#4319,.T.);
#4337=EDGE_CURVE('',#3385,#3381,#1001,.T.);
#4339=EDGE_CURVE('',#3380,#3381,#1009,.T.);
#4341=EDGE_CURVE('',#3384,#3380,#994,.T.);
#4345=ADVANCED_FACE('',(#4344),#4335,.F.);
#4353=EDGE_CURVE('',#3381,#3380,#1017,.T.);
#4358=ADVANCED_FACE('',(#4357),#4350,.F.);
#4368=ADVANCED_FACE('',(#4367),#4363,.F.);
#4374=EDGE_CURVE('',#3620,#3621,#1040,.T.);
#4381=ADVANCED_FACE('',(#4380),#4373,.T.);
#4393=ADVANCED_FACE('',(#4392),#4386,.F.);
#4405=EDGE_CURVE('',#3163,#3162,#1123,.T.);
#4409=EDGE_CURVE('',#3205,#3344,#2388,.T.);
#4411=EDGE_CURVE('',#3205,#3255,#1077,.T.);
#4415=EDGE_CURVE('',#3605,#3617,#1100,.T.);
#4417=EDGE_CURVE('',#3617,#3615,#1107,.T.);
#4421=ADVANCED_FACE('',(#4420),#4398,.T.);
#4431=EDGE_CURVE('',#3408,#3409,#1130,.T.);
#4433=EDGE_CURVE('',#3409,#3517,#1137,.T.);
#4435=EDGE_CURVE('',#3517,#3519,#1144,.T.);
#4437=EDGE_CURVE('',#3519,#3408,#1151,.T.);
#4441=EDGE_CURVE('',#3492,#3493,#1158,.T.);
#4443=EDGE_CURVE('',#3493,#3495,#1165,.T.);
#4445=EDGE_CURVE('',#3495,#3497,#1172,.T.);
#4447=EDGE_CURVE('',#3497,#3499,#1179,.T.);
#4449=EDGE_CURVE('',#3499,#3501,#1186,.T.);
#4451=EDGE_CURVE('',#3501,#3503,#1193,.T.);
#4453=EDGE_CURVE('',#3503,#3505,#1200,.T.);
#4455=EDGE_CURVE('',#3505,#3507,#1207,.T.);
#4457=EDGE_CURVE('',#3507,#3509,#1214,.T.);
#4459=EDGE_CURVE('',#3509,#3511,#1221,.T.);
#4461=EDGE_CURVE('',#3511,#3513,#1228,.T.);
#4463=EDGE_CURVE('',#3513,#3515,#1235,.T.);
#4465=EDGE_CURVE('',#3515,#3492,#1242,.T.);
#4469=EDGE_CURVE('',#3520,#3521,#1250,.T.);
#4471=EDGE_CURVE('',#3521,#3522,#1258,.T.);
#4473=EDGE_CURVE('',#3522,#3523,#1266,.T.);
#4475=EDGE_CURVE('',#3523,#3524,#1274,.T.);
#4477=EDGE_CURVE('',#3524,#3525,#1282,.T.);
#4479=EDGE_CURVE('',#3525,#3526,#1290,.T.);
#4481=EDGE_CURVE('',#3526,#3528,#1297,.T.);
#4483=EDGE_CURVE('',#3528,#3529,#1305,.T.);
#4485=EDGE_CURVE('',#3529,#3530,#1313,.T.);
#4487=EDGE_CURVE('',#3530,#3531,#1321,.T.);
#4489=EDGE_CURVE('',#3531,#3532,#1329,.T.);
#4491=EDGE_CURVE('',#3532,#3534,#1336,.T.);
#4493=EDGE_CURVE('',#3534,#3535,#1344,.T.);
#4495=EDGE_CURVE('',#3535,#3536,#1352,.T.);
#4497=EDGE_CURVE('',#3536,#3538,#1359,.T.);
#4499=EDGE_CURVE('',#3538,#3539,#1367,.T.);
#4501=EDGE_CURVE('',#3539,#3540,#1375,.T.);
#4503=EDGE_CURVE('',#3541,#3540,#2183,.T.);
#4505=EDGE_CURVE('',#3541,#3542,#1383,.T.);
#4507=EDGE_CURVE('',#3542,#3543,#1391,.T.);
#4509=EDGE_CURVE('',#3543,#3544,#1399,.T.);
#4511=EDGE_CURVE('',#3544,#3545,#1407,.T.);
#4513=EDGE_CURVE('',#3545,#3547,#1414,.T.);
#4515=EDGE_CURVE('',#3547,#3548,#1422,.T.);
#4517=EDGE_CURVE('',#3548,#3549,#1430,.T.);
#4519=EDGE_CURVE('',#3549,#3550,#1438,.T.);
#4521=EDGE_CURVE('',#3550,#3551,#1446,.T.);
#4523=EDGE_CURVE('',#3551,#3552,#1454,.T.);
#4525=EDGE_CURVE('',#3552,#3553,#1462,.T.);
#4527=EDGE_CURVE('',#3553,#3520,#1469,.T.);
#4531=EDGE_CURVE('',#3556,#3557,#1476,.T.);
#4533=EDGE_CURVE('',#3557,#3559,#1483,.T.);
#4535=EDGE_CURVE('',#3559,#3561,#1490,.T.);
#4537=EDGE_CURVE('',#3561,#3563,#1497,.T.);
#4539=EDGE_CURVE('',#3563,#3565,#1504,.T.);
#4541=EDGE_CURVE('',#3565,#3567,#1511,.T.);
#4543=EDGE_CURVE('',#3567,#3569,#1518,.T.);
#4545=EDGE_CURVE('',#3569,#3556,#1525,.T.);
#4549=ADVANCED_FACE('',(#4430,#4440,#4468,#4530,#4548),#4426,.T.);
#4556=EDGE_CURVE('',#3408,#3404,#1532,.T.);
#4558=EDGE_CURVE('',#3404,#3405,#1651,.T.);
#4560=EDGE_CURVE('',#3409,#3405,#1553,.T.);
#4564=ADVANCED_FACE('',(#4563),#4554,.F.);
#4571=EDGE_CURVE('',#3519,#3439,#1539,.T.);
#4573=EDGE_CURVE('',#3439,#3404,#1658,.T.);
#4578=ADVANCED_FACE('',(#4577),#4569,.F.);
#4585=EDGE_CURVE('',#3517,#3437,#1546,.T.);
#4587=EDGE_CURVE('',#3437,#3439,#1665,.T.);
#4592=ADVANCED_FACE('',(#4591),#4583,.F.);
#4600=EDGE_CURVE('',#3405,#3437,#1672,.T.);
#4605=ADVANCED_FACE('',(#4604),#4597,.F.);
#4611=EDGE_CURVE('',#3412,#3413,#1560,.T.);
#4613=EDGE_CURVE('',#3435,#3412,#1567,.T.);
#4615=EDGE_CURVE('',#3433,#3435,#1574,.T.);
#4617=EDGE_CURVE('',#3431,#3433,#1581,.T.);
#4619=EDGE_CURVE('',#3429,#3431,#1588,.T.);
#4621=EDGE_CURVE('',#3427,#3429,#1595,.T.);
#4623=EDGE_CURVE('',#3425,#3427,#1602,.T.);
#4625=EDGE_CURVE('',#3423,#3425,#1609,.T.);
#4627=EDGE_CURVE('',#3421,#3423,#1616,.T.);
#4629=EDGE_CURVE('',#3419,#3421,#1623,.T.);
#4631=EDGE_CURVE('',#3417,#3419,#1630,.T.);
#4633=EDGE_CURVE('',#3415,#3417,#1637,.T.);
#4635=EDGE_CURVE('',#3413,#3415,#1644,.T.);
#4639=ADVANCED_FACE('',(#4638),#4610,.T.);
#4651=ADVANCED_FACE('',(#4650),#4644,.T.);
#4657=EDGE_CURVE('',#3440,#3441,#1680,.T.);
#4659=EDGE_CURVE('',#3473,#3440,#1687,.T.);
#4661=EDGE_CURVE('',#3472,#3473,#1697,.T.);
#4663=EDGE_CURVE('',#3471,#3472,#1708,.T.);
#4665=EDGE_CURVE('',#3470,#3471,#1718,.T.);
#4667=EDGE_CURVE('',#3469,#3470,#1729,.T.);
#4669=EDGE_CURVE('',#3468,#3469,#1739,.T.);
#4671=EDGE_CURVE('',#3467,#3468,#1751,.T.);
#4673=EDGE_CURVE('',#3465,#3467,#1758,.T.);
#4675=EDGE_CURVE('',#3464,#3465,#1766,.T.);
#4677=EDGE_CURVE('',#3463,#3464,#1774,.T.);
#4679=EDGE_CURVE('',#3462,#3463,#1782,.T.);
#4681=EDGE_CURVE('',#3461,#3462,#1790,.T.);
#4683=EDGE_CURVE('',#3460,#3461,#2176,.T.);
#4685=EDGE_CURVE('',#3459,#3460,#1798,.T.);
#4687=EDGE_CURVE('',#3458,#3459,#1806,.T.);
#4689=EDGE_CURVE('',#3456,#3458,#1813,.T.);
#4691=EDGE_CURVE('',#3455,#3456,#1825,.T.);
#4693=EDGE_CURVE('',#3454,#3455,#1835,.T.);
#4695=EDGE_CURVE('',#3452,#3454,#1842,.T.);
#4697=EDGE_CURVE('',#3451,#3452,#1852,.T.);
#4699=EDGE_CURVE('',#3450,#3451,#1862,.T.);
#4701=EDGE_CURVE('',#3449,#3450,#1872,.T.);
#4703=EDGE_CURVE('',#3448,#3449,#1884,.T.);
#4705=EDGE_CURVE('',#3446,#3448,#1891,.T.);
#4707=EDGE_CURVE('',#3445,#3446,#1899,.T.);
#4709=EDGE_CURVE('',#3444,#3445,#1907,.T.);
#4711=EDGE_CURVE('',#3443,#3444,#1915,.T.);
#4713=EDGE_CURVE('',#3442,#3443,#1923,.T.);
#4715=EDGE_CURVE('',#3441,#3442,#1931,.T.);
#4719=ADVANCED_FACE('',(#4718),#4656,.T.);
#4725=EDGE_CURVE('',#3476,#3477,#1938,.T.);
#4727=EDGE_CURVE('',#3489,#3476,#1945,.T.);
#4729=EDGE_CURVE('',#3487,#3489,#1952,.T.);
#4731=EDGE_CURVE('',#3485,#3487,#1959,.T.);
#4733=EDGE_CURVE('',#3483,#3485,#1966,.T.);
#4735=EDGE_CURVE('',#3481,#3483,#1973,.T.);
#4737=EDGE_CURVE('',#3479,#3481,#1980,.T.);
#4739=EDGE_CURVE('',#3477,#3479,#1987,.T.);
#4743=ADVANCED_FACE('',(#4742),#4724,.T.);
#4750=EDGE_CURVE('',#3492,#3412,#1994,.T.);
#4753=EDGE_CURVE('',#3493,#3413,#2078,.T.);
#4757=ADVANCED_FACE('',(#4756),#4748,.F.);
#4764=EDGE_CURVE('',#3515,#3435,#2001,.T.);
#4770=ADVANCED_FACE('',(#4769),#4762,.F.);
#4777=EDGE_CURVE('',#3513,#3433,#2008,.T.);
#4783=ADVANCED_FACE('',(#4782),#4775,.F.);
#4790=EDGE_CURVE('',#3511,#3431,#2015,.T.);
#4796=ADVANCED_FACE('',(#4795),#4788,.F.);
#4803=EDGE_CURVE('',#3509,#3429,#2022,.T.);
#4809=ADVANCED_FACE('',(#4808),#4801,.F.);
#4816=EDGE_CURVE('',#3507,#3427,#2029,.T.);
#4822=ADVANCED_FACE('',(#4821),#4814,.F.);
#4829=EDGE_CURVE('',#3505,#3425,#2036,.T.);
#4835=ADVANCED_FACE('',(#4834),#4827,.F.);
#4842=EDGE_CURVE('',#3503,#3423,#2043,.T.);
#4848=ADVANCED_FACE('',(#4847),#4840,.F.);
#4855=EDGE_CURVE('',#3501,#3421,#2050,.T.);
#4861=ADVANCED_FACE('',(#4860),#4853,.F.);
#4868=EDGE_CURVE('',#3499,#3419,#2057,.T.);
#4874=ADVANCED_FACE('',(#4873),#4866,.F.);
#4881=EDGE_CURVE('',#3497,#3417,#2064,.T.);
#4887=ADVANCED_FACE('',(#4886),#4879,.F.);
#4894=EDGE_CURVE('',#3495,#3415,#2071,.T.);
#4900=ADVANCED_FACE('',(#4899),#4892,.F.);
#4912=ADVANCED_FACE('',(#4911),#4905,.F.);
#4917=B_SPLINE_CURVE_WITH_KNOTS('',3,(#4913,#4914,#4915,#4916),.UNSPECIFIED.,
.F.,.F.,(4,4),(0.E0,1.E0),.UNSPECIFIED.);
#4922=EDGE_CURVE('',#3520,#3440,#2085,.T.);
#4925=EDGE_CURVE('',#3521,#3441,#2302,.T.);
#4929=ADVANCED_FACE('',(#4928),#4920,.F.);
#4936=EDGE_CURVE('',#3553,#3473,#2092,.T.);
#4942=ADVANCED_FACE('',(#4941),#4934,.F.);
#4947=B_SPLINE_CURVE_WITH_KNOTS('',3,(#4943,#4944,#4945,#4946),.UNSPECIFIED.,
.F.,.F.,(4,4),(0.E0,1.E0),.UNSPECIFIED.);
#4952=EDGE_CURVE('',#3552,#3472,#2099,.T.);
#4958=ADVANCED_FACE('',(#4957),#4950,.F.);
#4963=B_SPLINE_CURVE_WITH_KNOTS('',3,(#4959,#4960,#4961,#4962),.UNSPECIFIED.,
.F.,.F.,(4,4),(0.E0,1.E0),.UNSPECIFIED.);
#4968=EDGE_CURVE('',#3551,#3471,#2106,.T.);
#4974=ADVANCED_FACE('',(#4973),#4966,.F.);
#4979=B_SPLINE_CURVE_WITH_KNOTS('',3,(#4975,#4976,#4977,#4978),.UNSPECIFIED.,
.F.,.F.,(4,4),(0.E0,1.E0),.UNSPECIFIED.);
#4984=EDGE_CURVE('',#3550,#3470,#2113,.T.);
#4990=ADVANCED_FACE('',(#4989),#4982,.F.);
#4995=B_SPLINE_CURVE_WITH_KNOTS('',3,(#4991,#4992,#4993,#4994),.UNSPECIFIED.,
.F.,.F.,(4,4),(0.E0,1.E0),.UNSPECIFIED.);
#5000=EDGE_CURVE('',#3549,#3469,#2120,.T.);
#5006=ADVANCED_FACE('',(#5005),#4998,.F.);
#5011=B_SPLINE_CURVE_WITH_KNOTS('',3,(#5007,#5008,#5009,#5010),.UNSPECIFIED.,
.F.,.F.,(4,4),(0.E0,1.E0),.UNSPECIFIED.);
#5016=EDGE_CURVE('',#3548,#3468,#2127,.T.);
#5022=ADVANCED_FACE('',(#5021),#5014,.F.);
#5027=B_SPLINE_CURVE_WITH_KNOTS('',3,(#5023,#5024,#5025,#5026),.UNSPECIFIED.,
.F.,.F.,(4,4),(0.E0,1.E0),.UNSPECIFIED.);
#5032=EDGE_CURVE('',#3547,#3467,#2134,.T.);
#5038=ADVANCED_FACE('',(#5037),#5030,.F.);
#5045=EDGE_CURVE('',#3545,#3465,#2141,.T.);
#5051=ADVANCED_FACE('',(#5050),#5043,.F.);
#5056=B_SPLINE_CURVE_WITH_KNOTS('',3,(#5052,#5053,#5054,#5055),.UNSPECIFIED.,
.F.,.F.,(4,4),(0.E0,1.E0),.UNSPECIFIED.);
#5061=EDGE_CURVE('',#3544,#3464,#2148,.T.);
#5067=ADVANCED_FACE('',(#5066),#5059,.F.);
#5072=B_SPLINE_CURVE_WITH_KNOTS('',3,(#5068,#5069,#5070,#5071),.UNSPECIFIED.,
.F.,.F.,(4,4),(0.E0,1.E0),.UNSPECIFIED.);
#5077=EDGE_CURVE('',#3543,#3463,#2155,.T.);
#5083=ADVANCED_FACE('',(#5082),#5075,.F.);
#5088=B_SPLINE_CURVE_WITH_KNOTS('',3,(#5084,#5085,#5086,#5087),.UNSPECIFIED.,
.F.,.F.,(4,4),(0.E0,1.E0),.UNSPECIFIED.);
#5093=EDGE_CURVE('',#3542,#3462,#2162,.T.);
#5099=ADVANCED_FACE('',(#5098),#5091,.F.);
#5104=B_SPLINE_CURVE_WITH_KNOTS('',3,(#5100,#5101,#5102,#5103),.UNSPECIFIED.,
.F.,.F.,(4,4),(0.E0,1.E0),.UNSPECIFIED.);
#5109=EDGE_CURVE('',#3541,#3461,#2169,.T.);
#5115=ADVANCED_FACE('',(#5114),#5107,.F.);
#5124=EDGE_CURVE('',#3540,#3460,#2190,.T.);
#5128=ADVANCED_FACE('',(#5127),#5120,.F.);
#5133=B_SPLINE_CURVE_WITH_KNOTS('',3,(#5129,#5130,#5131,#5132),.UNSPECIFIED.,
.F.,.F.,(4,4),(0.E0,1.E0),.UNSPECIFIED.);
#5138=EDGE_CURVE('',#3539,#3459,#2197,.T.);
#5144=ADVANCED_FACE('',(#5143),#5136,.F.);
#5149=B_SPLINE_CURVE_WITH_KNOTS('',3,(#5145,#5146,#5147,#5148),.UNSPECIFIED.,
.F.,.F.,(4,4),(0.E0,1.E0),.UNSPECIFIED.);
#5154=EDGE_CURVE('',#3538,#3458,#2204,.T.);
#5160=ADVANCED_FACE('',(#5159),#5152,.F.);
#5167=EDGE_CURVE('',#3536,#3456,#2211,.T.);
#5173=ADVANCED_FACE('',(#5172),#5165,.F.);
#5178=B_SPLINE_CURVE_WITH_KNOTS('',3,(#5174,#5175,#5176,#5177),.UNSPECIFIED.,
.F.,.F.,(4,4),(0.E0,1.E0),.UNSPECIFIED.);
#5183=EDGE_CURVE('',#3535,#3455,#2218,.T.);
#5189=ADVANCED_FACE('',(#5188),#5181,.F.);
#5194=B_SPLINE_CURVE_WITH_KNOTS('',3,(#5190,#5191,#5192,#5193),.UNSPECIFIED.,
.F.,.F.,(4,4),(0.E0,1.E0),.UNSPECIFIED.);
#5199=EDGE_CURVE('',#3534,#3454,#2225,.T.);
#5205=ADVANCED_FACE('',(#5204),#5197,.F.);
#5212=EDGE_CURVE('',#3532,#3452,#2232,.T.);
#5218=ADVANCED_FACE('',(#5217),#5210,.F.);
#5223=B_SPLINE_CURVE_WITH_KNOTS('',3,(#5219,#5220,#5221,#5222),.UNSPECIFIED.,
.F.,.F.,(4,4),(0.E0,1.E0),.UNSPECIFIED.);
#5228=EDGE_CURVE('',#3531,#3451,#2239,.T.);
#5234=ADVANCED_FACE('',(#5233),#5226,.F.);
#5239=B_SPLINE_CURVE_WITH_KNOTS('',3,(#5235,#5236,#5237,#5238),.UNSPECIFIED.,
.F.,.F.,(4,4),(0.E0,1.E0),.UNSPECIFIED.);
#5244=EDGE_CURVE('',#3530,#3450,#2246,.T.);
#5250=ADVANCED_FACE('',(#5249),#5242,.F.);
#5255=B_SPLINE_CURVE_WITH_KNOTS('',3,(#5251,#5252,#5253,#5254),.UNSPECIFIED.,
.F.,.F.,(4,4),(0.E0,1.E0),.UNSPECIFIED.);
#5260=EDGE_CURVE('',#3529,#3449,#2253,.T.);
#5266=ADVANCED_FACE('',(#5265),#5258,.F.);
#5271=B_SPLINE_CURVE_WITH_KNOTS('',3,(#5267,#5268,#5269,#5270),.UNSPECIFIED.,
.F.,.F.,(4,4),(0.E0,1.E0),.UNSPECIFIED.);
#5276=EDGE_CURVE('',#3528,#3448,#2260,.T.);
#5282=ADVANCED_FACE('',(#5281),#5274,.F.);
#5289=EDGE_CURVE('',#3526,#3446,#2267,.T.);
#5295=ADVANCED_FACE('',(#5294),#5287,.F.);
#5300=B_SPLINE_CURVE_WITH_KNOTS('',3,(#5296,#5297,#5298,#5299),.UNSPECIFIED.,
.F.,.F.,(4,4),(0.E0,1.E0),.UNSPECIFIED.);
#5305=EDGE_CURVE('',#3525,#3445,#2274,.T.);
#5311=ADVANCED_FACE('',(#5310),#5303,.F.);
#5316=B_SPLINE_CURVE_WITH_KNOTS('',3,(#5312,#5313,#5314,#5315),.UNSPECIFIED.,
.F.,.F.,(4,4),(0.E0,1.E0),.UNSPECIFIED.);
#5321=EDGE_CURVE('',#3524,#3444,#2281,.T.);
#5327=ADVANCED_FACE('',(#5326),#5319,.F.);
#5332=B_SPLINE_CURVE_WITH_KNOTS('',3,(#5328,#5329,#5330,#5331),.UNSPECIFIED.,
.F.,.F.,(4,4),(0.E0,1.E0),.UNSPECIFIED.);
#5337=EDGE_CURVE('',#3523,#3443,#2288,.T.);
#5343=ADVANCED_FACE('',(#5342),#5335,.F.);
#5348=B_SPLINE_CURVE_WITH_KNOTS('',3,(#5344,#5345,#5346,#5347),.UNSPECIFIED.,
.F.,.F.,(4,4),(0.E0,1.E0),.UNSPECIFIED.);
#5353=EDGE_CURVE('',#3522,#3442,#2295,.T.);
#5359=ADVANCED_FACE('',(#5358),#5351,.F.);
#5364=B_SPLINE_CURVE_WITH_KNOTS('',3,(#5360,#5361,#5362,#5363),.UNSPECIFIED.,
.F.,.F.,(4,4),(0.E0,1.E0),.UNSPECIFIED.);
#5374=ADVANCED_FACE('',(#5373),#5367,.F.);
#5381=EDGE_CURVE('',#3556,#3476,#2309,.T.);
#5384=EDGE_CURVE('',#3557,#3477,#2358,.T.);
#5388=ADVANCED_FACE('',(#5387),#5379,.F.);
#5395=EDGE_CURVE('',#3569,#3489,#2316,.T.);
#5401=ADVANCED_FACE('',(#5400),#5393,.F.);
#5408=EDGE_CURVE('',#3567,#3487,#2323,.T.);
#5414=ADVANCED_FACE('',(#5413),#5406,.F.);
#5421=EDGE_CURVE('',#3565,#3485,#2330,.T.);
#5427=ADVANCED_FACE('',(#5426),#5419,.F.);
#5434=EDGE_CURVE('',#3563,#3483,#2337,.T.);
#5440=ADVANCED_FACE('',(#5439),#5432,.F.);
#5447=EDGE_CURVE('',#3561,#3481,#2344,.T.);
#5453=ADVANCED_FACE('',(#5452),#5445,.F.);
#5460=EDGE_CURVE('',#3559,#3479,#2351,.T.);
#5466=ADVANCED_FACE('',(#5465),#5458,.F.);
#5478=ADVANCED_FACE('',(#5477),#5471,.F.);
#5484=EDGE_CURVE('',#3344,#3347,#2365,.T.);
#5486=EDGE_CURVE('',#3204,#3347,#2373,.T.);
#5488=EDGE_CURVE('',#3204,#3205,#2380,.T.);
#5493=ADVANCED_FACE('',(#5492),#5483,.T.);
#5501=EDGE_CURVE('',#3369,#3353,#2402,.T.);
#5503=EDGE_CURVE('',#3353,#3347,#2583,.T.);
#5507=ADVANCED_FACE('',(#5506),#5498,.F.);
#5513=EDGE_CURVE('',#3350,#3351,#2410,.T.);
#5515=EDGE_CURVE('',#3353,#3350,#2604,.T.);
#5519=EDGE_CURVE('',#3351,#3355,#2432,.T.);
#5523=EDGE_CURVE('',#3358,#3359,#2626,.T.);
#5525=EDGE_CURVE('',#3359,#3358,#2641,.T.);
#5529=EDGE_CURVE('',#3362,#3363,#2656,.T.);
#5531=EDGE_CURVE('',#3363,#3362,#2671,.T.);
#5535=EDGE_CURVE('',#3366,#3367,#2686,.T.);
#5537=EDGE_CURVE('',#3367,#3366,#2701,.T.);
#5541=ADVANCED_FACE('',(#5522,#5528,#5534,#5540),#5512,.T.);
#5548=EDGE_CURVE('',#3142,#3351,#2446,.T.);
#5550=EDGE_CURVE('',#3142,#3143,#2418,.T.);
#5552=EDGE_CURVE('',#3143,#3350,#2425,.T.);
#5556=ADVANCED_FACE('',(#5555),#5546,.T.);
#5564=EDGE_CURVE('',#3153,#3142,#2439,.T.);
#5569=ADVANCED_FACE('',(#5568),#5561,.T.);
#5578=EDGE_CURVE('',#3150,#3155,#2453,.T.);
#5582=EDGE_CURVE('',#3159,#3143,#2611,.T.);
#5586=EDGE_CURVE('',#3182,#3183,#2468,.T.);
#5588=EDGE_CURVE('',#3183,#3182,#2476,.T.);
#5592=EDGE_CURVE('',#3186,#3187,#2484,.T.);
#5594=EDGE_CURVE('',#3187,#3186,#2492,.T.);
#5598=EDGE_CURVE('',#3190,#3191,#2500,.T.);
#5600=EDGE_CURVE('',#3191,#3190,#2508,.T.);
#5604=ADVANCED_FACE('',(#5585,#5591,#5597,#5603),#5574,.T.);
#5611=EDGE_CURVE('',#3243,#3245,#2522,.T.);
#5613=EDGE_CURVE('',#3245,#3241,#2529,.T.);
#5622=ADVANCED_FACE('',(#5621),#5609,.F.);
#5630=EDGE_CURVE('',#3229,#3245,#2545,.T.);
#5635=ADVANCED_FACE('',(#5634),#5627,.T.);
#5641=EDGE_CURVE('',#3253,#3236,#2553,.T.);
#5648=ADVANCED_FACE('',(#5647),#5640,.T.);
#5660=ADVANCED_FACE('',(#5659),#5653,.F.);
#5669=EDGE_CURVE('',#3252,#3257,#2569,.T.);
#5674=ADVANCED_FACE('',(#5673),#5665,.F.);
#5682=EDGE_CURVE('',#3255,#3257,#2576,.T.);
#5687=ADVANCED_FACE('',(#5686),#5679,.F.);
#5696=EDGE_CURVE('',#3200,#3204,#2597,.T.);
#5702=ADVANCED_FACE('',(#5701),#5692,.F.);
#5709=EDGE_CURVE('',#3159,#3353,#2618,.T.);
#5718=ADVANCED_FACE('',(#5717),#5707,.T.);
#5730=ADVANCED_FACE('',(#5729),#5723,.T.);
#5737=EDGE_CURVE('',#3358,#3182,#2633,.T.);
#5740=EDGE_CURVE('',#3359,#3183,#2648,.T.);
#5744=ADVANCED_FACE('',(#5743),#5735,.F.);
#5756=ADVANCED_FACE('',(#5755),#5749,.F.);
#5763=EDGE_CURVE('',#3362,#3186,#2663,.T.);
#5766=EDGE_CURVE('',#3363,#3187,#2678,.T.);
#5770=ADVANCED_FACE('',(#5769),#5761,.F.);
#5782=ADVANCED_FACE('',(#5781),#5775,.F.);
#5789=EDGE_CURVE('',#3366,#3190,#2693,.T.);
#5792=EDGE_CURVE('',#3367,#3191,#2708,.T.);
#5796=ADVANCED_FACE('',(#5795),#5787,.F.);
#5808=ADVANCED_FACE('',(#5807),#5801,.F.);
#5816=EDGE_CURVE('',#3613,#3617,#2715,.T.);
#5821=ADVANCED_FACE('',(#5820),#5813,.F.);
#5827=EDGE_CURVE('',#3608,#3629,#2722,.T.);
#5829=EDGE_CURVE('',#3633,#3629,#2761,.T.);
#5836=ADVANCED_FACE('',(#5835),#5826,.F.);
#5848=ADVANCED_FACE('',(#5847),#5841,.F.);
#5854=EDGE_CURVE('',#3628,#3629,#2745,.T.);
#5861=ADVANCED_FACE('',(#5860),#5853,.F.);
#5873=ADVANCED_FACE('',(#5872),#5866,.T.);
#5885=ADVANCED_FACE('',(#5884),#5878,.F.);
#5893=EDGE_CURVE('',#3641,#3197,#2783,.T.);
#5899=ADVANCED_FACE('',(#5898),#5890,.F.);
#5911=ADVANCED_FACE('',(#5910),#5904,.F.);
#5918=EDGE_CURVE('',#3269,#3288,#2886,.T.);
#5920=EDGE_CURVE('',#3269,#3283,#2804,.T.);
#5922=EDGE_CURVE('',#3283,#3289,#2940,.T.);
#5926=ADVANCED_FACE('',(#5925),#5916,.T.);
#5932=EDGE_CURVE('',#3576,#3577,#2843,.T.);
#5935=EDGE_CURVE('',#3293,#3285,#2850,.T.);
#5937=EDGE_CURVE('',#3285,#3576,#2857,.T.);
#5941=EDGE_CURVE('',#3260,#3261,#2812,.T.);
#5943=EDGE_CURVE('',#3261,#3260,#2820,.T.);
#5947=ADVANCED_FACE('',(#5940,#5946),#5931,.F.);
#5953=EDGE_CURVE('',#3580,#3581,#2864,.T.);
#5955=EDGE_CURVE('',#3580,#3268,#2871,.T.);
#5957=EDGE_CURVE('',#3268,#3269,#2878,.T.);
#5963=EDGE_CURVE('',#3264,#3265,#2828,.T.);
#5965=EDGE_CURVE('',#3265,#3264,#2836,.T.);
#5969=ADVANCED_FACE('',(#5962,#5968),#5952,.F.);
#5976=EDGE_CURVE('',#3260,#3272,#2893,.T.);
#5978=EDGE_CURVE('',#3272,#3273,#2908,.T.);
#5980=EDGE_CURVE('',#3261,#3273,#2900,.T.);
#5984=ADVANCED_FACE('',(#5983),#5974,.F.);
#5992=EDGE_CURVE('',#3273,#3272,#2916,.T.);
#5997=ADVANCED_FACE('',(#5996),#5989,.F.);
#6004=EDGE_CURVE('',#3281,#3283,#2947,.T.);
#6006=EDGE_CURVE('',#3280,#3281,#2954,.T.);
#6008=EDGE_CURVE('',#3291,#3280,#2961,.T.);
#6013=EDGE_CURVE('',#3276,#3277,#2924,.T.);
#6015=EDGE_CURVE('',#3277,#3276,#2932,.T.);
#6023=ADVANCED_FACE('',(#6012,#6018,#6022),#6002,.T.);
#6030=EDGE_CURVE('',#3264,#3276,#2968,.T.);
#6033=EDGE_CURVE('',#3265,#3277,#2975,.T.);
#6037=ADVANCED_FACE('',(#6036),#6028,.F.);
#6049=ADVANCED_FACE('',(#6048),#6042,.F.);
#6056=EDGE_CURVE('',#3268,#3281,#2982,.T.);
#6062=ADVANCED_FACE('',(#6061),#6054,.T.);
#6068=EDGE_CURVE('',#3584,#3585,#2989,.T.);
#6070=EDGE_CURVE('',#3576,#3585,#2996,.T.);
#6073=EDGE_CURVE('',#3285,#3280,#3003,.T.);
#6078=EDGE_CURVE('',#3580,#3584,#3010,.T.);
#6082=ADVANCED_FACE('',(#6081),#6067,.T.);
#6089=EDGE_CURVE('',#3573,#3584,#3017,.T.);
#6092=EDGE_CURVE('',#3585,#3572,#3032,.T.);
#6096=ADVANCED_FACE('',(#6095),#6087,.T.);
#6108=ADVANCED_FACE('',(#6107),#6101,.F.);
#6120=ADVANCED_FACE('',(#6119),#6113,.F.);
#6132=ADVANCED_FACE('',(#6131),#6125,.T.);
#6144=ADVANCED_FACE('',(#6143),#6137,.T.);
#6151=EDGE_CURVE('',#3332,#3312,#3061,.T.);
#6154=EDGE_CURVE('',#3333,#3313,#3076,.T.);
#6158=ADVANCED_FACE('',(#6157),#6149,.F.);
#6170=ADVANCED_FACE('',(#6169),#6163,.F.);
#6177=EDGE_CURVE('',#3336,#3316,#3091,.T.);
#6180=EDGE_CURVE('',#3337,#3317,#3106,.T.);
#6184=ADVANCED_FACE('',(#6183),#6175,.F.);
#6196=ADVANCED_FACE('',(#6195),#6189,.F.);
#6203=EDGE_CURVE('',#3340,#3320,#3121,.T.);
#6206=EDGE_CURVE('',#3341,#3321,#3136,.T.);
#6210=ADVANCED_FACE('',(#6209),#6201,.F.);
#6222=ADVANCED_FACE('',(#6221),#6215,.F.);
#6223=CLOSED_SHELL('',(#3657,#3676,#3709,#3723,#3757,#3797,#3841,#3856,#3872,
#3887,#3958,#3972,#3998,#4013,#4030,#4044,#4067,#4082,#4097,#4111,#4132,#4146,
#4161,#4175,#4193,#4216,#4231,#4244,#4260,#4274,#4286,#4301,#4314,#4330,#4345,
#4358,#4368,#4381,#4393,#4421,#4549,#4564,#4578,#4592,#4605,#4639,#4651,#4719,
#4743,#4757,#4770,#4783,#4796,#4809,#4822,#4835,#4848,#4861,#4874,#4887,#4900,
#4912,#4929,#4942,#4958,#4974,#4990,#5006,#5022,#5038,#5051,#5067,#5083,#5099,
#5115,#5128,#5144,#5160,#5173,#5189,#5205,#5218,#5234,#5250,#5266,#5282,#5295,
#5311,#5327,#5343,#5359,#5374,#5388,#5401,#5414,#5427,#5440,#5453,#5466,#5478,
#5493,#5507,#5541,#5556,#5569,#5604,#5622,#5635,#5648,#5660,#5674,#5687,#5702,
#5718,#5730,#5744,#5756,#5770,#5782,#5796,#5808,#5821,#5836,#5848,#5861,#5873,
#5885,#5899,#5911,#5926,#5947,#5969,#5984,#5997,#6023,#6037,#6049,#6062,#6082,
#6096,#6108,#6120,#6132,#6144,#6158,#6170,#6184,#6196,#6210,#6222));
#6224=MANIFOLD_SOLID_BREP('',#6223);
#6231=(LENGTH_UNIT()NAMED_UNIT(*)SI_UNIT(.MILLI.,.METRE.));
#6234=(NAMED_UNIT(*)PLANE_ANGLE_UNIT()SI_UNIT($,.RADIAN.));
#6237=(NAMED_UNIT(*)SI_UNIT($,.STERADIAN.)SOLID_ANGLE_UNIT());
#6239=(GEOMETRIC_REPRESENTATION_CONTEXT(3)GLOBAL_UNCERTAINTY_ASSIGNED_CONTEXT((
#6238))GLOBAL_UNIT_ASSIGNED_CONTEXT((#6233,#6236,#6237))REPRESENTATION_CONTEXT(
'ID1','3'));
#6243=AXIS2_PLACEMENT_3D('',#6240,#6241,#6242);
#6244=ADVANCED_BREP_SHAPE_REPRESENTATION('',(#6243,#6224),#6239);
#6252=PRODUCT_DEFINITION('design','',#6251,#6248);
#6253=PRODUCT_DEFINITION_SHAPE('','SHAPE FOR JOINT_COVER.',#6252);
#6254=SHAPE_ASPECT('','solid data associated with JOINT_COVER',#6253,.F.);
#6255=PROPERTY_DEFINITION('',
'shape for solid data with which properties are associated',#6254);
#6256=SHAPE_REPRESENTATION('',(#6224),#6239);
#6257=SHAPE_DEFINITION_REPRESENTATION(#6255,#6256);
#6258=(LENGTH_UNIT()NAMED_UNIT(*)SI_UNIT(.MILLI.,.METRE.));
#6264=PROPERTY_DEFINITION('geometric validation property','area of JOINT_COVER',
#6254);
#6265=REPRESENTATION('surface area',(#6263),#6239);
#6266=PROPERTY_DEFINITION_REPRESENTATION(#6264,#6265);
#6267=(LENGTH_UNIT()NAMED_UNIT(*)SI_UNIT(.MILLI.,.METRE.));
#6273=PROPERTY_DEFINITION('geometric validation property',
'volume of JOINT_COVER',#6254);
#6274=REPRESENTATION('volume',(#6272),#6239);
#6275=PROPERTY_DEFINITION_REPRESENTATION(#6273,#6274);
#6277=PROPERTY_DEFINITION('geometric validation property',
'centroid of JOINT_COVER',#6254);
#6278=REPRESENTATION('centroid',(#6276),#6239);
#6279=PROPERTY_DEFINITION_REPRESENTATION(#6277,#6278);
#6280=(LENGTH_UNIT()NAMED_UNIT(*)SI_UNIT(.MILLI.,.METRE.));
#6286=PROPERTY_DEFINITION('geometric validation property','area of JOINT_COVER',
#6253);
#6287=REPRESENTATION('surface area',(#6285),#6239);
#6288=PROPERTY_DEFINITION_REPRESENTATION(#6286,#6287);
#6289=(LENGTH_UNIT()NAMED_UNIT(*)SI_UNIT(.MILLI.,.METRE.));
#6295=PROPERTY_DEFINITION('geometric validation property',
'volume of JOINT_COVER',#6253);
#6296=REPRESENTATION('volume',(#6294),#6239);
#6297=PROPERTY_DEFINITION_REPRESENTATION(#6295,#6296);
#6299=PROPERTY_DEFINITION('geometric validation property',
'centroid of JOINT_COVER',#6253);
#6300=REPRESENTATION('centroid',(#6298),#6239);
#6301=PROPERTY_DEFINITION_REPRESENTATION(#6299,#6300);
#6302=SHAPE_DEFINITION_REPRESENTATION(#6253,#6244);
ENDSEC;
END-ISO-10303-21;
