ISO-10303-21;
HEADER;
FILE_DESCRIPTION((''),'2;1');
FILE_NAME('SEGMENT-BASE_2','2026-06-15T13:45:38',('Esia'),(''),
'CREO PARAMETRIC BY PTC INC, 2025102','CREO PARAMETRIC BY PTC INC, 2025102','');
FILE_SCHEMA((
'AP242_MANAGED_MODEL_BASED_3D_ENGINEERING_MIM_LF { 1 0 10303 442 1 1 4 }'));
ENDSEC;
DATA;
#16=DIRECTION('',(0.E0,0.E0,-1.E0));
#17=VECTOR('',#16,6.E-1);
#18=CARTESIAN_POINT('',(5.E-1,8.75E-1,3.E-1));
#19=LINE('',#18,#17);
#20=DRAUGHTING_PRE_DEFINED_CURVE_FONT('continuous');
#21=CURVE_STYLE('',#20,POSITIVE_LENGTH_MEASURE(2.E-2),#14);
#22=PRESENTATION_STYLE_ASSIGNMENT((#21));
#23=STYLED_ITEM('',(#22),#19);
#24=DIRECTION('',(0.E0,-1.E0,0.E0));
#25=VECTOR('',#24,6.25E-1);
#26=CARTESIAN_POINT('',(5.E-1,1.5E0,-3.E-1));
#27=LINE('',#26,#25);
#28=CURVE_STYLE('',#20,POSITIVE_LENGTH_MEASURE(2.E-2),#14);
#29=PRESENTATION_STYLE_ASSIGNMENT((#28));
#30=STYLED_ITEM('',(#29),#27);
#31=DIRECTION('',(0.E0,-1.E0,0.E0));
#32=VECTOR('',#31,6.25E-1);
#33=CARTESIAN_POINT('',(5.E-1,1.5E0,3.E-1));
#34=LINE('',#33,#32);
#35=CURVE_STYLE('',#20,POSITIVE_LENGTH_MEASURE(2.E-2),#14);
#36=PRESENTATION_STYLE_ASSIGNMENT((#35));
#37=STYLED_ITEM('',(#36),#34);
#38=CARTESIAN_POINT('',(0.E0,8.375E-1,3.E-1));
#39=DIRECTION('',(0.E0,0.E0,-1.E0));
#40=DIRECTION('',(-1.E0,0.E0,0.E0));
#41=AXIS2_PLACEMENT_3D('',#38,#39,#40);
#43=CURVE_STYLE('',#20,POSITIVE_LENGTH_MEASURE(2.E-2),#14);
#44=PRESENTATION_STYLE_ASSIGNMENT((#43));
#45=STYLED_ITEM('',(#44),#42);
#46=CARTESIAN_POINT('',(0.E0,8.375E-1,3.E-1));
#47=DIRECTION('',(0.E0,0.E0,-1.E0));
#48=DIRECTION('',(1.E0,0.E0,0.E0));
#49=AXIS2_PLACEMENT_3D('',#46,#47,#48);
#51=CURVE_STYLE('',#20,POSITIVE_LENGTH_MEASURE(2.E-2),#14);
#52=PRESENTATION_STYLE_ASSIGNMENT((#51));
#53=STYLED_ITEM('',(#52),#50);
#54=CARTESIAN_POINT('',(0.E0,8.75E-1,3.E-1));
#55=DIRECTION('',(0.E0,0.E0,1.E0));
#56=DIRECTION('',(-1.E0,0.E0,0.E0));
#57=AXIS2_PLACEMENT_3D('',#54,#55,#56);
#59=CURVE_STYLE('',#20,POSITIVE_LENGTH_MEASURE(2.E-2),#14);
#60=PRESENTATION_STYLE_ASSIGNMENT((#59));
#61=STYLED_ITEM('',(#60),#58);
#62=DIRECTION('',(-1.E0,0.E0,0.E0));
#63=VECTOR('',#62,1.E0);
#64=CARTESIAN_POINT('',(5.E-1,1.5E0,3.E-1));
#65=LINE('',#64,#63);
#66=CURVE_STYLE('',#20,POSITIVE_LENGTH_MEASURE(2.E-2),#14);
#67=PRESENTATION_STYLE_ASSIGNMENT((#66));
#68=STYLED_ITEM('',(#67),#65);
#69=DIRECTION('',(0.E0,0.E0,1.E0));
#70=VECTOR('',#69,2.E-1);
#71=CARTESIAN_POINT('',(-3.15E-1,8.375E-1,-5.E-1));
#72=LINE('',#71,#70);
#73=CURVE_STYLE('',#20,POSITIVE_LENGTH_MEASURE(2.E-2),#14);
#74=PRESENTATION_STYLE_ASSIGNMENT((#73));
#75=STYLED_ITEM('',(#74),#72);
#76=DIRECTION('',(0.E0,0.E0,1.E0));
#77=VECTOR('',#76,2.E-1);
#78=CARTESIAN_POINT('',(-3.15E-1,8.375E-1,3.E-1));
#79=LINE('',#78,#77);
#80=CURVE_STYLE('',#20,POSITIVE_LENGTH_MEASURE(2.E-2),#14);
#81=PRESENTATION_STYLE_ASSIGNMENT((#80));
#82=STYLED_ITEM('',(#81),#79);
#83=CARTESIAN_POINT('',(0.E0,8.375E-1,-5.E-1));
#84=DIRECTION('',(0.E0,0.E0,-1.E0));
#85=DIRECTION('',(-1.E0,0.E0,0.E0));
#86=AXIS2_PLACEMENT_3D('',#83,#84,#85);
#88=CURVE_STYLE('',#20,POSITIVE_LENGTH_MEASURE(2.E-2),#14);
#89=PRESENTATION_STYLE_ASSIGNMENT((#88));
#90=STYLED_ITEM('',(#89),#87);
#91=CARTESIAN_POINT('',(0.E0,8.375E-1,-5.E-1));
#92=DIRECTION('',(0.E0,0.E0,-1.E0));
#93=DIRECTION('',(1.E0,0.E0,0.E0));
#94=AXIS2_PLACEMENT_3D('',#91,#92,#93);
#96=CURVE_STYLE('',#20,POSITIVE_LENGTH_MEASURE(2.E-2),#14);
#97=PRESENTATION_STYLE_ASSIGNMENT((#96));
#98=STYLED_ITEM('',(#97),#95);
#99=CARTESIAN_POINT('',(0.E0,1.58575E0,-5.E-1));
#100=DIRECTION('',(0.E0,0.E0,-1.E0));
#101=DIRECTION('',(0.E0,-1.E0,0.E0));
#102=AXIS2_PLACEMENT_3D('',#99,#100,#101);
#104=CURVE_STYLE('',#20,POSITIVE_LENGTH_MEASURE(2.E-2),#14);
#105=PRESENTATION_STYLE_ASSIGNMENT((#104));
#106=STYLED_ITEM('',(#105),#103);
#107=CARTESIAN_POINT('',(0.E0,1.58575E0,-5.E-1));
#108=DIRECTION('',(0.E0,0.E0,-1.E0));
#109=DIRECTION('',(0.E0,1.E0,0.E0));
#110=AXIS2_PLACEMENT_3D('',#107,#108,#109);
#112=CURVE_STYLE('',#20,POSITIVE_LENGTH_MEASURE(2.E-2),#14);
#113=PRESENTATION_STYLE_ASSIGNMENT((#112));
#114=STYLED_ITEM('',(#113),#111);
#115=CARTESIAN_POINT('',(0.E0,2.683935039370E0,-5.E-1));
#116=DIRECTION('',(0.E0,0.E0,-1.E0));
#117=DIRECTION('',(0.E0,-1.E0,0.E0));
#118=AXIS2_PLACEMENT_3D('',#115,#116,#117);
#120=CURVE_STYLE('',#20,POSITIVE_LENGTH_MEASURE(2.E-2),#14);
#121=PRESENTATION_STYLE_ASSIGNMENT((#120));
#122=STYLED_ITEM('',(#121),#119);
#123=CARTESIAN_POINT('',(0.E0,2.683935039370E0,-5.E-1));
#124=DIRECTION('',(0.E0,0.E0,-1.E0));
#125=DIRECTION('',(0.E0,1.E0,0.E0));
#126=AXIS2_PLACEMENT_3D('',#123,#124,#125);
#128=CURVE_STYLE('',#20,POSITIVE_LENGTH_MEASURE(2.E-2),#14);
#129=PRESENTATION_STYLE_ASSIGNMENT((#128));
#130=STYLED_ITEM('',(#129),#127);
#131=CARTESIAN_POINT('',(0.E0,1.930118110236E0,-5.E-1));
#132=DIRECTION('',(0.E0,0.E0,-1.E0));
#133=DIRECTION('',(3.847858654338E-1,9.230058709252E-1,0.E0));
#134=AXIS2_PLACEMENT_3D('',#131,#132,#133);
#136=CURVE_STYLE('',#20,POSITIVE_LENGTH_MEASURE(2.E-2),#14);
#137=PRESENTATION_STYLE_ASSIGNMENT((#136));
#138=STYLED_ITEM('',(#137),#135);
#139=CARTESIAN_POINT('',(0.E0,2.184787401575E0,-5.E-1));
#140=DIRECTION('',(0.E0,0.E0,-1.E0));
#141=DIRECTION('',(-9.274928461364E-1,-3.738409024783E-1,0.E0));
#142=AXIS2_PLACEMENT_3D('',#139,#140,#141);
#144=CURVE_STYLE('',#20,POSITIVE_LENGTH_MEASURE(2.E-2),#14);
#145=PRESENTATION_STYLE_ASSIGNMENT((#144));
#146=STYLED_ITEM('',(#145),#143);
#147=DIRECTION('',(1.E0,0.E0,0.E0));
#148=VECTOR('',#147,1.E-1);
#149=CARTESIAN_POINT('',(-5.E-2,4.E0,-5.E-1));
#150=LINE('',#149,#148);
#151=CURVE_STYLE('',#20,POSITIVE_LENGTH_MEASURE(2.E-2),#14);
#152=PRESENTATION_STYLE_ASSIGNMENT((#151));
#153=STYLED_ITEM('',(#152),#150);
#154=DIRECTION('',(0.E0,-1.E0,0.E0));
#155=VECTOR('',#154,3.E-1);
#156=CARTESIAN_POINT('',(-7.5E-1,5.E0,-5.E-1));
#157=LINE('',#156,#155);
#158=CURVE_STYLE('',#20,POSITIVE_LENGTH_MEASURE(2.E-2),#14);
#159=PRESENTATION_STYLE_ASSIGNMENT((#158));
#160=STYLED_ITEM('',(#159),#157);
#161=DIRECTION('',(1.E0,0.E0,0.E0));
#162=VECTOR('',#161,2.E-1);
#163=CARTESIAN_POINT('',(-9.5E-1,5.E0,-5.E-1));
#164=LINE('',#163,#162);
#165=CURVE_STYLE('',#20,POSITIVE_LENGTH_MEASURE(2.E-2),#14);
#166=PRESENTATION_STYLE_ASSIGNMENT((#165));
#167=STYLED_ITEM('',(#166),#164);
#168=DIRECTION('',(0.E0,-1.E0,0.E0));
#169=VECTOR('',#168,3.332842712475E0);
#170=CARTESIAN_POINT('',(-9.5E-1,5.E0,-5.E-1));
#171=LINE('',#170,#169);
#172=CURVE_STYLE('',#20,POSITIVE_LENGTH_MEASURE(2.E-2),#14);
#173=PRESENTATION_STYLE_ASSIGNMENT((#172));
#174=STYLED_ITEM('',(#173),#171);
#175=DIRECTION('',(7.071067811865E-1,-7.071067811865E-1,0.E0));
#176=VECTOR('',#175,3.535533905933E-1);
#177=CARTESIAN_POINT('',(-9.5E-1,1.667157287525E0,-5.E-1));
#178=LINE('',#177,#176);
#179=CURVE_STYLE('',#20,POSITIVE_LENGTH_MEASURE(2.E-2),#14);
#180=PRESENTATION_STYLE_ASSIGNMENT((#179));
#181=STYLED_ITEM('',(#180),#178);
#182=CARTESIAN_POINT('',(0.E0,8.75E-1,-5.E-1));
#183=DIRECTION('',(0.E0,0.E0,-1.E0));
#184=DIRECTION('',(1.E0,0.E0,0.E0));
#185=AXIS2_PLACEMENT_3D('',#182,#183,#184);
#187=CURVE_STYLE('',#20,POSITIVE_LENGTH_MEASURE(2.E-2),#14);
#188=PRESENTATION_STYLE_ASSIGNMENT((#187));
#189=STYLED_ITEM('',(#188),#186);
#190=DIRECTION('',(7.071067811865E-1,7.071067811865E-1,0.E0));
#191=VECTOR('',#190,3.535533905933E-1);
#192=CARTESIAN_POINT('',(7.E-1,1.417157287525E0,-5.E-1));
#193=LINE('',#192,#191);
#194=CURVE_STYLE('',#20,POSITIVE_LENGTH_MEASURE(2.E-2),#14);
#195=PRESENTATION_STYLE_ASSIGNMENT((#194));
#196=STYLED_ITEM('',(#195),#193);
#197=DIRECTION('',(0.E0,1.E0,0.E0));
#198=VECTOR('',#197,3.332842712475E0);
#199=CARTESIAN_POINT('',(9.5E-1,1.667157287525E0,-5.E-1));
#200=LINE('',#199,#198);
#201=CURVE_STYLE('',#20,POSITIVE_LENGTH_MEASURE(2.E-2),#14);
#202=PRESENTATION_STYLE_ASSIGNMENT((#201));
#203=STYLED_ITEM('',(#202),#200);
#204=DIRECTION('',(1.E0,0.E0,0.E0));
#205=VECTOR('',#204,2.E-1);
#206=CARTESIAN_POINT('',(7.5E-1,5.E0,-5.E-1));
#207=LINE('',#206,#205);
#208=CURVE_STYLE('',#20,POSITIVE_LENGTH_MEASURE(2.E-2),#14);
#209=PRESENTATION_STYLE_ASSIGNMENT((#208));
#210=STYLED_ITEM('',(#209),#207);
#211=DIRECTION('',(0.E0,1.E0,0.E0));
#212=VECTOR('',#211,3.E-1);
#213=CARTESIAN_POINT('',(7.5E-1,4.7E0,-5.E-1));
#214=LINE('',#213,#212);
#215=CURVE_STYLE('',#20,POSITIVE_LENGTH_MEASURE(2.E-2),#14);
#216=PRESENTATION_STYLE_ASSIGNMENT((#215));
#217=STYLED_ITEM('',(#216),#214);
#218=DIRECTION('',(0.E0,0.E0,1.E0));
#219=VECTOR('',#218,2.E-1);
#220=CARTESIAN_POINT('',(3.15E-1,8.375E-1,-5.E-1));
#221=LINE('',#220,#219);
#222=CURVE_STYLE('',#20,POSITIVE_LENGTH_MEASURE(2.E-2),#14);
#223=PRESENTATION_STYLE_ASSIGNMENT((#222));
#224=STYLED_ITEM('',(#223),#221);
#225=DIRECTION('',(0.E0,0.E0,1.E0));
#226=VECTOR('',#225,2.E-1);
#227=CARTESIAN_POINT('',(3.15E-1,8.375E-1,3.E-1));
#228=LINE('',#227,#226);
#229=CURVE_STYLE('',#20,POSITIVE_LENGTH_MEASURE(2.E-2),#14);
#230=PRESENTATION_STYLE_ASSIGNMENT((#229));
#231=STYLED_ITEM('',(#230),#228);
#232=CARTESIAN_POINT('',(0.E0,8.375E-1,-3.E-1));
#233=DIRECTION('',(0.E0,0.E0,-1.E0));
#234=DIRECTION('',(-1.E0,0.E0,0.E0));
#235=AXIS2_PLACEMENT_3D('',#232,#233,#234);
#237=CURVE_STYLE('',#20,POSITIVE_LENGTH_MEASURE(2.E-2),#14);
#238=PRESENTATION_STYLE_ASSIGNMENT((#237));
#239=STYLED_ITEM('',(#238),#236);
#240=CARTESIAN_POINT('',(0.E0,8.375E-1,-3.E-1));
#241=DIRECTION('',(0.E0,0.E0,-1.E0));
#242=DIRECTION('',(1.E0,0.E0,0.E0));
#243=AXIS2_PLACEMENT_3D('',#240,#241,#242);
#245=CURVE_STYLE('',#20,POSITIVE_LENGTH_MEASURE(2.E-2),#14);
#246=PRESENTATION_STYLE_ASSIGNMENT((#245));
#247=STYLED_ITEM('',(#246),#244);
#248=CARTESIAN_POINT('',(0.E0,8.75E-1,-3.E-1));
#249=DIRECTION('',(0.E0,0.E0,-1.E0));
#250=DIRECTION('',(1.E0,0.E0,0.E0));
#251=AXIS2_PLACEMENT_3D('',#248,#249,#250);
#253=CURVE_STYLE('',#20,POSITIVE_LENGTH_MEASURE(2.E-2),#14);
#254=PRESENTATION_STYLE_ASSIGNMENT((#253));
#255=STYLED_ITEM('',(#254),#252);
#256=DIRECTION('',(0.E0,0.E0,1.E0));
#257=VECTOR('',#256,6.E-1);
#258=CARTESIAN_POINT('',(-5.E-1,8.75E-1,-3.E-1));
#259=LINE('',#258,#257);
#260=CURVE_STYLE('',#20,POSITIVE_LENGTH_MEASURE(2.E-2),#14);
#261=PRESENTATION_STYLE_ASSIGNMENT((#260));
#262=STYLED_ITEM('',(#261),#259);
#263=DIRECTION('',(0.E0,-1.E0,0.E0));
#264=VECTOR('',#263,6.25E-1);
#265=CARTESIAN_POINT('',(-5.E-1,1.5E0,3.E-1));
#266=LINE('',#265,#264);
#267=CURVE_STYLE('',#20,POSITIVE_LENGTH_MEASURE(2.E-2),#14);
#268=PRESENTATION_STYLE_ASSIGNMENT((#267));
#269=STYLED_ITEM('',(#268),#266);
#270=DIRECTION('',(0.E0,0.E0,1.E0));
#271=VECTOR('',#270,6.E-1);
#272=CARTESIAN_POINT('',(-5.E-1,1.5E0,-3.E-1));
#273=LINE('',#272,#271);
#274=CURVE_STYLE('',#20,POSITIVE_LENGTH_MEASURE(2.E-2),#14);
#275=PRESENTATION_STYLE_ASSIGNMENT((#274));
#276=STYLED_ITEM('',(#275),#273);
#277=DIRECTION('',(0.E0,-1.E0,0.E0));
#278=VECTOR('',#277,6.25E-1);
#279=CARTESIAN_POINT('',(-5.E-1,1.5E0,-3.E-1));
#280=LINE('',#279,#278);
#281=CURVE_STYLE('',#20,POSITIVE_LENGTH_MEASURE(2.E-2),#14);
#282=PRESENTATION_STYLE_ASSIGNMENT((#281));
#283=STYLED_ITEM('',(#282),#280);
#284=DIRECTION('',(7.071067811865E-1,-7.071067811865E-1,0.E0));
#285=VECTOR('',#284,3.535533905933E-1);
#286=CARTESIAN_POINT('',(-7.5E-1,1.75E0,3.75E-1));
#287=LINE('',#286,#285);
#288=CURVE_STYLE('',#20,POSITIVE_LENGTH_MEASURE(2.E-2),#14);
#289=PRESENTATION_STYLE_ASSIGNMENT((#288));
#290=STYLED_ITEM('',(#289),#287);
#291=DIRECTION('',(0.E0,0.E0,1.E0));
#292=VECTOR('',#291,7.5E-1);
#293=CARTESIAN_POINT('',(-7.5E-1,1.75E0,-3.75E-1));
#294=LINE('',#293,#292);
#295=CURVE_STYLE('',#20,POSITIVE_LENGTH_MEASURE(2.E-2),#14);
#296=PRESENTATION_STYLE_ASSIGNMENT((#295));
#297=STYLED_ITEM('',(#296),#294);
#298=DIRECTION('',(7.071067811865E-1,-7.071067811865E-1,0.E0));
#299=VECTOR('',#298,3.535533905933E-1);
#300=CARTESIAN_POINT('',(-7.5E-1,1.75E0,-3.75E-1));
#301=LINE('',#300,#299);
#302=CURVE_STYLE('',#20,POSITIVE_LENGTH_MEASURE(2.E-2),#14);
#303=PRESENTATION_STYLE_ASSIGNMENT((#302));
#304=STYLED_ITEM('',(#303),#301);
#305=DIRECTION('',(0.E0,0.E0,1.E0));
#306=VECTOR('',#305,7.5E-2);
#307=CARTESIAN_POINT('',(-5.E-1,1.5E0,-3.75E-1));
#308=LINE('',#307,#306);
#309=CURVE_STYLE('',#20,POSITIVE_LENGTH_MEASURE(2.E-2),#14);
#310=PRESENTATION_STYLE_ASSIGNMENT((#309));
#311=STYLED_ITEM('',(#310),#308);
#312=DIRECTION('',(0.E0,0.E0,-1.E0));
#313=VECTOR('',#312,7.5E-2);
#314=CARTESIAN_POINT('',(-5.E-1,1.5E0,3.75E-1));
#315=LINE('',#314,#313);
#316=CURVE_STYLE('',#20,POSITIVE_LENGTH_MEASURE(2.E-2),#14);
#317=PRESENTATION_STYLE_ASSIGNMENT((#316));
#318=STYLED_ITEM('',(#317),#315);
#319=DIRECTION('',(0.E0,-1.E0,0.E0));
#320=VECTOR('',#319,8.818897637795E-1);
#321=CARTESIAN_POINT('',(-2.362204724409E-1,2.575787401575E0,3.75E-1));
#322=LINE('',#321,#320);
#323=CURVE_STYLE('',#20,POSITIVE_LENGTH_MEASURE(2.E-2),#14);
#324=PRESENTATION_STYLE_ASSIGNMENT((#323));
#325=STYLED_ITEM('',(#324),#322);
#326=DIRECTION('',(-1.E0,0.E0,0.E0));
#327=VECTOR('',#326,4.724409448819E-1);
#328=CARTESIAN_POINT('',(2.362204724409E-1,2.575787401575E0,3.75E-1));
#329=LINE('',#328,#327);
#330=CURVE_STYLE('',#20,POSITIVE_LENGTH_MEASURE(2.E-2),#14);
#331=PRESENTATION_STYLE_ASSIGNMENT((#330));
#332=STYLED_ITEM('',(#331),#329);
#333=DIRECTION('',(0.E0,1.E0,0.E0));
#334=VECTOR('',#333,8.818897637795E-1);
#335=CARTESIAN_POINT('',(2.362204724409E-1,1.693897637795E0,3.75E-1));
#336=LINE('',#335,#334);
#337=CURVE_STYLE('',#20,POSITIVE_LENGTH_MEASURE(2.E-2),#14);
#338=PRESENTATION_STYLE_ASSIGNMENT((#337));
#339=STYLED_ITEM('',(#338),#336);
#340=DIRECTION('',(1.E0,0.E0,0.E0));
#341=VECTOR('',#340,4.724409448819E-1);
#342=CARTESIAN_POINT('',(-2.362204724409E-1,1.693897637795E0,3.75E-1));
#343=LINE('',#342,#341);
#344=CURVE_STYLE('',#20,POSITIVE_LENGTH_MEASURE(2.E-2),#14);
#345=PRESENTATION_STYLE_ASSIGNMENT((#344));
#346=STYLED_ITEM('',(#345),#343);
#347=DIRECTION('',(0.E0,1.E0,0.E0));
#348=VECTOR('',#347,2.95E0);
#349=CARTESIAN_POINT('',(7.5E-1,1.75E0,3.75E-1));
#350=LINE('',#349,#348);
#351=CURVE_STYLE('',#20,POSITIVE_LENGTH_MEASURE(2.E-2),#14);
#352=PRESENTATION_STYLE_ASSIGNMENT((#351));
#353=STYLED_ITEM('',(#352),#350);
#354=DIRECTION('',(1.E0,0.E0,0.E0));
#355=VECTOR('',#354,1.E-1);
#356=CARTESIAN_POINT('',(-5.E-2,4.E0,3.75E-1));
#357=LINE('',#356,#355);
#358=CURVE_STYLE('',#20,POSITIVE_LENGTH_MEASURE(2.E-2),#14);
#359=PRESENTATION_STYLE_ASSIGNMENT((#358));
#360=STYLED_ITEM('',(#359),#357);
#361=DIRECTION('',(0.E0,-1.E0,0.E0));
#362=VECTOR('',#361,2.95E0);
#363=CARTESIAN_POINT('',(-7.5E-1,4.7E0,3.75E-1));
#364=LINE('',#363,#362);
#365=CURVE_STYLE('',#20,POSITIVE_LENGTH_MEASURE(2.E-2),#14);
#366=PRESENTATION_STYLE_ASSIGNMENT((#365));
#367=STYLED_ITEM('',(#366),#364);
#368=DIRECTION('',(0.E0,0.E0,-1.E0));
#369=VECTOR('',#368,1.25E-1);
#370=CARTESIAN_POINT('',(-2.362204724409E-1,2.575787401575E0,5.E-1));
#371=LINE('',#370,#369);
#372=CURVE_STYLE('',#20,POSITIVE_LENGTH_MEASURE(2.E-2),#14);
#373=PRESENTATION_STYLE_ASSIGNMENT((#372));
#374=STYLED_ITEM('',(#373),#371);
#375=CARTESIAN_POINT('',(0.E0,8.375E-1,5.E-1));
#376=DIRECTION('',(0.E0,0.E0,-1.E0));
#377=DIRECTION('',(-1.E0,0.E0,0.E0));
#378=AXIS2_PLACEMENT_3D('',#375,#376,#377);
#380=CURVE_STYLE('',#20,POSITIVE_LENGTH_MEASURE(2.E-2),#14);
#381=PRESENTATION_STYLE_ASSIGNMENT((#380));
#382=STYLED_ITEM('',(#381),#379);
#383=CARTESIAN_POINT('',(0.E0,8.375E-1,5.E-1));
#384=DIRECTION('',(0.E0,0.E0,-1.E0));
#385=DIRECTION('',(1.E0,0.E0,0.E0));
#386=AXIS2_PLACEMENT_3D('',#383,#384,#385);
#388=CURVE_STYLE('',#20,POSITIVE_LENGTH_MEASURE(2.E-2),#14);
#389=PRESENTATION_STYLE_ASSIGNMENT((#388));
#390=STYLED_ITEM('',(#389),#387);
#391=DIRECTION('',(0.E0,-1.E0,0.E0));
#392=VECTOR('',#391,8.818897637795E-1);
#393=CARTESIAN_POINT('',(-2.362204724409E-1,2.575787401575E0,5.E-1));
#394=LINE('',#393,#392);
#395=CURVE_STYLE('',#20,POSITIVE_LENGTH_MEASURE(2.E-2),#14);
#396=PRESENTATION_STYLE_ASSIGNMENT((#395));
#397=STYLED_ITEM('',(#396),#394);
#398=DIRECTION('',(1.E0,0.E0,0.E0));
#399=VECTOR('',#398,4.724409448819E-1);
#400=CARTESIAN_POINT('',(-2.362204724409E-1,1.693897637795E0,5.E-1));
#401=LINE('',#400,#399);
#402=CURVE_STYLE('',#20,POSITIVE_LENGTH_MEASURE(2.E-2),#14);
#403=PRESENTATION_STYLE_ASSIGNMENT((#402));
#404=STYLED_ITEM('',(#403),#401);
#405=DIRECTION('',(0.E0,1.E0,0.E0));
#406=VECTOR('',#405,8.818897637795E-1);
#407=CARTESIAN_POINT('',(2.362204724409E-1,1.693897637795E0,5.E-1));
#408=LINE('',#407,#406);
#409=CURVE_STYLE('',#20,POSITIVE_LENGTH_MEASURE(2.E-2),#14);
#410=PRESENTATION_STYLE_ASSIGNMENT((#409));
#411=STYLED_ITEM('',(#410),#408);
#412=DIRECTION('',(-1.E0,0.E0,0.E0));
#413=VECTOR('',#412,4.724409448819E-1);
#414=CARTESIAN_POINT('',(2.362204724409E-1,2.575787401575E0,5.E-1));
#415=LINE('',#414,#413);
#416=CURVE_STYLE('',#20,POSITIVE_LENGTH_MEASURE(2.E-2),#14);
#417=PRESENTATION_STYLE_ASSIGNMENT((#416));
#418=STYLED_ITEM('',(#417),#415);
#419=DIRECTION('',(1.E0,0.E0,0.E0));
#420=VECTOR('',#419,1.E-1);
#421=CARTESIAN_POINT('',(-5.E-2,4.E0,5.E-1));
#422=LINE('',#421,#420);
#423=CURVE_STYLE('',#20,POSITIVE_LENGTH_MEASURE(2.E-2),#14);
#424=PRESENTATION_STYLE_ASSIGNMENT((#423));
#425=STYLED_ITEM('',(#424),#422);
#426=DIRECTION('',(0.E0,1.E0,0.E0));
#427=VECTOR('',#426,3.E-1);
#428=CARTESIAN_POINT('',(7.5E-1,4.7E0,5.E-1));
#429=LINE('',#428,#427);
#430=CURVE_STYLE('',#20,POSITIVE_LENGTH_MEASURE(2.E-2),#14);
#431=PRESENTATION_STYLE_ASSIGNMENT((#430));
#432=STYLED_ITEM('',(#431),#429);
#433=DIRECTION('',(1.E0,0.E0,0.E0));
#434=VECTOR('',#433,2.E-1);
#435=CARTESIAN_POINT('',(7.5E-1,5.E0,5.E-1));
#436=LINE('',#435,#434);
#437=CURVE_STYLE('',#20,POSITIVE_LENGTH_MEASURE(2.E-2),#14);
#438=PRESENTATION_STYLE_ASSIGNMENT((#437));
#439=STYLED_ITEM('',(#438),#436);
#440=DIRECTION('',(0.E0,1.E0,0.E0));
#441=VECTOR('',#440,3.332842712475E0);
#442=CARTESIAN_POINT('',(9.5E-1,1.667157287525E0,5.E-1));
#443=LINE('',#442,#441);
#444=CURVE_STYLE('',#20,POSITIVE_LENGTH_MEASURE(2.E-2),#14);
#445=PRESENTATION_STYLE_ASSIGNMENT((#444));
#446=STYLED_ITEM('',(#445),#443);
#447=DIRECTION('',(7.071067811865E-1,7.071067811865E-1,0.E0));
#448=VECTOR('',#447,3.535533905933E-1);
#449=CARTESIAN_POINT('',(7.E-1,1.417157287525E0,5.E-1));
#450=LINE('',#449,#448);
#451=CURVE_STYLE('',#20,POSITIVE_LENGTH_MEASURE(2.E-2),#14);
#452=PRESENTATION_STYLE_ASSIGNMENT((#451));
#453=STYLED_ITEM('',(#452),#450);
#454=CARTESIAN_POINT('',(0.E0,8.75E-1,5.E-1));
#455=DIRECTION('',(0.E0,0.E0,1.E0));
#456=DIRECTION('',(-1.E0,0.E0,0.E0));
#457=AXIS2_PLACEMENT_3D('',#454,#455,#456);
#459=CURVE_STYLE('',#20,POSITIVE_LENGTH_MEASURE(2.E-2),#14);
#460=PRESENTATION_STYLE_ASSIGNMENT((#459));
#461=STYLED_ITEM('',(#460),#458);
#462=DIRECTION('',(7.071067811865E-1,-7.071067811865E-1,0.E0));
#463=VECTOR('',#462,3.535533905933E-1);
#464=CARTESIAN_POINT('',(-9.5E-1,1.667157287525E0,5.E-1));
#465=LINE('',#464,#463);
#466=CURVE_STYLE('',#20,POSITIVE_LENGTH_MEASURE(2.E-2),#14);
#467=PRESENTATION_STYLE_ASSIGNMENT((#466));
#468=STYLED_ITEM('',(#467),#465);
#469=DIRECTION('',(0.E0,-1.E0,0.E0));
#470=VECTOR('',#469,3.332842712475E0);
#471=CARTESIAN_POINT('',(-9.5E-1,5.E0,5.E-1));
#472=LINE('',#471,#470);
#473=CURVE_STYLE('',#20,POSITIVE_LENGTH_MEASURE(2.E-2),#14);
#474=PRESENTATION_STYLE_ASSIGNMENT((#473));
#475=STYLED_ITEM('',(#474),#472);
#476=DIRECTION('',(1.E0,0.E0,0.E0));
#477=VECTOR('',#476,2.E-1);
#478=CARTESIAN_POINT('',(-9.5E-1,5.E0,5.E-1));
#479=LINE('',#478,#477);
#480=CURVE_STYLE('',#20,POSITIVE_LENGTH_MEASURE(2.E-2),#14);
#481=PRESENTATION_STYLE_ASSIGNMENT((#480));
#482=STYLED_ITEM('',(#481),#479);
#483=DIRECTION('',(0.E0,-1.E0,0.E0));
#484=VECTOR('',#483,3.E-1);
#485=CARTESIAN_POINT('',(-7.5E-1,5.E0,5.E-1));
#486=LINE('',#485,#484);
#487=CURVE_STYLE('',#20,POSITIVE_LENGTH_MEASURE(2.E-2),#14);
#488=PRESENTATION_STYLE_ASSIGNMENT((#487));
#489=STYLED_ITEM('',(#488),#486);
#490=DIRECTION('',(0.E0,0.E0,-1.E0));
#491=VECTOR('',#490,1.25E-1);
#492=CARTESIAN_POINT('',(-2.362204724409E-1,1.693897637795E0,5.E-1));
#493=LINE('',#492,#491);
#494=CURVE_STYLE('',#20,POSITIVE_LENGTH_MEASURE(2.E-2),#14);
#495=PRESENTATION_STYLE_ASSIGNMENT((#494));
#496=STYLED_ITEM('',(#495),#493);
#497=DIRECTION('',(0.E0,0.E0,-1.E0));
#498=VECTOR('',#497,1.25E-1);
#499=CARTESIAN_POINT('',(2.362204724409E-1,1.693897637795E0,5.E-1));
#500=LINE('',#499,#498);
#501=CURVE_STYLE('',#20,POSITIVE_LENGTH_MEASURE(2.E-2),#14);
#502=PRESENTATION_STYLE_ASSIGNMENT((#501));
#503=STYLED_ITEM('',(#502),#500);
#504=DIRECTION('',(0.E0,0.E0,-1.E0));
#505=VECTOR('',#504,1.25E-1);
#506=CARTESIAN_POINT('',(2.362204724409E-1,2.575787401575E0,5.E-1));
#507=LINE('',#506,#505);
#508=CURVE_STYLE('',#20,POSITIVE_LENGTH_MEASURE(2.E-2),#14);
#509=PRESENTATION_STYLE_ASSIGNMENT((#508));
#510=STYLED_ITEM('',(#509),#507);
#511=DIRECTION('',(0.E0,0.E0,1.E0));
#512=VECTOR('',#511,1.25E-1);
#513=CARTESIAN_POINT('',(-5.E-2,4.E0,3.75E-1));
#514=LINE('',#513,#512);
#515=CURVE_STYLE('',#20,POSITIVE_LENGTH_MEASURE(2.E-2),#14);
#516=PRESENTATION_STYLE_ASSIGNMENT((#515));
#517=STYLED_ITEM('',(#516),#514);
#518=DIRECTION('',(0.E0,0.E0,-1.E0));
#519=VECTOR('',#518,1.25E-1);
#520=CARTESIAN_POINT('',(5.E-2,4.E0,5.E-1));
#521=LINE('',#520,#519);
#522=CURVE_STYLE('',#20,POSITIVE_LENGTH_MEASURE(2.E-2),#14);
#523=PRESENTATION_STYLE_ASSIGNMENT((#522));
#524=STYLED_ITEM('',(#523),#521);
#525=CARTESIAN_POINT('',(-5.E-2,4.7E0,3.75E-1));
#526=DIRECTION('',(0.E0,0.E0,1.E0));
#527=DIRECTION('',(-1.E0,0.E0,0.E0));
#528=AXIS2_PLACEMENT_3D('',#525,#526,#527);
#530=CURVE_STYLE('',#20,POSITIVE_LENGTH_MEASURE(2.E-2),#14);
#531=PRESENTATION_STYLE_ASSIGNMENT((#530));
#532=STYLED_ITEM('',(#531),#529);
#533=CARTESIAN_POINT('',(-5.E-2,4.7E0,5.E-1));
#534=DIRECTION('',(0.E0,0.E0,-1.E0));
#535=DIRECTION('',(0.E0,-1.E0,0.E0));
#536=AXIS2_PLACEMENT_3D('',#533,#534,#535);
#538=CURVE_STYLE('',#20,POSITIVE_LENGTH_MEASURE(2.E-2),#14);
#539=PRESENTATION_STYLE_ASSIGNMENT((#538));
#540=STYLED_ITEM('',(#539),#537);
#541=DIRECTION('',(0.E0,9.949423683719E-1,1.004474171819E-1));
#542=VECTOR('',#541,2.408974598137E-1);
#543=CARTESIAN_POINT('',(-7.5E-1,4.599748476018E0,6.488574371433E-2));
#544=LINE('',#543,#542);
#545=CURVE_STYLE('',#20,POSITIVE_LENGTH_MEASURE(2.E-2),#14);
#546=PRESENTATION_STYLE_ASSIGNMENT((#545));
#547=STYLED_ITEM('',(#546),#544);
#548=CARTESIAN_POINT('',(-7.5E-1,4.606299212599E0,0.E0));
#549=DIRECTION('',(-1.E0,0.E0,0.E0));
#550=DIRECTION('',(0.E0,-1.004474171819E-1,-9.949423683719E-1));
#551=AXIS2_PLACEMENT_3D('',#548,#549,#550);
#553=CURVE_STYLE('',#20,POSITIVE_LENGTH_MEASURE(2.E-2),#14);
#554=PRESENTATION_STYLE_ASSIGNMENT((#553));
#555=STYLED_ITEM('',(#554),#552);
#556=DIRECTION('',(0.E0,-9.949423683719E-1,1.004474171819E-1));
#557=VECTOR('',#556,2.408974598137E-1);
#558=CARTESIAN_POINT('',(-7.5E-1,4.839427565220E0,-8.908327135830E-2));
#559=LINE('',#558,#557);
#560=CURVE_STYLE('',#20,POSITIVE_LENGTH_MEASURE(2.E-2),#14);
#561=PRESENTATION_STYLE_ASSIGNMENT((#560));
#562=STYLED_ITEM('',(#561),#559);
#563=CARTESIAN_POINT('',(-7.5E-1,4.831399681091E0,-1.686003189093E-1));
#564=DIRECTION('',(-1.E0,0.E0,0.E0));
#565=DIRECTION('',(0.E0,1.004474171819E-1,9.949423683719E-1));
#566=AXIS2_PLACEMENT_3D('',#563,#564,#565);
#568=CURVE_STYLE('',#20,POSITIVE_LENGTH_MEASURE(2.E-2),#14);
#569=PRESENTATION_STYLE_ASSIGNMENT((#568));
#570=STYLED_ITEM('',(#569),#567);
#571=DIRECTION('',(0.E0,-1.004474171819E-1,9.949423683719E-1));
#572=VECTOR('',#571,2.408974598137E-1);
#573=CARTESIAN_POINT('',(-7.5E-1,4.935114256286E0,-4.002515239820E-1));
#574=LINE('',#573,#572);
#575=CURVE_STYLE('',#20,POSITIVE_LENGTH_MEASURE(2.E-2),#14);
#576=PRESENTATION_STYLE_ASSIGNMENT((#575));
#577=STYLED_ITEM('',(#576),#574);
#578=CARTESIAN_POINT('',(-7.5E-1,5.E0,-3.937007874015E-1));
#579=DIRECTION('',(-1.E0,0.E0,0.E0));
#580=DIRECTION('',(0.E0,9.949423683719E-1,-1.004474171820E-1));
#581=AXIS2_PLACEMENT_3D('',#578,#579,#580);
#583=CURVE_STYLE('',#20,POSITIVE_LENGTH_MEASURE(2.E-2),#14);
#584=PRESENTATION_STYLE_ASSIGNMENT((#583));
#585=STYLED_ITEM('',(#584),#582);
#586=DIRECTION('',(0.E0,-1.004474171819E-1,-9.949423683719E-1));
#587=VECTOR('',#586,2.408974598137E-1);
#588=CARTESIAN_POINT('',(-7.5E-1,5.089083271358E0,-1.605724347802E-1));
#589=LINE('',#588,#587);
#590=CURVE_STYLE('',#20,POSITIVE_LENGTH_MEASURE(2.E-2),#14);
#591=PRESENTATION_STYLE_ASSIGNMENT((#590));
#592=STYLED_ITEM('',(#591),#589);
#593=CARTESIAN_POINT('',(-7.5E-1,5.168600318909E0,-1.686003189093E-1));
#594=DIRECTION('',(-1.E0,0.E0,0.E0));
#595=DIRECTION('',(0.E0,-9.949423683719E-1,1.004474171820E-1));
#596=AXIS2_PLACEMENT_3D('',#593,#594,#595);
#598=CURVE_STYLE('',#20,POSITIVE_LENGTH_MEASURE(2.E-2),#14);
#599=PRESENTATION_STYLE_ASSIGNMENT((#598));
#600=STYLED_ITEM('',(#599),#597);
#601=DIRECTION('',(0.E0,-9.949423683719E-1,-1.004474171819E-1));
#602=VECTOR('',#601,2.408974598137E-1);
#603=CARTESIAN_POINT('',(-7.5E-1,5.400251523982E0,-6.488574371433E-2));
#604=LINE('',#603,#602);
#605=CURVE_STYLE('',#20,POSITIVE_LENGTH_MEASURE(2.E-2),#14);
#606=PRESENTATION_STYLE_ASSIGNMENT((#605));
#607=STYLED_ITEM('',(#606),#604);
#608=CARTESIAN_POINT('',(-7.5E-1,5.393700787401E0,0.E0));
#609=DIRECTION('',(-1.E0,0.E0,0.E0));
#610=DIRECTION('',(0.E0,1.004474171819E-1,9.949423683719E-1));
#611=AXIS2_PLACEMENT_3D('',#608,#609,#610);
#613=CURVE_STYLE('',#20,POSITIVE_LENGTH_MEASURE(2.E-2),#14);
#614=PRESENTATION_STYLE_ASSIGNMENT((#613));
#615=STYLED_ITEM('',(#614),#612);
#616=DIRECTION('',(0.E0,9.949423683719E-1,-1.004474171819E-1));
#617=VECTOR('',#616,2.408974598137E-1);
#618=CARTESIAN_POINT('',(-7.5E-1,5.160572434780E0,8.908327135830E-2));
#619=LINE('',#618,#617);
#620=CURVE_STYLE('',#20,POSITIVE_LENGTH_MEASURE(2.E-2),#14);
#621=PRESENTATION_STYLE_ASSIGNMENT((#620));
#622=STYLED_ITEM('',(#621),#619);
#623=CARTESIAN_POINT('',(-7.5E-1,5.168600318909E0,1.686003189093E-1));
#624=DIRECTION('',(-1.E0,0.E0,0.E0));
#625=DIRECTION('',(0.E0,-1.004474171819E-1,-9.949423683719E-1));
#626=AXIS2_PLACEMENT_3D('',#623,#624,#625);
#628=CURVE_STYLE('',#20,POSITIVE_LENGTH_MEASURE(2.E-2),#14);
#629=PRESENTATION_STYLE_ASSIGNMENT((#628));
#630=STYLED_ITEM('',(#629),#627);
#631=DIRECTION('',(0.E0,1.004474171819E-1,-9.949423683719E-1));
#632=VECTOR('',#631,2.408974598137E-1);
#633=CARTESIAN_POINT('',(-7.5E-1,5.064885743714E0,4.002515239820E-1));
#634=LINE('',#633,#632);
#635=CURVE_STYLE('',#20,POSITIVE_LENGTH_MEASURE(2.E-2),#14);
#636=PRESENTATION_STYLE_ASSIGNMENT((#635));
#637=STYLED_ITEM('',(#636),#634);
#638=CARTESIAN_POINT('',(-7.5E-1,5.E0,3.937007874015E-1));
#639=DIRECTION('',(-1.E0,0.E0,0.E0));
#640=DIRECTION('',(0.E0,-9.949423683719E-1,1.004474171819E-1));
#641=AXIS2_PLACEMENT_3D('',#638,#639,#640);
#643=CURVE_STYLE('',#20,POSITIVE_LENGTH_MEASURE(2.E-2),#14);
#644=PRESENTATION_STYLE_ASSIGNMENT((#643));
#645=STYLED_ITEM('',(#644),#642);
#646=DIRECTION('',(0.E0,1.004474171819E-1,9.949423683719E-1));
#647=VECTOR('',#646,2.408974598137E-1);
#648=CARTESIAN_POINT('',(-7.5E-1,4.910916728642E0,1.605724347802E-1));
#649=LINE('',#648,#647);
#650=CURVE_STYLE('',#20,POSITIVE_LENGTH_MEASURE(2.E-2),#14);
#651=PRESENTATION_STYLE_ASSIGNMENT((#650));
#652=STYLED_ITEM('',(#651),#649);
#653=CARTESIAN_POINT('',(-7.5E-1,4.831399681091E0,1.686003189093E-1));
#654=DIRECTION('',(-1.E0,0.E0,0.E0));
#655=DIRECTION('',(0.E0,9.949423683719E-1,-1.004474171819E-1));
#656=AXIS2_PLACEMENT_3D('',#653,#654,#655);
#658=CURVE_STYLE('',#20,POSITIVE_LENGTH_MEASURE(2.E-2),#14);
#659=PRESENTATION_STYLE_ASSIGNMENT((#658));
#660=STYLED_ITEM('',(#659),#657);
#661=DIRECTION('',(0.E0,0.E0,1.E0));
#662=VECTOR('',#661,1.25E-1);
#663=CARTESIAN_POINT('',(-7.5E-1,4.7E0,-5.E-1));
#664=LINE('',#663,#662);
#665=CURVE_STYLE('',#20,POSITIVE_LENGTH_MEASURE(2.E-2),#14);
#666=PRESENTATION_STYLE_ASSIGNMENT((#665));
#667=STYLED_ITEM('',(#666),#664);
#668=DIRECTION('',(0.E0,0.E0,1.E0));
#669=VECTOR('',#668,1.25E-1);
#670=CARTESIAN_POINT('',(-7.5E-1,4.7E0,3.75E-1));
#671=LINE('',#670,#669);
#672=CURVE_STYLE('',#20,POSITIVE_LENGTH_MEASURE(2.E-2),#14);
#673=PRESENTATION_STYLE_ASSIGNMENT((#672));
#674=STYLED_ITEM('',(#673),#671);
#675=CARTESIAN_POINT('',(-7.5E-1,5.E0,0.E0));
#676=DIRECTION('',(1.E0,0.E0,0.E0));
#677=DIRECTION('',(0.E0,0.E0,-1.E0));
#678=AXIS2_PLACEMENT_3D('',#675,#676,#677);
#680=CURVE_STYLE('',#20,POSITIVE_LENGTH_MEASURE(2.E-2),#14);
#681=PRESENTATION_STYLE_ASSIGNMENT((#680));
#682=STYLED_ITEM('',(#681),#679);
#683=DIRECTION('',(-1.E0,0.E0,0.E0));
#684=VECTOR('',#683,7.87E-2);
#685=CARTESIAN_POINT('',(-7.5E-1,4.599748476018E0,6.488574371433E-2));
#686=LINE('',#685,#684);
#687=CURVE_STYLE('',#20,POSITIVE_LENGTH_MEASURE(2.E-2),#14);
#688=PRESENTATION_STYLE_ASSIGNMENT((#687));
#689=STYLED_ITEM('',(#688),#686);
#690=DIRECTION('',(-1.E0,0.E0,0.E0));
#691=VECTOR('',#690,7.87E-2);
#692=CARTESIAN_POINT('',(-7.5E-1,4.839427565220E0,8.908327135830E-2));
#693=LINE('',#692,#691);
#694=CURVE_STYLE('',#20,POSITIVE_LENGTH_MEASURE(2.E-2),#14);
#695=PRESENTATION_STYLE_ASSIGNMENT((#694));
#696=STYLED_ITEM('',(#695),#693);
#697=DIRECTION('',(-1.E0,-1.128562159721E-14,-1.022759457247E-14));
#698=VECTOR('',#697,7.87E-2);
#699=CARTESIAN_POINT('',(-7.5E-1,4.910916728642E0,1.605724347802E-1));
#700=LINE('',#699,#698);
#701=CURVE_STYLE('',#20,POSITIVE_LENGTH_MEASURE(2.E-2),#14);
#702=PRESENTATION_STYLE_ASSIGNMENT((#701));
#703=STYLED_ITEM('',(#702),#700);
#704=DIRECTION('',(-1.E0,0.E0,0.E0));
#705=VECTOR('',#704,7.87E-2);
#706=CARTESIAN_POINT('',(-7.5E-1,4.935114256286E0,4.002515239820E-1));
#707=LINE('',#706,#705);
#708=CURVE_STYLE('',#20,POSITIVE_LENGTH_MEASURE(2.E-2),#14);
#709=PRESENTATION_STYLE_ASSIGNMENT((#708));
#710=STYLED_ITEM('',(#709),#707);
#711=DIRECTION('',(-1.E0,0.E0,0.E0));
#712=VECTOR('',#711,7.87E-2);
#713=CARTESIAN_POINT('',(-7.5E-1,5.064885743714E0,4.002515239820E-1));
#714=LINE('',#713,#712);
#715=CURVE_STYLE('',#20,POSITIVE_LENGTH_MEASURE(2.E-2),#14);
#716=PRESENTATION_STYLE_ASSIGNMENT((#715));
#717=STYLED_ITEM('',(#716),#714);
#718=DIRECTION('',(-1.E0,0.E0,0.E0));
#719=VECTOR('',#718,7.87E-2);
#720=CARTESIAN_POINT('',(-7.5E-1,5.089083271358E0,1.605724347802E-1));
#721=LINE('',#720,#719);
#722=CURVE_STYLE('',#20,POSITIVE_LENGTH_MEASURE(2.E-2),#14);
#723=PRESENTATION_STYLE_ASSIGNMENT((#722));
#724=STYLED_ITEM('',(#723),#721);
#725=DIRECTION('',(-1.E0,0.E0,0.E0));
#726=VECTOR('',#725,7.87E-2);
#727=CARTESIAN_POINT('',(-7.5E-1,5.160572434780E0,8.908327135830E-2));
#728=LINE('',#727,#726);
#729=CURVE_STYLE('',#20,POSITIVE_LENGTH_MEASURE(2.E-2),#14);
#730=PRESENTATION_STYLE_ASSIGNMENT((#729));
#731=STYLED_ITEM('',(#730),#728);
#732=DIRECTION('',(-1.E0,0.E0,0.E0));
#733=VECTOR('',#732,7.87E-2);
#734=CARTESIAN_POINT('',(-7.5E-1,5.400251523982E0,6.488574371433E-2));
#735=LINE('',#734,#733);
#736=CURVE_STYLE('',#20,POSITIVE_LENGTH_MEASURE(2.E-2),#14);
#737=PRESENTATION_STYLE_ASSIGNMENT((#736));
#738=STYLED_ITEM('',(#737),#735);
#739=DIRECTION('',(-1.E0,0.E0,0.E0));
#740=VECTOR('',#739,7.87E-2);
#741=CARTESIAN_POINT('',(-7.5E-1,5.400251523982E0,-6.488574371433E-2));
#742=LINE('',#741,#740);
#743=CURVE_STYLE('',#20,POSITIVE_LENGTH_MEASURE(2.E-2),#14);
#744=PRESENTATION_STYLE_ASSIGNMENT((#743));
#745=STYLED_ITEM('',(#744),#742);
#746=DIRECTION('',(-1.E0,0.E0,0.E0));
#747=VECTOR('',#746,7.87E-2);
#748=CARTESIAN_POINT('',(-7.5E-1,5.160572434780E0,-8.908327135830E-2));
#749=LINE('',#748,#747);
#750=CURVE_STYLE('',#20,POSITIVE_LENGTH_MEASURE(2.E-2),#14);
#751=PRESENTATION_STYLE_ASSIGNMENT((#750));
#752=STYLED_ITEM('',(#751),#749);
#753=DIRECTION('',(-1.E0,0.E0,-1.128562159721E-14));
#754=VECTOR('',#753,7.87E-2);
#755=CARTESIAN_POINT('',(-7.5E-1,5.089083271358E0,-1.605724347802E-1));
#756=LINE('',#755,#754);
#757=CURVE_STYLE('',#20,POSITIVE_LENGTH_MEASURE(2.E-2),#14);
#758=PRESENTATION_STYLE_ASSIGNMENT((#757));
#759=STYLED_ITEM('',(#758),#756);
#760=DIRECTION('',(-1.E0,1.128562159721E-14,0.E0));
#761=VECTOR('',#760,7.87E-2);
#762=CARTESIAN_POINT('',(-7.5E-1,5.064885743714E0,-4.002515239820E-1));
#763=LINE('',#762,#761);
#764=CURVE_STYLE('',#20,POSITIVE_LENGTH_MEASURE(2.E-2),#14);
#765=PRESENTATION_STYLE_ASSIGNMENT((#764));
#766=STYLED_ITEM('',(#765),#763);
#767=DIRECTION('',(-1.E0,-1.128562159721E-14,1.128562159721E-14));
#768=VECTOR('',#767,7.87E-2);
#769=CARTESIAN_POINT('',(-7.5E-1,4.935114256286E0,-4.002515239820E-1));
#770=LINE('',#769,#768);
#771=CURVE_STYLE('',#20,POSITIVE_LENGTH_MEASURE(2.E-2),#14);
#772=PRESENTATION_STYLE_ASSIGNMENT((#771));
#773=STYLED_ITEM('',(#772),#770);
#774=DIRECTION('',(-1.E0,0.E0,-1.163829727212E-14));
#775=VECTOR('',#774,7.87E-2);
#776=CARTESIAN_POINT('',(-7.5E-1,4.910916728642E0,-1.605724347802E-1));
#777=LINE('',#776,#775);
#778=CURVE_STYLE('',#20,POSITIVE_LENGTH_MEASURE(2.E-2),#14);
#779=PRESENTATION_STYLE_ASSIGNMENT((#778));
#780=STYLED_ITEM('',(#779),#777);
#781=DIRECTION('',(-1.E0,0.E0,0.E0));
#782=VECTOR('',#781,7.87E-2);
#783=CARTESIAN_POINT('',(-7.5E-1,4.839427565220E0,-8.908327135830E-2));
#784=LINE('',#783,#782);
#785=CURVE_STYLE('',#20,POSITIVE_LENGTH_MEASURE(2.E-2),#14);
#786=PRESENTATION_STYLE_ASSIGNMENT((#785));
#787=STYLED_ITEM('',(#786),#784);
#788=DIRECTION('',(-1.E0,0.E0,0.E0));
#789=VECTOR('',#788,7.87E-2);
#790=CARTESIAN_POINT('',(-7.5E-1,4.599748476018E0,-6.488574371433E-2));
#791=LINE('',#790,#789);
#792=CURVE_STYLE('',#20,POSITIVE_LENGTH_MEASURE(2.E-2),#14);
#793=PRESENTATION_STYLE_ASSIGNMENT((#792));
#794=STYLED_ITEM('',(#793),#791);
#795=DIRECTION('',(0.E0,9.949423683719E-1,1.004474171819E-1));
#796=VECTOR('',#795,2.408974598137E-1);
#797=CARTESIAN_POINT('',(-8.287E-1,4.599748476018E0,6.488574371433E-2));
#798=LINE('',#797,#796);
#799=CURVE_STYLE('',#20,POSITIVE_LENGTH_MEASURE(2.E-2),#14);
#800=PRESENTATION_STYLE_ASSIGNMENT((#799));
#801=STYLED_ITEM('',(#800),#798);
#802=CARTESIAN_POINT('',(-8.287E-1,4.831399681091E0,1.686003189093E-1));
#803=DIRECTION('',(1.E0,0.E0,0.E0));
#804=DIRECTION('',(0.E0,1.004474171819E-1,-9.949423683719E-1));
#805=AXIS2_PLACEMENT_3D('',#802,#803,#804);
#807=CURVE_STYLE('',#20,POSITIVE_LENGTH_MEASURE(2.E-2),#14);
#808=PRESENTATION_STYLE_ASSIGNMENT((#807));
#809=STYLED_ITEM('',(#808),#806);
#810=DIRECTION('',(0.E0,1.004474171819E-1,9.949423683719E-1));
#811=VECTOR('',#810,2.408974598137E-1);
#812=CARTESIAN_POINT('',(-8.287E-1,4.910916728642E0,1.605724347802E-1));
#813=LINE('',#812,#811);
#814=CURVE_STYLE('',#20,POSITIVE_LENGTH_MEASURE(2.E-2),#14);
#815=PRESENTATION_STYLE_ASSIGNMENT((#814));
#816=STYLED_ITEM('',(#815),#813);
#817=CARTESIAN_POINT('',(-8.287E-1,5.E0,3.937007874015E-1));
#818=DIRECTION('',(-1.E0,0.E0,0.E0));
#819=DIRECTION('',(0.E0,-9.949423683719E-1,1.004474171819E-1));
#820=AXIS2_PLACEMENT_3D('',#817,#818,#819);
#822=CURVE_STYLE('',#20,POSITIVE_LENGTH_MEASURE(2.E-2),#14);
#823=PRESENTATION_STYLE_ASSIGNMENT((#822));
#824=STYLED_ITEM('',(#823),#821);
#825=DIRECTION('',(0.E0,1.004474171819E-1,-9.949423683719E-1));
#826=VECTOR('',#825,2.408974598137E-1);
#827=CARTESIAN_POINT('',(-8.287E-1,5.064885743714E0,4.002515239820E-1));
#828=LINE('',#827,#826);
#829=CURVE_STYLE('',#20,POSITIVE_LENGTH_MEASURE(2.E-2),#14);
#830=PRESENTATION_STYLE_ASSIGNMENT((#829));
#831=STYLED_ITEM('',(#830),#828);
#832=CARTESIAN_POINT('',(-8.287E-1,5.168600318909E0,1.686003189093E-1));
#833=DIRECTION('',(1.E0,0.E0,0.E0));
#834=DIRECTION('',(0.E0,-9.949423683719E-1,-1.004474171819E-1));
#835=AXIS2_PLACEMENT_3D('',#832,#833,#834);
#837=CURVE_STYLE('',#20,POSITIVE_LENGTH_MEASURE(2.E-2),#14);
#838=PRESENTATION_STYLE_ASSIGNMENT((#837));
#839=STYLED_ITEM('',(#838),#836);
#840=DIRECTION('',(0.E0,9.949423683719E-1,-1.004474171819E-1));
#841=VECTOR('',#840,2.408974598137E-1);
#842=CARTESIAN_POINT('',(-8.287E-1,5.160572434780E0,8.908327135830E-2));
#843=LINE('',#842,#841);
#844=CURVE_STYLE('',#20,POSITIVE_LENGTH_MEASURE(2.E-2),#14);
#845=PRESENTATION_STYLE_ASSIGNMENT((#844));
#846=STYLED_ITEM('',(#845),#843);
#847=CARTESIAN_POINT('',(-8.287E-1,5.393700787401E0,0.E0));
#848=DIRECTION('',(-1.E0,0.E0,0.E0));
#849=DIRECTION('',(0.E0,1.004474171819E-1,9.949423683719E-1));
#850=AXIS2_PLACEMENT_3D('',#847,#848,#849);
#852=CURVE_STYLE('',#20,POSITIVE_LENGTH_MEASURE(2.E-2),#14);
#853=PRESENTATION_STYLE_ASSIGNMENT((#852));
#854=STYLED_ITEM('',(#853),#851);
#855=DIRECTION('',(0.E0,-9.949423683719E-1,-1.004474171819E-1));
#856=VECTOR('',#855,2.408974598137E-1);
#857=CARTESIAN_POINT('',(-8.287E-1,5.400251523982E0,-6.488574371433E-2));
#858=LINE('',#857,#856);
#859=CURVE_STYLE('',#20,POSITIVE_LENGTH_MEASURE(2.E-2),#14);
#860=PRESENTATION_STYLE_ASSIGNMENT((#859));
#861=STYLED_ITEM('',(#860),#858);
#862=CARTESIAN_POINT('',(-8.287E-1,5.168600318909E0,-1.686003189093E-1));
#863=DIRECTION('',(1.E0,0.E0,0.E0));
#864=DIRECTION('',(0.E0,-1.004474171819E-1,9.949423683719E-1));
#865=AXIS2_PLACEMENT_3D('',#862,#863,#864);
#867=CURVE_STYLE('',#20,POSITIVE_LENGTH_MEASURE(2.E-2),#14);
#868=PRESENTATION_STYLE_ASSIGNMENT((#867));
#869=STYLED_ITEM('',(#868),#866);
#870=DIRECTION('',(0.E0,-1.004474171819E-1,-9.949423683719E-1));
#871=VECTOR('',#870,2.408974598137E-1);
#872=CARTESIAN_POINT('',(-8.287E-1,5.089083271358E0,-1.605724347802E-1));
#873=LINE('',#872,#871);
#874=CURVE_STYLE('',#20,POSITIVE_LENGTH_MEASURE(2.E-2),#14);
#875=PRESENTATION_STYLE_ASSIGNMENT((#874));
#876=STYLED_ITEM('',(#875),#873);
#877=CARTESIAN_POINT('',(-8.287E-1,5.E0,-3.937007874015E-1));
#878=DIRECTION('',(-1.E0,0.E0,0.E0));
#879=DIRECTION('',(0.E0,9.949423683719E-1,-1.004474171819E-1));
#880=AXIS2_PLACEMENT_3D('',#877,#878,#879);
#882=CURVE_STYLE('',#20,POSITIVE_LENGTH_MEASURE(2.E-2),#14);
#883=PRESENTATION_STYLE_ASSIGNMENT((#882));
#884=STYLED_ITEM('',(#883),#881);
#885=DIRECTION('',(0.E0,-1.004474171819E-1,9.949423683719E-1));
#886=VECTOR('',#885,2.408974598137E-1);
#887=CARTESIAN_POINT('',(-8.287E-1,4.935114256286E0,-4.002515239820E-1));
#888=LINE('',#887,#886);
#889=CURVE_STYLE('',#20,POSITIVE_LENGTH_MEASURE(2.E-2),#14);
#890=PRESENTATION_STYLE_ASSIGNMENT((#889));
#891=STYLED_ITEM('',(#890),#888);
#892=CARTESIAN_POINT('',(-8.287E-1,4.831399681091E0,-1.686003189093E-1));
#893=DIRECTION('',(1.E0,0.E0,0.E0));
#894=DIRECTION('',(0.E0,9.949423683719E-1,1.004474171819E-1));
#895=AXIS2_PLACEMENT_3D('',#892,#893,#894);
#897=CURVE_STYLE('',#20,POSITIVE_LENGTH_MEASURE(2.E-2),#14);
#898=PRESENTATION_STYLE_ASSIGNMENT((#897));
#899=STYLED_ITEM('',(#898),#896);
#900=DIRECTION('',(0.E0,-9.949423683719E-1,1.004474171819E-1));
#901=VECTOR('',#900,2.408974598137E-1);
#902=CARTESIAN_POINT('',(-8.287E-1,4.839427565220E0,-8.908327135830E-2));
#903=LINE('',#902,#901);
#904=CURVE_STYLE('',#20,POSITIVE_LENGTH_MEASURE(2.E-2),#14);
#905=PRESENTATION_STYLE_ASSIGNMENT((#904));
#906=STYLED_ITEM('',(#905),#903);
#907=CARTESIAN_POINT('',(-8.287E-1,4.606299212599E0,0.E0));
#908=DIRECTION('',(-1.E0,0.E0,0.E0));
#909=DIRECTION('',(0.E0,-1.004474171819E-1,-9.949423683719E-1));
#910=AXIS2_PLACEMENT_3D('',#907,#908,#909);
#912=CURVE_STYLE('',#20,POSITIVE_LENGTH_MEASURE(2.E-2),#14);
#913=PRESENTATION_STYLE_ASSIGNMENT((#912));
#914=STYLED_ITEM('',(#913),#911);
#915=CARTESIAN_POINT('',(-8.287E-1,5.E0,-3.937007874015E-1));
#916=DIRECTION('',(-1.E0,0.E0,0.E0));
#917=DIRECTION('',(0.E0,0.E0,-1.E0));
#918=AXIS2_PLACEMENT_3D('',#915,#916,#917);
#920=CURVE_STYLE('',#20,POSITIVE_LENGTH_MEASURE(2.E-2),#14);
#921=PRESENTATION_STYLE_ASSIGNMENT((#920));
#922=STYLED_ITEM('',(#921),#919);
#923=CARTESIAN_POINT('',(-8.287E-1,5.E0,-3.937007874015E-1));
#924=DIRECTION('',(-1.E0,0.E0,0.E0));
#925=DIRECTION('',(0.E0,0.E0,1.E0));
#926=AXIS2_PLACEMENT_3D('',#923,#924,#925);
#928=CURVE_STYLE('',#20,POSITIVE_LENGTH_MEASURE(2.E-2),#14);
#929=PRESENTATION_STYLE_ASSIGNMENT((#928));
#930=STYLED_ITEM('',(#929),#927);
#931=CARTESIAN_POINT('',(-8.287E-1,5.E0,-2.637795275590E-1));
#932=DIRECTION('',(-1.E0,0.E0,0.E0));
#933=DIRECTION('',(0.E0,0.E0,-1.E0));
#934=AXIS2_PLACEMENT_3D('',#931,#932,#933);
#936=CURVE_STYLE('',#20,POSITIVE_LENGTH_MEASURE(2.E-2),#14);
#937=PRESENTATION_STYLE_ASSIGNMENT((#936));
#938=STYLED_ITEM('',(#937),#935);
#939=CARTESIAN_POINT('',(-8.287E-1,5.E0,-2.637795275590E-1));
#940=DIRECTION('',(-1.E0,0.E0,0.E0));
#941=DIRECTION('',(0.E0,0.E0,1.E0));
#942=AXIS2_PLACEMENT_3D('',#939,#940,#941);
#944=CURVE_STYLE('',#20,POSITIVE_LENGTH_MEASURE(2.E-2),#14);
#945=PRESENTATION_STYLE_ASSIGNMENT((#944));
#946=STYLED_ITEM('',(#945),#943);
#947=CARTESIAN_POINT('',(-8.287E-1,5.E0,2.637795275590E-1));
#948=DIRECTION('',(-1.E0,0.E0,0.E0));
#949=DIRECTION('',(0.E0,0.E0,-1.E0));
#950=AXIS2_PLACEMENT_3D('',#947,#948,#949);
#952=CURVE_STYLE('',#20,POSITIVE_LENGTH_MEASURE(2.E-2),#14);
#953=PRESENTATION_STYLE_ASSIGNMENT((#952));
#954=STYLED_ITEM('',(#953),#951);
#955=CARTESIAN_POINT('',(-8.287E-1,5.E0,2.637795275590E-1));
#956=DIRECTION('',(-1.E0,0.E0,0.E0));
#957=DIRECTION('',(0.E0,0.E0,1.E0));
#958=AXIS2_PLACEMENT_3D('',#955,#956,#957);
#960=CURVE_STYLE('',#20,POSITIVE_LENGTH_MEASURE(2.E-2),#14);
#961=PRESENTATION_STYLE_ASSIGNMENT((#960));
#962=STYLED_ITEM('',(#961),#959);
#963=CARTESIAN_POINT('',(-8.287E-1,5.E0,3.937007874015E-1));
#964=DIRECTION('',(-1.E0,0.E0,0.E0));
#965=DIRECTION('',(0.E0,0.E0,-1.E0));
#966=AXIS2_PLACEMENT_3D('',#963,#964,#965);
#968=CURVE_STYLE('',#20,POSITIVE_LENGTH_MEASURE(2.E-2),#14);
#969=PRESENTATION_STYLE_ASSIGNMENT((#968));
#970=STYLED_ITEM('',(#969),#967);
#971=CARTESIAN_POINT('',(-8.287E-1,5.E0,3.937007874015E-1));
#972=DIRECTION('',(-1.E0,0.E0,0.E0));
#973=DIRECTION('',(0.E0,0.E0,1.E0));
#974=AXIS2_PLACEMENT_3D('',#971,#972,#973);
#976=CURVE_STYLE('',#20,POSITIVE_LENGTH_MEASURE(2.E-2),#14);
#977=PRESENTATION_STYLE_ASSIGNMENT((#976));
#978=STYLED_ITEM('',(#977),#975);
#979=CARTESIAN_POINT('',(-8.287E-1,5.236220472441E0,0.E0));
#980=DIRECTION('',(-1.E0,0.E0,0.E0));
#981=DIRECTION('',(0.E0,0.E0,-1.E0));
#982=AXIS2_PLACEMENT_3D('',#979,#980,#981);
#984=CURVE_STYLE('',#20,POSITIVE_LENGTH_MEASURE(2.E-2),#14);
#985=PRESENTATION_STYLE_ASSIGNMENT((#984));
#986=STYLED_ITEM('',(#985),#983);
#987=CARTESIAN_POINT('',(-8.287E-1,5.236220472441E0,0.E0));
#988=DIRECTION('',(-1.E0,0.E0,0.E0));
#989=DIRECTION('',(0.E0,0.E0,1.E0));
#990=AXIS2_PLACEMENT_3D('',#987,#988,#989);
#992=CURVE_STYLE('',#20,POSITIVE_LENGTH_MEASURE(2.E-2),#14);
#993=PRESENTATION_STYLE_ASSIGNMENT((#992));
#994=STYLED_ITEM('',(#993),#991);
#995=CARTESIAN_POINT('',(-8.287E-1,5.393700787401E0,0.E0));
#996=DIRECTION('',(-1.E0,0.E0,0.E0));
#997=DIRECTION('',(0.E0,0.E0,-1.E0));
#998=AXIS2_PLACEMENT_3D('',#995,#996,#997);
#1000=CURVE_STYLE('',#20,POSITIVE_LENGTH_MEASURE(2.E-2),#14);
#1001=PRESENTATION_STYLE_ASSIGNMENT((#1000));
#1002=STYLED_ITEM('',(#1001),#999);
#1003=CARTESIAN_POINT('',(-8.287E-1,5.393700787401E0,0.E0));
#1004=DIRECTION('',(-1.E0,0.E0,0.E0));
#1005=DIRECTION('',(0.E0,0.E0,1.E0));
#1006=AXIS2_PLACEMENT_3D('',#1003,#1004,#1005);
#1008=CURVE_STYLE('',#20,POSITIVE_LENGTH_MEASURE(2.E-2),#14);
#1009=PRESENTATION_STYLE_ASSIGNMENT((#1008));
#1010=STYLED_ITEM('',(#1009),#1007);
#1011=CARTESIAN_POINT('',(-8.287E-1,4.606299212599E0,0.E0));
#1012=DIRECTION('',(-1.E0,0.E0,0.E0));
#1013=DIRECTION('',(0.E0,0.E0,-1.E0));
#1014=AXIS2_PLACEMENT_3D('',#1011,#1012,#1013);
#1016=CURVE_STYLE('',#20,POSITIVE_LENGTH_MEASURE(2.E-2),#14);
#1017=PRESENTATION_STYLE_ASSIGNMENT((#1016));
#1018=STYLED_ITEM('',(#1017),#1015);
#1019=CARTESIAN_POINT('',(-8.287E-1,4.606299212599E0,0.E0));
#1020=DIRECTION('',(-1.E0,0.E0,0.E0));
#1021=DIRECTION('',(0.E0,0.E0,1.E0));
#1022=AXIS2_PLACEMENT_3D('',#1019,#1020,#1021);
#1024=CURVE_STYLE('',#20,POSITIVE_LENGTH_MEASURE(2.E-2),#14);
#1025=PRESENTATION_STYLE_ASSIGNMENT((#1024));
#1026=STYLED_ITEM('',(#1025),#1023);
#1027=CARTESIAN_POINT('',(-8.287E-1,4.763779527559E0,0.E0));
#1028=DIRECTION('',(-1.E0,0.E0,0.E0));
#1029=DIRECTION('',(0.E0,0.E0,-1.E0));
#1030=AXIS2_PLACEMENT_3D('',#1027,#1028,#1029);
#1032=CURVE_STYLE('',#20,POSITIVE_LENGTH_MEASURE(2.E-2),#14);
#1033=PRESENTATION_STYLE_ASSIGNMENT((#1032));
#1034=STYLED_ITEM('',(#1033),#1031);
#1035=CARTESIAN_POINT('',(-8.287E-1,4.763779527559E0,0.E0));
#1036=DIRECTION('',(-1.E0,0.E0,0.E0));
#1037=DIRECTION('',(0.E0,0.E0,1.E0));
#1038=AXIS2_PLACEMENT_3D('',#1035,#1036,#1037);
#1040=CURVE_STYLE('',#20,POSITIVE_LENGTH_MEASURE(2.E-2),#14);
#1041=PRESENTATION_STYLE_ASSIGNMENT((#1040));
#1042=STYLED_ITEM('',(#1041),#1039);
#1043=CARTESIAN_POINT('',(-8.287E-1,5.E0,0.E0));
#1044=DIRECTION('',(-1.E0,0.E0,0.E0));
#1045=DIRECTION('',(0.E0,0.E0,-1.E0));
#1046=AXIS2_PLACEMENT_3D('',#1043,#1044,#1045);
#1048=CURVE_STYLE('',#20,POSITIVE_LENGTH_MEASURE(2.E-2),#14);
#1049=PRESENTATION_STYLE_ASSIGNMENT((#1048));
#1050=STYLED_ITEM('',(#1049),#1047);
#1051=CARTESIAN_POINT('',(-8.287E-1,5.E0,0.E0));
#1052=DIRECTION('',(-1.E0,0.E0,0.E0));
#1053=DIRECTION('',(0.E0,0.E0,1.E0));
#1054=AXIS2_PLACEMENT_3D('',#1051,#1052,#1053);
#1056=CURVE_STYLE('',#20,POSITIVE_LENGTH_MEASURE(2.E-2),#14);
#1057=PRESENTATION_STYLE_ASSIGNMENT((#1056));
#1058=STYLED_ITEM('',(#1057),#1055);
#1059=DIRECTION('',(-1.E0,0.E0,0.E0));
#1060=VECTOR('',#1059,1.213E-1);
#1061=CARTESIAN_POINT('',(-8.287E-1,5.E0,-4.232283464566E-1));
#1062=LINE('',#1061,#1060);
#1063=CURVE_STYLE('',#20,POSITIVE_LENGTH_MEASURE(2.E-2),#14);
#1064=PRESENTATION_STYLE_ASSIGNMENT((#1063));
#1065=STYLED_ITEM('',(#1064),#1062);
#1066=CARTESIAN_POINT('',(-9.5E-1,5.E0,0.E0));
#1067=DIRECTION('',(1.E0,0.E0,0.E0));
#1068=DIRECTION('',(0.E0,0.E0,-1.E0));
#1069=AXIS2_PLACEMENT_3D('',#1066,#1067,#1068);
#1071=CURVE_STYLE('',#20,POSITIVE_LENGTH_MEASURE(2.E-2),#14);
#1072=PRESENTATION_STYLE_ASSIGNMENT((#1071));
#1073=STYLED_ITEM('',(#1072),#1070);
#1074=CARTESIAN_POINT('',(-9.5E-1,5.E0,-3.937007874015E-1));
#1075=DIRECTION('',(-1.E0,0.E0,0.E0));
#1076=DIRECTION('',(0.E0,0.E0,-1.E0));
#1077=AXIS2_PLACEMENT_3D('',#1074,#1075,#1076);
#1079=CURVE_STYLE('',#20,POSITIVE_LENGTH_MEASURE(2.E-2),#14);
#1080=PRESENTATION_STYLE_ASSIGNMENT((#1079));
#1081=STYLED_ITEM('',(#1080),#1078);
#1082=CARTESIAN_POINT('',(-9.5E-1,5.E0,-3.937007874015E-1));
#1083=DIRECTION('',(-1.E0,0.E0,0.E0));
#1084=DIRECTION('',(0.E0,0.E0,1.E0));
#1085=AXIS2_PLACEMENT_3D('',#1082,#1083,#1084);
#1087=CURVE_STYLE('',#20,POSITIVE_LENGTH_MEASURE(2.E-2),#14);
#1088=PRESENTATION_STYLE_ASSIGNMENT((#1087));
#1089=STYLED_ITEM('',(#1088),#1086);
#1090=CARTESIAN_POINT('',(-9.5E-1,5.E0,-2.637795275590E-1));
#1091=DIRECTION('',(-1.E0,0.E0,0.E0));
#1092=DIRECTION('',(0.E0,0.E0,-1.E0));
#1093=AXIS2_PLACEMENT_3D('',#1090,#1091,#1092);
#1095=CURVE_STYLE('',#20,POSITIVE_LENGTH_MEASURE(2.E-2),#14);
#1096=PRESENTATION_STYLE_ASSIGNMENT((#1095));
#1097=STYLED_ITEM('',(#1096),#1094);
#1098=CARTESIAN_POINT('',(-9.5E-1,5.E0,-2.637795275590E-1));
#1099=DIRECTION('',(-1.E0,0.E0,0.E0));
#1100=DIRECTION('',(0.E0,0.E0,1.E0));
#1101=AXIS2_PLACEMENT_3D('',#1098,#1099,#1100);
#1103=CURVE_STYLE('',#20,POSITIVE_LENGTH_MEASURE(2.E-2),#14);
#1104=PRESENTATION_STYLE_ASSIGNMENT((#1103));
#1105=STYLED_ITEM('',(#1104),#1102);
#1106=CARTESIAN_POINT('',(-9.5E-1,5.E0,0.E0));
#1107=DIRECTION('',(-1.E0,0.E0,0.E0));
#1108=DIRECTION('',(0.E0,0.E0,-1.E0));
#1109=AXIS2_PLACEMENT_3D('',#1106,#1107,#1108);
#1111=CURVE_STYLE('',#20,POSITIVE_LENGTH_MEASURE(2.E-2),#14);
#1112=PRESENTATION_STYLE_ASSIGNMENT((#1111));
#1113=STYLED_ITEM('',(#1112),#1110);
#1114=CARTESIAN_POINT('',(-9.5E-1,5.E0,0.E0));
#1115=DIRECTION('',(-1.E0,0.E0,0.E0));
#1116=DIRECTION('',(0.E0,0.E0,1.E0));
#1117=AXIS2_PLACEMENT_3D('',#1114,#1115,#1116);
#1119=CURVE_STYLE('',#20,POSITIVE_LENGTH_MEASURE(2.E-2),#14);
#1120=PRESENTATION_STYLE_ASSIGNMENT((#1119));
#1121=STYLED_ITEM('',(#1120),#1118);
#1122=CARTESIAN_POINT('',(-9.5E-1,5.E0,2.637795275590E-1));
#1123=DIRECTION('',(-1.E0,0.E0,0.E0));
#1124=DIRECTION('',(0.E0,0.E0,-1.E0));
#1125=AXIS2_PLACEMENT_3D('',#1122,#1123,#1124);
#1127=CURVE_STYLE('',#20,POSITIVE_LENGTH_MEASURE(2.E-2),#14);
#1128=PRESENTATION_STYLE_ASSIGNMENT((#1127));
#1129=STYLED_ITEM('',(#1128),#1126);
#1130=CARTESIAN_POINT('',(-9.5E-1,5.E0,2.637795275590E-1));
#1131=DIRECTION('',(-1.E0,0.E0,0.E0));
#1132=DIRECTION('',(0.E0,0.E0,1.E0));
#1133=AXIS2_PLACEMENT_3D('',#1130,#1131,#1132);
#1135=CURVE_STYLE('',#20,POSITIVE_LENGTH_MEASURE(2.E-2),#14);
#1136=PRESENTATION_STYLE_ASSIGNMENT((#1135));
#1137=STYLED_ITEM('',(#1136),#1134);
#1138=CARTESIAN_POINT('',(-9.5E-1,5.E0,3.937007874015E-1));
#1139=DIRECTION('',(-1.E0,0.E0,0.E0));
#1140=DIRECTION('',(0.E0,0.E0,-1.E0));
#1141=AXIS2_PLACEMENT_3D('',#1138,#1139,#1140);
#1143=CURVE_STYLE('',#20,POSITIVE_LENGTH_MEASURE(2.E-2),#14);
#1144=PRESENTATION_STYLE_ASSIGNMENT((#1143));
#1145=STYLED_ITEM('',(#1144),#1142);
#1146=CARTESIAN_POINT('',(-9.5E-1,5.E0,3.937007874015E-1));
#1147=DIRECTION('',(-1.E0,0.E0,0.E0));
#1148=DIRECTION('',(0.E0,0.E0,1.E0));
#1149=AXIS2_PLACEMENT_3D('',#1146,#1147,#1148);
#1151=CURVE_STYLE('',#20,POSITIVE_LENGTH_MEASURE(2.E-2),#14);
#1152=PRESENTATION_STYLE_ASSIGNMENT((#1151));
#1153=STYLED_ITEM('',(#1152),#1150);
#1154=CARTESIAN_POINT('',(-9.5E-1,5.236220472441E0,0.E0));
#1155=DIRECTION('',(-1.E0,0.E0,0.E0));
#1156=DIRECTION('',(0.E0,0.E0,-1.E0));
#1157=AXIS2_PLACEMENT_3D('',#1154,#1155,#1156);
#1159=CURVE_STYLE('',#20,POSITIVE_LENGTH_MEASURE(2.E-2),#14);
#1160=PRESENTATION_STYLE_ASSIGNMENT((#1159));
#1161=STYLED_ITEM('',(#1160),#1158);
#1162=CARTESIAN_POINT('',(-9.5E-1,5.236220472441E0,0.E0));
#1163=DIRECTION('',(-1.E0,0.E0,0.E0));
#1164=DIRECTION('',(0.E0,0.E0,1.E0));
#1165=AXIS2_PLACEMENT_3D('',#1162,#1163,#1164);
#1167=CURVE_STYLE('',#20,POSITIVE_LENGTH_MEASURE(2.E-2),#14);
#1168=PRESENTATION_STYLE_ASSIGNMENT((#1167));
#1169=STYLED_ITEM('',(#1168),#1166);
#1170=CARTESIAN_POINT('',(-9.5E-1,5.393700787401E0,0.E0));
#1171=DIRECTION('',(-1.E0,0.E0,0.E0));
#1172=DIRECTION('',(0.E0,0.E0,-1.E0));
#1173=AXIS2_PLACEMENT_3D('',#1170,#1171,#1172);
#1175=CURVE_STYLE('',#20,POSITIVE_LENGTH_MEASURE(2.E-2),#14);
#1176=PRESENTATION_STYLE_ASSIGNMENT((#1175));
#1177=STYLED_ITEM('',(#1176),#1174);
#1178=CARTESIAN_POINT('',(-9.5E-1,5.393700787401E0,0.E0));
#1179=DIRECTION('',(-1.E0,0.E0,0.E0));
#1180=DIRECTION('',(0.E0,0.E0,1.E0));
#1181=AXIS2_PLACEMENT_3D('',#1178,#1179,#1180);
#1183=CURVE_STYLE('',#20,POSITIVE_LENGTH_MEASURE(2.E-2),#14);
#1184=PRESENTATION_STYLE_ASSIGNMENT((#1183));
#1185=STYLED_ITEM('',(#1184),#1182);
#1186=CARTESIAN_POINT('',(-9.5E-1,4.606299212599E0,0.E0));
#1187=DIRECTION('',(-1.E0,0.E0,0.E0));
#1188=DIRECTION('',(0.E0,0.E0,-1.E0));
#1189=AXIS2_PLACEMENT_3D('',#1186,#1187,#1188);
#1191=CURVE_STYLE('',#20,POSITIVE_LENGTH_MEASURE(2.E-2),#14);
#1192=PRESENTATION_STYLE_ASSIGNMENT((#1191));
#1193=STYLED_ITEM('',(#1192),#1190);
#1194=CARTESIAN_POINT('',(-9.5E-1,4.606299212599E0,0.E0));
#1195=DIRECTION('',(-1.E0,0.E0,0.E0));
#1196=DIRECTION('',(0.E0,0.E0,1.E0));
#1197=AXIS2_PLACEMENT_3D('',#1194,#1195,#1196);
#1199=CURVE_STYLE('',#20,POSITIVE_LENGTH_MEASURE(2.E-2),#14);
#1200=PRESENTATION_STYLE_ASSIGNMENT((#1199));
#1201=STYLED_ITEM('',(#1200),#1198);
#1202=CARTESIAN_POINT('',(-9.5E-1,4.763779527559E0,0.E0));
#1203=DIRECTION('',(-1.E0,0.E0,0.E0));
#1204=DIRECTION('',(0.E0,0.E0,-1.E0));
#1205=AXIS2_PLACEMENT_3D('',#1202,#1203,#1204);
#1207=CURVE_STYLE('',#20,POSITIVE_LENGTH_MEASURE(2.E-2),#14);
#1208=PRESENTATION_STYLE_ASSIGNMENT((#1207));
#1209=STYLED_ITEM('',(#1208),#1206);
#1210=CARTESIAN_POINT('',(-9.5E-1,4.763779527559E0,0.E0));
#1211=DIRECTION('',(-1.E0,0.E0,0.E0));
#1212=DIRECTION('',(0.E0,0.E0,1.E0));
#1213=AXIS2_PLACEMENT_3D('',#1210,#1211,#1212);
#1215=CURVE_STYLE('',#20,POSITIVE_LENGTH_MEASURE(2.E-2),#14);
#1216=PRESENTATION_STYLE_ASSIGNMENT((#1215));
#1217=STYLED_ITEM('',(#1216),#1214);
#1218=DIRECTION('',(0.E0,0.E0,1.E0));
#1219=VECTOR('',#1218,1.E0);
#1220=CARTESIAN_POINT('',(-9.5E-1,1.667157287525E0,-5.E-1));
#1221=LINE('',#1220,#1219);
#1222=CURVE_STYLE('',#20,POSITIVE_LENGTH_MEASURE(2.E-2),#14);
#1223=PRESENTATION_STYLE_ASSIGNMENT((#1222));
#1224=STYLED_ITEM('',(#1223),#1221);
#1225=DIRECTION('',(0.E0,0.E0,1.E0));
#1226=VECTOR('',#1225,1.E0);
#1227=CARTESIAN_POINT('',(-7.E-1,8.75E-1,-5.E-1));
#1228=LINE('',#1227,#1226);
#1229=CURVE_STYLE('',#20,POSITIVE_LENGTH_MEASURE(2.E-2),#14);
#1230=PRESENTATION_STYLE_ASSIGNMENT((#1229));
#1231=STYLED_ITEM('',(#1230),#1228);
#1232=DIRECTION('',(0.E0,1.E0,0.E0));
#1233=VECTOR('',#1232,5.421572875254E-1);
#1234=CARTESIAN_POINT('',(-7.E-1,8.75E-1,-5.E-1));
#1235=LINE('',#1234,#1233);
#1236=CURVE_STYLE('',#20,POSITIVE_LENGTH_MEASURE(2.E-2),#14);
#1237=PRESENTATION_STYLE_ASSIGNMENT((#1236));
#1238=STYLED_ITEM('',(#1237),#1235);
#1239=DIRECTION('',(0.E0,0.E0,1.E0));
#1240=VECTOR('',#1239,1.E0);
#1241=CARTESIAN_POINT('',(-7.E-1,1.417157287525E0,-5.E-1));
#1242=LINE('',#1241,#1240);
#1243=CURVE_STYLE('',#20,POSITIVE_LENGTH_MEASURE(2.E-2),#14);
#1244=PRESENTATION_STYLE_ASSIGNMENT((#1243));
#1245=STYLED_ITEM('',(#1244),#1242);
#1246=DIRECTION('',(0.E0,-1.E0,0.E0));
#1247=VECTOR('',#1246,5.421572875254E-1);
#1248=CARTESIAN_POINT('',(-7.E-1,1.417157287525E0,5.E-1));
#1249=LINE('',#1248,#1247);
#1250=CURVE_STYLE('',#20,POSITIVE_LENGTH_MEASURE(2.E-2),#14);
#1251=PRESENTATION_STYLE_ASSIGNMENT((#1250));
#1252=STYLED_ITEM('',(#1251),#1249);
#1253=DIRECTION('',(0.E0,-1.E0,0.E0));
#1254=VECTOR('',#1253,5.421572875254E-1);
#1255=CARTESIAN_POINT('',(7.E-1,1.417157287525E0,-5.E-1));
#1256=LINE('',#1255,#1254);
#1257=CURVE_STYLE('',#20,POSITIVE_LENGTH_MEASURE(2.E-2),#14);
#1258=PRESENTATION_STYLE_ASSIGNMENT((#1257));
#1259=STYLED_ITEM('',(#1258),#1256);
#1260=DIRECTION('',(0.E0,0.E0,-1.E0));
#1261=VECTOR('',#1260,1.E0);
#1262=CARTESIAN_POINT('',(7.E-1,8.75E-1,5.E-1));
#1263=LINE('',#1262,#1261);
#1264=CURVE_STYLE('',#20,POSITIVE_LENGTH_MEASURE(2.E-2),#14);
#1265=PRESENTATION_STYLE_ASSIGNMENT((#1264));
#1266=STYLED_ITEM('',(#1265),#1263);
#1267=DIRECTION('',(0.E0,1.E0,0.E0));
#1268=VECTOR('',#1267,5.421572875254E-1);
#1269=CARTESIAN_POINT('',(7.E-1,8.75E-1,5.E-1));
#1270=LINE('',#1269,#1268);
#1271=CURVE_STYLE('',#20,POSITIVE_LENGTH_MEASURE(2.E-2),#14);
#1272=PRESENTATION_STYLE_ASSIGNMENT((#1271));
#1273=STYLED_ITEM('',(#1272),#1270);
#1274=DIRECTION('',(0.E0,0.E0,1.E0));
#1275=VECTOR('',#1274,1.E0);
#1276=CARTESIAN_POINT('',(7.E-1,1.417157287525E0,-5.E-1));
#1277=LINE('',#1276,#1275);
#1278=CURVE_STYLE('',#20,POSITIVE_LENGTH_MEASURE(2.E-2),#14);
#1279=PRESENTATION_STYLE_ASSIGNMENT((#1278));
#1280=STYLED_ITEM('',(#1279),#1277);
#1281=CARTESIAN_POINT('',(9.5E-1,5.E0,0.E0));
#1282=DIRECTION('',(1.E0,0.E0,0.E0));
#1283=DIRECTION('',(0.E0,0.E0,-1.E0));
#1284=AXIS2_PLACEMENT_3D('',#1281,#1282,#1283);
#1286=CURVE_STYLE('',#20,POSITIVE_LENGTH_MEASURE(2.E-2),#14);
#1287=PRESENTATION_STYLE_ASSIGNMENT((#1286));
#1288=STYLED_ITEM('',(#1287),#1285);
#1289=DIRECTION('',(0.E0,0.E0,1.E0));
#1290=VECTOR('',#1289,1.E0);
#1291=CARTESIAN_POINT('',(9.5E-1,1.667157287525E0,-5.E-1));
#1292=LINE('',#1291,#1290);
#1293=CURVE_STYLE('',#20,POSITIVE_LENGTH_MEASURE(2.E-2),#14);
#1294=PRESENTATION_STYLE_ASSIGNMENT((#1293));
#1295=STYLED_ITEM('',(#1294),#1292);
#1296=CARTESIAN_POINT('',(9.5E-1,5.E0,0.E0));
#1297=DIRECTION('',(1.E0,0.E0,0.E0));
#1298=DIRECTION('',(0.E0,0.E0,-1.E0));
#1299=AXIS2_PLACEMENT_3D('',#1296,#1297,#1298);
#1301=CURVE_STYLE('',#20,POSITIVE_LENGTH_MEASURE(2.E-2),#14);
#1302=PRESENTATION_STYLE_ASSIGNMENT((#1301));
#1303=STYLED_ITEM('',(#1302),#1300);
#1304=CARTESIAN_POINT('',(9.5E-1,5.E0,0.E0));
#1305=DIRECTION('',(1.E0,0.E0,0.E0));
#1306=DIRECTION('',(0.E0,0.E0,1.E0));
#1307=AXIS2_PLACEMENT_3D('',#1304,#1305,#1306);
#1309=CURVE_STYLE('',#20,POSITIVE_LENGTH_MEASURE(2.E-2),#14);
#1310=PRESENTATION_STYLE_ASSIGNMENT((#1309));
#1311=STYLED_ITEM('',(#1310),#1308);
#1312=CARTESIAN_POINT('',(7.5E-1,5.E0,0.E0));
#1313=DIRECTION('',(1.E0,0.E0,0.E0));
#1314=DIRECTION('',(0.E0,0.E0,-1.E0));
#1315=AXIS2_PLACEMENT_3D('',#1312,#1313,#1314);
#1317=CURVE_STYLE('',#20,POSITIVE_LENGTH_MEASURE(2.E-2),#14);
#1318=PRESENTATION_STYLE_ASSIGNMENT((#1317));
#1319=STYLED_ITEM('',(#1318),#1316);
#1320=CARTESIAN_POINT('',(7.5E-1,5.E0,0.E0));
#1321=DIRECTION('',(1.E0,0.E0,0.E0));
#1322=DIRECTION('',(0.E0,0.E0,1.E0));
#1323=AXIS2_PLACEMENT_3D('',#1320,#1321,#1322);
#1325=CURVE_STYLE('',#20,POSITIVE_LENGTH_MEASURE(2.E-2),#14);
#1326=PRESENTATION_STYLE_ASSIGNMENT((#1325));
#1327=STYLED_ITEM('',(#1326),#1324);
#1328=DIRECTION('',(0.E0,0.E0,-1.E0));
#1329=VECTOR('',#1328,1.25E-1);
#1330=CARTESIAN_POINT('',(7.5E-1,4.7E0,-3.75E-1));
#1331=LINE('',#1330,#1329);
#1332=CURVE_STYLE('',#20,POSITIVE_LENGTH_MEASURE(2.E-2),#14);
#1333=PRESENTATION_STYLE_ASSIGNMENT((#1332));
#1334=STYLED_ITEM('',(#1333),#1331);
#1335=CARTESIAN_POINT('',(7.5E-1,5.E0,0.E0));
#1336=DIRECTION('',(1.E0,0.E0,0.E0));
#1337=DIRECTION('',(0.E0,0.E0,-1.E0));
#1338=AXIS2_PLACEMENT_3D('',#1335,#1336,#1337);
#1340=CURVE_STYLE('',#20,POSITIVE_LENGTH_MEASURE(2.E-2),#14);
#1341=PRESENTATION_STYLE_ASSIGNMENT((#1340));
#1342=STYLED_ITEM('',(#1341),#1339);
#1343=DIRECTION('',(0.E0,0.E0,-1.E0));
#1344=VECTOR('',#1343,1.25E-1);
#1345=CARTESIAN_POINT('',(7.5E-1,4.7E0,5.E-1));
#1346=LINE('',#1345,#1344);
#1347=CURVE_STYLE('',#20,POSITIVE_LENGTH_MEASURE(2.E-2),#14);
#1348=PRESENTATION_STYLE_ASSIGNMENT((#1347));
#1349=STYLED_ITEM('',(#1348),#1346);
#1350=DIRECTION('',(0.E0,0.E0,1.E0));
#1351=VECTOR('',#1350,7.5E-1);
#1352=CARTESIAN_POINT('',(7.5E-1,1.75E0,-3.75E-1));
#1353=LINE('',#1352,#1351);
#1354=CURVE_STYLE('',#20,POSITIVE_LENGTH_MEASURE(2.E-2),#14);
#1355=PRESENTATION_STYLE_ASSIGNMENT((#1354));
#1356=STYLED_ITEM('',(#1355),#1353);
#1357=CARTESIAN_POINT('',(9.E-1,5.E0,0.E0));
#1358=DIRECTION('',(1.E0,0.E0,0.E0));
#1359=DIRECTION('',(0.E0,0.E0,-1.E0));
#1360=AXIS2_PLACEMENT_3D('',#1357,#1358,#1359);
#1362=CURVE_STYLE('',#20,POSITIVE_LENGTH_MEASURE(2.E-2),#14);
#1363=PRESENTATION_STYLE_ASSIGNMENT((#1362));
#1364=STYLED_ITEM('',(#1363),#1361);
#1365=DIRECTION('',(-1.E0,0.E0,0.E0));
#1366=VECTOR('',#1365,1.5E-1);
#1367=CARTESIAN_POINT('',(9.E-1,5.E0,-3.149606299213E-1));
#1368=LINE('',#1367,#1366);
#1369=CURVE_STYLE('',#20,POSITIVE_LENGTH_MEASURE(2.E-2),#14);
#1370=PRESENTATION_STYLE_ASSIGNMENT((#1369));
#1371=STYLED_ITEM('',(#1370),#1368);
#1372=CARTESIAN_POINT('',(9.E-1,5.E0,0.E0));
#1373=DIRECTION('',(1.E0,0.E0,0.E0));
#1374=DIRECTION('',(0.E0,0.E0,-1.E0));
#1375=AXIS2_PLACEMENT_3D('',#1372,#1373,#1374);
#1377=CURVE_STYLE('',#20,POSITIVE_LENGTH_MEASURE(2.E-2),#14);
#1378=PRESENTATION_STYLE_ASSIGNMENT((#1377));
#1379=STYLED_ITEM('',(#1378),#1376);
#1380=CARTESIAN_POINT('',(9.E-1,5.E0,0.E0));
#1381=DIRECTION('',(1.E0,0.E0,0.E0));
#1382=DIRECTION('',(0.E0,0.E0,1.E0));
#1383=AXIS2_PLACEMENT_3D('',#1380,#1381,#1382);
#1385=CURVE_STYLE('',#20,POSITIVE_LENGTH_MEASURE(2.E-2),#14);
#1386=PRESENTATION_STYLE_ASSIGNMENT((#1385));
#1387=STYLED_ITEM('',(#1386),#1384);
#1388=DIRECTION('',(-1.E0,0.E0,0.E0));
#1389=VECTOR('',#1388,5.E-2);
#1390=CARTESIAN_POINT('',(9.5E-1,5.E0,-3.543307086614E-1));
#1391=LINE('',#1390,#1389);
#1392=CURVE_STYLE('',#20,POSITIVE_LENGTH_MEASURE(2.E-2),#14);
#1393=PRESENTATION_STYLE_ASSIGNMENT((#1392));
#1394=STYLED_ITEM('',(#1393),#1391);
#1395=DIRECTION('',(-1.E0,0.E0,0.E0));
#1396=VECTOR('',#1395,5.E-2);
#1397=CARTESIAN_POINT('',(9.5E-1,5.E0,3.543307086614E-1));
#1398=LINE('',#1397,#1396);
#1399=CURVE_STYLE('',#20,POSITIVE_LENGTH_MEASURE(2.E-2),#14);
#1400=PRESENTATION_STYLE_ASSIGNMENT((#1399));
#1401=STYLED_ITEM('',(#1400),#1398);
#1402=CARTESIAN_POINT('',(9.E-1,5.E0,0.E0));
#1403=DIRECTION('',(1.E0,0.E0,0.E0));
#1404=DIRECTION('',(0.E0,0.E0,1.E0));
#1405=AXIS2_PLACEMENT_3D('',#1402,#1403,#1404);
#1407=CURVE_STYLE('',#20,POSITIVE_LENGTH_MEASURE(2.E-2),#14);
#1408=PRESENTATION_STYLE_ASSIGNMENT((#1407));
#1409=STYLED_ITEM('',(#1408),#1406);
#1410=DIRECTION('',(-1.E0,0.E0,0.E0));
#1411=VECTOR('',#1410,1.5E-1);
#1412=CARTESIAN_POINT('',(9.E-1,5.E0,3.149606299213E-1));
#1413=LINE('',#1412,#1411);
#1414=CURVE_STYLE('',#20,POSITIVE_LENGTH_MEASURE(2.E-2),#14);
#1415=PRESENTATION_STYLE_ASSIGNMENT((#1414));
#1416=STYLED_ITEM('',(#1415),#1413);
#1417=CARTESIAN_POINT('',(5.E-2,4.7E0,-3.75E-1));
#1418=DIRECTION('',(0.E0,0.E0,-1.E0));
#1419=DIRECTION('',(1.E0,0.E0,0.E0));
#1420=AXIS2_PLACEMENT_3D('',#1417,#1418,#1419);
#1422=CURVE_STYLE('',#20,POSITIVE_LENGTH_MEASURE(2.E-2),#14);
#1423=PRESENTATION_STYLE_ASSIGNMENT((#1422));
#1424=STYLED_ITEM('',(#1423),#1421);
#1425=CARTESIAN_POINT('',(5.E-2,4.7E0,-5.E-1));
#1426=DIRECTION('',(0.E0,0.E0,1.E0));
#1427=DIRECTION('',(0.E0,-1.E0,0.E0));
#1428=AXIS2_PLACEMENT_3D('',#1425,#1426,#1427);
#1430=CURVE_STYLE('',#20,POSITIVE_LENGTH_MEASURE(2.E-2),#14);
#1431=PRESENTATION_STYLE_ASSIGNMENT((#1430));
#1432=STYLED_ITEM('',(#1431),#1429);
#1433=CARTESIAN_POINT('',(0.E0,1.930118110236E0,-3.75E-1));
#1434=DIRECTION('',(0.E0,0.E0,-1.E0));
#1435=DIRECTION('',(3.847858654338E-1,9.230058709252E-1,0.E0));
#1436=AXIS2_PLACEMENT_3D('',#1433,#1434,#1435);
#1438=CURVE_STYLE('',#20,POSITIVE_LENGTH_MEASURE(2.E-2),#14);
#1439=PRESENTATION_STYLE_ASSIGNMENT((#1438));
#1440=STYLED_ITEM('',(#1439),#1437);
#1441=CARTESIAN_POINT('',(0.E0,2.184787401575E0,-3.75E-1));
#1442=DIRECTION('',(0.E0,0.E0,-1.E0));
#1443=DIRECTION('',(-9.274928461364E-1,-3.738409024783E-1,0.E0));
#1444=AXIS2_PLACEMENT_3D('',#1441,#1442,#1443);
#1446=CURVE_STYLE('',#20,POSITIVE_LENGTH_MEASURE(2.E-2),#14);
#1447=PRESENTATION_STYLE_ASSIGNMENT((#1446));
#1448=STYLED_ITEM('',(#1447),#1445);
#1449=CARTESIAN_POINT('',(0.E0,1.930118110236E0,-3.75E-1));
#1450=DIRECTION('',(0.E0,0.E0,-1.E0));
#1451=DIRECTION('',(0.E0,-1.E0,0.E0));
#1452=AXIS2_PLACEMENT_3D('',#1449,#1450,#1451);
#1454=CURVE_STYLE('',#20,POSITIVE_LENGTH_MEASURE(2.E-2),#14);
#1455=PRESENTATION_STYLE_ASSIGNMENT((#1454));
#1456=STYLED_ITEM('',(#1455),#1453);
#1457=DIRECTION('',(0.E0,1.E0,0.E0));
#1458=VECTOR('',#1457,2.95E0);
#1459=CARTESIAN_POINT('',(-7.5E-1,1.75E0,-3.75E-1));
#1460=LINE('',#1459,#1458);
#1461=CURVE_STYLE('',#20,POSITIVE_LENGTH_MEASURE(2.E-2),#14);
#1462=PRESENTATION_STYLE_ASSIGNMENT((#1461));
#1463=STYLED_ITEM('',(#1462),#1460);
#1464=DIRECTION('',(1.E0,0.E0,0.E0));
#1465=VECTOR('',#1464,1.E-1);
#1466=CARTESIAN_POINT('',(-5.E-2,4.E0,-3.75E-1));
#1467=LINE('',#1466,#1465);
#1468=CURVE_STYLE('',#20,POSITIVE_LENGTH_MEASURE(2.E-2),#14);
#1469=PRESENTATION_STYLE_ASSIGNMENT((#1468));
#1470=STYLED_ITEM('',(#1469),#1467);
#1471=DIRECTION('',(0.E0,-1.E0,0.E0));
#1472=VECTOR('',#1471,2.95E0);
#1473=CARTESIAN_POINT('',(7.5E-1,4.7E0,-3.75E-1));
#1474=LINE('',#1473,#1472);
#1475=CURVE_STYLE('',#20,POSITIVE_LENGTH_MEASURE(2.E-2),#14);
#1476=PRESENTATION_STYLE_ASSIGNMENT((#1475));
#1477=STYLED_ITEM('',(#1476),#1474);
#1478=DIRECTION('',(0.E0,1.E0,0.E0));
#1479=VECTOR('',#1478,4.532336892591E-2);
#1480=CARTESIAN_POINT('',(-2.15E-2,1.5E0,-3.75E-1));
#1481=LINE('',#1480,#1479);
#1482=CURVE_STYLE('',#20,POSITIVE_LENGTH_MEASURE(2.E-2),#14);
#1483=PRESENTATION_STYLE_ASSIGNMENT((#1482));
#1484=STYLED_ITEM('',(#1483),#1481);
#1485=CARTESIAN_POINT('',(-3.15E-2,1.545323368926E0,-3.75E-1));
#1486=DIRECTION('',(0.E0,0.E0,1.E0));
#1487=DIRECTION('',(1.E0,-8.437694987152E-13,0.E0));
#1488=AXIS2_PLACEMENT_3D('',#1485,#1486,#1487);
#1490=CURVE_STYLE('',#20,POSITIVE_LENGTH_MEASURE(2.E-2),#14);
#1491=PRESENTATION_STYLE_ASSIGNMENT((#1490));
#1492=STYLED_ITEM('',(#1491),#1489);
#1493=CARTESIAN_POINT('',(0.E0,1.58575E0,-3.75E-1));
#1494=DIRECTION('',(0.E0,0.E0,-1.E0));
#1495=DIRECTION('',(0.E0,-1.E0,0.E0));
#1496=AXIS2_PLACEMENT_3D('',#1493,#1494,#1495);
#1498=CURVE_STYLE('',#20,POSITIVE_LENGTH_MEASURE(2.E-2),#14);
#1499=PRESENTATION_STYLE_ASSIGNMENT((#1498));
#1500=STYLED_ITEM('',(#1499),#1497);
#1501=CARTESIAN_POINT('',(0.E0,1.58575E0,-3.75E-1));
#1502=DIRECTION('',(0.E0,0.E0,-1.E0));
#1503=DIRECTION('',(6.146341463415E-1,-7.888123136406E-1,0.E0));
#1504=AXIS2_PLACEMENT_3D('',#1501,#1502,#1503);
#1506=CURVE_STYLE('',#20,POSITIVE_LENGTH_MEASURE(2.E-2),#14);
#1507=PRESENTATION_STYLE_ASSIGNMENT((#1506));
#1508=STYLED_ITEM('',(#1507),#1505);
#1509=CARTESIAN_POINT('',(3.15E-2,1.545323368926E0,-3.75E-1));
#1510=DIRECTION('',(0.E0,0.E0,1.E0));
#1511=DIRECTION('',(-6.146341463415E-1,7.888123136406E-1,0.E0));
#1512=AXIS2_PLACEMENT_3D('',#1509,#1510,#1511);
#1514=CURVE_STYLE('',#20,POSITIVE_LENGTH_MEASURE(2.E-2),#14);
#1515=PRESENTATION_STYLE_ASSIGNMENT((#1514));
#1516=STYLED_ITEM('',(#1515),#1513);
#1517=DIRECTION('',(0.E0,1.E0,0.E0));
#1518=VECTOR('',#1517,4.532336892591E-2);
#1519=CARTESIAN_POINT('',(2.15E-2,1.5E0,-3.75E-1));
#1520=LINE('',#1519,#1518);
#1521=CURVE_STYLE('',#20,POSITIVE_LENGTH_MEASURE(2.E-2),#14);
#1522=PRESENTATION_STYLE_ASSIGNMENT((#1521));
#1523=STYLED_ITEM('',(#1522),#1520);
#1524=DIRECTION('',(1.178850653124E-14,-1.E0,0.E0));
#1525=VECTOR('',#1524,4.532336892592E-2);
#1526=CARTESIAN_POINT('',(2.15E-2,2.769685039370E0,-3.75E-1));
#1527=LINE('',#1526,#1525);
#1528=CURVE_STYLE('',#20,POSITIVE_LENGTH_MEASURE(2.E-2),#14);
#1529=PRESENTATION_STYLE_ASSIGNMENT((#1528));
#1530=STYLED_ITEM('',(#1529),#1527);
#1531=CARTESIAN_POINT('',(3.15E-2,2.724361670444E0,-3.75E-1));
#1532=DIRECTION('',(0.E0,0.E0,1.E0));
#1533=DIRECTION('',(-1.E0,0.E0,0.E0));
#1534=AXIS2_PLACEMENT_3D('',#1531,#1532,#1533);
#1536=CURVE_STYLE('',#20,POSITIVE_LENGTH_MEASURE(2.E-2),#14);
#1537=PRESENTATION_STYLE_ASSIGNMENT((#1536));
#1538=STYLED_ITEM('',(#1537),#1535);
#1539=CARTESIAN_POINT('',(0.E0,2.683935039370E0,-3.75E-1));
#1540=DIRECTION('',(0.E0,0.E0,-1.E0));
#1541=DIRECTION('',(0.E0,1.E0,0.E0));
#1542=AXIS2_PLACEMENT_3D('',#1539,#1540,#1541);
#1544=CURVE_STYLE('',#20,POSITIVE_LENGTH_MEASURE(2.E-2),#14);
#1545=PRESENTATION_STYLE_ASSIGNMENT((#1544));
#1546=STYLED_ITEM('',(#1545),#1543);
#1547=CARTESIAN_POINT('',(0.E0,2.683935039370E0,-3.75E-1));
#1548=DIRECTION('',(0.E0,0.E0,-1.E0));
#1549=DIRECTION('',(-6.146341463415E-1,7.888123136406E-1,0.E0));
#1550=AXIS2_PLACEMENT_3D('',#1547,#1548,#1549);
#1552=CURVE_STYLE('',#20,POSITIVE_LENGTH_MEASURE(2.E-2),#14);
#1553=PRESENTATION_STYLE_ASSIGNMENT((#1552));
#1554=STYLED_ITEM('',(#1553),#1551);
#1555=CARTESIAN_POINT('',(-3.15E-2,2.724361670444E0,-3.75E-1));
#1556=DIRECTION('',(0.E0,0.E0,1.E0));
#1557=DIRECTION('',(6.146341463415E-1,-7.888123136406E-1,0.E0));
#1558=AXIS2_PLACEMENT_3D('',#1555,#1556,#1557);
#1560=CURVE_STYLE('',#20,POSITIVE_LENGTH_MEASURE(2.E-2),#14);
#1561=PRESENTATION_STYLE_ASSIGNMENT((#1560));
#1562=STYLED_ITEM('',(#1561),#1559);
#1563=DIRECTION('',(1.194160401866E-14,1.E0,0.E0));
#1564=VECTOR('',#1563,4.532336892591E-2);
#1565=CARTESIAN_POINT('',(-2.15E-2,2.724361670444E0,-3.75E-1));
#1566=LINE('',#1565,#1564);
#1567=CURVE_STYLE('',#20,POSITIVE_LENGTH_MEASURE(2.E-2),#14);
#1568=PRESENTATION_STYLE_ASSIGNMENT((#1567));
#1569=STYLED_ITEM('',(#1568),#1566);
#1570=DIRECTION('',(0.E0,1.E0,0.E0));
#1571=VECTOR('',#1570,1.938976377953E-1);
#1572=CARTESIAN_POINT('',(2.362204724409E-1,1.5E0,-3.129882E-1));
#1573=LINE('',#1572,#1571);
#1574=CURVE_STYLE('',#20,POSITIVE_LENGTH_MEASURE(2.E-2),#14);
#1575=PRESENTATION_STYLE_ASSIGNMENT((#1574));
#1576=STYLED_ITEM('',(#1575),#1573);
#1577=DIRECTION('',(0.E0,-1.E0,0.E0));
#1578=VECTOR('',#1577,1.938976377953E-1);
#1579=CARTESIAN_POINT('',(2.362204724409E-1,1.693897637795E0,-3.75E-1));
#1580=LINE('',#1579,#1578);
#1581=CURVE_STYLE('',#20,POSITIVE_LENGTH_MEASURE(2.E-2),#14);
#1582=PRESENTATION_STYLE_ASSIGNMENT((#1581));
#1583=STYLED_ITEM('',(#1582),#1580);
#1584=DIRECTION('',(0.E0,-1.E0,0.E0));
#1585=VECTOR('',#1584,4.532336892591E-2);
#1586=CARTESIAN_POINT('',(2.15E-2,1.545323368926E0,-3.129882E-1));
#1587=LINE('',#1586,#1585);
#1588=CURVE_STYLE('',#20,POSITIVE_LENGTH_MEASURE(2.E-2),#14);
#1589=PRESENTATION_STYLE_ASSIGNMENT((#1588));
#1590=STYLED_ITEM('',(#1589),#1587);
#1591=CARTESIAN_POINT('',(3.15E-2,1.545323368926E0,-3.129882E-1));
#1592=DIRECTION('',(0.E0,0.E0,1.E0));
#1593=DIRECTION('',(-6.146341463455E-1,7.888123136375E-1,0.E0));
#1594=AXIS2_PLACEMENT_3D('',#1591,#1592,#1593);
#1596=CURVE_STYLE('',#20,POSITIVE_LENGTH_MEASURE(2.E-2),#14);
#1597=PRESENTATION_STYLE_ASSIGNMENT((#1596));
#1598=STYLED_ITEM('',(#1597),#1595);
#1599=CARTESIAN_POINT('',(-3.15E-2,1.545323368926E0,-3.129882E-1));
#1600=DIRECTION('',(0.E0,0.E0,1.E0));
#1601=DIRECTION('',(1.E0,-8.437694987152E-13,0.E0));
#1602=AXIS2_PLACEMENT_3D('',#1599,#1600,#1601);
#1604=CURVE_STYLE('',#20,POSITIVE_LENGTH_MEASURE(2.E-2),#14);
#1605=PRESENTATION_STYLE_ASSIGNMENT((#1604));
#1606=STYLED_ITEM('',(#1605),#1603);
#1607=DIRECTION('',(0.E0,1.E0,0.E0));
#1608=VECTOR('',#1607,4.532336892591E-2);
#1609=CARTESIAN_POINT('',(-2.15E-2,1.5E0,-3.129882E-1));
#1610=LINE('',#1609,#1608);
#1611=CURVE_STYLE('',#20,POSITIVE_LENGTH_MEASURE(2.E-2),#14);
#1612=PRESENTATION_STYLE_ASSIGNMENT((#1611));
#1613=STYLED_ITEM('',(#1612),#1610);
#1614=DIRECTION('',(1.E0,0.E0,0.E0));
#1615=VECTOR('',#1614,2.147204724409E-1);
#1616=CARTESIAN_POINT('',(-2.362204724409E-1,1.5E0,-3.129882E-1));
#1617=LINE('',#1616,#1615);
#1618=CURVE_STYLE('',#20,POSITIVE_LENGTH_MEASURE(2.E-2),#14);
#1619=PRESENTATION_STYLE_ASSIGNMENT((#1618));
#1620=STYLED_ITEM('',(#1619),#1617);
#1621=DIRECTION('',(0.E0,0.E0,1.E0));
#1622=VECTOR('',#1621,6.20118E-2);
#1623=CARTESIAN_POINT('',(-2.15E-2,1.5E0,-3.75E-1));
#1624=LINE('',#1623,#1622);
#1625=CURVE_STYLE('',#20,POSITIVE_LENGTH_MEASURE(2.E-2),#14);
#1626=PRESENTATION_STYLE_ASSIGNMENT((#1625));
#1627=STYLED_ITEM('',(#1626),#1624);
#1628=DIRECTION('',(-1.E0,1.032765604302E-14,0.E0));
#1629=VECTOR('',#1628,4.3E-2);
#1630=CARTESIAN_POINT('',(2.15E-2,1.5E0,-3.75E-1));
#1631=LINE('',#1630,#1629);
#1632=CURVE_STYLE('',#20,POSITIVE_LENGTH_MEASURE(2.E-2),#14);
#1633=PRESENTATION_STYLE_ASSIGNMENT((#1632));
#1634=STYLED_ITEM('',(#1633),#1631);
#1635=DIRECTION('',(0.E0,0.E0,1.E0));
#1636=VECTOR('',#1635,6.20118E-2);
#1637=CARTESIAN_POINT('',(2.15E-2,1.5E0,-3.75E-1));
#1638=LINE('',#1637,#1636);
#1639=CURVE_STYLE('',#20,POSITIVE_LENGTH_MEASURE(2.E-2),#14);
#1640=PRESENTATION_STYLE_ASSIGNMENT((#1639));
#1641=STYLED_ITEM('',(#1640),#1638);
#1642=DIRECTION('',(1.E0,0.E0,0.E0));
#1643=VECTOR('',#1642,2.147204724409E-1);
#1644=CARTESIAN_POINT('',(2.15E-2,1.5E0,-3.129882E-1));
#1645=LINE('',#1644,#1643);
#1646=CURVE_STYLE('',#20,POSITIVE_LENGTH_MEASURE(2.E-2),#14);
#1647=PRESENTATION_STYLE_ASSIGNMENT((#1646));
#1648=STYLED_ITEM('',(#1647),#1645);
#1649=DIRECTION('',(0.E0,0.E0,1.E0));
#1650=VECTOR('',#1649,6.20118E-2);
#1651=CARTESIAN_POINT('',(2.362204724409E-1,1.5E0,-3.75E-1));
#1652=LINE('',#1651,#1650);
#1653=CURVE_STYLE('',#20,POSITIVE_LENGTH_MEASURE(2.E-2),#14);
#1654=PRESENTATION_STYLE_ASSIGNMENT((#1653));
#1655=STYLED_ITEM('',(#1654),#1652);
#1656=DIRECTION('',(-1.E0,0.E0,0.E0));
#1657=VECTOR('',#1656,2.637795275591E-1);
#1658=CARTESIAN_POINT('',(5.E-1,1.5E0,-3.75E-1));
#1659=LINE('',#1658,#1657);
#1660=CURVE_STYLE('',#20,POSITIVE_LENGTH_MEASURE(2.E-2),#14);
#1661=PRESENTATION_STYLE_ASSIGNMENT((#1660));
#1662=STYLED_ITEM('',(#1661),#1659);
#1663=DIRECTION('',(-1.E0,0.E0,0.E0));
#1664=VECTOR('',#1663,1.E0);
#1665=CARTESIAN_POINT('',(5.E-1,1.5E0,-3.E-1));
#1666=LINE('',#1665,#1664);
#1667=CURVE_STYLE('',#20,POSITIVE_LENGTH_MEASURE(2.E-2),#14);
#1668=PRESENTATION_STYLE_ASSIGNMENT((#1667));
#1669=STYLED_ITEM('',(#1668),#1666);
#1670=DIRECTION('',(-1.E0,0.E0,0.E0));
#1671=VECTOR('',#1670,2.637795275591E-1);
#1672=CARTESIAN_POINT('',(-2.362204724409E-1,1.5E0,-3.75E-1));
#1673=LINE('',#1672,#1671);
#1674=CURVE_STYLE('',#20,POSITIVE_LENGTH_MEASURE(2.E-2),#14);
#1675=PRESENTATION_STYLE_ASSIGNMENT((#1674));
#1676=STYLED_ITEM('',(#1675),#1673);
#1677=DIRECTION('',(0.E0,0.E0,1.E0));
#1678=VECTOR('',#1677,6.20118E-2);
#1679=CARTESIAN_POINT('',(-2.362204724409E-1,1.5E0,-3.75E-1));
#1680=LINE('',#1679,#1678);
#1681=CURVE_STYLE('',#20,POSITIVE_LENGTH_MEASURE(2.E-2),#14);
#1682=PRESENTATION_STYLE_ASSIGNMENT((#1681));
#1683=STYLED_ITEM('',(#1682),#1680);
#1684=DIRECTION('',(0.E0,0.E0,1.E0));
#1685=VECTOR('',#1684,6.20118E-2);
#1686=CARTESIAN_POINT('',(-2.15E-2,1.545323368926E0,-3.75E-1));
#1687=LINE('',#1686,#1685);
#1688=CURVE_STYLE('',#20,POSITIVE_LENGTH_MEASURE(2.E-2),#14);
#1689=PRESENTATION_STYLE_ASSIGNMENT((#1688));
#1690=STYLED_ITEM('',(#1689),#1687);
#1691=CARTESIAN_POINT('',(0.E0,1.58575E0,-3.75E-1));
#1692=DIRECTION('',(0.E0,0.E0,1.E0));
#1693=DIRECTION('',(6.146341463413E-1,-7.888123136408E-1,0.E0));
#1694=AXIS2_PLACEMENT_3D('',#1691,#1692,#1693);
#1696=CURVE_STYLE('',#20,POSITIVE_LENGTH_MEASURE(2.E-2),#14);
#1697=PRESENTATION_STYLE_ASSIGNMENT((#1696));
#1698=STYLED_ITEM('',(#1697),#1695);
#1699=DIRECTION('',(0.E0,0.E0,1.E0));
#1700=VECTOR('',#1699,1.25E-1);
#1701=CARTESIAN_POINT('',(0.E0,1.5445E0,-5.E-1));
#1702=LINE('',#1701,#1700);
#1703=CURVE_STYLE('',#20,POSITIVE_LENGTH_MEASURE(2.E-2),#14);
#1704=PRESENTATION_STYLE_ASSIGNMENT((#1703));
#1705=STYLED_ITEM('',(#1704),#1702);
#1706=DIRECTION('',(5.237868012893E-13,-5.299411003858E-13,1.E0));
#1707=VECTOR('',#1706,6.20118E-2);
#1708=CARTESIAN_POINT('',(-2.535365853657E-2,1.553211492062E0,-3.75E-1));
#1709=LINE('',#1708,#1707);
#1710=CURVE_STYLE('',#20,POSITIVE_LENGTH_MEASURE(2.E-2),#14);
#1711=PRESENTATION_STYLE_ASSIGNMENT((#1710));
#1712=STYLED_ITEM('',(#1711),#1709);
#1713=CARTESIAN_POINT('',(0.E0,1.58575E0,-3.129882E-1));
#1714=DIRECTION('',(0.E0,0.E0,-1.E0));
#1715=DIRECTION('',(-6.146341463389E-1,-7.888123136427E-1,0.E0));
#1716=AXIS2_PLACEMENT_3D('',#1713,#1714,#1715);
#1718=CURVE_STYLE('',#20,POSITIVE_LENGTH_MEASURE(2.E-2),#14);
#1719=PRESENTATION_STYLE_ASSIGNMENT((#1718));
#1720=STYLED_ITEM('',(#1719),#1717);
#1721=DIRECTION('',(0.E0,0.E0,1.E0));
#1722=VECTOR('',#1721,1.25E-1);
#1723=CARTESIAN_POINT('',(0.E0,1.627E0,-5.E-1));
#1724=LINE('',#1723,#1722);
#1725=CURVE_STYLE('',#20,POSITIVE_LENGTH_MEASURE(2.E-2),#14);
#1726=PRESENTATION_STYLE_ASSIGNMENT((#1725));
#1727=STYLED_ITEM('',(#1726),#1724);
#1728=DIRECTION('',(-1.983922236030E-13,-1.969375710893E-13,1.E0));
#1729=VECTOR('',#1728,6.20118E-2);
#1730=CARTESIAN_POINT('',(2.535365853658E-2,1.553211492062E0,-3.75E-1));
#1731=LINE('',#1730,#1729);
#1732=CURVE_STYLE('',#20,POSITIVE_LENGTH_MEASURE(2.E-2),#14);
#1733=PRESENTATION_STYLE_ASSIGNMENT((#1732));
#1734=STYLED_ITEM('',(#1733),#1731);
#1735=DIRECTION('',(0.E0,0.E0,1.E0));
#1736=VECTOR('',#1735,6.20118E-2);
#1737=CARTESIAN_POINT('',(2.15E-2,1.545323368926E0,-3.75E-1));
#1738=LINE('',#1737,#1736);
#1739=CURVE_STYLE('',#20,POSITIVE_LENGTH_MEASURE(2.E-2),#14);
#1740=PRESENTATION_STYLE_ASSIGNMENT((#1739));
#1741=STYLED_ITEM('',(#1740),#1738);
#1742=DIRECTION('',(7.071067811865E-1,7.071067811865E-1,0.E0));
#1743=VECTOR('',#1742,3.535533905933E-1);
#1744=CARTESIAN_POINT('',(5.E-1,1.5E0,3.75E-1));
#1745=LINE('',#1744,#1743);
#1746=CURVE_STYLE('',#20,POSITIVE_LENGTH_MEASURE(2.E-2),#14);
#1747=PRESENTATION_STYLE_ASSIGNMENT((#1746));
#1748=STYLED_ITEM('',(#1747),#1745);
#1749=DIRECTION('',(0.E0,0.E0,-1.E0));
#1750=VECTOR('',#1749,7.5E-2);
#1751=CARTESIAN_POINT('',(5.E-1,1.5E0,3.75E-1));
#1752=LINE('',#1751,#1750);
#1753=CURVE_STYLE('',#20,POSITIVE_LENGTH_MEASURE(2.E-2),#14);
#1754=PRESENTATION_STYLE_ASSIGNMENT((#1753));
#1755=STYLED_ITEM('',(#1754),#1752);
#1756=DIRECTION('',(0.E0,0.E0,1.E0));
#1757=VECTOR('',#1756,6.E-1);
#1758=CARTESIAN_POINT('',(5.E-1,1.5E0,-3.E-1));
#1759=LINE('',#1758,#1757);
#1760=CURVE_STYLE('',#20,POSITIVE_LENGTH_MEASURE(2.E-2),#14);
#1761=PRESENTATION_STYLE_ASSIGNMENT((#1760));
#1762=STYLED_ITEM('',(#1761),#1759);
#1763=DIRECTION('',(0.E0,0.E0,1.E0));
#1764=VECTOR('',#1763,7.5E-2);
#1765=CARTESIAN_POINT('',(5.E-1,1.5E0,-3.75E-1));
#1766=LINE('',#1765,#1764);
#1767=CURVE_STYLE('',#20,POSITIVE_LENGTH_MEASURE(2.E-2),#14);
#1768=PRESENTATION_STYLE_ASSIGNMENT((#1767));
#1769=STYLED_ITEM('',(#1768),#1766);
#1770=DIRECTION('',(7.071067811865E-1,7.071067811865E-1,0.E0));
#1771=VECTOR('',#1770,3.535533905933E-1);
#1772=CARTESIAN_POINT('',(5.E-1,1.5E0,-3.75E-1));
#1773=LINE('',#1772,#1771);
#1774=CURVE_STYLE('',#20,POSITIVE_LENGTH_MEASURE(2.E-2),#14);
#1775=PRESENTATION_STYLE_ASSIGNMENT((#1774));
#1776=STYLED_ITEM('',(#1775),#1773);
#1777=DIRECTION('',(-1.E0,0.E0,0.E0));
#1778=VECTOR('',#1777,1.E0);
#1779=CARTESIAN_POINT('',(5.E-1,1.5E0,3.75E-1));
#1780=LINE('',#1779,#1778);
#1781=CURVE_STYLE('',#20,POSITIVE_LENGTH_MEASURE(2.E-2),#14);
#1782=PRESENTATION_STYLE_ASSIGNMENT((#1781));
#1783=STYLED_ITEM('',(#1782),#1780);
#1784=DIRECTION('',(0.E0,-1.E0,0.E0));
#1785=VECTOR('',#1784,1.938976377953E-1);
#1786=CARTESIAN_POINT('',(-2.362204724409E-1,1.693897637795E0,-3.129882E-1));
#1787=LINE('',#1786,#1785);
#1788=CURVE_STYLE('',#20,POSITIVE_LENGTH_MEASURE(2.E-2),#14);
#1789=PRESENTATION_STYLE_ASSIGNMENT((#1788));
#1790=STYLED_ITEM('',(#1789),#1787);
#1791=DIRECTION('',(0.E0,1.E0,0.E0));
#1792=VECTOR('',#1791,1.938976377953E-1);
#1793=CARTESIAN_POINT('',(-2.362204724409E-1,1.5E0,-3.75E-1));
#1794=LINE('',#1793,#1792);
#1795=CURVE_STYLE('',#20,POSITIVE_LENGTH_MEASURE(2.E-2),#14);
#1796=PRESENTATION_STYLE_ASSIGNMENT((#1795));
#1797=STYLED_ITEM('',(#1796),#1794);
#1798=DIRECTION('',(0.E0,0.E0,1.E0));
#1799=VECTOR('',#1798,6.20118E-2);
#1800=CARTESIAN_POINT('',(-2.362204724409E-1,1.693897637795E0,-3.75E-1));
#1801=LINE('',#1800,#1799);
#1802=CURVE_STYLE('',#20,POSITIVE_LENGTH_MEASURE(2.E-2),#14);
#1803=PRESENTATION_STYLE_ASSIGNMENT((#1802));
#1804=STYLED_ITEM('',(#1803),#1801);
#1805=DIRECTION('',(-1.E0,0.E0,0.E0));
#1806=VECTOR('',#1805,4.724409448819E-1);
#1807=CARTESIAN_POINT('',(2.362204724409E-1,1.693897637795E0,-3.129882E-1));
#1808=LINE('',#1807,#1806);
#1809=CURVE_STYLE('',#20,POSITIVE_LENGTH_MEASURE(2.E-2),#14);
#1810=PRESENTATION_STYLE_ASSIGNMENT((#1809));
#1811=STYLED_ITEM('',(#1810),#1808);
#1812=DIRECTION('',(1.E0,0.E0,0.E0));
#1813=VECTOR('',#1812,2.362204724409E-1);
#1814=CARTESIAN_POINT('',(-2.362204724409E-1,1.693897637795E0,-3.75E-1));
#1815=LINE('',#1814,#1813);
#1816=CURVE_STYLE('',#20,POSITIVE_LENGTH_MEASURE(2.E-2),#14);
#1817=PRESENTATION_STYLE_ASSIGNMENT((#1816));
#1818=STYLED_ITEM('',(#1817),#1815);
#1819=DIRECTION('',(1.E0,0.E0,0.E0));
#1820=VECTOR('',#1819,2.362204724409E-1);
#1821=CARTESIAN_POINT('',(0.E0,1.693897637795E0,-3.75E-1));
#1822=LINE('',#1821,#1820);
#1823=CURVE_STYLE('',#20,POSITIVE_LENGTH_MEASURE(2.E-2),#14);
#1824=PRESENTATION_STYLE_ASSIGNMENT((#1823));
#1825=STYLED_ITEM('',(#1824),#1822);
#1826=DIRECTION('',(0.E0,0.E0,1.E0));
#1827=VECTOR('',#1826,6.20118E-2);
#1828=CARTESIAN_POINT('',(2.362204724409E-1,1.693897637795E0,-3.75E-1));
#1829=LINE('',#1828,#1827);
#1830=CURVE_STYLE('',#20,POSITIVE_LENGTH_MEASURE(2.E-2),#14);
#1831=PRESENTATION_STYLE_ASSIGNMENT((#1830));
#1832=STYLED_ITEM('',(#1831),#1829);
#1833=DIRECTION('',(0.E0,0.E0,1.E0));
#1834=VECTOR('',#1833,1.25E-1);
#1835=CARTESIAN_POINT('',(9.089429892137E-2,2.148150993132E0,-5.E-1));
#1836=LINE('',#1835,#1834);
#1837=CURVE_STYLE('',#20,POSITIVE_LENGTH_MEASURE(2.E-2),#14);
#1838=PRESENTATION_STYLE_ASSIGNMENT((#1837));
#1839=STYLED_ITEM('',(#1838),#1836);
#1840=DIRECTION('',(0.E0,0.E0,1.E0));
#1841=VECTOR('',#1840,1.25E-1);
#1842=CARTESIAN_POINT('',(-9.089429892137E-2,2.148150993132E0,-5.E-1));
#1843=LINE('',#1842,#1841);
#1844=CURVE_STYLE('',#20,POSITIVE_LENGTH_MEASURE(2.E-2),#14);
#1845=PRESENTATION_STYLE_ASSIGNMENT((#1844));
#1846=STYLED_ITEM('',(#1845),#1843);
#1847=CARTESIAN_POINT('',(-5.E-2,4.7E0,-5.E-1));
#1848=DIRECTION('',(0.E0,0.E0,1.E0));
#1849=DIRECTION('',(-1.E0,0.E0,0.E0));
#1850=AXIS2_PLACEMENT_3D('',#1847,#1848,#1849);
#1852=CURVE_STYLE('',#20,POSITIVE_LENGTH_MEASURE(2.E-2),#14);
#1853=PRESENTATION_STYLE_ASSIGNMENT((#1852));
#1854=STYLED_ITEM('',(#1853),#1851);
#1855=CARTESIAN_POINT('',(-5.E-2,4.7E0,-3.75E-1));
#1856=DIRECTION('',(0.E0,0.E0,-1.E0));
#1857=DIRECTION('',(0.E0,-1.E0,0.E0));
#1858=AXIS2_PLACEMENT_3D('',#1855,#1856,#1857);
#1860=CURVE_STYLE('',#20,POSITIVE_LENGTH_MEASURE(2.E-2),#14);
#1861=PRESENTATION_STYLE_ASSIGNMENT((#1860));
#1862=STYLED_ITEM('',(#1861),#1859);
#1863=DIRECTION('',(0.E0,0.E0,-1.E0));
#1864=VECTOR('',#1863,1.25E-1);
#1865=CARTESIAN_POINT('',(5.E-2,4.E0,-3.75E-1));
#1866=LINE('',#1865,#1864);
#1867=CURVE_STYLE('',#20,POSITIVE_LENGTH_MEASURE(2.E-2),#14);
#1868=PRESENTATION_STYLE_ASSIGNMENT((#1867));
#1869=STYLED_ITEM('',(#1868),#1866);
#1870=DIRECTION('',(0.E0,0.E0,1.E0));
#1871=VECTOR('',#1870,1.25E-1);
#1872=CARTESIAN_POINT('',(-5.E-2,4.E0,-5.E-1));
#1873=LINE('',#1872,#1871);
#1874=CURVE_STYLE('',#20,POSITIVE_LENGTH_MEASURE(2.E-2),#14);
#1875=PRESENTATION_STYLE_ASSIGNMENT((#1874));
#1876=STYLED_ITEM('',(#1875),#1873);
#1877=DIRECTION('',(-1.E0,0.E0,0.E0));
#1878=VECTOR('',#1877,4.724409448819E-1);
#1879=CARTESIAN_POINT('',(2.362204724409E-1,2.575787401575E0,-3.75E-1));
#1880=LINE('',#1879,#1878);
#1881=CURVE_STYLE('',#20,POSITIVE_LENGTH_MEASURE(2.E-2),#14);
#1882=PRESENTATION_STYLE_ASSIGNMENT((#1881));
#1883=STYLED_ITEM('',(#1882),#1880);
#1884=DIRECTION('',(0.E0,0.E0,1.E0));
#1885=VECTOR('',#1884,6.20118E-2);
#1886=CARTESIAN_POINT('',(-2.362204724409E-1,2.575787401575E0,-3.75E-1));
#1887=LINE('',#1886,#1885);
#1888=CURVE_STYLE('',#20,POSITIVE_LENGTH_MEASURE(2.E-2),#14);
#1889=PRESENTATION_STYLE_ASSIGNMENT((#1888));
#1890=STYLED_ITEM('',(#1889),#1887);
#1891=DIRECTION('',(1.E0,0.E0,0.E0));
#1892=VECTOR('',#1891,4.724409448819E-1);
#1893=CARTESIAN_POINT('',(-2.362204724409E-1,2.575787401575E0,-3.129882E-1));
#1894=LINE('',#1893,#1892);
#1895=CURVE_STYLE('',#20,POSITIVE_LENGTH_MEASURE(2.E-2),#14);
#1896=PRESENTATION_STYLE_ASSIGNMENT((#1895));
#1897=STYLED_ITEM('',(#1896),#1894);
#1898=DIRECTION('',(0.E0,-1.E0,0.E0));
#1899=VECTOR('',#1898,1.938976377953E-1);
#1900=CARTESIAN_POINT('',(-2.362204724409E-1,2.769685039370E0,-3.129882E-1));
#1901=LINE('',#1900,#1899);
#1902=CURVE_STYLE('',#20,POSITIVE_LENGTH_MEASURE(2.E-2),#14);
#1903=PRESENTATION_STYLE_ASSIGNMENT((#1902));
#1904=STYLED_ITEM('',(#1903),#1901);
#1905=DIRECTION('',(0.E0,1.E0,0.E0));
#1906=VECTOR('',#1905,1.938976377953E-1);
#1907=CARTESIAN_POINT('',(-2.362204724409E-1,2.575787401575E0,-3.75E-1));
#1908=LINE('',#1907,#1906);
#1909=CURVE_STYLE('',#20,POSITIVE_LENGTH_MEASURE(2.E-2),#14);
#1910=PRESENTATION_STYLE_ASSIGNMENT((#1909));
#1911=STYLED_ITEM('',(#1910),#1908);
#1912=DIRECTION('',(0.E0,0.E0,1.E0));
#1913=VECTOR('',#1912,6.20118E-2);
#1914=CARTESIAN_POINT('',(-2.362204724409E-1,2.769685039370E0,-3.75E-1));
#1915=LINE('',#1914,#1913);
#1916=CURVE_STYLE('',#20,POSITIVE_LENGTH_MEASURE(2.E-2),#14);
#1917=PRESENTATION_STYLE_ASSIGNMENT((#1916));
#1918=STYLED_ITEM('',(#1917),#1915);
#1919=DIRECTION('',(1.194160401866E-14,1.E0,0.E0));
#1920=VECTOR('',#1919,4.532336892591E-2);
#1921=CARTESIAN_POINT('',(-2.15E-2,2.724361670444E0,-3.129882E-1));
#1922=LINE('',#1921,#1920);
#1923=CURVE_STYLE('',#20,POSITIVE_LENGTH_MEASURE(2.E-2),#14);
#1924=PRESENTATION_STYLE_ASSIGNMENT((#1923));
#1925=STYLED_ITEM('',(#1924),#1922);
#1926=CARTESIAN_POINT('',(-3.15E-2,2.724361670444E0,-3.129882E-1));
#1927=DIRECTION('',(0.E0,0.E0,1.E0));
#1928=DIRECTION('',(6.146341463590E-1,-7.888123136270E-1,0.E0));
#1929=AXIS2_PLACEMENT_3D('',#1926,#1927,#1928);
#1931=CURVE_STYLE('',#20,POSITIVE_LENGTH_MEASURE(2.E-2),#14);
#1932=PRESENTATION_STYLE_ASSIGNMENT((#1931));
#1933=STYLED_ITEM('',(#1932),#1930);
#1934=CARTESIAN_POINT('',(3.15E-2,2.724361670444E0,-3.129882E-1));
#1935=DIRECTION('',(0.E0,0.E0,1.E0));
#1936=DIRECTION('',(-1.E0,0.E0,0.E0));
#1937=AXIS2_PLACEMENT_3D('',#1934,#1935,#1936);
#1939=CURVE_STYLE('',#20,POSITIVE_LENGTH_MEASURE(2.E-2),#14);
#1940=PRESENTATION_STYLE_ASSIGNMENT((#1939));
#1941=STYLED_ITEM('',(#1940),#1938);
#1942=DIRECTION('',(1.178850653124E-14,-1.E0,0.E0));
#1943=VECTOR('',#1942,4.532336892592E-2);
#1944=CARTESIAN_POINT('',(2.15E-2,2.769685039370E0,-3.129882E-1));
#1945=LINE('',#1944,#1943);
#1946=CURVE_STYLE('',#20,POSITIVE_LENGTH_MEASURE(2.E-2),#14);
#1947=PRESENTATION_STYLE_ASSIGNMENT((#1946));
#1948=STYLED_ITEM('',(#1947),#1945);
#1949=DIRECTION('',(-1.E0,0.E0,0.E0));
#1950=VECTOR('',#1949,2.147204724409E-1);
#1951=CARTESIAN_POINT('',(-2.15E-2,2.769685039370E0,-3.129882E-1));
#1952=LINE('',#1951,#1950);
#1953=CURVE_STYLE('',#20,POSITIVE_LENGTH_MEASURE(2.E-2),#14);
#1954=PRESENTATION_STYLE_ASSIGNMENT((#1953));
#1955=STYLED_ITEM('',(#1954),#1952);
#1956=DIRECTION('',(1.E0,0.E0,0.E0));
#1957=VECTOR('',#1956,2.147204724409E-1);
#1958=CARTESIAN_POINT('',(-2.362204724409E-1,2.769685039370E0,-3.75E-1));
#1959=LINE('',#1958,#1957);
#1960=CURVE_STYLE('',#20,POSITIVE_LENGTH_MEASURE(2.E-2),#14);
#1961=PRESENTATION_STYLE_ASSIGNMENT((#1960));
#1962=STYLED_ITEM('',(#1961),#1959);
#1963=DIRECTION('',(0.E0,0.E0,1.E0));
#1964=VECTOR('',#1963,6.20118E-2);
#1965=CARTESIAN_POINT('',(-2.15E-2,2.769685039370E0,-3.75E-1));
#1966=LINE('',#1965,#1964);
#1967=CURVE_STYLE('',#20,POSITIVE_LENGTH_MEASURE(2.E-2),#14);
#1968=PRESENTATION_STYLE_ASSIGNMENT((#1967));
#1969=STYLED_ITEM('',(#1968),#1966);
#1970=DIRECTION('',(0.E0,0.E0,1.E0));
#1971=VECTOR('',#1970,6.20118E-2);
#1972=CARTESIAN_POINT('',(-2.15E-2,2.724361670444E0,-3.75E-1));
#1973=LINE('',#1972,#1971);
#1974=CURVE_STYLE('',#20,POSITIVE_LENGTH_MEASURE(2.E-2),#14);
#1975=PRESENTATION_STYLE_ASSIGNMENT((#1974));
#1976=STYLED_ITEM('',(#1975),#1973);
#1977=DIRECTION('',(8.409569974556E-13,8.593639465716E-13,1.E0));
#1978=VECTOR('',#1977,6.20118E-2);
#1979=CARTESIAN_POINT('',(-2.535365853657E-2,2.716473547308E0,-3.75E-1));
#1980=LINE('',#1979,#1978);
#1981=CURVE_STYLE('',#20,POSITIVE_LENGTH_MEASURE(2.E-2),#14);
#1982=PRESENTATION_STYLE_ASSIGNMENT((#1981));
#1983=STYLED_ITEM('',(#1982),#1980);
#1984=CARTESIAN_POINT('',(0.E0,2.683935039370E0,-3.129882E-1));
#1985=DIRECTION('',(0.E0,0.E0,-1.E0));
#1986=DIRECTION('',(6.146341463397E-1,7.888123136420E-1,0.E0));
#1987=AXIS2_PLACEMENT_3D('',#1984,#1985,#1986);
#1989=CURVE_STYLE('',#20,POSITIVE_LENGTH_MEASURE(2.E-2),#14);
#1990=PRESENTATION_STYLE_ASSIGNMENT((#1989));
#1991=STYLED_ITEM('',(#1990),#1988);
#1992=DIRECTION('',(0.E0,0.E0,1.E0));
#1993=VECTOR('',#1992,1.25E-1);
#1994=CARTESIAN_POINT('',(0.E0,2.642685039370E0,-5.E-1));
#1995=LINE('',#1994,#1993);
#1996=CURVE_STYLE('',#20,POSITIVE_LENGTH_MEASURE(2.E-2),#14);
#1997=PRESENTATION_STYLE_ASSIGNMENT((#1996));
#1998=STYLED_ITEM('',(#1997),#1995);
#1999=CARTESIAN_POINT('',(0.E0,2.683935039370E0,-3.75E-1));
#2000=DIRECTION('',(0.E0,0.E0,1.E0));
#2001=DIRECTION('',(0.E0,-1.E0,0.E0));
#2002=AXIS2_PLACEMENT_3D('',#1999,#2000,#2001);
#2004=CURVE_STYLE('',#20,POSITIVE_LENGTH_MEASURE(2.E-2),#14);
#2005=PRESENTATION_STYLE_ASSIGNMENT((#2004));
#2006=STYLED_ITEM('',(#2005),#2003);
#2007=DIRECTION('',(-3.617049423558E-13,3.723910435144E-13,1.E0));
#2008=VECTOR('',#2007,6.20118E-2);
#2009=CARTESIAN_POINT('',(2.535365853658E-2,2.716473547308E0,-3.75E-1));
#2010=LINE('',#2009,#2008);
#2011=CURVE_STYLE('',#20,POSITIVE_LENGTH_MEASURE(2.E-2),#14);
#2012=PRESENTATION_STYLE_ASSIGNMENT((#2011));
#2013=STYLED_ITEM('',(#2012),#2010);
#2014=DIRECTION('',(0.E0,0.E0,1.E0));
#2015=VECTOR('',#2014,1.25E-1);
#2016=CARTESIAN_POINT('',(0.E0,2.725185039370E0,-5.E-1));
#2017=LINE('',#2016,#2015);
#2018=CURVE_STYLE('',#20,POSITIVE_LENGTH_MEASURE(2.E-2),#14);
#2019=PRESENTATION_STYLE_ASSIGNMENT((#2018));
#2020=STYLED_ITEM('',(#2019),#2017);
#2021=DIRECTION('',(0.E0,0.E0,1.E0));
#2022=VECTOR('',#2021,6.20118E-2);
#2023=CARTESIAN_POINT('',(2.15E-2,2.724361670444E0,-3.75E-1));
#2024=LINE('',#2023,#2022);
#2025=CURVE_STYLE('',#20,POSITIVE_LENGTH_MEASURE(2.E-2),#14);
#2026=PRESENTATION_STYLE_ASSIGNMENT((#2025));
#2027=STYLED_ITEM('',(#2026),#2024);
#2028=DIRECTION('',(0.E0,0.E0,1.E0));
#2029=VECTOR('',#2028,6.20118E-2);
#2030=CARTESIAN_POINT('',(2.15E-2,2.769685039370E0,-3.75E-1));
#2031=LINE('',#2030,#2029);
#2032=CURVE_STYLE('',#20,POSITIVE_LENGTH_MEASURE(2.E-2),#14);
#2033=PRESENTATION_STYLE_ASSIGNMENT((#2032));
#2034=STYLED_ITEM('',(#2033),#2031);
#2035=DIRECTION('',(-1.E0,0.E0,0.E0));
#2036=VECTOR('',#2035,2.147204724409E-1);
#2037=CARTESIAN_POINT('',(2.362204724409E-1,2.769685039370E0,-3.129882E-1));
#2038=LINE('',#2037,#2036);
#2039=CURVE_STYLE('',#20,POSITIVE_LENGTH_MEASURE(2.E-2),#14);
#2040=PRESENTATION_STYLE_ASSIGNMENT((#2039));
#2041=STYLED_ITEM('',(#2040),#2038);
#2042=DIRECTION('',(1.E0,0.E0,0.E0));
#2043=VECTOR('',#2042,2.147204724409E-1);
#2044=CARTESIAN_POINT('',(2.15E-2,2.769685039370E0,-3.75E-1));
#2045=LINE('',#2044,#2043);
#2046=CURVE_STYLE('',#20,POSITIVE_LENGTH_MEASURE(2.E-2),#14);
#2047=PRESENTATION_STYLE_ASSIGNMENT((#2046));
#2048=STYLED_ITEM('',(#2047),#2045);
#2049=DIRECTION('',(0.E0,0.E0,1.E0));
#2050=VECTOR('',#2049,6.20118E-2);
#2051=CARTESIAN_POINT('',(2.362204724409E-1,2.769685039370E0,-3.75E-1));
#2052=LINE('',#2051,#2050);
#2053=CURVE_STYLE('',#20,POSITIVE_LENGTH_MEASURE(2.E-2),#14);
#2054=PRESENTATION_STYLE_ASSIGNMENT((#2053));
#2055=STYLED_ITEM('',(#2054),#2052);
#2056=DIRECTION('',(0.E0,1.E0,0.E0));
#2057=VECTOR('',#2056,1.938976377953E-1);
#2058=CARTESIAN_POINT('',(2.362204724409E-1,2.575787401575E0,-3.129882E-1));
#2059=LINE('',#2058,#2057);
#2060=CURVE_STYLE('',#20,POSITIVE_LENGTH_MEASURE(2.E-2),#14);
#2061=PRESENTATION_STYLE_ASSIGNMENT((#2060));
#2062=STYLED_ITEM('',(#2061),#2059);
#2063=DIRECTION('',(0.E0,-1.E0,0.E0));
#2064=VECTOR('',#2063,1.938976377953E-1);
#2065=CARTESIAN_POINT('',(2.362204724409E-1,2.769685039370E0,-3.75E-1));
#2066=LINE('',#2065,#2064);
#2067=CURVE_STYLE('',#20,POSITIVE_LENGTH_MEASURE(2.E-2),#14);
#2068=PRESENTATION_STYLE_ASSIGNMENT((#2067));
#2069=STYLED_ITEM('',(#2068),#2066);
#2070=DIRECTION('',(0.E0,0.E0,1.E0));
#2071=VECTOR('',#2070,6.20118E-2);
#2072=CARTESIAN_POINT('',(2.362204724409E-1,2.575787401575E0,-3.75E-1));
#2073=LINE('',#2072,#2071);
#2074=CURVE_STYLE('',#20,POSITIVE_LENGTH_MEASURE(2.E-2),#14);
#2075=PRESENTATION_STYLE_ASSIGNMENT((#2074));
#2076=STYLED_ITEM('',(#2075),#2073);
#2077=CARTESIAN_POINT('',(5.E-2,4.7E0,5.E-1));
#2078=DIRECTION('',(0.E0,0.E0,-1.E0));
#2079=DIRECTION('',(1.E0,0.E0,0.E0));
#2080=AXIS2_PLACEMENT_3D('',#2077,#2078,#2079);
#2082=CURVE_STYLE('',#20,POSITIVE_LENGTH_MEASURE(2.E-2),#14);
#2083=PRESENTATION_STYLE_ASSIGNMENT((#2082));
#2084=STYLED_ITEM('',(#2083),#2081);
#2085=CARTESIAN_POINT('',(5.E-2,4.7E0,3.75E-1));
#2086=DIRECTION('',(0.E0,0.E0,1.E0));
#2087=DIRECTION('',(0.E0,-1.E0,0.E0));
#2088=AXIS2_PLACEMENT_3D('',#2085,#2086,#2087);
#2090=CURVE_STYLE('',#20,POSITIVE_LENGTH_MEASURE(2.E-2),#14);
#2091=PRESENTATION_STYLE_ASSIGNMENT((#2090));
#2092=STYLED_ITEM('',(#2091),#2089);
#2093=DIRECTION('',(-1.E0,0.E0,0.E0));
#2094=VECTOR('',#2093,1.213E-1);
#2095=CARTESIAN_POINT('',(-8.287E-1,5.E0,-3.641732283464E-1));
#2096=LINE('',#2095,#2094);
#2097=CURVE_STYLE('',#20,POSITIVE_LENGTH_MEASURE(2.E-2),#14);
#2098=PRESENTATION_STYLE_ASSIGNMENT((#2097));
#2099=STYLED_ITEM('',(#2098),#2096);
#2100=DIRECTION('',(-1.E0,0.E0,0.E0));
#2101=VECTOR('',#2100,1.213E-1);
#2102=CARTESIAN_POINT('',(-8.287E-1,5.E0,-2.933070866141E-1));
#2103=LINE('',#2102,#2101);
#2104=CURVE_STYLE('',#20,POSITIVE_LENGTH_MEASURE(2.E-2),#14);
#2105=PRESENTATION_STYLE_ASSIGNMENT((#2104));
#2106=STYLED_ITEM('',(#2105),#2103);
#2107=DIRECTION('',(-1.E0,0.E0,0.E0));
#2108=VECTOR('',#2107,1.213E-1);
#2109=CARTESIAN_POINT('',(-8.287E-1,5.E0,-2.342519685039E-1));
#2110=LINE('',#2109,#2108);
#2111=CURVE_STYLE('',#20,POSITIVE_LENGTH_MEASURE(2.E-2),#14);
#2112=PRESENTATION_STYLE_ASSIGNMENT((#2111));
#2113=STYLED_ITEM('',(#2112),#2110);
#2114=CARTESIAN_POINT('',(-9.187E-1,5.E0,0.E0));
#2115=DIRECTION('',(1.E0,0.E0,0.E0));
#2116=DIRECTION('',(0.E0,0.E0,1.E0));
#2117=AXIS2_PLACEMENT_3D('',#2114,#2115,#2116);
#2119=CURVE_STYLE('',#20,POSITIVE_LENGTH_MEASURE(2.E-2),#14);
#2120=PRESENTATION_STYLE_ASSIGNMENT((#2119));
#2121=STYLED_ITEM('',(#2120),#2118);
#2122=DIRECTION('',(-1.E0,2.583495371682E-8,-1.396535979962E-9));
#2123=VECTOR('',#2122,3.129999989447E-2);
#2124=CARTESIAN_POINT('',(-9.187000001055E-1,4.999999999191E0,
-5.314960625550E-2));
#2125=LINE('',#2124,#2123);
#2126=CURVE_STYLE('',#20,POSITIVE_LENGTH_MEASURE(2.E-2),#14);
#2127=PRESENTATION_STYLE_ASSIGNMENT((#2126));
#2128=STYLED_ITEM('',(#2127),#2125);
#2129=DIRECTION('',(9.238795325113E-1,7.589870165881E-8,3.826834323651E-1));
#2130=VECTOR('',#2129,5.543277190509E-2);
#2131=CARTESIAN_POINT('',(-9.187000001055E-1,5.000000000809E0,
5.314960625550E-2));
#2132=LINE('',#2131,#2130);
#2133=CURVE_STYLE('',#20,POSITIVE_LENGTH_MEASURE(2.E-2),#14);
#2134=PRESENTATION_STYLE_ASSIGNMENT((#2133));
#2135=STYLED_ITEM('',(#2134),#2132);
#2136=DIRECTION('',(9.238795325113E-1,-7.589870165881E-8,-3.826834323651E-1));
#2137=VECTOR('',#2136,5.543277190509E-2);
#2138=CARTESIAN_POINT('',(-9.187000001055E-1,4.999999999191E0,
-5.314960625550E-2));
#2139=LINE('',#2138,#2137);
#2140=CURVE_STYLE('',#20,POSITIVE_LENGTH_MEASURE(2.E-2),#14);
#2141=PRESENTATION_STYLE_ASSIGNMENT((#2140));
#2142=STYLED_ITEM('',(#2141),#2139);
#2143=CARTESIAN_POINT('',(-9.187E-1,5.E0,0.E0));
#2144=DIRECTION('',(1.E0,0.E0,0.E0));
#2145=DIRECTION('',(0.E0,0.E0,-1.E0));
#2146=AXIS2_PLACEMENT_3D('',#2143,#2144,#2145);
#2148=CURVE_STYLE('',#20,POSITIVE_LENGTH_MEASURE(2.E-2),#14);
#2149=PRESENTATION_STYLE_ASSIGNMENT((#2148));
#2150=STYLED_ITEM('',(#2149),#2147);
#2151=DIRECTION('',(-1.E0,-2.583495371682E-8,1.396535093203E-9));
#2152=VECTOR('',#2151,3.129999989447E-2);
#2153=CARTESIAN_POINT('',(-9.187000001055E-1,5.000000000809E0,
5.314960625550E-2));
#2154=LINE('',#2153,#2152);
#2155=CURVE_STYLE('',#20,POSITIVE_LENGTH_MEASURE(2.E-2),#14);
#2156=PRESENTATION_STYLE_ASSIGNMENT((#2155));
#2157=STYLED_ITEM('',(#2156),#2154);
#2158=CARTESIAN_POINT('',(-8.674867965644E-1,5.E0,0.E0));
#2159=DIRECTION('',(1.E0,0.E0,0.E0));
#2160=DIRECTION('',(0.E0,-3.399920288161E-8,-1.E0));
#2161=AXIS2_PLACEMENT_3D('',#2158,#2159,#2160);
#2163=CURVE_STYLE('',#20,POSITIVE_LENGTH_MEASURE(2.E-2),#14);
#2164=PRESENTATION_STYLE_ASSIGNMENT((#2163));
#2165=STYLED_ITEM('',(#2164),#2162);
#2166=DIRECTION('',(-7.071067819749E-1,4.468770433367E-8,-7.071067803982E-1));
#2167=VECTOR('',#2166,5.485281362260E-2);
#2168=CARTESIAN_POINT('',(-8.287000001891E-1,5.000000002565E0,
1.131496061101E-1));
#2169=LINE('',#2168,#2167);
#2170=CURVE_STYLE('',#20,POSITIVE_LENGTH_MEASURE(2.E-2),#14);
#2171=PRESENTATION_STYLE_ASSIGNMENT((#2170));
#2172=STYLED_ITEM('',(#2171),#2169);
#2173=CARTESIAN_POINT('',(-8.674867965644E-1,5.E0,0.E0));
#2174=DIRECTION('',(1.E0,0.E0,0.E0));
#2175=DIRECTION('',(0.E0,3.399919093776E-8,1.E0));
#2176=AXIS2_PLACEMENT_3D('',#2173,#2174,#2175);
#2178=CURVE_STYLE('',#20,POSITIVE_LENGTH_MEASURE(2.E-2),#14);
#2179=PRESENTATION_STYLE_ASSIGNMENT((#2178));
#2180=STYLED_ITEM('',(#2179),#2177);
#2181=DIRECTION('',(-7.071067819749E-1,-4.468768814164E-8,7.071067803982E-1));
#2182=VECTOR('',#2181,5.485281362260E-2);
#2183=CARTESIAN_POINT('',(-8.287000001891E-1,4.999999997435E0,
-1.131496061101E-1));
#2184=LINE('',#2183,#2182);
#2185=CURVE_STYLE('',#20,POSITIVE_LENGTH_MEASURE(2.E-2),#14);
#2186=PRESENTATION_STYLE_ASSIGNMENT((#2185));
#2187=STYLED_ITEM('',(#2186),#2184);
#2188=DIRECTION('',(-1.E0,0.E0,0.E0));
#2189=VECTOR('',#2188,1.213E-1);
#2190=CARTESIAN_POINT('',(-8.287E-1,5.E0,2.342519685039E-1));
#2191=LINE('',#2190,#2189);
#2192=CURVE_STYLE('',#20,POSITIVE_LENGTH_MEASURE(2.E-2),#14);
#2193=PRESENTATION_STYLE_ASSIGNMENT((#2192));
#2194=STYLED_ITEM('',(#2193),#2191);
#2195=DIRECTION('',(-1.E0,0.E0,0.E0));
#2196=VECTOR('',#2195,1.213E-1);
#2197=CARTESIAN_POINT('',(-8.287E-1,5.E0,2.933070866141E-1));
#2198=LINE('',#2197,#2196);
#2199=CURVE_STYLE('',#20,POSITIVE_LENGTH_MEASURE(2.E-2),#14);
#2200=PRESENTATION_STYLE_ASSIGNMENT((#2199));
#2201=STYLED_ITEM('',(#2200),#2198);
#2202=DIRECTION('',(-1.E0,0.E0,0.E0));
#2203=VECTOR('',#2202,1.213E-1);
#2204=CARTESIAN_POINT('',(-8.287E-1,5.E0,3.641732283464E-1));
#2205=LINE('',#2204,#2203);
#2206=CURVE_STYLE('',#20,POSITIVE_LENGTH_MEASURE(2.E-2),#14);
#2207=PRESENTATION_STYLE_ASSIGNMENT((#2206));
#2208=STYLED_ITEM('',(#2207),#2205);
#2209=DIRECTION('',(-1.E0,0.E0,0.E0));
#2210=VECTOR('',#2209,1.213E-1);
#2211=CARTESIAN_POINT('',(-8.287E-1,5.E0,4.232283464566E-1));
#2212=LINE('',#2211,#2210);
#2213=CURVE_STYLE('',#20,POSITIVE_LENGTH_MEASURE(2.E-2),#14);
#2214=PRESENTATION_STYLE_ASSIGNMENT((#2213));
#2215=STYLED_ITEM('',(#2214),#2212);
#2216=DIRECTION('',(-1.E0,0.E0,0.E0));
#2217=VECTOR('',#2216,1.213E-1);
#2218=CARTESIAN_POINT('',(-8.287E-1,5.236220472441E0,-2.952755905512E-2));
#2219=LINE('',#2218,#2217);
#2220=CURVE_STYLE('',#20,POSITIVE_LENGTH_MEASURE(2.E-2),#14);
#2221=PRESENTATION_STYLE_ASSIGNMENT((#2220));
#2222=STYLED_ITEM('',(#2221),#2219);
#2223=DIRECTION('',(-1.E0,0.E0,0.E0));
#2224=VECTOR('',#2223,1.213E-1);
#2225=CARTESIAN_POINT('',(-8.287E-1,5.236220472441E0,2.952755905512E-2));
#2226=LINE('',#2225,#2224);
#2227=CURVE_STYLE('',#20,POSITIVE_LENGTH_MEASURE(2.E-2),#14);
#2228=PRESENTATION_STYLE_ASSIGNMENT((#2227));
#2229=STYLED_ITEM('',(#2228),#2226);
#2230=DIRECTION('',(-1.E0,0.E0,0.E0));
#2231=VECTOR('',#2230,1.213E-1);
#2232=CARTESIAN_POINT('',(-8.287E-1,5.393700787401E0,-2.952755905512E-2));
#2233=LINE('',#2232,#2231);
#2234=CURVE_STYLE('',#20,POSITIVE_LENGTH_MEASURE(2.E-2),#14);
#2235=PRESENTATION_STYLE_ASSIGNMENT((#2234));
#2236=STYLED_ITEM('',(#2235),#2233);
#2237=DIRECTION('',(-1.E0,0.E0,0.E0));
#2238=VECTOR('',#2237,1.213E-1);
#2239=CARTESIAN_POINT('',(-8.287E-1,5.393700787401E0,2.952755905512E-2));
#2240=LINE('',#2239,#2238);
#2241=CURVE_STYLE('',#20,POSITIVE_LENGTH_MEASURE(2.E-2),#14);
#2242=PRESENTATION_STYLE_ASSIGNMENT((#2241));
#2243=STYLED_ITEM('',(#2242),#2240);
#2244=DIRECTION('',(-1.E0,0.E0,0.E0));
#2245=VECTOR('',#2244,1.213E-1);
#2246=CARTESIAN_POINT('',(-8.287E-1,4.606299212599E0,-2.952755905512E-2));
#2247=LINE('',#2246,#2245);
#2248=CURVE_STYLE('',#20,POSITIVE_LENGTH_MEASURE(2.E-2),#14);
#2249=PRESENTATION_STYLE_ASSIGNMENT((#2248));
#2250=STYLED_ITEM('',(#2249),#2247);
#2251=DIRECTION('',(-1.E0,0.E0,0.E0));
#2252=VECTOR('',#2251,1.213E-1);
#2253=CARTESIAN_POINT('',(-8.287E-1,4.606299212599E0,2.952755905512E-2));
#2254=LINE('',#2253,#2252);
#2255=CURVE_STYLE('',#20,POSITIVE_LENGTH_MEASURE(2.E-2),#14);
#2256=PRESENTATION_STYLE_ASSIGNMENT((#2255));
#2257=STYLED_ITEM('',(#2256),#2254);
#2258=DIRECTION('',(-1.E0,0.E0,0.E0));
#2259=VECTOR('',#2258,1.213E-1);
#2260=CARTESIAN_POINT('',(-8.287E-1,4.763779527559E0,-2.952755905512E-2));
#2261=LINE('',#2260,#2259);
#2262=CURVE_STYLE('',#20,POSITIVE_LENGTH_MEASURE(2.E-2),#14);
#2263=PRESENTATION_STYLE_ASSIGNMENT((#2262));
#2264=STYLED_ITEM('',(#2263),#2261);
#2265=DIRECTION('',(-1.E0,0.E0,0.E0));
#2266=VECTOR('',#2265,1.213E-1);
#2267=CARTESIAN_POINT('',(-8.287E-1,4.763779527559E0,2.952755905512E-2));
#2268=LINE('',#2267,#2266);
#2269=CURVE_STYLE('',#20,POSITIVE_LENGTH_MEASURE(2.E-2),#14);
#2270=PRESENTATION_STYLE_ASSIGNMENT((#2269));
#2271=STYLED_ITEM('',(#2270),#2268);
#2272=CARTESIAN_POINT('',(-9.5E-1,1.667157287525E0,-5.E-1));
#2273=CARTESIAN_POINT('',(-7.E-1,1.417157287525E0,-5.E-1));
#2274=VERTEX_POINT('',#2272);
#2275=VERTEX_POINT('',#2273);
#2276=CARTESIAN_POINT('',(7.E-1,1.417157287525E0,-5.E-1));
#2277=CARTESIAN_POINT('',(9.5E-1,1.667157287525E0,-5.E-1));
#2278=VERTEX_POINT('',#2276);
#2279=VERTEX_POINT('',#2277);
#2280=CARTESIAN_POINT('',(-9.5E-1,1.667157287525E0,5.E-1));
#2281=CARTESIAN_POINT('',(-7.E-1,1.417157287525E0,5.E-1));
#2282=VERTEX_POINT('',#2280);
#2283=VERTEX_POINT('',#2281);
#2284=CARTESIAN_POINT('',(7.E-1,1.417157287525E0,5.E-1));
#2285=CARTESIAN_POINT('',(9.5E-1,1.667157287525E0,5.E-1));
#2286=VERTEX_POINT('',#2284);
#2287=VERTEX_POINT('',#2285);
#2288=CARTESIAN_POINT('',(7.5E-1,5.E0,-5.E-1));
#2289=CARTESIAN_POINT('',(9.5E-1,5.E0,-5.E-1));
#2290=VERTEX_POINT('',#2288);
#2291=VERTEX_POINT('',#2289);
#2292=CARTESIAN_POINT('',(7.5E-1,5.E0,5.E-1));
#2293=CARTESIAN_POINT('',(9.5E-1,5.E0,5.E-1));
#2294=VERTEX_POINT('',#2292);
#2295=VERTEX_POINT('',#2293);
#2296=CARTESIAN_POINT('',(-9.5E-1,5.E0,-5.E-1));
#2297=CARTESIAN_POINT('',(-9.5E-1,5.E0,5.E-1));
#2298=VERTEX_POINT('',#2296);
#2299=VERTEX_POINT('',#2297);
#2300=CARTESIAN_POINT('',(-7.5E-1,5.E0,-5.E-1));
#2301=CARTESIAN_POINT('',(-7.5E-1,5.E0,5.E-1));
#2302=VERTEX_POINT('',#2300);
#2303=VERTEX_POINT('',#2301);
#2304=CARTESIAN_POINT('',(7.5E-1,5.E0,-3.149606299213E-1));
#2305=CARTESIAN_POINT('',(7.5E-1,5.E0,3.149606299213E-1));
#2306=VERTEX_POINT('',#2304);
#2307=VERTEX_POINT('',#2305);
#2308=CARTESIAN_POINT('',(-8.287E-1,4.599748476018E0,6.488574371433E-2));
#2309=CARTESIAN_POINT('',(-8.287E-1,4.839427565220E0,8.908327135830E-2));
#2310=VERTEX_POINT('',#2308);
#2311=VERTEX_POINT('',#2309);
#2312=CARTESIAN_POINT('',(-8.287E-1,4.910916728642E0,1.605724347802E-1));
#2313=VERTEX_POINT('',#2312);
#2314=CARTESIAN_POINT('',(-8.287E-1,4.935114256286E0,4.002515239820E-1));
#2315=VERTEX_POINT('',#2314);
#2316=CARTESIAN_POINT('',(-8.287E-1,5.064885743714E0,4.002515239820E-1));
#2317=VERTEX_POINT('',#2316);
#2318=CARTESIAN_POINT('',(-8.287E-1,5.089083271358E0,1.605724347802E-1));
#2319=VERTEX_POINT('',#2318);
#2320=CARTESIAN_POINT('',(-8.287E-1,5.160572434780E0,8.908327135830E-2));
#2321=VERTEX_POINT('',#2320);
#2322=CARTESIAN_POINT('',(-8.287E-1,5.400251523982E0,6.488574371433E-2));
#2323=VERTEX_POINT('',#2322);
#2324=CARTESIAN_POINT('',(-8.287E-1,5.400251523982E0,-6.488574371433E-2));
#2325=VERTEX_POINT('',#2324);
#2326=CARTESIAN_POINT('',(-8.287E-1,5.160572434780E0,-8.908327135830E-2));
#2327=VERTEX_POINT('',#2326);
#2328=CARTESIAN_POINT('',(-8.287E-1,5.089083271358E0,-1.605724347802E-1));
#2329=VERTEX_POINT('',#2328);
#2330=CARTESIAN_POINT('',(-8.287E-1,5.064885743714E0,-4.002515239820E-1));
#2331=VERTEX_POINT('',#2330);
#2332=CARTESIAN_POINT('',(-8.287E-1,4.935114256286E0,-4.002515239820E-1));
#2333=VERTEX_POINT('',#2332);
#2334=CARTESIAN_POINT('',(-8.287E-1,4.910916728642E0,-1.605724347802E-1));
#2335=VERTEX_POINT('',#2334);
#2336=CARTESIAN_POINT('',(-8.287E-1,4.839427565220E0,-8.908327135830E-2));
#2337=VERTEX_POINT('',#2336);
#2338=CARTESIAN_POINT('',(-8.287E-1,4.599748476018E0,-6.488574371433E-2));
#2339=VERTEX_POINT('',#2338);
#2340=CARTESIAN_POINT('',(-7.5E-1,4.599748476018E0,6.488574371433E-2));
#2341=CARTESIAN_POINT('',(-7.5E-1,4.839427565220E0,8.908327135830E-2));
#2342=VERTEX_POINT('',#2340);
#2343=VERTEX_POINT('',#2341);
#2344=CARTESIAN_POINT('',(-7.5E-1,4.910916728642E0,1.605724347802E-1));
#2345=VERTEX_POINT('',#2344);
#2346=CARTESIAN_POINT('',(-7.5E-1,4.935114256286E0,4.002515239820E-1));
#2347=VERTEX_POINT('',#2346);
#2348=CARTESIAN_POINT('',(-7.5E-1,5.064885743714E0,4.002515239820E-1));
#2349=VERTEX_POINT('',#2348);
#2350=CARTESIAN_POINT('',(-7.5E-1,5.089083271358E0,1.605724347802E-1));
#2351=VERTEX_POINT('',#2350);
#2352=CARTESIAN_POINT('',(-7.5E-1,5.160572434780E0,8.908327135830E-2));
#2353=VERTEX_POINT('',#2352);
#2354=CARTESIAN_POINT('',(-7.5E-1,5.400251523982E0,6.488574371433E-2));
#2355=VERTEX_POINT('',#2354);
#2356=CARTESIAN_POINT('',(-7.5E-1,5.400251523982E0,-6.488574371433E-2));
#2357=VERTEX_POINT('',#2356);
#2358=CARTESIAN_POINT('',(-7.5E-1,5.160572434780E0,-8.908327135830E-2));
#2359=VERTEX_POINT('',#2358);
#2360=CARTESIAN_POINT('',(-7.5E-1,5.089083271358E0,-1.605724347802E-1));
#2361=VERTEX_POINT('',#2360);
#2362=CARTESIAN_POINT('',(-7.5E-1,5.064885743714E0,-4.002515239820E-1));
#2363=VERTEX_POINT('',#2362);
#2364=CARTESIAN_POINT('',(-7.5E-1,4.935114256286E0,-4.002515239820E-1));
#2365=VERTEX_POINT('',#2364);
#2366=CARTESIAN_POINT('',(-7.5E-1,4.910916728642E0,-1.605724347802E-1));
#2367=VERTEX_POINT('',#2366);
#2368=CARTESIAN_POINT('',(-7.5E-1,4.839427565220E0,-8.908327135830E-2));
#2369=VERTEX_POINT('',#2368);
#2370=CARTESIAN_POINT('',(-7.5E-1,4.599748476018E0,-6.488574371433E-2));
#2371=VERTEX_POINT('',#2370);
#2372=CARTESIAN_POINT('',(9.E-1,5.E0,-3.543307086614E-1));
#2373=CARTESIAN_POINT('',(9.E-1,5.E0,3.543307086614E-1));
#2374=VERTEX_POINT('',#2372);
#2375=VERTEX_POINT('',#2373);
#2376=CARTESIAN_POINT('',(9.5E-1,5.E0,-3.543307086614E-1));
#2377=CARTESIAN_POINT('',(9.5E-1,5.E0,3.543307086614E-1));
#2378=VERTEX_POINT('',#2376);
#2379=VERTEX_POINT('',#2377);
#2380=CARTESIAN_POINT('',(9.E-1,5.E0,-3.149606299213E-1));
#2381=CARTESIAN_POINT('',(9.E-1,5.E0,3.149606299213E-1));
#2382=VERTEX_POINT('',#2380);
#2383=VERTEX_POINT('',#2381);
#2384=CARTESIAN_POINT('',(-9.5E-1,5.E0,-4.232283464566E-1));
#2385=CARTESIAN_POINT('',(-9.5E-1,5.E0,-3.641732283464E-1));
#2386=VERTEX_POINT('',#2384);
#2387=VERTEX_POINT('',#2385);
#2388=CARTESIAN_POINT('',(-9.5E-1,5.E0,-2.933070866141E-1));
#2389=CARTESIAN_POINT('',(-9.5E-1,5.E0,-2.342519685039E-1));
#2390=VERTEX_POINT('',#2388);
#2391=VERTEX_POINT('',#2389);
#2392=CARTESIAN_POINT('',(-9.5E-1,5.E0,-5.314960629922E-2));
#2393=CARTESIAN_POINT('',(-9.5E-1,5.E0,5.314960629922E-2));
#2394=VERTEX_POINT('',#2392);
#2395=VERTEX_POINT('',#2393);
#2396=CARTESIAN_POINT('',(-9.5E-1,5.E0,2.342519685039E-1));
#2397=CARTESIAN_POINT('',(-9.5E-1,5.E0,2.933070866141E-1));
#2398=VERTEX_POINT('',#2396);
#2399=VERTEX_POINT('',#2397);
#2400=CARTESIAN_POINT('',(-9.5E-1,5.E0,3.641732283464E-1));
#2401=CARTESIAN_POINT('',(-9.5E-1,5.E0,4.232283464566E-1));
#2402=VERTEX_POINT('',#2400);
#2403=VERTEX_POINT('',#2401);
#2404=CARTESIAN_POINT('',(-9.5E-1,5.236220472441E0,-2.952755905512E-2));
#2405=CARTESIAN_POINT('',(-9.5E-1,5.236220472441E0,2.952755905512E-2));
#2406=VERTEX_POINT('',#2404);
#2407=VERTEX_POINT('',#2405);
#2408=CARTESIAN_POINT('',(-9.5E-1,5.393700787401E0,-2.952755905512E-2));
#2409=CARTESIAN_POINT('',(-9.5E-1,5.393700787401E0,2.952755905512E-2));
#2410=VERTEX_POINT('',#2408);
#2411=VERTEX_POINT('',#2409);
#2412=CARTESIAN_POINT('',(-9.5E-1,4.606299212599E0,-2.952755905512E-2));
#2413=CARTESIAN_POINT('',(-9.5E-1,4.606299212599E0,2.952755905512E-2));
#2414=VERTEX_POINT('',#2412);
#2415=VERTEX_POINT('',#2413);
#2416=CARTESIAN_POINT('',(-9.5E-1,4.763779527559E0,-2.952755905512E-2));
#2417=CARTESIAN_POINT('',(-9.5E-1,4.763779527559E0,2.952755905512E-2));
#2418=VERTEX_POINT('',#2416);
#2419=VERTEX_POINT('',#2417);
#2420=CARTESIAN_POINT('',(-8.287E-1,5.E0,-4.232283464566E-1));
#2421=CARTESIAN_POINT('',(-8.287E-1,5.E0,-3.641732283464E-1));
#2422=VERTEX_POINT('',#2420);
#2423=VERTEX_POINT('',#2421);
#2424=CARTESIAN_POINT('',(-8.287E-1,5.E0,-2.933070866141E-1));
#2425=CARTESIAN_POINT('',(-8.287E-1,5.E0,-2.342519685039E-1));
#2426=VERTEX_POINT('',#2424);
#2427=VERTEX_POINT('',#2425);
#2428=CARTESIAN_POINT('',(-8.287E-1,5.E0,2.342519685039E-1));
#2429=CARTESIAN_POINT('',(-8.287E-1,5.E0,2.933070866141E-1));
#2430=VERTEX_POINT('',#2428);
#2431=VERTEX_POINT('',#2429);
#2432=CARTESIAN_POINT('',(-8.287E-1,5.E0,3.641732283464E-1));
#2433=CARTESIAN_POINT('',(-8.287E-1,5.E0,4.232283464566E-1));
#2434=VERTEX_POINT('',#2432);
#2435=VERTEX_POINT('',#2433);
#2436=CARTESIAN_POINT('',(-8.287E-1,5.236220472441E0,-2.952755905512E-2));
#2437=CARTESIAN_POINT('',(-8.287E-1,5.236220472441E0,2.952755905512E-2));
#2438=VERTEX_POINT('',#2436);
#2439=VERTEX_POINT('',#2437);
#2440=CARTESIAN_POINT('',(-8.287E-1,5.393700787401E0,-2.952755905512E-2));
#2441=CARTESIAN_POINT('',(-8.287E-1,5.393700787401E0,2.952755905512E-2));
#2442=VERTEX_POINT('',#2440);
#2443=VERTEX_POINT('',#2441);
#2444=CARTESIAN_POINT('',(-8.287E-1,4.606299212599E0,-2.952755905512E-2));
#2445=CARTESIAN_POINT('',(-8.287E-1,4.606299212599E0,2.952755905512E-2));
#2446=VERTEX_POINT('',#2444);
#2447=VERTEX_POINT('',#2445);
#2448=CARTESIAN_POINT('',(-8.287E-1,4.763779527559E0,-2.952755905512E-2));
#2449=CARTESIAN_POINT('',(-8.287E-1,4.763779527559E0,2.952755905512E-2));
#2450=VERTEX_POINT('',#2448);
#2451=VERTEX_POINT('',#2449);
#2452=CARTESIAN_POINT('',(-8.287E-1,5.E0,-1.131496062992E-1));
#2453=CARTESIAN_POINT('',(-8.287E-1,5.E0,1.131496062992E-1));
#2454=VERTEX_POINT('',#2452);
#2455=VERTEX_POINT('',#2453);
#2456=CARTESIAN_POINT('',(-9.187E-1,5.E0,-5.314960629922E-2));
#2457=CARTESIAN_POINT('',(-9.187E-1,5.E0,5.314960629922E-2));
#2458=VERTEX_POINT('',#2456);
#2459=VERTEX_POINT('',#2457);
#2460=CARTESIAN_POINT('',(-8.674867965644E-1,4.999999997472E0,
-7.436280973481E-2));
#2461=CARTESIAN_POINT('',(-8.674867965644E-1,5.000000002528E0,
7.436280973481E-2));
#2462=VERTEX_POINT('',#2460);
#2463=VERTEX_POINT('',#2461);
#2464=CARTESIAN_POINT('',(-5.E-1,1.5E0,-3.E-1));
#2465=CARTESIAN_POINT('',(-5.E-1,1.5E0,3.E-1));
#2466=VERTEX_POINT('',#2464);
#2467=VERTEX_POINT('',#2465);
#2468=CARTESIAN_POINT('',(5.E-1,1.5E0,-3.E-1));
#2469=CARTESIAN_POINT('',(5.E-1,1.5E0,3.E-1));
#2470=VERTEX_POINT('',#2468);
#2471=VERTEX_POINT('',#2469);
#2472=CARTESIAN_POINT('',(-3.15E-1,8.375E-1,-5.E-1));
#2473=CARTESIAN_POINT('',(3.15E-1,8.375E-1,-5.E-1));
#2474=VERTEX_POINT('',#2472);
#2475=VERTEX_POINT('',#2473);
#2476=CARTESIAN_POINT('',(-3.15E-1,8.375E-1,5.E-1));
#2477=CARTESIAN_POINT('',(3.15E-1,8.375E-1,5.E-1));
#2478=VERTEX_POINT('',#2476);
#2479=VERTEX_POINT('',#2477);
#2480=CARTESIAN_POINT('',(-3.15E-1,8.375E-1,-3.E-1));
#2481=CARTESIAN_POINT('',(3.15E-1,8.375E-1,-3.E-1));
#2482=VERTEX_POINT('',#2480);
#2483=VERTEX_POINT('',#2481);
#2484=CARTESIAN_POINT('',(-3.15E-1,8.375E-1,3.E-1));
#2485=CARTESIAN_POINT('',(3.15E-1,8.375E-1,3.E-1));
#2486=VERTEX_POINT('',#2484);
#2487=VERTEX_POINT('',#2485);
#2488=CARTESIAN_POINT('',(-7.E-1,8.75E-1,5.E-1));
#2489=CARTESIAN_POINT('',(7.E-1,8.75E-1,5.E-1));
#2490=VERTEX_POINT('',#2488);
#2491=VERTEX_POINT('',#2489);
#2492=CARTESIAN_POINT('',(7.E-1,8.75E-1,-5.E-1));
#2493=CARTESIAN_POINT('',(-7.E-1,8.75E-1,-5.E-1));
#2494=VERTEX_POINT('',#2492);
#2495=VERTEX_POINT('',#2493);
#2496=CARTESIAN_POINT('',(-5.E-1,8.75E-1,3.E-1));
#2497=CARTESIAN_POINT('',(5.E-1,8.75E-1,3.E-1));
#2498=VERTEX_POINT('',#2496);
#2499=VERTEX_POINT('',#2497);
#2500=CARTESIAN_POINT('',(-5.E-1,8.75E-1,-3.E-1));
#2501=VERTEX_POINT('',#2500);
#2502=CARTESIAN_POINT('',(5.E-1,8.75E-1,-3.E-1));
#2503=VERTEX_POINT('',#2502);
#2504=CARTESIAN_POINT('',(-7.5E-1,1.75E0,-3.75E-1));
#2505=CARTESIAN_POINT('',(-5.E-1,1.5E0,-3.75E-1));
#2506=VERTEX_POINT('',#2504);
#2507=VERTEX_POINT('',#2505);
#2508=CARTESIAN_POINT('',(5.E-1,1.5E0,-3.75E-1));
#2509=CARTESIAN_POINT('',(7.5E-1,1.75E0,-3.75E-1));
#2510=VERTEX_POINT('',#2508);
#2511=VERTEX_POINT('',#2509);
#2512=CARTESIAN_POINT('',(0.E0,1.5445E0,-5.E-1));
#2513=CARTESIAN_POINT('',(0.E0,1.627E0,-5.E-1));
#2514=VERTEX_POINT('',#2512);
#2515=VERTEX_POINT('',#2513);
#2516=CARTESIAN_POINT('',(0.E0,2.642685039370E0,-5.E-1));
#2517=CARTESIAN_POINT('',(0.E0,2.725185039370E0,-5.E-1));
#2518=VERTEX_POINT('',#2516);
#2519=VERTEX_POINT('',#2517);
#2520=CARTESIAN_POINT('',(0.E0,1.5445E0,-3.75E-1));
#2521=VERTEX_POINT('',#2520);
#2522=CARTESIAN_POINT('',(0.E0,2.725185039370E0,-3.75E-1));
#2523=VERTEX_POINT('',#2522);
#2524=CARTESIAN_POINT('',(9.089429892137E-2,2.148150993132E0,-5.E-1));
#2525=CARTESIAN_POINT('',(-9.089429892137E-2,2.148150993132E0,-5.E-1));
#2526=VERTEX_POINT('',#2524);
#2527=VERTEX_POINT('',#2525);
#2528=CARTESIAN_POINT('',(-9.089429892137E-2,2.148150993132E0,-3.75E-1));
#2529=CARTESIAN_POINT('',(9.089429892137E-2,2.148150993132E0,-3.75E-1));
#2530=VERTEX_POINT('',#2528);
#2531=VERTEX_POINT('',#2529);
#2532=CARTESIAN_POINT('',(-7.5E-1,1.75E0,3.75E-1));
#2533=CARTESIAN_POINT('',(-5.E-1,1.5E0,3.75E-1));
#2534=VERTEX_POINT('',#2532);
#2535=VERTEX_POINT('',#2533);
#2536=CARTESIAN_POINT('',(5.E-1,1.5E0,3.75E-1));
#2537=CARTESIAN_POINT('',(7.5E-1,1.75E0,3.75E-1));
#2538=VERTEX_POINT('',#2536);
#2539=VERTEX_POINT('',#2537);
#2540=CARTESIAN_POINT('',(-2.362204724409E-1,2.575787401575E0,5.E-1));
#2541=CARTESIAN_POINT('',(-2.362204724409E-1,1.693897637795E0,5.E-1));
#2542=VERTEX_POINT('',#2540);
#2543=VERTEX_POINT('',#2541);
#2544=CARTESIAN_POINT('',(2.362204724409E-1,1.693897637795E0,5.E-1));
#2545=VERTEX_POINT('',#2544);
#2546=CARTESIAN_POINT('',(2.362204724409E-1,2.575787401575E0,5.E-1));
#2547=VERTEX_POINT('',#2546);
#2548=CARTESIAN_POINT('',(-2.362204724409E-1,2.575787401575E0,3.75E-1));
#2549=CARTESIAN_POINT('',(-2.362204724409E-1,1.693897637795E0,3.75E-1));
#2550=VERTEX_POINT('',#2548);
#2551=VERTEX_POINT('',#2549);
#2552=CARTESIAN_POINT('',(2.362204724409E-1,1.693897637795E0,3.75E-1));
#2553=VERTEX_POINT('',#2552);
#2554=CARTESIAN_POINT('',(2.362204724409E-1,2.575787401575E0,3.75E-1));
#2555=VERTEX_POINT('',#2554);
#2556=CARTESIAN_POINT('',(7.5E-1,4.7E0,-3.75E-1));
#2557=CARTESIAN_POINT('',(7.5E-1,4.7E0,-5.E-1));
#2558=VERTEX_POINT('',#2556);
#2559=VERTEX_POINT('',#2557);
#2560=CARTESIAN_POINT('',(5.E-2,4.E0,-3.75E-1));
#2561=CARTESIAN_POINT('',(5.E-2,4.E0,-5.E-1));
#2562=VERTEX_POINT('',#2560);
#2563=VERTEX_POINT('',#2561);
#2564=CARTESIAN_POINT('',(-7.5E-1,4.7E0,-5.E-1));
#2565=CARTESIAN_POINT('',(-7.5E-1,4.7E0,-3.75E-1));
#2566=VERTEX_POINT('',#2564);
#2567=VERTEX_POINT('',#2565);
#2568=CARTESIAN_POINT('',(-5.E-2,4.E0,-5.E-1));
#2569=CARTESIAN_POINT('',(-5.E-2,4.E0,-3.75E-1));
#2570=VERTEX_POINT('',#2568);
#2571=VERTEX_POINT('',#2569);
#2572=CARTESIAN_POINT('',(-7.5E-1,4.7E0,3.75E-1));
#2573=CARTESIAN_POINT('',(-7.5E-1,4.7E0,5.E-1));
#2574=VERTEX_POINT('',#2572);
#2575=VERTEX_POINT('',#2573);
#2576=CARTESIAN_POINT('',(-5.E-2,4.E0,3.75E-1));
#2577=CARTESIAN_POINT('',(-5.E-2,4.E0,5.E-1));
#2578=VERTEX_POINT('',#2576);
#2579=VERTEX_POINT('',#2577);
#2580=CARTESIAN_POINT('',(7.5E-1,4.7E0,5.E-1));
#2581=CARTESIAN_POINT('',(7.5E-1,4.7E0,3.75E-1));
#2582=VERTEX_POINT('',#2580);
#2583=VERTEX_POINT('',#2581);
#2584=CARTESIAN_POINT('',(5.E-2,4.E0,5.E-1));
#2585=CARTESIAN_POINT('',(5.E-2,4.E0,3.75E-1));
#2586=VERTEX_POINT('',#2584);
#2587=VERTEX_POINT('',#2585);
#2588=CARTESIAN_POINT('',(-2.15E-2,1.545323368926E0,-3.129882E-1));
#2589=CARTESIAN_POINT('',(-2.535365853648E-2,1.553211492062E0,-3.129882E-1));
#2590=VERTEX_POINT('',#2588);
#2591=VERTEX_POINT('',#2589);
#2592=CARTESIAN_POINT('',(2.535365853655E-2,1.553211492062E0,-3.129882E-1));
#2593=CARTESIAN_POINT('',(2.15E-2,1.545323368926E0,-3.129882E-1));
#2594=VERTEX_POINT('',#2592);
#2595=VERTEX_POINT('',#2593);
#2596=CARTESIAN_POINT('',(-2.362204724409E-1,1.5E0,-3.129882E-1));
#2597=CARTESIAN_POINT('',(-2.15E-2,1.5E0,-3.129882E-1));
#2598=VERTEX_POINT('',#2596);
#2599=VERTEX_POINT('',#2597);
#2600=CARTESIAN_POINT('',(2.15E-2,1.5E0,-3.129882E-1));
#2601=CARTESIAN_POINT('',(2.362204724409E-1,1.5E0,-3.129882E-1));
#2602=VERTEX_POINT('',#2600);
#2603=VERTEX_POINT('',#2601);
#2604=CARTESIAN_POINT('',(2.362204724409E-1,1.5E0,-3.75E-1));
#2605=VERTEX_POINT('',#2604);
#2606=CARTESIAN_POINT('',(-2.362204724409E-1,1.5E0,-3.75E-1));
#2607=VERTEX_POINT('',#2606);
#2608=CARTESIAN_POINT('',(-2.15E-2,1.5E0,-3.75E-1));
#2609=VERTEX_POINT('',#2608);
#2610=CARTESIAN_POINT('',(2.15E-2,1.5E0,-3.75E-1));
#2611=VERTEX_POINT('',#2610);
#2612=CARTESIAN_POINT('',(-2.15E-2,1.545323368926E0,-3.75E-1));
#2613=VERTEX_POINT('',#2612);
#2614=CARTESIAN_POINT('',(-2.535365853658E-2,1.553211492062E0,-3.75E-1));
#2615=VERTEX_POINT('',#2614);
#2616=CARTESIAN_POINT('',(2.535365853659E-2,1.553211492062E0,-3.75E-1));
#2617=CARTESIAN_POINT('',(2.15E-2,1.545323368926E0,-3.75E-1));
#2618=VERTEX_POINT('',#2616);
#2619=VERTEX_POINT('',#2617);
#2620=CARTESIAN_POINT('',(0.E0,1.627E0,-3.75E-1));
#2621=VERTEX_POINT('',#2620);
#2622=CARTESIAN_POINT('',(0.E0,1.693897637795E0,-3.75E-1));
#2623=VERTEX_POINT('',#2622);
#2624=CARTESIAN_POINT('',(2.362204724409E-1,1.693897637795E0,-3.75E-1));
#2625=CARTESIAN_POINT('',(2.362204724409E-1,1.693897637795E0,-3.129882E-1));
#2626=VERTEX_POINT('',#2624);
#2627=VERTEX_POINT('',#2625);
#2628=CARTESIAN_POINT('',(-2.362204724409E-1,1.693897637795E0,-3.75E-1));
#2629=CARTESIAN_POINT('',(-2.362204724409E-1,1.693897637795E0,-3.129882E-1));
#2630=VERTEX_POINT('',#2628);
#2631=VERTEX_POINT('',#2629);
#2632=CARTESIAN_POINT('',(2.15E-2,2.769685039370E0,-3.129882E-1));
#2633=CARTESIAN_POINT('',(2.15E-2,2.724361670444E0,-3.129882E-1));
#2634=VERTEX_POINT('',#2632);
#2635=VERTEX_POINT('',#2633);
#2636=CARTESIAN_POINT('',(2.535365853651E-2,2.716473547308E0,-3.129882E-1));
#2637=VERTEX_POINT('',#2636);
#2638=CARTESIAN_POINT('',(-2.535365853641E-2,2.716473547308E0,-3.129882E-1));
#2639=CARTESIAN_POINT('',(-2.15E-2,2.724361670444E0,-3.129882E-1));
#2640=VERTEX_POINT('',#2638);
#2641=VERTEX_POINT('',#2639);
#2642=CARTESIAN_POINT('',(-2.15E-2,2.769685039370E0,-3.129882E-1));
#2643=VERTEX_POINT('',#2642);
#2644=CARTESIAN_POINT('',(2.15E-2,2.769685039370E0,-3.75E-1));
#2645=CARTESIAN_POINT('',(2.15E-2,2.724361670444E0,-3.75E-1));
#2646=VERTEX_POINT('',#2644);
#2647=VERTEX_POINT('',#2645);
#2648=CARTESIAN_POINT('',(2.535365853659E-2,2.716473547308E0,-3.75E-1));
#2649=VERTEX_POINT('',#2648);
#2650=CARTESIAN_POINT('',(-2.535365853659E-2,2.716473547308E0,-3.75E-1));
#2651=CARTESIAN_POINT('',(-2.15E-2,2.724361670444E0,-3.75E-1));
#2652=VERTEX_POINT('',#2650);
#2653=VERTEX_POINT('',#2651);
#2654=CARTESIAN_POINT('',(-2.15E-2,2.769685039370E0,-3.75E-1));
#2655=VERTEX_POINT('',#2654);
#2656=CARTESIAN_POINT('',(0.E0,2.642685039370E0,-3.75E-1));
#2657=VERTEX_POINT('',#2656);
#2658=CARTESIAN_POINT('',(2.362204724409E-1,2.575787401575E0,-3.75E-1));
#2659=CARTESIAN_POINT('',(2.362204724409E-1,2.575787401575E0,-3.129882E-1));
#2660=VERTEX_POINT('',#2658);
#2661=VERTEX_POINT('',#2659);
#2662=CARTESIAN_POINT('',(2.362204724409E-1,2.769685039370E0,-3.75E-1));
#2663=CARTESIAN_POINT('',(2.362204724409E-1,2.769685039370E0,-3.129882E-1));
#2664=VERTEX_POINT('',#2662);
#2665=VERTEX_POINT('',#2663);
#2666=CARTESIAN_POINT('',(-2.362204724409E-1,2.769685039370E0,-3.75E-1));
#2667=CARTESIAN_POINT('',(-2.362204724409E-1,2.769685039370E0,-3.129882E-1));
#2668=VERTEX_POINT('',#2666);
#2669=VERTEX_POINT('',#2667);
#2670=CARTESIAN_POINT('',(-2.362204724409E-1,2.575787401575E0,-3.75E-1));
#2671=CARTESIAN_POINT('',(-2.362204724409E-1,2.575787401575E0,-3.129882E-1));
#2672=VERTEX_POINT('',#2670);
#2673=VERTEX_POINT('',#2671);
#2674=CARTESIAN_POINT('',(5.E-1,0.E0,-5.E-1));
#2675=DIRECTION('',(1.E0,0.E0,0.E0));
#2676=DIRECTION('',(0.E0,1.E0,0.E0));
#2677=AXIS2_PLACEMENT_3D('',#2674,#2675,#2676);
#2678=PLANE('',#2677);
#2680=ORIENTED_EDGE('',*,*,#2679,.T.);
#2682=ORIENTED_EDGE('',*,*,#2681,.F.);
#2684=ORIENTED_EDGE('',*,*,#2683,.T.);
#2686=ORIENTED_EDGE('',*,*,#2685,.T.);
#2687=EDGE_LOOP('',(#2680,#2682,#2684,#2686));
#2688=FACE_OUTER_BOUND('',#2687,.F.);
#2690=FILL_AREA_STYLE_COLOUR('',#14);
#2691=FILL_AREA_STYLE('',(#2690));
#2692=SURFACE_STYLE_FILL_AREA(#2691);
#2693=SURFACE_SIDE_STYLE('',(#2692));
#2694=SURFACE_STYLE_USAGE(.BOTH.,#2693);
#2695=PRESENTATION_STYLE_ASSIGNMENT((#2694));
#2696=STYLED_ITEM('',(#2695),#2689);
#2697=CARTESIAN_POINT('',(0.E0,8.75E-1,-1.8036E0));
#2698=DIRECTION('',(0.E0,0.E0,1.E0));
#2699=DIRECTION('',(-1.E0,0.E0,0.E0));
#2700=AXIS2_PLACEMENT_3D('',#2697,#2698,#2699);
#2701=CYLINDRICAL_SURFACE('',#2700,5.E-1);
#2703=ORIENTED_EDGE('',*,*,#2702,.F.);
#2705=ORIENTED_EDGE('',*,*,#2704,.F.);
#2707=ORIENTED_EDGE('',*,*,#2706,.F.);
#2708=ORIENTED_EDGE('',*,*,#2679,.F.);
#2709=EDGE_LOOP('',(#2703,#2705,#2707,#2708));
#2710=FACE_OUTER_BOUND('',#2709,.F.);
#2712=FILL_AREA_STYLE_COLOUR('',#14);
#2713=FILL_AREA_STYLE('',(#2712));
#2714=SURFACE_STYLE_FILL_AREA(#2713);
#2715=SURFACE_SIDE_STYLE('',(#2714));
#2716=SURFACE_STYLE_USAGE(.BOTH.,#2715);
#2717=PRESENTATION_STYLE_ASSIGNMENT((#2716));
#2718=STYLED_ITEM('',(#2717),#2711);
#2719=CARTESIAN_POINT('',(7.E-1,1.5E0,3.E-1));
#2720=DIRECTION('',(0.E0,0.E0,1.E0));
#2721=DIRECTION('',(0.E0,-1.E0,0.E0));
#2722=AXIS2_PLACEMENT_3D('',#2719,#2720,#2721);
#2723=PLANE('',#2722);
#2724=ORIENTED_EDGE('',*,*,#2702,.T.);
#2725=ORIENTED_EDGE('',*,*,#2685,.F.);
#2727=ORIENTED_EDGE('',*,*,#2726,.T.);
#2729=ORIENTED_EDGE('',*,*,#2728,.T.);
#2730=EDGE_LOOP('',(#2724,#2725,#2727,#2729));
#2731=FACE_OUTER_BOUND('',#2730,.F.);
#2733=ORIENTED_EDGE('',*,*,#2732,.T.);
#2735=ORIENTED_EDGE('',*,*,#2734,.T.);
#2736=EDGE_LOOP('',(#2733,#2735));
#2737=FACE_BOUND('',#2736,.F.);
#2739=FILL_AREA_STYLE_COLOUR('',#14);
#2740=FILL_AREA_STYLE('',(#2739));
#2741=SURFACE_STYLE_FILL_AREA(#2740);
#2742=SURFACE_SIDE_STYLE('',(#2741));
#2743=SURFACE_STYLE_USAGE(.BOTH.,#2742);
#2744=PRESENTATION_STYLE_ASSIGNMENT((#2743));
#2745=STYLED_ITEM('',(#2744),#2738);
#2746=CARTESIAN_POINT('',(0.E0,8.375E-1,-5.E-1));
#2747=DIRECTION('',(0.E0,0.E0,-1.E0));
#2748=DIRECTION('',(-1.E0,0.E0,0.E0));
#2749=AXIS2_PLACEMENT_3D('',#2746,#2747,#2748);
#2750=CYLINDRICAL_SURFACE('',#2749,3.15E-1);
#2752=ORIENTED_EDGE('',*,*,#2751,.F.);
#2754=ORIENTED_EDGE('',*,*,#2753,.T.);
#2756=ORIENTED_EDGE('',*,*,#2755,.T.);
#2758=ORIENTED_EDGE('',*,*,#2757,.F.);
#2759=EDGE_LOOP('',(#2752,#2754,#2756,#2758));
#2760=FACE_OUTER_BOUND('',#2759,.F.);
#2762=FILL_AREA_STYLE_COLOUR('',#14);
#2763=FILL_AREA_STYLE('',(#2762));
#2764=SURFACE_STYLE_FILL_AREA(#2763);
#2765=SURFACE_SIDE_STYLE('',(#2764));
#2766=SURFACE_STYLE_USAGE(.BOTH.,#2765);
#2767=PRESENTATION_STYLE_ASSIGNMENT((#2766));
#2768=STYLED_ITEM('',(#2767),#2761);
#2769=CARTESIAN_POINT('',(0.E0,8.375E-1,-5.E-1));
#2770=DIRECTION('',(0.E0,0.E0,-1.E0));
#2771=DIRECTION('',(-1.E0,0.E0,0.E0));
#2772=AXIS2_PLACEMENT_3D('',#2769,#2770,#2771);
#2773=CYLINDRICAL_SURFACE('',#2772,3.15E-1);
#2775=ORIENTED_EDGE('',*,*,#2774,.T.);
#2777=ORIENTED_EDGE('',*,*,#2776,.F.);
#2778=ORIENTED_EDGE('',*,*,#2732,.F.);
#2780=ORIENTED_EDGE('',*,*,#2779,.T.);
#2781=EDGE_LOOP('',(#2775,#2777,#2778,#2780));
#2782=FACE_OUTER_BOUND('',#2781,.F.);
#2784=FILL_AREA_STYLE_COLOUR('',#14);
#2785=FILL_AREA_STYLE('',(#2784));
#2786=SURFACE_STYLE_FILL_AREA(#2785);
#2787=SURFACE_SIDE_STYLE('',(#2786));
#2788=SURFACE_STYLE_USAGE(.POSITIVE.,#2787);
#2789=PRESENTATION_STYLE_ASSIGNMENT((#2788));
#2790=STYLED_ITEM('',(#2789),#2783);
#2791=CARTESIAN_POINT('',(8.5E-1,3.354289321881E0,-5.E-1));
#2792=DIRECTION('',(0.E0,0.E0,1.E0));
#2793=DIRECTION('',(0.E0,1.E0,0.E0));
#2794=AXIS2_PLACEMENT_3D('',#2791,#2792,#2793);
#2795=PLANE('',#2794);
#2797=ORIENTED_EDGE('',*,*,#2796,.F.);
#2799=ORIENTED_EDGE('',*,*,#2798,.F.);
#2801=ORIENTED_EDGE('',*,*,#2800,.F.);
#2803=ORIENTED_EDGE('',*,*,#2802,.F.);
#2805=ORIENTED_EDGE('',*,*,#2804,.T.);
#2807=ORIENTED_EDGE('',*,*,#2806,.T.);
#2809=ORIENTED_EDGE('',*,*,#2808,.F.);
#2811=ORIENTED_EDGE('',*,*,#2810,.F.);
#2813=ORIENTED_EDGE('',*,*,#2812,.F.);
#2815=ORIENTED_EDGE('',*,*,#2814,.T.);
#2817=ORIENTED_EDGE('',*,*,#2816,.T.);
#2819=ORIENTED_EDGE('',*,*,#2818,.F.);
#2821=ORIENTED_EDGE('',*,*,#2820,.F.);
#2823=ORIENTED_EDGE('',*,*,#2822,.F.);
#2824=EDGE_LOOP('',(#2797,#2799,#2801,#2803,#2805,#2807,#2809,#2811,#2813,#2815,
#2817,#2819,#2821,#2823));
#2825=FACE_OUTER_BOUND('',#2824,.F.);
#2827=ORIENTED_EDGE('',*,*,#2826,.T.);
#2829=ORIENTED_EDGE('',*,*,#2828,.T.);
#2830=EDGE_LOOP('',(#2827,#2829));
#2831=FACE_BOUND('',#2830,.F.);
#2833=ORIENTED_EDGE('',*,*,#2832,.T.);
#2835=ORIENTED_EDGE('',*,*,#2834,.T.);
#2836=EDGE_LOOP('',(#2833,#2835));
#2837=FACE_BOUND('',#2836,.F.);
#2839=ORIENTED_EDGE('',*,*,#2838,.T.);
#2841=ORIENTED_EDGE('',*,*,#2840,.T.);
#2842=EDGE_LOOP('',(#2839,#2841));
#2843=FACE_BOUND('',#2842,.F.);
#2844=ORIENTED_EDGE('',*,*,#2751,.T.);
#2846=ORIENTED_EDGE('',*,*,#2845,.T.);
#2847=EDGE_LOOP('',(#2844,#2846));
#2848=FACE_BOUND('',#2847,.F.);
#2850=FILL_AREA_STYLE_COLOUR('',#14);
#2851=FILL_AREA_STYLE('',(#2850));
#2852=SURFACE_STYLE_FILL_AREA(#2851);
#2853=SURFACE_SIDE_STYLE('',(#2852));
#2854=SURFACE_STYLE_USAGE(.BOTH.,#2853);
#2855=PRESENTATION_STYLE_ASSIGNMENT((#2854));
#2856=STYLED_ITEM('',(#2855),#2849);
#2857=CARTESIAN_POINT('',(0.E0,8.375E-1,-5.E-1));
#2858=DIRECTION('',(0.E0,0.E0,-1.E0));
#2859=DIRECTION('',(-1.E0,0.E0,0.E0));
#2860=AXIS2_PLACEMENT_3D('',#2857,#2858,#2859);
#2861=CYLINDRICAL_SURFACE('',#2860,3.15E-1);
#2862=ORIENTED_EDGE('',*,*,#2845,.F.);
#2863=ORIENTED_EDGE('',*,*,#2757,.T.);
#2865=ORIENTED_EDGE('',*,*,#2864,.T.);
#2866=ORIENTED_EDGE('',*,*,#2753,.F.);
#2867=EDGE_LOOP('',(#2862,#2863,#2865,#2866));
#2868=FACE_OUTER_BOUND('',#2867,.F.);
#2870=FILL_AREA_STYLE_COLOUR('',#14);
#2871=FILL_AREA_STYLE('',(#2870));
#2872=SURFACE_STYLE_FILL_AREA(#2871);
#2873=SURFACE_SIDE_STYLE('',(#2872));
#2874=SURFACE_STYLE_USAGE(.BOTH.,#2873);
#2875=PRESENTATION_STYLE_ASSIGNMENT((#2874));
#2876=STYLED_ITEM('',(#2875),#2869);
#2877=CARTESIAN_POINT('',(0.E0,8.375E-1,-5.E-1));
#2878=DIRECTION('',(0.E0,0.E0,-1.E0));
#2879=DIRECTION('',(-1.E0,0.E0,0.E0));
#2880=AXIS2_PLACEMENT_3D('',#2877,#2878,#2879);
#2881=CYLINDRICAL_SURFACE('',#2880,3.15E-1);
#2883=ORIENTED_EDGE('',*,*,#2882,.T.);
#2884=ORIENTED_EDGE('',*,*,#2779,.F.);
#2885=ORIENTED_EDGE('',*,*,#2734,.F.);
#2886=ORIENTED_EDGE('',*,*,#2776,.T.);
#2887=EDGE_LOOP('',(#2883,#2884,#2885,#2886));
#2888=FACE_OUTER_BOUND('',#2887,.F.);
#2890=FILL_AREA_STYLE_COLOUR('',#14);
#2891=FILL_AREA_STYLE('',(#2890));
#2892=SURFACE_STYLE_FILL_AREA(#2891);
#2893=SURFACE_SIDE_STYLE('',(#2892));
#2894=SURFACE_STYLE_USAGE(.POSITIVE.,#2893);
#2895=PRESENTATION_STYLE_ASSIGNMENT((#2894));
#2896=STYLED_ITEM('',(#2895),#2889);
#2897=CARTESIAN_POINT('',(7.E-1,1.75E-1,-3.E-1));
#2898=DIRECTION('',(0.E0,0.E0,-1.E0));
#2899=DIRECTION('',(0.E0,1.E0,0.E0));
#2900=AXIS2_PLACEMENT_3D('',#2897,#2898,#2899);
#2901=PLANE('',#2900);
#2902=ORIENTED_EDGE('',*,*,#2706,.T.);
#2904=ORIENTED_EDGE('',*,*,#2903,.F.);
#2906=ORIENTED_EDGE('',*,*,#2905,.F.);
#2907=ORIENTED_EDGE('',*,*,#2681,.T.);
#2908=EDGE_LOOP('',(#2902,#2904,#2906,#2907));
#2909=FACE_OUTER_BOUND('',#2908,.F.);
#2910=ORIENTED_EDGE('',*,*,#2755,.F.);
#2911=ORIENTED_EDGE('',*,*,#2864,.F.);
#2912=EDGE_LOOP('',(#2910,#2911));
#2913=FACE_BOUND('',#2912,.F.);
#2915=FILL_AREA_STYLE_COLOUR('',#14);
#2916=FILL_AREA_STYLE('',(#2915));
#2917=SURFACE_STYLE_FILL_AREA(#2916);
#2918=SURFACE_SIDE_STYLE('',(#2917));
#2919=SURFACE_STYLE_USAGE(.BOTH.,#2918);
#2920=PRESENTATION_STYLE_ASSIGNMENT((#2919));
#2921=STYLED_ITEM('',(#2920),#2914);
#2922=CARTESIAN_POINT('',(-5.E-1,1.5E0,-5.E-1));
#2923=DIRECTION('',(-1.E0,0.E0,0.E0));
#2924=DIRECTION('',(0.E0,-1.E0,0.E0));
#2925=AXIS2_PLACEMENT_3D('',#2922,#2923,#2924);
#2926=PLANE('',#2925);
#2927=ORIENTED_EDGE('',*,*,#2704,.T.);
#2928=ORIENTED_EDGE('',*,*,#2728,.F.);
#2930=ORIENTED_EDGE('',*,*,#2929,.F.);
#2931=ORIENTED_EDGE('',*,*,#2903,.T.);
#2932=EDGE_LOOP('',(#2927,#2928,#2930,#2931));
#2933=FACE_OUTER_BOUND('',#2932,.F.);
#2935=FILL_AREA_STYLE_COLOUR('',#14);
#2936=FILL_AREA_STYLE('',(#2935));
#2937=SURFACE_STYLE_FILL_AREA(#2936);
#2938=SURFACE_SIDE_STYLE('',(#2937));
#2939=SURFACE_STYLE_USAGE(.BOTH.,#2938);
#2940=PRESENTATION_STYLE_ASSIGNMENT((#2939));
#2941=STYLED_ITEM('',(#2940),#2934);
#2942=CARTESIAN_POINT('',(-7.5E-1,1.75E0,-5.E-1));
#2943=DIRECTION('',(-7.071067811865E-1,-7.071067811865E-1,0.E0));
#2944=DIRECTION('',(7.071067811865E-1,-7.071067811865E-1,0.E0));
#2945=AXIS2_PLACEMENT_3D('',#2942,#2943,#2944);
#2946=PLANE('',#2945);
#2948=ORIENTED_EDGE('',*,*,#2947,.F.);
#2950=ORIENTED_EDGE('',*,*,#2949,.F.);
#2952=ORIENTED_EDGE('',*,*,#2951,.T.);
#2954=ORIENTED_EDGE('',*,*,#2953,.T.);
#2955=ORIENTED_EDGE('',*,*,#2929,.T.);
#2957=ORIENTED_EDGE('',*,*,#2956,.F.);
#2958=EDGE_LOOP('',(#2948,#2950,#2952,#2954,#2955,#2957));
#2959=FACE_OUTER_BOUND('',#2958,.F.);
#2961=FILL_AREA_STYLE_COLOUR('',#14);
#2962=FILL_AREA_STYLE('',(#2961));
#2963=SURFACE_STYLE_FILL_AREA(#2962);
#2964=SURFACE_SIDE_STYLE('',(#2963));
#2965=SURFACE_STYLE_USAGE(.BOTH.,#2964);
#2966=PRESENTATION_STYLE_ASSIGNMENT((#2965));
#2967=STYLED_ITEM('',(#2966),#2960);
#2968=CARTESIAN_POINT('',(0.E0,0.E0,3.75E-1));
#2969=DIRECTION('',(0.E0,0.E0,-1.E0));
#2970=DIRECTION('',(-1.E0,0.E0,0.E0));
#2971=AXIS2_PLACEMENT_3D('',#2968,#2969,#2970);
#2972=PLANE('',#2971);
#2974=ORIENTED_EDGE('',*,*,#2973,.T.);
#2976=ORIENTED_EDGE('',*,*,#2975,.F.);
#2978=ORIENTED_EDGE('',*,*,#2977,.F.);
#2980=ORIENTED_EDGE('',*,*,#2979,.F.);
#2982=ORIENTED_EDGE('',*,*,#2981,.T.);
#2983=ORIENTED_EDGE('',*,*,#2947,.T.);
#2985=ORIENTED_EDGE('',*,*,#2984,.F.);
#2987=ORIENTED_EDGE('',*,*,#2986,.T.);
#2988=EDGE_LOOP('',(#2974,#2976,#2978,#2980,#2982,#2983,#2985,#2987));
#2989=FACE_OUTER_BOUND('',#2988,.F.);
#2991=ORIENTED_EDGE('',*,*,#2990,.F.);
#2993=ORIENTED_EDGE('',*,*,#2992,.F.);
#2995=ORIENTED_EDGE('',*,*,#2994,.F.);
#2997=ORIENTED_EDGE('',*,*,#2996,.F.);
#2998=EDGE_LOOP('',(#2991,#2993,#2995,#2997));
#2999=FACE_BOUND('',#2998,.F.);
#3001=FILL_AREA_STYLE_COLOUR('',#14);
#3002=FILL_AREA_STYLE('',(#3001));
#3003=SURFACE_STYLE_FILL_AREA(#3002);
#3004=SURFACE_SIDE_STYLE('',(#3003));
#3005=SURFACE_STYLE_USAGE(.BOTH.,#3004);
#3006=PRESENTATION_STYLE_ASSIGNMENT((#3005));
#3007=STYLED_ITEM('',(#3006),#3000);
#3008=CARTESIAN_POINT('',(-2.362204724409E-1,2.575787401575E0,5.E-1));
#3009=DIRECTION('',(-1.E0,0.E0,0.E0));
#3010=DIRECTION('',(0.E0,-1.E0,0.E0));
#3011=AXIS2_PLACEMENT_3D('',#3008,#3009,#3010);
#3012=PLANE('',#3011);
#3014=ORIENTED_EDGE('',*,*,#3013,.F.);
#3016=ORIENTED_EDGE('',*,*,#3015,.T.);
#3017=ORIENTED_EDGE('',*,*,#2990,.T.);
#3019=ORIENTED_EDGE('',*,*,#3018,.F.);
#3020=EDGE_LOOP('',(#3014,#3016,#3017,#3019));
#3021=FACE_OUTER_BOUND('',#3020,.F.);
#3023=FILL_AREA_STYLE_COLOUR('',#14);
#3024=FILL_AREA_STYLE('',(#3023));
#3025=SURFACE_STYLE_FILL_AREA(#3024);
#3026=SURFACE_SIDE_STYLE('',(#3025));
#3027=SURFACE_STYLE_USAGE(.BOTH.,#3026);
#3028=PRESENTATION_STYLE_ASSIGNMENT((#3027));
#3029=STYLED_ITEM('',(#3028),#3022);
#3030=CARTESIAN_POINT('',(8.5E-1,3.354289321881E0,5.E-1));
#3031=DIRECTION('',(0.E0,0.E0,1.E0));
#3032=DIRECTION('',(0.E0,1.E0,0.E0));
#3033=AXIS2_PLACEMENT_3D('',#3030,#3031,#3032);
#3034=PLANE('',#3033);
#3036=ORIENTED_EDGE('',*,*,#3035,.T.);
#3038=ORIENTED_EDGE('',*,*,#3037,.F.);
#3040=ORIENTED_EDGE('',*,*,#3039,.T.);
#3042=ORIENTED_EDGE('',*,*,#3041,.T.);
#3044=ORIENTED_EDGE('',*,*,#3043,.F.);
#3046=ORIENTED_EDGE('',*,*,#3045,.F.);
#3048=ORIENTED_EDGE('',*,*,#3047,.F.);
#3050=ORIENTED_EDGE('',*,*,#3049,.F.);
#3052=ORIENTED_EDGE('',*,*,#3051,.F.);
#3054=ORIENTED_EDGE('',*,*,#3053,.F.);
#3056=ORIENTED_EDGE('',*,*,#3055,.F.);
#3058=ORIENTED_EDGE('',*,*,#3057,.T.);
#3060=ORIENTED_EDGE('',*,*,#3059,.T.);
#3062=ORIENTED_EDGE('',*,*,#3061,.F.);
#3063=EDGE_LOOP('',(#3036,#3038,#3040,#3042,#3044,#3046,#3048,#3050,#3052,#3054,
#3056,#3058,#3060,#3062));
#3064=FACE_OUTER_BOUND('',#3063,.F.);
#3065=ORIENTED_EDGE('',*,*,#3013,.T.);
#3067=ORIENTED_EDGE('',*,*,#3066,.T.);
#3069=ORIENTED_EDGE('',*,*,#3068,.T.);
#3071=ORIENTED_EDGE('',*,*,#3070,.T.);
#3072=EDGE_LOOP('',(#3065,#3067,#3069,#3071));
#3073=FACE_BOUND('',#3072,.F.);
#3074=ORIENTED_EDGE('',*,*,#2774,.F.);
#3075=ORIENTED_EDGE('',*,*,#2882,.F.);
#3076=EDGE_LOOP('',(#3074,#3075));
#3077=FACE_BOUND('',#3076,.F.);
#3079=FILL_AREA_STYLE_COLOUR('',#14);
#3080=FILL_AREA_STYLE('',(#3079));
#3081=SURFACE_STYLE_FILL_AREA(#3080);
#3082=SURFACE_SIDE_STYLE('',(#3081));
#3083=SURFACE_STYLE_USAGE(.BOTH.,#3082);
#3084=PRESENTATION_STYLE_ASSIGNMENT((#3083));
#3085=STYLED_ITEM('',(#3084),#3078);
#3086=CARTESIAN_POINT('',(-2.362204724409E-1,1.693897637795E0,5.E-1));
#3087=DIRECTION('',(0.E0,-1.E0,0.E0));
#3088=DIRECTION('',(1.E0,0.E0,0.E0));
#3089=AXIS2_PLACEMENT_3D('',#3086,#3087,#3088);
#3090=PLANE('',#3089);
#3091=ORIENTED_EDGE('',*,*,#3066,.F.);
#3092=ORIENTED_EDGE('',*,*,#3018,.T.);
#3093=ORIENTED_EDGE('',*,*,#2996,.T.);
#3095=ORIENTED_EDGE('',*,*,#3094,.F.);
#3096=EDGE_LOOP('',(#3091,#3092,#3093,#3095));
#3097=FACE_OUTER_BOUND('',#3096,.F.);
#3099=FILL_AREA_STYLE_COLOUR('',#14);
#3100=FILL_AREA_STYLE('',(#3099));
#3101=SURFACE_STYLE_FILL_AREA(#3100);
#3102=SURFACE_SIDE_STYLE('',(#3101));
#3103=SURFACE_STYLE_USAGE(.BOTH.,#3102);
#3104=PRESENTATION_STYLE_ASSIGNMENT((#3103));
#3105=STYLED_ITEM('',(#3104),#3098);
#3106=CARTESIAN_POINT('',(2.362204724409E-1,1.693897637795E0,5.E-1));
#3107=DIRECTION('',(1.E0,0.E0,0.E0));
#3108=DIRECTION('',(0.E0,1.E0,0.E0));
#3109=AXIS2_PLACEMENT_3D('',#3106,#3107,#3108);
#3110=PLANE('',#3109);
#3111=ORIENTED_EDGE('',*,*,#3068,.F.);
#3112=ORIENTED_EDGE('',*,*,#3094,.T.);
#3113=ORIENTED_EDGE('',*,*,#2994,.T.);
#3115=ORIENTED_EDGE('',*,*,#3114,.F.);
#3116=EDGE_LOOP('',(#3111,#3112,#3113,#3115));
#3117=FACE_OUTER_BOUND('',#3116,.F.);
#3119=FILL_AREA_STYLE_COLOUR('',#14);
#3120=FILL_AREA_STYLE('',(#3119));
#3121=SURFACE_STYLE_FILL_AREA(#3120);
#3122=SURFACE_SIDE_STYLE('',(#3121));
#3123=SURFACE_STYLE_USAGE(.BOTH.,#3122);
#3124=PRESENTATION_STYLE_ASSIGNMENT((#3123));
#3125=STYLED_ITEM('',(#3124),#3118);
#3126=CARTESIAN_POINT('',(2.362204724409E-1,2.575787401575E0,5.E-1));
#3127=DIRECTION('',(0.E0,1.E0,0.E0));
#3128=DIRECTION('',(-1.E0,0.E0,0.E0));
#3129=AXIS2_PLACEMENT_3D('',#3126,#3127,#3128);
#3130=PLANE('',#3129);
#3131=ORIENTED_EDGE('',*,*,#3070,.F.);
#3132=ORIENTED_EDGE('',*,*,#3114,.T.);
#3133=ORIENTED_EDGE('',*,*,#2992,.T.);
#3134=ORIENTED_EDGE('',*,*,#3015,.F.);
#3135=EDGE_LOOP('',(#3131,#3132,#3133,#3134));
#3136=FACE_OUTER_BOUND('',#3135,.F.);
#3138=FILL_AREA_STYLE_COLOUR('',#14);
#3139=FILL_AREA_STYLE('',(#3138));
#3140=SURFACE_STYLE_FILL_AREA(#3139);
#3141=SURFACE_SIDE_STYLE('',(#3140));
#3142=SURFACE_STYLE_USAGE(.BOTH.,#3141);
#3143=PRESENTATION_STYLE_ASSIGNMENT((#3142));
#3144=STYLED_ITEM('',(#3143),#3137);
#3145=CARTESIAN_POINT('',(-7.5E-1,4.E0,5.E-1));
#3146=DIRECTION('',(0.E0,-1.E0,0.E0));
#3147=DIRECTION('',(1.E0,0.E0,0.E0));
#3148=AXIS2_PLACEMENT_3D('',#3145,#3146,#3147);
#3149=PLANE('',#3148);
#3151=ORIENTED_EDGE('',*,*,#3150,.F.);
#3152=ORIENTED_EDGE('',*,*,#2977,.T.);
#3154=ORIENTED_EDGE('',*,*,#3153,.F.);
#3155=ORIENTED_EDGE('',*,*,#3035,.F.);
#3156=EDGE_LOOP('',(#3151,#3152,#3154,#3155));
#3157=FACE_OUTER_BOUND('',#3156,.F.);
#3159=FILL_AREA_STYLE_COLOUR('',#14);
#3160=FILL_AREA_STYLE('',(#3159));
#3161=SURFACE_STYLE_FILL_AREA(#3160);
#3162=SURFACE_SIDE_STYLE('',(#3161));
#3163=SURFACE_STYLE_USAGE(.BOTH.,#3162);
#3164=PRESENTATION_STYLE_ASSIGNMENT((#3163));
#3165=STYLED_ITEM('',(#3164),#3158);
#3166=CARTESIAN_POINT('',(-5.E-2,4.7E0,-1.8036E0));
#3167=DIRECTION('',(0.E0,0.E0,1.E0));
#3168=DIRECTION('',(-1.E0,0.E0,0.E0));
#3169=AXIS2_PLACEMENT_3D('',#3166,#3167,#3168);
#3170=CYLINDRICAL_SURFACE('',#3169,7.E-1);
#3172=ORIENTED_EDGE('',*,*,#3171,.F.);
#3173=ORIENTED_EDGE('',*,*,#2979,.T.);
#3174=ORIENTED_EDGE('',*,*,#3150,.T.);
#3175=ORIENTED_EDGE('',*,*,#3061,.T.);
#3176=EDGE_LOOP('',(#3172,#3173,#3174,#3175));
#3177=FACE_OUTER_BOUND('',#3176,.F.);
#3179=FILL_AREA_STYLE_COLOUR('',#14);
#3180=FILL_AREA_STYLE('',(#3179));
#3181=SURFACE_STYLE_FILL_AREA(#3180);
#3182=SURFACE_SIDE_STYLE('',(#3181));
#3183=SURFACE_STYLE_USAGE(.BOTH.,#3182);
#3184=PRESENTATION_STYLE_ASSIGNMENT((#3183));
#3185=STYLED_ITEM('',(#3184),#3178);
#3186=CARTESIAN_POINT('',(-7.5E-1,5.E0,-5.E-1));
#3187=DIRECTION('',(-1.E0,0.E0,0.E0));
#3188=DIRECTION('',(0.E0,-1.E0,0.E0));
#3189=AXIS2_PLACEMENT_3D('',#3186,#3187,#3188);
#3190=PLANE('',#3189);
#3192=ORIENTED_EDGE('',*,*,#3191,.T.);
#3194=ORIENTED_EDGE('',*,*,#3193,.F.);
#3195=ORIENTED_EDGE('',*,*,#2949,.T.);
#3196=ORIENTED_EDGE('',*,*,#2981,.F.);
#3197=ORIENTED_EDGE('',*,*,#3171,.T.);
#3198=ORIENTED_EDGE('',*,*,#3059,.F.);
#3200=ORIENTED_EDGE('',*,*,#3199,.F.);
#3201=ORIENTED_EDGE('',*,*,#2800,.T.);
#3202=EDGE_LOOP('',(#3192,#3194,#3195,#3196,#3197,#3198,#3200,#3201));
#3203=FACE_OUTER_BOUND('',#3202,.F.);
#3205=ORIENTED_EDGE('',*,*,#3204,.F.);
#3207=ORIENTED_EDGE('',*,*,#3206,.F.);
#3209=ORIENTED_EDGE('',*,*,#3208,.F.);
#3211=ORIENTED_EDGE('',*,*,#3210,.T.);
#3213=ORIENTED_EDGE('',*,*,#3212,.F.);
#3215=ORIENTED_EDGE('',*,*,#3214,.F.);
#3217=ORIENTED_EDGE('',*,*,#3216,.F.);
#3219=ORIENTED_EDGE('',*,*,#3218,.T.);
#3221=ORIENTED_EDGE('',*,*,#3220,.F.);
#3223=ORIENTED_EDGE('',*,*,#3222,.F.);
#3225=ORIENTED_EDGE('',*,*,#3224,.F.);
#3227=ORIENTED_EDGE('',*,*,#3226,.T.);
#3229=ORIENTED_EDGE('',*,*,#3228,.F.);
#3231=ORIENTED_EDGE('',*,*,#3230,.F.);
#3233=ORIENTED_EDGE('',*,*,#3232,.F.);
#3235=ORIENTED_EDGE('',*,*,#3234,.T.);
#3236=EDGE_LOOP('',(#3205,#3207,#3209,#3211,#3213,#3215,#3217,#3219,#3221,#3223,
#3225,#3227,#3229,#3231,#3233,#3235));
#3237=FACE_BOUND('',#3236,.F.);
#3239=FILL_AREA_STYLE_COLOUR('',#14);
#3240=FILL_AREA_STYLE('',(#3239));
#3241=SURFACE_STYLE_FILL_AREA(#3240);
#3242=SURFACE_SIDE_STYLE('',(#3241));
#3243=SURFACE_STYLE_USAGE(.BOTH.,#3242);
#3244=PRESENTATION_STYLE_ASSIGNMENT((#3243));
#3245=STYLED_ITEM('',(#3244),#3238);
#3246=CARTESIAN_POINT('',(-7.5E-1,4.599748476018E0,6.488574371433E-2));
#3247=DIRECTION('',(0.E0,-1.004474171819E-1,9.949423683719E-1));
#3248=DIRECTION('',(0.E0,9.949423683719E-1,1.004474171819E-1));
#3249=AXIS2_PLACEMENT_3D('',#3246,#3247,#3248);
#3250=PLANE('',#3249);
#3251=ORIENTED_EDGE('',*,*,#3204,.T.);
#3253=ORIENTED_EDGE('',*,*,#3252,.T.);
#3255=ORIENTED_EDGE('',*,*,#3254,.F.);
#3257=ORIENTED_EDGE('',*,*,#3256,.F.);
#3258=EDGE_LOOP('',(#3251,#3253,#3255,#3257));
#3259=FACE_OUTER_BOUND('',#3258,.F.);
#3261=FILL_AREA_STYLE_COLOUR('',#14);
#3262=FILL_AREA_STYLE('',(#3261));
#3263=SURFACE_STYLE_FILL_AREA(#3262);
#3264=SURFACE_SIDE_STYLE('',(#3263));
#3265=SURFACE_STYLE_USAGE(.BOTH.,#3264);
#3266=PRESENTATION_STYLE_ASSIGNMENT((#3265));
#3267=STYLED_ITEM('',(#3266),#3260);
#3268=CARTESIAN_POINT('',(-7.5E-1,4.831399681091E0,1.686003189093E-1));
#3269=DIRECTION('',(-1.E0,0.E0,0.E0));
#3270=DIRECTION('',(0.E0,0.E0,-1.E0));
#3271=AXIS2_PLACEMENT_3D('',#3268,#3269,#3270);
#3272=CYLINDRICAL_SURFACE('',#3271,7.992125984252E-2);
#3273=ORIENTED_EDGE('',*,*,#3234,.F.);
#3275=ORIENTED_EDGE('',*,*,#3274,.T.);
#3277=ORIENTED_EDGE('',*,*,#3276,.F.);
#3278=ORIENTED_EDGE('',*,*,#3252,.F.);
#3279=EDGE_LOOP('',(#3273,#3275,#3277,#3278));
#3280=FACE_OUTER_BOUND('',#3279,.F.);
#3282=FILL_AREA_STYLE_COLOUR('',#14);
#3283=FILL_AREA_STYLE('',(#3282));
#3284=SURFACE_STYLE_FILL_AREA(#3283);
#3285=SURFACE_SIDE_STYLE('',(#3284));
#3286=SURFACE_STYLE_USAGE(.BOTH.,#3285);
#3287=PRESENTATION_STYLE_ASSIGNMENT((#3286));
#3288=STYLED_ITEM('',(#3287),#3281);
#3289=CARTESIAN_POINT('',(-7.5E-1,4.910916728642E0,1.605724347802E-1));
#3290=DIRECTION('',(0.E0,-9.949423683719E-1,1.004474171819E-1));
#3291=DIRECTION('',(0.E0,1.004474171819E-1,9.949423683719E-1));
#3292=AXIS2_PLACEMENT_3D('',#3289,#3290,#3291);
#3293=PLANE('',#3292);
#3294=ORIENTED_EDGE('',*,*,#3232,.T.);
#3296=ORIENTED_EDGE('',*,*,#3295,.T.);
#3298=ORIENTED_EDGE('',*,*,#3297,.F.);
#3299=ORIENTED_EDGE('',*,*,#3274,.F.);
#3300=EDGE_LOOP('',(#3294,#3296,#3298,#3299));
#3301=FACE_OUTER_BOUND('',#3300,.F.);
#3303=FILL_AREA_STYLE_COLOUR('',#14);
#3304=FILL_AREA_STYLE('',(#3303));
#3305=SURFACE_STYLE_FILL_AREA(#3304);
#3306=SURFACE_SIDE_STYLE('',(#3305));
#3307=SURFACE_STYLE_USAGE(.BOTH.,#3306);
#3308=PRESENTATION_STYLE_ASSIGNMENT((#3307));
#3309=STYLED_ITEM('',(#3308),#3302);
#3310=CARTESIAN_POINT('',(-7.5E-1,5.E0,3.937007874015E-1));
#3311=DIRECTION('',(-1.E0,0.E0,0.E0));
#3312=DIRECTION('',(0.E0,0.E0,-1.E0));
#3313=AXIS2_PLACEMENT_3D('',#3310,#3311,#3312);
#3314=CYLINDRICAL_SURFACE('',#3313,6.521558009486E-2);
#3315=ORIENTED_EDGE('',*,*,#3230,.T.);
#3317=ORIENTED_EDGE('',*,*,#3316,.T.);
#3319=ORIENTED_EDGE('',*,*,#3318,.F.);
#3320=ORIENTED_EDGE('',*,*,#3295,.F.);
#3321=EDGE_LOOP('',(#3315,#3317,#3319,#3320));
#3322=FACE_OUTER_BOUND('',#3321,.F.);
#3324=FILL_AREA_STYLE_COLOUR('',#14);
#3325=FILL_AREA_STYLE('',(#3324));
#3326=SURFACE_STYLE_FILL_AREA(#3325);
#3327=SURFACE_SIDE_STYLE('',(#3326));
#3328=SURFACE_STYLE_USAGE(.BOTH.,#3327);
#3329=PRESENTATION_STYLE_ASSIGNMENT((#3328));
#3330=STYLED_ITEM('',(#3329),#3323);
#3331=CARTESIAN_POINT('',(-7.5E-1,5.064885743714E0,4.002515239820E-1));
#3332=DIRECTION('',(0.E0,9.949423683719E-1,1.004474171819E-1));
#3333=DIRECTION('',(0.E0,1.004474171819E-1,-9.949423683719E-1));
#3334=AXIS2_PLACEMENT_3D('',#3331,#3332,#3333);
#3335=PLANE('',#3334);
#3336=ORIENTED_EDGE('',*,*,#3228,.T.);
#3338=ORIENTED_EDGE('',*,*,#3337,.T.);
#3340=ORIENTED_EDGE('',*,*,#3339,.F.);
#3341=ORIENTED_EDGE('',*,*,#3316,.F.);
#3342=EDGE_LOOP('',(#3336,#3338,#3340,#3341));
#3343=FACE_OUTER_BOUND('',#3342,.F.);
#3345=FILL_AREA_STYLE_COLOUR('',#14);
#3346=FILL_AREA_STYLE('',(#3345));
#3347=SURFACE_STYLE_FILL_AREA(#3346);
#3348=SURFACE_SIDE_STYLE('',(#3347));
#3349=SURFACE_STYLE_USAGE(.BOTH.,#3348);
#3350=PRESENTATION_STYLE_ASSIGNMENT((#3349));
#3351=STYLED_ITEM('',(#3350),#3344);
#3352=CARTESIAN_POINT('',(-7.5E-1,5.168600318909E0,1.686003189093E-1));
#3353=DIRECTION('',(-1.E0,0.E0,0.E0));
#3354=DIRECTION('',(0.E0,0.E0,-1.E0));
#3355=AXIS2_PLACEMENT_3D('',#3352,#3353,#3354);
#3356=CYLINDRICAL_SURFACE('',#3355,7.992125984252E-2);
#3357=ORIENTED_EDGE('',*,*,#3226,.F.);
#3359=ORIENTED_EDGE('',*,*,#3358,.T.);
#3361=ORIENTED_EDGE('',*,*,#3360,.F.);
#3362=ORIENTED_EDGE('',*,*,#3337,.F.);
#3363=EDGE_LOOP('',(#3357,#3359,#3361,#3362));
#3364=FACE_OUTER_BOUND('',#3363,.F.);
#3366=FILL_AREA_STYLE_COLOUR('',#14);
#3367=FILL_AREA_STYLE('',(#3366));
#3368=SURFACE_STYLE_FILL_AREA(#3367);
#3369=SURFACE_SIDE_STYLE('',(#3368));
#3370=SURFACE_STYLE_USAGE(.BOTH.,#3369);
#3371=PRESENTATION_STYLE_ASSIGNMENT((#3370));
#3372=STYLED_ITEM('',(#3371),#3365);
#3373=CARTESIAN_POINT('',(-7.5E-1,5.160572434780E0,8.908327135830E-2));
#3374=DIRECTION('',(0.E0,1.004474171819E-1,9.949423683719E-1));
#3375=DIRECTION('',(0.E0,9.949423683719E-1,-1.004474171819E-1));
#3376=AXIS2_PLACEMENT_3D('',#3373,#3374,#3375);
#3377=PLANE('',#3376);
#3378=ORIENTED_EDGE('',*,*,#3224,.T.);
#3380=ORIENTED_EDGE('',*,*,#3379,.T.);
#3382=ORIENTED_EDGE('',*,*,#3381,.F.);
#3383=ORIENTED_EDGE('',*,*,#3358,.F.);
#3384=EDGE_LOOP('',(#3378,#3380,#3382,#3383));
#3385=FACE_OUTER_BOUND('',#3384,.F.);
#3387=FILL_AREA_STYLE_COLOUR('',#14);
#3388=FILL_AREA_STYLE('',(#3387));
#3389=SURFACE_STYLE_FILL_AREA(#3388);
#3390=SURFACE_SIDE_STYLE('',(#3389));
#3391=SURFACE_STYLE_USAGE(.BOTH.,#3390);
#3392=PRESENTATION_STYLE_ASSIGNMENT((#3391));
#3393=STYLED_ITEM('',(#3392),#3386);
#3394=CARTESIAN_POINT('',(-7.5E-1,5.393700787401E0,0.E0));
#3395=DIRECTION('',(-1.E0,0.E0,0.E0));
#3396=DIRECTION('',(0.E0,0.E0,-1.E0));
#3397=AXIS2_PLACEMENT_3D('',#3394,#3395,#3396);
#3398=CYLINDRICAL_SURFACE('',#3397,6.521558009486E-2);
#3399=ORIENTED_EDGE('',*,*,#3222,.T.);
#3401=ORIENTED_EDGE('',*,*,#3400,.T.);
#3403=ORIENTED_EDGE('',*,*,#3402,.F.);
#3404=ORIENTED_EDGE('',*,*,#3379,.F.);
#3405=EDGE_LOOP('',(#3399,#3401,#3403,#3404));
#3406=FACE_OUTER_BOUND('',#3405,.F.);
#3408=FILL_AREA_STYLE_COLOUR('',#14);
#3409=FILL_AREA_STYLE('',(#3408));
#3410=SURFACE_STYLE_FILL_AREA(#3409);
#3411=SURFACE_SIDE_STYLE('',(#3410));
#3412=SURFACE_STYLE_USAGE(.BOTH.,#3411);
#3413=PRESENTATION_STYLE_ASSIGNMENT((#3412));
#3414=STYLED_ITEM('',(#3413),#3407);
#3415=CARTESIAN_POINT('',(-7.5E-1,5.400251523982E0,-6.488574371433E-2));
#3416=DIRECTION('',(0.E0,1.004474171819E-1,-9.949423683719E-1));
#3417=DIRECTION('',(0.E0,-9.949423683719E-1,-1.004474171819E-1));
#3418=AXIS2_PLACEMENT_3D('',#3415,#3416,#3417);
#3419=PLANE('',#3418);
#3420=ORIENTED_EDGE('',*,*,#3220,.T.);
#3422=ORIENTED_EDGE('',*,*,#3421,.T.);
#3424=ORIENTED_EDGE('',*,*,#3423,.F.);
#3425=ORIENTED_EDGE('',*,*,#3400,.F.);
#3426=EDGE_LOOP('',(#3420,#3422,#3424,#3425));
#3427=FACE_OUTER_BOUND('',#3426,.F.);
#3429=FILL_AREA_STYLE_COLOUR('',#14);
#3430=FILL_AREA_STYLE('',(#3429));
#3431=SURFACE_STYLE_FILL_AREA(#3430);
#3432=SURFACE_SIDE_STYLE('',(#3431));
#3433=SURFACE_STYLE_USAGE(.BOTH.,#3432);
#3434=PRESENTATION_STYLE_ASSIGNMENT((#3433));
#3435=STYLED_ITEM('',(#3434),#3428);
#3436=CARTESIAN_POINT('',(-7.5E-1,5.168600318909E0,-1.686003189093E-1));
#3437=DIRECTION('',(-1.E0,0.E0,0.E0));
#3438=DIRECTION('',(0.E0,0.E0,-1.E0));
#3439=AXIS2_PLACEMENT_3D('',#3436,#3437,#3438);
#3440=CYLINDRICAL_SURFACE('',#3439,7.992125984252E-2);
#3441=ORIENTED_EDGE('',*,*,#3218,.F.);
#3443=ORIENTED_EDGE('',*,*,#3442,.T.);
#3445=ORIENTED_EDGE('',*,*,#3444,.F.);
#3446=ORIENTED_EDGE('',*,*,#3421,.F.);
#3447=EDGE_LOOP('',(#3441,#3443,#3445,#3446));
#3448=FACE_OUTER_BOUND('',#3447,.F.);
#3450=FILL_AREA_STYLE_COLOUR('',#14);
#3451=FILL_AREA_STYLE('',(#3450));
#3452=SURFACE_STYLE_FILL_AREA(#3451);
#3453=SURFACE_SIDE_STYLE('',(#3452));
#3454=SURFACE_STYLE_USAGE(.BOTH.,#3453);
#3455=PRESENTATION_STYLE_ASSIGNMENT((#3454));
#3456=STYLED_ITEM('',(#3455),#3449);
#3457=CARTESIAN_POINT('',(-7.5E-1,5.089083271358E0,-1.605724347802E-1));
#3458=DIRECTION('',(0.E0,9.949423683719E-1,-1.004474171819E-1));
#3459=DIRECTION('',(0.E0,-1.004474171819E-1,-9.949423683719E-1));
#3460=AXIS2_PLACEMENT_3D('',#3457,#3458,#3459);
#3461=PLANE('',#3460);
#3462=ORIENTED_EDGE('',*,*,#3216,.T.);
#3464=ORIENTED_EDGE('',*,*,#3463,.T.);
#3466=ORIENTED_EDGE('',*,*,#3465,.F.);
#3467=ORIENTED_EDGE('',*,*,#3442,.F.);
#3468=EDGE_LOOP('',(#3462,#3464,#3466,#3467));
#3469=FACE_OUTER_BOUND('',#3468,.F.);
#3471=FILL_AREA_STYLE_COLOUR('',#14);
#3472=FILL_AREA_STYLE('',(#3471));
#3473=SURFACE_STYLE_FILL_AREA(#3472);
#3474=SURFACE_SIDE_STYLE('',(#3473));
#3475=SURFACE_STYLE_USAGE(.BOTH.,#3474);
#3476=PRESENTATION_STYLE_ASSIGNMENT((#3475));
#3477=STYLED_ITEM('',(#3476),#3470);
#3478=CARTESIAN_POINT('',(-7.5E-1,5.E0,-3.937007874015E-1));
#3479=DIRECTION('',(-1.E0,0.E0,0.E0));
#3480=DIRECTION('',(0.E0,0.E0,-1.E0));
#3481=AXIS2_PLACEMENT_3D('',#3478,#3479,#3480);
#3482=CYLINDRICAL_SURFACE('',#3481,6.521558009486E-2);
#3483=ORIENTED_EDGE('',*,*,#3214,.T.);
#3485=ORIENTED_EDGE('',*,*,#3484,.T.);
#3487=ORIENTED_EDGE('',*,*,#3486,.F.);
#3488=ORIENTED_EDGE('',*,*,#3463,.F.);
#3489=EDGE_LOOP('',(#3483,#3485,#3487,#3488));
#3490=FACE_OUTER_BOUND('',#3489,.F.);
#3492=FILL_AREA_STYLE_COLOUR('',#14);
#3493=FILL_AREA_STYLE('',(#3492));
#3494=SURFACE_STYLE_FILL_AREA(#3493);
#3495=SURFACE_SIDE_STYLE('',(#3494));
#3496=SURFACE_STYLE_USAGE(.BOTH.,#3495);
#3497=PRESENTATION_STYLE_ASSIGNMENT((#3496));
#3498=STYLED_ITEM('',(#3497),#3491);
#3499=CARTESIAN_POINT('',(-7.5E-1,4.935114256286E0,-4.002515239820E-1));
#3500=DIRECTION('',(0.E0,-9.949423683719E-1,-1.004474171819E-1));
#3501=DIRECTION('',(0.E0,-1.004474171819E-1,9.949423683719E-1));
#3502=AXIS2_PLACEMENT_3D('',#3499,#3500,#3501);
#3503=PLANE('',#3502);
#3504=ORIENTED_EDGE('',*,*,#3212,.T.);
#3506=ORIENTED_EDGE('',*,*,#3505,.T.);
#3508=ORIENTED_EDGE('',*,*,#3507,.F.);
#3509=ORIENTED_EDGE('',*,*,#3484,.F.);
#3510=EDGE_LOOP('',(#3504,#3506,#3508,#3509));
#3511=FACE_OUTER_BOUND('',#3510,.F.);
#3513=FILL_AREA_STYLE_COLOUR('',#14);
#3514=FILL_AREA_STYLE('',(#3513));
#3515=SURFACE_STYLE_FILL_AREA(#3514);
#3516=SURFACE_SIDE_STYLE('',(#3515));
#3517=SURFACE_STYLE_USAGE(.BOTH.,#3516);
#3518=PRESENTATION_STYLE_ASSIGNMENT((#3517));
#3519=STYLED_ITEM('',(#3518),#3512);
#3520=CARTESIAN_POINT('',(-7.5E-1,4.831399681091E0,-1.686003189093E-1));
#3521=DIRECTION('',(-1.E0,0.E0,0.E0));
#3522=DIRECTION('',(0.E0,0.E0,-1.E0));
#3523=AXIS2_PLACEMENT_3D('',#3520,#3521,#3522);
#3524=CYLINDRICAL_SURFACE('',#3523,7.992125984252E-2);
#3525=ORIENTED_EDGE('',*,*,#3210,.F.);
#3527=ORIENTED_EDGE('',*,*,#3526,.T.);
#3529=ORIENTED_EDGE('',*,*,#3528,.F.);
#3530=ORIENTED_EDGE('',*,*,#3505,.F.);
#3531=EDGE_LOOP('',(#3525,#3527,#3529,#3530));
#3532=FACE_OUTER_BOUND('',#3531,.F.);
#3534=FILL_AREA_STYLE_COLOUR('',#14);
#3535=FILL_AREA_STYLE('',(#3534));
#3536=SURFACE_STYLE_FILL_AREA(#3535);
#3537=SURFACE_SIDE_STYLE('',(#3536));
#3538=SURFACE_STYLE_USAGE(.BOTH.,#3537);
#3539=PRESENTATION_STYLE_ASSIGNMENT((#3538));
#3540=STYLED_ITEM('',(#3539),#3533);
#3541=CARTESIAN_POINT('',(-7.5E-1,4.839427565220E0,-8.908327135830E-2));
#3542=DIRECTION('',(0.E0,-1.004474171819E-1,-9.949423683719E-1));
#3543=DIRECTION('',(0.E0,-9.949423683719E-1,1.004474171819E-1));
#3544=AXIS2_PLACEMENT_3D('',#3541,#3542,#3543);
#3545=PLANE('',#3544);
#3546=ORIENTED_EDGE('',*,*,#3208,.T.);
#3548=ORIENTED_EDGE('',*,*,#3547,.T.);
#3550=ORIENTED_EDGE('',*,*,#3549,.F.);
#3551=ORIENTED_EDGE('',*,*,#3526,.F.);
#3552=EDGE_LOOP('',(#3546,#3548,#3550,#3551));
#3553=FACE_OUTER_BOUND('',#3552,.F.);
#3555=FILL_AREA_STYLE_COLOUR('',#14);
#3556=FILL_AREA_STYLE('',(#3555));
#3557=SURFACE_STYLE_FILL_AREA(#3556);
#3558=SURFACE_SIDE_STYLE('',(#3557));
#3559=SURFACE_STYLE_USAGE(.BOTH.,#3558);
#3560=PRESENTATION_STYLE_ASSIGNMENT((#3559));
#3561=STYLED_ITEM('',(#3560),#3554);
#3562=CARTESIAN_POINT('',(-7.5E-1,4.606299212599E0,0.E0));
#3563=DIRECTION('',(-1.E0,0.E0,0.E0));
#3564=DIRECTION('',(0.E0,0.E0,-1.E0));
#3565=AXIS2_PLACEMENT_3D('',#3562,#3563,#3564);
#3566=CYLINDRICAL_SURFACE('',#3565,6.521558009486E-2);
#3567=ORIENTED_EDGE('',*,*,#3206,.T.);
#3568=ORIENTED_EDGE('',*,*,#3256,.T.);
#3570=ORIENTED_EDGE('',*,*,#3569,.F.);
#3571=ORIENTED_EDGE('',*,*,#3547,.F.);
#3572=EDGE_LOOP('',(#3567,#3568,#3570,#3571));
#3573=FACE_OUTER_BOUND('',#3572,.F.);
#3575=FILL_AREA_STYLE_COLOUR('',#14);
#3576=FILL_AREA_STYLE('',(#3575));
#3577=SURFACE_STYLE_FILL_AREA(#3576);
#3578=SURFACE_SIDE_STYLE('',(#3577));
#3579=SURFACE_STYLE_USAGE(.BOTH.,#3578);
#3580=PRESENTATION_STYLE_ASSIGNMENT((#3579));
#3581=STYLED_ITEM('',(#3580),#3574);
#3582=CARTESIAN_POINT('',(-8.287E-1,0.E0,-5.E-1));
#3583=DIRECTION('',(-1.E0,0.E0,0.E0));
#3584=DIRECTION('',(0.E0,0.E0,-1.E0));
#3585=AXIS2_PLACEMENT_3D('',#3582,#3583,#3584);
#3586=PLANE('',#3585);
#3587=ORIENTED_EDGE('',*,*,#3254,.T.);
#3588=ORIENTED_EDGE('',*,*,#3276,.T.);
#3589=ORIENTED_EDGE('',*,*,#3297,.T.);
#3590=ORIENTED_EDGE('',*,*,#3318,.T.);
#3591=ORIENTED_EDGE('',*,*,#3339,.T.);
#3592=ORIENTED_EDGE('',*,*,#3360,.T.);
#3593=ORIENTED_EDGE('',*,*,#3381,.T.);
#3594=ORIENTED_EDGE('',*,*,#3402,.T.);
#3595=ORIENTED_EDGE('',*,*,#3423,.T.);
#3596=ORIENTED_EDGE('',*,*,#3444,.T.);
#3597=ORIENTED_EDGE('',*,*,#3465,.T.);
#3598=ORIENTED_EDGE('',*,*,#3486,.T.);
#3599=ORIENTED_EDGE('',*,*,#3507,.T.);
#3600=ORIENTED_EDGE('',*,*,#3528,.T.);
#3601=ORIENTED_EDGE('',*,*,#3549,.T.);
#3602=ORIENTED_EDGE('',*,*,#3569,.T.);
#3603=EDGE_LOOP('',(#3587,#3588,#3589,#3590,#3591,#3592,#3593,#3594,#3595,#3596,
#3597,#3598,#3599,#3600,#3601,#3602));
#3604=FACE_OUTER_BOUND('',#3603,.F.);
#3606=ORIENTED_EDGE('',*,*,#3605,.F.);
#3608=ORIENTED_EDGE('',*,*,#3607,.F.);
#3609=EDGE_LOOP('',(#3606,#3608));
#3610=FACE_BOUND('',#3609,.F.);
#3612=ORIENTED_EDGE('',*,*,#3611,.F.);
#3614=ORIENTED_EDGE('',*,*,#3613,.F.);
#3615=EDGE_LOOP('',(#3612,#3614));
#3616=FACE_BOUND('',#3615,.F.);
#3618=ORIENTED_EDGE('',*,*,#3617,.F.);
#3620=ORIENTED_EDGE('',*,*,#3619,.F.);
#3621=EDGE_LOOP('',(#3618,#3620));
#3622=FACE_BOUND('',#3621,.F.);
#3624=ORIENTED_EDGE('',*,*,#3623,.F.);
#3626=ORIENTED_EDGE('',*,*,#3625,.F.);
#3627=EDGE_LOOP('',(#3624,#3626));
#3628=FACE_BOUND('',#3627,.F.);
#3630=ORIENTED_EDGE('',*,*,#3629,.F.);
#3632=ORIENTED_EDGE('',*,*,#3631,.F.);
#3633=EDGE_LOOP('',(#3630,#3632));
#3634=FACE_BOUND('',#3633,.F.);
#3636=ORIENTED_EDGE('',*,*,#3635,.F.);
#3638=ORIENTED_EDGE('',*,*,#3637,.F.);
#3639=EDGE_LOOP('',(#3636,#3638));
#3640=FACE_BOUND('',#3639,.F.);
#3642=ORIENTED_EDGE('',*,*,#3641,.F.);
#3644=ORIENTED_EDGE('',*,*,#3643,.F.);
#3645=EDGE_LOOP('',(#3642,#3644));
#3646=FACE_BOUND('',#3645,.F.);
#3648=ORIENTED_EDGE('',*,*,#3647,.F.);
#3650=ORIENTED_EDGE('',*,*,#3649,.F.);
#3651=EDGE_LOOP('',(#3648,#3650));
#3652=FACE_BOUND('',#3651,.F.);
#3654=ORIENTED_EDGE('',*,*,#3653,.F.);
#3656=ORIENTED_EDGE('',*,*,#3655,.F.);
#3657=EDGE_LOOP('',(#3654,#3656));
#3658=FACE_BOUND('',#3657,.F.);
#3660=FILL_AREA_STYLE_COLOUR('',#14);
#3661=FILL_AREA_STYLE('',(#3660));
#3662=SURFACE_STYLE_FILL_AREA(#3661);
#3663=SURFACE_SIDE_STYLE('',(#3662));
#3664=SURFACE_STYLE_USAGE(.BOTH.,#3663);
#3665=PRESENTATION_STYLE_ASSIGNMENT((#3664));
#3666=STYLED_ITEM('',(#3665),#3659);
#3667=CARTESIAN_POINT('',(-7.5E-1,5.E0,-3.937007874015E-1));
#3668=DIRECTION('',(-1.E0,0.E0,0.E0));
#3669=DIRECTION('',(0.E0,0.E0,-1.E0));
#3670=AXIS2_PLACEMENT_3D('',#3667,#3668,#3669);
#3671=CYLINDRICAL_SURFACE('',#3670,2.952755905512E-2);
#3673=ORIENTED_EDGE('',*,*,#3672,.F.);
#3675=ORIENTED_EDGE('',*,*,#3674,.F.);
#3676=ORIENTED_EDGE('',*,*,#3605,.T.);
#3678=ORIENTED_EDGE('',*,*,#3677,.T.);
#3679=EDGE_LOOP('',(#3673,#3675,#3676,#3678));
#3680=FACE_OUTER_BOUND('',#3679,.F.);
#3682=FILL_AREA_STYLE_COLOUR('',#14);
#3683=FILL_AREA_STYLE('',(#3682));
#3684=SURFACE_STYLE_FILL_AREA(#3683);
#3685=SURFACE_SIDE_STYLE('',(#3684));
#3686=SURFACE_STYLE_USAGE(.BOTH.,#3685);
#3687=PRESENTATION_STYLE_ASSIGNMENT((#3686));
#3688=STYLED_ITEM('',(#3687),#3681);
#3689=CARTESIAN_POINT('',(-9.5E-1,5.E0,-5.E-1));
#3690=DIRECTION('',(-1.E0,0.E0,0.E0));
#3691=DIRECTION('',(0.E0,-1.E0,0.E0));
#3692=AXIS2_PLACEMENT_3D('',#3689,#3690,#3691);
#3693=PLANE('',#3692);
#3694=ORIENTED_EDGE('',*,*,#2804,.F.);
#3696=ORIENTED_EDGE('',*,*,#3695,.T.);
#3697=ORIENTED_EDGE('',*,*,#3055,.T.);
#3699=ORIENTED_EDGE('',*,*,#3698,.F.);
#3700=EDGE_LOOP('',(#3694,#3696,#3697,#3699));
#3701=FACE_OUTER_BOUND('',#3700,.F.);
#3702=ORIENTED_EDGE('',*,*,#3672,.T.);
#3704=ORIENTED_EDGE('',*,*,#3703,.T.);
#3705=EDGE_LOOP('',(#3702,#3704));
#3706=FACE_BOUND('',#3705,.F.);
#3708=ORIENTED_EDGE('',*,*,#3707,.T.);
#3710=ORIENTED_EDGE('',*,*,#3709,.T.);
#3711=EDGE_LOOP('',(#3708,#3710));
#3712=FACE_BOUND('',#3711,.F.);
#3714=ORIENTED_EDGE('',*,*,#3713,.T.);
#3716=ORIENTED_EDGE('',*,*,#3715,.T.);
#3717=EDGE_LOOP('',(#3714,#3716));
#3718=FACE_BOUND('',#3717,.F.);
#3720=ORIENTED_EDGE('',*,*,#3719,.T.);
#3722=ORIENTED_EDGE('',*,*,#3721,.T.);
#3723=EDGE_LOOP('',(#3720,#3722));
#3724=FACE_BOUND('',#3723,.F.);
#3726=ORIENTED_EDGE('',*,*,#3725,.T.);
#3728=ORIENTED_EDGE('',*,*,#3727,.T.);
#3729=EDGE_LOOP('',(#3726,#3728));
#3730=FACE_BOUND('',#3729,.F.);
#3732=ORIENTED_EDGE('',*,*,#3731,.T.);
#3734=ORIENTED_EDGE('',*,*,#3733,.T.);
#3735=EDGE_LOOP('',(#3732,#3734));
#3736=FACE_BOUND('',#3735,.F.);
#3738=ORIENTED_EDGE('',*,*,#3737,.T.);
#3740=ORIENTED_EDGE('',*,*,#3739,.T.);
#3741=EDGE_LOOP('',(#3738,#3740));
#3742=FACE_BOUND('',#3741,.F.);
#3744=ORIENTED_EDGE('',*,*,#3743,.T.);
#3746=ORIENTED_EDGE('',*,*,#3745,.T.);
#3747=EDGE_LOOP('',(#3744,#3746));
#3748=FACE_BOUND('',#3747,.F.);
#3750=ORIENTED_EDGE('',*,*,#3749,.T.);
#3752=ORIENTED_EDGE('',*,*,#3751,.T.);
#3753=EDGE_LOOP('',(#3750,#3752));
#3754=FACE_BOUND('',#3753,.F.);
#3756=FILL_AREA_STYLE_COLOUR('',#14);
#3757=FILL_AREA_STYLE('',(#3756));
#3758=SURFACE_STYLE_FILL_AREA(#3757);
#3759=SURFACE_SIDE_STYLE('',(#3758));
#3760=SURFACE_STYLE_USAGE(.BOTH.,#3759);
#3761=PRESENTATION_STYLE_ASSIGNMENT((#3760));
#3762=STYLED_ITEM('',(#3761),#3755);
#3763=CARTESIAN_POINT('',(-9.5E-1,5.E0,0.E0));
#3764=DIRECTION('',(1.E0,0.E0,0.E0));
#3765=DIRECTION('',(0.E0,0.E0,-1.E0));
#3766=AXIS2_PLACEMENT_3D('',#3763,#3764,#3765);
#3767=CYLINDRICAL_SURFACE('',#3766,5.E-1);
#3768=ORIENTED_EDGE('',*,*,#3695,.F.);
#3769=ORIENTED_EDGE('',*,*,#2802,.T.);
#3770=ORIENTED_EDGE('',*,*,#3199,.T.);
#3771=ORIENTED_EDGE('',*,*,#3057,.F.);
#3772=EDGE_LOOP('',(#3768,#3769,#3770,#3771));
#3773=FACE_OUTER_BOUND('',#3772,.F.);
#3775=FILL_AREA_STYLE_COLOUR('',#14);
#3776=FILL_AREA_STYLE('',(#3775));
#3777=SURFACE_STYLE_FILL_AREA(#3776);
#3778=SURFACE_SIDE_STYLE('',(#3777));
#3779=SURFACE_STYLE_USAGE(.BOTH.,#3778);
#3780=PRESENTATION_STYLE_ASSIGNMENT((#3779));
#3781=STYLED_ITEM('',(#3780),#3774);
#3782=CARTESIAN_POINT('',(-8.914213562373E-1,1.608578643763E0,-5.E-1));
#3783=DIRECTION('',(-7.071067811865E-1,-7.071067811865E-1,0.E0));
#3784=DIRECTION('',(7.071067811865E-1,-7.071067811865E-1,0.E0));
#3785=AXIS2_PLACEMENT_3D('',#3782,#3783,#3784);
#3786=PLANE('',#3785);
#3787=ORIENTED_EDGE('',*,*,#2806,.F.);
#3788=ORIENTED_EDGE('',*,*,#3698,.T.);
#3789=ORIENTED_EDGE('',*,*,#3053,.T.);
#3791=ORIENTED_EDGE('',*,*,#3790,.F.);
#3792=EDGE_LOOP('',(#3787,#3788,#3789,#3791));
#3793=FACE_OUTER_BOUND('',#3792,.F.);
#3795=FILL_AREA_STYLE_COLOUR('',#14);
#3796=FILL_AREA_STYLE('',(#3795));
#3797=SURFACE_STYLE_FILL_AREA(#3796);
#3798=SURFACE_SIDE_STYLE('',(#3797));
#3799=SURFACE_STYLE_USAGE(.BOTH.,#3798);
#3800=PRESENTATION_STYLE_ASSIGNMENT((#3799));
#3801=STYLED_ITEM('',(#3800),#3794);
#3802=CARTESIAN_POINT('',(-7.E-1,1.5E0,-5.E-1));
#3803=DIRECTION('',(-1.E0,0.E0,0.E0));
#3804=DIRECTION('',(0.E0,-1.E0,0.E0));
#3805=AXIS2_PLACEMENT_3D('',#3802,#3803,#3804);
#3806=PLANE('',#3805);
#3808=ORIENTED_EDGE('',*,*,#3807,.F.);
#3809=ORIENTED_EDGE('',*,*,#2808,.T.);
#3810=ORIENTED_EDGE('',*,*,#3790,.T.);
#3811=ORIENTED_EDGE('',*,*,#3051,.T.);
#3812=EDGE_LOOP('',(#3808,#3809,#3810,#3811));
#3813=FACE_OUTER_BOUND('',#3812,.F.);
#3815=FILL_AREA_STYLE_COLOUR('',#14);
#3816=FILL_AREA_STYLE('',(#3815));
#3817=SURFACE_STYLE_FILL_AREA(#3816);
#3818=SURFACE_SIDE_STYLE('',(#3817));
#3819=SURFACE_STYLE_USAGE(.BOTH.,#3818);
#3820=PRESENTATION_STYLE_ASSIGNMENT((#3819));
#3821=STYLED_ITEM('',(#3820),#3814);
#3822=CARTESIAN_POINT('',(0.E0,8.75E-1,-1.8036E0));
#3823=DIRECTION('',(0.E0,0.E0,1.E0));
#3824=DIRECTION('',(-1.E0,0.E0,0.E0));
#3825=AXIS2_PLACEMENT_3D('',#3822,#3823,#3824);
#3826=CYLINDRICAL_SURFACE('',#3825,7.E-1);
#3827=ORIENTED_EDGE('',*,*,#3049,.T.);
#3829=ORIENTED_EDGE('',*,*,#3828,.T.);
#3830=ORIENTED_EDGE('',*,*,#2810,.T.);
#3831=ORIENTED_EDGE('',*,*,#3807,.T.);
#3832=EDGE_LOOP('',(#3827,#3829,#3830,#3831));
#3833=FACE_OUTER_BOUND('',#3832,.F.);
#3835=FILL_AREA_STYLE_COLOUR('',#14);
#3836=FILL_AREA_STYLE('',(#3835));
#3837=SURFACE_STYLE_FILL_AREA(#3836);
#3838=SURFACE_SIDE_STYLE('',(#3837));
#3839=SURFACE_STYLE_USAGE(.BOTH.,#3838);
#3840=PRESENTATION_STYLE_ASSIGNMENT((#3839));
#3841=STYLED_ITEM('',(#3840),#3834);
#3842=CARTESIAN_POINT('',(7.E-1,0.E0,-5.E-1));
#3843=DIRECTION('',(1.E0,0.E0,0.E0));
#3844=DIRECTION('',(0.E0,1.E0,0.E0));
#3845=AXIS2_PLACEMENT_3D('',#3842,#3843,#3844);
#3846=PLANE('',#3845);
#3847=ORIENTED_EDGE('',*,*,#2812,.T.);
#3848=ORIENTED_EDGE('',*,*,#3828,.F.);
#3849=ORIENTED_EDGE('',*,*,#3047,.T.);
#3851=ORIENTED_EDGE('',*,*,#3850,.F.);
#3852=EDGE_LOOP('',(#3847,#3848,#3849,#3851));
#3853=FACE_OUTER_BOUND('',#3852,.F.);
#3855=FILL_AREA_STYLE_COLOUR('',#14);
#3856=FILL_AREA_STYLE('',(#3855));
#3857=SURFACE_STYLE_FILL_AREA(#3856);
#3858=SURFACE_SIDE_STYLE('',(#3857));
#3859=SURFACE_STYLE_USAGE(.BOTH.,#3858);
#3860=PRESENTATION_STYLE_ASSIGNMENT((#3859));
#3861=STYLED_ITEM('',(#3860),#3854);
#3862=CARTESIAN_POINT('',(6.414213562373E-1,1.358578643763E0,-5.E-1));
#3863=DIRECTION('',(7.071067811865E-1,-7.071067811865E-1,0.E0));
#3864=DIRECTION('',(7.071067811865E-1,7.071067811865E-1,0.E0));
#3865=AXIS2_PLACEMENT_3D('',#3862,#3863,#3864);
#3866=PLANE('',#3865);
#3867=ORIENTED_EDGE('',*,*,#2814,.F.);
#3868=ORIENTED_EDGE('',*,*,#3850,.T.);
#3869=ORIENTED_EDGE('',*,*,#3045,.T.);
#3871=ORIENTED_EDGE('',*,*,#3870,.F.);
#3872=EDGE_LOOP('',(#3867,#3868,#3869,#3871));
#3873=FACE_OUTER_BOUND('',#3872,.F.);
#3875=FILL_AREA_STYLE_COLOUR('',#14);
#3876=FILL_AREA_STYLE('',(#3875));
#3877=SURFACE_STYLE_FILL_AREA(#3876);
#3878=SURFACE_SIDE_STYLE('',(#3877));
#3879=SURFACE_STYLE_USAGE(.BOTH.,#3878);
#3880=PRESENTATION_STYLE_ASSIGNMENT((#3879));
#3881=STYLED_ITEM('',(#3880),#3874);
#3882=CARTESIAN_POINT('',(9.5E-1,1.75E0,-5.E-1));
#3883=DIRECTION('',(1.E0,0.E0,0.E0));
#3884=DIRECTION('',(0.E0,1.E0,0.E0));
#3885=AXIS2_PLACEMENT_3D('',#3882,#3883,#3884);
#3886=PLANE('',#3885);
#3887=ORIENTED_EDGE('',*,*,#3043,.T.);
#3889=ORIENTED_EDGE('',*,*,#3888,.F.);
#3890=ORIENTED_EDGE('',*,*,#2816,.F.);
#3891=ORIENTED_EDGE('',*,*,#3870,.T.);
#3892=EDGE_LOOP('',(#3887,#3889,#3890,#3891));
#3893=FACE_OUTER_BOUND('',#3892,.F.);
#3895=ORIENTED_EDGE('',*,*,#3894,.T.);
#3897=ORIENTED_EDGE('',*,*,#3896,.T.);
#3898=EDGE_LOOP('',(#3895,#3897));
#3899=FACE_BOUND('',#3898,.F.);
#3901=FILL_AREA_STYLE_COLOUR('',#14);
#3902=FILL_AREA_STYLE('',(#3901));
#3903=SURFACE_STYLE_FILL_AREA(#3902);
#3904=SURFACE_SIDE_STYLE('',(#3903));
#3905=SURFACE_STYLE_USAGE(.BOTH.,#3904);
#3906=PRESENTATION_STYLE_ASSIGNMENT((#3905));
#3907=STYLED_ITEM('',(#3906),#3900);
#3908=CARTESIAN_POINT('',(9.5E-1,5.E0,0.E0));
#3909=DIRECTION('',(1.E0,0.E0,0.E0));
#3910=DIRECTION('',(0.E0,0.E0,-1.E0));
#3911=AXIS2_PLACEMENT_3D('',#3908,#3909,#3910);
#3912=CYLINDRICAL_SURFACE('',#3911,5.E-1);
#3913=ORIENTED_EDGE('',*,*,#2818,.T.);
#3914=ORIENTED_EDGE('',*,*,#3888,.T.);
#3915=ORIENTED_EDGE('',*,*,#3041,.F.);
#3917=ORIENTED_EDGE('',*,*,#3916,.F.);
#3918=EDGE_LOOP('',(#3913,#3914,#3915,#3917));
#3919=FACE_OUTER_BOUND('',#3918,.F.);
#3921=FILL_AREA_STYLE_COLOUR('',#14);
#3922=FILL_AREA_STYLE('',(#3921));
#3923=SURFACE_STYLE_FILL_AREA(#3922);
#3924=SURFACE_SIDE_STYLE('',(#3923));
#3925=SURFACE_STYLE_USAGE(.BOTH.,#3924);
#3926=PRESENTATION_STYLE_ASSIGNMENT((#3925));
#3927=STYLED_ITEM('',(#3926),#3920);
#3928=CARTESIAN_POINT('',(7.5E-1,1.75E0,-5.E-1));
#3929=DIRECTION('',(1.E0,0.E0,0.E0));
#3930=DIRECTION('',(0.E0,1.E0,0.E0));
#3931=AXIS2_PLACEMENT_3D('',#3928,#3929,#3930);
#3932=PLANE('',#3931);
#3934=ORIENTED_EDGE('',*,*,#3933,.T.);
#3935=ORIENTED_EDGE('',*,*,#2820,.T.);
#3936=ORIENTED_EDGE('',*,*,#3916,.T.);
#3937=ORIENTED_EDGE('',*,*,#3039,.F.);
#3939=ORIENTED_EDGE('',*,*,#3938,.T.);
#3940=ORIENTED_EDGE('',*,*,#2973,.F.);
#3942=ORIENTED_EDGE('',*,*,#3941,.F.);
#3944=ORIENTED_EDGE('',*,*,#3943,.F.);
#3945=EDGE_LOOP('',(#3934,#3935,#3936,#3937,#3939,#3940,#3942,#3944));
#3946=FACE_OUTER_BOUND('',#3945,.F.);
#3948=ORIENTED_EDGE('',*,*,#3947,.F.);
#3950=ORIENTED_EDGE('',*,*,#3949,.F.);
#3951=EDGE_LOOP('',(#3948,#3950));
#3952=FACE_BOUND('',#3951,.F.);
#3954=FILL_AREA_STYLE_COLOUR('',#14);
#3955=FILL_AREA_STYLE('',(#3954));
#3956=SURFACE_STYLE_FILL_AREA(#3955);
#3957=SURFACE_SIDE_STYLE('',(#3956));
#3958=SURFACE_STYLE_USAGE(.BOTH.,#3957);
#3959=PRESENTATION_STYLE_ASSIGNMENT((#3958));
#3960=STYLED_ITEM('',(#3959),#3953);
#3961=CARTESIAN_POINT('',(9.5E-1,5.E0,0.E0));
#3962=DIRECTION('',(1.E0,0.E0,0.E0));
#3963=DIRECTION('',(0.E0,0.E0,-1.E0));
#3964=AXIS2_PLACEMENT_3D('',#3961,#3962,#3963);
#3965=CYLINDRICAL_SURFACE('',#3964,3.149606299213E-1);
#3967=ORIENTED_EDGE('',*,*,#3966,.F.);
#3969=ORIENTED_EDGE('',*,*,#3968,.T.);
#3970=ORIENTED_EDGE('',*,*,#3947,.T.);
#3972=ORIENTED_EDGE('',*,*,#3971,.F.);
#3973=EDGE_LOOP('',(#3967,#3969,#3970,#3972));
#3974=FACE_OUTER_BOUND('',#3973,.F.);
#3976=FILL_AREA_STYLE_COLOUR('',#14);
#3977=FILL_AREA_STYLE('',(#3976));
#3978=SURFACE_STYLE_FILL_AREA(#3977);
#3979=SURFACE_SIDE_STYLE('',(#3978));
#3980=SURFACE_STYLE_USAGE(.BOTH.,#3979);
#3981=PRESENTATION_STYLE_ASSIGNMENT((#3980));
#3982=STYLED_ITEM('',(#3981),#3975);
#3983=CARTESIAN_POINT('',(9.E-1,0.E0,-5.E-1));
#3984=DIRECTION('',(1.E0,0.E0,0.E0));
#3985=DIRECTION('',(0.E0,0.E0,-1.E0));
#3986=AXIS2_PLACEMENT_3D('',#3983,#3984,#3985);
#3987=PLANE('',#3986);
#3989=ORIENTED_EDGE('',*,*,#3988,.F.);
#3991=ORIENTED_EDGE('',*,*,#3990,.F.);
#3992=EDGE_LOOP('',(#3989,#3991));
#3993=FACE_OUTER_BOUND('',#3992,.F.);
#3994=ORIENTED_EDGE('',*,*,#3966,.T.);
#3996=ORIENTED_EDGE('',*,*,#3995,.T.);
#3997=EDGE_LOOP('',(#3994,#3996));
#3998=FACE_BOUND('',#3997,.F.);
#4000=FILL_AREA_STYLE_COLOUR('',#14);
#4001=FILL_AREA_STYLE('',(#4000));
#4002=SURFACE_STYLE_FILL_AREA(#4001);
#4003=SURFACE_SIDE_STYLE('',(#4002));
#4004=SURFACE_STYLE_USAGE(.BOTH.,#4003);
#4005=PRESENTATION_STYLE_ASSIGNMENT((#4004));
#4006=STYLED_ITEM('',(#4005),#3999);
#4007=CARTESIAN_POINT('',(9.5E-1,5.E0,0.E0));
#4008=DIRECTION('',(1.E0,0.E0,0.E0));
#4009=DIRECTION('',(0.E0,0.E0,-1.E0));
#4010=AXIS2_PLACEMENT_3D('',#4007,#4008,#4009);
#4011=CYLINDRICAL_SURFACE('',#4010,3.543307086614E-1);
#4012=ORIENTED_EDGE('',*,*,#3894,.F.);
#4014=ORIENTED_EDGE('',*,*,#4013,.T.);
#4015=ORIENTED_EDGE('',*,*,#3988,.T.);
#4017=ORIENTED_EDGE('',*,*,#4016,.F.);
#4018=EDGE_LOOP('',(#4012,#4014,#4015,#4017));
#4019=FACE_OUTER_BOUND('',#4018,.F.);
#4021=FILL_AREA_STYLE_COLOUR('',#14);
#4022=FILL_AREA_STYLE('',(#4021));
#4023=SURFACE_STYLE_FILL_AREA(#4022);
#4024=SURFACE_SIDE_STYLE('',(#4023));
#4025=SURFACE_STYLE_USAGE(.BOTH.,#4024);
#4026=PRESENTATION_STYLE_ASSIGNMENT((#4025));
#4027=STYLED_ITEM('',(#4026),#4020);
#4028=CARTESIAN_POINT('',(9.5E-1,5.E0,0.E0));
#4029=DIRECTION('',(1.E0,0.E0,0.E0));
#4030=DIRECTION('',(0.E0,0.E0,-1.E0));
#4031=AXIS2_PLACEMENT_3D('',#4028,#4029,#4030);
#4032=CYLINDRICAL_SURFACE('',#4031,3.543307086614E-1);
#4033=ORIENTED_EDGE('',*,*,#3896,.F.);
#4034=ORIENTED_EDGE('',*,*,#4016,.T.);
#4035=ORIENTED_EDGE('',*,*,#3990,.T.);
#4036=ORIENTED_EDGE('',*,*,#4013,.F.);
#4037=EDGE_LOOP('',(#4033,#4034,#4035,#4036));
#4038=FACE_OUTER_BOUND('',#4037,.F.);
#4040=FILL_AREA_STYLE_COLOUR('',#14);
#4041=FILL_AREA_STYLE('',(#4040));
#4042=SURFACE_STYLE_FILL_AREA(#4041);
#4043=SURFACE_SIDE_STYLE('',(#4042));
#4044=SURFACE_STYLE_USAGE(.BOTH.,#4043);
#4045=PRESENTATION_STYLE_ASSIGNMENT((#4044));
#4046=STYLED_ITEM('',(#4045),#4039);
#4047=CARTESIAN_POINT('',(9.5E-1,5.E0,0.E0));
#4048=DIRECTION('',(1.E0,0.E0,0.E0));
#4049=DIRECTION('',(0.E0,0.E0,-1.E0));
#4050=AXIS2_PLACEMENT_3D('',#4047,#4048,#4049);
#4051=CYLINDRICAL_SURFACE('',#4050,3.149606299213E-1);
#4052=ORIENTED_EDGE('',*,*,#3995,.F.);
#4053=ORIENTED_EDGE('',*,*,#3971,.T.);
#4054=ORIENTED_EDGE('',*,*,#3949,.T.);
#4055=ORIENTED_EDGE('',*,*,#3968,.F.);
#4056=EDGE_LOOP('',(#4052,#4053,#4054,#4055));
#4057=FACE_OUTER_BOUND('',#4056,.F.);
#4059=FILL_AREA_STYLE_COLOUR('',#14);
#4060=FILL_AREA_STYLE('',(#4059));
#4061=SURFACE_STYLE_FILL_AREA(#4060);
#4062=SURFACE_SIDE_STYLE('',(#4061));
#4063=SURFACE_STYLE_USAGE(.BOTH.,#4062);
#4064=PRESENTATION_STYLE_ASSIGNMENT((#4063));
#4065=STYLED_ITEM('',(#4064),#4058);
#4066=CARTESIAN_POINT('',(5.E-2,4.7E0,1.8036E0));
#4067=DIRECTION('',(0.E0,0.E0,-1.E0));
#4068=DIRECTION('',(1.E0,0.E0,0.E0));
#4069=AXIS2_PLACEMENT_3D('',#4066,#4067,#4068);
#4070=CYLINDRICAL_SURFACE('',#4069,7.E-1);
#4071=ORIENTED_EDGE('',*,*,#3933,.F.);
#4073=ORIENTED_EDGE('',*,*,#4072,.T.);
#4075=ORIENTED_EDGE('',*,*,#4074,.T.);
#4076=ORIENTED_EDGE('',*,*,#2822,.T.);
#4077=EDGE_LOOP('',(#4071,#4073,#4075,#4076));
#4078=FACE_OUTER_BOUND('',#4077,.F.);
#4080=FILL_AREA_STYLE_COLOUR('',#14);
#4081=FILL_AREA_STYLE('',(#4080));
#4082=SURFACE_STYLE_FILL_AREA(#4081);
#4083=SURFACE_SIDE_STYLE('',(#4082));
#4084=SURFACE_STYLE_USAGE(.BOTH.,#4083);
#4085=PRESENTATION_STYLE_ASSIGNMENT((#4084));
#4086=STYLED_ITEM('',(#4085),#4079);
#4087=CARTESIAN_POINT('',(0.E0,0.E0,-3.75E-1));
#4088=DIRECTION('',(0.E0,0.E0,-1.E0));
#4089=DIRECTION('',(-1.E0,0.E0,0.E0));
#4090=AXIS2_PLACEMENT_3D('',#4087,#4088,#4089);
#4091=PLANE('',#4090);
#4093=ORIENTED_EDGE('',*,*,#4092,.F.);
#4095=ORIENTED_EDGE('',*,*,#4094,.F.);
#4097=ORIENTED_EDGE('',*,*,#4096,.F.);
#4099=ORIENTED_EDGE('',*,*,#4098,.F.);
#4101=ORIENTED_EDGE('',*,*,#4100,.F.);
#4103=ORIENTED_EDGE('',*,*,#4102,.F.);
#4105=ORIENTED_EDGE('',*,*,#4104,.F.);
#4107=ORIENTED_EDGE('',*,*,#4106,.T.);
#4108=ORIENTED_EDGE('',*,*,#2951,.F.);
#4109=ORIENTED_EDGE('',*,*,#3193,.T.);
#4111=ORIENTED_EDGE('',*,*,#4110,.F.);
#4113=ORIENTED_EDGE('',*,*,#4112,.T.);
#4114=ORIENTED_EDGE('',*,*,#4072,.F.);
#4115=ORIENTED_EDGE('',*,*,#3943,.T.);
#4117=ORIENTED_EDGE('',*,*,#4116,.F.);
#4119=ORIENTED_EDGE('',*,*,#4118,.T.);
#4120=EDGE_LOOP('',(#4093,#4095,#4097,#4099,#4101,#4103,#4105,#4107,#4108,#4109,
#4111,#4113,#4114,#4115,#4117,#4119));
#4121=FACE_OUTER_BOUND('',#4120,.F.);
#4123=ORIENTED_EDGE('',*,*,#4122,.F.);
#4125=ORIENTED_EDGE('',*,*,#4124,.F.);
#4127=ORIENTED_EDGE('',*,*,#4126,.F.);
#4129=ORIENTED_EDGE('',*,*,#4128,.T.);
#4131=ORIENTED_EDGE('',*,*,#4130,.T.);
#4133=ORIENTED_EDGE('',*,*,#4132,.F.);
#4135=ORIENTED_EDGE('',*,*,#4134,.F.);
#4137=ORIENTED_EDGE('',*,*,#4136,.T.);
#4139=ORIENTED_EDGE('',*,*,#4138,.T.);
#4141=ORIENTED_EDGE('',*,*,#4140,.F.);
#4143=ORIENTED_EDGE('',*,*,#4142,.F.);
#4144=EDGE_LOOP('',(#4123,#4125,#4127,#4129,#4131,#4133,#4135,#4137,#4139,#4141,
#4143));
#4145=FACE_BOUND('',#4144,.F.);
#4147=FILL_AREA_STYLE_COLOUR('',#14);
#4148=FILL_AREA_STYLE('',(#4147));
#4149=SURFACE_STYLE_FILL_AREA(#4148);
#4150=SURFACE_SIDE_STYLE('',(#4149));
#4151=SURFACE_STYLE_USAGE(.BOTH.,#4150);
#4152=PRESENTATION_STYLE_ASSIGNMENT((#4151));
#4153=STYLED_ITEM('',(#4152),#4146);
#4154=CARTESIAN_POINT('',(0.E0,0.E0,-3.75E-1));
#4155=DIRECTION('',(0.E0,0.E0,-1.E0));
#4156=DIRECTION('',(-1.E0,0.E0,0.E0));
#4157=AXIS2_PLACEMENT_3D('',#4154,#4155,#4156);
#4158=PLANE('',#4157);
#4160=ORIENTED_EDGE('',*,*,#4159,.T.);
#4162=ORIENTED_EDGE('',*,*,#4161,.T.);
#4164=ORIENTED_EDGE('',*,*,#4163,.F.);
#4166=ORIENTED_EDGE('',*,*,#4165,.F.);
#4168=ORIENTED_EDGE('',*,*,#4167,.T.);
#4170=ORIENTED_EDGE('',*,*,#4169,.F.);
#4172=ORIENTED_EDGE('',*,*,#4171,.T.);
#4173=EDGE_LOOP('',(#4160,#4162,#4164,#4166,#4168,#4170,#4172));
#4174=FACE_OUTER_BOUND('',#4173,.F.);
#4176=FILL_AREA_STYLE_COLOUR('',#14);
#4177=FILL_AREA_STYLE('',(#4176));
#4178=SURFACE_STYLE_FILL_AREA(#4177);
#4179=SURFACE_SIDE_STYLE('',(#4178));
#4180=SURFACE_STYLE_USAGE(.POSITIVE.,#4179);
#4181=PRESENTATION_STYLE_ASSIGNMENT((#4180));
#4182=STYLED_ITEM('',(#4181),#4175);
#4183=CARTESIAN_POINT('',(2.362204724409E-1,1.5E0,-3.75E-1));
#4184=DIRECTION('',(1.E0,0.E0,0.E0));
#4185=DIRECTION('',(0.E0,1.E0,0.E0));
#4186=AXIS2_PLACEMENT_3D('',#4183,#4184,#4185);
#4187=PLANE('',#4186);
#4189=ORIENTED_EDGE('',*,*,#4188,.T.);
#4191=ORIENTED_EDGE('',*,*,#4190,.F.);
#4192=ORIENTED_EDGE('',*,*,#4092,.T.);
#4194=ORIENTED_EDGE('',*,*,#4193,.T.);
#4195=EDGE_LOOP('',(#4189,#4191,#4192,#4194));
#4196=FACE_OUTER_BOUND('',#4195,.F.);
#4198=FILL_AREA_STYLE_COLOUR('',#14);
#4199=FILL_AREA_STYLE('',(#4198));
#4200=SURFACE_STYLE_FILL_AREA(#4199);
#4201=SURFACE_SIDE_STYLE('',(#4200));
#4202=SURFACE_STYLE_USAGE(.BOTH.,#4201);
#4203=PRESENTATION_STYLE_ASSIGNMENT((#4202));
#4204=STYLED_ITEM('',(#4203),#4197);
#4205=CARTESIAN_POINT('',(0.E0,0.E0,-3.129882E-1));
#4206=DIRECTION('',(0.E0,0.E0,1.E0));
#4207=DIRECTION('',(0.E0,-1.E0,0.E0));
#4208=AXIS2_PLACEMENT_3D('',#4205,#4206,#4207);
#4209=PLANE('',#4208);
#4211=ORIENTED_EDGE('',*,*,#4210,.F.);
#4213=ORIENTED_EDGE('',*,*,#4212,.F.);
#4215=ORIENTED_EDGE('',*,*,#4214,.F.);
#4216=ORIENTED_EDGE('',*,*,#4188,.F.);
#4218=ORIENTED_EDGE('',*,*,#4217,.F.);
#4220=ORIENTED_EDGE('',*,*,#4219,.F.);
#4222=ORIENTED_EDGE('',*,*,#4221,.F.);
#4224=ORIENTED_EDGE('',*,*,#4223,.F.);
#4226=ORIENTED_EDGE('',*,*,#4225,.F.);
#4228=ORIENTED_EDGE('',*,*,#4227,.F.);
#4229=EDGE_LOOP('',(#4211,#4213,#4215,#4216,#4218,#4220,#4222,#4224,#4226,
#4228));
#4230=FACE_OUTER_BOUND('',#4229,.F.);
#4232=FILL_AREA_STYLE_COLOUR('',#14);
#4233=FILL_AREA_STYLE('',(#4232));
#4234=SURFACE_STYLE_FILL_AREA(#4233);
#4235=SURFACE_SIDE_STYLE('',(#4234));
#4236=SURFACE_STYLE_USAGE(.BOTH.,#4235);
#4237=PRESENTATION_STYLE_ASSIGNMENT((#4236));
#4238=STYLED_ITEM('',(#4237),#4231);
#4239=CARTESIAN_POINT('',(0.E0,1.5E0,-4.E-1));
#4240=DIRECTION('',(0.E0,-1.E0,0.E0));
#4241=DIRECTION('',(-1.E0,0.E0,0.E0));
#4242=AXIS2_PLACEMENT_3D('',#4239,#4240,#4241);
#4243=PLANE('',#4242);
#4244=ORIENTED_EDGE('',*,*,#4210,.T.);
#4246=ORIENTED_EDGE('',*,*,#4245,.F.);
#4247=ORIENTED_EDGE('',*,*,#4171,.F.);
#4249=ORIENTED_EDGE('',*,*,#4248,.T.);
#4250=ORIENTED_EDGE('',*,*,#4217,.T.);
#4251=ORIENTED_EDGE('',*,*,#4193,.F.);
#4252=ORIENTED_EDGE('',*,*,#4118,.F.);
#4254=ORIENTED_EDGE('',*,*,#4253,.T.);
#4255=ORIENTED_EDGE('',*,*,#2905,.T.);
#4256=ORIENTED_EDGE('',*,*,#2953,.F.);
#4257=ORIENTED_EDGE('',*,*,#4106,.F.);
#4259=ORIENTED_EDGE('',*,*,#4258,.T.);
#4260=EDGE_LOOP('',(#4244,#4246,#4247,#4249,#4250,#4251,#4252,#4254,#4255,#4256,
#4257,#4259));
#4261=FACE_OUTER_BOUND('',#4260,.F.);
#4263=FILL_AREA_STYLE_COLOUR('',#14);
#4264=FILL_AREA_STYLE('',(#4263));
#4265=SURFACE_STYLE_FILL_AREA(#4264);
#4266=SURFACE_SIDE_STYLE('',(#4265));
#4267=SURFACE_STYLE_USAGE(.BOTH.,#4266);
#4268=PRESENTATION_STYLE_ASSIGNMENT((#4267));
#4269=STYLED_ITEM('',(#4268),#4262);
#4270=CARTESIAN_POINT('',(-2.15E-2,1.5E0,-3.75E-1));
#4271=DIRECTION('',(1.E0,0.E0,0.E0));
#4272=DIRECTION('',(0.E0,1.E0,0.E0));
#4273=AXIS2_PLACEMENT_3D('',#4270,#4271,#4272);
#4274=PLANE('',#4273);
#4275=ORIENTED_EDGE('',*,*,#4245,.T.);
#4276=ORIENTED_EDGE('',*,*,#4227,.T.);
#4278=ORIENTED_EDGE('',*,*,#4277,.F.);
#4279=ORIENTED_EDGE('',*,*,#4159,.F.);
#4280=EDGE_LOOP('',(#4275,#4276,#4278,#4279));
#4281=FACE_OUTER_BOUND('',#4280,.F.);
#4283=FILL_AREA_STYLE_COLOUR('',#14);
#4284=FILL_AREA_STYLE('',(#4283));
#4285=SURFACE_STYLE_FILL_AREA(#4284);
#4286=SURFACE_SIDE_STYLE('',(#4285));
#4287=SURFACE_STYLE_USAGE(.BOTH.,#4286);
#4288=PRESENTATION_STYLE_ASSIGNMENT((#4287));
#4289=STYLED_ITEM('',(#4288),#4282);
#4290=CARTESIAN_POINT('',(-3.15E-2,1.545323368926E0,-3.75E-1));
#4291=DIRECTION('',(0.E0,0.E0,1.E0));
#4292=DIRECTION('',(0.E0,-1.E0,0.E0));
#4293=AXIS2_PLACEMENT_3D('',#4290,#4291,#4292);
#4294=CYLINDRICAL_SURFACE('',#4293,9.999999999999E-3);
#4295=ORIENTED_EDGE('',*,*,#4161,.F.);
#4296=ORIENTED_EDGE('',*,*,#4277,.T.);
#4297=ORIENTED_EDGE('',*,*,#4225,.T.);
#4299=ORIENTED_EDGE('',*,*,#4298,.F.);
#4300=EDGE_LOOP('',(#4295,#4296,#4297,#4299));
#4301=FACE_OUTER_BOUND('',#4300,.F.);
#4303=FILL_AREA_STYLE_COLOUR('',#14);
#4304=FILL_AREA_STYLE('',(#4303));
#4305=SURFACE_STYLE_FILL_AREA(#4304);
#4306=SURFACE_SIDE_STYLE('',(#4305));
#4307=SURFACE_STYLE_USAGE(.BOTH.,#4306);
#4308=PRESENTATION_STYLE_ASSIGNMENT((#4307));
#4309=STYLED_ITEM('',(#4308),#4302);
#4310=CARTESIAN_POINT('',(0.E0,1.58575E0,-5.E-1));
#4311=DIRECTION('',(0.E0,0.E0,-1.E0));
#4312=DIRECTION('',(0.E0,-1.E0,0.E0));
#4313=AXIS2_PLACEMENT_3D('',#4310,#4311,#4312);
#4314=CYLINDRICAL_SURFACE('',#4313,4.125E-2);
#4316=ORIENTED_EDGE('',*,*,#4315,.T.);
#4318=ORIENTED_EDGE('',*,*,#4317,.F.);
#4319=ORIENTED_EDGE('',*,*,#2826,.F.);
#4321=ORIENTED_EDGE('',*,*,#4320,.T.);
#4322=ORIENTED_EDGE('',*,*,#4163,.T.);
#4323=ORIENTED_EDGE('',*,*,#4298,.T.);
#4324=ORIENTED_EDGE('',*,*,#4223,.T.);
#4326=ORIENTED_EDGE('',*,*,#4325,.F.);
#4327=EDGE_LOOP('',(#4316,#4318,#4319,#4321,#4322,#4323,#4324,#4326));
#4328=FACE_OUTER_BOUND('',#4327,.F.);
#4330=FILL_AREA_STYLE_COLOUR('',#14);
#4331=FILL_AREA_STYLE('',(#4330));
#4332=SURFACE_STYLE_FILL_AREA(#4331);
#4333=SURFACE_SIDE_STYLE('',(#4332));
#4334=SURFACE_STYLE_USAGE(.BOTH.,#4333);
#4335=PRESENTATION_STYLE_ASSIGNMENT((#4334));
#4336=STYLED_ITEM('',(#4335),#4329);
#4337=CARTESIAN_POINT('',(0.E0,1.58575E0,-5.E-1));
#4338=DIRECTION('',(0.E0,0.E0,-1.E0));
#4339=DIRECTION('',(0.E0,-1.E0,0.E0));
#4340=AXIS2_PLACEMENT_3D('',#4337,#4338,#4339);
#4341=CYLINDRICAL_SURFACE('',#4340,4.125E-2);
#4342=ORIENTED_EDGE('',*,*,#4315,.F.);
#4343=ORIENTED_EDGE('',*,*,#4165,.T.);
#4344=ORIENTED_EDGE('',*,*,#4320,.F.);
#4345=ORIENTED_EDGE('',*,*,#2828,.F.);
#4346=ORIENTED_EDGE('',*,*,#4317,.T.);
#4347=EDGE_LOOP('',(#4342,#4343,#4344,#4345,#4346));
#4348=FACE_OUTER_BOUND('',#4347,.F.);
#4350=FILL_AREA_STYLE_COLOUR('',#14);
#4351=FILL_AREA_STYLE('',(#4350));
#4352=SURFACE_STYLE_FILL_AREA(#4351);
#4353=SURFACE_SIDE_STYLE('',(#4352));
#4354=SURFACE_STYLE_USAGE(.BOTH.,#4353);
#4355=PRESENTATION_STYLE_ASSIGNMENT((#4354));
#4356=STYLED_ITEM('',(#4355),#4349);
#4357=CARTESIAN_POINT('',(3.15E-2,1.545323368926E0,-3.75E-1));
#4358=DIRECTION('',(0.E0,0.E0,1.E0));
#4359=DIRECTION('',(0.E0,-1.E0,0.E0));
#4360=AXIS2_PLACEMENT_3D('',#4357,#4358,#4359);
#4361=CYLINDRICAL_SURFACE('',#4360,1.E-2);
#4362=ORIENTED_EDGE('',*,*,#4167,.F.);
#4363=ORIENTED_EDGE('',*,*,#4325,.T.);
#4364=ORIENTED_EDGE('',*,*,#4221,.T.);
#4366=ORIENTED_EDGE('',*,*,#4365,.F.);
#4367=EDGE_LOOP('',(#4362,#4363,#4364,#4366));
#4368=FACE_OUTER_BOUND('',#4367,.F.);
#4370=FILL_AREA_STYLE_COLOUR('',#14);
#4371=FILL_AREA_STYLE('',(#4370));
#4372=SURFACE_STYLE_FILL_AREA(#4371);
#4373=SURFACE_SIDE_STYLE('',(#4372));
#4374=SURFACE_STYLE_USAGE(.BOTH.,#4373);
#4375=PRESENTATION_STYLE_ASSIGNMENT((#4374));
#4376=STYLED_ITEM('',(#4375),#4369);
#4377=CARTESIAN_POINT('',(2.15E-2,1.545323368926E0,-3.75E-1));
#4378=DIRECTION('',(-1.E0,0.E0,0.E0));
#4379=DIRECTION('',(0.E0,-1.E0,0.E0));
#4380=AXIS2_PLACEMENT_3D('',#4377,#4378,#4379);
#4381=PLANE('',#4380);
#4382=ORIENTED_EDGE('',*,*,#4248,.F.);
#4383=ORIENTED_EDGE('',*,*,#4169,.T.);
#4384=ORIENTED_EDGE('',*,*,#4365,.T.);
#4385=ORIENTED_EDGE('',*,*,#4219,.T.);
#4386=EDGE_LOOP('',(#4382,#4383,#4384,#4385));
#4387=FACE_OUTER_BOUND('',#4386,.F.);
#4389=FILL_AREA_STYLE_COLOUR('',#14);
#4390=FILL_AREA_STYLE('',(#4389));
#4391=SURFACE_STYLE_FILL_AREA(#4390);
#4392=SURFACE_SIDE_STYLE('',(#4391));
#4393=SURFACE_STYLE_USAGE(.BOTH.,#4392);
#4394=PRESENTATION_STYLE_ASSIGNMENT((#4393));
#4395=STYLED_ITEM('',(#4394),#4388);
#4396=CARTESIAN_POINT('',(5.E-1,1.5E0,-5.E-1));
#4397=DIRECTION('',(7.071067811865E-1,-7.071067811865E-1,0.E0));
#4398=DIRECTION('',(7.071067811865E-1,7.071067811865E-1,0.E0));
#4399=AXIS2_PLACEMENT_3D('',#4396,#4397,#4398);
#4400=PLANE('',#4399);
#4401=ORIENTED_EDGE('',*,*,#2986,.F.);
#4403=ORIENTED_EDGE('',*,*,#4402,.T.);
#4404=ORIENTED_EDGE('',*,*,#2683,.F.);
#4405=ORIENTED_EDGE('',*,*,#4253,.F.);
#4406=ORIENTED_EDGE('',*,*,#4116,.T.);
#4407=ORIENTED_EDGE('',*,*,#3941,.T.);
#4408=EDGE_LOOP('',(#4401,#4403,#4404,#4405,#4406,#4407));
#4409=FACE_OUTER_BOUND('',#4408,.F.);
#4411=FILL_AREA_STYLE_COLOUR('',#14);
#4412=FILL_AREA_STYLE('',(#4411));
#4413=SURFACE_STYLE_FILL_AREA(#4412);
#4414=SURFACE_SIDE_STYLE('',(#4413));
#4415=SURFACE_STYLE_USAGE(.BOTH.,#4414);
#4416=PRESENTATION_STYLE_ASSIGNMENT((#4415));
#4417=STYLED_ITEM('',(#4416),#4410);
#4418=CARTESIAN_POINT('',(0.E0,1.5E0,4.E-1));
#4419=DIRECTION('',(0.E0,1.E0,0.E0));
#4420=DIRECTION('',(-1.E0,0.E0,0.E0));
#4421=AXIS2_PLACEMENT_3D('',#4418,#4419,#4420);
#4422=PLANE('',#4421);
#4423=ORIENTED_EDGE('',*,*,#2984,.T.);
#4424=ORIENTED_EDGE('',*,*,#2956,.T.);
#4425=ORIENTED_EDGE('',*,*,#2726,.F.);
#4426=ORIENTED_EDGE('',*,*,#4402,.F.);
#4427=EDGE_LOOP('',(#4423,#4424,#4425,#4426));
#4428=FACE_OUTER_BOUND('',#4427,.F.);
#4430=FILL_AREA_STYLE_COLOUR('',#14);
#4431=FILL_AREA_STYLE('',(#4430));
#4432=SURFACE_STYLE_FILL_AREA(#4431);
#4433=SURFACE_SIDE_STYLE('',(#4432));
#4434=SURFACE_STYLE_USAGE(.BOTH.,#4433);
#4435=PRESENTATION_STYLE_ASSIGNMENT((#4434));
#4436=STYLED_ITEM('',(#4435),#4429);
#4437=CARTESIAN_POINT('',(-2.362204724409E-1,1.693897637795E0,-3.75E-1));
#4438=DIRECTION('',(-1.E0,0.E0,0.E0));
#4439=DIRECTION('',(0.E0,-1.E0,0.E0));
#4440=AXIS2_PLACEMENT_3D('',#4437,#4438,#4439);
#4441=PLANE('',#4440);
#4442=ORIENTED_EDGE('',*,*,#4212,.T.);
#4443=ORIENTED_EDGE('',*,*,#4258,.F.);
#4444=ORIENTED_EDGE('',*,*,#4104,.T.);
#4446=ORIENTED_EDGE('',*,*,#4445,.T.);
#4447=EDGE_LOOP('',(#4442,#4443,#4444,#4446));
#4448=FACE_OUTER_BOUND('',#4447,.F.);
#4450=FILL_AREA_STYLE_COLOUR('',#14);
#4451=FILL_AREA_STYLE('',(#4450));
#4452=SURFACE_STYLE_FILL_AREA(#4451);
#4453=SURFACE_SIDE_STYLE('',(#4452));
#4454=SURFACE_STYLE_USAGE(.BOTH.,#4453);
#4455=PRESENTATION_STYLE_ASSIGNMENT((#4454));
#4456=STYLED_ITEM('',(#4455),#4449);
#4457=CARTESIAN_POINT('',(2.362204724409E-1,1.693897637795E0,-3.75E-1));
#4458=DIRECTION('',(0.E0,1.E0,0.E0));
#4459=DIRECTION('',(-1.E0,0.E0,0.E0));
#4460=AXIS2_PLACEMENT_3D('',#4457,#4458,#4459);
#4461=PLANE('',#4460);
#4462=ORIENTED_EDGE('',*,*,#4214,.T.);
#4463=ORIENTED_EDGE('',*,*,#4445,.F.);
#4464=ORIENTED_EDGE('',*,*,#4102,.T.);
#4465=ORIENTED_EDGE('',*,*,#4094,.T.);
#4466=ORIENTED_EDGE('',*,*,#4190,.T.);
#4467=EDGE_LOOP('',(#4462,#4463,#4464,#4465,#4466));
#4468=FACE_OUTER_BOUND('',#4467,.F.);
#4470=FILL_AREA_STYLE_COLOUR('',#14);
#4471=FILL_AREA_STYLE('',(#4470));
#4472=SURFACE_STYLE_FILL_AREA(#4471);
#4473=SURFACE_SIDE_STYLE('',(#4472));
#4474=SURFACE_STYLE_USAGE(.BOTH.,#4473);
#4475=PRESENTATION_STYLE_ASSIGNMENT((#4474));
#4476=STYLED_ITEM('',(#4475),#4469);
#4477=CARTESIAN_POINT('',(0.E0,1.930118110236E0,-5.E-1));
#4478=DIRECTION('',(0.E0,0.E0,-1.E0));
#4479=DIRECTION('',(1.E0,0.E0,0.E0));
#4480=AXIS2_PLACEMENT_3D('',#4477,#4478,#4479);
#4481=CYLINDRICAL_SURFACE('',#4480,2.362204724409E-1);
#4482=ORIENTED_EDGE('',*,*,#4096,.T.);
#4483=ORIENTED_EDGE('',*,*,#4100,.T.);
#4485=ORIENTED_EDGE('',*,*,#4484,.F.);
#4486=ORIENTED_EDGE('',*,*,#2838,.F.);
#4488=ORIENTED_EDGE('',*,*,#4487,.T.);
#4489=EDGE_LOOP('',(#4482,#4483,#4485,#4486,#4488));
#4490=FACE_OUTER_BOUND('',#4489,.F.);
#4492=FILL_AREA_STYLE_COLOUR('',#14);
#4493=FILL_AREA_STYLE('',(#4492));
#4494=SURFACE_STYLE_FILL_AREA(#4493);
#4495=SURFACE_SIDE_STYLE('',(#4494));
#4496=SURFACE_STYLE_USAGE(.BOTH.,#4495);
#4497=PRESENTATION_STYLE_ASSIGNMENT((#4496));
#4498=STYLED_ITEM('',(#4497),#4491);
#4499=CARTESIAN_POINT('',(0.E0,2.184787401575E0,-5.E-1));
#4500=DIRECTION('',(0.E0,0.E0,-1.E0));
#4501=DIRECTION('',(1.E0,0.E0,0.E0));
#4502=AXIS2_PLACEMENT_3D('',#4499,#4500,#4501);
#4503=CYLINDRICAL_SURFACE('',#4502,9.8E-2);
#4504=ORIENTED_EDGE('',*,*,#2840,.F.);
#4505=ORIENTED_EDGE('',*,*,#4484,.T.);
#4506=ORIENTED_EDGE('',*,*,#4098,.T.);
#4507=ORIENTED_EDGE('',*,*,#4487,.F.);
#4508=EDGE_LOOP('',(#4504,#4505,#4506,#4507));
#4509=FACE_OUTER_BOUND('',#4508,.F.);
#4511=FILL_AREA_STYLE_COLOUR('',#14);
#4512=FILL_AREA_STYLE('',(#4511));
#4513=SURFACE_STYLE_FILL_AREA(#4512);
#4514=SURFACE_SIDE_STYLE('',(#4513));
#4515=SURFACE_STYLE_USAGE(.BOTH.,#4514);
#4516=PRESENTATION_STYLE_ASSIGNMENT((#4515));
#4517=STYLED_ITEM('',(#4516),#4510);
#4518=CARTESIAN_POINT('',(-5.E-2,4.7E0,-1.8036E0));
#4519=DIRECTION('',(0.E0,0.E0,1.E0));
#4520=DIRECTION('',(-1.E0,0.E0,0.E0));
#4521=AXIS2_PLACEMENT_3D('',#4518,#4519,#4520);
#4522=CYLINDRICAL_SURFACE('',#4521,7.E-1);
#4523=ORIENTED_EDGE('',*,*,#3191,.F.);
#4524=ORIENTED_EDGE('',*,*,#2798,.T.);
#4526=ORIENTED_EDGE('',*,*,#4525,.T.);
#4527=ORIENTED_EDGE('',*,*,#4110,.T.);
#4528=EDGE_LOOP('',(#4523,#4524,#4526,#4527));
#4529=FACE_OUTER_BOUND('',#4528,.F.);
#4531=FILL_AREA_STYLE_COLOUR('',#14);
#4532=FILL_AREA_STYLE('',(#4531));
#4533=SURFACE_STYLE_FILL_AREA(#4532);
#4534=SURFACE_SIDE_STYLE('',(#4533));
#4535=SURFACE_STYLE_USAGE(.BOTH.,#4534);
#4536=PRESENTATION_STYLE_ASSIGNMENT((#4535));
#4537=STYLED_ITEM('',(#4536),#4530);
#4538=CARTESIAN_POINT('',(-7.5E-1,4.E0,-5.E-1));
#4539=DIRECTION('',(0.E0,1.E0,0.E0));
#4540=DIRECTION('',(1.E0,0.E0,0.E0));
#4541=AXIS2_PLACEMENT_3D('',#4538,#4539,#4540);
#4542=PLANE('',#4541);
#4543=ORIENTED_EDGE('',*,*,#4074,.F.);
#4544=ORIENTED_EDGE('',*,*,#4112,.F.);
#4545=ORIENTED_EDGE('',*,*,#4525,.F.);
#4546=ORIENTED_EDGE('',*,*,#2796,.T.);
#4547=EDGE_LOOP('',(#4543,#4544,#4545,#4546));
#4548=FACE_OUTER_BOUND('',#4547,.F.);
#4550=FILL_AREA_STYLE_COLOUR('',#14);
#4551=FILL_AREA_STYLE('',(#4550));
#4552=SURFACE_STYLE_FILL_AREA(#4551);
#4553=SURFACE_SIDE_STYLE('',(#4552));
#4554=SURFACE_STYLE_USAGE(.BOTH.,#4553);
#4555=PRESENTATION_STYLE_ASSIGNMENT((#4554));
#4556=STYLED_ITEM('',(#4555),#4549);
#4557=CARTESIAN_POINT('',(-2.262204724409E-1,2.575787401575E0,-3.75E-1));
#4558=DIRECTION('',(0.E0,-1.E0,0.E0));
#4559=DIRECTION('',(1.E0,0.E0,0.E0));
#4560=AXIS2_PLACEMENT_3D('',#4557,#4558,#4559);
#4561=PLANE('',#4560);
#4562=ORIENTED_EDGE('',*,*,#4122,.T.);
#4564=ORIENTED_EDGE('',*,*,#4563,.T.);
#4566=ORIENTED_EDGE('',*,*,#4565,.T.);
#4568=ORIENTED_EDGE('',*,*,#4567,.F.);
#4569=EDGE_LOOP('',(#4562,#4564,#4566,#4568));
#4570=FACE_OUTER_BOUND('',#4569,.F.);
#4572=FILL_AREA_STYLE_COLOUR('',#14);
#4573=FILL_AREA_STYLE('',(#4572));
#4574=SURFACE_STYLE_FILL_AREA(#4573);
#4575=SURFACE_SIDE_STYLE('',(#4574));
#4576=SURFACE_STYLE_USAGE(.BOTH.,#4575);
#4577=PRESENTATION_STYLE_ASSIGNMENT((#4576));
#4578=STYLED_ITEM('',(#4577),#4571);
#4579=CARTESIAN_POINT('',(-2.362204724409E-1,2.769685039370E0,-3.75E-1));
#4580=DIRECTION('',(-1.E0,0.E0,0.E0));
#4581=DIRECTION('',(0.E0,-1.E0,0.E0));
#4582=AXIS2_PLACEMENT_3D('',#4579,#4580,#4581);
#4583=PLANE('',#4582);
#4585=ORIENTED_EDGE('',*,*,#4584,.T.);
#4586=ORIENTED_EDGE('',*,*,#4563,.F.);
#4587=ORIENTED_EDGE('',*,*,#4142,.T.);
#4589=ORIENTED_EDGE('',*,*,#4588,.T.);
#4590=EDGE_LOOP('',(#4585,#4586,#4587,#4589));
#4591=FACE_OUTER_BOUND('',#4590,.F.);
#4593=FILL_AREA_STYLE_COLOUR('',#14);
#4594=FILL_AREA_STYLE('',(#4593));
#4595=SURFACE_STYLE_FILL_AREA(#4594);
#4596=SURFACE_SIDE_STYLE('',(#4595));
#4597=SURFACE_STYLE_USAGE(.BOTH.,#4596);
#4598=PRESENTATION_STYLE_ASSIGNMENT((#4597));
#4599=STYLED_ITEM('',(#4598),#4592);
#4600=CARTESIAN_POINT('',(0.E0,0.E0,-3.129882E-1));
#4601=DIRECTION('',(0.E0,0.E0,1.E0));
#4602=DIRECTION('',(1.E0,0.E0,0.E0));
#4603=AXIS2_PLACEMENT_3D('',#4600,#4601,#4602);
#4604=PLANE('',#4603);
#4605=ORIENTED_EDGE('',*,*,#4565,.F.);
#4606=ORIENTED_EDGE('',*,*,#4584,.F.);
#4608=ORIENTED_EDGE('',*,*,#4607,.F.);
#4610=ORIENTED_EDGE('',*,*,#4609,.F.);
#4612=ORIENTED_EDGE('',*,*,#4611,.F.);
#4614=ORIENTED_EDGE('',*,*,#4613,.F.);
#4616=ORIENTED_EDGE('',*,*,#4615,.F.);
#4618=ORIENTED_EDGE('',*,*,#4617,.F.);
#4620=ORIENTED_EDGE('',*,*,#4619,.F.);
#4622=ORIENTED_EDGE('',*,*,#4621,.F.);
#4623=EDGE_LOOP('',(#4605,#4606,#4608,#4610,#4612,#4614,#4616,#4618,#4620,
#4622));
#4624=FACE_OUTER_BOUND('',#4623,.F.);
#4626=FILL_AREA_STYLE_COLOUR('',#14);
#4627=FILL_AREA_STYLE('',(#4626));
#4628=SURFACE_STYLE_FILL_AREA(#4627);
#4629=SURFACE_SIDE_STYLE('',(#4628));
#4630=SURFACE_STYLE_USAGE(.BOTH.,#4629);
#4631=PRESENTATION_STYLE_ASSIGNMENT((#4630));
#4632=STYLED_ITEM('',(#4631),#4625);
#4633=CARTESIAN_POINT('',(-2.15E-2,2.769685039370E0,-3.75E-1));
#4634=DIRECTION('',(0.E0,1.E0,0.E0));
#4635=DIRECTION('',(-1.E0,0.E0,0.E0));
#4636=AXIS2_PLACEMENT_3D('',#4633,#4634,#4635);
#4637=PLANE('',#4636);
#4638=ORIENTED_EDGE('',*,*,#4607,.T.);
#4639=ORIENTED_EDGE('',*,*,#4588,.F.);
#4640=ORIENTED_EDGE('',*,*,#4140,.T.);
#4642=ORIENTED_EDGE('',*,*,#4641,.T.);
#4643=EDGE_LOOP('',(#4638,#4639,#4640,#4642));
#4644=FACE_OUTER_BOUND('',#4643,.F.);
#4646=FILL_AREA_STYLE_COLOUR('',#14);
#4647=FILL_AREA_STYLE('',(#4646));
#4648=SURFACE_STYLE_FILL_AREA(#4647);
#4649=SURFACE_SIDE_STYLE('',(#4648));
#4650=SURFACE_STYLE_USAGE(.BOTH.,#4649);
#4651=PRESENTATION_STYLE_ASSIGNMENT((#4650));
#4652=STYLED_ITEM('',(#4651),#4645);
#4653=CARTESIAN_POINT('',(-2.15E-2,2.724361670444E0,-3.75E-1));
#4654=DIRECTION('',(1.E0,-1.194160401866E-14,0.E0));
#4655=DIRECTION('',(1.194160401866E-14,1.E0,0.E0));
#4656=AXIS2_PLACEMENT_3D('',#4653,#4654,#4655);
#4657=PLANE('',#4656);
#4658=ORIENTED_EDGE('',*,*,#4138,.F.);
#4660=ORIENTED_EDGE('',*,*,#4659,.T.);
#4661=ORIENTED_EDGE('',*,*,#4609,.T.);
#4662=ORIENTED_EDGE('',*,*,#4641,.F.);
#4663=EDGE_LOOP('',(#4658,#4660,#4661,#4662));
#4664=FACE_OUTER_BOUND('',#4663,.F.);
#4666=FILL_AREA_STYLE_COLOUR('',#14);
#4667=FILL_AREA_STYLE('',(#4666));
#4668=SURFACE_STYLE_FILL_AREA(#4667);
#4669=SURFACE_SIDE_STYLE('',(#4668));
#4670=SURFACE_STYLE_USAGE(.BOTH.,#4669);
#4671=PRESENTATION_STYLE_ASSIGNMENT((#4670));
#4672=STYLED_ITEM('',(#4671),#4665);
#4673=CARTESIAN_POINT('',(-3.15E-2,2.724361670444E0,-3.75E-1));
#4674=DIRECTION('',(0.E0,0.E0,1.E0));
#4675=DIRECTION('',(1.E0,0.E0,0.E0));
#4676=AXIS2_PLACEMENT_3D('',#4673,#4674,#4675);
#4677=CYLINDRICAL_SURFACE('',#4676,9.999999999999E-3);
#4678=ORIENTED_EDGE('',*,*,#4136,.F.);
#4680=ORIENTED_EDGE('',*,*,#4679,.T.);
#4681=ORIENTED_EDGE('',*,*,#4611,.T.);
#4682=ORIENTED_EDGE('',*,*,#4659,.F.);
#4683=EDGE_LOOP('',(#4678,#4680,#4681,#4682));
#4684=FACE_OUTER_BOUND('',#4683,.F.);
#4686=FILL_AREA_STYLE_COLOUR('',#14);
#4687=FILL_AREA_STYLE('',(#4686));
#4688=SURFACE_STYLE_FILL_AREA(#4687);
#4689=SURFACE_SIDE_STYLE('',(#4688));
#4690=SURFACE_STYLE_USAGE(.BOTH.,#4689);
#4691=PRESENTATION_STYLE_ASSIGNMENT((#4690));
#4692=STYLED_ITEM('',(#4691),#4685);
#4693=CARTESIAN_POINT('',(0.E0,2.683935039370E0,-5.E-1));
#4694=DIRECTION('',(0.E0,0.E0,-1.E0));
#4695=DIRECTION('',(0.E0,-1.E0,0.E0));
#4696=AXIS2_PLACEMENT_3D('',#4693,#4694,#4695);
#4697=CYLINDRICAL_SURFACE('',#4696,4.125E-2);
#4698=ORIENTED_EDGE('',*,*,#4613,.T.);
#4699=ORIENTED_EDGE('',*,*,#4679,.F.);
#4700=ORIENTED_EDGE('',*,*,#4134,.T.);
#4702=ORIENTED_EDGE('',*,*,#4701,.F.);
#4703=ORIENTED_EDGE('',*,*,#2832,.F.);
#4705=ORIENTED_EDGE('',*,*,#4704,.T.);
#4707=ORIENTED_EDGE('',*,*,#4706,.T.);
#4709=ORIENTED_EDGE('',*,*,#4708,.T.);
#4710=EDGE_LOOP('',(#4698,#4699,#4700,#4702,#4703,#4705,#4707,#4709));
#4711=FACE_OUTER_BOUND('',#4710,.F.);
#4713=FILL_AREA_STYLE_COLOUR('',#14);
#4714=FILL_AREA_STYLE('',(#4713));
#4715=SURFACE_STYLE_FILL_AREA(#4714);
#4716=SURFACE_SIDE_STYLE('',(#4715));
#4717=SURFACE_STYLE_USAGE(.BOTH.,#4716);
#4718=PRESENTATION_STYLE_ASSIGNMENT((#4717));
#4719=STYLED_ITEM('',(#4718),#4712);
#4720=CARTESIAN_POINT('',(0.E0,2.683935039370E0,-5.E-1));
#4721=DIRECTION('',(0.E0,0.E0,-1.E0));
#4722=DIRECTION('',(0.E0,-1.E0,0.E0));
#4723=AXIS2_PLACEMENT_3D('',#4720,#4721,#4722);
#4724=CYLINDRICAL_SURFACE('',#4723,4.125E-2);
#4725=ORIENTED_EDGE('',*,*,#4132,.T.);
#4726=ORIENTED_EDGE('',*,*,#4706,.F.);
#4727=ORIENTED_EDGE('',*,*,#4704,.F.);
#4728=ORIENTED_EDGE('',*,*,#2834,.F.);
#4729=ORIENTED_EDGE('',*,*,#4701,.T.);
#4730=EDGE_LOOP('',(#4725,#4726,#4727,#4728,#4729));
#4731=FACE_OUTER_BOUND('',#4730,.F.);
#4733=FILL_AREA_STYLE_COLOUR('',#14);
#4734=FILL_AREA_STYLE('',(#4733));
#4735=SURFACE_STYLE_FILL_AREA(#4734);
#4736=SURFACE_SIDE_STYLE('',(#4735));
#4737=SURFACE_STYLE_USAGE(.BOTH.,#4736);
#4738=PRESENTATION_STYLE_ASSIGNMENT((#4737));
#4739=STYLED_ITEM('',(#4738),#4732);
#4740=CARTESIAN_POINT('',(3.15E-2,2.724361670444E0,-3.75E-1));
#4741=DIRECTION('',(0.E0,0.E0,1.E0));
#4742=DIRECTION('',(1.E0,0.E0,0.E0));
#4743=AXIS2_PLACEMENT_3D('',#4740,#4741,#4742);
#4744=CYLINDRICAL_SURFACE('',#4743,1.E-2);
#4745=ORIENTED_EDGE('',*,*,#4130,.F.);
#4747=ORIENTED_EDGE('',*,*,#4746,.T.);
#4748=ORIENTED_EDGE('',*,*,#4615,.T.);
#4749=ORIENTED_EDGE('',*,*,#4708,.F.);
#4750=EDGE_LOOP('',(#4745,#4747,#4748,#4749));
#4751=FACE_OUTER_BOUND('',#4750,.F.);
#4753=FILL_AREA_STYLE_COLOUR('',#14);
#4754=FILL_AREA_STYLE('',(#4753));
#4755=SURFACE_STYLE_FILL_AREA(#4754);
#4756=SURFACE_SIDE_STYLE('',(#4755));
#4757=SURFACE_STYLE_USAGE(.BOTH.,#4756);
#4758=PRESENTATION_STYLE_ASSIGNMENT((#4757));
#4759=STYLED_ITEM('',(#4758),#4752);
#4760=CARTESIAN_POINT('',(2.15E-2,2.769685039370E0,-3.75E-1));
#4761=DIRECTION('',(-1.E0,-1.186505527495E-14,0.E0));
#4762=DIRECTION('',(1.186505527495E-14,-1.E0,0.E0));
#4763=AXIS2_PLACEMENT_3D('',#4760,#4761,#4762);
#4764=PLANE('',#4763);
#4765=ORIENTED_EDGE('',*,*,#4128,.F.);
#4767=ORIENTED_EDGE('',*,*,#4766,.T.);
#4768=ORIENTED_EDGE('',*,*,#4617,.T.);
#4769=ORIENTED_EDGE('',*,*,#4746,.F.);
#4770=EDGE_LOOP('',(#4765,#4767,#4768,#4769));
#4771=FACE_OUTER_BOUND('',#4770,.F.);
#4773=FILL_AREA_STYLE_COLOUR('',#14);
#4774=FILL_AREA_STYLE('',(#4773));
#4775=SURFACE_STYLE_FILL_AREA(#4774);
#4776=SURFACE_SIDE_STYLE('',(#4775));
#4777=SURFACE_STYLE_USAGE(.BOTH.,#4776);
#4778=PRESENTATION_STYLE_ASSIGNMENT((#4777));
#4779=STYLED_ITEM('',(#4778),#4772);
#4780=CARTESIAN_POINT('',(2.362204724409E-1,2.769685039370E0,-3.75E-1));
#4781=DIRECTION('',(0.E0,1.E0,0.E0));
#4782=DIRECTION('',(-1.E0,0.E0,0.E0));
#4783=AXIS2_PLACEMENT_3D('',#4780,#4781,#4782);
#4784=PLANE('',#4783);
#4785=ORIENTED_EDGE('',*,*,#4619,.T.);
#4786=ORIENTED_EDGE('',*,*,#4766,.F.);
#4787=ORIENTED_EDGE('',*,*,#4126,.T.);
#4789=ORIENTED_EDGE('',*,*,#4788,.T.);
#4790=EDGE_LOOP('',(#4785,#4786,#4787,#4789));
#4791=FACE_OUTER_BOUND('',#4790,.F.);
#4793=FILL_AREA_STYLE_COLOUR('',#14);
#4794=FILL_AREA_STYLE('',(#4793));
#4795=SURFACE_STYLE_FILL_AREA(#4794);
#4796=SURFACE_SIDE_STYLE('',(#4795));
#4797=SURFACE_STYLE_USAGE(.BOTH.,#4796);
#4798=PRESENTATION_STYLE_ASSIGNMENT((#4797));
#4799=STYLED_ITEM('',(#4798),#4792);
#4800=CARTESIAN_POINT('',(2.362204724409E-1,2.575787401575E0,-3.75E-1));
#4801=DIRECTION('',(1.E0,0.E0,0.E0));
#4802=DIRECTION('',(0.E0,1.E0,0.E0));
#4803=AXIS2_PLACEMENT_3D('',#4800,#4801,#4802);
#4804=PLANE('',#4803);
#4805=ORIENTED_EDGE('',*,*,#4621,.T.);
#4806=ORIENTED_EDGE('',*,*,#4788,.F.);
#4807=ORIENTED_EDGE('',*,*,#4124,.T.);
#4808=ORIENTED_EDGE('',*,*,#4567,.T.);
#4809=EDGE_LOOP('',(#4805,#4806,#4807,#4808));
#4810=FACE_OUTER_BOUND('',#4809,.F.);
#4812=FILL_AREA_STYLE_COLOUR('',#14);
#4813=FILL_AREA_STYLE('',(#4812));
#4814=SURFACE_STYLE_FILL_AREA(#4813);
#4815=SURFACE_SIDE_STYLE('',(#4814));
#4816=SURFACE_STYLE_USAGE(.BOTH.,#4815);
#4817=PRESENTATION_STYLE_ASSIGNMENT((#4816));
#4818=STYLED_ITEM('',(#4817),#4811);
#4819=CARTESIAN_POINT('',(5.E-2,4.7E0,1.8036E0));
#4820=DIRECTION('',(0.E0,0.E0,-1.E0));
#4821=DIRECTION('',(1.E0,0.E0,0.E0));
#4822=AXIS2_PLACEMENT_3D('',#4819,#4820,#4821);
#4823=CYLINDRICAL_SURFACE('',#4822,7.E-1);
#4824=ORIENTED_EDGE('',*,*,#3938,.F.);
#4825=ORIENTED_EDGE('',*,*,#3037,.T.);
#4826=ORIENTED_EDGE('',*,*,#3153,.T.);
#4827=ORIENTED_EDGE('',*,*,#2975,.T.);
#4828=EDGE_LOOP('',(#4824,#4825,#4826,#4827));
#4829=FACE_OUTER_BOUND('',#4828,.F.);
#4831=FILL_AREA_STYLE_COLOUR('',#14);
#4832=FILL_AREA_STYLE('',(#4831));
#4833=SURFACE_STYLE_FILL_AREA(#4832);
#4834=SURFACE_SIDE_STYLE('',(#4833));
#4835=SURFACE_STYLE_USAGE(.BOTH.,#4834);
#4836=PRESENTATION_STYLE_ASSIGNMENT((#4835));
#4837=STYLED_ITEM('',(#4836),#4830);
#4838=CARTESIAN_POINT('',(-7.5E-1,5.E0,-3.937007874015E-1));
#4839=DIRECTION('',(-1.E0,0.E0,0.E0));
#4840=DIRECTION('',(0.E0,0.E0,-1.E0));
#4841=AXIS2_PLACEMENT_3D('',#4838,#4839,#4840);
#4842=CYLINDRICAL_SURFACE('',#4841,2.952755905512E-2);
#4843=ORIENTED_EDGE('',*,*,#3703,.F.);
#4844=ORIENTED_EDGE('',*,*,#3677,.F.);
#4845=ORIENTED_EDGE('',*,*,#3607,.T.);
#4846=ORIENTED_EDGE('',*,*,#3674,.T.);
#4847=EDGE_LOOP('',(#4843,#4844,#4845,#4846));
#4848=FACE_OUTER_BOUND('',#4847,.F.);
#4850=FILL_AREA_STYLE_COLOUR('',#14);
#4851=FILL_AREA_STYLE('',(#4850));
#4852=SURFACE_STYLE_FILL_AREA(#4851);
#4853=SURFACE_SIDE_STYLE('',(#4852));
#4854=SURFACE_STYLE_USAGE(.BOTH.,#4853);
#4855=PRESENTATION_STYLE_ASSIGNMENT((#4854));
#4856=STYLED_ITEM('',(#4855),#4849);
#4857=CARTESIAN_POINT('',(-7.5E-1,5.E0,-2.637795275590E-1));
#4858=DIRECTION('',(-1.E0,0.E0,0.E0));
#4859=DIRECTION('',(0.E0,0.E0,-1.E0));
#4860=AXIS2_PLACEMENT_3D('',#4857,#4858,#4859);
#4861=CYLINDRICAL_SURFACE('',#4860,2.952755905512E-2);
#4862=ORIENTED_EDGE('',*,*,#3707,.F.);
#4864=ORIENTED_EDGE('',*,*,#4863,.F.);
#4865=ORIENTED_EDGE('',*,*,#3611,.T.);
#4867=ORIENTED_EDGE('',*,*,#4866,.T.);
#4868=EDGE_LOOP('',(#4862,#4864,#4865,#4867));
#4869=FACE_OUTER_BOUND('',#4868,.F.);
#4871=FILL_AREA_STYLE_COLOUR('',#14);
#4872=FILL_AREA_STYLE('',(#4871));
#4873=SURFACE_STYLE_FILL_AREA(#4872);
#4874=SURFACE_SIDE_STYLE('',(#4873));
#4875=SURFACE_STYLE_USAGE(.BOTH.,#4874);
#4876=PRESENTATION_STYLE_ASSIGNMENT((#4875));
#4877=STYLED_ITEM('',(#4876),#4870);
#4878=CARTESIAN_POINT('',(-7.5E-1,5.E0,-2.637795275590E-1));
#4879=DIRECTION('',(-1.E0,0.E0,0.E0));
#4880=DIRECTION('',(0.E0,0.E0,-1.E0));
#4881=AXIS2_PLACEMENT_3D('',#4878,#4879,#4880);
#4882=CYLINDRICAL_SURFACE('',#4881,2.952755905512E-2);
#4883=ORIENTED_EDGE('',*,*,#3709,.F.);
#4884=ORIENTED_EDGE('',*,*,#4866,.F.);
#4885=ORIENTED_EDGE('',*,*,#3613,.T.);
#4886=ORIENTED_EDGE('',*,*,#4863,.T.);
#4887=EDGE_LOOP('',(#4883,#4884,#4885,#4886));
#4888=FACE_OUTER_BOUND('',#4887,.F.);
#4890=FILL_AREA_STYLE_COLOUR('',#14);
#4891=FILL_AREA_STYLE('',(#4890));
#4892=SURFACE_STYLE_FILL_AREA(#4891);
#4893=SURFACE_SIDE_STYLE('',(#4892));
#4894=SURFACE_STYLE_USAGE(.BOTH.,#4893);
#4895=PRESENTATION_STYLE_ASSIGNMENT((#4894));
#4896=STYLED_ITEM('',(#4895),#4889);
#4897=CARTESIAN_POINT('',(-7.5E-1,5.E0,0.E0));
#4898=DIRECTION('',(-1.E0,0.E0,0.E0));
#4899=DIRECTION('',(0.E0,0.E0,-1.E0));
#4900=AXIS2_PLACEMENT_3D('',#4897,#4898,#4899);
#4901=CYLINDRICAL_SURFACE('',#4900,5.314960629922E-2);
#4903=ORIENTED_EDGE('',*,*,#4902,.F.);
#4905=ORIENTED_EDGE('',*,*,#4904,.T.);
#4906=ORIENTED_EDGE('',*,*,#3713,.F.);
#4908=ORIENTED_EDGE('',*,*,#4907,.F.);
#4909=EDGE_LOOP('',(#4903,#4905,#4906,#4908));
#4910=FACE_OUTER_BOUND('',#4909,.F.);
#4912=FILL_AREA_STYLE_COLOUR('',#14);
#4913=FILL_AREA_STYLE('',(#4912));
#4914=SURFACE_STYLE_FILL_AREA(#4913);
#4915=SURFACE_SIDE_STYLE('',(#4914));
#4916=SURFACE_STYLE_USAGE(.BOTH.,#4915);
#4917=PRESENTATION_STYLE_ASSIGNMENT((#4916));
#4918=STYLED_ITEM('',(#4917),#4911);
#4919=CARTESIAN_POINT('',(-8.930933983917E-1,5.E0,0.E0));
#4920=DIRECTION('',(1.E0,0.E0,0.E0));
#4921=DIRECTION('',(0.E0,0.E0,-1.E0));
#4922=AXIS2_PLACEMENT_3D('',#4919,#4920,#4921);
#4923=CONICAL_SURFACE('',#4922,6.375620797166E-2,2.25E1);
#4924=ORIENTED_EDGE('',*,*,#4902,.T.);
#4926=ORIENTED_EDGE('',*,*,#4925,.T.);
#4928=ORIENTED_EDGE('',*,*,#4927,.F.);
#4930=ORIENTED_EDGE('',*,*,#4929,.F.);
#4931=EDGE_LOOP('',(#4924,#4926,#4928,#4930));
#4932=FACE_OUTER_BOUND('',#4931,.F.);
#4934=FILL_AREA_STYLE_COLOUR('',#14);
#4935=FILL_AREA_STYLE('',(#4934));
#4936=SURFACE_STYLE_FILL_AREA(#4935);
#4937=SURFACE_SIDE_STYLE('',(#4936));
#4938=SURFACE_STYLE_USAGE(.BOTH.,#4937);
#4939=PRESENTATION_STYLE_ASSIGNMENT((#4938));
#4940=STYLED_ITEM('',(#4939),#4933);
#4941=CARTESIAN_POINT('',(-8.930933983917E-1,5.E0,0.E0));
#4942=DIRECTION('',(1.E0,0.E0,0.E0));
#4943=DIRECTION('',(0.E0,0.E0,-1.E0));
#4944=AXIS2_PLACEMENT_3D('',#4941,#4942,#4943);
#4945=CONICAL_SURFACE('',#4944,6.375620797166E-2,2.25E1);
#4947=ORIENTED_EDGE('',*,*,#4946,.T.);
#4948=ORIENTED_EDGE('',*,*,#4929,.T.);
#4950=ORIENTED_EDGE('',*,*,#4949,.F.);
#4951=ORIENTED_EDGE('',*,*,#4925,.F.);
#4952=EDGE_LOOP('',(#4947,#4948,#4950,#4951));
#4953=FACE_OUTER_BOUND('',#4952,.F.);
#4955=FILL_AREA_STYLE_COLOUR('',#14);
#4956=FILL_AREA_STYLE('',(#4955));
#4957=SURFACE_STYLE_FILL_AREA(#4956);
#4958=SURFACE_SIDE_STYLE('',(#4957));
#4959=SURFACE_STYLE_USAGE(.BOTH.,#4958);
#4960=PRESENTATION_STYLE_ASSIGNMENT((#4959));
#4961=STYLED_ITEM('',(#4960),#4954);
#4962=CARTESIAN_POINT('',(-7.5E-1,5.E0,0.E0));
#4963=DIRECTION('',(-1.E0,0.E0,0.E0));
#4964=DIRECTION('',(0.E0,0.E0,-1.E0));
#4965=AXIS2_PLACEMENT_3D('',#4962,#4963,#4964);
#4966=CYLINDRICAL_SURFACE('',#4965,5.314960629922E-2);
#4967=ORIENTED_EDGE('',*,*,#4946,.F.);
#4968=ORIENTED_EDGE('',*,*,#4907,.T.);
#4969=ORIENTED_EDGE('',*,*,#3715,.F.);
#4970=ORIENTED_EDGE('',*,*,#4904,.F.);
#4971=EDGE_LOOP('',(#4967,#4968,#4969,#4970));
#4972=FACE_OUTER_BOUND('',#4971,.F.);
#4974=FILL_AREA_STYLE_COLOUR('',#14);
#4975=FILL_AREA_STYLE('',(#4974));
#4976=SURFACE_STYLE_FILL_AREA(#4975);
#4977=SURFACE_SIDE_STYLE('',(#4976));
#4978=SURFACE_STYLE_USAGE(.BOTH.,#4977);
#4979=PRESENTATION_STYLE_ASSIGNMENT((#4978));
#4980=STYLED_ITEM('',(#4979),#4973);
#4981=CARTESIAN_POINT('',(-8.480933982822E-1,5.E0,0.E0));
#4982=DIRECTION('',(1.E0,0.E0,0.E0));
#4983=DIRECTION('',(0.E0,0.E0,-1.E0));
#4984=AXIS2_PLACEMENT_3D('',#4981,#4982,#4983);
#4985=CONICAL_SURFACE('',#4984,9.375620801701E-2,4.5E1);
#4986=ORIENTED_EDGE('',*,*,#4949,.T.);
#4988=ORIENTED_EDGE('',*,*,#4987,.F.);
#4989=ORIENTED_EDGE('',*,*,#3655,.T.);
#4991=ORIENTED_EDGE('',*,*,#4990,.T.);
#4992=EDGE_LOOP('',(#4986,#4988,#4989,#4991));
#4993=FACE_OUTER_BOUND('',#4992,.F.);
#4995=FILL_AREA_STYLE_COLOUR('',#14);
#4996=FILL_AREA_STYLE('',(#4995));
#4997=SURFACE_STYLE_FILL_AREA(#4996);
#4998=SURFACE_SIDE_STYLE('',(#4997));
#4999=SURFACE_STYLE_USAGE(.BOTH.,#4998);
#5000=PRESENTATION_STYLE_ASSIGNMENT((#4999));
#5001=STYLED_ITEM('',(#5000),#4994);
#5002=CARTESIAN_POINT('',(-8.480933982822E-1,5.E0,0.E0));
#5003=DIRECTION('',(1.E0,0.E0,0.E0));
#5004=DIRECTION('',(0.E0,0.E0,-1.E0));
#5005=AXIS2_PLACEMENT_3D('',#5002,#5003,#5004);
#5006=CONICAL_SURFACE('',#5005,9.375620801701E-2,4.5E1);
#5007=ORIENTED_EDGE('',*,*,#4927,.T.);
#5008=ORIENTED_EDGE('',*,*,#4990,.F.);
#5009=ORIENTED_EDGE('',*,*,#3653,.T.);
#5010=ORIENTED_EDGE('',*,*,#4987,.T.);
#5011=EDGE_LOOP('',(#5007,#5008,#5009,#5010));
#5012=FACE_OUTER_BOUND('',#5011,.F.);
#5014=FILL_AREA_STYLE_COLOUR('',#14);
#5015=FILL_AREA_STYLE('',(#5014));
#5016=SURFACE_STYLE_FILL_AREA(#5015);
#5017=SURFACE_SIDE_STYLE('',(#5016));
#5018=SURFACE_STYLE_USAGE(.BOTH.,#5017);
#5019=PRESENTATION_STYLE_ASSIGNMENT((#5018));
#5020=STYLED_ITEM('',(#5019),#5013);
#5021=CARTESIAN_POINT('',(-7.5E-1,5.E0,2.637795275590E-1));
#5022=DIRECTION('',(-1.E0,0.E0,0.E0));
#5023=DIRECTION('',(0.E0,0.E0,-1.E0));
#5024=AXIS2_PLACEMENT_3D('',#5021,#5022,#5023);
#5025=CYLINDRICAL_SURFACE('',#5024,2.952755905512E-2);
#5026=ORIENTED_EDGE('',*,*,#3719,.F.);
#5028=ORIENTED_EDGE('',*,*,#5027,.F.);
#5029=ORIENTED_EDGE('',*,*,#3617,.T.);
#5031=ORIENTED_EDGE('',*,*,#5030,.T.);
#5032=EDGE_LOOP('',(#5026,#5028,#5029,#5031));
#5033=FACE_OUTER_BOUND('',#5032,.F.);
#5035=FILL_AREA_STYLE_COLOUR('',#14);
#5036=FILL_AREA_STYLE('',(#5035));
#5037=SURFACE_STYLE_FILL_AREA(#5036);
#5038=SURFACE_SIDE_STYLE('',(#5037));
#5039=SURFACE_STYLE_USAGE(.BOTH.,#5038);
#5040=PRESENTATION_STYLE_ASSIGNMENT((#5039));
#5041=STYLED_ITEM('',(#5040),#5034);
#5042=CARTESIAN_POINT('',(-7.5E-1,5.E0,2.637795275590E-1));
#5043=DIRECTION('',(-1.E0,0.E0,0.E0));
#5044=DIRECTION('',(0.E0,0.E0,-1.E0));
#5045=AXIS2_PLACEMENT_3D('',#5042,#5043,#5044);
#5046=CYLINDRICAL_SURFACE('',#5045,2.952755905512E-2);
#5047=ORIENTED_EDGE('',*,*,#3721,.F.);
#5048=ORIENTED_EDGE('',*,*,#5030,.F.);
#5049=ORIENTED_EDGE('',*,*,#3619,.T.);
#5050=ORIENTED_EDGE('',*,*,#5027,.T.);
#5051=EDGE_LOOP('',(#5047,#5048,#5049,#5050));
#5052=FACE_OUTER_BOUND('',#5051,.F.);
#5054=FILL_AREA_STYLE_COLOUR('',#14);
#5055=FILL_AREA_STYLE('',(#5054));
#5056=SURFACE_STYLE_FILL_AREA(#5055);
#5057=SURFACE_SIDE_STYLE('',(#5056));
#5058=SURFACE_STYLE_USAGE(.BOTH.,#5057);
#5059=PRESENTATION_STYLE_ASSIGNMENT((#5058));
#5060=STYLED_ITEM('',(#5059),#5053);
#5061=CARTESIAN_POINT('',(-7.5E-1,5.E0,3.937007874015E-1));
#5062=DIRECTION('',(-1.E0,0.E0,0.E0));
#5063=DIRECTION('',(0.E0,0.E0,-1.E0));
#5064=AXIS2_PLACEMENT_3D('',#5061,#5062,#5063);
#5065=CYLINDRICAL_SURFACE('',#5064,2.952755905512E-2);
#5066=ORIENTED_EDGE('',*,*,#3725,.F.);
#5068=ORIENTED_EDGE('',*,*,#5067,.F.);
#5069=ORIENTED_EDGE('',*,*,#3623,.T.);
#5071=ORIENTED_EDGE('',*,*,#5070,.T.);
#5072=EDGE_LOOP('',(#5066,#5068,#5069,#5071));
#5073=FACE_OUTER_BOUND('',#5072,.F.);
#5075=FILL_AREA_STYLE_COLOUR('',#14);
#5076=FILL_AREA_STYLE('',(#5075));
#5077=SURFACE_STYLE_FILL_AREA(#5076);
#5078=SURFACE_SIDE_STYLE('',(#5077));
#5079=SURFACE_STYLE_USAGE(.BOTH.,#5078);
#5080=PRESENTATION_STYLE_ASSIGNMENT((#5079));
#5081=STYLED_ITEM('',(#5080),#5074);
#5082=CARTESIAN_POINT('',(-7.5E-1,5.E0,3.937007874015E-1));
#5083=DIRECTION('',(-1.E0,0.E0,0.E0));
#5084=DIRECTION('',(0.E0,0.E0,-1.E0));
#5085=AXIS2_PLACEMENT_3D('',#5082,#5083,#5084);
#5086=CYLINDRICAL_SURFACE('',#5085,2.952755905512E-2);
#5087=ORIENTED_EDGE('',*,*,#3727,.F.);
#5088=ORIENTED_EDGE('',*,*,#5070,.F.);
#5089=ORIENTED_EDGE('',*,*,#3625,.T.);
#5090=ORIENTED_EDGE('',*,*,#5067,.T.);
#5091=EDGE_LOOP('',(#5087,#5088,#5089,#5090));
#5092=FACE_OUTER_BOUND('',#5091,.F.);
#5094=FILL_AREA_STYLE_COLOUR('',#14);
#5095=FILL_AREA_STYLE('',(#5094));
#5096=SURFACE_STYLE_FILL_AREA(#5095);
#5097=SURFACE_SIDE_STYLE('',(#5096));
#5098=SURFACE_STYLE_USAGE(.BOTH.,#5097);
#5099=PRESENTATION_STYLE_ASSIGNMENT((#5098));
#5100=STYLED_ITEM('',(#5099),#5093);
#5101=CARTESIAN_POINT('',(-7.5E-1,5.236220472441E0,0.E0));
#5102=DIRECTION('',(-1.E0,0.E0,0.E0));
#5103=DIRECTION('',(0.E0,0.E0,-1.E0));
#5104=AXIS2_PLACEMENT_3D('',#5101,#5102,#5103);
#5105=CYLINDRICAL_SURFACE('',#5104,2.952755905512E-2);
#5106=ORIENTED_EDGE('',*,*,#3731,.F.);
#5108=ORIENTED_EDGE('',*,*,#5107,.F.);
#5109=ORIENTED_EDGE('',*,*,#3629,.T.);
#5111=ORIENTED_EDGE('',*,*,#5110,.T.);
#5112=EDGE_LOOP('',(#5106,#5108,#5109,#5111));
#5113=FACE_OUTER_BOUND('',#5112,.F.);
#5115=FILL_AREA_STYLE_COLOUR('',#14);
#5116=FILL_AREA_STYLE('',(#5115));
#5117=SURFACE_STYLE_FILL_AREA(#5116);
#5118=SURFACE_SIDE_STYLE('',(#5117));
#5119=SURFACE_STYLE_USAGE(.BOTH.,#5118);
#5120=PRESENTATION_STYLE_ASSIGNMENT((#5119));
#5121=STYLED_ITEM('',(#5120),#5114);
#5122=CARTESIAN_POINT('',(-7.5E-1,5.236220472441E0,0.E0));
#5123=DIRECTION('',(-1.E0,0.E0,0.E0));
#5124=DIRECTION('',(0.E0,0.E0,-1.E0));
#5125=AXIS2_PLACEMENT_3D('',#5122,#5123,#5124);
#5126=CYLINDRICAL_SURFACE('',#5125,2.952755905512E-2);
#5127=ORIENTED_EDGE('',*,*,#3733,.F.);
#5128=ORIENTED_EDGE('',*,*,#5110,.F.);
#5129=ORIENTED_EDGE('',*,*,#3631,.T.);
#5130=ORIENTED_EDGE('',*,*,#5107,.T.);
#5131=EDGE_LOOP('',(#5127,#5128,#5129,#5130));
#5132=FACE_OUTER_BOUND('',#5131,.F.);
#5134=FILL_AREA_STYLE_COLOUR('',#14);
#5135=FILL_AREA_STYLE('',(#5134));
#5136=SURFACE_STYLE_FILL_AREA(#5135);
#5137=SURFACE_SIDE_STYLE('',(#5136));
#5138=SURFACE_STYLE_USAGE(.BOTH.,#5137);
#5139=PRESENTATION_STYLE_ASSIGNMENT((#5138));
#5140=STYLED_ITEM('',(#5139),#5133);
#5141=CARTESIAN_POINT('',(-7.5E-1,5.393700787401E0,0.E0));
#5142=DIRECTION('',(-1.E0,0.E0,0.E0));
#5143=DIRECTION('',(0.E0,0.E0,-1.E0));
#5144=AXIS2_PLACEMENT_3D('',#5141,#5142,#5143);
#5145=CYLINDRICAL_SURFACE('',#5144,2.952755905512E-2);
#5146=ORIENTED_EDGE('',*,*,#3737,.F.);
#5148=ORIENTED_EDGE('',*,*,#5147,.F.);
#5149=ORIENTED_EDGE('',*,*,#3635,.T.);
#5151=ORIENTED_EDGE('',*,*,#5150,.T.);
#5152=EDGE_LOOP('',(#5146,#5148,#5149,#5151));
#5153=FACE_OUTER_BOUND('',#5152,.F.);
#5155=FILL_AREA_STYLE_COLOUR('',#14);
#5156=FILL_AREA_STYLE('',(#5155));
#5157=SURFACE_STYLE_FILL_AREA(#5156);
#5158=SURFACE_SIDE_STYLE('',(#5157));
#5159=SURFACE_STYLE_USAGE(.BOTH.,#5158);
#5160=PRESENTATION_STYLE_ASSIGNMENT((#5159));
#5161=STYLED_ITEM('',(#5160),#5154);
#5162=CARTESIAN_POINT('',(-7.5E-1,5.393700787401E0,0.E0));
#5163=DIRECTION('',(-1.E0,0.E0,0.E0));
#5164=DIRECTION('',(0.E0,0.E0,-1.E0));
#5165=AXIS2_PLACEMENT_3D('',#5162,#5163,#5164);
#5166=CYLINDRICAL_SURFACE('',#5165,2.952755905512E-2);
#5167=ORIENTED_EDGE('',*,*,#3739,.F.);
#5168=ORIENTED_EDGE('',*,*,#5150,.F.);
#5169=ORIENTED_EDGE('',*,*,#3637,.T.);
#5170=ORIENTED_EDGE('',*,*,#5147,.T.);
#5171=EDGE_LOOP('',(#5167,#5168,#5169,#5170));
#5172=FACE_OUTER_BOUND('',#5171,.F.);
#5174=FILL_AREA_STYLE_COLOUR('',#14);
#5175=FILL_AREA_STYLE('',(#5174));
#5176=SURFACE_STYLE_FILL_AREA(#5175);
#5177=SURFACE_SIDE_STYLE('',(#5176));
#5178=SURFACE_STYLE_USAGE(.BOTH.,#5177);
#5179=PRESENTATION_STYLE_ASSIGNMENT((#5178));
#5180=STYLED_ITEM('',(#5179),#5173);
#5181=CARTESIAN_POINT('',(-7.5E-1,4.606299212599E0,0.E0));
#5182=DIRECTION('',(-1.E0,0.E0,0.E0));
#5183=DIRECTION('',(0.E0,0.E0,-1.E0));
#5184=AXIS2_PLACEMENT_3D('',#5181,#5182,#5183);
#5185=CYLINDRICAL_SURFACE('',#5184,2.952755905512E-2);
#5186=ORIENTED_EDGE('',*,*,#3743,.F.);
#5188=ORIENTED_EDGE('',*,*,#5187,.F.);
#5189=ORIENTED_EDGE('',*,*,#3641,.T.);
#5191=ORIENTED_EDGE('',*,*,#5190,.T.);
#5192=EDGE_LOOP('',(#5186,#5188,#5189,#5191));
#5193=FACE_OUTER_BOUND('',#5192,.F.);
#5195=FILL_AREA_STYLE_COLOUR('',#14);
#5196=FILL_AREA_STYLE('',(#5195));
#5197=SURFACE_STYLE_FILL_AREA(#5196);
#5198=SURFACE_SIDE_STYLE('',(#5197));
#5199=SURFACE_STYLE_USAGE(.BOTH.,#5198);
#5200=PRESENTATION_STYLE_ASSIGNMENT((#5199));
#5201=STYLED_ITEM('',(#5200),#5194);
#5202=CARTESIAN_POINT('',(-7.5E-1,4.606299212599E0,0.E0));
#5203=DIRECTION('',(-1.E0,0.E0,0.E0));
#5204=DIRECTION('',(0.E0,0.E0,-1.E0));
#5205=AXIS2_PLACEMENT_3D('',#5202,#5203,#5204);
#5206=CYLINDRICAL_SURFACE('',#5205,2.952755905512E-2);
#5207=ORIENTED_EDGE('',*,*,#3745,.F.);
#5208=ORIENTED_EDGE('',*,*,#5190,.F.);
#5209=ORIENTED_EDGE('',*,*,#3643,.T.);
#5210=ORIENTED_EDGE('',*,*,#5187,.T.);
#5211=EDGE_LOOP('',(#5207,#5208,#5209,#5210));
#5212=FACE_OUTER_BOUND('',#5211,.F.);
#5214=FILL_AREA_STYLE_COLOUR('',#14);
#5215=FILL_AREA_STYLE('',(#5214));
#5216=SURFACE_STYLE_FILL_AREA(#5215);
#5217=SURFACE_SIDE_STYLE('',(#5216));
#5218=SURFACE_STYLE_USAGE(.BOTH.,#5217);
#5219=PRESENTATION_STYLE_ASSIGNMENT((#5218));
#5220=STYLED_ITEM('',(#5219),#5213);
#5221=CARTESIAN_POINT('',(-7.5E-1,4.763779527559E0,0.E0));
#5222=DIRECTION('',(-1.E0,0.E0,0.E0));
#5223=DIRECTION('',(0.E0,0.E0,-1.E0));
#5224=AXIS2_PLACEMENT_3D('',#5221,#5222,#5223);
#5225=CYLINDRICAL_SURFACE('',#5224,2.952755905512E-2);
#5226=ORIENTED_EDGE('',*,*,#3749,.F.);
#5228=ORIENTED_EDGE('',*,*,#5227,.F.);
#5229=ORIENTED_EDGE('',*,*,#3647,.T.);
#5231=ORIENTED_EDGE('',*,*,#5230,.T.);
#5232=EDGE_LOOP('',(#5226,#5228,#5229,#5231));
#5233=FACE_OUTER_BOUND('',#5232,.F.);
#5235=FILL_AREA_STYLE_COLOUR('',#14);
#5236=FILL_AREA_STYLE('',(#5235));
#5237=SURFACE_STYLE_FILL_AREA(#5236);
#5238=SURFACE_SIDE_STYLE('',(#5237));
#5239=SURFACE_STYLE_USAGE(.BOTH.,#5238);
#5240=PRESENTATION_STYLE_ASSIGNMENT((#5239));
#5241=STYLED_ITEM('',(#5240),#5234);
#5242=CARTESIAN_POINT('',(-7.5E-1,4.763779527559E0,0.E0));
#5243=DIRECTION('',(-1.E0,0.E0,0.E0));
#5244=DIRECTION('',(0.E0,0.E0,-1.E0));
#5245=AXIS2_PLACEMENT_3D('',#5242,#5243,#5244);
#5246=CYLINDRICAL_SURFACE('',#5245,2.952755905512E-2);
#5247=ORIENTED_EDGE('',*,*,#3751,.F.);
#5248=ORIENTED_EDGE('',*,*,#5230,.F.);
#5249=ORIENTED_EDGE('',*,*,#3649,.T.);
#5250=ORIENTED_EDGE('',*,*,#5227,.T.);
#5251=EDGE_LOOP('',(#5247,#5248,#5249,#5250));
#5252=FACE_OUTER_BOUND('',#5251,.F.);
#5254=FILL_AREA_STYLE_COLOUR('',#14);
#5255=FILL_AREA_STYLE('',(#5254));
#5256=SURFACE_STYLE_FILL_AREA(#5255);
#5257=SURFACE_SIDE_STYLE('',(#5256));
#5258=SURFACE_STYLE_USAGE(.BOTH.,#5257);
#5259=PRESENTATION_STYLE_ASSIGNMENT((#5258));
#5260=STYLED_ITEM('',(#5259),#5253);
#5263=FILL_AREA_STYLE_COLOUR('',#14);
#5264=FILL_AREA_STYLE('',(#5263));
#5265=SURFACE_STYLE_FILL_AREA(#5264);
#5266=SURFACE_SIDE_STYLE('',(#5265));
#5267=SURFACE_STYLE_USAGE(.BOTH.,#5266);
#5268=PRESENTATION_STYLE_ASSIGNMENT((#5267));
#15=STYLED_ITEM('',(#5268),#5262);
#5270=LENGTH_MEASURE_WITH_UNIT(LENGTH_MEASURE(2.54E1),#5269);
#5271=(CONVERSION_BASED_UNIT('INCH',#5270)LENGTH_UNIT()NAMED_UNIT(*));
#5273=PLANE_ANGLE_MEASURE_WITH_UNIT(PLANE_ANGLE_MEASURE(1.745329251994E-2),
#5272);
#5274=(CONVERSION_BASED_UNIT('DEGREE',#5273)NAMED_UNIT(*)PLANE_ANGLE_UNIT());
#5276=UNCERTAINTY_MEASURE_WITH_UNIT(LENGTH_MEASURE(3.9E-4),#5271,'closure',
'Maximum model space distance between geometric entities at asserted connectivities');
#5278=CARTESIAN_POINT('',(0.E0,0.E0,0.E0));
#5279=DIRECTION('',(0.E0,0.E0,1.E0));
#5280=DIRECTION('',(1.E0,0.E0,0.E0));
#5283=MECHANICAL_DESIGN_GEOMETRIC_PRESENTATION_REPRESENTATION('',(#23,#30,#37,
#45,#53,#61,#68,#75,#82,#90,#98,#106,#114,#122,#130,#138,#146,#153,#160,#167,
#174,#181,#189,#196,#203,#210,#217,#224,#231,#239,#247,#255,#262,#269,#276,#283,
#290,#297,#304,#311,#318,#325,#332,#339,#346,#353,#360,#367,#374,#382,#390,#397,
#404,#411,#418,#425,#432,#439,#446,#453,#461,#468,#475,#482,#489,#496,#503,#510,
#517,#524,#532,#540,#547,#555,#562,#570,#577,#585,#592,#600,#607,#615,#622,#630,
#637,#645,#652,#660,#667,#674,#682,#689,#696,#703,#710,#717,#724,#731,#738,#745,
#752,#759,#766,#773,#780,#787,#794,#801,#809,#816,#824,#831,#839,#846,#854,#861,
#869,#876,#884,#891,#899,#906,#914,#922,#930,#938,#946,#954,#962,#970,#978,#986,
#994,#1002,#1010,#1018,#1026,#1034,#1042,#1050,#1058,#1065,#1073,#1081,#1089,
#1097,#1105,#1113,#1121,#1129,#1137,#1145,#1153,#1161,#1169,#1177,#1185,#1193,
#1201,#1209,#1217,#1224,#1231,#1238,#1245,#1252,#1259,#1266,#1273,#1280,#1288,
#1295,#1303,#1311,#1319,#1327,#1334,#1342,#1349,#1356,#1364,#1371,#1379,#1387,
#1394,#1401,#1409,#1416,#1424,#1432,#1440,#1448,#1456,#1463,#1470,#1477,#1484,
#1492,#1500,#1508,#1516,#1523,#1530,#1538,#1546,#1554,#1562,#1569,#1576,#1583,
#1590,#1598,#1606,#1613,#1620,#1627,#1634,#1641,#1648,#1655,#1662,#1669,#1676,
#1683,#1690,#1698,#1705,#1712,#1720,#1727,#1734,#1741,#1748,#1755,#1762,#1769,
#1776,#1783,#1790,#1797,#1804,#1811,#1818,#1825,#1832,#1839,#1846,#1854,#1862,
#1869,#1876,#1883,#1890,#1897,#1904,#1911,#1918,#1925,#1933,#1941,#1948,#1955,
#1962,#1969,#1976,#1983,#1991,#1998,#2006,#2013,#2020,#2027,#2034,#2041,#2048,
#2055,#2062,#2069,#2076,#2084,#2092,#2099,#2106,#2113,#2121,#2128,#2135,#2142,
#2150,#2157,#2165,#2172,#2180,#2187,#2194,#2201,#2208,#2215,#2222,#2229,#2236,
#2243,#2250,#2257,#2264,#2271,#2696,#2718,#2745,#2768,#2790,#2856,#2876,#2896,
#2921,#2941,#2967,#3007,#3029,#3085,#3105,#3125,#3144,#3165,#3185,#3245,#3267,
#3288,#3309,#3330,#3351,#3372,#3393,#3414,#3435,#3456,#3477,#3498,#3519,#3540,
#3561,#3581,#3666,#3688,#3762,#3781,#3801,#3821,#3841,#3861,#3881,#3907,#3927,
#3960,#3982,#4006,#4027,#4046,#4065,#4086,#4153,#4182,#4204,#4238,#4269,#4289,
#4309,#4336,#4356,#4376,#4395,#4417,#4436,#4456,#4476,#4498,#4517,#4537,#4556,
#4578,#4599,#4632,#4652,#4672,#4692,#4719,#4739,#4759,#4779,#4799,#4818,#4837,
#4856,#4877,#4896,#4918,#4940,#4961,#4980,#5001,#5020,#5041,#5060,#5081,#5100,
#5121,#5140,#5161,#5180,#5201,#5220,#5241,#5260,#15),#5277);
#5284=APPLICATION_CONTEXT('automotive design');
#5285=APPLICATION_PROTOCOL_DEFINITION('international standard',
'config_control_design',1994,#5284);
#5286=PRODUCT_DEFINITION_CONTEXT('',#5284,'design');
#5287=PRODUCT_CONTEXT('',#5284,'mechanical');
#5288=PRODUCT('SEGMENT-BASE_2','SEGMENT-BASE_2','NOT SPECIFIED',(#5287));
#5289=PRODUCT_DEFINITION_FORMATION_WITH_SPECIFIED_SOURCE('1','LAST_VERSION',
#5288,.MADE.);
#5297=LENGTH_MEASURE_WITH_UNIT(LENGTH_MEASURE(2.54E1),#5296);
#5298=(CONVERSION_BASED_UNIT('INCH',#5297)LENGTH_UNIT()NAMED_UNIT(*));
#5299=DERIVED_UNIT_ELEMENT(#5298,2.E0);
#5300=AREA_UNIT((#5299));
#5301=MEASURE_REPRESENTATION_ITEM('surface area measure',AREA_MEASURE(
4.386900563297E1),#5300);
#5306=LENGTH_MEASURE_WITH_UNIT(LENGTH_MEASURE(2.54E1),#5305);
#5307=(CONVERSION_BASED_UNIT('INCH',#5306)LENGTH_UNIT()NAMED_UNIT(*));
#5308=DERIVED_UNIT_ELEMENT(#5307,3.E0);
#5309=VOLUME_UNIT((#5308));
#5310=MEASURE_REPRESENTATION_ITEM('volume measure',VOLUME_MEASURE(
3.323447854646E0),#5309);
#5314=CARTESIAN_POINT('centre point',(-1.101220696999E-2,2.523606851340E0,
-4.549883395846E-3));
#5319=LENGTH_MEASURE_WITH_UNIT(LENGTH_MEASURE(2.54E1),#5318);
#5320=(CONVERSION_BASED_UNIT('INCH',#5319)LENGTH_UNIT()NAMED_UNIT(*));
#5321=DERIVED_UNIT_ELEMENT(#5320,2.E0);
#5322=AREA_UNIT((#5321));
#5323=MEASURE_REPRESENTATION_ITEM('surface area measure',AREA_MEASURE(
4.386900563297E1),#5322);
#5328=LENGTH_MEASURE_WITH_UNIT(LENGTH_MEASURE(2.54E1),#5327);
#5329=(CONVERSION_BASED_UNIT('INCH',#5328)LENGTH_UNIT()NAMED_UNIT(*));
#5330=DERIVED_UNIT_ELEMENT(#5329,3.E0);
#5331=VOLUME_UNIT((#5330));
#5332=MEASURE_REPRESENTATION_ITEM('volume measure',VOLUME_MEASURE(
3.323447854646E0),#5331);
#5336=CARTESIAN_POINT('centre point',(-1.101220696999E-2,2.523606851340E0,
-4.549883395846E-3));
#1=DRAUGHTING_PRE_DEFINED_COLOUR('green');
#2=COLOUR_RGB('',1.1E-2,1.2E-2,1.E0);
#3=COLOUR_RGB('',2.352941176471E-1,2.352941176471E-1,2.352941176471E-1);
#4=COLOUR_RGB('',4.1E-1,2.61589E-1,1.12848E-1);
#5=COLOUR_RGB('',5.04854E-1,1.5455E-2,1.5455E-2);
#6=COLOUR_RGB('',6.35294E-1,6.86275E-1,7.4902E-1);
#7=COLOUR_RGB('',6.40777E-1,6.40777E-1,6.40777E-1);
#8=COLOUR_RGB('',6.69062E-1,6.69903E-1,6.55217E-1);
#9=COLOUR_RGB('',9.21569E-1,7.05882E-1,4.70588E-1);
#10=DRAUGHTING_PRE_DEFINED_COLOUR('red');
#11=DRAUGHTING_PRE_DEFINED_COLOUR('yellow');
#12=COLOUR_RGB('',1.E0,1.E0,5.3E-1);
#13=COLOUR_RGB('',1.E0,1.E0,9.49E-1);
#14=DRAUGHTING_PRE_DEFINED_COLOUR('white');
#42=CIRCLE('',#41,3.15E-1);
#50=CIRCLE('',#49,3.15E-1);
#58=CIRCLE('',#57,5.E-1);
#87=CIRCLE('',#86,3.15E-1);
#95=CIRCLE('',#94,3.15E-1);
#103=CIRCLE('',#102,4.125E-2);
#111=CIRCLE('',#110,4.125E-2);
#119=CIRCLE('',#118,4.125E-2);
#127=CIRCLE('',#126,4.125E-2);
#135=CIRCLE('',#134,2.362204724409E-1);
#143=CIRCLE('',#142,9.8E-2);
#186=CIRCLE('',#185,7.E-1);
#236=CIRCLE('',#235,3.15E-1);
#244=CIRCLE('',#243,3.15E-1);
#252=CIRCLE('',#251,5.E-1);
#379=CIRCLE('',#378,3.15E-1);
#387=CIRCLE('',#386,3.15E-1);
#458=CIRCLE('',#457,7.E-1);
#529=CIRCLE('',#528,7.E-1);
#537=CIRCLE('',#536,7.E-1);
#552=CIRCLE('',#551,6.521558009486E-2);
#567=CIRCLE('',#566,7.992125984252E-2);
#582=CIRCLE('',#581,6.521558009486E-2);
#597=CIRCLE('',#596,7.992125984252E-2);
#612=CIRCLE('',#611,6.521558009486E-2);
#627=CIRCLE('',#626,7.992125984252E-2);
#642=CIRCLE('',#641,6.521558009486E-2);
#657=CIRCLE('',#656,7.992125984252E-2);
#679=CIRCLE('',#678,5.E-1);
#806=CIRCLE('',#805,7.992125984252E-2);
#821=CIRCLE('',#820,6.521558009486E-2);
#836=CIRCLE('',#835,7.992125984252E-2);
#851=CIRCLE('',#850,6.521558009486E-2);
#866=CIRCLE('',#865,7.992125984252E-2);
#881=CIRCLE('',#880,6.521558009486E-2);
#896=CIRCLE('',#895,7.992125984252E-2);
#911=CIRCLE('',#910,6.521558009486E-2);
#919=CIRCLE('',#918,2.952755905512E-2);
#927=CIRCLE('',#926,2.952755905512E-2);
#935=CIRCLE('',#934,2.952755905512E-2);
#943=CIRCLE('',#942,2.952755905512E-2);
#951=CIRCLE('',#950,2.952755905512E-2);
#959=CIRCLE('',#958,2.952755905512E-2);
#967=CIRCLE('',#966,2.952755905512E-2);
#975=CIRCLE('',#974,2.952755905512E-2);
#983=CIRCLE('',#982,2.952755905512E-2);
#991=CIRCLE('',#990,2.952755905512E-2);
#999=CIRCLE('',#998,2.952755905512E-2);
#1007=CIRCLE('',#1006,2.952755905512E-2);
#1015=CIRCLE('',#1014,2.952755905512E-2);
#1023=CIRCLE('',#1022,2.952755905512E-2);
#1031=CIRCLE('',#1030,2.952755905512E-2);
#1039=CIRCLE('',#1038,2.952755905512E-2);
#1047=CIRCLE('',#1046,1.131496062992E-1);
#1055=CIRCLE('',#1054,1.131496062992E-1);
#1070=CIRCLE('',#1069,5.E-1);
#1078=CIRCLE('',#1077,2.952755905512E-2);
#1086=CIRCLE('',#1085,2.952755905512E-2);
#1094=CIRCLE('',#1093,2.952755905512E-2);
#1102=CIRCLE('',#1101,2.952755905512E-2);
#1110=CIRCLE('',#1109,5.314960629922E-2);
#1118=CIRCLE('',#1117,5.314960629922E-2);
#1126=CIRCLE('',#1125,2.952755905512E-2);
#1134=CIRCLE('',#1133,2.952755905512E-2);
#1142=CIRCLE('',#1141,2.952755905512E-2);
#1150=CIRCLE('',#1149,2.952755905512E-2);
#1158=CIRCLE('',#1157,2.952755905512E-2);
#1166=CIRCLE('',#1165,2.952755905512E-2);
#1174=CIRCLE('',#1173,2.952755905512E-2);
#1182=CIRCLE('',#1181,2.952755905512E-2);
#1190=CIRCLE('',#1189,2.952755905512E-2);
#1198=CIRCLE('',#1197,2.952755905512E-2);
#1206=CIRCLE('',#1205,2.952755905512E-2);
#1214=CIRCLE('',#1213,2.952755905512E-2);
#1285=CIRCLE('',#1284,5.E-1);
#1300=CIRCLE('',#1299,3.543307086614E-1);
#1308=CIRCLE('',#1307,3.543307086614E-1);
#1316=CIRCLE('',#1315,3.149606299213E-1);
#1324=CIRCLE('',#1323,3.149606299213E-1);
#1339=CIRCLE('',#1338,5.E-1);
#1361=CIRCLE('',#1360,3.149606299213E-1);
#1376=CIRCLE('',#1375,3.543307086614E-1);
#1384=CIRCLE('',#1383,3.543307086614E-1);
#1406=CIRCLE('',#1405,3.149606299213E-1);
#1421=CIRCLE('',#1420,7.E-1);
#1429=CIRCLE('',#1428,7.E-1);
#1437=CIRCLE('',#1436,2.362204724409E-1);
#1445=CIRCLE('',#1444,9.8E-2);
#1453=CIRCLE('',#1452,2.362204724409E-1);
#1489=CIRCLE('',#1488,9.999999999999E-3);
#1497=CIRCLE('',#1496,4.125E-2);
#1505=CIRCLE('',#1504,4.125E-2);
#1513=CIRCLE('',#1512,1.E-2);
#1535=CIRCLE('',#1534,1.E-2);
#1543=CIRCLE('',#1542,4.125E-2);
#1551=CIRCLE('',#1550,4.125E-2);
#1559=CIRCLE('',#1558,9.999999999999E-3);
#1595=CIRCLE('',#1594,1.E-2);
#1603=CIRCLE('',#1602,9.999999999999E-3);
#1695=CIRCLE('',#1694,4.125E-2);
#1717=CIRCLE('',#1716,4.125E-2);
#1851=CIRCLE('',#1850,7.E-1);
#1859=CIRCLE('',#1858,7.E-1);
#1930=CIRCLE('',#1929,9.999999999999E-3);
#1938=CIRCLE('',#1937,1.E-2);
#1988=CIRCLE('',#1987,4.125E-2);
#2003=CIRCLE('',#2002,4.125E-2);
#2081=CIRCLE('',#2080,7.E-1);
#2089=CIRCLE('',#2088,7.E-1);
#2118=CIRCLE('',#2117,5.314960629922E-2);
#2147=CIRCLE('',#2146,5.314960629922E-2);
#2162=CIRCLE('',#2161,7.436280973481E-2);
#2177=CIRCLE('',#2176,7.436280973481E-2);
#2679=EDGE_CURVE('',#2499,#2503,#19,.T.);
#2681=EDGE_CURVE('',#2470,#2503,#27,.T.);
#2683=EDGE_CURVE('',#2470,#2471,#1759,.T.);
#2685=EDGE_CURVE('',#2471,#2499,#34,.T.);
#2689=ADVANCED_FACE('',(#2688),#2678,.F.);
#2702=EDGE_CURVE('',#2498,#2499,#58,.T.);
#2704=EDGE_CURVE('',#2501,#2498,#259,.T.);
#2706=EDGE_CURVE('',#2503,#2501,#252,.T.);
#2711=ADVANCED_FACE('',(#2710),#2701,.F.);
#2726=EDGE_CURVE('',#2471,#2467,#65,.T.);
#2728=EDGE_CURVE('',#2467,#2498,#266,.T.);
#2732=EDGE_CURVE('',#2486,#2487,#42,.T.);
#2734=EDGE_CURVE('',#2487,#2486,#50,.T.);
#2738=ADVANCED_FACE('',(#2731,#2737),#2723,.F.);
#2751=EDGE_CURVE('',#2474,#2475,#87,.T.);
#2753=EDGE_CURVE('',#2474,#2482,#72,.T.);
#2755=EDGE_CURVE('',#2482,#2483,#236,.T.);
#2757=EDGE_CURVE('',#2475,#2483,#221,.T.);
#2761=ADVANCED_FACE('',(#2760),#2750,.F.);
#2774=EDGE_CURVE('',#2478,#2479,#379,.T.);
#2776=EDGE_CURVE('',#2487,#2479,#228,.T.);
#2779=EDGE_CURVE('',#2486,#2478,#79,.T.);
#2783=ADVANCED_FACE('',(#2782),#2773,.F.);
#2796=EDGE_CURVE('',#2570,#2563,#150,.T.);
#2798=EDGE_CURVE('',#2566,#2570,#1851,.T.);
#2800=EDGE_CURVE('',#2302,#2566,#157,.T.);
#2802=EDGE_CURVE('',#2298,#2302,#164,.T.);
#2804=EDGE_CURVE('',#2298,#2274,#171,.T.);
#2806=EDGE_CURVE('',#2274,#2275,#178,.T.);
#2808=EDGE_CURVE('',#2495,#2275,#1235,.T.);
#2810=EDGE_CURVE('',#2494,#2495,#186,.T.);
#2812=EDGE_CURVE('',#2278,#2494,#1256,.T.);
#2814=EDGE_CURVE('',#2278,#2279,#193,.T.);
#2816=EDGE_CURVE('',#2279,#2291,#200,.T.);
#2818=EDGE_CURVE('',#2290,#2291,#207,.T.);
#2820=EDGE_CURVE('',#2559,#2290,#214,.T.);
#2822=EDGE_CURVE('',#2563,#2559,#1429,.T.);
#2826=EDGE_CURVE('',#2514,#2515,#103,.T.);
#2828=EDGE_CURVE('',#2515,#2514,#111,.T.);
#2832=EDGE_CURVE('',#2518,#2519,#119,.T.);
#2834=EDGE_CURVE('',#2519,#2518,#127,.T.);
#2838=EDGE_CURVE('',#2526,#2527,#135,.T.);
#2840=EDGE_CURVE('',#2527,#2526,#143,.T.);
#2845=EDGE_CURVE('',#2475,#2474,#95,.T.);
#2849=ADVANCED_FACE('',(#2825,#2831,#2837,#2843,#2848),#2795,.F.);
#2864=EDGE_CURVE('',#2483,#2482,#244,.T.);
#2869=ADVANCED_FACE('',(#2868),#2861,.F.);
#2882=EDGE_CURVE('',#2479,#2478,#387,.T.);
#2889=ADVANCED_FACE('',(#2888),#2881,.F.);
#2903=EDGE_CURVE('',#2466,#2501,#280,.T.);
#2905=EDGE_CURVE('',#2470,#2466,#1666,.T.);
#2914=ADVANCED_FACE('',(#2909,#2913),#2901,.F.);
#2929=EDGE_CURVE('',#2466,#2467,#273,.T.);
#2934=ADVANCED_FACE('',(#2933),#2926,.F.);
#2947=EDGE_CURVE('',#2534,#2535,#287,.T.);
#2949=EDGE_CURVE('',#2506,#2534,#294,.T.);
#2951=EDGE_CURVE('',#2506,#2507,#301,.T.);
#2953=EDGE_CURVE('',#2507,#2466,#308,.T.);
#2956=EDGE_CURVE('',#2535,#2467,#315,.T.);
#2960=ADVANCED_FACE('',(#2959),#2946,.F.);
#2973=EDGE_CURVE('',#2539,#2583,#350,.T.);
#2975=EDGE_CURVE('',#2587,#2583,#2089,.T.);
#2977=EDGE_CURVE('',#2578,#2587,#357,.T.);
#2979=EDGE_CURVE('',#2574,#2578,#529,.T.);
#2981=EDGE_CURVE('',#2574,#2534,#364,.T.);
#2984=EDGE_CURVE('',#2538,#2535,#1780,.T.);
#2986=EDGE_CURVE('',#2538,#2539,#1745,.T.);
#2990=EDGE_CURVE('',#2550,#2551,#322,.T.);
#2992=EDGE_CURVE('',#2555,#2550,#329,.T.);
#2994=EDGE_CURVE('',#2553,#2555,#336,.T.);
#2996=EDGE_CURVE('',#2551,#2553,#343,.T.);
#3000=ADVANCED_FACE('',(#2989,#2999),#2972,.T.);
#3013=EDGE_CURVE('',#2542,#2543,#394,.T.);
#3015=EDGE_CURVE('',#2542,#2550,#371,.T.);
#3018=EDGE_CURVE('',#2543,#2551,#493,.T.);
#3022=ADVANCED_FACE('',(#3021),#3012,.F.);
#3035=EDGE_CURVE('',#2579,#2586,#422,.T.);
#3037=EDGE_CURVE('',#2582,#2586,#2081,.T.);
#3039=EDGE_CURVE('',#2582,#2294,#429,.T.);
#3041=EDGE_CURVE('',#2294,#2295,#436,.T.);
#3043=EDGE_CURVE('',#2287,#2295,#443,.T.);
#3045=EDGE_CURVE('',#2286,#2287,#450,.T.);
#3047=EDGE_CURVE('',#2491,#2286,#1270,.T.);
#3049=EDGE_CURVE('',#2490,#2491,#458,.T.);
#3051=EDGE_CURVE('',#2283,#2490,#1249,.T.);
#3053=EDGE_CURVE('',#2282,#2283,#465,.T.);
#3055=EDGE_CURVE('',#2299,#2282,#472,.T.);
#3057=EDGE_CURVE('',#2299,#2303,#479,.T.);
#3059=EDGE_CURVE('',#2303,#2575,#486,.T.);
#3061=EDGE_CURVE('',#2579,#2575,#537,.T.);
#3066=EDGE_CURVE('',#2543,#2545,#401,.T.);
#3068=EDGE_CURVE('',#2545,#2547,#408,.T.);
#3070=EDGE_CURVE('',#2547,#2542,#415,.T.);
#3078=ADVANCED_FACE('',(#3064,#3073,#3077),#3034,.T.);
#3094=EDGE_CURVE('',#2545,#2553,#500,.T.);
#3098=ADVANCED_FACE('',(#3097),#3090,.F.);
#3114=EDGE_CURVE('',#2547,#2555,#507,.T.);
#3118=ADVANCED_FACE('',(#3117),#3110,.F.);
#3137=ADVANCED_FACE('',(#3136),#3130,.F.);
#3150=EDGE_CURVE('',#2578,#2579,#514,.T.);
#3153=EDGE_CURVE('',#2586,#2587,#521,.T.);
#3158=ADVANCED_FACE('',(#3157),#3149,.F.);
#3171=EDGE_CURVE('',#2574,#2575,#671,.T.);
#3178=ADVANCED_FACE('',(#3177),#3170,.F.);
#3191=EDGE_CURVE('',#2566,#2567,#664,.T.);
#3193=EDGE_CURVE('',#2506,#2567,#1460,.T.);
#3199=EDGE_CURVE('',#2302,#2303,#679,.T.);
#3204=EDGE_CURVE('',#2342,#2343,#544,.T.);
#3206=EDGE_CURVE('',#2371,#2342,#552,.T.);
#3208=EDGE_CURVE('',#2369,#2371,#559,.T.);
#3210=EDGE_CURVE('',#2369,#2367,#567,.T.);
#3212=EDGE_CURVE('',#2365,#2367,#574,.T.);
#3214=EDGE_CURVE('',#2363,#2365,#582,.T.);
#3216=EDGE_CURVE('',#2361,#2363,#589,.T.);
#3218=EDGE_CURVE('',#2361,#2359,#597,.T.);
#3220=EDGE_CURVE('',#2357,#2359,#604,.T.);
#3222=EDGE_CURVE('',#2355,#2357,#612,.T.);
#3224=EDGE_CURVE('',#2353,#2355,#619,.T.);
#3226=EDGE_CURVE('',#2353,#2351,#627,.T.);
#3228=EDGE_CURVE('',#2349,#2351,#634,.T.);
#3230=EDGE_CURVE('',#2347,#2349,#642,.T.);
#3232=EDGE_CURVE('',#2345,#2347,#649,.T.);
#3234=EDGE_CURVE('',#2345,#2343,#657,.T.);
#3238=ADVANCED_FACE('',(#3203,#3237),#3190,.F.);
#3252=EDGE_CURVE('',#2343,#2311,#693,.T.);
#3254=EDGE_CURVE('',#2310,#2311,#798,.T.);
#3256=EDGE_CURVE('',#2342,#2310,#686,.T.);
#3260=ADVANCED_FACE('',(#3259),#3250,.F.);
#3274=EDGE_CURVE('',#2345,#2313,#700,.T.);
#3276=EDGE_CURVE('',#2311,#2313,#806,.T.);
#3281=ADVANCED_FACE('',(#3280),#3272,.T.);
#3295=EDGE_CURVE('',#2347,#2315,#707,.T.);
#3297=EDGE_CURVE('',#2313,#2315,#813,.T.);
#3302=ADVANCED_FACE('',(#3301),#3293,.F.);
#3316=EDGE_CURVE('',#2349,#2317,#714,.T.);
#3318=EDGE_CURVE('',#2315,#2317,#821,.T.);
#3323=ADVANCED_FACE('',(#3322),#3314,.F.);
#3337=EDGE_CURVE('',#2351,#2319,#721,.T.);
#3339=EDGE_CURVE('',#2317,#2319,#828,.T.);
#3344=ADVANCED_FACE('',(#3343),#3335,.F.);
#3358=EDGE_CURVE('',#2353,#2321,#728,.T.);
#3360=EDGE_CURVE('',#2319,#2321,#836,.T.);
#3365=ADVANCED_FACE('',(#3364),#3356,.T.);
#3379=EDGE_CURVE('',#2355,#2323,#735,.T.);
#3381=EDGE_CURVE('',#2321,#2323,#843,.T.);
#3386=ADVANCED_FACE('',(#3385),#3377,.F.);
#3400=EDGE_CURVE('',#2357,#2325,#742,.T.);
#3402=EDGE_CURVE('',#2323,#2325,#851,.T.);
#3407=ADVANCED_FACE('',(#3406),#3398,.F.);
#3421=EDGE_CURVE('',#2359,#2327,#749,.T.);
#3423=EDGE_CURVE('',#2325,#2327,#858,.T.);
#3428=ADVANCED_FACE('',(#3427),#3419,.F.);
#3442=EDGE_CURVE('',#2361,#2329,#756,.T.);
#3444=EDGE_CURVE('',#2327,#2329,#866,.T.);
#3449=ADVANCED_FACE('',(#3448),#3440,.T.);
#3463=EDGE_CURVE('',#2363,#2331,#763,.T.);
#3465=EDGE_CURVE('',#2329,#2331,#873,.T.);
#3470=ADVANCED_FACE('',(#3469),#3461,.F.);
#3484=EDGE_CURVE('',#2365,#2333,#770,.T.);
#3486=EDGE_CURVE('',#2331,#2333,#881,.T.);
#3491=ADVANCED_FACE('',(#3490),#3482,.F.);
#3505=EDGE_CURVE('',#2367,#2335,#777,.T.);
#3507=EDGE_CURVE('',#2333,#2335,#888,.T.);
#3512=ADVANCED_FACE('',(#3511),#3503,.F.);
#3526=EDGE_CURVE('',#2369,#2337,#784,.T.);
#3528=EDGE_CURVE('',#2335,#2337,#896,.T.);
#3533=ADVANCED_FACE('',(#3532),#3524,.T.);
#3547=EDGE_CURVE('',#2371,#2339,#791,.T.);
#3549=EDGE_CURVE('',#2337,#2339,#903,.T.);
#3554=ADVANCED_FACE('',(#3553),#3545,.F.);
#3569=EDGE_CURVE('',#2339,#2310,#911,.T.);
#3574=ADVANCED_FACE('',(#3573),#3566,.F.);
#3605=EDGE_CURVE('',#2422,#2423,#919,.T.);
#3607=EDGE_CURVE('',#2423,#2422,#927,.T.);
#3611=EDGE_CURVE('',#2426,#2427,#935,.T.);
#3613=EDGE_CURVE('',#2427,#2426,#943,.T.);
#3617=EDGE_CURVE('',#2430,#2431,#951,.T.);
#3619=EDGE_CURVE('',#2431,#2430,#959,.T.);
#3623=EDGE_CURVE('',#2434,#2435,#967,.T.);
#3625=EDGE_CURVE('',#2435,#2434,#975,.T.);
#3629=EDGE_CURVE('',#2438,#2439,#983,.T.);
#3631=EDGE_CURVE('',#2439,#2438,#991,.T.);
#3635=EDGE_CURVE('',#2442,#2443,#999,.T.);
#3637=EDGE_CURVE('',#2443,#2442,#1007,.T.);
#3641=EDGE_CURVE('',#2446,#2447,#1015,.T.);
#3643=EDGE_CURVE('',#2447,#2446,#1023,.T.);
#3647=EDGE_CURVE('',#2450,#2451,#1031,.T.);
#3649=EDGE_CURVE('',#2451,#2450,#1039,.T.);
#3653=EDGE_CURVE('',#2454,#2455,#1047,.T.);
#3655=EDGE_CURVE('',#2455,#2454,#1055,.T.);
#3659=ADVANCED_FACE('',(#3604,#3610,#3616,#3622,#3628,#3634,#3640,#3646,#3652,
#3658),#3586,.F.);
#3672=EDGE_CURVE('',#2386,#2387,#1078,.T.);
#3674=EDGE_CURVE('',#2422,#2386,#1062,.T.);
#3677=EDGE_CURVE('',#2423,#2387,#2096,.T.);
#3681=ADVANCED_FACE('',(#3680),#3671,.F.);
#3695=EDGE_CURVE('',#2298,#2299,#1070,.T.);
#3698=EDGE_CURVE('',#2274,#2282,#1221,.T.);
#3703=EDGE_CURVE('',#2387,#2386,#1086,.T.);
#3707=EDGE_CURVE('',#2390,#2391,#1094,.T.);
#3709=EDGE_CURVE('',#2391,#2390,#1102,.T.);
#3713=EDGE_CURVE('',#2394,#2395,#1110,.T.);
#3715=EDGE_CURVE('',#2395,#2394,#1118,.T.);
#3719=EDGE_CURVE('',#2398,#2399,#1126,.T.);
#3721=EDGE_CURVE('',#2399,#2398,#1134,.T.);
#3725=EDGE_CURVE('',#2402,#2403,#1142,.T.);
#3727=EDGE_CURVE('',#2403,#2402,#1150,.T.);
#3731=EDGE_CURVE('',#2406,#2407,#1158,.T.);
#3733=EDGE_CURVE('',#2407,#2406,#1166,.T.);
#3737=EDGE_CURVE('',#2410,#2411,#1174,.T.);
#3739=EDGE_CURVE('',#2411,#2410,#1182,.T.);
#3743=EDGE_CURVE('',#2414,#2415,#1190,.T.);
#3745=EDGE_CURVE('',#2415,#2414,#1198,.T.);
#3749=EDGE_CURVE('',#2418,#2419,#1206,.T.);
#3751=EDGE_CURVE('',#2419,#2418,#1214,.T.);
#3755=ADVANCED_FACE('',(#3701,#3706,#3712,#3718,#3724,#3730,#3736,#3742,#3748,
#3754),#3693,.T.);
#3774=ADVANCED_FACE('',(#3773),#3767,.T.);
#3790=EDGE_CURVE('',#2275,#2283,#1242,.T.);
#3794=ADVANCED_FACE('',(#3793),#3786,.T.);
#3807=EDGE_CURVE('',#2495,#2490,#1228,.T.);
#3814=ADVANCED_FACE('',(#3813),#3806,.T.);
#3828=EDGE_CURVE('',#2491,#2494,#1263,.T.);
#3834=ADVANCED_FACE('',(#3833),#3826,.T.);
#3850=EDGE_CURVE('',#2278,#2286,#1277,.T.);
#3854=ADVANCED_FACE('',(#3853),#3846,.T.);
#3870=EDGE_CURVE('',#2279,#2287,#1292,.T.);
#3874=ADVANCED_FACE('',(#3873),#3866,.T.);
#3888=EDGE_CURVE('',#2291,#2295,#1285,.T.);
#3894=EDGE_CURVE('',#2378,#2379,#1300,.T.);
#3896=EDGE_CURVE('',#2379,#2378,#1308,.T.);
#3900=ADVANCED_FACE('',(#3893,#3899),#3886,.T.);
#3916=EDGE_CURVE('',#2290,#2294,#1339,.T.);
#3920=ADVANCED_FACE('',(#3919),#3912,.T.);
#3933=EDGE_CURVE('',#2558,#2559,#1331,.T.);
#3938=EDGE_CURVE('',#2582,#2583,#1346,.T.);
#3941=EDGE_CURVE('',#2511,#2539,#1353,.T.);
#3943=EDGE_CURVE('',#2558,#2511,#1474,.T.);
#3947=EDGE_CURVE('',#2306,#2307,#1316,.T.);
#3949=EDGE_CURVE('',#2307,#2306,#1324,.T.);
#3953=ADVANCED_FACE('',(#3946,#3952),#3932,.F.);
#3966=EDGE_CURVE('',#2382,#2383,#1361,.T.);
#3968=EDGE_CURVE('',#2382,#2306,#1368,.T.);
#3971=EDGE_CURVE('',#2383,#2307,#1413,.T.);
#3975=ADVANCED_FACE('',(#3974),#3965,.F.);
#3988=EDGE_CURVE('',#2374,#2375,#1376,.T.);
#3990=EDGE_CURVE('',#2375,#2374,#1384,.T.);
#3995=EDGE_CURVE('',#2383,#2382,#1406,.T.);
#3999=ADVANCED_FACE('',(#3993,#3998),#3987,.T.);
#4013=EDGE_CURVE('',#2378,#2374,#1391,.T.);
#4016=EDGE_CURVE('',#2379,#2375,#1398,.T.);
#4020=ADVANCED_FACE('',(#4019),#4011,.F.);
#4039=ADVANCED_FACE('',(#4038),#4032,.F.);
#4058=ADVANCED_FACE('',(#4057),#4051,.F.);
#4072=EDGE_CURVE('',#2558,#2562,#1421,.T.);
#4074=EDGE_CURVE('',#2562,#2563,#1866,.T.);
#4079=ADVANCED_FACE('',(#4078),#4070,.F.);
#4092=EDGE_CURVE('',#2626,#2605,#1580,.T.);
#4094=EDGE_CURVE('',#2623,#2626,#1822,.T.);
#4096=EDGE_CURVE('',#2531,#2623,#1437,.T.);
#4098=EDGE_CURVE('',#2530,#2531,#1445,.T.);
#4100=EDGE_CURVE('',#2623,#2530,#1453,.T.);
#4102=EDGE_CURVE('',#2630,#2623,#1815,.T.);
#4104=EDGE_CURVE('',#2607,#2630,#1794,.T.);
#4106=EDGE_CURVE('',#2607,#2507,#1673,.T.);
#4110=EDGE_CURVE('',#2571,#2567,#1859,.T.);
#4112=EDGE_CURVE('',#2571,#2562,#1467,.T.);
#4116=EDGE_CURVE('',#2510,#2511,#1773,.T.);
#4118=EDGE_CURVE('',#2510,#2605,#1659,.T.);
#4122=EDGE_CURVE('',#2660,#2672,#1880,.T.);
#4124=EDGE_CURVE('',#2664,#2660,#2066,.T.);
#4126=EDGE_CURVE('',#2646,#2664,#2045,.T.);
#4128=EDGE_CURVE('',#2646,#2647,#1527,.T.);
#4130=EDGE_CURVE('',#2647,#2649,#1535,.T.);
#4132=EDGE_CURVE('',#2523,#2649,#1543,.T.);
#4134=EDGE_CURVE('',#2652,#2523,#1551,.T.);
#4136=EDGE_CURVE('',#2652,#2653,#1559,.T.);
#4138=EDGE_CURVE('',#2653,#2655,#1566,.T.);
#4140=EDGE_CURVE('',#2668,#2655,#1959,.T.);
#4142=EDGE_CURVE('',#2672,#2668,#1908,.T.);
#4146=ADVANCED_FACE('',(#4121,#4145),#4091,.F.);
#4159=EDGE_CURVE('',#2609,#2613,#1481,.T.);
#4161=EDGE_CURVE('',#2613,#2615,#1489,.T.);
#4163=EDGE_CURVE('',#2521,#2615,#1497,.T.);
#4165=EDGE_CURVE('',#2618,#2521,#1505,.T.);
#4167=EDGE_CURVE('',#2618,#2619,#1513,.T.);
#4169=EDGE_CURVE('',#2611,#2619,#1520,.T.);
#4171=EDGE_CURVE('',#2611,#2609,#1631,.T.);
#4175=ADVANCED_FACE('',(#4174),#4158,.F.);
#4188=EDGE_CURVE('',#2603,#2627,#1573,.T.);
#4190=EDGE_CURVE('',#2626,#2627,#1829,.T.);
#4193=EDGE_CURVE('',#2605,#2603,#1652,.T.);
#4197=ADVANCED_FACE('',(#4196),#4187,.T.);
#4210=EDGE_CURVE('',#2598,#2599,#1617,.T.);
#4212=EDGE_CURVE('',#2631,#2598,#1787,.T.);
#4214=EDGE_CURVE('',#2627,#2631,#1808,.T.);
#4217=EDGE_CURVE('',#2602,#2603,#1645,.T.);
#4219=EDGE_CURVE('',#2595,#2602,#1587,.T.);
#4221=EDGE_CURVE('',#2594,#2595,#1595,.T.);
#4223=EDGE_CURVE('',#2591,#2594,#1717,.T.);
#4225=EDGE_CURVE('',#2590,#2591,#1603,.T.);
#4227=EDGE_CURVE('',#2599,#2590,#1610,.T.);
#4231=ADVANCED_FACE('',(#4230),#4209,.T.);
#4245=EDGE_CURVE('',#2609,#2599,#1624,.T.);
#4248=EDGE_CURVE('',#2611,#2602,#1638,.T.);
#4253=EDGE_CURVE('',#2510,#2470,#1766,.T.);
#4258=EDGE_CURVE('',#2607,#2598,#1680,.T.);
#4262=ADVANCED_FACE('',(#4261),#4243,.F.);
#4277=EDGE_CURVE('',#2613,#2590,#1687,.T.);
#4282=ADVANCED_FACE('',(#4281),#4274,.T.);
#4298=EDGE_CURVE('',#2615,#2591,#1709,.T.);
#4302=ADVANCED_FACE('',(#4301),#4294,.T.);
#4315=EDGE_CURVE('',#2618,#2621,#1695,.T.);
#4317=EDGE_CURVE('',#2515,#2621,#1724,.T.);
#4320=EDGE_CURVE('',#2514,#2521,#1702,.T.);
#4325=EDGE_CURVE('',#2618,#2594,#1731,.T.);
#4329=ADVANCED_FACE('',(#4328),#4314,.F.);
#4349=ADVANCED_FACE('',(#4348),#4341,.F.);
#4365=EDGE_CURVE('',#2619,#2595,#1738,.T.);
#4369=ADVANCED_FACE('',(#4368),#4361,.T.);
#4388=ADVANCED_FACE('',(#4387),#4381,.T.);
#4402=EDGE_CURVE('',#2538,#2471,#1752,.T.);
#4410=ADVANCED_FACE('',(#4409),#4400,.F.);
#4429=ADVANCED_FACE('',(#4428),#4422,.T.);
#4445=EDGE_CURVE('',#2630,#2631,#1801,.T.);
#4449=ADVANCED_FACE('',(#4448),#4441,.T.);
#4469=ADVANCED_FACE('',(#4468),#4461,.T.);
#4484=EDGE_CURVE('',#2527,#2530,#1843,.T.);
#4487=EDGE_CURVE('',#2526,#2531,#1836,.T.);
#4491=ADVANCED_FACE('',(#4490),#4481,.F.);
#4510=ADVANCED_FACE('',(#4509),#4503,.F.);
#4525=EDGE_CURVE('',#2570,#2571,#1873,.T.);
#4530=ADVANCED_FACE('',(#4529),#4522,.F.);
#4549=ADVANCED_FACE('',(#4548),#4542,.T.);
#4563=EDGE_CURVE('',#2672,#2673,#1887,.T.);
#4565=EDGE_CURVE('',#2673,#2661,#1894,.T.);
#4567=EDGE_CURVE('',#2660,#2661,#2073,.T.);
#4571=ADVANCED_FACE('',(#4570),#4561,.T.);
#4584=EDGE_CURVE('',#2669,#2673,#1901,.T.);
#4588=EDGE_CURVE('',#2668,#2669,#1915,.T.);
#4592=ADVANCED_FACE('',(#4591),#4583,.T.);
#4607=EDGE_CURVE('',#2643,#2669,#1952,.T.);
#4609=EDGE_CURVE('',#2641,#2643,#1922,.T.);
#4611=EDGE_CURVE('',#2640,#2641,#1930,.T.);
#4613=EDGE_CURVE('',#2637,#2640,#1988,.T.);
#4615=EDGE_CURVE('',#2635,#2637,#1938,.T.);
#4617=EDGE_CURVE('',#2634,#2635,#1945,.T.);
#4619=EDGE_CURVE('',#2665,#2634,#2038,.T.);
#4621=EDGE_CURVE('',#2661,#2665,#2059,.T.);
#4625=ADVANCED_FACE('',(#4624),#4604,.T.);
#4641=EDGE_CURVE('',#2655,#2643,#1966,.T.);
#4645=ADVANCED_FACE('',(#4644),#4637,.T.);
#4659=EDGE_CURVE('',#2653,#2641,#1973,.T.);
#4665=ADVANCED_FACE('',(#4664),#4657,.T.);
#4679=EDGE_CURVE('',#2652,#2640,#1980,.T.);
#4685=ADVANCED_FACE('',(#4684),#4677,.T.);
#4701=EDGE_CURVE('',#2519,#2523,#2017,.T.);
#4704=EDGE_CURVE('',#2518,#2657,#1995,.T.);
#4706=EDGE_CURVE('',#2657,#2649,#2003,.T.);
#4708=EDGE_CURVE('',#2649,#2637,#2010,.T.);
#4712=ADVANCED_FACE('',(#4711),#4697,.F.);
#4732=ADVANCED_FACE('',(#4731),#4724,.F.);
#4746=EDGE_CURVE('',#2647,#2635,#2024,.T.);
#4752=ADVANCED_FACE('',(#4751),#4744,.T.);
#4766=EDGE_CURVE('',#2646,#2634,#2031,.T.);
#4772=ADVANCED_FACE('',(#4771),#4764,.T.);
#4788=EDGE_CURVE('',#2664,#2665,#2052,.T.);
#4792=ADVANCED_FACE('',(#4791),#4784,.T.);
#4811=ADVANCED_FACE('',(#4810),#4804,.T.);
#4830=ADVANCED_FACE('',(#4829),#4823,.F.);
#4849=ADVANCED_FACE('',(#4848),#4842,.F.);
#4863=EDGE_CURVE('',#2426,#2390,#2103,.T.);
#4866=EDGE_CURVE('',#2427,#2391,#2110,.T.);
#4870=ADVANCED_FACE('',(#4869),#4861,.F.);
#4889=ADVANCED_FACE('',(#4888),#4882,.F.);
#4902=EDGE_CURVE('',#2459,#2458,#2118,.T.);
#4904=EDGE_CURVE('',#2459,#2395,#2154,.T.);
#4907=EDGE_CURVE('',#2458,#2394,#2125,.T.);
#4911=ADVANCED_FACE('',(#4910),#4901,.F.);
#4925=EDGE_CURVE('',#2458,#2462,#2139,.T.);
#4927=EDGE_CURVE('',#2463,#2462,#2177,.T.);
#4929=EDGE_CURVE('',#2459,#2463,#2132,.T.);
#4933=ADVANCED_FACE('',(#4932),#4923,.F.);
#4946=EDGE_CURVE('',#2458,#2459,#2147,.T.);
#4949=EDGE_CURVE('',#2462,#2463,#2162,.T.);
#4954=ADVANCED_FACE('',(#4953),#4945,.F.);
#4973=ADVANCED_FACE('',(#4972),#4966,.F.);
#4987=EDGE_CURVE('',#2455,#2463,#2169,.T.);
#4990=EDGE_CURVE('',#2454,#2462,#2184,.T.);
#4994=ADVANCED_FACE('',(#4993),#4985,.F.);
#5013=ADVANCED_FACE('',(#5012),#5006,.F.);
#5027=EDGE_CURVE('',#2430,#2398,#2191,.T.);
#5030=EDGE_CURVE('',#2431,#2399,#2198,.T.);
#5034=ADVANCED_FACE('',(#5033),#5025,.F.);
#5053=ADVANCED_FACE('',(#5052),#5046,.F.);
#5067=EDGE_CURVE('',#2434,#2402,#2205,.T.);
#5070=EDGE_CURVE('',#2435,#2403,#2212,.T.);
#5074=ADVANCED_FACE('',(#5073),#5065,.F.);
#5093=ADVANCED_FACE('',(#5092),#5086,.F.);
#5107=EDGE_CURVE('',#2438,#2406,#2219,.T.);
#5110=EDGE_CURVE('',#2439,#2407,#2226,.T.);
#5114=ADVANCED_FACE('',(#5113),#5105,.F.);
#5133=ADVANCED_FACE('',(#5132),#5126,.F.);
#5147=EDGE_CURVE('',#2442,#2410,#2233,.T.);
#5150=EDGE_CURVE('',#2443,#2411,#2240,.T.);
#5154=ADVANCED_FACE('',(#5153),#5145,.F.);
#5173=ADVANCED_FACE('',(#5172),#5166,.F.);
#5187=EDGE_CURVE('',#2446,#2414,#2247,.T.);
#5190=EDGE_CURVE('',#2447,#2415,#2254,.T.);
#5194=ADVANCED_FACE('',(#5193),#5185,.F.);
#5213=ADVANCED_FACE('',(#5212),#5206,.F.);
#5227=EDGE_CURVE('',#2450,#2418,#2261,.T.);
#5230=EDGE_CURVE('',#2451,#2419,#2268,.T.);
#5234=ADVANCED_FACE('',(#5233),#5225,.F.);
#5253=ADVANCED_FACE('',(#5252),#5246,.F.);
#5261=CLOSED_SHELL('',(#2689,#2711,#2738,#2761,#2783,#2849,#2869,#2889,#2914,
#2934,#2960,#3000,#3022,#3078,#3098,#3118,#3137,#3158,#3178,#3238,#3260,#3281,
#3302,#3323,#3344,#3365,#3386,#3407,#3428,#3449,#3470,#3491,#3512,#3533,#3554,
#3574,#3659,#3681,#3755,#3774,#3794,#3814,#3834,#3854,#3874,#3900,#3920,#3953,
#3975,#3999,#4020,#4039,#4058,#4079,#4146,#4175,#4197,#4231,#4262,#4282,#4302,
#4329,#4349,#4369,#4388,#4410,#4429,#4449,#4469,#4491,#4510,#4530,#4549,#4571,
#4592,#4625,#4645,#4665,#4685,#4712,#4732,#4752,#4772,#4792,#4811,#4830,#4849,
#4870,#4889,#4911,#4933,#4954,#4973,#4994,#5013,#5034,#5053,#5074,#5093,#5114,
#5133,#5154,#5173,#5194,#5213,#5234,#5253));
#5262=MANIFOLD_SOLID_BREP('',#5261);
#5269=(LENGTH_UNIT()NAMED_UNIT(*)SI_UNIT(.MILLI.,.METRE.));
#5272=(NAMED_UNIT(*)PLANE_ANGLE_UNIT()SI_UNIT($,.RADIAN.));
#5275=(NAMED_UNIT(*)SI_UNIT($,.STERADIAN.)SOLID_ANGLE_UNIT());
#5277=(GEOMETRIC_REPRESENTATION_CONTEXT(3)GLOBAL_UNCERTAINTY_ASSIGNED_CONTEXT((
#5276))GLOBAL_UNIT_ASSIGNED_CONTEXT((#5271,#5274,#5275))REPRESENTATION_CONTEXT(
'ID1','3'));
#5281=AXIS2_PLACEMENT_3D('',#5278,#5279,#5280);
#5282=ADVANCED_BREP_SHAPE_REPRESENTATION('',(#5281,#5262),#5277);
#5290=PRODUCT_DEFINITION('design','',#5289,#5286);
#5291=PRODUCT_DEFINITION_SHAPE('','SHAPE FOR SEGMENT-BASE_2.',#5290);
#5292=SHAPE_ASPECT('','solid data associated with SEGMENT-BASE_2',#5291,.F.);
#5293=PROPERTY_DEFINITION('',
'shape for solid data with which properties are associated',#5292);
#5294=SHAPE_REPRESENTATION('',(#5262),#5277);
#5295=SHAPE_DEFINITION_REPRESENTATION(#5293,#5294);
#5296=(LENGTH_UNIT()NAMED_UNIT(*)SI_UNIT(.MILLI.,.METRE.));
#5302=PROPERTY_DEFINITION('geometric validation property',
'area of SEGMENT-BASE_2',#5292);
#5303=REPRESENTATION('surface area',(#5301),#5277);
#5304=PROPERTY_DEFINITION_REPRESENTATION(#5302,#5303);
#5305=(LENGTH_UNIT()NAMED_UNIT(*)SI_UNIT(.MILLI.,.METRE.));
#5311=PROPERTY_DEFINITION('geometric validation property',
'volume of SEGMENT-BASE_2',#5292);
#5312=REPRESENTATION('volume',(#5310),#5277);
#5313=PROPERTY_DEFINITION_REPRESENTATION(#5311,#5312);
#5315=PROPERTY_DEFINITION('geometric validation property',
'centroid of SEGMENT-BASE_2',#5292);
#5316=REPRESENTATION('centroid',(#5314),#5277);
#5317=PROPERTY_DEFINITION_REPRESENTATION(#5315,#5316);
#5318=(LENGTH_UNIT()NAMED_UNIT(*)SI_UNIT(.MILLI.,.METRE.));
#5324=PROPERTY_DEFINITION('geometric validation property',
'area of SEGMENT-BASE_2',#5291);
#5325=REPRESENTATION('surface area',(#5323),#5277);
#5326=PROPERTY_DEFINITION_REPRESENTATION(#5324,#5325);
#5327=(LENGTH_UNIT()NAMED_UNIT(*)SI_UNIT(.MILLI.,.METRE.));
#5333=PROPERTY_DEFINITION('geometric validation property',
'volume of SEGMENT-BASE_2',#5291);
#5334=REPRESENTATION('volume',(#5332),#5277);
#5335=PROPERTY_DEFINITION_REPRESENTATION(#5333,#5334);
#5337=PROPERTY_DEFINITION('geometric validation property',
'centroid of SEGMENT-BASE_2',#5291);
#5338=REPRESENTATION('centroid',(#5336),#5277);
#5339=PROPERTY_DEFINITION_REPRESENTATION(#5337,#5338);
#5340=SHAPE_DEFINITION_REPRESENTATION(#5291,#5282);
ENDSEC;
END-ISO-10303-21;
