ISO-10303-21;
HEADER;
FILE_DESCRIPTION((''),'2;1');
FILE_NAME('SERVO-HORN-SMALL','2026-06-15T13:45:38',('Esia'),(''),
'CREO PARAMETRIC BY PTC INC, 2025102','CREO PARAMETRIC BY PTC INC, 2025102','');
FILE_SCHEMA((
'AP242_MANAGED_MODEL_BASED_3D_ENGINEERING_MIM_LF { 1 0 10303 442 1 1 4 }'));
ENDSEC;
DATA;
#16=CARTESIAN_POINT('',(3.937007874016E-1,0.E0,-2.952755905512E-2));
#17=DIRECTION('',(0.E0,0.E0,-1.E0));
#18=DIRECTION('',(1.E0,0.E0,0.E0));
#19=AXIS2_PLACEMENT_3D('',#16,#17,#18);
#21=DRAUGHTING_PRE_DEFINED_CURVE_FONT('continuous');
#22=CURVE_STYLE('',#21,POSITIVE_LENGTH_MEASURE(2.E-2),#7);
#23=PRESENTATION_STYLE_ASSIGNMENT((#22));
#24=STYLED_ITEM('',(#23),#20);
#25=CARTESIAN_POINT('',(3.937007874016E-1,0.E0,-2.952755905512E-2));
#26=DIRECTION('',(0.E0,0.E0,-1.E0));
#27=DIRECTION('',(-1.E0,0.E0,0.E0));
#28=AXIS2_PLACEMENT_3D('',#25,#26,#27);
#30=CURVE_STYLE('',#21,POSITIVE_LENGTH_MEASURE(2.E-2),#7);
#31=PRESENTATION_STYLE_ASSIGNMENT((#30));
#32=STYLED_ITEM('',(#31),#29);
#33=CARTESIAN_POINT('',(2.637795275591E-1,0.E0,-2.952755905512E-2));
#34=DIRECTION('',(0.E0,0.E0,-1.E0));
#35=DIRECTION('',(1.E0,0.E0,0.E0));
#36=AXIS2_PLACEMENT_3D('',#33,#34,#35);
#38=CURVE_STYLE('',#21,POSITIVE_LENGTH_MEASURE(2.E-2),#7);
#39=PRESENTATION_STYLE_ASSIGNMENT((#38));
#40=STYLED_ITEM('',(#39),#37);
#41=CARTESIAN_POINT('',(2.637795275591E-1,0.E0,-2.952755905512E-2));
#42=DIRECTION('',(0.E0,0.E0,-1.E0));
#43=DIRECTION('',(-1.E0,0.E0,0.E0));
#44=AXIS2_PLACEMENT_3D('',#41,#42,#43);
#46=CURVE_STYLE('',#21,POSITIVE_LENGTH_MEASURE(2.E-2),#7);
#47=PRESENTATION_STYLE_ASSIGNMENT((#46));
#48=STYLED_ITEM('',(#47),#45);
#49=CARTESIAN_POINT('',(-3.937007874016E-1,0.E0,-2.952755905512E-2));
#50=DIRECTION('',(0.E0,0.E0,-1.E0));
#51=DIRECTION('',(1.E0,0.E0,0.E0));
#52=AXIS2_PLACEMENT_3D('',#49,#50,#51);
#54=CURVE_STYLE('',#21,POSITIVE_LENGTH_MEASURE(2.E-2),#7);
#55=PRESENTATION_STYLE_ASSIGNMENT((#54));
#56=STYLED_ITEM('',(#55),#53);
#57=CARTESIAN_POINT('',(-3.937007874016E-1,0.E0,-2.952755905512E-2));
#58=DIRECTION('',(0.E0,0.E0,-1.E0));
#59=DIRECTION('',(-1.E0,0.E0,0.E0));
#60=AXIS2_PLACEMENT_3D('',#57,#58,#59);
#62=CURVE_STYLE('',#21,POSITIVE_LENGTH_MEASURE(2.E-2),#7);
#63=PRESENTATION_STYLE_ASSIGNMENT((#62));
#64=STYLED_ITEM('',(#63),#61);
#65=CARTESIAN_POINT('',(-2.637795275591E-1,0.E0,-2.952755905512E-2));
#66=DIRECTION('',(0.E0,0.E0,-1.E0));
#67=DIRECTION('',(1.E0,0.E0,0.E0));
#68=AXIS2_PLACEMENT_3D('',#65,#66,#67);
#70=CURVE_STYLE('',#21,POSITIVE_LENGTH_MEASURE(2.E-2),#7);
#71=PRESENTATION_STYLE_ASSIGNMENT((#70));
#72=STYLED_ITEM('',(#71),#69);
#73=CARTESIAN_POINT('',(-2.637795275591E-1,0.E0,-2.952755905512E-2));
#74=DIRECTION('',(0.E0,0.E0,-1.E0));
#75=DIRECTION('',(-1.E0,0.E0,0.E0));
#76=AXIS2_PLACEMENT_3D('',#73,#74,#75);
#78=CURVE_STYLE('',#21,POSITIVE_LENGTH_MEASURE(2.E-2),#7);
#79=PRESENTATION_STYLE_ASSIGNMENT((#78));
#80=STYLED_ITEM('',(#79),#77);
#81=CARTESIAN_POINT('',(0.E0,-2.362204724409E-1,-2.952755905512E-2));
#82=DIRECTION('',(0.E0,0.E0,-1.E0));
#83=DIRECTION('',(1.E0,0.E0,0.E0));
#84=AXIS2_PLACEMENT_3D('',#81,#82,#83);
#86=CURVE_STYLE('',#21,POSITIVE_LENGTH_MEASURE(2.E-2),#7);
#87=PRESENTATION_STYLE_ASSIGNMENT((#86));
#88=STYLED_ITEM('',(#87),#85);
#89=CARTESIAN_POINT('',(0.E0,-2.362204724409E-1,-2.952755905512E-2));
#90=DIRECTION('',(0.E0,0.E0,-1.E0));
#91=DIRECTION('',(-1.E0,0.E0,0.E0));
#92=AXIS2_PLACEMENT_3D('',#89,#90,#91);
#94=CURVE_STYLE('',#21,POSITIVE_LENGTH_MEASURE(2.E-2),#7);
#95=PRESENTATION_STYLE_ASSIGNMENT((#94));
#96=STYLED_ITEM('',(#95),#93);
#97=CARTESIAN_POINT('',(0.E0,-3.937007874016E-1,-2.952755905512E-2));
#98=DIRECTION('',(0.E0,0.E0,-1.E0));
#99=DIRECTION('',(-1.E0,0.E0,0.E0));
#100=AXIS2_PLACEMENT_3D('',#97,#98,#99);
#102=CURVE_STYLE('',#21,POSITIVE_LENGTH_MEASURE(2.E-2),#7);
#103=PRESENTATION_STYLE_ASSIGNMENT((#102));
#104=STYLED_ITEM('',(#103),#101);
#105=CARTESIAN_POINT('',(0.E0,-3.937007874016E-1,-2.952755905512E-2));
#106=DIRECTION('',(0.E0,0.E0,-1.E0));
#107=DIRECTION('',(1.E0,0.E0,0.E0));
#108=AXIS2_PLACEMENT_3D('',#105,#106,#107);
#110=CURVE_STYLE('',#21,POSITIVE_LENGTH_MEASURE(2.E-2),#7);
#111=PRESENTATION_STYLE_ASSIGNMENT((#110));
#112=STYLED_ITEM('',(#111),#109);
#113=CARTESIAN_POINT('',(0.E0,3.937007874016E-1,-2.952755905512E-2));
#114=DIRECTION('',(0.E0,0.E0,-1.E0));
#115=DIRECTION('',(1.E0,0.E0,0.E0));
#116=AXIS2_PLACEMENT_3D('',#113,#114,#115);
#118=CURVE_STYLE('',#21,POSITIVE_LENGTH_MEASURE(2.E-2),#7);
#119=PRESENTATION_STYLE_ASSIGNMENT((#118));
#120=STYLED_ITEM('',(#119),#117);
#121=CARTESIAN_POINT('',(0.E0,3.937007874016E-1,-2.952755905512E-2));
#122=DIRECTION('',(0.E0,0.E0,-1.E0));
#123=DIRECTION('',(-1.E0,0.E0,0.E0));
#124=AXIS2_PLACEMENT_3D('',#121,#122,#123);
#126=CURVE_STYLE('',#21,POSITIVE_LENGTH_MEASURE(2.E-2),#7);
#127=PRESENTATION_STYLE_ASSIGNMENT((#126));
#128=STYLED_ITEM('',(#127),#125);
#129=CARTESIAN_POINT('',(0.E0,2.362204724409E-1,-2.952755905512E-2));
#130=DIRECTION('',(0.E0,0.E0,-1.E0));
#131=DIRECTION('',(-1.E0,0.E0,0.E0));
#132=AXIS2_PLACEMENT_3D('',#129,#130,#131);
#134=CURVE_STYLE('',#21,POSITIVE_LENGTH_MEASURE(2.E-2),#7);
#135=PRESENTATION_STYLE_ASSIGNMENT((#134));
#136=STYLED_ITEM('',(#135),#133);
#137=CARTESIAN_POINT('',(0.E0,2.362204724409E-1,-2.952755905512E-2));
#138=DIRECTION('',(0.E0,0.E0,-1.E0));
#139=DIRECTION('',(1.E0,0.E0,0.E0));
#140=AXIS2_PLACEMENT_3D('',#137,#138,#139);
#142=CURVE_STYLE('',#21,POSITIVE_LENGTH_MEASURE(2.E-2),#7);
#143=PRESENTATION_STYLE_ASSIGNMENT((#142));
#144=STYLED_ITEM('',(#143),#141);
#145=DIRECTION('',(1.004474171819E-1,9.949423683719E-1,0.E0));
#146=VECTOR('',#145,2.408974598138E-1);
#147=CARTESIAN_POINT('',(6.488574371432E-2,-4.002515239821E-1,
-2.952755905512E-2));
#148=LINE('',#147,#146);
#149=CURVE_STYLE('',#21,POSITIVE_LENGTH_MEASURE(2.E-2),#7);
#150=PRESENTATION_STYLE_ASSIGNMENT((#149));
#151=STYLED_ITEM('',(#150),#148);
#152=CARTESIAN_POINT('',(1.686003189093E-1,-1.686003189093E-1,
-2.952755905512E-2));
#153=DIRECTION('',(0.E0,0.E0,-1.E0));
#154=DIRECTION('',(-9.949423683719E-1,1.004474171820E-1,0.E0));
#155=AXIS2_PLACEMENT_3D('',#152,#153,#154);
#157=CURVE_STYLE('',#21,POSITIVE_LENGTH_MEASURE(2.E-2),#7);
#158=PRESENTATION_STYLE_ASSIGNMENT((#157));
#159=STYLED_ITEM('',(#158),#156);
#160=DIRECTION('',(9.949423683719E-1,1.004474171819E-1,0.E0));
#161=VECTOR('',#160,2.408974598138E-1);
#162=CARTESIAN_POINT('',(1.605724347802E-1,-8.908327135831E-2,
-2.952755905512E-2));
#163=LINE('',#162,#161);
#164=CURVE_STYLE('',#21,POSITIVE_LENGTH_MEASURE(2.E-2),#7);
#165=PRESENTATION_STYLE_ASSIGNMENT((#164));
#166=STYLED_ITEM('',(#165),#163);
#167=CARTESIAN_POINT('',(3.937007874016E-1,0.E0,-2.952755905512E-2));
#168=DIRECTION('',(0.E0,0.E0,1.E0));
#169=DIRECTION('',(1.004474171819E-1,-9.949423683719E-1,0.E0));
#170=AXIS2_PLACEMENT_3D('',#167,#168,#169);
#172=CURVE_STYLE('',#21,POSITIVE_LENGTH_MEASURE(2.E-2),#7);
#173=PRESENTATION_STYLE_ASSIGNMENT((#172));
#174=STYLED_ITEM('',(#173),#171);
#175=DIRECTION('',(-9.949423683719E-1,1.004474171819E-1,0.E0));
#176=VECTOR('',#175,2.408974598138E-1);
#177=CARTESIAN_POINT('',(4.002515239821E-1,6.488574371433E-2,
-2.952755905512E-2));
#178=LINE('',#177,#176);
#179=CURVE_STYLE('',#21,POSITIVE_LENGTH_MEASURE(2.E-2),#7);
#180=PRESENTATION_STYLE_ASSIGNMENT((#179));
#181=STYLED_ITEM('',(#180),#178);
#182=CARTESIAN_POINT('',(1.686003189093E-1,1.686003189093E-1,
-2.952755905512E-2));
#183=DIRECTION('',(0.E0,0.E0,-1.E0));
#184=DIRECTION('',(-1.004474171819E-1,-9.949423683719E-1,0.E0));
#185=AXIS2_PLACEMENT_3D('',#182,#183,#184);
#187=CURVE_STYLE('',#21,POSITIVE_LENGTH_MEASURE(2.E-2),#7);
#188=PRESENTATION_STYLE_ASSIGNMENT((#187));
#189=STYLED_ITEM('',(#188),#186);
#190=DIRECTION('',(-1.004474171819E-1,9.949423683719E-1,0.E0));
#191=VECTOR('',#190,2.408974598138E-1);
#192=CARTESIAN_POINT('',(8.908327135831E-2,1.605724347802E-1,
-2.952755905512E-2));
#193=LINE('',#192,#191);
#194=CURVE_STYLE('',#21,POSITIVE_LENGTH_MEASURE(2.E-2),#7);
#195=PRESENTATION_STYLE_ASSIGNMENT((#194));
#196=STYLED_ITEM('',(#195),#193);
#197=CARTESIAN_POINT('',(0.E0,3.937007874016E-1,-2.952755905512E-2));
#198=DIRECTION('',(0.E0,0.E0,1.E0));
#199=DIRECTION('',(9.949423683719E-1,1.004474171819E-1,0.E0));
#200=AXIS2_PLACEMENT_3D('',#197,#198,#199);
#202=CURVE_STYLE('',#21,POSITIVE_LENGTH_MEASURE(2.E-2),#7);
#203=PRESENTATION_STYLE_ASSIGNMENT((#202));
#204=STYLED_ITEM('',(#203),#201);
#205=DIRECTION('',(-1.004474171819E-1,-9.949423683719E-1,0.E0));
#206=VECTOR('',#205,2.408974598138E-1);
#207=CARTESIAN_POINT('',(-6.488574371432E-2,4.002515239821E-1,
-2.952755905512E-2));
#208=LINE('',#207,#206);
#209=CURVE_STYLE('',#21,POSITIVE_LENGTH_MEASURE(2.E-2),#7);
#210=PRESENTATION_STYLE_ASSIGNMENT((#209));
#211=STYLED_ITEM('',(#210),#208);
#212=CARTESIAN_POINT('',(-1.686003189093E-1,1.686003189093E-1,
-2.952755905512E-2));
#213=DIRECTION('',(0.E0,0.E0,-1.E0));
#214=DIRECTION('',(9.949423683719E-1,-1.004474171820E-1,0.E0));
#215=AXIS2_PLACEMENT_3D('',#212,#213,#214);
#217=CURVE_STYLE('',#21,POSITIVE_LENGTH_MEASURE(2.E-2),#7);
#218=PRESENTATION_STYLE_ASSIGNMENT((#217));
#219=STYLED_ITEM('',(#218),#216);
#220=DIRECTION('',(-9.949423683719E-1,-1.004474171819E-1,0.E0));
#221=VECTOR('',#220,2.408974598138E-1);
#222=CARTESIAN_POINT('',(-1.605724347802E-1,8.908327135831E-2,
-2.952755905512E-2));
#223=LINE('',#222,#221);
#224=CURVE_STYLE('',#21,POSITIVE_LENGTH_MEASURE(2.E-2),#7);
#225=PRESENTATION_STYLE_ASSIGNMENT((#224));
#226=STYLED_ITEM('',(#225),#223);
#227=CARTESIAN_POINT('',(-3.937007874016E-1,0.E0,-2.952755905512E-2));
#228=DIRECTION('',(0.E0,0.E0,1.E0));
#229=DIRECTION('',(-1.004474171819E-1,9.949423683719E-1,0.E0));
#230=AXIS2_PLACEMENT_3D('',#227,#228,#229);
#232=CURVE_STYLE('',#21,POSITIVE_LENGTH_MEASURE(2.E-2),#7);
#233=PRESENTATION_STYLE_ASSIGNMENT((#232));
#234=STYLED_ITEM('',(#233),#231);
#235=DIRECTION('',(9.949423683719E-1,-1.004474171819E-1,0.E0));
#236=VECTOR('',#235,2.408974598138E-1);
#237=CARTESIAN_POINT('',(-4.002515239821E-1,-6.488574371433E-2,
-2.952755905512E-2));
#238=LINE('',#237,#236);
#239=CURVE_STYLE('',#21,POSITIVE_LENGTH_MEASURE(2.E-2),#7);
#240=PRESENTATION_STYLE_ASSIGNMENT((#239));
#241=STYLED_ITEM('',(#240),#238);
#242=CARTESIAN_POINT('',(-1.686003189093E-1,-1.686003189093E-1,
-2.952755905512E-2));
#243=DIRECTION('',(0.E0,0.E0,-1.E0));
#244=DIRECTION('',(1.004474171819E-1,9.949423683719E-1,0.E0));
#245=AXIS2_PLACEMENT_3D('',#242,#243,#244);
#247=CURVE_STYLE('',#21,POSITIVE_LENGTH_MEASURE(2.E-2),#7);
#248=PRESENTATION_STYLE_ASSIGNMENT((#247));
#249=STYLED_ITEM('',(#248),#246);
#250=DIRECTION('',(1.004474171819E-1,-9.949423683719E-1,0.E0));
#251=VECTOR('',#250,2.408974598138E-1);
#252=CARTESIAN_POINT('',(-8.908327135831E-2,-1.605724347802E-1,
-2.952755905512E-2));
#253=LINE('',#252,#251);
#254=CURVE_STYLE('',#21,POSITIVE_LENGTH_MEASURE(2.E-2),#7);
#255=PRESENTATION_STYLE_ASSIGNMENT((#254));
#256=STYLED_ITEM('',(#255),#253);
#257=CARTESIAN_POINT('',(0.E0,-3.937007874016E-1,-2.952755905512E-2));
#258=DIRECTION('',(0.E0,0.E0,1.E0));
#259=DIRECTION('',(-9.949423683719E-1,-1.004474171819E-1,0.E0));
#260=AXIS2_PLACEMENT_3D('',#257,#258,#259);
#262=CURVE_STYLE('',#21,POSITIVE_LENGTH_MEASURE(2.E-2),#7);
#263=PRESENTATION_STYLE_ASSIGNMENT((#262));
#264=STYLED_ITEM('',(#263),#261);
#265=CARTESIAN_POINT('',(0.E0,0.E0,-2.952755905512E-2));
#266=DIRECTION('',(0.E0,0.E0,1.E0));
#267=DIRECTION('',(-1.407065438648E-1,9.900513464026E-1,0.E0));
#268=AXIS2_PLACEMENT_3D('',#265,#266,#267);
#270=CURVE_STYLE('',#21,POSITIVE_LENGTH_MEASURE(2.E-2),#7);
#271=PRESENTATION_STYLE_ASSIGNMENT((#270));
#272=STYLED_ITEM('',(#271),#269);
#273=CARTESIAN_POINT('',(0.E0,0.E0,-2.952755905512E-2));
#274=DIRECTION('',(0.E0,0.E0,1.E0));
#275=DIRECTION('',(1.721228159142E-1,9.850754977370E-1,0.E0));
#276=AXIS2_PLACEMENT_3D('',#273,#274,#275);
#278=CURVE_STYLE('',#21,POSITIVE_LENGTH_MEASURE(2.E-2),#7);
#279=PRESENTATION_STYLE_ASSIGNMENT((#278));
#280=STYLED_ITEM('',(#279),#277);
#281=CARTESIAN_POINT('',(0.E0,0.E0,-2.952755905512E-2));
#282=DIRECTION('',(0.E0,0.E0,1.E0));
#283=DIRECTION('',(4.681035952214E-1,8.836735959283E-1,0.E0));
#284=AXIS2_PLACEMENT_3D('',#281,#282,#283);
#286=CURVE_STYLE('',#21,POSITIVE_LENGTH_MEASURE(2.E-2),#7);
#287=PRESENTATION_STYLE_ASSIGNMENT((#286));
#288=STYLED_ITEM('',(#287),#285);
#289=CARTESIAN_POINT('',(0.E0,0.E0,-2.952755905512E-2));
#290=DIRECTION('',(0.E0,0.E0,1.E0));
#291=DIRECTION('',(7.182631331587E-1,6.957715656341E-1,0.E0));
#292=AXIS2_PLACEMENT_3D('',#289,#290,#291);
#294=CURVE_STYLE('',#21,POSITIVE_LENGTH_MEASURE(2.E-2),#7);
#295=PRESENTATION_STYLE_ASSIGNMENT((#294));
#296=STYLED_ITEM('',(#295),#293);
#297=CARTESIAN_POINT('',(0.E0,0.E0,-2.952755905512E-2));
#298=DIRECTION('',(0.E0,0.E0,1.E0));
#299=DIRECTION('',(8.981140711890E-1,4.397625667702E-1,0.E0));
#300=AXIS2_PLACEMENT_3D('',#297,#298,#299);
#302=CURVE_STYLE('',#21,POSITIVE_LENGTH_MEASURE(2.E-2),#7);
#303=PRESENTATION_STYLE_ASSIGNMENT((#302));
#304=STYLED_ITEM('',(#303),#301);
#305=CARTESIAN_POINT('',(0.E0,0.E0,-2.952755905512E-2));
#306=DIRECTION('',(0.E0,0.E0,1.E0));
#307=DIRECTION('',(9.900513464026E-1,1.407065438648E-1,0.E0));
#308=AXIS2_PLACEMENT_3D('',#305,#306,#307);
#310=CURVE_STYLE('',#21,POSITIVE_LENGTH_MEASURE(2.E-2),#7);
#311=PRESENTATION_STYLE_ASSIGNMENT((#310));
#312=STYLED_ITEM('',(#311),#309);
#313=CARTESIAN_POINT('',(0.E0,0.E0,-2.952755905512E-2));
#314=DIRECTION('',(0.E0,0.E0,1.E0));
#315=DIRECTION('',(9.850754977370E-1,-1.721228159142E-1,0.E0));
#316=AXIS2_PLACEMENT_3D('',#313,#314,#315);
#318=CURVE_STYLE('',#21,POSITIVE_LENGTH_MEASURE(2.E-2),#7);
#319=PRESENTATION_STYLE_ASSIGNMENT((#318));
#320=STYLED_ITEM('',(#319),#317);
#321=CARTESIAN_POINT('',(0.E0,0.E0,-2.952755905512E-2));
#322=DIRECTION('',(0.E0,0.E0,1.E0));
#323=DIRECTION('',(8.836735959283E-1,-4.681035952214E-1,0.E0));
#324=AXIS2_PLACEMENT_3D('',#321,#322,#323);
#326=CURVE_STYLE('',#21,POSITIVE_LENGTH_MEASURE(2.E-2),#7);
#327=PRESENTATION_STYLE_ASSIGNMENT((#326));
#328=STYLED_ITEM('',(#327),#325);
#329=CARTESIAN_POINT('',(0.E0,0.E0,-2.952755905512E-2));
#330=DIRECTION('',(0.E0,0.E0,1.E0));
#331=DIRECTION('',(6.957715656341E-1,-7.182631331587E-1,0.E0));
#332=AXIS2_PLACEMENT_3D('',#329,#330,#331);
#334=CURVE_STYLE('',#21,POSITIVE_LENGTH_MEASURE(2.E-2),#7);
#335=PRESENTATION_STYLE_ASSIGNMENT((#334));
#336=STYLED_ITEM('',(#335),#333);
#337=CARTESIAN_POINT('',(0.E0,0.E0,-2.952755905512E-2));
#338=DIRECTION('',(0.E0,0.E0,1.E0));
#339=DIRECTION('',(4.397625667702E-1,-8.981140711890E-1,0.E0));
#340=AXIS2_PLACEMENT_3D('',#337,#338,#339);
#342=CURVE_STYLE('',#21,POSITIVE_LENGTH_MEASURE(2.E-2),#7);
#343=PRESENTATION_STYLE_ASSIGNMENT((#342));
#344=STYLED_ITEM('',(#343),#341);
#345=CARTESIAN_POINT('',(0.E0,0.E0,-2.952755905512E-2));
#346=DIRECTION('',(0.E0,0.E0,1.E0));
#347=DIRECTION('',(1.407065438648E-1,-9.900513464026E-1,0.E0));
#348=AXIS2_PLACEMENT_3D('',#345,#346,#347);
#350=CURVE_STYLE('',#21,POSITIVE_LENGTH_MEASURE(2.E-2),#7);
#351=PRESENTATION_STYLE_ASSIGNMENT((#350));
#352=STYLED_ITEM('',(#351),#349);
#353=CARTESIAN_POINT('',(0.E0,0.E0,-2.952755905512E-2));
#354=DIRECTION('',(0.E0,0.E0,1.E0));
#355=DIRECTION('',(-1.721228159142E-1,-9.850754977370E-1,0.E0));
#356=AXIS2_PLACEMENT_3D('',#353,#354,#355);
#358=CURVE_STYLE('',#21,POSITIVE_LENGTH_MEASURE(2.E-2),#7);
#359=PRESENTATION_STYLE_ASSIGNMENT((#358));
#360=STYLED_ITEM('',(#359),#357);
#361=CARTESIAN_POINT('',(0.E0,0.E0,-2.952755905512E-2));
#362=DIRECTION('',(0.E0,0.E0,1.E0));
#363=DIRECTION('',(-4.681035952214E-1,-8.836735959283E-1,0.E0));
#364=AXIS2_PLACEMENT_3D('',#361,#362,#363);
#366=CURVE_STYLE('',#21,POSITIVE_LENGTH_MEASURE(2.E-2),#7);
#367=PRESENTATION_STYLE_ASSIGNMENT((#366));
#368=STYLED_ITEM('',(#367),#365);
#369=CARTESIAN_POINT('',(0.E0,0.E0,-2.952755905512E-2));
#370=DIRECTION('',(0.E0,0.E0,1.E0));
#371=DIRECTION('',(-7.182631331587E-1,-6.957715656341E-1,0.E0));
#372=AXIS2_PLACEMENT_3D('',#369,#370,#371);
#374=CURVE_STYLE('',#21,POSITIVE_LENGTH_MEASURE(2.E-2),#7);
#375=PRESENTATION_STYLE_ASSIGNMENT((#374));
#376=STYLED_ITEM('',(#375),#373);
#377=CARTESIAN_POINT('',(0.E0,0.E0,-2.952755905512E-2));
#378=DIRECTION('',(0.E0,0.E0,1.E0));
#379=DIRECTION('',(-8.981140711890E-1,-4.397625667702E-1,0.E0));
#380=AXIS2_PLACEMENT_3D('',#377,#378,#379);
#382=CURVE_STYLE('',#21,POSITIVE_LENGTH_MEASURE(2.E-2),#7);
#383=PRESENTATION_STYLE_ASSIGNMENT((#382));
#384=STYLED_ITEM('',(#383),#381);
#385=CARTESIAN_POINT('',(0.E0,0.E0,-2.952755905512E-2));
#386=DIRECTION('',(0.E0,0.E0,1.E0));
#387=DIRECTION('',(-9.900513464026E-1,-1.407065438648E-1,0.E0));
#388=AXIS2_PLACEMENT_3D('',#385,#386,#387);
#390=CURVE_STYLE('',#21,POSITIVE_LENGTH_MEASURE(2.E-2),#7);
#391=PRESENTATION_STYLE_ASSIGNMENT((#390));
#392=STYLED_ITEM('',(#391),#389);
#393=CARTESIAN_POINT('',(0.E0,0.E0,-2.952755905512E-2));
#394=DIRECTION('',(0.E0,0.E0,1.E0));
#395=DIRECTION('',(-9.850754977370E-1,1.721228159142E-1,0.E0));
#396=AXIS2_PLACEMENT_3D('',#393,#394,#395);
#398=CURVE_STYLE('',#21,POSITIVE_LENGTH_MEASURE(2.E-2),#7);
#399=PRESENTATION_STYLE_ASSIGNMENT((#398));
#400=STYLED_ITEM('',(#399),#397);
#401=CARTESIAN_POINT('',(0.E0,0.E0,-2.952755905512E-2));
#402=DIRECTION('',(0.E0,0.E0,1.E0));
#403=DIRECTION('',(-8.836735959283E-1,4.681035952214E-1,0.E0));
#404=AXIS2_PLACEMENT_3D('',#401,#402,#403);
#406=CURVE_STYLE('',#21,POSITIVE_LENGTH_MEASURE(2.E-2),#7);
#407=PRESENTATION_STYLE_ASSIGNMENT((#406));
#408=STYLED_ITEM('',(#407),#405);
#409=CARTESIAN_POINT('',(0.E0,0.E0,-2.952755905512E-2));
#410=DIRECTION('',(0.E0,0.E0,1.E0));
#411=DIRECTION('',(-6.957715656341E-1,7.182631331587E-1,0.E0));
#412=AXIS2_PLACEMENT_3D('',#409,#410,#411);
#414=CURVE_STYLE('',#21,POSITIVE_LENGTH_MEASURE(2.E-2),#7);
#415=PRESENTATION_STYLE_ASSIGNMENT((#414));
#416=STYLED_ITEM('',(#415),#413);
#417=CARTESIAN_POINT('',(0.E0,0.E0,-2.952755905512E-2));
#418=DIRECTION('',(0.E0,0.E0,1.E0));
#419=DIRECTION('',(-4.397625667702E-1,8.981140711890E-1,0.E0));
#420=AXIS2_PLACEMENT_3D('',#417,#418,#419);
#422=CURVE_STYLE('',#21,POSITIVE_LENGTH_MEASURE(2.E-2),#7);
#423=PRESENTATION_STYLE_ASSIGNMENT((#422));
#424=STYLED_ITEM('',(#423),#421);
#425=DIRECTION('',(0.E0,0.E0,-1.E0));
#426=VECTOR('',#425,5.905511811024E-2);
#427=CARTESIAN_POINT('',(4.232283464567E-1,0.E0,2.952755905512E-2));
#428=LINE('',#427,#426);
#429=CURVE_STYLE('',#21,POSITIVE_LENGTH_MEASURE(2.E-2),#7);
#430=PRESENTATION_STYLE_ASSIGNMENT((#429));
#431=STYLED_ITEM('',(#430),#428);
#432=CARTESIAN_POINT('',(3.937007874016E-1,0.E0,2.952755905512E-2));
#433=DIRECTION('',(0.E0,0.E0,-1.E0));
#434=DIRECTION('',(1.E0,0.E0,0.E0));
#435=AXIS2_PLACEMENT_3D('',#432,#433,#434);
#437=CURVE_STYLE('',#21,POSITIVE_LENGTH_MEASURE(2.E-2),#7);
#438=PRESENTATION_STYLE_ASSIGNMENT((#437));
#439=STYLED_ITEM('',(#438),#436);
#440=CARTESIAN_POINT('',(3.937007874016E-1,0.E0,2.952755905512E-2));
#441=DIRECTION('',(0.E0,0.E0,-1.E0));
#442=DIRECTION('',(-1.E0,0.E0,0.E0));
#443=AXIS2_PLACEMENT_3D('',#440,#441,#442);
#445=CURVE_STYLE('',#21,POSITIVE_LENGTH_MEASURE(2.E-2),#7);
#446=PRESENTATION_STYLE_ASSIGNMENT((#445));
#447=STYLED_ITEM('',(#446),#444);
#448=CARTESIAN_POINT('',(2.637795275591E-1,0.E0,2.952755905512E-2));
#449=DIRECTION('',(0.E0,0.E0,-1.E0));
#450=DIRECTION('',(1.E0,0.E0,0.E0));
#451=AXIS2_PLACEMENT_3D('',#448,#449,#450);
#453=CURVE_STYLE('',#21,POSITIVE_LENGTH_MEASURE(2.E-2),#7);
#454=PRESENTATION_STYLE_ASSIGNMENT((#453));
#455=STYLED_ITEM('',(#454),#452);
#456=CARTESIAN_POINT('',(2.637795275591E-1,0.E0,2.952755905512E-2));
#457=DIRECTION('',(0.E0,0.E0,-1.E0));
#458=DIRECTION('',(-1.E0,0.E0,0.E0));
#459=AXIS2_PLACEMENT_3D('',#456,#457,#458);
#461=CURVE_STYLE('',#21,POSITIVE_LENGTH_MEASURE(2.E-2),#7);
#462=PRESENTATION_STYLE_ASSIGNMENT((#461));
#463=STYLED_ITEM('',(#462),#460);
#464=CARTESIAN_POINT('',(-3.937007874016E-1,0.E0,2.952755905512E-2));
#465=DIRECTION('',(0.E0,0.E0,-1.E0));
#466=DIRECTION('',(1.E0,0.E0,0.E0));
#467=AXIS2_PLACEMENT_3D('',#464,#465,#466);
#469=CURVE_STYLE('',#21,POSITIVE_LENGTH_MEASURE(2.E-2),#7);
#470=PRESENTATION_STYLE_ASSIGNMENT((#469));
#471=STYLED_ITEM('',(#470),#468);
#472=CARTESIAN_POINT('',(-3.937007874016E-1,0.E0,2.952755905512E-2));
#473=DIRECTION('',(0.E0,0.E0,-1.E0));
#474=DIRECTION('',(-1.E0,0.E0,0.E0));
#475=AXIS2_PLACEMENT_3D('',#472,#473,#474);
#477=CURVE_STYLE('',#21,POSITIVE_LENGTH_MEASURE(2.E-2),#7);
#478=PRESENTATION_STYLE_ASSIGNMENT((#477));
#479=STYLED_ITEM('',(#478),#476);
#480=CARTESIAN_POINT('',(-2.637795275591E-1,0.E0,2.952755905512E-2));
#481=DIRECTION('',(0.E0,0.E0,-1.E0));
#482=DIRECTION('',(1.E0,0.E0,0.E0));
#483=AXIS2_PLACEMENT_3D('',#480,#481,#482);
#485=CURVE_STYLE('',#21,POSITIVE_LENGTH_MEASURE(2.E-2),#7);
#486=PRESENTATION_STYLE_ASSIGNMENT((#485));
#487=STYLED_ITEM('',(#486),#484);
#488=CARTESIAN_POINT('',(-2.637795275591E-1,0.E0,2.952755905512E-2));
#489=DIRECTION('',(0.E0,0.E0,-1.E0));
#490=DIRECTION('',(-1.E0,0.E0,0.E0));
#491=AXIS2_PLACEMENT_3D('',#488,#489,#490);
#493=CURVE_STYLE('',#21,POSITIVE_LENGTH_MEASURE(2.E-2),#7);
#494=PRESENTATION_STYLE_ASSIGNMENT((#493));
#495=STYLED_ITEM('',(#494),#492);
#496=CARTESIAN_POINT('',(0.E0,-2.362204724409E-1,2.952755905512E-2));
#497=DIRECTION('',(0.E0,0.E0,-1.E0));
#498=DIRECTION('',(1.E0,0.E0,0.E0));
#499=AXIS2_PLACEMENT_3D('',#496,#497,#498);
#501=CURVE_STYLE('',#21,POSITIVE_LENGTH_MEASURE(2.E-2),#7);
#502=PRESENTATION_STYLE_ASSIGNMENT((#501));
#503=STYLED_ITEM('',(#502),#500);
#504=CARTESIAN_POINT('',(0.E0,-2.362204724409E-1,2.952755905512E-2));
#505=DIRECTION('',(0.E0,0.E0,-1.E0));
#506=DIRECTION('',(-1.E0,0.E0,0.E0));
#507=AXIS2_PLACEMENT_3D('',#504,#505,#506);
#509=CURVE_STYLE('',#21,POSITIVE_LENGTH_MEASURE(2.E-2),#7);
#510=PRESENTATION_STYLE_ASSIGNMENT((#509));
#511=STYLED_ITEM('',(#510),#508);
#512=CARTESIAN_POINT('',(0.E0,-3.937007874016E-1,2.952755905512E-2));
#513=DIRECTION('',(0.E0,0.E0,-1.E0));
#514=DIRECTION('',(-1.E0,0.E0,0.E0));
#515=AXIS2_PLACEMENT_3D('',#512,#513,#514);
#517=CURVE_STYLE('',#21,POSITIVE_LENGTH_MEASURE(2.E-2),#7);
#518=PRESENTATION_STYLE_ASSIGNMENT((#517));
#519=STYLED_ITEM('',(#518),#516);
#520=CARTESIAN_POINT('',(0.E0,-3.937007874016E-1,2.952755905512E-2));
#521=DIRECTION('',(0.E0,0.E0,-1.E0));
#522=DIRECTION('',(1.E0,0.E0,0.E0));
#523=AXIS2_PLACEMENT_3D('',#520,#521,#522);
#525=CURVE_STYLE('',#21,POSITIVE_LENGTH_MEASURE(2.E-2),#7);
#526=PRESENTATION_STYLE_ASSIGNMENT((#525));
#527=STYLED_ITEM('',(#526),#524);
#528=CARTESIAN_POINT('',(0.E0,3.937007874016E-1,2.952755905512E-2));
#529=DIRECTION('',(0.E0,0.E0,-1.E0));
#530=DIRECTION('',(1.E0,0.E0,0.E0));
#531=AXIS2_PLACEMENT_3D('',#528,#529,#530);
#533=CURVE_STYLE('',#21,POSITIVE_LENGTH_MEASURE(2.E-2),#7);
#534=PRESENTATION_STYLE_ASSIGNMENT((#533));
#535=STYLED_ITEM('',(#534),#532);
#536=CARTESIAN_POINT('',(0.E0,3.937007874016E-1,2.952755905512E-2));
#537=DIRECTION('',(0.E0,0.E0,-1.E0));
#538=DIRECTION('',(-1.E0,0.E0,0.E0));
#539=AXIS2_PLACEMENT_3D('',#536,#537,#538);
#541=CURVE_STYLE('',#21,POSITIVE_LENGTH_MEASURE(2.E-2),#7);
#542=PRESENTATION_STYLE_ASSIGNMENT((#541));
#543=STYLED_ITEM('',(#542),#540);
#544=CARTESIAN_POINT('',(0.E0,2.362204724409E-1,2.952755905512E-2));
#545=DIRECTION('',(0.E0,0.E0,-1.E0));
#546=DIRECTION('',(-1.E0,0.E0,0.E0));
#547=AXIS2_PLACEMENT_3D('',#544,#545,#546);
#549=CURVE_STYLE('',#21,POSITIVE_LENGTH_MEASURE(2.E-2),#7);
#550=PRESENTATION_STYLE_ASSIGNMENT((#549));
#551=STYLED_ITEM('',(#550),#548);
#552=CARTESIAN_POINT('',(0.E0,2.362204724409E-1,2.952755905512E-2));
#553=DIRECTION('',(0.E0,0.E0,-1.E0));
#554=DIRECTION('',(1.E0,0.E0,0.E0));
#555=AXIS2_PLACEMENT_3D('',#552,#553,#554);
#557=CURVE_STYLE('',#21,POSITIVE_LENGTH_MEASURE(2.E-2),#7);
#558=PRESENTATION_STYLE_ASSIGNMENT((#557));
#559=STYLED_ITEM('',(#558),#556);
#560=DIRECTION('',(-1.004474171819E-1,9.949423683719E-1,0.E0));
#561=VECTOR('',#560,2.408974598138E-1);
#562=CARTESIAN_POINT('',(8.908327135831E-2,1.605724347802E-1,
2.952755905512E-2));
#563=LINE('',#562,#561);
#564=CURVE_STYLE('',#21,POSITIVE_LENGTH_MEASURE(2.E-2),#7);
#565=PRESENTATION_STYLE_ASSIGNMENT((#564));
#566=STYLED_ITEM('',(#565),#563);
#567=CARTESIAN_POINT('',(1.686003189093E-1,1.686003189093E-1,
2.952755905512E-2));
#568=DIRECTION('',(0.E0,0.E0,-1.E0));
#569=DIRECTION('',(-1.004474171819E-1,-9.949423683719E-1,0.E0));
#570=AXIS2_PLACEMENT_3D('',#567,#568,#569);
#572=CURVE_STYLE('',#21,POSITIVE_LENGTH_MEASURE(2.E-2),#7);
#573=PRESENTATION_STYLE_ASSIGNMENT((#572));
#574=STYLED_ITEM('',(#573),#571);
#575=DIRECTION('',(-9.949423683719E-1,1.004474171819E-1,0.E0));
#576=VECTOR('',#575,2.408974598138E-1);
#577=CARTESIAN_POINT('',(4.002515239821E-1,6.488574371433E-2,
2.952755905512E-2));
#578=LINE('',#577,#576);
#579=CURVE_STYLE('',#21,POSITIVE_LENGTH_MEASURE(2.E-2),#7);
#580=PRESENTATION_STYLE_ASSIGNMENT((#579));
#581=STYLED_ITEM('',(#580),#578);
#582=CARTESIAN_POINT('',(3.937007874016E-1,0.E0,2.952755905512E-2));
#583=DIRECTION('',(0.E0,0.E0,1.E0));
#584=DIRECTION('',(1.004474171821E-1,-9.949423683719E-1,0.E0));
#585=AXIS2_PLACEMENT_3D('',#582,#583,#584);
#587=CURVE_STYLE('',#21,POSITIVE_LENGTH_MEASURE(2.E-2),#7);
#588=PRESENTATION_STYLE_ASSIGNMENT((#587));
#589=STYLED_ITEM('',(#588),#586);
#590=DIRECTION('',(9.949423683719E-1,1.004474171819E-1,0.E0));
#591=VECTOR('',#590,2.408974598138E-1);
#592=CARTESIAN_POINT('',(1.605724347802E-1,-8.908327135831E-2,
2.952755905512E-2));
#593=LINE('',#592,#591);
#594=CURVE_STYLE('',#21,POSITIVE_LENGTH_MEASURE(2.E-2),#7);
#595=PRESENTATION_STYLE_ASSIGNMENT((#594));
#596=STYLED_ITEM('',(#595),#593);
#597=CARTESIAN_POINT('',(1.686003189093E-1,-1.686003189093E-1,
2.952755905512E-2));
#598=DIRECTION('',(0.E0,0.E0,-1.E0));
#599=DIRECTION('',(-9.949423683719E-1,1.004474171819E-1,0.E0));
#600=AXIS2_PLACEMENT_3D('',#597,#598,#599);
#602=CURVE_STYLE('',#21,POSITIVE_LENGTH_MEASURE(2.E-2),#7);
#603=PRESENTATION_STYLE_ASSIGNMENT((#602));
#604=STYLED_ITEM('',(#603),#601);
#605=DIRECTION('',(1.004474171819E-1,9.949423683719E-1,0.E0));
#606=VECTOR('',#605,2.408974598138E-1);
#607=CARTESIAN_POINT('',(6.488574371432E-2,-4.002515239821E-1,
2.952755905512E-2));
#608=LINE('',#607,#606);
#609=CURVE_STYLE('',#21,POSITIVE_LENGTH_MEASURE(2.E-2),#7);
#610=PRESENTATION_STYLE_ASSIGNMENT((#609));
#611=STYLED_ITEM('',(#610),#608);
#612=CARTESIAN_POINT('',(0.E0,-3.937007874016E-1,2.952755905512E-2));
#613=DIRECTION('',(0.E0,0.E0,1.E0));
#614=DIRECTION('',(-9.949423683719E-1,-1.004474171819E-1,0.E0));
#615=AXIS2_PLACEMENT_3D('',#612,#613,#614);
#617=CURVE_STYLE('',#21,POSITIVE_LENGTH_MEASURE(2.E-2),#7);
#618=PRESENTATION_STYLE_ASSIGNMENT((#617));
#619=STYLED_ITEM('',(#618),#616);
#620=DIRECTION('',(1.004474171819E-1,-9.949423683719E-1,0.E0));
#621=VECTOR('',#620,2.408974598138E-1);
#622=CARTESIAN_POINT('',(-8.908327135831E-2,-1.605724347802E-1,
2.952755905512E-2));
#623=LINE('',#622,#621);
#624=CURVE_STYLE('',#21,POSITIVE_LENGTH_MEASURE(2.E-2),#7);
#625=PRESENTATION_STYLE_ASSIGNMENT((#624));
#626=STYLED_ITEM('',(#625),#623);
#627=CARTESIAN_POINT('',(-1.686003189093E-1,-1.686003189093E-1,
2.952755905512E-2));
#628=DIRECTION('',(0.E0,0.E0,-1.E0));
#629=DIRECTION('',(1.004474171819E-1,9.949423683719E-1,0.E0));
#630=AXIS2_PLACEMENT_3D('',#627,#628,#629);
#632=CURVE_STYLE('',#21,POSITIVE_LENGTH_MEASURE(2.E-2),#7);
#633=PRESENTATION_STYLE_ASSIGNMENT((#632));
#634=STYLED_ITEM('',(#633),#631);
#635=DIRECTION('',(9.949423683719E-1,-1.004474171819E-1,0.E0));
#636=VECTOR('',#635,2.408974598138E-1);
#637=CARTESIAN_POINT('',(-4.002515239821E-1,-6.488574371432E-2,
2.952755905512E-2));
#638=LINE('',#637,#636);
#639=CURVE_STYLE('',#21,POSITIVE_LENGTH_MEASURE(2.E-2),#7);
#640=PRESENTATION_STYLE_ASSIGNMENT((#639));
#641=STYLED_ITEM('',(#640),#638);
#642=CARTESIAN_POINT('',(-3.937007874016E-1,0.E0,2.952755905512E-2));
#643=DIRECTION('',(0.E0,0.E0,1.E0));
#644=DIRECTION('',(-1.004474171821E-1,9.949423683719E-1,0.E0));
#645=AXIS2_PLACEMENT_3D('',#642,#643,#644);
#647=CURVE_STYLE('',#21,POSITIVE_LENGTH_MEASURE(2.E-2),#7);
#648=PRESENTATION_STYLE_ASSIGNMENT((#647));
#649=STYLED_ITEM('',(#648),#646);
#650=DIRECTION('',(-9.949423683719E-1,-1.004474171819E-1,0.E0));
#651=VECTOR('',#650,2.408974598138E-1);
#652=CARTESIAN_POINT('',(-1.605724347802E-1,8.908327135831E-2,
2.952755905512E-2));
#653=LINE('',#652,#651);
#654=CURVE_STYLE('',#21,POSITIVE_LENGTH_MEASURE(2.E-2),#7);
#655=PRESENTATION_STYLE_ASSIGNMENT((#654));
#656=STYLED_ITEM('',(#655),#653);
#657=CARTESIAN_POINT('',(-1.686003189093E-1,1.686003189093E-1,
2.952755905512E-2));
#658=DIRECTION('',(0.E0,0.E0,-1.E0));
#659=DIRECTION('',(9.949423683719E-1,-1.004474171819E-1,0.E0));
#660=AXIS2_PLACEMENT_3D('',#657,#658,#659);
#662=CURVE_STYLE('',#21,POSITIVE_LENGTH_MEASURE(2.E-2),#7);
#663=PRESENTATION_STYLE_ASSIGNMENT((#662));
#664=STYLED_ITEM('',(#663),#661);
#665=DIRECTION('',(-1.004474171819E-1,-9.949423683719E-1,0.E0));
#666=VECTOR('',#665,2.408974598138E-1);
#667=CARTESIAN_POINT('',(-6.488574371432E-2,4.002515239821E-1,
2.952755905512E-2));
#668=LINE('',#667,#666);
#669=CURVE_STYLE('',#21,POSITIVE_LENGTH_MEASURE(2.E-2),#7);
#670=PRESENTATION_STYLE_ASSIGNMENT((#669));
#671=STYLED_ITEM('',(#670),#668);
#672=CARTESIAN_POINT('',(0.E0,3.937007874016E-1,2.952755905512E-2));
#673=DIRECTION('',(0.E0,0.E0,1.E0));
#674=DIRECTION('',(9.949423683719E-1,1.004474171819E-1,0.E0));
#675=AXIS2_PLACEMENT_3D('',#672,#673,#674);
#677=CURVE_STYLE('',#21,POSITIVE_LENGTH_MEASURE(2.E-2),#7);
#678=PRESENTATION_STYLE_ASSIGNMENT((#677));
#679=STYLED_ITEM('',(#678),#676);
#680=CARTESIAN_POINT('',(0.E0,0.E0,2.952755905512E-2));
#681=DIRECTION('',(0.E0,0.E0,1.E0));
#682=DIRECTION('',(-4.397625667702E-1,8.981140711890E-1,0.E0));
#683=AXIS2_PLACEMENT_3D('',#680,#681,#682);
#685=CURVE_STYLE('',#21,POSITIVE_LENGTH_MEASURE(2.E-2),#7);
#686=PRESENTATION_STYLE_ASSIGNMENT((#685));
#687=STYLED_ITEM('',(#686),#684);
#688=CARTESIAN_POINT('',(0.E0,0.E0,2.952755905512E-2));
#689=DIRECTION('',(0.E0,0.E0,1.E0));
#690=DIRECTION('',(-6.957715656341E-1,7.182631331587E-1,0.E0));
#691=AXIS2_PLACEMENT_3D('',#688,#689,#690);
#693=CURVE_STYLE('',#21,POSITIVE_LENGTH_MEASURE(2.E-2),#7);
#694=PRESENTATION_STYLE_ASSIGNMENT((#693));
#695=STYLED_ITEM('',(#694),#692);
#696=CARTESIAN_POINT('',(0.E0,0.E0,2.952755905512E-2));
#697=DIRECTION('',(0.E0,0.E0,1.E0));
#698=DIRECTION('',(-8.836735959283E-1,4.681035952214E-1,0.E0));
#699=AXIS2_PLACEMENT_3D('',#696,#697,#698);
#701=CURVE_STYLE('',#21,POSITIVE_LENGTH_MEASURE(2.E-2),#7);
#702=PRESENTATION_STYLE_ASSIGNMENT((#701));
#703=STYLED_ITEM('',(#702),#700);
#704=CARTESIAN_POINT('',(0.E0,0.E0,2.952755905512E-2));
#705=DIRECTION('',(0.E0,0.E0,1.E0));
#706=DIRECTION('',(-9.850754977370E-1,1.721228159142E-1,0.E0));
#707=AXIS2_PLACEMENT_3D('',#704,#705,#706);
#709=CURVE_STYLE('',#21,POSITIVE_LENGTH_MEASURE(2.E-2),#7);
#710=PRESENTATION_STYLE_ASSIGNMENT((#709));
#711=STYLED_ITEM('',(#710),#708);
#712=CARTESIAN_POINT('',(0.E0,0.E0,2.952755905512E-2));
#713=DIRECTION('',(0.E0,0.E0,1.E0));
#714=DIRECTION('',(-9.900513464026E-1,-1.407065438648E-1,0.E0));
#715=AXIS2_PLACEMENT_3D('',#712,#713,#714);
#717=CURVE_STYLE('',#21,POSITIVE_LENGTH_MEASURE(2.E-2),#7);
#718=PRESENTATION_STYLE_ASSIGNMENT((#717));
#719=STYLED_ITEM('',(#718),#716);
#720=CARTESIAN_POINT('',(0.E0,0.E0,2.952755905512E-2));
#721=DIRECTION('',(0.E0,0.E0,1.E0));
#722=DIRECTION('',(-8.981140711890E-1,-4.397625667702E-1,0.E0));
#723=AXIS2_PLACEMENT_3D('',#720,#721,#722);
#725=CURVE_STYLE('',#21,POSITIVE_LENGTH_MEASURE(2.E-2),#7);
#726=PRESENTATION_STYLE_ASSIGNMENT((#725));
#727=STYLED_ITEM('',(#726),#724);
#728=CARTESIAN_POINT('',(0.E0,0.E0,2.952755905512E-2));
#729=DIRECTION('',(0.E0,0.E0,1.E0));
#730=DIRECTION('',(-7.182631331587E-1,-6.957715656341E-1,0.E0));
#731=AXIS2_PLACEMENT_3D('',#728,#729,#730);
#733=CURVE_STYLE('',#21,POSITIVE_LENGTH_MEASURE(2.E-2),#7);
#734=PRESENTATION_STYLE_ASSIGNMENT((#733));
#735=STYLED_ITEM('',(#734),#732);
#736=CARTESIAN_POINT('',(0.E0,0.E0,2.952755905512E-2));
#737=DIRECTION('',(0.E0,0.E0,1.E0));
#738=DIRECTION('',(-4.681035952214E-1,-8.836735959283E-1,0.E0));
#739=AXIS2_PLACEMENT_3D('',#736,#737,#738);
#741=CURVE_STYLE('',#21,POSITIVE_LENGTH_MEASURE(2.E-2),#7);
#742=PRESENTATION_STYLE_ASSIGNMENT((#741));
#743=STYLED_ITEM('',(#742),#740);
#744=CARTESIAN_POINT('',(0.E0,0.E0,2.952755905512E-2));
#745=DIRECTION('',(0.E0,0.E0,1.E0));
#746=DIRECTION('',(-1.721228159142E-1,-9.850754977370E-1,0.E0));
#747=AXIS2_PLACEMENT_3D('',#744,#745,#746);
#749=CURVE_STYLE('',#21,POSITIVE_LENGTH_MEASURE(2.E-2),#7);
#750=PRESENTATION_STYLE_ASSIGNMENT((#749));
#751=STYLED_ITEM('',(#750),#748);
#752=CARTESIAN_POINT('',(0.E0,0.E0,2.952755905512E-2));
#753=DIRECTION('',(0.E0,0.E0,1.E0));
#754=DIRECTION('',(1.407065438648E-1,-9.900513464026E-1,0.E0));
#755=AXIS2_PLACEMENT_3D('',#752,#753,#754);
#757=CURVE_STYLE('',#21,POSITIVE_LENGTH_MEASURE(2.E-2),#7);
#758=PRESENTATION_STYLE_ASSIGNMENT((#757));
#759=STYLED_ITEM('',(#758),#756);
#760=CARTESIAN_POINT('',(0.E0,0.E0,2.952755905512E-2));
#761=DIRECTION('',(0.E0,0.E0,1.E0));
#762=DIRECTION('',(4.397625667702E-1,-8.981140711890E-1,0.E0));
#763=AXIS2_PLACEMENT_3D('',#760,#761,#762);
#765=CURVE_STYLE('',#21,POSITIVE_LENGTH_MEASURE(2.E-2),#7);
#766=PRESENTATION_STYLE_ASSIGNMENT((#765));
#767=STYLED_ITEM('',(#766),#764);
#768=CARTESIAN_POINT('',(0.E0,0.E0,2.952755905512E-2));
#769=DIRECTION('',(0.E0,0.E0,1.E0));
#770=DIRECTION('',(6.957715656341E-1,-7.182631331587E-1,0.E0));
#771=AXIS2_PLACEMENT_3D('',#768,#769,#770);
#773=CURVE_STYLE('',#21,POSITIVE_LENGTH_MEASURE(2.E-2),#7);
#774=PRESENTATION_STYLE_ASSIGNMENT((#773));
#775=STYLED_ITEM('',(#774),#772);
#776=CARTESIAN_POINT('',(0.E0,0.E0,2.952755905512E-2));
#777=DIRECTION('',(0.E0,0.E0,1.E0));
#778=DIRECTION('',(8.836735959283E-1,-4.681035952214E-1,0.E0));
#779=AXIS2_PLACEMENT_3D('',#776,#777,#778);
#781=CURVE_STYLE('',#21,POSITIVE_LENGTH_MEASURE(2.E-2),#7);
#782=PRESENTATION_STYLE_ASSIGNMENT((#781));
#783=STYLED_ITEM('',(#782),#780);
#784=CARTESIAN_POINT('',(0.E0,0.E0,2.952755905512E-2));
#785=DIRECTION('',(0.E0,0.E0,1.E0));
#786=DIRECTION('',(9.850754977370E-1,-1.721228159142E-1,0.E0));
#787=AXIS2_PLACEMENT_3D('',#784,#785,#786);
#789=CURVE_STYLE('',#21,POSITIVE_LENGTH_MEASURE(2.E-2),#7);
#790=PRESENTATION_STYLE_ASSIGNMENT((#789));
#791=STYLED_ITEM('',(#790),#788);
#792=CARTESIAN_POINT('',(0.E0,0.E0,2.952755905512E-2));
#793=DIRECTION('',(0.E0,0.E0,1.E0));
#794=DIRECTION('',(9.900513464026E-1,1.407065438648E-1,0.E0));
#795=AXIS2_PLACEMENT_3D('',#792,#793,#794);
#797=CURVE_STYLE('',#21,POSITIVE_LENGTH_MEASURE(2.E-2),#7);
#798=PRESENTATION_STYLE_ASSIGNMENT((#797));
#799=STYLED_ITEM('',(#798),#796);
#800=CARTESIAN_POINT('',(0.E0,0.E0,2.952755905512E-2));
#801=DIRECTION('',(0.E0,0.E0,1.E0));
#802=DIRECTION('',(8.981140711890E-1,4.397625667702E-1,0.E0));
#803=AXIS2_PLACEMENT_3D('',#800,#801,#802);
#805=CURVE_STYLE('',#21,POSITIVE_LENGTH_MEASURE(2.E-2),#7);
#806=PRESENTATION_STYLE_ASSIGNMENT((#805));
#807=STYLED_ITEM('',(#806),#804);
#808=CARTESIAN_POINT('',(0.E0,0.E0,2.952755905512E-2));
#809=DIRECTION('',(0.E0,0.E0,1.E0));
#810=DIRECTION('',(7.182631331587E-1,6.957715656341E-1,0.E0));
#811=AXIS2_PLACEMENT_3D('',#808,#809,#810);
#813=CURVE_STYLE('',#21,POSITIVE_LENGTH_MEASURE(2.E-2),#7);
#814=PRESENTATION_STYLE_ASSIGNMENT((#813));
#815=STYLED_ITEM('',(#814),#812);
#816=CARTESIAN_POINT('',(0.E0,0.E0,2.952755905512E-2));
#817=DIRECTION('',(0.E0,0.E0,1.E0));
#818=DIRECTION('',(4.681035952214E-1,8.836735959283E-1,0.E0));
#819=AXIS2_PLACEMENT_3D('',#816,#817,#818);
#821=CURVE_STYLE('',#21,POSITIVE_LENGTH_MEASURE(2.E-2),#7);
#822=PRESENTATION_STYLE_ASSIGNMENT((#821));
#823=STYLED_ITEM('',(#822),#820);
#824=CARTESIAN_POINT('',(0.E0,0.E0,2.952755905512E-2));
#825=DIRECTION('',(0.E0,0.E0,1.E0));
#826=DIRECTION('',(1.721228159142E-1,9.850754977370E-1,0.E0));
#827=AXIS2_PLACEMENT_3D('',#824,#825,#826);
#829=CURVE_STYLE('',#21,POSITIVE_LENGTH_MEASURE(2.E-2),#7);
#830=PRESENTATION_STYLE_ASSIGNMENT((#829));
#831=STYLED_ITEM('',(#830),#828);
#832=CARTESIAN_POINT('',(0.E0,0.E0,2.952755905512E-2));
#833=DIRECTION('',(0.E0,0.E0,1.E0));
#834=DIRECTION('',(-1.407065438648E-1,9.900513464026E-1,0.E0));
#835=AXIS2_PLACEMENT_3D('',#832,#833,#834);
#837=CURVE_STYLE('',#21,POSITIVE_LENGTH_MEASURE(2.E-2),#7);
#838=PRESENTATION_STYLE_ASSIGNMENT((#837));
#839=STYLED_ITEM('',(#838),#836);
#840=DIRECTION('',(0.E0,0.E0,-1.E0));
#841=VECTOR('',#840,5.905511811024E-2);
#842=CARTESIAN_POINT('',(3.641732283465E-1,0.E0,2.952755905512E-2));
#843=LINE('',#842,#841);
#844=CURVE_STYLE('',#21,POSITIVE_LENGTH_MEASURE(2.E-2),#7);
#845=PRESENTATION_STYLE_ASSIGNMENT((#844));
#846=STYLED_ITEM('',(#845),#843);
#847=DIRECTION('',(0.E0,0.E0,-1.E0));
#848=VECTOR('',#847,5.905511811024E-2);
#849=CARTESIAN_POINT('',(2.933070866142E-1,0.E0,2.952755905512E-2));
#850=LINE('',#849,#848);
#851=CURVE_STYLE('',#21,POSITIVE_LENGTH_MEASURE(2.E-2),#7);
#852=PRESENTATION_STYLE_ASSIGNMENT((#851));
#853=STYLED_ITEM('',(#852),#850);
#854=DIRECTION('',(0.E0,0.E0,-1.E0));
#855=VECTOR('',#854,5.905511811024E-2);
#856=CARTESIAN_POINT('',(2.342519685039E-1,0.E0,2.952755905512E-2));
#857=LINE('',#856,#855);
#858=CURVE_STYLE('',#21,POSITIVE_LENGTH_MEASURE(2.E-2),#7);
#859=PRESENTATION_STYLE_ASSIGNMENT((#858));
#860=STYLED_ITEM('',(#859),#857);
#861=DIRECTION('',(0.E0,0.E0,-1.E0));
#862=VECTOR('',#861,5.905511811024E-2);
#863=CARTESIAN_POINT('',(-3.641732283465E-1,0.E0,2.952755905512E-2));
#864=LINE('',#863,#862);
#865=CURVE_STYLE('',#21,POSITIVE_LENGTH_MEASURE(2.E-2),#7);
#866=PRESENTATION_STYLE_ASSIGNMENT((#865));
#867=STYLED_ITEM('',(#866),#864);
#868=DIRECTION('',(0.E0,0.E0,-1.E0));
#869=VECTOR('',#868,5.905511811024E-2);
#870=CARTESIAN_POINT('',(-4.232283464567E-1,0.E0,2.952755905512E-2));
#871=LINE('',#870,#869);
#872=CURVE_STYLE('',#21,POSITIVE_LENGTH_MEASURE(2.E-2),#7);
#873=PRESENTATION_STYLE_ASSIGNMENT((#872));
#874=STYLED_ITEM('',(#873),#871);
#875=DIRECTION('',(0.E0,0.E0,-1.E0));
#876=VECTOR('',#875,5.905511811024E-2);
#877=CARTESIAN_POINT('',(-2.342519685039E-1,0.E0,2.952755905512E-2));
#878=LINE('',#877,#876);
#879=CURVE_STYLE('',#21,POSITIVE_LENGTH_MEASURE(2.E-2),#7);
#880=PRESENTATION_STYLE_ASSIGNMENT((#879));
#881=STYLED_ITEM('',(#880),#878);
#882=DIRECTION('',(0.E0,0.E0,-1.E0));
#883=VECTOR('',#882,5.905511811024E-2);
#884=CARTESIAN_POINT('',(-2.933070866142E-1,0.E0,2.952755905512E-2));
#885=LINE('',#884,#883);
#886=CURVE_STYLE('',#21,POSITIVE_LENGTH_MEASURE(2.E-2),#7);
#887=PRESENTATION_STYLE_ASSIGNMENT((#886));
#888=STYLED_ITEM('',(#887),#885);
#889=DIRECTION('',(0.E0,0.E0,1.E0));
#890=VECTOR('',#889,5.905511811024E-2);
#891=CARTESIAN_POINT('',(2.952755905512E-2,-2.362204724409E-1,
-2.952755905512E-2));
#892=LINE('',#891,#890);
#893=CURVE_STYLE('',#21,POSITIVE_LENGTH_MEASURE(2.E-2),#7);
#894=PRESENTATION_STYLE_ASSIGNMENT((#893));
#895=STYLED_ITEM('',(#894),#892);
#896=DIRECTION('',(0.E0,0.E0,1.E0));
#897=VECTOR('',#896,5.905511811024E-2);
#898=CARTESIAN_POINT('',(-2.952755905512E-2,-2.362204724409E-1,
-2.952755905512E-2));
#899=LINE('',#898,#897);
#900=CURVE_STYLE('',#21,POSITIVE_LENGTH_MEASURE(2.E-2),#7);
#901=PRESENTATION_STYLE_ASSIGNMENT((#900));
#902=STYLED_ITEM('',(#901),#899);
#903=DIRECTION('',(0.E0,0.E0,1.E0));
#904=VECTOR('',#903,5.905511811024E-2);
#905=CARTESIAN_POINT('',(-2.952755905512E-2,-3.937007874016E-1,
-2.952755905512E-2));
#906=LINE('',#905,#904);
#907=CURVE_STYLE('',#21,POSITIVE_LENGTH_MEASURE(2.E-2),#7);
#908=PRESENTATION_STYLE_ASSIGNMENT((#907));
#909=STYLED_ITEM('',(#908),#906);
#910=DIRECTION('',(0.E0,0.E0,1.E0));
#911=VECTOR('',#910,5.905511811024E-2);
#912=CARTESIAN_POINT('',(2.952755905512E-2,-3.937007874016E-1,
-2.952755905512E-2));
#913=LINE('',#912,#911);
#914=CURVE_STYLE('',#21,POSITIVE_LENGTH_MEASURE(2.E-2),#7);
#915=PRESENTATION_STYLE_ASSIGNMENT((#914));
#916=STYLED_ITEM('',(#915),#913);
#917=DIRECTION('',(0.E0,0.E0,1.E0));
#918=VECTOR('',#917,5.905511811024E-2);
#919=CARTESIAN_POINT('',(2.952755905512E-2,3.937007874016E-1,
-2.952755905512E-2));
#920=LINE('',#919,#918);
#921=CURVE_STYLE('',#21,POSITIVE_LENGTH_MEASURE(2.E-2),#7);
#922=PRESENTATION_STYLE_ASSIGNMENT((#921));
#923=STYLED_ITEM('',(#922),#920);
#924=DIRECTION('',(0.E0,0.E0,1.E0));
#925=VECTOR('',#924,5.905511811024E-2);
#926=CARTESIAN_POINT('',(-2.952755905512E-2,3.937007874016E-1,
-2.952755905512E-2));
#927=LINE('',#926,#925);
#928=CURVE_STYLE('',#21,POSITIVE_LENGTH_MEASURE(2.E-2),#7);
#929=PRESENTATION_STYLE_ASSIGNMENT((#928));
#930=STYLED_ITEM('',(#929),#927);
#931=DIRECTION('',(0.E0,0.E0,1.E0));
#932=VECTOR('',#931,5.905511811024E-2);
#933=CARTESIAN_POINT('',(-2.952755905512E-2,2.362204724409E-1,
-2.952755905512E-2));
#934=LINE('',#933,#932);
#935=CURVE_STYLE('',#21,POSITIVE_LENGTH_MEASURE(2.E-2),#7);
#936=PRESENTATION_STYLE_ASSIGNMENT((#935));
#937=STYLED_ITEM('',(#936),#934);
#938=DIRECTION('',(0.E0,0.E0,1.E0));
#939=VECTOR('',#938,5.905511811024E-2);
#940=CARTESIAN_POINT('',(2.952755905512E-2,2.362204724409E-1,
-2.952755905512E-2));
#941=LINE('',#940,#939);
#942=CURVE_STYLE('',#21,POSITIVE_LENGTH_MEASURE(2.E-2),#7);
#943=PRESENTATION_STYLE_ASSIGNMENT((#942));
#944=STYLED_ITEM('',(#943),#941);
#945=DIRECTION('',(0.E0,1.221985475771E-14,1.E0));
#946=VECTOR('',#945,5.905511811024E-2);
#947=CARTESIAN_POINT('',(8.908327135831E-2,1.605724347802E-1,
-2.952755905512E-2));
#948=LINE('',#947,#946);
#949=CURVE_STYLE('',#21,POSITIVE_LENGTH_MEASURE(2.E-2),#7);
#950=PRESENTATION_STYLE_ASSIGNMENT((#949));
#951=STYLED_ITEM('',(#950),#948);
#952=DIRECTION('',(0.E0,0.E0,-1.E0));
#953=VECTOR('',#952,5.905511811024E-2);
#954=CARTESIAN_POINT('',(1.605724347802E-1,8.908327135831E-2,
2.952755905512E-2));
#955=LINE('',#954,#953);
#956=CURVE_STYLE('',#21,POSITIVE_LENGTH_MEASURE(2.E-2),#7);
#957=PRESENTATION_STYLE_ASSIGNMENT((#956));
#958=STYLED_ITEM('',(#957),#955);
#959=DIRECTION('',(-6.391924027109E-14,2.067975420535E-14,-1.E0));
#960=VECTOR('',#959,5.905511811024E-2);
#961=CARTESIAN_POINT('',(4.002515239821E-1,6.488574371433E-2,
2.952755905512E-2));
#962=LINE('',#961,#960);
#963=CURVE_STYLE('',#21,POSITIVE_LENGTH_MEASURE(2.E-2),#7);
#964=PRESENTATION_STYLE_ASSIGNMENT((#963));
#965=STYLED_ITEM('',(#964),#962);
#966=DIRECTION('',(-6.579921792612E-14,0.E0,-1.E0));
#967=VECTOR('',#966,5.905511811024E-2);
#968=CARTESIAN_POINT('',(4.002515239821E-1,-6.488574371432E-2,
2.952755905512E-2));
#969=LINE('',#968,#967);
#970=CURVE_STYLE('',#21,POSITIVE_LENGTH_MEASURE(2.E-2),#7);
#971=PRESENTATION_STYLE_ASSIGNMENT((#970));
#972=STYLED_ITEM('',(#971),#969);
#973=DIRECTION('',(0.E0,0.E0,-1.E0));
#974=VECTOR('',#973,5.905511811024E-2);
#975=CARTESIAN_POINT('',(1.605724347802E-1,-8.908327135831E-2,
2.952755905512E-2));
#976=LINE('',#975,#974);
#977=CURVE_STYLE('',#21,POSITIVE_LENGTH_MEASURE(2.E-2),#7);
#978=PRESENTATION_STYLE_ASSIGNMENT((#977));
#979=STYLED_ITEM('',(#978),#976);
#980=DIRECTION('',(0.E0,-1.597981006777E-14,1.E0));
#981=VECTOR('',#980,5.905511811024E-2);
#982=CARTESIAN_POINT('',(8.908327135831E-2,-1.605724347802E-1,
-2.952755905512E-2));
#983=LINE('',#982,#981);
#984=CURVE_STYLE('',#21,POSITIVE_LENGTH_MEASURE(2.E-2),#7);
#985=PRESENTATION_STYLE_ASSIGNMENT((#984));
#986=STYLED_ITEM('',(#985),#983);
#987=DIRECTION('',(0.E0,0.E0,1.E0));
#988=VECTOR('',#987,5.905511811024E-2);
#989=CARTESIAN_POINT('',(6.488574371432E-2,-4.002515239821E-1,
-2.952755905512E-2));
#990=LINE('',#989,#988);
#991=CURVE_STYLE('',#21,POSITIVE_LENGTH_MEASURE(2.E-2),#7);
#992=PRESENTATION_STYLE_ASSIGNMENT((#991));
#993=STYLED_ITEM('',(#992),#990);
#994=DIRECTION('',(0.E0,0.E0,1.E0));
#995=VECTOR('',#994,5.905511811024E-2);
#996=CARTESIAN_POINT('',(-6.488574371432E-2,-4.002515239821E-1,
-2.952755905512E-2));
#997=LINE('',#996,#995);
#998=CURVE_STYLE('',#21,POSITIVE_LENGTH_MEASURE(2.E-2),#7);
#999=PRESENTATION_STYLE_ASSIGNMENT((#998));
#1000=STYLED_ITEM('',(#999),#997);
#1001=DIRECTION('',(0.E0,-1.597981006777E-14,1.E0));
#1002=VECTOR('',#1001,5.905511811024E-2);
#1003=CARTESIAN_POINT('',(-8.908327135831E-2,-1.605724347802E-1,
-2.952755905512E-2));
#1004=LINE('',#1003,#1002);
#1005=CURVE_STYLE('',#21,POSITIVE_LENGTH_MEASURE(2.E-2),#7);
#1006=PRESENTATION_STYLE_ASSIGNMENT((#1005));
#1007=STYLED_ITEM('',(#1006),#1004);
#1008=DIRECTION('',(0.E0,0.E0,-1.E0));
#1009=VECTOR('',#1008,5.905511811024E-2);
#1010=CARTESIAN_POINT('',(-1.605724347802E-1,-8.908327135831E-2,
2.952755905512E-2));
#1011=LINE('',#1010,#1009);
#1012=CURVE_STYLE('',#21,POSITIVE_LENGTH_MEASURE(2.E-2),#7);
#1013=PRESENTATION_STYLE_ASSIGNMENT((#1012));
#1014=STYLED_ITEM('',(#1013),#1011);
#1015=DIRECTION('',(6.485922909860E-14,-2.114974861911E-14,-1.E0));
#1016=VECTOR('',#1015,5.905511811024E-2);
#1017=CARTESIAN_POINT('',(-4.002515239821E-1,-6.488574371432E-2,
2.952755905512E-2));
#1018=LINE('',#1017,#1016);
#1019=CURVE_STYLE('',#21,POSITIVE_LENGTH_MEASURE(2.E-2),#7);
#1020=PRESENTATION_STYLE_ASSIGNMENT((#1019));
#1021=STYLED_ITEM('',(#1020),#1018);
#1022=DIRECTION('',(6.579921792612E-14,0.E0,-1.E0));
#1023=VECTOR('',#1022,5.905511811024E-2);
#1024=CARTESIAN_POINT('',(-4.002515239821E-1,6.488574371433E-2,
2.952755905512E-2));
#1025=LINE('',#1024,#1023);
#1026=CURVE_STYLE('',#21,POSITIVE_LENGTH_MEASURE(2.E-2),#7);
#1027=PRESENTATION_STYLE_ASSIGNMENT((#1026));
#1028=STYLED_ITEM('',(#1027),#1025);
#1029=DIRECTION('',(0.E0,0.E0,-1.E0));
#1030=VECTOR('',#1029,5.905511811024E-2);
#1031=CARTESIAN_POINT('',(-1.605724347802E-1,8.908327135831E-2,
2.952755905512E-2));
#1032=LINE('',#1031,#1030);
#1033=CURVE_STYLE('',#21,POSITIVE_LENGTH_MEASURE(2.E-2),#7);
#1034=PRESENTATION_STYLE_ASSIGNMENT((#1033));
#1035=STYLED_ITEM('',(#1034),#1032);
#1036=DIRECTION('',(0.E0,1.221985475771E-14,1.E0));
#1037=VECTOR('',#1036,5.905511811024E-2);
#1038=CARTESIAN_POINT('',(-8.908327135831E-2,1.605724347802E-1,
-2.952755905512E-2));
#1039=LINE('',#1038,#1037);
#1040=CURVE_STYLE('',#21,POSITIVE_LENGTH_MEASURE(2.E-2),#7);
#1041=PRESENTATION_STYLE_ASSIGNMENT((#1040));
#1042=STYLED_ITEM('',(#1041),#1039);
#1043=DIRECTION('',(0.E0,0.E0,1.E0));
#1044=VECTOR('',#1043,5.905511811024E-2);
#1045=CARTESIAN_POINT('',(-6.488574371432E-2,4.002515239821E-1,
-2.952755905512E-2));
#1046=LINE('',#1045,#1044);
#1047=CURVE_STYLE('',#21,POSITIVE_LENGTH_MEASURE(2.E-2),#7);
#1048=PRESENTATION_STYLE_ASSIGNMENT((#1047));
#1049=STYLED_ITEM('',(#1048),#1046);
#1050=DIRECTION('',(0.E0,0.E0,1.E0));
#1051=VECTOR('',#1050,5.905511811024E-2);
#1052=CARTESIAN_POINT('',(6.488574371432E-2,4.002515239821E-1,
-2.952755905512E-2));
#1053=LINE('',#1052,#1051);
#1054=CURVE_STYLE('',#21,POSITIVE_LENGTH_MEASURE(2.E-2),#7);
#1055=PRESENTATION_STYLE_ASSIGNMENT((#1054));
#1056=STYLED_ITEM('',(#1055),#1053);
#1057=DIRECTION('',(9.366277740198E-1,-3.503261522278E-1,0.E0));
#1058=VECTOR('',#1057,1.678886980587E-2);
#1059=CARTESIAN_POINT('',(-4.106066548631E-2,8.385698154456E-2,
2.952755905512E-2));
#1060=LINE('',#1059,#1058);
#1061=CURVE_STYLE('',#21,POSITIVE_LENGTH_MEASURE(2.E-2),#7);
#1062=PRESENTATION_STYLE_ASSIGNMENT((#1061));
#1063=STYLED_ITEM('',(#1062),#1060);
#1064=DIRECTION('',(0.E0,0.E0,-1.E0));
#1065=VECTOR('',#1064,5.905511811024E-2);
#1066=CARTESIAN_POINT('',(-2.533574373172E-2,7.797540138522E-2,
2.952755905512E-2));
#1067=LINE('',#1066,#1065);
#1068=CURVE_STYLE('',#21,POSITIVE_LENGTH_MEASURE(2.E-2),#7);
#1069=PRESENTATION_STYLE_ASSIGNMENT((#1068));
#1070=STYLED_ITEM('',(#1069),#1067);
#1071=DIRECTION('',(-9.366277740198E-1,3.503261522278E-1,0.E0));
#1072=VECTOR('',#1071,1.678886980587E-2);
#1073=CARTESIAN_POINT('',(-2.533574373172E-2,7.797540138522E-2,
-2.952755905512E-2));
#1074=LINE('',#1073,#1072);
#1075=CURVE_STYLE('',#21,POSITIVE_LENGTH_MEASURE(2.E-2),#7);
#1076=PRESENTATION_STYLE_ASSIGNMENT((#1075));
#1077=STYLED_ITEM('',(#1076),#1074);
#1078=DIRECTION('',(-5.518312408138E-1,-8.339558031826E-1,0.E0));
#1079=VECTOR('',#1078,1.678886980587E-2);
#1080=CARTESIAN_POINT('',(-1.607112087489E-2,9.197657678870E-2,
-2.952755905512E-2));
#1081=LINE('',#1080,#1079);
#1082=CURVE_STYLE('',#21,POSITIVE_LENGTH_MEASURE(2.E-2),#7);
#1083=PRESENTATION_STYLE_ASSIGNMENT((#1082));
#1084=STYLED_ITEM('',(#1083),#1081);
#1085=DIRECTION('',(5.518312408138E-1,8.339558031826E-1,0.E0));
#1086=VECTOR('',#1085,1.678886980587E-2);
#1087=CARTESIAN_POINT('',(-2.533574373172E-2,7.797540138522E-2,
2.952755905512E-2));
#1088=LINE('',#1087,#1086);
#1089=CURVE_STYLE('',#21,POSITIVE_LENGTH_MEASURE(2.E-2),#7);
#1090=PRESENTATION_STYLE_ASSIGNMENT((#1089));
#1091=STYLED_ITEM('',(#1090),#1088);
#1092=DIRECTION('',(0.E0,0.E0,-1.E0));
#1093=VECTOR('',#1092,5.905511811024E-2);
#1094=CARTESIAN_POINT('',(-1.607112087489E-2,9.197657678870E-2,
2.952755905512E-2));
#1095=LINE('',#1094,#1093);
#1096=CURVE_STYLE('',#21,POSITIVE_LENGTH_MEASURE(2.E-2),#7);
#1097=PRESENTATION_STYLE_ASSIGNMENT((#1096));
#1098=STYLED_ITEM('',(#1097),#1095);
#1099=DIRECTION('',(0.E0,0.E0,-1.E0));
#1100=VECTOR('',#1099,5.905511811024E-2);
#1101=CARTESIAN_POINT('',(-1.313778107991E-2,9.244117217041E-2,
2.952755905512E-2));
#1102=LINE('',#1101,#1100);
#1103=CURVE_STYLE('',#21,POSITIVE_LENGTH_MEASURE(2.E-2),#7);
#1104=PRESENTATION_STYLE_ASSIGNMENT((#1103));
#1105=STYLED_ITEM('',(#1104),#1102);
#1106=DIRECTION('',(-7.825292132122E-1,6.226138694805E-1,0.E0));
#1107=VECTOR('',#1106,1.678886980587E-2);
#1108=CARTESIAN_POINT('',(0.E0,8.198818897637E-2,-2.952755905512E-2));
#1109=LINE('',#1108,#1107);
#1110=CURVE_STYLE('',#21,POSITIVE_LENGTH_MEASURE(2.E-2),#7);
#1111=PRESENTATION_STYLE_ASSIGNMENT((#1110));
#1112=STYLED_ITEM('',(#1111),#1109);
#1113=DIRECTION('',(7.825292132122E-1,-6.226138694805E-1,0.E0));
#1114=VECTOR('',#1113,1.678886980587E-2);
#1115=CARTESIAN_POINT('',(-1.313778107991E-2,9.244117217041E-2,
2.952755905512E-2));
#1116=LINE('',#1115,#1114);
#1117=CURVE_STYLE('',#21,POSITIVE_LENGTH_MEASURE(2.E-2),#7);
#1118=PRESENTATION_STYLE_ASSIGNMENT((#1117));
#1119=STYLED_ITEM('',(#1118),#1116);
#1120=DIRECTION('',(0.E0,0.E0,-1.E0));
#1121=VECTOR('',#1120,5.905511811024E-2);
#1122=CARTESIAN_POINT('',(0.E0,8.198818897637E-2,2.952755905512E-2));
#1123=LINE('',#1122,#1121);
#1124=CURVE_STYLE('',#21,POSITIVE_LENGTH_MEASURE(2.E-2),#7);
#1125=PRESENTATION_STYLE_ASSIGNMENT((#1124));
#1126=STYLED_ITEM('',(#1125),#1123);
#1127=DIRECTION('',(-7.825292132122E-1,-6.226138694805E-1,0.E0));
#1128=VECTOR('',#1127,1.678886980587E-2);
#1129=CARTESIAN_POINT('',(1.313778107991E-2,9.244117217041E-2,
-2.952755905512E-2));
#1130=LINE('',#1129,#1128);
#1131=CURVE_STYLE('',#21,POSITIVE_LENGTH_MEASURE(2.E-2),#7);
#1132=PRESENTATION_STYLE_ASSIGNMENT((#1131));
#1133=STYLED_ITEM('',(#1132),#1130);
#1134=DIRECTION('',(7.825292132122E-1,6.226138694805E-1,0.E0));
#1135=VECTOR('',#1134,1.678886980587E-2);
#1136=CARTESIAN_POINT('',(0.E0,8.198818897637E-2,2.952755905512E-2));
#1137=LINE('',#1136,#1135);
#1138=CURVE_STYLE('',#21,POSITIVE_LENGTH_MEASURE(2.E-2),#7);
#1139=PRESENTATION_STYLE_ASSIGNMENT((#1138));
#1140=STYLED_ITEM('',(#1139),#1137);
#1141=DIRECTION('',(0.E0,0.E0,-1.E0));
#1142=VECTOR('',#1141,5.905511811024E-2);
#1143=CARTESIAN_POINT('',(1.313778107991E-2,9.244117217041E-2,
2.952755905512E-2));
#1144=LINE('',#1143,#1142);
#1145=CURVE_STYLE('',#21,POSITIVE_LENGTH_MEASURE(2.E-2),#7);
#1146=PRESENTATION_STYLE_ASSIGNMENT((#1145));
#1147=STYLED_ITEM('',(#1146),#1144);
#1148=DIRECTION('',(0.E0,0.E0,-1.E0));
#1149=VECTOR('',#1148,5.905511811024E-2);
#1150=CARTESIAN_POINT('',(1.607112087489E-2,9.197657678870E-2,
2.952755905512E-2));
#1151=LINE('',#1150,#1149);
#1152=CURVE_STYLE('',#21,POSITIVE_LENGTH_MEASURE(2.E-2),#7);
#1153=PRESENTATION_STYLE_ASSIGNMENT((#1152));
#1154=STYLED_ITEM('',(#1153),#1151);
#1155=DIRECTION('',(-5.518312408138E-1,8.339558031826E-1,0.E0));
#1156=VECTOR('',#1155,1.678886980587E-2);
#1157=CARTESIAN_POINT('',(2.533574373172E-2,7.797540138522E-2,
-2.952755905512E-2));
#1158=LINE('',#1157,#1156);
#1159=CURVE_STYLE('',#21,POSITIVE_LENGTH_MEASURE(2.E-2),#7);
#1160=PRESENTATION_STYLE_ASSIGNMENT((#1159));
#1161=STYLED_ITEM('',(#1160),#1158);
#1162=DIRECTION('',(5.518312408138E-1,-8.339558031826E-1,0.E0));
#1163=VECTOR('',#1162,1.678886980587E-2);
#1164=CARTESIAN_POINT('',(1.607112087489E-2,9.197657678870E-2,
2.952755905512E-2));
#1165=LINE('',#1164,#1163);
#1166=CURVE_STYLE('',#21,POSITIVE_LENGTH_MEASURE(2.E-2),#7);
#1167=PRESENTATION_STYLE_ASSIGNMENT((#1166));
#1168=STYLED_ITEM('',(#1167),#1165);
#1169=DIRECTION('',(0.E0,0.E0,-1.E0));
#1170=VECTOR('',#1169,5.905511811024E-2);
#1171=CARTESIAN_POINT('',(2.533574373172E-2,7.797540138522E-2,
2.952755905512E-2));
#1172=LINE('',#1171,#1170);
#1173=CURVE_STYLE('',#21,POSITIVE_LENGTH_MEASURE(2.E-2),#7);
#1174=PRESENTATION_STYLE_ASSIGNMENT((#1173));
#1175=STYLED_ITEM('',(#1174),#1172);
#1176=DIRECTION('',(-9.366277740198E-1,-3.503261522278E-1,0.E0));
#1177=VECTOR('',#1176,1.678886980587E-2);
#1178=CARTESIAN_POINT('',(4.106066548631E-2,8.385698154456E-2,
-2.952755905512E-2));
#1179=LINE('',#1178,#1177);
#1180=CURVE_STYLE('',#21,POSITIVE_LENGTH_MEASURE(2.E-2),#7);
#1181=PRESENTATION_STYLE_ASSIGNMENT((#1180));
#1182=STYLED_ITEM('',(#1181),#1179);
#1183=DIRECTION('',(9.366277740198E-1,3.503261522278E-1,0.E0));
#1184=VECTOR('',#1183,1.678886980587E-2);
#1185=CARTESIAN_POINT('',(2.533574373172E-2,7.797540138522E-2,
2.952755905512E-2));
#1186=LINE('',#1185,#1184);
#1187=CURVE_STYLE('',#21,POSITIVE_LENGTH_MEASURE(2.E-2),#7);
#1188=PRESENTATION_STYLE_ASSIGNMENT((#1187));
#1189=STYLED_ITEM('',(#1188),#1186);
#1190=DIRECTION('',(0.E0,0.E0,-1.E0));
#1191=VECTOR('',#1190,5.905511811024E-2);
#1192=CARTESIAN_POINT('',(4.106066548631E-2,8.385698154456E-2,
2.952755905512E-2));
#1193=LINE('',#1192,#1191);
#1194=CURVE_STYLE('',#21,POSITIVE_LENGTH_MEASURE(2.E-2),#7);
#1195=PRESENTATION_STYLE_ASSIGNMENT((#1194));
#1196=STYLED_ITEM('',(#1195),#1193);
#1197=DIRECTION('',(0.E0,0.E0,-1.E0));
#1198=VECTOR('',#1197,5.905511811024E-2);
#1199=CARTESIAN_POINT('',(4.370686954437E-2,8.250867323242E-2,
2.952755905512E-2));
#1200=LINE('',#1199,#1198);
#1201=CURVE_STYLE('',#21,POSITIVE_LENGTH_MEASURE(2.E-2),#7);
#1202=PRESENTATION_STYLE_ASSIGNMENT((#1201));
#1203=STYLED_ITEM('',(#1202),#1200);
#1204=DIRECTION('',(-2.671161817301E-1,9.636643323574E-1,0.E0));
#1205=VECTOR('',#1204,1.678886980587E-2);
#1206=CARTESIAN_POINT('',(4.819144834248E-2,6.632983821991E-2,
-2.952755905512E-2));
#1207=LINE('',#1206,#1205);
#1208=CURVE_STYLE('',#21,POSITIVE_LENGTH_MEASURE(2.E-2),#7);
#1209=PRESENTATION_STYLE_ASSIGNMENT((#1208));
#1210=STYLED_ITEM('',(#1209),#1207);
#1211=DIRECTION('',(2.671161817301E-1,-9.636643323574E-1,0.E0));
#1212=VECTOR('',#1211,1.678886980587E-2);
#1213=CARTESIAN_POINT('',(4.370686954437E-2,8.250867323242E-2,
2.952755905512E-2));
#1214=LINE('',#1213,#1212);
#1215=CURVE_STYLE('',#21,POSITIVE_LENGTH_MEASURE(2.E-2),#7);
#1216=PRESENTATION_STYLE_ASSIGNMENT((#1215));
#1217=STYLED_ITEM('',(#1216),#1214);
#1218=DIRECTION('',(0.E0,0.E0,-1.E0));
#1219=VECTOR('',#1218,5.905511811024E-2);
#1220=CARTESIAN_POINT('',(4.819144834248E-2,6.632983821991E-2,
2.952755905512E-2));
#1221=LINE('',#1220,#1219);
#1222=CURVE_STYLE('',#21,POSITIVE_LENGTH_MEASURE(2.E-2),#7);
#1223=PRESENTATION_STYLE_ASSIGNMENT((#1222));
#1224=STYLED_ITEM('',(#1223),#1221);
#1225=DIRECTION('',(-9.990426824369E-1,-4.374607032912E-2,0.E0));
#1226=VECTOR('',#1225,1.678886980587E-2);
#1227=CARTESIAN_POINT('',(6.496424586842E-2,6.706428529919E-2,
-2.952755905512E-2));
#1228=LINE('',#1227,#1226);
#1229=CURVE_STYLE('',#21,POSITIVE_LENGTH_MEASURE(2.E-2),#7);
#1230=PRESENTATION_STYLE_ASSIGNMENT((#1229));
#1231=STYLED_ITEM('',(#1230),#1228);
#1232=DIRECTION('',(9.990426824369E-1,4.374607032912E-2,0.E0));
#1233=VECTOR('',#1232,1.678886980587E-2);
#1234=CARTESIAN_POINT('',(4.819144834248E-2,6.632983821991E-2,
2.952755905512E-2));
#1235=LINE('',#1234,#1233);
#1236=CURVE_STYLE('',#21,POSITIVE_LENGTH_MEASURE(2.E-2),#7);
#1237=PRESENTATION_STYLE_ASSIGNMENT((#1236));
#1238=STYLED_ITEM('',(#1237),#1235);
#1239=DIRECTION('',(0.E0,0.E0,-1.E0));
#1240=VECTOR('',#1239,5.905511811024E-2);
#1241=CARTESIAN_POINT('',(6.496424586842E-2,6.706428529919E-2,
2.952755905512E-2));
#1242=LINE('',#1241,#1240);
#1243=CURVE_STYLE('',#21,POSITIVE_LENGTH_MEASURE(2.E-2),#7);
#1244=PRESENTATION_STYLE_ASSIGNMENT((#1243));
#1245=STYLED_ITEM('',(#1244),#1242);
#1246=DIRECTION('',(0.E0,0.E0,-1.E0));
#1247=VECTOR('',#1246,5.905511811024E-2);
#1248=CARTESIAN_POINT('',(6.706428529919E-2,6.496424586842E-2,
2.952755905512E-2));
#1249=LINE('',#1248,#1247);
#1250=CURVE_STYLE('',#21,POSITIVE_LENGTH_MEASURE(2.E-2),#7);
#1251=PRESENTATION_STYLE_ASSIGNMENT((#1250));
#1252=STYLED_ITEM('',(#1251),#1249);
#1253=DIRECTION('',(4.374607032913E-2,9.990426824369E-1,0.E0));
#1254=VECTOR('',#1253,1.678886980587E-2);
#1255=CARTESIAN_POINT('',(6.632983821991E-2,4.819144834248E-2,
-2.952755905512E-2));
#1256=LINE('',#1255,#1254);
#1257=CURVE_STYLE('',#21,POSITIVE_LENGTH_MEASURE(2.E-2),#7);
#1258=PRESENTATION_STYLE_ASSIGNMENT((#1257));
#1259=STYLED_ITEM('',(#1258),#1256);
#1260=DIRECTION('',(-4.374607032913E-2,-9.990426824369E-1,0.E0));
#1261=VECTOR('',#1260,1.678886980587E-2);
#1262=CARTESIAN_POINT('',(6.706428529919E-2,6.496424586842E-2,
2.952755905512E-2));
#1263=LINE('',#1262,#1261);
#1264=CURVE_STYLE('',#21,POSITIVE_LENGTH_MEASURE(2.E-2),#7);
#1265=PRESENTATION_STYLE_ASSIGNMENT((#1264));
#1266=STYLED_ITEM('',(#1265),#1263);
#1267=DIRECTION('',(0.E0,0.E0,-1.E0));
#1268=VECTOR('',#1267,5.905511811024E-2);
#1269=CARTESIAN_POINT('',(6.632983821991E-2,4.819144834248E-2,
2.952755905512E-2));
#1270=LINE('',#1269,#1268);
#1271=CURVE_STYLE('',#21,POSITIVE_LENGTH_MEASURE(2.E-2),#7);
#1272=PRESENTATION_STYLE_ASSIGNMENT((#1271));
#1273=STYLED_ITEM('',(#1272),#1270);
#1274=DIRECTION('',(-9.636643323574E-1,2.671161817301E-1,0.E0));
#1275=VECTOR('',#1274,1.678886980587E-2);
#1276=CARTESIAN_POINT('',(8.250867323242E-2,4.370686954437E-2,
-2.952755905512E-2));
#1277=LINE('',#1276,#1275);
#1278=CURVE_STYLE('',#21,POSITIVE_LENGTH_MEASURE(2.E-2),#7);
#1279=PRESENTATION_STYLE_ASSIGNMENT((#1278));
#1280=STYLED_ITEM('',(#1279),#1277);
#1281=DIRECTION('',(9.636643323574E-1,-2.671161817301E-1,0.E0));
#1282=VECTOR('',#1281,1.678886980587E-2);
#1283=CARTESIAN_POINT('',(6.632983821991E-2,4.819144834248E-2,
2.952755905512E-2));
#1284=LINE('',#1283,#1282);
#1285=CURVE_STYLE('',#21,POSITIVE_LENGTH_MEASURE(2.E-2),#7);
#1286=PRESENTATION_STYLE_ASSIGNMENT((#1285));
#1287=STYLED_ITEM('',(#1286),#1284);
#1288=DIRECTION('',(0.E0,0.E0,-1.E0));
#1289=VECTOR('',#1288,5.905511811024E-2);
#1290=CARTESIAN_POINT('',(8.250867323242E-2,4.370686954437E-2,
2.952755905512E-2));
#1291=LINE('',#1290,#1289);
#1292=CURVE_STYLE('',#21,POSITIVE_LENGTH_MEASURE(2.E-2),#7);
#1293=PRESENTATION_STYLE_ASSIGNMENT((#1292));
#1294=STYLED_ITEM('',(#1293),#1291);
#1295=DIRECTION('',(0.E0,0.E0,-1.E0));
#1296=VECTOR('',#1295,5.905511811024E-2);
#1297=CARTESIAN_POINT('',(8.385698154456E-2,4.106066548631E-2,
2.952755905512E-2));
#1298=LINE('',#1297,#1296);
#1299=CURVE_STYLE('',#21,POSITIVE_LENGTH_MEASURE(2.E-2),#7);
#1300=PRESENTATION_STYLE_ASSIGNMENT((#1299));
#1301=STYLED_ITEM('',(#1300),#1298);
#1302=DIRECTION('',(3.503261522278E-1,9.366277740198E-1,0.E0));
#1303=VECTOR('',#1302,1.678886980587E-2);
#1304=CARTESIAN_POINT('',(7.797540138522E-2,2.533574373172E-2,
-2.952755905512E-2));
#1305=LINE('',#1304,#1303);
#1306=CURVE_STYLE('',#21,POSITIVE_LENGTH_MEASURE(2.E-2),#7);
#1307=PRESENTATION_STYLE_ASSIGNMENT((#1306));
#1308=STYLED_ITEM('',(#1307),#1305);
#1309=DIRECTION('',(-3.503261522278E-1,-9.366277740198E-1,0.E0));
#1310=VECTOR('',#1309,1.678886980587E-2);
#1311=CARTESIAN_POINT('',(8.385698154456E-2,4.106066548631E-2,
2.952755905512E-2));
#1312=LINE('',#1311,#1310);
#1313=CURVE_STYLE('',#21,POSITIVE_LENGTH_MEASURE(2.E-2),#7);
#1314=PRESENTATION_STYLE_ASSIGNMENT((#1313));
#1315=STYLED_ITEM('',(#1314),#1312);
#1316=DIRECTION('',(0.E0,0.E0,-1.E0));
#1317=VECTOR('',#1316,5.905511811024E-2);
#1318=CARTESIAN_POINT('',(7.797540138522E-2,2.533574373172E-2,
2.952755905512E-2));
#1319=LINE('',#1318,#1317);
#1320=CURVE_STYLE('',#21,POSITIVE_LENGTH_MEASURE(2.E-2),#7);
#1321=PRESENTATION_STYLE_ASSIGNMENT((#1320));
#1322=STYLED_ITEM('',(#1321),#1319);
#1323=DIRECTION('',(-8.339558031826E-1,5.518312408138E-1,0.E0));
#1324=VECTOR('',#1323,1.678886980587E-2);
#1325=CARTESIAN_POINT('',(9.197657678870E-2,1.607112087489E-2,
-2.952755905512E-2));
#1326=LINE('',#1325,#1324);
#1327=CURVE_STYLE('',#21,POSITIVE_LENGTH_MEASURE(2.E-2),#7);
#1328=PRESENTATION_STYLE_ASSIGNMENT((#1327));
#1329=STYLED_ITEM('',(#1328),#1326);
#1330=DIRECTION('',(8.339558031826E-1,-5.518312408138E-1,0.E0));
#1331=VECTOR('',#1330,1.678886980587E-2);
#1332=CARTESIAN_POINT('',(7.797540138522E-2,2.533574373172E-2,
2.952755905512E-2));
#1333=LINE('',#1332,#1331);
#1334=CURVE_STYLE('',#21,POSITIVE_LENGTH_MEASURE(2.E-2),#7);
#1335=PRESENTATION_STYLE_ASSIGNMENT((#1334));
#1336=STYLED_ITEM('',(#1335),#1333);
#1337=DIRECTION('',(0.E0,0.E0,-1.E0));
#1338=VECTOR('',#1337,5.905511811024E-2);
#1339=CARTESIAN_POINT('',(9.197657678870E-2,1.607112087489E-2,
2.952755905512E-2));
#1340=LINE('',#1339,#1338);
#1341=CURVE_STYLE('',#21,POSITIVE_LENGTH_MEASURE(2.E-2),#7);
#1342=PRESENTATION_STYLE_ASSIGNMENT((#1341));
#1343=STYLED_ITEM('',(#1342),#1340);
#1344=DIRECTION('',(0.E0,0.E0,-1.E0));
#1345=VECTOR('',#1344,5.905511811024E-2);
#1346=CARTESIAN_POINT('',(9.244117217041E-2,1.313778107991E-2,
2.952755905512E-2));
#1347=LINE('',#1346,#1345);
#1348=CURVE_STYLE('',#21,POSITIVE_LENGTH_MEASURE(2.E-2),#7);
#1349=PRESENTATION_STYLE_ASSIGNMENT((#1348));
#1350=STYLED_ITEM('',(#1349),#1347);
#1351=DIRECTION('',(6.226138694805E-1,7.825292132122E-1,0.E0));
#1352=VECTOR('',#1351,1.678886980587E-2);
#1353=CARTESIAN_POINT('',(8.198818897637E-2,0.E0,-2.952755905512E-2));
#1354=LINE('',#1353,#1352);
#1355=CURVE_STYLE('',#21,POSITIVE_LENGTH_MEASURE(2.E-2),#7);
#1356=PRESENTATION_STYLE_ASSIGNMENT((#1355));
#1357=STYLED_ITEM('',(#1356),#1354);
#1358=DIRECTION('',(-6.226138694805E-1,-7.825292132122E-1,0.E0));
#1359=VECTOR('',#1358,1.678886980587E-2);
#1360=CARTESIAN_POINT('',(9.244117217041E-2,1.313778107991E-2,
2.952755905512E-2));
#1361=LINE('',#1360,#1359);
#1362=CURVE_STYLE('',#21,POSITIVE_LENGTH_MEASURE(2.E-2),#7);
#1363=PRESENTATION_STYLE_ASSIGNMENT((#1362));
#1364=STYLED_ITEM('',(#1363),#1361);
#1365=DIRECTION('',(0.E0,0.E0,-1.E0));
#1366=VECTOR('',#1365,5.905511811024E-2);
#1367=CARTESIAN_POINT('',(8.198818897637E-2,0.E0,2.952755905512E-2));
#1368=LINE('',#1367,#1366);
#1369=CURVE_STYLE('',#21,POSITIVE_LENGTH_MEASURE(2.E-2),#7);
#1370=PRESENTATION_STYLE_ASSIGNMENT((#1369));
#1371=STYLED_ITEM('',(#1370),#1368);
#1372=DIRECTION('',(-6.226138694805E-1,7.825292132122E-1,0.E0));
#1373=VECTOR('',#1372,1.678886980587E-2);
#1374=CARTESIAN_POINT('',(9.244117217041E-2,-1.313778107991E-2,
-2.952755905512E-2));
#1375=LINE('',#1374,#1373);
#1376=CURVE_STYLE('',#21,POSITIVE_LENGTH_MEASURE(2.E-2),#7);
#1377=PRESENTATION_STYLE_ASSIGNMENT((#1376));
#1378=STYLED_ITEM('',(#1377),#1375);
#1379=DIRECTION('',(6.226138694805E-1,-7.825292132122E-1,0.E0));
#1380=VECTOR('',#1379,1.678886980587E-2);
#1381=CARTESIAN_POINT('',(8.198818897637E-2,0.E0,2.952755905512E-2));
#1382=LINE('',#1381,#1380);
#1383=CURVE_STYLE('',#21,POSITIVE_LENGTH_MEASURE(2.E-2),#7);
#1384=PRESENTATION_STYLE_ASSIGNMENT((#1383));
#1385=STYLED_ITEM('',(#1384),#1382);
#1386=DIRECTION('',(0.E0,0.E0,-1.E0));
#1387=VECTOR('',#1386,5.905511811024E-2);
#1388=CARTESIAN_POINT('',(9.244117217041E-2,-1.313778107991E-2,
2.952755905512E-2));
#1389=LINE('',#1388,#1387);
#1390=CURVE_STYLE('',#21,POSITIVE_LENGTH_MEASURE(2.E-2),#7);
#1391=PRESENTATION_STYLE_ASSIGNMENT((#1390));
#1392=STYLED_ITEM('',(#1391),#1389);
#1393=DIRECTION('',(0.E0,0.E0,-1.E0));
#1394=VECTOR('',#1393,5.905511811024E-2);
#1395=CARTESIAN_POINT('',(9.197657678870E-2,-1.607112087489E-2,
2.952755905512E-2));
#1396=LINE('',#1395,#1394);
#1397=CURVE_STYLE('',#21,POSITIVE_LENGTH_MEASURE(2.E-2),#7);
#1398=PRESENTATION_STYLE_ASSIGNMENT((#1397));
#1399=STYLED_ITEM('',(#1398),#1396);
#1400=DIRECTION('',(8.339558031826E-1,5.518312408137E-1,0.E0));
#1401=VECTOR('',#1400,1.678886980587E-2);
#1402=CARTESIAN_POINT('',(7.797540138522E-2,-2.533574373172E-2,
-2.952755905512E-2));
#1403=LINE('',#1402,#1401);
#1404=CURVE_STYLE('',#21,POSITIVE_LENGTH_MEASURE(2.E-2),#7);
#1405=PRESENTATION_STYLE_ASSIGNMENT((#1404));
#1406=STYLED_ITEM('',(#1405),#1403);
#1407=DIRECTION('',(-8.339558031826E-1,-5.518312408137E-1,0.E0));
#1408=VECTOR('',#1407,1.678886980587E-2);
#1409=CARTESIAN_POINT('',(9.197657678870E-2,-1.607112087489E-2,
2.952755905512E-2));
#1410=LINE('',#1409,#1408);
#1411=CURVE_STYLE('',#21,POSITIVE_LENGTH_MEASURE(2.E-2),#7);
#1412=PRESENTATION_STYLE_ASSIGNMENT((#1411));
#1413=STYLED_ITEM('',(#1412),#1410);
#1414=DIRECTION('',(0.E0,0.E0,-1.E0));
#1415=VECTOR('',#1414,5.905511811024E-2);
#1416=CARTESIAN_POINT('',(7.797540138522E-2,-2.533574373172E-2,
2.952755905512E-2));
#1417=LINE('',#1416,#1415);
#1418=CURVE_STYLE('',#21,POSITIVE_LENGTH_MEASURE(2.E-2),#7);
#1419=PRESENTATION_STYLE_ASSIGNMENT((#1418));
#1420=STYLED_ITEM('',(#1419),#1417);
#1421=DIRECTION('',(-3.503261522278E-1,9.366277740198E-1,0.E0));
#1422=VECTOR('',#1421,1.678886980587E-2);
#1423=CARTESIAN_POINT('',(8.385698154456E-2,-4.106066548631E-2,
-2.952755905512E-2));
#1424=LINE('',#1423,#1422);
#1425=CURVE_STYLE('',#21,POSITIVE_LENGTH_MEASURE(2.E-2),#7);
#1426=PRESENTATION_STYLE_ASSIGNMENT((#1425));
#1427=STYLED_ITEM('',(#1426),#1424);
#1428=DIRECTION('',(3.503261522278E-1,-9.366277740198E-1,0.E0));
#1429=VECTOR('',#1428,1.678886980587E-2);
#1430=CARTESIAN_POINT('',(7.797540138522E-2,-2.533574373172E-2,
2.952755905512E-2));
#1431=LINE('',#1430,#1429);
#1432=CURVE_STYLE('',#21,POSITIVE_LENGTH_MEASURE(2.E-2),#7);
#1433=PRESENTATION_STYLE_ASSIGNMENT((#1432));
#1434=STYLED_ITEM('',(#1433),#1431);
#1435=DIRECTION('',(0.E0,0.E0,-1.E0));
#1436=VECTOR('',#1435,5.905511811024E-2);
#1437=CARTESIAN_POINT('',(8.385698154456E-2,-4.106066548631E-2,
2.952755905512E-2));
#1438=LINE('',#1437,#1436);
#1439=CURVE_STYLE('',#21,POSITIVE_LENGTH_MEASURE(2.E-2),#7);
#1440=PRESENTATION_STYLE_ASSIGNMENT((#1439));
#1441=STYLED_ITEM('',(#1440),#1438);
#1442=DIRECTION('',(0.E0,0.E0,-1.E0));
#1443=VECTOR('',#1442,5.905511811024E-2);
#1444=CARTESIAN_POINT('',(8.250867323242E-2,-4.370686954437E-2,
2.952755905512E-2));
#1445=LINE('',#1444,#1443);
#1446=CURVE_STYLE('',#21,POSITIVE_LENGTH_MEASURE(2.E-2),#7);
#1447=PRESENTATION_STYLE_ASSIGNMENT((#1446));
#1448=STYLED_ITEM('',(#1447),#1445);
#1449=DIRECTION('',(9.636643323574E-1,2.671161817301E-1,0.E0));
#1450=VECTOR('',#1449,1.678886980587E-2);
#1451=CARTESIAN_POINT('',(6.632983821991E-2,-4.819144834248E-2,
-2.952755905512E-2));
#1452=LINE('',#1451,#1450);
#1453=CURVE_STYLE('',#21,POSITIVE_LENGTH_MEASURE(2.E-2),#7);
#1454=PRESENTATION_STYLE_ASSIGNMENT((#1453));
#1455=STYLED_ITEM('',(#1454),#1452);
#1456=DIRECTION('',(-9.636643323574E-1,-2.671161817301E-1,0.E0));
#1457=VECTOR('',#1456,1.678886980587E-2);
#1458=CARTESIAN_POINT('',(8.250867323242E-2,-4.370686954437E-2,
2.952755905512E-2));
#1459=LINE('',#1458,#1457);
#1460=CURVE_STYLE('',#21,POSITIVE_LENGTH_MEASURE(2.E-2),#7);
#1461=PRESENTATION_STYLE_ASSIGNMENT((#1460));
#1462=STYLED_ITEM('',(#1461),#1459);
#1463=DIRECTION('',(0.E0,0.E0,-1.E0));
#1464=VECTOR('',#1463,5.905511811024E-2);
#1465=CARTESIAN_POINT('',(6.632983821991E-2,-4.819144834248E-2,
2.952755905512E-2));
#1466=LINE('',#1465,#1464);
#1467=CURVE_STYLE('',#21,POSITIVE_LENGTH_MEASURE(2.E-2),#7);
#1468=PRESENTATION_STYLE_ASSIGNMENT((#1467));
#1469=STYLED_ITEM('',(#1468),#1466);
#1470=DIRECTION('',(-4.374607032912E-2,9.990426824369E-1,0.E0));
#1471=VECTOR('',#1470,1.678886980587E-2);
#1472=CARTESIAN_POINT('',(6.706428529919E-2,-6.496424586842E-2,
-2.952755905512E-2));
#1473=LINE('',#1472,#1471);
#1474=CURVE_STYLE('',#21,POSITIVE_LENGTH_MEASURE(2.E-2),#7);
#1475=PRESENTATION_STYLE_ASSIGNMENT((#1474));
#1476=STYLED_ITEM('',(#1475),#1473);
#1477=DIRECTION('',(4.374607032912E-2,-9.990426824369E-1,0.E0));
#1478=VECTOR('',#1477,1.678886980587E-2);
#1479=CARTESIAN_POINT('',(6.632983821991E-2,-4.819144834248E-2,
2.952755905512E-2));
#1480=LINE('',#1479,#1478);
#1481=CURVE_STYLE('',#21,POSITIVE_LENGTH_MEASURE(2.E-2),#7);
#1482=PRESENTATION_STYLE_ASSIGNMENT((#1481));
#1483=STYLED_ITEM('',(#1482),#1480);
#1484=DIRECTION('',(0.E0,0.E0,-1.E0));
#1485=VECTOR('',#1484,5.905511811024E-2);
#1486=CARTESIAN_POINT('',(6.706428529919E-2,-6.496424586842E-2,
2.952755905512E-2));
#1487=LINE('',#1486,#1485);
#1488=CURVE_STYLE('',#21,POSITIVE_LENGTH_MEASURE(2.E-2),#7);
#1489=PRESENTATION_STYLE_ASSIGNMENT((#1488));
#1490=STYLED_ITEM('',(#1489),#1487);
#1491=DIRECTION('',(0.E0,0.E0,-1.E0));
#1492=VECTOR('',#1491,5.905511811024E-2);
#1493=CARTESIAN_POINT('',(6.496424586842E-2,-6.706428529919E-2,
2.952755905512E-2));
#1494=LINE('',#1493,#1492);
#1495=CURVE_STYLE('',#21,POSITIVE_LENGTH_MEASURE(2.E-2),#7);
#1496=PRESENTATION_STYLE_ASSIGNMENT((#1495));
#1497=STYLED_ITEM('',(#1496),#1494);
#1498=DIRECTION('',(9.990426824369E-1,-4.374607032913E-2,0.E0));
#1499=VECTOR('',#1498,1.678886980587E-2);
#1500=CARTESIAN_POINT('',(4.819144834248E-2,-6.632983821991E-2,
-2.952755905512E-2));
#1501=LINE('',#1500,#1499);
#1502=CURVE_STYLE('',#21,POSITIVE_LENGTH_MEASURE(2.E-2),#7);
#1503=PRESENTATION_STYLE_ASSIGNMENT((#1502));
#1504=STYLED_ITEM('',(#1503),#1501);
#1505=DIRECTION('',(-9.990426824369E-1,4.374607032913E-2,0.E0));
#1506=VECTOR('',#1505,1.678886980587E-2);
#1507=CARTESIAN_POINT('',(6.496424586842E-2,-6.706428529919E-2,
2.952755905512E-2));
#1508=LINE('',#1507,#1506);
#1509=CURVE_STYLE('',#21,POSITIVE_LENGTH_MEASURE(2.E-2),#7);
#1510=PRESENTATION_STYLE_ASSIGNMENT((#1509));
#1511=STYLED_ITEM('',(#1510),#1508);
#1512=DIRECTION('',(0.E0,0.E0,-1.E0));
#1513=VECTOR('',#1512,5.905511811024E-2);
#1514=CARTESIAN_POINT('',(4.819144834248E-2,-6.632983821991E-2,
2.952755905512E-2));
#1515=LINE('',#1514,#1513);
#1516=CURVE_STYLE('',#21,POSITIVE_LENGTH_MEASURE(2.E-2),#7);
#1517=PRESENTATION_STYLE_ASSIGNMENT((#1516));
#1518=STYLED_ITEM('',(#1517),#1515);
#1519=DIRECTION('',(2.671161817301E-1,9.636643323574E-1,0.E0));
#1520=VECTOR('',#1519,1.678886980587E-2);
#1521=CARTESIAN_POINT('',(4.370686954437E-2,-8.250867323242E-2,
-2.952755905512E-2));
#1522=LINE('',#1521,#1520);
#1523=CURVE_STYLE('',#21,POSITIVE_LENGTH_MEASURE(2.E-2),#7);
#1524=PRESENTATION_STYLE_ASSIGNMENT((#1523));
#1525=STYLED_ITEM('',(#1524),#1522);
#1526=DIRECTION('',(-2.671161817301E-1,-9.636643323574E-1,0.E0));
#1527=VECTOR('',#1526,1.678886980587E-2);
#1528=CARTESIAN_POINT('',(4.819144834248E-2,-6.632983821991E-2,
2.952755905512E-2));
#1529=LINE('',#1528,#1527);
#1530=CURVE_STYLE('',#21,POSITIVE_LENGTH_MEASURE(2.E-2),#7);
#1531=PRESENTATION_STYLE_ASSIGNMENT((#1530));
#1532=STYLED_ITEM('',(#1531),#1529);
#1533=DIRECTION('',(0.E0,0.E0,-1.E0));
#1534=VECTOR('',#1533,5.905511811024E-2);
#1535=CARTESIAN_POINT('',(4.370686954437E-2,-8.250867323242E-2,
2.952755905512E-2));
#1536=LINE('',#1535,#1534);
#1537=CURVE_STYLE('',#21,POSITIVE_LENGTH_MEASURE(2.E-2),#7);
#1538=PRESENTATION_STYLE_ASSIGNMENT((#1537));
#1539=STYLED_ITEM('',(#1538),#1536);
#1540=DIRECTION('',(0.E0,0.E0,-1.E0));
#1541=VECTOR('',#1540,5.905511811024E-2);
#1542=CARTESIAN_POINT('',(4.106066548631E-2,-8.385698154456E-2,
2.952755905512E-2));
#1543=LINE('',#1542,#1541);
#1544=CURVE_STYLE('',#21,POSITIVE_LENGTH_MEASURE(2.E-2),#7);
#1545=PRESENTATION_STYLE_ASSIGNMENT((#1544));
#1546=STYLED_ITEM('',(#1545),#1543);
#1547=DIRECTION('',(9.366277740198E-1,-3.503261522278E-1,0.E0));
#1548=VECTOR('',#1547,1.678886980587E-2);
#1549=CARTESIAN_POINT('',(2.533574373172E-2,-7.797540138522E-2,
-2.952755905512E-2));
#1550=LINE('',#1549,#1548);
#1551=CURVE_STYLE('',#21,POSITIVE_LENGTH_MEASURE(2.E-2),#7);
#1552=PRESENTATION_STYLE_ASSIGNMENT((#1551));
#1553=STYLED_ITEM('',(#1552),#1550);
#1554=DIRECTION('',(-9.366277740198E-1,3.503261522278E-1,0.E0));
#1555=VECTOR('',#1554,1.678886980587E-2);
#1556=CARTESIAN_POINT('',(4.106066548631E-2,-8.385698154456E-2,
2.952755905512E-2));
#1557=LINE('',#1556,#1555);
#1558=CURVE_STYLE('',#21,POSITIVE_LENGTH_MEASURE(2.E-2),#7);
#1559=PRESENTATION_STYLE_ASSIGNMENT((#1558));
#1560=STYLED_ITEM('',(#1559),#1557);
#1561=DIRECTION('',(0.E0,0.E0,-1.E0));
#1562=VECTOR('',#1561,5.905511811024E-2);
#1563=CARTESIAN_POINT('',(2.533574373172E-2,-7.797540138522E-2,
2.952755905512E-2));
#1564=LINE('',#1563,#1562);
#1565=CURVE_STYLE('',#21,POSITIVE_LENGTH_MEASURE(2.E-2),#7);
#1566=PRESENTATION_STYLE_ASSIGNMENT((#1565));
#1567=STYLED_ITEM('',(#1566),#1564);
#1568=DIRECTION('',(5.518312408138E-1,8.339558031826E-1,0.E0));
#1569=VECTOR('',#1568,1.678886980587E-2);
#1570=CARTESIAN_POINT('',(1.607112087489E-2,-9.197657678870E-2,
-2.952755905512E-2));
#1571=LINE('',#1570,#1569);
#1572=CURVE_STYLE('',#21,POSITIVE_LENGTH_MEASURE(2.E-2),#7);
#1573=PRESENTATION_STYLE_ASSIGNMENT((#1572));
#1574=STYLED_ITEM('',(#1573),#1571);
#1575=DIRECTION('',(-5.518312408138E-1,-8.339558031826E-1,0.E0));
#1576=VECTOR('',#1575,1.678886980587E-2);
#1577=CARTESIAN_POINT('',(2.533574373172E-2,-7.797540138522E-2,
2.952755905512E-2));
#1578=LINE('',#1577,#1576);
#1579=CURVE_STYLE('',#21,POSITIVE_LENGTH_MEASURE(2.E-2),#7);
#1580=PRESENTATION_STYLE_ASSIGNMENT((#1579));
#1581=STYLED_ITEM('',(#1580),#1578);
#1582=DIRECTION('',(0.E0,0.E0,-1.E0));
#1583=VECTOR('',#1582,5.905511811024E-2);
#1584=CARTESIAN_POINT('',(1.607112087489E-2,-9.197657678870E-2,
2.952755905512E-2));
#1585=LINE('',#1584,#1583);
#1586=CURVE_STYLE('',#21,POSITIVE_LENGTH_MEASURE(2.E-2),#7);
#1587=PRESENTATION_STYLE_ASSIGNMENT((#1586));
#1588=STYLED_ITEM('',(#1587),#1585);
#1589=DIRECTION('',(0.E0,0.E0,-1.E0));
#1590=VECTOR('',#1589,5.905511811024E-2);
#1591=CARTESIAN_POINT('',(1.313778107991E-2,-9.244117217041E-2,
2.952755905512E-2));
#1592=LINE('',#1591,#1590);
#1593=CURVE_STYLE('',#21,POSITIVE_LENGTH_MEASURE(2.E-2),#7);
#1594=PRESENTATION_STYLE_ASSIGNMENT((#1593));
#1595=STYLED_ITEM('',(#1594),#1592);
#1596=DIRECTION('',(7.825292132122E-1,-6.226138694805E-1,0.E0));
#1597=VECTOR('',#1596,1.678886980587E-2);
#1598=CARTESIAN_POINT('',(0.E0,-8.198818897637E-2,-2.952755905512E-2));
#1599=LINE('',#1598,#1597);
#1600=CURVE_STYLE('',#21,POSITIVE_LENGTH_MEASURE(2.E-2),#7);
#1601=PRESENTATION_STYLE_ASSIGNMENT((#1600));
#1602=STYLED_ITEM('',(#1601),#1599);
#1603=DIRECTION('',(-7.825292132122E-1,6.226138694805E-1,0.E0));
#1604=VECTOR('',#1603,1.678886980587E-2);
#1605=CARTESIAN_POINT('',(1.313778107991E-2,-9.244117217041E-2,
2.952755905512E-2));
#1606=LINE('',#1605,#1604);
#1607=CURVE_STYLE('',#21,POSITIVE_LENGTH_MEASURE(2.E-2),#7);
#1608=PRESENTATION_STYLE_ASSIGNMENT((#1607));
#1609=STYLED_ITEM('',(#1608),#1606);
#1610=DIRECTION('',(0.E0,0.E0,-1.E0));
#1611=VECTOR('',#1610,5.905511811024E-2);
#1612=CARTESIAN_POINT('',(0.E0,-8.198818897637E-2,2.952755905512E-2));
#1613=LINE('',#1612,#1611);
#1614=CURVE_STYLE('',#21,POSITIVE_LENGTH_MEASURE(2.E-2),#7);
#1615=PRESENTATION_STYLE_ASSIGNMENT((#1614));
#1616=STYLED_ITEM('',(#1615),#1613);
#1617=DIRECTION('',(7.825292132122E-1,6.226138694805E-1,0.E0));
#1618=VECTOR('',#1617,1.678886980587E-2);
#1619=CARTESIAN_POINT('',(-1.313778107991E-2,-9.244117217041E-2,
-2.952755905512E-2));
#1620=LINE('',#1619,#1618);
#1621=CURVE_STYLE('',#21,POSITIVE_LENGTH_MEASURE(2.E-2),#7);
#1622=PRESENTATION_STYLE_ASSIGNMENT((#1621));
#1623=STYLED_ITEM('',(#1622),#1620);
#1624=DIRECTION('',(-7.825292132122E-1,-6.226138694805E-1,0.E0));
#1625=VECTOR('',#1624,1.678886980587E-2);
#1626=CARTESIAN_POINT('',(0.E0,-8.198818897637E-2,2.952755905512E-2));
#1627=LINE('',#1626,#1625);
#1628=CURVE_STYLE('',#21,POSITIVE_LENGTH_MEASURE(2.E-2),#7);
#1629=PRESENTATION_STYLE_ASSIGNMENT((#1628));
#1630=STYLED_ITEM('',(#1629),#1627);
#1631=DIRECTION('',(0.E0,0.E0,-1.E0));
#1632=VECTOR('',#1631,5.905511811024E-2);
#1633=CARTESIAN_POINT('',(-1.313778107991E-2,-9.244117217041E-2,
2.952755905512E-2));
#1634=LINE('',#1633,#1632);
#1635=CURVE_STYLE('',#21,POSITIVE_LENGTH_MEASURE(2.E-2),#7);
#1636=PRESENTATION_STYLE_ASSIGNMENT((#1635));
#1637=STYLED_ITEM('',(#1636),#1634);
#1638=DIRECTION('',(0.E0,0.E0,-1.E0));
#1639=VECTOR('',#1638,5.905511811024E-2);
#1640=CARTESIAN_POINT('',(-1.607112087489E-2,-9.197657678870E-2,
2.952755905512E-2));
#1641=LINE('',#1640,#1639);
#1642=CURVE_STYLE('',#21,POSITIVE_LENGTH_MEASURE(2.E-2),#7);
#1643=PRESENTATION_STYLE_ASSIGNMENT((#1642));
#1644=STYLED_ITEM('',(#1643),#1641);
#1645=DIRECTION('',(5.518312408137E-1,-8.339558031826E-1,0.E0));
#1646=VECTOR('',#1645,1.678886980587E-2);
#1647=CARTESIAN_POINT('',(-2.533574373173E-2,-7.797540138522E-2,
-2.952755905512E-2));
#1648=LINE('',#1647,#1646);
#1649=CURVE_STYLE('',#21,POSITIVE_LENGTH_MEASURE(2.E-2),#7);
#1650=PRESENTATION_STYLE_ASSIGNMENT((#1649));
#1651=STYLED_ITEM('',(#1650),#1648);
#1652=DIRECTION('',(-5.518312408137E-1,8.339558031826E-1,0.E0));
#1653=VECTOR('',#1652,1.678886980587E-2);
#1654=CARTESIAN_POINT('',(-1.607112087489E-2,-9.197657678870E-2,
2.952755905512E-2));
#1655=LINE('',#1654,#1653);
#1656=CURVE_STYLE('',#21,POSITIVE_LENGTH_MEASURE(2.E-2),#7);
#1657=PRESENTATION_STYLE_ASSIGNMENT((#1656));
#1658=STYLED_ITEM('',(#1657),#1655);
#1659=DIRECTION('',(0.E0,0.E0,-1.E0));
#1660=VECTOR('',#1659,5.905511811024E-2);
#1661=CARTESIAN_POINT('',(-2.533574373173E-2,-7.797540138522E-2,
2.952755905512E-2));
#1662=LINE('',#1661,#1660);
#1663=CURVE_STYLE('',#21,POSITIVE_LENGTH_MEASURE(2.E-2),#7);
#1664=PRESENTATION_STYLE_ASSIGNMENT((#1663));
#1665=STYLED_ITEM('',(#1664),#1662);
#1666=DIRECTION('',(9.366277740198E-1,3.503261522278E-1,0.E0));
#1667=VECTOR('',#1666,1.678886980587E-2);
#1668=CARTESIAN_POINT('',(-4.106066548631E-2,-8.385698154456E-2,
-2.952755905512E-2));
#1669=LINE('',#1668,#1667);
#1670=CURVE_STYLE('',#21,POSITIVE_LENGTH_MEASURE(2.E-2),#7);
#1671=PRESENTATION_STYLE_ASSIGNMENT((#1670));
#1672=STYLED_ITEM('',(#1671),#1669);
#1673=DIRECTION('',(-9.366277740198E-1,-3.503261522278E-1,0.E0));
#1674=VECTOR('',#1673,1.678886980587E-2);
#1675=CARTESIAN_POINT('',(-2.533574373173E-2,-7.797540138522E-2,
2.952755905512E-2));
#1676=LINE('',#1675,#1674);
#1677=CURVE_STYLE('',#21,POSITIVE_LENGTH_MEASURE(2.E-2),#7);
#1678=PRESENTATION_STYLE_ASSIGNMENT((#1677));
#1679=STYLED_ITEM('',(#1678),#1676);
#1680=DIRECTION('',(0.E0,0.E0,-1.E0));
#1681=VECTOR('',#1680,5.905511811024E-2);
#1682=CARTESIAN_POINT('',(-4.106066548631E-2,-8.385698154456E-2,
2.952755905512E-2));
#1683=LINE('',#1682,#1681);
#1684=CURVE_STYLE('',#21,POSITIVE_LENGTH_MEASURE(2.E-2),#7);
#1685=PRESENTATION_STYLE_ASSIGNMENT((#1684));
#1686=STYLED_ITEM('',(#1685),#1683);
#1687=DIRECTION('',(0.E0,0.E0,-1.E0));
#1688=VECTOR('',#1687,5.905511811024E-2);
#1689=CARTESIAN_POINT('',(-4.370686954437E-2,-8.250867323242E-2,
2.952755905512E-2));
#1690=LINE('',#1689,#1688);
#1691=CURVE_STYLE('',#21,POSITIVE_LENGTH_MEASURE(2.E-2),#7);
#1692=PRESENTATION_STYLE_ASSIGNMENT((#1691));
#1693=STYLED_ITEM('',(#1692),#1690);
#1694=DIRECTION('',(2.671161817301E-1,-9.636643323574E-1,0.E0));
#1695=VECTOR('',#1694,1.678886980587E-2);
#1696=CARTESIAN_POINT('',(-4.819144834248E-2,-6.632983821991E-2,
-2.952755905512E-2));
#1697=LINE('',#1696,#1695);
#1698=CURVE_STYLE('',#21,POSITIVE_LENGTH_MEASURE(2.E-2),#7);
#1699=PRESENTATION_STYLE_ASSIGNMENT((#1698));
#1700=STYLED_ITEM('',(#1699),#1697);
#1701=DIRECTION('',(-2.671161817301E-1,9.636643323574E-1,0.E0));
#1702=VECTOR('',#1701,1.678886980587E-2);
#1703=CARTESIAN_POINT('',(-4.370686954437E-2,-8.250867323242E-2,
2.952755905512E-2));
#1704=LINE('',#1703,#1702);
#1705=CURVE_STYLE('',#21,POSITIVE_LENGTH_MEASURE(2.E-2),#7);
#1706=PRESENTATION_STYLE_ASSIGNMENT((#1705));
#1707=STYLED_ITEM('',(#1706),#1704);
#1708=DIRECTION('',(0.E0,0.E0,-1.E0));
#1709=VECTOR('',#1708,5.905511811024E-2);
#1710=CARTESIAN_POINT('',(-4.819144834248E-2,-6.632983821991E-2,
2.952755905512E-2));
#1711=LINE('',#1710,#1709);
#1712=CURVE_STYLE('',#21,POSITIVE_LENGTH_MEASURE(2.E-2),#7);
#1713=PRESENTATION_STYLE_ASSIGNMENT((#1712));
#1714=STYLED_ITEM('',(#1713),#1711);
#1715=DIRECTION('',(9.990426824369E-1,4.374607032912E-2,0.E0));
#1716=VECTOR('',#1715,1.678886980587E-2);
#1717=CARTESIAN_POINT('',(-6.496424586843E-2,-6.706428529918E-2,
-2.952755905512E-2));
#1718=LINE('',#1717,#1716);
#1719=CURVE_STYLE('',#21,POSITIVE_LENGTH_MEASURE(2.E-2),#7);
#1720=PRESENTATION_STYLE_ASSIGNMENT((#1719));
#1721=STYLED_ITEM('',(#1720),#1718);
#1722=DIRECTION('',(-9.990426824369E-1,-4.374607032912E-2,0.E0));
#1723=VECTOR('',#1722,1.678886980587E-2);
#1724=CARTESIAN_POINT('',(-4.819144834248E-2,-6.632983821991E-2,
2.952755905512E-2));
#1725=LINE('',#1724,#1723);
#1726=CURVE_STYLE('',#21,POSITIVE_LENGTH_MEASURE(2.E-2),#7);
#1727=PRESENTATION_STYLE_ASSIGNMENT((#1726));
#1728=STYLED_ITEM('',(#1727),#1725);
#1729=DIRECTION('',(0.E0,0.E0,-1.E0));
#1730=VECTOR('',#1729,5.905511811024E-2);
#1731=CARTESIAN_POINT('',(-6.496424586843E-2,-6.706428529918E-2,
2.952755905512E-2));
#1732=LINE('',#1731,#1730);
#1733=CURVE_STYLE('',#21,POSITIVE_LENGTH_MEASURE(2.E-2),#7);
#1734=PRESENTATION_STYLE_ASSIGNMENT((#1733));
#1735=STYLED_ITEM('',(#1734),#1732);
#1736=DIRECTION('',(0.E0,0.E0,-1.E0));
#1737=VECTOR('',#1736,5.905511811024E-2);
#1738=CARTESIAN_POINT('',(-6.706428529919E-2,-6.496424586842E-2,
2.952755905512E-2));
#1739=LINE('',#1738,#1737);
#1740=CURVE_STYLE('',#21,POSITIVE_LENGTH_MEASURE(2.E-2),#7);
#1741=PRESENTATION_STYLE_ASSIGNMENT((#1740));
#1742=STYLED_ITEM('',(#1741),#1739);
#1743=DIRECTION('',(-4.374607032913E-2,-9.990426824369E-1,0.E0));
#1744=VECTOR('',#1743,1.678886980587E-2);
#1745=CARTESIAN_POINT('',(-6.632983821991E-2,-4.819144834248E-2,
-2.952755905512E-2));
#1746=LINE('',#1745,#1744);
#1747=CURVE_STYLE('',#21,POSITIVE_LENGTH_MEASURE(2.E-2),#7);
#1748=PRESENTATION_STYLE_ASSIGNMENT((#1747));
#1749=STYLED_ITEM('',(#1748),#1746);
#1750=DIRECTION('',(4.374607032913E-2,9.990426824369E-1,0.E0));
#1751=VECTOR('',#1750,1.678886980587E-2);
#1752=CARTESIAN_POINT('',(-6.706428529919E-2,-6.496424586842E-2,
2.952755905512E-2));
#1753=LINE('',#1752,#1751);
#1754=CURVE_STYLE('',#21,POSITIVE_LENGTH_MEASURE(2.E-2),#7);
#1755=PRESENTATION_STYLE_ASSIGNMENT((#1754));
#1756=STYLED_ITEM('',(#1755),#1753);
#1757=DIRECTION('',(0.E0,0.E0,-1.E0));
#1758=VECTOR('',#1757,5.905511811024E-2);
#1759=CARTESIAN_POINT('',(-6.632983821991E-2,-4.819144834248E-2,
2.952755905512E-2));
#1760=LINE('',#1759,#1758);
#1761=CURVE_STYLE('',#21,POSITIVE_LENGTH_MEASURE(2.E-2),#7);
#1762=PRESENTATION_STYLE_ASSIGNMENT((#1761));
#1763=STYLED_ITEM('',(#1762),#1760);
#1764=DIRECTION('',(9.636643323574E-1,-2.671161817301E-1,0.E0));
#1765=VECTOR('',#1764,1.678886980587E-2);
#1766=CARTESIAN_POINT('',(-8.250867323242E-2,-4.370686954437E-2,
-2.952755905512E-2));
#1767=LINE('',#1766,#1765);
#1768=CURVE_STYLE('',#21,POSITIVE_LENGTH_MEASURE(2.E-2),#7);
#1769=PRESENTATION_STYLE_ASSIGNMENT((#1768));
#1770=STYLED_ITEM('',(#1769),#1767);
#1771=DIRECTION('',(-9.636643323574E-1,2.671161817301E-1,0.E0));
#1772=VECTOR('',#1771,1.678886980587E-2);
#1773=CARTESIAN_POINT('',(-6.632983821991E-2,-4.819144834248E-2,
2.952755905512E-2));
#1774=LINE('',#1773,#1772);
#1775=CURVE_STYLE('',#21,POSITIVE_LENGTH_MEASURE(2.E-2),#7);
#1776=PRESENTATION_STYLE_ASSIGNMENT((#1775));
#1777=STYLED_ITEM('',(#1776),#1774);
#1778=DIRECTION('',(0.E0,0.E0,-1.E0));
#1779=VECTOR('',#1778,5.905511811024E-2);
#1780=CARTESIAN_POINT('',(-8.250867323242E-2,-4.370686954437E-2,
2.952755905512E-2));
#1781=LINE('',#1780,#1779);
#1782=CURVE_STYLE('',#21,POSITIVE_LENGTH_MEASURE(2.E-2),#7);
#1783=PRESENTATION_STYLE_ASSIGNMENT((#1782));
#1784=STYLED_ITEM('',(#1783),#1781);
#1785=DIRECTION('',(0.E0,0.E0,-1.E0));
#1786=VECTOR('',#1785,5.905511811024E-2);
#1787=CARTESIAN_POINT('',(-8.385698154456E-2,-4.106066548631E-2,
2.952755905512E-2));
#1788=LINE('',#1787,#1786);
#1789=CURVE_STYLE('',#21,POSITIVE_LENGTH_MEASURE(2.E-2),#7);
#1790=PRESENTATION_STYLE_ASSIGNMENT((#1789));
#1791=STYLED_ITEM('',(#1790),#1788);
#1792=DIRECTION('',(-3.503261522278E-1,-9.366277740198E-1,0.E0));
#1793=VECTOR('',#1792,1.678886980587E-2);
#1794=CARTESIAN_POINT('',(-7.797540138522E-2,-2.533574373172E-2,
-2.952755905512E-2));
#1795=LINE('',#1794,#1793);
#1796=CURVE_STYLE('',#21,POSITIVE_LENGTH_MEASURE(2.E-2),#7);
#1797=PRESENTATION_STYLE_ASSIGNMENT((#1796));
#1798=STYLED_ITEM('',(#1797),#1795);
#1799=DIRECTION('',(3.503261522278E-1,9.366277740198E-1,0.E0));
#1800=VECTOR('',#1799,1.678886980587E-2);
#1801=CARTESIAN_POINT('',(-8.385698154456E-2,-4.106066548631E-2,
2.952755905512E-2));
#1802=LINE('',#1801,#1800);
#1803=CURVE_STYLE('',#21,POSITIVE_LENGTH_MEASURE(2.E-2),#7);
#1804=PRESENTATION_STYLE_ASSIGNMENT((#1803));
#1805=STYLED_ITEM('',(#1804),#1802);
#1806=DIRECTION('',(0.E0,0.E0,-1.E0));
#1807=VECTOR('',#1806,5.905511811024E-2);
#1808=CARTESIAN_POINT('',(-7.797540138522E-2,-2.533574373172E-2,
2.952755905512E-2));
#1809=LINE('',#1808,#1807);
#1810=CURVE_STYLE('',#21,POSITIVE_LENGTH_MEASURE(2.E-2),#7);
#1811=PRESENTATION_STYLE_ASSIGNMENT((#1810));
#1812=STYLED_ITEM('',(#1811),#1809);
#1813=DIRECTION('',(8.339558031826E-1,-5.518312408138E-1,0.E0));
#1814=VECTOR('',#1813,1.678886980587E-2);
#1815=CARTESIAN_POINT('',(-9.197657678870E-2,-1.607112087489E-2,
-2.952755905512E-2));
#1816=LINE('',#1815,#1814);
#1817=CURVE_STYLE('',#21,POSITIVE_LENGTH_MEASURE(2.E-2),#7);
#1818=PRESENTATION_STYLE_ASSIGNMENT((#1817));
#1819=STYLED_ITEM('',(#1818),#1816);
#1820=DIRECTION('',(-8.339558031826E-1,5.518312408138E-1,0.E0));
#1821=VECTOR('',#1820,1.678886980587E-2);
#1822=CARTESIAN_POINT('',(-7.797540138522E-2,-2.533574373172E-2,
2.952755905512E-2));
#1823=LINE('',#1822,#1821);
#1824=CURVE_STYLE('',#21,POSITIVE_LENGTH_MEASURE(2.E-2),#7);
#1825=PRESENTATION_STYLE_ASSIGNMENT((#1824));
#1826=STYLED_ITEM('',(#1825),#1823);
#1827=DIRECTION('',(0.E0,0.E0,-1.E0));
#1828=VECTOR('',#1827,5.905511811024E-2);
#1829=CARTESIAN_POINT('',(-9.197657678870E-2,-1.607112087489E-2,
2.952755905512E-2));
#1830=LINE('',#1829,#1828);
#1831=CURVE_STYLE('',#21,POSITIVE_LENGTH_MEASURE(2.E-2),#7);
#1832=PRESENTATION_STYLE_ASSIGNMENT((#1831));
#1833=STYLED_ITEM('',(#1832),#1830);
#1834=DIRECTION('',(0.E0,0.E0,-1.E0));
#1835=VECTOR('',#1834,5.905511811024E-2);
#1836=CARTESIAN_POINT('',(-9.244117217041E-2,-1.313778107991E-2,
2.952755905512E-2));
#1837=LINE('',#1836,#1835);
#1838=CURVE_STYLE('',#21,POSITIVE_LENGTH_MEASURE(2.E-2),#7);
#1839=PRESENTATION_STYLE_ASSIGNMENT((#1838));
#1840=STYLED_ITEM('',(#1839),#1837);
#1841=DIRECTION('',(-6.226138694805E-1,-7.825292132122E-1,0.E0));
#1842=VECTOR('',#1841,1.678886980587E-2);
#1843=CARTESIAN_POINT('',(-8.198818897638E-2,0.E0,-2.952755905512E-2));
#1844=LINE('',#1843,#1842);
#1845=CURVE_STYLE('',#21,POSITIVE_LENGTH_MEASURE(2.E-2),#7);
#1846=PRESENTATION_STYLE_ASSIGNMENT((#1845));
#1847=STYLED_ITEM('',(#1846),#1844);
#1848=DIRECTION('',(6.226138694805E-1,7.825292132122E-1,0.E0));
#1849=VECTOR('',#1848,1.678886980587E-2);
#1850=CARTESIAN_POINT('',(-9.244117217041E-2,-1.313778107991E-2,
2.952755905512E-2));
#1851=LINE('',#1850,#1849);
#1852=CURVE_STYLE('',#21,POSITIVE_LENGTH_MEASURE(2.E-2),#7);
#1853=PRESENTATION_STYLE_ASSIGNMENT((#1852));
#1854=STYLED_ITEM('',(#1853),#1851);
#1855=DIRECTION('',(0.E0,0.E0,-1.E0));
#1856=VECTOR('',#1855,5.905511811024E-2);
#1857=CARTESIAN_POINT('',(-8.198818897638E-2,0.E0,2.952755905512E-2));
#1858=LINE('',#1857,#1856);
#1859=CURVE_STYLE('',#21,POSITIVE_LENGTH_MEASURE(2.E-2),#7);
#1860=PRESENTATION_STYLE_ASSIGNMENT((#1859));
#1861=STYLED_ITEM('',(#1860),#1858);
#1862=DIRECTION('',(6.226138694805E-1,-7.825292132122E-1,0.E0));
#1863=VECTOR('',#1862,1.678886980587E-2);
#1864=CARTESIAN_POINT('',(-9.244117217041E-2,1.313778107991E-2,
-2.952755905512E-2));
#1865=LINE('',#1864,#1863);
#1866=CURVE_STYLE('',#21,POSITIVE_LENGTH_MEASURE(2.E-2),#7);
#1867=PRESENTATION_STYLE_ASSIGNMENT((#1866));
#1868=STYLED_ITEM('',(#1867),#1865);
#1869=DIRECTION('',(-6.226138694805E-1,7.825292132122E-1,0.E0));
#1870=VECTOR('',#1869,1.678886980587E-2);
#1871=CARTESIAN_POINT('',(-8.198818897638E-2,0.E0,2.952755905512E-2));
#1872=LINE('',#1871,#1870);
#1873=CURVE_STYLE('',#21,POSITIVE_LENGTH_MEASURE(2.E-2),#7);
#1874=PRESENTATION_STYLE_ASSIGNMENT((#1873));
#1875=STYLED_ITEM('',(#1874),#1872);
#1876=DIRECTION('',(0.E0,0.E0,-1.E0));
#1877=VECTOR('',#1876,5.905511811024E-2);
#1878=CARTESIAN_POINT('',(-9.244117217041E-2,1.313778107991E-2,
2.952755905512E-2));
#1879=LINE('',#1878,#1877);
#1880=CURVE_STYLE('',#21,POSITIVE_LENGTH_MEASURE(2.E-2),#7);
#1881=PRESENTATION_STYLE_ASSIGNMENT((#1880));
#1882=STYLED_ITEM('',(#1881),#1879);
#1883=DIRECTION('',(0.E0,0.E0,-1.E0));
#1884=VECTOR('',#1883,5.905511811024E-2);
#1885=CARTESIAN_POINT('',(-9.197657678870E-2,1.607112087489E-2,
2.952755905512E-2));
#1886=LINE('',#1885,#1884);
#1887=CURVE_STYLE('',#21,POSITIVE_LENGTH_MEASURE(2.E-2),#7);
#1888=PRESENTATION_STYLE_ASSIGNMENT((#1887));
#1889=STYLED_ITEM('',(#1888),#1886);
#1890=DIRECTION('',(-8.339558031826E-1,-5.518312408138E-1,0.E0));
#1891=VECTOR('',#1890,1.678886980587E-2);
#1892=CARTESIAN_POINT('',(-7.797540138522E-2,2.533574373173E-2,
-2.952755905512E-2));
#1893=LINE('',#1892,#1891);
#1894=CURVE_STYLE('',#21,POSITIVE_LENGTH_MEASURE(2.E-2),#7);
#1895=PRESENTATION_STYLE_ASSIGNMENT((#1894));
#1896=STYLED_ITEM('',(#1895),#1893);
#1897=DIRECTION('',(8.339558031826E-1,5.518312408138E-1,0.E0));
#1898=VECTOR('',#1897,1.678886980587E-2);
#1899=CARTESIAN_POINT('',(-9.197657678870E-2,1.607112087489E-2,
2.952755905512E-2));
#1900=LINE('',#1899,#1898);
#1901=CURVE_STYLE('',#21,POSITIVE_LENGTH_MEASURE(2.E-2),#7);
#1902=PRESENTATION_STYLE_ASSIGNMENT((#1901));
#1903=STYLED_ITEM('',(#1902),#1900);
#1904=DIRECTION('',(0.E0,0.E0,-1.E0));
#1905=VECTOR('',#1904,5.905511811024E-2);
#1906=CARTESIAN_POINT('',(-7.797540138522E-2,2.533574373173E-2,
2.952755905512E-2));
#1907=LINE('',#1906,#1905);
#1908=CURVE_STYLE('',#21,POSITIVE_LENGTH_MEASURE(2.E-2),#7);
#1909=PRESENTATION_STYLE_ASSIGNMENT((#1908));
#1910=STYLED_ITEM('',(#1909),#1907);
#1911=DIRECTION('',(3.503261522278E-1,-9.366277740198E-1,0.E0));
#1912=VECTOR('',#1911,1.678886980587E-2);
#1913=CARTESIAN_POINT('',(-8.385698154456E-2,4.106066548631E-2,
-2.952755905512E-2));
#1914=LINE('',#1913,#1912);
#1915=CURVE_STYLE('',#21,POSITIVE_LENGTH_MEASURE(2.E-2),#7);
#1916=PRESENTATION_STYLE_ASSIGNMENT((#1915));
#1917=STYLED_ITEM('',(#1916),#1914);
#1918=DIRECTION('',(-3.503261522278E-1,9.366277740198E-1,0.E0));
#1919=VECTOR('',#1918,1.678886980587E-2);
#1920=CARTESIAN_POINT('',(-7.797540138522E-2,2.533574373173E-2,
2.952755905512E-2));
#1921=LINE('',#1920,#1919);
#1922=CURVE_STYLE('',#21,POSITIVE_LENGTH_MEASURE(2.E-2),#7);
#1923=PRESENTATION_STYLE_ASSIGNMENT((#1922));
#1924=STYLED_ITEM('',(#1923),#1921);
#1925=DIRECTION('',(0.E0,0.E0,-1.E0));
#1926=VECTOR('',#1925,5.905511811024E-2);
#1927=CARTESIAN_POINT('',(-8.385698154456E-2,4.106066548631E-2,
2.952755905512E-2));
#1928=LINE('',#1927,#1926);
#1929=CURVE_STYLE('',#21,POSITIVE_LENGTH_MEASURE(2.E-2),#7);
#1930=PRESENTATION_STYLE_ASSIGNMENT((#1929));
#1931=STYLED_ITEM('',(#1930),#1928);
#1932=DIRECTION('',(0.E0,0.E0,-1.E0));
#1933=VECTOR('',#1932,5.905511811024E-2);
#1934=CARTESIAN_POINT('',(-8.250867323242E-2,4.370686954437E-2,
2.952755905512E-2));
#1935=LINE('',#1934,#1933);
#1936=CURVE_STYLE('',#21,POSITIVE_LENGTH_MEASURE(2.E-2),#7);
#1937=PRESENTATION_STYLE_ASSIGNMENT((#1936));
#1938=STYLED_ITEM('',(#1937),#1935);
#1939=DIRECTION('',(-9.636643323574E-1,-2.671161817301E-1,0.E0));
#1940=VECTOR('',#1939,1.678886980587E-2);
#1941=CARTESIAN_POINT('',(-6.632983821991E-2,4.819144834248E-2,
-2.952755905512E-2));
#1942=LINE('',#1941,#1940);
#1943=CURVE_STYLE('',#21,POSITIVE_LENGTH_MEASURE(2.E-2),#7);
#1944=PRESENTATION_STYLE_ASSIGNMENT((#1943));
#1945=STYLED_ITEM('',(#1944),#1942);
#1946=DIRECTION('',(9.636643323574E-1,2.671161817301E-1,0.E0));
#1947=VECTOR('',#1946,1.678886980587E-2);
#1948=CARTESIAN_POINT('',(-8.250867323242E-2,4.370686954437E-2,
2.952755905512E-2));
#1949=LINE('',#1948,#1947);
#1950=CURVE_STYLE('',#21,POSITIVE_LENGTH_MEASURE(2.E-2),#7);
#1951=PRESENTATION_STYLE_ASSIGNMENT((#1950));
#1952=STYLED_ITEM('',(#1951),#1949);
#1953=DIRECTION('',(0.E0,0.E0,-1.E0));
#1954=VECTOR('',#1953,5.905511811024E-2);
#1955=CARTESIAN_POINT('',(-6.632983821991E-2,4.819144834248E-2,
2.952755905512E-2));
#1956=LINE('',#1955,#1954);
#1957=CURVE_STYLE('',#21,POSITIVE_LENGTH_MEASURE(2.E-2),#7);
#1958=PRESENTATION_STYLE_ASSIGNMENT((#1957));
#1959=STYLED_ITEM('',(#1958),#1956);
#1960=DIRECTION('',(4.374607032911E-2,-9.990426824369E-1,0.E0));
#1961=VECTOR('',#1960,1.678886980587E-2);
#1962=CARTESIAN_POINT('',(-6.706428529918E-2,6.496424586843E-2,
-2.952755905512E-2));
#1963=LINE('',#1962,#1961);
#1964=CURVE_STYLE('',#21,POSITIVE_LENGTH_MEASURE(2.E-2),#7);
#1965=PRESENTATION_STYLE_ASSIGNMENT((#1964));
#1966=STYLED_ITEM('',(#1965),#1963);
#1967=DIRECTION('',(-4.374607032911E-2,9.990426824369E-1,0.E0));
#1968=VECTOR('',#1967,1.678886980587E-2);
#1969=CARTESIAN_POINT('',(-6.632983821991E-2,4.819144834248E-2,
2.952755905512E-2));
#1970=LINE('',#1969,#1968);
#1971=CURVE_STYLE('',#21,POSITIVE_LENGTH_MEASURE(2.E-2),#7);
#1972=PRESENTATION_STYLE_ASSIGNMENT((#1971));
#1973=STYLED_ITEM('',(#1972),#1970);
#1974=DIRECTION('',(0.E0,0.E0,-1.E0));
#1975=VECTOR('',#1974,5.905511811024E-2);
#1976=CARTESIAN_POINT('',(-6.706428529918E-2,6.496424586843E-2,
2.952755905512E-2));
#1977=LINE('',#1976,#1975);
#1978=CURVE_STYLE('',#21,POSITIVE_LENGTH_MEASURE(2.E-2),#7);
#1979=PRESENTATION_STYLE_ASSIGNMENT((#1978));
#1980=STYLED_ITEM('',(#1979),#1977);
#1981=DIRECTION('',(0.E0,0.E0,-1.E0));
#1982=VECTOR('',#1981,5.905511811024E-2);
#1983=CARTESIAN_POINT('',(-6.496424586842E-2,6.706428529919E-2,
2.952755905512E-2));
#1984=LINE('',#1983,#1982);
#1985=CURVE_STYLE('',#21,POSITIVE_LENGTH_MEASURE(2.E-2),#7);
#1986=PRESENTATION_STYLE_ASSIGNMENT((#1985));
#1987=STYLED_ITEM('',(#1986),#1984);
#1988=DIRECTION('',(-9.990426824369E-1,4.374607032913E-2,0.E0));
#1989=VECTOR('',#1988,1.678886980587E-2);
#1990=CARTESIAN_POINT('',(-4.819144834248E-2,6.632983821991E-2,
-2.952755905512E-2));
#1991=LINE('',#1990,#1989);
#1992=CURVE_STYLE('',#21,POSITIVE_LENGTH_MEASURE(2.E-2),#7);
#1993=PRESENTATION_STYLE_ASSIGNMENT((#1992));
#1994=STYLED_ITEM('',(#1993),#1991);
#1995=DIRECTION('',(9.990426824369E-1,-4.374607032913E-2,0.E0));
#1996=VECTOR('',#1995,1.678886980587E-2);
#1997=CARTESIAN_POINT('',(-6.496424586842E-2,6.706428529919E-2,
2.952755905512E-2));
#1998=LINE('',#1997,#1996);
#1999=CURVE_STYLE('',#21,POSITIVE_LENGTH_MEASURE(2.E-2),#7);
#2000=PRESENTATION_STYLE_ASSIGNMENT((#1999));
#2001=STYLED_ITEM('',(#2000),#1998);
#2002=DIRECTION('',(0.E0,0.E0,-1.E0));
#2003=VECTOR('',#2002,5.905511811024E-2);
#2004=CARTESIAN_POINT('',(-4.819144834248E-2,6.632983821991E-2,
2.952755905512E-2));
#2005=LINE('',#2004,#2003);
#2006=CURVE_STYLE('',#21,POSITIVE_LENGTH_MEASURE(2.E-2),#7);
#2007=PRESENTATION_STYLE_ASSIGNMENT((#2006));
#2008=STYLED_ITEM('',(#2007),#2005);
#2009=DIRECTION('',(-2.671161817301E-1,-9.636643323574E-1,0.E0));
#2010=VECTOR('',#2009,1.678886980587E-2);
#2011=CARTESIAN_POINT('',(-4.370686954437E-2,8.250867323242E-2,
-2.952755905512E-2));
#2012=LINE('',#2011,#2010);
#2013=CURVE_STYLE('',#21,POSITIVE_LENGTH_MEASURE(2.E-2),#7);
#2014=PRESENTATION_STYLE_ASSIGNMENT((#2013));
#2015=STYLED_ITEM('',(#2014),#2012);
#2016=DIRECTION('',(2.671161817301E-1,9.636643323574E-1,0.E0));
#2017=VECTOR('',#2016,1.678886980587E-2);
#2018=CARTESIAN_POINT('',(-4.819144834248E-2,6.632983821991E-2,
2.952755905512E-2));
#2019=LINE('',#2018,#2017);
#2020=CURVE_STYLE('',#21,POSITIVE_LENGTH_MEASURE(2.E-2),#7);
#2021=PRESENTATION_STYLE_ASSIGNMENT((#2020));
#2022=STYLED_ITEM('',(#2021),#2019);
#2023=DIRECTION('',(0.E0,0.E0,-1.E0));
#2024=VECTOR('',#2023,5.905511811024E-2);
#2025=CARTESIAN_POINT('',(-4.370686954437E-2,8.250867323242E-2,
2.952755905512E-2));
#2026=LINE('',#2025,#2024);
#2027=CURVE_STYLE('',#21,POSITIVE_LENGTH_MEASURE(2.E-2),#7);
#2028=PRESENTATION_STYLE_ASSIGNMENT((#2027));
#2029=STYLED_ITEM('',(#2028),#2026);
#2030=DIRECTION('',(0.E0,0.E0,-1.E0));
#2031=VECTOR('',#2030,5.905511811024E-2);
#2032=CARTESIAN_POINT('',(-4.106066548631E-2,8.385698154456E-2,
2.952755905512E-2));
#2033=LINE('',#2032,#2031);
#2034=CURVE_STYLE('',#21,POSITIVE_LENGTH_MEASURE(2.E-2),#7);
#2035=PRESENTATION_STYLE_ASSIGNMENT((#2034));
#2036=STYLED_ITEM('',(#2035),#2033);
#2037=CARTESIAN_POINT('',(2.952755905512E-2,3.937007874016E-1,
-2.952755905512E-2));
#2038=CARTESIAN_POINT('',(-2.952755905512E-2,3.937007874016E-1,
-2.952755905512E-2));
#2039=VERTEX_POINT('',#2037);
#2040=VERTEX_POINT('',#2038);
#2041=CARTESIAN_POINT('',(6.488574371432E-2,4.002515239821E-1,
-2.952755905512E-2));
#2042=CARTESIAN_POINT('',(-6.488574371432E-2,4.002515239821E-1,
-2.952755905512E-2));
#2043=VERTEX_POINT('',#2041);
#2044=VERTEX_POINT('',#2042);
#2045=CARTESIAN_POINT('',(2.952755905512E-2,3.937007874016E-1,
2.952755905512E-2));
#2046=CARTESIAN_POINT('',(-2.952755905512E-2,3.937007874016E-1,
2.952755905512E-2));
#2047=VERTEX_POINT('',#2045);
#2048=VERTEX_POINT('',#2046);
#2049=CARTESIAN_POINT('',(6.488574371432E-2,4.002515239821E-1,
2.952755905512E-2));
#2050=CARTESIAN_POINT('',(-6.488574371432E-2,4.002515239821E-1,
2.952755905512E-2));
#2051=VERTEX_POINT('',#2049);
#2052=VERTEX_POINT('',#2050);
#2053=CARTESIAN_POINT('',(-2.952755905512E-2,-3.937007874016E-1,
-2.952755905512E-2));
#2054=CARTESIAN_POINT('',(2.952755905512E-2,-3.937007874016E-1,
-2.952755905512E-2));
#2055=VERTEX_POINT('',#2053);
#2056=VERTEX_POINT('',#2054);
#2057=CARTESIAN_POINT('',(-6.488574371432E-2,-4.002515239821E-1,
-2.952755905512E-2));
#2058=CARTESIAN_POINT('',(6.488574371432E-2,-4.002515239821E-1,
-2.952755905512E-2));
#2059=VERTEX_POINT('',#2057);
#2060=VERTEX_POINT('',#2058);
#2061=CARTESIAN_POINT('',(-2.952755905512E-2,-3.937007874016E-1,
2.952755905512E-2));
#2062=CARTESIAN_POINT('',(2.952755905512E-2,-3.937007874016E-1,
2.952755905512E-2));
#2063=VERTEX_POINT('',#2061);
#2064=VERTEX_POINT('',#2062);
#2065=CARTESIAN_POINT('',(-6.488574371432E-2,-4.002515239821E-1,
2.952755905512E-2));
#2066=CARTESIAN_POINT('',(6.488574371432E-2,-4.002515239821E-1,
2.952755905512E-2));
#2067=VERTEX_POINT('',#2065);
#2068=VERTEX_POINT('',#2066);
#2069=CARTESIAN_POINT('',(-2.952755905512E-2,2.362204724409E-1,
-2.952755905512E-2));
#2070=CARTESIAN_POINT('',(2.952755905512E-2,2.362204724409E-1,
-2.952755905512E-2));
#2071=VERTEX_POINT('',#2069);
#2072=VERTEX_POINT('',#2070);
#2073=CARTESIAN_POINT('',(-2.952755905512E-2,2.362204724409E-1,
2.952755905512E-2));
#2074=CARTESIAN_POINT('',(2.952755905512E-2,2.362204724409E-1,
2.952755905512E-2));
#2075=VERTEX_POINT('',#2073);
#2076=VERTEX_POINT('',#2074);
#2077=CARTESIAN_POINT('',(2.952755905512E-2,-2.362204724409E-1,
-2.952755905512E-2));
#2078=CARTESIAN_POINT('',(-2.952755905512E-2,-2.362204724409E-1,
-2.952755905512E-2));
#2079=VERTEX_POINT('',#2077);
#2080=VERTEX_POINT('',#2078);
#2081=CARTESIAN_POINT('',(2.952755905512E-2,-2.362204724409E-1,
2.952755905512E-2));
#2082=CARTESIAN_POINT('',(-2.952755905512E-2,-2.362204724409E-1,
2.952755905512E-2));
#2083=VERTEX_POINT('',#2081);
#2084=VERTEX_POINT('',#2082);
#2085=CARTESIAN_POINT('',(-2.342519685039E-1,0.E0,2.952755905512E-2));
#2086=CARTESIAN_POINT('',(-2.933070866142E-1,0.E0,2.952755905512E-2));
#2087=VERTEX_POINT('',#2085);
#2088=VERTEX_POINT('',#2086);
#2089=CARTESIAN_POINT('',(-3.641732283465E-1,0.E0,2.952755905512E-2));
#2090=CARTESIAN_POINT('',(-4.232283464567E-1,0.E0,2.952755905512E-2));
#2091=VERTEX_POINT('',#2089);
#2092=VERTEX_POINT('',#2090);
#2093=CARTESIAN_POINT('',(2.933070866142E-1,0.E0,2.952755905512E-2));
#2094=CARTESIAN_POINT('',(2.342519685039E-1,0.E0,2.952755905512E-2));
#2095=VERTEX_POINT('',#2093);
#2096=VERTEX_POINT('',#2094);
#2097=CARTESIAN_POINT('',(4.232283464567E-1,0.E0,2.952755905512E-2));
#2098=CARTESIAN_POINT('',(3.641732283465E-1,0.E0,2.952755905512E-2));
#2099=VERTEX_POINT('',#2097);
#2100=VERTEX_POINT('',#2098);
#2101=CARTESIAN_POINT('',(-1.605724347802E-1,8.908327135831E-2,
2.952755905512E-2));
#2102=CARTESIAN_POINT('',(-4.002515239821E-1,6.488574371433E-2,
2.952755905512E-2));
#2103=VERTEX_POINT('',#2101);
#2104=VERTEX_POINT('',#2102);
#2105=CARTESIAN_POINT('',(-4.002515239821E-1,-6.488574371433E-2,
2.952755905512E-2));
#2106=VERTEX_POINT('',#2105);
#2107=CARTESIAN_POINT('',(-1.605724347802E-1,-8.908327135831E-2,
2.952755905512E-2));
#2108=VERTEX_POINT('',#2107);
#2109=CARTESIAN_POINT('',(1.605724347802E-1,-8.908327135831E-2,
2.952755905512E-2));
#2110=CARTESIAN_POINT('',(4.002515239821E-1,-6.488574371432E-2,
2.952755905512E-2));
#2111=VERTEX_POINT('',#2109);
#2112=VERTEX_POINT('',#2110);
#2113=CARTESIAN_POINT('',(4.002515239821E-1,6.488574371433E-2,
2.952755905512E-2));
#2114=VERTEX_POINT('',#2113);
#2115=CARTESIAN_POINT('',(1.605724347802E-1,8.908327135831E-2,
2.952755905512E-2));
#2116=VERTEX_POINT('',#2115);
#2117=CARTESIAN_POINT('',(-2.342519685039E-1,0.E0,-2.952755905512E-2));
#2118=CARTESIAN_POINT('',(-2.933070866142E-1,0.E0,-2.952755905512E-2));
#2119=VERTEX_POINT('',#2117);
#2120=VERTEX_POINT('',#2118);
#2121=CARTESIAN_POINT('',(-3.641732283465E-1,0.E0,-2.952755905512E-2));
#2122=CARTESIAN_POINT('',(-4.232283464567E-1,0.E0,-2.952755905512E-2));
#2123=VERTEX_POINT('',#2121);
#2124=VERTEX_POINT('',#2122);
#2125=CARTESIAN_POINT('',(2.933070866142E-1,0.E0,-2.952755905512E-2));
#2126=CARTESIAN_POINT('',(2.342519685039E-1,0.E0,-2.952755905512E-2));
#2127=VERTEX_POINT('',#2125);
#2128=VERTEX_POINT('',#2126);
#2129=CARTESIAN_POINT('',(4.232283464567E-1,0.E0,-2.952755905512E-2));
#2130=CARTESIAN_POINT('',(3.641732283465E-1,0.E0,-2.952755905512E-2));
#2131=VERTEX_POINT('',#2129);
#2132=VERTEX_POINT('',#2130);
#2133=CARTESIAN_POINT('',(-1.605724347802E-1,8.908327135831E-2,
-2.952755905512E-2));
#2134=CARTESIAN_POINT('',(-4.002515239821E-1,6.488574371433E-2,
-2.952755905512E-2));
#2135=VERTEX_POINT('',#2133);
#2136=VERTEX_POINT('',#2134);
#2137=CARTESIAN_POINT('',(-4.002515239821E-1,-6.488574371433E-2,
-2.952755905512E-2));
#2138=VERTEX_POINT('',#2137);
#2139=CARTESIAN_POINT('',(-1.605724347802E-1,-8.908327135831E-2,
-2.952755905512E-2));
#2140=VERTEX_POINT('',#2139);
#2141=CARTESIAN_POINT('',(1.605724347802E-1,-8.908327135831E-2,
-2.952755905512E-2));
#2142=CARTESIAN_POINT('',(4.002515239821E-1,-6.488574371432E-2,
-2.952755905512E-2));
#2143=VERTEX_POINT('',#2141);
#2144=VERTEX_POINT('',#2142);
#2145=CARTESIAN_POINT('',(4.002515239821E-1,6.488574371433E-2,
-2.952755905512E-2));
#2146=VERTEX_POINT('',#2145);
#2147=CARTESIAN_POINT('',(1.605724347802E-1,8.908327135831E-2,
-2.952755905512E-2));
#2148=VERTEX_POINT('',#2147);
#2149=CARTESIAN_POINT('',(-8.908327135831E-2,1.605724347802E-1,
-2.952755905512E-2));
#2150=CARTESIAN_POINT('',(-8.908327135831E-2,1.605724347802E-1,
2.952755905512E-2));
#2151=VERTEX_POINT('',#2149);
#2152=VERTEX_POINT('',#2150);
#2153=CARTESIAN_POINT('',(8.908327135831E-2,1.605724347802E-1,
-2.952755905512E-2));
#2154=CARTESIAN_POINT('',(8.908327135831E-2,1.605724347802E-1,
2.952755905512E-2));
#2155=VERTEX_POINT('',#2153);
#2156=VERTEX_POINT('',#2154);
#2157=CARTESIAN_POINT('',(8.908327135831E-2,-1.605724347802E-1,
-2.952755905512E-2));
#2158=CARTESIAN_POINT('',(8.908327135831E-2,-1.605724347802E-1,
2.952755905512E-2));
#2159=VERTEX_POINT('',#2157);
#2160=VERTEX_POINT('',#2158);
#2161=CARTESIAN_POINT('',(-8.908327135831E-2,-1.605724347802E-1,
-2.952755905512E-2));
#2162=CARTESIAN_POINT('',(-8.908327135831E-2,-1.605724347802E-1,
2.952755905512E-2));
#2163=VERTEX_POINT('',#2161);
#2164=VERTEX_POINT('',#2162);
#2165=CARTESIAN_POINT('',(-4.106066548631E-2,8.385698154456E-2,
-2.952755905512E-2));
#2166=CARTESIAN_POINT('',(-4.370686954437E-2,8.250867323242E-2,
-2.952755905512E-2));
#2167=VERTEX_POINT('',#2165);
#2168=VERTEX_POINT('',#2166);
#2169=CARTESIAN_POINT('',(-6.496424586842E-2,6.706428529919E-2,
-2.952755905512E-2));
#2170=CARTESIAN_POINT('',(-6.706428529918E-2,6.496424586843E-2,
-2.952755905512E-2));
#2171=VERTEX_POINT('',#2169);
#2172=VERTEX_POINT('',#2170);
#2173=CARTESIAN_POINT('',(-8.250867323242E-2,4.370686954437E-2,
-2.952755905512E-2));
#2174=CARTESIAN_POINT('',(-8.385698154456E-2,4.106066548631E-2,
-2.952755905512E-2));
#2175=VERTEX_POINT('',#2173);
#2176=VERTEX_POINT('',#2174);
#2177=CARTESIAN_POINT('',(-9.197657678870E-2,1.607112087489E-2,
-2.952755905512E-2));
#2178=CARTESIAN_POINT('',(-9.244117217041E-2,1.313778107991E-2,
-2.952755905512E-2));
#2179=VERTEX_POINT('',#2177);
#2180=VERTEX_POINT('',#2178);
#2181=CARTESIAN_POINT('',(-9.244117217041E-2,-1.313778107991E-2,
-2.952755905512E-2));
#2182=CARTESIAN_POINT('',(-9.197657678870E-2,-1.607112087489E-2,
-2.952755905512E-2));
#2183=VERTEX_POINT('',#2181);
#2184=VERTEX_POINT('',#2182);
#2185=CARTESIAN_POINT('',(-8.385698154456E-2,-4.106066548631E-2,
-2.952755905512E-2));
#2186=CARTESIAN_POINT('',(-8.250867323242E-2,-4.370686954437E-2,
-2.952755905512E-2));
#2187=VERTEX_POINT('',#2185);
#2188=VERTEX_POINT('',#2186);
#2189=CARTESIAN_POINT('',(-6.706428529919E-2,-6.496424586842E-2,
-2.952755905512E-2));
#2190=CARTESIAN_POINT('',(-6.496424586843E-2,-6.706428529918E-2,
-2.952755905512E-2));
#2191=VERTEX_POINT('',#2189);
#2192=VERTEX_POINT('',#2190);
#2193=CARTESIAN_POINT('',(-4.370686954437E-2,-8.250867323242E-2,
-2.952755905512E-2));
#2194=CARTESIAN_POINT('',(-4.106066548631E-2,-8.385698154456E-2,
-2.952755905512E-2));
#2195=VERTEX_POINT('',#2193);
#2196=VERTEX_POINT('',#2194);
#2197=CARTESIAN_POINT('',(-1.607112087489E-2,-9.197657678870E-2,
-2.952755905512E-2));
#2198=CARTESIAN_POINT('',(-1.313778107991E-2,-9.244117217041E-2,
-2.952755905512E-2));
#2199=VERTEX_POINT('',#2197);
#2200=VERTEX_POINT('',#2198);
#2201=CARTESIAN_POINT('',(1.313778107991E-2,-9.244117217041E-2,
-2.952755905512E-2));
#2202=CARTESIAN_POINT('',(1.607112087489E-2,-9.197657678870E-2,
-2.952755905512E-2));
#2203=VERTEX_POINT('',#2201);
#2204=VERTEX_POINT('',#2202);
#2205=CARTESIAN_POINT('',(4.106066548631E-2,-8.385698154456E-2,
-2.952755905512E-2));
#2206=CARTESIAN_POINT('',(4.370686954437E-2,-8.250867323242E-2,
-2.952755905512E-2));
#2207=VERTEX_POINT('',#2205);
#2208=VERTEX_POINT('',#2206);
#2209=CARTESIAN_POINT('',(6.496424586842E-2,-6.706428529919E-2,
-2.952755905512E-2));
#2210=CARTESIAN_POINT('',(6.706428529919E-2,-6.496424586842E-2,
-2.952755905512E-2));
#2211=VERTEX_POINT('',#2209);
#2212=VERTEX_POINT('',#2210);
#2213=CARTESIAN_POINT('',(8.250867323242E-2,-4.370686954437E-2,
-2.952755905512E-2));
#2214=CARTESIAN_POINT('',(8.385698154456E-2,-4.106066548631E-2,
-2.952755905512E-2));
#2215=VERTEX_POINT('',#2213);
#2216=VERTEX_POINT('',#2214);
#2217=CARTESIAN_POINT('',(9.197657678870E-2,-1.607112087489E-2,
-2.952755905512E-2));
#2218=CARTESIAN_POINT('',(9.244117217041E-2,-1.313778107991E-2,
-2.952755905512E-2));
#2219=VERTEX_POINT('',#2217);
#2220=VERTEX_POINT('',#2218);
#2221=CARTESIAN_POINT('',(9.244117217041E-2,1.313778107991E-2,
-2.952755905512E-2));
#2222=CARTESIAN_POINT('',(9.197657678870E-2,1.607112087489E-2,
-2.952755905512E-2));
#2223=VERTEX_POINT('',#2221);
#2224=VERTEX_POINT('',#2222);
#2225=CARTESIAN_POINT('',(8.385698154456E-2,4.106066548631E-2,
-2.952755905512E-2));
#2226=CARTESIAN_POINT('',(8.250867323242E-2,4.370686954437E-2,
-2.952755905512E-2));
#2227=VERTEX_POINT('',#2225);
#2228=VERTEX_POINT('',#2226);
#2229=CARTESIAN_POINT('',(6.706428529919E-2,6.496424586842E-2,
-2.952755905512E-2));
#2230=CARTESIAN_POINT('',(6.496424586842E-2,6.706428529919E-2,
-2.952755905512E-2));
#2231=VERTEX_POINT('',#2229);
#2232=VERTEX_POINT('',#2230);
#2233=CARTESIAN_POINT('',(4.370686954437E-2,8.250867323242E-2,
-2.952755905512E-2));
#2234=CARTESIAN_POINT('',(4.106066548631E-2,8.385698154456E-2,
-2.952755905512E-2));
#2235=VERTEX_POINT('',#2233);
#2236=VERTEX_POINT('',#2234);
#2237=CARTESIAN_POINT('',(1.607112087489E-2,9.197657678870E-2,
-2.952755905512E-2));
#2238=CARTESIAN_POINT('',(1.313778107991E-2,9.244117217041E-2,
-2.952755905512E-2));
#2239=VERTEX_POINT('',#2237);
#2240=VERTEX_POINT('',#2238);
#2241=CARTESIAN_POINT('',(-1.313778107991E-2,9.244117217041E-2,
-2.952755905512E-2));
#2242=CARTESIAN_POINT('',(-1.607112087489E-2,9.197657678870E-2,
-2.952755905512E-2));
#2243=VERTEX_POINT('',#2241);
#2244=VERTEX_POINT('',#2242);
#2245=CARTESIAN_POINT('',(-4.106066548631E-2,8.385698154456E-2,
2.952755905512E-2));
#2246=CARTESIAN_POINT('',(-4.370686954437E-2,8.250867323242E-2,
2.952755905512E-2));
#2247=VERTEX_POINT('',#2245);
#2248=VERTEX_POINT('',#2246);
#2249=CARTESIAN_POINT('',(-6.496424586842E-2,6.706428529919E-2,
2.952755905512E-2));
#2250=CARTESIAN_POINT('',(-6.706428529918E-2,6.496424586843E-2,
2.952755905512E-2));
#2251=VERTEX_POINT('',#2249);
#2252=VERTEX_POINT('',#2250);
#2253=CARTESIAN_POINT('',(-8.250867323242E-2,4.370686954437E-2,
2.952755905512E-2));
#2254=CARTESIAN_POINT('',(-8.385698154456E-2,4.106066548631E-2,
2.952755905512E-2));
#2255=VERTEX_POINT('',#2253);
#2256=VERTEX_POINT('',#2254);
#2257=CARTESIAN_POINT('',(-9.197657678870E-2,1.607112087489E-2,
2.952755905512E-2));
#2258=CARTESIAN_POINT('',(-9.244117217041E-2,1.313778107991E-2,
2.952755905512E-2));
#2259=VERTEX_POINT('',#2257);
#2260=VERTEX_POINT('',#2258);
#2261=CARTESIAN_POINT('',(-9.244117217041E-2,-1.313778107991E-2,
2.952755905512E-2));
#2262=CARTESIAN_POINT('',(-9.197657678870E-2,-1.607112087489E-2,
2.952755905512E-2));
#2263=VERTEX_POINT('',#2261);
#2264=VERTEX_POINT('',#2262);
#2265=CARTESIAN_POINT('',(-8.385698154456E-2,-4.106066548631E-2,
2.952755905512E-2));
#2266=CARTESIAN_POINT('',(-8.250867323242E-2,-4.370686954437E-2,
2.952755905512E-2));
#2267=VERTEX_POINT('',#2265);
#2268=VERTEX_POINT('',#2266);
#2269=CARTESIAN_POINT('',(-6.706428529919E-2,-6.496424586842E-2,
2.952755905512E-2));
#2270=CARTESIAN_POINT('',(-6.496424586843E-2,-6.706428529918E-2,
2.952755905512E-2));
#2271=VERTEX_POINT('',#2269);
#2272=VERTEX_POINT('',#2270);
#2273=CARTESIAN_POINT('',(-4.370686954437E-2,-8.250867323242E-2,
2.952755905512E-2));
#2274=CARTESIAN_POINT('',(-4.106066548631E-2,-8.385698154456E-2,
2.952755905512E-2));
#2275=VERTEX_POINT('',#2273);
#2276=VERTEX_POINT('',#2274);
#2277=CARTESIAN_POINT('',(-1.607112087489E-2,-9.197657678870E-2,
2.952755905512E-2));
#2278=CARTESIAN_POINT('',(-1.313778107991E-2,-9.244117217041E-2,
2.952755905512E-2));
#2279=VERTEX_POINT('',#2277);
#2280=VERTEX_POINT('',#2278);
#2281=CARTESIAN_POINT('',(1.313778107991E-2,-9.244117217041E-2,
2.952755905512E-2));
#2282=CARTESIAN_POINT('',(1.607112087489E-2,-9.197657678870E-2,
2.952755905512E-2));
#2283=VERTEX_POINT('',#2281);
#2284=VERTEX_POINT('',#2282);
#2285=CARTESIAN_POINT('',(4.106066548631E-2,-8.385698154456E-2,
2.952755905512E-2));
#2286=CARTESIAN_POINT('',(4.370686954437E-2,-8.250867323242E-2,
2.952755905512E-2));
#2287=VERTEX_POINT('',#2285);
#2288=VERTEX_POINT('',#2286);
#2289=CARTESIAN_POINT('',(6.496424586842E-2,-6.706428529919E-2,
2.952755905512E-2));
#2290=CARTESIAN_POINT('',(6.706428529919E-2,-6.496424586842E-2,
2.952755905512E-2));
#2291=VERTEX_POINT('',#2289);
#2292=VERTEX_POINT('',#2290);
#2293=CARTESIAN_POINT('',(8.250867323242E-2,-4.370686954437E-2,
2.952755905512E-2));
#2294=CARTESIAN_POINT('',(8.385698154456E-2,-4.106066548631E-2,
2.952755905512E-2));
#2295=VERTEX_POINT('',#2293);
#2296=VERTEX_POINT('',#2294);
#2297=CARTESIAN_POINT('',(9.197657678870E-2,-1.607112087489E-2,
2.952755905512E-2));
#2298=CARTESIAN_POINT('',(9.244117217041E-2,-1.313778107991E-2,
2.952755905512E-2));
#2299=VERTEX_POINT('',#2297);
#2300=VERTEX_POINT('',#2298);
#2301=CARTESIAN_POINT('',(9.244117217041E-2,1.313778107991E-2,
2.952755905512E-2));
#2302=CARTESIAN_POINT('',(9.197657678870E-2,1.607112087489E-2,
2.952755905512E-2));
#2303=VERTEX_POINT('',#2301);
#2304=VERTEX_POINT('',#2302);
#2305=CARTESIAN_POINT('',(8.385698154456E-2,4.106066548631E-2,
2.952755905512E-2));
#2306=CARTESIAN_POINT('',(8.250867323242E-2,4.370686954437E-2,
2.952755905512E-2));
#2307=VERTEX_POINT('',#2305);
#2308=VERTEX_POINT('',#2306);
#2309=CARTESIAN_POINT('',(6.706428529919E-2,6.496424586842E-2,
2.952755905512E-2));
#2310=CARTESIAN_POINT('',(6.496424586842E-2,6.706428529919E-2,
2.952755905512E-2));
#2311=VERTEX_POINT('',#2309);
#2312=VERTEX_POINT('',#2310);
#2313=CARTESIAN_POINT('',(4.370686954437E-2,8.250867323242E-2,
2.952755905512E-2));
#2314=CARTESIAN_POINT('',(4.106066548631E-2,8.385698154456E-2,
2.952755905512E-2));
#2315=VERTEX_POINT('',#2313);
#2316=VERTEX_POINT('',#2314);
#2317=CARTESIAN_POINT('',(1.607112087489E-2,9.197657678870E-2,
2.952755905512E-2));
#2318=CARTESIAN_POINT('',(1.313778107991E-2,9.244117217041E-2,
2.952755905512E-2));
#2319=VERTEX_POINT('',#2317);
#2320=VERTEX_POINT('',#2318);
#2321=CARTESIAN_POINT('',(-1.313778107991E-2,9.244117217041E-2,
2.952755905512E-2));
#2322=CARTESIAN_POINT('',(-1.607112087489E-2,9.197657678870E-2,
2.952755905512E-2));
#2323=VERTEX_POINT('',#2321);
#2324=VERTEX_POINT('',#2322);
#2325=CARTESIAN_POINT('',(-4.819144834248E-2,6.632983821991E-2,
2.952755905512E-2));
#2326=CARTESIAN_POINT('',(-4.819144834248E-2,6.632983821991E-2,
-2.952755905512E-2));
#2327=VERTEX_POINT('',#2325);
#2328=VERTEX_POINT('',#2326);
#2329=CARTESIAN_POINT('',(-6.632983821991E-2,4.819144834248E-2,
2.952755905512E-2));
#2330=CARTESIAN_POINT('',(-6.632983821991E-2,4.819144834248E-2,
-2.952755905512E-2));
#2331=VERTEX_POINT('',#2329);
#2332=VERTEX_POINT('',#2330);
#2333=CARTESIAN_POINT('',(-7.797540138522E-2,2.533574373173E-2,
2.952755905512E-2));
#2334=CARTESIAN_POINT('',(-7.797540138522E-2,2.533574373173E-2,
-2.952755905512E-2));
#2335=VERTEX_POINT('',#2333);
#2336=VERTEX_POINT('',#2334);
#2337=CARTESIAN_POINT('',(-8.198818897638E-2,0.E0,2.952755905512E-2));
#2338=CARTESIAN_POINT('',(-8.198818897638E-2,0.E0,-2.952755905512E-2));
#2339=VERTEX_POINT('',#2337);
#2340=VERTEX_POINT('',#2338);
#2341=CARTESIAN_POINT('',(-7.797540138522E-2,-2.533574373172E-2,
2.952755905512E-2));
#2342=CARTESIAN_POINT('',(-7.797540138522E-2,-2.533574373172E-2,
-2.952755905512E-2));
#2343=VERTEX_POINT('',#2341);
#2344=VERTEX_POINT('',#2342);
#2345=CARTESIAN_POINT('',(-6.632983821991E-2,-4.819144834248E-2,
2.952755905512E-2));
#2346=CARTESIAN_POINT('',(-6.632983821991E-2,-4.819144834248E-2,
-2.952755905512E-2));
#2347=VERTEX_POINT('',#2345);
#2348=VERTEX_POINT('',#2346);
#2349=CARTESIAN_POINT('',(-4.819144834248E-2,-6.632983821991E-2,
2.952755905512E-2));
#2350=CARTESIAN_POINT('',(-4.819144834248E-2,-6.632983821991E-2,
-2.952755905512E-2));
#2351=VERTEX_POINT('',#2349);
#2352=VERTEX_POINT('',#2350);
#2353=CARTESIAN_POINT('',(-2.533574373173E-2,-7.797540138522E-2,
2.952755905512E-2));
#2354=CARTESIAN_POINT('',(-2.533574373173E-2,-7.797540138522E-2,
-2.952755905512E-2));
#2355=VERTEX_POINT('',#2353);
#2356=VERTEX_POINT('',#2354);
#2357=CARTESIAN_POINT('',(0.E0,-8.198818897637E-2,2.952755905512E-2));
#2358=CARTESIAN_POINT('',(0.E0,-8.198818897637E-2,-2.952755905512E-2));
#2359=VERTEX_POINT('',#2357);
#2360=VERTEX_POINT('',#2358);
#2361=CARTESIAN_POINT('',(2.533574373172E-2,-7.797540138522E-2,
2.952755905512E-2));
#2362=CARTESIAN_POINT('',(2.533574373172E-2,-7.797540138522E-2,
-2.952755905512E-2));
#2363=VERTEX_POINT('',#2361);
#2364=VERTEX_POINT('',#2362);
#2365=CARTESIAN_POINT('',(4.819144834248E-2,-6.632983821991E-2,
2.952755905512E-2));
#2366=CARTESIAN_POINT('',(4.819144834248E-2,-6.632983821991E-2,
-2.952755905512E-2));
#2367=VERTEX_POINT('',#2365);
#2368=VERTEX_POINT('',#2366);
#2369=CARTESIAN_POINT('',(6.632983821991E-2,-4.819144834248E-2,
2.952755905512E-2));
#2370=CARTESIAN_POINT('',(6.632983821991E-2,-4.819144834248E-2,
-2.952755905512E-2));
#2371=VERTEX_POINT('',#2369);
#2372=VERTEX_POINT('',#2370);
#2373=CARTESIAN_POINT('',(7.797540138522E-2,-2.533574373172E-2,
2.952755905512E-2));
#2374=CARTESIAN_POINT('',(7.797540138522E-2,-2.533574373172E-2,
-2.952755905512E-2));
#2375=VERTEX_POINT('',#2373);
#2376=VERTEX_POINT('',#2374);
#2377=CARTESIAN_POINT('',(8.198818897637E-2,0.E0,2.952755905512E-2));
#2378=CARTESIAN_POINT('',(8.198818897637E-2,0.E0,-2.952755905512E-2));
#2379=VERTEX_POINT('',#2377);
#2380=VERTEX_POINT('',#2378);
#2381=CARTESIAN_POINT('',(7.797540138522E-2,2.533574373172E-2,
2.952755905512E-2));
#2382=CARTESIAN_POINT('',(7.797540138522E-2,2.533574373172E-2,
-2.952755905512E-2));
#2383=VERTEX_POINT('',#2381);
#2384=VERTEX_POINT('',#2382);
#2385=CARTESIAN_POINT('',(6.632983821991E-2,4.819144834248E-2,
2.952755905512E-2));
#2386=CARTESIAN_POINT('',(6.632983821991E-2,4.819144834248E-2,
-2.952755905512E-2));
#2387=VERTEX_POINT('',#2385);
#2388=VERTEX_POINT('',#2386);
#2389=CARTESIAN_POINT('',(4.819144834248E-2,6.632983821991E-2,
2.952755905512E-2));
#2390=CARTESIAN_POINT('',(4.819144834248E-2,6.632983821991E-2,
-2.952755905512E-2));
#2391=VERTEX_POINT('',#2389);
#2392=VERTEX_POINT('',#2390);
#2393=CARTESIAN_POINT('',(2.533574373172E-2,7.797540138522E-2,
2.952755905512E-2));
#2394=CARTESIAN_POINT('',(2.533574373172E-2,7.797540138522E-2,
-2.952755905512E-2));
#2395=VERTEX_POINT('',#2393);
#2396=VERTEX_POINT('',#2394);
#2397=CARTESIAN_POINT('',(0.E0,8.198818897637E-2,2.952755905512E-2));
#2398=CARTESIAN_POINT('',(0.E0,8.198818897637E-2,-2.952755905512E-2));
#2399=VERTEX_POINT('',#2397);
#2400=VERTEX_POINT('',#2398);
#2401=CARTESIAN_POINT('',(-2.533574373172E-2,7.797540138522E-2,
2.952755905512E-2));
#2402=CARTESIAN_POINT('',(-2.533574373172E-2,7.797540138522E-2,
-2.952755905512E-2));
#2403=VERTEX_POINT('',#2401);
#2404=VERTEX_POINT('',#2402);
#2405=CARTESIAN_POINT('',(0.E0,0.E0,-2.952755905512E-2));
#2406=DIRECTION('',(0.E0,0.E0,1.E0));
#2407=DIRECTION('',(1.E0,0.E0,0.E0));
#2408=AXIS2_PLACEMENT_3D('',#2405,#2406,#2407);
#2409=PLANE('',#2408);
#2411=ORIENTED_EDGE('',*,*,#2410,.T.);
#2413=ORIENTED_EDGE('',*,*,#2412,.T.);
#2415=ORIENTED_EDGE('',*,*,#2414,.T.);
#2417=ORIENTED_EDGE('',*,*,#2416,.T.);
#2419=ORIENTED_EDGE('',*,*,#2418,.T.);
#2421=ORIENTED_EDGE('',*,*,#2420,.T.);
#2423=ORIENTED_EDGE('',*,*,#2422,.T.);
#2425=ORIENTED_EDGE('',*,*,#2424,.T.);
#2427=ORIENTED_EDGE('',*,*,#2426,.T.);
#2429=ORIENTED_EDGE('',*,*,#2428,.T.);
#2431=ORIENTED_EDGE('',*,*,#2430,.T.);
#2433=ORIENTED_EDGE('',*,*,#2432,.T.);
#2435=ORIENTED_EDGE('',*,*,#2434,.T.);
#2437=ORIENTED_EDGE('',*,*,#2436,.T.);
#2439=ORIENTED_EDGE('',*,*,#2438,.T.);
#2441=ORIENTED_EDGE('',*,*,#2440,.T.);
#2442=EDGE_LOOP('',(#2411,#2413,#2415,#2417,#2419,#2421,#2423,#2425,#2427,#2429,
#2431,#2433,#2435,#2437,#2439,#2441));
#2443=FACE_OUTER_BOUND('',#2442,.F.);
#2445=ORIENTED_EDGE('',*,*,#2444,.T.);
#2447=ORIENTED_EDGE('',*,*,#2446,.T.);
#2448=EDGE_LOOP('',(#2445,#2447));
#2449=FACE_BOUND('',#2448,.F.);
#2451=ORIENTED_EDGE('',*,*,#2450,.T.);
#2453=ORIENTED_EDGE('',*,*,#2452,.T.);
#2454=EDGE_LOOP('',(#2451,#2453));
#2455=FACE_BOUND('',#2454,.F.);
#2457=ORIENTED_EDGE('',*,*,#2456,.T.);
#2459=ORIENTED_EDGE('',*,*,#2458,.T.);
#2460=EDGE_LOOP('',(#2457,#2459));
#2461=FACE_BOUND('',#2460,.F.);
#2463=ORIENTED_EDGE('',*,*,#2462,.T.);
#2465=ORIENTED_EDGE('',*,*,#2464,.T.);
#2466=EDGE_LOOP('',(#2463,#2465));
#2467=FACE_BOUND('',#2466,.F.);
#2469=ORIENTED_EDGE('',*,*,#2468,.T.);
#2471=ORIENTED_EDGE('',*,*,#2470,.T.);
#2472=EDGE_LOOP('',(#2469,#2471));
#2473=FACE_BOUND('',#2472,.F.);
#2475=ORIENTED_EDGE('',*,*,#2474,.T.);
#2477=ORIENTED_EDGE('',*,*,#2476,.T.);
#2478=EDGE_LOOP('',(#2475,#2477));
#2479=FACE_BOUND('',#2478,.F.);
#2481=ORIENTED_EDGE('',*,*,#2480,.T.);
#2483=ORIENTED_EDGE('',*,*,#2482,.T.);
#2484=EDGE_LOOP('',(#2481,#2483));
#2485=FACE_BOUND('',#2484,.F.);
#2487=ORIENTED_EDGE('',*,*,#2486,.T.);
#2489=ORIENTED_EDGE('',*,*,#2488,.T.);
#2490=EDGE_LOOP('',(#2487,#2489));
#2491=FACE_BOUND('',#2490,.F.);
#2493=ORIENTED_EDGE('',*,*,#2492,.F.);
#2495=ORIENTED_EDGE('',*,*,#2494,.F.);
#2497=ORIENTED_EDGE('',*,*,#2496,.F.);
#2499=ORIENTED_EDGE('',*,*,#2498,.F.);
#2501=ORIENTED_EDGE('',*,*,#2500,.F.);
#2503=ORIENTED_EDGE('',*,*,#2502,.F.);
#2505=ORIENTED_EDGE('',*,*,#2504,.F.);
#2507=ORIENTED_EDGE('',*,*,#2506,.F.);
#2509=ORIENTED_EDGE('',*,*,#2508,.F.);
#2511=ORIENTED_EDGE('',*,*,#2510,.F.);
#2513=ORIENTED_EDGE('',*,*,#2512,.F.);
#2515=ORIENTED_EDGE('',*,*,#2514,.F.);
#2517=ORIENTED_EDGE('',*,*,#2516,.F.);
#2519=ORIENTED_EDGE('',*,*,#2518,.F.);
#2521=ORIENTED_EDGE('',*,*,#2520,.F.);
#2523=ORIENTED_EDGE('',*,*,#2522,.F.);
#2525=ORIENTED_EDGE('',*,*,#2524,.F.);
#2527=ORIENTED_EDGE('',*,*,#2526,.F.);
#2529=ORIENTED_EDGE('',*,*,#2528,.F.);
#2531=ORIENTED_EDGE('',*,*,#2530,.F.);
#2533=ORIENTED_EDGE('',*,*,#2532,.F.);
#2535=ORIENTED_EDGE('',*,*,#2534,.F.);
#2537=ORIENTED_EDGE('',*,*,#2536,.F.);
#2539=ORIENTED_EDGE('',*,*,#2538,.F.);
#2541=ORIENTED_EDGE('',*,*,#2540,.F.);
#2543=ORIENTED_EDGE('',*,*,#2542,.F.);
#2545=ORIENTED_EDGE('',*,*,#2544,.F.);
#2547=ORIENTED_EDGE('',*,*,#2546,.F.);
#2549=ORIENTED_EDGE('',*,*,#2548,.F.);
#2551=ORIENTED_EDGE('',*,*,#2550,.F.);
#2553=ORIENTED_EDGE('',*,*,#2552,.F.);
#2555=ORIENTED_EDGE('',*,*,#2554,.F.);
#2557=ORIENTED_EDGE('',*,*,#2556,.F.);
#2559=ORIENTED_EDGE('',*,*,#2558,.F.);
#2561=ORIENTED_EDGE('',*,*,#2560,.F.);
#2563=ORIENTED_EDGE('',*,*,#2562,.F.);
#2565=ORIENTED_EDGE('',*,*,#2564,.F.);
#2567=ORIENTED_EDGE('',*,*,#2566,.F.);
#2569=ORIENTED_EDGE('',*,*,#2568,.F.);
#2571=ORIENTED_EDGE('',*,*,#2570,.F.);
#2573=ORIENTED_EDGE('',*,*,#2572,.F.);
#2575=ORIENTED_EDGE('',*,*,#2574,.F.);
#2577=ORIENTED_EDGE('',*,*,#2576,.F.);
#2579=ORIENTED_EDGE('',*,*,#2578,.F.);
#2581=ORIENTED_EDGE('',*,*,#2580,.F.);
#2583=ORIENTED_EDGE('',*,*,#2582,.F.);
#2585=ORIENTED_EDGE('',*,*,#2584,.F.);
#2587=ORIENTED_EDGE('',*,*,#2586,.F.);
#2589=ORIENTED_EDGE('',*,*,#2588,.F.);
#2591=ORIENTED_EDGE('',*,*,#2590,.F.);
#2593=ORIENTED_EDGE('',*,*,#2592,.F.);
#2595=ORIENTED_EDGE('',*,*,#2594,.F.);
#2597=ORIENTED_EDGE('',*,*,#2596,.F.);
#2599=ORIENTED_EDGE('',*,*,#2598,.F.);
#2601=ORIENTED_EDGE('',*,*,#2600,.F.);
#2603=ORIENTED_EDGE('',*,*,#2602,.F.);
#2605=ORIENTED_EDGE('',*,*,#2604,.F.);
#2607=ORIENTED_EDGE('',*,*,#2606,.F.);
#2609=ORIENTED_EDGE('',*,*,#2608,.F.);
#2611=ORIENTED_EDGE('',*,*,#2610,.F.);
#2612=EDGE_LOOP('',(#2493,#2495,#2497,#2499,#2501,#2503,#2505,#2507,#2509,#2511,
#2513,#2515,#2517,#2519,#2521,#2523,#2525,#2527,#2529,#2531,#2533,#2535,#2537,
#2539,#2541,#2543,#2545,#2547,#2549,#2551,#2553,#2555,#2557,#2559,#2561,#2563,
#2565,#2567,#2569,#2571,#2573,#2575,#2577,#2579,#2581,#2583,#2585,#2587,#2589,
#2591,#2593,#2595,#2597,#2599,#2601,#2603,#2605,#2607,#2609,#2611));
#2613=FACE_BOUND('',#2612,.F.);
#2615=FILL_AREA_STYLE_COLOUR('',#7);
#2616=FILL_AREA_STYLE('',(#2615));
#2617=SURFACE_STYLE_FILL_AREA(#2616);
#2618=SURFACE_SIDE_STYLE('',(#2617));
#2619=SURFACE_STYLE_USAGE(.BOTH.,#2618);
#2620=PRESENTATION_STYLE_ASSIGNMENT((#2619));
#2621=STYLED_ITEM('',(#2620),#2614);
#2622=CARTESIAN_POINT('',(3.937007874016E-1,0.E0,2.952755905512E-2));
#2623=DIRECTION('',(0.E0,0.E0,1.E0));
#2624=DIRECTION('',(1.E0,0.E0,0.E0));
#2625=AXIS2_PLACEMENT_3D('',#2622,#2623,#2624);
#2626=CYLINDRICAL_SURFACE('',#2625,2.952755905512E-2);
#2628=ORIENTED_EDGE('',*,*,#2627,.T.);
#2630=ORIENTED_EDGE('',*,*,#2629,.T.);
#2631=ORIENTED_EDGE('',*,*,#2486,.F.);
#2633=ORIENTED_EDGE('',*,*,#2632,.F.);
#2634=EDGE_LOOP('',(#2628,#2630,#2631,#2633));
#2635=FACE_OUTER_BOUND('',#2634,.F.);
#2637=FILL_AREA_STYLE_COLOUR('',#7);
#2638=FILL_AREA_STYLE('',(#2637));
#2639=SURFACE_STYLE_FILL_AREA(#2638);
#2640=SURFACE_SIDE_STYLE('',(#2639));
#2641=SURFACE_STYLE_USAGE(.BOTH.,#2640);
#2642=PRESENTATION_STYLE_ASSIGNMENT((#2641));
#2643=STYLED_ITEM('',(#2642),#2636);
#2644=CARTESIAN_POINT('',(0.E0,0.E0,2.952755905512E-2));
#2645=DIRECTION('',(0.E0,0.E0,1.E0));
#2646=DIRECTION('',(1.E0,0.E0,0.E0));
#2647=AXIS2_PLACEMENT_3D('',#2644,#2645,#2646);
#2648=PLANE('',#2647);
#2650=ORIENTED_EDGE('',*,*,#2649,.F.);
#2652=ORIENTED_EDGE('',*,*,#2651,.F.);
#2654=ORIENTED_EDGE('',*,*,#2653,.F.);
#2656=ORIENTED_EDGE('',*,*,#2655,.F.);
#2658=ORIENTED_EDGE('',*,*,#2657,.F.);
#2660=ORIENTED_EDGE('',*,*,#2659,.F.);
#2662=ORIENTED_EDGE('',*,*,#2661,.F.);
#2664=ORIENTED_EDGE('',*,*,#2663,.F.);
#2666=ORIENTED_EDGE('',*,*,#2665,.F.);
#2668=ORIENTED_EDGE('',*,*,#2667,.F.);
#2670=ORIENTED_EDGE('',*,*,#2669,.F.);
#2672=ORIENTED_EDGE('',*,*,#2671,.F.);
#2674=ORIENTED_EDGE('',*,*,#2673,.F.);
#2676=ORIENTED_EDGE('',*,*,#2675,.F.);
#2678=ORIENTED_EDGE('',*,*,#2677,.F.);
#2680=ORIENTED_EDGE('',*,*,#2679,.F.);
#2681=EDGE_LOOP('',(#2650,#2652,#2654,#2656,#2658,#2660,#2662,#2664,#2666,#2668,
#2670,#2672,#2674,#2676,#2678,#2680));
#2682=FACE_OUTER_BOUND('',#2681,.F.);
#2684=ORIENTED_EDGE('',*,*,#2683,.F.);
#2686=ORIENTED_EDGE('',*,*,#2685,.F.);
#2687=EDGE_LOOP('',(#2684,#2686));
#2688=FACE_BOUND('',#2687,.F.);
#2690=ORIENTED_EDGE('',*,*,#2689,.F.);
#2692=ORIENTED_EDGE('',*,*,#2691,.F.);
#2693=EDGE_LOOP('',(#2690,#2692));
#2694=FACE_BOUND('',#2693,.F.);
#2696=ORIENTED_EDGE('',*,*,#2695,.F.);
#2698=ORIENTED_EDGE('',*,*,#2697,.F.);
#2699=EDGE_LOOP('',(#2696,#2698));
#2700=FACE_BOUND('',#2699,.F.);
#2702=ORIENTED_EDGE('',*,*,#2701,.F.);
#2704=ORIENTED_EDGE('',*,*,#2703,.F.);
#2705=EDGE_LOOP('',(#2702,#2704));
#2706=FACE_BOUND('',#2705,.F.);
#2708=ORIENTED_EDGE('',*,*,#2707,.F.);
#2710=ORIENTED_EDGE('',*,*,#2709,.F.);
#2711=EDGE_LOOP('',(#2708,#2710));
#2712=FACE_BOUND('',#2711,.F.);
#2714=ORIENTED_EDGE('',*,*,#2713,.F.);
#2716=ORIENTED_EDGE('',*,*,#2715,.F.);
#2717=EDGE_LOOP('',(#2714,#2716));
#2718=FACE_BOUND('',#2717,.F.);
#2720=ORIENTED_EDGE('',*,*,#2719,.F.);
#2722=ORIENTED_EDGE('',*,*,#2721,.F.);
#2723=EDGE_LOOP('',(#2720,#2722));
#2724=FACE_BOUND('',#2723,.F.);
#2725=ORIENTED_EDGE('',*,*,#2627,.F.);
#2727=ORIENTED_EDGE('',*,*,#2726,.F.);
#2728=EDGE_LOOP('',(#2725,#2727));
#2729=FACE_BOUND('',#2728,.F.);
#2731=ORIENTED_EDGE('',*,*,#2730,.F.);
#2733=ORIENTED_EDGE('',*,*,#2732,.T.);
#2735=ORIENTED_EDGE('',*,*,#2734,.F.);
#2737=ORIENTED_EDGE('',*,*,#2736,.F.);
#2739=ORIENTED_EDGE('',*,*,#2738,.T.);
#2741=ORIENTED_EDGE('',*,*,#2740,.F.);
#2743=ORIENTED_EDGE('',*,*,#2742,.F.);
#2745=ORIENTED_EDGE('',*,*,#2744,.T.);
#2747=ORIENTED_EDGE('',*,*,#2746,.F.);
#2749=ORIENTED_EDGE('',*,*,#2748,.F.);
#2751=ORIENTED_EDGE('',*,*,#2750,.T.);
#2753=ORIENTED_EDGE('',*,*,#2752,.F.);
#2755=ORIENTED_EDGE('',*,*,#2754,.F.);
#2757=ORIENTED_EDGE('',*,*,#2756,.T.);
#2759=ORIENTED_EDGE('',*,*,#2758,.F.);
#2761=ORIENTED_EDGE('',*,*,#2760,.F.);
#2763=ORIENTED_EDGE('',*,*,#2762,.T.);
#2765=ORIENTED_EDGE('',*,*,#2764,.F.);
#2767=ORIENTED_EDGE('',*,*,#2766,.F.);
#2769=ORIENTED_EDGE('',*,*,#2768,.T.);
#2771=ORIENTED_EDGE('',*,*,#2770,.F.);
#2773=ORIENTED_EDGE('',*,*,#2772,.F.);
#2775=ORIENTED_EDGE('',*,*,#2774,.T.);
#2777=ORIENTED_EDGE('',*,*,#2776,.F.);
#2779=ORIENTED_EDGE('',*,*,#2778,.F.);
#2781=ORIENTED_EDGE('',*,*,#2780,.T.);
#2783=ORIENTED_EDGE('',*,*,#2782,.F.);
#2785=ORIENTED_EDGE('',*,*,#2784,.F.);
#2787=ORIENTED_EDGE('',*,*,#2786,.T.);
#2789=ORIENTED_EDGE('',*,*,#2788,.F.);
#2791=ORIENTED_EDGE('',*,*,#2790,.F.);
#2793=ORIENTED_EDGE('',*,*,#2792,.T.);
#2795=ORIENTED_EDGE('',*,*,#2794,.F.);
#2797=ORIENTED_EDGE('',*,*,#2796,.F.);
#2799=ORIENTED_EDGE('',*,*,#2798,.T.);
#2801=ORIENTED_EDGE('',*,*,#2800,.F.);
#2803=ORIENTED_EDGE('',*,*,#2802,.F.);
#2805=ORIENTED_EDGE('',*,*,#2804,.T.);
#2807=ORIENTED_EDGE('',*,*,#2806,.F.);
#2809=ORIENTED_EDGE('',*,*,#2808,.F.);
#2811=ORIENTED_EDGE('',*,*,#2810,.T.);
#2813=ORIENTED_EDGE('',*,*,#2812,.F.);
#2815=ORIENTED_EDGE('',*,*,#2814,.F.);
#2817=ORIENTED_EDGE('',*,*,#2816,.T.);
#2819=ORIENTED_EDGE('',*,*,#2818,.F.);
#2821=ORIENTED_EDGE('',*,*,#2820,.F.);
#2823=ORIENTED_EDGE('',*,*,#2822,.T.);
#2825=ORIENTED_EDGE('',*,*,#2824,.F.);
#2827=ORIENTED_EDGE('',*,*,#2826,.F.);
#2829=ORIENTED_EDGE('',*,*,#2828,.T.);
#2831=ORIENTED_EDGE('',*,*,#2830,.F.);
#2833=ORIENTED_EDGE('',*,*,#2832,.F.);
#2835=ORIENTED_EDGE('',*,*,#2834,.T.);
#2837=ORIENTED_EDGE('',*,*,#2836,.F.);
#2839=ORIENTED_EDGE('',*,*,#2838,.F.);
#2841=ORIENTED_EDGE('',*,*,#2840,.T.);
#2843=ORIENTED_EDGE('',*,*,#2842,.F.);
#2845=ORIENTED_EDGE('',*,*,#2844,.F.);
#2847=ORIENTED_EDGE('',*,*,#2846,.T.);
#2849=ORIENTED_EDGE('',*,*,#2848,.F.);
#2850=EDGE_LOOP('',(#2731,#2733,#2735,#2737,#2739,#2741,#2743,#2745,#2747,#2749,
#2751,#2753,#2755,#2757,#2759,#2761,#2763,#2765,#2767,#2769,#2771,#2773,#2775,
#2777,#2779,#2781,#2783,#2785,#2787,#2789,#2791,#2793,#2795,#2797,#2799,#2801,
#2803,#2805,#2807,#2809,#2811,#2813,#2815,#2817,#2819,#2821,#2823,#2825,#2827,
#2829,#2831,#2833,#2835,#2837,#2839,#2841,#2843,#2845,#2847,#2849));
#2851=FACE_BOUND('',#2850,.F.);
#2853=FILL_AREA_STYLE_COLOUR('',#7);
#2854=FILL_AREA_STYLE('',(#2853));
#2855=SURFACE_STYLE_FILL_AREA(#2854);
#2856=SURFACE_SIDE_STYLE('',(#2855));
#2857=SURFACE_STYLE_USAGE(.BOTH.,#2856);
#2858=PRESENTATION_STYLE_ASSIGNMENT((#2857));
#2859=STYLED_ITEM('',(#2858),#2852);
#2860=CARTESIAN_POINT('',(3.937007874016E-1,0.E0,2.952755905512E-2));
#2861=DIRECTION('',(0.E0,0.E0,1.E0));
#2862=DIRECTION('',(1.E0,0.E0,0.E0));
#2863=AXIS2_PLACEMENT_3D('',#2860,#2861,#2862);
#2864=CYLINDRICAL_SURFACE('',#2863,2.952755905512E-2);
#2865=ORIENTED_EDGE('',*,*,#2726,.T.);
#2866=ORIENTED_EDGE('',*,*,#2632,.T.);
#2867=ORIENTED_EDGE('',*,*,#2488,.F.);
#2868=ORIENTED_EDGE('',*,*,#2629,.F.);
#2869=EDGE_LOOP('',(#2865,#2866,#2867,#2868));
#2870=FACE_OUTER_BOUND('',#2869,.F.);
#2872=FILL_AREA_STYLE_COLOUR('',#7);
#2873=FILL_AREA_STYLE('',(#2872));
#2874=SURFACE_STYLE_FILL_AREA(#2873);
#2875=SURFACE_SIDE_STYLE('',(#2874));
#2876=SURFACE_STYLE_USAGE(.BOTH.,#2875);
#2877=PRESENTATION_STYLE_ASSIGNMENT((#2876));
#2878=STYLED_ITEM('',(#2877),#2871);
#2879=CARTESIAN_POINT('',(2.637795275591E-1,0.E0,2.952755905512E-2));
#2880=DIRECTION('',(0.E0,0.E0,1.E0));
#2881=DIRECTION('',(1.E0,0.E0,0.E0));
#2882=AXIS2_PLACEMENT_3D('',#2879,#2880,#2881);
#2883=CYLINDRICAL_SURFACE('',#2882,2.952755905512E-2);
#2884=ORIENTED_EDGE('',*,*,#2683,.T.);
#2886=ORIENTED_EDGE('',*,*,#2885,.T.);
#2887=ORIENTED_EDGE('',*,*,#2444,.F.);
#2889=ORIENTED_EDGE('',*,*,#2888,.F.);
#2890=EDGE_LOOP('',(#2884,#2886,#2887,#2889));
#2891=FACE_OUTER_BOUND('',#2890,.F.);
#2893=FILL_AREA_STYLE_COLOUR('',#7);
#2894=FILL_AREA_STYLE('',(#2893));
#2895=SURFACE_STYLE_FILL_AREA(#2894);
#2896=SURFACE_SIDE_STYLE('',(#2895));
#2897=SURFACE_STYLE_USAGE(.BOTH.,#2896);
#2898=PRESENTATION_STYLE_ASSIGNMENT((#2897));
#2899=STYLED_ITEM('',(#2898),#2892);
#2900=CARTESIAN_POINT('',(2.637795275591E-1,0.E0,2.952755905512E-2));
#2901=DIRECTION('',(0.E0,0.E0,1.E0));
#2902=DIRECTION('',(1.E0,0.E0,0.E0));
#2903=AXIS2_PLACEMENT_3D('',#2900,#2901,#2902);
#2904=CYLINDRICAL_SURFACE('',#2903,2.952755905512E-2);
#2905=ORIENTED_EDGE('',*,*,#2685,.T.);
#2906=ORIENTED_EDGE('',*,*,#2888,.T.);
#2907=ORIENTED_EDGE('',*,*,#2446,.F.);
#2908=ORIENTED_EDGE('',*,*,#2885,.F.);
#2909=EDGE_LOOP('',(#2905,#2906,#2907,#2908));
#2910=FACE_OUTER_BOUND('',#2909,.F.);
#2912=FILL_AREA_STYLE_COLOUR('',#7);
#2913=FILL_AREA_STYLE('',(#2912));
#2914=SURFACE_STYLE_FILL_AREA(#2913);
#2915=SURFACE_SIDE_STYLE('',(#2914));
#2916=SURFACE_STYLE_USAGE(.BOTH.,#2915);
#2917=PRESENTATION_STYLE_ASSIGNMENT((#2916));
#2918=STYLED_ITEM('',(#2917),#2911);
#2919=CARTESIAN_POINT('',(-3.937007874016E-1,0.E0,2.952755905512E-2));
#2920=DIRECTION('',(0.E0,0.E0,1.E0));
#2921=DIRECTION('',(1.E0,0.E0,0.E0));
#2922=AXIS2_PLACEMENT_3D('',#2919,#2920,#2921);
#2923=CYLINDRICAL_SURFACE('',#2922,2.952755905512E-2);
#2924=ORIENTED_EDGE('',*,*,#2689,.T.);
#2926=ORIENTED_EDGE('',*,*,#2925,.T.);
#2927=ORIENTED_EDGE('',*,*,#2450,.F.);
#2929=ORIENTED_EDGE('',*,*,#2928,.F.);
#2930=EDGE_LOOP('',(#2924,#2926,#2927,#2929));
#2931=FACE_OUTER_BOUND('',#2930,.F.);
#2933=FILL_AREA_STYLE_COLOUR('',#7);
#2934=FILL_AREA_STYLE('',(#2933));
#2935=SURFACE_STYLE_FILL_AREA(#2934);
#2936=SURFACE_SIDE_STYLE('',(#2935));
#2937=SURFACE_STYLE_USAGE(.BOTH.,#2936);
#2938=PRESENTATION_STYLE_ASSIGNMENT((#2937));
#2939=STYLED_ITEM('',(#2938),#2932);
#2940=CARTESIAN_POINT('',(-3.937007874016E-1,0.E0,2.952755905512E-2));
#2941=DIRECTION('',(0.E0,0.E0,1.E0));
#2942=DIRECTION('',(1.E0,0.E0,0.E0));
#2943=AXIS2_PLACEMENT_3D('',#2940,#2941,#2942);
#2944=CYLINDRICAL_SURFACE('',#2943,2.952755905512E-2);
#2945=ORIENTED_EDGE('',*,*,#2691,.T.);
#2946=ORIENTED_EDGE('',*,*,#2928,.T.);
#2947=ORIENTED_EDGE('',*,*,#2452,.F.);
#2948=ORIENTED_EDGE('',*,*,#2925,.F.);
#2949=EDGE_LOOP('',(#2945,#2946,#2947,#2948));
#2950=FACE_OUTER_BOUND('',#2949,.F.);
#2952=FILL_AREA_STYLE_COLOUR('',#7);
#2953=FILL_AREA_STYLE('',(#2952));
#2954=SURFACE_STYLE_FILL_AREA(#2953);
#2955=SURFACE_SIDE_STYLE('',(#2954));
#2956=SURFACE_STYLE_USAGE(.BOTH.,#2955);
#2957=PRESENTATION_STYLE_ASSIGNMENT((#2956));
#2958=STYLED_ITEM('',(#2957),#2951);
#2959=CARTESIAN_POINT('',(-2.637795275591E-1,0.E0,2.952755905512E-2));
#2960=DIRECTION('',(0.E0,0.E0,1.E0));
#2961=DIRECTION('',(1.E0,0.E0,0.E0));
#2962=AXIS2_PLACEMENT_3D('',#2959,#2960,#2961);
#2963=CYLINDRICAL_SURFACE('',#2962,2.952755905512E-2);
#2964=ORIENTED_EDGE('',*,*,#2695,.T.);
#2966=ORIENTED_EDGE('',*,*,#2965,.T.);
#2967=ORIENTED_EDGE('',*,*,#2456,.F.);
#2969=ORIENTED_EDGE('',*,*,#2968,.F.);
#2970=EDGE_LOOP('',(#2964,#2966,#2967,#2969));
#2971=FACE_OUTER_BOUND('',#2970,.F.);
#2973=FILL_AREA_STYLE_COLOUR('',#7);
#2974=FILL_AREA_STYLE('',(#2973));
#2975=SURFACE_STYLE_FILL_AREA(#2974);
#2976=SURFACE_SIDE_STYLE('',(#2975));
#2977=SURFACE_STYLE_USAGE(.BOTH.,#2976);
#2978=PRESENTATION_STYLE_ASSIGNMENT((#2977));
#2979=STYLED_ITEM('',(#2978),#2972);
#2980=CARTESIAN_POINT('',(-2.637795275591E-1,0.E0,2.952755905512E-2));
#2981=DIRECTION('',(0.E0,0.E0,1.E0));
#2982=DIRECTION('',(1.E0,0.E0,0.E0));
#2983=AXIS2_PLACEMENT_3D('',#2980,#2981,#2982);
#2984=CYLINDRICAL_SURFACE('',#2983,2.952755905512E-2);
#2985=ORIENTED_EDGE('',*,*,#2697,.T.);
#2986=ORIENTED_EDGE('',*,*,#2968,.T.);
#2987=ORIENTED_EDGE('',*,*,#2458,.F.);
#2988=ORIENTED_EDGE('',*,*,#2965,.F.);
#2989=EDGE_LOOP('',(#2985,#2986,#2987,#2988));
#2990=FACE_OUTER_BOUND('',#2989,.F.);
#2992=FILL_AREA_STYLE_COLOUR('',#7);
#2993=FILL_AREA_STYLE('',(#2992));
#2994=SURFACE_STYLE_FILL_AREA(#2993);
#2995=SURFACE_SIDE_STYLE('',(#2994));
#2996=SURFACE_STYLE_USAGE(.BOTH.,#2995);
#2997=PRESENTATION_STYLE_ASSIGNMENT((#2996));
#2998=STYLED_ITEM('',(#2997),#2991);
#2999=CARTESIAN_POINT('',(0.E0,-2.362204724409E-1,-2.952755905512E-2));
#3000=DIRECTION('',(0.E0,0.E0,1.E0));
#3001=DIRECTION('',(-1.E0,0.E0,0.E0));
#3002=AXIS2_PLACEMENT_3D('',#2999,#3000,#3001);
#3003=CYLINDRICAL_SURFACE('',#3002,2.952755905512E-2);
#3004=ORIENTED_EDGE('',*,*,#2462,.F.);
#3006=ORIENTED_EDGE('',*,*,#3005,.T.);
#3007=ORIENTED_EDGE('',*,*,#2701,.T.);
#3009=ORIENTED_EDGE('',*,*,#3008,.F.);
#3010=EDGE_LOOP('',(#3004,#3006,#3007,#3009));
#3011=FACE_OUTER_BOUND('',#3010,.F.);
#3013=FILL_AREA_STYLE_COLOUR('',#7);
#3014=FILL_AREA_STYLE('',(#3013));
#3015=SURFACE_STYLE_FILL_AREA(#3014);
#3016=SURFACE_SIDE_STYLE('',(#3015));
#3017=SURFACE_STYLE_USAGE(.BOTH.,#3016);
#3018=PRESENTATION_STYLE_ASSIGNMENT((#3017));
#3019=STYLED_ITEM('',(#3018),#3012);
#3020=CARTESIAN_POINT('',(0.E0,-2.362204724409E-1,-2.952755905512E-2));
#3021=DIRECTION('',(0.E0,0.E0,1.E0));
#3022=DIRECTION('',(-1.E0,0.E0,0.E0));
#3023=AXIS2_PLACEMENT_3D('',#3020,#3021,#3022);
#3024=CYLINDRICAL_SURFACE('',#3023,2.952755905512E-2);
#3025=ORIENTED_EDGE('',*,*,#2464,.F.);
#3026=ORIENTED_EDGE('',*,*,#3008,.T.);
#3027=ORIENTED_EDGE('',*,*,#2703,.T.);
#3028=ORIENTED_EDGE('',*,*,#3005,.F.);
#3029=EDGE_LOOP('',(#3025,#3026,#3027,#3028));
#3030=FACE_OUTER_BOUND('',#3029,.F.);
#3032=FILL_AREA_STYLE_COLOUR('',#7);
#3033=FILL_AREA_STYLE('',(#3032));
#3034=SURFACE_STYLE_FILL_AREA(#3033);
#3035=SURFACE_SIDE_STYLE('',(#3034));
#3036=SURFACE_STYLE_USAGE(.BOTH.,#3035);
#3037=PRESENTATION_STYLE_ASSIGNMENT((#3036));
#3038=STYLED_ITEM('',(#3037),#3031);
#3039=CARTESIAN_POINT('',(0.E0,-3.937007874016E-1,-2.952755905512E-2));
#3040=DIRECTION('',(0.E0,0.E0,1.E0));
#3041=DIRECTION('',(-1.E0,0.E0,0.E0));
#3042=AXIS2_PLACEMENT_3D('',#3039,#3040,#3041);
#3043=CYLINDRICAL_SURFACE('',#3042,2.952755905512E-2);
#3044=ORIENTED_EDGE('',*,*,#2468,.F.);
#3046=ORIENTED_EDGE('',*,*,#3045,.T.);
#3047=ORIENTED_EDGE('',*,*,#2707,.T.);
#3049=ORIENTED_EDGE('',*,*,#3048,.F.);
#3050=EDGE_LOOP('',(#3044,#3046,#3047,#3049));
#3051=FACE_OUTER_BOUND('',#3050,.F.);
#3053=FILL_AREA_STYLE_COLOUR('',#7);
#3054=FILL_AREA_STYLE('',(#3053));
#3055=SURFACE_STYLE_FILL_AREA(#3054);
#3056=SURFACE_SIDE_STYLE('',(#3055));
#3057=SURFACE_STYLE_USAGE(.BOTH.,#3056);
#3058=PRESENTATION_STYLE_ASSIGNMENT((#3057));
#3059=STYLED_ITEM('',(#3058),#3052);
#3060=CARTESIAN_POINT('',(0.E0,-3.937007874016E-1,-2.952755905512E-2));
#3061=DIRECTION('',(0.E0,0.E0,1.E0));
#3062=DIRECTION('',(-1.E0,0.E0,0.E0));
#3063=AXIS2_PLACEMENT_3D('',#3060,#3061,#3062);
#3064=CYLINDRICAL_SURFACE('',#3063,2.952755905512E-2);
#3065=ORIENTED_EDGE('',*,*,#2470,.F.);
#3066=ORIENTED_EDGE('',*,*,#3048,.T.);
#3067=ORIENTED_EDGE('',*,*,#2709,.T.);
#3068=ORIENTED_EDGE('',*,*,#3045,.F.);
#3069=EDGE_LOOP('',(#3065,#3066,#3067,#3068));
#3070=FACE_OUTER_BOUND('',#3069,.F.);
#3072=FILL_AREA_STYLE_COLOUR('',#7);
#3073=FILL_AREA_STYLE('',(#3072));
#3074=SURFACE_STYLE_FILL_AREA(#3073);
#3075=SURFACE_SIDE_STYLE('',(#3074));
#3076=SURFACE_STYLE_USAGE(.BOTH.,#3075);
#3077=PRESENTATION_STYLE_ASSIGNMENT((#3076));
#3078=STYLED_ITEM('',(#3077),#3071);
#3079=CARTESIAN_POINT('',(0.E0,3.937007874016E-1,-2.952755905512E-2));
#3080=DIRECTION('',(0.E0,0.E0,1.E0));
#3081=DIRECTION('',(1.E0,0.E0,0.E0));
#3082=AXIS2_PLACEMENT_3D('',#3079,#3080,#3081);
#3083=CYLINDRICAL_SURFACE('',#3082,2.952755905512E-2);
#3084=ORIENTED_EDGE('',*,*,#2474,.F.);
#3086=ORIENTED_EDGE('',*,*,#3085,.T.);
#3087=ORIENTED_EDGE('',*,*,#2713,.T.);
#3089=ORIENTED_EDGE('',*,*,#3088,.F.);
#3090=EDGE_LOOP('',(#3084,#3086,#3087,#3089));
#3091=FACE_OUTER_BOUND('',#3090,.F.);
#3093=FILL_AREA_STYLE_COLOUR('',#7);
#3094=FILL_AREA_STYLE('',(#3093));
#3095=SURFACE_STYLE_FILL_AREA(#3094);
#3096=SURFACE_SIDE_STYLE('',(#3095));
#3097=SURFACE_STYLE_USAGE(.BOTH.,#3096);
#3098=PRESENTATION_STYLE_ASSIGNMENT((#3097));
#3099=STYLED_ITEM('',(#3098),#3092);
#3100=CARTESIAN_POINT('',(0.E0,3.937007874016E-1,-2.952755905512E-2));
#3101=DIRECTION('',(0.E0,0.E0,1.E0));
#3102=DIRECTION('',(1.E0,0.E0,0.E0));
#3103=AXIS2_PLACEMENT_3D('',#3100,#3101,#3102);
#3104=CYLINDRICAL_SURFACE('',#3103,2.952755905512E-2);
#3105=ORIENTED_EDGE('',*,*,#2476,.F.);
#3106=ORIENTED_EDGE('',*,*,#3088,.T.);
#3107=ORIENTED_EDGE('',*,*,#2715,.T.);
#3108=ORIENTED_EDGE('',*,*,#3085,.F.);
#3109=EDGE_LOOP('',(#3105,#3106,#3107,#3108));
#3110=FACE_OUTER_BOUND('',#3109,.F.);
#3112=FILL_AREA_STYLE_COLOUR('',#7);
#3113=FILL_AREA_STYLE('',(#3112));
#3114=SURFACE_STYLE_FILL_AREA(#3113);
#3115=SURFACE_SIDE_STYLE('',(#3114));
#3116=SURFACE_STYLE_USAGE(.BOTH.,#3115);
#3117=PRESENTATION_STYLE_ASSIGNMENT((#3116));
#3118=STYLED_ITEM('',(#3117),#3111);
#3119=CARTESIAN_POINT('',(0.E0,2.362204724409E-1,-2.952755905512E-2));
#3120=DIRECTION('',(0.E0,0.E0,1.E0));
#3121=DIRECTION('',(1.E0,0.E0,0.E0));
#3122=AXIS2_PLACEMENT_3D('',#3119,#3120,#3121);
#3123=CYLINDRICAL_SURFACE('',#3122,2.952755905512E-2);
#3124=ORIENTED_EDGE('',*,*,#2480,.F.);
#3126=ORIENTED_EDGE('',*,*,#3125,.T.);
#3127=ORIENTED_EDGE('',*,*,#2719,.T.);
#3129=ORIENTED_EDGE('',*,*,#3128,.F.);
#3130=EDGE_LOOP('',(#3124,#3126,#3127,#3129));
#3131=FACE_OUTER_BOUND('',#3130,.F.);
#3133=FILL_AREA_STYLE_COLOUR('',#7);
#3134=FILL_AREA_STYLE('',(#3133));
#3135=SURFACE_STYLE_FILL_AREA(#3134);
#3136=SURFACE_SIDE_STYLE('',(#3135));
#3137=SURFACE_STYLE_USAGE(.BOTH.,#3136);
#3138=PRESENTATION_STYLE_ASSIGNMENT((#3137));
#3139=STYLED_ITEM('',(#3138),#3132);
#3140=CARTESIAN_POINT('',(0.E0,2.362204724409E-1,-2.952755905512E-2));
#3141=DIRECTION('',(0.E0,0.E0,1.E0));
#3142=DIRECTION('',(1.E0,0.E0,0.E0));
#3143=AXIS2_PLACEMENT_3D('',#3140,#3141,#3142);
#3144=CYLINDRICAL_SURFACE('',#3143,2.952755905512E-2);
#3145=ORIENTED_EDGE('',*,*,#2482,.F.);
#3146=ORIENTED_EDGE('',*,*,#3128,.T.);
#3147=ORIENTED_EDGE('',*,*,#2721,.T.);
#3148=ORIENTED_EDGE('',*,*,#3125,.F.);
#3149=EDGE_LOOP('',(#3145,#3146,#3147,#3148));
#3150=FACE_OUTER_BOUND('',#3149,.F.);
#3152=FILL_AREA_STYLE_COLOUR('',#7);
#3153=FILL_AREA_STYLE('',(#3152));
#3154=SURFACE_STYLE_FILL_AREA(#3153);
#3155=SURFACE_SIDE_STYLE('',(#3154));
#3156=SURFACE_STYLE_USAGE(.BOTH.,#3155);
#3157=PRESENTATION_STYLE_ASSIGNMENT((#3156));
#3158=STYLED_ITEM('',(#3157),#3151);
#3159=CARTESIAN_POINT('',(1.052943473533E-1,0.E0,-2.952755905512E-2));
#3160=DIRECTION('',(9.949423683719E-1,1.004474171819E-1,0.E0));
#3161=DIRECTION('',(-1.004474171819E-1,9.949423683719E-1,0.E0));
#3162=AXIS2_PLACEMENT_3D('',#3159,#3160,#3161);
#3163=PLANE('',#3162);
#3165=ORIENTED_EDGE('',*,*,#3164,.T.);
#3166=ORIENTED_EDGE('',*,*,#2649,.T.);
#3168=ORIENTED_EDGE('',*,*,#3167,.F.);
#3169=ORIENTED_EDGE('',*,*,#2422,.F.);
#3170=EDGE_LOOP('',(#3165,#3166,#3168,#3169));
#3171=FACE_OUTER_BOUND('',#3170,.F.);
#3173=FILL_AREA_STYLE_COLOUR('',#7);
#3174=FILL_AREA_STYLE('',(#3173));
#3175=SURFACE_STYLE_FILL_AREA(#3174);
#3176=SURFACE_SIDE_STYLE('',(#3175));
#3177=SURFACE_STYLE_USAGE(.BOTH.,#3176);
#3178=PRESENTATION_STYLE_ASSIGNMENT((#3177));
#3179=STYLED_ITEM('',(#3178),#3172);
#3180=CARTESIAN_POINT('',(1.686003189093E-1,1.686003189093E-1,
2.952755905512E-2));
#3181=DIRECTION('',(0.E0,0.E0,1.E0));
#3182=DIRECTION('',(1.E0,0.E0,0.E0));
#3183=AXIS2_PLACEMENT_3D('',#3180,#3181,#3182);
#3184=CYLINDRICAL_SURFACE('',#3183,7.992125984252E-2);
#3185=ORIENTED_EDGE('',*,*,#3164,.F.);
#3186=ORIENTED_EDGE('',*,*,#2420,.F.);
#3188=ORIENTED_EDGE('',*,*,#3187,.F.);
#3189=ORIENTED_EDGE('',*,*,#2651,.T.);
#3190=EDGE_LOOP('',(#3185,#3186,#3188,#3189));
#3191=FACE_OUTER_BOUND('',#3190,.F.);
#3193=FILL_AREA_STYLE_COLOUR('',#7);
#3194=FILL_AREA_STYLE('',(#3193));
#3195=SURFACE_STYLE_FILL_AREA(#3194);
#3196=SURFACE_SIDE_STYLE('',(#3195));
#3197=SURFACE_STYLE_USAGE(.BOTH.,#3196);
#3198=PRESENTATION_STYLE_ASSIGNMENT((#3197));
#3199=STYLED_ITEM('',(#3198),#3192);
#3200=CARTESIAN_POINT('',(4.002515239821E-1,6.488574371433E-2,
2.952755905512E-2));
#3201=DIRECTION('',(1.004474171819E-1,9.949423683719E-1,0.E0));
#3202=DIRECTION('',(-9.949423683719E-1,1.004474171819E-1,0.E0));
#3203=AXIS2_PLACEMENT_3D('',#3200,#3201,#3202);
#3204=PLANE('',#3203);
#3205=ORIENTED_EDGE('',*,*,#2653,.T.);
#3206=ORIENTED_EDGE('',*,*,#3187,.T.);
#3207=ORIENTED_EDGE('',*,*,#2418,.F.);
#3209=ORIENTED_EDGE('',*,*,#3208,.F.);
#3210=EDGE_LOOP('',(#3205,#3206,#3207,#3209));
#3211=FACE_OUTER_BOUND('',#3210,.F.);
#3213=FILL_AREA_STYLE_COLOUR('',#7);
#3214=FILL_AREA_STYLE('',(#3213));
#3215=SURFACE_STYLE_FILL_AREA(#3214);
#3216=SURFACE_SIDE_STYLE('',(#3215));
#3217=SURFACE_STYLE_USAGE(.BOTH.,#3216);
#3218=PRESENTATION_STYLE_ASSIGNMENT((#3217));
#3219=STYLED_ITEM('',(#3218),#3212);
#3220=CARTESIAN_POINT('',(3.937007874016E-1,0.E0,2.952755905512E-2));
#3221=DIRECTION('',(0.E0,0.E0,1.E0));
#3222=DIRECTION('',(1.E0,0.E0,0.E0));
#3223=AXIS2_PLACEMENT_3D('',#3220,#3221,#3222);
#3224=CYLINDRICAL_SURFACE('',#3223,6.521558009486E-2);
#3225=ORIENTED_EDGE('',*,*,#2655,.T.);
#3226=ORIENTED_EDGE('',*,*,#3208,.T.);
#3227=ORIENTED_EDGE('',*,*,#2416,.F.);
#3229=ORIENTED_EDGE('',*,*,#3228,.F.);
#3230=EDGE_LOOP('',(#3225,#3226,#3227,#3229));
#3231=FACE_OUTER_BOUND('',#3230,.F.);
#3233=FILL_AREA_STYLE_COLOUR('',#7);
#3234=FILL_AREA_STYLE('',(#3233));
#3235=SURFACE_STYLE_FILL_AREA(#3234);
#3236=SURFACE_SIDE_STYLE('',(#3235));
#3237=SURFACE_STYLE_USAGE(.BOTH.,#3236);
#3238=PRESENTATION_STYLE_ASSIGNMENT((#3237));
#3239=STYLED_ITEM('',(#3238),#3232);
#3240=CARTESIAN_POINT('',(1.605724347802E-1,-8.908327135831E-2,
2.952755905512E-2));
#3241=DIRECTION('',(1.004474171819E-1,-9.949423683719E-1,0.E0));
#3242=DIRECTION('',(9.949423683719E-1,1.004474171819E-1,0.E0));
#3243=AXIS2_PLACEMENT_3D('',#3240,#3241,#3242);
#3244=PLANE('',#3243);
#3245=ORIENTED_EDGE('',*,*,#2657,.T.);
#3246=ORIENTED_EDGE('',*,*,#3228,.T.);
#3247=ORIENTED_EDGE('',*,*,#2414,.F.);
#3249=ORIENTED_EDGE('',*,*,#3248,.F.);
#3250=EDGE_LOOP('',(#3245,#3246,#3247,#3249));
#3251=FACE_OUTER_BOUND('',#3250,.F.);
#3253=FILL_AREA_STYLE_COLOUR('',#7);
#3254=FILL_AREA_STYLE('',(#3253));
#3255=SURFACE_STYLE_FILL_AREA(#3254);
#3256=SURFACE_SIDE_STYLE('',(#3255));
#3257=SURFACE_STYLE_USAGE(.BOTH.,#3256);
#3258=PRESENTATION_STYLE_ASSIGNMENT((#3257));
#3259=STYLED_ITEM('',(#3258),#3252);
#3260=CARTESIAN_POINT('',(1.686003189093E-1,-1.686003189093E-1,
2.952755905512E-2));
#3261=DIRECTION('',(0.E0,0.E0,1.E0));
#3262=DIRECTION('',(1.E0,0.E0,0.E0));
#3263=AXIS2_PLACEMENT_3D('',#3260,#3261,#3262);
#3264=CYLINDRICAL_SURFACE('',#3263,7.992125984252E-2);
#3266=ORIENTED_EDGE('',*,*,#3265,.T.);
#3267=ORIENTED_EDGE('',*,*,#2659,.T.);
#3268=ORIENTED_EDGE('',*,*,#3248,.T.);
#3269=ORIENTED_EDGE('',*,*,#2412,.F.);
#3270=EDGE_LOOP('',(#3266,#3267,#3268,#3269));
#3271=FACE_OUTER_BOUND('',#3270,.F.);
#3273=FILL_AREA_STYLE_COLOUR('',#7);
#3274=FILL_AREA_STYLE('',(#3273));
#3275=SURFACE_STYLE_FILL_AREA(#3274);
#3276=SURFACE_SIDE_STYLE('',(#3275));
#3277=SURFACE_STYLE_USAGE(.BOTH.,#3276);
#3278=PRESENTATION_STYLE_ASSIGNMENT((#3277));
#3279=STYLED_ITEM('',(#3278),#3272);
#3280=CARTESIAN_POINT('',(6.488574371432E-2,-4.002515239821E-1,
-2.952755905512E-2));
#3281=DIRECTION('',(9.949423683719E-1,-1.004474171819E-1,0.E0));
#3282=DIRECTION('',(1.004474171819E-1,9.949423683719E-1,0.E0));
#3283=AXIS2_PLACEMENT_3D('',#3280,#3281,#3282);
#3284=PLANE('',#3283);
#3285=ORIENTED_EDGE('',*,*,#3265,.F.);
#3286=ORIENTED_EDGE('',*,*,#2410,.F.);
#3288=ORIENTED_EDGE('',*,*,#3287,.T.);
#3289=ORIENTED_EDGE('',*,*,#2661,.T.);
#3290=EDGE_LOOP('',(#3285,#3286,#3288,#3289));
#3291=FACE_OUTER_BOUND('',#3290,.F.);
#3293=FILL_AREA_STYLE_COLOUR('',#7);
#3294=FILL_AREA_STYLE('',(#3293));
#3295=SURFACE_STYLE_FILL_AREA(#3294);
#3296=SURFACE_SIDE_STYLE('',(#3295));
#3297=SURFACE_STYLE_USAGE(.BOTH.,#3296);
#3298=PRESENTATION_STYLE_ASSIGNMENT((#3297));
#3299=STYLED_ITEM('',(#3298),#3292);
#3300=CARTESIAN_POINT('',(0.E0,-3.937007874016E-1,-2.952755905512E-2));
#3301=DIRECTION('',(0.E0,0.E0,1.E0));
#3302=DIRECTION('',(-1.E0,0.E0,0.E0));
#3303=AXIS2_PLACEMENT_3D('',#3300,#3301,#3302);
#3304=CYLINDRICAL_SURFACE('',#3303,6.521558009486E-2);
#3305=ORIENTED_EDGE('',*,*,#2440,.F.);
#3307=ORIENTED_EDGE('',*,*,#3306,.T.);
#3308=ORIENTED_EDGE('',*,*,#2663,.T.);
#3309=ORIENTED_EDGE('',*,*,#3287,.F.);
#3310=EDGE_LOOP('',(#3305,#3307,#3308,#3309));
#3311=FACE_OUTER_BOUND('',#3310,.F.);
#3313=FILL_AREA_STYLE_COLOUR('',#7);
#3314=FILL_AREA_STYLE('',(#3313));
#3315=SURFACE_STYLE_FILL_AREA(#3314);
#3316=SURFACE_SIDE_STYLE('',(#3315));
#3317=SURFACE_STYLE_USAGE(.BOTH.,#3316);
#3318=PRESENTATION_STYLE_ASSIGNMENT((#3317));
#3319=STYLED_ITEM('',(#3318),#3312);
#3320=CARTESIAN_POINT('',(-1.052943473533E-1,0.E0,-2.952755905512E-2));
#3321=DIRECTION('',(-9.949423683719E-1,-1.004474171819E-1,0.E0));
#3322=DIRECTION('',(1.004474171819E-1,-9.949423683719E-1,0.E0));
#3323=AXIS2_PLACEMENT_3D('',#3320,#3321,#3322);
#3324=PLANE('',#3323);
#3326=ORIENTED_EDGE('',*,*,#3325,.T.);
#3327=ORIENTED_EDGE('',*,*,#2665,.T.);
#3328=ORIENTED_EDGE('',*,*,#3306,.F.);
#3329=ORIENTED_EDGE('',*,*,#2438,.F.);
#3330=EDGE_LOOP('',(#3326,#3327,#3328,#3329));
#3331=FACE_OUTER_BOUND('',#3330,.F.);
#3333=FILL_AREA_STYLE_COLOUR('',#7);
#3334=FILL_AREA_STYLE('',(#3333));
#3335=SURFACE_STYLE_FILL_AREA(#3334);
#3336=SURFACE_SIDE_STYLE('',(#3335));
#3337=SURFACE_STYLE_USAGE(.BOTH.,#3336);
#3338=PRESENTATION_STYLE_ASSIGNMENT((#3337));
#3339=STYLED_ITEM('',(#3338),#3332);
#3340=CARTESIAN_POINT('',(-1.686003189093E-1,-1.686003189093E-1,
2.952755905512E-2));
#3341=DIRECTION('',(0.E0,0.E0,1.E0));
#3342=DIRECTION('',(1.E0,0.E0,0.E0));
#3343=AXIS2_PLACEMENT_3D('',#3340,#3341,#3342);
#3344=CYLINDRICAL_SURFACE('',#3343,7.992125984252E-2);
#3345=ORIENTED_EDGE('',*,*,#3325,.F.);
#3346=ORIENTED_EDGE('',*,*,#2436,.F.);
#3348=ORIENTED_EDGE('',*,*,#3347,.F.);
#3349=ORIENTED_EDGE('',*,*,#2667,.T.);
#3350=EDGE_LOOP('',(#3345,#3346,#3348,#3349));
#3351=FACE_OUTER_BOUND('',#3350,.F.);
#3353=FILL_AREA_STYLE_COLOUR('',#7);
#3354=FILL_AREA_STYLE('',(#3353));
#3355=SURFACE_STYLE_FILL_AREA(#3354);
#3356=SURFACE_SIDE_STYLE('',(#3355));
#3357=SURFACE_STYLE_USAGE(.BOTH.,#3356);
#3358=PRESENTATION_STYLE_ASSIGNMENT((#3357));
#3359=STYLED_ITEM('',(#3358),#3352);
#3360=CARTESIAN_POINT('',(-4.002515239821E-1,-6.488574371432E-2,
2.952755905512E-2));
#3361=DIRECTION('',(-1.004474171819E-1,-9.949423683719E-1,0.E0));
#3362=DIRECTION('',(9.949423683719E-1,-1.004474171819E-1,0.E0));
#3363=AXIS2_PLACEMENT_3D('',#3360,#3361,#3362);
#3364=PLANE('',#3363);
#3365=ORIENTED_EDGE('',*,*,#2669,.T.);
#3366=ORIENTED_EDGE('',*,*,#3347,.T.);
#3367=ORIENTED_EDGE('',*,*,#2434,.F.);
#3369=ORIENTED_EDGE('',*,*,#3368,.F.);
#3370=EDGE_LOOP('',(#3365,#3366,#3367,#3369));
#3371=FACE_OUTER_BOUND('',#3370,.F.);
#3373=FILL_AREA_STYLE_COLOUR('',#7);
#3374=FILL_AREA_STYLE('',(#3373));
#3375=SURFACE_STYLE_FILL_AREA(#3374);
#3376=SURFACE_SIDE_STYLE('',(#3375));
#3377=SURFACE_STYLE_USAGE(.BOTH.,#3376);
#3378=PRESENTATION_STYLE_ASSIGNMENT((#3377));
#3379=STYLED_ITEM('',(#3378),#3372);
#3380=CARTESIAN_POINT('',(-3.937007874016E-1,0.E0,2.952755905512E-2));
#3381=DIRECTION('',(0.E0,0.E0,1.E0));
#3382=DIRECTION('',(1.E0,0.E0,0.E0));
#3383=AXIS2_PLACEMENT_3D('',#3380,#3381,#3382);
#3384=CYLINDRICAL_SURFACE('',#3383,6.521558009486E-2);
#3385=ORIENTED_EDGE('',*,*,#2671,.T.);
#3386=ORIENTED_EDGE('',*,*,#3368,.T.);
#3387=ORIENTED_EDGE('',*,*,#2432,.F.);
#3389=ORIENTED_EDGE('',*,*,#3388,.F.);
#3390=EDGE_LOOP('',(#3385,#3386,#3387,#3389));
#3391=FACE_OUTER_BOUND('',#3390,.F.);
#3393=FILL_AREA_STYLE_COLOUR('',#7);
#3394=FILL_AREA_STYLE('',(#3393));
#3395=SURFACE_STYLE_FILL_AREA(#3394);
#3396=SURFACE_SIDE_STYLE('',(#3395));
#3397=SURFACE_STYLE_USAGE(.BOTH.,#3396);
#3398=PRESENTATION_STYLE_ASSIGNMENT((#3397));
#3399=STYLED_ITEM('',(#3398),#3392);
#3400=CARTESIAN_POINT('',(-1.605724347802E-1,8.908327135831E-2,
2.952755905512E-2));
#3401=DIRECTION('',(-1.004474171819E-1,9.949423683719E-1,0.E0));
#3402=DIRECTION('',(-9.949423683719E-1,-1.004474171819E-1,0.E0));
#3403=AXIS2_PLACEMENT_3D('',#3400,#3401,#3402);
#3404=PLANE('',#3403);
#3405=ORIENTED_EDGE('',*,*,#2673,.T.);
#3406=ORIENTED_EDGE('',*,*,#3388,.T.);
#3407=ORIENTED_EDGE('',*,*,#2430,.F.);
#3409=ORIENTED_EDGE('',*,*,#3408,.F.);
#3410=EDGE_LOOP('',(#3405,#3406,#3407,#3409));
#3411=FACE_OUTER_BOUND('',#3410,.F.);
#3413=FILL_AREA_STYLE_COLOUR('',#7);
#3414=FILL_AREA_STYLE('',(#3413));
#3415=SURFACE_STYLE_FILL_AREA(#3414);
#3416=SURFACE_SIDE_STYLE('',(#3415));
#3417=SURFACE_STYLE_USAGE(.BOTH.,#3416);
#3418=PRESENTATION_STYLE_ASSIGNMENT((#3417));
#3419=STYLED_ITEM('',(#3418),#3412);
#3420=CARTESIAN_POINT('',(-1.686003189093E-1,1.686003189093E-1,
2.952755905512E-2));
#3421=DIRECTION('',(0.E0,0.E0,1.E0));
#3422=DIRECTION('',(1.E0,0.E0,0.E0));
#3423=AXIS2_PLACEMENT_3D('',#3420,#3421,#3422);
#3424=CYLINDRICAL_SURFACE('',#3423,7.992125984252E-2);
#3426=ORIENTED_EDGE('',*,*,#3425,.T.);
#3427=ORIENTED_EDGE('',*,*,#2675,.T.);
#3428=ORIENTED_EDGE('',*,*,#3408,.T.);
#3429=ORIENTED_EDGE('',*,*,#2428,.F.);
#3430=EDGE_LOOP('',(#3426,#3427,#3428,#3429));
#3431=FACE_OUTER_BOUND('',#3430,.F.);
#3433=FILL_AREA_STYLE_COLOUR('',#7);
#3434=FILL_AREA_STYLE('',(#3433));
#3435=SURFACE_STYLE_FILL_AREA(#3434);
#3436=SURFACE_SIDE_STYLE('',(#3435));
#3437=SURFACE_STYLE_USAGE(.BOTH.,#3436);
#3438=PRESENTATION_STYLE_ASSIGNMENT((#3437));
#3439=STYLED_ITEM('',(#3438),#3432);
#3440=CARTESIAN_POINT('',(-6.488574371432E-2,4.002515239821E-1,
-2.952755905512E-2));
#3441=DIRECTION('',(-9.949423683719E-1,1.004474171819E-1,0.E0));
#3442=DIRECTION('',(-1.004474171819E-1,-9.949423683719E-1,0.E0));
#3443=AXIS2_PLACEMENT_3D('',#3440,#3441,#3442);
#3444=PLANE('',#3443);
#3445=ORIENTED_EDGE('',*,*,#3425,.F.);
#3446=ORIENTED_EDGE('',*,*,#2426,.F.);
#3448=ORIENTED_EDGE('',*,*,#3447,.T.);
#3449=ORIENTED_EDGE('',*,*,#2677,.T.);
#3450=EDGE_LOOP('',(#3445,#3446,#3448,#3449));
#3451=FACE_OUTER_BOUND('',#3450,.F.);
#3453=FILL_AREA_STYLE_COLOUR('',#7);
#3454=FILL_AREA_STYLE('',(#3453));
#3455=SURFACE_STYLE_FILL_AREA(#3454);
#3456=SURFACE_SIDE_STYLE('',(#3455));
#3457=SURFACE_STYLE_USAGE(.BOTH.,#3456);
#3458=PRESENTATION_STYLE_ASSIGNMENT((#3457));
#3459=STYLED_ITEM('',(#3458),#3452);
#3460=CARTESIAN_POINT('',(0.E0,3.937007874016E-1,-2.952755905512E-2));
#3461=DIRECTION('',(0.E0,0.E0,1.E0));
#3462=DIRECTION('',(1.E0,0.E0,0.E0));
#3463=AXIS2_PLACEMENT_3D('',#3460,#3461,#3462);
#3464=CYLINDRICAL_SURFACE('',#3463,6.521558009486E-2);
#3465=ORIENTED_EDGE('',*,*,#2424,.F.);
#3466=ORIENTED_EDGE('',*,*,#3167,.T.);
#3467=ORIENTED_EDGE('',*,*,#2679,.T.);
#3468=ORIENTED_EDGE('',*,*,#3447,.F.);
#3469=EDGE_LOOP('',(#3465,#3466,#3467,#3468));
#3470=FACE_OUTER_BOUND('',#3469,.F.);
#3472=FILL_AREA_STYLE_COLOUR('',#7);
#3473=FILL_AREA_STYLE('',(#3472));
#3474=SURFACE_STYLE_FILL_AREA(#3473);
#3475=SURFACE_SIDE_STYLE('',(#3474));
#3476=SURFACE_STYLE_USAGE(.BOTH.,#3475);
#3477=PRESENTATION_STYLE_ASSIGNMENT((#3476));
#3478=STYLED_ITEM('',(#3477),#3471);
#3479=CARTESIAN_POINT('',(-2.790618312735E-2,7.893682081777E-2,
2.952755905512E-2));
#3480=DIRECTION('',(3.503261522278E-1,9.366277740198E-1,0.E0));
#3481=DIRECTION('',(-9.366277740198E-1,3.503261522278E-1,0.E0));
#3482=AXIS2_PLACEMENT_3D('',#3479,#3480,#3481);
#3483=PLANE('',#3482);
#3484=ORIENTED_EDGE('',*,*,#2730,.T.);
#3486=ORIENTED_EDGE('',*,*,#3485,.T.);
#3487=ORIENTED_EDGE('',*,*,#2492,.T.);
#3489=ORIENTED_EDGE('',*,*,#3488,.F.);
#3490=EDGE_LOOP('',(#3484,#3486,#3487,#3489));
#3491=FACE_OUTER_BOUND('',#3490,.F.);
#3493=FILL_AREA_STYLE_COLOUR('',#7);
#3494=FILL_AREA_STYLE('',(#3493));
#3495=SURFACE_STYLE_FILL_AREA(#3494);
#3496=SURFACE_SIDE_STYLE('',(#3495));
#3497=SURFACE_STYLE_USAGE(.BOTH.,#3496);
#3498=PRESENTATION_STYLE_ASSIGNMENT((#3497));
#3499=STYLED_ITEM('',(#3498),#3492);
#3500=CARTESIAN_POINT('',(-1.607112087489E-2,9.197657678870E-2,
2.952755905512E-2));
#3501=DIRECTION('',(-8.339558031826E-1,5.518312408138E-1,0.E0));
#3502=DIRECTION('',(-5.518312408138E-1,-8.339558031826E-1,0.E0));
#3503=AXIS2_PLACEMENT_3D('',#3500,#3501,#3502);
#3504=PLANE('',#3503);
#3505=ORIENTED_EDGE('',*,*,#2494,.T.);
#3506=ORIENTED_EDGE('',*,*,#3485,.F.);
#3507=ORIENTED_EDGE('',*,*,#2848,.T.);
#3509=ORIENTED_EDGE('',*,*,#3508,.T.);
#3510=EDGE_LOOP('',(#3505,#3506,#3507,#3509));
#3511=FACE_OUTER_BOUND('',#3510,.F.);
#3513=FILL_AREA_STYLE_COLOUR('',#7);
#3514=FILL_AREA_STYLE('',(#3513));
#3515=SURFACE_STYLE_FILL_AREA(#3514);
#3516=SURFACE_SIDE_STYLE('',(#3515));
#3517=SURFACE_STYLE_USAGE(.BOTH.,#3516);
#3518=PRESENTATION_STYLE_ASSIGNMENT((#3517));
#3519=STYLED_ITEM('',(#3518),#3512);
#3520=CARTESIAN_POINT('',(0.E0,0.E0,2.952755905512E-2));
#3521=DIRECTION('',(0.E0,0.E0,1.E0));
#3522=DIRECTION('',(1.E0,0.E0,0.E0));
#3523=AXIS2_PLACEMENT_3D('',#3520,#3521,#3522);
#3524=CYLINDRICAL_SURFACE('',#3523,9.337007874016E-2);
#3525=ORIENTED_EDGE('',*,*,#2496,.T.);
#3526=ORIENTED_EDGE('',*,*,#3508,.F.);
#3527=ORIENTED_EDGE('',*,*,#2846,.F.);
#3529=ORIENTED_EDGE('',*,*,#3528,.T.);
#3530=EDGE_LOOP('',(#3525,#3526,#3527,#3529));
#3531=FACE_OUTER_BOUND('',#3530,.F.);
#3533=FILL_AREA_STYLE_COLOUR('',#7);
#3534=FILL_AREA_STYLE('',(#3533));
#3535=SURFACE_STYLE_FILL_AREA(#3534);
#3536=SURFACE_SIDE_STYLE('',(#3535));
#3537=SURFACE_STYLE_USAGE(.BOTH.,#3536);
#3538=PRESENTATION_STYLE_ASSIGNMENT((#3537));
#3539=STYLED_ITEM('',(#3538),#3532);
#3540=CARTESIAN_POINT('',(0.E0,8.198818897637E-2,2.952755905512E-2));
#3541=DIRECTION('',(6.226138694805E-1,7.825292132122E-1,0.E0));
#3542=DIRECTION('',(-7.825292132122E-1,6.226138694805E-1,0.E0));
#3543=AXIS2_PLACEMENT_3D('',#3540,#3541,#3542);
#3544=PLANE('',#3543);
#3545=ORIENTED_EDGE('',*,*,#2498,.T.);
#3546=ORIENTED_EDGE('',*,*,#3528,.F.);
#3547=ORIENTED_EDGE('',*,*,#2844,.T.);
#3549=ORIENTED_EDGE('',*,*,#3548,.T.);
#3550=EDGE_LOOP('',(#3545,#3546,#3547,#3549));
#3551=FACE_OUTER_BOUND('',#3550,.F.);
#3553=FILL_AREA_STYLE_COLOUR('',#7);
#3554=FILL_AREA_STYLE('',(#3553));
#3555=SURFACE_STYLE_FILL_AREA(#3554);
#3556=SURFACE_SIDE_STYLE('',(#3555));
#3557=SURFACE_STYLE_USAGE(.BOTH.,#3556);
#3558=PRESENTATION_STYLE_ASSIGNMENT((#3557));
#3559=STYLED_ITEM('',(#3558),#3552);
#3560=CARTESIAN_POINT('',(1.313778107991E-2,9.244117217041E-2,
2.952755905512E-2));
#3561=DIRECTION('',(-6.226138694805E-1,7.825292132122E-1,0.E0));
#3562=DIRECTION('',(-7.825292132122E-1,-6.226138694805E-1,0.E0));
#3563=AXIS2_PLACEMENT_3D('',#3560,#3561,#3562);
#3564=PLANE('',#3563);
#3565=ORIENTED_EDGE('',*,*,#2500,.T.);
#3566=ORIENTED_EDGE('',*,*,#3548,.F.);
#3567=ORIENTED_EDGE('',*,*,#2842,.T.);
#3569=ORIENTED_EDGE('',*,*,#3568,.T.);
#3570=EDGE_LOOP('',(#3565,#3566,#3567,#3569));
#3571=FACE_OUTER_BOUND('',#3570,.F.);
#3573=FILL_AREA_STYLE_COLOUR('',#7);
#3574=FILL_AREA_STYLE('',(#3573));
#3575=SURFACE_STYLE_FILL_AREA(#3574);
#3576=SURFACE_SIDE_STYLE('',(#3575));
#3577=SURFACE_STYLE_USAGE(.BOTH.,#3576);
#3578=PRESENTATION_STYLE_ASSIGNMENT((#3577));
#3579=STYLED_ITEM('',(#3578),#3572);
#3580=CARTESIAN_POINT('',(0.E0,0.E0,2.952755905512E-2));
#3581=DIRECTION('',(0.E0,0.E0,1.E0));
#3582=DIRECTION('',(1.E0,0.E0,0.E0));
#3583=AXIS2_PLACEMENT_3D('',#3580,#3581,#3582);
#3584=CYLINDRICAL_SURFACE('',#3583,9.337007874016E-2);
#3585=ORIENTED_EDGE('',*,*,#2502,.T.);
#3586=ORIENTED_EDGE('',*,*,#3568,.F.);
#3587=ORIENTED_EDGE('',*,*,#2840,.F.);
#3589=ORIENTED_EDGE('',*,*,#3588,.T.);
#3590=EDGE_LOOP('',(#3585,#3586,#3587,#3589));
#3591=FACE_OUTER_BOUND('',#3590,.F.);
#3593=FILL_AREA_STYLE_COLOUR('',#7);
#3594=FILL_AREA_STYLE('',(#3593));
#3595=SURFACE_STYLE_FILL_AREA(#3594);
#3596=SURFACE_SIDE_STYLE('',(#3595));
#3597=SURFACE_STYLE_USAGE(.BOTH.,#3596);
#3598=PRESENTATION_STYLE_ASSIGNMENT((#3597));
#3599=STYLED_ITEM('',(#3598),#3592);
#3600=CARTESIAN_POINT('',(2.533574373172E-2,7.797540138522E-2,
2.952755905512E-2));
#3601=DIRECTION('',(8.339558031826E-1,5.518312408138E-1,0.E0));
#3602=DIRECTION('',(-5.518312408138E-1,8.339558031826E-1,0.E0));
#3603=AXIS2_PLACEMENT_3D('',#3600,#3601,#3602);
#3604=PLANE('',#3603);
#3605=ORIENTED_EDGE('',*,*,#2504,.T.);
#3606=ORIENTED_EDGE('',*,*,#3588,.F.);
#3607=ORIENTED_EDGE('',*,*,#2838,.T.);
#3609=ORIENTED_EDGE('',*,*,#3608,.T.);
#3610=EDGE_LOOP('',(#3605,#3606,#3607,#3609));
#3611=FACE_OUTER_BOUND('',#3610,.F.);
#3613=FILL_AREA_STYLE_COLOUR('',#7);
#3614=FILL_AREA_STYLE('',(#3613));
#3615=SURFACE_STYLE_FILL_AREA(#3614);
#3616=SURFACE_SIDE_STYLE('',(#3615));
#3617=SURFACE_STYLE_USAGE(.BOTH.,#3616);
#3618=PRESENTATION_STYLE_ASSIGNMENT((#3617));
#3619=STYLED_ITEM('',(#3618),#3612);
#3620=CARTESIAN_POINT('',(4.106066548631E-2,8.385698154456E-2,
2.952755905512E-2));
#3621=DIRECTION('',(-3.503261522278E-1,9.366277740198E-1,0.E0));
#3622=DIRECTION('',(-9.366277740198E-1,-3.503261522278E-1,0.E0));
#3623=AXIS2_PLACEMENT_3D('',#3620,#3621,#3622);
#3624=PLANE('',#3623);
#3625=ORIENTED_EDGE('',*,*,#2506,.T.);
#3626=ORIENTED_EDGE('',*,*,#3608,.F.);
#3627=ORIENTED_EDGE('',*,*,#2836,.T.);
#3629=ORIENTED_EDGE('',*,*,#3628,.T.);
#3630=EDGE_LOOP('',(#3625,#3626,#3627,#3629));
#3631=FACE_OUTER_BOUND('',#3630,.F.);
#3633=FILL_AREA_STYLE_COLOUR('',#7);
#3634=FILL_AREA_STYLE('',(#3633));
#3635=SURFACE_STYLE_FILL_AREA(#3634);
#3636=SURFACE_SIDE_STYLE('',(#3635));
#3637=SURFACE_STYLE_USAGE(.BOTH.,#3636);
#3638=PRESENTATION_STYLE_ASSIGNMENT((#3637));
#3639=STYLED_ITEM('',(#3638),#3632);
#3640=CARTESIAN_POINT('',(0.E0,0.E0,2.952755905512E-2));
#3641=DIRECTION('',(0.E0,0.E0,1.E0));
#3642=DIRECTION('',(1.E0,0.E0,0.E0));
#3643=AXIS2_PLACEMENT_3D('',#3640,#3641,#3642);
#3644=CYLINDRICAL_SURFACE('',#3643,9.337007874016E-2);
#3645=ORIENTED_EDGE('',*,*,#2508,.T.);
#3646=ORIENTED_EDGE('',*,*,#3628,.F.);
#3647=ORIENTED_EDGE('',*,*,#2834,.F.);
#3649=ORIENTED_EDGE('',*,*,#3648,.T.);
#3650=EDGE_LOOP('',(#3645,#3646,#3647,#3649));
#3651=FACE_OUTER_BOUND('',#3650,.F.);
#3653=FILL_AREA_STYLE_COLOUR('',#7);
#3654=FILL_AREA_STYLE('',(#3653));
#3655=SURFACE_STYLE_FILL_AREA(#3654);
#3656=SURFACE_SIDE_STYLE('',(#3655));
#3657=SURFACE_STYLE_USAGE(.BOTH.,#3656);
#3658=PRESENTATION_STYLE_ASSIGNMENT((#3657));
#3659=STYLED_ITEM('',(#3658),#3652);
#3660=CARTESIAN_POINT('',(4.819144834248E-2,6.632983821991E-2,
2.952755905512E-2));
#3661=DIRECTION('',(9.636643323574E-1,2.671161817301E-1,0.E0));
#3662=DIRECTION('',(-2.671161817301E-1,9.636643323574E-1,0.E0));
#3663=AXIS2_PLACEMENT_3D('',#3660,#3661,#3662);
#3664=PLANE('',#3663);
#3665=ORIENTED_EDGE('',*,*,#2510,.T.);
#3666=ORIENTED_EDGE('',*,*,#3648,.F.);
#3667=ORIENTED_EDGE('',*,*,#2832,.T.);
#3669=ORIENTED_EDGE('',*,*,#3668,.T.);
#3670=EDGE_LOOP('',(#3665,#3666,#3667,#3669));
#3671=FACE_OUTER_BOUND('',#3670,.F.);
#3673=FILL_AREA_STYLE_COLOUR('',#7);
#3674=FILL_AREA_STYLE('',(#3673));
#3675=SURFACE_STYLE_FILL_AREA(#3674);
#3676=SURFACE_SIDE_STYLE('',(#3675));
#3677=SURFACE_STYLE_USAGE(.BOTH.,#3676);
#3678=PRESENTATION_STYLE_ASSIGNMENT((#3677));
#3679=STYLED_ITEM('',(#3678),#3672);
#3680=CARTESIAN_POINT('',(6.496424586842E-2,6.706428529919E-2,
2.952755905512E-2));
#3681=DIRECTION('',(-4.374607032912E-2,9.990426824369E-1,0.E0));
#3682=DIRECTION('',(-9.990426824369E-1,-4.374607032912E-2,0.E0));
#3683=AXIS2_PLACEMENT_3D('',#3680,#3681,#3682);
#3684=PLANE('',#3683);
#3685=ORIENTED_EDGE('',*,*,#2512,.T.);
#3686=ORIENTED_EDGE('',*,*,#3668,.F.);
#3687=ORIENTED_EDGE('',*,*,#2830,.T.);
#3689=ORIENTED_EDGE('',*,*,#3688,.T.);
#3690=EDGE_LOOP('',(#3685,#3686,#3687,#3689));
#3691=FACE_OUTER_BOUND('',#3690,.F.);
#3693=FILL_AREA_STYLE_COLOUR('',#7);
#3694=FILL_AREA_STYLE('',(#3693));
#3695=SURFACE_STYLE_FILL_AREA(#3694);
#3696=SURFACE_SIDE_STYLE('',(#3695));
#3697=SURFACE_STYLE_USAGE(.BOTH.,#3696);
#3698=PRESENTATION_STYLE_ASSIGNMENT((#3697));
#3699=STYLED_ITEM('',(#3698),#3692);
#3700=CARTESIAN_POINT('',(0.E0,0.E0,2.952755905512E-2));
#3701=DIRECTION('',(0.E0,0.E0,1.E0));
#3702=DIRECTION('',(1.E0,0.E0,0.E0));
#3703=AXIS2_PLACEMENT_3D('',#3700,#3701,#3702);
#3704=CYLINDRICAL_SURFACE('',#3703,9.337007874016E-2);
#3705=ORIENTED_EDGE('',*,*,#2514,.T.);
#3706=ORIENTED_EDGE('',*,*,#3688,.F.);
#3707=ORIENTED_EDGE('',*,*,#2828,.F.);
#3709=ORIENTED_EDGE('',*,*,#3708,.T.);
#3710=EDGE_LOOP('',(#3705,#3706,#3707,#3709));
#3711=FACE_OUTER_BOUND('',#3710,.F.);
#3713=FILL_AREA_STYLE_COLOUR('',#7);
#3714=FILL_AREA_STYLE('',(#3713));
#3715=SURFACE_STYLE_FILL_AREA(#3714);
#3716=SURFACE_SIDE_STYLE('',(#3715));
#3717=SURFACE_STYLE_USAGE(.BOTH.,#3716);
#3718=PRESENTATION_STYLE_ASSIGNMENT((#3717));
#3719=STYLED_ITEM('',(#3718),#3712);
#3720=CARTESIAN_POINT('',(6.632983821991E-2,4.819144834248E-2,
2.952755905512E-2));
#3721=DIRECTION('',(9.990426824369E-1,-4.374607032913E-2,0.E0));
#3722=DIRECTION('',(4.374607032913E-2,9.990426824369E-1,0.E0));
#3723=AXIS2_PLACEMENT_3D('',#3720,#3721,#3722);
#3724=PLANE('',#3723);
#3725=ORIENTED_EDGE('',*,*,#2516,.T.);
#3726=ORIENTED_EDGE('',*,*,#3708,.F.);
#3727=ORIENTED_EDGE('',*,*,#2826,.T.);
#3729=ORIENTED_EDGE('',*,*,#3728,.T.);
#3730=EDGE_LOOP('',(#3725,#3726,#3727,#3729));
#3731=FACE_OUTER_BOUND('',#3730,.F.);
#3733=FILL_AREA_STYLE_COLOUR('',#7);
#3734=FILL_AREA_STYLE('',(#3733));
#3735=SURFACE_STYLE_FILL_AREA(#3734);
#3736=SURFACE_SIDE_STYLE('',(#3735));
#3737=SURFACE_STYLE_USAGE(.BOTH.,#3736);
#3738=PRESENTATION_STYLE_ASSIGNMENT((#3737));
#3739=STYLED_ITEM('',(#3738),#3732);
#3740=CARTESIAN_POINT('',(8.250867323242E-2,4.370686954437E-2,
2.952755905512E-2));
#3741=DIRECTION('',(2.671161817301E-1,9.636643323574E-1,0.E0));
#3742=DIRECTION('',(-9.636643323574E-1,2.671161817301E-1,0.E0));
#3743=AXIS2_PLACEMENT_3D('',#3740,#3741,#3742);
#3744=PLANE('',#3743);
#3745=ORIENTED_EDGE('',*,*,#2518,.T.);
#3746=ORIENTED_EDGE('',*,*,#3728,.F.);
#3747=ORIENTED_EDGE('',*,*,#2824,.T.);
#3749=ORIENTED_EDGE('',*,*,#3748,.T.);
#3750=EDGE_LOOP('',(#3745,#3746,#3747,#3749));
#3751=FACE_OUTER_BOUND('',#3750,.F.);
#3753=FILL_AREA_STYLE_COLOUR('',#7);
#3754=FILL_AREA_STYLE('',(#3753));
#3755=SURFACE_STYLE_FILL_AREA(#3754);
#3756=SURFACE_SIDE_STYLE('',(#3755));
#3757=SURFACE_STYLE_USAGE(.BOTH.,#3756);
#3758=PRESENTATION_STYLE_ASSIGNMENT((#3757));
#3759=STYLED_ITEM('',(#3758),#3752);
#3760=CARTESIAN_POINT('',(0.E0,0.E0,2.952755905512E-2));
#3761=DIRECTION('',(0.E0,0.E0,1.E0));
#3762=DIRECTION('',(1.E0,0.E0,0.E0));
#3763=AXIS2_PLACEMENT_3D('',#3760,#3761,#3762);
#3764=CYLINDRICAL_SURFACE('',#3763,9.337007874016E-2);
#3765=ORIENTED_EDGE('',*,*,#2520,.T.);
#3766=ORIENTED_EDGE('',*,*,#3748,.F.);
#3767=ORIENTED_EDGE('',*,*,#2822,.F.);
#3769=ORIENTED_EDGE('',*,*,#3768,.T.);
#3770=EDGE_LOOP('',(#3765,#3766,#3767,#3769));
#3771=FACE_OUTER_BOUND('',#3770,.F.);
#3773=FILL_AREA_STYLE_COLOUR('',#7);
#3774=FILL_AREA_STYLE('',(#3773));
#3775=SURFACE_STYLE_FILL_AREA(#3774);
#3776=SURFACE_SIDE_STYLE('',(#3775));
#3777=SURFACE_STYLE_USAGE(.BOTH.,#3776);
#3778=PRESENTATION_STYLE_ASSIGNMENT((#3777));
#3779=STYLED_ITEM('',(#3778),#3772);
#3780=CARTESIAN_POINT('',(7.797540138522E-2,2.533574373172E-2,
2.952755905512E-2));
#3781=DIRECTION('',(9.366277740198E-1,-3.503261522278E-1,0.E0));
#3782=DIRECTION('',(3.503261522278E-1,9.366277740198E-1,0.E0));
#3783=AXIS2_PLACEMENT_3D('',#3780,#3781,#3782);
#3784=PLANE('',#3783);
#3785=ORIENTED_EDGE('',*,*,#2522,.T.);
#3786=ORIENTED_EDGE('',*,*,#3768,.F.);
#3787=ORIENTED_EDGE('',*,*,#2820,.T.);
#3789=ORIENTED_EDGE('',*,*,#3788,.T.);
#3790=EDGE_LOOP('',(#3785,#3786,#3787,#3789));
#3791=FACE_OUTER_BOUND('',#3790,.F.);
#3793=FILL_AREA_STYLE_COLOUR('',#7);
#3794=FILL_AREA_STYLE('',(#3793));
#3795=SURFACE_STYLE_FILL_AREA(#3794);
#3796=SURFACE_SIDE_STYLE('',(#3795));
#3797=SURFACE_STYLE_USAGE(.BOTH.,#3796);
#3798=PRESENTATION_STYLE_ASSIGNMENT((#3797));
#3799=STYLED_ITEM('',(#3798),#3792);
#3800=CARTESIAN_POINT('',(9.197657678870E-2,1.607112087489E-2,
2.952755905512E-2));
#3801=DIRECTION('',(5.518312408138E-1,8.339558031826E-1,0.E0));
#3802=DIRECTION('',(-8.339558031826E-1,5.518312408138E-1,0.E0));
#3803=AXIS2_PLACEMENT_3D('',#3800,#3801,#3802);
#3804=PLANE('',#3803);
#3805=ORIENTED_EDGE('',*,*,#2524,.T.);
#3806=ORIENTED_EDGE('',*,*,#3788,.F.);
#3807=ORIENTED_EDGE('',*,*,#2818,.T.);
#3809=ORIENTED_EDGE('',*,*,#3808,.T.);
#3810=EDGE_LOOP('',(#3805,#3806,#3807,#3809));
#3811=FACE_OUTER_BOUND('',#3810,.F.);
#3813=FILL_AREA_STYLE_COLOUR('',#7);
#3814=FILL_AREA_STYLE('',(#3813));
#3815=SURFACE_STYLE_FILL_AREA(#3814);
#3816=SURFACE_SIDE_STYLE('',(#3815));
#3817=SURFACE_STYLE_USAGE(.BOTH.,#3816);
#3818=PRESENTATION_STYLE_ASSIGNMENT((#3817));
#3819=STYLED_ITEM('',(#3818),#3812);
#3820=CARTESIAN_POINT('',(0.E0,0.E0,2.952755905512E-2));
#3821=DIRECTION('',(0.E0,0.E0,1.E0));
#3822=DIRECTION('',(1.E0,0.E0,0.E0));
#3823=AXIS2_PLACEMENT_3D('',#3820,#3821,#3822);
#3824=CYLINDRICAL_SURFACE('',#3823,9.337007874016E-2);
#3825=ORIENTED_EDGE('',*,*,#2526,.T.);
#3826=ORIENTED_EDGE('',*,*,#3808,.F.);
#3827=ORIENTED_EDGE('',*,*,#2816,.F.);
#3829=ORIENTED_EDGE('',*,*,#3828,.T.);
#3830=EDGE_LOOP('',(#3825,#3826,#3827,#3829));
#3831=FACE_OUTER_BOUND('',#3830,.F.);
#3833=FILL_AREA_STYLE_COLOUR('',#7);
#3834=FILL_AREA_STYLE('',(#3833));
#3835=SURFACE_STYLE_FILL_AREA(#3834);
#3836=SURFACE_SIDE_STYLE('',(#3835));
#3837=SURFACE_STYLE_USAGE(.BOTH.,#3836);
#3838=PRESENTATION_STYLE_ASSIGNMENT((#3837));
#3839=STYLED_ITEM('',(#3838),#3832);
#3840=CARTESIAN_POINT('',(8.198818897637E-2,0.E0,2.952755905512E-2));
#3841=DIRECTION('',(7.825292132122E-1,-6.226138694805E-1,0.E0));
#3842=DIRECTION('',(6.226138694805E-1,7.825292132122E-1,0.E0));
#3843=AXIS2_PLACEMENT_3D('',#3840,#3841,#3842);
#3844=PLANE('',#3843);
#3845=ORIENTED_EDGE('',*,*,#2528,.T.);
#3846=ORIENTED_EDGE('',*,*,#3828,.F.);
#3847=ORIENTED_EDGE('',*,*,#2814,.T.);
#3849=ORIENTED_EDGE('',*,*,#3848,.T.);
#3850=EDGE_LOOP('',(#3845,#3846,#3847,#3849));
#3851=FACE_OUTER_BOUND('',#3850,.F.);
#3853=FILL_AREA_STYLE_COLOUR('',#7);
#3854=FILL_AREA_STYLE('',(#3853));
#3855=SURFACE_STYLE_FILL_AREA(#3854);
#3856=SURFACE_SIDE_STYLE('',(#3855));
#3857=SURFACE_STYLE_USAGE(.BOTH.,#3856);
#3858=PRESENTATION_STYLE_ASSIGNMENT((#3857));
#3859=STYLED_ITEM('',(#3858),#3852);
#3860=CARTESIAN_POINT('',(9.244117217041E-2,-1.313778107991E-2,
2.952755905512E-2));
#3861=DIRECTION('',(7.825292132122E-1,6.226138694805E-1,0.E0));
#3862=DIRECTION('',(-6.226138694805E-1,7.825292132122E-1,0.E0));
#3863=AXIS2_PLACEMENT_3D('',#3860,#3861,#3862);
#3864=PLANE('',#3863);
#3865=ORIENTED_EDGE('',*,*,#2530,.T.);
#3866=ORIENTED_EDGE('',*,*,#3848,.F.);
#3867=ORIENTED_EDGE('',*,*,#2812,.T.);
#3869=ORIENTED_EDGE('',*,*,#3868,.T.);
#3870=EDGE_LOOP('',(#3865,#3866,#3867,#3869));
#3871=FACE_OUTER_BOUND('',#3870,.F.);
#3873=FILL_AREA_STYLE_COLOUR('',#7);
#3874=FILL_AREA_STYLE('',(#3873));
#3875=SURFACE_STYLE_FILL_AREA(#3874);
#3876=SURFACE_SIDE_STYLE('',(#3875));
#3877=SURFACE_STYLE_USAGE(.BOTH.,#3876);
#3878=PRESENTATION_STYLE_ASSIGNMENT((#3877));
#3879=STYLED_ITEM('',(#3878),#3872);
#3880=CARTESIAN_POINT('',(0.E0,0.E0,2.952755905512E-2));
#3881=DIRECTION('',(0.E0,0.E0,1.E0));
#3882=DIRECTION('',(1.E0,0.E0,0.E0));
#3883=AXIS2_PLACEMENT_3D('',#3880,#3881,#3882);
#3884=CYLINDRICAL_SURFACE('',#3883,9.337007874016E-2);
#3885=ORIENTED_EDGE('',*,*,#2532,.T.);
#3886=ORIENTED_EDGE('',*,*,#3868,.F.);
#3887=ORIENTED_EDGE('',*,*,#2810,.F.);
#3889=ORIENTED_EDGE('',*,*,#3888,.T.);
#3890=EDGE_LOOP('',(#3885,#3886,#3887,#3889));
#3891=FACE_OUTER_BOUND('',#3890,.F.);
#3893=FILL_AREA_STYLE_COLOUR('',#7);
#3894=FILL_AREA_STYLE('',(#3893));
#3895=SURFACE_STYLE_FILL_AREA(#3894);
#3896=SURFACE_SIDE_STYLE('',(#3895));
#3897=SURFACE_STYLE_USAGE(.BOTH.,#3896);
#3898=PRESENTATION_STYLE_ASSIGNMENT((#3897));
#3899=STYLED_ITEM('',(#3898),#3892);
#3900=CARTESIAN_POINT('',(7.797540138522E-2,-2.533574373172E-2,
2.952755905512E-2));
#3901=DIRECTION('',(5.518312408137E-1,-8.339558031826E-1,0.E0));
#3902=DIRECTION('',(8.339558031826E-1,5.518312408137E-1,0.E0));
#3903=AXIS2_PLACEMENT_3D('',#3900,#3901,#3902);
#3904=PLANE('',#3903);
#3905=ORIENTED_EDGE('',*,*,#2534,.T.);
#3906=ORIENTED_EDGE('',*,*,#3888,.F.);
#3907=ORIENTED_EDGE('',*,*,#2808,.T.);
#3909=ORIENTED_EDGE('',*,*,#3908,.T.);
#3910=EDGE_LOOP('',(#3905,#3906,#3907,#3909));
#3911=FACE_OUTER_BOUND('',#3910,.F.);
#3913=FILL_AREA_STYLE_COLOUR('',#7);
#3914=FILL_AREA_STYLE('',(#3913));
#3915=SURFACE_STYLE_FILL_AREA(#3914);
#3916=SURFACE_SIDE_STYLE('',(#3915));
#3917=SURFACE_STYLE_USAGE(.BOTH.,#3916);
#3918=PRESENTATION_STYLE_ASSIGNMENT((#3917));
#3919=STYLED_ITEM('',(#3918),#3912);
#3920=CARTESIAN_POINT('',(8.385698154456E-2,-4.106066548631E-2,
2.952755905512E-2));
#3921=DIRECTION('',(9.366277740198E-1,3.503261522278E-1,0.E0));
#3922=DIRECTION('',(-3.503261522278E-1,9.366277740198E-1,0.E0));
#3923=AXIS2_PLACEMENT_3D('',#3920,#3921,#3922);
#3924=PLANE('',#3923);
#3925=ORIENTED_EDGE('',*,*,#2536,.T.);
#3926=ORIENTED_EDGE('',*,*,#3908,.F.);
#3927=ORIENTED_EDGE('',*,*,#2806,.T.);
#3929=ORIENTED_EDGE('',*,*,#3928,.T.);
#3930=EDGE_LOOP('',(#3925,#3926,#3927,#3929));
#3931=FACE_OUTER_BOUND('',#3930,.F.);
#3933=FILL_AREA_STYLE_COLOUR('',#7);
#3934=FILL_AREA_STYLE('',(#3933));
#3935=SURFACE_STYLE_FILL_AREA(#3934);
#3936=SURFACE_SIDE_STYLE('',(#3935));
#3937=SURFACE_STYLE_USAGE(.BOTH.,#3936);
#3938=PRESENTATION_STYLE_ASSIGNMENT((#3937));
#3939=STYLED_ITEM('',(#3938),#3932);
#3940=CARTESIAN_POINT('',(0.E0,0.E0,2.952755905512E-2));
#3941=DIRECTION('',(0.E0,0.E0,1.E0));
#3942=DIRECTION('',(1.E0,0.E0,0.E0));
#3943=AXIS2_PLACEMENT_3D('',#3940,#3941,#3942);
#3944=CYLINDRICAL_SURFACE('',#3943,9.337007874016E-2);
#3945=ORIENTED_EDGE('',*,*,#2538,.T.);
#3946=ORIENTED_EDGE('',*,*,#3928,.F.);
#3947=ORIENTED_EDGE('',*,*,#2804,.F.);
#3949=ORIENTED_EDGE('',*,*,#3948,.T.);
#3950=EDGE_LOOP('',(#3945,#3946,#3947,#3949));
#3951=FACE_OUTER_BOUND('',#3950,.F.);
#3953=FILL_AREA_STYLE_COLOUR('',#7);
#3954=FILL_AREA_STYLE('',(#3953));
#3955=SURFACE_STYLE_FILL_AREA(#3954);
#3956=SURFACE_SIDE_STYLE('',(#3955));
#3957=SURFACE_STYLE_USAGE(.BOTH.,#3956);
#3958=PRESENTATION_STYLE_ASSIGNMENT((#3957));
#3959=STYLED_ITEM('',(#3958),#3952);
#3960=CARTESIAN_POINT('',(6.632983821991E-2,-4.819144834248E-2,
2.952755905512E-2));
#3961=DIRECTION('',(2.671161817301E-1,-9.636643323574E-1,0.E0));
#3962=DIRECTION('',(9.636643323574E-1,2.671161817301E-1,0.E0));
#3963=AXIS2_PLACEMENT_3D('',#3960,#3961,#3962);
#3964=PLANE('',#3963);
#3965=ORIENTED_EDGE('',*,*,#2540,.T.);
#3966=ORIENTED_EDGE('',*,*,#3948,.F.);
#3967=ORIENTED_EDGE('',*,*,#2802,.T.);
#3969=ORIENTED_EDGE('',*,*,#3968,.T.);
#3970=EDGE_LOOP('',(#3965,#3966,#3967,#3969));
#3971=FACE_OUTER_BOUND('',#3970,.F.);
#3973=FILL_AREA_STYLE_COLOUR('',#7);
#3974=FILL_AREA_STYLE('',(#3973));
#3975=SURFACE_STYLE_FILL_AREA(#3974);
#3976=SURFACE_SIDE_STYLE('',(#3975));
#3977=SURFACE_STYLE_USAGE(.BOTH.,#3976);
#3978=PRESENTATION_STYLE_ASSIGNMENT((#3977));
#3979=STYLED_ITEM('',(#3978),#3972);
#3980=CARTESIAN_POINT('',(6.706428529919E-2,-6.496424586842E-2,
2.952755905512E-2));
#3981=DIRECTION('',(9.990426824369E-1,4.374607032912E-2,0.E0));
#3982=DIRECTION('',(-4.374607032912E-2,9.990426824369E-1,0.E0));
#3983=AXIS2_PLACEMENT_3D('',#3980,#3981,#3982);
#3984=PLANE('',#3983);
#3985=ORIENTED_EDGE('',*,*,#2542,.T.);
#3986=ORIENTED_EDGE('',*,*,#3968,.F.);
#3987=ORIENTED_EDGE('',*,*,#2800,.T.);
#3989=ORIENTED_EDGE('',*,*,#3988,.T.);
#3990=EDGE_LOOP('',(#3985,#3986,#3987,#3989));
#3991=FACE_OUTER_BOUND('',#3990,.F.);
#3993=FILL_AREA_STYLE_COLOUR('',#7);
#3994=FILL_AREA_STYLE('',(#3993));
#3995=SURFACE_STYLE_FILL_AREA(#3994);
#3996=SURFACE_SIDE_STYLE('',(#3995));
#3997=SURFACE_STYLE_USAGE(.BOTH.,#3996);
#3998=PRESENTATION_STYLE_ASSIGNMENT((#3997));
#3999=STYLED_ITEM('',(#3998),#3992);
#4000=CARTESIAN_POINT('',(0.E0,0.E0,2.952755905512E-2));
#4001=DIRECTION('',(0.E0,0.E0,1.E0));
#4002=DIRECTION('',(1.E0,0.E0,0.E0));
#4003=AXIS2_PLACEMENT_3D('',#4000,#4001,#4002);
#4004=CYLINDRICAL_SURFACE('',#4003,9.337007874016E-2);
#4005=ORIENTED_EDGE('',*,*,#2544,.T.);
#4006=ORIENTED_EDGE('',*,*,#3988,.F.);
#4007=ORIENTED_EDGE('',*,*,#2798,.F.);
#4009=ORIENTED_EDGE('',*,*,#4008,.T.);
#4010=EDGE_LOOP('',(#4005,#4006,#4007,#4009));
#4011=FACE_OUTER_BOUND('',#4010,.F.);
#4013=FILL_AREA_STYLE_COLOUR('',#7);
#4014=FILL_AREA_STYLE('',(#4013));
#4015=SURFACE_STYLE_FILL_AREA(#4014);
#4016=SURFACE_SIDE_STYLE('',(#4015));
#4017=SURFACE_STYLE_USAGE(.BOTH.,#4016);
#4018=PRESENTATION_STYLE_ASSIGNMENT((#4017));
#4019=STYLED_ITEM('',(#4018),#4012);
#4020=CARTESIAN_POINT('',(4.819144834248E-2,-6.632983821991E-2,
2.952755905512E-2));
#4021=DIRECTION('',(-4.374607032913E-2,-9.990426824369E-1,0.E0));
#4022=DIRECTION('',(9.990426824369E-1,-4.374607032913E-2,0.E0));
#4023=AXIS2_PLACEMENT_3D('',#4020,#4021,#4022);
#4024=PLANE('',#4023);
#4025=ORIENTED_EDGE('',*,*,#2546,.T.);
#4026=ORIENTED_EDGE('',*,*,#4008,.F.);
#4027=ORIENTED_EDGE('',*,*,#2796,.T.);
#4029=ORIENTED_EDGE('',*,*,#4028,.T.);
#4030=EDGE_LOOP('',(#4025,#4026,#4027,#4029));
#4031=FACE_OUTER_BOUND('',#4030,.F.);
#4033=FILL_AREA_STYLE_COLOUR('',#7);
#4034=FILL_AREA_STYLE('',(#4033));
#4035=SURFACE_STYLE_FILL_AREA(#4034);
#4036=SURFACE_SIDE_STYLE('',(#4035));
#4037=SURFACE_STYLE_USAGE(.BOTH.,#4036);
#4038=PRESENTATION_STYLE_ASSIGNMENT((#4037));
#4039=STYLED_ITEM('',(#4038),#4032);
#4040=CARTESIAN_POINT('',(4.370686954437E-2,-8.250867323242E-2,
2.952755905512E-2));
#4041=DIRECTION('',(9.636643323574E-1,-2.671161817301E-1,0.E0));
#4042=DIRECTION('',(2.671161817301E-1,9.636643323574E-1,0.E0));
#4043=AXIS2_PLACEMENT_3D('',#4040,#4041,#4042);
#4044=PLANE('',#4043);
#4045=ORIENTED_EDGE('',*,*,#2548,.T.);
#4046=ORIENTED_EDGE('',*,*,#4028,.F.);
#4047=ORIENTED_EDGE('',*,*,#2794,.T.);
#4049=ORIENTED_EDGE('',*,*,#4048,.T.);
#4050=EDGE_LOOP('',(#4045,#4046,#4047,#4049));
#4051=FACE_OUTER_BOUND('',#4050,.F.);
#4053=FILL_AREA_STYLE_COLOUR('',#7);
#4054=FILL_AREA_STYLE('',(#4053));
#4055=SURFACE_STYLE_FILL_AREA(#4054);
#4056=SURFACE_SIDE_STYLE('',(#4055));
#4057=SURFACE_STYLE_USAGE(.BOTH.,#4056);
#4058=PRESENTATION_STYLE_ASSIGNMENT((#4057));
#4059=STYLED_ITEM('',(#4058),#4052);
#4060=CARTESIAN_POINT('',(0.E0,0.E0,2.952755905512E-2));
#4061=DIRECTION('',(0.E0,0.E0,1.E0));
#4062=DIRECTION('',(1.E0,0.E0,0.E0));
#4063=AXIS2_PLACEMENT_3D('',#4060,#4061,#4062);
#4064=CYLINDRICAL_SURFACE('',#4063,9.337007874016E-2);
#4065=ORIENTED_EDGE('',*,*,#2550,.T.);
#4066=ORIENTED_EDGE('',*,*,#4048,.F.);
#4067=ORIENTED_EDGE('',*,*,#2792,.F.);
#4069=ORIENTED_EDGE('',*,*,#4068,.T.);
#4070=EDGE_LOOP('',(#4065,#4066,#4067,#4069));
#4071=FACE_OUTER_BOUND('',#4070,.F.);
#4073=FILL_AREA_STYLE_COLOUR('',#7);
#4074=FILL_AREA_STYLE('',(#4073));
#4075=SURFACE_STYLE_FILL_AREA(#4074);
#4076=SURFACE_SIDE_STYLE('',(#4075));
#4077=SURFACE_STYLE_USAGE(.BOTH.,#4076);
#4078=PRESENTATION_STYLE_ASSIGNMENT((#4077));
#4079=STYLED_ITEM('',(#4078),#4072);
#4080=CARTESIAN_POINT('',(2.533574373172E-2,-7.797540138522E-2,
2.952755905512E-2));
#4081=DIRECTION('',(-3.503261522278E-1,-9.366277740198E-1,0.E0));
#4082=DIRECTION('',(9.366277740198E-1,-3.503261522278E-1,0.E0));
#4083=AXIS2_PLACEMENT_3D('',#4080,#4081,#4082);
#4084=PLANE('',#4083);
#4085=ORIENTED_EDGE('',*,*,#2552,.T.);
#4086=ORIENTED_EDGE('',*,*,#4068,.F.);
#4087=ORIENTED_EDGE('',*,*,#2790,.T.);
#4089=ORIENTED_EDGE('',*,*,#4088,.T.);
#4090=EDGE_LOOP('',(#4085,#4086,#4087,#4089));
#4091=FACE_OUTER_BOUND('',#4090,.F.);
#4093=FILL_AREA_STYLE_COLOUR('',#7);
#4094=FILL_AREA_STYLE('',(#4093));
#4095=SURFACE_STYLE_FILL_AREA(#4094);
#4096=SURFACE_SIDE_STYLE('',(#4095));
#4097=SURFACE_STYLE_USAGE(.BOTH.,#4096);
#4098=PRESENTATION_STYLE_ASSIGNMENT((#4097));
#4099=STYLED_ITEM('',(#4098),#4092);
#4100=CARTESIAN_POINT('',(1.607112087489E-2,-9.197657678870E-2,
2.952755905512E-2));
#4101=DIRECTION('',(8.339558031826E-1,-5.518312408138E-1,0.E0));
#4102=DIRECTION('',(5.518312408138E-1,8.339558031826E-1,0.E0));
#4103=AXIS2_PLACEMENT_3D('',#4100,#4101,#4102);
#4104=PLANE('',#4103);
#4105=ORIENTED_EDGE('',*,*,#2554,.T.);
#4106=ORIENTED_EDGE('',*,*,#4088,.F.);
#4107=ORIENTED_EDGE('',*,*,#2788,.T.);
#4109=ORIENTED_EDGE('',*,*,#4108,.T.);
#4110=EDGE_LOOP('',(#4105,#4106,#4107,#4109));
#4111=FACE_OUTER_BOUND('',#4110,.F.);
#4113=FILL_AREA_STYLE_COLOUR('',#7);
#4114=FILL_AREA_STYLE('',(#4113));
#4115=SURFACE_STYLE_FILL_AREA(#4114);
#4116=SURFACE_SIDE_STYLE('',(#4115));
#4117=SURFACE_STYLE_USAGE(.BOTH.,#4116);
#4118=PRESENTATION_STYLE_ASSIGNMENT((#4117));
#4119=STYLED_ITEM('',(#4118),#4112);
#4120=CARTESIAN_POINT('',(0.E0,0.E0,2.952755905512E-2));
#4121=DIRECTION('',(0.E0,0.E0,1.E0));
#4122=DIRECTION('',(1.E0,0.E0,0.E0));
#4123=AXIS2_PLACEMENT_3D('',#4120,#4121,#4122);
#4124=CYLINDRICAL_SURFACE('',#4123,9.337007874016E-2);
#4125=ORIENTED_EDGE('',*,*,#2556,.T.);
#4126=ORIENTED_EDGE('',*,*,#4108,.F.);
#4127=ORIENTED_EDGE('',*,*,#2786,.F.);
#4129=ORIENTED_EDGE('',*,*,#4128,.T.);
#4130=EDGE_LOOP('',(#4125,#4126,#4127,#4129));
#4131=FACE_OUTER_BOUND('',#4130,.F.);
#4133=FILL_AREA_STYLE_COLOUR('',#7);
#4134=FILL_AREA_STYLE('',(#4133));
#4135=SURFACE_STYLE_FILL_AREA(#4134);
#4136=SURFACE_SIDE_STYLE('',(#4135));
#4137=SURFACE_STYLE_USAGE(.BOTH.,#4136);
#4138=PRESENTATION_STYLE_ASSIGNMENT((#4137));
#4139=STYLED_ITEM('',(#4138),#4132);
#4140=CARTESIAN_POINT('',(0.E0,-8.198818897637E-2,2.952755905512E-2));
#4141=DIRECTION('',(-6.226138694805E-1,-7.825292132122E-1,0.E0));
#4142=DIRECTION('',(7.825292132122E-1,-6.226138694805E-1,0.E0));
#4143=AXIS2_PLACEMENT_3D('',#4140,#4141,#4142);
#4144=PLANE('',#4143);
#4145=ORIENTED_EDGE('',*,*,#2558,.T.);
#4146=ORIENTED_EDGE('',*,*,#4128,.F.);
#4147=ORIENTED_EDGE('',*,*,#2784,.T.);
#4149=ORIENTED_EDGE('',*,*,#4148,.T.);
#4150=EDGE_LOOP('',(#4145,#4146,#4147,#4149));
#4151=FACE_OUTER_BOUND('',#4150,.F.);
#4153=FILL_AREA_STYLE_COLOUR('',#7);
#4154=FILL_AREA_STYLE('',(#4153));
#4155=SURFACE_STYLE_FILL_AREA(#4154);
#4156=SURFACE_SIDE_STYLE('',(#4155));
#4157=SURFACE_STYLE_USAGE(.BOTH.,#4156);
#4158=PRESENTATION_STYLE_ASSIGNMENT((#4157));
#4159=STYLED_ITEM('',(#4158),#4152);
#4160=CARTESIAN_POINT('',(-1.313778107991E-2,-9.244117217041E-2,
2.952755905512E-2));
#4161=DIRECTION('',(6.226138694805E-1,-7.825292132122E-1,0.E0));
#4162=DIRECTION('',(7.825292132122E-1,6.226138694805E-1,0.E0));
#4163=AXIS2_PLACEMENT_3D('',#4160,#4161,#4162);
#4164=PLANE('',#4163);
#4165=ORIENTED_EDGE('',*,*,#2560,.T.);
#4166=ORIENTED_EDGE('',*,*,#4148,.F.);
#4167=ORIENTED_EDGE('',*,*,#2782,.T.);
#4169=ORIENTED_EDGE('',*,*,#4168,.T.);
#4170=EDGE_LOOP('',(#4165,#4166,#4167,#4169));
#4171=FACE_OUTER_BOUND('',#4170,.F.);
#4173=FILL_AREA_STYLE_COLOUR('',#7);
#4174=FILL_AREA_STYLE('',(#4173));
#4175=SURFACE_STYLE_FILL_AREA(#4174);
#4176=SURFACE_SIDE_STYLE('',(#4175));
#4177=SURFACE_STYLE_USAGE(.BOTH.,#4176);
#4178=PRESENTATION_STYLE_ASSIGNMENT((#4177));
#4179=STYLED_ITEM('',(#4178),#4172);
#4180=CARTESIAN_POINT('',(0.E0,0.E0,2.952755905512E-2));
#4181=DIRECTION('',(0.E0,0.E0,1.E0));
#4182=DIRECTION('',(1.E0,0.E0,0.E0));
#4183=AXIS2_PLACEMENT_3D('',#4180,#4181,#4182);
#4184=CYLINDRICAL_SURFACE('',#4183,9.337007874016E-2);
#4185=ORIENTED_EDGE('',*,*,#2562,.T.);
#4186=ORIENTED_EDGE('',*,*,#4168,.F.);
#4187=ORIENTED_EDGE('',*,*,#2780,.F.);
#4189=ORIENTED_EDGE('',*,*,#4188,.T.);
#4190=EDGE_LOOP('',(#4185,#4186,#4187,#4189));
#4191=FACE_OUTER_BOUND('',#4190,.F.);
#4193=FILL_AREA_STYLE_COLOUR('',#7);
#4194=FILL_AREA_STYLE('',(#4193));
#4195=SURFACE_STYLE_FILL_AREA(#4194);
#4196=SURFACE_SIDE_STYLE('',(#4195));
#4197=SURFACE_STYLE_USAGE(.BOTH.,#4196);
#4198=PRESENTATION_STYLE_ASSIGNMENT((#4197));
#4199=STYLED_ITEM('',(#4198),#4192);
#4200=CARTESIAN_POINT('',(-2.533574373173E-2,-7.797540138522E-2,
2.952755905512E-2));
#4201=DIRECTION('',(-8.339558031826E-1,-5.518312408137E-1,0.E0));
#4202=DIRECTION('',(5.518312408137E-1,-8.339558031826E-1,0.E0));
#4203=AXIS2_PLACEMENT_3D('',#4200,#4201,#4202);
#4204=PLANE('',#4203);
#4205=ORIENTED_EDGE('',*,*,#2564,.T.);
#4206=ORIENTED_EDGE('',*,*,#4188,.F.);
#4207=ORIENTED_EDGE('',*,*,#2778,.T.);
#4209=ORIENTED_EDGE('',*,*,#4208,.T.);
#4210=EDGE_LOOP('',(#4205,#4206,#4207,#4209));
#4211=FACE_OUTER_BOUND('',#4210,.F.);
#4213=FILL_AREA_STYLE_COLOUR('',#7);
#4214=FILL_AREA_STYLE('',(#4213));
#4215=SURFACE_STYLE_FILL_AREA(#4214);
#4216=SURFACE_SIDE_STYLE('',(#4215));
#4217=SURFACE_STYLE_USAGE(.BOTH.,#4216);
#4218=PRESENTATION_STYLE_ASSIGNMENT((#4217));
#4219=STYLED_ITEM('',(#4218),#4212);
#4220=CARTESIAN_POINT('',(-4.106066548631E-2,-8.385698154456E-2,
2.952755905512E-2));
#4221=DIRECTION('',(3.503261522278E-1,-9.366277740198E-1,0.E0));
#4222=DIRECTION('',(9.366277740198E-1,3.503261522278E-1,0.E0));
#4223=AXIS2_PLACEMENT_3D('',#4220,#4221,#4222);
#4224=PLANE('',#4223);
#4225=ORIENTED_EDGE('',*,*,#2566,.T.);
#4226=ORIENTED_EDGE('',*,*,#4208,.F.);
#4227=ORIENTED_EDGE('',*,*,#2776,.T.);
#4229=ORIENTED_EDGE('',*,*,#4228,.T.);
#4230=EDGE_LOOP('',(#4225,#4226,#4227,#4229));
#4231=FACE_OUTER_BOUND('',#4230,.F.);
#4233=FILL_AREA_STYLE_COLOUR('',#7);
#4234=FILL_AREA_STYLE('',(#4233));
#4235=SURFACE_STYLE_FILL_AREA(#4234);
#4236=SURFACE_SIDE_STYLE('',(#4235));
#4237=SURFACE_STYLE_USAGE(.BOTH.,#4236);
#4238=PRESENTATION_STYLE_ASSIGNMENT((#4237));
#4239=STYLED_ITEM('',(#4238),#4232);
#4240=CARTESIAN_POINT('',(0.E0,0.E0,2.952755905512E-2));
#4241=DIRECTION('',(0.E0,0.E0,1.E0));
#4242=DIRECTION('',(1.E0,0.E0,0.E0));
#4243=AXIS2_PLACEMENT_3D('',#4240,#4241,#4242);
#4244=CYLINDRICAL_SURFACE('',#4243,9.337007874016E-2);
#4245=ORIENTED_EDGE('',*,*,#2568,.T.);
#4246=ORIENTED_EDGE('',*,*,#4228,.F.);
#4247=ORIENTED_EDGE('',*,*,#2774,.F.);
#4249=ORIENTED_EDGE('',*,*,#4248,.T.);
#4250=EDGE_LOOP('',(#4245,#4246,#4247,#4249));
#4251=FACE_OUTER_BOUND('',#4250,.F.);
#4253=FILL_AREA_STYLE_COLOUR('',#7);
#4254=FILL_AREA_STYLE('',(#4253));
#4255=SURFACE_STYLE_FILL_AREA(#4254);
#4256=SURFACE_SIDE_STYLE('',(#4255));
#4257=SURFACE_STYLE_USAGE(.BOTH.,#4256);
#4258=PRESENTATION_STYLE_ASSIGNMENT((#4257));
#4259=STYLED_ITEM('',(#4258),#4252);
#4260=CARTESIAN_POINT('',(-4.819144834248E-2,-6.632983821991E-2,
2.952755905512E-2));
#4261=DIRECTION('',(-9.636643323574E-1,-2.671161817301E-1,0.E0));
#4262=DIRECTION('',(2.671161817301E-1,-9.636643323574E-1,0.E0));
#4263=AXIS2_PLACEMENT_3D('',#4260,#4261,#4262);
#4264=PLANE('',#4263);
#4265=ORIENTED_EDGE('',*,*,#2570,.T.);
#4266=ORIENTED_EDGE('',*,*,#4248,.F.);
#4267=ORIENTED_EDGE('',*,*,#2772,.T.);
#4269=ORIENTED_EDGE('',*,*,#4268,.T.);
#4270=EDGE_LOOP('',(#4265,#4266,#4267,#4269));
#4271=FACE_OUTER_BOUND('',#4270,.F.);
#4273=FILL_AREA_STYLE_COLOUR('',#7);
#4274=FILL_AREA_STYLE('',(#4273));
#4275=SURFACE_STYLE_FILL_AREA(#4274);
#4276=SURFACE_SIDE_STYLE('',(#4275));
#4277=SURFACE_STYLE_USAGE(.BOTH.,#4276);
#4278=PRESENTATION_STYLE_ASSIGNMENT((#4277));
#4279=STYLED_ITEM('',(#4278),#4272);
#4280=CARTESIAN_POINT('',(-6.496424586843E-2,-6.706428529918E-2,
2.952755905512E-2));
#4281=DIRECTION('',(4.374607032912E-2,-9.990426824369E-1,0.E0));
#4282=DIRECTION('',(9.990426824369E-1,4.374607032912E-2,0.E0));
#4283=AXIS2_PLACEMENT_3D('',#4280,#4281,#4282);
#4284=PLANE('',#4283);
#4285=ORIENTED_EDGE('',*,*,#2572,.T.);
#4286=ORIENTED_EDGE('',*,*,#4268,.F.);
#4287=ORIENTED_EDGE('',*,*,#2770,.T.);
#4289=ORIENTED_EDGE('',*,*,#4288,.T.);
#4290=EDGE_LOOP('',(#4285,#4286,#4287,#4289));
#4291=FACE_OUTER_BOUND('',#4290,.F.);
#4293=FILL_AREA_STYLE_COLOUR('',#7);
#4294=FILL_AREA_STYLE('',(#4293));
#4295=SURFACE_STYLE_FILL_AREA(#4294);
#4296=SURFACE_SIDE_STYLE('',(#4295));
#4297=SURFACE_STYLE_USAGE(.BOTH.,#4296);
#4298=PRESENTATION_STYLE_ASSIGNMENT((#4297));
#4299=STYLED_ITEM('',(#4298),#4292);
#4300=CARTESIAN_POINT('',(0.E0,0.E0,2.952755905512E-2));
#4301=DIRECTION('',(0.E0,0.E0,1.E0));
#4302=DIRECTION('',(1.E0,0.E0,0.E0));
#4303=AXIS2_PLACEMENT_3D('',#4300,#4301,#4302);
#4304=CYLINDRICAL_SURFACE('',#4303,9.337007874016E-2);
#4305=ORIENTED_EDGE('',*,*,#2574,.T.);
#4306=ORIENTED_EDGE('',*,*,#4288,.F.);
#4307=ORIENTED_EDGE('',*,*,#2768,.F.);
#4309=ORIENTED_EDGE('',*,*,#4308,.T.);
#4310=EDGE_LOOP('',(#4305,#4306,#4307,#4309));
#4311=FACE_OUTER_BOUND('',#4310,.F.);
#4313=FILL_AREA_STYLE_COLOUR('',#7);
#4314=FILL_AREA_STYLE('',(#4313));
#4315=SURFACE_STYLE_FILL_AREA(#4314);
#4316=SURFACE_SIDE_STYLE('',(#4315));
#4317=SURFACE_STYLE_USAGE(.BOTH.,#4316);
#4318=PRESENTATION_STYLE_ASSIGNMENT((#4317));
#4319=STYLED_ITEM('',(#4318),#4312);
#4320=CARTESIAN_POINT('',(-6.632983821991E-2,-4.819144834248E-2,
2.952755905512E-2));
#4321=DIRECTION('',(-9.990426824369E-1,4.374607032913E-2,0.E0));
#4322=DIRECTION('',(-4.374607032913E-2,-9.990426824369E-1,0.E0));
#4323=AXIS2_PLACEMENT_3D('',#4320,#4321,#4322);
#4324=PLANE('',#4323);
#4325=ORIENTED_EDGE('',*,*,#2576,.T.);
#4326=ORIENTED_EDGE('',*,*,#4308,.F.);
#4327=ORIENTED_EDGE('',*,*,#2766,.T.);
#4329=ORIENTED_EDGE('',*,*,#4328,.T.);
#4330=EDGE_LOOP('',(#4325,#4326,#4327,#4329));
#4331=FACE_OUTER_BOUND('',#4330,.F.);
#4333=FILL_AREA_STYLE_COLOUR('',#7);
#4334=FILL_AREA_STYLE('',(#4333));
#4335=SURFACE_STYLE_FILL_AREA(#4334);
#4336=SURFACE_SIDE_STYLE('',(#4335));
#4337=SURFACE_STYLE_USAGE(.BOTH.,#4336);
#4338=PRESENTATION_STYLE_ASSIGNMENT((#4337));
#4339=STYLED_ITEM('',(#4338),#4332);
#4340=CARTESIAN_POINT('',(-8.250867323242E-2,-4.370686954437E-2,
2.952755905512E-2));
#4341=DIRECTION('',(-2.671161817301E-1,-9.636643323574E-1,0.E0));
#4342=DIRECTION('',(9.636643323574E-1,-2.671161817301E-1,0.E0));
#4343=AXIS2_PLACEMENT_3D('',#4340,#4341,#4342);
#4344=PLANE('',#4343);
#4345=ORIENTED_EDGE('',*,*,#2578,.T.);
#4346=ORIENTED_EDGE('',*,*,#4328,.F.);
#4347=ORIENTED_EDGE('',*,*,#2764,.T.);
#4349=ORIENTED_EDGE('',*,*,#4348,.T.);
#4350=EDGE_LOOP('',(#4345,#4346,#4347,#4349));
#4351=FACE_OUTER_BOUND('',#4350,.F.);
#4353=FILL_AREA_STYLE_COLOUR('',#7);
#4354=FILL_AREA_STYLE('',(#4353));
#4355=SURFACE_STYLE_FILL_AREA(#4354);
#4356=SURFACE_SIDE_STYLE('',(#4355));
#4357=SURFACE_STYLE_USAGE(.BOTH.,#4356);
#4358=PRESENTATION_STYLE_ASSIGNMENT((#4357));
#4359=STYLED_ITEM('',(#4358),#4352);
#4360=CARTESIAN_POINT('',(0.E0,0.E0,2.952755905512E-2));
#4361=DIRECTION('',(0.E0,0.E0,1.E0));
#4362=DIRECTION('',(1.E0,0.E0,0.E0));
#4363=AXIS2_PLACEMENT_3D('',#4360,#4361,#4362);
#4364=CYLINDRICAL_SURFACE('',#4363,9.337007874016E-2);
#4365=ORIENTED_EDGE('',*,*,#2580,.T.);
#4366=ORIENTED_EDGE('',*,*,#4348,.F.);
#4367=ORIENTED_EDGE('',*,*,#2762,.F.);
#4369=ORIENTED_EDGE('',*,*,#4368,.T.);
#4370=EDGE_LOOP('',(#4365,#4366,#4367,#4369));
#4371=FACE_OUTER_BOUND('',#4370,.F.);
#4373=FILL_AREA_STYLE_COLOUR('',#7);
#4374=FILL_AREA_STYLE('',(#4373));
#4375=SURFACE_STYLE_FILL_AREA(#4374);
#4376=SURFACE_SIDE_STYLE('',(#4375));
#4377=SURFACE_STYLE_USAGE(.BOTH.,#4376);
#4378=PRESENTATION_STYLE_ASSIGNMENT((#4377));
#4379=STYLED_ITEM('',(#4378),#4372);
#4380=CARTESIAN_POINT('',(-7.797540138522E-2,-2.533574373172E-2,
2.952755905512E-2));
#4381=DIRECTION('',(-9.366277740198E-1,3.503261522278E-1,0.E0));
#4382=DIRECTION('',(-3.503261522278E-1,-9.366277740198E-1,0.E0));
#4383=AXIS2_PLACEMENT_3D('',#4380,#4381,#4382);
#4384=PLANE('',#4383);
#4385=ORIENTED_EDGE('',*,*,#2582,.T.);
#4386=ORIENTED_EDGE('',*,*,#4368,.F.);
#4387=ORIENTED_EDGE('',*,*,#2760,.T.);
#4389=ORIENTED_EDGE('',*,*,#4388,.T.);
#4390=EDGE_LOOP('',(#4385,#4386,#4387,#4389));
#4391=FACE_OUTER_BOUND('',#4390,.F.);
#4393=FILL_AREA_STYLE_COLOUR('',#7);
#4394=FILL_AREA_STYLE('',(#4393));
#4395=SURFACE_STYLE_FILL_AREA(#4394);
#4396=SURFACE_SIDE_STYLE('',(#4395));
#4397=SURFACE_STYLE_USAGE(.BOTH.,#4396);
#4398=PRESENTATION_STYLE_ASSIGNMENT((#4397));
#4399=STYLED_ITEM('',(#4398),#4392);
#4400=CARTESIAN_POINT('',(-9.197657678870E-2,-1.607112087489E-2,
2.952755905512E-2));
#4401=DIRECTION('',(-5.518312408138E-1,-8.339558031826E-1,0.E0));
#4402=DIRECTION('',(8.339558031826E-1,-5.518312408138E-1,0.E0));
#4403=AXIS2_PLACEMENT_3D('',#4400,#4401,#4402);
#4404=PLANE('',#4403);
#4405=ORIENTED_EDGE('',*,*,#2584,.T.);
#4406=ORIENTED_EDGE('',*,*,#4388,.F.);
#4407=ORIENTED_EDGE('',*,*,#2758,.T.);
#4409=ORIENTED_EDGE('',*,*,#4408,.T.);
#4410=EDGE_LOOP('',(#4405,#4406,#4407,#4409));
#4411=FACE_OUTER_BOUND('',#4410,.F.);
#4413=FILL_AREA_STYLE_COLOUR('',#7);
#4414=FILL_AREA_STYLE('',(#4413));
#4415=SURFACE_STYLE_FILL_AREA(#4414);
#4416=SURFACE_SIDE_STYLE('',(#4415));
#4417=SURFACE_STYLE_USAGE(.BOTH.,#4416);
#4418=PRESENTATION_STYLE_ASSIGNMENT((#4417));
#4419=STYLED_ITEM('',(#4418),#4412);
#4420=CARTESIAN_POINT('',(0.E0,0.E0,2.952755905512E-2));
#4421=DIRECTION('',(0.E0,0.E0,1.E0));
#4422=DIRECTION('',(1.E0,0.E0,0.E0));
#4423=AXIS2_PLACEMENT_3D('',#4420,#4421,#4422);
#4424=CYLINDRICAL_SURFACE('',#4423,9.337007874016E-2);
#4425=ORIENTED_EDGE('',*,*,#2586,.T.);
#4426=ORIENTED_EDGE('',*,*,#4408,.F.);
#4427=ORIENTED_EDGE('',*,*,#2756,.F.);
#4429=ORIENTED_EDGE('',*,*,#4428,.T.);
#4430=EDGE_LOOP('',(#4425,#4426,#4427,#4429));
#4431=FACE_OUTER_BOUND('',#4430,.F.);
#4433=FILL_AREA_STYLE_COLOUR('',#7);
#4434=FILL_AREA_STYLE('',(#4433));
#4435=SURFACE_STYLE_FILL_AREA(#4434);
#4436=SURFACE_SIDE_STYLE('',(#4435));
#4437=SURFACE_STYLE_USAGE(.BOTH.,#4436);
#4438=PRESENTATION_STYLE_ASSIGNMENT((#4437));
#4439=STYLED_ITEM('',(#4438),#4432);
#4440=CARTESIAN_POINT('',(-8.198818897638E-2,0.E0,2.952755905512E-2));
#4441=DIRECTION('',(-7.825292132122E-1,6.226138694805E-1,0.E0));
#4442=DIRECTION('',(-6.226138694805E-1,-7.825292132122E-1,0.E0));
#4443=AXIS2_PLACEMENT_3D('',#4440,#4441,#4442);
#4444=PLANE('',#4443);
#4445=ORIENTED_EDGE('',*,*,#2588,.T.);
#4446=ORIENTED_EDGE('',*,*,#4428,.F.);
#4447=ORIENTED_EDGE('',*,*,#2754,.T.);
#4449=ORIENTED_EDGE('',*,*,#4448,.T.);
#4450=EDGE_LOOP('',(#4445,#4446,#4447,#4449));
#4451=FACE_OUTER_BOUND('',#4450,.F.);
#4453=FILL_AREA_STYLE_COLOUR('',#7);
#4454=FILL_AREA_STYLE('',(#4453));
#4455=SURFACE_STYLE_FILL_AREA(#4454);
#4456=SURFACE_SIDE_STYLE('',(#4455));
#4457=SURFACE_STYLE_USAGE(.BOTH.,#4456);
#4458=PRESENTATION_STYLE_ASSIGNMENT((#4457));
#4459=STYLED_ITEM('',(#4458),#4452);
#4460=CARTESIAN_POINT('',(-9.244117217041E-2,1.313778107991E-2,
2.952755905512E-2));
#4461=DIRECTION('',(-7.825292132122E-1,-6.226138694805E-1,0.E0));
#4462=DIRECTION('',(6.226138694805E-1,-7.825292132122E-1,0.E0));
#4463=AXIS2_PLACEMENT_3D('',#4460,#4461,#4462);
#4464=PLANE('',#4463);
#4465=ORIENTED_EDGE('',*,*,#2590,.T.);
#4466=ORIENTED_EDGE('',*,*,#4448,.F.);
#4467=ORIENTED_EDGE('',*,*,#2752,.T.);
#4469=ORIENTED_EDGE('',*,*,#4468,.T.);
#4470=EDGE_LOOP('',(#4465,#4466,#4467,#4469));
#4471=FACE_OUTER_BOUND('',#4470,.F.);
#4473=FILL_AREA_STYLE_COLOUR('',#7);
#4474=FILL_AREA_STYLE('',(#4473));
#4475=SURFACE_STYLE_FILL_AREA(#4474);
#4476=SURFACE_SIDE_STYLE('',(#4475));
#4477=SURFACE_STYLE_USAGE(.BOTH.,#4476);
#4478=PRESENTATION_STYLE_ASSIGNMENT((#4477));
#4479=STYLED_ITEM('',(#4478),#4472);
#4480=CARTESIAN_POINT('',(0.E0,0.E0,2.952755905512E-2));
#4481=DIRECTION('',(0.E0,0.E0,1.E0));
#4482=DIRECTION('',(1.E0,0.E0,0.E0));
#4483=AXIS2_PLACEMENT_3D('',#4480,#4481,#4482);
#4484=CYLINDRICAL_SURFACE('',#4483,9.337007874016E-2);
#4485=ORIENTED_EDGE('',*,*,#2592,.T.);
#4486=ORIENTED_EDGE('',*,*,#4468,.F.);
#4487=ORIENTED_EDGE('',*,*,#2750,.F.);
#4489=ORIENTED_EDGE('',*,*,#4488,.T.);
#4490=EDGE_LOOP('',(#4485,#4486,#4487,#4489));
#4491=FACE_OUTER_BOUND('',#4490,.F.);
#4493=FILL_AREA_STYLE_COLOUR('',#7);
#4494=FILL_AREA_STYLE('',(#4493));
#4495=SURFACE_STYLE_FILL_AREA(#4494);
#4496=SURFACE_SIDE_STYLE('',(#4495));
#4497=SURFACE_STYLE_USAGE(.BOTH.,#4496);
#4498=PRESENTATION_STYLE_ASSIGNMENT((#4497));
#4499=STYLED_ITEM('',(#4498),#4492);
#4500=CARTESIAN_POINT('',(-7.797540138522E-2,2.533574373173E-2,
2.952755905512E-2));
#4501=DIRECTION('',(-5.518312408138E-1,8.339558031826E-1,0.E0));
#4502=DIRECTION('',(-8.339558031826E-1,-5.518312408138E-1,0.E0));
#4503=AXIS2_PLACEMENT_3D('',#4500,#4501,#4502);
#4504=PLANE('',#4503);
#4505=ORIENTED_EDGE('',*,*,#2594,.T.);
#4506=ORIENTED_EDGE('',*,*,#4488,.F.);
#4507=ORIENTED_EDGE('',*,*,#2748,.T.);
#4509=ORIENTED_EDGE('',*,*,#4508,.T.);
#4510=EDGE_LOOP('',(#4505,#4506,#4507,#4509));
#4511=FACE_OUTER_BOUND('',#4510,.F.);
#4513=FILL_AREA_STYLE_COLOUR('',#7);
#4514=FILL_AREA_STYLE('',(#4513));
#4515=SURFACE_STYLE_FILL_AREA(#4514);
#4516=SURFACE_SIDE_STYLE('',(#4515));
#4517=SURFACE_STYLE_USAGE(.BOTH.,#4516);
#4518=PRESENTATION_STYLE_ASSIGNMENT((#4517));
#4519=STYLED_ITEM('',(#4518),#4512);
#4520=CARTESIAN_POINT('',(-8.385698154456E-2,4.106066548631E-2,
2.952755905512E-2));
#4521=DIRECTION('',(-9.366277740198E-1,-3.503261522278E-1,0.E0));
#4522=DIRECTION('',(3.503261522278E-1,-9.366277740198E-1,0.E0));
#4523=AXIS2_PLACEMENT_3D('',#4520,#4521,#4522);
#4524=PLANE('',#4523);
#4525=ORIENTED_EDGE('',*,*,#2596,.T.);
#4526=ORIENTED_EDGE('',*,*,#4508,.F.);
#4527=ORIENTED_EDGE('',*,*,#2746,.T.);
#4529=ORIENTED_EDGE('',*,*,#4528,.T.);
#4530=EDGE_LOOP('',(#4525,#4526,#4527,#4529));
#4531=FACE_OUTER_BOUND('',#4530,.F.);
#4533=FILL_AREA_STYLE_COLOUR('',#7);
#4534=FILL_AREA_STYLE('',(#4533));
#4535=SURFACE_STYLE_FILL_AREA(#4534);
#4536=SURFACE_SIDE_STYLE('',(#4535));
#4537=SURFACE_STYLE_USAGE(.BOTH.,#4536);
#4538=PRESENTATION_STYLE_ASSIGNMENT((#4537));
#4539=STYLED_ITEM('',(#4538),#4532);
#4540=CARTESIAN_POINT('',(0.E0,0.E0,2.952755905512E-2));
#4541=DIRECTION('',(0.E0,0.E0,1.E0));
#4542=DIRECTION('',(1.E0,0.E0,0.E0));
#4543=AXIS2_PLACEMENT_3D('',#4540,#4541,#4542);
#4544=CYLINDRICAL_SURFACE('',#4543,9.337007874016E-2);
#4545=ORIENTED_EDGE('',*,*,#2598,.T.);
#4546=ORIENTED_EDGE('',*,*,#4528,.F.);
#4547=ORIENTED_EDGE('',*,*,#2744,.F.);
#4549=ORIENTED_EDGE('',*,*,#4548,.T.);
#4550=EDGE_LOOP('',(#4545,#4546,#4547,#4549));
#4551=FACE_OUTER_BOUND('',#4550,.F.);
#4553=FILL_AREA_STYLE_COLOUR('',#7);
#4554=FILL_AREA_STYLE('',(#4553));
#4555=SURFACE_STYLE_FILL_AREA(#4554);
#4556=SURFACE_SIDE_STYLE('',(#4555));
#4557=SURFACE_STYLE_USAGE(.BOTH.,#4556);
#4558=PRESENTATION_STYLE_ASSIGNMENT((#4557));
#4559=STYLED_ITEM('',(#4558),#4552);
#4560=CARTESIAN_POINT('',(-6.632983821991E-2,4.819144834248E-2,
2.952755905512E-2));
#4561=DIRECTION('',(-2.671161817301E-1,9.636643323574E-1,0.E0));
#4562=DIRECTION('',(-9.636643323574E-1,-2.671161817301E-1,0.E0));
#4563=AXIS2_PLACEMENT_3D('',#4560,#4561,#4562);
#4564=PLANE('',#4563);
#4565=ORIENTED_EDGE('',*,*,#2600,.T.);
#4566=ORIENTED_EDGE('',*,*,#4548,.F.);
#4567=ORIENTED_EDGE('',*,*,#2742,.T.);
#4569=ORIENTED_EDGE('',*,*,#4568,.T.);
#4570=EDGE_LOOP('',(#4565,#4566,#4567,#4569));
#4571=FACE_OUTER_BOUND('',#4570,.F.);
#4573=FILL_AREA_STYLE_COLOUR('',#7);
#4574=FILL_AREA_STYLE('',(#4573));
#4575=SURFACE_STYLE_FILL_AREA(#4574);
#4576=SURFACE_SIDE_STYLE('',(#4575));
#4577=SURFACE_STYLE_USAGE(.BOTH.,#4576);
#4578=PRESENTATION_STYLE_ASSIGNMENT((#4577));
#4579=STYLED_ITEM('',(#4578),#4572);
#4580=CARTESIAN_POINT('',(-6.706428529918E-2,6.496424586843E-2,
2.952755905512E-2));
#4581=DIRECTION('',(-9.990426824369E-1,-4.374607032912E-2,0.E0));
#4582=DIRECTION('',(4.374607032912E-2,-9.990426824369E-1,0.E0));
#4583=AXIS2_PLACEMENT_3D('',#4580,#4581,#4582);
#4584=PLANE('',#4583);
#4585=ORIENTED_EDGE('',*,*,#2602,.T.);
#4586=ORIENTED_EDGE('',*,*,#4568,.F.);
#4587=ORIENTED_EDGE('',*,*,#2740,.T.);
#4589=ORIENTED_EDGE('',*,*,#4588,.T.);
#4590=EDGE_LOOP('',(#4585,#4586,#4587,#4589));
#4591=FACE_OUTER_BOUND('',#4590,.F.);
#4593=FILL_AREA_STYLE_COLOUR('',#7);
#4594=FILL_AREA_STYLE('',(#4593));
#4595=SURFACE_STYLE_FILL_AREA(#4594);
#4596=SURFACE_SIDE_STYLE('',(#4595));
#4597=SURFACE_STYLE_USAGE(.BOTH.,#4596);
#4598=PRESENTATION_STYLE_ASSIGNMENT((#4597));
#4599=STYLED_ITEM('',(#4598),#4592);
#4600=CARTESIAN_POINT('',(0.E0,0.E0,2.952755905512E-2));
#4601=DIRECTION('',(0.E0,0.E0,1.E0));
#4602=DIRECTION('',(1.E0,0.E0,0.E0));
#4603=AXIS2_PLACEMENT_3D('',#4600,#4601,#4602);
#4604=CYLINDRICAL_SURFACE('',#4603,9.337007874016E-2);
#4605=ORIENTED_EDGE('',*,*,#2604,.T.);
#4606=ORIENTED_EDGE('',*,*,#4588,.F.);
#4607=ORIENTED_EDGE('',*,*,#2738,.F.);
#4609=ORIENTED_EDGE('',*,*,#4608,.T.);
#4610=EDGE_LOOP('',(#4605,#4606,#4607,#4609));
#4611=FACE_OUTER_BOUND('',#4610,.F.);
#4613=FILL_AREA_STYLE_COLOUR('',#7);
#4614=FILL_AREA_STYLE('',(#4613));
#4615=SURFACE_STYLE_FILL_AREA(#4614);
#4616=SURFACE_SIDE_STYLE('',(#4615));
#4617=SURFACE_STYLE_USAGE(.BOTH.,#4616);
#4618=PRESENTATION_STYLE_ASSIGNMENT((#4617));
#4619=STYLED_ITEM('',(#4618),#4612);
#4620=CARTESIAN_POINT('',(-4.819144834248E-2,6.632983821991E-2,
2.952755905512E-2));
#4621=DIRECTION('',(4.374607032912E-2,9.990426824369E-1,0.E0));
#4622=DIRECTION('',(-9.990426824369E-1,4.374607032912E-2,0.E0));
#4623=AXIS2_PLACEMENT_3D('',#4620,#4621,#4622);
#4624=PLANE('',#4623);
#4625=ORIENTED_EDGE('',*,*,#2606,.T.);
#4626=ORIENTED_EDGE('',*,*,#4608,.F.);
#4627=ORIENTED_EDGE('',*,*,#2736,.T.);
#4629=ORIENTED_EDGE('',*,*,#4628,.T.);
#4630=EDGE_LOOP('',(#4625,#4626,#4627,#4629));
#4631=FACE_OUTER_BOUND('',#4630,.F.);
#4633=FILL_AREA_STYLE_COLOUR('',#7);
#4634=FILL_AREA_STYLE('',(#4633));
#4635=SURFACE_STYLE_FILL_AREA(#4634);
#4636=SURFACE_SIDE_STYLE('',(#4635));
#4637=SURFACE_STYLE_USAGE(.BOTH.,#4636);
#4638=PRESENTATION_STYLE_ASSIGNMENT((#4637));
#4639=STYLED_ITEM('',(#4638),#4632);
#4640=CARTESIAN_POINT('',(-4.370686954437E-2,8.250867323242E-2,
2.952755905512E-2));
#4641=DIRECTION('',(-9.636643323574E-1,2.671161817301E-1,0.E0));
#4642=DIRECTION('',(-2.671161817301E-1,-9.636643323574E-1,0.E0));
#4643=AXIS2_PLACEMENT_3D('',#4640,#4641,#4642);
#4644=PLANE('',#4643);
#4645=ORIENTED_EDGE('',*,*,#2608,.T.);
#4646=ORIENTED_EDGE('',*,*,#4628,.F.);
#4647=ORIENTED_EDGE('',*,*,#2734,.T.);
#4649=ORIENTED_EDGE('',*,*,#4648,.T.);
#4650=EDGE_LOOP('',(#4645,#4646,#4647,#4649));
#4651=FACE_OUTER_BOUND('',#4650,.F.);
#4653=FILL_AREA_STYLE_COLOUR('',#7);
#4654=FILL_AREA_STYLE('',(#4653));
#4655=SURFACE_STYLE_FILL_AREA(#4654);
#4656=SURFACE_SIDE_STYLE('',(#4655));
#4657=SURFACE_STYLE_USAGE(.BOTH.,#4656);
#4658=PRESENTATION_STYLE_ASSIGNMENT((#4657));
#4659=STYLED_ITEM('',(#4658),#4652);
#4660=CARTESIAN_POINT('',(0.E0,0.E0,2.952755905512E-2));
#4661=DIRECTION('',(0.E0,0.E0,1.E0));
#4662=DIRECTION('',(1.E0,0.E0,0.E0));
#4663=AXIS2_PLACEMENT_3D('',#4660,#4661,#4662);
#4664=CYLINDRICAL_SURFACE('',#4663,9.337007874016E-2);
#4665=ORIENTED_EDGE('',*,*,#2610,.T.);
#4666=ORIENTED_EDGE('',*,*,#4648,.F.);
#4667=ORIENTED_EDGE('',*,*,#2732,.F.);
#4668=ORIENTED_EDGE('',*,*,#3488,.T.);
#4669=EDGE_LOOP('',(#4665,#4666,#4667,#4668));
#4670=FACE_OUTER_BOUND('',#4669,.F.);
#4672=FILL_AREA_STYLE_COLOUR('',#7);
#4673=FILL_AREA_STYLE('',(#4672));
#4674=SURFACE_STYLE_FILL_AREA(#4673);
#4675=SURFACE_SIDE_STYLE('',(#4674));
#4676=SURFACE_STYLE_USAGE(.BOTH.,#4675);
#4677=PRESENTATION_STYLE_ASSIGNMENT((#4676));
#4678=STYLED_ITEM('',(#4677),#4671);
#4681=FILL_AREA_STYLE_COLOUR('',#7);
#4682=FILL_AREA_STYLE('',(#4681));
#4683=SURFACE_STYLE_FILL_AREA(#4682);
#4684=SURFACE_SIDE_STYLE('',(#4683));
#4685=SURFACE_STYLE_USAGE(.BOTH.,#4684);
#4686=PRESENTATION_STYLE_ASSIGNMENT((#4685));
#15=STYLED_ITEM('',(#4686),#4680);
#4688=LENGTH_MEASURE_WITH_UNIT(LENGTH_MEASURE(2.54E1),#4687);
#4689=(CONVERSION_BASED_UNIT('INCH',#4688)LENGTH_UNIT()NAMED_UNIT(*));
#4691=PLANE_ANGLE_MEASURE_WITH_UNIT(PLANE_ANGLE_MEASURE(1.745329251994E-2),
#4690);
#4692=(CONVERSION_BASED_UNIT('DEGREE',#4691)NAMED_UNIT(*)PLANE_ANGLE_UNIT());
#4694=UNCERTAINTY_MEASURE_WITH_UNIT(LENGTH_MEASURE(3.9E-4),#4689,'closure',
'Maximum model space distance between geometric entities at asserted connectivities');
#4696=CARTESIAN_POINT('',(0.E0,0.E0,0.E0));
#4697=DIRECTION('',(0.E0,0.E0,1.E0));
#4698=DIRECTION('',(1.E0,0.E0,0.E0));
#4701=MECHANICAL_DESIGN_GEOMETRIC_PRESENTATION_REPRESENTATION('',(#24,#32,#40,
#48,#56,#64,#72,#80,#88,#96,#104,#112,#120,#128,#136,#144,#151,#159,#166,#174,
#181,#189,#196,#204,#211,#219,#226,#234,#241,#249,#256,#264,#272,#280,#288,#296,
#304,#312,#320,#328,#336,#344,#352,#360,#368,#376,#384,#392,#400,#408,#416,#424,
#431,#439,#447,#455,#463,#471,#479,#487,#495,#503,#511,#519,#527,#535,#543,#551,
#559,#566,#574,#581,#589,#596,#604,#611,#619,#626,#634,#641,#649,#656,#664,#671,
#679,#687,#695,#703,#711,#719,#727,#735,#743,#751,#759,#767,#775,#783,#791,#799,
#807,#815,#823,#831,#839,#846,#853,#860,#867,#874,#881,#888,#895,#902,#909,#916,
#923,#930,#937,#944,#951,#958,#965,#972,#979,#986,#993,#1000,#1007,#1014,#1021,
#1028,#1035,#1042,#1049,#1056,#1063,#1070,#1077,#1084,#1091,#1098,#1105,#1112,
#1119,#1126,#1133,#1140,#1147,#1154,#1161,#1168,#1175,#1182,#1189,#1196,#1203,
#1210,#1217,#1224,#1231,#1238,#1245,#1252,#1259,#1266,#1273,#1280,#1287,#1294,
#1301,#1308,#1315,#1322,#1329,#1336,#1343,#1350,#1357,#1364,#1371,#1378,#1385,
#1392,#1399,#1406,#1413,#1420,#1427,#1434,#1441,#1448,#1455,#1462,#1469,#1476,
#1483,#1490,#1497,#1504,#1511,#1518,#1525,#1532,#1539,#1546,#1553,#1560,#1567,
#1574,#1581,#1588,#1595,#1602,#1609,#1616,#1623,#1630,#1637,#1644,#1651,#1658,
#1665,#1672,#1679,#1686,#1693,#1700,#1707,#1714,#1721,#1728,#1735,#1742,#1749,
#1756,#1763,#1770,#1777,#1784,#1791,#1798,#1805,#1812,#1819,#1826,#1833,#1840,
#1847,#1854,#1861,#1868,#1875,#1882,#1889,#1896,#1903,#1910,#1917,#1924,#1931,
#1938,#1945,#1952,#1959,#1966,#1973,#1980,#1987,#1994,#2001,#2008,#2015,#2022,
#2029,#2036,#2621,#2643,#2859,#2878,#2899,#2918,#2939,#2958,#2979,#2998,#3019,
#3038,#3059,#3078,#3099,#3118,#3139,#3158,#3179,#3199,#3219,#3239,#3259,#3279,
#3299,#3319,#3339,#3359,#3379,#3399,#3419,#3439,#3459,#3478,#3499,#3519,#3539,
#3559,#3579,#3599,#3619,#3639,#3659,#3679,#3699,#3719,#3739,#3759,#3779,#3799,
#3819,#3839,#3859,#3879,#3899,#3919,#3939,#3959,#3979,#3999,#4019,#4039,#4059,
#4079,#4099,#4119,#4139,#4159,#4179,#4199,#4219,#4239,#4259,#4279,#4299,#4319,
#4339,#4359,#4379,#4399,#4419,#4439,#4459,#4479,#4499,#4519,#4539,#4559,#4579,
#4599,#4619,#4639,#4659,#4678,#15),#4695);
#4702=APPLICATION_CONTEXT('automotive design');
#4703=APPLICATION_PROTOCOL_DEFINITION('international standard',
'config_control_design',1994,#4702);
#4704=PRODUCT_DEFINITION_CONTEXT('',#4702,'design');
#4705=PRODUCT_CONTEXT('',#4702,'mechanical');
#4706=PRODUCT('SERVO-HORN-SMALL','SERVO-HORN-SMALL','NOT SPECIFIED',(#4705));
#4707=PRODUCT_DEFINITION_FORMATION_WITH_SPECIFIED_SOURCE('1','LAST_VERSION',
#4706,.MADE.);
#4715=LENGTH_MEASURE_WITH_UNIT(LENGTH_MEASURE(2.54E1),#4714);
#4716=(CONVERSION_BASED_UNIT('INCH',#4715)LENGTH_UNIT()NAMED_UNIT(*));
#4717=DERIVED_UNIT_ELEMENT(#4716,2.E0);
#4718=AREA_UNIT((#4717));
#4719=MEASURE_REPRESENTATION_ITEM('surface area measure',AREA_MEASURE(
7.410373742161E-1),#4718);
#4724=LENGTH_MEASURE_WITH_UNIT(LENGTH_MEASURE(2.54E1),#4723);
#4725=(CONVERSION_BASED_UNIT('INCH',#4724)LENGTH_UNIT()NAMED_UNIT(*));
#4726=DERIVED_UNIT_ELEMENT(#4725,3.E0);
#4727=VOLUME_UNIT((#4726));
#4728=MEASURE_REPRESENTATION_ITEM('volume measure',VOLUME_MEASURE(
1.255680997912E-2),#4727);
#4732=CARTESIAN_POINT('centre point',(1.900866730143E-12,-7.682197345166E-11,
1.115578446053E-11));
#4737=LENGTH_MEASURE_WITH_UNIT(LENGTH_MEASURE(2.54E1),#4736);
#4738=(CONVERSION_BASED_UNIT('INCH',#4737)LENGTH_UNIT()NAMED_UNIT(*));
#4739=DERIVED_UNIT_ELEMENT(#4738,2.E0);
#4740=AREA_UNIT((#4739));
#4741=MEASURE_REPRESENTATION_ITEM('surface area measure',AREA_MEASURE(
7.410373742161E-1),#4740);
#4746=LENGTH_MEASURE_WITH_UNIT(LENGTH_MEASURE(2.54E1),#4745);
#4747=(CONVERSION_BASED_UNIT('INCH',#4746)LENGTH_UNIT()NAMED_UNIT(*));
#4748=DERIVED_UNIT_ELEMENT(#4747,3.E0);
#4749=VOLUME_UNIT((#4748));
#4750=MEASURE_REPRESENTATION_ITEM('volume measure',VOLUME_MEASURE(
1.255680997912E-2),#4749);
#4754=CARTESIAN_POINT('centre point',(1.900866730143E-12,-7.682197345166E-11,
1.115578446053E-11));
#1=DRAUGHTING_PRE_DEFINED_COLOUR('green');
#2=COLOUR_RGB('',1.1E-2,1.2E-2,1.E0);
#3=COLOUR_RGB('',2.352941176471E-1,2.352941176471E-1,2.352941176471E-1);
#4=COLOUR_RGB('',4.1E-1,2.61589E-1,1.12848E-1);
#5=COLOUR_RGB('',5.04854E-1,1.5455E-2,1.5455E-2);
#6=COLOUR_RGB('',6.35294E-1,6.86275E-1,7.4902E-1);
#7=COLOUR_RGB('',6.40777E-1,6.40777E-1,6.40777E-1);
#8=COLOUR_RGB('',6.69062E-1,6.69903E-1,6.55217E-1);
#9=COLOUR_RGB('',9.21569E-1,7.05882E-1,4.70588E-1);
#10=DRAUGHTING_PRE_DEFINED_COLOUR('red');
#11=DRAUGHTING_PRE_DEFINED_COLOUR('yellow');
#12=COLOUR_RGB('',1.E0,1.E0,5.3E-1);
#13=COLOUR_RGB('',1.E0,1.E0,9.49E-1);
#14=DRAUGHTING_PRE_DEFINED_COLOUR('white');
#20=CIRCLE('',#19,2.952755905512E-2);
#29=CIRCLE('',#28,2.952755905512E-2);
#37=CIRCLE('',#36,2.952755905512E-2);
#45=CIRCLE('',#44,2.952755905512E-2);
#53=CIRCLE('',#52,2.952755905512E-2);
#61=CIRCLE('',#60,2.952755905512E-2);
#69=CIRCLE('',#68,2.952755905512E-2);
#77=CIRCLE('',#76,2.952755905512E-2);
#85=CIRCLE('',#84,2.952755905512E-2);
#93=CIRCLE('',#92,2.952755905512E-2);
#101=CIRCLE('',#100,2.952755905512E-2);
#109=CIRCLE('',#108,2.952755905512E-2);
#117=CIRCLE('',#116,2.952755905512E-2);
#125=CIRCLE('',#124,2.952755905512E-2);
#133=CIRCLE('',#132,2.952755905512E-2);
#141=CIRCLE('',#140,2.952755905512E-2);
#156=CIRCLE('',#155,7.992125984252E-2);
#171=CIRCLE('',#170,6.521558009486E-2);
#186=CIRCLE('',#185,7.992125984252E-2);
#201=CIRCLE('',#200,6.521558009486E-2);
#216=CIRCLE('',#215,7.992125984252E-2);
#231=CIRCLE('',#230,6.521558009486E-2);
#246=CIRCLE('',#245,7.992125984252E-2);
#261=CIRCLE('',#260,6.521558009486E-2);
#269=CIRCLE('',#268,9.337007874016E-2);
#277=CIRCLE('',#276,9.337007874016E-2);
#285=CIRCLE('',#284,9.337007874016E-2);
#293=CIRCLE('',#292,9.337007874016E-2);
#301=CIRCLE('',#300,9.337007874016E-2);
#309=CIRCLE('',#308,9.337007874016E-2);
#317=CIRCLE('',#316,9.337007874016E-2);
#325=CIRCLE('',#324,9.337007874016E-2);
#333=CIRCLE('',#332,9.337007874016E-2);
#341=CIRCLE('',#340,9.337007874016E-2);
#349=CIRCLE('',#348,9.337007874016E-2);
#357=CIRCLE('',#356,9.337007874016E-2);
#365=CIRCLE('',#364,9.337007874016E-2);
#373=CIRCLE('',#372,9.337007874016E-2);
#381=CIRCLE('',#380,9.337007874016E-2);
#389=CIRCLE('',#388,9.337007874016E-2);
#397=CIRCLE('',#396,9.337007874016E-2);
#405=CIRCLE('',#404,9.337007874016E-2);
#413=CIRCLE('',#412,9.337007874016E-2);
#421=CIRCLE('',#420,9.337007874016E-2);
#436=CIRCLE('',#435,2.952755905512E-2);
#444=CIRCLE('',#443,2.952755905512E-2);
#452=CIRCLE('',#451,2.952755905512E-2);
#460=CIRCLE('',#459,2.952755905512E-2);
#468=CIRCLE('',#467,2.952755905512E-2);
#476=CIRCLE('',#475,2.952755905512E-2);
#484=CIRCLE('',#483,2.952755905512E-2);
#492=CIRCLE('',#491,2.952755905512E-2);
#500=CIRCLE('',#499,2.952755905512E-2);
#508=CIRCLE('',#507,2.952755905512E-2);
#516=CIRCLE('',#515,2.952755905512E-2);
#524=CIRCLE('',#523,2.952755905512E-2);
#532=CIRCLE('',#531,2.952755905512E-2);
#540=CIRCLE('',#539,2.952755905512E-2);
#548=CIRCLE('',#547,2.952755905512E-2);
#556=CIRCLE('',#555,2.952755905512E-2);
#571=CIRCLE('',#570,7.992125984252E-2);
#586=CIRCLE('',#585,6.521558009486E-2);
#601=CIRCLE('',#600,7.992125984252E-2);
#616=CIRCLE('',#615,6.521558009486E-2);
#631=CIRCLE('',#630,7.992125984252E-2);
#646=CIRCLE('',#645,6.521558009486E-2);
#661=CIRCLE('',#660,7.992125984252E-2);
#676=CIRCLE('',#675,6.521558009486E-2);
#684=CIRCLE('',#683,9.337007874016E-2);
#692=CIRCLE('',#691,9.337007874016E-2);
#700=CIRCLE('',#699,9.337007874016E-2);
#708=CIRCLE('',#707,9.337007874016E-2);
#716=CIRCLE('',#715,9.337007874016E-2);
#724=CIRCLE('',#723,9.337007874016E-2);
#732=CIRCLE('',#731,9.337007874016E-2);
#740=CIRCLE('',#739,9.337007874016E-2);
#748=CIRCLE('',#747,9.337007874016E-2);
#756=CIRCLE('',#755,9.337007874016E-2);
#764=CIRCLE('',#763,9.337007874016E-2);
#772=CIRCLE('',#771,9.337007874016E-2);
#780=CIRCLE('',#779,9.337007874016E-2);
#788=CIRCLE('',#787,9.337007874016E-2);
#796=CIRCLE('',#795,9.337007874016E-2);
#804=CIRCLE('',#803,9.337007874016E-2);
#812=CIRCLE('',#811,9.337007874016E-2);
#820=CIRCLE('',#819,9.337007874016E-2);
#828=CIRCLE('',#827,9.337007874016E-2);
#836=CIRCLE('',#835,9.337007874016E-2);
#2410=EDGE_CURVE('',#2060,#2159,#148,.T.);
#2412=EDGE_CURVE('',#2159,#2143,#156,.T.);
#2414=EDGE_CURVE('',#2143,#2144,#163,.T.);
#2416=EDGE_CURVE('',#2144,#2146,#171,.T.);
#2418=EDGE_CURVE('',#2146,#2148,#178,.T.);
#2420=EDGE_CURVE('',#2148,#2155,#186,.T.);
#2422=EDGE_CURVE('',#2155,#2043,#193,.T.);
#2424=EDGE_CURVE('',#2043,#2044,#201,.T.);
#2426=EDGE_CURVE('',#2044,#2151,#208,.T.);
#2428=EDGE_CURVE('',#2151,#2135,#216,.T.);
#2430=EDGE_CURVE('',#2135,#2136,#223,.T.);
#2432=EDGE_CURVE('',#2136,#2138,#231,.T.);
#2434=EDGE_CURVE('',#2138,#2140,#238,.T.);
#2436=EDGE_CURVE('',#2140,#2163,#246,.T.);
#2438=EDGE_CURVE('',#2163,#2059,#253,.T.);
#2440=EDGE_CURVE('',#2059,#2060,#261,.T.);
#2444=EDGE_CURVE('',#2127,#2128,#37,.T.);
#2446=EDGE_CURVE('',#2128,#2127,#45,.T.);
#2450=EDGE_CURVE('',#2123,#2124,#53,.T.);
#2452=EDGE_CURVE('',#2124,#2123,#61,.T.);
#2456=EDGE_CURVE('',#2119,#2120,#69,.T.);
#2458=EDGE_CURVE('',#2120,#2119,#77,.T.);
#2462=EDGE_CURVE('',#2079,#2080,#85,.T.);
#2464=EDGE_CURVE('',#2080,#2079,#93,.T.);
#2468=EDGE_CURVE('',#2055,#2056,#101,.T.);
#2470=EDGE_CURVE('',#2056,#2055,#109,.T.);
#2474=EDGE_CURVE('',#2039,#2040,#117,.T.);
#2476=EDGE_CURVE('',#2040,#2039,#125,.T.);
#2480=EDGE_CURVE('',#2071,#2072,#133,.T.);
#2482=EDGE_CURVE('',#2072,#2071,#141,.T.);
#2486=EDGE_CURVE('',#2131,#2132,#20,.T.);
#2488=EDGE_CURVE('',#2132,#2131,#29,.T.);
#2492=EDGE_CURVE('',#2404,#2167,#1074,.T.);
#2494=EDGE_CURVE('',#2244,#2404,#1081,.T.);
#2496=EDGE_CURVE('',#2243,#2244,#269,.T.);
#2498=EDGE_CURVE('',#2400,#2243,#1109,.T.);
#2500=EDGE_CURVE('',#2240,#2400,#1130,.T.);
#2502=EDGE_CURVE('',#2239,#2240,#277,.T.);
#2504=EDGE_CURVE('',#2396,#2239,#1158,.T.);
#2506=EDGE_CURVE('',#2236,#2396,#1179,.T.);
#2508=EDGE_CURVE('',#2235,#2236,#285,.T.);
#2510=EDGE_CURVE('',#2392,#2235,#1207,.T.);
#2512=EDGE_CURVE('',#2232,#2392,#1228,.T.);
#2514=EDGE_CURVE('',#2231,#2232,#293,.T.);
#2516=EDGE_CURVE('',#2388,#2231,#1256,.T.);
#2518=EDGE_CURVE('',#2228,#2388,#1277,.T.);
#2520=EDGE_CURVE('',#2227,#2228,#301,.T.);
#2522=EDGE_CURVE('',#2384,#2227,#1305,.T.);
#2524=EDGE_CURVE('',#2224,#2384,#1326,.T.);
#2526=EDGE_CURVE('',#2223,#2224,#309,.T.);
#2528=EDGE_CURVE('',#2380,#2223,#1354,.T.);
#2530=EDGE_CURVE('',#2220,#2380,#1375,.T.);
#2532=EDGE_CURVE('',#2219,#2220,#317,.T.);
#2534=EDGE_CURVE('',#2376,#2219,#1403,.T.);
#2536=EDGE_CURVE('',#2216,#2376,#1424,.T.);
#2538=EDGE_CURVE('',#2215,#2216,#325,.T.);
#2540=EDGE_CURVE('',#2372,#2215,#1452,.T.);
#2542=EDGE_CURVE('',#2212,#2372,#1473,.T.);
#2544=EDGE_CURVE('',#2211,#2212,#333,.T.);
#2546=EDGE_CURVE('',#2368,#2211,#1501,.T.);
#2548=EDGE_CURVE('',#2208,#2368,#1522,.T.);
#2550=EDGE_CURVE('',#2207,#2208,#341,.T.);
#2552=EDGE_CURVE('',#2364,#2207,#1550,.T.);
#2554=EDGE_CURVE('',#2204,#2364,#1571,.T.);
#2556=EDGE_CURVE('',#2203,#2204,#349,.T.);
#2558=EDGE_CURVE('',#2360,#2203,#1599,.T.);
#2560=EDGE_CURVE('',#2200,#2360,#1620,.T.);
#2562=EDGE_CURVE('',#2199,#2200,#357,.T.);
#2564=EDGE_CURVE('',#2356,#2199,#1648,.T.);
#2566=EDGE_CURVE('',#2196,#2356,#1669,.T.);
#2568=EDGE_CURVE('',#2195,#2196,#365,.T.);
#2570=EDGE_CURVE('',#2352,#2195,#1697,.T.);
#2572=EDGE_CURVE('',#2192,#2352,#1718,.T.);
#2574=EDGE_CURVE('',#2191,#2192,#373,.T.);
#2576=EDGE_CURVE('',#2348,#2191,#1746,.T.);
#2578=EDGE_CURVE('',#2188,#2348,#1767,.T.);
#2580=EDGE_CURVE('',#2187,#2188,#381,.T.);
#2582=EDGE_CURVE('',#2344,#2187,#1795,.T.);
#2584=EDGE_CURVE('',#2184,#2344,#1816,.T.);
#2586=EDGE_CURVE('',#2183,#2184,#389,.T.);
#2588=EDGE_CURVE('',#2340,#2183,#1844,.T.);
#2590=EDGE_CURVE('',#2180,#2340,#1865,.T.);
#2592=EDGE_CURVE('',#2179,#2180,#397,.T.);
#2594=EDGE_CURVE('',#2336,#2179,#1893,.T.);
#2596=EDGE_CURVE('',#2176,#2336,#1914,.T.);
#2598=EDGE_CURVE('',#2175,#2176,#405,.T.);
#2600=EDGE_CURVE('',#2332,#2175,#1942,.T.);
#2602=EDGE_CURVE('',#2172,#2332,#1963,.T.);
#2604=EDGE_CURVE('',#2171,#2172,#413,.T.);
#2606=EDGE_CURVE('',#2328,#2171,#1991,.T.);
#2608=EDGE_CURVE('',#2168,#2328,#2012,.T.);
#2610=EDGE_CURVE('',#2167,#2168,#421,.T.);
#2614=ADVANCED_FACE('',(#2443,#2449,#2455,#2461,#2467,#2473,#2479,#2485,#2491,
#2613),#2409,.F.);
#2627=EDGE_CURVE('',#2099,#2100,#436,.T.);
#2629=EDGE_CURVE('',#2100,#2132,#843,.T.);
#2632=EDGE_CURVE('',#2099,#2131,#428,.T.);
#2636=ADVANCED_FACE('',(#2635),#2626,.F.);
#2649=EDGE_CURVE('',#2156,#2051,#563,.T.);
#2651=EDGE_CURVE('',#2116,#2156,#571,.T.);
#2653=EDGE_CURVE('',#2114,#2116,#578,.T.);
#2655=EDGE_CURVE('',#2112,#2114,#586,.T.);
#2657=EDGE_CURVE('',#2111,#2112,#593,.T.);
#2659=EDGE_CURVE('',#2160,#2111,#601,.T.);
#2661=EDGE_CURVE('',#2068,#2160,#608,.T.);
#2663=EDGE_CURVE('',#2067,#2068,#616,.T.);
#2665=EDGE_CURVE('',#2164,#2067,#623,.T.);
#2667=EDGE_CURVE('',#2108,#2164,#631,.T.);
#2669=EDGE_CURVE('',#2106,#2108,#638,.T.);
#2671=EDGE_CURVE('',#2104,#2106,#646,.T.);
#2673=EDGE_CURVE('',#2103,#2104,#653,.T.);
#2675=EDGE_CURVE('',#2152,#2103,#661,.T.);
#2677=EDGE_CURVE('',#2052,#2152,#668,.T.);
#2679=EDGE_CURVE('',#2051,#2052,#676,.T.);
#2683=EDGE_CURVE('',#2095,#2096,#452,.T.);
#2685=EDGE_CURVE('',#2096,#2095,#460,.T.);
#2689=EDGE_CURVE('',#2091,#2092,#468,.T.);
#2691=EDGE_CURVE('',#2092,#2091,#476,.T.);
#2695=EDGE_CURVE('',#2087,#2088,#484,.T.);
#2697=EDGE_CURVE('',#2088,#2087,#492,.T.);
#2701=EDGE_CURVE('',#2083,#2084,#500,.T.);
#2703=EDGE_CURVE('',#2084,#2083,#508,.T.);
#2707=EDGE_CURVE('',#2063,#2064,#516,.T.);
#2709=EDGE_CURVE('',#2064,#2063,#524,.T.);
#2713=EDGE_CURVE('',#2047,#2048,#532,.T.);
#2715=EDGE_CURVE('',#2048,#2047,#540,.T.);
#2719=EDGE_CURVE('',#2075,#2076,#548,.T.);
#2721=EDGE_CURVE('',#2076,#2075,#556,.T.);
#2726=EDGE_CURVE('',#2100,#2099,#444,.T.);
#2730=EDGE_CURVE('',#2247,#2403,#1060,.T.);
#2732=EDGE_CURVE('',#2247,#2248,#684,.T.);
#2734=EDGE_CURVE('',#2327,#2248,#2019,.T.);
#2736=EDGE_CURVE('',#2251,#2327,#1998,.T.);
#2738=EDGE_CURVE('',#2251,#2252,#692,.T.);
#2740=EDGE_CURVE('',#2331,#2252,#1970,.T.);
#2742=EDGE_CURVE('',#2255,#2331,#1949,.T.);
#2744=EDGE_CURVE('',#2255,#2256,#700,.T.);
#2746=EDGE_CURVE('',#2335,#2256,#1921,.T.);
#2748=EDGE_CURVE('',#2259,#2335,#1900,.T.);
#2750=EDGE_CURVE('',#2259,#2260,#708,.T.);
#2752=EDGE_CURVE('',#2339,#2260,#1872,.T.);
#2754=EDGE_CURVE('',#2263,#2339,#1851,.T.);
#2756=EDGE_CURVE('',#2263,#2264,#716,.T.);
#2758=EDGE_CURVE('',#2343,#2264,#1823,.T.);
#2760=EDGE_CURVE('',#2267,#2343,#1802,.T.);
#2762=EDGE_CURVE('',#2267,#2268,#724,.T.);
#2764=EDGE_CURVE('',#2347,#2268,#1774,.T.);
#2766=EDGE_CURVE('',#2271,#2347,#1753,.T.);
#2768=EDGE_CURVE('',#2271,#2272,#732,.T.);
#2770=EDGE_CURVE('',#2351,#2272,#1725,.T.);
#2772=EDGE_CURVE('',#2275,#2351,#1704,.T.);
#2774=EDGE_CURVE('',#2275,#2276,#740,.T.);
#2776=EDGE_CURVE('',#2355,#2276,#1676,.T.);
#2778=EDGE_CURVE('',#2279,#2355,#1655,.T.);
#2780=EDGE_CURVE('',#2279,#2280,#748,.T.);
#2782=EDGE_CURVE('',#2359,#2280,#1627,.T.);
#2784=EDGE_CURVE('',#2283,#2359,#1606,.T.);
#2786=EDGE_CURVE('',#2283,#2284,#756,.T.);
#2788=EDGE_CURVE('',#2363,#2284,#1578,.T.);
#2790=EDGE_CURVE('',#2287,#2363,#1557,.T.);
#2792=EDGE_CURVE('',#2287,#2288,#764,.T.);
#2794=EDGE_CURVE('',#2367,#2288,#1529,.T.);
#2796=EDGE_CURVE('',#2291,#2367,#1508,.T.);
#2798=EDGE_CURVE('',#2291,#2292,#772,.T.);
#2800=EDGE_CURVE('',#2371,#2292,#1480,.T.);
#2802=EDGE_CURVE('',#2295,#2371,#1459,.T.);
#2804=EDGE_CURVE('',#2295,#2296,#780,.T.);
#2806=EDGE_CURVE('',#2375,#2296,#1431,.T.);
#2808=EDGE_CURVE('',#2299,#2375,#1410,.T.);
#2810=EDGE_CURVE('',#2299,#2300,#788,.T.);
#2812=EDGE_CURVE('',#2379,#2300,#1382,.T.);
#2814=EDGE_CURVE('',#2303,#2379,#1361,.T.);
#2816=EDGE_CURVE('',#2303,#2304,#796,.T.);
#2818=EDGE_CURVE('',#2383,#2304,#1333,.T.);
#2820=EDGE_CURVE('',#2307,#2383,#1312,.T.);
#2822=EDGE_CURVE('',#2307,#2308,#804,.T.);
#2824=EDGE_CURVE('',#2387,#2308,#1284,.T.);
#2826=EDGE_CURVE('',#2311,#2387,#1263,.T.);
#2828=EDGE_CURVE('',#2311,#2312,#812,.T.);
#2830=EDGE_CURVE('',#2391,#2312,#1235,.T.);
#2832=EDGE_CURVE('',#2315,#2391,#1214,.T.);
#2834=EDGE_CURVE('',#2315,#2316,#820,.T.);
#2836=EDGE_CURVE('',#2395,#2316,#1186,.T.);
#2838=EDGE_CURVE('',#2319,#2395,#1165,.T.);
#2840=EDGE_CURVE('',#2319,#2320,#828,.T.);
#2842=EDGE_CURVE('',#2399,#2320,#1137,.T.);
#2844=EDGE_CURVE('',#2323,#2399,#1116,.T.);
#2846=EDGE_CURVE('',#2323,#2324,#836,.T.);
#2848=EDGE_CURVE('',#2403,#2324,#1088,.T.);
#2852=ADVANCED_FACE('',(#2682,#2688,#2694,#2700,#2706,#2712,#2718,#2724,#2729,
#2851),#2648,.T.);
#2871=ADVANCED_FACE('',(#2870),#2864,.F.);
#2885=EDGE_CURVE('',#2096,#2128,#857,.T.);
#2888=EDGE_CURVE('',#2095,#2127,#850,.T.);
#2892=ADVANCED_FACE('',(#2891),#2883,.F.);
#2911=ADVANCED_FACE('',(#2910),#2904,.F.);
#2925=EDGE_CURVE('',#2092,#2124,#871,.T.);
#2928=EDGE_CURVE('',#2091,#2123,#864,.T.);
#2932=ADVANCED_FACE('',(#2931),#2923,.F.);
#2951=ADVANCED_FACE('',(#2950),#2944,.F.);
#2965=EDGE_CURVE('',#2088,#2120,#885,.T.);
#2968=EDGE_CURVE('',#2087,#2119,#878,.T.);
#2972=ADVANCED_FACE('',(#2971),#2963,.F.);
#2991=ADVANCED_FACE('',(#2990),#2984,.F.);
#3005=EDGE_CURVE('',#2079,#2083,#892,.T.);
#3008=EDGE_CURVE('',#2080,#2084,#899,.T.);
#3012=ADVANCED_FACE('',(#3011),#3003,.F.);
#3031=ADVANCED_FACE('',(#3030),#3024,.F.);
#3045=EDGE_CURVE('',#2055,#2063,#906,.T.);
#3048=EDGE_CURVE('',#2056,#2064,#913,.T.);
#3052=ADVANCED_FACE('',(#3051),#3043,.F.);
#3071=ADVANCED_FACE('',(#3070),#3064,.F.);
#3085=EDGE_CURVE('',#2039,#2047,#920,.T.);
#3088=EDGE_CURVE('',#2040,#2048,#927,.T.);
#3092=ADVANCED_FACE('',(#3091),#3083,.F.);
#3111=ADVANCED_FACE('',(#3110),#3104,.F.);
#3125=EDGE_CURVE('',#2071,#2075,#934,.T.);
#3128=EDGE_CURVE('',#2072,#2076,#941,.T.);
#3132=ADVANCED_FACE('',(#3131),#3123,.F.);
#3151=ADVANCED_FACE('',(#3150),#3144,.F.);
#3164=EDGE_CURVE('',#2155,#2156,#948,.T.);
#3167=EDGE_CURVE('',#2043,#2051,#1053,.T.);
#3172=ADVANCED_FACE('',(#3171),#3163,.T.);
#3187=EDGE_CURVE('',#2116,#2148,#955,.T.);
#3192=ADVANCED_FACE('',(#3191),#3184,.F.);
#3208=EDGE_CURVE('',#2114,#2146,#962,.T.);
#3212=ADVANCED_FACE('',(#3211),#3204,.T.);
#3228=EDGE_CURVE('',#2112,#2144,#969,.T.);
#3232=ADVANCED_FACE('',(#3231),#3224,.T.);
#3248=EDGE_CURVE('',#2111,#2143,#976,.T.);
#3252=ADVANCED_FACE('',(#3251),#3244,.T.);
#3265=EDGE_CURVE('',#2159,#2160,#983,.T.);
#3272=ADVANCED_FACE('',(#3271),#3264,.F.);
#3287=EDGE_CURVE('',#2060,#2068,#990,.T.);
#3292=ADVANCED_FACE('',(#3291),#3284,.T.);
#3306=EDGE_CURVE('',#2059,#2067,#997,.T.);
#3312=ADVANCED_FACE('',(#3311),#3304,.T.);
#3325=EDGE_CURVE('',#2163,#2164,#1004,.T.);
#3332=ADVANCED_FACE('',(#3331),#3324,.T.);
#3347=EDGE_CURVE('',#2108,#2140,#1011,.T.);
#3352=ADVANCED_FACE('',(#3351),#3344,.F.);
#3368=EDGE_CURVE('',#2106,#2138,#1018,.T.);
#3372=ADVANCED_FACE('',(#3371),#3364,.T.);
#3388=EDGE_CURVE('',#2104,#2136,#1025,.T.);
#3392=ADVANCED_FACE('',(#3391),#3384,.T.);
#3408=EDGE_CURVE('',#2103,#2135,#1032,.T.);
#3412=ADVANCED_FACE('',(#3411),#3404,.T.);
#3425=EDGE_CURVE('',#2151,#2152,#1039,.T.);
#3432=ADVANCED_FACE('',(#3431),#3424,.F.);
#3447=EDGE_CURVE('',#2044,#2052,#1046,.T.);
#3452=ADVANCED_FACE('',(#3451),#3444,.T.);
#3471=ADVANCED_FACE('',(#3470),#3464,.T.);
#3485=EDGE_CURVE('',#2403,#2404,#1067,.T.);
#3488=EDGE_CURVE('',#2247,#2167,#2033,.T.);
#3492=ADVANCED_FACE('',(#3491),#3483,.F.);
#3508=EDGE_CURVE('',#2324,#2244,#1095,.T.);
#3512=ADVANCED_FACE('',(#3511),#3504,.F.);
#3528=EDGE_CURVE('',#2323,#2243,#1102,.T.);
#3532=ADVANCED_FACE('',(#3531),#3524,.F.);
#3548=EDGE_CURVE('',#2399,#2400,#1123,.T.);
#3552=ADVANCED_FACE('',(#3551),#3544,.F.);
#3568=EDGE_CURVE('',#2320,#2240,#1144,.T.);
#3572=ADVANCED_FACE('',(#3571),#3564,.F.);
#3588=EDGE_CURVE('',#2319,#2239,#1151,.T.);
#3592=ADVANCED_FACE('',(#3591),#3584,.F.);
#3608=EDGE_CURVE('',#2395,#2396,#1172,.T.);
#3612=ADVANCED_FACE('',(#3611),#3604,.F.);
#3628=EDGE_CURVE('',#2316,#2236,#1193,.T.);
#3632=ADVANCED_FACE('',(#3631),#3624,.F.);
#3648=EDGE_CURVE('',#2315,#2235,#1200,.T.);
#3652=ADVANCED_FACE('',(#3651),#3644,.F.);
#3668=EDGE_CURVE('',#2391,#2392,#1221,.T.);
#3672=ADVANCED_FACE('',(#3671),#3664,.F.);
#3688=EDGE_CURVE('',#2312,#2232,#1242,.T.);
#3692=ADVANCED_FACE('',(#3691),#3684,.F.);
#3708=EDGE_CURVE('',#2311,#2231,#1249,.T.);
#3712=ADVANCED_FACE('',(#3711),#3704,.F.);
#3728=EDGE_CURVE('',#2387,#2388,#1270,.T.);
#3732=ADVANCED_FACE('',(#3731),#3724,.F.);
#3748=EDGE_CURVE('',#2308,#2228,#1291,.T.);
#3752=ADVANCED_FACE('',(#3751),#3744,.F.);
#3768=EDGE_CURVE('',#2307,#2227,#1298,.T.);
#3772=ADVANCED_FACE('',(#3771),#3764,.F.);
#3788=EDGE_CURVE('',#2383,#2384,#1319,.T.);
#3792=ADVANCED_FACE('',(#3791),#3784,.F.);
#3808=EDGE_CURVE('',#2304,#2224,#1340,.T.);
#3812=ADVANCED_FACE('',(#3811),#3804,.F.);
#3828=EDGE_CURVE('',#2303,#2223,#1347,.T.);
#3832=ADVANCED_FACE('',(#3831),#3824,.F.);
#3848=EDGE_CURVE('',#2379,#2380,#1368,.T.);
#3852=ADVANCED_FACE('',(#3851),#3844,.F.);
#3868=EDGE_CURVE('',#2300,#2220,#1389,.T.);
#3872=ADVANCED_FACE('',(#3871),#3864,.F.);
#3888=EDGE_CURVE('',#2299,#2219,#1396,.T.);
#3892=ADVANCED_FACE('',(#3891),#3884,.F.);
#3908=EDGE_CURVE('',#2375,#2376,#1417,.T.);
#3912=ADVANCED_FACE('',(#3911),#3904,.F.);
#3928=EDGE_CURVE('',#2296,#2216,#1438,.T.);
#3932=ADVANCED_FACE('',(#3931),#3924,.F.);
#3948=EDGE_CURVE('',#2295,#2215,#1445,.T.);
#3952=ADVANCED_FACE('',(#3951),#3944,.F.);
#3968=EDGE_CURVE('',#2371,#2372,#1466,.T.);
#3972=ADVANCED_FACE('',(#3971),#3964,.F.);
#3988=EDGE_CURVE('',#2292,#2212,#1487,.T.);
#3992=ADVANCED_FACE('',(#3991),#3984,.F.);
#4008=EDGE_CURVE('',#2291,#2211,#1494,.T.);
#4012=ADVANCED_FACE('',(#4011),#4004,.F.);
#4028=EDGE_CURVE('',#2367,#2368,#1515,.T.);
#4032=ADVANCED_FACE('',(#4031),#4024,.F.);
#4048=EDGE_CURVE('',#2288,#2208,#1536,.T.);
#4052=ADVANCED_FACE('',(#4051),#4044,.F.);
#4068=EDGE_CURVE('',#2287,#2207,#1543,.T.);
#4072=ADVANCED_FACE('',(#4071),#4064,.F.);
#4088=EDGE_CURVE('',#2363,#2364,#1564,.T.);
#4092=ADVANCED_FACE('',(#4091),#4084,.F.);
#4108=EDGE_CURVE('',#2284,#2204,#1585,.T.);
#4112=ADVANCED_FACE('',(#4111),#4104,.F.);
#4128=EDGE_CURVE('',#2283,#2203,#1592,.T.);
#4132=ADVANCED_FACE('',(#4131),#4124,.F.);
#4148=EDGE_CURVE('',#2359,#2360,#1613,.T.);
#4152=ADVANCED_FACE('',(#4151),#4144,.F.);
#4168=EDGE_CURVE('',#2280,#2200,#1634,.T.);
#4172=ADVANCED_FACE('',(#4171),#4164,.F.);
#4188=EDGE_CURVE('',#2279,#2199,#1641,.T.);
#4192=ADVANCED_FACE('',(#4191),#4184,.F.);
#4208=EDGE_CURVE('',#2355,#2356,#1662,.T.);
#4212=ADVANCED_FACE('',(#4211),#4204,.F.);
#4228=EDGE_CURVE('',#2276,#2196,#1683,.T.);
#4232=ADVANCED_FACE('',(#4231),#4224,.F.);
#4248=EDGE_CURVE('',#2275,#2195,#1690,.T.);
#4252=ADVANCED_FACE('',(#4251),#4244,.F.);
#4268=EDGE_CURVE('',#2351,#2352,#1711,.T.);
#4272=ADVANCED_FACE('',(#4271),#4264,.F.);
#4288=EDGE_CURVE('',#2272,#2192,#1732,.T.);
#4292=ADVANCED_FACE('',(#4291),#4284,.F.);
#4308=EDGE_CURVE('',#2271,#2191,#1739,.T.);
#4312=ADVANCED_FACE('',(#4311),#4304,.F.);
#4328=EDGE_CURVE('',#2347,#2348,#1760,.T.);
#4332=ADVANCED_FACE('',(#4331),#4324,.F.);
#4348=EDGE_CURVE('',#2268,#2188,#1781,.T.);
#4352=ADVANCED_FACE('',(#4351),#4344,.F.);
#4368=EDGE_CURVE('',#2267,#2187,#1788,.T.);
#4372=ADVANCED_FACE('',(#4371),#4364,.F.);
#4388=EDGE_CURVE('',#2343,#2344,#1809,.T.);
#4392=ADVANCED_FACE('',(#4391),#4384,.F.);
#4408=EDGE_CURVE('',#2264,#2184,#1830,.T.);
#4412=ADVANCED_FACE('',(#4411),#4404,.F.);
#4428=EDGE_CURVE('',#2263,#2183,#1837,.T.);
#4432=ADVANCED_FACE('',(#4431),#4424,.F.);
#4448=EDGE_CURVE('',#2339,#2340,#1858,.T.);
#4452=ADVANCED_FACE('',(#4451),#4444,.F.);
#4468=EDGE_CURVE('',#2260,#2180,#1879,.T.);
#4472=ADVANCED_FACE('',(#4471),#4464,.F.);
#4488=EDGE_CURVE('',#2259,#2179,#1886,.T.);
#4492=ADVANCED_FACE('',(#4491),#4484,.F.);
#4508=EDGE_CURVE('',#2335,#2336,#1907,.T.);
#4512=ADVANCED_FACE('',(#4511),#4504,.F.);
#4528=EDGE_CURVE('',#2256,#2176,#1928,.T.);
#4532=ADVANCED_FACE('',(#4531),#4524,.F.);
#4548=EDGE_CURVE('',#2255,#2175,#1935,.T.);
#4552=ADVANCED_FACE('',(#4551),#4544,.F.);
#4568=EDGE_CURVE('',#2331,#2332,#1956,.T.);
#4572=ADVANCED_FACE('',(#4571),#4564,.F.);
#4588=EDGE_CURVE('',#2252,#2172,#1977,.T.);
#4592=ADVANCED_FACE('',(#4591),#4584,.F.);
#4608=EDGE_CURVE('',#2251,#2171,#1984,.T.);
#4612=ADVANCED_FACE('',(#4611),#4604,.F.);
#4628=EDGE_CURVE('',#2327,#2328,#2005,.T.);
#4632=ADVANCED_FACE('',(#4631),#4624,.F.);
#4648=EDGE_CURVE('',#2248,#2168,#2026,.T.);
#4652=ADVANCED_FACE('',(#4651),#4644,.F.);
#4671=ADVANCED_FACE('',(#4670),#4664,.F.);
#4679=CLOSED_SHELL('',(#2614,#2636,#2852,#2871,#2892,#2911,#2932,#2951,#2972,
#2991,#3012,#3031,#3052,#3071,#3092,#3111,#3132,#3151,#3172,#3192,#3212,#3232,
#3252,#3272,#3292,#3312,#3332,#3352,#3372,#3392,#3412,#3432,#3452,#3471,#3492,
#3512,#3532,#3552,#3572,#3592,#3612,#3632,#3652,#3672,#3692,#3712,#3732,#3752,
#3772,#3792,#3812,#3832,#3852,#3872,#3892,#3912,#3932,#3952,#3972,#3992,#4012,
#4032,#4052,#4072,#4092,#4112,#4132,#4152,#4172,#4192,#4212,#4232,#4252,#4272,
#4292,#4312,#4332,#4352,#4372,#4392,#4412,#4432,#4452,#4472,#4492,#4512,#4532,
#4552,#4572,#4592,#4612,#4632,#4652,#4671));
#4680=MANIFOLD_SOLID_BREP('',#4679);
#4687=(LENGTH_UNIT()NAMED_UNIT(*)SI_UNIT(.MILLI.,.METRE.));
#4690=(NAMED_UNIT(*)PLANE_ANGLE_UNIT()SI_UNIT($,.RADIAN.));
#4693=(NAMED_UNIT(*)SI_UNIT($,.STERADIAN.)SOLID_ANGLE_UNIT());
#4695=(GEOMETRIC_REPRESENTATION_CONTEXT(3)GLOBAL_UNCERTAINTY_ASSIGNED_CONTEXT((
#4694))GLOBAL_UNIT_ASSIGNED_CONTEXT((#4689,#4692,#4693))REPRESENTATION_CONTEXT(
'ID1','3'));
#4699=AXIS2_PLACEMENT_3D('',#4696,#4697,#4698);
#4700=ADVANCED_BREP_SHAPE_REPRESENTATION('',(#4699,#4680),#4695);
#4708=PRODUCT_DEFINITION('design','',#4707,#4704);
#4709=PRODUCT_DEFINITION_SHAPE('','SHAPE FOR SERVO-HORN-SMALL.',#4708);
#4710=SHAPE_ASPECT('','solid data associated with SERVO-HORN-SMALL',#4709,.F.);
#4711=PROPERTY_DEFINITION('',
'shape for solid data with which properties are associated',#4710);
#4712=SHAPE_REPRESENTATION('',(#4680),#4695);
#4713=SHAPE_DEFINITION_REPRESENTATION(#4711,#4712);
#4714=(LENGTH_UNIT()NAMED_UNIT(*)SI_UNIT(.MILLI.,.METRE.));
#4720=PROPERTY_DEFINITION('geometric validation property',
'area of SERVO-HORN-SMALL',#4710);
#4721=REPRESENTATION('surface area',(#4719),#4695);
#4722=PROPERTY_DEFINITION_REPRESENTATION(#4720,#4721);
#4723=(LENGTH_UNIT()NAMED_UNIT(*)SI_UNIT(.MILLI.,.METRE.));
#4729=PROPERTY_DEFINITION('geometric validation property',
'volume of SERVO-HORN-SMALL',#4710);
#4730=REPRESENTATION('volume',(#4728),#4695);
#4731=PROPERTY_DEFINITION_REPRESENTATION(#4729,#4730);
#4733=PROPERTY_DEFINITION('geometric validation property',
'centroid of SERVO-HORN-SMALL',#4710);
#4734=REPRESENTATION('centroid',(#4732),#4695);
#4735=PROPERTY_DEFINITION_REPRESENTATION(#4733,#4734);
#4736=(LENGTH_UNIT()NAMED_UNIT(*)SI_UNIT(.MILLI.,.METRE.));
#4742=PROPERTY_DEFINITION('geometric validation property',
'area of SERVO-HORN-SMALL',#4709);
#4743=REPRESENTATION('surface area',(#4741),#4695);
#4744=PROPERTY_DEFINITION_REPRESENTATION(#4742,#4743);
#4745=(LENGTH_UNIT()NAMED_UNIT(*)SI_UNIT(.MILLI.,.METRE.));
#4751=PROPERTY_DEFINITION('geometric validation property',
'volume of SERVO-HORN-SMALL',#4709);
#4752=REPRESENTATION('volume',(#4750),#4695);
#4753=PROPERTY_DEFINITION_REPRESENTATION(#4751,#4752);
#4755=PROPERTY_DEFINITION('geometric validation property',
'centroid of SERVO-HORN-SMALL',#4709);
#4756=REPRESENTATION('centroid',(#4754),#4695);
#4757=PROPERTY_DEFINITION_REPRESENTATION(#4755,#4756);
#4758=SHAPE_DEFINITION_REPRESENTATION(#4709,#4700);
ENDSEC;
END-ISO-10303-21;
