ISO-10303-21;
HEADER;
FILE_DESCRIPTION((''),'2;1');
FILE_NAME('SKINNY-LEG-SIDE-PLATE-3_MIR','2026-06-15T13:45:36',('Esia'),(''),
'CREO PARAMETRIC BY PTC INC, 2025102','CREO PARAMETRIC BY PTC INC, 2025102','');
FILE_SCHEMA((
'AP242_MANAGED_MODEL_BASED_3D_ENGINEERING_MIM_LF { 1 0 10303 442 1 1 4 }'));
ENDSEC;
DATA;
#15=CARTESIAN_POINT('',(0.E0,2.403828761471E-1,5.558393266466E0));
#16=DIRECTION('',(-1.E0,0.E0,0.E0));
#17=DIRECTION('',(0.E0,0.E0,1.E0));
#18=AXIS2_PLACEMENT_3D('',#15,#16,#17);
#20=DRAUGHTING_PRE_DEFINED_CURVE_FONT('continuous');
#21=CURVE_STYLE('',#20,POSITIVE_LENGTH_MEASURE(2.E-2),#13);
#22=PRESENTATION_STYLE_ASSIGNMENT((#21));
#23=STYLED_ITEM('',(#22),#19);
#24=CARTESIAN_POINT('',(0.E0,2.403828761471E-1,5.558393266466E0));
#25=DIRECTION('',(-1.E0,0.E0,0.E0));
#26=DIRECTION('',(0.E0,0.E0,-1.E0));
#27=AXIS2_PLACEMENT_3D('',#24,#25,#26);
#29=CURVE_STYLE('',#20,POSITIVE_LENGTH_MEASURE(2.E-2),#13);
#30=PRESENTATION_STYLE_ASSIGNMENT((#29));
#31=STYLED_ITEM('',(#30),#28);
#32=CARTESIAN_POINT('',(0.E0,-1.582626973766E0,4.747801447411E0));
#33=DIRECTION('',(-1.E0,0.E0,0.E0));
#34=DIRECTION('',(0.E0,0.E0,1.E0));
#35=AXIS2_PLACEMENT_3D('',#32,#33,#34);
#37=CURVE_STYLE('',#20,POSITIVE_LENGTH_MEASURE(2.E-2),#13);
#38=PRESENTATION_STYLE_ASSIGNMENT((#37));
#39=STYLED_ITEM('',(#38),#36);
#40=CARTESIAN_POINT('',(0.E0,-1.582626973766E0,4.747801447411E0));
#41=DIRECTION('',(-1.E0,0.E0,0.E0));
#42=DIRECTION('',(0.E0,0.E0,-1.E0));
#43=AXIS2_PLACEMENT_3D('',#40,#41,#42);
#45=CURVE_STYLE('',#20,POSITIVE_LENGTH_MEASURE(2.E-2),#13);
#46=PRESENTATION_STYLE_ASSIGNMENT((#45));
#47=STYLED_ITEM('',(#46),#44);
#48=DIRECTION('',(0.E0,4.062913232697E-1,-9.137435967687E-1));
#49=VECTOR('',#48,5.469898060846E-1);
#50=CARTESIAN_POINT('',(0.E0,-1.713844860818E0,4.348825425428E0));
#51=LINE('',#50,#49);
#52=CURVE_STYLE('',#20,POSITIVE_LENGTH_MEASURE(2.E-2),#13);
#53=PRESENTATION_STYLE_ASSIGNMENT((#52));
#54=STYLED_ITEM('',(#53),#51);
#55=DIRECTION('',(0.E0,-9.137435967687E-1,-4.062913232697E-1));
#56=VECTOR('',#55,2.481232346338E0);
#57=CARTESIAN_POINT('',(0.E0,7.756025198732E-1,4.857120165954E0));
#58=LINE('',#57,#56);
#59=CURVE_STYLE('',#20,POSITIVE_LENGTH_MEASURE(2.E-2),#13);
#60=PRESENTATION_STYLE_ASSIGNMENT((#59));
#61=STYLED_ITEM('',(#60),#58);
#62=DIRECTION('',(0.E0,-1.E0,0.E0));
#63=VECTOR('',#62,3.302648566851E-1);
#64=CARTESIAN_POINT('',(0.E0,1.105867376558E0,4.857120165954E0));
#65=LINE('',#64,#63);
#66=CURVE_STYLE('',#20,POSITIVE_LENGTH_MEASURE(2.E-2),#13);
#67=PRESENTATION_STYLE_ASSIGNMENT((#66));
#68=STYLED_ITEM('',(#67),#65);
#69=DIRECTION('',(0.E0,-9.335148232910E-1,3.585388050071E-1));
#70=VECTOR('',#69,8.241793530375E-2);
#71=CARTESIAN_POINT('',(0.E0,1.182805740869E0,4.827570137919E0));
#72=LINE('',#71,#70);
#73=CURVE_STYLE('',#20,POSITIVE_LENGTH_MEASURE(2.E-2),#13);
#74=PRESENTATION_STYLE_ASSIGNMENT((#73));
#75=STYLED_ITEM('',(#74),#72);
#76=CARTESIAN_POINT('',(0.E0,2.033178983273E0,4.931905707618E0));
#77=DIRECTION('',(1.E0,0.E0,0.E0));
#78=DIRECTION('',(0.E0,2.832251932432E-1,9.590534343364E-1));
#79=AXIS2_PLACEMENT_3D('',#76,#77,#78);
#81=CURVE_STYLE('',#20,POSITIVE_LENGTH_MEASURE(2.E-2),#13);
#82=PRESENTATION_STYLE_ASSIGNMENT((#81));
#83=STYLED_ITEM('',(#82),#80);
#84=DIRECTION('',(0.E0,1.301033209707E-1,-9.915004416905E-1));
#85=VECTOR('',#84,8.017366889220E-2);
#86=CARTESIAN_POINT('',(0.E0,2.265401307006E0,5.833066965605E0));
#87=LINE('',#86,#85);
#88=CURVE_STYLE('',#20,POSITIVE_LENGTH_MEASURE(2.E-2),#13);
#89=PRESENTATION_STYLE_ASSIGNMENT((#88));
#90=STYLED_ITEM('',(#89),#87);
#91=DIRECTION('',(0.E0,-6.684754166427E-1,-7.437342383839E-1));
#92=VECTOR('',#91,5.364624016531E-1);
#93=CARTESIAN_POINT('',(0.E0,2.624013234465E0,6.232052421320E0));
#94=LINE('',#93,#92);
#95=CURVE_STYLE('',#20,POSITIVE_LENGTH_MEASURE(2.E-2),#13);
#96=PRESENTATION_STYLE_ASSIGNMENT((#95));
#97=STYLED_ITEM('',(#96),#94);
#98=DIRECTION('',(0.E0,2.337057919695E-1,-9.723073602518E-1));
#99=VECTOR('',#98,1.231589412539E0);
#100=CARTESIAN_POINT('',(0.E0,2.336183655426E0,7.429535871939E0));
#101=LINE('',#100,#99);
#102=CURVE_STYLE('',#20,POSITIVE_LENGTH_MEASURE(2.E-2),#13);
#103=PRESENTATION_STYLE_ASSIGNMENT((#102));
#104=STYLED_ITEM('',(#103),#101);
#105=DIRECTION('',(0.E0,9.137435967687E-1,4.062913232697E-1));
#106=VECTOR('',#105,4.952353547372E0);
#107=CARTESIAN_POINT('',(0.E0,-2.188997687420E0,5.417437595878E0));
#108=LINE('',#107,#106);
#109=CURVE_STYLE('',#20,POSITIVE_LENGTH_MEASURE(2.E-2),#13);
#110=PRESENTATION_STYLE_ASSIGNMENT((#109));
#111=STYLED_ITEM('',(#110),#108);
#112=DIRECTION('',(0.E0,4.062913232697E-1,-9.137435967687E-1));
#113=VECTOR('',#112,5.469898060846E-1);
#114=CARTESIAN_POINT('',(0.E0,-2.188997687420E0,5.417437595878E0));
#115=LINE('',#114,#113);
#116=CURVE_STYLE('',#20,POSITIVE_LENGTH_MEASURE(2.E-2),#13);
#117=PRESENTATION_STYLE_ASSIGNMENT((#116));
#118=STYLED_ITEM('',(#117),#115);
#119=CARTESIAN_POINT('',(0.E0,-1.582626973766E0,4.747801447411E0));
#120=DIRECTION('',(-1.E0,0.E0,0.E0));
#121=DIRECTION('',(0.E0,-3.124235406001E-1,-9.499429094840E-1));
#122=AXIS2_PLACEMENT_3D('',#119,#120,#121);
#124=CURVE_STYLE('',#20,POSITIVE_LENGTH_MEASURE(2.E-2),#13);
#125=PRESENTATION_STYLE_ASSIGNMENT((#124));
#126=STYLED_ITEM('',(#125),#123);
#127=DIRECTION('',(-1.E0,0.E0,0.E0));
#128=VECTOR('',#127,9.375E-2);
#129=CARTESIAN_POINT('',(9.375E-2,2.403828761471E-1,5.808393266466E0));
#130=LINE('',#129,#128);
#131=CURVE_STYLE('',#20,POSITIVE_LENGTH_MEASURE(2.E-2),#13);
#132=PRESENTATION_STYLE_ASSIGNMENT((#131));
#133=STYLED_ITEM('',(#132),#130);
#134=DIRECTION('',(-1.E0,0.E0,0.E0));
#135=VECTOR('',#134,9.375E-2);
#136=CARTESIAN_POINT('',(2.38946E0,2.403828761471E-1,5.808393266466E0));
#137=LINE('',#136,#135);
#138=CURVE_STYLE('',#20,POSITIVE_LENGTH_MEASURE(2.E-2),#13);
#139=PRESENTATION_STYLE_ASSIGNMENT((#138));
#140=STYLED_ITEM('',(#139),#137);
#141=DIRECTION('',(-1.E0,0.E0,0.E0));
#142=VECTOR('',#141,9.375E-2);
#143=CARTESIAN_POINT('',(9.375E-2,2.403828761471E-1,5.308393266466E0));
#144=LINE('',#143,#142);
#145=CURVE_STYLE('',#20,POSITIVE_LENGTH_MEASURE(2.E-2),#13);
#146=PRESENTATION_STYLE_ASSIGNMENT((#145));
#147=STYLED_ITEM('',(#146),#144);
#148=DIRECTION('',(-1.E0,0.E0,0.E0));
#149=VECTOR('',#148,9.375E-2);
#150=CARTESIAN_POINT('',(2.38946E0,2.403828761471E-1,5.308393266466E0));
#151=LINE('',#150,#149);
#152=CURVE_STYLE('',#20,POSITIVE_LENGTH_MEASURE(2.E-2),#13);
#153=PRESENTATION_STYLE_ASSIGNMENT((#152));
#154=STYLED_ITEM('',(#153),#151);
#155=CARTESIAN_POINT('',(9.375E-2,2.403828761471E-1,5.558393266466E0));
#156=DIRECTION('',(-1.E0,0.E0,0.E0));
#157=DIRECTION('',(0.E0,0.E0,1.E0));
#158=AXIS2_PLACEMENT_3D('',#155,#156,#157);
#160=CURVE_STYLE('',#20,POSITIVE_LENGTH_MEASURE(2.E-2),#13);
#161=PRESENTATION_STYLE_ASSIGNMENT((#160));
#162=STYLED_ITEM('',(#161),#159);
#163=CARTESIAN_POINT('',(9.375E-2,2.403828761471E-1,5.558393266466E0));
#164=DIRECTION('',(-1.E0,0.E0,0.E0));
#165=DIRECTION('',(0.E0,0.E0,-1.E0));
#166=AXIS2_PLACEMENT_3D('',#163,#164,#165);
#168=CURVE_STYLE('',#20,POSITIVE_LENGTH_MEASURE(2.E-2),#13);
#169=PRESENTATION_STYLE_ASSIGNMENT((#168));
#170=STYLED_ITEM('',(#169),#167);
#171=CARTESIAN_POINT('',(9.375E-2,-1.582626973766E0,4.747801447411E0));
#172=DIRECTION('',(-1.E0,0.E0,0.E0));
#173=DIRECTION('',(0.E0,0.E0,1.E0));
#174=AXIS2_PLACEMENT_3D('',#171,#172,#173);
#176=CURVE_STYLE('',#20,POSITIVE_LENGTH_MEASURE(2.E-2),#13);
#177=PRESENTATION_STYLE_ASSIGNMENT((#176));
#178=STYLED_ITEM('',(#177),#175);
#179=CARTESIAN_POINT('',(9.375E-2,-1.582626973766E0,4.747801447411E0));
#180=DIRECTION('',(-1.E0,0.E0,0.E0));
#181=DIRECTION('',(0.E0,0.E0,-1.E0));
#182=AXIS2_PLACEMENT_3D('',#179,#180,#181);
#184=CURVE_STYLE('',#20,POSITIVE_LENGTH_MEASURE(2.E-2),#13);
#185=PRESENTATION_STYLE_ASSIGNMENT((#184));
#186=STYLED_ITEM('',(#185),#183);
#187=CARTESIAN_POINT('',(9.375E-2,-1.582626973766E0,4.747801447411E0));
#188=DIRECTION('',(-1.E0,0.E0,0.E0));
#189=DIRECTION('',(0.E0,0.E0,1.E0));
#190=AXIS2_PLACEMENT_3D('',#187,#188,#189);
#192=CURVE_STYLE('',#20,POSITIVE_LENGTH_MEASURE(2.E-2),#13);
#193=PRESENTATION_STYLE_ASSIGNMENT((#192));
#194=STYLED_ITEM('',(#193),#191);
#195=CARTESIAN_POINT('',(9.375E-2,-1.582626973766E0,4.747801447411E0));
#196=DIRECTION('',(-1.E0,0.E0,0.E0));
#197=DIRECTION('',(0.E0,0.E0,-1.E0));
#198=AXIS2_PLACEMENT_3D('',#195,#196,#197);
#200=CURVE_STYLE('',#20,POSITIVE_LENGTH_MEASURE(2.E-2),#13);
#201=PRESENTATION_STYLE_ASSIGNMENT((#200));
#202=STYLED_ITEM('',(#201),#199);
#203=CARTESIAN_POINT('',(9.375E-2,2.403828761471E-1,5.558393266466E0));
#204=DIRECTION('',(-1.E0,0.E0,0.E0));
#205=DIRECTION('',(0.E0,0.E0,-1.E0));
#206=AXIS2_PLACEMENT_3D('',#203,#204,#205);
#208=CURVE_STYLE('',#20,POSITIVE_LENGTH_MEASURE(2.E-2),#13);
#209=PRESENTATION_STYLE_ASSIGNMENT((#208));
#210=STYLED_ITEM('',(#209),#207);
#211=CARTESIAN_POINT('',(9.375E-2,2.403828761471E-1,5.558393266466E0));
#212=DIRECTION('',(-1.E0,0.E0,0.E0));
#213=DIRECTION('',(0.E0,0.E0,1.E0));
#214=AXIS2_PLACEMENT_3D('',#211,#212,#213);
#216=CURVE_STYLE('',#20,POSITIVE_LENGTH_MEASURE(2.E-2),#13);
#217=PRESENTATION_STYLE_ASSIGNMENT((#216));
#218=STYLED_ITEM('',(#217),#215);
#219=CARTESIAN_POINT('',(9.375E-2,2.403828761471E-1,5.558393266466E0));
#220=DIRECTION('',(-1.E0,0.E0,0.E0));
#221=DIRECTION('',(0.E0,0.E0,1.E0));
#222=AXIS2_PLACEMENT_3D('',#219,#220,#221);
#224=CURVE_STYLE('',#20,POSITIVE_LENGTH_MEASURE(2.E-2),#13);
#225=PRESENTATION_STYLE_ASSIGNMENT((#224));
#226=STYLED_ITEM('',(#225),#223);
#227=CARTESIAN_POINT('',(9.375E-2,2.403828761471E-1,5.558393266466E0));
#228=DIRECTION('',(-1.E0,0.E0,0.E0));
#229=DIRECTION('',(0.E0,0.E0,-1.E0));
#230=AXIS2_PLACEMENT_3D('',#227,#228,#229);
#232=CURVE_STYLE('',#20,POSITIVE_LENGTH_MEASURE(2.E-2),#13);
#233=PRESENTATION_STYLE_ASSIGNMENT((#232));
#234=STYLED_ITEM('',(#233),#231);
#235=DIRECTION('',(0.E0,-1.E0,0.E0));
#236=VECTOR('',#235,4.023531944857E-1);
#237=CARTESIAN_POINT('',(9.375E-2,1.183942238352E0,5.045120165954E0));
#238=LINE('',#237,#236);
#239=CURVE_STYLE('',#20,POSITIVE_LENGTH_MEASURE(2.E-2),#13);
#240=PRESENTATION_STYLE_ASSIGNMENT((#239));
#241=STYLED_ITEM('',(#240),#238);
#242=DIRECTION('',(0.E0,-4.062913232697E-1,9.137435967687E-1));
#243=VECTOR('',#242,4.529898060846E-1);
#244=CARTESIAN_POINT('',(9.375E-2,-1.529799033076E0,3.934908890716E0));
#245=LINE('',#244,#243);
#246=CURVE_STYLE('',#20,POSITIVE_LENGTH_MEASURE(2.E-2),#13);
#247=PRESENTATION_STYLE_ASSIGNMENT((#246));
#248=STYLED_ITEM('',(#247),#245);
#249=CARTESIAN_POINT('',(9.375E-2,-1.582626973766E0,4.747801447411E0));
#250=DIRECTION('',(-1.E0,0.E0,0.E0));
#251=DIRECTION('',(0.E0,0.E0,-1.E0));
#252=AXIS2_PLACEMENT_3D('',#249,#250,#251);
#254=CURVE_STYLE('',#20,POSITIVE_LENGTH_MEASURE(2.E-2),#13);
#255=PRESENTATION_STYLE_ASSIGNMENT((#254));
#256=STYLED_ITEM('',(#255),#253);
#257=CARTESIAN_POINT('',(9.375E-2,-1.582626973766E0,4.747801447411E0));
#258=DIRECTION('',(-1.E0,0.E0,0.E0));
#259=DIRECTION('',(0.E0,0.E0,1.E0));
#260=AXIS2_PLACEMENT_3D('',#257,#258,#259);
#262=CURVE_STYLE('',#20,POSITIVE_LENGTH_MEASURE(2.E-2),#13);
#263=PRESENTATION_STYLE_ASSIGNMENT((#262));
#264=STYLED_ITEM('',(#263),#261);
#265=CARTESIAN_POINT('',(9.375E-2,-1.582626973766E0,4.747801447411E0));
#266=DIRECTION('',(-1.E0,0.E0,0.E0));
#267=DIRECTION('',(0.E0,-9.146035750597E-1,4.043517039509E-1));
#268=AXIS2_PLACEMENT_3D('',#265,#266,#267);
#270=CURVE_STYLE('',#20,POSITIVE_LENGTH_MEASURE(2.E-2),#13);
#271=PRESENTATION_STYLE_ASSIGNMENT((#270));
#272=STYLED_ITEM('',(#271),#269);
#273=DIRECTION('',(0.E0,4.062913232697E-1,-9.137435967687E-1));
#274=VECTOR('',#273,4.529898060846E-1);
#275=CARTESIAN_POINT('',(9.375E-2,-2.150806303033E0,5.331545697782E0));
#276=LINE('',#275,#274);
#277=CURVE_STYLE('',#20,POSITIVE_LENGTH_MEASURE(2.E-2),#13);
#278=PRESENTATION_STYLE_ASSIGNMENT((#277));
#279=STYLED_ITEM('',(#278),#276);
#280=DIRECTION('',(0.E0,9.137435967687E-1,4.062913232697E-1));
#281=VECTOR('',#280,4.839417606561E0);
#282=CARTESIAN_POINT('',(9.375E-2,-2.150806303033E0,5.331545697782E0));
#283=LINE('',#282,#281);
#284=CURVE_STYLE('',#20,POSITIVE_LENGTH_MEASURE(2.E-2),#13);
#285=PRESENTATION_STYLE_ASSIGNMENT((#284));
#286=STYLED_ITEM('',(#285),#283);
#287=DIRECTION('',(0.E0,2.337057919695E-1,-9.723073602518E-1));
#288=VECTOR('',#287,1.069234486967E0);
#289=CARTESIAN_POINT('',(9.375E-2,2.271180547052E0,7.297759081006E0));
#290=LINE('',#289,#288);
#291=CURVE_STYLE('',#20,POSITIVE_LENGTH_MEASURE(2.E-2),#13);
#292=PRESENTATION_STYLE_ASSIGNMENT((#291));
#293=STYLED_ITEM('',(#292),#290);
#294=CARTESIAN_POINT('',(9.375E-2,2.033178983273E0,4.931905707618E0));
#295=DIRECTION('',(-1.E0,0.E0,0.E0));
#296=DIRECTION('',(0.E0,1.604613105074E-1,9.870421307271E-1));
#297=AXIS2_PLACEMENT_3D('',#294,#295,#296);
#299=CURVE_STYLE('',#20,POSITIVE_LENGTH_MEASURE(2.E-2),#13);
#300=PRESENTATION_STYLE_ASSIGNMENT((#299));
#301=STYLED_ITEM('',(#300),#298);
#302=DIRECTION('',(0.E0,1.301033209707E-1,-9.915004416905E-1));
#303=VECTOR('',#302,4.120968634626E-2);
#304=CARTESIAN_POINT('',(9.375E-2,2.260039789957E0,5.873926387819E0));
#305=LINE('',#304,#303);
#306=CURVE_STYLE('',#20,POSITIVE_LENGTH_MEASURE(2.E-2),#13);
#307=PRESENTATION_STYLE_ASSIGNMENT((#306));
#308=STYLED_ITEM('',(#307),#305);
#309=DIRECTION('',(0.E0,1.E0,0.E0));
#310=VECTOR('',#309,5.831287297298E-1);
#311=CARTESIAN_POINT('',(9.375E-2,1.016839552110E0,5.671059988310E0));
#312=LINE('',#311,#310);
#313=CURVE_STYLE('',#20,POSITIVE_LENGTH_MEASURE(2.E-2),#13);
#314=PRESENTATION_STYLE_ASSIGNMENT((#313));
#315=STYLED_ITEM('',(#314),#312);
#316=CARTESIAN_POINT('',(9.375E-2,2.033178983273E0,4.931905707618E0));
#317=DIRECTION('',(-1.E0,0.E0,0.E0));
#318=DIRECTION('',(0.E0,-9.959337466433E-1,9.008869128288E-2));
#319=AXIS2_PLACEMENT_3D('',#316,#317,#318);
#321=CURVE_STYLE('',#20,POSITIVE_LENGTH_MEASURE(2.E-2),#13);
#322=PRESENTATION_STYLE_ASSIGNMENT((#321));
#323=STYLED_ITEM('',(#322),#320);
#324=DIRECTION('',(-1.E0,0.E0,0.E0));
#325=VECTOR('',#324,9.375E-2);
#326=CARTESIAN_POINT('',(9.375E-2,-1.582626973766E0,4.997801447411E0));
#327=LINE('',#326,#325);
#328=CURVE_STYLE('',#20,POSITIVE_LENGTH_MEASURE(2.E-2),#13);
#329=PRESENTATION_STYLE_ASSIGNMENT((#328));
#330=STYLED_ITEM('',(#329),#327);
#331=DIRECTION('',(-1.E0,0.E0,0.E0));
#332=VECTOR('',#331,9.375E-2);
#333=CARTESIAN_POINT('',(2.38946E0,-1.582626973766E0,4.997801447411E0));
#334=LINE('',#333,#332);
#335=CURVE_STYLE('',#20,POSITIVE_LENGTH_MEASURE(2.E-2),#13);
#336=PRESENTATION_STYLE_ASSIGNMENT((#335));
#337=STYLED_ITEM('',(#336),#334);
#338=DIRECTION('',(-1.E0,0.E0,0.E0));
#339=VECTOR('',#338,9.375E-2);
#340=CARTESIAN_POINT('',(9.375E-2,-1.582626973766E0,4.497801447411E0));
#341=LINE('',#340,#339);
#342=CURVE_STYLE('',#20,POSITIVE_LENGTH_MEASURE(2.E-2),#13);
#343=PRESENTATION_STYLE_ASSIGNMENT((#342));
#344=STYLED_ITEM('',(#343),#341);
#345=DIRECTION('',(-1.E0,0.E0,0.E0));
#346=VECTOR('',#345,9.375E-2);
#347=CARTESIAN_POINT('',(2.38946E0,-1.582626973766E0,4.497801447411E0));
#348=LINE('',#347,#346);
#349=CURVE_STYLE('',#20,POSITIVE_LENGTH_MEASURE(2.E-2),#13);
#350=PRESENTATION_STYLE_ASSIGNMENT((#349));
#351=STYLED_ITEM('',(#350),#348);
#352=CARTESIAN_POINT('',(2.38946E0,2.403828761471E-1,5.558393266466E0));
#353=DIRECTION('',(-1.E0,0.E0,0.E0));
#354=DIRECTION('',(0.E0,0.E0,1.E0));
#355=AXIS2_PLACEMENT_3D('',#352,#353,#354);
#357=CURVE_STYLE('',#20,POSITIVE_LENGTH_MEASURE(2.E-2),#13);
#358=PRESENTATION_STYLE_ASSIGNMENT((#357));
#359=STYLED_ITEM('',(#358),#356);
#360=CARTESIAN_POINT('',(2.38946E0,2.403828761471E-1,5.558393266466E0));
#361=DIRECTION('',(-1.E0,0.E0,0.E0));
#362=DIRECTION('',(0.E0,0.E0,-1.E0));
#363=AXIS2_PLACEMENT_3D('',#360,#361,#362);
#365=CURVE_STYLE('',#20,POSITIVE_LENGTH_MEASURE(2.E-2),#13);
#366=PRESENTATION_STYLE_ASSIGNMENT((#365));
#367=STYLED_ITEM('',(#366),#364);
#368=CARTESIAN_POINT('',(2.38946E0,-1.582626973766E0,4.747801447411E0));
#369=DIRECTION('',(-1.E0,0.E0,0.E0));
#370=DIRECTION('',(0.E0,0.E0,1.E0));
#371=AXIS2_PLACEMENT_3D('',#368,#369,#370);
#373=CURVE_STYLE('',#20,POSITIVE_LENGTH_MEASURE(2.E-2),#13);
#374=PRESENTATION_STYLE_ASSIGNMENT((#373));
#375=STYLED_ITEM('',(#374),#372);
#376=CARTESIAN_POINT('',(2.38946E0,-1.582626973766E0,4.747801447411E0));
#377=DIRECTION('',(-1.E0,0.E0,0.E0));
#378=DIRECTION('',(0.E0,0.E0,-1.E0));
#379=AXIS2_PLACEMENT_3D('',#376,#377,#378);
#381=CURVE_STYLE('',#20,POSITIVE_LENGTH_MEASURE(2.E-2),#13);
#382=PRESENTATION_STYLE_ASSIGNMENT((#381));
#383=STYLED_ITEM('',(#382),#380);
#384=DIRECTION('',(0.E0,4.062913232697E-1,-9.137435967687E-1));
#385=VECTOR('',#384,5.469898060846E-1);
#386=CARTESIAN_POINT('',(2.38946E0,-1.713844860818E0,4.348825425428E0));
#387=LINE('',#386,#385);
#388=CURVE_STYLE('',#20,POSITIVE_LENGTH_MEASURE(2.E-2),#13);
#389=PRESENTATION_STYLE_ASSIGNMENT((#388));
#390=STYLED_ITEM('',(#389),#387);
#391=CARTESIAN_POINT('',(2.38946E0,-1.582626973766E0,4.747801447411E0));
#392=DIRECTION('',(1.E0,0.E0,0.E0));
#393=DIRECTION('',(0.E0,-9.146035750597E-1,4.043517039509E-1));
#394=AXIS2_PLACEMENT_3D('',#391,#392,#393);
#396=CURVE_STYLE('',#20,POSITIVE_LENGTH_MEASURE(2.E-2),#13);
#397=PRESENTATION_STYLE_ASSIGNMENT((#396));
#398=STYLED_ITEM('',(#397),#395);
#399=DIRECTION('',(0.E0,4.062913232697E-1,-9.137435967687E-1));
#400=VECTOR('',#399,5.469898060846E-1);
#401=CARTESIAN_POINT('',(2.38946E0,-2.188997687420E0,5.417437595878E0));
#402=LINE('',#401,#400);
#403=CURVE_STYLE('',#20,POSITIVE_LENGTH_MEASURE(2.E-2),#13);
#404=PRESENTATION_STYLE_ASSIGNMENT((#403));
#405=STYLED_ITEM('',(#404),#402);
#406=DIRECTION('',(0.E0,9.137435967687E-1,4.062913232697E-1));
#407=VECTOR('',#406,4.952353547372E0);
#408=CARTESIAN_POINT('',(2.38946E0,-2.188997687420E0,5.417437595878E0));
#409=LINE('',#408,#407);
#410=CURVE_STYLE('',#20,POSITIVE_LENGTH_MEASURE(2.E-2),#13);
#411=PRESENTATION_STYLE_ASSIGNMENT((#410));
#412=STYLED_ITEM('',(#411),#409);
#413=DIRECTION('',(0.E0,2.337057919695E-1,-9.723073602518E-1));
#414=VECTOR('',#413,1.231589412539E0);
#415=CARTESIAN_POINT('',(2.38946E0,2.336183655426E0,7.429535871939E0));
#416=LINE('',#415,#414);
#417=CURVE_STYLE('',#20,POSITIVE_LENGTH_MEASURE(2.E-2),#13);
#418=PRESENTATION_STYLE_ASSIGNMENT((#417));
#419=STYLED_ITEM('',(#418),#416);
#420=DIRECTION('',(0.E0,-6.684754166427E-1,-7.437342383839E-1));
#421=VECTOR('',#420,5.364624016531E-1);
#422=CARTESIAN_POINT('',(2.38946E0,2.624013234465E0,6.232052421320E0));
#423=LINE('',#422,#421);
#424=CURVE_STYLE('',#20,POSITIVE_LENGTH_MEASURE(2.E-2),#13);
#425=PRESENTATION_STYLE_ASSIGNMENT((#424));
#426=STYLED_ITEM('',(#425),#423);
#427=DIRECTION('',(0.E0,1.301033209707E-1,-9.915004416905E-1));
#428=VECTOR('',#427,8.017366889220E-2);
#429=CARTESIAN_POINT('',(2.38946E0,2.265401307006E0,5.833066965605E0));
#430=LINE('',#429,#428);
#431=CURVE_STYLE('',#20,POSITIVE_LENGTH_MEASURE(2.E-2),#13);
#432=PRESENTATION_STYLE_ASSIGNMENT((#431));
#433=STYLED_ITEM('',(#432),#430);
#434=CARTESIAN_POINT('',(2.38946E0,2.033178983273E0,4.931905707618E0));
#435=DIRECTION('',(1.E0,0.E0,0.E0));
#436=DIRECTION('',(0.E0,2.832251932432E-1,9.590534343364E-1));
#437=AXIS2_PLACEMENT_3D('',#434,#435,#436);
#439=CURVE_STYLE('',#20,POSITIVE_LENGTH_MEASURE(2.E-2),#13);
#440=PRESENTATION_STYLE_ASSIGNMENT((#439));
#441=STYLED_ITEM('',(#440),#438);
#442=DIRECTION('',(0.E0,-9.335148232910E-1,3.585388050071E-1));
#443=VECTOR('',#442,8.241793530375E-2);
#444=CARTESIAN_POINT('',(2.38946E0,1.182805740869E0,4.827570137919E0));
#445=LINE('',#444,#443);
#446=CURVE_STYLE('',#20,POSITIVE_LENGTH_MEASURE(2.E-2),#13);
#447=PRESENTATION_STYLE_ASSIGNMENT((#446));
#448=STYLED_ITEM('',(#447),#445);
#449=DIRECTION('',(0.E0,-1.E0,0.E0));
#450=VECTOR('',#449,3.302648566851E-1);
#451=CARTESIAN_POINT('',(2.38946E0,1.105867376558E0,4.857120165954E0));
#452=LINE('',#451,#450);
#453=CURVE_STYLE('',#20,POSITIVE_LENGTH_MEASURE(2.E-2),#13);
#454=PRESENTATION_STYLE_ASSIGNMENT((#453));
#455=STYLED_ITEM('',(#454),#452);
#456=DIRECTION('',(0.E0,-9.137435967687E-1,-4.062913232697E-1));
#457=VECTOR('',#456,2.481232346338E0);
#458=CARTESIAN_POINT('',(2.38946E0,7.756025198732E-1,4.857120165954E0));
#459=LINE('',#458,#457);
#460=CURVE_STYLE('',#20,POSITIVE_LENGTH_MEASURE(2.E-2),#13);
#461=PRESENTATION_STYLE_ASSIGNMENT((#460));
#462=STYLED_ITEM('',(#461),#459);
#463=CARTESIAN_POINT('',(2.38946E0,1.778906373316E0,6.629534831053E0));
#464=DIRECTION('',(1.E0,0.E0,0.E0));
#465=DIRECTION('',(0.E0,0.E0,1.E0));
#466=AXIS2_PLACEMENT_3D('',#463,#464,#465);
#468=CURVE_STYLE('',#20,POSITIVE_LENGTH_MEASURE(2.E-2),#13);
#469=PRESENTATION_STYLE_ASSIGNMENT((#468));
#470=STYLED_ITEM('',(#469),#467);
#471=CARTESIAN_POINT('',(2.38946E0,1.778906373316E0,6.629534831053E0));
#472=DIRECTION('',(1.E0,0.E0,0.E0));
#473=DIRECTION('',(0.E0,0.E0,-1.E0));
#474=AXIS2_PLACEMENT_3D('',#471,#472,#473);
#476=CURVE_STYLE('',#20,POSITIVE_LENGTH_MEASURE(2.E-2),#13);
#477=PRESENTATION_STYLE_ASSIGNMENT((#476));
#478=STYLED_ITEM('',(#477),#475);
#479=CARTESIAN_POINT('',(2.38946E0,1.291726504388E0,6.671237431312E0));
#480=DIRECTION('',(1.E0,0.E0,0.E0));
#481=DIRECTION('',(0.E0,0.E0,1.E0));
#482=AXIS2_PLACEMENT_3D('',#479,#480,#481);
#484=CURVE_STYLE('',#20,POSITIVE_LENGTH_MEASURE(2.E-2),#13);
#485=PRESENTATION_STYLE_ASSIGNMENT((#484));
#486=STYLED_ITEM('',(#485),#483);
#487=CARTESIAN_POINT('',(2.38946E0,1.291726504388E0,6.671237431312E0));
#488=DIRECTION('',(1.E0,0.E0,0.E0));
#489=DIRECTION('',(0.E0,0.E0,-1.E0));
#490=AXIS2_PLACEMENT_3D('',#487,#488,#489);
#492=CURVE_STYLE('',#20,POSITIVE_LENGTH_MEASURE(2.E-2),#13);
#493=PRESENTATION_STYLE_ASSIGNMENT((#492));
#494=STYLED_ITEM('',(#493),#491);
#495=CARTESIAN_POINT('',(2.38946E0,1.820716092273E0,6.142350741112E0));
#496=DIRECTION('',(1.E0,0.E0,0.E0));
#497=DIRECTION('',(0.E0,0.E0,1.E0));
#498=AXIS2_PLACEMENT_3D('',#495,#496,#497);
#500=CURVE_STYLE('',#20,POSITIVE_LENGTH_MEASURE(2.E-2),#13);
#501=PRESENTATION_STYLE_ASSIGNMENT((#500));
#502=STYLED_ITEM('',(#501),#499);
#503=CARTESIAN_POINT('',(2.38946E0,1.820716092273E0,6.142350741112E0));
#504=DIRECTION('',(1.E0,0.E0,0.E0));
#505=DIRECTION('',(0.E0,0.E0,-1.E0));
#506=AXIS2_PLACEMENT_3D('',#503,#504,#505);
#508=CURVE_STYLE('',#20,POSITIVE_LENGTH_MEASURE(2.E-2),#13);
#509=PRESENTATION_STYLE_ASSIGNMENT((#508));
#510=STYLED_ITEM('',(#509),#507);
#511=CARTESIAN_POINT('',(2.38946E0,1.333484778868E0,6.184057562385E0));
#512=DIRECTION('',(1.E0,0.E0,0.E0));
#513=DIRECTION('',(0.E0,0.E0,1.E0));
#514=AXIS2_PLACEMENT_3D('',#511,#512,#513);
#516=CURVE_STYLE('',#20,POSITIVE_LENGTH_MEASURE(2.E-2),#13);
#517=PRESENTATION_STYLE_ASSIGNMENT((#516));
#518=STYLED_ITEM('',(#517),#515);
#519=CARTESIAN_POINT('',(2.38946E0,1.333484778868E0,6.184057562385E0));
#520=DIRECTION('',(1.E0,0.E0,0.E0));
#521=DIRECTION('',(0.E0,0.E0,-1.E0));
#522=AXIS2_PLACEMENT_3D('',#519,#520,#521);
#524=CURVE_STYLE('',#20,POSITIVE_LENGTH_MEASURE(2.E-2),#13);
#525=PRESENTATION_STYLE_ASSIGNMENT((#524));
#526=STYLED_ITEM('',(#525),#523);
#527=DIRECTION('',(0.E0,-4.062913232697E-1,9.137435967687E-1));
#528=VECTOR('',#527,9.399999999998E-2);
#529=CARTESIAN_POINT('',(1.5126435E0,-1.491607648689E0,3.849016992620E0));
#530=LINE('',#529,#528);
#531=CURVE_STYLE('',#20,POSITIVE_LENGTH_MEASURE(2.E-2),#13);
#532=PRESENTATION_STYLE_ASSIGNMENT((#531));
#533=STYLED_ITEM('',(#532),#530);
#534=DIRECTION('',(-1.E0,1.421085471520E-14,0.E0));
#535=VECTOR('',#534,9.375E-2);
#536=CARTESIAN_POINT('',(2.38946E0,-1.713844860818E0,4.348825425428E0));
#537=LINE('',#536,#535);
#538=CURVE_STYLE('',#20,POSITIVE_LENGTH_MEASURE(2.E-2),#13);
#539=PRESENTATION_STYLE_ASSIGNMENT((#538));
#540=STYLED_ITEM('',(#539),#537);
#541=DIRECTION('',(0.E0,-4.062913232697E-1,9.137435967687E-1));
#542=VECTOR('',#541,9.399999999998E-2);
#543=CARTESIAN_POINT('',(8.768165E-1,-1.491607648689E0,3.849016992620E0));
#544=LINE('',#543,#542);
#545=CURVE_STYLE('',#20,POSITIVE_LENGTH_MEASURE(2.E-2),#13);
#546=PRESENTATION_STYLE_ASSIGNMENT((#545));
#547=STYLED_ITEM('',(#546),#544);
#548=DIRECTION('',(-1.E0,0.E0,0.E0));
#549=VECTOR('',#548,9.375E-2);
#550=CARTESIAN_POINT('',(9.375E-2,-1.713844860818E0,4.348825425428E0));
#551=LINE('',#550,#549);
#552=CURVE_STYLE('',#20,POSITIVE_LENGTH_MEASURE(2.E-2),#13);
#553=PRESENTATION_STYLE_ASSIGNMENT((#552));
#554=STYLED_ITEM('',(#553),#551);
#555=DIRECTION('',(0.E0,9.137435967687E-1,4.062913232697E-1));
#556=VECTOR('',#555,9.43682E-1);
#557=CARTESIAN_POINT('',(1.5126435E0,-1.491607648689E0,3.849016992620E0));
#558=LINE('',#557,#556);
#559=CURVE_STYLE('',#20,POSITIVE_LENGTH_MEASURE(2.E-2),#13);
#560=PRESENTATION_STYLE_ASSIGNMENT((#559));
#561=STYLED_ITEM('',(#560),#558);
#562=DIRECTION('',(1.E0,0.E0,0.E0));
#563=VECTOR('',#562,8.768165E-1);
#564=CARTESIAN_POINT('',(1.5126435E0,-1.491607648689E0,3.849016992620E0));
#565=LINE('',#564,#563);
#566=CURVE_STYLE('',#20,POSITIVE_LENGTH_MEASURE(2.E-2),#13);
#567=PRESENTATION_STYLE_ASSIGNMENT((#566));
#568=STYLED_ITEM('',(#567),#565);
#569=DIRECTION('',(1.E0,0.E0,0.E0));
#570=VECTOR('',#569,2.38946E0);
#571=CARTESIAN_POINT('',(0.E0,7.756025198732E-1,4.857120165954E0));
#572=LINE('',#571,#570);
#573=CURVE_STYLE('',#20,POSITIVE_LENGTH_MEASURE(2.E-2),#13);
#574=PRESENTATION_STYLE_ASSIGNMENT((#573));
#575=STYLED_ITEM('',(#574),#572);
#576=DIRECTION('',(1.E0,0.E0,0.E0));
#577=VECTOR('',#576,8.768165E-1);
#578=CARTESIAN_POINT('',(0.E0,-1.491607648689E0,3.849016992620E0));
#579=LINE('',#578,#577);
#580=CURVE_STYLE('',#20,POSITIVE_LENGTH_MEASURE(2.E-2),#13);
#581=PRESENTATION_STYLE_ASSIGNMENT((#580));
#582=STYLED_ITEM('',(#581),#579);
#583=DIRECTION('',(0.E0,9.137435967687E-1,4.062913232697E-1));
#584=VECTOR('',#583,9.43682E-1);
#585=CARTESIAN_POINT('',(8.768165E-1,-1.491607648689E0,3.849016992620E0));
#586=LINE('',#585,#584);
#587=CURVE_STYLE('',#20,POSITIVE_LENGTH_MEASURE(2.E-2),#13);
#588=PRESENTATION_STYLE_ASSIGNMENT((#587));
#589=STYLED_ITEM('',(#588),#586);
#590=DIRECTION('',(-1.E0,0.E0,0.E0));
#591=VECTOR('',#590,6.35827E-1);
#592=CARTESIAN_POINT('',(1.5126435E0,-6.293242638031E-1,4.232426801146E0));
#593=LINE('',#592,#591);
#594=CURVE_STYLE('',#20,POSITIVE_LENGTH_MEASURE(2.E-2),#13);
#595=PRESENTATION_STYLE_ASSIGNMENT((#594));
#596=STYLED_ITEM('',(#595),#593);
#597=DIRECTION('',(1.E0,-1.184237892934E-14,0.E0));
#598=VECTOR('',#597,9.375E-2);
#599=CARTESIAN_POINT('',(0.E0,1.105867376558E0,4.857120165954E0));
#600=LINE('',#599,#598);
#601=CURVE_STYLE('',#20,POSITIVE_LENGTH_MEASURE(2.E-2),#13);
#602=PRESENTATION_STYLE_ASSIGNMENT((#601));
#603=STYLED_ITEM('',(#602),#600);
#604=DIRECTION('',(1.E0,1.184237892934E-14,0.E0));
#605=VECTOR('',#604,9.375E-2);
#606=CARTESIAN_POINT('',(2.29571E0,1.105867376558E0,4.857120165954E0));
#607=LINE('',#606,#605);
#608=CURVE_STYLE('',#20,POSITIVE_LENGTH_MEASURE(2.E-2),#13);
#609=PRESENTATION_STYLE_ASSIGNMENT((#608));
#610=STYLED_ITEM('',(#609),#607);
#611=DIRECTION('',(0.E0,-1.E0,0.E0));
#612=VECTOR('',#611,3.875045666077E-2);
#613=CARTESIAN_POINT('',(2.29571E0,1.105867376558E0,4.857120165954E0));
#614=LINE('',#613,#612);
#615=CURVE_STYLE('',#20,POSITIVE_LENGTH_MEASURE(2.E-2),#13);
#616=PRESENTATION_STYLE_ASSIGNMENT((#615));
#617=STYLED_ITEM('',(#616),#614);
#618=DIRECTION('',(1.E0,0.E0,0.E0));
#619=VECTOR('',#618,2.20196E0);
#620=CARTESIAN_POINT('',(9.375E-2,1.067116919898E0,4.857120165954E0));
#621=LINE('',#620,#619);
#622=CURVE_STYLE('',#20,POSITIVE_LENGTH_MEASURE(2.E-2),#13);
#623=PRESENTATION_STYLE_ASSIGNMENT((#622));
#624=STYLED_ITEM('',(#623),#621);
#625=DIRECTION('',(0.E0,-1.E0,0.E0));
#626=VECTOR('',#625,3.875045666077E-2);
#627=CARTESIAN_POINT('',(9.375E-2,1.105867376558E0,4.857120165954E0));
#628=LINE('',#627,#626);
#629=CURVE_STYLE('',#20,POSITIVE_LENGTH_MEASURE(2.E-2),#13);
#630=PRESENTATION_STYLE_ASSIGNMENT((#629));
#631=STYLED_ITEM('',(#630),#628);
#632=DIRECTION('',(0.E0,-9.335148232910E-1,3.585388050071E-1));
#633=VECTOR('',#632,8.241793530375E-2);
#634=CARTESIAN_POINT('',(2.29571E0,1.182805740869E0,4.827570137919E0));
#635=LINE('',#634,#633);
#636=CURVE_STYLE('',#20,POSITIVE_LENGTH_MEASURE(2.E-2),#13);
#637=PRESENTATION_STYLE_ASSIGNMENT((#636));
#638=STYLED_ITEM('',(#637),#635);
#639=DIRECTION('',(1.E0,0.E0,0.E0));
#640=VECTOR('',#639,9.375E-2);
#641=CARTESIAN_POINT('',(2.29571E0,1.182805740869E0,4.827570137919E0));
#642=LINE('',#641,#640);
#643=CURVE_STYLE('',#20,POSITIVE_LENGTH_MEASURE(2.E-2),#13);
#644=PRESENTATION_STYLE_ASSIGNMENT((#643));
#645=STYLED_ITEM('',(#644),#642);
#646=DIRECTION('',(0.E0,-9.335148232910E-1,3.585388050071E-1));
#647=VECTOR('',#646,8.241793530375E-2);
#648=CARTESIAN_POINT('',(9.375E-2,1.182805740869E0,4.827570137919E0));
#649=LINE('',#648,#647);
#650=CURVE_STYLE('',#20,POSITIVE_LENGTH_MEASURE(2.E-2),#13);
#651=PRESENTATION_STYLE_ASSIGNMENT((#650));
#652=STYLED_ITEM('',(#651),#649);
#653=DIRECTION('',(1.E0,0.E0,0.E0));
#654=VECTOR('',#653,9.375E-2);
#655=CARTESIAN_POINT('',(0.E0,1.182805740869E0,4.827570137919E0));
#656=LINE('',#655,#654);
#657=CURVE_STYLE('',#20,POSITIVE_LENGTH_MEASURE(2.E-2),#13);
#658=PRESENTATION_STYLE_ASSIGNMENT((#657));
#659=STYLED_ITEM('',(#658),#656);
#660=CARTESIAN_POINT('',(2.29571E0,2.403828761471E-1,5.558393266466E0));
#661=DIRECTION('',(-1.E0,0.E0,0.E0));
#662=DIRECTION('',(0.E0,0.E0,1.E0));
#663=AXIS2_PLACEMENT_3D('',#660,#661,#662);
#665=CURVE_STYLE('',#20,POSITIVE_LENGTH_MEASURE(2.E-2),#13);
#666=PRESENTATION_STYLE_ASSIGNMENT((#665));
#667=STYLED_ITEM('',(#666),#664);
#668=CARTESIAN_POINT('',(2.29571E0,2.403828761471E-1,5.558393266466E0));
#669=DIRECTION('',(-1.E0,0.E0,0.E0));
#670=DIRECTION('',(0.E0,0.E0,-1.E0));
#671=AXIS2_PLACEMENT_3D('',#668,#669,#670);
#673=CURVE_STYLE('',#20,POSITIVE_LENGTH_MEASURE(2.E-2),#13);
#674=PRESENTATION_STYLE_ASSIGNMENT((#673));
#675=STYLED_ITEM('',(#674),#672);
#676=CARTESIAN_POINT('',(2.29571E0,-1.582626973766E0,4.747801447411E0));
#677=DIRECTION('',(-1.E0,0.E0,0.E0));
#678=DIRECTION('',(0.E0,0.E0,1.E0));
#679=AXIS2_PLACEMENT_3D('',#676,#677,#678);
#681=CURVE_STYLE('',#20,POSITIVE_LENGTH_MEASURE(2.E-2),#13);
#682=PRESENTATION_STYLE_ASSIGNMENT((#681));
#683=STYLED_ITEM('',(#682),#680);
#684=CARTESIAN_POINT('',(2.29571E0,-1.582626973766E0,4.747801447411E0));
#685=DIRECTION('',(-1.E0,0.E0,0.E0));
#686=DIRECTION('',(0.E0,0.E0,-1.E0));
#687=AXIS2_PLACEMENT_3D('',#684,#685,#686);
#689=CURVE_STYLE('',#20,POSITIVE_LENGTH_MEASURE(2.E-2),#13);
#690=PRESENTATION_STYLE_ASSIGNMENT((#689));
#691=STYLED_ITEM('',(#690),#688);
#692=CARTESIAN_POINT('',(2.29571E0,-1.582626973766E0,4.747801447411E0));
#693=DIRECTION('',(1.E0,0.E0,0.E0));
#694=DIRECTION('',(0.E0,-1.E0,0.E0));
#695=AXIS2_PLACEMENT_3D('',#692,#693,#694);
#697=CURVE_STYLE('',#20,POSITIVE_LENGTH_MEASURE(2.E-2),#13);
#698=PRESENTATION_STYLE_ASSIGNMENT((#697));
#699=STYLED_ITEM('',(#698),#696);
#700=CARTESIAN_POINT('',(2.29571E0,-1.582626973766E0,4.747801447411E0));
#701=DIRECTION('',(1.E0,0.E0,0.E0));
#702=DIRECTION('',(0.E0,1.E0,0.E0));
#703=AXIS2_PLACEMENT_3D('',#700,#701,#702);
#705=CURVE_STYLE('',#20,POSITIVE_LENGTH_MEASURE(2.E-2),#13);
#706=PRESENTATION_STYLE_ASSIGNMENT((#705));
#707=STYLED_ITEM('',(#706),#704);
#708=CARTESIAN_POINT('',(2.29571E0,2.403828761471E-1,5.558393266466E0));
#709=DIRECTION('',(1.E0,0.E0,0.E0));
#710=DIRECTION('',(0.E0,1.E0,0.E0));
#711=AXIS2_PLACEMENT_3D('',#708,#709,#710);
#713=CURVE_STYLE('',#20,POSITIVE_LENGTH_MEASURE(2.E-2),#13);
#714=PRESENTATION_STYLE_ASSIGNMENT((#713));
#715=STYLED_ITEM('',(#714),#712);
#716=CARTESIAN_POINT('',(2.29571E0,2.403828761471E-1,5.558393266466E0));
#717=DIRECTION('',(1.E0,0.E0,0.E0));
#718=DIRECTION('',(0.E0,-1.E0,0.E0));
#719=AXIS2_PLACEMENT_3D('',#716,#717,#718);
#721=CURVE_STYLE('',#20,POSITIVE_LENGTH_MEASURE(2.E-2),#13);
#722=PRESENTATION_STYLE_ASSIGNMENT((#721));
#723=STYLED_ITEM('',(#722),#720);
#724=CARTESIAN_POINT('',(2.29571E0,2.403828761471E-1,5.558393266466E0));
#725=DIRECTION('',(1.E0,0.E0,0.E0));
#726=DIRECTION('',(0.E0,-1.E0,0.E0));
#727=AXIS2_PLACEMENT_3D('',#724,#725,#726);
#729=CURVE_STYLE('',#20,POSITIVE_LENGTH_MEASURE(2.E-2),#13);
#730=PRESENTATION_STYLE_ASSIGNMENT((#729));
#731=STYLED_ITEM('',(#730),#728);
#732=CARTESIAN_POINT('',(2.29571E0,2.403828761471E-1,5.558393266466E0));
#733=DIRECTION('',(1.E0,0.E0,0.E0));
#734=DIRECTION('',(0.E0,1.E0,0.E0));
#735=AXIS2_PLACEMENT_3D('',#732,#733,#734);
#737=CURVE_STYLE('',#20,POSITIVE_LENGTH_MEASURE(2.E-2),#13);
#738=PRESENTATION_STYLE_ASSIGNMENT((#737));
#739=STYLED_ITEM('',(#738),#736);
#740=DIRECTION('',(0.E0,-1.E0,0.E0));
#741=VECTOR('',#740,4.023531944857E-1);
#742=CARTESIAN_POINT('',(2.29571E0,1.183942238352E0,5.045120165954E0));
#743=LINE('',#742,#741);
#744=CURVE_STYLE('',#20,POSITIVE_LENGTH_MEASURE(2.E-2),#13);
#745=PRESENTATION_STYLE_ASSIGNMENT((#744));
#746=STYLED_ITEM('',(#745),#743);
#747=CARTESIAN_POINT('',(2.29571E0,2.033178983273E0,4.931905707618E0));
#748=DIRECTION('',(-1.E0,0.E0,0.E0));
#749=DIRECTION('',(0.E0,-9.959337466433E-1,9.008869128288E-2));
#750=AXIS2_PLACEMENT_3D('',#747,#748,#749);
#752=CURVE_STYLE('',#20,POSITIVE_LENGTH_MEASURE(2.E-2),#13);
#753=PRESENTATION_STYLE_ASSIGNMENT((#752));
#754=STYLED_ITEM('',(#753),#751);
#755=DIRECTION('',(0.E0,1.E0,0.E0));
#756=VECTOR('',#755,5.831287297298E-1);
#757=CARTESIAN_POINT('',(2.29571E0,1.016839552110E0,5.671059988310E0));
#758=LINE('',#757,#756);
#759=CURVE_STYLE('',#20,POSITIVE_LENGTH_MEASURE(2.E-2),#13);
#760=PRESENTATION_STYLE_ASSIGNMENT((#759));
#761=STYLED_ITEM('',(#760),#758);
#762=DIRECTION('',(1.077633074221E-14,1.301033209707E-1,-9.915004416905E-1));
#763=VECTOR('',#762,4.120968634626E-2);
#764=CARTESIAN_POINT('',(2.29571E0,2.260039789957E0,5.873926387819E0));
#765=LINE('',#764,#763);
#766=CURVE_STYLE('',#20,POSITIVE_LENGTH_MEASURE(2.E-2),#13);
#767=PRESENTATION_STYLE_ASSIGNMENT((#766));
#768=STYLED_ITEM('',(#767),#765);
#769=CARTESIAN_POINT('',(2.29571E0,2.033178983273E0,4.931905707618E0));
#770=DIRECTION('',(-1.E0,0.E0,0.E0));
#771=DIRECTION('',(0.E0,1.604613105074E-1,9.870421307271E-1));
#772=AXIS2_PLACEMENT_3D('',#769,#770,#771);
#774=CURVE_STYLE('',#20,POSITIVE_LENGTH_MEASURE(2.E-2),#13);
#775=PRESENTATION_STYLE_ASSIGNMENT((#774));
#776=STYLED_ITEM('',(#775),#773);
#777=DIRECTION('',(0.E0,2.337057919695E-1,-9.723073602518E-1));
#778=VECTOR('',#777,1.069234486967E0);
#779=CARTESIAN_POINT('',(2.29571E0,2.271180547052E0,7.297759081006E0));
#780=LINE('',#779,#778);
#781=CURVE_STYLE('',#20,POSITIVE_LENGTH_MEASURE(2.E-2),#13);
#782=PRESENTATION_STYLE_ASSIGNMENT((#781));
#783=STYLED_ITEM('',(#782),#780);
#784=DIRECTION('',(0.E0,9.137435967687E-1,4.062913232697E-1));
#785=VECTOR('',#784,4.839417606561E0);
#786=CARTESIAN_POINT('',(2.29571E0,-2.150806303033E0,5.331545697782E0));
#787=LINE('',#786,#785);
#788=CURVE_STYLE('',#20,POSITIVE_LENGTH_MEASURE(2.E-2),#13);
#789=PRESENTATION_STYLE_ASSIGNMENT((#788));
#790=STYLED_ITEM('',(#789),#787);
#791=DIRECTION('',(0.E0,4.062913232697E-1,-9.137435967687E-1));
#792=VECTOR('',#791,4.529898060846E-1);
#793=CARTESIAN_POINT('',(2.29571E0,-2.150806303033E0,5.331545697782E0));
#794=LINE('',#793,#792);
#795=CURVE_STYLE('',#20,POSITIVE_LENGTH_MEASURE(2.E-2),#13);
#796=PRESENTATION_STYLE_ASSIGNMENT((#795));
#797=STYLED_ITEM('',(#796),#794);
#798=CARTESIAN_POINT('',(2.29571E0,-1.582626973766E0,4.747801447411E0));
#799=DIRECTION('',(1.E0,0.E0,0.E0));
#800=DIRECTION('',(0.E0,1.E0,0.E0));
#801=AXIS2_PLACEMENT_3D('',#798,#799,#800);
#803=CURVE_STYLE('',#20,POSITIVE_LENGTH_MEASURE(2.E-2),#13);
#804=PRESENTATION_STYLE_ASSIGNMENT((#803));
#805=STYLED_ITEM('',(#804),#802);
#806=CARTESIAN_POINT('',(2.29571E0,-1.582626973766E0,4.747801447411E0));
#807=DIRECTION('',(1.E0,0.E0,0.E0));
#808=DIRECTION('',(0.E0,-3.124235406001E-1,-9.499429094840E-1));
#809=AXIS2_PLACEMENT_3D('',#806,#807,#808);
#811=CURVE_STYLE('',#20,POSITIVE_LENGTH_MEASURE(2.E-2),#13);
#812=PRESENTATION_STYLE_ASSIGNMENT((#811));
#813=STYLED_ITEM('',(#812),#810);
#814=DIRECTION('',(0.E0,-4.062913232697E-1,9.137435967687E-1));
#815=VECTOR('',#814,4.529898060846E-1);
#816=CARTESIAN_POINT('',(2.29571E0,-1.529799033076E0,3.934908890716E0));
#817=LINE('',#816,#815);
#818=CURVE_STYLE('',#20,POSITIVE_LENGTH_MEASURE(2.E-2),#13);
#819=PRESENTATION_STYLE_ASSIGNMENT((#818));
#820=STYLED_ITEM('',(#819),#817);
#821=CARTESIAN_POINT('',(2.29571E0,1.333484778868E0,6.184057562385E0));
#822=DIRECTION('',(-1.E0,0.E0,0.E0));
#823=DIRECTION('',(0.E0,0.E0,1.E0));
#824=AXIS2_PLACEMENT_3D('',#821,#822,#823);
#826=CURVE_STYLE('',#20,POSITIVE_LENGTH_MEASURE(2.E-2),#13);
#827=PRESENTATION_STYLE_ASSIGNMENT((#826));
#828=STYLED_ITEM('',(#827),#825);
#829=CARTESIAN_POINT('',(2.29571E0,1.333484778868E0,6.184057562385E0));
#830=DIRECTION('',(-1.E0,0.E0,0.E0));
#831=DIRECTION('',(0.E0,0.E0,-1.E0));
#832=AXIS2_PLACEMENT_3D('',#829,#830,#831);
#834=CURVE_STYLE('',#20,POSITIVE_LENGTH_MEASURE(2.E-2),#13);
#835=PRESENTATION_STYLE_ASSIGNMENT((#834));
#836=STYLED_ITEM('',(#835),#833);
#837=CARTESIAN_POINT('',(2.29571E0,1.291726504388E0,6.671237431312E0));
#838=DIRECTION('',(-1.E0,0.E0,0.E0));
#839=DIRECTION('',(0.E0,0.E0,1.E0));
#840=AXIS2_PLACEMENT_3D('',#837,#838,#839);
#842=CURVE_STYLE('',#20,POSITIVE_LENGTH_MEASURE(2.E-2),#13);
#843=PRESENTATION_STYLE_ASSIGNMENT((#842));
#844=STYLED_ITEM('',(#843),#841);
#845=CARTESIAN_POINT('',(2.29571E0,1.291726504388E0,6.671237431312E0));
#846=DIRECTION('',(-1.E0,0.E0,0.E0));
#847=DIRECTION('',(0.E0,0.E0,-1.E0));
#848=AXIS2_PLACEMENT_3D('',#845,#846,#847);
#850=CURVE_STYLE('',#20,POSITIVE_LENGTH_MEASURE(2.E-2),#13);
#851=PRESENTATION_STYLE_ASSIGNMENT((#850));
#852=STYLED_ITEM('',(#851),#849);
#853=CARTESIAN_POINT('',(2.29571E0,1.820716092273E0,6.142350741112E0));
#854=DIRECTION('',(-1.E0,0.E0,0.E0));
#855=DIRECTION('',(0.E0,0.E0,1.E0));
#856=AXIS2_PLACEMENT_3D('',#853,#854,#855);
#858=CURVE_STYLE('',#20,POSITIVE_LENGTH_MEASURE(2.E-2),#13);
#859=PRESENTATION_STYLE_ASSIGNMENT((#858));
#860=STYLED_ITEM('',(#859),#857);
#861=CARTESIAN_POINT('',(2.29571E0,1.820716092273E0,6.142350741112E0));
#862=DIRECTION('',(-1.E0,0.E0,0.E0));
#863=DIRECTION('',(0.E0,0.E0,-1.E0));
#864=AXIS2_PLACEMENT_3D('',#861,#862,#863);
#866=CURVE_STYLE('',#20,POSITIVE_LENGTH_MEASURE(2.E-2),#13);
#867=PRESENTATION_STYLE_ASSIGNMENT((#866));
#868=STYLED_ITEM('',(#867),#865);
#869=CARTESIAN_POINT('',(2.29571E0,1.778906373316E0,6.629534831053E0));
#870=DIRECTION('',(-1.E0,0.E0,0.E0));
#871=DIRECTION('',(0.E0,0.E0,1.E0));
#872=AXIS2_PLACEMENT_3D('',#869,#870,#871);
#874=CURVE_STYLE('',#20,POSITIVE_LENGTH_MEASURE(2.E-2),#13);
#875=PRESENTATION_STYLE_ASSIGNMENT((#874));
#876=STYLED_ITEM('',(#875),#873);
#877=CARTESIAN_POINT('',(2.29571E0,1.778906373316E0,6.629534831053E0));
#878=DIRECTION('',(-1.E0,0.E0,0.E0));
#879=DIRECTION('',(0.E0,0.E0,-1.E0));
#880=AXIS2_PLACEMENT_3D('',#877,#878,#879);
#882=CURVE_STYLE('',#20,POSITIVE_LENGTH_MEASURE(2.E-2),#13);
#883=PRESENTATION_STYLE_ASSIGNMENT((#882));
#884=STYLED_ITEM('',(#883),#881);
#885=DIRECTION('',(-1.E0,0.E0,0.E0));
#886=VECTOR('',#885,1.735E-1);
#887=CARTESIAN_POINT('',(2.29571E0,-1.264713473766E0,4.747801447411E0));
#888=LINE('',#887,#886);
#889=CURVE_STYLE('',#20,POSITIVE_LENGTH_MEASURE(2.E-2),#13);
#890=PRESENTATION_STYLE_ASSIGNMENT((#889));
#891=STYLED_ITEM('',(#890),#888);
#892=DIRECTION('',(-1.E0,0.E0,0.E0));
#893=VECTOR('',#892,1.735E-1);
#894=CARTESIAN_POINT('',(2.29571E0,-1.900540473766E0,4.747801447411E0));
#895=LINE('',#894,#893);
#896=CURVE_STYLE('',#20,POSITIVE_LENGTH_MEASURE(2.E-2),#13);
#897=PRESENTATION_STYLE_ASSIGNMENT((#896));
#898=STYLED_ITEM('',(#897),#895);
#899=CARTESIAN_POINT('',(2.12221E0,-1.582626973766E0,4.747801447411E0));
#900=DIRECTION('',(1.E0,0.E0,0.E0));
#901=DIRECTION('',(0.E0,1.E0,0.E0));
#902=AXIS2_PLACEMENT_3D('',#899,#900,#901);
#904=CURVE_STYLE('',#20,POSITIVE_LENGTH_MEASURE(2.E-2),#13);
#905=PRESENTATION_STYLE_ASSIGNMENT((#904));
#906=STYLED_ITEM('',(#905),#903);
#907=CARTESIAN_POINT('',(2.12221E0,-1.582626973766E0,4.747801447411E0));
#908=DIRECTION('',(1.E0,0.E0,0.E0));
#909=DIRECTION('',(0.E0,-1.E0,0.E0));
#910=AXIS2_PLACEMENT_3D('',#907,#908,#909);
#912=CURVE_STYLE('',#20,POSITIVE_LENGTH_MEASURE(2.E-2),#13);
#913=PRESENTATION_STYLE_ASSIGNMENT((#912));
#914=STYLED_ITEM('',(#913),#911);
#915=CARTESIAN_POINT('',(2.12221E0,-1.582626973766E0,4.747801447411E0));
#916=DIRECTION('',(-1.E0,0.E0,0.E0));
#917=DIRECTION('',(0.E0,1.E0,0.E0));
#918=AXIS2_PLACEMENT_3D('',#915,#916,#917);
#920=CURVE_STYLE('',#20,POSITIVE_LENGTH_MEASURE(2.E-2),#13);
#921=PRESENTATION_STYLE_ASSIGNMENT((#920));
#922=STYLED_ITEM('',(#921),#919);
#923=CARTESIAN_POINT('',(2.12221E0,-1.582626973766E0,4.747801447411E0));
#924=DIRECTION('',(-1.E0,0.E0,0.E0));
#925=DIRECTION('',(0.E0,-1.E0,0.E0));
#926=AXIS2_PLACEMENT_3D('',#923,#924,#925);
#928=CURVE_STYLE('',#20,POSITIVE_LENGTH_MEASURE(2.E-2),#13);
#929=PRESENTATION_STYLE_ASSIGNMENT((#928));
#930=STYLED_ITEM('',(#929),#927);
#931=CARTESIAN_POINT('',(2.12221E0,2.403828761471E-1,5.558393266466E0));
#932=DIRECTION('',(1.E0,0.E0,0.E0));
#933=DIRECTION('',(0.E0,1.E0,0.E0));
#934=AXIS2_PLACEMENT_3D('',#931,#932,#933);
#936=CURVE_STYLE('',#20,POSITIVE_LENGTH_MEASURE(2.E-2),#13);
#937=PRESENTATION_STYLE_ASSIGNMENT((#936));
#938=STYLED_ITEM('',(#937),#935);
#939=CARTESIAN_POINT('',(2.12221E0,2.403828761471E-1,5.558393266466E0));
#940=DIRECTION('',(1.E0,0.E0,0.E0));
#941=DIRECTION('',(0.E0,-1.E0,0.E0));
#942=AXIS2_PLACEMENT_3D('',#939,#940,#941);
#944=CURVE_STYLE('',#20,POSITIVE_LENGTH_MEASURE(2.E-2),#13);
#945=PRESENTATION_STYLE_ASSIGNMENT((#944));
#946=STYLED_ITEM('',(#945),#943);
#947=CARTESIAN_POINT('',(2.12221E0,2.403828761471E-1,5.558393266466E0));
#948=DIRECTION('',(-1.E0,0.E0,0.E0));
#949=DIRECTION('',(0.E0,1.E0,0.E0));
#950=AXIS2_PLACEMENT_3D('',#947,#948,#949);
#952=CURVE_STYLE('',#20,POSITIVE_LENGTH_MEASURE(2.E-2),#13);
#953=PRESENTATION_STYLE_ASSIGNMENT((#952));
#954=STYLED_ITEM('',(#953),#951);
#955=CARTESIAN_POINT('',(2.12221E0,2.403828761471E-1,5.558393266466E0));
#956=DIRECTION('',(-1.E0,0.E0,0.E0));
#957=DIRECTION('',(0.E0,-1.E0,0.E0));
#958=AXIS2_PLACEMENT_3D('',#955,#956,#957);
#960=CURVE_STYLE('',#20,POSITIVE_LENGTH_MEASURE(2.E-2),#13);
#961=PRESENTATION_STYLE_ASSIGNMENT((#960));
#962=STYLED_ITEM('',(#961),#959);
#963=DIRECTION('',(-1.E0,0.E0,0.E0));
#964=VECTOR('',#963,1.735E-1);
#965=CARTESIAN_POINT('',(2.29571E0,-1.162626973766E0,4.747801447411E0));
#966=LINE('',#965,#964);
#967=CURVE_STYLE('',#20,POSITIVE_LENGTH_MEASURE(2.E-2),#13);
#968=PRESENTATION_STYLE_ASSIGNMENT((#967));
#969=STYLED_ITEM('',(#968),#966);
#970=DIRECTION('',(-1.E0,0.E0,0.E0));
#971=VECTOR('',#970,9.375E-2);
#972=CARTESIAN_POINT('',(2.38946E0,-1.966760475291E0,4.917629163070E0));
#973=LINE('',#972,#971);
#974=CURVE_STYLE('',#20,POSITIVE_LENGTH_MEASURE(2.E-2),#13);
#975=PRESENTATION_STYLE_ASSIGNMENT((#974));
#976=STYLED_ITEM('',(#975),#973);
#977=DIRECTION('',(1.E0,0.E0,0.E0));
#978=VECTOR('',#977,1.735E-1);
#979=CARTESIAN_POINT('',(9.375E-2,-1.582626973766E0,4.327801447411E0));
#980=LINE('',#979,#978);
#981=CURVE_STYLE('',#20,POSITIVE_LENGTH_MEASURE(2.E-2),#13);
#982=PRESENTATION_STYLE_ASSIGNMENT((#981));
#983=STYLED_ITEM('',(#982),#980);
#984=DIRECTION('',(-1.E0,0.E0,0.E0));
#985=VECTOR('',#984,9.375E-2);
#986=CARTESIAN_POINT('',(9.375E-2,-1.966760475291E0,4.917629163070E0));
#987=LINE('',#986,#985);
#988=CURVE_STYLE('',#20,POSITIVE_LENGTH_MEASURE(2.E-2),#13);
#989=PRESENTATION_STYLE_ASSIGNMENT((#988));
#990=STYLED_ITEM('',(#989),#987);
#991=CARTESIAN_POINT('',(2.29571E0,-1.582626973766E0,4.747801447411E0));
#992=DIRECTION('',(-1.E0,0.E0,0.E0));
#993=DIRECTION('',(0.E0,-3.124235406001E-1,-9.499429094840E-1));
#994=AXIS2_PLACEMENT_3D('',#991,#992,#993);
#996=CURVE_STYLE('',#20,POSITIVE_LENGTH_MEASURE(2.E-2),#13);
#997=PRESENTATION_STYLE_ASSIGNMENT((#996));
#998=STYLED_ITEM('',(#997),#995);
#999=DIRECTION('',(-1.E0,0.E0,0.E0));
#1000=VECTOR('',#999,1.735E-1);
#1001=CARTESIAN_POINT('',(2.29571E0,-2.002626973766E0,4.747801447411E0));
#1002=LINE('',#1001,#1000);
#1003=CURVE_STYLE('',#20,POSITIVE_LENGTH_MEASURE(2.E-2),#13);
#1004=PRESENTATION_STYLE_ASSIGNMENT((#1003));
#1005=STYLED_ITEM('',(#1004),#1002);
#1006=DIRECTION('',(1.E0,0.E0,0.E0));
#1007=VECTOR('',#1006,1.735E-1);
#1008=CARTESIAN_POINT('',(9.375E-2,-1.582626973766E0,5.167801447411E0));
#1009=LINE('',#1008,#1007);
#1010=CURVE_STYLE('',#20,POSITIVE_LENGTH_MEASURE(2.E-2),#13);
#1011=PRESENTATION_STYLE_ASSIGNMENT((#1010));
#1012=STYLED_ITEM('',(#1011),#1009);
#1013=CARTESIAN_POINT('',(2.6725E-1,-1.582626973766E0,4.747801447411E0));
#1014=DIRECTION('',(-1.E0,0.E0,0.E0));
#1015=DIRECTION('',(0.E0,0.E0,-1.E0));
#1016=AXIS2_PLACEMENT_3D('',#1013,#1014,#1015);
#1018=CURVE_STYLE('',#20,POSITIVE_LENGTH_MEASURE(2.E-2),#13);
#1019=PRESENTATION_STYLE_ASSIGNMENT((#1018));
#1020=STYLED_ITEM('',(#1019),#1017);
#1021=CARTESIAN_POINT('',(2.6725E-1,-1.582626973766E0,4.747801447411E0));
#1022=DIRECTION('',(-1.E0,0.E0,0.E0));
#1023=DIRECTION('',(0.E0,0.E0,1.E0));
#1024=AXIS2_PLACEMENT_3D('',#1021,#1022,#1023);
#1026=CURVE_STYLE('',#20,POSITIVE_LENGTH_MEASURE(2.E-2),#13);
#1027=PRESENTATION_STYLE_ASSIGNMENT((#1026));
#1028=STYLED_ITEM('',(#1027),#1025);
#1029=CARTESIAN_POINT('',(2.6725E-1,-1.582626973766E0,4.747801447411E0));
#1030=DIRECTION('',(1.E0,0.E0,0.E0));
#1031=DIRECTION('',(0.E0,0.E0,-1.E0));
#1032=AXIS2_PLACEMENT_3D('',#1029,#1030,#1031);
#1034=CURVE_STYLE('',#20,POSITIVE_LENGTH_MEASURE(2.E-2),#13);
#1035=PRESENTATION_STYLE_ASSIGNMENT((#1034));
#1036=STYLED_ITEM('',(#1035),#1033);
#1037=CARTESIAN_POINT('',(2.6725E-1,-1.582626973766E0,4.747801447411E0));
#1038=DIRECTION('',(1.E0,0.E0,0.E0));
#1039=DIRECTION('',(0.E0,0.E0,1.E0));
#1040=AXIS2_PLACEMENT_3D('',#1037,#1038,#1039);
#1042=CURVE_STYLE('',#20,POSITIVE_LENGTH_MEASURE(2.E-2),#13);
#1043=PRESENTATION_STYLE_ASSIGNMENT((#1042));
#1044=STYLED_ITEM('',(#1043),#1041);
#1045=CARTESIAN_POINT('',(2.6725E-1,2.403828761471E-1,5.558393266466E0));
#1046=DIRECTION('',(-1.E0,0.E0,0.E0));
#1047=DIRECTION('',(0.E0,0.E0,-1.E0));
#1048=AXIS2_PLACEMENT_3D('',#1045,#1046,#1047);
#1050=CURVE_STYLE('',#20,POSITIVE_LENGTH_MEASURE(2.E-2),#13);
#1051=PRESENTATION_STYLE_ASSIGNMENT((#1050));
#1052=STYLED_ITEM('',(#1051),#1049);
#1053=CARTESIAN_POINT('',(2.6725E-1,2.403828761471E-1,5.558393266466E0));
#1054=DIRECTION('',(-1.E0,0.E0,0.E0));
#1055=DIRECTION('',(0.E0,0.E0,1.E0));
#1056=AXIS2_PLACEMENT_3D('',#1053,#1054,#1055);
#1058=CURVE_STYLE('',#20,POSITIVE_LENGTH_MEASURE(2.E-2),#13);
#1059=PRESENTATION_STYLE_ASSIGNMENT((#1058));
#1060=STYLED_ITEM('',(#1059),#1057);
#1061=CARTESIAN_POINT('',(2.6725E-1,2.403828761471E-1,5.558393266466E0));
#1062=DIRECTION('',(1.E0,0.E0,0.E0));
#1063=DIRECTION('',(0.E0,0.E0,-1.E0));
#1064=AXIS2_PLACEMENT_3D('',#1061,#1062,#1063);
#1066=CURVE_STYLE('',#20,POSITIVE_LENGTH_MEASURE(2.E-2),#13);
#1067=PRESENTATION_STYLE_ASSIGNMENT((#1066));
#1068=STYLED_ITEM('',(#1067),#1065);
#1069=CARTESIAN_POINT('',(2.6725E-1,2.403828761471E-1,5.558393266466E0));
#1070=DIRECTION('',(1.E0,0.E0,0.E0));
#1071=DIRECTION('',(0.E0,0.E0,1.E0));
#1072=AXIS2_PLACEMENT_3D('',#1069,#1070,#1071);
#1074=CURVE_STYLE('',#20,POSITIVE_LENGTH_MEASURE(2.E-2),#13);
#1075=PRESENTATION_STYLE_ASSIGNMENT((#1074));
#1076=STYLED_ITEM('',(#1075),#1073);
#1077=DIRECTION('',(1.E0,0.E0,0.E0));
#1078=VECTOR('',#1077,1.735E-1);
#1079=CARTESIAN_POINT('',(9.375E-2,-1.582626973766E0,4.429887947411E0));
#1080=LINE('',#1079,#1078);
#1081=CURVE_STYLE('',#20,POSITIVE_LENGTH_MEASURE(2.E-2),#13);
#1082=PRESENTATION_STYLE_ASSIGNMENT((#1081));
#1083=STYLED_ITEM('',(#1082),#1080);
#1084=DIRECTION('',(1.E0,0.E0,0.E0));
#1085=VECTOR('',#1084,1.735E-1);
#1086=CARTESIAN_POINT('',(9.375E-2,-1.582626973766E0,5.065714947411E0));
#1087=LINE('',#1086,#1085);
#1088=CURVE_STYLE('',#20,POSITIVE_LENGTH_MEASURE(2.E-2),#13);
#1089=PRESENTATION_STYLE_ASSIGNMENT((#1088));
#1090=STYLED_ITEM('',(#1089),#1087);
#1091=DIRECTION('',(1.E0,0.E0,0.E0));
#1092=VECTOR('',#1091,1.735E-1);
#1093=CARTESIAN_POINT('',(9.375E-2,2.403828761471E-1,5.138393266466E0));
#1094=LINE('',#1093,#1092);
#1095=CURVE_STYLE('',#20,POSITIVE_LENGTH_MEASURE(2.E-2),#13);
#1096=PRESENTATION_STYLE_ASSIGNMENT((#1095));
#1097=STYLED_ITEM('',(#1096),#1094);
#1098=DIRECTION('',(1.E0,0.E0,0.E0));
#1099=VECTOR('',#1098,1.735E-1);
#1100=CARTESIAN_POINT('',(9.375E-2,2.403828761471E-1,5.978393266466E0));
#1101=LINE('',#1100,#1099);
#1102=CURVE_STYLE('',#20,POSITIVE_LENGTH_MEASURE(2.E-2),#13);
#1103=PRESENTATION_STYLE_ASSIGNMENT((#1102));
#1104=STYLED_ITEM('',(#1103),#1101);
#1105=DIRECTION('',(1.E0,0.E0,0.E0));
#1106=VECTOR('',#1105,1.735E-1);
#1107=CARTESIAN_POINT('',(9.375E-2,2.403828761471E-1,5.240479766466E0));
#1108=LINE('',#1107,#1106);
#1109=CURVE_STYLE('',#20,POSITIVE_LENGTH_MEASURE(2.E-2),#13);
#1110=PRESENTATION_STYLE_ASSIGNMENT((#1109));
#1111=STYLED_ITEM('',(#1110),#1108);
#1112=DIRECTION('',(1.E0,0.E0,0.E0));
#1113=VECTOR('',#1112,1.735E-1);
#1114=CARTESIAN_POINT('',(9.375E-2,2.403828761471E-1,5.876306766466E0));
#1115=LINE('',#1114,#1113);
#1116=CURVE_STYLE('',#20,POSITIVE_LENGTH_MEASURE(2.E-2),#13);
#1117=PRESENTATION_STYLE_ASSIGNMENT((#1116));
#1118=STYLED_ITEM('',(#1117),#1115);
#1119=DIRECTION('',(1.E0,0.E0,0.E0));
#1120=VECTOR('',#1119,2.38946E0);
#1121=CARTESIAN_POINT('',(0.E0,-2.188997687420E0,5.417437595878E0));
#1122=LINE('',#1121,#1120);
#1123=CURVE_STYLE('',#20,POSITIVE_LENGTH_MEASURE(2.E-2),#13);
#1124=PRESENTATION_STYLE_ASSIGNMENT((#1123));
#1125=STYLED_ITEM('',(#1124),#1122);
#1126=DIRECTION('',(1.E0,0.E0,0.E0));
#1127=VECTOR('',#1126,2.38946E0);
#1128=CARTESIAN_POINT('',(0.E0,2.336183655426E0,7.429535871939E0));
#1129=LINE('',#1128,#1127);
#1130=CURVE_STYLE('',#20,POSITIVE_LENGTH_MEASURE(2.E-2),#13);
#1131=PRESENTATION_STYLE_ASSIGNMENT((#1130));
#1132=STYLED_ITEM('',(#1131),#1129);
#1133=DIRECTION('',(1.E0,0.E0,0.E0));
#1134=VECTOR('',#1133,2.20196E0);
#1135=CARTESIAN_POINT('',(9.375E-2,2.265401307006E0,5.833066965605E0));
#1136=LINE('',#1135,#1134);
#1137=CURVE_STYLE('',#20,POSITIVE_LENGTH_MEASURE(2.E-2),#13);
#1138=PRESENTATION_STYLE_ASSIGNMENT((#1137));
#1139=STYLED_ITEM('',(#1138),#1136);
#1140=DIRECTION('',(1.E0,0.E0,0.E0));
#1141=VECTOR('',#1140,2.38946E0);
#1142=CARTESIAN_POINT('',(0.E0,2.624013234465E0,6.232052421320E0));
#1143=LINE('',#1142,#1141);
#1144=CURVE_STYLE('',#20,POSITIVE_LENGTH_MEASURE(2.E-2),#13);
#1145=PRESENTATION_STYLE_ASSIGNMENT((#1144));
#1146=STYLED_ITEM('',(#1145),#1143);
#1147=DIRECTION('',(-1.E0,0.E0,0.E0));
#1148=VECTOR('',#1147,2.20196E0);
#1149=CARTESIAN_POINT('',(2.29571E0,2.260039789957E0,5.873926387819E0));
#1150=LINE('',#1149,#1148);
#1151=CURVE_STYLE('',#20,POSITIVE_LENGTH_MEASURE(2.E-2),#13);
#1152=PRESENTATION_STYLE_ASSIGNMENT((#1151));
#1153=STYLED_ITEM('',(#1152),#1150);
#1154=CARTESIAN_POINT('',(2.29571E0,2.033178983273E0,4.931905707618E0));
#1155=DIRECTION('',(1.E0,0.E0,0.E0));
#1156=DIRECTION('',(0.E0,-9.998033635178E-1,1.983013612082E-2));
#1157=AXIS2_PLACEMENT_3D('',#1154,#1155,#1156);
#1159=CURVE_STYLE('',#20,POSITIVE_LENGTH_MEASURE(2.E-2),#13);
#1160=PRESENTATION_STYLE_ASSIGNMENT((#1159));
#1161=STYLED_ITEM('',(#1160),#1158);
#1162=CARTESIAN_POINT('',(9.375E-2,2.033178983273E0,4.931905707618E0));
#1163=DIRECTION('',(-1.E0,0.E0,0.E0));
#1164=DIRECTION('',(0.E0,-9.970170318452E-1,-7.718185156248E-2));
#1165=AXIS2_PLACEMENT_3D('',#1162,#1163,#1164);
#1167=CURVE_STYLE('',#20,POSITIVE_LENGTH_MEASURE(2.E-2),#13);
#1168=PRESENTATION_STYLE_ASSIGNMENT((#1167));
#1169=STYLED_ITEM('',(#1168),#1166);
#1170=DIRECTION('',(0.E0,-1.E0,0.E0));
#1171=VECTOR('',#1170,3.087709519613E-1);
#1172=CARTESIAN_POINT('',(9.375E-2,1.064417097087E0,4.951120165954E0));
#1173=LINE('',#1172,#1171);
#1174=CURVE_STYLE('',#20,POSITIVE_LENGTH_MEASURE(2.E-2),#13);
#1175=PRESENTATION_STYLE_ASSIGNMENT((#1174));
#1176=STYLED_ITEM('',(#1175),#1173);
#1177=DIRECTION('',(1.E0,0.E0,0.E0));
#1178=VECTOR('',#1177,2.20196E0);
#1179=CARTESIAN_POINT('',(9.375E-2,1.064417097087E0,4.951120165954E0));
#1180=LINE('',#1179,#1178);
#1181=CURVE_STYLE('',#20,POSITIVE_LENGTH_MEASURE(2.E-2),#13);
#1182=PRESENTATION_STYLE_ASSIGNMENT((#1181));
#1183=STYLED_ITEM('',(#1182),#1180);
#1184=DIRECTION('',(0.E0,1.E0,0.E0));
#1185=VECTOR('',#1184,3.087709519613E-1);
#1186=CARTESIAN_POINT('',(2.29571E0,7.556461451259E-1,4.951120165954E0));
#1187=LINE('',#1186,#1185);
#1188=CURVE_STYLE('',#20,POSITIVE_LENGTH_MEASURE(2.E-2),#13);
#1189=PRESENTATION_STYLE_ASSIGNMENT((#1188));
#1190=STYLED_ITEM('',(#1189),#1187);
#1191=DIRECTION('',(0.E0,9.137435967687E-1,4.062913232697E-1));
#1192=VECTOR('',#1191,9.43682E-1);
#1193=CARTESIAN_POINT('',(1.5126435E0,-1.529799033076E0,3.934908890716E0));
#1194=LINE('',#1193,#1192);
#1195=CURVE_STYLE('',#20,POSITIVE_LENGTH_MEASURE(2.E-2),#13);
#1196=PRESENTATION_STYLE_ASSIGNMENT((#1195));
#1197=STYLED_ITEM('',(#1196),#1194);
#1198=DIRECTION('',(-1.E0,0.E0,0.E0));
#1199=VECTOR('',#1198,6.35827E-1);
#1200=CARTESIAN_POINT('',(1.5126435E0,-6.675156481904E-1,4.318318699242E0));
#1201=LINE('',#1200,#1199);
#1202=CURVE_STYLE('',#20,POSITIVE_LENGTH_MEASURE(2.E-2),#13);
#1203=PRESENTATION_STYLE_ASSIGNMENT((#1202));
#1204=STYLED_ITEM('',(#1203),#1201);
#1205=DIRECTION('',(0.E0,9.137435967687E-1,4.062913232697E-1));
#1206=VECTOR('',#1205,9.43682E-1);
#1207=CARTESIAN_POINT('',(8.768165E-1,-1.529799033076E0,3.934908890716E0));
#1208=LINE('',#1207,#1206);
#1209=CURVE_STYLE('',#20,POSITIVE_LENGTH_MEASURE(2.E-2),#13);
#1210=PRESENTATION_STYLE_ASSIGNMENT((#1209));
#1211=STYLED_ITEM('',(#1210),#1208);
#1212=DIRECTION('',(1.E0,0.E0,0.E0));
#1213=VECTOR('',#1212,7.830665E-1);
#1214=CARTESIAN_POINT('',(9.375E-2,-1.529799033076E0,3.934908890716E0));
#1215=LINE('',#1214,#1213);
#1216=CURVE_STYLE('',#20,POSITIVE_LENGTH_MEASURE(2.E-2),#13);
#1217=PRESENTATION_STYLE_ASSIGNMENT((#1216));
#1218=STYLED_ITEM('',(#1217),#1215);
#1219=DIRECTION('',(0.E0,-9.137435967687E-1,-4.062913232697E-1));
#1220=VECTOR('',#1219,2.501188721086E0);
#1221=CARTESIAN_POINT('',(9.375E-2,7.556461451259E-1,4.951120165954E0));
#1222=LINE('',#1221,#1220);
#1223=CURVE_STYLE('',#20,POSITIVE_LENGTH_MEASURE(2.E-2),#13);
#1224=PRESENTATION_STYLE_ASSIGNMENT((#1223));
#1225=STYLED_ITEM('',(#1224),#1222);
#1226=DIRECTION('',(1.E0,0.E0,0.E0));
#1227=VECTOR('',#1226,2.20196E0);
#1228=CARTESIAN_POINT('',(9.375E-2,7.556461451259E-1,4.951120165954E0));
#1229=LINE('',#1228,#1227);
#1230=CURVE_STYLE('',#20,POSITIVE_LENGTH_MEASURE(2.E-2),#13);
#1231=PRESENTATION_STYLE_ASSIGNMENT((#1230));
#1232=STYLED_ITEM('',(#1231),#1229);
#1233=DIRECTION('',(0.E0,9.137435967687E-1,4.062913232697E-1));
#1234=VECTOR('',#1233,2.501188721086E0);
#1235=CARTESIAN_POINT('',(2.29571E0,-1.529799033076E0,3.934908890716E0));
#1236=LINE('',#1235,#1234);
#1237=CURVE_STYLE('',#20,POSITIVE_LENGTH_MEASURE(2.E-2),#13);
#1238=PRESENTATION_STYLE_ASSIGNMENT((#1237));
#1239=STYLED_ITEM('',(#1238),#1236);
#1240=DIRECTION('',(1.E0,0.E0,0.E0));
#1241=VECTOR('',#1240,7.830665E-1);
#1242=CARTESIAN_POINT('',(1.5126435E0,-1.529799033076E0,3.934908890716E0));
#1243=LINE('',#1242,#1241);
#1244=CURVE_STYLE('',#20,POSITIVE_LENGTH_MEASURE(2.E-2),#13);
#1245=PRESENTATION_STYLE_ASSIGNMENT((#1244));
#1246=STYLED_ITEM('',(#1245),#1243);
#1247=DIRECTION('',(0.E0,-4.062913232697E-1,9.137435967687E-1));
#1248=VECTOR('',#1247,9.399999999999E-2);
#1249=CARTESIAN_POINT('',(1.5126435E0,-6.293242638031E-1,4.232426801146E0));
#1250=LINE('',#1249,#1248);
#1251=CURVE_STYLE('',#20,POSITIVE_LENGTH_MEASURE(2.E-2),#13);
#1252=PRESENTATION_STYLE_ASSIGNMENT((#1251));
#1253=STYLED_ITEM('',(#1252),#1250);
#1254=DIRECTION('',(0.E0,-4.062913232697E-1,9.137435967687E-1));
#1255=VECTOR('',#1254,9.399999999999E-2);
#1256=CARTESIAN_POINT('',(8.768165E-1,-6.293242638031E-1,4.232426801146E0));
#1257=LINE('',#1256,#1255);
#1258=CURVE_STYLE('',#20,POSITIVE_LENGTH_MEASURE(2.E-2),#13);
#1259=PRESENTATION_STYLE_ASSIGNMENT((#1258));
#1260=STYLED_ITEM('',(#1259),#1257);
#1261=DIRECTION('',(1.E0,0.E0,0.E0));
#1262=VECTOR('',#1261,2.20196E0);
#1263=CARTESIAN_POINT('',(9.375E-2,2.188658358017E0,5.888302566440E0));
#1264=LINE('',#1263,#1262);
#1265=CURVE_STYLE('',#20,POSITIVE_LENGTH_MEASURE(2.E-2),#13);
#1266=PRESENTATION_STYLE_ASSIGNMENT((#1265));
#1267=STYLED_ITEM('',(#1266),#1264);
#1268=DIRECTION('',(0.E0,-6.684754166427E-1,-7.437342383839E-1));
#1269=VECTOR('',#1268,4.972635841748E-1);
#1270=CARTESIAN_POINT('',(9.375E-2,2.521066839629E0,6.258134519492E0));
#1271=LINE('',#1270,#1269);
#1272=CURVE_STYLE('',#20,POSITIVE_LENGTH_MEASURE(2.E-2),#13);
#1273=PRESENTATION_STYLE_ASSIGNMENT((#1272));
#1274=STYLED_ITEM('',(#1273),#1271);
#1275=DIRECTION('',(1.E0,0.E0,0.E0));
#1276=VECTOR('',#1275,2.20196E0);
#1277=CARTESIAN_POINT('',(9.375E-2,2.521066839629E0,6.258134519492E0));
#1278=LINE('',#1277,#1276);
#1279=CURVE_STYLE('',#20,POSITIVE_LENGTH_MEASURE(2.E-2),#13);
#1280=PRESENTATION_STYLE_ASSIGNMENT((#1279));
#1281=STYLED_ITEM('',(#1280),#1278);
#1282=DIRECTION('',(0.E0,6.684754166427E-1,7.437342383839E-1));
#1283=VECTOR('',#1282,4.972635841748E-1);
#1284=CARTESIAN_POINT('',(2.29571E0,2.188658358017E0,5.888302566440E0));
#1285=LINE('',#1284,#1283);
#1286=CURVE_STYLE('',#20,POSITIVE_LENGTH_MEASURE(2.E-2),#13);
#1287=PRESENTATION_STYLE_ASSIGNMENT((#1286));
#1288=STYLED_ITEM('',(#1287),#1285);
#1289=DIRECTION('',(1.E0,0.E0,0.E0));
#1290=VECTOR('',#1289,2.20196E0);
#1291=CARTESIAN_POINT('',(9.375E-2,2.271180547052E0,7.297759081006E0));
#1292=LINE('',#1291,#1290);
#1293=CURVE_STYLE('',#20,POSITIVE_LENGTH_MEASURE(2.E-2),#13);
#1294=PRESENTATION_STYLE_ASSIGNMENT((#1293));
#1295=STYLED_ITEM('',(#1294),#1292);
#1296=DIRECTION('',(1.E0,0.E0,0.E0));
#1297=VECTOR('',#1296,2.20196E0);
#1298=CARTESIAN_POINT('',(9.375E-2,-2.150806303033E0,5.331545697782E0));
#1299=LINE('',#1298,#1297);
#1300=CURVE_STYLE('',#20,POSITIVE_LENGTH_MEASURE(2.E-2),#13);
#1301=PRESENTATION_STYLE_ASSIGNMENT((#1300));
#1302=STYLED_ITEM('',(#1301),#1299);
#1303=DIRECTION('',(0.E0,-1.301033209707E-1,9.915004416905E-1));
#1304=VECTOR('',#1303,8.017366889220E-2);
#1305=CARTESIAN_POINT('',(2.29571E0,2.275832167584E0,5.753574737486E0));
#1306=LINE('',#1305,#1304);
#1307=CURVE_STYLE('',#20,POSITIVE_LENGTH_MEASURE(2.E-2),#13);
#1308=PRESENTATION_STYLE_ASSIGNMENT((#1307));
#1309=STYLED_ITEM('',(#1308),#1306);
#1310=DIRECTION('',(1.E0,0.E0,0.E0));
#1311=VECTOR('',#1310,9.375E-2);
#1312=CARTESIAN_POINT('',(2.29571E0,2.265401307006E0,5.833066965605E0));
#1313=LINE('',#1312,#1311);
#1314=CURVE_STYLE('',#20,POSITIVE_LENGTH_MEASURE(2.E-2),#13);
#1315=PRESENTATION_STYLE_ASSIGNMENT((#1314));
#1316=STYLED_ITEM('',(#1315),#1313);
#1317=DIRECTION('',(0.E0,-1.301033209707E-1,9.915004416905E-1));
#1318=VECTOR('',#1317,8.017366889220E-2);
#1319=CARTESIAN_POINT('',(9.375E-2,2.275832167584E0,5.753574737486E0));
#1320=LINE('',#1319,#1318);
#1321=CURVE_STYLE('',#20,POSITIVE_LENGTH_MEASURE(2.E-2),#13);
#1322=PRESENTATION_STYLE_ASSIGNMENT((#1321));
#1323=STYLED_ITEM('',(#1322),#1320);
#1324=DIRECTION('',(1.E0,0.E0,0.E0));
#1325=VECTOR('',#1324,9.375E-2);
#1326=CARTESIAN_POINT('',(0.E0,2.265401307006E0,5.833066965605E0));
#1327=LINE('',#1326,#1325);
#1328=CURVE_STYLE('',#20,POSITIVE_LENGTH_MEASURE(2.E-2),#13);
#1329=PRESENTATION_STYLE_ASSIGNMENT((#1328));
#1330=STYLED_ITEM('',(#1329),#1327);
#1331=CARTESIAN_POINT('',(9.375E-2,2.033178983273E0,4.931905707618E0));
#1332=DIRECTION('',(-1.E0,0.E0,0.E0));
#1333=DIRECTION('',(0.E0,-9.925570381129E-1,-1.217806474465E-1));
#1334=AXIS2_PLACEMENT_3D('',#1331,#1332,#1333);
#1336=CURVE_STYLE('',#20,POSITIVE_LENGTH_MEASURE(2.E-2),#13);
#1337=PRESENTATION_STYLE_ASSIGNMENT((#1336));
#1338=STYLED_ITEM('',(#1337),#1335);
#1339=CARTESIAN_POINT('',(9.375E-2,2.033178983273E0,4.931905707618E0));
#1340=DIRECTION('',(-1.E0,0.E0,0.E0));
#1341=DIRECTION('',(0.E0,-9.912305163944E-1,1.321441007706E-1));
#1342=AXIS2_PLACEMENT_3D('',#1339,#1340,#1341);
#1344=CURVE_STYLE('',#20,POSITIVE_LENGTH_MEASURE(2.E-2),#13);
#1345=PRESENTATION_STYLE_ASSIGNMENT((#1344));
#1346=STYLED_ITEM('',(#1345),#1343);
#1347=CARTESIAN_POINT('',(9.375E-2,2.033178983273E0,4.931905707618E0));
#1348=DIRECTION('',(-1.E0,0.E0,0.E0));
#1349=DIRECTION('',(0.E0,-5.056442386143E-1,8.627420842617E-1));
#1350=AXIS2_PLACEMENT_3D('',#1347,#1348,#1349);
#1352=CURVE_STYLE('',#20,POSITIVE_LENGTH_MEASURE(2.E-2),#13);
#1353=PRESENTATION_STYLE_ASSIGNMENT((#1352));
#1354=STYLED_ITEM('',(#1353),#1351);
#1355=DIRECTION('',(1.E0,0.E0,0.E0));
#1356=VECTOR('',#1355,9.375E-2);
#1357=CARTESIAN_POINT('',(0.E0,2.275832167584E0,5.753574737486E0));
#1358=LINE('',#1357,#1356);
#1359=CURVE_STYLE('',#20,POSITIVE_LENGTH_MEASURE(2.E-2),#13);
#1360=PRESENTATION_STYLE_ASSIGNMENT((#1359));
#1361=STYLED_ITEM('',(#1360),#1358);
#1362=CARTESIAN_POINT('',(2.29571E0,2.033178983273E0,4.931905707618E0));
#1363=DIRECTION('',(-1.E0,0.E0,0.E0));
#1364=DIRECTION('',(0.E0,-5.056442386143E-1,8.627420842617E-1));
#1365=AXIS2_PLACEMENT_3D('',#1362,#1363,#1364);
#1367=CURVE_STYLE('',#20,POSITIVE_LENGTH_MEASURE(2.E-2),#13);
#1368=PRESENTATION_STYLE_ASSIGNMENT((#1367));
#1369=STYLED_ITEM('',(#1368),#1366);
#1370=CARTESIAN_POINT('',(2.29571E0,2.033178983273E0,4.931905707618E0));
#1371=DIRECTION('',(-1.E0,0.E0,0.E0));
#1372=DIRECTION('',(0.E0,-9.912305163944E-1,1.321441007706E-1));
#1373=AXIS2_PLACEMENT_3D('',#1370,#1371,#1372);
#1375=CURVE_STYLE('',#20,POSITIVE_LENGTH_MEASURE(2.E-2),#13);
#1376=PRESENTATION_STYLE_ASSIGNMENT((#1375));
#1377=STYLED_ITEM('',(#1376),#1374);
#1378=CARTESIAN_POINT('',(2.29571E0,2.033178983273E0,4.931905707618E0));
#1379=DIRECTION('',(-1.E0,0.E0,0.E0));
#1380=DIRECTION('',(0.E0,-9.925570381129E-1,-1.217806474465E-1));
#1381=AXIS2_PLACEMENT_3D('',#1378,#1379,#1380);
#1383=CURVE_STYLE('',#20,POSITIVE_LENGTH_MEASURE(2.E-2),#13);
#1384=PRESENTATION_STYLE_ASSIGNMENT((#1383));
#1385=STYLED_ITEM('',(#1384),#1382);
#1386=DIRECTION('',(1.E0,0.E0,0.E0));
#1387=VECTOR('',#1386,9.375E-2);
#1388=CARTESIAN_POINT('',(2.29571E0,2.275832167584E0,5.753574737486E0));
#1389=LINE('',#1388,#1387);
#1390=CURVE_STYLE('',#20,POSITIVE_LENGTH_MEASURE(2.E-2),#13);
#1391=PRESENTATION_STYLE_ASSIGNMENT((#1390));
#1392=STYLED_ITEM('',(#1391),#1389);
#1393=CARTESIAN_POINT('',(9.375E-2,2.033178983273E0,4.646905707618E0));
#1394=DIRECTION('',(1.E0,0.E0,0.E0));
#1395=DIRECTION('',(0.E0,0.E0,1.E0));
#1396=AXIS2_PLACEMENT_3D('',#1393,#1394,#1395);
#1398=CURVE_STYLE('',#20,POSITIVE_LENGTH_MEASURE(2.E-2),#13);
#1399=PRESENTATION_STYLE_ASSIGNMENT((#1398));
#1400=STYLED_ITEM('',(#1399),#1397);
#1401=CARTESIAN_POINT('',(9.375E-2,2.033178983273E0,4.646905707618E0));
#1402=DIRECTION('',(1.E0,0.E0,0.E0));
#1403=DIRECTION('',(0.E0,0.E0,-1.E0));
#1404=AXIS2_PLACEMENT_3D('',#1401,#1402,#1403);
#1406=CURVE_STYLE('',#20,POSITIVE_LENGTH_MEASURE(2.E-2),#13);
#1407=PRESENTATION_STYLE_ASSIGNMENT((#1406));
#1408=STYLED_ITEM('',(#1407),#1405);
#1409=CARTESIAN_POINT('',(9.375E-2,2.033178983273E0,5.216905707618E0));
#1410=DIRECTION('',(1.E0,0.E0,0.E0));
#1411=DIRECTION('',(0.E0,0.E0,1.E0));
#1412=AXIS2_PLACEMENT_3D('',#1409,#1410,#1411);
#1414=CURVE_STYLE('',#20,POSITIVE_LENGTH_MEASURE(2.E-2),#13);
#1415=PRESENTATION_STYLE_ASSIGNMENT((#1414));
#1416=STYLED_ITEM('',(#1415),#1413);
#1417=CARTESIAN_POINT('',(9.375E-2,2.033178983273E0,5.216905707618E0));
#1418=DIRECTION('',(1.E0,0.E0,0.E0));
#1419=DIRECTION('',(0.E0,0.E0,-1.E0));
#1420=AXIS2_PLACEMENT_3D('',#1417,#1418,#1419);
#1422=CURVE_STYLE('',#20,POSITIVE_LENGTH_MEASURE(2.E-2),#13);
#1423=PRESENTATION_STYLE_ASSIGNMENT((#1422));
#1424=STYLED_ITEM('',(#1423),#1421);
#1425=CARTESIAN_POINT('',(9.375E-2,2.318178983273E0,4.931905707618E0));
#1426=DIRECTION('',(1.E0,0.E0,0.E0));
#1427=DIRECTION('',(0.E0,0.E0,1.E0));
#1428=AXIS2_PLACEMENT_3D('',#1425,#1426,#1427);
#1430=CURVE_STYLE('',#20,POSITIVE_LENGTH_MEASURE(2.E-2),#13);
#1431=PRESENTATION_STYLE_ASSIGNMENT((#1430));
#1432=STYLED_ITEM('',(#1431),#1429);
#1433=CARTESIAN_POINT('',(9.375E-2,2.318178983273E0,4.931905707618E0));
#1434=DIRECTION('',(1.E0,0.E0,0.E0));
#1435=DIRECTION('',(0.E0,0.E0,-1.E0));
#1436=AXIS2_PLACEMENT_3D('',#1433,#1434,#1435);
#1438=CURVE_STYLE('',#20,POSITIVE_LENGTH_MEASURE(2.E-2),#13);
#1439=PRESENTATION_STYLE_ASSIGNMENT((#1438));
#1440=STYLED_ITEM('',(#1439),#1437);
#1441=CARTESIAN_POINT('',(9.375E-2,1.748178983273E0,4.931905707618E0));
#1442=DIRECTION('',(1.E0,0.E0,0.E0));
#1443=DIRECTION('',(0.E0,0.E0,1.E0));
#1444=AXIS2_PLACEMENT_3D('',#1441,#1442,#1443);
#1446=CURVE_STYLE('',#20,POSITIVE_LENGTH_MEASURE(2.E-2),#13);
#1447=PRESENTATION_STYLE_ASSIGNMENT((#1446));
#1448=STYLED_ITEM('',(#1447),#1445);
#1449=CARTESIAN_POINT('',(9.375E-2,1.748178983273E0,4.931905707618E0));
#1450=DIRECTION('',(1.E0,0.E0,0.E0));
#1451=DIRECTION('',(0.E0,0.E0,-1.E0));
#1452=AXIS2_PLACEMENT_3D('',#1449,#1450,#1451);
#1454=CURVE_STYLE('',#20,POSITIVE_LENGTH_MEASURE(2.E-2),#13);
#1455=PRESENTATION_STYLE_ASSIGNMENT((#1454));
#1456=STYLED_ITEM('',(#1455),#1453);
#1457=CARTESIAN_POINT('',(9.375E-2,2.033178983273E0,4.931905707618E0));
#1458=DIRECTION('',(1.E0,0.E0,0.E0));
#1459=DIRECTION('',(0.E0,-1.E0,0.E0));
#1460=AXIS2_PLACEMENT_3D('',#1457,#1458,#1459);
#1462=CURVE_STYLE('',#20,POSITIVE_LENGTH_MEASURE(2.E-2),#13);
#1463=PRESENTATION_STYLE_ASSIGNMENT((#1462));
#1464=STYLED_ITEM('',(#1463),#1461);
#1465=CARTESIAN_POINT('',(9.375E-2,2.033178983273E0,4.931905707618E0));
#1466=DIRECTION('',(1.E0,0.E0,0.E0));
#1467=DIRECTION('',(0.E0,1.E0,0.E0));
#1468=AXIS2_PLACEMENT_3D('',#1465,#1466,#1467);
#1470=CURVE_STYLE('',#20,POSITIVE_LENGTH_MEASURE(2.E-2),#13);
#1471=PRESENTATION_STYLE_ASSIGNMENT((#1470));
#1472=STYLED_ITEM('',(#1471),#1469);
#1473=DIRECTION('',(0.E0,-1.E0,0.E0));
#1474=VECTOR('',#1473,9.266058456172E-2);
#1475=CARTESIAN_POINT('',(9.375E-2,1.276602822913E0,5.045120165954E0));
#1476=LINE('',#1475,#1474);
#1477=CURVE_STYLE('',#20,POSITIVE_LENGTH_MEASURE(2.E-2),#13);
#1478=PRESENTATION_STYLE_ASSIGNMENT((#1477));
#1479=STYLED_ITEM('',(#1478),#1476);
#1480=DIRECTION('',(0.E0,1.E0,0.E0));
#1481=VECTOR('',#1480,2.360408524805E-1);
#1482=CARTESIAN_POINT('',(9.375E-2,1.599968281840E0,5.671059988310E0));
#1483=LINE('',#1482,#1481);
#1484=CURVE_STYLE('',#20,POSITIVE_LENGTH_MEASURE(2.E-2),#13);
#1485=PRESENTATION_STYLE_ASSIGNMENT((#1484));
#1486=STYLED_ITEM('',(#1485),#1483);
#1487=DIRECTION('',(1.E0,0.E0,0.E0));
#1488=VECTOR('',#1487,1.254E-1);
#1489=CARTESIAN_POINT('',(9.375E-2,2.033178983273E0,4.693905707618E0));
#1490=LINE('',#1489,#1488);
#1491=CURVE_STYLE('',#20,POSITIVE_LENGTH_MEASURE(2.E-2),#13);
#1492=PRESENTATION_STYLE_ASSIGNMENT((#1491));
#1493=STYLED_ITEM('',(#1492),#1490);
#1494=DIRECTION('',(1.E0,0.E0,0.E0));
#1495=VECTOR('',#1494,1.254E-1);
#1496=CARTESIAN_POINT('',(9.375E-2,2.033178983273E0,4.599905707618E0));
#1497=LINE('',#1496,#1495);
#1498=CURVE_STYLE('',#20,POSITIVE_LENGTH_MEASURE(2.E-2),#13);
#1499=PRESENTATION_STYLE_ASSIGNMENT((#1498));
#1500=STYLED_ITEM('',(#1499),#1497);
#1501=CARTESIAN_POINT('',(2.1915E-1,2.033178983273E0,4.646905707618E0));
#1502=DIRECTION('',(1.E0,0.E0,0.E0));
#1503=DIRECTION('',(0.E0,0.E0,1.E0));
#1504=AXIS2_PLACEMENT_3D('',#1501,#1502,#1503);
#1506=CURVE_STYLE('',#20,POSITIVE_LENGTH_MEASURE(2.E-2),#13);
#1507=PRESENTATION_STYLE_ASSIGNMENT((#1506));
#1508=STYLED_ITEM('',(#1507),#1505);
#1509=CARTESIAN_POINT('',(2.1915E-1,2.033178983273E0,4.646905707618E0));
#1510=DIRECTION('',(1.E0,0.E0,0.E0));
#1511=DIRECTION('',(0.E0,0.E0,-1.E0));
#1512=AXIS2_PLACEMENT_3D('',#1509,#1510,#1511);
#1514=CURVE_STYLE('',#20,POSITIVE_LENGTH_MEASURE(2.E-2),#13);
#1515=PRESENTATION_STYLE_ASSIGNMENT((#1514));
#1516=STYLED_ITEM('',(#1515),#1513);
#1517=CARTESIAN_POINT('',(2.1915E-1,2.033178983273E0,5.216905707618E0));
#1518=DIRECTION('',(1.E0,0.E0,0.E0));
#1519=DIRECTION('',(0.E0,0.E0,1.E0));
#1520=AXIS2_PLACEMENT_3D('',#1517,#1518,#1519);
#1522=CURVE_STYLE('',#20,POSITIVE_LENGTH_MEASURE(2.E-2),#13);
#1523=PRESENTATION_STYLE_ASSIGNMENT((#1522));
#1524=STYLED_ITEM('',(#1523),#1521);
#1525=CARTESIAN_POINT('',(2.1915E-1,2.033178983273E0,5.216905707618E0));
#1526=DIRECTION('',(1.E0,0.E0,0.E0));
#1527=DIRECTION('',(0.E0,0.E0,-1.E0));
#1528=AXIS2_PLACEMENT_3D('',#1525,#1526,#1527);
#1530=CURVE_STYLE('',#20,POSITIVE_LENGTH_MEASURE(2.E-2),#13);
#1531=PRESENTATION_STYLE_ASSIGNMENT((#1530));
#1532=STYLED_ITEM('',(#1531),#1529);
#1533=CARTESIAN_POINT('',(2.1915E-1,2.318178983273E0,4.931905707618E0));
#1534=DIRECTION('',(1.E0,0.E0,0.E0));
#1535=DIRECTION('',(0.E0,0.E0,1.E0));
#1536=AXIS2_PLACEMENT_3D('',#1533,#1534,#1535);
#1538=CURVE_STYLE('',#20,POSITIVE_LENGTH_MEASURE(2.E-2),#13);
#1539=PRESENTATION_STYLE_ASSIGNMENT((#1538));
#1540=STYLED_ITEM('',(#1539),#1537);
#1541=CARTESIAN_POINT('',(2.1915E-1,2.318178983273E0,4.931905707618E0));
#1542=DIRECTION('',(1.E0,0.E0,0.E0));
#1543=DIRECTION('',(0.E0,0.E0,-1.E0));
#1544=AXIS2_PLACEMENT_3D('',#1541,#1542,#1543);
#1546=CURVE_STYLE('',#20,POSITIVE_LENGTH_MEASURE(2.E-2),#13);
#1547=PRESENTATION_STYLE_ASSIGNMENT((#1546));
#1548=STYLED_ITEM('',(#1547),#1545);
#1549=CARTESIAN_POINT('',(2.1915E-1,1.748178983273E0,4.931905707618E0));
#1550=DIRECTION('',(1.E0,0.E0,0.E0));
#1551=DIRECTION('',(0.E0,0.E0,1.E0));
#1552=AXIS2_PLACEMENT_3D('',#1549,#1550,#1551);
#1554=CURVE_STYLE('',#20,POSITIVE_LENGTH_MEASURE(2.E-2),#13);
#1555=PRESENTATION_STYLE_ASSIGNMENT((#1554));
#1556=STYLED_ITEM('',(#1555),#1553);
#1557=CARTESIAN_POINT('',(2.1915E-1,1.748178983273E0,4.931905707618E0));
#1558=DIRECTION('',(1.E0,0.E0,0.E0));
#1559=DIRECTION('',(0.E0,0.E0,-1.E0));
#1560=AXIS2_PLACEMENT_3D('',#1557,#1558,#1559);
#1562=CURVE_STYLE('',#20,POSITIVE_LENGTH_MEASURE(2.E-2),#13);
#1563=PRESENTATION_STYLE_ASSIGNMENT((#1562));
#1564=STYLED_ITEM('',(#1563),#1561);
#1565=DIRECTION('',(0.E0,-1.E0,0.E0));
#1566=VECTOR('',#1565,4.950137790474E-1);
#1567=CARTESIAN_POINT('',(2.1915E-1,1.276602822913E0,5.045120165954E0));
#1568=LINE('',#1567,#1566);
#1569=CURVE_STYLE('',#20,POSITIVE_LENGTH_MEASURE(2.E-2),#13);
#1570=PRESENTATION_STYLE_ASSIGNMENT((#1569));
#1571=STYLED_ITEM('',(#1570),#1568);
#1572=CARTESIAN_POINT('',(2.1915E-1,2.033178983273E0,4.931905707618E0));
#1573=DIRECTION('',(-1.E0,0.E0,0.E0));
#1574=DIRECTION('',(0.E0,-9.959337466433E-1,9.008869128288E-2));
#1575=AXIS2_PLACEMENT_3D('',#1572,#1573,#1574);
#1577=CURVE_STYLE('',#20,POSITIVE_LENGTH_MEASURE(2.E-2),#13);
#1578=PRESENTATION_STYLE_ASSIGNMENT((#1577));
#1579=STYLED_ITEM('',(#1578),#1576);
#1580=DIRECTION('',(0.E0,1.E0,0.E0));
#1581=VECTOR('',#1580,8.191695822103E-1);
#1582=CARTESIAN_POINT('',(2.1915E-1,1.016839552110E0,5.671059988310E0));
#1583=LINE('',#1582,#1581);
#1584=CURVE_STYLE('',#20,POSITIVE_LENGTH_MEASURE(2.E-2),#13);
#1585=PRESENTATION_STYLE_ASSIGNMENT((#1584));
#1586=STYLED_ITEM('',(#1585),#1583);
#1587=CARTESIAN_POINT('',(2.1915E-1,2.033178983273E0,4.931905707618E0));
#1588=DIRECTION('',(1.E0,0.E0,0.E0));
#1589=DIRECTION('',(0.E0,-1.E0,0.E0));
#1590=AXIS2_PLACEMENT_3D('',#1587,#1588,#1589);
#1592=CURVE_STYLE('',#20,POSITIVE_LENGTH_MEASURE(2.E-2),#13);
#1593=PRESENTATION_STYLE_ASSIGNMENT((#1592));
#1594=STYLED_ITEM('',(#1593),#1591);
#1595=CARTESIAN_POINT('',(2.1915E-1,2.033178983273E0,4.931905707618E0));
#1596=DIRECTION('',(1.E0,0.E0,0.E0));
#1597=DIRECTION('',(0.E0,1.E0,0.E0));
#1598=AXIS2_PLACEMENT_3D('',#1595,#1596,#1597);
#1600=CURVE_STYLE('',#20,POSITIVE_LENGTH_MEASURE(2.E-2),#13);
#1601=PRESENTATION_STYLE_ASSIGNMENT((#1600));
#1602=STYLED_ITEM('',(#1601),#1599);
#1603=DIRECTION('',(1.E0,0.E0,0.E0));
#1604=VECTOR('',#1603,1.254E-1);
#1605=CARTESIAN_POINT('',(9.375E-2,2.033178983273E0,5.263905707618E0));
#1606=LINE('',#1605,#1604);
#1607=CURVE_STYLE('',#20,POSITIVE_LENGTH_MEASURE(2.E-2),#13);
#1608=PRESENTATION_STYLE_ASSIGNMENT((#1607));
#1609=STYLED_ITEM('',(#1608),#1606);
#1610=DIRECTION('',(1.E0,0.E0,0.E0));
#1611=VECTOR('',#1610,1.254E-1);
#1612=CARTESIAN_POINT('',(9.375E-2,2.033178983273E0,5.169905707618E0));
#1613=LINE('',#1612,#1611);
#1614=CURVE_STYLE('',#20,POSITIVE_LENGTH_MEASURE(2.E-2),#13);
#1615=PRESENTATION_STYLE_ASSIGNMENT((#1614));
#1616=STYLED_ITEM('',(#1615),#1613);
#1617=DIRECTION('',(1.E0,0.E0,0.E0));
#1618=VECTOR('',#1617,1.254E-1);
#1619=CARTESIAN_POINT('',(9.375E-2,2.318178983273E0,4.978905707618E0));
#1620=LINE('',#1619,#1618);
#1621=CURVE_STYLE('',#20,POSITIVE_LENGTH_MEASURE(2.E-2),#13);
#1622=PRESENTATION_STYLE_ASSIGNMENT((#1621));
#1623=STYLED_ITEM('',(#1622),#1620);
#1624=DIRECTION('',(1.E0,0.E0,0.E0));
#1625=VECTOR('',#1624,1.254E-1);
#1626=CARTESIAN_POINT('',(9.375E-2,2.318178983273E0,4.884905707618E0));
#1627=LINE('',#1626,#1625);
#1628=CURVE_STYLE('',#20,POSITIVE_LENGTH_MEASURE(2.E-2),#13);
#1629=PRESENTATION_STYLE_ASSIGNMENT((#1628));
#1630=STYLED_ITEM('',(#1629),#1627);
#1631=DIRECTION('',(1.E0,0.E0,0.E0));
#1632=VECTOR('',#1631,1.254E-1);
#1633=CARTESIAN_POINT('',(9.375E-2,1.748178983273E0,4.978905707618E0));
#1634=LINE('',#1633,#1632);
#1635=CURVE_STYLE('',#20,POSITIVE_LENGTH_MEASURE(2.E-2),#13);
#1636=PRESENTATION_STYLE_ASSIGNMENT((#1635));
#1637=STYLED_ITEM('',(#1636),#1634);
#1638=DIRECTION('',(1.E0,0.E0,0.E0));
#1639=VECTOR('',#1638,1.254E-1);
#1640=CARTESIAN_POINT('',(9.375E-2,1.748178983273E0,4.884905707618E0));
#1641=LINE('',#1640,#1639);
#1642=CURVE_STYLE('',#20,POSITIVE_LENGTH_MEASURE(2.E-2),#13);
#1643=PRESENTATION_STYLE_ASSIGNMENT((#1642));
#1644=STYLED_ITEM('',(#1643),#1641);
#1645=CARTESIAN_POINT('',(2.1915E-1,2.033178983273E0,4.931905707618E0));
#1646=DIRECTION('',(-1.E0,0.E0,0.E0));
#1647=DIRECTION('',(0.E0,-2.577383646435E-1,9.662147460016E-1));
#1648=AXIS2_PLACEMENT_3D('',#1645,#1646,#1647);
#1650=CURVE_STYLE('',#20,POSITIVE_LENGTH_MEASURE(2.E-2),#13);
#1651=PRESENTATION_STYLE_ASSIGNMENT((#1650));
#1652=STYLED_ITEM('',(#1651),#1649);
#1653=DIRECTION('',(1.E0,0.E0,0.E0));
#1654=VECTOR('',#1653,1.254E-1);
#1655=CARTESIAN_POINT('',(9.375E-2,1.836009134320E0,5.671059988310E0));
#1656=LINE('',#1655,#1654);
#1657=CURVE_STYLE('',#20,POSITIVE_LENGTH_MEASURE(2.E-2),#13);
#1658=PRESENTATION_STYLE_ASSIGNMENT((#1657));
#1659=STYLED_ITEM('',(#1658),#1656);
#1660=CARTESIAN_POINT('',(9.375E-2,2.033178983273E0,4.931905707618E0));
#1661=DIRECTION('',(1.E0,0.E0,0.E0));
#1662=DIRECTION('',(0.E0,-9.889884449140E-1,1.479927559937E-1));
#1663=AXIS2_PLACEMENT_3D('',#1660,#1661,#1662);
#1665=CURVE_STYLE('',#20,POSITIVE_LENGTH_MEASURE(2.E-2),#13);
#1666=PRESENTATION_STYLE_ASSIGNMENT((#1665));
#1667=STYLED_ITEM('',(#1666),#1664);
#1668=DIRECTION('',(1.E0,0.E0,0.E0));
#1669=VECTOR('',#1668,1.254E-1);
#1670=CARTESIAN_POINT('',(9.375E-2,1.016839552110E0,5.671059988310E0));
#1671=LINE('',#1670,#1669);
#1672=CURVE_STYLE('',#20,POSITIVE_LENGTH_MEASURE(2.E-2),#13);
#1673=PRESENTATION_STYLE_ASSIGNMENT((#1672));
#1674=STYLED_ITEM('',(#1673),#1671);
#1675=DIRECTION('',(1.E0,0.E0,0.E0));
#1676=VECTOR('',#1675,1.254E-1);
#1677=CARTESIAN_POINT('',(9.375E-2,7.815890438660E-1,5.045120165954E0));
#1678=LINE('',#1677,#1676);
#1679=CURVE_STYLE('',#20,POSITIVE_LENGTH_MEASURE(2.E-2),#13);
#1680=PRESENTATION_STYLE_ASSIGNMENT((#1679));
#1681=STYLED_ITEM('',(#1680),#1678);
#1682=DIRECTION('',(1.E0,0.E0,0.E0));
#1683=VECTOR('',#1682,1.254E-1);
#1684=CARTESIAN_POINT('',(9.375E-2,1.276602822913E0,5.045120165954E0));
#1685=LINE('',#1684,#1683);
#1686=CURVE_STYLE('',#20,POSITIVE_LENGTH_MEASURE(2.E-2),#13);
#1687=PRESENTATION_STYLE_ASSIGNMENT((#1686));
#1688=STYLED_ITEM('',(#1687),#1685);
#1689=DIRECTION('',(1.E0,0.E0,0.E0));
#1690=VECTOR('',#1689,1.254E-1);
#1691=CARTESIAN_POINT('',(9.375E-2,1.903178983273E0,4.931905707618E0));
#1692=LINE('',#1691,#1690);
#1693=CURVE_STYLE('',#20,POSITIVE_LENGTH_MEASURE(2.E-2),#13);
#1694=PRESENTATION_STYLE_ASSIGNMENT((#1693));
#1695=STYLED_ITEM('',(#1694),#1692);
#1696=DIRECTION('',(1.E0,0.E0,0.E0));
#1697=VECTOR('',#1696,1.254E-1);
#1698=CARTESIAN_POINT('',(9.375E-2,2.163178983273E0,4.931905707618E0));
#1699=LINE('',#1698,#1697);
#1700=CURVE_STYLE('',#20,POSITIVE_LENGTH_MEASURE(2.E-2),#13);
#1701=PRESENTATION_STYLE_ASSIGNMENT((#1700));
#1702=STYLED_ITEM('',(#1701),#1699);
#1703=CARTESIAN_POINT('',(2.29571E0,2.033178983273E0,4.646905707618E0));
#1704=DIRECTION('',(1.E0,0.E0,0.E0));
#1705=DIRECTION('',(0.E0,0.E0,1.E0));
#1706=AXIS2_PLACEMENT_3D('',#1703,#1704,#1705);
#1708=CURVE_STYLE('',#20,POSITIVE_LENGTH_MEASURE(2.E-2),#13);
#1709=PRESENTATION_STYLE_ASSIGNMENT((#1708));
#1710=STYLED_ITEM('',(#1709),#1707);
#1711=CARTESIAN_POINT('',(2.29571E0,2.033178983273E0,4.646905707618E0));
#1712=DIRECTION('',(1.E0,0.E0,0.E0));
#1713=DIRECTION('',(0.E0,0.E0,-1.E0));
#1714=AXIS2_PLACEMENT_3D('',#1711,#1712,#1713);
#1716=CURVE_STYLE('',#20,POSITIVE_LENGTH_MEASURE(2.E-2),#13);
#1717=PRESENTATION_STYLE_ASSIGNMENT((#1716));
#1718=STYLED_ITEM('',(#1717),#1715);
#1719=CARTESIAN_POINT('',(2.29571E0,2.033178983273E0,5.216905707618E0));
#1720=DIRECTION('',(1.E0,0.E0,0.E0));
#1721=DIRECTION('',(0.E0,0.E0,1.E0));
#1722=AXIS2_PLACEMENT_3D('',#1719,#1720,#1721);
#1724=CURVE_STYLE('',#20,POSITIVE_LENGTH_MEASURE(2.E-2),#13);
#1725=PRESENTATION_STYLE_ASSIGNMENT((#1724));
#1726=STYLED_ITEM('',(#1725),#1723);
#1727=CARTESIAN_POINT('',(2.29571E0,2.033178983273E0,5.216905707618E0));
#1728=DIRECTION('',(1.E0,0.E0,0.E0));
#1729=DIRECTION('',(0.E0,0.E0,-1.E0));
#1730=AXIS2_PLACEMENT_3D('',#1727,#1728,#1729);
#1732=CURVE_STYLE('',#20,POSITIVE_LENGTH_MEASURE(2.E-2),#13);
#1733=PRESENTATION_STYLE_ASSIGNMENT((#1732));
#1734=STYLED_ITEM('',(#1733),#1731);
#1735=CARTESIAN_POINT('',(2.29571E0,2.318178983273E0,4.931905707618E0));
#1736=DIRECTION('',(1.E0,0.E0,0.E0));
#1737=DIRECTION('',(0.E0,0.E0,1.E0));
#1738=AXIS2_PLACEMENT_3D('',#1735,#1736,#1737);
#1740=CURVE_STYLE('',#20,POSITIVE_LENGTH_MEASURE(2.E-2),#13);
#1741=PRESENTATION_STYLE_ASSIGNMENT((#1740));
#1742=STYLED_ITEM('',(#1741),#1739);
#1743=CARTESIAN_POINT('',(2.29571E0,2.318178983273E0,4.931905707618E0));
#1744=DIRECTION('',(1.E0,0.E0,0.E0));
#1745=DIRECTION('',(0.E0,0.E0,-1.E0));
#1746=AXIS2_PLACEMENT_3D('',#1743,#1744,#1745);
#1748=CURVE_STYLE('',#20,POSITIVE_LENGTH_MEASURE(2.E-2),#13);
#1749=PRESENTATION_STYLE_ASSIGNMENT((#1748));
#1750=STYLED_ITEM('',(#1749),#1747);
#1751=CARTESIAN_POINT('',(2.29571E0,1.748178983273E0,4.931905707618E0));
#1752=DIRECTION('',(1.E0,0.E0,0.E0));
#1753=DIRECTION('',(0.E0,0.E0,1.E0));
#1754=AXIS2_PLACEMENT_3D('',#1751,#1752,#1753);
#1756=CURVE_STYLE('',#20,POSITIVE_LENGTH_MEASURE(2.E-2),#13);
#1757=PRESENTATION_STYLE_ASSIGNMENT((#1756));
#1758=STYLED_ITEM('',(#1757),#1755);
#1759=CARTESIAN_POINT('',(2.29571E0,1.748178983273E0,4.931905707618E0));
#1760=DIRECTION('',(1.E0,0.E0,0.E0));
#1761=DIRECTION('',(0.E0,0.E0,-1.E0));
#1762=AXIS2_PLACEMENT_3D('',#1759,#1760,#1761);
#1764=CURVE_STYLE('',#20,POSITIVE_LENGTH_MEASURE(2.E-2),#13);
#1765=PRESENTATION_STYLE_ASSIGNMENT((#1764));
#1766=STYLED_ITEM('',(#1765),#1763);
#1767=CARTESIAN_POINT('',(2.29571E0,2.033178983273E0,4.931905707618E0));
#1768=DIRECTION('',(1.E0,0.E0,0.E0));
#1769=DIRECTION('',(0.E0,-1.E0,-1.366428338E-14));
#1770=AXIS2_PLACEMENT_3D('',#1767,#1768,#1769);
#1772=CURVE_STYLE('',#20,POSITIVE_LENGTH_MEASURE(2.E-2),#13);
#1773=PRESENTATION_STYLE_ASSIGNMENT((#1772));
#1774=STYLED_ITEM('',(#1773),#1771);
#1775=CARTESIAN_POINT('',(2.29571E0,2.033178983273E0,4.931905707618E0));
#1776=DIRECTION('',(1.E0,0.E0,0.E0));
#1777=DIRECTION('',(0.E0,1.E0,1.366428338E-14));
#1778=AXIS2_PLACEMENT_3D('',#1775,#1776,#1777);
#1780=CURVE_STYLE('',#20,POSITIVE_LENGTH_MEASURE(2.E-2),#13);
#1781=PRESENTATION_STYLE_ASSIGNMENT((#1780));
#1782=STYLED_ITEM('',(#1781),#1779);
#1783=DIRECTION('',(0.E0,1.E0,0.E0));
#1784=VECTOR('',#1783,2.360408524805E-1);
#1785=CARTESIAN_POINT('',(2.29571E0,1.599968281840E0,5.671059988310E0));
#1786=LINE('',#1785,#1784);
#1787=CURVE_STYLE('',#20,POSITIVE_LENGTH_MEASURE(2.E-2),#13);
#1788=PRESENTATION_STYLE_ASSIGNMENT((#1787));
#1789=STYLED_ITEM('',(#1788),#1786);
#1790=DIRECTION('',(0.E0,-1.E0,0.E0));
#1791=VECTOR('',#1790,9.266058456172E-2);
#1792=CARTESIAN_POINT('',(2.29571E0,1.276602822913E0,5.045120165954E0));
#1793=LINE('',#1792,#1791);
#1794=CURVE_STYLE('',#20,POSITIVE_LENGTH_MEASURE(2.E-2),#13);
#1795=PRESENTATION_STYLE_ASSIGNMENT((#1794));
#1796=STYLED_ITEM('',(#1795),#1793);
#1797=DIRECTION('',(-1.E0,0.E0,0.E0));
#1798=VECTOR('',#1797,1.254E-1);
#1799=CARTESIAN_POINT('',(2.29571E0,2.033178983273E0,4.693905707618E0));
#1800=LINE('',#1799,#1798);
#1801=CURVE_STYLE('',#20,POSITIVE_LENGTH_MEASURE(2.E-2),#13);
#1802=PRESENTATION_STYLE_ASSIGNMENT((#1801));
#1803=STYLED_ITEM('',(#1802),#1800);
#1804=DIRECTION('',(-1.E0,0.E0,0.E0));
#1805=VECTOR('',#1804,1.254E-1);
#1806=CARTESIAN_POINT('',(2.29571E0,2.033178983273E0,4.599905707618E0));
#1807=LINE('',#1806,#1805);
#1808=CURVE_STYLE('',#20,POSITIVE_LENGTH_MEASURE(2.E-2),#13);
#1809=PRESENTATION_STYLE_ASSIGNMENT((#1808));
#1810=STYLED_ITEM('',(#1809),#1807);
#1811=CARTESIAN_POINT('',(2.17031E0,2.033178983273E0,4.646905707618E0));
#1812=DIRECTION('',(1.E0,0.E0,0.E0));
#1813=DIRECTION('',(0.E0,0.E0,1.E0));
#1814=AXIS2_PLACEMENT_3D('',#1811,#1812,#1813);
#1816=CURVE_STYLE('',#20,POSITIVE_LENGTH_MEASURE(2.E-2),#13);
#1817=PRESENTATION_STYLE_ASSIGNMENT((#1816));
#1818=STYLED_ITEM('',(#1817),#1815);
#1819=CARTESIAN_POINT('',(2.17031E0,2.033178983273E0,4.646905707618E0));
#1820=DIRECTION('',(1.E0,0.E0,0.E0));
#1821=DIRECTION('',(0.E0,0.E0,-1.E0));
#1822=AXIS2_PLACEMENT_3D('',#1819,#1820,#1821);
#1824=CURVE_STYLE('',#20,POSITIVE_LENGTH_MEASURE(2.E-2),#13);
#1825=PRESENTATION_STYLE_ASSIGNMENT((#1824));
#1826=STYLED_ITEM('',(#1825),#1823);
#1827=CARTESIAN_POINT('',(2.17031E0,2.033178983273E0,5.216905707618E0));
#1828=DIRECTION('',(1.E0,0.E0,0.E0));
#1829=DIRECTION('',(0.E0,0.E0,1.E0));
#1830=AXIS2_PLACEMENT_3D('',#1827,#1828,#1829);
#1832=CURVE_STYLE('',#20,POSITIVE_LENGTH_MEASURE(2.E-2),#13);
#1833=PRESENTATION_STYLE_ASSIGNMENT((#1832));
#1834=STYLED_ITEM('',(#1833),#1831);
#1835=CARTESIAN_POINT('',(2.17031E0,2.033178983273E0,5.216905707618E0));
#1836=DIRECTION('',(1.E0,0.E0,0.E0));
#1837=DIRECTION('',(0.E0,0.E0,-1.E0));
#1838=AXIS2_PLACEMENT_3D('',#1835,#1836,#1837);
#1840=CURVE_STYLE('',#20,POSITIVE_LENGTH_MEASURE(2.E-2),#13);
#1841=PRESENTATION_STYLE_ASSIGNMENT((#1840));
#1842=STYLED_ITEM('',(#1841),#1839);
#1843=CARTESIAN_POINT('',(2.17031E0,2.318178983273E0,4.931905707618E0));
#1844=DIRECTION('',(1.E0,0.E0,0.E0));
#1845=DIRECTION('',(0.E0,0.E0,1.E0));
#1846=AXIS2_PLACEMENT_3D('',#1843,#1844,#1845);
#1848=CURVE_STYLE('',#20,POSITIVE_LENGTH_MEASURE(2.E-2),#13);
#1849=PRESENTATION_STYLE_ASSIGNMENT((#1848));
#1850=STYLED_ITEM('',(#1849),#1847);
#1851=CARTESIAN_POINT('',(2.17031E0,2.318178983273E0,4.931905707618E0));
#1852=DIRECTION('',(1.E0,0.E0,0.E0));
#1853=DIRECTION('',(0.E0,0.E0,-1.E0));
#1854=AXIS2_PLACEMENT_3D('',#1851,#1852,#1853);
#1856=CURVE_STYLE('',#20,POSITIVE_LENGTH_MEASURE(2.E-2),#13);
#1857=PRESENTATION_STYLE_ASSIGNMENT((#1856));
#1858=STYLED_ITEM('',(#1857),#1855);
#1859=CARTESIAN_POINT('',(2.17031E0,1.748178983273E0,4.931905707618E0));
#1860=DIRECTION('',(1.E0,0.E0,0.E0));
#1861=DIRECTION('',(0.E0,0.E0,1.E0));
#1862=AXIS2_PLACEMENT_3D('',#1859,#1860,#1861);
#1864=CURVE_STYLE('',#20,POSITIVE_LENGTH_MEASURE(2.E-2),#13);
#1865=PRESENTATION_STYLE_ASSIGNMENT((#1864));
#1866=STYLED_ITEM('',(#1865),#1863);
#1867=CARTESIAN_POINT('',(2.17031E0,1.748178983273E0,4.931905707618E0));
#1868=DIRECTION('',(1.E0,0.E0,0.E0));
#1869=DIRECTION('',(0.E0,0.E0,-1.E0));
#1870=AXIS2_PLACEMENT_3D('',#1867,#1868,#1869);
#1872=CURVE_STYLE('',#20,POSITIVE_LENGTH_MEASURE(2.E-2),#13);
#1873=PRESENTATION_STYLE_ASSIGNMENT((#1872));
#1874=STYLED_ITEM('',(#1873),#1871);
#1875=DIRECTION('',(0.E0,1.E0,0.E0));
#1876=VECTOR('',#1875,8.191695822103E-1);
#1877=CARTESIAN_POINT('',(2.17031E0,1.016839552110E0,5.671059988310E0));
#1878=LINE('',#1877,#1876);
#1879=CURVE_STYLE('',#20,POSITIVE_LENGTH_MEASURE(2.E-2),#13);
#1880=PRESENTATION_STYLE_ASSIGNMENT((#1879));
#1881=STYLED_ITEM('',(#1880),#1878);
#1882=CARTESIAN_POINT('',(2.17031E0,2.033178983273E0,4.931905707618E0));
#1883=DIRECTION('',(-1.E0,0.E0,0.E0));
#1884=DIRECTION('',(0.E0,-9.959337466433E-1,9.008869128288E-2));
#1885=AXIS2_PLACEMENT_3D('',#1882,#1883,#1884);
#1887=CURVE_STYLE('',#20,POSITIVE_LENGTH_MEASURE(2.E-2),#13);
#1888=PRESENTATION_STYLE_ASSIGNMENT((#1887));
#1889=STYLED_ITEM('',(#1888),#1886);
#1890=DIRECTION('',(0.E0,-1.E0,0.E0));
#1891=VECTOR('',#1890,4.950137790474E-1);
#1892=CARTESIAN_POINT('',(2.17031E0,1.276602822913E0,5.045120165954E0));
#1893=LINE('',#1892,#1891);
#1894=CURVE_STYLE('',#20,POSITIVE_LENGTH_MEASURE(2.E-2),#13);
#1895=PRESENTATION_STYLE_ASSIGNMENT((#1894));
#1896=STYLED_ITEM('',(#1895),#1893);
#1897=CARTESIAN_POINT('',(2.17031E0,2.033178983273E0,4.931905707618E0));
#1898=DIRECTION('',(1.E0,0.E0,0.E0));
#1899=DIRECTION('',(0.E0,-1.E0,-1.366428338E-14));
#1900=AXIS2_PLACEMENT_3D('',#1897,#1898,#1899);
#1902=CURVE_STYLE('',#20,POSITIVE_LENGTH_MEASURE(2.E-2),#13);
#1903=PRESENTATION_STYLE_ASSIGNMENT((#1902));
#1904=STYLED_ITEM('',(#1903),#1901);
#1905=CARTESIAN_POINT('',(2.17031E0,2.033178983273E0,4.931905707618E0));
#1906=DIRECTION('',(1.E0,0.E0,0.E0));
#1907=DIRECTION('',(0.E0,1.E0,1.366428338E-14));
#1908=AXIS2_PLACEMENT_3D('',#1905,#1906,#1907);
#1910=CURVE_STYLE('',#20,POSITIVE_LENGTH_MEASURE(2.E-2),#13);
#1911=PRESENTATION_STYLE_ASSIGNMENT((#1910));
#1912=STYLED_ITEM('',(#1911),#1909);
#1913=DIRECTION('',(-1.E0,0.E0,0.E0));
#1914=VECTOR('',#1913,1.254E-1);
#1915=CARTESIAN_POINT('',(2.29571E0,2.033178983273E0,5.263905707618E0));
#1916=LINE('',#1915,#1914);
#1917=CURVE_STYLE('',#20,POSITIVE_LENGTH_MEASURE(2.E-2),#13);
#1918=PRESENTATION_STYLE_ASSIGNMENT((#1917));
#1919=STYLED_ITEM('',(#1918),#1916);
#1920=DIRECTION('',(-1.E0,0.E0,0.E0));
#1921=VECTOR('',#1920,1.254E-1);
#1922=CARTESIAN_POINT('',(2.29571E0,2.033178983273E0,5.169905707618E0));
#1923=LINE('',#1922,#1921);
#1924=CURVE_STYLE('',#20,POSITIVE_LENGTH_MEASURE(2.E-2),#13);
#1925=PRESENTATION_STYLE_ASSIGNMENT((#1924));
#1926=STYLED_ITEM('',(#1925),#1923);
#1927=DIRECTION('',(-1.E0,0.E0,0.E0));
#1928=VECTOR('',#1927,1.254E-1);
#1929=CARTESIAN_POINT('',(2.29571E0,2.318178983273E0,4.978905707618E0));
#1930=LINE('',#1929,#1928);
#1931=CURVE_STYLE('',#20,POSITIVE_LENGTH_MEASURE(2.E-2),#13);
#1932=PRESENTATION_STYLE_ASSIGNMENT((#1931));
#1933=STYLED_ITEM('',(#1932),#1930);
#1934=DIRECTION('',(-1.E0,0.E0,0.E0));
#1935=VECTOR('',#1934,1.254E-1);
#1936=CARTESIAN_POINT('',(2.29571E0,2.318178983273E0,4.884905707618E0));
#1937=LINE('',#1936,#1935);
#1938=CURVE_STYLE('',#20,POSITIVE_LENGTH_MEASURE(2.E-2),#13);
#1939=PRESENTATION_STYLE_ASSIGNMENT((#1938));
#1940=STYLED_ITEM('',(#1939),#1937);
#1941=DIRECTION('',(-1.E0,0.E0,0.E0));
#1942=VECTOR('',#1941,1.254E-1);
#1943=CARTESIAN_POINT('',(2.29571E0,1.748178983273E0,4.978905707618E0));
#1944=LINE('',#1943,#1942);
#1945=CURVE_STYLE('',#20,POSITIVE_LENGTH_MEASURE(2.E-2),#13);
#1946=PRESENTATION_STYLE_ASSIGNMENT((#1945));
#1947=STYLED_ITEM('',(#1946),#1944);
#1948=DIRECTION('',(-1.E0,0.E0,0.E0));
#1949=VECTOR('',#1948,1.254E-1);
#1950=CARTESIAN_POINT('',(2.29571E0,1.748178983273E0,4.884905707618E0));
#1951=LINE('',#1950,#1949);
#1952=CURVE_STYLE('',#20,POSITIVE_LENGTH_MEASURE(2.E-2),#13);
#1953=PRESENTATION_STYLE_ASSIGNMENT((#1952));
#1954=STYLED_ITEM('',(#1953),#1951);
#1955=CARTESIAN_POINT('',(2.29571E0,2.033178983273E0,4.931905707618E0));
#1956=DIRECTION('',(-1.E0,0.E0,0.E0));
#1957=DIRECTION('',(0.E0,-2.577383646435E-1,9.662147460016E-1));
#1958=AXIS2_PLACEMENT_3D('',#1955,#1956,#1957);
#1960=CURVE_STYLE('',#20,POSITIVE_LENGTH_MEASURE(2.E-2),#13);
#1961=PRESENTATION_STYLE_ASSIGNMENT((#1960));
#1962=STYLED_ITEM('',(#1961),#1959);
#1963=DIRECTION('',(-1.E0,0.E0,0.E0));
#1964=VECTOR('',#1963,1.254E-1);
#1965=CARTESIAN_POINT('',(2.29571E0,1.836009134320E0,5.671059988310E0));
#1966=LINE('',#1965,#1964);
#1967=CURVE_STYLE('',#20,POSITIVE_LENGTH_MEASURE(2.E-2),#13);
#1968=PRESENTATION_STYLE_ASSIGNMENT((#1967));
#1969=STYLED_ITEM('',(#1968),#1966);
#1970=CARTESIAN_POINT('',(2.17031E0,2.033178983273E0,4.931905707618E0));
#1971=DIRECTION('',(1.E0,0.E0,0.E0));
#1972=DIRECTION('',(0.E0,-9.889884449140E-1,1.479927559937E-1));
#1973=AXIS2_PLACEMENT_3D('',#1970,#1971,#1972);
#1975=CURVE_STYLE('',#20,POSITIVE_LENGTH_MEASURE(2.E-2),#13);
#1976=PRESENTATION_STYLE_ASSIGNMENT((#1975));
#1977=STYLED_ITEM('',(#1976),#1974);
#1978=DIRECTION('',(-1.E0,0.E0,0.E0));
#1979=VECTOR('',#1978,1.254E-1);
#1980=CARTESIAN_POINT('',(2.29571E0,1.016839552110E0,5.671059988310E0));
#1981=LINE('',#1980,#1979);
#1982=CURVE_STYLE('',#20,POSITIVE_LENGTH_MEASURE(2.E-2),#13);
#1983=PRESENTATION_STYLE_ASSIGNMENT((#1982));
#1984=STYLED_ITEM('',(#1983),#1981);
#1985=DIRECTION('',(-1.E0,0.E0,0.E0));
#1986=VECTOR('',#1985,1.254E-1);
#1987=CARTESIAN_POINT('',(2.29571E0,7.815890438660E-1,5.045120165954E0));
#1988=LINE('',#1987,#1986);
#1989=CURVE_STYLE('',#20,POSITIVE_LENGTH_MEASURE(2.E-2),#13);
#1990=PRESENTATION_STYLE_ASSIGNMENT((#1989));
#1991=STYLED_ITEM('',(#1990),#1988);
#1992=DIRECTION('',(-1.E0,0.E0,0.E0));
#1993=VECTOR('',#1992,1.254E-1);
#1994=CARTESIAN_POINT('',(2.29571E0,1.276602822913E0,5.045120165954E0));
#1995=LINE('',#1994,#1993);
#1996=CURVE_STYLE('',#20,POSITIVE_LENGTH_MEASURE(2.E-2),#13);
#1997=PRESENTATION_STYLE_ASSIGNMENT((#1996));
#1998=STYLED_ITEM('',(#1997),#1995);
#1999=DIRECTION('',(-1.E0,0.E0,0.E0));
#2000=VECTOR('',#1999,1.254E-1);
#2001=CARTESIAN_POINT('',(2.29571E0,1.903178983273E0,4.931905707618E0));
#2002=LINE('',#2001,#2000);
#2003=CURVE_STYLE('',#20,POSITIVE_LENGTH_MEASURE(2.E-2),#13);
#2004=PRESENTATION_STYLE_ASSIGNMENT((#2003));
#2005=STYLED_ITEM('',(#2004),#2002);
#2006=DIRECTION('',(-1.E0,0.E0,0.E0));
#2007=VECTOR('',#2006,1.254E-1);
#2008=CARTESIAN_POINT('',(2.29571E0,2.163178983273E0,4.931905707618E0));
#2009=LINE('',#2008,#2007);
#2010=CURVE_STYLE('',#20,POSITIVE_LENGTH_MEASURE(2.E-2),#13);
#2011=PRESENTATION_STYLE_ASSIGNMENT((#2010));
#2012=STYLED_ITEM('',(#2011),#2009);
#2013=DIRECTION('',(-1.E0,0.E0,0.E0));
#2014=VECTOR('',#2013,1.735E-1);
#2015=CARTESIAN_POINT('',(2.29571E0,6.603828761471E-1,5.558393266466E0));
#2016=LINE('',#2015,#2014);
#2017=CURVE_STYLE('',#20,POSITIVE_LENGTH_MEASURE(2.E-2),#13);
#2018=PRESENTATION_STYLE_ASSIGNMENT((#2017));
#2019=STYLED_ITEM('',(#2018),#2016);
#2020=DIRECTION('',(-1.E0,0.E0,0.E0));
#2021=VECTOR('',#2020,1.735E-1);
#2022=CARTESIAN_POINT('',(2.29571E0,-1.796171238529E-1,5.558393266466E0));
#2023=LINE('',#2022,#2021);
#2024=CURVE_STYLE('',#20,POSITIVE_LENGTH_MEASURE(2.E-2),#13);
#2025=PRESENTATION_STYLE_ASSIGNMENT((#2024));
#2026=STYLED_ITEM('',(#2025),#2023);
#2027=DIRECTION('',(-1.E0,0.E0,0.E0));
#2028=VECTOR('',#2027,1.735E-1);
#2029=CARTESIAN_POINT('',(2.29571E0,5.582963761471E-1,5.558393266466E0));
#2030=LINE('',#2029,#2028);
#2031=CURVE_STYLE('',#20,POSITIVE_LENGTH_MEASURE(2.E-2),#13);
#2032=PRESENTATION_STYLE_ASSIGNMENT((#2031));
#2033=STYLED_ITEM('',(#2032),#2030);
#2034=DIRECTION('',(-1.E0,0.E0,0.E0));
#2035=VECTOR('',#2034,1.735E-1);
#2036=CARTESIAN_POINT('',(2.29571E0,-7.753062385285E-2,5.558393266466E0));
#2037=LINE('',#2036,#2035);
#2038=CURVE_STYLE('',#20,POSITIVE_LENGTH_MEASURE(2.E-2),#13);
#2039=PRESENTATION_STYLE_ASSIGNMENT((#2038));
#2040=STYLED_ITEM('',(#2039),#2037);
#2041=CARTESIAN_POINT('',(2.33046E0,1.333484778868E0,6.184057562385E0));
#2042=DIRECTION('',(1.E0,0.E0,0.E0));
#2043=DIRECTION('',(0.E0,0.E0,-1.E0));
#2044=AXIS2_PLACEMENT_3D('',#2041,#2042,#2043);
#2046=CURVE_STYLE('',#20,POSITIVE_LENGTH_MEASURE(2.E-2),#13);
#2047=PRESENTATION_STYLE_ASSIGNMENT((#2046));
#2048=STYLED_ITEM('',(#2047),#2045);
#2049=DIRECTION('',(-1.E0,-8.138084328918E-8,4.636495845061E-9));
#2050=VECTOR('',#2049,3.474999983888E-2);
#2051=CARTESIAN_POINT('',(2.330459999839E0,1.333484781696E0,6.246057562223E0));
#2052=LINE('',#2051,#2050);
#2053=CURVE_STYLE('',#20,POSITIVE_LENGTH_MEASURE(2.E-2),#13);
#2054=PRESENTATION_STYLE_ASSIGNMENT((#2053));
#2055=STYLED_ITEM('',(#2054),#2052);
#2056=DIRECTION('',(-7.071067811865E-1,5.430167719407E-8,7.071067811865E-1));
#2057=VECTOR('',#2056,8.343859981495E-2);
#2058=CARTESIAN_POINT('',(2.389459999581E0,1.333484771509E0,6.063057562804E0));
#2059=LINE('',#2058,#2057);
#2060=CURVE_STYLE('',#20,POSITIVE_LENGTH_MEASURE(2.E-2),#13);
#2061=PRESENTATION_STYLE_ASSIGNMENT((#2060));
#2062=STYLED_ITEM('',(#2061),#2059);
#2063=DIRECTION('',(-7.071067811865E-1,-5.430167187172E-8,-7.071067811865E-1));
#2064=VECTOR('',#2063,8.343859981495E-2);
#2065=CARTESIAN_POINT('',(2.389459999581E0,1.333484786227E0,6.305057561965E0));
#2066=LINE('',#2065,#2064);
#2067=CURVE_STYLE('',#20,POSITIVE_LENGTH_MEASURE(2.E-2),#13);
#2068=PRESENTATION_STYLE_ASSIGNMENT((#2067));
#2069=STYLED_ITEM('',(#2068),#2066);
#2070=CARTESIAN_POINT('',(2.33046E0,1.333484778868E0,6.184057562385E0));
#2071=DIRECTION('',(1.E0,0.E0,0.E0));
#2072=DIRECTION('',(0.E0,0.E0,1.E0));
#2073=AXIS2_PLACEMENT_3D('',#2070,#2071,#2072);
#2075=CURVE_STYLE('',#20,POSITIVE_LENGTH_MEASURE(2.E-2),#13);
#2076=PRESENTATION_STYLE_ASSIGNMENT((#2075));
#2077=STYLED_ITEM('',(#2076),#2074);
#2078=DIRECTION('',(-1.E0,8.138082411986E-8,-4.636521404153E-9));
#2079=VECTOR('',#2078,3.474999983888E-2);
#2080=CARTESIAN_POINT('',(2.330459999839E0,1.333484776040E0,6.122057562546E0));
#2081=LINE('',#2080,#2079);
#2082=CURVE_STYLE('',#20,POSITIVE_LENGTH_MEASURE(2.E-2),#13);
#2083=PRESENTATION_STYLE_ASSIGNMENT((#2082));
#2084=STYLED_ITEM('',(#2083),#2081);
#2085=CARTESIAN_POINT('',(2.33046E0,1.291726504388E0,6.671237431312E0));
#2086=DIRECTION('',(1.E0,0.E0,0.E0));
#2087=DIRECTION('',(0.E0,0.E0,-1.E0));
#2088=AXIS2_PLACEMENT_3D('',#2085,#2086,#2087);
#2090=CURVE_STYLE('',#20,POSITIVE_LENGTH_MEASURE(2.E-2),#13);
#2091=PRESENTATION_STYLE_ASSIGNMENT((#2090));
#2092=STYLED_ITEM('',(#2091),#2089);
#2093=DIRECTION('',(-1.E0,-8.138083050964E-8,4.636495845061E-9));
#2094=VECTOR('',#2093,3.474999983888E-2);
#2095=CARTESIAN_POINT('',(2.330459999839E0,1.291726507216E0,6.733237431151E0));
#2096=LINE('',#2095,#2094);
#2097=CURVE_STYLE('',#20,POSITIVE_LENGTH_MEASURE(2.E-2),#13);
#2098=PRESENTATION_STYLE_ASSIGNMENT((#2097));
#2099=STYLED_ITEM('',(#2098),#2096);
#2100=DIRECTION('',(-7.071067811865E-1,5.430167985524E-8,7.071067811865E-1));
#2101=VECTOR('',#2100,8.343859981495E-2);
#2102=CARTESIAN_POINT('',(2.389459999581E0,1.291726497029E0,6.550237431732E0));
#2103=LINE('',#2102,#2101);
#2104=CURVE_STYLE('',#20,POSITIVE_LENGTH_MEASURE(2.E-2),#13);
#2105=PRESENTATION_STYLE_ASSIGNMENT((#2104));
#2106=STYLED_ITEM('',(#2105),#2103);
#2107=DIRECTION('',(-7.071067811866E-1,-5.430167453290E-8,-7.071067811865E-1));
#2108=VECTOR('',#2107,8.343859981495E-2);
#2109=CARTESIAN_POINT('',(2.389459999581E0,1.291726511747E0,6.792237430893E0));
#2110=LINE('',#2109,#2108);
#2111=CURVE_STYLE('',#20,POSITIVE_LENGTH_MEASURE(2.E-2),#13);
#2112=PRESENTATION_STYLE_ASSIGNMENT((#2111));
#2113=STYLED_ITEM('',(#2112),#2110);
#2114=CARTESIAN_POINT('',(2.33046E0,1.291726504388E0,6.671237431312E0));
#2115=DIRECTION('',(1.E0,0.E0,0.E0));
#2116=DIRECTION('',(0.E0,0.E0,1.E0));
#2117=AXIS2_PLACEMENT_3D('',#2114,#2115,#2116);
#2119=CURVE_STYLE('',#20,POSITIVE_LENGTH_MEASURE(2.E-2),#13);
#2120=PRESENTATION_STYLE_ASSIGNMENT((#2119));
#2121=STYLED_ITEM('',(#2120),#2118);
#2122=DIRECTION('',(-1.E0,8.138082411986E-8,-4.636495845061E-9));
#2123=VECTOR('',#2122,3.474999983888E-2);
#2124=CARTESIAN_POINT('',(2.330459999839E0,1.291726501560E0,6.609237431473E0));
#2125=LINE('',#2124,#2123);
#2126=CURVE_STYLE('',#20,POSITIVE_LENGTH_MEASURE(2.E-2),#13);
#2127=PRESENTATION_STYLE_ASSIGNMENT((#2126));
#2128=STYLED_ITEM('',(#2127),#2125);
#2129=CARTESIAN_POINT('',(2.33046E0,1.820716092273E0,6.142350741112E0));
#2130=DIRECTION('',(1.E0,0.E0,0.E0));
#2131=DIRECTION('',(0.E0,0.E0,-1.E0));
#2132=AXIS2_PLACEMENT_3D('',#2129,#2130,#2131);
#2134=CURVE_STYLE('',#20,POSITIVE_LENGTH_MEASURE(2.E-2),#13);
#2135=PRESENTATION_STYLE_ASSIGNMENT((#2134));
#2136=STYLED_ITEM('',(#2135),#2133);
#2137=DIRECTION('',(-1.E0,-8.138084328918E-8,4.636495845061E-9));
#2138=VECTOR('',#2137,3.474999983888E-2);
#2139=CARTESIAN_POINT('',(2.330459999839E0,1.820716095101E0,6.204350740951E0));
#2140=LINE('',#2139,#2138);
#2141=CURVE_STYLE('',#20,POSITIVE_LENGTH_MEASURE(2.E-2),#13);
#2142=PRESENTATION_STYLE_ASSIGNMENT((#2141));
#2143=STYLED_ITEM('',(#2142),#2140);
#2144=DIRECTION('',(-7.071067811865E-1,5.430167187172E-8,7.071067811865E-1));
#2145=VECTOR('',#2144,8.343859981495E-2);
#2146=CARTESIAN_POINT('',(2.389459999581E0,1.820716084914E0,6.021350741531E0));
#2147=LINE('',#2146,#2145);
#2148=CURVE_STYLE('',#20,POSITIVE_LENGTH_MEASURE(2.E-2),#13);
#2149=PRESENTATION_STYLE_ASSIGNMENT((#2148));
#2150=STYLED_ITEM('',(#2149),#2147);
#2151=DIRECTION('',(-7.071067811865E-1,-5.430167985524E-8,-7.071067811865E-1));
#2152=VECTOR('',#2151,8.343859981495E-2);
#2153=CARTESIAN_POINT('',(2.389459999581E0,1.820716099632E0,6.263350740692E0));
#2154=LINE('',#2153,#2152);
#2155=CURVE_STYLE('',#20,POSITIVE_LENGTH_MEASURE(2.E-2),#13);
#2156=PRESENTATION_STYLE_ASSIGNMENT((#2155));
#2157=STYLED_ITEM('',(#2156),#2154);
#2158=CARTESIAN_POINT('',(2.33046E0,1.820716092273E0,6.142350741112E0));
#2159=DIRECTION('',(1.E0,0.E0,0.E0));
#2160=DIRECTION('',(0.E0,0.E0,1.E0));
#2161=AXIS2_PLACEMENT_3D('',#2158,#2159,#2160);
#2163=CURVE_STYLE('',#20,POSITIVE_LENGTH_MEASURE(2.E-2),#13);
#2164=PRESENTATION_STYLE_ASSIGNMENT((#2163));
#2165=STYLED_ITEM('',(#2164),#2162);
#2166=DIRECTION('',(-1.E0,8.138082411986E-8,-4.636521404153E-9));
#2167=VECTOR('',#2166,3.474999983888E-2);
#2168=CARTESIAN_POINT('',(2.330459999839E0,1.820716089445E0,6.080350741273E0));
#2169=LINE('',#2168,#2167);
#2170=CURVE_STYLE('',#20,POSITIVE_LENGTH_MEASURE(2.E-2),#13);
#2171=PRESENTATION_STYLE_ASSIGNMENT((#2170));
#2172=STYLED_ITEM('',(#2171),#2169);
#2173=CARTESIAN_POINT('',(2.33046E0,1.778906373316E0,6.629534831053E0));
#2174=DIRECTION('',(1.E0,0.E0,0.E0));
#2175=DIRECTION('',(0.E0,0.E0,-1.E0));
#2176=AXIS2_PLACEMENT_3D('',#2173,#2174,#2175);
#2178=CURVE_STYLE('',#20,POSITIVE_LENGTH_MEASURE(2.E-2),#13);
#2179=PRESENTATION_STYLE_ASSIGNMENT((#2178));
#2180=STYLED_ITEM('',(#2179),#2177);
#2181=DIRECTION('',(-1.E0,-8.138083050963E-8,4.636470285970E-9));
#2182=VECTOR('',#2181,3.474999983888E-2);
#2183=CARTESIAN_POINT('',(2.330459999839E0,1.778906376144E0,6.691534830892E0));
#2184=LINE('',#2183,#2182);
#2185=CURVE_STYLE('',#20,POSITIVE_LENGTH_MEASURE(2.E-2),#13);
#2186=PRESENTATION_STYLE_ASSIGNMENT((#2185));
#2187=STYLED_ITEM('',(#2186),#2184);
#2188=DIRECTION('',(-7.071067811866E-1,5.430167719407E-8,7.071067811865E-1));
#2189=VECTOR('',#2188,8.343859981495E-2);
#2190=CARTESIAN_POINT('',(2.389459999581E0,1.778906365957E0,6.508534831472E0));
#2191=LINE('',#2190,#2189);
#2192=CURVE_STYLE('',#20,POSITIVE_LENGTH_MEASURE(2.E-2),#13);
#2193=PRESENTATION_STYLE_ASSIGNMENT((#2192));
#2194=STYLED_ITEM('',(#2193),#2191);
#2195=DIRECTION('',(-7.071067811865E-1,-5.430167719407E-8,-7.071067811866E-1));
#2196=VECTOR('',#2195,8.343859981495E-2);
#2197=CARTESIAN_POINT('',(2.389459999581E0,1.778906380675E0,6.750534830634E0));
#2198=LINE('',#2197,#2196);
#2199=CURVE_STYLE('',#20,POSITIVE_LENGTH_MEASURE(2.E-2),#13);
#2200=PRESENTATION_STYLE_ASSIGNMENT((#2199));
#2201=STYLED_ITEM('',(#2200),#2198);
#2202=CARTESIAN_POINT('',(2.33046E0,1.778906373316E0,6.629534831053E0));
#2203=DIRECTION('',(1.E0,0.E0,0.E0));
#2204=DIRECTION('',(0.E0,0.E0,1.E0));
#2205=AXIS2_PLACEMENT_3D('',#2202,#2203,#2204);
#2207=CURVE_STYLE('',#20,POSITIVE_LENGTH_MEASURE(2.E-2),#13);
#2208=PRESENTATION_STYLE_ASSIGNMENT((#2207));
#2209=STYLED_ITEM('',(#2208),#2206);
#2210=DIRECTION('',(-1.E0,8.138083050964E-8,-4.636572522335E-9));
#2211=VECTOR('',#2210,3.474999983888E-2);
#2212=CARTESIAN_POINT('',(2.330459999839E0,1.778906370488E0,6.567534831214E0));
#2213=LINE('',#2212,#2211);
#2214=CURVE_STYLE('',#20,POSITIVE_LENGTH_MEASURE(2.E-2),#13);
#2215=PRESENTATION_STYLE_ASSIGNMENT((#2214));
#2216=STYLED_ITEM('',(#2215),#2213);
#2217=CARTESIAN_POINT('',(0.E0,2.265401307006E0,5.833066965605E0));
#2218=CARTESIAN_POINT('',(0.E0,2.275832167584E0,5.753574737486E0));
#2219=VERTEX_POINT('',#2217);
#2220=VERTEX_POINT('',#2218);
#2221=CARTESIAN_POINT('',(0.E0,1.182805740869E0,4.827570137919E0));
#2222=VERTEX_POINT('',#2221);
#2223=CARTESIAN_POINT('',(0.E0,1.105867376558E0,4.857120165954E0));
#2224=VERTEX_POINT('',#2223);
#2225=CARTESIAN_POINT('',(0.E0,7.756025198732E-1,4.857120165954E0));
#2226=VERTEX_POINT('',#2225);
#2227=CARTESIAN_POINT('',(0.E0,2.336183655426E0,7.429535871939E0));
#2228=CARTESIAN_POINT('',(0.E0,2.624013234465E0,6.232052421320E0));
#2229=VERTEX_POINT('',#2227);
#2230=VERTEX_POINT('',#2228);
#2231=CARTESIAN_POINT('',(2.38946E0,2.265401307006E0,5.833066965605E0));
#2232=CARTESIAN_POINT('',(2.38946E0,2.275832167584E0,5.753574737486E0));
#2233=VERTEX_POINT('',#2231);
#2234=VERTEX_POINT('',#2232);
#2235=CARTESIAN_POINT('',(2.38946E0,1.182805740869E0,4.827570137919E0));
#2236=VERTEX_POINT('',#2235);
#2237=CARTESIAN_POINT('',(2.38946E0,1.105867376558E0,4.857120165954E0));
#2238=VERTEX_POINT('',#2237);
#2239=CARTESIAN_POINT('',(2.38946E0,7.756025198732E-1,4.857120165954E0));
#2240=VERTEX_POINT('',#2239);
#2241=CARTESIAN_POINT('',(2.38946E0,2.336183655426E0,7.429535871939E0));
#2242=CARTESIAN_POINT('',(2.38946E0,2.624013234465E0,6.232052421320E0));
#2243=VERTEX_POINT('',#2241);
#2244=VERTEX_POINT('',#2242);
#2245=CARTESIAN_POINT('',(9.375E-2,2.271180547052E0,7.297759081006E0));
#2246=CARTESIAN_POINT('',(9.375E-2,2.521066839629E0,6.258134519492E0));
#2247=VERTEX_POINT('',#2245);
#2248=VERTEX_POINT('',#2246);
#2249=CARTESIAN_POINT('',(2.29571E0,2.271180547052E0,7.297759081006E0));
#2250=CARTESIAN_POINT('',(2.29571E0,2.521066839629E0,6.258134519492E0));
#2251=VERTEX_POINT('',#2249);
#2252=VERTEX_POINT('',#2250);
#2253=CARTESIAN_POINT('',(9.375E-2,7.556461451259E-1,4.951120165954E0));
#2254=CARTESIAN_POINT('',(2.29571E0,7.556461451259E-1,4.951120165954E0));
#2255=VERTEX_POINT('',#2253);
#2256=VERTEX_POINT('',#2254);
#2257=CARTESIAN_POINT('',(2.29571E0,2.275832167584E0,5.753574737486E0));
#2258=CARTESIAN_POINT('',(2.29571E0,2.265401307006E0,5.833066965605E0));
#2259=VERTEX_POINT('',#2257);
#2260=VERTEX_POINT('',#2258);
#2261=CARTESIAN_POINT('',(9.375E-2,2.275832167584E0,5.753574737486E0));
#2262=CARTESIAN_POINT('',(9.375E-2,2.265401307006E0,5.833066965605E0));
#2263=VERTEX_POINT('',#2261);
#2264=VERTEX_POINT('',#2262);
#2265=CARTESIAN_POINT('',(2.29571E0,1.182805740869E0,4.827570137919E0));
#2266=CARTESIAN_POINT('',(2.29571E0,1.105867376558E0,4.857120165954E0));
#2267=VERTEX_POINT('',#2265);
#2268=VERTEX_POINT('',#2266);
#2269=CARTESIAN_POINT('',(9.375E-2,1.182805740869E0,4.827570137919E0));
#2270=CARTESIAN_POINT('',(9.375E-2,1.105867376558E0,4.857120165954E0));
#2271=VERTEX_POINT('',#2269);
#2272=VERTEX_POINT('',#2270);
#2273=CARTESIAN_POINT('',(9.375E-2,1.064417097087E0,4.951120165954E0));
#2274=VERTEX_POINT('',#2273);
#2275=CARTESIAN_POINT('',(2.29571E0,1.064417097087E0,4.951120165954E0));
#2276=VERTEX_POINT('',#2275);
#2277=CARTESIAN_POINT('',(2.29571E0,1.067116919898E0,4.857120165954E0));
#2278=VERTEX_POINT('',#2277);
#2279=CARTESIAN_POINT('',(9.375E-2,1.067116919898E0,4.857120165954E0));
#2280=VERTEX_POINT('',#2279);
#2281=CARTESIAN_POINT('',(2.29571E0,2.260039789957E0,5.873926387819E0));
#2282=CARTESIAN_POINT('',(9.375E-2,2.260039789957E0,5.873926387819E0));
#2283=VERTEX_POINT('',#2281);
#2284=VERTEX_POINT('',#2282);
#2285=CARTESIAN_POINT('',(2.29571E0,2.188658358017E0,5.888302566440E0));
#2286=VERTEX_POINT('',#2285);
#2287=CARTESIAN_POINT('',(9.375E-2,2.188658358017E0,5.888302566440E0));
#2288=VERTEX_POINT('',#2287);
#2289=CARTESIAN_POINT('',(0.E0,2.403828761471E-1,5.808393266466E0));
#2290=CARTESIAN_POINT('',(0.E0,2.403828761471E-1,5.308393266466E0));
#2291=VERTEX_POINT('',#2289);
#2292=VERTEX_POINT('',#2290);
#2293=CARTESIAN_POINT('',(0.E0,-1.582626973766E0,4.997801447411E0));
#2294=CARTESIAN_POINT('',(0.E0,-1.582626973766E0,4.497801447411E0));
#2295=VERTEX_POINT('',#2293);
#2296=VERTEX_POINT('',#2294);
#2297=CARTESIAN_POINT('',(2.38946E0,2.403828761471E-1,5.808393266466E0));
#2298=CARTESIAN_POINT('',(2.38946E0,2.403828761471E-1,5.308393266466E0));
#2299=VERTEX_POINT('',#2297);
#2300=VERTEX_POINT('',#2298);
#2301=CARTESIAN_POINT('',(2.38946E0,-1.582626973766E0,4.997801447411E0));
#2302=CARTESIAN_POINT('',(2.38946E0,-1.582626973766E0,4.497801447411E0));
#2303=VERTEX_POINT('',#2301);
#2304=VERTEX_POINT('',#2302);
#2305=CARTESIAN_POINT('',(9.375E-2,2.403828761471E-1,5.808393266466E0));
#2306=CARTESIAN_POINT('',(9.375E-2,2.403828761471E-1,5.308393266466E0));
#2307=VERTEX_POINT('',#2305);
#2308=VERTEX_POINT('',#2306);
#2309=CARTESIAN_POINT('',(9.375E-2,-1.582626973766E0,4.997801447411E0));
#2310=CARTESIAN_POINT('',(9.375E-2,-1.582626973766E0,4.497801447411E0));
#2311=VERTEX_POINT('',#2309);
#2312=VERTEX_POINT('',#2310);
#2313=CARTESIAN_POINT('',(2.29571E0,2.403828761471E-1,5.808393266466E0));
#2314=CARTESIAN_POINT('',(2.29571E0,2.403828761471E-1,5.308393266466E0));
#2315=VERTEX_POINT('',#2313);
#2316=VERTEX_POINT('',#2314);
#2317=CARTESIAN_POINT('',(2.29571E0,-1.582626973766E0,4.997801447411E0));
#2318=CARTESIAN_POINT('',(2.29571E0,-1.582626973766E0,4.497801447411E0));
#2319=VERTEX_POINT('',#2317);
#2320=VERTEX_POINT('',#2318);
#2321=CARTESIAN_POINT('',(2.12221E0,-1.162626973766E0,4.747801447411E0));
#2322=CARTESIAN_POINT('',(2.12221E0,-2.002626973766E0,4.747801447411E0));
#2323=VERTEX_POINT('',#2321);
#2324=VERTEX_POINT('',#2322);
#2325=CARTESIAN_POINT('',(2.12221E0,-1.264713473766E0,4.747801447411E0));
#2326=CARTESIAN_POINT('',(2.12221E0,-1.900540473766E0,4.747801447411E0));
#2327=VERTEX_POINT('',#2325);
#2328=VERTEX_POINT('',#2326);
#2329=CARTESIAN_POINT('',(2.12221E0,6.603828761471E-1,5.558393266466E0));
#2330=CARTESIAN_POINT('',(2.12221E0,-1.796171238529E-1,5.558393266466E0));
#2331=VERTEX_POINT('',#2329);
#2332=VERTEX_POINT('',#2330);
#2333=CARTESIAN_POINT('',(2.12221E0,5.582963761471E-1,5.558393266466E0));
#2334=CARTESIAN_POINT('',(2.12221E0,-7.753062385285E-2,5.558393266466E0));
#2335=VERTEX_POINT('',#2333);
#2336=VERTEX_POINT('',#2334);
#2337=CARTESIAN_POINT('',(2.29571E0,-1.900540473766E0,4.747801447411E0));
#2338=CARTESIAN_POINT('',(2.29571E0,-1.264713473766E0,4.747801447411E0));
#2339=VERTEX_POINT('',#2337);
#2340=VERTEX_POINT('',#2338);
#2341=CARTESIAN_POINT('',(2.29571E0,6.603828761471E-1,5.558393266466E0));
#2342=CARTESIAN_POINT('',(2.29571E0,-1.796171238529E-1,5.558393266466E0));
#2343=VERTEX_POINT('',#2341);
#2344=VERTEX_POINT('',#2342);
#2345=CARTESIAN_POINT('',(2.29571E0,-7.753062385285E-2,5.558393266466E0));
#2346=CARTESIAN_POINT('',(2.29571E0,5.582963761471E-1,5.558393266466E0));
#2347=VERTEX_POINT('',#2345);
#2348=VERTEX_POINT('',#2346);
#2349=CARTESIAN_POINT('',(2.29571E0,-1.162626973766E0,4.747801447411E0));
#2350=VERTEX_POINT('',#2349);
#2351=CARTESIAN_POINT('',(2.6725E-1,-1.582626973766E0,4.327801447411E0));
#2352=CARTESIAN_POINT('',(2.6725E-1,-1.582626973766E0,5.167801447411E0));
#2353=VERTEX_POINT('',#2351);
#2354=VERTEX_POINT('',#2352);
#2355=CARTESIAN_POINT('',(2.6725E-1,-1.582626973766E0,4.429887947411E0));
#2356=CARTESIAN_POINT('',(2.6725E-1,-1.582626973766E0,5.065714947411E0));
#2357=VERTEX_POINT('',#2355);
#2358=VERTEX_POINT('',#2356);
#2359=CARTESIAN_POINT('',(2.6725E-1,2.403828761471E-1,5.138393266466E0));
#2360=CARTESIAN_POINT('',(2.6725E-1,2.403828761471E-1,5.978393266466E0));
#2361=VERTEX_POINT('',#2359);
#2362=VERTEX_POINT('',#2360);
#2363=CARTESIAN_POINT('',(2.6725E-1,2.403828761471E-1,5.240479766466E0));
#2364=CARTESIAN_POINT('',(2.6725E-1,2.403828761471E-1,5.876306766466E0));
#2365=VERTEX_POINT('',#2363);
#2366=VERTEX_POINT('',#2364);
#2367=CARTESIAN_POINT('',(9.375E-2,-1.582626973766E0,5.167801447411E0));
#2368=CARTESIAN_POINT('',(9.375E-2,-1.582626973766E0,4.327801447411E0));
#2369=VERTEX_POINT('',#2367);
#2370=VERTEX_POINT('',#2368);
#2371=CARTESIAN_POINT('',(9.375E-2,-1.582626973766E0,5.065714947411E0));
#2372=CARTESIAN_POINT('',(9.375E-2,-1.582626973766E0,4.429887947411E0));
#2373=VERTEX_POINT('',#2371);
#2374=VERTEX_POINT('',#2372);
#2375=CARTESIAN_POINT('',(9.375E-2,2.403828761471E-1,5.138393266466E0));
#2376=CARTESIAN_POINT('',(9.375E-2,2.403828761471E-1,5.978393266466E0));
#2377=VERTEX_POINT('',#2375);
#2378=VERTEX_POINT('',#2376);
#2379=CARTESIAN_POINT('',(9.375E-2,2.403828761471E-1,5.876306766466E0));
#2380=CARTESIAN_POINT('',(9.375E-2,2.403828761471E-1,5.240479766466E0));
#2381=VERTEX_POINT('',#2379);
#2382=VERTEX_POINT('',#2380);
#2383=CARTESIAN_POINT('',(0.E0,-1.713844860818E0,4.348825425428E0));
#2384=CARTESIAN_POINT('',(0.E0,-1.491607648689E0,3.849016992620E0));
#2385=VERTEX_POINT('',#2383);
#2386=VERTEX_POINT('',#2384);
#2387=CARTESIAN_POINT('',(0.E0,-2.188997687420E0,5.417437595878E0));
#2388=CARTESIAN_POINT('',(0.E0,-1.966760475291E0,4.917629163070E0));
#2389=VERTEX_POINT('',#2387);
#2390=VERTEX_POINT('',#2388);
#2391=CARTESIAN_POINT('',(2.38946E0,-1.713844860818E0,4.348825425428E0));
#2392=CARTESIAN_POINT('',(2.38946E0,-1.491607648689E0,3.849016992620E0));
#2393=VERTEX_POINT('',#2391);
#2394=VERTEX_POINT('',#2392);
#2395=CARTESIAN_POINT('',(2.38946E0,-2.188997687420E0,5.417437595878E0));
#2396=CARTESIAN_POINT('',(2.38946E0,-1.966760475291E0,4.917629163070E0));
#2397=VERTEX_POINT('',#2395);
#2398=VERTEX_POINT('',#2396);
#2399=CARTESIAN_POINT('',(9.375E-2,-1.529799033076E0,3.934908890716E0));
#2400=CARTESIAN_POINT('',(9.375E-2,-1.713844860818E0,4.348825425428E0));
#2401=VERTEX_POINT('',#2399);
#2402=VERTEX_POINT('',#2400);
#2403=CARTESIAN_POINT('',(9.375E-2,-2.150806303033E0,5.331545697782E0));
#2404=CARTESIAN_POINT('',(9.375E-2,-1.966760475291E0,4.917629163070E0));
#2405=VERTEX_POINT('',#2403);
#2406=VERTEX_POINT('',#2404);
#2407=CARTESIAN_POINT('',(2.29571E0,-1.529799033076E0,3.934908890716E0));
#2408=CARTESIAN_POINT('',(2.29571E0,-1.713844860818E0,4.348825425428E0));
#2409=VERTEX_POINT('',#2407);
#2410=VERTEX_POINT('',#2408);
#2411=CARTESIAN_POINT('',(2.29571E0,-2.150806303033E0,5.331545697782E0));
#2412=CARTESIAN_POINT('',(2.29571E0,-1.966760475291E0,4.917629163070E0));
#2413=VERTEX_POINT('',#2411);
#2414=VERTEX_POINT('',#2412);
#2415=CARTESIAN_POINT('',(2.29571E0,-2.002626973766E0,4.747801447411E0));
#2416=VERTEX_POINT('',#2415);
#2417=CARTESIAN_POINT('',(9.375E-2,1.903178983273E0,4.931905707618E0));
#2418=CARTESIAN_POINT('',(9.375E-2,2.163178983273E0,4.931905707618E0));
#2419=VERTEX_POINT('',#2417);
#2420=VERTEX_POINT('',#2418);
#2421=CARTESIAN_POINT('',(2.1915E-1,1.276602822913E0,5.045120165954E0));
#2422=CARTESIAN_POINT('',(2.1915E-1,7.815890438660E-1,5.045120165954E0));
#2423=VERTEX_POINT('',#2421);
#2424=VERTEX_POINT('',#2422);
#2425=CARTESIAN_POINT('',(2.1915E-1,1.016839552110E0,5.671059988310E0));
#2426=VERTEX_POINT('',#2425);
#2427=CARTESIAN_POINT('',(2.1915E-1,1.836009134320E0,5.671059988310E0));
#2428=VERTEX_POINT('',#2427);
#2429=CARTESIAN_POINT('',(2.1915E-1,1.903178983273E0,4.931905707618E0));
#2430=CARTESIAN_POINT('',(2.1915E-1,2.163178983273E0,4.931905707618E0));
#2431=VERTEX_POINT('',#2429);
#2432=VERTEX_POINT('',#2430);
#2433=CARTESIAN_POINT('',(9.375E-2,1.836009134320E0,5.671059988310E0));
#2434=VERTEX_POINT('',#2433);
#2435=CARTESIAN_POINT('',(9.375E-2,1.276602822913E0,5.045120165954E0));
#2436=VERTEX_POINT('',#2435);
#2437=CARTESIAN_POINT('',(9.375E-2,1.183942238352E0,5.045120165954E0));
#2438=CARTESIAN_POINT('',(9.375E-2,1.599968281840E0,5.671059988310E0));
#2439=VERTEX_POINT('',#2437);
#2440=VERTEX_POINT('',#2438);
#2441=CARTESIAN_POINT('',(9.375E-2,7.815890438660E-1,5.045120165954E0));
#2442=VERTEX_POINT('',#2441);
#2443=CARTESIAN_POINT('',(9.375E-2,1.016839552110E0,5.671059988310E0));
#2444=VERTEX_POINT('',#2443);
#2445=CARTESIAN_POINT('',(9.375E-2,2.033178983273E0,4.693905707618E0));
#2446=CARTESIAN_POINT('',(9.375E-2,2.033178983273E0,4.599905707618E0));
#2447=VERTEX_POINT('',#2445);
#2448=VERTEX_POINT('',#2446);
#2449=CARTESIAN_POINT('',(9.375E-2,2.033178983273E0,5.263905707618E0));
#2450=CARTESIAN_POINT('',(9.375E-2,2.033178983273E0,5.169905707618E0));
#2451=VERTEX_POINT('',#2449);
#2452=VERTEX_POINT('',#2450);
#2453=CARTESIAN_POINT('',(9.375E-2,2.318178983273E0,4.978905707618E0));
#2454=CARTESIAN_POINT('',(9.375E-2,2.318178983273E0,4.884905707618E0));
#2455=VERTEX_POINT('',#2453);
#2456=VERTEX_POINT('',#2454);
#2457=CARTESIAN_POINT('',(9.375E-2,1.748178983273E0,4.978905707618E0));
#2458=CARTESIAN_POINT('',(9.375E-2,1.748178983273E0,4.884905707618E0));
#2459=VERTEX_POINT('',#2457);
#2460=VERTEX_POINT('',#2458);
#2461=CARTESIAN_POINT('',(2.1915E-1,2.033178983273E0,4.693905707618E0));
#2462=CARTESIAN_POINT('',(2.1915E-1,2.033178983273E0,4.599905707618E0));
#2463=VERTEX_POINT('',#2461);
#2464=VERTEX_POINT('',#2462);
#2465=CARTESIAN_POINT('',(2.1915E-1,2.033178983273E0,5.263905707618E0));
#2466=CARTESIAN_POINT('',(2.1915E-1,2.033178983273E0,5.169905707618E0));
#2467=VERTEX_POINT('',#2465);
#2468=VERTEX_POINT('',#2466);
#2469=CARTESIAN_POINT('',(2.1915E-1,2.318178983273E0,4.978905707618E0));
#2470=CARTESIAN_POINT('',(2.1915E-1,2.318178983273E0,4.884905707618E0));
#2471=VERTEX_POINT('',#2469);
#2472=VERTEX_POINT('',#2470);
#2473=CARTESIAN_POINT('',(2.1915E-1,1.748178983273E0,4.978905707618E0));
#2474=CARTESIAN_POINT('',(2.1915E-1,1.748178983273E0,4.884905707618E0));
#2475=VERTEX_POINT('',#2473);
#2476=VERTEX_POINT('',#2474);
#2477=CARTESIAN_POINT('',(2.29571E0,1.903178983273E0,4.931905707618E0));
#2478=CARTESIAN_POINT('',(2.29571E0,2.163178983273E0,4.931905707618E0));
#2479=VERTEX_POINT('',#2477);
#2480=VERTEX_POINT('',#2478);
#2481=CARTESIAN_POINT('',(2.17031E0,1.276602822913E0,5.045120165954E0));
#2482=CARTESIAN_POINT('',(2.17031E0,7.815890438660E-1,5.045120165954E0));
#2483=VERTEX_POINT('',#2481);
#2484=VERTEX_POINT('',#2482);
#2485=CARTESIAN_POINT('',(2.17031E0,1.016839552110E0,5.671059988310E0));
#2486=VERTEX_POINT('',#2485);
#2487=CARTESIAN_POINT('',(2.17031E0,1.836009134320E0,5.671059988310E0));
#2488=VERTEX_POINT('',#2487);
#2489=CARTESIAN_POINT('',(2.17031E0,1.903178983273E0,4.931905707618E0));
#2490=CARTESIAN_POINT('',(2.17031E0,2.163178983273E0,4.931905707618E0));
#2491=VERTEX_POINT('',#2489);
#2492=VERTEX_POINT('',#2490);
#2493=CARTESIAN_POINT('',(2.29571E0,1.836009134320E0,5.671059988310E0));
#2494=VERTEX_POINT('',#2493);
#2495=CARTESIAN_POINT('',(2.29571E0,1.276602822913E0,5.045120165954E0));
#2496=VERTEX_POINT('',#2495);
#2497=CARTESIAN_POINT('',(2.29571E0,1.183942238352E0,5.045120165954E0));
#2498=CARTESIAN_POINT('',(2.29571E0,1.599968281840E0,5.671059988310E0));
#2499=VERTEX_POINT('',#2497);
#2500=VERTEX_POINT('',#2498);
#2501=CARTESIAN_POINT('',(2.29571E0,7.815890438660E-1,5.045120165954E0));
#2502=VERTEX_POINT('',#2501);
#2503=CARTESIAN_POINT('',(2.29571E0,1.016839552110E0,5.671059988310E0));
#2504=VERTEX_POINT('',#2503);
#2505=CARTESIAN_POINT('',(2.29571E0,2.033178983273E0,4.693905707618E0));
#2506=CARTESIAN_POINT('',(2.29571E0,2.033178983273E0,4.599905707618E0));
#2507=VERTEX_POINT('',#2505);
#2508=VERTEX_POINT('',#2506);
#2509=CARTESIAN_POINT('',(2.29571E0,2.033178983273E0,5.263905707618E0));
#2510=CARTESIAN_POINT('',(2.29571E0,2.033178983273E0,5.169905707618E0));
#2511=VERTEX_POINT('',#2509);
#2512=VERTEX_POINT('',#2510);
#2513=CARTESIAN_POINT('',(2.29571E0,2.318178983273E0,4.978905707618E0));
#2514=CARTESIAN_POINT('',(2.29571E0,2.318178983273E0,4.884905707618E0));
#2515=VERTEX_POINT('',#2513);
#2516=VERTEX_POINT('',#2514);
#2517=CARTESIAN_POINT('',(2.29571E0,1.748178983273E0,4.978905707618E0));
#2518=CARTESIAN_POINT('',(2.29571E0,1.748178983273E0,4.884905707618E0));
#2519=VERTEX_POINT('',#2517);
#2520=VERTEX_POINT('',#2518);
#2521=CARTESIAN_POINT('',(2.17031E0,2.033178983273E0,4.693905707618E0));
#2522=CARTESIAN_POINT('',(2.17031E0,2.033178983273E0,4.599905707618E0));
#2523=VERTEX_POINT('',#2521);
#2524=VERTEX_POINT('',#2522);
#2525=CARTESIAN_POINT('',(2.17031E0,2.033178983273E0,5.263905707618E0));
#2526=CARTESIAN_POINT('',(2.17031E0,2.033178983273E0,5.169905707618E0));
#2527=VERTEX_POINT('',#2525);
#2528=VERTEX_POINT('',#2526);
#2529=CARTESIAN_POINT('',(2.17031E0,2.318178983273E0,4.978905707618E0));
#2530=CARTESIAN_POINT('',(2.17031E0,2.318178983273E0,4.884905707618E0));
#2531=VERTEX_POINT('',#2529);
#2532=VERTEX_POINT('',#2530);
#2533=CARTESIAN_POINT('',(2.17031E0,1.748178983273E0,4.978905707618E0));
#2534=CARTESIAN_POINT('',(2.17031E0,1.748178983273E0,4.884905707618E0));
#2535=VERTEX_POINT('',#2533);
#2536=VERTEX_POINT('',#2534);
#2537=CARTESIAN_POINT('',(2.29571E0,1.333484778868E0,6.246057562385E0));
#2538=CARTESIAN_POINT('',(2.29571E0,1.333484778868E0,6.122057562385E0));
#2539=VERTEX_POINT('',#2537);
#2540=VERTEX_POINT('',#2538);
#2541=CARTESIAN_POINT('',(2.29571E0,1.291726504388E0,6.733237431312E0));
#2542=CARTESIAN_POINT('',(2.29571E0,1.291726504388E0,6.609237431312E0));
#2543=VERTEX_POINT('',#2541);
#2544=VERTEX_POINT('',#2542);
#2545=CARTESIAN_POINT('',(2.29571E0,1.820716092273E0,6.204350741112E0));
#2546=CARTESIAN_POINT('',(2.29571E0,1.820716092273E0,6.080350741112E0));
#2547=VERTEX_POINT('',#2545);
#2548=VERTEX_POINT('',#2546);
#2549=CARTESIAN_POINT('',(2.29571E0,1.778906373316E0,6.691534831053E0));
#2550=CARTESIAN_POINT('',(2.29571E0,1.778906373316E0,6.567534831053E0));
#2551=VERTEX_POINT('',#2549);
#2552=VERTEX_POINT('',#2550);
#2553=CARTESIAN_POINT('',(2.38946E0,1.778906373316E0,6.750534831053E0));
#2554=CARTESIAN_POINT('',(2.38946E0,1.778906373316E0,6.508534831053E0));
#2555=VERTEX_POINT('',#2553);
#2556=VERTEX_POINT('',#2554);
#2557=CARTESIAN_POINT('',(2.33046E0,1.778906373316E0,6.691534831053E0));
#2558=CARTESIAN_POINT('',(2.33046E0,1.778906373316E0,6.567534831053E0));
#2559=VERTEX_POINT('',#2557);
#2560=VERTEX_POINT('',#2558);
#2561=CARTESIAN_POINT('',(2.38946E0,1.291726504388E0,6.792237431312E0));
#2562=CARTESIAN_POINT('',(2.38946E0,1.291726504388E0,6.550237431312E0));
#2563=VERTEX_POINT('',#2561);
#2564=VERTEX_POINT('',#2562);
#2565=CARTESIAN_POINT('',(2.33046E0,1.291726504388E0,6.733237431312E0));
#2566=CARTESIAN_POINT('',(2.33046E0,1.291726504388E0,6.609237431312E0));
#2567=VERTEX_POINT('',#2565);
#2568=VERTEX_POINT('',#2566);
#2569=CARTESIAN_POINT('',(2.38946E0,1.820716092273E0,6.263350741112E0));
#2570=CARTESIAN_POINT('',(2.38946E0,1.820716092273E0,6.021350741112E0));
#2571=VERTEX_POINT('',#2569);
#2572=VERTEX_POINT('',#2570);
#2573=CARTESIAN_POINT('',(2.33046E0,1.820716092273E0,6.204350741112E0));
#2574=CARTESIAN_POINT('',(2.33046E0,1.820716092273E0,6.080350741112E0));
#2575=VERTEX_POINT('',#2573);
#2576=VERTEX_POINT('',#2574);
#2577=CARTESIAN_POINT('',(2.38946E0,1.333484778868E0,6.305057562385E0));
#2578=CARTESIAN_POINT('',(2.38946E0,1.333484778868E0,6.063057562385E0));
#2579=VERTEX_POINT('',#2577);
#2580=VERTEX_POINT('',#2578);
#2581=CARTESIAN_POINT('',(2.33046E0,1.333484778868E0,6.246057562385E0));
#2582=CARTESIAN_POINT('',(2.33046E0,1.333484778868E0,6.122057562385E0));
#2583=VERTEX_POINT('',#2581);
#2584=VERTEX_POINT('',#2582);
#2585=CARTESIAN_POINT('',(1.5126435E0,-1.491607648689E0,3.849016992620E0));
#2586=CARTESIAN_POINT('',(1.5126435E0,-6.293242638031E-1,4.232426801146E0));
#2587=VERTEX_POINT('',#2585);
#2588=VERTEX_POINT('',#2586);
#2589=CARTESIAN_POINT('',(8.768165E-1,-6.293242638031E-1,4.232426801146E0));
#2590=VERTEX_POINT('',#2589);
#2591=CARTESIAN_POINT('',(8.768165E-1,-1.491607648689E0,3.849016992620E0));
#2592=VERTEX_POINT('',#2591);
#2593=CARTESIAN_POINT('',(1.5126435E0,-1.529799033076E0,3.934908890716E0));
#2594=CARTESIAN_POINT('',(1.5126435E0,-6.675156481904E-1,4.318318699242E0));
#2595=VERTEX_POINT('',#2593);
#2596=VERTEX_POINT('',#2594);
#2597=CARTESIAN_POINT('',(8.768165E-1,-6.675156481904E-1,4.318318699242E0));
#2598=VERTEX_POINT('',#2597);
#2599=CARTESIAN_POINT('',(8.768165E-1,-1.529799033076E0,3.934908890716E0));
#2600=VERTEX_POINT('',#2599);
#2601=CARTESIAN_POINT('',(0.E0,0.E0,0.E0));
#2602=DIRECTION('',(-1.E0,0.E0,0.E0));
#2603=DIRECTION('',(0.E0,0.E0,1.E0));
#2604=AXIS2_PLACEMENT_3D('',#2601,#2602,#2603);
#2605=PLANE('',#2604);
#2607=ORIENTED_EDGE('',*,*,#2606,.T.);
#2609=ORIENTED_EDGE('',*,*,#2608,.F.);
#2611=ORIENTED_EDGE('',*,*,#2610,.F.);
#2613=ORIENTED_EDGE('',*,*,#2612,.F.);
#2615=ORIENTED_EDGE('',*,*,#2614,.F.);
#2617=ORIENTED_EDGE('',*,*,#2616,.F.);
#2619=ORIENTED_EDGE('',*,*,#2618,.F.);
#2621=ORIENTED_EDGE('',*,*,#2620,.F.);
#2623=ORIENTED_EDGE('',*,*,#2622,.F.);
#2625=ORIENTED_EDGE('',*,*,#2624,.T.);
#2627=ORIENTED_EDGE('',*,*,#2626,.F.);
#2628=EDGE_LOOP('',(#2607,#2609,#2611,#2613,#2615,#2617,#2619,#2621,#2623,#2625,
#2627));
#2629=FACE_OUTER_BOUND('',#2628,.F.);
#2631=ORIENTED_EDGE('',*,*,#2630,.T.);
#2633=ORIENTED_EDGE('',*,*,#2632,.T.);
#2634=EDGE_LOOP('',(#2631,#2633));
#2635=FACE_BOUND('',#2634,.F.);
#2637=ORIENTED_EDGE('',*,*,#2636,.T.);
#2639=ORIENTED_EDGE('',*,*,#2638,.T.);
#2640=EDGE_LOOP('',(#2637,#2639));
#2641=FACE_BOUND('',#2640,.F.);
#2643=CARTESIAN_POINT('',(2.38946E0,2.403828761471E-1,5.558393266466E0));
#2644=DIRECTION('',(-1.E0,0.E0,0.E0));
#2645=DIRECTION('',(0.E0,0.E0,1.E0));
#2646=AXIS2_PLACEMENT_3D('',#2643,#2644,#2645);
#2647=CYLINDRICAL_SURFACE('',#2646,2.5E-1);
#2648=ORIENTED_EDGE('',*,*,#2636,.F.);
#2650=ORIENTED_EDGE('',*,*,#2649,.F.);
#2652=ORIENTED_EDGE('',*,*,#2651,.T.);
#2654=ORIENTED_EDGE('',*,*,#2653,.T.);
#2655=EDGE_LOOP('',(#2648,#2650,#2652,#2654));
#2656=FACE_OUTER_BOUND('',#2655,.F.);
#2658=CARTESIAN_POINT('',(2.38946E0,2.403828761471E-1,5.558393266466E0));
#2659=DIRECTION('',(-1.E0,0.E0,0.E0));
#2660=DIRECTION('',(0.E0,0.E0,1.E0));
#2661=AXIS2_PLACEMENT_3D('',#2658,#2659,#2660);
#2662=CYLINDRICAL_SURFACE('',#2661,2.5E-1);
#2664=ORIENTED_EDGE('',*,*,#2663,.T.);
#2666=ORIENTED_EDGE('',*,*,#2665,.T.);
#2668=ORIENTED_EDGE('',*,*,#2667,.F.);
#2670=ORIENTED_EDGE('',*,*,#2669,.F.);
#2671=EDGE_LOOP('',(#2664,#2666,#2668,#2670));
#2672=FACE_OUTER_BOUND('',#2671,.F.);
#2674=CARTESIAN_POINT('',(2.38946E0,2.403828761471E-1,5.558393266466E0));
#2675=DIRECTION('',(-1.E0,0.E0,0.E0));
#2676=DIRECTION('',(0.E0,0.E0,1.E0));
#2677=AXIS2_PLACEMENT_3D('',#2674,#2675,#2676);
#2678=CYLINDRICAL_SURFACE('',#2677,2.5E-1);
#2679=ORIENTED_EDGE('',*,*,#2638,.F.);
#2680=ORIENTED_EDGE('',*,*,#2653,.F.);
#2682=ORIENTED_EDGE('',*,*,#2681,.T.);
#2683=ORIENTED_EDGE('',*,*,#2649,.T.);
#2684=EDGE_LOOP('',(#2679,#2680,#2682,#2683));
#2685=FACE_OUTER_BOUND('',#2684,.F.);
#2687=CARTESIAN_POINT('',(2.38946E0,2.403828761471E-1,5.558393266466E0));
#2688=DIRECTION('',(-1.E0,0.E0,0.E0));
#2689=DIRECTION('',(0.E0,0.E0,1.E0));
#2690=AXIS2_PLACEMENT_3D('',#2687,#2688,#2689);
#2691=CYLINDRICAL_SURFACE('',#2690,2.5E-1);
#2693=ORIENTED_EDGE('',*,*,#2692,.T.);
#2694=ORIENTED_EDGE('',*,*,#2669,.T.);
#2696=ORIENTED_EDGE('',*,*,#2695,.F.);
#2697=ORIENTED_EDGE('',*,*,#2665,.F.);
#2698=EDGE_LOOP('',(#2693,#2694,#2696,#2697));
#2699=FACE_OUTER_BOUND('',#2698,.F.);
#2701=CARTESIAN_POINT('',(9.375E-2,0.E0,0.E0));
#2702=DIRECTION('',(-1.E0,0.E0,0.E0));
#2703=DIRECTION('',(0.E0,0.E0,1.E0));
#2704=AXIS2_PLACEMENT_3D('',#2701,#2702,#2703);
#2705=PLANE('',#2704);
#2707=ORIENTED_EDGE('',*,*,#2706,.T.);
#2709=ORIENTED_EDGE('',*,*,#2708,.T.);
#2710=EDGE_LOOP('',(#2707,#2709));
#2711=FACE_OUTER_BOUND('',#2710,.F.);
#2713=ORIENTED_EDGE('',*,*,#2712,.F.);
#2715=ORIENTED_EDGE('',*,*,#2714,.F.);
#2716=EDGE_LOOP('',(#2713,#2715));
#2717=FACE_BOUND('',#2716,.F.);
#2719=CARTESIAN_POINT('',(9.375E-2,0.E0,0.E0));
#2720=DIRECTION('',(-1.E0,0.E0,0.E0));
#2721=DIRECTION('',(0.E0,0.E0,1.E0));
#2722=AXIS2_PLACEMENT_3D('',#2719,#2720,#2721);
#2723=PLANE('',#2722);
#2725=ORIENTED_EDGE('',*,*,#2724,.T.);
#2727=ORIENTED_EDGE('',*,*,#2726,.T.);
#2728=EDGE_LOOP('',(#2725,#2727));
#2729=FACE_OUTER_BOUND('',#2728,.F.);
#2730=ORIENTED_EDGE('',*,*,#2651,.F.);
#2731=ORIENTED_EDGE('',*,*,#2681,.F.);
#2732=EDGE_LOOP('',(#2730,#2731));
#2733=FACE_BOUND('',#2732,.F.);
#2735=CARTESIAN_POINT('',(9.375E-2,0.E0,0.E0));
#2736=DIRECTION('',(-1.E0,0.E0,0.E0));
#2737=DIRECTION('',(0.E0,0.E0,1.E0));
#2738=AXIS2_PLACEMENT_3D('',#2735,#2736,#2737);
#2739=PLANE('',#2738);
#2741=ORIENTED_EDGE('',*,*,#2740,.F.);
#2743=ORIENTED_EDGE('',*,*,#2742,.F.);
#2745=ORIENTED_EDGE('',*,*,#2744,.T.);
#2747=ORIENTED_EDGE('',*,*,#2746,.T.);
#2749=ORIENTED_EDGE('',*,*,#2748,.T.);
#2751=ORIENTED_EDGE('',*,*,#2750,.T.);
#2753=ORIENTED_EDGE('',*,*,#2752,.T.);
#2755=ORIENTED_EDGE('',*,*,#2754,.T.);
#2757=ORIENTED_EDGE('',*,*,#2756,.F.);
#2759=ORIENTED_EDGE('',*,*,#2758,.F.);
#2761=ORIENTED_EDGE('',*,*,#2760,.F.);
#2763=ORIENTED_EDGE('',*,*,#2762,.F.);
#2765=ORIENTED_EDGE('',*,*,#2764,.T.);
#2767=ORIENTED_EDGE('',*,*,#2766,.T.);
#2769=ORIENTED_EDGE('',*,*,#2768,.T.);
#2771=ORIENTED_EDGE('',*,*,#2770,.T.);
#2773=ORIENTED_EDGE('',*,*,#2772,.T.);
#2775=ORIENTED_EDGE('',*,*,#2774,.F.);
#2777=ORIENTED_EDGE('',*,*,#2776,.F.);
#2779=ORIENTED_EDGE('',*,*,#2778,.F.);
#2781=ORIENTED_EDGE('',*,*,#2780,.F.);
#2782=EDGE_LOOP('',(#2741,#2743,#2745,#2747,#2749,#2751,#2753,#2755,#2757,#2759,
#2761,#2763,#2765,#2767,#2769,#2771,#2773,#2775,#2777,#2779,#2781));
#2783=FACE_OUTER_BOUND('',#2782,.F.);
#2785=ORIENTED_EDGE('',*,*,#2784,.F.);
#2787=ORIENTED_EDGE('',*,*,#2786,.F.);
#2788=EDGE_LOOP('',(#2785,#2787));
#2789=FACE_BOUND('',#2788,.F.);
#2791=CARTESIAN_POINT('',(2.38946E0,-1.582626973766E0,4.747801447411E0));
#2792=DIRECTION('',(-1.E0,0.E0,0.E0));
#2793=DIRECTION('',(0.E0,0.E0,1.E0));
#2794=AXIS2_PLACEMENT_3D('',#2791,#2792,#2793);
#2795=CYLINDRICAL_SURFACE('',#2794,2.5E-1);
#2796=ORIENTED_EDGE('',*,*,#2630,.F.);
#2798=ORIENTED_EDGE('',*,*,#2797,.F.);
#2799=ORIENTED_EDGE('',*,*,#2712,.T.);
#2801=ORIENTED_EDGE('',*,*,#2800,.T.);
#2802=EDGE_LOOP('',(#2796,#2798,#2799,#2801));
#2803=FACE_OUTER_BOUND('',#2802,.F.);
#2805=CARTESIAN_POINT('',(2.38946E0,-1.582626973766E0,4.747801447411E0));
#2806=DIRECTION('',(-1.E0,0.E0,0.E0));
#2807=DIRECTION('',(0.E0,0.E0,1.E0));
#2808=AXIS2_PLACEMENT_3D('',#2805,#2806,#2807);
#2809=CYLINDRICAL_SURFACE('',#2808,2.5E-1);
#2811=ORIENTED_EDGE('',*,*,#2810,.T.);
#2813=ORIENTED_EDGE('',*,*,#2812,.T.);
#2815=ORIENTED_EDGE('',*,*,#2814,.F.);
#2817=ORIENTED_EDGE('',*,*,#2816,.F.);
#2818=EDGE_LOOP('',(#2811,#2813,#2815,#2817));
#2819=FACE_OUTER_BOUND('',#2818,.F.);
#2821=CARTESIAN_POINT('',(2.38946E0,-1.582626973766E0,4.747801447411E0));
#2822=DIRECTION('',(-1.E0,0.E0,0.E0));
#2823=DIRECTION('',(0.E0,0.E0,1.E0));
#2824=AXIS2_PLACEMENT_3D('',#2821,#2822,#2823);
#2825=CYLINDRICAL_SURFACE('',#2824,2.5E-1);
#2826=ORIENTED_EDGE('',*,*,#2632,.F.);
#2827=ORIENTED_EDGE('',*,*,#2800,.F.);
#2828=ORIENTED_EDGE('',*,*,#2714,.T.);
#2829=ORIENTED_EDGE('',*,*,#2797,.T.);
#2830=EDGE_LOOP('',(#2826,#2827,#2828,#2829));
#2831=FACE_OUTER_BOUND('',#2830,.F.);
#2833=CARTESIAN_POINT('',(2.38946E0,-1.582626973766E0,4.747801447411E0));
#2834=DIRECTION('',(-1.E0,0.E0,0.E0));
#2835=DIRECTION('',(0.E0,0.E0,1.E0));
#2836=AXIS2_PLACEMENT_3D('',#2833,#2834,#2835);
#2837=CYLINDRICAL_SURFACE('',#2836,2.5E-1);
#2839=ORIENTED_EDGE('',*,*,#2838,.T.);
#2840=ORIENTED_EDGE('',*,*,#2816,.T.);
#2842=ORIENTED_EDGE('',*,*,#2841,.F.);
#2843=ORIENTED_EDGE('',*,*,#2812,.F.);
#2844=EDGE_LOOP('',(#2839,#2840,#2842,#2843));
#2845=FACE_OUTER_BOUND('',#2844,.F.);
#2847=CARTESIAN_POINT('',(2.38946E0,0.E0,0.E0));
#2848=DIRECTION('',(-1.E0,0.E0,0.E0));
#2849=DIRECTION('',(0.E0,0.E0,1.E0));
#2850=AXIS2_PLACEMENT_3D('',#2847,#2848,#2849);
#2851=PLANE('',#2850);
#2853=ORIENTED_EDGE('',*,*,#2852,.F.);
#2855=ORIENTED_EDGE('',*,*,#2854,.F.);
#2857=ORIENTED_EDGE('',*,*,#2856,.F.);
#2859=ORIENTED_EDGE('',*,*,#2858,.T.);
#2861=ORIENTED_EDGE('',*,*,#2860,.T.);
#2863=ORIENTED_EDGE('',*,*,#2862,.T.);
#2865=ORIENTED_EDGE('',*,*,#2864,.T.);
#2867=ORIENTED_EDGE('',*,*,#2866,.T.);
#2869=ORIENTED_EDGE('',*,*,#2868,.T.);
#2871=ORIENTED_EDGE('',*,*,#2870,.T.);
#2873=ORIENTED_EDGE('',*,*,#2872,.T.);
#2874=EDGE_LOOP('',(#2853,#2855,#2857,#2859,#2861,#2863,#2865,#2867,#2869,#2871,
#2873));
#2875=FACE_OUTER_BOUND('',#2874,.F.);
#2876=ORIENTED_EDGE('',*,*,#2810,.F.);
#2877=ORIENTED_EDGE('',*,*,#2838,.F.);
#2878=EDGE_LOOP('',(#2876,#2877));
#2879=FACE_BOUND('',#2878,.F.);
#2880=ORIENTED_EDGE('',*,*,#2663,.F.);
#2881=ORIENTED_EDGE('',*,*,#2692,.F.);
#2882=EDGE_LOOP('',(#2880,#2881));
#2883=FACE_BOUND('',#2882,.F.);
#2885=ORIENTED_EDGE('',*,*,#2884,.T.);
#2887=ORIENTED_EDGE('',*,*,#2886,.T.);
#2888=EDGE_LOOP('',(#2885,#2887));
#2889=FACE_BOUND('',#2888,.F.);
#2891=ORIENTED_EDGE('',*,*,#2890,.T.);
#2893=ORIENTED_EDGE('',*,*,#2892,.T.);
#2894=EDGE_LOOP('',(#2891,#2893));
#2895=FACE_BOUND('',#2894,.F.);
#2897=ORIENTED_EDGE('',*,*,#2896,.T.);
#2899=ORIENTED_EDGE('',*,*,#2898,.T.);
#2900=EDGE_LOOP('',(#2897,#2899));
#2901=FACE_BOUND('',#2900,.F.);
#2903=ORIENTED_EDGE('',*,*,#2902,.T.);
#2905=ORIENTED_EDGE('',*,*,#2904,.T.);
#2906=EDGE_LOOP('',(#2903,#2905));
#2907=FACE_BOUND('',#2906,.F.);
#2909=FILL_AREA_STYLE_COLOUR('',#13);
#2910=FILL_AREA_STYLE('',(#2909));
#2911=SURFACE_STYLE_FILL_AREA(#2910);
#2912=SURFACE_SIDE_STYLE('',(#2911));
#2913=SURFACE_STYLE_USAGE(.NEGATIVE.,#2912);
#2914=PRESENTATION_STYLE_ASSIGNMENT((#2913));
#2915=STYLED_ITEM('',(#2914),#2908);
#2916=CARTESIAN_POINT('',(2.38946E0,-1.713844860818E0,4.348825425428E0));
#2917=DIRECTION('',(0.E0,-9.137435967687E-1,-4.062913232697E-1));
#2918=DIRECTION('',(0.E0,4.062913232697E-1,-9.137435967687E-1));
#2919=AXIS2_PLACEMENT_3D('',#2916,#2917,#2918);
#2920=PLANE('',#2919);
#2922=ORIENTED_EDGE('',*,*,#2921,.T.);
#2924=ORIENTED_EDGE('',*,*,#2923,.T.);
#2926=ORIENTED_EDGE('',*,*,#2925,.T.);
#2928=ORIENTED_EDGE('',*,*,#2927,.F.);
#2929=ORIENTED_EDGE('',*,*,#2852,.T.);
#2931=ORIENTED_EDGE('',*,*,#2930,.F.);
#2932=EDGE_LOOP('',(#2922,#2924,#2926,#2928,#2929,#2931));
#2933=FACE_OUTER_BOUND('',#2932,.F.);
#2935=CARTESIAN_POINT('',(2.38946E0,-1.713844860818E0,4.348825425428E0));
#2936=DIRECTION('',(0.E0,-9.137435967687E-1,-4.062913232697E-1));
#2937=DIRECTION('',(0.E0,4.062913232697E-1,-9.137435967687E-1));
#2938=AXIS2_PLACEMENT_3D('',#2935,#2936,#2937);
#2939=PLANE('',#2938);
#2941=ORIENTED_EDGE('',*,*,#2940,.F.);
#2943=ORIENTED_EDGE('',*,*,#2942,.F.);
#2944=ORIENTED_EDGE('',*,*,#2606,.F.);
#2946=ORIENTED_EDGE('',*,*,#2945,.F.);
#2947=ORIENTED_EDGE('',*,*,#2754,.F.);
#2949=ORIENTED_EDGE('',*,*,#2948,.T.);
#2950=EDGE_LOOP('',(#2941,#2943,#2944,#2946,#2947,#2949));
#2951=FACE_OUTER_BOUND('',#2950,.F.);
#2953=CARTESIAN_POINT('',(1.5126435E0,-1.491607648689E0,3.849016992620E0));
#2954=DIRECTION('',(-1.E0,0.E0,0.E0));
#2955=DIRECTION('',(0.E0,9.137435967687E-1,4.062913232697E-1));
#2956=AXIS2_PLACEMENT_3D('',#2953,#2954,#2955);
#2957=PLANE('',#2956);
#2959=ORIENTED_EDGE('',*,*,#2958,.T.);
#2961=ORIENTED_EDGE('',*,*,#2960,.T.);
#2963=ORIENTED_EDGE('',*,*,#2962,.F.);
#2964=ORIENTED_EDGE('',*,*,#2921,.F.);
#2965=EDGE_LOOP('',(#2959,#2961,#2963,#2964));
#2966=FACE_OUTER_BOUND('',#2965,.F.);
#2968=CARTESIAN_POINT('',(0.E0,7.756025198732E-1,4.857120165954E0));
#2969=DIRECTION('',(0.E0,-4.062913232697E-1,9.137435967687E-1));
#2970=DIRECTION('',(0.E0,-9.137435967687E-1,-4.062913232697E-1));
#2971=AXIS2_PLACEMENT_3D('',#2968,#2969,#2970);
#2972=PLANE('',#2971);
#2973=ORIENTED_EDGE('',*,*,#2958,.F.);
#2974=ORIENTED_EDGE('',*,*,#2930,.T.);
#2975=ORIENTED_EDGE('',*,*,#2872,.F.);
#2977=ORIENTED_EDGE('',*,*,#2976,.F.);
#2978=ORIENTED_EDGE('',*,*,#2608,.T.);
#2979=ORIENTED_EDGE('',*,*,#2942,.T.);
#2981=ORIENTED_EDGE('',*,*,#2980,.T.);
#2983=ORIENTED_EDGE('',*,*,#2982,.F.);
#2984=EDGE_LOOP('',(#2973,#2974,#2975,#2977,#2978,#2979,#2981,#2983));
#2985=FACE_OUTER_BOUND('',#2984,.F.);
#2987=CARTESIAN_POINT('',(0.E0,1.105867376558E0,4.857120165954E0));
#2988=DIRECTION('',(0.E0,0.E0,1.E0));
#2989=DIRECTION('',(0.E0,-1.E0,0.E0));
#2990=AXIS2_PLACEMENT_3D('',#2987,#2988,#2989);
#2991=PLANE('',#2990);
#2993=ORIENTED_EDGE('',*,*,#2992,.F.);
#2994=ORIENTED_EDGE('',*,*,#2610,.T.);
#2995=ORIENTED_EDGE('',*,*,#2976,.T.);
#2996=ORIENTED_EDGE('',*,*,#2870,.F.);
#2998=ORIENTED_EDGE('',*,*,#2997,.F.);
#3000=ORIENTED_EDGE('',*,*,#2999,.T.);
#3002=ORIENTED_EDGE('',*,*,#3001,.F.);
#3003=ORIENTED_EDGE('',*,*,#2746,.F.);
#3004=EDGE_LOOP('',(#2993,#2994,#2995,#2996,#2998,#3000,#3002,#3003));
#3005=FACE_OUTER_BOUND('',#3004,.F.);
#3007=CARTESIAN_POINT('',(0.E0,1.182805740869E0,4.827570137919E0));
#3008=DIRECTION('',(0.E0,3.585388050071E-1,9.335148232910E-1));
#3009=DIRECTION('',(0.E0,-9.335148232910E-1,3.585388050071E-1));
#3010=AXIS2_PLACEMENT_3D('',#3007,#3008,#3009);
#3011=PLANE('',#3010);
#3013=ORIENTED_EDGE('',*,*,#3012,.T.);
#3014=ORIENTED_EDGE('',*,*,#2997,.T.);
#3015=ORIENTED_EDGE('',*,*,#2868,.F.);
#3017=ORIENTED_EDGE('',*,*,#3016,.F.);
#3018=EDGE_LOOP('',(#3013,#3014,#3015,#3017));
#3019=FACE_OUTER_BOUND('',#3018,.F.);
#3021=CARTESIAN_POINT('',(0.E0,1.182805740869E0,4.827570137919E0));
#3022=DIRECTION('',(0.E0,3.585388050071E-1,9.335148232910E-1));
#3023=DIRECTION('',(0.E0,-9.335148232910E-1,3.585388050071E-1));
#3024=AXIS2_PLACEMENT_3D('',#3021,#3022,#3023);
#3025=PLANE('',#3024);
#3026=ORIENTED_EDGE('',*,*,#2744,.F.);
#3028=ORIENTED_EDGE('',*,*,#3027,.F.);
#3029=ORIENTED_EDGE('',*,*,#2612,.T.);
#3030=ORIENTED_EDGE('',*,*,#2992,.T.);
#3031=EDGE_LOOP('',(#3026,#3028,#3029,#3030));
#3032=FACE_OUTER_BOUND('',#3031,.F.);
#3034=CARTESIAN_POINT('',(2.29571E0,0.E0,0.E0));
#3035=DIRECTION('',(-1.E0,0.E0,0.E0));
#3036=DIRECTION('',(0.E0,0.E0,1.E0));
#3037=AXIS2_PLACEMENT_3D('',#3034,#3035,#3036);
#3038=PLANE('',#3037);
#3040=ORIENTED_EDGE('',*,*,#3039,.T.);
#3042=ORIENTED_EDGE('',*,*,#3041,.T.);
#3043=EDGE_LOOP('',(#3040,#3042));
#3044=FACE_OUTER_BOUND('',#3043,.F.);
#3045=ORIENTED_EDGE('',*,*,#2814,.T.);
#3046=ORIENTED_EDGE('',*,*,#2841,.T.);
#3047=EDGE_LOOP('',(#3045,#3046));
#3048=FACE_BOUND('',#3047,.F.);
#3050=CARTESIAN_POINT('',(2.29571E0,0.E0,0.E0));
#3051=DIRECTION('',(-1.E0,0.E0,0.E0));
#3052=DIRECTION('',(0.E0,0.E0,1.E0));
#3053=AXIS2_PLACEMENT_3D('',#3050,#3051,#3052);
#3054=PLANE('',#3053);
#3056=ORIENTED_EDGE('',*,*,#3055,.T.);
#3058=ORIENTED_EDGE('',*,*,#3057,.T.);
#3059=EDGE_LOOP('',(#3056,#3058));
#3060=FACE_OUTER_BOUND('',#3059,.F.);
#3061=ORIENTED_EDGE('',*,*,#2667,.T.);
#3062=ORIENTED_EDGE('',*,*,#2695,.T.);
#3063=EDGE_LOOP('',(#3061,#3062));
#3064=FACE_BOUND('',#3063,.F.);
#3066=CARTESIAN_POINT('',(2.29571E0,0.E0,0.E0));
#3067=DIRECTION('',(-1.E0,0.E0,0.E0));
#3068=DIRECTION('',(0.E0,0.E0,1.E0));
#3069=AXIS2_PLACEMENT_3D('',#3066,#3067,#3068);
#3070=PLANE('',#3069);
#3072=ORIENTED_EDGE('',*,*,#3071,.T.);
#3074=ORIENTED_EDGE('',*,*,#3073,.T.);
#3076=ORIENTED_EDGE('',*,*,#3075,.T.);
#3078=ORIENTED_EDGE('',*,*,#3077,.T.);
#3080=ORIENTED_EDGE('',*,*,#3079,.T.);
#3082=ORIENTED_EDGE('',*,*,#3081,.F.);
#3084=ORIENTED_EDGE('',*,*,#3083,.F.);
#3086=ORIENTED_EDGE('',*,*,#3085,.T.);
#3088=ORIENTED_EDGE('',*,*,#3087,.F.);
#3090=ORIENTED_EDGE('',*,*,#3089,.F.);
#3092=ORIENTED_EDGE('',*,*,#3091,.T.);
#3094=ORIENTED_EDGE('',*,*,#3093,.F.);
#3096=ORIENTED_EDGE('',*,*,#3095,.F.);
#3097=ORIENTED_EDGE('',*,*,#2925,.F.);
#3099=ORIENTED_EDGE('',*,*,#3098,.T.);
#3101=ORIENTED_EDGE('',*,*,#3100,.T.);
#3103=ORIENTED_EDGE('',*,*,#3102,.T.);
#3104=ORIENTED_EDGE('',*,*,#2999,.F.);
#3105=ORIENTED_EDGE('',*,*,#3012,.F.);
#3107=ORIENTED_EDGE('',*,*,#3106,.T.);
#3108=EDGE_LOOP('',(#3072,#3074,#3076,#3078,#3080,#3082,#3084,#3086,#3088,#3090,
#3092,#3094,#3096,#3097,#3099,#3101,#3103,#3104,#3105,#3107));
#3109=FACE_OUTER_BOUND('',#3108,.F.);
#3111=ORIENTED_EDGE('',*,*,#3110,.F.);
#3113=ORIENTED_EDGE('',*,*,#3112,.F.);
#3114=EDGE_LOOP('',(#3111,#3113));
#3115=FACE_BOUND('',#3114,.F.);
#3117=ORIENTED_EDGE('',*,*,#3116,.T.);
#3119=ORIENTED_EDGE('',*,*,#3118,.T.);
#3120=EDGE_LOOP('',(#3117,#3119));
#3121=FACE_BOUND('',#3120,.F.);
#3123=ORIENTED_EDGE('',*,*,#3122,.T.);
#3125=ORIENTED_EDGE('',*,*,#3124,.T.);
#3126=EDGE_LOOP('',(#3123,#3125));
#3127=FACE_BOUND('',#3126,.F.);
#3129=ORIENTED_EDGE('',*,*,#3128,.T.);
#3131=ORIENTED_EDGE('',*,*,#3130,.T.);
#3132=EDGE_LOOP('',(#3129,#3131));
#3133=FACE_BOUND('',#3132,.F.);
#3135=ORIENTED_EDGE('',*,*,#3134,.T.);
#3137=ORIENTED_EDGE('',*,*,#3136,.T.);
#3138=EDGE_LOOP('',(#3135,#3137));
#3139=FACE_BOUND('',#3138,.F.);
#3141=CARTESIAN_POINT('',(2.29571E0,-1.582626973766E0,4.747801447411E0));
#3142=DIRECTION('',(1.E0,0.E0,0.E0));
#3143=DIRECTION('',(0.E0,1.E0,0.E0));
#3144=AXIS2_PLACEMENT_3D('',#3141,#3142,#3143);
#3145=CYLINDRICAL_SURFACE('',#3144,3.179135E-1);
#3146=ORIENTED_EDGE('',*,*,#3039,.F.);
#3148=ORIENTED_EDGE('',*,*,#3147,.T.);
#3150=ORIENTED_EDGE('',*,*,#3149,.F.);
#3152=ORIENTED_EDGE('',*,*,#3151,.F.);
#3153=EDGE_LOOP('',(#3146,#3148,#3150,#3152));
#3154=FACE_OUTER_BOUND('',#3153,.F.);
#3156=CARTESIAN_POINT('',(2.29571E0,-1.582626973766E0,4.747801447411E0));
#3157=DIRECTION('',(1.E0,0.E0,0.E0));
#3158=DIRECTION('',(0.E0,1.E0,0.E0));
#3159=AXIS2_PLACEMENT_3D('',#3156,#3157,#3158);
#3160=CYLINDRICAL_SURFACE('',#3159,3.179135E-1);
#3161=ORIENTED_EDGE('',*,*,#3041,.F.);
#3162=ORIENTED_EDGE('',*,*,#3151,.T.);
#3164=ORIENTED_EDGE('',*,*,#3163,.F.);
#3165=ORIENTED_EDGE('',*,*,#3147,.F.);
#3166=EDGE_LOOP('',(#3161,#3162,#3164,#3165));
#3167=FACE_OUTER_BOUND('',#3166,.F.);
#3169=CARTESIAN_POINT('',(2.12221E0,0.E0,0.E0));
#3170=DIRECTION('',(1.E0,0.E0,0.E0));
#3171=DIRECTION('',(0.E0,1.E0,0.E0));
#3172=AXIS2_PLACEMENT_3D('',#3169,#3170,#3171);
#3173=PLANE('',#3172);
#3175=ORIENTED_EDGE('',*,*,#3174,.T.);
#3177=ORIENTED_EDGE('',*,*,#3176,.T.);
#3178=EDGE_LOOP('',(#3175,#3177));
#3179=FACE_OUTER_BOUND('',#3178,.F.);
#3180=ORIENTED_EDGE('',*,*,#3149,.T.);
#3181=ORIENTED_EDGE('',*,*,#3163,.T.);
#3182=EDGE_LOOP('',(#3180,#3181));
#3183=FACE_BOUND('',#3182,.F.);
#3185=CARTESIAN_POINT('',(2.12221E0,0.E0,0.E0));
#3186=DIRECTION('',(1.E0,0.E0,0.E0));
#3187=DIRECTION('',(0.E0,1.E0,0.E0));
#3188=AXIS2_PLACEMENT_3D('',#3185,#3186,#3187);
#3189=PLANE('',#3188);
#3191=ORIENTED_EDGE('',*,*,#3190,.T.);
#3193=ORIENTED_EDGE('',*,*,#3192,.T.);
#3194=EDGE_LOOP('',(#3191,#3193));
#3195=FACE_OUTER_BOUND('',#3194,.F.);
#3197=ORIENTED_EDGE('',*,*,#3196,.T.);
#3199=ORIENTED_EDGE('',*,*,#3198,.T.);
#3200=EDGE_LOOP('',(#3197,#3199));
#3201=FACE_BOUND('',#3200,.F.);
#3203=CARTESIAN_POINT('',(9.375E-2,-1.582626973766E0,4.747801447411E0));
#3204=DIRECTION('',(-1.E0,0.E0,0.E0));
#3205=DIRECTION('',(0.E0,0.E0,-1.E0));
#3206=AXIS2_PLACEMENT_3D('',#3203,#3204,#3205);
#3207=CYLINDRICAL_SURFACE('',#3206,4.2E-1);
#3209=ORIENTED_EDGE('',*,*,#3208,.T.);
#3210=ORIENTED_EDGE('',*,*,#3174,.F.);
#3212=ORIENTED_EDGE('',*,*,#3211,.F.);
#3213=ORIENTED_EDGE('',*,*,#3093,.T.);
#3215=ORIENTED_EDGE('',*,*,#3214,.F.);
#3216=ORIENTED_EDGE('',*,*,#2854,.T.);
#3217=ORIENTED_EDGE('',*,*,#2927,.T.);
#3219=ORIENTED_EDGE('',*,*,#3218,.T.);
#3220=EDGE_LOOP('',(#3209,#3210,#3212,#3213,#3215,#3216,#3217,#3219));
#3221=FACE_OUTER_BOUND('',#3220,.F.);
#3223=CARTESIAN_POINT('',(9.375E-2,-1.582626973766E0,4.747801447411E0));
#3224=DIRECTION('',(-1.E0,0.E0,0.E0));
#3225=DIRECTION('',(0.E0,0.E0,-1.E0));
#3226=AXIS2_PLACEMENT_3D('',#3223,#3224,#3225);
#3227=CYLINDRICAL_SURFACE('',#3226,4.2E-1);
#3228=ORIENTED_EDGE('',*,*,#2760,.T.);
#3230=ORIENTED_EDGE('',*,*,#3229,.T.);
#3232=ORIENTED_EDGE('',*,*,#3231,.F.);
#3234=ORIENTED_EDGE('',*,*,#3233,.F.);
#3235=ORIENTED_EDGE('',*,*,#2756,.T.);
#3236=ORIENTED_EDGE('',*,*,#2945,.T.);
#3237=ORIENTED_EDGE('',*,*,#2626,.T.);
#3239=ORIENTED_EDGE('',*,*,#3238,.F.);
#3240=EDGE_LOOP('',(#3228,#3230,#3232,#3234,#3235,#3236,#3237,#3239));
#3241=FACE_OUTER_BOUND('',#3240,.F.);
#3243=CARTESIAN_POINT('',(2.29571E0,-1.582626973766E0,4.747801447411E0));
#3244=DIRECTION('',(1.E0,0.E0,0.E0));
#3245=DIRECTION('',(0.E0,1.E0,0.E0));
#3246=AXIS2_PLACEMENT_3D('',#3243,#3244,#3245);
#3247=CYLINDRICAL_SURFACE('',#3246,4.2E-1);
#3248=ORIENTED_EDGE('',*,*,#3218,.F.);
#3249=ORIENTED_EDGE('',*,*,#3095,.T.);
#3250=ORIENTED_EDGE('',*,*,#3211,.T.);
#3251=ORIENTED_EDGE('',*,*,#3176,.F.);
#3252=ORIENTED_EDGE('',*,*,#3208,.F.);
#3253=EDGE_LOOP('',(#3248,#3249,#3250,#3251,#3252));
#3254=FACE_OUTER_BOUND('',#3253,.F.);
#3256=CARTESIAN_POINT('',(2.29571E0,-1.582626973766E0,4.747801447411E0));
#3257=DIRECTION('',(1.E0,0.E0,0.E0));
#3258=DIRECTION('',(0.E0,1.E0,0.E0));
#3259=AXIS2_PLACEMENT_3D('',#3256,#3257,#3258);
#3260=CYLINDRICAL_SURFACE('',#3259,4.2E-1);
#3261=ORIENTED_EDGE('',*,*,#2758,.T.);
#3262=ORIENTED_EDGE('',*,*,#3233,.T.);
#3264=ORIENTED_EDGE('',*,*,#3263,.F.);
#3265=ORIENTED_EDGE('',*,*,#3229,.F.);
#3266=EDGE_LOOP('',(#3261,#3262,#3264,#3265));
#3267=FACE_OUTER_BOUND('',#3266,.F.);
#3269=CARTESIAN_POINT('',(2.6725E-1,0.E0,0.E0));
#3270=DIRECTION('',(-1.E0,0.E0,0.E0));
#3271=DIRECTION('',(0.E0,0.E0,-1.E0));
#3272=AXIS2_PLACEMENT_3D('',#3269,#3270,#3271);
#3273=PLANE('',#3272);
#3274=ORIENTED_EDGE('',*,*,#3231,.T.);
#3275=ORIENTED_EDGE('',*,*,#3263,.T.);
#3276=EDGE_LOOP('',(#3274,#3275));
#3277=FACE_OUTER_BOUND('',#3276,.F.);
#3279=ORIENTED_EDGE('',*,*,#3278,.T.);
#3281=ORIENTED_EDGE('',*,*,#3280,.T.);
#3282=EDGE_LOOP('',(#3279,#3281));
#3283=FACE_BOUND('',#3282,.F.);
#3285=CARTESIAN_POINT('',(2.6725E-1,0.E0,0.E0));
#3286=DIRECTION('',(-1.E0,0.E0,0.E0));
#3287=DIRECTION('',(0.E0,0.E0,-1.E0));
#3288=AXIS2_PLACEMENT_3D('',#3285,#3286,#3287);
#3289=PLANE('',#3288);
#3291=ORIENTED_EDGE('',*,*,#3290,.T.);
#3293=ORIENTED_EDGE('',*,*,#3292,.T.);
#3294=EDGE_LOOP('',(#3291,#3293));
#3295=FACE_OUTER_BOUND('',#3294,.F.);
#3297=ORIENTED_EDGE('',*,*,#3296,.T.);
#3299=ORIENTED_EDGE('',*,*,#3298,.T.);
#3300=EDGE_LOOP('',(#3297,#3299));
#3301=FACE_BOUND('',#3300,.F.);
#3303=CARTESIAN_POINT('',(9.375E-2,-1.582626973766E0,4.747801447411E0));
#3304=DIRECTION('',(-1.E0,0.E0,0.E0));
#3305=DIRECTION('',(0.E0,0.E0,-1.E0));
#3306=AXIS2_PLACEMENT_3D('',#3303,#3304,#3305);
#3307=CYLINDRICAL_SURFACE('',#3306,3.179135E-1);
#3308=ORIENTED_EDGE('',*,*,#2706,.F.);
#3310=ORIENTED_EDGE('',*,*,#3309,.T.);
#3311=ORIENTED_EDGE('',*,*,#3278,.F.);
#3313=ORIENTED_EDGE('',*,*,#3312,.F.);
#3314=EDGE_LOOP('',(#3308,#3310,#3311,#3313));
#3315=FACE_OUTER_BOUND('',#3314,.F.);
#3317=CARTESIAN_POINT('',(9.375E-2,-1.582626973766E0,4.747801447411E0));
#3318=DIRECTION('',(-1.E0,0.E0,0.E0));
#3319=DIRECTION('',(0.E0,0.E0,-1.E0));
#3320=AXIS2_PLACEMENT_3D('',#3317,#3318,#3319);
#3321=CYLINDRICAL_SURFACE('',#3320,3.179135E-1);
#3322=ORIENTED_EDGE('',*,*,#2708,.F.);
#3323=ORIENTED_EDGE('',*,*,#3312,.T.);
#3324=ORIENTED_EDGE('',*,*,#3280,.F.);
#3325=ORIENTED_EDGE('',*,*,#3309,.F.);
#3326=EDGE_LOOP('',(#3322,#3323,#3324,#3325));
#3327=FACE_OUTER_BOUND('',#3326,.F.);
#3329=CARTESIAN_POINT('',(9.375E-2,2.403828761471E-1,5.558393266466E0));
#3330=DIRECTION('',(-1.E0,0.E0,0.E0));
#3331=DIRECTION('',(0.E0,0.E0,-1.E0));
#3332=AXIS2_PLACEMENT_3D('',#3329,#3330,#3331);
#3333=CYLINDRICAL_SURFACE('',#3332,4.2E-1);
#3334=ORIENTED_EDGE('',*,*,#2784,.T.);
#3336=ORIENTED_EDGE('',*,*,#3335,.T.);
#3337=ORIENTED_EDGE('',*,*,#3290,.F.);
#3339=ORIENTED_EDGE('',*,*,#3338,.F.);
#3340=EDGE_LOOP('',(#3334,#3336,#3337,#3339));
#3341=FACE_OUTER_BOUND('',#3340,.F.);
#3343=CARTESIAN_POINT('',(9.375E-2,2.403828761471E-1,5.558393266466E0));
#3344=DIRECTION('',(-1.E0,0.E0,0.E0));
#3345=DIRECTION('',(0.E0,0.E0,-1.E0));
#3346=AXIS2_PLACEMENT_3D('',#3343,#3344,#3345);
#3347=CYLINDRICAL_SURFACE('',#3346,4.2E-1);
#3348=ORIENTED_EDGE('',*,*,#2786,.T.);
#3349=ORIENTED_EDGE('',*,*,#3338,.T.);
#3350=ORIENTED_EDGE('',*,*,#3292,.F.);
#3351=ORIENTED_EDGE('',*,*,#3335,.F.);
#3352=EDGE_LOOP('',(#3348,#3349,#3350,#3351));
#3353=FACE_OUTER_BOUND('',#3352,.F.);
#3355=CARTESIAN_POINT('',(9.375E-2,2.403828761471E-1,5.558393266466E0));
#3356=DIRECTION('',(-1.E0,0.E0,0.E0));
#3357=DIRECTION('',(0.E0,0.E0,-1.E0));
#3358=AXIS2_PLACEMENT_3D('',#3355,#3356,#3357);
#3359=CYLINDRICAL_SURFACE('',#3358,3.179135E-1);
#3360=ORIENTED_EDGE('',*,*,#2724,.F.);
#3362=ORIENTED_EDGE('',*,*,#3361,.T.);
#3363=ORIENTED_EDGE('',*,*,#3296,.F.);
#3365=ORIENTED_EDGE('',*,*,#3364,.F.);
#3366=EDGE_LOOP('',(#3360,#3362,#3363,#3365));
#3367=FACE_OUTER_BOUND('',#3366,.F.);
#3369=CARTESIAN_POINT('',(9.375E-2,2.403828761471E-1,5.558393266466E0));
#3370=DIRECTION('',(-1.E0,0.E0,0.E0));
#3371=DIRECTION('',(0.E0,0.E0,-1.E0));
#3372=AXIS2_PLACEMENT_3D('',#3369,#3370,#3371);
#3373=CYLINDRICAL_SURFACE('',#3372,3.179135E-1);
#3374=ORIENTED_EDGE('',*,*,#2726,.F.);
#3375=ORIENTED_EDGE('',*,*,#3364,.T.);
#3376=ORIENTED_EDGE('',*,*,#3298,.F.);
#3377=ORIENTED_EDGE('',*,*,#3361,.F.);
#3378=EDGE_LOOP('',(#3374,#3375,#3376,#3377));
#3379=FACE_OUTER_BOUND('',#3378,.F.);
#3381=CARTESIAN_POINT('',(2.38946E0,-2.188997687420E0,5.417437595878E0));
#3382=DIRECTION('',(0.E0,-9.137435967687E-1,-4.062913232697E-1));
#3383=DIRECTION('',(0.E0,4.062913232697E-1,-9.137435967687E-1));
#3384=AXIS2_PLACEMENT_3D('',#3381,#3382,#3383);
#3385=PLANE('',#3384);
#3386=ORIENTED_EDGE('',*,*,#2624,.F.);
#3388=ORIENTED_EDGE('',*,*,#3387,.T.);
#3389=ORIENTED_EDGE('',*,*,#2856,.T.);
#3390=ORIENTED_EDGE('',*,*,#3214,.T.);
#3391=ORIENTED_EDGE('',*,*,#3091,.F.);
#3393=ORIENTED_EDGE('',*,*,#3392,.F.);
#3394=ORIENTED_EDGE('',*,*,#2762,.T.);
#3395=ORIENTED_EDGE('',*,*,#3238,.T.);
#3396=EDGE_LOOP('',(#3386,#3388,#3389,#3390,#3391,#3393,#3394,#3395));
#3397=FACE_OUTER_BOUND('',#3396,.F.);
#3399=CARTESIAN_POINT('',(0.E0,-2.315094303774E0,5.361369393267E0));
#3400=DIRECTION('',(0.E0,4.062913232697E-1,-9.137435967687E-1));
#3401=DIRECTION('',(0.E0,9.137435967687E-1,4.062913232697E-1));
#3402=AXIS2_PLACEMENT_3D('',#3399,#3400,#3401);
#3403=PLANE('',#3402);
#3404=ORIENTED_EDGE('',*,*,#3387,.F.);
#3405=ORIENTED_EDGE('',*,*,#2622,.T.);
#3407=ORIENTED_EDGE('',*,*,#3406,.T.);
#3408=ORIENTED_EDGE('',*,*,#2858,.F.);
#3409=EDGE_LOOP('',(#3404,#3405,#3407,#3408));
#3410=FACE_OUTER_BOUND('',#3409,.F.);
#3412=CARTESIAN_POINT('',(0.E0,2.336183655426E0,7.429535871939E0));
#3413=DIRECTION('',(0.E0,-9.723073602518E-1,-2.337057919695E-1));
#3414=DIRECTION('',(0.E0,2.337057919695E-1,-9.723073602518E-1));
#3415=AXIS2_PLACEMENT_3D('',#3412,#3413,#3414);
#3416=PLANE('',#3415);
#3417=ORIENTED_EDGE('',*,*,#2620,.T.);
#3419=ORIENTED_EDGE('',*,*,#3418,.T.);
#3420=ORIENTED_EDGE('',*,*,#2860,.F.);
#3421=ORIENTED_EDGE('',*,*,#3406,.F.);
#3422=EDGE_LOOP('',(#3417,#3419,#3420,#3421));
#3423=FACE_OUTER_BOUND('',#3422,.F.);
#3425=CARTESIAN_POINT('',(0.E0,2.624013234465E0,6.232052421320E0));
#3426=DIRECTION('',(0.E0,-7.437342383839E-1,6.684754166427E-1));
#3427=DIRECTION('',(0.E0,-6.684754166427E-1,-7.437342383839E-1));
#3428=AXIS2_PLACEMENT_3D('',#3425,#3426,#3427);
#3429=PLANE('',#3428);
#3431=ORIENTED_EDGE('',*,*,#3430,.T.);
#3433=ORIENTED_EDGE('',*,*,#3432,.T.);
#3434=ORIENTED_EDGE('',*,*,#2862,.F.);
#3435=ORIENTED_EDGE('',*,*,#3418,.F.);
#3436=ORIENTED_EDGE('',*,*,#2618,.T.);
#3438=ORIENTED_EDGE('',*,*,#3437,.T.);
#3439=EDGE_LOOP('',(#3431,#3433,#3434,#3435,#3436,#3438));
#3440=FACE_OUTER_BOUND('',#3439,.F.);
#3442=CARTESIAN_POINT('',(2.29571E0,2.260039789957E0,5.873926387819E0));
#3443=DIRECTION('',(0.E0,-9.915004416905E-1,-1.301033209707E-1));
#3444=DIRECTION('',(0.E0,1.301033209707E-1,-9.915004416905E-1));
#3445=AXIS2_PLACEMENT_3D('',#3442,#3443,#3444);
#3446=PLANE('',#3445);
#3447=ORIENTED_EDGE('',*,*,#3430,.F.);
#3448=ORIENTED_EDGE('',*,*,#2772,.F.);
#3450=ORIENTED_EDGE('',*,*,#3449,.F.);
#3451=ORIENTED_EDGE('',*,*,#3081,.T.);
#3452=EDGE_LOOP('',(#3447,#3448,#3450,#3451));
#3453=FACE_OUTER_BOUND('',#3452,.F.);
#3455=CARTESIAN_POINT('',(2.29571E0,2.033178983273E0,4.931905707618E0));
#3456=DIRECTION('',(-1.E0,0.E0,0.E0));
#3457=DIRECTION('',(0.E0,0.E0,1.E0));
#3458=AXIS2_PLACEMENT_3D('',#3455,#3456,#3457);
#3459=CYLINDRICAL_SURFACE('',#3458,9.689524175803E-1);
#3460=ORIENTED_EDGE('',*,*,#3102,.F.);
#3462=ORIENTED_EDGE('',*,*,#3461,.F.);
#3463=ORIENTED_EDGE('',*,*,#2748,.F.);
#3464=ORIENTED_EDGE('',*,*,#3001,.T.);
#3465=EDGE_LOOP('',(#3460,#3462,#3463,#3464));
#3466=FACE_OUTER_BOUND('',#3465,.F.);
#3468=CARTESIAN_POINT('',(2.29571E0,2.033178983273E0,4.931905707618E0));
#3469=DIRECTION('',(-1.E0,0.E0,0.E0));
#3470=DIRECTION('',(0.E0,0.E0,1.E0));
#3471=AXIS2_PLACEMENT_3D('',#3468,#3469,#3470);
#3472=CYLINDRICAL_SURFACE('',#3471,9.689524175803E-1);
#3473=ORIENTED_EDGE('',*,*,#3083,.T.);
#3474=ORIENTED_EDGE('',*,*,#3449,.T.);
#3475=ORIENTED_EDGE('',*,*,#2770,.F.);
#3477=ORIENTED_EDGE('',*,*,#3476,.T.);
#3478=EDGE_LOOP('',(#3473,#3474,#3475,#3477));
#3479=FACE_OUTER_BOUND('',#3478,.F.);
#3481=CARTESIAN_POINT('',(9.375E-2,1.082873214275E0,4.951120165954E0));
#3482=DIRECTION('',(0.E0,0.E0,1.E0));
#3483=DIRECTION('',(0.E0,-1.E0,0.E0));
#3484=AXIS2_PLACEMENT_3D('',#3481,#3482,#3483);
#3485=PLANE('',#3484);
#3486=ORIENTED_EDGE('',*,*,#2750,.F.);
#3487=ORIENTED_EDGE('',*,*,#3461,.T.);
#3488=ORIENTED_EDGE('',*,*,#3100,.F.);
#3490=ORIENTED_EDGE('',*,*,#3489,.F.);
#3491=EDGE_LOOP('',(#3486,#3487,#3488,#3490));
#3492=FACE_OUTER_BOUND('',#3491,.F.);
#3494=CARTESIAN_POINT('',(9.375E-2,7.556461451259E-1,4.951120165954E0));
#3495=DIRECTION('',(0.E0,-4.062913232697E-1,9.137435967687E-1));
#3496=DIRECTION('',(0.E0,-9.137435967687E-1,-4.062913232697E-1));
#3497=AXIS2_PLACEMENT_3D('',#3494,#3495,#3496);
#3498=PLANE('',#3497);
#3499=ORIENTED_EDGE('',*,*,#2962,.T.);
#3501=ORIENTED_EDGE('',*,*,#3500,.T.);
#3503=ORIENTED_EDGE('',*,*,#3502,.F.);
#3504=ORIENTED_EDGE('',*,*,#2948,.F.);
#3505=ORIENTED_EDGE('',*,*,#2752,.F.);
#3506=ORIENTED_EDGE('',*,*,#3489,.T.);
#3507=ORIENTED_EDGE('',*,*,#3098,.F.);
#3508=ORIENTED_EDGE('',*,*,#2923,.F.);
#3509=EDGE_LOOP('',(#3499,#3501,#3503,#3504,#3505,#3506,#3507,#3508));
#3510=FACE_OUTER_BOUND('',#3509,.F.);
#3512=CARTESIAN_POINT('',(1.5126435E0,-6.293242638031E-1,4.232426801146E0));
#3513=DIRECTION('',(0.E0,-9.137435967687E-1,-4.062913232697E-1));
#3514=DIRECTION('',(-1.E0,0.E0,0.E0));
#3515=AXIS2_PLACEMENT_3D('',#3512,#3513,#3514);
#3516=PLANE('',#3515);
#3517=ORIENTED_EDGE('',*,*,#2982,.T.);
#3519=ORIENTED_EDGE('',*,*,#3518,.T.);
#3520=ORIENTED_EDGE('',*,*,#3500,.F.);
#3521=ORIENTED_EDGE('',*,*,#2960,.F.);
#3522=EDGE_LOOP('',(#3517,#3519,#3520,#3521));
#3523=FACE_OUTER_BOUND('',#3522,.F.);
#3525=CARTESIAN_POINT('',(8.768165E-1,-6.293242638031E-1,4.232426801146E0));
#3526=DIRECTION('',(1.E0,0.E0,0.E0));
#3527=DIRECTION('',(0.E0,-9.137435967687E-1,-4.062913232697E-1));
#3528=AXIS2_PLACEMENT_3D('',#3525,#3526,#3527);
#3529=PLANE('',#3528);
#3530=ORIENTED_EDGE('',*,*,#2980,.F.);
#3531=ORIENTED_EDGE('',*,*,#2940,.T.);
#3532=ORIENTED_EDGE('',*,*,#3502,.T.);
#3533=ORIENTED_EDGE('',*,*,#3518,.F.);
#3534=EDGE_LOOP('',(#3530,#3531,#3532,#3533));
#3535=FACE_OUTER_BOUND('',#3534,.F.);
#3537=CARTESIAN_POINT('',(9.375E-2,2.521066839629E0,6.258134519492E0));
#3538=DIRECTION('',(0.E0,-7.437342383839E-1,6.684754166427E-1));
#3539=DIRECTION('',(0.E0,-6.684754166427E-1,-7.437342383839E-1));
#3540=AXIS2_PLACEMENT_3D('',#3537,#3538,#3539);
#3541=PLANE('',#3540);
#3542=ORIENTED_EDGE('',*,*,#3476,.F.);
#3543=ORIENTED_EDGE('',*,*,#2768,.F.);
#3545=ORIENTED_EDGE('',*,*,#3544,.T.);
#3546=ORIENTED_EDGE('',*,*,#3085,.F.);
#3547=EDGE_LOOP('',(#3542,#3543,#3545,#3546));
#3548=FACE_OUTER_BOUND('',#3547,.F.);
#3550=CARTESIAN_POINT('',(9.375E-2,2.271180547052E0,7.297759081006E0));
#3551=DIRECTION('',(0.E0,-9.723073602518E-1,-2.337057919695E-1));
#3552=DIRECTION('',(0.E0,2.337057919695E-1,-9.723073602518E-1));
#3553=AXIS2_PLACEMENT_3D('',#3550,#3551,#3552);
#3554=PLANE('',#3553);
#3555=ORIENTED_EDGE('',*,*,#2766,.F.);
#3557=ORIENTED_EDGE('',*,*,#3556,.T.);
#3558=ORIENTED_EDGE('',*,*,#3087,.T.);
#3559=ORIENTED_EDGE('',*,*,#3544,.F.);
#3560=EDGE_LOOP('',(#3555,#3557,#3558,#3559));
#3561=FACE_OUTER_BOUND('',#3560,.F.);
#3563=CARTESIAN_POINT('',(9.375E-2,-2.276902919387E0,5.275477495170E0));
#3564=DIRECTION('',(0.E0,4.062913232697E-1,-9.137435967687E-1));
#3565=DIRECTION('',(0.E0,9.137435967687E-1,4.062913232697E-1));
#3566=AXIS2_PLACEMENT_3D('',#3563,#3564,#3565);
#3567=PLANE('',#3566);
#3568=ORIENTED_EDGE('',*,*,#3392,.T.);
#3569=ORIENTED_EDGE('',*,*,#3089,.T.);
#3570=ORIENTED_EDGE('',*,*,#3556,.F.);
#3571=ORIENTED_EDGE('',*,*,#2764,.F.);
#3572=EDGE_LOOP('',(#3568,#3569,#3570,#3571));
#3573=FACE_OUTER_BOUND('',#3572,.F.);
#3575=CARTESIAN_POINT('',(0.E0,2.265401307006E0,5.833066965605E0));
#3576=DIRECTION('',(0.E0,-9.915004416905E-1,-1.301033209707E-1));
#3577=DIRECTION('',(0.E0,1.301033209707E-1,-9.915004416905E-1));
#3578=AXIS2_PLACEMENT_3D('',#3575,#3576,#3577);
#3579=PLANE('',#3578);
#3580=ORIENTED_EDGE('',*,*,#3079,.F.);
#3582=ORIENTED_EDGE('',*,*,#3581,.T.);
#3583=ORIENTED_EDGE('',*,*,#2864,.F.);
#3584=ORIENTED_EDGE('',*,*,#3432,.F.);
#3585=EDGE_LOOP('',(#3580,#3582,#3583,#3584));
#3586=FACE_OUTER_BOUND('',#3585,.F.);
#3588=CARTESIAN_POINT('',(0.E0,2.265401307006E0,5.833066965605E0));
#3589=DIRECTION('',(0.E0,-9.915004416905E-1,-1.301033209707E-1));
#3590=DIRECTION('',(0.E0,1.301033209707E-1,-9.915004416905E-1));
#3591=AXIS2_PLACEMENT_3D('',#3588,#3589,#3590);
#3592=PLANE('',#3591);
#3593=ORIENTED_EDGE('',*,*,#2774,.T.);
#3594=ORIENTED_EDGE('',*,*,#3437,.F.);
#3595=ORIENTED_EDGE('',*,*,#2616,.T.);
#3597=ORIENTED_EDGE('',*,*,#3596,.T.);
#3598=EDGE_LOOP('',(#3593,#3594,#3595,#3597));
#3599=FACE_OUTER_BOUND('',#3598,.F.);
#3601=CARTESIAN_POINT('',(0.E0,2.033178983273E0,4.931905707618E0));
#3602=DIRECTION('',(-1.E0,0.E0,0.E0));
#3603=DIRECTION('',(0.E0,0.E0,1.E0));
#3604=AXIS2_PLACEMENT_3D('',#3601,#3602,#3603);
#3605=CYLINDRICAL_SURFACE('',#3604,8.5675E-1);
#3606=ORIENTED_EDGE('',*,*,#2742,.T.);
#3608=ORIENTED_EDGE('',*,*,#3607,.T.);
#3609=ORIENTED_EDGE('',*,*,#2776,.T.);
#3610=ORIENTED_EDGE('',*,*,#3596,.F.);
#3611=ORIENTED_EDGE('',*,*,#2614,.T.);
#3612=ORIENTED_EDGE('',*,*,#3027,.T.);
#3613=EDGE_LOOP('',(#3606,#3608,#3609,#3610,#3611,#3612));
#3614=FACE_OUTER_BOUND('',#3613,.F.);
#3616=CARTESIAN_POINT('',(0.E0,2.033178983273E0,4.931905707618E0));
#3617=DIRECTION('',(-1.E0,0.E0,0.E0));
#3618=DIRECTION('',(0.E0,0.E0,1.E0));
#3619=AXIS2_PLACEMENT_3D('',#3616,#3617,#3618);
#3620=CYLINDRICAL_SURFACE('',#3619,8.5675E-1);
#3621=ORIENTED_EDGE('',*,*,#3077,.F.);
#3623=ORIENTED_EDGE('',*,*,#3622,.F.);
#3624=ORIENTED_EDGE('',*,*,#3106,.F.);
#3625=ORIENTED_EDGE('',*,*,#3016,.T.);
#3626=ORIENTED_EDGE('',*,*,#2866,.F.);
#3627=ORIENTED_EDGE('',*,*,#3581,.F.);
#3628=EDGE_LOOP('',(#3621,#3623,#3624,#3625,#3626,#3627));
#3629=FACE_OUTER_BOUND('',#3628,.F.);
#3631=CARTESIAN_POINT('',(9.375E-2,0.E0,0.E0));
#3632=DIRECTION('',(-1.E0,0.E0,0.E0));
#3633=DIRECTION('',(0.E0,0.E0,1.E0));
#3634=AXIS2_PLACEMENT_3D('',#3631,#3632,#3633);
#3635=PLANE('',#3634);
#3636=ORIENTED_EDGE('',*,*,#3607,.F.);
#3638=ORIENTED_EDGE('',*,*,#3637,.F.);
#3640=ORIENTED_EDGE('',*,*,#3639,.T.);
#3642=ORIENTED_EDGE('',*,*,#3641,.F.);
#3643=EDGE_LOOP('',(#3636,#3638,#3640,#3642));
#3644=FACE_OUTER_BOUND('',#3643,.F.);
#3646=ORIENTED_EDGE('',*,*,#3645,.F.);
#3648=ORIENTED_EDGE('',*,*,#3647,.F.);
#3649=EDGE_LOOP('',(#3646,#3648));
#3650=FACE_BOUND('',#3649,.F.);
#3652=ORIENTED_EDGE('',*,*,#3651,.F.);
#3654=ORIENTED_EDGE('',*,*,#3653,.F.);
#3655=EDGE_LOOP('',(#3652,#3654));
#3656=FACE_BOUND('',#3655,.F.);
#3658=ORIENTED_EDGE('',*,*,#3657,.F.);
#3660=ORIENTED_EDGE('',*,*,#3659,.F.);
#3661=EDGE_LOOP('',(#3658,#3660));
#3662=FACE_BOUND('',#3661,.F.);
#3664=ORIENTED_EDGE('',*,*,#3663,.F.);
#3666=ORIENTED_EDGE('',*,*,#3665,.F.);
#3667=EDGE_LOOP('',(#3664,#3666));
#3668=FACE_BOUND('',#3667,.F.);
#3670=ORIENTED_EDGE('',*,*,#3669,.F.);
#3672=ORIENTED_EDGE('',*,*,#3671,.F.);
#3673=EDGE_LOOP('',(#3670,#3672));
#3674=FACE_BOUND('',#3673,.F.);
#3676=CARTESIAN_POINT('',(9.375E-2,2.033178983273E0,4.646905707618E0));
#3677=DIRECTION('',(-1.E0,0.E0,0.E0));
#3678=DIRECTION('',(0.E0,0.E0,1.E0));
#3679=AXIS2_PLACEMENT_3D('',#3676,#3677,#3678);
#3680=CYLINDRICAL_SURFACE('',#3679,4.7E-2);
#3681=ORIENTED_EDGE('',*,*,#3669,.T.);
#3683=ORIENTED_EDGE('',*,*,#3682,.T.);
#3685=ORIENTED_EDGE('',*,*,#3684,.F.);
#3687=ORIENTED_EDGE('',*,*,#3686,.F.);
#3688=EDGE_LOOP('',(#3681,#3683,#3685,#3687));
#3689=FACE_OUTER_BOUND('',#3688,.F.);
#3691=CARTESIAN_POINT('',(9.375E-2,2.033178983273E0,4.646905707618E0));
#3692=DIRECTION('',(-1.E0,0.E0,0.E0));
#3693=DIRECTION('',(0.E0,0.E0,1.E0));
#3694=AXIS2_PLACEMENT_3D('',#3691,#3692,#3693);
#3695=CYLINDRICAL_SURFACE('',#3694,4.7E-2);
#3696=ORIENTED_EDGE('',*,*,#3671,.T.);
#3697=ORIENTED_EDGE('',*,*,#3686,.T.);
#3699=ORIENTED_EDGE('',*,*,#3698,.F.);
#3700=ORIENTED_EDGE('',*,*,#3682,.F.);
#3701=EDGE_LOOP('',(#3696,#3697,#3699,#3700));
#3702=FACE_OUTER_BOUND('',#3701,.F.);
#3704=CARTESIAN_POINT('',(2.1915E-1,0.E0,0.E0));
#3705=DIRECTION('',(-1.E0,0.E0,0.E0));
#3706=DIRECTION('',(0.E0,0.E0,1.E0));
#3707=AXIS2_PLACEMENT_3D('',#3704,#3705,#3706);
#3708=PLANE('',#3707);
#3710=ORIENTED_EDGE('',*,*,#3709,.T.);
#3712=ORIENTED_EDGE('',*,*,#3711,.T.);
#3714=ORIENTED_EDGE('',*,*,#3713,.T.);
#3716=ORIENTED_EDGE('',*,*,#3715,.T.);
#3717=EDGE_LOOP('',(#3710,#3712,#3714,#3716));
#3718=FACE_OUTER_BOUND('',#3717,.F.);
#3720=ORIENTED_EDGE('',*,*,#3719,.T.);
#3722=ORIENTED_EDGE('',*,*,#3721,.T.);
#3723=EDGE_LOOP('',(#3720,#3722));
#3724=FACE_BOUND('',#3723,.F.);
#3726=ORIENTED_EDGE('',*,*,#3725,.T.);
#3728=ORIENTED_EDGE('',*,*,#3727,.T.);
#3729=EDGE_LOOP('',(#3726,#3728));
#3730=FACE_BOUND('',#3729,.F.);
#3732=ORIENTED_EDGE('',*,*,#3731,.T.);
#3734=ORIENTED_EDGE('',*,*,#3733,.T.);
#3735=EDGE_LOOP('',(#3732,#3734));
#3736=FACE_BOUND('',#3735,.F.);
#3737=ORIENTED_EDGE('',*,*,#3684,.T.);
#3738=ORIENTED_EDGE('',*,*,#3698,.T.);
#3739=EDGE_LOOP('',(#3737,#3738));
#3740=FACE_BOUND('',#3739,.F.);
#3742=ORIENTED_EDGE('',*,*,#3741,.T.);
#3744=ORIENTED_EDGE('',*,*,#3743,.T.);
#3745=EDGE_LOOP('',(#3742,#3744));
#3746=FACE_BOUND('',#3745,.F.);
#3748=CARTESIAN_POINT('',(9.375E-2,2.033178983273E0,5.216905707618E0));
#3749=DIRECTION('',(-1.E0,0.E0,0.E0));
#3750=DIRECTION('',(0.E0,0.E0,1.E0));
#3751=AXIS2_PLACEMENT_3D('',#3748,#3749,#3750);
#3752=CYLINDRICAL_SURFACE('',#3751,4.7E-2);
#3753=ORIENTED_EDGE('',*,*,#3645,.T.);
#3755=ORIENTED_EDGE('',*,*,#3754,.T.);
#3756=ORIENTED_EDGE('',*,*,#3719,.F.);
#3758=ORIENTED_EDGE('',*,*,#3757,.F.);
#3759=EDGE_LOOP('',(#3753,#3755,#3756,#3758));
#3760=FACE_OUTER_BOUND('',#3759,.F.);
#3762=CARTESIAN_POINT('',(9.375E-2,2.033178983273E0,5.216905707618E0));
#3763=DIRECTION('',(-1.E0,0.E0,0.E0));
#3764=DIRECTION('',(0.E0,0.E0,1.E0));
#3765=AXIS2_PLACEMENT_3D('',#3762,#3763,#3764);
#3766=CYLINDRICAL_SURFACE('',#3765,4.7E-2);
#3767=ORIENTED_EDGE('',*,*,#3647,.T.);
#3768=ORIENTED_EDGE('',*,*,#3757,.T.);
#3769=ORIENTED_EDGE('',*,*,#3721,.F.);
#3770=ORIENTED_EDGE('',*,*,#3754,.F.);
#3771=EDGE_LOOP('',(#3767,#3768,#3769,#3770));
#3772=FACE_OUTER_BOUND('',#3771,.F.);
#3774=CARTESIAN_POINT('',(9.375E-2,2.318178983273E0,4.931905707618E0));
#3775=DIRECTION('',(-1.E0,0.E0,0.E0));
#3776=DIRECTION('',(0.E0,0.E0,1.E0));
#3777=AXIS2_PLACEMENT_3D('',#3774,#3775,#3776);
#3778=CYLINDRICAL_SURFACE('',#3777,4.7E-2);
#3779=ORIENTED_EDGE('',*,*,#3651,.T.);
#3781=ORIENTED_EDGE('',*,*,#3780,.T.);
#3782=ORIENTED_EDGE('',*,*,#3725,.F.);
#3784=ORIENTED_EDGE('',*,*,#3783,.F.);
#3785=EDGE_LOOP('',(#3779,#3781,#3782,#3784));
#3786=FACE_OUTER_BOUND('',#3785,.F.);
#3788=CARTESIAN_POINT('',(9.375E-2,2.318178983273E0,4.931905707618E0));
#3789=DIRECTION('',(-1.E0,0.E0,0.E0));
#3790=DIRECTION('',(0.E0,0.E0,1.E0));
#3791=AXIS2_PLACEMENT_3D('',#3788,#3789,#3790);
#3792=CYLINDRICAL_SURFACE('',#3791,4.7E-2);
#3793=ORIENTED_EDGE('',*,*,#3653,.T.);
#3794=ORIENTED_EDGE('',*,*,#3783,.T.);
#3795=ORIENTED_EDGE('',*,*,#3727,.F.);
#3796=ORIENTED_EDGE('',*,*,#3780,.F.);
#3797=EDGE_LOOP('',(#3793,#3794,#3795,#3796));
#3798=FACE_OUTER_BOUND('',#3797,.F.);
#3800=CARTESIAN_POINT('',(9.375E-2,1.748178983273E0,4.931905707618E0));
#3801=DIRECTION('',(-1.E0,0.E0,0.E0));
#3802=DIRECTION('',(0.E0,0.E0,1.E0));
#3803=AXIS2_PLACEMENT_3D('',#3800,#3801,#3802);
#3804=CYLINDRICAL_SURFACE('',#3803,4.7E-2);
#3805=ORIENTED_EDGE('',*,*,#3657,.T.);
#3807=ORIENTED_EDGE('',*,*,#3806,.T.);
#3808=ORIENTED_EDGE('',*,*,#3731,.F.);
#3810=ORIENTED_EDGE('',*,*,#3809,.F.);
#3811=EDGE_LOOP('',(#3805,#3807,#3808,#3810));
#3812=FACE_OUTER_BOUND('',#3811,.F.);
#3814=CARTESIAN_POINT('',(9.375E-2,1.748178983273E0,4.931905707618E0));
#3815=DIRECTION('',(-1.E0,0.E0,0.E0));
#3816=DIRECTION('',(0.E0,0.E0,1.E0));
#3817=AXIS2_PLACEMENT_3D('',#3814,#3815,#3816);
#3818=CYLINDRICAL_SURFACE('',#3817,4.7E-2);
#3819=ORIENTED_EDGE('',*,*,#3659,.T.);
#3820=ORIENTED_EDGE('',*,*,#3809,.T.);
#3821=ORIENTED_EDGE('',*,*,#3733,.F.);
#3822=ORIENTED_EDGE('',*,*,#3806,.F.);
#3823=EDGE_LOOP('',(#3819,#3820,#3821,#3822));
#3824=FACE_OUTER_BOUND('',#3823,.F.);
#3826=CARTESIAN_POINT('',(9.375E-2,2.033178983273E0,4.931905707618E0));
#3827=DIRECTION('',(-1.E0,0.E0,0.E0));
#3828=DIRECTION('',(0.E0,0.E0,1.E0));
#3829=AXIS2_PLACEMENT_3D('',#3826,#3827,#3828);
#3830=CYLINDRICAL_SURFACE('',#3829,7.65E-1);
#3831=ORIENTED_EDGE('',*,*,#3709,.F.);
#3833=ORIENTED_EDGE('',*,*,#3832,.F.);
#3834=ORIENTED_EDGE('',*,*,#3639,.F.);
#3836=ORIENTED_EDGE('',*,*,#3835,.T.);
#3837=EDGE_LOOP('',(#3831,#3833,#3834,#3836));
#3838=FACE_OUTER_BOUND('',#3837,.F.);
#3840=CARTESIAN_POINT('',(9.375E-2,1.016839552110E0,5.671059988310E0));
#3841=DIRECTION('',(0.E0,0.E0,-1.E0));
#3842=DIRECTION('',(0.E0,1.E0,0.E0));
#3843=AXIS2_PLACEMENT_3D('',#3840,#3841,#3842);
#3844=PLANE('',#3843);
#3845=ORIENTED_EDGE('',*,*,#2778,.T.);
#3846=ORIENTED_EDGE('',*,*,#3641,.T.);
#3847=ORIENTED_EDGE('',*,*,#3832,.T.);
#3848=ORIENTED_EDGE('',*,*,#3715,.F.);
#3850=ORIENTED_EDGE('',*,*,#3849,.F.);
#3851=EDGE_LOOP('',(#3845,#3846,#3847,#3848,#3850));
#3852=FACE_OUTER_BOUND('',#3851,.F.);
#3854=CARTESIAN_POINT('',(9.375E-2,2.033178983273E0,4.931905707618E0));
#3855=DIRECTION('',(-1.E0,0.E0,0.E0));
#3856=DIRECTION('',(0.E0,0.E0,1.E0));
#3857=AXIS2_PLACEMENT_3D('',#3854,#3855,#3856);
#3858=CYLINDRICAL_SURFACE('',#3857,1.2567E0);
#3859=ORIENTED_EDGE('',*,*,#2780,.T.);
#3860=ORIENTED_EDGE('',*,*,#3849,.T.);
#3861=ORIENTED_EDGE('',*,*,#3713,.F.);
#3863=ORIENTED_EDGE('',*,*,#3862,.F.);
#3864=EDGE_LOOP('',(#3859,#3860,#3861,#3863));
#3865=FACE_OUTER_BOUND('',#3864,.F.);
#3867=CARTESIAN_POINT('',(9.375E-2,1.276602822913E0,5.045120165954E0));
#3868=DIRECTION('',(0.E0,0.E0,1.E0));
#3869=DIRECTION('',(0.E0,-1.E0,0.E0));
#3870=AXIS2_PLACEMENT_3D('',#3867,#3868,#3869);
#3871=PLANE('',#3870);
#3872=ORIENTED_EDGE('',*,*,#2740,.T.);
#3873=ORIENTED_EDGE('',*,*,#3862,.T.);
#3874=ORIENTED_EDGE('',*,*,#3711,.F.);
#3875=ORIENTED_EDGE('',*,*,#3835,.F.);
#3876=ORIENTED_EDGE('',*,*,#3637,.T.);
#3877=EDGE_LOOP('',(#3872,#3873,#3874,#3875,#3876));
#3878=FACE_OUTER_BOUND('',#3877,.F.);
#3880=CARTESIAN_POINT('',(9.375E-2,2.033178983273E0,4.931905707618E0));
#3881=DIRECTION('',(-1.E0,0.E0,0.E0));
#3882=DIRECTION('',(0.E0,0.E0,1.E0));
#3883=AXIS2_PLACEMENT_3D('',#3880,#3881,#3882);
#3884=CYLINDRICAL_SURFACE('',#3883,1.3E-1);
#3885=ORIENTED_EDGE('',*,*,#3663,.T.);
#3887=ORIENTED_EDGE('',*,*,#3886,.T.);
#3888=ORIENTED_EDGE('',*,*,#3741,.F.);
#3890=ORIENTED_EDGE('',*,*,#3889,.F.);
#3891=EDGE_LOOP('',(#3885,#3887,#3888,#3890));
#3892=FACE_OUTER_BOUND('',#3891,.F.);
#3894=CARTESIAN_POINT('',(9.375E-2,2.033178983273E0,4.931905707618E0));
#3895=DIRECTION('',(-1.E0,0.E0,0.E0));
#3896=DIRECTION('',(0.E0,0.E0,1.E0));
#3897=AXIS2_PLACEMENT_3D('',#3894,#3895,#3896);
#3898=CYLINDRICAL_SURFACE('',#3897,1.3E-1);
#3899=ORIENTED_EDGE('',*,*,#3665,.T.);
#3900=ORIENTED_EDGE('',*,*,#3889,.T.);
#3901=ORIENTED_EDGE('',*,*,#3743,.F.);
#3902=ORIENTED_EDGE('',*,*,#3886,.F.);
#3903=EDGE_LOOP('',(#3899,#3900,#3901,#3902));
#3904=FACE_OUTER_BOUND('',#3903,.F.);
#3906=CARTESIAN_POINT('',(2.29571E0,0.E0,0.E0));
#3907=DIRECTION('',(-1.E0,0.E0,0.E0));
#3908=DIRECTION('',(0.E0,0.E0,1.E0));
#3909=AXIS2_PLACEMENT_3D('',#3906,#3907,#3908);
#3910=PLANE('',#3909);
#3911=ORIENTED_EDGE('',*,*,#3622,.T.);
#3913=ORIENTED_EDGE('',*,*,#3912,.T.);
#3915=ORIENTED_EDGE('',*,*,#3914,.T.);
#3917=ORIENTED_EDGE('',*,*,#3916,.T.);
#3918=EDGE_LOOP('',(#3911,#3913,#3915,#3917));
#3919=FACE_OUTER_BOUND('',#3918,.F.);
#3921=ORIENTED_EDGE('',*,*,#3920,.T.);
#3923=ORIENTED_EDGE('',*,*,#3922,.T.);
#3924=EDGE_LOOP('',(#3921,#3923));
#3925=FACE_BOUND('',#3924,.F.);
#3927=ORIENTED_EDGE('',*,*,#3926,.T.);
#3929=ORIENTED_EDGE('',*,*,#3928,.T.);
#3930=EDGE_LOOP('',(#3927,#3929));
#3931=FACE_BOUND('',#3930,.F.);
#3933=ORIENTED_EDGE('',*,*,#3932,.T.);
#3935=ORIENTED_EDGE('',*,*,#3934,.T.);
#3936=EDGE_LOOP('',(#3933,#3935));
#3937=FACE_BOUND('',#3936,.F.);
#3939=ORIENTED_EDGE('',*,*,#3938,.T.);
#3941=ORIENTED_EDGE('',*,*,#3940,.T.);
#3942=EDGE_LOOP('',(#3939,#3941));
#3943=FACE_BOUND('',#3942,.F.);
#3945=ORIENTED_EDGE('',*,*,#3944,.T.);
#3947=ORIENTED_EDGE('',*,*,#3946,.T.);
#3948=EDGE_LOOP('',(#3945,#3947));
#3949=FACE_BOUND('',#3948,.F.);
#3951=CARTESIAN_POINT('',(2.29571E0,2.033178983273E0,4.646905707618E0));
#3952=DIRECTION('',(-1.E0,0.E0,0.E0));
#3953=DIRECTION('',(0.E0,0.E0,1.E0));
#3954=AXIS2_PLACEMENT_3D('',#3951,#3952,#3953);
#3955=CYLINDRICAL_SURFACE('',#3954,4.7E-2);
#3956=ORIENTED_EDGE('',*,*,#3944,.F.);
#3958=ORIENTED_EDGE('',*,*,#3957,.T.);
#3960=ORIENTED_EDGE('',*,*,#3959,.T.);
#3962=ORIENTED_EDGE('',*,*,#3961,.F.);
#3963=EDGE_LOOP('',(#3956,#3958,#3960,#3962));
#3964=FACE_OUTER_BOUND('',#3963,.F.);
#3966=CARTESIAN_POINT('',(2.29571E0,2.033178983273E0,4.646905707618E0));
#3967=DIRECTION('',(-1.E0,0.E0,0.E0));
#3968=DIRECTION('',(0.E0,0.E0,1.E0));
#3969=AXIS2_PLACEMENT_3D('',#3966,#3967,#3968);
#3970=CYLINDRICAL_SURFACE('',#3969,4.7E-2);
#3971=ORIENTED_EDGE('',*,*,#3946,.F.);
#3972=ORIENTED_EDGE('',*,*,#3961,.T.);
#3974=ORIENTED_EDGE('',*,*,#3973,.T.);
#3975=ORIENTED_EDGE('',*,*,#3957,.F.);
#3976=EDGE_LOOP('',(#3971,#3972,#3974,#3975));
#3977=FACE_OUTER_BOUND('',#3976,.F.);
#3979=CARTESIAN_POINT('',(2.17031E0,0.E0,0.E0));
#3980=DIRECTION('',(-1.E0,0.E0,0.E0));
#3981=DIRECTION('',(0.E0,0.E0,1.E0));
#3982=AXIS2_PLACEMENT_3D('',#3979,#3980,#3981);
#3983=PLANE('',#3982);
#3985=ORIENTED_EDGE('',*,*,#3984,.T.);
#3987=ORIENTED_EDGE('',*,*,#3986,.F.);
#3989=ORIENTED_EDGE('',*,*,#3988,.F.);
#3991=ORIENTED_EDGE('',*,*,#3990,.F.);
#3992=EDGE_LOOP('',(#3985,#3987,#3989,#3991));
#3993=FACE_OUTER_BOUND('',#3992,.F.);
#3995=ORIENTED_EDGE('',*,*,#3994,.F.);
#3997=ORIENTED_EDGE('',*,*,#3996,.F.);
#3998=EDGE_LOOP('',(#3995,#3997));
#3999=FACE_BOUND('',#3998,.F.);
#4001=ORIENTED_EDGE('',*,*,#4000,.F.);
#4003=ORIENTED_EDGE('',*,*,#4002,.F.);
#4004=EDGE_LOOP('',(#4001,#4003));
#4005=FACE_BOUND('',#4004,.F.);
#4007=ORIENTED_EDGE('',*,*,#4006,.F.);
#4009=ORIENTED_EDGE('',*,*,#4008,.F.);
#4010=EDGE_LOOP('',(#4007,#4009));
#4011=FACE_BOUND('',#4010,.F.);
#4012=ORIENTED_EDGE('',*,*,#3959,.F.);
#4013=ORIENTED_EDGE('',*,*,#3973,.F.);
#4014=EDGE_LOOP('',(#4012,#4013));
#4015=FACE_BOUND('',#4014,.F.);
#4017=ORIENTED_EDGE('',*,*,#4016,.F.);
#4019=ORIENTED_EDGE('',*,*,#4018,.F.);
#4020=EDGE_LOOP('',(#4017,#4019));
#4021=FACE_BOUND('',#4020,.F.);
#4023=CARTESIAN_POINT('',(2.29571E0,2.033178983273E0,5.216905707618E0));
#4024=DIRECTION('',(-1.E0,0.E0,0.E0));
#4025=DIRECTION('',(0.E0,0.E0,1.E0));
#4026=AXIS2_PLACEMENT_3D('',#4023,#4024,#4025);
#4027=CYLINDRICAL_SURFACE('',#4026,4.7E-2);
#4028=ORIENTED_EDGE('',*,*,#3920,.F.);
#4030=ORIENTED_EDGE('',*,*,#4029,.T.);
#4031=ORIENTED_EDGE('',*,*,#3994,.T.);
#4033=ORIENTED_EDGE('',*,*,#4032,.F.);
#4034=EDGE_LOOP('',(#4028,#4030,#4031,#4033));
#4035=FACE_OUTER_BOUND('',#4034,.F.);
#4037=CARTESIAN_POINT('',(2.29571E0,2.033178983273E0,5.216905707618E0));
#4038=DIRECTION('',(-1.E0,0.E0,0.E0));
#4039=DIRECTION('',(0.E0,0.E0,1.E0));
#4040=AXIS2_PLACEMENT_3D('',#4037,#4038,#4039);
#4041=CYLINDRICAL_SURFACE('',#4040,4.7E-2);
#4042=ORIENTED_EDGE('',*,*,#3922,.F.);
#4043=ORIENTED_EDGE('',*,*,#4032,.T.);
#4044=ORIENTED_EDGE('',*,*,#3996,.T.);
#4045=ORIENTED_EDGE('',*,*,#4029,.F.);
#4046=EDGE_LOOP('',(#4042,#4043,#4044,#4045));
#4047=FACE_OUTER_BOUND('',#4046,.F.);
#4049=CARTESIAN_POINT('',(2.29571E0,2.318178983273E0,4.931905707618E0));
#4050=DIRECTION('',(-1.E0,0.E0,0.E0));
#4051=DIRECTION('',(0.E0,0.E0,1.E0));
#4052=AXIS2_PLACEMENT_3D('',#4049,#4050,#4051);
#4053=CYLINDRICAL_SURFACE('',#4052,4.7E-2);
#4054=ORIENTED_EDGE('',*,*,#3926,.F.);
#4056=ORIENTED_EDGE('',*,*,#4055,.T.);
#4057=ORIENTED_EDGE('',*,*,#4000,.T.);
#4059=ORIENTED_EDGE('',*,*,#4058,.F.);
#4060=EDGE_LOOP('',(#4054,#4056,#4057,#4059));
#4061=FACE_OUTER_BOUND('',#4060,.F.);
#4063=CARTESIAN_POINT('',(2.29571E0,2.318178983273E0,4.931905707618E0));
#4064=DIRECTION('',(-1.E0,0.E0,0.E0));
#4065=DIRECTION('',(0.E0,0.E0,1.E0));
#4066=AXIS2_PLACEMENT_3D('',#4063,#4064,#4065);
#4067=CYLINDRICAL_SURFACE('',#4066,4.7E-2);
#4068=ORIENTED_EDGE('',*,*,#3928,.F.);
#4069=ORIENTED_EDGE('',*,*,#4058,.T.);
#4070=ORIENTED_EDGE('',*,*,#4002,.T.);
#4071=ORIENTED_EDGE('',*,*,#4055,.F.);
#4072=EDGE_LOOP('',(#4068,#4069,#4070,#4071));
#4073=FACE_OUTER_BOUND('',#4072,.F.);
#4075=CARTESIAN_POINT('',(2.29571E0,1.748178983273E0,4.931905707618E0));
#4076=DIRECTION('',(-1.E0,0.E0,0.E0));
#4077=DIRECTION('',(0.E0,0.E0,1.E0));
#4078=AXIS2_PLACEMENT_3D('',#4075,#4076,#4077);
#4079=CYLINDRICAL_SURFACE('',#4078,4.7E-2);
#4080=ORIENTED_EDGE('',*,*,#3932,.F.);
#4082=ORIENTED_EDGE('',*,*,#4081,.T.);
#4083=ORIENTED_EDGE('',*,*,#4006,.T.);
#4085=ORIENTED_EDGE('',*,*,#4084,.F.);
#4086=EDGE_LOOP('',(#4080,#4082,#4083,#4085));
#4087=FACE_OUTER_BOUND('',#4086,.F.);
#4089=CARTESIAN_POINT('',(2.29571E0,1.748178983273E0,4.931905707618E0));
#4090=DIRECTION('',(-1.E0,0.E0,0.E0));
#4091=DIRECTION('',(0.E0,0.E0,1.E0));
#4092=AXIS2_PLACEMENT_3D('',#4089,#4090,#4091);
#4093=CYLINDRICAL_SURFACE('',#4092,4.7E-2);
#4094=ORIENTED_EDGE('',*,*,#3934,.F.);
#4095=ORIENTED_EDGE('',*,*,#4084,.T.);
#4096=ORIENTED_EDGE('',*,*,#4008,.T.);
#4097=ORIENTED_EDGE('',*,*,#4081,.F.);
#4098=EDGE_LOOP('',(#4094,#4095,#4096,#4097));
#4099=FACE_OUTER_BOUND('',#4098,.F.);
#4101=CARTESIAN_POINT('',(2.29571E0,2.033178983273E0,4.931905707618E0));
#4102=DIRECTION('',(-1.E0,0.E0,0.E0));
#4103=DIRECTION('',(0.E0,0.E0,1.E0));
#4104=AXIS2_PLACEMENT_3D('',#4101,#4102,#4103);
#4105=CYLINDRICAL_SURFACE('',#4104,7.65E-1);
#4106=ORIENTED_EDGE('',*,*,#3914,.F.);
#4108=ORIENTED_EDGE('',*,*,#4107,.T.);
#4109=ORIENTED_EDGE('',*,*,#3984,.F.);
#4111=ORIENTED_EDGE('',*,*,#4110,.F.);
#4112=EDGE_LOOP('',(#4106,#4108,#4109,#4111));
#4113=FACE_OUTER_BOUND('',#4112,.F.);
#4115=CARTESIAN_POINT('',(2.29571E0,1.016839552110E0,5.671059988310E0));
#4116=DIRECTION('',(0.E0,0.E0,-1.E0));
#4117=DIRECTION('',(0.E0,1.E0,0.E0));
#4118=AXIS2_PLACEMENT_3D('',#4115,#4116,#4117);
#4119=PLANE('',#4118);
#4120=ORIENTED_EDGE('',*,*,#3075,.F.);
#4122=ORIENTED_EDGE('',*,*,#4121,.T.);
#4123=ORIENTED_EDGE('',*,*,#3986,.T.);
#4124=ORIENTED_EDGE('',*,*,#4107,.F.);
#4125=ORIENTED_EDGE('',*,*,#3912,.F.);
#4126=EDGE_LOOP('',(#4120,#4122,#4123,#4124,#4125));
#4127=FACE_OUTER_BOUND('',#4126,.F.);
#4129=CARTESIAN_POINT('',(2.29571E0,2.033178983273E0,4.931905707618E0));
#4130=DIRECTION('',(-1.E0,0.E0,0.E0));
#4131=DIRECTION('',(0.E0,0.E0,1.E0));
#4132=AXIS2_PLACEMENT_3D('',#4129,#4130,#4131);
#4133=CYLINDRICAL_SURFACE('',#4132,1.2567E0);
#4134=ORIENTED_EDGE('',*,*,#3073,.F.);
#4136=ORIENTED_EDGE('',*,*,#4135,.T.);
#4137=ORIENTED_EDGE('',*,*,#3988,.T.);
#4138=ORIENTED_EDGE('',*,*,#4121,.F.);
#4139=EDGE_LOOP('',(#4134,#4136,#4137,#4138));
#4140=FACE_OUTER_BOUND('',#4139,.F.);
#4142=CARTESIAN_POINT('',(2.29571E0,1.276602822913E0,5.045120165954E0));
#4143=DIRECTION('',(0.E0,0.E0,1.E0));
#4144=DIRECTION('',(0.E0,-1.E0,0.E0));
#4145=AXIS2_PLACEMENT_3D('',#4142,#4143,#4144);
#4146=PLANE('',#4145);
#4147=ORIENTED_EDGE('',*,*,#3071,.F.);
#4148=ORIENTED_EDGE('',*,*,#3916,.F.);
#4149=ORIENTED_EDGE('',*,*,#4110,.T.);
#4150=ORIENTED_EDGE('',*,*,#3990,.T.);
#4151=ORIENTED_EDGE('',*,*,#4135,.F.);
#4152=EDGE_LOOP('',(#4147,#4148,#4149,#4150,#4151));
#4153=FACE_OUTER_BOUND('',#4152,.F.);
#4155=CARTESIAN_POINT('',(2.29571E0,2.033178983273E0,4.931905707618E0));
#4156=DIRECTION('',(-1.E0,0.E0,0.E0));
#4157=DIRECTION('',(0.E0,0.E0,1.E0));
#4158=AXIS2_PLACEMENT_3D('',#4155,#4156,#4157);
#4159=CYLINDRICAL_SURFACE('',#4158,1.3E-1);
#4160=ORIENTED_EDGE('',*,*,#3938,.F.);
#4162=ORIENTED_EDGE('',*,*,#4161,.T.);
#4163=ORIENTED_EDGE('',*,*,#4016,.T.);
#4165=ORIENTED_EDGE('',*,*,#4164,.F.);
#4166=EDGE_LOOP('',(#4160,#4162,#4163,#4165));
#4167=FACE_OUTER_BOUND('',#4166,.F.);
#4169=CARTESIAN_POINT('',(2.29571E0,2.033178983273E0,4.931905707618E0));
#4170=DIRECTION('',(-1.E0,0.E0,0.E0));
#4171=DIRECTION('',(0.E0,0.E0,1.E0));
#4172=AXIS2_PLACEMENT_3D('',#4169,#4170,#4171);
#4173=CYLINDRICAL_SURFACE('',#4172,1.3E-1);
#4174=ORIENTED_EDGE('',*,*,#3940,.F.);
#4175=ORIENTED_EDGE('',*,*,#4164,.T.);
#4176=ORIENTED_EDGE('',*,*,#4018,.T.);
#4177=ORIENTED_EDGE('',*,*,#4161,.F.);
#4178=EDGE_LOOP('',(#4174,#4175,#4176,#4177));
#4179=FACE_OUTER_BOUND('',#4178,.F.);
#4181=CARTESIAN_POINT('',(2.29571E0,2.403828761471E-1,5.558393266466E0));
#4182=DIRECTION('',(1.E0,0.E0,0.E0));
#4183=DIRECTION('',(0.E0,1.E0,0.E0));
#4184=AXIS2_PLACEMENT_3D('',#4181,#4182,#4183);
#4185=CYLINDRICAL_SURFACE('',#4184,4.2E-1);
#4186=ORIENTED_EDGE('',*,*,#3110,.T.);
#4188=ORIENTED_EDGE('',*,*,#4187,.T.);
#4189=ORIENTED_EDGE('',*,*,#3190,.F.);
#4191=ORIENTED_EDGE('',*,*,#4190,.F.);
#4192=EDGE_LOOP('',(#4186,#4188,#4189,#4191));
#4193=FACE_OUTER_BOUND('',#4192,.F.);
#4195=CARTESIAN_POINT('',(2.29571E0,2.403828761471E-1,5.558393266466E0));
#4196=DIRECTION('',(1.E0,0.E0,0.E0));
#4197=DIRECTION('',(0.E0,1.E0,0.E0));
#4198=AXIS2_PLACEMENT_3D('',#4195,#4196,#4197);
#4199=CYLINDRICAL_SURFACE('',#4198,4.2E-1);
#4200=ORIENTED_EDGE('',*,*,#3112,.T.);
#4201=ORIENTED_EDGE('',*,*,#4190,.T.);
#4202=ORIENTED_EDGE('',*,*,#3192,.F.);
#4203=ORIENTED_EDGE('',*,*,#4187,.F.);
#4204=EDGE_LOOP('',(#4200,#4201,#4202,#4203));
#4205=FACE_OUTER_BOUND('',#4204,.F.);
#4207=CARTESIAN_POINT('',(2.29571E0,2.403828761471E-1,5.558393266466E0));
#4208=DIRECTION('',(1.E0,0.E0,0.E0));
#4209=DIRECTION('',(0.E0,1.E0,0.E0));
#4210=AXIS2_PLACEMENT_3D('',#4207,#4208,#4209);
#4211=CYLINDRICAL_SURFACE('',#4210,3.179135E-1);
#4212=ORIENTED_EDGE('',*,*,#3055,.F.);
#4214=ORIENTED_EDGE('',*,*,#4213,.T.);
#4215=ORIENTED_EDGE('',*,*,#3196,.F.);
#4217=ORIENTED_EDGE('',*,*,#4216,.F.);
#4218=EDGE_LOOP('',(#4212,#4214,#4215,#4217));
#4219=FACE_OUTER_BOUND('',#4218,.F.);
#4221=CARTESIAN_POINT('',(2.29571E0,2.403828761471E-1,5.558393266466E0));
#4222=DIRECTION('',(1.E0,0.E0,0.E0));
#4223=DIRECTION('',(0.E0,1.E0,0.E0));
#4224=AXIS2_PLACEMENT_3D('',#4221,#4222,#4223);
#4225=CYLINDRICAL_SURFACE('',#4224,3.179135E-1);
#4226=ORIENTED_EDGE('',*,*,#3057,.F.);
#4227=ORIENTED_EDGE('',*,*,#4216,.T.);
#4228=ORIENTED_EDGE('',*,*,#3198,.F.);
#4229=ORIENTED_EDGE('',*,*,#4213,.F.);
#4230=EDGE_LOOP('',(#4226,#4227,#4228,#4229));
#4231=FACE_OUTER_BOUND('',#4230,.F.);
#4233=CARTESIAN_POINT('',(2.38946E0,1.333484778868E0,6.184057562385E0));
#4234=DIRECTION('',(-1.E0,0.E0,0.E0));
#4235=DIRECTION('',(0.E0,0.E0,1.E0));
#4236=AXIS2_PLACEMENT_3D('',#4233,#4234,#4235);
#4237=CYLINDRICAL_SURFACE('',#4236,6.2E-2);
#4239=ORIENTED_EDGE('',*,*,#4238,.F.);
#4241=ORIENTED_EDGE('',*,*,#4240,.T.);
#4242=ORIENTED_EDGE('',*,*,#3116,.F.);
#4244=ORIENTED_EDGE('',*,*,#4243,.F.);
#4245=EDGE_LOOP('',(#4239,#4241,#4242,#4244));
#4246=FACE_OUTER_BOUND('',#4245,.F.);
#4248=CARTESIAN_POINT('',(2.359959999739E0,1.333484778868E0,6.184057562385E0));
#4249=DIRECTION('',(1.E0,0.E0,0.E0));
#4250=DIRECTION('',(0.E0,0.E0,-1.E0));
#4251=AXIS2_PLACEMENT_3D('',#4248,#4249,#4250);
#4252=CONICAL_SURFACE('',#4251,9.149999973886E-2,4.5E1);
#4253=ORIENTED_EDGE('',*,*,#2904,.F.);
#4255=ORIENTED_EDGE('',*,*,#4254,.T.);
#4256=ORIENTED_EDGE('',*,*,#4238,.T.);
#4258=ORIENTED_EDGE('',*,*,#4257,.F.);
#4259=EDGE_LOOP('',(#4253,#4255,#4256,#4258));
#4260=FACE_OUTER_BOUND('',#4259,.F.);
#4262=CARTESIAN_POINT('',(2.359959999739E0,1.333484778868E0,6.184057562385E0));
#4263=DIRECTION('',(1.E0,0.E0,0.E0));
#4264=DIRECTION('',(0.E0,0.E0,-1.E0));
#4265=AXIS2_PLACEMENT_3D('',#4262,#4263,#4264);
#4266=CONICAL_SURFACE('',#4265,9.149999973886E-2,4.5E1);
#4267=ORIENTED_EDGE('',*,*,#2902,.F.);
#4268=ORIENTED_EDGE('',*,*,#4257,.T.);
#4270=ORIENTED_EDGE('',*,*,#4269,.T.);
#4271=ORIENTED_EDGE('',*,*,#4254,.F.);
#4272=EDGE_LOOP('',(#4267,#4268,#4270,#4271));
#4273=FACE_OUTER_BOUND('',#4272,.F.);
#4275=CARTESIAN_POINT('',(2.38946E0,1.333484778868E0,6.184057562385E0));
#4276=DIRECTION('',(-1.E0,0.E0,0.E0));
#4277=DIRECTION('',(0.E0,0.E0,1.E0));
#4278=AXIS2_PLACEMENT_3D('',#4275,#4276,#4277);
#4279=CYLINDRICAL_SURFACE('',#4278,6.2E-2);
#4280=ORIENTED_EDGE('',*,*,#4269,.F.);
#4281=ORIENTED_EDGE('',*,*,#4243,.T.);
#4282=ORIENTED_EDGE('',*,*,#3118,.F.);
#4283=ORIENTED_EDGE('',*,*,#4240,.F.);
#4284=EDGE_LOOP('',(#4280,#4281,#4282,#4283));
#4285=FACE_OUTER_BOUND('',#4284,.F.);
#4287=CARTESIAN_POINT('',(2.38946E0,1.291726504388E0,6.671237431312E0));
#4288=DIRECTION('',(-1.E0,0.E0,0.E0));
#4289=DIRECTION('',(0.E0,0.E0,1.E0));
#4290=AXIS2_PLACEMENT_3D('',#4287,#4288,#4289);
#4291=CYLINDRICAL_SURFACE('',#4290,6.2E-2);
#4293=ORIENTED_EDGE('',*,*,#4292,.F.);
#4295=ORIENTED_EDGE('',*,*,#4294,.T.);
#4296=ORIENTED_EDGE('',*,*,#3122,.F.);
#4298=ORIENTED_EDGE('',*,*,#4297,.F.);
#4299=EDGE_LOOP('',(#4293,#4295,#4296,#4298));
#4300=FACE_OUTER_BOUND('',#4299,.F.);
#4302=CARTESIAN_POINT('',(2.359959999739E0,1.291726504388E0,6.671237431312E0));
#4303=DIRECTION('',(1.E0,0.E0,0.E0));
#4304=DIRECTION('',(0.E0,0.E0,-1.E0));
#4305=AXIS2_PLACEMENT_3D('',#4302,#4303,#4304);
#4306=CONICAL_SURFACE('',#4305,9.149999973886E-2,4.5E1);
#4307=ORIENTED_EDGE('',*,*,#2892,.F.);
#4309=ORIENTED_EDGE('',*,*,#4308,.T.);
#4310=ORIENTED_EDGE('',*,*,#4292,.T.);
#4312=ORIENTED_EDGE('',*,*,#4311,.F.);
#4313=EDGE_LOOP('',(#4307,#4309,#4310,#4312));
#4314=FACE_OUTER_BOUND('',#4313,.F.);
#4316=CARTESIAN_POINT('',(2.359959999739E0,1.291726504388E0,6.671237431312E0));
#4317=DIRECTION('',(1.E0,0.E0,0.E0));
#4318=DIRECTION('',(0.E0,0.E0,-1.E0));
#4319=AXIS2_PLACEMENT_3D('',#4316,#4317,#4318);
#4320=CONICAL_SURFACE('',#4319,9.149999973886E-2,4.5E1);
#4321=ORIENTED_EDGE('',*,*,#2890,.F.);
#4322=ORIENTED_EDGE('',*,*,#4311,.T.);
#4324=ORIENTED_EDGE('',*,*,#4323,.T.);
#4325=ORIENTED_EDGE('',*,*,#4308,.F.);
#4326=EDGE_LOOP('',(#4321,#4322,#4324,#4325));
#4327=FACE_OUTER_BOUND('',#4326,.F.);
#4329=CARTESIAN_POINT('',(2.38946E0,1.291726504388E0,6.671237431312E0));
#4330=DIRECTION('',(-1.E0,0.E0,0.E0));
#4331=DIRECTION('',(0.E0,0.E0,1.E0));
#4332=AXIS2_PLACEMENT_3D('',#4329,#4330,#4331);
#4333=CYLINDRICAL_SURFACE('',#4332,6.2E-2);
#4334=ORIENTED_EDGE('',*,*,#4323,.F.);
#4335=ORIENTED_EDGE('',*,*,#4297,.T.);
#4336=ORIENTED_EDGE('',*,*,#3124,.F.);
#4337=ORIENTED_EDGE('',*,*,#4294,.F.);
#4338=EDGE_LOOP('',(#4334,#4335,#4336,#4337));
#4339=FACE_OUTER_BOUND('',#4338,.F.);
#4341=CARTESIAN_POINT('',(2.38946E0,1.820716092273E0,6.142350741112E0));
#4342=DIRECTION('',(-1.E0,0.E0,0.E0));
#4343=DIRECTION('',(0.E0,0.E0,1.E0));
#4344=AXIS2_PLACEMENT_3D('',#4341,#4342,#4343);
#4345=CYLINDRICAL_SURFACE('',#4344,6.2E-2);
#4347=ORIENTED_EDGE('',*,*,#4346,.F.);
#4349=ORIENTED_EDGE('',*,*,#4348,.T.);
#4350=ORIENTED_EDGE('',*,*,#3128,.F.);
#4352=ORIENTED_EDGE('',*,*,#4351,.F.);
#4353=EDGE_LOOP('',(#4347,#4349,#4350,#4352));
#4354=FACE_OUTER_BOUND('',#4353,.F.);
#4356=CARTESIAN_POINT('',(2.359959999739E0,1.820716092273E0,6.142350741112E0));
#4357=DIRECTION('',(1.E0,0.E0,0.E0));
#4358=DIRECTION('',(0.E0,0.E0,-1.E0));
#4359=AXIS2_PLACEMENT_3D('',#4356,#4357,#4358);
#4360=CONICAL_SURFACE('',#4359,9.149999973886E-2,4.5E1);
#4361=ORIENTED_EDGE('',*,*,#2898,.F.);
#4363=ORIENTED_EDGE('',*,*,#4362,.T.);
#4364=ORIENTED_EDGE('',*,*,#4346,.T.);
#4366=ORIENTED_EDGE('',*,*,#4365,.F.);
#4367=EDGE_LOOP('',(#4361,#4363,#4364,#4366));
#4368=FACE_OUTER_BOUND('',#4367,.F.);
#4370=CARTESIAN_POINT('',(2.359959999739E0,1.820716092273E0,6.142350741112E0));
#4371=DIRECTION('',(1.E0,0.E0,0.E0));
#4372=DIRECTION('',(0.E0,0.E0,-1.E0));
#4373=AXIS2_PLACEMENT_3D('',#4370,#4371,#4372);
#4374=CONICAL_SURFACE('',#4373,9.149999973886E-2,4.5E1);
#4375=ORIENTED_EDGE('',*,*,#2896,.F.);
#4376=ORIENTED_EDGE('',*,*,#4365,.T.);
#4378=ORIENTED_EDGE('',*,*,#4377,.T.);
#4379=ORIENTED_EDGE('',*,*,#4362,.F.);
#4380=EDGE_LOOP('',(#4375,#4376,#4378,#4379));
#4381=FACE_OUTER_BOUND('',#4380,.F.);
#4383=CARTESIAN_POINT('',(2.38946E0,1.820716092273E0,6.142350741112E0));
#4384=DIRECTION('',(-1.E0,0.E0,0.E0));
#4385=DIRECTION('',(0.E0,0.E0,1.E0));
#4386=AXIS2_PLACEMENT_3D('',#4383,#4384,#4385);
#4387=CYLINDRICAL_SURFACE('',#4386,6.2E-2);
#4388=ORIENTED_EDGE('',*,*,#4377,.F.);
#4389=ORIENTED_EDGE('',*,*,#4351,.T.);
#4390=ORIENTED_EDGE('',*,*,#3130,.F.);
#4391=ORIENTED_EDGE('',*,*,#4348,.F.);
#4392=EDGE_LOOP('',(#4388,#4389,#4390,#4391));
#4393=FACE_OUTER_BOUND('',#4392,.F.);
#4395=CARTESIAN_POINT('',(2.38946E0,1.778906373316E0,6.629534831053E0));
#4396=DIRECTION('',(-1.E0,0.E0,0.E0));
#4397=DIRECTION('',(0.E0,0.E0,1.E0));
#4398=AXIS2_PLACEMENT_3D('',#4395,#4396,#4397);
#4399=CYLINDRICAL_SURFACE('',#4398,6.2E-2);
#4401=ORIENTED_EDGE('',*,*,#4400,.F.);
#4403=ORIENTED_EDGE('',*,*,#4402,.T.);
#4404=ORIENTED_EDGE('',*,*,#3134,.F.);
#4406=ORIENTED_EDGE('',*,*,#4405,.F.);
#4407=EDGE_LOOP('',(#4401,#4403,#4404,#4406));
#4408=FACE_OUTER_BOUND('',#4407,.F.);
#4410=CARTESIAN_POINT('',(2.359959999739E0,1.778906373316E0,6.629534831053E0));
#4411=DIRECTION('',(1.E0,0.E0,0.E0));
#4412=DIRECTION('',(0.E0,0.E0,-1.E0));
#4413=AXIS2_PLACEMENT_3D('',#4410,#4411,#4412);
#4414=CONICAL_SURFACE('',#4413,9.149999973886E-2,4.5E1);
#4415=ORIENTED_EDGE('',*,*,#2886,.F.);
#4417=ORIENTED_EDGE('',*,*,#4416,.T.);
#4418=ORIENTED_EDGE('',*,*,#4400,.T.);
#4420=ORIENTED_EDGE('',*,*,#4419,.F.);
#4421=EDGE_LOOP('',(#4415,#4417,#4418,#4420));
#4422=FACE_OUTER_BOUND('',#4421,.F.);
#4424=CARTESIAN_POINT('',(2.359959999739E0,1.778906373316E0,6.629534831053E0));
#4425=DIRECTION('',(1.E0,0.E0,0.E0));
#4426=DIRECTION('',(0.E0,0.E0,-1.E0));
#4427=AXIS2_PLACEMENT_3D('',#4424,#4425,#4426);
#4428=CONICAL_SURFACE('',#4427,9.149999973886E-2,4.5E1);
#4429=ORIENTED_EDGE('',*,*,#2884,.F.);
#4430=ORIENTED_EDGE('',*,*,#4419,.T.);
#4432=ORIENTED_EDGE('',*,*,#4431,.T.);
#4433=ORIENTED_EDGE('',*,*,#4416,.F.);
#4434=EDGE_LOOP('',(#4429,#4430,#4432,#4433));
#4435=FACE_OUTER_BOUND('',#4434,.F.);
#4437=CARTESIAN_POINT('',(2.38946E0,1.778906373316E0,6.629534831053E0));
#4438=DIRECTION('',(-1.E0,0.E0,0.E0));
#4439=DIRECTION('',(0.E0,0.E0,1.E0));
#4440=AXIS2_PLACEMENT_3D('',#4437,#4438,#4439);
#4441=CYLINDRICAL_SURFACE('',#4440,6.2E-2);
#4442=ORIENTED_EDGE('',*,*,#4431,.F.);
#4443=ORIENTED_EDGE('',*,*,#4405,.T.);
#4444=ORIENTED_EDGE('',*,*,#3136,.F.);
#4445=ORIENTED_EDGE('',*,*,#4402,.F.);
#4446=EDGE_LOOP('',(#4442,#4443,#4444,#4445));
#4447=FACE_OUTER_BOUND('',#4446,.F.);
#4451=FILL_AREA_STYLE_COLOUR('',#13);
#4452=FILL_AREA_STYLE('',(#4451));
#4453=SURFACE_STYLE_FILL_AREA(#4452);
#4454=SURFACE_SIDE_STYLE('',(#4453));
#4455=SURFACE_STYLE_USAGE(.BOTH.,#4454);
#4456=PRESENTATION_STYLE_ASSIGNMENT((#4455));
#14=STYLED_ITEM('',(#4456),#4450);
#4458=LENGTH_MEASURE_WITH_UNIT(LENGTH_MEASURE(2.54E1),#4457);
#4459=(CONVERSION_BASED_UNIT('INCH',#4458)LENGTH_UNIT()NAMED_UNIT(*));
#4461=PLANE_ANGLE_MEASURE_WITH_UNIT(PLANE_ANGLE_MEASURE(1.745329251994E-2),
#4460);
#4462=(CONVERSION_BASED_UNIT('DEGREE',#4461)NAMED_UNIT(*)PLANE_ANGLE_UNIT());
#4464=UNCERTAINTY_MEASURE_WITH_UNIT(LENGTH_MEASURE(6.799599471855E-4),#4459,
'closure',
'Maximum model space distance between geometric entities at asserted connectivities');
#4466=CARTESIAN_POINT('',(0.E0,0.E0,0.E0));
#4467=DIRECTION('',(0.E0,0.E0,1.E0));
#4468=DIRECTION('',(1.E0,0.E0,0.E0));
#4471=MECHANICAL_DESIGN_GEOMETRIC_PRESENTATION_REPRESENTATION('',(#23,#31,#39,
#47,#54,#61,#68,#75,#83,#90,#97,#104,#111,#118,#126,#133,#140,#147,#154,#162,
#170,#178,#186,#194,#202,#210,#218,#226,#234,#241,#248,#256,#264,#272,#279,#286,
#293,#301,#308,#315,#323,#330,#337,#344,#351,#359,#367,#375,#383,#390,#398,#405,
#412,#419,#426,#433,#441,#448,#455,#462,#470,#478,#486,#494,#502,#510,#518,#526,
#533,#540,#547,#554,#561,#568,#575,#582,#589,#596,#603,#610,#617,#624,#631,#638,
#645,#652,#659,#667,#675,#683,#691,#699,#707,#715,#723,#731,#739,#746,#754,#761,
#768,#776,#783,#790,#797,#805,#813,#820,#828,#836,#844,#852,#860,#868,#876,#884,
#891,#898,#906,#914,#922,#930,#938,#946,#954,#962,#969,#976,#983,#990,#998,
#1005,#1012,#1020,#1028,#1036,#1044,#1052,#1060,#1068,#1076,#1083,#1090,#1097,
#1104,#1111,#1118,#1125,#1132,#1139,#1146,#1153,#1161,#1169,#1176,#1183,#1190,
#1197,#1204,#1211,#1218,#1225,#1232,#1239,#1246,#1253,#1260,#1267,#1274,#1281,
#1288,#1295,#1302,#1309,#1316,#1323,#1330,#1338,#1346,#1354,#1361,#1369,#1377,
#1385,#1392,#1400,#1408,#1416,#1424,#1432,#1440,#1448,#1456,#1464,#1472,#1479,
#1486,#1493,#1500,#1508,#1516,#1524,#1532,#1540,#1548,#1556,#1564,#1571,#1579,
#1586,#1594,#1602,#1609,#1616,#1623,#1630,#1637,#1644,#1652,#1659,#1667,#1674,
#1681,#1688,#1695,#1702,#1710,#1718,#1726,#1734,#1742,#1750,#1758,#1766,#1774,
#1782,#1789,#1796,#1803,#1810,#1818,#1826,#1834,#1842,#1850,#1858,#1866,#1874,
#1881,#1889,#1896,#1904,#1912,#1919,#1926,#1933,#1940,#1947,#1954,#1962,#1969,
#1977,#1984,#1991,#1998,#2005,#2012,#2019,#2026,#2033,#2040,#2048,#2055,#2062,
#2069,#2077,#2084,#2092,#2099,#2106,#2113,#2121,#2128,#2136,#2143,#2150,#2157,
#2165,#2172,#2180,#2187,#2194,#2201,#2209,#2216,#2915,#14),#4465);
#4472=APPLICATION_CONTEXT('automotive design');
#4473=APPLICATION_PROTOCOL_DEFINITION('international standard',
'config_control_design',1994,#4472);
#4474=PRODUCT_DEFINITION_CONTEXT('',#4472,'design');
#4475=PRODUCT_CONTEXT('',#4472,'mechanical');
#4476=PRODUCT('SKINNY-LEG-SIDE-PLATE-3_MIR','SKINNY-LEG-SIDE-PLATE-3_MIR',
'NOT SPECIFIED',(#4475));
#4477=PRODUCT_DEFINITION_FORMATION_WITH_SPECIFIED_SOURCE('1','LAST_VERSION',
#4476,.MADE.);
#4485=LENGTH_MEASURE_WITH_UNIT(LENGTH_MEASURE(2.54E1),#4484);
#4486=(CONVERSION_BASED_UNIT('INCH',#4485)LENGTH_UNIT()NAMED_UNIT(*));
#4487=DERIVED_UNIT_ELEMENT(#4486,2.E0);
#4488=AREA_UNIT((#4487));
#4489=MEASURE_REPRESENTATION_ITEM('surface area measure',AREA_MEASURE(
8.428873673476E1),#4488);
#4494=LENGTH_MEASURE_WITH_UNIT(LENGTH_MEASURE(2.54E1),#4493);
#4495=(CONVERSION_BASED_UNIT('INCH',#4494)LENGTH_UNIT()NAMED_UNIT(*));
#4496=DERIVED_UNIT_ELEMENT(#4495,3.E0);
#4497=VOLUME_UNIT((#4496));
#4498=MEASURE_REPRESENTATION_ITEM('volume measure',VOLUME_MEASURE(
3.941418384886E0),#4497);
#4502=CARTESIAN_POINT('centre point',(1.192345023896E0,5.216879218599E-1,
5.646956135527E0));
#4507=LENGTH_MEASURE_WITH_UNIT(LENGTH_MEASURE(2.54E1),#4506);
#4508=(CONVERSION_BASED_UNIT('INCH',#4507)LENGTH_UNIT()NAMED_UNIT(*));
#4509=DERIVED_UNIT_ELEMENT(#4508,2.E0);
#4510=AREA_UNIT((#4509));
#4511=MEASURE_REPRESENTATION_ITEM('surface area measure',AREA_MEASURE(
8.428873673476E1),#4510);
#4516=LENGTH_MEASURE_WITH_UNIT(LENGTH_MEASURE(2.54E1),#4515);
#4517=(CONVERSION_BASED_UNIT('INCH',#4516)LENGTH_UNIT()NAMED_UNIT(*));
#4518=DERIVED_UNIT_ELEMENT(#4517,3.E0);
#4519=VOLUME_UNIT((#4518));
#4520=MEASURE_REPRESENTATION_ITEM('volume measure',VOLUME_MEASURE(
3.941418384886E0),#4519);
#4524=CARTESIAN_POINT('centre point',(1.192345023896E0,5.216879218599E-1,
5.646956135527E0));
#1=DRAUGHTING_PRE_DEFINED_COLOUR('green');
#2=COLOUR_RGB('',1.1E-2,1.2E-2,1.E0);
#3=COLOUR_RGB('',4.1E-1,2.61589E-1,1.12848E-1);
#4=COLOUR_RGB('',5.04854E-1,1.5455E-2,1.5455E-2);
#5=COLOUR_RGB('',6.35294E-1,6.86275E-1,7.4902E-1);
#6=COLOUR_RGB('',6.40777E-1,6.40777E-1,6.40777E-1);
#7=COLOUR_RGB('',6.69062E-1,6.69903E-1,6.55217E-1);
#8=COLOUR_RGB('',9.21569E-1,7.05882E-1,4.70588E-1);
#9=DRAUGHTING_PRE_DEFINED_COLOUR('red');
#10=DRAUGHTING_PRE_DEFINED_COLOUR('yellow');
#11=COLOUR_RGB('',1.E0,1.E0,5.3E-1);
#12=COLOUR_RGB('',1.E0,1.E0,9.49E-1);
#13=DRAUGHTING_PRE_DEFINED_COLOUR('white');
#19=CIRCLE('',#18,2.5E-1);
#28=CIRCLE('',#27,2.5E-1);
#36=CIRCLE('',#35,2.5E-1);
#44=CIRCLE('',#43,2.5E-1);
#80=CIRCLE('',#79,8.5675E-1);
#123=CIRCLE('',#122,4.2E-1);
#159=CIRCLE('',#158,2.5E-1);
#167=CIRCLE('',#166,2.5E-1);
#175=CIRCLE('',#174,2.5E-1);
#183=CIRCLE('',#182,2.5E-1);
#191=CIRCLE('',#190,3.179135E-1);
#199=CIRCLE('',#198,3.179135E-1);
#207=CIRCLE('',#206,4.2E-1);
#215=CIRCLE('',#214,4.2E-1);
#223=CIRCLE('',#222,3.179135E-1);
#231=CIRCLE('',#230,3.179135E-1);
#253=CIRCLE('',#252,4.2E-1);
#261=CIRCLE('',#260,4.2E-1);
#269=CIRCLE('',#268,4.2E-1);
#298=CIRCLE('',#297,9.689524175803E-1);
#320=CIRCLE('',#319,1.2567E0);
#356=CIRCLE('',#355,2.5E-1);
#364=CIRCLE('',#363,2.5E-1);
#372=CIRCLE('',#371,2.5E-1);
#380=CIRCLE('',#379,2.5E-1);
#395=CIRCLE('',#394,4.2E-1);
#438=CIRCLE('',#437,8.5675E-1);
#467=CIRCLE('',#466,1.21E-1);
#475=CIRCLE('',#474,1.21E-1);
#483=CIRCLE('',#482,1.21E-1);
#491=CIRCLE('',#490,1.21E-1);
#499=CIRCLE('',#498,1.21E-1);
#507=CIRCLE('',#506,1.21E-1);
#515=CIRCLE('',#514,1.21E-1);
#523=CIRCLE('',#522,1.21E-1);
#664=CIRCLE('',#663,2.5E-1);
#672=CIRCLE('',#671,2.5E-1);
#680=CIRCLE('',#679,2.5E-1);
#688=CIRCLE('',#687,2.5E-1);
#696=CIRCLE('',#695,3.179135E-1);
#704=CIRCLE('',#703,3.179135E-1);
#712=CIRCLE('',#711,4.2E-1);
#720=CIRCLE('',#719,4.2E-1);
#728=CIRCLE('',#727,3.179135E-1);
#736=CIRCLE('',#735,3.179135E-1);
#751=CIRCLE('',#750,1.2567E0);
#773=CIRCLE('',#772,9.689524175803E-1);
#802=CIRCLE('',#801,4.2E-1);
#810=CIRCLE('',#809,4.2E-1);
#825=CIRCLE('',#824,6.2E-2);
#833=CIRCLE('',#832,6.2E-2);
#841=CIRCLE('',#840,6.2E-2);
#849=CIRCLE('',#848,6.2E-2);
#857=CIRCLE('',#856,6.2E-2);
#865=CIRCLE('',#864,6.2E-2);
#873=CIRCLE('',#872,6.2E-2);
#881=CIRCLE('',#880,6.2E-2);
#903=CIRCLE('',#902,4.2E-1);
#911=CIRCLE('',#910,4.2E-1);
#919=CIRCLE('',#918,3.179135E-1);
#927=CIRCLE('',#926,3.179135E-1);
#935=CIRCLE('',#934,4.2E-1);
#943=CIRCLE('',#942,4.2E-1);
#951=CIRCLE('',#950,3.179135E-1);
#959=CIRCLE('',#958,3.179135E-1);
#995=CIRCLE('',#994,4.2E-1);
#1017=CIRCLE('',#1016,4.2E-1);
#1025=CIRCLE('',#1024,4.2E-1);
#1033=CIRCLE('',#1032,3.179135E-1);
#1041=CIRCLE('',#1040,3.179135E-1);
#1049=CIRCLE('',#1048,4.2E-1);
#1057=CIRCLE('',#1056,4.2E-1);
#1065=CIRCLE('',#1064,3.179135E-1);
#1073=CIRCLE('',#1072,3.179135E-1);
#1158=CIRCLE('',#1157,9.689524175803E-1);
#1166=CIRCLE('',#1165,9.689524175803E-1);
#1335=CIRCLE('',#1334,8.5675E-1);
#1343=CIRCLE('',#1342,8.5675E-1);
#1351=CIRCLE('',#1350,8.5675E-1);
#1366=CIRCLE('',#1365,8.5675E-1);
#1374=CIRCLE('',#1373,8.5675E-1);
#1382=CIRCLE('',#1381,8.5675E-1);
#1397=CIRCLE('',#1396,4.7E-2);
#1405=CIRCLE('',#1404,4.7E-2);
#1413=CIRCLE('',#1412,4.7E-2);
#1421=CIRCLE('',#1420,4.7E-2);
#1429=CIRCLE('',#1428,4.7E-2);
#1437=CIRCLE('',#1436,4.7E-2);
#1445=CIRCLE('',#1444,4.7E-2);
#1453=CIRCLE('',#1452,4.7E-2);
#1461=CIRCLE('',#1460,1.3E-1);
#1469=CIRCLE('',#1468,1.3E-1);
#1505=CIRCLE('',#1504,4.7E-2);
#1513=CIRCLE('',#1512,4.7E-2);
#1521=CIRCLE('',#1520,4.7E-2);
#1529=CIRCLE('',#1528,4.7E-2);
#1537=CIRCLE('',#1536,4.7E-2);
#1545=CIRCLE('',#1544,4.7E-2);
#1553=CIRCLE('',#1552,4.7E-2);
#1561=CIRCLE('',#1560,4.7E-2);
#1576=CIRCLE('',#1575,1.2567E0);
#1591=CIRCLE('',#1590,1.3E-1);
#1599=CIRCLE('',#1598,1.3E-1);
#1649=CIRCLE('',#1648,7.65E-1);
#1664=CIRCLE('',#1663,7.65E-1);
#1707=CIRCLE('',#1706,4.7E-2);
#1715=CIRCLE('',#1714,4.7E-2);
#1723=CIRCLE('',#1722,4.7E-2);
#1731=CIRCLE('',#1730,4.7E-2);
#1739=CIRCLE('',#1738,4.7E-2);
#1747=CIRCLE('',#1746,4.7E-2);
#1755=CIRCLE('',#1754,4.7E-2);
#1763=CIRCLE('',#1762,4.7E-2);
#1771=CIRCLE('',#1770,1.3E-1);
#1779=CIRCLE('',#1778,1.3E-1);
#1815=CIRCLE('',#1814,4.7E-2);
#1823=CIRCLE('',#1822,4.7E-2);
#1831=CIRCLE('',#1830,4.7E-2);
#1839=CIRCLE('',#1838,4.7E-2);
#1847=CIRCLE('',#1846,4.7E-2);
#1855=CIRCLE('',#1854,4.7E-2);
#1863=CIRCLE('',#1862,4.7E-2);
#1871=CIRCLE('',#1870,4.7E-2);
#1886=CIRCLE('',#1885,1.2567E0);
#1901=CIRCLE('',#1900,1.3E-1);
#1909=CIRCLE('',#1908,1.3E-1);
#1959=CIRCLE('',#1958,7.65E-1);
#1974=CIRCLE('',#1973,7.65E-1);
#2045=CIRCLE('',#2044,6.2E-2);
#2074=CIRCLE('',#2073,6.2E-2);
#2089=CIRCLE('',#2088,6.2E-2);
#2118=CIRCLE('',#2117,6.2E-2);
#2133=CIRCLE('',#2132,6.2E-2);
#2162=CIRCLE('',#2161,6.2E-2);
#2177=CIRCLE('',#2176,6.2E-2);
#2206=CIRCLE('',#2205,6.2E-2);
#2606=EDGE_CURVE('',#2385,#2386,#51,.T.);
#2608=EDGE_CURVE('',#2226,#2386,#58,.T.);
#2610=EDGE_CURVE('',#2224,#2226,#65,.T.);
#2612=EDGE_CURVE('',#2222,#2224,#72,.T.);
#2614=EDGE_CURVE('',#2220,#2222,#80,.T.);
#2616=EDGE_CURVE('',#2219,#2220,#87,.T.);
#2618=EDGE_CURVE('',#2230,#2219,#94,.T.);
#2620=EDGE_CURVE('',#2229,#2230,#101,.T.);
#2622=EDGE_CURVE('',#2389,#2229,#108,.T.);
#2624=EDGE_CURVE('',#2389,#2390,#115,.T.);
#2626=EDGE_CURVE('',#2385,#2390,#123,.T.);
#2630=EDGE_CURVE('',#2295,#2296,#36,.T.);
#2632=EDGE_CURVE('',#2296,#2295,#44,.T.);
#2636=EDGE_CURVE('',#2291,#2292,#19,.T.);
#2638=EDGE_CURVE('',#2292,#2291,#28,.T.);
#2642=ADVANCED_FACE('',(#2629,#2635,#2641),#2605,.T.);
#2649=EDGE_CURVE('',#2307,#2291,#130,.T.);
#2651=EDGE_CURVE('',#2307,#2308,#159,.T.);
#2653=EDGE_CURVE('',#2308,#2292,#144,.T.);
#2657=ADVANCED_FACE('',(#2656),#2647,.F.);
#2663=EDGE_CURVE('',#2299,#2300,#356,.T.);
#2665=EDGE_CURVE('',#2300,#2316,#151,.T.);
#2667=EDGE_CURVE('',#2315,#2316,#664,.T.);
#2669=EDGE_CURVE('',#2299,#2315,#137,.T.);
#2673=ADVANCED_FACE('',(#2672),#2662,.F.);
#2681=EDGE_CURVE('',#2308,#2307,#167,.T.);
#2686=ADVANCED_FACE('',(#2685),#2678,.F.);
#2692=EDGE_CURVE('',#2300,#2299,#364,.T.);
#2695=EDGE_CURVE('',#2316,#2315,#672,.T.);
#2700=ADVANCED_FACE('',(#2699),#2691,.F.);
#2706=EDGE_CURVE('',#2373,#2374,#191,.T.);
#2708=EDGE_CURVE('',#2374,#2373,#199,.T.);
#2712=EDGE_CURVE('',#2311,#2312,#175,.T.);
#2714=EDGE_CURVE('',#2312,#2311,#183,.T.);
#2718=ADVANCED_FACE('',(#2711,#2717),#2705,.F.);
#2724=EDGE_CURVE('',#2381,#2382,#223,.T.);
#2726=EDGE_CURVE('',#2382,#2381,#231,.T.);
#2734=ADVANCED_FACE('',(#2729,#2733),#2723,.F.);
#2740=EDGE_CURVE('',#2439,#2442,#238,.T.);
#2742=EDGE_CURVE('',#2271,#2439,#1335,.T.);
#2744=EDGE_CURVE('',#2271,#2272,#649,.T.);
#2746=EDGE_CURVE('',#2272,#2280,#628,.T.);
#2748=EDGE_CURVE('',#2280,#2274,#1166,.T.);
#2750=EDGE_CURVE('',#2274,#2255,#1173,.T.);
#2752=EDGE_CURVE('',#2255,#2401,#1222,.T.);
#2754=EDGE_CURVE('',#2401,#2402,#245,.T.);
#2756=EDGE_CURVE('',#2370,#2402,#253,.T.);
#2758=EDGE_CURVE('',#2369,#2370,#261,.T.);
#2760=EDGE_CURVE('',#2406,#2369,#269,.T.);
#2762=EDGE_CURVE('',#2405,#2406,#276,.T.);
#2764=EDGE_CURVE('',#2405,#2247,#283,.T.);
#2766=EDGE_CURVE('',#2247,#2248,#290,.T.);
#2768=EDGE_CURVE('',#2248,#2288,#1271,.T.);
#2770=EDGE_CURVE('',#2288,#2284,#298,.T.);
#2772=EDGE_CURVE('',#2284,#2264,#305,.T.);
#2774=EDGE_CURVE('',#2263,#2264,#1320,.T.);
#2776=EDGE_CURVE('',#2440,#2263,#1351,.T.);
#2778=EDGE_CURVE('',#2444,#2440,#312,.T.);
#2780=EDGE_CURVE('',#2442,#2444,#320,.T.);
#2784=EDGE_CURVE('',#2377,#2378,#207,.T.);
#2786=EDGE_CURVE('',#2378,#2377,#215,.T.);
#2790=ADVANCED_FACE('',(#2783,#2789),#2739,.F.);
#2797=EDGE_CURVE('',#2311,#2295,#327,.T.);
#2800=EDGE_CURVE('',#2312,#2296,#341,.T.);
#2804=ADVANCED_FACE('',(#2803),#2795,.F.);
#2810=EDGE_CURVE('',#2303,#2304,#372,.T.);
#2812=EDGE_CURVE('',#2304,#2320,#348,.T.);
#2814=EDGE_CURVE('',#2319,#2320,#680,.T.);
#2816=EDGE_CURVE('',#2303,#2319,#334,.T.);
#2820=ADVANCED_FACE('',(#2819),#2809,.F.);
#2832=ADVANCED_FACE('',(#2831),#2825,.F.);
#2838=EDGE_CURVE('',#2304,#2303,#380,.T.);
#2841=EDGE_CURVE('',#2320,#2319,#688,.T.);
#2846=ADVANCED_FACE('',(#2845),#2837,.F.);
#2852=EDGE_CURVE('',#2393,#2394,#387,.T.);
#2854=EDGE_CURVE('',#2398,#2393,#395,.T.);
#2856=EDGE_CURVE('',#2397,#2398,#402,.T.);
#2858=EDGE_CURVE('',#2397,#2243,#409,.T.);
#2860=EDGE_CURVE('',#2243,#2244,#416,.T.);
#2862=EDGE_CURVE('',#2244,#2233,#423,.T.);
#2864=EDGE_CURVE('',#2233,#2234,#430,.T.);
#2866=EDGE_CURVE('',#2234,#2236,#438,.T.);
#2868=EDGE_CURVE('',#2236,#2238,#445,.T.);
#2870=EDGE_CURVE('',#2238,#2240,#452,.T.);
#2872=EDGE_CURVE('',#2240,#2394,#459,.T.);
#2884=EDGE_CURVE('',#2555,#2556,#467,.T.);
#2886=EDGE_CURVE('',#2556,#2555,#475,.T.);
#2890=EDGE_CURVE('',#2563,#2564,#483,.T.);
#2892=EDGE_CURVE('',#2564,#2563,#491,.T.);
#2896=EDGE_CURVE('',#2571,#2572,#499,.T.);
#2898=EDGE_CURVE('',#2572,#2571,#507,.T.);
#2902=EDGE_CURVE('',#2579,#2580,#515,.T.);
#2904=EDGE_CURVE('',#2580,#2579,#523,.T.);
#2908=ADVANCED_FACE('',(#2875,#2879,#2883,#2889,#2895,#2901,#2907),#2851,.F.);
#2921=EDGE_CURVE('',#2587,#2595,#530,.T.);
#2923=EDGE_CURVE('',#2595,#2409,#1243,.T.);
#2925=EDGE_CURVE('',#2409,#2410,#817,.T.);
#2927=EDGE_CURVE('',#2393,#2410,#537,.T.);
#2930=EDGE_CURVE('',#2587,#2394,#565,.T.);
#2934=ADVANCED_FACE('',(#2933),#2920,.T.);
#2940=EDGE_CURVE('',#2592,#2600,#544,.T.);
#2942=EDGE_CURVE('',#2386,#2592,#579,.T.);
#2945=EDGE_CURVE('',#2402,#2385,#551,.T.);
#2948=EDGE_CURVE('',#2401,#2600,#1215,.T.);
#2952=ADVANCED_FACE('',(#2951),#2939,.T.);
#2958=EDGE_CURVE('',#2587,#2588,#558,.T.);
#2960=EDGE_CURVE('',#2588,#2596,#1250,.T.);
#2962=EDGE_CURVE('',#2595,#2596,#1194,.T.);
#2967=ADVANCED_FACE('',(#2966),#2957,.T.);
#2976=EDGE_CURVE('',#2226,#2240,#572,.T.);
#2980=EDGE_CURVE('',#2592,#2590,#586,.T.);
#2982=EDGE_CURVE('',#2588,#2590,#593,.T.);
#2986=ADVANCED_FACE('',(#2985),#2972,.F.);
#2992=EDGE_CURVE('',#2224,#2272,#600,.T.);
#2997=EDGE_CURVE('',#2268,#2238,#607,.T.);
#2999=EDGE_CURVE('',#2268,#2278,#614,.T.);
#3001=EDGE_CURVE('',#2280,#2278,#621,.T.);
#3006=ADVANCED_FACE('',(#3005),#2991,.F.);
#3012=EDGE_CURVE('',#2267,#2268,#635,.T.);
#3016=EDGE_CURVE('',#2267,#2236,#642,.T.);
#3020=ADVANCED_FACE('',(#3019),#3011,.F.);
#3027=EDGE_CURVE('',#2222,#2271,#656,.T.);
#3033=ADVANCED_FACE('',(#3032),#3025,.F.);
#3039=EDGE_CURVE('',#2339,#2340,#696,.T.);
#3041=EDGE_CURVE('',#2340,#2339,#704,.T.);
#3049=ADVANCED_FACE('',(#3044,#3048),#3038,.T.);
#3055=EDGE_CURVE('',#2347,#2348,#728,.T.);
#3057=EDGE_CURVE('',#2348,#2347,#736,.T.);
#3065=ADVANCED_FACE('',(#3060,#3064),#3054,.T.);
#3071=EDGE_CURVE('',#2499,#2502,#743,.T.);
#3073=EDGE_CURVE('',#2502,#2504,#751,.T.);
#3075=EDGE_CURVE('',#2504,#2500,#758,.T.);
#3077=EDGE_CURVE('',#2500,#2259,#1366,.T.);
#3079=EDGE_CURVE('',#2259,#2260,#1306,.T.);
#3081=EDGE_CURVE('',#2283,#2260,#765,.T.);
#3083=EDGE_CURVE('',#2286,#2283,#773,.T.);
#3085=EDGE_CURVE('',#2286,#2252,#1285,.T.);
#3087=EDGE_CURVE('',#2251,#2252,#780,.T.);
#3089=EDGE_CURVE('',#2413,#2251,#787,.T.);
#3091=EDGE_CURVE('',#2413,#2414,#794,.T.);
#3093=EDGE_CURVE('',#2350,#2414,#802,.T.);
#3095=EDGE_CURVE('',#2410,#2350,#810,.T.);
#3098=EDGE_CURVE('',#2409,#2256,#1236,.T.);
#3100=EDGE_CURVE('',#2256,#2276,#1187,.T.);
#3102=EDGE_CURVE('',#2276,#2278,#1158,.T.);
#3106=EDGE_CURVE('',#2267,#2499,#1382,.T.);
#3110=EDGE_CURVE('',#2343,#2344,#712,.T.);
#3112=EDGE_CURVE('',#2344,#2343,#720,.T.);
#3116=EDGE_CURVE('',#2539,#2540,#825,.T.);
#3118=EDGE_CURVE('',#2540,#2539,#833,.T.);
#3122=EDGE_CURVE('',#2543,#2544,#841,.T.);
#3124=EDGE_CURVE('',#2544,#2543,#849,.T.);
#3128=EDGE_CURVE('',#2547,#2548,#857,.T.);
#3130=EDGE_CURVE('',#2548,#2547,#865,.T.);
#3134=EDGE_CURVE('',#2551,#2552,#873,.T.);
#3136=EDGE_CURVE('',#2552,#2551,#881,.T.);
#3140=ADVANCED_FACE('',(#3109,#3115,#3121,#3127,#3133,#3139),#3070,.T.);
#3147=EDGE_CURVE('',#2339,#2328,#895,.T.);
#3149=EDGE_CURVE('',#2327,#2328,#919,.T.);
#3151=EDGE_CURVE('',#2340,#2327,#888,.T.);
#3155=ADVANCED_FACE('',(#3154),#3145,.F.);
#3163=EDGE_CURVE('',#2328,#2327,#927,.T.);
#3168=ADVANCED_FACE('',(#3167),#3160,.F.);
#3174=EDGE_CURVE('',#2323,#2324,#903,.T.);
#3176=EDGE_CURVE('',#2324,#2323,#911,.T.);
#3184=ADVANCED_FACE('',(#3179,#3183),#3173,.F.);
#3190=EDGE_CURVE('',#2331,#2332,#935,.T.);
#3192=EDGE_CURVE('',#2332,#2331,#943,.T.);
#3196=EDGE_CURVE('',#2335,#2336,#951,.T.);
#3198=EDGE_CURVE('',#2336,#2335,#959,.T.);
#3202=ADVANCED_FACE('',(#3195,#3201),#3189,.F.);
#3208=EDGE_CURVE('',#2416,#2324,#1002,.T.);
#3211=EDGE_CURVE('',#2350,#2323,#966,.T.);
#3214=EDGE_CURVE('',#2398,#2414,#973,.T.);
#3218=EDGE_CURVE('',#2410,#2416,#995,.T.);
#3222=ADVANCED_FACE('',(#3221),#3207,.T.);
#3229=EDGE_CURVE('',#2369,#2354,#1009,.T.);
#3231=EDGE_CURVE('',#2353,#2354,#1017,.T.);
#3233=EDGE_CURVE('',#2370,#2353,#980,.T.);
#3238=EDGE_CURVE('',#2406,#2390,#987,.T.);
#3242=ADVANCED_FACE('',(#3241),#3227,.T.);
#3255=ADVANCED_FACE('',(#3254),#3247,.T.);
#3263=EDGE_CURVE('',#2354,#2353,#1025,.T.);
#3268=ADVANCED_FACE('',(#3267),#3260,.T.);
#3278=EDGE_CURVE('',#2357,#2358,#1033,.T.);
#3280=EDGE_CURVE('',#2358,#2357,#1041,.T.);
#3284=ADVANCED_FACE('',(#3277,#3283),#3273,.F.);
#3290=EDGE_CURVE('',#2361,#2362,#1049,.T.);
#3292=EDGE_CURVE('',#2362,#2361,#1057,.T.);
#3296=EDGE_CURVE('',#2365,#2366,#1065,.T.);
#3298=EDGE_CURVE('',#2366,#2365,#1073,.T.);
#3302=ADVANCED_FACE('',(#3295,#3301),#3289,.F.);
#3309=EDGE_CURVE('',#2373,#2358,#1087,.T.);
#3312=EDGE_CURVE('',#2374,#2357,#1080,.T.);
#3316=ADVANCED_FACE('',(#3315),#3307,.F.);
#3328=ADVANCED_FACE('',(#3327),#3321,.F.);
#3335=EDGE_CURVE('',#2378,#2362,#1101,.T.);
#3338=EDGE_CURVE('',#2377,#2361,#1094,.T.);
#3342=ADVANCED_FACE('',(#3341),#3333,.T.);
#3354=ADVANCED_FACE('',(#3353),#3347,.T.);
#3361=EDGE_CURVE('',#2381,#2366,#1115,.T.);
#3364=EDGE_CURVE('',#2382,#2365,#1108,.T.);
#3368=ADVANCED_FACE('',(#3367),#3359,.F.);
#3380=ADVANCED_FACE('',(#3379),#3373,.F.);
#3387=EDGE_CURVE('',#2389,#2397,#1122,.T.);
#3392=EDGE_CURVE('',#2405,#2413,#1299,.T.);
#3398=ADVANCED_FACE('',(#3397),#3385,.T.);
#3406=EDGE_CURVE('',#2229,#2243,#1129,.T.);
#3411=ADVANCED_FACE('',(#3410),#3403,.F.);
#3418=EDGE_CURVE('',#2230,#2244,#1143,.T.);
#3424=ADVANCED_FACE('',(#3423),#3416,.F.);
#3430=EDGE_CURVE('',#2264,#2260,#1136,.T.);
#3432=EDGE_CURVE('',#2260,#2233,#1313,.T.);
#3437=EDGE_CURVE('',#2219,#2264,#1327,.T.);
#3441=ADVANCED_FACE('',(#3440),#3429,.F.);
#3449=EDGE_CURVE('',#2283,#2284,#1150,.T.);
#3454=ADVANCED_FACE('',(#3453),#3446,.T.);
#3461=EDGE_CURVE('',#2274,#2276,#1180,.T.);
#3467=ADVANCED_FACE('',(#3466),#3459,.F.);
#3476=EDGE_CURVE('',#2288,#2286,#1264,.T.);
#3480=ADVANCED_FACE('',(#3479),#3472,.F.);
#3489=EDGE_CURVE('',#2255,#2256,#1229,.T.);
#3493=ADVANCED_FACE('',(#3492),#3485,.T.);
#3500=EDGE_CURVE('',#2596,#2598,#1201,.T.);
#3502=EDGE_CURVE('',#2600,#2598,#1208,.T.);
#3511=ADVANCED_FACE('',(#3510),#3498,.T.);
#3518=EDGE_CURVE('',#2590,#2598,#1257,.T.);
#3524=ADVANCED_FACE('',(#3523),#3516,.T.);
#3536=ADVANCED_FACE('',(#3535),#3529,.T.);
#3544=EDGE_CURVE('',#2248,#2252,#1278,.T.);
#3549=ADVANCED_FACE('',(#3548),#3541,.T.);
#3556=EDGE_CURVE('',#2247,#2251,#1292,.T.);
#3562=ADVANCED_FACE('',(#3561),#3554,.T.);
#3574=ADVANCED_FACE('',(#3573),#3567,.T.);
#3581=EDGE_CURVE('',#2259,#2234,#1389,.T.);
#3587=ADVANCED_FACE('',(#3586),#3579,.F.);
#3596=EDGE_CURVE('',#2220,#2263,#1358,.T.);
#3600=ADVANCED_FACE('',(#3599),#3592,.F.);
#3607=EDGE_CURVE('',#2439,#2440,#1343,.T.);
#3615=ADVANCED_FACE('',(#3614),#3605,.F.);
#3622=EDGE_CURVE('',#2499,#2500,#1374,.T.);
#3630=ADVANCED_FACE('',(#3629),#3620,.F.);
#3637=EDGE_CURVE('',#2436,#2439,#1476,.T.);
#3639=EDGE_CURVE('',#2436,#2434,#1664,.T.);
#3641=EDGE_CURVE('',#2440,#2434,#1483,.T.);
#3645=EDGE_CURVE('',#2451,#2452,#1413,.T.);
#3647=EDGE_CURVE('',#2452,#2451,#1421,.T.);
#3651=EDGE_CURVE('',#2455,#2456,#1429,.T.);
#3653=EDGE_CURVE('',#2456,#2455,#1437,.T.);
#3657=EDGE_CURVE('',#2459,#2460,#1445,.T.);
#3659=EDGE_CURVE('',#2460,#2459,#1453,.T.);
#3663=EDGE_CURVE('',#2419,#2420,#1461,.T.);
#3665=EDGE_CURVE('',#2420,#2419,#1469,.T.);
#3669=EDGE_CURVE('',#2447,#2448,#1397,.T.);
#3671=EDGE_CURVE('',#2448,#2447,#1405,.T.);
#3675=ADVANCED_FACE('',(#3644,#3650,#3656,#3662,#3668,#3674),#3635,.T.);
#3682=EDGE_CURVE('',#2448,#2464,#1497,.T.);
#3684=EDGE_CURVE('',#2463,#2464,#1505,.T.);
#3686=EDGE_CURVE('',#2447,#2463,#1490,.T.);
#3690=ADVANCED_FACE('',(#3689),#3680,.F.);
#3698=EDGE_CURVE('',#2464,#2463,#1513,.T.);
#3703=ADVANCED_FACE('',(#3702),#3695,.F.);
#3709=EDGE_CURVE('',#2428,#2423,#1649,.T.);
#3711=EDGE_CURVE('',#2423,#2424,#1568,.T.);
#3713=EDGE_CURVE('',#2424,#2426,#1576,.T.);
#3715=EDGE_CURVE('',#2426,#2428,#1583,.T.);
#3719=EDGE_CURVE('',#2467,#2468,#1521,.T.);
#3721=EDGE_CURVE('',#2468,#2467,#1529,.T.);
#3725=EDGE_CURVE('',#2471,#2472,#1537,.T.);
#3727=EDGE_CURVE('',#2472,#2471,#1545,.T.);
#3731=EDGE_CURVE('',#2475,#2476,#1553,.T.);
#3733=EDGE_CURVE('',#2476,#2475,#1561,.T.);
#3741=EDGE_CURVE('',#2431,#2432,#1591,.T.);
#3743=EDGE_CURVE('',#2432,#2431,#1599,.T.);
#3747=ADVANCED_FACE('',(#3718,#3724,#3730,#3736,#3740,#3746),#3708,.F.);
#3754=EDGE_CURVE('',#2452,#2468,#1613,.T.);
#3757=EDGE_CURVE('',#2451,#2467,#1606,.T.);
#3761=ADVANCED_FACE('',(#3760),#3752,.F.);
#3773=ADVANCED_FACE('',(#3772),#3766,.F.);
#3780=EDGE_CURVE('',#2456,#2472,#1627,.T.);
#3783=EDGE_CURVE('',#2455,#2471,#1620,.T.);
#3787=ADVANCED_FACE('',(#3786),#3778,.F.);
#3799=ADVANCED_FACE('',(#3798),#3792,.F.);
#3806=EDGE_CURVE('',#2460,#2476,#1641,.T.);
#3809=EDGE_CURVE('',#2459,#2475,#1634,.T.);
#3813=ADVANCED_FACE('',(#3812),#3804,.F.);
#3825=ADVANCED_FACE('',(#3824),#3818,.F.);
#3832=EDGE_CURVE('',#2434,#2428,#1656,.T.);
#3835=EDGE_CURVE('',#2436,#2423,#1685,.T.);
#3839=ADVANCED_FACE('',(#3838),#3830,.T.);
#3849=EDGE_CURVE('',#2444,#2426,#1671,.T.);
#3853=ADVANCED_FACE('',(#3852),#3844,.F.);
#3862=EDGE_CURVE('',#2442,#2424,#1678,.T.);
#3866=ADVANCED_FACE('',(#3865),#3858,.T.);
#3879=ADVANCED_FACE('',(#3878),#3871,.F.);
#3886=EDGE_CURVE('',#2420,#2432,#1699,.T.);
#3889=EDGE_CURVE('',#2419,#2431,#1692,.T.);
#3893=ADVANCED_FACE('',(#3892),#3884,.F.);
#3905=ADVANCED_FACE('',(#3904),#3898,.F.);
#3912=EDGE_CURVE('',#2500,#2494,#1786,.T.);
#3914=EDGE_CURVE('',#2494,#2496,#1959,.T.);
#3916=EDGE_CURVE('',#2496,#2499,#1793,.T.);
#3920=EDGE_CURVE('',#2511,#2512,#1723,.T.);
#3922=EDGE_CURVE('',#2512,#2511,#1731,.T.);
#3926=EDGE_CURVE('',#2515,#2516,#1739,.T.);
#3928=EDGE_CURVE('',#2516,#2515,#1747,.T.);
#3932=EDGE_CURVE('',#2519,#2520,#1755,.T.);
#3934=EDGE_CURVE('',#2520,#2519,#1763,.T.);
#3938=EDGE_CURVE('',#2479,#2480,#1771,.T.);
#3940=EDGE_CURVE('',#2480,#2479,#1779,.T.);
#3944=EDGE_CURVE('',#2507,#2508,#1707,.T.);
#3946=EDGE_CURVE('',#2508,#2507,#1715,.T.);
#3950=ADVANCED_FACE('',(#3919,#3925,#3931,#3937,#3943,#3949),#3910,.F.);
#3957=EDGE_CURVE('',#2507,#2523,#1800,.T.);
#3959=EDGE_CURVE('',#2523,#2524,#1815,.T.);
#3961=EDGE_CURVE('',#2508,#2524,#1807,.T.);
#3965=ADVANCED_FACE('',(#3964),#3955,.F.);
#3973=EDGE_CURVE('',#2524,#2523,#1823,.T.);
#3978=ADVANCED_FACE('',(#3977),#3970,.F.);
#3984=EDGE_CURVE('',#2483,#2488,#1974,.T.);
#3986=EDGE_CURVE('',#2486,#2488,#1878,.T.);
#3988=EDGE_CURVE('',#2484,#2486,#1886,.T.);
#3990=EDGE_CURVE('',#2483,#2484,#1893,.T.);
#3994=EDGE_CURVE('',#2527,#2528,#1831,.T.);
#3996=EDGE_CURVE('',#2528,#2527,#1839,.T.);
#4000=EDGE_CURVE('',#2531,#2532,#1847,.T.);
#4002=EDGE_CURVE('',#2532,#2531,#1855,.T.);
#4006=EDGE_CURVE('',#2535,#2536,#1863,.T.);
#4008=EDGE_CURVE('',#2536,#2535,#1871,.T.);
#4016=EDGE_CURVE('',#2491,#2492,#1901,.T.);
#4018=EDGE_CURVE('',#2492,#2491,#1909,.T.);
#4022=ADVANCED_FACE('',(#3993,#3999,#4005,#4011,#4015,#4021),#3983,.T.);
#4029=EDGE_CURVE('',#2511,#2527,#1916,.T.);
#4032=EDGE_CURVE('',#2512,#2528,#1923,.T.);
#4036=ADVANCED_FACE('',(#4035),#4027,.F.);
#4048=ADVANCED_FACE('',(#4047),#4041,.F.);
#4055=EDGE_CURVE('',#2515,#2531,#1930,.T.);
#4058=EDGE_CURVE('',#2516,#2532,#1937,.T.);
#4062=ADVANCED_FACE('',(#4061),#4053,.F.);
#4074=ADVANCED_FACE('',(#4073),#4067,.F.);
#4081=EDGE_CURVE('',#2519,#2535,#1944,.T.);
#4084=EDGE_CURVE('',#2520,#2536,#1951,.T.);
#4088=ADVANCED_FACE('',(#4087),#4079,.F.);
#4100=ADVANCED_FACE('',(#4099),#4093,.F.);
#4107=EDGE_CURVE('',#2494,#2488,#1966,.T.);
#4110=EDGE_CURVE('',#2496,#2483,#1995,.T.);
#4114=ADVANCED_FACE('',(#4113),#4105,.T.);
#4121=EDGE_CURVE('',#2504,#2486,#1981,.T.);
#4128=ADVANCED_FACE('',(#4127),#4119,.F.);
#4135=EDGE_CURVE('',#2502,#2484,#1988,.T.);
#4141=ADVANCED_FACE('',(#4140),#4133,.T.);
#4154=ADVANCED_FACE('',(#4153),#4146,.F.);
#4161=EDGE_CURVE('',#2479,#2491,#2002,.T.);
#4164=EDGE_CURVE('',#2480,#2492,#2009,.T.);
#4168=ADVANCED_FACE('',(#4167),#4159,.F.);
#4180=ADVANCED_FACE('',(#4179),#4173,.F.);
#4187=EDGE_CURVE('',#2344,#2332,#2023,.T.);
#4190=EDGE_CURVE('',#2343,#2331,#2016,.T.);
#4194=ADVANCED_FACE('',(#4193),#4185,.T.);
#4206=ADVANCED_FACE('',(#4205),#4199,.T.);
#4213=EDGE_CURVE('',#2347,#2336,#2037,.T.);
#4216=EDGE_CURVE('',#2348,#2335,#2030,.T.);
#4220=ADVANCED_FACE('',(#4219),#4211,.F.);
#4232=ADVANCED_FACE('',(#4231),#4225,.F.);
#4238=EDGE_CURVE('',#2584,#2583,#2045,.T.);
#4240=EDGE_CURVE('',#2584,#2540,#2081,.T.);
#4243=EDGE_CURVE('',#2583,#2539,#2052,.T.);
#4247=ADVANCED_FACE('',(#4246),#4237,.F.);
#4254=EDGE_CURVE('',#2580,#2584,#2059,.T.);
#4257=EDGE_CURVE('',#2579,#2583,#2066,.T.);
#4261=ADVANCED_FACE('',(#4260),#4252,.F.);
#4269=EDGE_CURVE('',#2583,#2584,#2074,.T.);
#4274=ADVANCED_FACE('',(#4273),#4266,.F.);
#4286=ADVANCED_FACE('',(#4285),#4279,.F.);
#4292=EDGE_CURVE('',#2568,#2567,#2089,.T.);
#4294=EDGE_CURVE('',#2568,#2544,#2125,.T.);
#4297=EDGE_CURVE('',#2567,#2543,#2096,.T.);
#4301=ADVANCED_FACE('',(#4300),#4291,.F.);
#4308=EDGE_CURVE('',#2564,#2568,#2103,.T.);
#4311=EDGE_CURVE('',#2563,#2567,#2110,.T.);
#4315=ADVANCED_FACE('',(#4314),#4306,.F.);
#4323=EDGE_CURVE('',#2567,#2568,#2118,.T.);
#4328=ADVANCED_FACE('',(#4327),#4320,.F.);
#4340=ADVANCED_FACE('',(#4339),#4333,.F.);
#4346=EDGE_CURVE('',#2576,#2575,#2133,.T.);
#4348=EDGE_CURVE('',#2576,#2548,#2169,.T.);
#4351=EDGE_CURVE('',#2575,#2547,#2140,.T.);
#4355=ADVANCED_FACE('',(#4354),#4345,.F.);
#4362=EDGE_CURVE('',#2572,#2576,#2147,.T.);
#4365=EDGE_CURVE('',#2571,#2575,#2154,.T.);
#4369=ADVANCED_FACE('',(#4368),#4360,.F.);
#4377=EDGE_CURVE('',#2575,#2576,#2162,.T.);
#4382=ADVANCED_FACE('',(#4381),#4374,.F.);
#4394=ADVANCED_FACE('',(#4393),#4387,.F.);
#4400=EDGE_CURVE('',#2560,#2559,#2177,.T.);
#4402=EDGE_CURVE('',#2560,#2552,#2213,.T.);
#4405=EDGE_CURVE('',#2559,#2551,#2184,.T.);
#4409=ADVANCED_FACE('',(#4408),#4399,.F.);
#4416=EDGE_CURVE('',#2556,#2560,#2191,.T.);
#4419=EDGE_CURVE('',#2555,#2559,#2198,.T.);
#4423=ADVANCED_FACE('',(#4422),#4414,.F.);
#4431=EDGE_CURVE('',#2559,#2560,#2206,.T.);
#4436=ADVANCED_FACE('',(#4435),#4428,.F.);
#4448=ADVANCED_FACE('',(#4447),#4441,.F.);
#4449=CLOSED_SHELL('',(#2642,#2657,#2673,#2686,#2700,#2718,#2734,#2790,#2804,
#2820,#2832,#2846,#2908,#2934,#2952,#2967,#2986,#3006,#3020,#3033,#3049,#3065,
#3140,#3155,#3168,#3184,#3202,#3222,#3242,#3255,#3268,#3284,#3302,#3316,#3328,
#3342,#3354,#3368,#3380,#3398,#3411,#3424,#3441,#3454,#3467,#3480,#3493,#3511,
#3524,#3536,#3549,#3562,#3574,#3587,#3600,#3615,#3630,#3675,#3690,#3703,#3747,
#3761,#3773,#3787,#3799,#3813,#3825,#3839,#3853,#3866,#3879,#3893,#3905,#3950,
#3965,#3978,#4022,#4036,#4048,#4062,#4074,#4088,#4100,#4114,#4128,#4141,#4154,
#4168,#4180,#4194,#4206,#4220,#4232,#4247,#4261,#4274,#4286,#4301,#4315,#4328,
#4340,#4355,#4369,#4382,#4394,#4409,#4423,#4436,#4448));
#4450=MANIFOLD_SOLID_BREP('',#4449);
#4457=(LENGTH_UNIT()NAMED_UNIT(*)SI_UNIT(.MILLI.,.METRE.));
#4460=(NAMED_UNIT(*)PLANE_ANGLE_UNIT()SI_UNIT($,.RADIAN.));
#4463=(NAMED_UNIT(*)SI_UNIT($,.STERADIAN.)SOLID_ANGLE_UNIT());
#4465=(GEOMETRIC_REPRESENTATION_CONTEXT(3)GLOBAL_UNCERTAINTY_ASSIGNED_CONTEXT((
#4464))GLOBAL_UNIT_ASSIGNED_CONTEXT((#4459,#4462,#4463))REPRESENTATION_CONTEXT(
'ID1','3'));
#4469=AXIS2_PLACEMENT_3D('',#4466,#4467,#4468);
#4470=ADVANCED_BREP_SHAPE_REPRESENTATION('',(#4469,#4450),#4465);
#4478=PRODUCT_DEFINITION('design','',#4477,#4474);
#4479=PRODUCT_DEFINITION_SHAPE('','SHAPE FOR SKINNY-LEG-SIDE-PLATE-3_MIR.',
#4478);
#4480=SHAPE_ASPECT('','solid data associated with SKINNY-LEG-SIDE-PLATE-3_MIR',
#4479,.F.);
#4481=PROPERTY_DEFINITION('',
'shape for solid data with which properties are associated',#4480);
#4482=SHAPE_REPRESENTATION('',(#4450),#4465);
#4483=SHAPE_DEFINITION_REPRESENTATION(#4481,#4482);
#4484=(LENGTH_UNIT()NAMED_UNIT(*)SI_UNIT(.MILLI.,.METRE.));
#4490=PROPERTY_DEFINITION('geometric validation property',
'area of SKINNY-LEG-SIDE-PLATE-3_MIR',#4480);
#4491=REPRESENTATION('surface area',(#4489),#4465);
#4492=PROPERTY_DEFINITION_REPRESENTATION(#4490,#4491);
#4493=(LENGTH_UNIT()NAMED_UNIT(*)SI_UNIT(.MILLI.,.METRE.));
#4499=PROPERTY_DEFINITION('geometric validation property',
'volume of SKINNY-LEG-SIDE-PLATE-3_MIR',#4480);
#4500=REPRESENTATION('volume',(#4498),#4465);
#4501=PROPERTY_DEFINITION_REPRESENTATION(#4499,#4500);
#4503=PROPERTY_DEFINITION('geometric validation property',
'centroid of SKINNY-LEG-SIDE-PLATE-3_MIR',#4480);
#4504=REPRESENTATION('centroid',(#4502),#4465);
#4505=PROPERTY_DEFINITION_REPRESENTATION(#4503,#4504);
#4506=(LENGTH_UNIT()NAMED_UNIT(*)SI_UNIT(.MILLI.,.METRE.));
#4512=PROPERTY_DEFINITION('geometric validation property',
'area of SKINNY-LEG-SIDE-PLATE-3_MIR',#4479);
#4513=REPRESENTATION('surface area',(#4511),#4465);
#4514=PROPERTY_DEFINITION_REPRESENTATION(#4512,#4513);
#4515=(LENGTH_UNIT()NAMED_UNIT(*)SI_UNIT(.MILLI.,.METRE.));
#4521=PROPERTY_DEFINITION('geometric validation property',
'volume of SKINNY-LEG-SIDE-PLATE-3_MIR',#4479);
#4522=REPRESENTATION('volume',(#4520),#4465);
#4523=PROPERTY_DEFINITION_REPRESENTATION(#4521,#4522);
#4525=PROPERTY_DEFINITION('geometric validation property',
'centroid of SKINNY-LEG-SIDE-PLATE-3_MIR',#4479);
#4526=REPRESENTATION('centroid',(#4524),#4465);
#4527=PROPERTY_DEFINITION_REPRESENTATION(#4525,#4526);
#4528=SHAPE_DEFINITION_REPRESENTATION(#4479,#4470);
ENDSEC;
END-ISO-10303-21;
